time,nb_sleeping,nb_switching_on,nb_switching_off,nb_idle,nb_computing
0.0,0,0,0,128,0
0.0,0,0,0,127,1
11.0,0,0,0,127,1
11.0,0,0,0,95,33
21.0,0,0,0,96,32
102.0,0,0,0,96,32
102.0,0,0,0,95,33
123.0,0,0,0,96,32
1641.0,0,0,0,128,0
1644.0,0,0,0,128,0
1644.0,0,0,0,127,1
1664.0,0,0,0,128,0
1719.0,0,0,0,128,0
1719.0,0,0,0,96,32
1852.0,0,0,0,96,32
1852.0,0,0,0,64,64
1903.0,0,0,0,64,64
1903.0,0,0,0,56,72
1939.0,0,0,0,88,40
1940.0,0,0,0,96,32
2351.0,0,0,0,96,32
2351.0,0,0,0,64,64
2381.0,0,0,0,64,64
2381.0,0,0,0,56,72
2412.0,0,0,0,88,40
2413.0,0,0,0,96,32
2719.0,0,0,0,96,32
2719.0,0,0,0,64,64
2743.0,0,0,0,64,64
2743.0,0,0,0,56,72
2769.0,0,0,0,56,72
2769.0,0,0,0,24,104
2777.0,0,0,0,56,72
2778.0,0,0,0,64,64
2831.0,0,0,0,64,64
2831.0,0,0,0,60,68
3033.0,0,0,0,60,68
3033.0,0,0,0,59,69
3051.0,0,0,0,60,68
3145.0,0,0,0,60,68
3145.0,0,0,0,59,69
3154.0,0,0,0,60,68
3191.0,0,0,0,60,68
3191.0,0,0,0,59,69
3196.0,0,0,0,60,68
3212.0,0,0,0,60,68
3212.0,0,0,0,59,69
3244.0,0,0,0,60,68
3600.0,0,0,0,60,68
3600.0,0,0,24,36,68
3898.0,0,0,24,36,68
3898.0,0,0,24,28,76
4054.0,0,0,24,36,68
4071.0,0,0,24,36,68
4071.0,0,0,24,35,69
4072.0,0,0,24,36,68
4079.0,0,0,24,36,68
4079.0,0,0,24,35,69
4128.0,0,0,24,67,37
4134.0,0,0,24,67,37
4134.0,0,0,24,66,38
4148.0,0,0,24,67,37
4159.0,0,0,24,68,36
4974.0,0,0,24,68,36
4974.0,0,0,24,52,52
5109.0,0,0,24,52,52
5109.0,0,0,24,51,53
5118.0,0,0,24,52,52
5121.0,0,0,24,52,52
5121.0,0,0,24,51,53
5139.0,0,0,24,52,52
5143.0,0,0,24,52,52
5143.0,0,0,24,51,53
5161.0,0,0,24,52,52
5259.0,0,0,24,56,48
5260.0,0,0,24,104,0
5965.0,0,0,24,104,0
5965.0,0,0,24,72,32
6045.0,0,0,24,72,32
6045.0,0,0,24,40,64
6064.0,0,0,24,40,64
6064.0,0,0,24,8,96
6088.0,0,0,24,8,96
6088.0,0,0,24,0,104
6157.0,0,0,24,0,104
6199.0,0,0,24,32,72
6200.0,0,0,24,40,64
6292.0,0,0,24,40,64
6292.0,0,0,24,8,96
6298.0,0,0,24,40,64
6300.0,24,0,0,40,64
6300.0,20,4,0,40,64
6377.0,20,4,0,40,64
6378.0,20,4,0,40,64
6395.0,20,4,0,40,64
6395.0,20,4,0,8,96
7352.0,20,4,0,8,96
7352.0,20,4,0,0,104
7401.0,20,4,0,32,72
7447.0,20,4,0,40,64
7600.0,20,4,0,40,64
7600.0,20,4,0,8,96
7923.0,20,4,0,8,96
7923.0,12,12,0,8,96
7947.0,12,12,0,40,64
7955.0,12,12,0,72,32
7967.0,12,12,0,72,32
7967.0,12,12,0,71,33
7971.0,12,12,0,71,33
7971.0,12,12,0,39,65
8011.0,12,12,0,40,64
8036.0,12,12,0,40,64
8036.0,12,12,0,8,96
8040.0,12,12,0,8,96
8040.0,4,20,0,8,96
8097.0,4,20,0,40,64
8100.0,4,16,0,44,64
8100.0,4,16,0,40,68
8277.0,4,16,0,40,68
8277.0,4,16,0,8,100
8344.0,4,16,0,8,100
8344.0,0,20,0,8,100
8630.0,0,20,0,8,100
8860.0,0,20,0,8,100
9588.0,0,20,0,40,68
9588.0,0,20,0,39,69
9723.0,0,12,0,47,69
9723.0,0,12,0,31,85
9729.0,0,12,0,31,85
9729.0,0,12,0,30,86
9765.0,0,12,0,31,85
9799.0,0,12,0,31,85
9800.0,0,12,0,31,85
9840.0,0,4,0,39,85
9840.0,0,4,0,31,93
9896.0,0,4,0,39,85
9972.0,0,4,0,39,85
9972.0,0,4,0,7,117
10009.0,0,4,0,7,117
10012.0,0,4,0,8,116
10012.0,0,4,0,0,124
10144.0,0,0,0,4,124
10144.0,0,0,0,0,128
10149.0,0,0,0,32,96
10153.0,0,0,0,40,88
10212.0,0,0,0,44,84
10488.0,0,0,0,76,52
10532.0,0,0,0,76,52
10532.0,0,0,0,44,84
10677.0,0,0,0,44,84
10677.0,0,0,0,12,116
10719.0,0,0,0,12,116
10719.0,0,0,0,4,124
10808.0,0,0,0,36,92
10897.0,0,0,0,44,84
11001.0,0,0,0,44,84
11047.0,0,0,0,44,84
11067.0,0,0,0,44,84
11067.0,0,0,0,12,116
11094.0,0,0,0,12,116
11094.0,0,0,0,4,124
11197.0,0,0,0,4,124
11197.0,0,0,0,3,125
11225.0,0,0,0,35,93
11231.0,0,0,0,36,92
11235.0,0,0,0,44,84
11338.0,0,0,0,44,84
11338.0,0,0,0,43,85
11370.0,0,0,0,44,84
11455.0,0,0,0,44,84
11455.0,0,0,0,43,85
11481.0,0,0,0,44,84
11547.0,0,0,0,44,84
11697.0,0,0,0,44,84
12173.0,0,0,0,60,68
12412.0,0,0,0,60,68
12412.0,0,0,0,28,100
12432.0,0,0,0,28,100
12432.0,0,0,0,20,108
12558.0,0,0,0,52,76
12559.0,0,0,0,60,68
12978.0,0,0,0,92,36
12980.0,0,0,0,92,36
12980.0,0,0,0,91,37
12995.0,0,0,0,92,36
13188.0,0,0,0,92,36
13294.0,0,0,0,92,36
13294.0,0,0,0,60,68
13315.0,0,0,0,60,68
13315.0,0,0,0,28,100
13496.0,0,0,0,28,100
13537.0,0,0,0,60,68
13711.0,0,0,0,92,36
13749.0,0,0,0,92,36
13753.0,0,0,0,92,36
13753.0,0,0,3,89,36
13868.0,0,0,3,89,36
13868.0,0,0,3,57,68
14066.0,0,0,3,89,36
14457.0,0,0,3,89,36
14457.0,0,0,3,87,38
14464.0,0,0,3,87,38
14464.0,0,0,3,85,40
14473.0,0,0,3,85,40
14473.0,0,0,3,83,42
14482.0,0,0,3,83,42
14482.0,0,0,3,81,44
14536.0,0,0,3,83,42
14538.0,0,0,3,85,40
14540.0,0,0,3,87,38
14541.0,0,0,3,89,36
14831.0,0,0,3,89,36
14831.0,0,0,4,88,36
14835.0,0,0,4,88,36
14835.0,0,0,12,80,36
14993.0,0,0,12,80,36
14993.0,0,0,12,78,38
15014.0,0,0,12,80,36
15030.0,0,0,12,80,36
15030.0,0,0,12,48,68
15036.0,0,0,12,80,36
15119.0,0,0,12,80,36
15119.0,0,0,12,79,37
15138.0,0,0,12,79,37
15138.0,0,0,12,47,69
15140.0,0,0,12,48,68
15362.0,0,0,12,80,36
15436.0,0,0,12,80,36
15436.0,0,0,12,48,68
15447.0,0,0,12,48,68
15447.0,0,0,12,16,100
15517.0,0,0,12,48,68
15530.0,0,0,12,48,68
15530.0,0,0,12,44,72
15537.0,0,0,12,44,72
15537.0,0,0,12,36,80
15547.0,0,0,12,40,76
15578.0,0,0,12,40,76
15578.0,0,0,12,8,108
15654.0,0,0,12,16,100
15658.0,0,0,12,48,68
15660.0,0,0,12,48,68
15660.0,0,0,12,44,72
15665.0,0,0,12,44,72
15665.0,0,0,12,36,80
15668.0,0,0,12,68,48
15669.0,0,0,12,72,44
15687.0,0,0,12,72,44
15687.0,0,0,12,40,76
15749.0,0,0,12,40,76
15749.0,0,0,12,32,84
15773.0,0,0,12,32,84
15773.0,0,0,20,24,84
15859.0,0,0,20,24,84
15866.0,0,0,20,28,80
15892.0,0,0,20,60,48
15894.0,0,0,20,68,40
15895.0,0,0,20,68,40
15895.0,0,0,20,36,72
15924.0,0,0,20,68,40
15955.0,0,0,20,68,40
15955.0,0,0,20,36,72
16018.0,0,0,20,36,72
16018.0,0,0,20,35,73
16021.0,0,0,20,35,73
16025.0,0,0,20,35,73
16039.0,0,0,20,36,72
16061.0,0,0,20,36,72
16116.0,0,0,20,36,72
16192.0,0,0,20,68,40
16192.0,0,0,20,28,80
16210.0,0,0,20,60,48
16210.0,0,0,20,28,80
16239.0,0,0,20,60,48
16239.0,0,0,20,28,80
16242.0,0,0,20,28,80
16260.0,0,0,20,60,48
16297.0,0,0,20,92,16
16308.0,0,0,20,92,16
16308.0,0,0,20,28,80
16359.0,0,0,20,36,72
16453.0,3,0,17,36,72
16478.0,3,0,17,36,72
16563.0,3,0,17,36,72
16917.0,3,0,17,36,72
17010.0,3,0,17,36,72
17092.0,3,0,17,36,72
17127.0,3,0,17,36,72
17172.0,3,0,17,36,72
17249.0,3,0,17,36,72
17318.0,3,0,17,36,72
17531.0,4,0,16,36,72
17535.0,12,0,8,36,72
17535.0,8,4,8,36,72
17856.0,8,4,8,100,8
17856.0,8,4,8,57,51
17860.0,8,4,8,57,51
17860.0,8,4,8,56,52
17861.0,8,4,8,57,51
17875.0,8,4,8,58,50
17884.0,8,4,8,59,49
17885.0,8,4,8,60,48
17887.0,8,4,8,61,47
17893.0,8,4,8,62,46
17896.0,8,4,8,63,45
17948.0,8,4,8,63,45
17948.0,8,4,8,31,77
17951.0,8,4,8,31,77
18014.0,8,4,8,63,45
18042.0,8,4,8,64,44
18091.0,8,4,8,64,44
18282.0,8,4,8,64,44
18338.0,8,4,8,64,44
18473.0,16,4,0,64,44
18473.0,11,9,0,64,44
18542.0,11,9,0,64,44
18572.0,11,9,0,64,44
18641.0,11,9,0,64,44
18656.0,11,9,0,72,36
18746.0,11,9,0,72,36
19001.0,11,9,0,72,36
19026.0,11,9,0,76,32
19062.0,11,9,0,76,32
19110.0,11,9,0,108,0
19110.0,11,9,0,44,64
19258.0,11,9,0,44,64
19335.0,11,5,0,48,64
19432.0,11,5,0,48,64
19466.0,11,5,0,48,64
19466.0,11,5,4,44,64
19698.0,11,5,4,44,64
19959.0,11,5,4,44,64
19959.0,11,5,7,41,64
20273.0,11,0,7,46,64
20273.0,11,0,7,13,97
20290.0,11,0,7,14,96
20290.0,0,11,7,14,96
20294.0,0,11,7,46,64
20294.0,0,11,7,14,96
20410.0,0,11,7,46,64
20410.0,0,11,7,42,68
20470.0,0,11,7,46,64
20470.0,0,11,7,14,96
20509.0,0,11,7,14,96
20540.0,0,11,7,14,96
20588.0,0,11,7,78,32
20588.0,0,11,7,23,87
20594.0,0,11,7,24,86
20595.0,0,11,7,25,85
20605.0,0,11,7,26,84
20671.0,0,11,7,58,52
20671.0,0,11,7,18,92
20689.0,0,11,7,18,92
20751.0,0,11,7,18,92
20760.0,0,11,7,26,84
21237.0,0,11,7,26,84
21276.0,0,11,7,26,84
21301.0,0,11,7,34,76
21329.0,0,11,7,66,44
21329.0,0,11,7,30,80
21614.0,0,11,7,30,80
21914.0,0,11,7,34,76
21975.0,0,11,7,66,44
21975.0,0,11,7,26,84
22090.0,0,0,7,37,84
22166.0,4,0,3,37,84
22166.0,0,4,3,37,84
22298.0,0,4,3,37,84
22596.0,0,4,3,45,76
22633.0,0,4,3,77,44
22659.0,3,4,0,77,44
22659.0,0,7,0,77,44
22759.0,0,7,0,77,44
23668.0,0,7,0,77,44
23966.0,0,3,0,81,44
24010.0,0,3,0,81,44
24117.0,0,3,0,81,44
24188.0,0,3,0,81,44
24271.0,0,3,0,81,44
24271.0,0,3,4,77,44
24459.0,0,0,4,80,44
24459.0,0,0,4,48,76
24516.0,0,0,4,80,44
24516.0,0,0,4,16,108
24901.0,0,0,4,16,108
25496.0,0,0,4,16,108
25883.0,0,0,4,80,44
25883.0,0,0,4,16,108
26677.0,0,0,4,16,108
26971.0,4,0,0,16,108
26971.0,1,3,0,16,108
27259.0,1,3,0,80,44
27259.0,1,3,0,16,108
27696.0,1,3,0,16,108
28116.0,1,3,0,16,108
28116.0,1,3,16,0,108
28190.0,1,3,16,64,44
28190.0,1,3,16,0,108
28771.0,1,0,16,3,108
28771.0,1,0,16,0,111
28784.0,1,0,16,1,110
28788.0,1,0,16,2,109
28795.0,1,0,16,3,108
29045.0,1,0,16,3,108
29045.0,1,0,16,2,109
29070.0,1,0,16,3,108
29538.0,1,0,16,67,44
29660.0,1,0,16,67,44
29660.0,1,0,16,3,108
30272.0,1,0,16,11,100
30816.0,17,0,0,11,100
32384.0,17,0,0,11,100
32388.0,17,0,0,11,100
32388.0,17,0,1,10,100
32395.0,17,0,1,10,100
32395.0,17,0,2,9,100
32670.0,17,0,2,9,100
32670.0,17,0,3,8,100
33872.0,17,0,3,8,100
33872.0,17,0,11,0,100
33930.0,17,0,11,64,36
33945.0,17,0,11,64,36
34518.0,17,0,11,68,32
34576.0,17,0,11,100,0
34576.0,0,17,11,100,0
35088.0,1,17,10,100,0
35088.0,0,18,10,100,0
35095.0,1,18,9,100,0
35095.0,0,19,9,100,0
35370.0,1,19,8,100,0
35370.0,0,20,8,100,0
36376.0,0,3,8,117,0
36572.0,8,3,0,117,0
36572.0,0,11,0,117,0
36888.0,0,10,0,118,0
36895.0,0,9,0,119,0
37170.0,0,8,0,120,0
37530.0,0,8,0,120,0
37684.0,0,8,0,120,0
38372.0,0,0,0,128,0
38372.0,0,0,0,0,128
41418.0,0,0,0,0,128
42106.0,0,0,0,128,0
42106.0,0,0,0,0,128
45831.0,0,0,0,128,0
45831.0,0,0,0,0,128
52348.0,0,0,0,0,128
52628.0,0,0,0,0,128
52687.0,0,0,0,0,128
56756.0,0,0,0,128,0
56756.0,0,0,0,28,100
60356.0,0,0,0,28,100
60356.0,0,0,28,0,100
63056.0,28,0,0,0,100
67680.0,28,0,0,64,36
68562.0,28,0,0,64,36
68562.0,28,0,0,32,68
68676.0,28,0,0,32,68
68676.0,28,0,0,31,69
68694.0,28,0,0,32,68
68709.0,28,0,0,64,36
68806.0,28,0,0,64,36
68806.0,28,0,0,32,68
71280.0,28,0,0,32,68
71280.0,28,0,31,1,68
72294.0,28,0,31,1,68
72294.0,28,0,32,0,68
72625.0,28,0,32,0,68
73088.0,28,0,32,0,68
73163.0,28,0,32,0,68
73550.0,28,0,32,0,68
73980.0,59,0,1,0,68
73980.0,56,3,1,0,68
74083.0,56,3,1,0,68
74083.0,55,4,1,0,68
74994.0,56,4,0,0,68
74994.0,55,5,0,0,68
75780.0,55,2,0,3,68
75780.0,55,2,0,0,71
75809.0,55,2,0,1,70
75815.0,55,2,0,2,69
75845.0,55,2,0,3,68
75883.0,55,1,0,4,68
75883.0,55,1,0,3,69
75901.0,55,1,0,4,68
76479.0,55,1,0,4,68
76479.0,55,1,0,3,69
76502.0,55,1,0,4,68
76753.0,55,1,0,4,68
76753.0,55,1,0,3,69
76770.0,55,1,0,4,68
76794.0,55,0,0,5,68
76794.0,55,0,0,4,69
76797.0,55,0,0,5,68
76969.0,55,0,0,5,68
76969.0,28,27,0,5,68
77297.0,28,27,0,5,68
77389.0,28,27,0,5,68
77447.0,28,27,0,5,68
77602.0,28,27,0,5,68
77686.0,28,27,0,5,68
77864.0,28,27,0,5,68
77886.0,28,27,0,5,68
77945.0,28,27,0,5,68
78295.0,28,27,0,5,68
78399.0,28,27,0,5,68
78407.0,28,27,0,5,68
78769.0,28,0,0,32,68
78769.0,28,0,0,0,100
78811.0,28,0,0,32,68
78811.0,28,0,0,0,100
78862.0,28,0,0,32,68
78862.0,21,7,0,0,100
79059.0,21,7,0,32,68
79059.0,7,21,0,0,100
79227.0,7,21,0,0,100
79227.0,6,22,0,0,100
79238.0,6,22,0,0,100
79409.0,6,22,0,0,100
80662.0,6,15,0,7,100
80662.0,6,15,0,0,107
80666.0,6,15,0,1,106
80667.0,6,15,0,3,104
80737.0,6,15,0,7,100
80796.0,6,15,0,39,68
80796.0,6,15,0,23,84
80800.0,6,15,0,27,80
80828.0,6,15,0,43,64
80859.0,6,1,0,57,64
80859.0,6,1,0,43,78
80873.0,6,1,0,44,77
80890.0,6,1,0,45,76
80911.0,6,1,0,53,68
80971.0,6,1,0,53,68
80971.0,6,1,0,37,84
81027.0,6,0,0,38,84
81027.0,6,0,0,37,85
81099.0,6,0,0,38,84
81212.0,6,0,0,38,84
81212.0,6,0,0,37,85
81275.0,6,0,0,38,84
81668.0,6,0,0,38,84
81668.0,6,0,0,37,85
81691.0,6,0,0,38,84
83749.0,6,0,0,70,52
83752.0,6,0,0,70,52
83752.0,6,0,0,69,53
83765.0,6,0,0,70,52
84109.0,6,0,0,70,52
84109.0,6,0,0,69,53
84118.0,6,0,0,70,52
84237.0,6,0,0,70,52
84237.0,6,0,0,38,84
84266.0,6,0,0,38,84
84266.0,6,0,1,37,84
84267.0,6,0,1,37,84
84267.0,6,0,3,35,84
84337.0,6,0,3,35,84
84337.0,6,0,7,31,84
84396.0,6,0,7,31,84
84396.0,6,0,22,16,84
84400.0,6,0,22,16,84
84400.0,6,0,26,12,84
84473.0,6,0,26,12,84
84473.0,6,0,27,11,84
84490.0,6,0,27,11,84
84490.0,6,0,28,10,84
84511.0,6,0,28,10,84
84511.0,6,0,36,2,84
84605.0,6,0,36,2,84
84699.0,6,0,36,2,84
84699.0,6,0,37,1,84
84809.0,6,0,37,1,84
84863.0,6,0,37,1,84
84936.0,6,0,37,1,84
85085.0,6,0,37,1,84
85501.0,6,0,37,1,84
85556.0,6,0,37,1,84
86308.0,6,0,37,1,84
86686.0,6,0,37,1,84
86815.0,6,0,37,1,84
86966.0,7,0,36,1,84
86966.0,6,1,36,1,84
86967.0,8,1,34,1,84
86967.0,6,3,34,1,84
87037.0,10,3,30,1,84
87037.0,6,7,30,1,84
87096.0,21,7,15,1,84
87096.0,6,22,15,1,84
87100.0,10,22,11,1,84
87100.0,6,26,11,1,84
87106.0,6,26,11,17,68
87111.0,6,26,11,49,36
87111.0,6,26,11,15,70
87117.0,6,26,11,15,70
87134.0,6,26,11,16,69
87150.0,6,26,11,17,68
87173.0,7,26,10,17,68
87190.0,8,26,9,17,68
87211.0,16,26,1,17,68
87211.0,10,32,1,17,68
87357.0,10,32,1,49,36
87357.0,5,37,1,4,81
87383.0,5,37,1,5,80
87385.0,5,37,1,9,76
87399.0,6,37,0,9,76
87399.0,5,38,0,9,76
88019.0,5,38,0,17,68
88035.0,5,38,0,49,36
88072.0,5,38,0,81,4
88709.0,5,38,0,81,4
88709.0,5,38,0,49,36
88759.0,5,38,0,49,36
88759.0,5,38,0,48,37
88766.0,5,37,0,49,37
88767.0,5,35,0,51,37
88776.0,5,35,0,51,37
88776.0,5,35,0,47,41
88796.0,5,35,0,48,40
88837.0,5,31,0,52,40
88847.0,5,31,0,52,40
88847.0,5,31,0,20,72
88896.0,5,16,0,35,72
88900.0,5,12,0,39,72
89011.0,5,6,0,45,72
89011.0,5,6,0,12,105
89015.0,5,6,0,44,73
89099.0,5,6,0,45,72
89157.0,5,1,0,50,72
89157.0,5,1,0,49,73
89182.0,5,1,0,50,72
89199.0,5,0,0,51,72
89199.0,5,0,0,43,80
89233.0,5,0,0,51,72
89780.0,5,0,0,55,68
90706.0,5,0,0,55,68
90746.0,5,0,0,55,68
90746.0,5,0,0,23,100
90957.0,5,0,0,55,68
90983.0,5,0,0,55,68
91235.0,5,0,0,55,68
91235.0,5,0,0,23,100
91302.0,5,0,0,23,100
91302.0,5,0,0,15,108
91975.0,5,0,0,47,76
91977.0,5,0,0,55,68
92586.0,5,0,0,55,68
92586.0,5,0,0,23,100
92615.0,5,0,0,23,100
92615.0,5,0,5,18,100
92699.0,5,0,5,18,100
92699.0,5,0,6,17,100
92782.0,5,0,6,17,100
92782.0,5,0,7,16,100
92785.0,5,0,7,16,100
92833.0,5,0,7,16,100
92833.0,5,0,12,11,100
92917.0,5,0,12,11,100
93022.0,5,0,12,11,100
93212.0,5,0,12,11,100
93290.0,5,0,12,43,68
93518.0,5,0,12,43,68
93518.0,5,0,12,11,100
93581.0,5,0,12,11,100
93658.0,5,0,12,43,68
93658.0,5,0,12,35,76
93661.0,5,0,12,35,76
93661.0,5,0,12,34,77
93677.0,5,0,12,35,76
93737.0,5,0,12,35,76
93742.0,5,0,12,67,44
93742.0,5,0,12,35,76
93813.0,5,0,12,35,76
93813.0,5,0,12,34,77
93821.0,5,0,12,42,69
93841.0,5,0,12,43,68
94370.0,5,0,12,47,64
94371.0,5,0,12,79,32
94407.0,5,0,12,79,32
94407.0,5,0,12,47,64
94471.0,5,0,12,47,64
94471.0,5,0,12,39,72
94509.0,5,0,12,39,72
94509.0,2,3,12,39,72
94569.0,2,3,12,39,72
94616.0,2,3,12,71,40
94616.0,2,3,12,67,44
94619.0,2,3,12,75,36
94685.0,2,3,12,79,32
94741.0,2,3,12,79,32
94741.0,2,3,12,71,40
94761.0,2,3,12,71,40
94761.0,2,3,12,67,44
94789.0,2,3,12,71,40
94793.0,2,3,12,79,32
94821.0,2,3,12,79,32
94821.0,2,3,12,75,36
94920.0,2,3,12,79,32
94964.0,2,3,12,79,32
94964.0,2,3,12,47,64
94977.0,2,3,12,47,64
94977.0,2,3,12,43,68
95006.0,2,3,12,47,64
95055.0,2,3,12,79,32
95099.0,2,3,12,79,32
95099.0,2,3,12,78,33
95118.0,2,3,12,78,33
95118.0,2,3,12,74,37
95137.0,2,3,12,75,36
95140.0,2,3,12,79,32
95242.0,2,3,12,79,32
95242.0,2,3,12,75,36
95263.0,2,3,12,79,32
95265.0,2,3,12,79,32
95265.0,2,3,12,47,64
95315.0,7,3,7,47,64
95315.0,2,8,7,47,64
95328.0,2,8,7,47,64
95328.0,2,8,7,43,68
95348.0,2,8,7,47,64
95364.0,2,8,7,47,64
95399.0,3,8,6,47,64
95399.0,2,9,6,47,64
95452.0,2,9,6,47,64
95482.0,3,9,5,47,64
95482.0,2,10,5,47,64
95487.0,2,10,5,47,64
95533.0,7,10,0,47,64
95533.0,2,15,0,47,64
95801.0,2,15,0,79,32
95801.0,2,15,0,61,50
95832.0,2,15,0,62,49
95834.0,2,15,0,63,48
95936.0,2,15,0,63,48
96309.0,2,12,0,66,48
96353.0,2,12,0,82,32
96353.0,2,12,0,50,64
96514.0,2,12,0,50,64
96529.0,2,12,0,50,64
96570.0,2,12,0,82,32
96570.0,2,12,0,50,64
96890.0,2,12,0,50,64
97096.0,2,12,0,82,32
97096.0,2,12,0,50,64
97115.0,2,7,0,55,64
97115.0,2,7,0,39,80
97159.0,2,7,0,39,80
97159.0,2,7,0,38,81
97186.0,2,7,0,39,80
97199.0,2,6,0,40,80
97199.0,2,6,0,39,81
97227.0,2,6,0,40,80
97258.0,2,6,0,40,80
97282.0,2,5,0,41,80
97282.0,2,5,0,9,112
97318.0,2,5,0,41,80
97329.0,2,5,0,41,80
97329.0,2,5,0,9,112
97333.0,2,0,0,14,112
97333.0,2,0,0,9,117
97342.0,2,0,0,9,117
97354.0,2,0,0,13,113
97355.0,2,0,0,14,112
97410.0,2,0,0,46,80
97546.0,2,0,0,78,48
97594.0,2,0,0,78,48
97594.0,2,0,0,14,112
97755.0,2,0,0,78,48
97820.0,2,0,0,78,48
97820.0,2,0,0,46,80
97877.0,2,0,0,46,80
97877.0,2,0,0,42,84
98111.0,2,0,0,74,52
98216.0,2,0,0,74,52
98219.0,2,0,0,74,52
98270.0,2,0,0,74,52
98270.0,2,0,0,42,84
98331.0,2,0,0,42,84
98331.0,2,0,0,41,85
98372.0,2,0,0,42,84
98965.0,2,0,0,42,84
98965.0,2,0,0,41,85
99043.0,2,0,0,42,84
99637.0,2,0,0,74,52
99638.0,2,0,0,78,48
99683.0,2,0,0,78,48
99683.0,2,0,0,77,49
99697.0,2,0,0,78,48
99761.0,2,0,0,78,48
99761.0,2,0,0,46,80
99774.0,2,0,0,46,80
99774.0,2,0,0,45,81
99837.0,2,0,0,46,80
99842.0,2,0,0,46,80
99842.0,2,0,0,42,84
100267.0,2,0,0,42,84
100267.0,2,0,0,41,85
100363.0,2,0,0,41,85
100363.0,2,0,0,9,117
100541.0,2,0,0,9,117
100541.0,2,0,0,5,121
100562.0,2,0,0,5,121
100562.0,2,0,0,3,123
100598.0,2,0,0,35,91
100654.0,2,0,0,36,90
100671.0,2,0,0,40,86
100673.0,2,0,0,42,84
100772.0,2,0,0,42,84
100772.0,2,0,0,41,85
100788.0,2,0,0,42,84
100799.0,2,0,0,42,84
100799.0,2,0,0,41,85
100800.0,2,0,0,41,85
100800.0,2,0,0,40,86
100827.0,2,0,0,41,85
100831.0,2,0,0,41,85
100831.0,2,0,0,37,89
100833.0,2,0,0,38,88
100853.0,2,0,0,38,88
100853.0,2,0,0,36,90
100954.0,2,0,0,36,90
100955.0,2,0,0,36,90
100992.0,2,0,0,40,86
100995.0,2,0,0,42,84
101010.0,2,0,0,42,84
101010.0,2,0,3,39,84
101052.0,2,0,3,39,84
101052.0,2,0,3,38,85
101080.0,2,0,3,39,84
101322.0,2,0,3,39,84
101322.0,2,0,3,38,85
101353.0,2,0,3,39,84
101614.0,2,0,3,55,68
102127.0,2,0,3,55,68
102127.0,2,0,3,54,69
102150.0,2,0,3,55,68
102261.0,2,0,3,55,68
102261.0,2,0,3,54,69
102293.0,2,0,3,55,68
102309.0,2,0,3,55,68
102309.0,2,0,3,54,69
102331.0,2,0,3,55,68
102335.0,2,0,3,55,68
102335.0,2,0,3,51,72
102357.0,2,0,3,51,72
102357.0,2,0,3,49,74
102454.0,2,0,3,49,74
102454.0,2,0,3,48,75
102493.0,2,0,3,52,71
102496.0,2,0,3,54,69
102506.0,2,0,3,55,68
103364.0,2,0,3,55,68
103364.0,2,0,3,54,69
103385.0,2,0,3,55,68
103401.0,2,0,3,55,68
103401.0,2,0,3,54,69
103419.0,2,0,3,55,68
103422.0,2,0,3,55,68
103422.0,2,0,3,51,72
103443.0,2,0,3,51,72
103443.0,2,0,3,49,74
103579.0,2,0,3,53,70
103582.0,2,0,3,55,68
103654.0,2,0,3,55,68
103654.0,2,0,3,54,69
103702.0,2,0,3,55,68
103710.0,5,0,0,55,68
104198.0,5,0,0,55,68
104198.0,5,0,26,29,68
104271.0,5,0,26,29,68
104271.0,5,0,30,25,68
104273.0,5,0,30,25,68
104273.0,5,0,32,23,68
104323.0,5,0,32,23,68
104323.0,5,0,32,22,69
104375.0,5,0,32,23,68
104446.0,5,0,32,23,68
104446.0,5,0,32,22,69
104529.0,5,0,32,23,68
104639.0,5,0,32,23,68
104671.0,5,0,32,23,68
104671.0,5,0,32,15,76
104706.0,5,0,32,23,68
104766.0,5,0,32,23,68
104855.0,5,0,32,23,68
105202.0,5,0,32,91,0
105202.0,5,0,32,27,64
105214.0,5,0,32,27,64
105214.0,5,0,40,19,64
105225.0,5,0,40,51,32
105549.0,5,0,40,83,0
106898.0,31,0,14,83,0
106898.0,6,25,14,83,0
106971.0,10,25,10,83,0
106973.0,12,25,8,83,0
107914.0,20,25,0,83,0
108306.0,20,25,0,83,0
108306.0,20,25,8,75,0
108698.0,20,0,8,100,0
108698.0,20,0,8,68,32
108765.0,20,0,8,100,0
108802.0,20,0,8,100,0
108802.0,20,0,12,96,0
108825.0,20,0,12,96,0
108825.0,20,0,44,64,0
109149.0,20,0,44,64,0
109149.0,20,0,76,32,0
111006.0,28,0,68,32,0
111502.0,32,0,64,32,0
111525.0,64,0,32,32,0
111849.0,96,0,0,32,0
112365.0,96,0,0,32,0
112365.0,96,0,32,0,0
112551.0,96,0,32,0,0
112551.0,0,96,32,0,0
112914.0,0,96,32,0,0
112974.0,0,96,32,0,0
113213.0,0,96,32,0,0
113320.0,0,96,32,0,0
113963.0,0,96,32,0,0
114351.0,0,0,32,96,0
114752.0,0,0,32,96,0
115065.0,32,0,0,96,0
115065.0,0,32,0,96,0
116062.0,0,32,0,96,0
116865.0,0,0,0,128,0
116865.0,0,0,0,0,128
116964.0,0,0,0,128,0
116964.0,0,0,0,21,107
116983.0,0,0,0,22,106
117049.0,0,0,0,24,104
117883.0,0,0,0,24,104
117883.0,0,0,0,22,106
118140.0,0,0,0,24,104
119459.0,0,0,0,26,102
119471.0,0,0,0,28,100
119752.0,0,0,0,28,100
119752.0,0,0,0,26,102
120564.0,0,0,0,26,102
120564.0,0,0,21,5,102
120583.0,0,0,21,5,102
120583.0,0,0,22,4,102
121740.0,0,0,22,4,102
121740.0,0,0,24,2,102
123059.0,0,0,24,2,102
123059.0,0,0,26,0,102
123264.0,21,0,5,0,102
123283.0,22,0,4,0,102
124177.0,22,0,4,0,102
124440.0,24,0,2,0,102
124440.0,23,1,2,0,102
125706.0,23,1,2,2,100
125710.0,23,1,2,2,100
125759.0,25,1,0,2,100
126240.0,25,0,0,3,100
126240.0,25,0,0,2,101
126255.0,25,0,0,3,100
126589.0,25,0,0,67,36
129306.0,25,0,0,67,36
129306.0,25,0,2,65,36
129693.0,25,0,2,69,32
129750.0,25,0,2,101,0
129750.0,0,25,2,101,0
129855.0,0,25,2,101,0
131550.0,0,0,2,126,0
132006.0,2,0,0,126,0
132006.0,0,2,0,126,0
133806.0,0,0,0,128,0
133806.0,0,0,0,0,128
136658.0,0,0,0,0,128
144750.0,0,0,0,128,0
144750.0,0,0,0,0,128
147589.0,0,0,0,0,128
151328.0,0,0,0,0,128
151383.0,0,0,0,0,128
152484.0,0,0,0,0,128
154142.0,0,0,0,0,128
155675.0,0,0,0,128,0
155675.0,0,0,0,0,128
156176.0,0,0,0,0,128
156189.0,0,0,0,0,128
156224.0,0,0,0,0,128
156462.0,0,0,0,0,128
157660.0,0,0,0,0,128
158354.0,0,0,0,0,128
158928.0,0,0,0,0,128
158998.0,0,0,0,0,128
159139.0,0,0,0,128,0
159139.0,0,0,0,26,102
159159.0,0,0,0,27,101
159167.0,0,0,0,28,100
159930.0,0,0,0,28,100
160843.0,0,0,0,28,100
160977.0,0,0,0,28,100
161010.0,0,0,0,28,100
161254.0,0,0,0,28,100
161326.0,0,0,0,28,100
161853.0,0,0,0,28,100
161959.0,0,0,0,28,100
162173.0,0,0,0,28,100
162230.0,0,0,0,28,100
162537.0,0,0,0,28,100
162712.0,0,0,0,28,100
162739.0,0,0,0,28,100
162739.0,0,0,26,2,100
162759.0,0,0,26,2,100
162759.0,0,0,27,1,100
162767.0,0,0,27,1,100
162767.0,0,0,28,0,100
162827.0,0,0,28,64,36
162827.0,0,0,28,0,100
162835.0,0,0,28,0,100
162848.0,0,0,28,32,68
162848.0,0,0,28,0,100
162852.0,0,0,28,32,68
162888.0,0,0,28,64,36
162888.0,0,0,28,0,100
162894.0,0,0,28,0,100
162899.0,0,0,28,0,100
162956.0,0,0,28,0,100
163052.0,0,0,28,0,100
163159.0,0,0,28,0,100
163229.0,0,0,28,0,100
163552.0,0,0,28,0,100
163719.0,0,0,28,0,100
163766.0,0,0,28,0,100
163996.0,0,0,28,0,100
164154.0,0,0,28,64,36
164154.0,0,0,28,0,100
164203.0,0,0,28,0,100
164382.0,0,0,28,0,100
164566.0,0,0,28,0,100
164676.0,0,0,28,64,36
164676.0,0,0,28,0,100
164876.0,0,0,28,0,100
165439.0,26,0,2,0,100
165459.0,27,0,1,0,100
165459.0,26,1,1,0,100
165467.0,27,1,0,0,100
165467.0,26,2,0,0,100
165506.0,26,2,0,64,36
165506.0,26,2,0,0,100
165547.0,26,2,0,0,100
165656.0,26,2,0,0,100
165821.0,26,2,0,64,36
165821.0,14,14,0,24,76
165855.0,14,14,0,32,68
165888.0,14,14,0,64,36
166213.0,14,14,0,64,36
166329.0,14,14,0,64,36
166452.0,14,14,0,64,36
166576.0,14,14,0,64,36
166582.0,14,14,0,64,36
167247.0,14,14,0,64,36
167259.0,14,13,0,65,36
167259.0,14,13,0,64,37
167267.0,14,12,0,65,37
167267.0,14,12,0,64,38
167278.0,14,12,0,65,37
167285.0,14,12,0,66,36
167620.0,14,12,0,66,36
167621.0,14,0,0,78,36
167621.0,14,0,0,42,72
167777.0,14,0,0,42,72
167807.0,14,0,0,42,72
167992.0,14,0,0,42,72
168342.0,14,0,0,42,72
168685.0,14,0,0,42,72
168718.0,14,0,0,46,68
168763.0,14,0,0,78,36
168763.0,14,0,0,2,112
168783.0,14,0,0,6,108
168791.0,14,0,0,10,104
168880.0,14,0,0,10,104
168886.0,14,0,0,14,100
168891.0,14,0,0,14,100
168900.0,14,0,0,46,68
168900.0,14,0,0,10,104
168942.0,14,0,0,42,72
168942.0,14,0,0,0,114
168960.0,14,0,0,4,110
168966.0,14,0,0,8,106
168971.0,14,0,0,12,102
168973.0,14,0,0,12,102
169018.0,14,0,0,14,100
169072.0,14,0,0,14,100
169074.0,14,0,0,46,68
169074.0,14,0,0,13,101
169086.0,14,0,0,14,100
169118.0,14,0,0,14,100
169128.0,14,0,0,18,96
169128.0,0,14,0,18,96
169135.0,0,14,0,18,96
169206.0,0,14,0,18,96
169258.0,0,14,0,18,96
169455.0,0,14,0,18,96
169726.0,0,14,0,18,96
169796.0,0,14,0,18,96
169823.0,0,14,0,18,96
169836.0,0,14,0,18,96
169845.0,0,14,0,18,96
169852.0,0,14,0,18,96
170100.0,0,14,0,18,96
170162.0,0,14,0,18,96
170170.0,0,14,0,18,96
170197.0,0,14,0,18,96
170332.0,0,14,0,18,96
170399.0,0,14,0,18,96
170750.0,0,14,0,18,96
170811.0,0,14,0,18,96
170845.0,0,14,0,18,96
170878.0,0,14,0,18,96
170928.0,0,0,0,32,96
170928.0,0,0,0,0,128
170995.0,0,0,0,32,96
170995.0,0,0,0,0,128
170996.0,0,0,0,16,112
171001.0,0,0,0,16,112
171009.0,0,0,0,32,96
171009.0,0,0,0,0,128
171144.0,0,0,0,0,128
171220.0,0,0,0,32,96
171220.0,0,0,0,0,128
171346.0,0,0,0,32,96
171346.0,0,0,0,0,128
171411.0,0,0,0,32,96
171411.0,0,0,0,0,128
171470.0,0,0,0,0,128
171492.0,0,0,0,32,96
171492.0,0,0,0,0,128
171499.0,0,0,0,0,128
171567.0,0,0,0,0,128
171755.0,0,0,0,32,96
171755.0,0,0,0,0,128
171817.0,0,0,0,32,96
171817.0,0,0,0,0,128
171822.0,0,0,0,0,128
171841.0,0,0,0,0,128
171876.0,0,0,0,32,96
171876.0,0,0,0,0,128
172020.0,0,0,0,0,128
172041.0,0,0,0,0,128
172115.0,0,0,0,0,128
172138.0,0,0,0,32,96
172138.0,0,0,0,0,128
172198.0,0,0,0,32,96
172198.0,0,0,0,0,128
172245.0,0,0,0,0,128
172310.0,0,0,0,0,128
172340.0,0,0,0,32,96
172340.0,0,0,0,0,128
172351.0,0,0,0,32,96
172351.0,0,0,0,0,128
172406.0,0,0,0,32,96
172406.0,0,0,0,0,128
172476.0,0,0,0,32,96
172476.0,0,0,0,0,128
172531.0,0,0,0,0,128
172546.0,0,0,0,32,96
172546.0,0,0,0,0,128
172558.0,0,0,0,0,128
172560.0,0,0,0,0,128
172564.0,0,0,0,0,128
172583.0,0,0,0,0,128
172620.0,0,0,0,0,128
172764.0,0,0,0,0,128
173110.0,0,0,0,0,128
173121.0,0,0,0,0,128
173160.0,0,0,0,0,128
173250.0,0,0,0,0,128
173315.0,0,0,0,0,128
173482.0,0,0,0,32,96
173482.0,0,0,0,28,100
173483.0,0,0,0,28,100
173513.0,0,0,0,28,100
173536.0,0,0,0,32,96
173536.0,0,0,0,0,128
173569.0,0,0,0,0,128
173596.0,0,0,0,32,96
173596.0,0,0,0,19,109
173604.0,0,0,0,19,109
173625.0,0,0,0,20,108
173665.0,0,0,0,24,104
173698.0,0,0,0,28,100
173722.0,0,0,0,32,96
173722.0,0,0,0,0,128
173725.0,0,0,0,0,128
173762.0,0,0,0,0,128
173811.0,0,0,0,0,128
173822.0,0,0,0,32,96
173822.0,0,0,0,20,108
173840.0,0,0,0,24,104
173857.0,0,0,0,24,104
173870.0,0,0,0,32,96
173870.0,0,0,0,0,128
173964.0,0,0,0,0,128
173979.0,0,0,0,0,128
174036.0,0,0,0,0,128
174072.0,0,0,0,0,128
174142.0,0,0,0,0,128
174195.0,0,0,0,0,128
174335.0,0,0,0,0,128
174365.0,0,0,0,32,96
174365.0,0,0,0,0,128
174387.0,0,0,0,0,128
174424.0,0,0,0,32,96
174424.0,0,0,0,28,100
174446.0,0,0,0,28,100
174516.0,0,0,0,28,100
174596.0,0,0,0,28,100
174700.0,0,0,0,32,96
174700.0,0,0,0,0,128
174708.0,0,0,0,32,96
174708.0,0,0,0,27,101
174730.0,0,0,0,28,100
174763.0,0,0,0,28,100
174862.0,0,0,0,28,100
174904.0,0,0,0,28,100
174932.0,0,0,0,28,100
175166.0,0,0,0,32,96
175166.0,0,0,0,0,128
175182.0,0,0,0,32,96
175182.0,0,0,0,22,106
175239.0,0,0,0,22,106
175306.0,0,0,0,22,106
175363.0,0,0,0,22,106
175577.0,0,0,0,22,106
175618.0,0,0,0,24,104
175795.0,0,0,0,88,40
175795.0,0,0,0,8,120
175799.0,0,0,0,9,119
175807.0,0,0,0,10,118
175816.0,0,0,0,11,117
175846.0,0,0,0,43,85
175846.0,0,0,0,11,117
175849.0,0,0,0,12,116
175853.0,0,0,0,13,115
176006.0,0,0,0,15,113
176038.0,0,0,0,16,112
176045.0,0,0,0,16,112
176154.0,0,0,0,16,112
176229.0,0,0,0,16,112
176366.0,0,0,0,20,108
176435.0,0,0,0,52,76
176435.0,0,0,0,12,116
176576.0,0,0,0,20,108
176645.0,0,0,0,52,76
176645.0,0,0,0,11,117
176686.0,0,0,0,11,117
176710.0,0,0,0,19,109
176729.0,0,0,0,51,77
176729.0,0,0,0,19,109
176742.0,0,0,0,19,109
176758.0,0,0,0,20,108
176782.0,0,0,0,20,108
176791.0,0,0,0,52,76
176791.0,0,0,0,20,108
176816.0,0,0,0,20,108
176825.0,0,0,0,52,76
176825.0,0,0,0,3,125
176857.0,0,0,0,3,125
176889.0,0,0,0,4,124
176978.0,0,0,0,12,116
177041.0,0,0,0,44,84
177041.0,0,0,0,2,126
177082.0,0,0,0,2,126
177119.0,0,0,0,34,94
177119.0,0,0,0,24,104
177140.0,0,0,0,25,103
177148.0,0,0,0,26,102
177151.0,0,0,0,26,102
177191.0,0,0,0,27,101
177196.0,0,0,0,27,101
177203.0,0,0,0,35,93
177203.0,0,0,0,0,128
177224.0,0,0,0,2,126
177224.0,0,0,0,1,127
177225.0,0,0,0,2,126
177244.0,0,0,0,3,125
177253.0,0,0,0,35,93
177253.0,0,0,0,27,101
177305.0,0,0,0,27,101
177355.0,0,0,0,35,93
177355.0,0,0,0,3,125
177363.0,0,0,0,11,117
177388.0,0,0,0,43,85
177388.0,0,0,0,11,117
177405.0,0,0,0,11,117
177422.0,0,0,0,11,117
177432.0,0,0,0,43,85
177432.0,0,0,0,11,117
177472.0,0,0,0,43,85
177472.0,0,0,0,11,117
177495.0,0,0,0,43,85
177495.0,0,0,0,5,123
177497.0,0,0,0,5,123
177516.0,0,0,0,10,118
177522.0,0,0,0,11,117
177611.0,0,0,0,43,85
177611.0,0,0,0,3,125
177635.0,0,0,0,3,125
177643.0,0,0,0,11,117
177643.0,0,0,0,2,126
177666.0,0,0,0,10,118
177733.0,0,0,0,18,110
177739.0,0,0,0,18,110
177746.0,0,0,0,18,110
177778.0,0,0,0,18,110
177786.0,0,0,0,18,110
177819.0,0,0,0,18,110
177913.0,0,0,0,18,110
177929.0,0,0,0,19,109
177974.0,0,0,0,19,109
177999.0,0,0,0,19,109
178024.0,0,0,0,19,109
178045.0,0,0,0,19,109
178082.0,0,0,0,19,109
178168.0,0,0,0,19,109
178176.0,0,0,0,19,109
178226.0,0,0,0,19,109
178308.0,0,0,0,19,109
178326.0,0,0,0,19,109
178545.0,0,0,0,19,109
178782.0,0,0,0,19,109
178866.0,0,0,0,19,109
178995.0,0,0,0,19,109
179127.0,0,0,0,51,77
179127.0,0,0,0,17,111
179140.0,0,0,0,17,111
179252.0,0,0,0,19,109
179259.0,0,0,0,19,109
179385.0,0,0,0,19,109
179446.0,0,0,0,19,109
179456.0,0,0,0,51,77
179456.0,0,0,0,19,109
179494.0,0,0,0,51,77
179494.0,0,0,0,18,110
179536.0,0,0,0,50,78
179536.0,0,0,0,9,119
179555.0,0,0,0,41,87
179555.0,0,0,0,9,119
179612.0,0,0,0,13,115
179660.0,0,0,0,45,83
179660.0,0,0,0,13,115
179667.0,0,0,0,14,114
179730.0,0,0,0,46,82
179730.0,0,0,0,7,121
179751.0,0,0,0,9,119
179752.0,0,0,0,10,118
179754.0,0,0,0,11,117
179755.0,0,0,0,12,116
179806.0,0,0,0,44,84
179806.0,0,0,0,1,127
179810.0,0,0,0,2,126
179822.0,0,0,0,3,125
179854.0,0,0,0,4,124
179855.0,0,0,0,5,123
179867.0,0,0,0,5,123
179891.0,0,0,0,37,91
179891.0,0,0,0,3,125
179908.0,0,0,0,4,124
179943.0,0,0,0,12,116
179943.0,0,0,0,4,124
179945.0,0,0,0,12,116
179954.0,0,0,0,20,108
179959.0,0,0,0,21,107
179985.0,0,0,0,29,99
179998.0,0,0,0,37,91
179998.0,0,0,0,5,123
180045.0,0,0,0,13,115
180045.0,0,0,0,3,125
180061.0,0,0,0,4,124
180064.0,0,0,0,8,120
180064.0,0,0,0,0,128
180066.0,0,0,0,1,127
180075.0,0,0,0,2,126
180097.0,0,0,0,2,126
180281.0,0,0,0,2,126
180365.0,0,0,0,2,126
180378.0,0,0,0,3,125
180517.0,0,0,0,4,124
180564.0,0,0,0,4,124
180669.0,0,0,0,4,124
180767.0,0,0,0,4,124
180824.0,0,0,0,4,124
180825.0,0,0,0,4,124
180861.0,0,0,0,4,124
180946.0,0,0,0,4,124
181053.0,0,0,0,4,124
181056.0,0,0,0,4,124
181296.0,0,0,0,4,124
181536.0,0,0,0,4,124
181648.0,0,0,0,4,124
181772.0,0,0,0,4,124
182175.0,0,0,0,4,124
182337.0,0,0,0,12,116
182468.0,0,0,0,12,116
182545.0,0,0,0,12,116
182583.0,0,0,0,12,116
182855.0,0,0,0,44,84
182855.0,0,0,0,0,128
182876.0,0,0,0,2,126
182876.0,0,0,0,0,128
182881.0,0,0,0,1,127
182881.0,0,0,0,0,128
182883.0,0,0,0,2,126
182883.0,0,0,0,0,128
182884.0,0,0,0,1,127
182884.0,0,0,0,0,128
182886.0,0,0,0,1,127
182886.0,0,0,0,0,128
182893.0,0,0,0,1,127
182893.0,0,0,0,0,128
182894.0,0,0,0,2,126
182894.0,0,0,0,1,127
182899.0,0,0,0,2,126
182901.0,0,0,0,3,125
182908.0,0,0,0,5,123
182918.0,0,0,0,6,122
182924.0,0,0,0,7,121
182926.0,0,0,0,8,120
182929.0,0,0,0,9,119
182944.0,0,0,0,10,118
183324.0,0,0,0,10,118
183666.0,0,0,0,10,118
184354.0,0,0,0,12,116
185064.0,0,0,0,12,116
185136.0,0,0,0,12,116
185193.0,0,0,0,12,116
185228.0,0,0,0,44,84
185228.0,0,0,0,12,116
185773.0,0,0,0,20,108
185791.0,0,0,0,20,108
185878.0,0,0,0,20,108
185921.0,0,0,0,20,108
185975.0,0,0,0,20,108
186076.0,0,0,0,20,108
186434.0,0,0,0,20,108
186461.0,0,0,0,20,108
186464.0,0,0,0,52,76
186464.0,0,0,0,14,114
186466.0,0,0,0,46,82
186466.0,0,0,0,14,114
186494.0,0,0,0,14,114
186494.0,0,0,1,13,114
186501.0,0,0,1,13,114
186501.0,0,0,2,12,114
186508.0,0,0,2,12,114
186508.0,0,0,3,11,114
186518.0,0,0,3,11,114
186518.0,0,0,4,10,114
186524.0,0,0,4,10,114
186524.0,0,0,5,9,114
186526.0,0,0,5,9,114
186526.0,0,0,6,8,114
186666.0,0,0,6,40,82
186666.0,0,0,6,8,114
186694.0,0,0,6,8,114
186697.0,0,0,6,12,110
186697.0,0,0,6,4,118
186815.0,0,0,6,12,110
186844.0,0,0,6,12,110
186855.0,0,0,6,14,108
187066.0,0,0,6,46,76
187066.0,0,0,6,10,112
187427.0,0,0,6,10,112
187493.0,0,0,6,10,112
187605.0,0,0,6,10,112
187679.0,0,0,6,10,112
187954.0,0,0,6,10,112
188399.0,0,0,6,42,80
188399.0,0,0,6,10,112
188613.0,0,0,6,14,108
188698.0,0,0,6,14,108
188723.0,0,0,6,14,108
188828.0,0,0,6,14,108
188854.0,0,0,6,22,100
188956.0,0,0,6,54,68
188956.0,0,0,6,14,108
189107.0,0,0,6,22,100
189149.0,0,0,6,22,100
189166.0,0,0,6,22,100
189194.0,1,0,5,22,100
189194.0,0,1,5,22,100
189201.0,1,1,4,22,100
189201.0,0,2,4,22,100
189208.0,1,2,3,54,68
189208.0,1,2,3,14,108
189218.0,2,2,2,14,108
189224.0,3,2,1,14,108
189224.0,2,3,1,14,108
189226.0,3,3,0,14,108
189226.0,2,4,0,14,108
189342.0,2,4,0,14,108
189360.0,2,4,0,14,108
189400.0,2,4,0,22,100
189426.0,2,4,0,54,68
189426.0,2,4,0,22,100
189481.0,2,4,0,54,68
189481.0,2,4,0,22,100
189566.0,2,4,0,54,68
189566.0,2,4,0,18,104
189692.0,2,4,0,50,72
189692.0,2,4,0,10,112
189705.0,2,4,0,14,108
189876.0,2,4,0,14,108
189978.0,2,4,0,14,108
190111.0,2,4,0,14,108
190113.0,2,4,0,22,100
190187.0,2,4,0,54,68
190187.0,2,4,0,14,108
190205.0,2,4,0,14,108
190365.0,2,4,0,14,108
190415.0,2,4,0,14,108
190415.0,2,4,2,12,108
190456.0,2,4,2,12,108
190581.0,2,4,2,20,100
190604.0,2,4,2,52,68
190604.0,2,4,2,12,108
190612.0,2,4,2,16,104
190678.0,2,4,2,48,72
190678.0,2,4,2,8,112
190772.0,2,4,2,16,104
190789.0,2,4,2,48,72
190994.0,2,3,2,49,72
191001.0,2,2,2,50,72
191024.0,2,1,2,51,72
191026.0,2,0,2,52,72
191026.0,2,0,2,44,80
191115.0,2,0,2,52,72
191129.0,2,0,2,84,40
191129.0,2,0,2,20,104
191355.0,2,0,2,28,96
191355.0,0,2,2,28,96
191483.0,0,2,2,28,96
191642.0,0,2,2,28,96
191852.0,0,2,2,28,96
192124.0,0,2,2,60,64
192124.0,0,2,2,28,96
192265.0,0,2,2,60,64
192265.0,0,2,2,28,96
192454.0,0,2,2,28,96
192487.0,0,2,2,28,96
192548.0,0,2,2,28,96
192611.0,0,2,2,60,64
192611.0,0,2,2,28,96
192668.0,0,2,2,60,64
192668.0,0,2,2,28,96
192823.0,0,2,2,28,96
192912.0,0,2,2,60,64
192912.0,0,2,2,28,96
192981.0,0,2,2,28,96
193048.0,0,2,2,60,64
193048.0,0,2,2,28,96
193115.0,2,2,0,28,96
193115.0,0,4,0,28,96
193155.0,0,2,0,30,96
193190.0,0,2,0,62,64
193190.0,0,2,0,30,96
193285.0,0,2,0,62,64
193285.0,0,2,0,30,96
193514.0,0,2,0,62,64
193514.0,0,2,0,54,72
193682.0,0,2,0,62,64
193682.0,0,2,0,30,96
193815.0,0,2,0,62,64
193815.0,0,2,0,30,96
193821.0,0,2,0,30,96
193871.0,0,2,0,62,64
193871.0,0,2,0,30,96
193883.0,0,2,0,30,96
194096.0,0,2,0,30,96
194106.0,0,2,0,62,64
194106.0,0,2,0,54,72
194154.0,0,2,0,54,72
194279.0,0,2,0,62,64
194279.0,0,2,0,30,96
194411.0,0,2,0,30,96
194419.0,0,2,0,62,64
194419.0,0,2,0,54,72
194421.0,0,2,0,54,72
194488.0,0,2,0,54,72
194500.0,0,2,0,62,64
194500.0,0,2,0,30,96
194506.0,0,2,0,62,64
194506.0,0,2,0,30,96
194915.0,0,0,0,32,96
194915.0,0,0,0,0,128
194979.0,0,0,0,32,96
194979.0,0,0,0,28,100
194994.0,0,0,0,28,100
195029.0,0,0,0,28,100
195554.0,0,0,0,28,100
195581.0,0,0,0,28,100
195605.0,0,0,0,28,100
195657.0,0,0,0,28,100
195819.0,0,0,0,28,100
196125.0,0,0,0,28,100
196234.0,0,0,0,92,36
196234.0,0,0,0,19,109
196239.0,0,0,0,19,109
196248.0,0,0,0,20,108
196326.0,0,0,0,28,100
196359.0,0,0,0,60,68
196359.0,0,0,0,20,108
196449.0,0,0,0,52,76
196449.0,0,0,0,20,108
196456.0,0,0,0,52,76
196456.0,0,0,0,20,108
196507.0,0,0,0,28,100
196567.0,0,0,0,60,68
196567.0,0,0,0,28,100
196680.0,0,0,0,60,68
196752.0,0,0,0,92,36
196911.0,0,0,0,92,36
196911.0,0,0,0,60,68
197020.0,0,0,0,92,36
197114.0,0,0,0,92,36
197706.0,0,0,0,92,36
198019.0,0,0,0,92,36
198579.0,0,0,0,92,36
198579.0,0,0,19,73,36
200056.0,0,0,19,73,36
200056.0,0,0,20,72,36
200167.0,0,0,20,72,36
200167.0,0,0,28,64,36
200352.0,0,0,28,64,36
200352.0,0,0,60,32,36
200620.0,0,0,60,32,36
200620.0,0,0,92,0,36
201279.0,19,0,73,0,36
202756.0,20,0,72,0,36
202867.0,28,0,64,0,36
203052.0,60,0,32,0,36
203320.0,92,0,0,0,36
206005.0,92,0,0,0,36
206005.0,28,64,0,0,36
206404.0,28,64,0,0,36
206404.0,27,65,0,0,36
207805.0,27,1,0,64,36
207805.0,27,1,0,0,100
208204.0,27,0,0,1,100
208204.0,27,0,0,0,101
208232.0,27,0,0,1,100
211761.0,27,0,0,1,100
211761.0,27,0,0,0,101
211832.0,27,0,0,0,101
211842.0,27,0,0,1,100
211920.0,27,0,0,1,100
211920.0,24,3,0,1,100
212106.0,24,3,0,1,100
212106.0,20,7,0,1,100
212511.0,20,7,0,1,100
212511.0,16,11,0,1,100
212734.0,16,11,0,1,100
212734.0,12,15,0,1,100
213297.0,12,15,0,1,100
213297.0,8,19,0,1,100
213720.0,8,16,0,4,100
213720.0,8,16,0,0,104
213879.0,8,16,0,4,100
213906.0,8,12,0,8,100
213906.0,8,12,0,4,104
214264.0,8,12,0,8,100
214311.0,8,8,0,12,100
214311.0,8,8,0,8,104
214490.0,8,8,0,12,100
214534.0,8,4,0,16,100
214534.0,8,4,0,12,104
214612.0,8,4,0,16,100
215097.0,8,0,0,20,100
215097.0,8,0,0,16,104
215180.0,8,0,0,20,100
215442.0,8,0,0,20,100
217479.0,8,0,0,20,100
217479.0,8,0,4,16,100
217864.0,8,0,4,16,100
217864.0,8,0,8,12,100
218090.0,8,0,8,12,100
218090.0,8,0,12,8,100
218212.0,8,0,12,8,100
218212.0,8,0,16,4,100
218780.0,8,0,16,4,100
218780.0,8,0,20,0,100
220179.0,12,0,16,0,100
220564.0,16,0,12,0,100
220790.0,20,0,8,0,100
220912.0,24,0,4,0,100
221480.0,28,0,0,0,100
240976.0,28,0,0,0,100
241501.0,28,0,0,32,68
241501.0,28,0,0,0,100
241907.0,28,0,0,4,96
241941.0,28,0,0,36,64
242561.0,28,0,0,100,0
245507.0,28,0,0,100,0
245507.0,28,0,4,96,0
245541.0,28,0,4,96,0
245541.0,28,0,36,64,0
246161.0,28,0,36,64,0
246161.0,28,0,100,0,0
246824.0,28,0,100,0,0
246882.0,28,0,100,0,0
246885.0,28,0,100,0,0
246888.0,28,0,100,0,0
246919.0,28,0,100,0,0
246919.0,27,1,100,0,0
247205.0,27,1,100,0,0
247269.0,27,1,100,0,0
248038.0,27,1,100,0,0
248207.0,31,1,96,0,0
248207.0,27,5,96,0,0
248241.0,59,5,64,0,0
248241.0,27,37,64,0,0
248719.0,27,36,64,1,0
248861.0,91,36,0,1,0
248861.0,27,100,0,1,0
249554.0,27,100,0,1,0
249729.0,27,100,0,1,0
250007.0,27,96,0,5,0
250041.0,27,64,0,37,0
250041.0,27,64,0,36,1
250067.0,27,64,0,37,0
250661.0,27,0,0,101,0
250661.0,27,0,0,1,100
250684.0,27,0,0,33,68
250684.0,24,3,0,1,100
250697.0,24,3,0,5,96
250746.0,24,3,0,37,64
250746.0,24,3,0,4,97
250759.0,24,3,0,5,96
251065.0,24,3,0,5,96
251261.0,24,3,0,5,96
251520.0,24,3,0,5,96
251552.0,24,3,0,37,64
251552.0,24,3,0,2,99
251633.0,24,3,0,34,67
251654.0,24,3,0,35,66
251671.0,24,3,0,36,65
251679.0,24,3,0,37,64
251808.0,24,3,0,37,64
251808.0,24,3,0,36,65
251911.0,24,3,0,37,64
252021.0,24,3,0,37,64
252021.0,24,3,0,36,65
252156.0,24,3,0,37,64
252230.0,24,3,0,37,64
252230.0,24,3,0,36,65
252236.0,24,3,0,37,64
252288.0,24,3,0,37,64
252288.0,24,3,0,36,65
252424.0,24,3,0,68,33
252484.0,24,0,0,71,33
252484.0,24,0,0,67,37
252722.0,24,0,0,67,37
252722.0,24,0,0,3,101
252924.0,24,0,0,4,100
253054.0,24,0,0,4,100
253054.0,24,0,0,3,101
253092.0,24,0,0,4,100
253264.0,24,0,0,68,36
253307.0,24,0,0,68,36
253307.0,24,0,0,67,37
253329.0,24,0,0,68,36
253393.0,24,0,0,68,36
253393.0,24,0,0,67,37
253420.0,24,0,0,68,36
253437.0,24,0,0,68,36
253437.0,24,0,0,36,68
253487.0,24,0,0,36,68
253487.0,24,0,0,35,69
253497.0,24,0,0,67,37
253509.0,24,0,0,67,37
253509.0,24,0,0,35,69
253512.0,24,0,0,36,68
253667.0,24,0,0,36,68
253671.0,24,0,0,36,68
253671.0,24,0,0,35,69
253717.0,24,0,0,36,68
253775.0,24,0,0,36,68
253775.0,24,0,0,35,69
253824.0,24,0,0,36,68
253826.0,24,0,0,68,36
253848.0,24,0,0,68,36
253848.0,24,0,0,36,68
253869.0,24,0,0,36,68
253869.0,24,0,0,4,100
253934.0,24,0,0,4,100
253934.0,24,0,0,0,104
254076.0,24,0,0,4,100
254077.0,24,0,0,36,68
254131.0,24,0,0,36,68
254131.0,24,0,0,4,100
254194.0,24,0,0,4,100
254194.0,24,0,0,0,104
254248.0,24,0,0,0,104
254248.0,23,1,0,0,104
254297.0,23,1,0,0,104
254308.0,23,1,0,0,104
254312.0,23,1,0,0,104
254325.0,23,1,0,0,104
254447.0,23,1,0,0,104
254559.0,23,1,0,36,68
254559.0,23,1,0,1,103
254586.0,23,1,0,1,103
254586.0,23,1,0,0,104
254614.0,23,1,0,1,103
254617.0,23,1,0,1,103
254617.0,23,1,0,0,104
254630.0,23,1,0,1,103
254671.0,23,1,0,33,71
254728.0,23,1,0,34,70
254827.0,23,1,0,34,70
254827.0,23,1,0,33,71
254835.0,23,1,0,34,70
254876.0,23,1,0,35,69
255076.0,23,1,0,35,69
255076.0,23,1,0,34,70
255126.0,23,1,0,35,69
255152.0,23,1,0,35,69
255176.0,23,1,0,35,69
255176.0,23,1,0,34,70
255183.0,23,1,0,35,69
255197.0,23,1,0,36,68
255261.0,23,1,0,36,68
255261.0,23,1,0,32,72
255274.0,23,1,0,32,72
255274.0,23,1,0,31,73
255303.0,23,1,0,35,69
255320.0,23,1,0,36,68
255345.0,23,1,0,36,68
255345.0,23,1,0,4,100
255413.0,23,1,0,4,100
255413.0,23,1,0,0,104
255465.0,23,1,0,0,104
255465.0,15,9,0,0,104
255549.0,15,9,0,32,72
255649.0,15,9,0,32,72
255649.0,15,9,0,31,73
255669.0,15,9,0,32,72
255689.0,15,9,0,64,40
255689.0,15,9,0,32,72
255701.0,15,9,0,68,36
255764.0,15,9,0,68,36
255764.0,15,9,0,67,37
255787.0,15,9,0,68,36
255846.0,15,9,0,68,36
255846.0,15,9,0,52,52
255869.0,15,9,0,52,52
255869.0,15,9,0,20,84
255932.0,15,9,0,36,68
255937.0,15,9,0,36,68
255937.0,15,9,0,32,72
256048.0,15,8,0,33,72
256048.0,15,8,0,32,73
256077.0,15,8,0,33,72
256096.0,15,8,0,37,68
256097.0,15,8,0,69,36
256365.0,15,8,0,69,36
256365.0,15,8,0,68,37
256388.0,15,8,0,69,36
256842.0,15,8,0,69,36
256842.0,15,8,0,68,37
256946.0,15,8,0,69,36
257180.0,15,8,0,69,36
257180.0,15,8,0,68,37
257265.0,15,0,0,76,37
257265.0,15,0,0,68,45
257292.0,15,0,0,69,44
257303.0,15,0,0,77,36
257308.0,15,0,0,77,36
257308.0,15,0,0,13,100
257424.0,15,0,0,17,96
257676.0,15,0,0,17,96
257765.0,15,0,0,17,96
257765.0,15,0,0,16,97
257879.0,15,0,0,16,97
257879.0,15,0,0,15,98
257924.0,15,0,0,16,97
257999.0,15,0,0,17,96
258159.0,15,0,0,17,96
258214.0,15,0,0,17,96
258230.0,15,0,0,17,96
258306.0,15,0,0,17,96
258306.0,15,0,0,16,97
258423.0,15,0,0,17,96
258442.0,15,0,0,17,96
258442.0,0,15,0,17,96
258581.0,0,15,0,81,32
258714.0,0,15,0,81,32
258714.0,0,15,0,49,64
258814.0,0,15,0,81,32
258816.0,0,15,0,81,32
258816.0,0,15,0,49,64
258913.0,0,15,0,81,32
258928.0,0,15,0,81,32
258928.0,0,15,0,49,64
258965.0,0,15,0,49,64
258965.0,0,15,0,48,65
259048.0,0,15,0,80,33
259050.0,0,15,0,80,33
259050.0,0,15,0,48,65
259149.0,0,15,0,48,65
259164.0,0,15,0,80,33
259166.0,0,15,0,80,33
259166.0,0,15,0,48,65
259173.0,0,15,0,49,64
259253.0,0,15,0,81,32
259255.0,0,15,0,81,32
259255.0,0,15,0,49,64
259274.0,0,15,0,81,32
259277.0,0,15,0,81,32
259277.0,0,15,0,49,64
259301.0,0,15,0,49,64
259335.0,0,15,0,49,64
259335.0,0,15,0,48,65
259402.0,0,15,0,80,33
259407.0,0,15,0,80,33
259407.0,0,15,0,48,65
259419.0,0,15,0,49,64
259550.0,0,15,0,81,32
259704.0,0,15,0,81,32
259704.0,0,15,0,80,33
259740.0,0,15,0,81,32
259805.0,0,15,0,81,32
259805.0,0,15,0,80,33
259889.0,0,15,0,81,32
259926.0,0,15,0,81,32
259926.0,0,15,0,80,33
259956.0,0,15,0,80,33
259956.0,0,15,0,79,34
260023.0,0,15,0,80,33
260154.0,0,15,0,80,33
260154.0,0,15,0,79,34
260197.0,0,15,0,80,33
260242.0,0,0,0,95,33
260242.0,0,0,0,63,65
260259.0,0,0,0,64,64
260298.0,0,0,0,64,64
260298.0,0,0,0,63,65
260343.0,0,0,0,64,64
260408.0,0,0,0,64,64
260408.0,0,0,0,63,65
260490.0,0,0,0,64,64
260511.0,0,0,0,96,32
262057.0,0,0,0,96,32
262057.0,0,0,0,92,36
262181.0,0,0,0,92,36
262181.0,0,0,31,61,36
262296.0,0,0,31,65,32
262876.0,0,0,31,97,0
262876.0,0,0,31,65,32
263019.0,0,0,31,65,32
263019.0,0,0,32,64,32
263782.0,0,0,32,64,32
263782.0,0,0,32,63,33
263806.0,0,0,32,64,32
263864.0,0,0,32,64,32
263864.0,0,0,32,62,34
264111.0,0,0,32,62,34
264111.0,0,0,64,30,34
264121.0,0,0,64,32,32
264208.0,0,0,64,32,32
264208.0,0,0,64,30,34
264593.0,0,0,64,30,34
264593.0,0,0,64,29,35
264614.0,0,0,64,30,34
264669.0,0,0,64,30,34
264669.0,0,0,64,29,35
264877.0,0,0,64,30,34
264881.0,31,0,33,30,34
265719.0,32,0,32,30,34
266420.0,32,0,32,62,2
266423.0,32,0,32,62,2
266423.0,32,0,32,30,34
266476.0,32,0,32,30,34
266476.0,32,0,61,1,34
266744.0,32,0,61,1,34
266744.0,32,0,61,0,35
266794.0,32,0,61,1,34
266811.0,64,0,29,1,34
266888.0,64,0,29,3,32
266977.0,64,0,29,3,32
267028.0,64,0,29,3,32
267028.0,63,1,29,3,32
267035.0,63,1,29,3,32
267035.0,59,5,29,3,32
267174.0,59,5,29,3,32
267174.0,58,6,29,3,32
267540.0,58,6,29,3,32
267540.0,26,38,29,3,32
267561.0,26,38,29,3,32
267561.0,24,40,29,3,32
267615.0,24,40,29,3,32
267693.0,24,40,29,3,32
267756.0,24,40,29,3,32
267772.0,24,40,29,3,32
267833.0,24,40,29,3,32
267995.0,24,40,29,3,32
268260.0,24,40,29,3,32
268354.0,24,40,29,3,32
268383.0,24,40,29,3,32
268443.0,24,40,29,3,32
268455.0,24,40,29,3,32
268477.0,24,40,29,3,32
268763.0,24,40,29,3,32
268770.0,24,40,29,3,32
268828.0,24,39,29,4,32
268828.0,24,39,29,3,33
268835.0,24,35,29,7,33
268835.0,24,35,29,3,37
268848.0,24,35,29,4,36
268850.0,24,35,29,4,36
268974.0,24,34,29,5,36
268974.0,24,34,29,4,37
268979.0,24,34,29,4,37
268988.0,24,34,29,8,33
269011.0,24,34,29,9,32
269122.0,24,34,29,9,32
269176.0,53,34,0,9,32
269176.0,24,63,0,9,32
269307.0,24,63,0,9,32
269311.0,24,63,0,9,32
269340.0,24,31,0,41,32
269340.0,24,31,0,9,64
269361.0,24,29,0,11,64
269361.0,24,29,0,9,66
269385.0,24,29,0,11,64
269385.0,0,53,0,11,64
269387.0,0,53,0,11,64
269390.0,0,53,0,43,32
269390.0,0,53,0,11,64
269396.0,0,53,0,11,64
269679.0,0,53,0,11,64
269744.0,0,53,0,43,32
269744.0,0,53,0,36,39
269745.0,0,53,0,36,39
269752.0,0,53,0,36,39
269765.0,0,53,0,37,38
269782.0,0,53,0,38,37
269783.0,0,53,0,39,36
269830.0,0,53,0,39,36
269982.0,0,53,0,71,4
269982.0,0,53,0,37,38
269984.0,0,53,0,37,38
270010.0,0,53,0,69,6
270010.0,0,53,0,31,44
270034.0,0,53,0,35,40
270080.0,0,53,0,36,39
270084.0,0,53,0,36,39
270130.0,0,53,0,37,38
270143.0,0,53,0,37,38
270146.0,0,53,0,37,38
270306.0,0,53,0,41,34
270377.0,0,53,0,73,2
270377.0,0,53,0,31,44
270394.0,0,53,0,31,44
270471.0,0,53,0,32,43
270526.0,0,53,0,33,42
270544.0,0,53,0,37,38
270547.0,0,53,0,37,38
270572.0,0,53,0,37,38
270609.0,0,53,0,69,6
270609.0,0,53,0,28,47
270629.0,0,53,0,32,43
270643.0,0,53,0,34,41
270689.0,0,53,0,35,40
270881.0,0,53,0,39,36
270897.0,0,53,0,41,34
270962.0,0,53,0,73,2
270962.0,0,53,0,34,41
270976.0,0,24,0,63,41
270976.0,0,24,0,31,73
271010.0,0,24,0,32,72
271042.0,0,24,0,32,72
271068.0,0,24,0,32,72
271126.0,0,24,0,32,72
271134.0,0,24,0,36,68
271185.0,0,0,0,60,68
271185.0,0,0,0,28,100
271186.0,0,0,0,60,68
271186.0,0,0,0,19,109
271201.0,0,0,0,51,77
271201.0,0,0,0,19,109
271202.0,0,0,0,19,109
271227.0,0,0,0,20,108
271236.0,0,0,0,21,107
271240.0,0,0,0,53,75
271240.0,0,0,0,17,111
271249.0,0,0,0,18,110
271252.0,0,0,0,50,78
271310.0,0,0,0,52,76
271342.0,0,0,0,52,76
271342.0,0,0,0,51,77
271491.0,0,0,0,51,77
271491.0,0,0,0,19,109
271504.0,0,0,0,23,105
271505.0,0,0,0,25,103
271551.0,0,0,0,25,103
271551.0,0,0,0,21,107
271556.0,0,0,0,23,105
271579.0,0,0,0,55,73
271628.0,0,0,0,57,71
271699.0,0,0,0,89,39
271700.0,0,0,0,93,35
271903.0,0,0,0,94,34
271950.0,0,0,0,94,34
271950.0,0,0,0,93,35
271992.0,0,0,0,94,34
272075.0,0,0,0,94,34
272075.0,0,0,0,93,35
272444.0,0,0,0,94,34
272448.0,0,0,0,94,34
272693.0,0,0,0,94,34
272693.0,0,0,0,93,35
272997.0,0,0,0,93,35
272997.0,0,0,0,61,67
273023.0,0,0,0,93,35
273049.0,0,0,0,93,35
273049.0,0,0,0,61,67
273112.0,0,0,0,61,67
273112.0,0,0,0,57,71
273159.0,0,0,0,58,70
273169.0,0,0,0,58,70
273169.0,0,0,0,56,72
273173.0,0,0,0,56,72
273173.0,0,0,0,55,73
273344.0,0,0,0,55,73
273390.0,0,0,0,59,69
273391.0,0,0,0,91,37
273409.0,0,0,0,91,37
273409.0,0,0,0,59,69
273475.0,0,0,0,59,69
273475.0,0,0,0,58,70
273507.0,0,0,0,58,70
273507.0,0,0,0,57,71
273538.0,0,0,0,89,39
273548.0,0,0,0,89,39
273548.0,0,0,0,57,71
273567.0,0,0,0,57,71
273567.0,0,0,0,25,103
273828.0,0,0,0,57,71
273847.0,0,0,0,57,71
273847.0,0,0,0,25,103
274034.0,0,0,0,57,71
274053.0,0,0,0,57,71
274053.0,0,0,0,25,103
274059.0,0,0,0,57,71
274074.0,0,0,0,57,71
274074.0,0,0,0,25,103
274157.0,0,0,0,26,102
274674.0,0,0,0,26,102
274674.0,0,0,0,25,103
274764.0,0,0,0,57,71
274840.0,0,0,0,57,71
274840.0,0,0,17,40,71
274967.0,0,0,17,72,39
275104.0,0,0,17,72,39
275104.0,0,0,21,68,39
275179.0,0,0,21,68,39
275179.0,0,0,25,64,39
275235.0,0,0,25,96,7
275243.0,0,0,25,96,7
275243.0,0,0,25,95,8
275265.0,0,0,25,96,7
275316.0,0,0,25,96,7
275316.0,0,0,25,32,71
275321.0,0,0,25,96,7
275322.0,0,0,25,96,7
275322.0,0,0,25,95,8
275333.0,0,0,25,96,7
275421.0,0,0,25,96,7
275421.0,0,0,25,64,39
275602.0,0,0,25,96,7
275938.0,0,0,25,98,5
276233.0,0,0,25,98,5
276233.0,0,0,25,34,69
276239.0,0,0,25,98,5
276240.0,0,0,25,98,5
276240.0,0,0,25,97,6
276251.0,0,0,25,98,5
276284.0,0,0,25,98,5
276284.0,0,0,25,97,6
276298.0,0,0,25,98,5
276396.0,0,0,25,98,5
276396.0,0,0,25,66,37
276408.0,0,0,25,66,37
276408.0,0,0,25,34,69
276411.0,0,0,25,66,37
276413.0,0,0,25,66,37
276413.0,0,0,25,65,38
276440.0,0,0,25,66,37
276589.0,0,0,25,66,37
276589.0,0,0,25,34,69
276624.0,0,0,25,66,37
276643.0,0,0,25,98,5
276644.0,0,0,25,98,5
276644.0,0,0,25,66,37
276997.0,0,0,25,67,36
277030.0,0,0,25,67,36
277030.0,0,0,25,66,37
277323.0,0,0,25,99,4
277324.0,0,0,25,100,3
277325.0,0,0,25,101,2
277540.0,17,0,8,101,2
277804.0,21,0,4,101,2
277879.0,25,0,0,101,2
278364.0,25,0,0,101,2
278835.0,25,0,0,101,2
278835.0,25,0,32,69,2
278921.0,25,0,32,69,2
278921.0,25,0,33,68,2
278950.0,25,0,33,70,0
279538.0,25,0,33,70,0
279538.0,25,0,34,69,0
280243.0,25,0,34,69,0
280243.0,25,0,65,38,0
280597.0,25,0,65,38,0
280597.0,25,0,66,37,0
280923.0,25,0,66,37,0
280923.0,25,0,99,4,0
280924.0,25,0,99,4,0
280924.0,25,0,100,3,0
280925.0,25,0,100,3,0
280925.0,25,0,101,2,0
281535.0,57,0,69,2,0
281621.0,58,0,68,2,0
282238.0,59,0,67,2,0
282550.0,59,0,67,2,0
282550.0,59,0,69,0,0
282943.0,90,0,38,0,0
283297.0,91,0,37,0,0
283623.0,124,0,4,0,0
283624.0,125,0,3,0,0
283625.0,126,0,2,0,0
285250.0,128,0,0,0,0
290140.0,128,0,0,0,0
290140.0,0,128,0,0,0
290783.0,0,128,0,0,0
291940.0,0,0,0,128,0
291940.0,0,0,0,0,128
292034.0,0,0,0,128,0
292034.0,0,0,0,64,64
295634.0,0,0,0,64,64
295634.0,0,0,64,0,64
298125.0,0,0,64,0,64
298334.0,64,0,0,0,64
298334.0,63,1,0,0,64
300134.0,63,0,0,1,64
300134.0,63,0,0,0,65
300156.0,63,0,0,1,64
303756.0,63,0,0,1,64
303756.0,63,0,1,0,64
306456.0,64,0,0,0,64
323259.0,64,0,0,0,64
323259.0,63,1,0,0,64
323336.0,63,1,0,0,64
323336.0,62,2,0,0,64
323860.0,62,2,0,0,64
324508.0,62,2,0,64,0
324508.0,62,2,0,0,64
325038.0,62,2,0,0,64
325038.0,61,3,0,0,64
325059.0,61,2,0,1,64
325059.0,61,2,0,0,65
325077.0,61,2,0,1,64
325090.0,61,2,0,1,64
325136.0,61,1,0,2,64
325136.0,61,1,0,1,65
325157.0,61,1,0,2,64
325582.0,61,1,0,2,64
326160.0,61,1,0,66,0
326160.0,61,1,0,2,64
326325.0,61,1,0,66,0
326325.0,61,1,0,2,64
326804.0,61,1,0,2,64
326838.0,61,0,0,3,64
326838.0,61,0,0,2,65
326853.0,61,0,0,3,64
326853.0,0,61,0,3,64
327497.0,0,61,0,67,0
328238.0,0,61,0,67,0
328238.0,0,61,0,3,64
328596.0,0,61,0,67,0
328622.0,0,61,0,67,0
328622.0,0,61,0,3,64
328653.0,0,0,0,64,64
328653.0,0,0,0,0,128
328677.0,0,0,0,0,128
329942.0,0,0,0,64,64
331097.0,0,0,0,64,64
332196.0,0,0,0,64,64
333542.0,0,0,0,64,64
333542.0,0,0,64,0,64
333568.0,0,0,64,64,0
333698.0,0,0,64,64,0
333698.0,0,0,64,0,64
334702.0,0,0,64,0,64
334739.0,0,0,64,0,64
334768.0,0,0,64,0,64
334790.0,0,0,64,0,64
334843.0,0,0,64,64,0
334909.0,0,0,64,64,0
334909.0,0,0,64,0,64
335499.0,0,0,64,0,64
335521.0,0,0,64,0,64
335761.0,0,0,64,0,64
335768.0,0,0,64,0,64
335829.0,0,0,64,0,64
335894.0,0,0,64,0,64
335913.0,0,0,64,0,64
335959.0,0,0,64,0,64
335960.0,0,0,64,0,64
335984.0,0,0,64,0,64
336218.0,0,0,64,0,64
336232.0,0,0,64,0,64
336242.0,64,0,0,0,64
336242.0,4,60,0,0,64
336247.0,4,60,0,64,0
336247.0,4,60,0,0,64
336252.0,4,60,0,32,32
336253.0,4,60,0,32,32
336253.0,4,60,0,31,33
336287.0,4,60,0,32,32
336301.0,4,60,0,32,32
336301.0,4,60,0,28,36
336961.0,4,60,0,28,36
337168.0,4,60,0,28,36
337738.0,4,60,0,28,36
338042.0,4,0,0,88,36
338042.0,4,0,0,28,96
338060.0,4,0,0,29,95
338067.0,4,0,0,30,94
338073.0,4,0,0,31,93
338081.0,4,0,0,32,92
338082.0,4,0,0,33,91
338191.0,4,0,0,33,91
338199.0,4,0,0,37,87
338247.0,4,0,0,39,85
338261.0,4,0,0,71,53
338261.0,4,0,0,7,117
338268.0,4,0,0,11,113
338336.0,4,0,0,12,112
338443.0,4,0,0,12,112
338693.0,4,0,0,14,110
338715.0,4,0,0,18,106
338989.0,4,0,0,82,42
338989.0,4,0,0,18,106
339374.0,4,0,0,82,42
339374.0,4,0,0,18,106
339852.0,4,0,0,18,106
339883.0,4,0,0,18,106
339883.0,4,0,0,16,108
339923.0,4,0,0,18,106
339943.0,4,0,0,18,106
339943.0,4,0,0,16,108
340146.0,4,0,0,18,106
340586.0,4,0,0,18,106
340586.0,4,0,0,16,108
340672.0,4,0,0,16,108
340672.0,4,0,0,15,109
340695.0,4,0,0,16,108
340798.0,4,0,0,18,106
340963.0,4,0,0,18,106
341075.0,4,0,0,18,106
341097.0,4,0,0,18,106
341505.0,4,0,0,18,106
341660.0,4,0,0,18,106
341660.0,4,0,1,17,106
341681.0,4,0,1,17,106
341681.0,4,0,2,16,106
341792.0,4,0,2,16,106
341799.0,4,0,2,16,106
341799.0,4,0,6,12,106
341852.0,4,0,6,76,42
341852.0,4,0,6,6,112
341861.0,4,0,6,6,112
341861.0,4,0,7,5,112
341896.0,4,0,7,5,112
341911.0,4,0,7,7,110
341937.0,4,0,7,11,106
341941.0,4,0,7,11,106
342339.0,4,0,7,75,42
342339.0,4,0,7,9,108
342375.0,4,0,7,11,106
342394.0,4,0,7,11,106
342431.0,4,0,7,11,106
342491.0,4,0,7,11,106
342530.0,4,0,7,11,106
342589.0,4,0,7,11,106
342589.0,4,0,10,8,106
342667.0,4,0,10,72,42
342667.0,4,0,10,6,108
342726.0,4,0,10,8,106
342844.0,4,0,10,8,106
342844.0,4,0,10,6,108
342957.0,4,0,10,8,106
343001.0,4,0,10,8,106
343001.0,4,0,10,6,108
343036.0,4,0,10,8,106
343198.0,4,0,10,8,106
343198.0,4,0,10,6,108
343250.0,4,0,10,8,106
343325.0,4,0,10,8,106
343325.0,4,0,10,6,108
343368.0,4,0,10,8,106
343459.0,4,0,10,8,106
343459.0,4,0,10,6,108
343500.0,4,0,10,8,106
343554.0,4,0,10,8,106
343554.0,4,0,10,6,108
343575.0,4,0,10,8,106
343919.0,4,0,10,8,106
343940.0,4,0,10,8,106
343940.0,4,0,10,6,108
344020.0,4,0,10,8,106
344360.0,5,0,9,8,106
344381.0,6,0,8,8,106
344381.0,5,1,8,8,106
344445.0,5,1,8,8,106
344445.0,5,1,8,7,107
344460.0,5,1,8,8,106
344499.0,9,1,4,8,106
344499.0,5,5,4,8,106
344561.0,6,5,3,8,106
344561.0,5,6,3,8,106
344621.0,5,6,3,10,104
344642.0,5,6,3,14,100
345212.0,5,6,3,78,36
345289.0,8,6,0,78,36
345289.0,5,9,0,78,36
345294.0,5,9,0,78,36
345294.0,5,9,0,14,100
345414.0,5,9,0,14,100
345414.0,0,14,0,14,100
345511.0,0,14,0,14,100
345515.0,0,14,0,14,100
345569.0,0,14,0,14,100
346181.0,0,13,0,15,100
346181.0,0,13,0,11,104
346283.0,0,13,0,15,100
346283.0,0,13,0,14,101
346287.0,0,13,0,15,100
346299.0,0,9,0,19,100
346299.0,0,9,0,15,104
346320.0,0,9,0,17,102
346328.0,0,9,0,19,100
346361.0,0,8,0,20,100
346702.0,0,8,0,84,36
346702.0,0,8,0,68,52
346704.0,0,8,0,68,52
346704.0,0,8,0,67,53
346718.0,0,8,0,68,52
346766.0,0,8,0,68,52
347089.0,0,5,0,71,52
347089.0,0,5,0,67,56
347110.0,0,5,0,71,52
347214.0,0,0,0,76,52
347214.0,0,0,0,60,68
347358.0,0,0,0,76,52
347358.0,0,0,0,12,116
347903.0,0,0,0,12,116
348179.0,0,0,0,12,116
348303.0,0,0,0,76,52
348303.0,0,0,0,11,117
348352.0,0,0,0,12,116
349883.0,0,0,0,12,116
349883.0,0,0,1,11,116
350958.0,0,0,1,11,116
350958.0,0,0,11,1,116
351815.0,0,0,11,1,116
351952.0,0,0,11,1,116
352011.0,0,0,11,1,116
352165.0,0,0,11,1,116
352268.0,0,0,11,1,116
352583.0,1,0,10,1,116
352583.0,0,1,10,1,116
352739.0,0,1,10,1,116
352776.0,0,1,10,1,116
352857.0,0,1,10,1,116
352941.0,0,1,10,1,116
353042.0,0,1,10,1,116
353282.0,0,1,10,1,116
353305.0,0,1,10,1,116
353385.0,0,1,10,1,116
353614.0,0,1,10,1,116
353627.0,0,1,10,1,116
353658.0,10,1,0,1,116
353658.0,4,7,0,1,116
353664.0,4,7,0,1,116
353741.0,4,7,0,1,116
353975.0,4,7,0,1,116
354075.0,4,7,0,1,116
354383.0,4,6,0,2,116
354750.0,4,6,0,2,116
354889.0,4,6,0,2,116
354897.0,4,6,0,34,84
354897.0,1,9,0,5,113
354900.0,1,9,0,6,112
354916.0,1,9,0,7,111
354918.0,1,9,0,8,110
354918.0,0,10,0,8,110
354920.0,0,10,0,9,109
354920.0,0,10,0,8,110
354939.0,0,10,0,9,109
354953.0,0,10,0,13,105
354953.0,0,10,0,9,109
354967.0,0,10,0,13,105
354967.0,0,10,0,9,109
354979.0,0,10,0,11,107
354979.0,0,10,0,9,109
354984.0,0,10,0,9,109
354986.0,0,10,0,11,107
354991.0,0,10,0,15,103
355004.0,0,10,0,23,95
355016.0,0,10,0,27,91
355056.0,0,10,0,28,90
355114.0,0,10,0,32,86
355116.0,0,10,0,34,84
355119.0,0,10,0,34,84
355132.0,0,10,0,34,84
355182.0,0,10,0,38,80
355191.0,0,10,0,38,80
355276.0,0,10,0,38,80
355405.0,0,10,0,38,80
355444.0,0,10,0,38,80
355458.0,0,4,0,44,80
355458.0,0,4,0,36,88
355580.0,0,4,0,44,80
355580.0,0,4,0,12,112
355625.0,0,4,0,12,112
355626.0,0,4,0,44,80
355626.0,0,4,0,6,118
355655.0,0,4,0,6,118
355670.0,0,4,0,6,118
355686.0,0,4,0,10,114
355723.0,0,4,0,10,114
355741.0,0,4,0,12,112
355796.0,0,4,0,12,112
355814.0,0,4,0,44,80
355814.0,0,4,0,10,114
355857.0,0,4,0,10,114
355934.0,0,4,0,12,112
355952.0,0,4,0,44,80
355952.0,0,4,0,10,114
356031.0,0,4,0,10,114
356044.0,0,4,0,74,50
356044.0,0,4,0,7,117
356074.0,0,4,0,7,117
356076.0,0,4,0,39,85
356076.0,0,4,0,31,93
356109.0,0,4,0,32,92
356138.0,0,4,0,34,90
356283.0,0,4,0,36,88
356358.0,0,4,0,68,56
356358.0,0,4,0,28,96
356395.0,0,4,0,32,92
356487.0,0,4,0,36,88
356547.0,0,4,0,68,56
356547.0,0,4,0,32,92
356697.0,0,1,0,35,92
356697.0,0,1,0,29,98
356698.0,0,1,0,29,98
356718.0,0,0,0,30,98
356718.0,0,0,0,26,102
356740.0,0,0,0,30,98
356851.0,0,0,0,34,94
356851.0,0,0,0,2,126
356871.0,0,0,0,34,94
356900.0,0,0,0,34,94
356900.0,0,0,0,30,98
356902.0,0,0,0,32,96
356956.0,0,0,0,36,92
357155.0,0,0,0,36,92
357155.0,0,0,0,4,124
357280.0,0,0,0,36,92
358319.0,0,0,0,52,76
358500.0,0,0,0,52,76
358539.0,0,0,0,52,76
358553.0,0,0,0,52,76
359180.0,0,0,0,52,76
359286.0,0,0,0,52,76
360340.0,0,0,0,52,76
360340.0,0,0,1,51,76
360451.0,0,0,1,51,76
360451.0,0,0,2,50,76
360502.0,0,0,2,50,76
360502.0,0,0,4,48,76
360617.0,0,0,4,48,76
360617.0,0,0,4,16,108
360682.0,0,0,4,48,76
360880.0,0,0,4,48,76
360880.0,0,0,20,32,76
361011.0,0,0,20,32,76
361011.0,0,0,20,28,80
361039.0,0,0,20,32,76
361126.0,0,0,20,32,76
361126.0,0,0,20,28,80
361297.0,0,0,20,32,76
361310.0,0,0,20,32,76
361310.0,0,0,20,28,80
361340.0,0,0,20,32,76
361368.0,0,0,20,32,76
361368.0,0,0,20,28,80
361395.0,0,0,20,32,76
361422.0,0,0,20,32,76
361422.0,0,0,20,28,80
361449.0,0,0,20,32,76
361480.0,0,0,20,32,76
361480.0,0,0,20,31,77
361529.0,0,0,20,32,76
361548.0,0,0,20,32,76
361548.0,0,0,20,31,77
361564.0,0,0,20,32,76
361573.0,0,0,20,40,68
361589.0,0,0,20,72,36
361595.0,0,0,20,72,36
361595.0,0,0,20,71,37
361648.0,0,0,20,71,37
361648.0,0,0,20,70,38
361678.0,0,0,20,71,37
361708.0,0,0,20,71,37
361708.0,0,0,20,70,38
361712.0,0,0,20,71,37
361738.0,0,0,20,72,36
361775.0,0,0,20,72,36
361775.0,0,0,20,71,37
361778.0,0,0,20,72,36
361837.0,0,0,20,72,36
361837.0,0,0,20,71,37
361889.0,0,0,20,71,37
361889.0,0,0,20,70,38
361917.0,0,0,20,71,37
361944.0,0,0,20,71,37
361944.0,0,0,20,70,38
361961.0,0,0,20,70,38
361961.0,0,0,20,69,39
361963.0,0,0,20,70,38
362033.0,0,0,20,71,37
362036.0,0,0,20,72,36
362057.0,0,0,20,72,36
362057.0,0,0,20,40,68
362163.0,0,0,20,40,68
362163.0,0,0,20,39,69
362276.0,0,0,20,71,37
362348.0,0,0,20,72,36
362449.0,0,0,20,72,36
362449.0,0,0,20,71,37
362465.0,0,0,20,72,36
362507.0,0,0,20,72,36
362507.0,0,0,20,71,37
362524.0,0,0,20,72,36
362616.0,0,0,20,72,36
362616.0,0,0,20,68,40
362670.0,0,0,20,68,40
362670.0,0,0,20,67,41
362715.0,0,0,20,68,40
362717.0,0,0,20,72,36
363040.0,1,0,19,72,36
363151.0,2,0,18,72,36
363170.0,2,0,18,72,36
363170.0,2,0,18,40,68
363202.0,4,0,16,40,68
363204.0,4,0,16,40,68
363204.0,4,0,16,32,76
363213.0,4,0,16,32,76
363267.0,4,0,16,32,76
363296.0,4,0,16,32,76
363580.0,20,0,0,32,76
363580.0,17,3,0,32,76
363733.0,17,3,0,32,76
363733.0,16,4,0,32,76
363823.0,16,4,0,32,76
363823.0,12,8,0,32,76
363865.0,12,8,0,32,76
363865.0,9,11,0,32,76
363895.0,9,11,0,32,76
363895.0,9,11,0,31,77
363916.0,9,11,0,32,76
364282.0,9,11,0,32,76
365189.0,9,11,0,32,76
365189.0,9,11,30,2,76
365380.0,9,8,30,5,76
365380.0,9,8,30,2,79
365401.0,9,8,30,4,77
365533.0,9,7,30,5,77
365533.0,9,7,30,4,78
365623.0,9,3,30,8,78
365623.0,9,3,30,4,82
365624.0,9,3,30,5,81
365640.0,9,3,30,9,77
365665.0,9,0,30,12,77
365665.0,9,0,30,8,81
365672.0,9,0,30,9,80
365729.0,9,0,30,13,76
367516.0,9,0,30,13,76
367516.0,9,0,31,12,76
367836.0,9,0,31,12,76
367836.0,9,0,31,11,77
367861.0,9,0,31,12,76
367889.0,39,0,1,12,76
367910.0,39,0,1,12,76
367910.0,20,19,1,12,76
368047.0,20,19,1,12,76
368241.0,20,19,1,44,44
368242.0,20,19,1,52,36
368248.0,20,19,1,52,36
368304.0,20,19,1,52,36
368372.0,20,19,1,52,36
368377.0,20,19,1,52,36
368475.0,20,19,1,84,4
368475.0,20,19,1,20,68
368711.0,20,19,1,24,64
368711.0,0,39,1,24,64
369001.0,0,39,1,24,64
369478.0,0,39,1,24,64
369479.0,0,39,1,24,64
369710.0,0,20,1,43,64
369899.0,0,20,1,107,0
369899.0,0,20,1,70,37
369916.0,0,20,1,71,36
370216.0,1,20,0,71,36
370216.0,0,21,0,71,36
370511.0,0,1,0,91,36
370511.0,0,1,0,59,68
370550.0,0,1,0,91,36
370550.0,0,1,0,58,69
370574.0,0,1,0,59,68
370718.0,0,1,0,59,68
370731.0,0,1,0,59,68
370858.0,0,1,0,59,68
370955.0,0,1,0,59,68
371841.0,0,1,0,59,68
371842.0,0,1,0,59,68
371873.0,0,1,0,91,36
371873.0,0,1,0,59,68
371874.0,0,1,0,91,36
371874.0,0,1,0,59,68
371999.0,0,1,0,91,36
371999.0,0,1,0,59,68
372016.0,0,0,0,60,68
372016.0,0,0,0,28,100
372067.0,0,0,0,60,68
372067.0,0,0,0,28,100
372094.0,0,0,0,60,68
372155.0,0,0,0,92,36
373499.0,0,0,0,92,36
374150.0,0,0,0,92,36
374150.0,0,0,20,72,36
375259.0,0,0,20,72,36
375259.0,0,0,20,40,68
375562.0,0,0,20,40,68
375562.0,0,0,20,8,100
375618.0,0,0,20,8,100
375618.0,0,0,20,4,104
375639.0,0,0,20,8,100
375645.0,0,0,20,8,100
375667.0,0,0,20,8,100
375667.0,0,0,24,4,100
376850.0,20,0,4,4,100
376855.0,20,0,4,36,68
377087.0,20,0,4,40,64
377087.0,0,20,4,40,64
378367.0,4,20,0,40,64
378367.0,0,24,0,40,64
378887.0,0,4,0,60,64
379239.0,0,4,0,60,64
380167.0,0,0,0,64,64
380167.0,0,0,0,0,128
380642.0,0,0,0,32,96
380647.0,0,0,0,32,96
380647.0,0,0,0,0,128
380707.0,0,0,0,32,96
380743.0,0,0,0,32,96
380743.0,0,0,0,0,128
380809.0,0,0,0,32,96
381110.0,0,0,0,32,96
381110.0,0,0,0,0,128
381170.0,0,0,0,32,96
381471.0,0,0,0,32,96
381471.0,0,0,0,0,128
381529.0,0,0,0,32,96
381830.0,0,0,0,32,96
381830.0,0,0,0,0,128
381896.0,0,0,0,32,96
382198.0,0,0,0,32,96
382198.0,0,0,0,0,128
382256.0,0,0,0,32,96
382559.0,0,0,0,32,96
382559.0,0,0,0,0,128
382619.0,0,0,0,32,96
382920.0,0,0,0,32,96
382920.0,0,0,0,0,128
382986.0,0,0,0,32,96
383288.0,0,0,0,32,96
383288.0,0,0,0,0,128
383351.0,0,0,0,32,96
383653.0,0,0,0,32,96
383653.0,0,0,0,0,128
383714.0,0,0,0,32,96
384016.0,0,0,0,32,96
384016.0,0,0,0,0,128
384077.0,0,0,0,32,96
384242.0,0,0,0,32,96
384307.0,0,0,0,32,96
384378.0,0,0,0,32,96
384378.0,0,0,0,0,128
384409.0,0,0,0,0,128
384440.0,0,0,0,32,96
384675.0,0,0,0,32,96
384675.0,0,0,0,31,97
384679.0,0,0,0,32,96
384688.0,0,0,0,32,96
384688.0,0,0,0,0,128
384770.0,0,0,0,0,128
384902.0,0,0,0,32,96
385046.0,0,0,0,32,96
385046.0,0,0,0,0,128
385111.0,0,0,0,32,96
385129.0,0,0,0,32,96
385412.0,0,0,0,32,96
385412.0,0,0,0,0,128
385477.0,0,0,0,0,128
385496.0,0,0,0,0,128
385856.0,0,0,0,0,128
386183.0,0,0,0,32,96
386183.0,0,0,0,28,100
386193.0,0,0,0,60,68
386214.0,0,0,0,60,68
386219.0,0,0,0,60,68
386586.0,0,0,0,60,68
386896.0,0,0,0,64,64
386951.0,0,0,0,64,64
387314.0,0,0,0,64,64
387677.0,0,0,0,64,64
388040.0,0,0,0,64,64
388502.0,0,0,0,64,64
388711.0,0,0,0,64,64
389771.0,0,0,0,128,0
389771.0,0,0,0,0,128
389783.0,0,0,0,0,128
397148.0,0,0,0,0,128
400700.0,0,0,0,128,0
400700.0,0,0,0,0,128
408098.0,0,0,0,0,128
411643.0,0,0,0,128,0
411643.0,0,0,0,0,128
411862.0,0,0,0,0,128
411921.0,0,0,0,0,128
415130.0,0,0,0,128,0
415130.0,0,0,0,92,36
418730.0,0,0,0,92,36
418730.0,0,0,92,0,36
420664.0,0,0,92,0,36
420702.0,0,0,92,0,36
420993.0,0,0,92,0,36
421430.0,92,0,0,0,36
421430.0,27,65,0,0,36
422354.0,27,65,0,0,36
422722.0,27,65,0,0,36
423230.0,27,0,0,65,36
423230.0,27,0,0,0,101
423252.0,27,0,0,1,100
423393.0,27,0,0,65,36
423393.0,25,2,0,0,101
423408.0,25,2,0,1,100
425193.0,25,0,0,3,100
425193.0,25,0,0,1,102
426852.0,25,0,0,1,102
427008.0,25,0,0,1,102
427008.0,25,0,1,0,102
427776.0,25,0,1,2,100
429708.0,26,0,0,2,100
430064.0,26,0,0,2,100
430064.0,20,6,0,2,100
430123.0,20,6,0,2,100
430123.0,12,14,0,2,100
430409.0,12,14,0,2,100
430409.0,4,22,0,2,100
430543.0,4,22,0,2,100
430543.0,3,23,0,2,100
431201.0,3,23,0,2,100
431264.0,3,23,0,2,100
431376.0,3,23,0,2,100
431864.0,3,17,0,8,100
431864.0,3,17,0,0,108
431915.0,3,17,0,8,100
431923.0,3,9,0,16,100
431923.0,3,9,0,8,108
431971.0,3,9,0,16,100
432209.0,3,1,0,24,100
432209.0,3,1,0,16,108
432297.0,3,1,0,24,100
432343.0,3,0,0,25,100
432343.0,3,0,0,24,101
432523.0,3,0,0,25,100
432891.0,3,0,0,25,100
434235.0,3,0,0,29,96
434235.0,0,3,0,29,96
434294.0,0,3,0,61,64
434294.0,0,3,0,56,69
434310.0,0,3,0,57,68
435286.0,0,3,0,121,4
435515.0,0,3,0,121,4
436035.0,0,0,0,124,4
436035.0,0,0,0,92,36
437894.0,0,0,0,92,36
437894.0,0,0,27,65,36
437910.0,0,0,27,65,36
437910.0,0,0,28,64,36
438886.0,0,0,28,64,36
438886.0,0,0,92,0,36
439436.0,0,0,92,0,36
439499.0,0,0,92,0,36
440594.0,27,0,65,0,36
440594.0,0,27,65,0,36
440610.0,1,27,64,0,36
440610.0,0,28,64,0,36
441586.0,64,28,0,0,36
441586.0,56,36,0,0,36
442156.0,56,36,0,4,32
442394.0,56,9,0,31,32
442410.0,56,8,0,32,32
443386.0,56,0,0,40,32
443386.0,56,0,0,4,68
443959.0,56,0,0,36,36
444872.0,56,0,0,36,36
444872.0,56,0,0,35,37
444883.0,56,0,0,36,36
444995.0,56,0,0,36,36
444995.0,0,56,0,36,36
445756.0,0,56,0,36,36
446795.0,0,0,0,92,36
446795.0,0,0,0,28,100
447559.0,0,0,0,28,100
447559.0,0,0,28,0,100
450076.0,0,0,28,0,100
450259.0,28,0,0,0,100
450259.0,27,1,0,0,100
452059.0,27,0,0,1,100
452059.0,27,0,0,0,101
452077.0,27,0,0,1,100
454753.0,27,0,0,1,100
454753.0,27,0,0,0,101
454777.0,27,0,0,1,100
455677.0,27,0,0,1,100
456884.0,27,0,0,1,100
456884.0,27,0,0,0,101
456898.0,27,0,0,1,100
457470.0,27,0,0,1,100
457470.0,27,0,0,0,101
457480.0,27,0,0,1,100
458377.0,27,0,0,1,100
458682.0,27,0,0,65,36
460207.0,27,0,0,65,36
460207.0,27,0,0,33,68
460305.0,27,0,0,65,36
460498.0,27,0,0,65,36
461080.0,27,0,0,65,36
461080.0,27,0,1,64,36
461660.0,27,0,1,64,36
461660.0,27,0,1,0,100
462282.0,27,0,1,0,100
463780.0,28,0,0,0,100
466054.0,28,0,0,0,100
466054.0,27,1,0,0,100
467048.0,27,1,0,0,100
467048.0,26,2,0,0,100
467107.0,26,2,0,0,100
467107.0,25,3,0,0,100
467854.0,25,2,0,1,100
467854.0,25,2,0,0,101
467868.0,25,2,0,1,100
468848.0,25,1,0,2,100
468848.0,25,1,0,1,101
468877.0,25,1,0,2,100
468907.0,25,0,0,3,100
468907.0,25,0,0,2,101
468922.0,25,0,0,3,100
471237.0,25,0,0,67,36
471252.0,25,0,0,67,36
471468.0,25,0,0,67,36
471468.0,25,0,1,66,36
472477.0,25,0,1,66,36
472477.0,25,0,2,65,36
472522.0,25,0,2,65,36
472522.0,25,0,3,64,36
474168.0,26,0,2,64,36
474837.0,26,0,2,64,36
474837.0,26,0,66,0,36
475133.0,26,0,66,4,32
475177.0,27,0,65,4,32
475193.0,27,0,65,36,0
475193.0,0,27,65,36,0
475222.0,1,27,64,36,0
475222.0,0,28,64,36,0
476993.0,0,1,64,63,0
477022.0,0,0,64,64,0
477537.0,64,0,0,64,0
477537.0,0,64,0,64,0
478733.0,0,64,0,64,0
479337.0,0,0,0,128,0
479337.0,0,0,0,0,128
480974.0,0,0,0,0,128
484708.0,0,0,0,0,128
489056.0,0,0,0,128,0
489056.0,0,0,0,0,128
492783.0,0,0,0,128,0
492783.0,0,0,0,0,128
496243.0,0,0,0,128,0
497654.0,0,0,0,128,0
497654.0,0,0,0,0,128
499843.0,0,0,0,0,128
507365.0,0,0,0,128,0
508039.0,0,0,0,128,0
508039.0,0,0,0,64,64
508116.0,0,0,0,64,64
508116.0,0,0,0,63,65
508134.0,0,0,0,64,64
508753.0,0,0,0,64,64
508753.0,0,0,0,63,65
508768.0,0,0,0,64,64
510446.0,0,0,0,64,64
510446.0,0,0,0,63,65
510461.0,0,0,0,64,64
510965.0,0,0,0,64,64
510965.0,0,0,63,1,64
513665.0,63,0,0,1,64
514061.0,63,0,0,1,64
514061.0,63,0,1,0,64
516761.0,64,0,0,0,64
520321.0,64,0,0,64,0
521308.0,64,0,0,64,0
521308.0,64,0,0,0,64
523921.0,64,0,0,0,64
529473.0,64,0,0,0,64
529473.0,0,64,0,0,64
531273.0,0,0,0,64,64
531273.0,0,0,0,0,128
533031.0,0,0,0,64,64
533033.0,0,0,0,64,64
533033.0,0,0,0,63,65
533048.0,0,0,0,64,64
535147.0,0,0,0,64,64
535147.0,0,0,0,32,96
535413.0,0,0,0,64,64
536631.0,0,0,0,64,64
536631.0,0,0,32,32,64
538618.0,0,0,32,32,64
538618.0,0,0,32,0,96
539013.0,0,0,32,0,96
539331.0,32,0,0,0,96
539945.0,32,0,0,32,64
539976.0,32,0,0,32,64
539976.0,32,0,0,0,96
540041.0,32,0,0,0,96
540041.0,28,4,0,0,96
541154.0,28,4,0,0,96
541154.0,27,5,0,0,96
541405.0,27,5,0,0,96
541405.0,26,6,0,0,96
541841.0,26,2,0,4,96
541841.0,26,2,0,0,100
542898.0,26,2,0,0,100
542954.0,26,1,0,1,100
542954.0,26,1,0,0,101
542966.0,26,1,0,1,100
543043.0,26,1,0,1,100
543205.0,26,0,0,2,100
543205.0,26,0,0,1,101
543231.0,26,0,0,2,100
543545.0,26,0,0,2,100
543887.0,26,0,0,2,100
544433.0,26,0,0,66,36
544433.0,0,26,0,66,36
545494.0,0,26,0,66,36
546233.0,0,0,0,92,36
546233.0,0,0,0,28,100
546369.0,0,0,0,92,36
546369.0,0,0,0,28,100
546427.0,0,0,0,28,100
546566.0,0,0,0,28,100
546591.0,0,0,0,92,36
546591.0,0,0,0,28,100
546742.0,0,0,0,60,68
546742.0,0,0,0,28,100
546752.0,0,0,0,60,68
546799.0,0,0,0,60,68
546799.0,0,0,0,28,100
546895.0,0,0,0,60,68
546953.0,0,0,0,92,36
547231.0,0,0,0,92,36
547231.0,0,0,0,60,68
547392.0,0,0,0,92,36
547795.0,0,0,0,92,36
547795.0,0,0,0,60,68
547949.0,0,0,0,92,36
548033.0,0,0,0,92,36
548033.0,0,0,28,64,36
548039.0,0,0,28,64,36
548039.0,0,0,28,0,100
548061.0,0,0,28,32,68
548071.0,0,0,28,96,4
548078.0,0,0,28,96,4
549864.0,0,0,28,100,0
550495.0,0,0,28,100,0
550733.0,28,0,0,100,0
550733.0,0,28,0,100,0
551661.0,0,28,0,100,0
552533.0,0,0,0,128,0
552533.0,0,0,0,0,128
557802.0,0,0,0,0,128
562253.0,0,0,0,128,0
562253.0,0,0,0,0,128
567369.0,0,0,0,0,128
571816.0,0,0,0,128,0
571816.0,0,0,0,0,128
581380.0,0,0,0,128,0
584465.0,0,0,0,128,0
584465.0,0,0,0,120,8
584531.0,0,0,0,128,0
584980.0,0,0,0,128,0
584980.0,0,0,120,8,0
587680.0,120,0,0,8,0
588131.0,120,0,0,8,0
588131.0,120,0,8,0,0
588265.0,120,0,8,0,0
588265.0,0,120,8,0,0
588395.0,0,120,8,0,0
590065.0,0,0,8,120,0
590831.0,8,0,0,120,0
590831.0,0,8,0,120,0
592002.0,0,8,0,120,0
592037.0,0,8,0,120,0
592506.0,0,8,0,120,0
592631.0,0,0,0,128,0
592631.0,0,0,0,0,128
592728.0,0,0,0,128,0
592728.0,0,0,0,103,25
592744.0,0,0,0,104,24
592748.0,0,0,0,112,16
592776.0,0,0,0,120,8
592777.0,0,0,0,128,0
592789.0,0,0,0,128,0
592789.0,0,0,0,96,32
592822.0,0,0,0,128,0
592844.0,0,0,0,128,0
592844.0,0,0,0,112,16
592950.0,0,0,0,128,0
593087.0,0,0,0,128,0
593087.0,0,0,0,112,16
593134.0,0,0,0,128,0
593259.0,0,0,0,128,0
593259.0,0,0,0,120,8
593307.0,0,0,0,128,0
593436.0,0,0,0,128,0
593436.0,0,0,0,112,16
593478.0,0,0,0,128,0
593881.0,0,0,0,128,0
593881.0,0,0,0,112,16
593935.0,0,0,0,128,0
594299.0,0,0,0,128,0
594299.0,0,0,0,127,1
594317.0,0,0,0,128,0
594428.0,0,0,0,128,0
594428.0,0,0,0,64,64
595028.0,0,0,0,64,64
595028.0,0,0,0,62,66
595051.0,0,0,0,64,64
595118.0,0,0,0,64,64
595118.0,0,0,0,62,66
595160.0,0,0,0,62,66
595160.0,0,0,0,61,67
595175.0,0,0,0,62,66
595244.0,0,0,0,64,64
595648.0,0,0,0,64,64
595648.0,0,0,0,60,68
595698.0,0,0,0,64,64
595779.0,0,0,0,64,64
595779.0,0,0,0,60,68
596040.0,0,0,0,64,64
596045.0,0,0,0,64,64
596045.0,0,0,0,32,96
596047.0,0,0,0,64,64
596127.0,0,0,0,64,64
596127.0,0,0,0,32,96
596195.0,0,0,0,32,96
596195.0,0,0,0,28,100
596215.0,0,0,0,28,100
596215.0,0,0,0,12,116
596328.0,0,0,0,12,116
596328.0,0,0,12,0,116
596361.0,0,0,12,16,100
596455.0,0,0,12,80,36
596483.0,0,0,12,80,36
596483.0,0,0,12,16,100
596621.0,0,0,12,16,100
596621.0,0,0,12,12,104
596649.0,0,0,12,16,100
596677.0,0,0,12,16,100
596677.0,0,0,12,12,104
596678.0,0,0,12,16,100
596997.0,0,0,12,16,100
596997.0,0,0,12,0,116
597029.0,0,0,12,0,116
597174.0,0,0,12,16,100
597236.0,0,0,12,16,100
597236.0,0,0,12,12,104
597297.0,0,0,12,16,100
597302.0,0,0,12,16,100
597302.0,0,0,12,0,116
597482.0,0,0,12,0,116
597555.0,0,0,12,16,100
597936.0,0,0,12,16,100
597936.0,0,0,12,0,116
598032.0,0,0,12,16,100
598132.0,0,0,12,16,100
598132.0,0,0,12,0,116
598226.0,0,0,12,16,100
598284.0,0,0,12,16,100
598284.0,0,0,12,15,101
598336.0,0,0,12,16,100
598387.0,0,0,12,16,100
598387.0,0,0,12,15,101
598389.0,0,0,12,16,100
598419.0,0,0,12,16,100
598419.0,0,0,12,15,101
598449.0,0,0,12,16,100
598828.0,0,0,12,16,100
598828.0,0,0,12,12,104
598883.0,0,0,12,16,100
599028.0,12,0,0,16,100
599028.0,7,5,0,16,100
599377.0,7,5,0,16,100
599377.0,7,5,0,15,101
599408.0,7,5,0,16,100
599550.0,7,5,0,16,100
599550.0,7,5,0,15,101
599554.0,7,5,0,15,101
599554.0,7,5,0,11,105
599567.0,7,5,0,11,105
599567.0,7,5,0,10,106
599589.0,7,5,0,10,106
599589.0,7,5,0,8,108
599603.0,7,5,0,9,107
599644.0,7,5,0,10,106
599658.0,7,5,0,14,102
599754.0,7,5,0,14,102
599754.0,7,5,0,10,106
599824.0,7,5,0,14,102
599864.0,7,5,0,16,100
599961.0,7,5,0,16,100
600042.0,7,5,0,16,100
600042.0,7,5,0,14,102
600156.0,7,5,0,14,102
600156.0,7,5,0,10,106
600205.0,7,5,0,12,104
600435.0,7,5,0,12,104
600435.0,7,5,0,8,108
600442.0,7,5,0,12,104
600493.0,7,5,0,12,104
600493.0,7,5,0,10,106
600515.0,7,5,0,14,102
600543.0,7,5,0,14,102
600543.0,7,5,0,10,106
600679.0,7,5,0,14,102
600705.0,7,5,0,14,102
600705.0,7,5,0,10,106
600728.0,7,5,0,10,106
600728.0,7,5,0,9,107
600774.0,7,5,0,9,107
600781.0,7,5,0,11,105
600828.0,7,0,0,16,105
600828.0,7,0,0,11,110
600880.0,7,0,0,12,109
600891.0,7,0,0,16,105
600938.0,7,0,0,16,105
600938.0,7,0,0,14,107
600951.0,7,0,0,16,105
601062.0,7,0,0,16,105
601062.0,7,0,0,15,106
601082.0,7,0,0,15,106
601082.0,7,0,0,14,107
601091.0,7,0,0,15,106
601105.0,7,0,0,16,105
601125.0,7,0,0,20,101
601128.0,7,0,0,20,101
601128.0,7,0,0,16,105
601144.0,7,0,0,20,101
601146.0,7,0,0,20,101
601146.0,7,0,0,16,105
601155.0,7,0,0,16,105
601159.0,7,0,0,16,105
601159.0,7,0,0,15,106
601185.0,7,0,0,15,106
601185.0,7,0,0,11,110
601286.0,7,0,0,15,106
601311.0,7,0,0,19,102
601372.0,7,0,0,19,102
601372.0,7,0,0,15,106
601379.0,7,0,0,15,106
601379.0,7,0,0,11,110
601455.0,7,0,0,15,106
601483.0,7,0,0,15,106
601483.0,6,1,0,15,106
601522.0,6,1,0,15,106
601522.0,4,3,0,15,106
601531.0,4,3,0,19,102
601533.0,4,3,0,19,102
601533.0,4,3,0,18,103
601558.0,4,3,0,19,102
601632.0,4,3,0,19,102
601634.0,4,3,0,20,101
601826.0,4,3,0,20,101
602009.0,4,3,0,20,101
602009.0,4,3,0,18,103
602271.0,4,3,0,19,102
602407.0,4,3,0,21,100
602431.0,4,3,0,21,100
602431.0,4,3,0,19,102
602469.0,4,3,0,21,100
602492.0,4,3,0,21,100
602492.0,4,3,0,19,102
602641.0,4,3,0,19,102
602641.0,4,3,0,18,103
602664.0,4,3,0,19,102
602720.0,4,3,0,21,100
602843.0,4,3,0,21,100
602843.0,4,3,0,19,102
603085.0,4,3,0,19,102
603085.0,4,3,0,18,103
603104.0,4,3,0,19,102
603163.0,4,3,0,21,100
603198.0,4,3,0,21,100
603198.0,4,3,0,19,102
603283.0,4,2,0,20,102
603283.0,4,2,0,4,118
603322.0,4,0,0,6,118
603322.0,4,0,0,4,120
603323.0,4,0,0,20,104
603459.0,4,0,0,20,104
603459.0,4,0,0,19,105
603460.0,4,0,0,21,103
603483.0,4,0,0,22,102
603533.0,4,0,0,22,102
603533.0,4,0,0,20,104
603579.0,4,0,0,22,102
603630.0,4,0,0,22,102
603630.0,4,0,0,20,104
603780.0,4,0,0,22,102
603829.0,4,0,0,24,100
604041.0,4,0,0,24,100
604041.0,4,0,0,22,102
604134.0,4,0,0,24,100
604141.0,4,0,0,24,100
604141.0,4,0,0,23,101
604163.0,4,0,0,24,100
604192.0,4,0,0,24,100
604192.0,4,0,0,22,102
604536.0,4,0,0,22,102
604536.0,4,0,0,21,103
604551.0,4,0,0,23,101
604560.0,4,0,0,24,100
604583.0,4,0,0,24,100
604583.0,4,0,0,22,102
604871.0,4,0,0,24,100
605012.0,4,0,0,24,100
605012.0,4,0,0,22,102
605131.0,4,0,0,22,102
605131.0,4,0,3,19,102
605192.0,4,0,3,21,100
605255.0,4,0,3,21,100
605255.0,4,0,3,19,102
605394.0,4,0,3,19,102
605394.0,4,0,3,18,103
605398.0,4,0,3,19,102
605526.0,4,0,3,21,100
605812.0,4,0,3,21,100
605812.0,4,0,3,17,104
605874.0,4,0,3,21,100
605939.0,4,0,3,21,100
605939.0,4,0,3,17,104
606106.0,4,0,3,21,100
606162.0,4,0,3,21,100
606162.0,4,0,3,17,104
606307.0,4,0,3,17,104
606307.0,4,0,3,16,105
606402.0,4,0,3,17,104
606464.0,4,0,3,17,104
606464.0,4,0,3,16,105
606542.0,4,0,3,17,104
606591.0,4,0,3,21,100
606610.0,4,0,3,21,100
606610.0,4,0,3,19,102
606704.0,4,0,3,19,102
606704.0,4,0,4,18,102
606881.0,4,0,4,20,100
606923.0,4,0,4,20,100
606923.0,4,0,16,8,100
607060.0,4,0,16,8,100
607060.0,4,0,17,7,100
607267.0,4,0,17,7,100
607267.0,4,0,17,5,102
607376.0,4,0,17,5,102
607380.0,4,0,17,5,102
607380.0,4,0,19,3,102
607482.0,4,0,19,5,100
607490.0,4,0,19,5,100
607545.0,4,0,19,5,100
607632.0,4,0,19,5,100
607831.0,7,0,16,5,100
607831.0,4,3,16,5,100
607852.0,4,3,16,5,100
607981.0,4,3,16,5,100
608123.0,4,3,16,69,36
608123.0,4,3,16,59,46
608127.0,4,3,16,59,46
608127.0,4,3,16,58,47
608149.0,4,3,16,59,46
608200.0,4,3,16,67,38
608266.0,4,3,16,67,38
608266.0,4,3,16,65,40
608322.0,4,3,16,65,40
608322.0,2,5,16,65,40
608377.0,2,5,16,67,38
608458.0,2,5,16,69,36
608626.0,2,5,16,69,36
608695.0,2,5,16,69,36
608946.0,2,5,16,69,36
609269.0,2,5,16,69,36
609330.0,2,5,16,69,36
609366.0,2,5,16,69,36
609404.0,3,5,15,69,36
609404.0,2,6,15,69,36
609534.0,2,6,15,69,36
609609.0,2,6,15,69,36
609623.0,14,6,3,69,36
609623.0,2,18,3,69,36
609631.0,2,15,3,72,36
609760.0,3,15,2,72,36
609760.0,2,16,2,72,36
610080.0,4,16,0,72,36
610080.0,2,18,0,72,36
610122.0,2,16,0,74,36
610311.0,2,16,0,74,36
610380.0,2,16,0,74,36
610466.0,2,16,0,74,36
610623.0,2,16,0,74,36
610885.0,2,16,0,74,36
610892.0,2,16,0,74,36
611082.0,2,16,0,74,36
611204.0,2,15,0,75,36
611214.0,2,15,0,75,36
611227.0,2,15,0,75,36
611423.0,2,3,0,87,36
611423.0,2,3,0,73,50
611473.0,2,3,0,81,42
611497.0,2,3,0,85,38
611560.0,2,2,0,86,38
611560.0,2,2,0,78,46
611625.0,2,2,0,80,44
611661.0,2,2,0,88,36
611723.0,2,2,0,88,36
611738.0,2,2,0,88,36
611745.0,2,2,0,88,36
611880.0,2,0,0,90,36
611880.0,2,0,0,26,100
611917.0,2,0,0,26,100
611977.0,2,0,0,26,100
611977.0,2,0,2,24,100
612017.0,2,0,2,88,36
612017.0,2,0,2,70,54
612058.0,2,0,2,70,54
612114.0,2,0,2,86,38
612114.0,2,0,2,70,54
612147.0,2,0,2,70,54
612158.0,2,0,2,86,38
612158.0,2,0,2,62,62
612176.0,2,0,2,66,58
612176.0,1,1,2,62,62
612185.0,1,1,2,66,58
612185.0,1,1,2,62,62
612206.0,1,1,2,78,46
612206.0,1,1,2,63,61
612210.0,1,1,2,64,60
612218.0,1,1,2,68,56
612218.0,1,1,2,64,60
612223.0,1,1,2,65,59
612227.0,1,1,2,65,59
612227.0,0,2,2,65,59
612228.0,0,2,2,66,58
612229.0,0,2,2,70,54
612299.0,0,2,2,74,50
612304.0,0,2,2,76,48
612324.0,0,2,2,78,46
612429.0,0,2,2,80,44
612460.0,0,2,2,80,44
612460.0,0,2,2,76,48
612474.0,0,2,2,108,16
612481.0,0,2,2,112,12
612486.0,0,2,2,114,10
612487.0,0,2,2,116,8
612495.0,0,2,2,118,6
612497.0,0,2,2,120,4
612512.0,0,2,2,120,4
612512.0,0,2,2,118,6
612591.0,0,2,2,118,6
612591.0,0,2,2,86,38
612602.0,0,2,2,86,38
612602.0,0,2,2,82,42
612633.0,0,2,2,86,38
612737.0,0,2,2,118,6
612764.0,0,2,2,120,4
612775.0,0,2,2,124,0
612776.0,0,2,2,124,0
612776.0,0,2,2,92,32
612804.0,0,2,2,124,0
612874.0,0,2,2,124,0
612874.0,0,2,2,123,1
612895.0,0,2,2,124,0
612898.0,0,2,2,124,0
612898.0,0,2,2,122,2
612991.0,0,2,2,122,2
612991.0,0,2,2,121,3
613014.0,0,2,2,122,2
613041.0,0,2,2,124,0
613106.0,0,2,2,124,0
613106.0,0,2,2,92,32
613124.0,0,2,2,92,32
613124.0,0,2,2,90,34
613183.0,0,2,2,90,34
613183.0,0,2,2,86,38
613473.0,0,2,2,86,38
613473.0,0,2,2,85,39
613478.0,0,2,2,87,37
613494.0,0,2,2,88,36
613526.0,0,2,2,88,36
613526.0,0,2,2,86,38
613642.0,0,2,2,86,38
613642.0,0,2,2,82,42
613657.0,0,2,2,86,38
613789.0,0,2,2,88,36
613966.0,0,2,2,88,36
613966.0,0,2,2,84,40
613976.0,0,1,2,85,40
613976.0,0,1,2,84,41
613998.0,0,1,2,85,40
614027.0,0,0,2,86,40
614027.0,0,0,2,82,44
614041.0,0,0,2,86,40
614064.0,0,0,2,90,36
614074.0,0,0,2,126,0
614102.0,0,0,2,126,0
614102.0,0,0,2,124,2
614126.0,0,0,2,126,0
614130.0,0,0,2,126,0
614130.0,0,0,2,125,1
614191.0,0,0,2,125,1
614191.0,0,0,2,124,2
614220.0,0,0,2,125,1
614247.0,0,0,2,126,0
614257.0,0,0,2,126,0
614257.0,0,0,2,125,1
614345.0,0,0,2,126,0
614371.0,0,0,2,126,0
614371.0,0,0,2,125,1
614539.0,0,0,2,126,0
614555.0,0,0,2,126,0
614555.0,0,0,2,125,1
614656.0,0,0,2,126,0
614671.0,0,0,2,126,0
614671.0,0,0,2,124,2
614677.0,2,0,0,124,2
614677.0,0,2,0,124,2
615049.0,0,2,0,126,0
615086.0,0,2,0,126,0
615086.0,0,2,0,124,2
615097.0,0,2,0,124,2
615176.0,0,2,0,124,2
615176.0,0,2,0,123,3
615193.0,0,2,0,124,2
615356.0,0,2,0,124,2
615356.0,0,2,0,92,34
615521.0,0,2,0,124,2
615599.0,0,2,0,126,0
615635.0,0,2,0,126,0
615635.0,0,2,0,124,2
615806.0,0,2,0,124,2
615828.0,0,2,0,124,2
615828.0,0,2,1,123,2
615829.0,0,2,1,123,2
615829.0,0,2,3,121,2
615899.0,0,2,3,121,2
615899.0,0,2,7,117,2
615924.0,0,2,7,117,2
615924.0,0,2,9,115,2
615933.0,0,2,9,117,0
615963.0,0,2,9,117,0
615963.0,0,2,9,115,2
616029.0,0,2,9,115,2
616029.0,0,2,11,113,2
616086.0,0,2,11,113,2
616086.0,0,2,13,111,2
616095.0,0,2,13,111,2
616095.0,0,2,15,109,2
616097.0,0,2,15,109,2
616097.0,0,2,17,107,2
616186.0,0,2,17,109,0
616214.0,0,2,17,109,0
616214.0,0,2,17,108,1
616228.0,0,2,17,109,0
616477.0,0,0,17,111,0
616477.0,0,0,17,47,64
616690.0,0,0,17,47,64
617136.0,0,0,17,47,64
617257.0,0,0,17,47,64
617485.0,0,0,17,47,64
617783.0,0,0,17,47,64
618065.0,0,0,17,47,64
618163.0,0,0,17,47,64
618270.0,0,0,17,47,64
618514.0,0,0,17,47,64
618528.0,1,0,16,47,64
618528.0,0,1,16,47,64
618529.0,2,1,14,47,64
618529.0,0,3,14,47,64
618599.0,4,3,10,47,64
618599.0,0,7,10,47,64
618624.0,2,7,8,47,64
618624.0,0,9,8,47,64
618729.0,2,9,6,47,64
618729.0,0,11,6,47,64
618786.0,2,11,4,47,64
618786.0,0,13,4,47,64
618795.0,2,13,2,47,64
618795.0,0,15,2,47,64
618797.0,2,15,0,47,64
618797.0,0,17,0,47,64
619707.0,0,17,0,47,64
619765.0,0,17,0,47,64
620105.0,0,17,0,47,64
620173.0,0,17,0,47,64
620326.0,0,17,0,47,64
620328.0,0,16,0,48,64
620329.0,0,14,0,50,64
620399.0,0,10,0,54,64
620424.0,0,8,0,56,64
620529.0,0,6,0,58,64
620586.0,0,4,0,60,64
620595.0,0,2,0,62,64
620597.0,0,0,0,64,64
620597.0,0,0,0,0,128
620761.0,0,0,0,64,64
620761.0,0,0,0,23,105
620775.0,0,0,0,24,104
620791.0,0,0,0,26,102
620840.0,0,0,0,27,101
620871.0,0,0,0,31,97
620929.0,0,0,0,63,65
620929.0,0,0,0,27,101
620941.0,0,0,0,27,101
620961.0,0,0,0,28,100
621026.0,0,0,0,28,100
621096.0,0,0,0,28,100
621166.0,0,0,0,32,96
621166.0,0,0,0,0,128
621175.0,0,0,0,0,128
621224.0,0,0,0,32,96
621224.0,0,0,0,23,105
621238.0,0,0,0,24,104
621245.0,0,0,0,25,103
621251.0,0,0,0,26,102
621253.0,0,0,0,26,102
621253.0,0,0,0,25,103
621254.0,0,0,0,27,101
621269.0,0,0,0,28,100
621329.0,0,0,0,28,100
621329.0,0,0,0,27,101
621342.0,0,0,0,28,100
621477.0,0,0,0,28,100
621543.0,0,0,0,28,100
621601.0,0,0,0,28,100
622288.0,0,0,0,28,100
622377.0,0,0,0,28,100
622381.0,0,0,0,28,100
622454.0,0,0,0,28,100
622526.0,0,0,0,32,96
622526.0,0,0,0,0,128
622530.0,0,0,0,0,128
622536.0,0,0,0,32,96
622536.0,0,0,0,28,100
622576.0,0,0,0,28,100
622737.0,0,0,0,28,100
622865.0,0,0,0,28,100
623062.0,0,0,0,28,100
623157.0,0,0,0,28,100
623203.0,0,0,0,28,100
623214.0,0,0,0,28,100
623245.0,0,0,0,28,100
623292.0,0,0,0,28,100
623360.0,0,0,0,28,100
623508.0,0,0,0,28,100
623619.0,0,0,0,28,100
623728.0,0,0,0,32,96
623728.0,0,0,0,0,128
623769.0,0,0,0,32,96
623769.0,0,0,0,30,98
623783.0,0,0,0,62,66
623783.0,0,0,0,22,106
623804.0,0,0,0,62,66
623804.0,0,0,0,4,124
623813.0,0,0,0,5,123
623824.0,0,0,0,13,115
623824.0,0,0,0,5,123
623825.0,0,0,0,55,73
623844.0,0,0,0,63,65
623853.0,0,0,0,64,64
623853.0,0,0,0,0,128
624361.0,0,0,0,0,128
624786.0,0,0,0,0,128
624824.0,0,0,0,0,128
624847.0,0,0,0,0,128
625536.0,0,0,0,0,128
625651.0,0,0,0,64,64
625651.0,0,0,0,32,96
625672.0,0,0,0,48,80
625688.0,0,0,0,56,72
625689.0,0,0,0,64,64
625689.0,0,0,0,0,128
626136.0,0,0,0,0,128
626164.0,0,0,0,64,64
626164.0,0,0,0,28,100
626574.0,0,0,0,28,100
626696.0,0,0,0,28,100
626824.0,0,0,0,28,100
627163.0,0,0,0,28,100
627165.0,0,0,0,28,100
627369.0,0,0,0,28,100
627553.0,0,0,0,28,100
628174.0,0,0,0,92,36
628174.0,0,0,0,22,106
628197.0,0,0,0,23,105
628227.0,0,0,0,25,103
628235.0,0,0,0,26,102
628240.0,0,0,0,28,100
629251.0,0,0,0,28,100
629764.0,0,0,0,28,100
629764.0,0,0,22,6,100
629797.0,0,0,22,70,36
629797.0,0,0,22,37,69
629811.0,0,0,22,38,68
630479.0,0,0,22,38,68
630479.0,0,0,22,6,100
630581.0,0,0,22,6,100
630644.0,0,0,22,6,100
631797.0,0,0,22,6,100
631797.0,0,0,23,5,100
631827.0,0,0,23,5,100
631827.0,0,0,25,3,100
631835.0,0,0,25,3,100
631835.0,0,0,26,2,100
631838.0,0,0,26,6,96
631840.0,0,0,26,6,96
631899.0,0,0,26,38,64
631899.0,0,0,26,34,68
632464.0,22,0,4,34,68
632464.0,0,22,4,34,68
633110.0,0,22,4,66,36
633787.0,0,22,4,98,4
634035.0,0,22,4,98,4
634035.0,0,22,4,34,68
634186.0,0,22,4,98,4
634264.0,0,0,4,120,4
634298.0,0,0,4,120,4
634298.0,0,0,4,56,68
634446.0,0,0,4,120,4
634460.0,0,0,4,120,4
634460.0,0,0,4,56,68
634497.0,1,0,3,56,68
634497.0,0,1,3,56,68
634527.0,2,1,1,56,68
634527.0,0,3,1,56,68
634535.0,1,3,0,56,68
634535.0,0,4,0,56,68
634836.0,0,4,0,56,68
635135.0,0,4,0,56,68
635196.0,0,4,0,56,68
635376.0,0,4,0,56,68
635499.0,0,4,0,56,68
635499.0,0,4,28,28,68
635641.0,0,4,28,28,68
635881.0,0,4,28,28,68
636297.0,0,3,28,29,68
636327.0,0,1,28,31,68
636335.0,0,0,28,32,68
636335.0,0,0,28,0,100
636388.0,0,0,28,4,96
636676.0,0,0,28,4,96
637439.0,0,0,28,4,96
638199.0,28,0,0,4,96
638199.0,0,28,0,4,96
639508.0,0,28,0,4,96
639560.0,0,28,0,4,96
639788.0,0,28,0,4,96
639999.0,0,0,0,32,96
639999.0,0,0,0,0,128
640171.0,0,0,0,32,96
640171.0,0,0,0,0,128
640361.0,0,0,0,0,128
640587.0,0,0,0,32,96
640587.0,0,0,0,27,101
640612.0,0,0,0,28,100
641027.0,0,0,0,32,96
641027.0,0,0,0,0,128
641217.0,0,0,0,32,96
641217.0,0,0,0,4,124
641218.0,0,0,0,8,120
641231.0,0,0,0,12,116
641232.0,0,0,0,20,108
641237.0,0,0,0,24,104
641240.0,0,0,0,28,100
641245.0,0,0,0,32,96
642867.0,0,0,0,32,96
642867.0,0,0,0,28,100
643384.0,0,0,0,32,96
643397.0,0,0,0,32,96
643397.0,0,0,0,28,100
643463.0,0,0,0,32,96
643896.0,0,0,0,96,32
643907.0,0,0,0,96,32
644187.0,0,0,0,96,32
644817.0,0,0,0,96,32
644817.0,0,0,4,92,32
644818.0,0,0,4,92,32
644818.0,0,0,8,88,32
644831.0,0,0,8,88,32
644831.0,0,0,12,84,32
644832.0,0,0,12,84,32
644832.0,0,0,16,80,32
644837.0,0,0,16,80,32
644837.0,0,0,20,76,32
644840.0,0,0,20,76,32
644840.0,0,0,24,72,32
644845.0,0,0,24,72,32
644845.0,0,0,28,68,32
647063.0,0,0,28,68,32
647063.0,0,0,32,64,32
647496.0,0,0,32,64,32
647496.0,0,0,96,0,32
647517.0,4,0,92,0,32
647518.0,8,0,88,0,32
647531.0,12,0,84,0,32
647532.0,16,0,80,0,32
647537.0,20,0,76,0,32
647540.0,24,0,72,0,32
647545.0,28,0,68,0,32
648938.0,28,0,68,32,0
648938.0,0,28,68,32,0
649763.0,4,28,64,32,0
649763.0,0,32,64,32,0
650196.0,64,32,0,32,0
650196.0,0,96,0,32,0
650738.0,0,68,0,60,0
651563.0,0,64,0,64,0
651996.0,0,0,0,128,0
651996.0,0,0,0,0,128
653626.0,0,0,0,0,128
653872.0,0,0,0,0,128
653948.0,0,0,0,0,128
656930.0,0,0,0,0,128
660251.0,0,0,0,0,128
661710.0,0,0,0,128,0
661710.0,0,0,0,28,100
663561.0,0,0,0,28,100
665014.0,0,0,0,60,68
665014.0,0,0,0,28,100
665028.0,0,0,0,60,68
665028.0,0,0,0,28,100
665310.0,0,0,0,28,100
665310.0,0,0,28,0,100
666851.0,0,0,28,0,100
668010.0,28,0,0,0,100
668316.0,28,0,0,32,68
668316.0,28,0,0,0,100
668323.0,28,0,0,32,68
669060.0,28,0,0,32,68
669060.0,28,0,0,30,70
670161.0,28,0,0,30,70
670161.0,26,2,0,30,70
671625.0,26,2,0,62,38
671917.0,26,2,0,62,38
671917.0,26,2,0,30,70
671923.0,26,2,0,30,70
671931.0,26,2,0,32,68
671961.0,26,0,0,34,68
671961.0,26,0,0,2,100
672152.0,26,0,0,2,100
672152.0,26,0,0,0,102
672586.0,26,0,0,2,100
673042.0,26,0,0,2,100
673042.0,26,0,0,1,101
673060.0,26,0,0,2,100
673137.0,26,0,0,2,100
673137.0,26,0,0,1,101
673155.0,26,0,0,2,100
673417.0,26,0,0,2,100
673417.0,26,0,0,0,102
673443.0,26,0,0,2,100
673465.0,26,0,0,2,100
673665.0,26,0,0,2,100
673805.0,26,0,0,2,100
673877.0,26,0,0,2,100
675225.0,26,0,0,2,100
675261.0,26,0,0,34,68
675261.0,22,4,0,0,102
675284.0,22,4,0,2,100
675406.0,22,4,0,34,68
675411.0,22,4,0,34,68
675411.0,22,4,0,2,100
675531.0,22,4,0,2,100
676186.0,22,4,0,2,100
676316.0,22,4,0,2,100
676316.0,22,4,0,0,102
676352.0,22,4,0,2,100
676612.0,22,4,0,2,100
676612.0,22,4,0,0,102
676660.0,22,4,0,2,100
676767.0,22,4,0,2,100
677043.0,22,4,0,2,100
677061.0,22,0,0,6,100
677061.0,22,0,0,2,104
677083.0,22,0,0,4,102
677106.0,22,0,0,6,100
677108.0,22,0,0,6,100
678262.0,22,0,0,6,100
678380.0,22,0,0,6,100
678558.0,22,0,0,38,68
678558.0,20,2,0,2,104
678600.0,20,2,0,4,102
678602.0,20,2,0,4,102
678602.0,14,8,0,4,102
678790.0,14,8,0,6,100
678884.0,14,8,0,6,100
678892.0,14,8,0,38,68
678898.0,14,8,0,38,68
678898.0,14,8,0,6,100
679316.0,14,8,0,6,100
679316.0,14,8,0,4,102
679358.0,14,8,0,6,100
679532.0,14,8,0,6,100
679532.0,14,8,0,4,102
679576.0,14,8,0,6,100
679952.0,14,8,0,6,100
680121.0,14,8,0,6,100
680121.0,8,14,0,6,100
680260.0,8,14,0,6,100
680274.0,8,14,0,6,100
680274.0,6,16,0,6,100
680358.0,6,14,0,8,100
680358.0,6,14,0,4,104
680385.0,6,14,0,8,100
680402.0,6,8,0,14,100
680402.0,6,8,0,6,108
680422.0,6,8,0,14,100
680425.0,6,8,0,14,100
680425.0,6,8,0,6,108
680445.0,6,8,0,14,100
680640.0,6,8,0,14,100
680640.0,6,8,0,10,104
680706.0,6,8,0,14,100
680770.0,6,8,0,14,100
680770.0,6,8,0,6,108
680810.0,6,8,0,14,100
680874.0,6,8,0,14,100
680902.0,6,8,0,14,100
681514.0,6,8,0,14,100
681557.0,6,8,0,14,100
681773.0,6,8,0,14,100
681843.0,6,8,0,14,100
681872.0,6,8,0,46,68
681872.0,5,9,0,3,111
681892.0,5,9,0,4,110
681921.0,5,3,0,10,110
681921.0,5,3,0,2,118
681954.0,5,3,0,2,118
681990.0,5,3,0,2,118
682074.0,5,1,0,4,118
682074.0,5,1,0,2,120
682108.0,5,1,0,10,112
682110.0,5,1,0,10,112
682119.0,5,1,0,10,112
682129.0,5,1,0,12,110
682129.0,0,6,0,12,110
682200.0,0,6,0,12,110
682205.0,0,6,0,12,110
682226.0,0,6,0,14,108
682226.0,0,6,0,12,110
682229.0,0,6,0,12,110
682238.0,0,6,0,12,110
682317.0,0,6,0,12,110
682390.0,0,6,0,12,110
682422.0,0,6,0,44,78
682422.0,0,6,0,26,96
682427.0,0,6,0,26,96
682460.0,0,6,0,28,94
682460.0,0,6,0,12,110
682466.0,0,6,0,28,94
682466.0,0,6,0,12,110
682484.0,0,6,0,28,94
682484.0,0,6,0,12,110
682497.0,0,6,0,12,110
682532.0,0,6,0,28,94
682532.0,0,6,0,22,100
682537.0,0,6,0,38,84
682580.0,0,6,0,40,82
682599.0,0,6,0,40,82
682656.0,0,6,0,44,78
682656.0,0,6,0,12,110
682657.0,0,6,0,12,110
682776.0,0,6,0,12,110
682838.0,0,6,0,14,108
682958.0,0,6,0,14,108
683150.0,0,6,0,14,108
683176.0,0,6,0,14,108
683248.0,0,6,0,14,108
683572.0,0,6,0,14,108
683672.0,0,5,0,15,108
683672.0,0,5,0,13,110
683766.0,0,5,0,15,108
683929.0,0,0,0,20,108
683929.0,0,0,0,4,124
683983.0,0,0,0,20,108
683983.0,0,0,0,2,126
683985.0,0,0,0,2,126
683986.0,0,0,0,3,125
684022.0,0,0,0,11,117
684038.0,0,0,0,15,113
684044.0,0,0,0,19,109
684073.0,0,0,0,19,109
684090.0,0,0,0,20,108
684208.0,0,0,0,20,108
684285.0,0,0,0,20,108
684609.0,0,0,0,20,108
684830.0,0,0,0,20,108
685230.0,0,0,0,20,108
685347.0,0,0,0,20,108
685400.0,0,0,0,20,108
685425.0,0,0,0,20,108
685490.0,0,0,0,20,108
685492.0,0,0,0,20,108
685559.0,0,0,0,20,108
685618.0,0,0,0,20,108
685676.0,0,0,0,20,108
685982.0,0,0,0,20,108
685988.0,0,0,0,20,108
686022.0,0,0,0,20,108
686132.0,0,0,0,20,108
686157.0,0,0,0,20,108
686203.0,0,0,0,52,76
686203.0,0,0,0,12,116
686265.0,0,0,0,16,112
686267.0,0,0,0,20,108
686383.0,0,0,0,52,76
686383.0,0,0,0,2,126
686417.0,0,0,0,10,118
686417.0,0,0,0,6,122
686438.0,0,0,0,6,122
686446.0,0,0,0,8,120
686456.0,0,0,0,12,116
686457.0,0,0,0,16,112
686457.0,0,0,0,0,128
686484.0,0,0,0,4,124
686488.0,0,0,0,4,124
686501.0,0,0,0,20,108
686533.0,0,0,0,52,76
686533.0,0,0,0,16,112
686560.0,0,0,0,20,108
686576.0,0,0,0,20,108
686625.0,0,0,0,52,76
686625.0,0,0,0,12,116
686692.0,0,0,0,16,112
686892.0,0,0,0,16,112
686948.0,0,0,0,24,104
686975.0,0,0,0,56,72
686975.0,0,0,0,20,108
687043.0,0,0,0,24,104
687057.0,0,0,0,24,104
687109.0,0,0,0,24,104
687124.0,0,0,0,24,104
687214.0,0,0,0,24,104
687317.0,0,0,0,24,104
687324.0,0,0,0,24,104
687456.0,0,0,0,24,104
687479.0,0,0,0,24,104
687492.0,0,0,0,24,104
687583.0,0,0,0,24,104
688361.0,0,0,0,24,104
688438.0,0,0,0,56,72
688438.0,0,0,0,0,128
688459.0,0,0,0,2,126
688459.0,0,0,0,0,128
688466.0,0,0,0,2,126
688479.0,0,0,0,6,122
688481.0,0,0,0,8,120
688486.0,0,0,0,12,116
688490.0,0,0,0,16,112
688513.0,0,0,0,18,110
688514.0,0,0,0,22,106
688557.0,0,0,0,28,100
688707.0,0,0,0,28,100
689278.0,0,0,0,32,96
689278.0,0,0,0,0,128
689316.0,0,0,0,0,128
689354.0,0,0,0,32,96
689354.0,0,0,0,24,104
689668.0,0,0,0,24,104
689671.0,0,0,0,56,72
689671.0,0,0,0,16,112
689725.0,0,0,0,18,110
689730.0,0,0,0,22,106
689731.0,0,0,0,22,106
689736.0,0,0,0,22,106
689833.0,0,0,0,24,104
690051.0,0,0,0,24,104
690084.0,0,0,0,24,104
690409.0,0,0,0,24,104
690470.0,0,0,0,24,104
690488.0,0,0,0,24,104
690639.0,0,0,0,56,72
690639.0,0,0,0,10,118
690683.0,0,0,0,12,116
690695.0,0,0,0,16,112
690698.0,0,0,0,20,108
690759.0,0,0,0,20,108
691160.0,0,0,0,20,108
691281.0,0,0,0,20,108
691429.0,0,0,0,20,108
691645.0,0,0,0,20,108
691713.0,0,0,0,24,104
691734.0,0,0,0,24,104
691775.0,0,0,0,56,72
691775.0,0,0,0,4,124
691798.0,0,0,0,4,124
691815.0,0,0,0,6,122
691836.0,0,0,0,8,120
691838.0,0,0,0,10,118
691842.0,0,0,0,18,110
692053.0,0,0,0,22,106
692066.0,0,0,0,22,106
692086.0,0,0,0,22,106
692133.0,0,0,0,24,104
692207.0,0,0,0,56,72
692207.0,0,0,0,18,110
692260.0,0,0,0,26,102
692661.0,0,0,0,26,102
692661.0,0,0,0,24,104
692740.0,0,0,0,26,102
692763.0,0,0,0,28,100
692797.0,0,0,0,28,100
692797.0,0,0,0,26,102
692918.0,0,0,0,26,102
692918.0,0,0,0,24,104
692954.0,0,0,0,24,104
692978.0,0,0,0,26,102
693132.0,0,0,0,28,100
693172.0,0,0,0,28,100
693172.0,0,0,0,26,102
693231.0,0,0,0,58,70
693271.0,0,0,0,58,70
693392.0,0,0,0,60,68
693449.0,0,0,0,60,68
693449.0,0,0,0,58,70
693809.0,0,0,0,58,70
693809.0,0,0,0,56,72
693867.0,0,0,0,58,70
694295.0,0,0,0,60,68
694333.0,0,0,0,60,68
694333.0,0,0,0,58,70
694517.0,0,0,0,60,68
694544.0,0,0,0,60,68
694544.0,0,0,0,58,70
694620.0,0,0,0,58,70
694620.0,0,0,0,26,102
694740.0,0,0,0,58,70
694772.0,0,0,0,58,70
694772.0,0,0,0,26,102
694841.0,0,0,0,28,100
694911.0,0,0,0,28,100
694911.0,0,0,0,27,101
694952.0,0,0,0,28,100
694954.0,0,0,0,60,68
694994.0,0,0,0,60,68
694994.0,0,0,0,59,69
695042.0,0,0,0,60,68
695065.0,0,0,0,60,68
695065.0,0,0,0,58,70
695147.0,0,0,0,58,70
695147.0,0,0,0,57,71
695171.0,0,0,0,57,71
695171.0,0,0,0,53,75
695208.0,0,0,0,57,71
695211.0,0,0,0,59,69
695215.0,0,0,0,60,68
695241.0,0,0,0,60,68
695241.0,0,0,0,58,70
695259.0,0,0,0,58,70
695259.0,0,0,0,54,74
695298.0,0,0,0,56,72
695301.0,0,0,0,60,68
695307.0,0,0,0,60,68
695307.0,0,0,0,58,70
695339.0,0,0,0,60,68
695543.0,0,0,0,92,36
695807.0,0,0,0,92,36
695807.0,0,0,18,74,36
695817.0,0,0,18,74,36
695817.0,0,0,18,58,52
695853.0,0,0,18,74,36
695929.0,0,0,18,74,36
695929.0,0,0,18,72,38
696091.0,0,0,18,74,36
696145.0,0,0,18,74,36
696145.0,0,0,18,72,38
696275.0,0,0,18,72,38
696275.0,0,0,18,71,39
696281.0,0,0,18,72,38
696340.0,0,0,18,72,38
696340.0,0,0,20,70,38
696386.0,0,0,20,70,38
696386.0,0,0,20,69,39
696407.0,0,0,20,71,37
696411.0,0,0,20,72,36
696511.0,0,0,20,72,36
696511.0,0,0,20,70,38
696765.0,0,0,20,72,36
696831.0,0,0,20,72,36
696831.0,0,0,26,66,36
696974.0,0,0,26,66,36
696974.0,0,0,26,65,37
696991.0,0,0,26,66,36
697054.0,0,0,26,66,36
697054.0,0,0,26,65,37
697074.0,0,0,26,66,36
697215.0,0,0,26,70,32
697260.0,0,0,26,70,32
697260.0,0,0,26,68,34
697279.0,0,0,26,100,2
697497.0,0,0,26,102,0
697515.0,0,0,26,102,0
697515.0,0,0,26,98,4
697572.0,0,0,26,102,0
697653.0,0,0,26,102,0
697653.0,0,0,26,100,2
697941.0,0,0,26,102,0
697972.0,0,0,26,102,0
697972.0,0,0,26,100,2
698069.0,0,0,26,100,2
698069.0,0,0,26,96,6
698134.0,0,0,26,100,2
698306.0,0,0,26,102,0
698320.0,0,0,26,102,0
698320.0,0,0,26,38,64
698332.0,0,0,26,38,64
698332.0,0,0,26,36,66
698380.0,0,0,26,100,2
698447.0,0,0,26,102,0
698483.0,0,0,26,102,0
698483.0,0,0,26,38,64
698507.0,18,0,8,38,64
698554.0,18,0,8,38,64
698554.0,18,0,10,36,64
698576.0,18,0,10,36,64
698576.0,18,0,10,34,66
698635.0,18,0,10,34,66
698726.0,18,0,10,34,66
698736.0,18,0,10,36,64
698794.0,18,0,10,36,64
698794.0,18,0,10,34,66
699040.0,20,0,8,34,66
699042.0,20,0,8,98,2
699058.0,20,0,8,100,0
699260.0,20,0,8,100,0
699260.0,20,0,8,84,16
699269.0,20,0,8,84,16
699269.0,20,0,8,82,18
699309.0,20,0,8,82,18
699309.0,20,0,8,78,22
699491.0,20,0,8,78,22
699491.0,20,0,8,74,26
699531.0,26,0,2,74,26
699531.0,20,6,2,74,26
699542.0,20,6,2,76,24
699546.0,20,6,2,80,20
699554.0,20,6,2,84,16
699625.0,20,6,2,84,16
699625.0,20,6,2,20,80
699713.0,20,6,2,20,80
699713.0,20,6,2,18,82
699851.0,20,6,2,82,18
699912.0,20,6,2,82,18
699912.0,20,6,2,18,82
699968.0,20,6,2,20,80
700271.0,20,6,2,36,64
700292.0,20,6,2,36,64
700292.0,20,6,2,35,65
700331.0,20,6,2,35,65
700331.0,20,6,2,33,67
700396.0,20,6,2,33,67
700396.0,20,6,2,25,75
700401.0,20,6,2,27,73
700414.0,20,6,2,27,73
700414.0,20,6,2,26,74
700434.0,20,6,2,34,66
700443.0,20,6,2,35,65
700450.0,20,6,2,36,64
700470.0,20,6,2,36,64
700470.0,20,6,2,34,66
700485.0,20,6,2,36,64
700486.0,20,6,2,100,0
700487.0,20,6,2,100,0
700487.0,20,6,2,99,1
700500.0,20,6,2,99,1
700500.0,20,6,2,97,3
700545.0,20,6,2,98,2
700579.0,20,6,2,98,2
700579.0,20,6,2,97,3
700585.0,20,6,2,99,1
700607.0,20,6,2,99,1
700607.0,20,6,2,97,3
700639.0,20,6,2,97,3
700639.0,20,6,2,89,11
700642.0,20,6,2,90,10
700700.0,20,6,2,98,2
700801.0,20,6,2,98,2
700801.0,20,6,2,90,10
700815.0,20,6,2,90,10
700815.0,20,6,6,86,10
700859.0,20,6,6,88,8
700879.0,20,6,6,88,8
700879.0,20,6,16,78,8
700911.0,20,6,16,78,8
700911.0,20,6,16,46,40
700913.0,20,6,16,78,8
701253.0,20,6,16,78,8
701253.0,20,6,16,14,72
701254.0,22,6,14,14,72
701254.0,20,8,14,14,72
701262.0,20,8,14,14,72
701262.0,20,8,14,12,74
701331.0,20,2,14,18,74
701331.0,20,2,14,10,82
701473.0,20,2,14,74,18
701498.0,20,2,14,76,16
701589.0,20,2,14,76,16
701589.0,20,2,14,44,48
701628.0,20,2,14,44,48
701628.0,20,2,14,42,50
701652.0,20,2,14,50,42
701682.0,20,2,14,58,34
701730.0,20,2,14,58,34
701730.0,20,2,14,42,50
701796.0,20,2,14,74,18
701824.0,20,2,14,76,16
701848.0,20,2,14,92,0
702149.0,20,2,14,92,0
702149.0,20,2,14,90,2
702393.0,20,2,14,92,0
702414.0,20,2,14,92,0
702414.0,20,2,14,60,32
702575.0,20,2,14,60,32
702575.0,20,2,14,59,33
702594.0,20,2,14,91,1
702695.0,20,2,14,92,0
702741.0,20,2,14,92,0
702741.0,20,2,14,60,32
702846.0,20,2,14,60,32
702846.0,20,2,14,28,64
702903.0,20,2,14,28,64
702903.0,20,2,14,24,68
702912.0,20,2,14,56,36
702944.0,20,2,14,56,36
702944.0,20,2,14,55,37
702973.0,20,2,14,56,36
703054.0,20,0,14,58,36
703054.0,20,0,14,54,40
703097.0,20,0,14,58,36
703135.0,20,0,14,94,0
703515.0,24,0,10,94,0
703568.0,24,0,10,94,0
703568.0,24,0,12,92,0
703579.0,34,0,2,92,0
703715.0,34,0,2,92,0
703715.0,34,0,2,60,32
703723.0,34,0,2,60,32
703723.0,34,0,2,28,64
703800.0,34,0,2,28,64
703800.0,34,0,2,24,68
704086.0,34,0,2,24,68
704086.0,34,0,8,18,68
704410.0,34,0,8,18,68
704410.0,34,0,8,14,72
704439.0,34,0,8,18,68
705073.0,34,0,8,18,68
705073.0,34,0,14,12,68
705098.0,34,0,14,12,68
705098.0,34,0,16,10,68
705165.0,34,0,16,10,68
705165.0,34,0,16,9,69
705188.0,34,0,16,10,68
705252.0,34,0,16,10,68
705252.0,34,0,22,4,68
705288.0,34,0,22,4,68
705288.0,34,0,22,3,69
705324.0,34,0,22,4,68
705359.0,34,0,22,4,68
705359.0,34,0,22,3,69
705380.0,34,0,22,4,68
706234.0,34,0,22,4,68
706234.0,34,0,22,0,72
706261.0,34,0,22,4,68
706268.0,36,0,20,4,68
706678.0,36,0,20,4,68
706678.0,28,8,20,4,68
706786.0,34,8,14,4,68
706786.0,28,14,14,4,68
707017.0,28,14,14,4,68
707228.0,28,14,14,4,68
707379.0,28,14,14,4,68
707443.0,28,14,14,36,36
707443.0,23,19,14,4,68
707446.0,23,19,14,4,68
707514.0,23,19,14,4,68
707589.0,23,19,14,36,36
707589.0,19,23,14,4,68
707680.0,19,23,14,4,68
707680.0,11,31,14,4,68
707773.0,17,31,8,4,68
707773.0,11,37,8,4,68
707798.0,13,37,6,4,68
707798.0,11,39,6,4,68
707952.0,17,39,0,4,68
707952.0,11,45,0,4,68
708039.0,11,45,0,4,68
708243.0,11,45,0,40,32
708386.0,11,45,0,72,0
708478.0,11,37,0,80,0
708586.0,11,31,0,86,0
709243.0,11,26,0,91,0
709243.0,11,26,0,86,5
709267.0,11,26,0,90,1
709277.0,11,26,0,91,0
709389.0,11,22,0,95,0
709389.0,11,22,0,91,4
709432.0,11,22,0,95,0
709480.0,11,14,0,103,0
709480.0,11,14,0,95,8
709558.0,11,14,0,103,0
709573.0,11,8,0,109,0
709598.0,11,6,0,111,0
709752.0,11,0,0,117,0
709752.0,11,0,0,85,32
709861.0,11,0,0,85,32
709989.0,11,0,0,117,0
710125.0,11,0,0,117,0
710125.0,11,0,0,85,32
710130.0,11,0,0,85,32
710130.0,11,0,0,53,64
710243.0,11,0,0,85,32
710246.0,11,0,0,85,32
710246.0,11,0,0,81,36
710251.0,11,0,0,81,36
710251.0,11,0,0,80,37
710258.0,11,0,0,81,36
710268.0,11,0,0,85,32
710287.0,11,0,0,85,32
710287.0,11,0,0,84,33
710291.0,11,0,0,85,32
710301.0,11,0,0,85,32
710301.0,11,0,0,84,33
710396.0,11,0,0,85,32
710416.0,11,0,0,85,32
710416.0,11,0,0,84,33
710571.0,11,0,0,84,33
710571.0,11,0,0,52,65
710601.0,11,0,0,53,64
710635.0,11,0,0,53,64
710635.0,11,0,0,49,68
710639.0,11,0,0,49,68
710639.0,11,0,0,48,69
710653.0,11,0,0,49,68
710699.0,11,0,0,49,68
710699.0,11,0,0,48,69
710707.0,11,0,0,49,68
710803.0,11,0,0,49,68
710803.0,11,0,0,48,69
710876.0,11,0,0,49,68
711265.0,11,0,0,49,68
711265.0,11,0,0,48,69
711311.0,11,0,0,49,68
711590.0,11,0,0,49,68
711590.0,11,0,0,48,69
711631.0,11,0,0,49,68
711786.0,11,0,0,49,68
711786.0,11,0,0,48,69
711843.0,11,0,0,48,69
711849.0,11,0,0,49,68
712067.0,11,0,0,49,68
712067.0,11,0,0,48,69
712111.0,11,0,0,49,68
712174.0,11,0,0,49,68
712174.0,11,0,0,48,69
712218.0,11,0,0,49,68
712651.0,11,0,0,49,68
712651.0,11,0,0,48,69
712691.0,11,0,0,49,68
712867.0,11,0,0,49,68
712867.0,11,0,4,45,68
712877.0,11,0,4,45,68
712877.0,11,0,5,44,68
713014.0,11,0,5,44,68
713014.0,11,0,5,43,69
713032.0,11,0,5,43,69
713032.0,11,0,9,39,69
713059.0,11,0,9,40,68
713141.0,11,0,9,40,68
713141.0,11,0,9,39,69
713158.0,11,0,9,39,69
713158.0,11,0,17,31,69
713190.0,11,0,17,32,68
713589.0,11,0,17,32,68
713589.0,11,0,48,1,68
713701.0,11,0,48,1,68
713701.0,11,0,48,0,69
713727.0,11,0,48,32,37
713731.0,11,0,48,32,37
713731.0,11,0,48,0,69
713975.0,11,0,48,0,69
714007.0,11,0,48,0,69
714670.0,11,0,48,1,68
714798.0,11,0,48,1,68
715355.0,11,0,48,1,68
715355.0,3,8,48,1,68
715500.0,3,8,48,1,68
715500.0,2,9,48,1,68
715567.0,6,9,44,1,68
715567.0,2,13,44,1,68
715577.0,3,13,43,1,68
715577.0,2,14,43,1,68
715685.0,2,14,43,1,68
715732.0,6,14,39,1,68
715732.0,2,18,39,1,68
715801.0,2,18,39,1,68
715858.0,10,18,31,1,68
715858.0,2,26,31,1,68
715998.0,2,26,31,1,68
716093.0,2,26,31,1,68
716289.0,33,26,0,1,68
716289.0,2,57,0,1,68
716493.0,2,57,0,1,68
716677.0,2,57,0,1,68
716750.0,2,57,0,33,36
716750.0,0,59,0,1,68
716783.0,0,59,0,1,68
716790.0,0,59,0,1,68
716819.0,0,59,0,17,52
716819.0,0,59,0,7,62
716827.0,0,59,0,8,61
717108.0,0,59,0,8,61
717112.0,0,59,0,16,53
717155.0,0,51,0,24,53
717204.0,0,51,0,25,52
717211.0,0,51,0,41,36
717211.0,0,51,0,9,68
717300.0,0,50,0,10,68
717300.0,0,50,0,9,69
717312.0,0,50,0,41,37
717320.0,0,50,0,41,37
717320.0,0,50,0,9,69
717327.0,0,50,0,9,69
717367.0,0,46,0,13,69
717377.0,0,45,0,14,69
717532.0,0,41,0,18,69
717532.0,0,41,0,10,77
717612.0,0,41,0,14,73
717614.0,0,41,0,14,73
717631.0,0,41,0,46,41
717631.0,0,41,0,14,73
717658.0,0,33,0,22,73
717658.0,0,33,0,6,89
717676.0,0,33,0,6,89
717676.0,0,33,0,2,93
717766.0,0,33,0,3,92
717834.0,0,33,0,11,84
717955.0,0,33,0,27,68
718089.0,0,2,0,58,68
718089.0,0,2,0,25,101
718108.0,0,2,0,26,100
718135.0,0,2,0,26,100
718135.0,0,2,0,18,108
718270.0,0,2,0,18,108
718550.0,0,0,0,20,108
718550.0,0,0,0,18,110
718591.0,0,0,0,19,109
718615.0,0,0,0,20,108
718671.0,0,0,0,28,100
718771.0,0,0,0,28,100
718771.0,0,0,0,20,108
720107.0,0,0,0,28,100
720367.0,0,0,0,28,100
720367.0,0,0,0,20,108
720419.0,0,0,0,20,108
720646.0,0,0,0,52,76
720648.0,0,0,0,52,76
720648.0,0,0,0,20,108
720912.0,0,0,0,20,108
721212.0,0,0,0,20,108
721366.0,0,0,0,20,108
721366.0,0,0,1,19,108
721392.0,0,0,1,51,76
721434.0,0,0,1,51,76
721434.0,0,0,2,50,76
721555.0,0,0,2,50,76
721555.0,0,0,18,34,76
721843.0,0,0,18,42,68
721953.0,0,0,18,42,68
721953.0,0,0,18,26,84
722191.0,0,0,18,26,84
722191.0,0,0,19,25,84
722215.0,0,0,19,25,84
722215.0,0,0,20,24,84
722429.0,0,0,20,40,68
723941.0,0,0,20,72,36
723942.0,0,0,20,72,36
723942.0,0,0,20,40,68
724066.0,1,0,19,40,68
724134.0,2,0,18,40,68
724255.0,18,0,2,40,68
724891.0,19,0,1,40,68
724915.0,20,0,0,40,68
724992.0,20,0,0,40,68
724992.0,20,0,18,22,68
725443.0,20,0,18,22,68
725443.0,20,0,24,16,68
726029.0,20,0,24,16,68
726029.0,20,0,40,0,68
726415.0,20,0,40,0,68
727232.0,20,0,40,32,36
727241.0,20,0,40,36,32
727247.0,20,0,40,36,32
727255.0,20,0,40,68,0
727692.0,38,0,22,68,0
728143.0,44,0,16,68,0
728729.0,60,0,0,68,0
728729.0,59,1,0,68,0
730529.0,59,0,0,69,0
730529.0,59,0,0,68,1
730562.0,59,0,0,69,0
730562.0,0,59,0,69,0
730832.0,0,59,0,69,0
732362.0,0,0,0,128,0
732362.0,0,0,0,0,128
736979.0,0,0,0,0,128
742090.0,0,0,0,128,0
742090.0,0,0,0,0,128
746864.0,0,0,0,0,128
746933.0,0,0,0,0,128
749900.0,0,0,0,0,128
750045.0,0,0,0,0,128
750403.0,0,0,0,0,128
750662.0,0,0,0,0,128
750710.0,0,0,0,0,128
751448.0,0,0,0,0,128
751785.0,0,0,0,128,0
751785.0,0,0,0,52,76
751797.0,0,0,0,56,72
751806.0,0,0,0,64,64
751816.0,0,0,0,72,56
751817.0,0,0,0,76,52
751822.0,0,0,0,84,44
751891.0,0,0,0,92,36
752112.0,0,0,0,92,36
752112.0,0,0,0,84,44
752209.0,0,0,0,92,36
754042.0,0,0,0,92,36
754042.0,0,0,0,84,44
754141.0,0,0,0,92,36
754846.0,0,0,0,92,36
754846.0,0,0,0,84,44
754943.0,0,0,0,92,36
755385.0,0,0,0,92,36
755385.0,0,0,52,40,36
755406.0,0,0,52,40,36
755406.0,0,0,60,32,36
755416.0,0,0,60,32,36
755416.0,0,0,68,24,36
755422.0,0,0,68,24,36
755422.0,0,0,76,16,36
755491.0,0,0,76,16,36
755491.0,0,0,84,8,36
756063.0,0,0,84,8,36
756354.0,0,0,84,8,36
758085.0,52,0,32,8,36
758106.0,60,0,24,8,36
758106.0,52,8,24,8,36
758116.0,60,8,16,8,36
758116.0,52,16,16,8,36
758122.0,60,16,8,8,36
758122.0,52,24,8,8,36
758185.0,52,24,8,8,36
758191.0,60,24,0,8,36
758191.0,58,26,0,8,36
758543.0,58,26,0,8,36
758648.0,58,26,0,8,36
758648.0,56,28,0,8,36
758727.0,56,28,0,8,36
758727.0,48,36,0,8,36
759109.0,48,36,0,8,36
759109.0,32,52,0,8,36
759386.0,32,52,0,8,36
759386.0,30,54,0,8,36
759652.0,30,54,0,8,36
759652.0,29,55,0,8,36
759660.0,29,55,0,8,36
759660.0,13,71,0,8,36
759815.0,13,71,0,8,36
759838.0,13,71,0,8,36
759865.0,13,71,0,8,36
759906.0,13,63,0,16,36
759916.0,13,55,0,24,36
759916.0,13,55,0,8,52
759922.0,13,47,0,16,52
759922.0,13,47,0,0,68
759991.0,13,45,0,2,68
759991.0,13,45,0,0,70
760009.0,13,45,0,16,54
760009.0,13,45,0,0,70
760065.0,13,45,0,0,70
760073.0,13,45,0,16,54
760073.0,9,49,0,0,70
760210.0,9,49,0,0,70
760280.0,9,49,0,2,68
760427.0,9,49,0,18,52
760427.0,9,49,0,1,69
760448.0,9,47,0,3,69
760448.0,9,47,0,1,71
760475.0,9,47,0,17,55
760527.0,9,39,0,25,55
760527.0,9,39,0,17,63
760549.0,9,39,0,33,47
760622.0,9,39,0,33,47
760622.0,9,39,0,31,49
760698.0,9,39,0,33,47
760909.0,9,23,0,49,47
760909.0,9,23,0,33,63
760918.0,9,23,0,35,61
760919.0,9,23,0,36,60
761017.0,9,23,0,36,60
761017.0,9,23,0,34,62
761059.0,9,23,0,34,62
761059.0,9,23,0,32,64
761186.0,9,21,0,34,64
761186.0,9,21,0,32,66
761281.0,9,21,0,32,66
761281.0,9,21,0,16,82
761326.0,9,21,0,18,80
761387.0,9,21,0,20,78
761423.0,9,21,0,22,76
761431.0,9,21,0,38,60
761452.0,9,20,0,39,60
761452.0,9,20,0,38,61
761460.0,9,4,0,54,61
761460.0,9,4,0,38,77
761465.0,9,4,0,38,77
761465.0,9,4,0,36,79
761502.0,9,4,0,37,78
761504.0,9,4,0,37,78
761504.0,9,4,0,33,82
761508.0,9,4,0,49,66
761618.0,9,4,0,57,58
761753.0,9,4,0,61,54
761762.0,9,4,0,63,52
761821.0,9,4,0,63,52
761821.0,9,4,0,62,53
761832.0,9,4,0,63,52
761840.0,9,4,0,63,52
761840.0,9,4,0,62,53
761863.0,9,4,0,62,53
761863.0,9,4,0,61,54
761866.0,9,4,0,62,53
761873.0,9,0,0,66,53
761873.0,9,0,0,62,57
761883.0,9,0,0,63,56
761916.0,9,0,0,79,40
761948.0,9,0,0,83,36
761991.0,9,0,0,83,36
761991.0,9,0,0,81,38
762113.0,9,0,0,81,38
762113.0,9,0,0,80,39
762143.0,9,0,0,81,38
762207.0,9,0,0,81,38
762207.0,9,0,0,80,39
762257.0,9,0,0,81,38
762625.0,9,0,0,81,38
762625.0,9,0,0,79,40
762717.0,9,0,0,79,40
762717.0,9,0,0,15,104
762879.0,9,0,0,17,102
762889.0,9,0,0,19,100
762933.0,9,0,0,19,100
762933.0,9,0,0,17,102
763195.0,9,0,0,17,102
763195.0,9,0,0,16,103
763227.0,9,0,0,17,102
763255.0,9,0,0,19,100
763331.0,9,0,0,83,36
763880.0,9,0,0,83,36
765108.0,9,0,0,83,36
765108.0,9,0,11,72,36
765548.0,9,0,11,72,36
765548.0,9,0,15,68,36
765679.0,9,0,15,68,36
765679.0,9,0,15,36,68
765712.0,9,0,15,36,68
765712.0,9,0,15,28,76
765887.0,9,0,15,28,76
765887.0,9,0,15,27,77
765906.0,9,0,15,28,76
765976.0,9,0,15,28,76
766160.0,9,0,15,28,76
766397.0,9,0,15,28,76
766417.0,9,0,15,28,76
766450.0,9,0,15,28,76
766479.0,9,0,15,28,76
766482.0,9,0,15,28,76
766557.0,9,0,15,28,76
766931.0,9,0,15,28,76
767808.0,20,0,4,28,76
767808.0,16,4,4,28,76
767844.0,16,4,4,28,76
767954.0,16,4,4,28,76
768248.0,20,4,0,28,76
768517.0,20,4,0,28,76
769505.0,20,4,0,60,44
769505.0,20,4,0,28,76
769506.0,20,4,0,36,68
769514.0,20,4,0,36,68
769608.0,20,0,0,40,68
769608.0,20,0,0,8,100
769640.0,20,0,0,8,100
769660.0,20,0,0,40,68
769660.0,7,13,0,7,101
769686.0,7,13,0,8,100
769794.0,7,13,0,8,100
769819.0,7,13,0,8,100
770193.0,7,13,0,8,100
771013.0,7,13,0,40,68
771013.0,7,13,0,15,93
771042.0,7,13,0,16,92
771053.0,7,13,0,20,88
771123.0,7,13,0,36,72
771123.0,0,20,0,36,72
771245.0,0,20,0,40,68
771416.0,0,20,0,44,64
771460.0,0,7,0,57,64
771460.0,0,7,0,37,84
771487.0,0,7,0,53,68
771839.0,0,7,0,53,68
772289.0,0,7,0,53,68
772374.0,0,7,0,53,68
772516.0,0,7,0,53,68
772795.0,0,7,0,53,68
772923.0,0,0,0,60,68
772923.0,0,0,0,24,104
773106.0,0,0,0,24,104
773134.0,0,0,0,56,72
773134.0,0,0,0,15,113
773141.0,0,0,0,16,112
773141.0,0,0,0,0,128
773185.0,0,0,0,0,128
773217.0,0,0,0,0,128
773286.0,0,0,0,0,128
773294.0,0,0,0,0,128
773305.0,0,0,0,0,128
773331.0,0,0,0,0,128
773339.0,0,0,0,16,112
773339.0,0,0,0,12,116
773368.0,0,0,0,14,114
773605.0,0,0,0,14,114
773642.0,0,0,0,16,112
773675.0,0,0,0,48,80
773675.0,0,0,0,12,116
773701.0,0,0,0,16,112
773701.0,0,0,0,0,128
773742.0,0,0,0,32,96
773742.0,0,0,0,12,116
773878.0,0,0,0,12,116
773943.0,0,0,0,28,100
774002.0,0,0,0,32,96
774002.0,0,0,0,0,128
774055.0,0,0,0,0,128
774070.0,0,0,0,4,124
774172.0,0,0,0,4,124
774233.0,0,0,0,20,108
774233.0,0,0,0,8,120
774258.0,0,0,0,12,116
774284.0,0,0,0,12,116
774416.0,0,0,0,12,116
774422.0,0,0,0,12,116
774534.0,0,0,0,12,116
774623.0,0,0,0,12,116
774690.0,0,0,0,12,116
774781.0,0,0,0,12,116
774845.0,0,0,0,12,116
774957.0,0,0,0,12,116
775087.0,0,0,0,12,116
775311.0,0,0,0,12,116
775343.0,0,0,0,12,116
775389.0,0,0,0,16,112
775389.0,0,0,0,0,128
775490.0,0,0,0,0,128
775573.0,0,0,0,0,128
775667.0,0,0,0,0,128
775704.0,0,0,0,0,128
775716.0,0,0,0,0,128
775809.0,0,0,0,0,128
776053.0,0,0,0,16,112
776053.0,0,0,0,12,116
776094.0,0,0,0,14,114
776130.0,0,0,0,14,114
776156.0,0,0,0,14,114
776305.0,0,0,0,16,112
776305.0,0,0,0,0,128
776360.0,0,0,0,0,128
776488.0,0,0,0,8,120
776509.0,0,0,0,40,88
776509.0,0,0,0,5,123
776529.0,0,0,0,21,107
776529.0,0,0,0,5,123
776558.0,0,0,0,21,107
776558.0,0,0,0,0,128
776561.0,0,0,0,32,96
776561.0,0,0,0,10,118
776567.0,0,0,0,11,117
776577.0,0,0,0,27,101
776577.0,0,0,0,9,119
776587.0,0,0,0,14,114
776595.0,0,0,0,30,98
776595.0,0,0,0,6,122
776605.0,0,0,0,22,106
776633.0,0,0,0,24,104
776635.0,0,0,0,28,100
776682.0,0,0,0,28,100
776682.0,0,0,0,26,102
776708.0,0,0,0,28,100
776711.0,0,0,0,30,98
776744.0,0,0,0,46,82
776759.0,0,0,0,48,80
776803.0,0,0,0,48,80
776803.0,0,0,0,32,96
776806.0,0,0,0,34,94
776880.0,0,0,0,50,78
776888.0,0,0,0,52,76
776889.0,0,0,0,54,74
776939.0,0,0,0,54,74
777004.0,0,0,0,70,58
777275.0,0,0,0,86,42
777300.0,0,0,0,86,42
777300.0,0,0,0,78,50
777305.0,0,0,0,78,50
777305.0,0,0,0,62,66
777342.0,0,0,0,62,66
777354.0,0,0,0,70,58
777358.0,0,0,0,102,26
777364.0,0,0,0,118,10
777372.0,0,0,0,120,8
777565.0,0,0,0,128,0
777579.0,0,0,0,128,0
777579.0,0,0,0,124,4
777583.0,0,0,0,128,0
777625.0,0,0,0,128,0
777625.0,0,0,0,124,4
777628.0,0,0,0,128,0
777662.0,0,0,0,128,0
777662.0,0,0,0,124,4
777665.0,0,0,0,128,0
777670.0,0,0,0,128,0
777728.0,0,0,0,128,0
777728.0,0,0,0,124,4
777731.0,0,0,0,128,0
777833.0,0,0,0,128,0
777892.0,0,0,0,128,0
777892.0,0,0,0,127,1
777895.0,0,0,0,128,0
779248.0,0,0,0,128,0
779248.0,0,0,0,96,32
779387.0,0,0,0,96,32
779387.0,0,0,0,80,48
779432.0,0,0,0,80,48
779432.0,0,0,0,78,50
779491.0,0,0,0,78,50
779491.0,0,0,0,46,82
779561.0,0,0,0,46,82
779561.0,0,0,0,42,86
779653.0,0,0,0,42,86
779767.0,0,0,0,44,84
779820.0,0,0,0,44,84
779820.0,0,0,0,42,86
779924.0,0,0,0,42,86
779924.0,0,0,0,38,90
779946.0,0,0,0,38,90
779946.0,0,0,0,36,92
780050.0,0,0,0,52,76
780088.0,0,0,0,52,76
780129.0,0,0,0,52,76
780161.0,0,0,0,52,76
780161.0,0,0,3,49,76
780183.0,0,0,3,49,76
780183.0,0,0,3,47,78
780187.0,0,0,3,47,78
780187.0,0,0,4,46,78
780205.0,0,0,4,46,78
780205.0,0,0,6,44,78
780229.0,0,0,6,44,78
780308.0,0,0,6,44,78
780308.0,0,0,8,42,78
780311.0,0,0,8,42,78
780311.0,0,0,10,40,78
780344.0,0,0,10,40,78
780344.0,0,0,26,24,78
780406.0,0,0,26,24,78
780406.0,0,0,28,22,78
780700.0,0,0,28,24,76
780750.0,0,0,28,24,76
780750.0,0,0,28,22,78
780795.0,0,0,28,24,76
780868.0,0,0,28,24,76
780868.0,0,0,28,22,78
780958.0,0,0,28,22,78
780958.0,0,0,32,18,78
781137.0,0,0,32,20,76
781165.0,0,0,32,20,76
781165.0,0,0,36,16,76
781264.0,0,0,36,16,76
781264.0,0,0,36,14,78
781632.0,0,0,36,16,76
781683.0,0,0,36,16,76
781683.0,0,0,36,14,78
781836.0,0,0,36,18,74
781837.0,0,0,36,20,72
781919.0,0,0,36,22,70
782126.0,0,0,36,22,70
782126.0,0,0,36,20,72
782468.0,0,0,36,22,70
782526.0,0,0,36,22,70
782526.0,0,0,36,18,74
782541.0,0,0,36,18,74
782541.0,0,0,36,16,76
782559.0,0,0,36,20,72
782748.0,0,0,36,52,40
782751.0,0,0,36,52,40
782751.0,0,0,36,20,72
782789.0,0,0,36,22,70
782857.0,0,0,36,22,70
782857.0,0,0,36,20,72
782861.0,3,0,33,20,72
782887.0,4,0,32,20,72
782905.0,6,0,30,20,72
782905.0,4,2,30,20,72
783008.0,6,2,28,20,72
783011.0,8,2,26,20,72
783044.0,24,2,10,20,72
783085.0,24,2,10,22,70
783089.0,24,2,10,24,68
783106.0,26,2,8,24,68
783142.0,26,2,8,24,68
783142.0,26,2,8,22,70
783216.0,26,2,8,22,70
783216.0,26,2,8,18,74
783253.0,26,2,8,22,70
783362.0,26,2,8,22,70
783362.0,26,2,8,18,74
783426.0,26,2,8,22,70
783471.0,26,2,8,24,68
783495.0,26,2,8,24,68
783495.0,26,2,8,20,72
783530.0,26,2,8,24,68
783639.0,26,2,8,24,68
783639.0,26,2,8,22,70
783658.0,30,2,4,22,70
783693.0,30,2,4,22,70
783693.0,30,2,4,18,74
783865.0,34,2,0,18,74
783956.0,34,2,0,18,74
783956.0,34,2,0,16,76
783986.0,34,2,0,18,74
784013.0,34,2,0,18,74
784013.0,34,2,0,16,76
784194.0,34,2,0,20,72
784217.0,34,2,0,20,72
784217.0,34,2,0,16,76
784263.0,34,2,0,18,74
784285.0,34,2,0,22,70
784316.0,34,2,0,22,70
784316.0,34,2,0,14,78
784322.0,34,2,0,14,78
784322.0,32,4,0,14,78
784324.0,32,4,0,16,76
784517.0,32,4,0,24,68
784661.0,32,4,0,24,68
784661.0,32,4,0,22,70
784705.0,32,2,0,24,70
784705.0,32,2,0,8,86
784737.0,32,2,0,8,86
784924.0,32,2,0,24,70
784966.0,32,2,0,26,68
785009.0,32,2,0,26,68
785009.0,32,2,0,24,70
785232.0,32,2,0,24,70
785352.0,32,2,0,24,70
785352.0,24,10,0,24,70
785382.0,24,10,0,24,70
785382.0,16,18,0,24,70
785425.0,16,18,0,26,68
785436.0,16,18,0,26,68
785437.0,16,18,0,26,68
785468.0,16,18,0,26,68
785468.0,16,18,0,24,70
785624.0,16,18,0,24,70
785624.0,8,26,0,24,70
785742.0,8,26,0,26,68
785789.0,8,26,0,26,68
785789.0,8,26,0,24,70
785885.0,8,26,0,24,70
785964.0,8,26,0,24,70
786046.0,8,26,0,26,68
786089.0,8,26,0,26,68
786122.0,8,24,0,28,68
786122.0,8,24,0,26,70
786170.0,8,24,0,26,70
786266.0,8,24,0,58,38
786266.0,8,24,0,30,66
786271.0,8,24,0,62,34
786278.0,8,24,0,62,34
786278.0,8,24,0,30,66
786328.0,8,24,0,38,58
786336.0,8,24,0,40,56
786339.0,8,24,0,56,40
786488.0,8,24,0,58,38
786527.0,8,24,0,60,36
786572.0,8,24,0,64,32
786576.0,8,24,0,64,32
786576.0,8,24,0,32,64
786638.0,8,24,0,32,64
786638.0,8,24,0,28,68
787043.0,8,24,0,64,32
787139.0,8,24,0,64,32
787139.0,8,24,0,32,64
787152.0,8,16,0,40,64
787152.0,8,16,0,8,96
787182.0,8,8,0,16,96
787182.0,8,8,0,8,104
787203.0,8,8,0,8,104
787203.0,8,8,0,4,108
787424.0,8,0,0,12,108
787424.0,8,0,0,4,116
787563.0,8,0,0,12,108
787924.0,8,0,0,12,108
787954.0,8,0,0,12,108
787954.0,8,0,0,8,112
787994.0,8,0,0,12,108
788588.0,8,0,0,12,108
788588.0,8,0,0,11,109
788597.0,8,0,0,12,108
789025.0,8,0,0,12,108
789342.0,8,0,0,12,108
789410.0,8,0,0,12,108
789410.0,4,4,0,12,108
789623.0,4,4,0,12,108
789623.0,3,5,0,12,108
789646.0,3,5,0,12,108
789677.0,3,5,0,12,108
789800.0,3,5,0,44,76
789800.0,3,5,0,40,80
789802.0,3,5,0,40,80
789828.0,3,5,0,40,80
789871.0,3,5,0,40,80
789936.0,3,5,0,40,80
790005.0,3,5,0,40,80
790121.0,3,5,0,44,76
790121.0,3,5,0,12,108
790129.0,3,5,0,12,108
790517.0,3,5,0,44,76
790517.0,3,5,0,19,101
790519.0,3,5,0,27,93
790543.0,3,5,0,28,92
790668.0,3,5,0,28,92
790668.0,3,5,0,27,93
790680.0,3,5,0,28,92
790714.0,3,5,0,28,92
790714.0,3,5,0,24,96
790723.0,3,5,0,32,88
790826.0,3,5,0,32,88
790981.0,3,5,0,64,56
790981.0,3,5,0,32,88
791007.0,3,5,0,48,72
791022.0,3,5,0,52,68
791065.0,3,5,0,52,68
791065.0,3,5,0,51,69
791094.0,3,5,0,52,68
791149.0,3,5,0,52,68
791149.0,3,5,0,51,69
791154.0,3,5,0,52,68
791163.0,3,5,0,52,68
791171.0,3,5,0,52,68
791171.0,3,5,0,51,69
791180.0,3,5,0,52,68
791210.0,3,1,0,56,68
791210.0,3,1,0,40,84
791286.0,3,1,0,40,84
791286.0,3,1,0,38,86
791300.0,3,1,0,70,54
791326.0,3,1,0,72,52
791359.0,3,1,0,88,36
791423.0,3,0,0,89,36
791423.0,3,0,0,88,37
791448.0,3,0,0,89,36
791570.0,3,0,0,89,36
791570.0,3,0,0,88,37
791598.0,3,0,0,89,36
791625.0,3,0,0,89,36
791625.0,3,0,0,88,37
791997.0,3,0,0,88,37
791997.0,3,0,0,24,101
792055.0,3,0,0,24,101
792055.0,3,0,0,20,105
792096.0,3,0,0,24,101
792113.0,3,0,0,24,101
792113.0,3,0,0,23,102
792118.0,3,0,0,23,102
792118.0,3,0,0,22,103
792125.0,3,0,0,23,102
792136.0,3,0,0,24,101
792159.0,3,0,0,88,37
792281.0,3,0,0,88,37
792281.0,3,0,0,86,39
792300.0,3,0,0,88,37
792402.0,3,0,0,88,37
792402.0,3,0,0,86,39
792426.0,3,0,0,88,37
792475.0,3,0,0,89,36
792557.0,3,0,0,89,36
792557.0,3,0,0,57,68
792779.0,3,0,0,57,68
792779.0,3,0,0,55,70
792803.0,3,0,0,55,70
792803.0,3,0,0,23,102
792828.0,3,0,0,23,102
792828.0,3,0,0,15,110
792836.0,3,0,0,17,108
792895.0,3,0,0,17,108
792895.0,3,0,0,15,110
792902.0,3,0,0,47,78
793015.0,3,0,0,49,76
793078.0,3,0,0,49,76
793078.0,3,0,0,48,77
793083.0,3,0,0,49,76
793088.0,3,0,0,49,76
793088.0,3,0,0,48,77
793108.0,3,0,0,49,76
793112.0,3,0,0,49,76
793112.0,3,0,0,48,77
793359.0,3,0,0,48,77
793359.0,3,0,0,44,81
793400.0,3,0,0,44,81
793416.0,3,0,0,48,77
793490.0,3,0,0,48,77
793490.0,3,0,0,44,81
793507.0,3,0,0,44,81
793507.0,3,0,0,40,85
793552.0,3,0,0,44,81
793580.0,3,0,0,48,77
793614.0,3,0,0,48,77
793614.0,3,0,0,16,109
793681.0,3,0,0,16,109
793681.0,3,0,0,15,110
793711.0,3,0,0,16,109
793813.0,3,0,0,48,77
793956.0,3,0,0,48,77
793956.0,3,0,0,16,109
793986.0,3,0,0,16,109
793986.0,3,0,0,15,110
794010.0,3,0,0,16,109
794017.0,3,0,0,16,109
794017.0,3,0,0,0,125
794033.0,3,0,0,16,109
794089.0,3,0,0,48,77
794105.0,3,0,0,48,77
794105.0,3,0,0,16,109
794117.0,3,0,0,16,109
794119.0,3,0,0,16,109
794137.0,3,0,0,16,109
794137.0,3,0,0,0,125
794165.0,3,0,0,16,109
794274.0,3,0,0,48,77
794296.0,3,0,0,48,77
794296.0,3,0,0,16,109
794317.0,3,0,0,48,77
794347.0,3,0,0,48,77
794347.0,3,0,0,44,81
794362.0,3,0,0,44,81
794362.0,3,0,0,12,113
794451.0,3,0,0,16,109
794476.0,3,0,0,17,108
794515.0,3,0,0,17,108
794515.0,3,0,0,1,124
794585.0,3,0,0,33,92
794619.0,3,0,0,33,92
794619.0,3,0,0,1,124
794649.0,3,0,0,17,108
794725.0,3,0,0,49,76
794803.0,3,0,0,49,76
794803.0,3,0,0,17,108
794865.0,3,0,0,17,108
794865.0,3,0,0,16,109
794904.0,3,0,0,48,77
794985.0,3,0,0,48,77
794985.0,3,0,0,16,109
795081.0,3,0,0,48,77
795090.0,3,0,0,48,77
795090.0,3,0,0,16,109
795118.0,3,0,0,48,77
795382.0,3,0,0,52,73
795385.0,3,0,0,52,73
795385.0,3,0,0,20,105
795452.0,3,0,0,20,105
795452.0,3,0,0,16,109
795466.0,3,0,0,48,77
795685.0,3,0,0,48,77
795685.0,3,0,0,47,78
795705.0,3,0,0,48,77
795734.0,3,0,0,48,77
795734.0,3,0,0,47,78
795774.0,3,0,0,48,77
795795.0,3,0,0,48,77
795795.0,3,0,0,47,78
795829.0,3,0,0,47,78
795829.0,3,0,0,43,82
795846.0,3,0,0,44,81
795899.0,3,0,0,48,77
795996.0,3,0,0,48,77
795996.0,3,0,0,47,78
796013.0,3,0,0,48,77
796065.0,3,0,0,48,77
796065.0,3,0,0,47,78
796141.0,3,0,0,79,46
796148.0,3,0,0,87,38
796165.0,3,0,0,88,37
796254.0,3,0,0,88,37
796254.0,3,0,0,56,69
796279.0,3,0,0,56,69
796279.0,3,0,0,48,77
797482.0,3,0,0,48,77
797482.0,3,0,0,47,78
797502.0,3,0,0,48,77
797633.0,3,0,0,48,77
797703.0,3,0,0,48,77
797703.0,3,0,0,44,81
797724.0,3,0,0,48,77
797765.0,3,0,0,48,77
797765.0,3,0,1,47,77
797810.0,3,0,1,47,77
797810.0,3,0,1,43,81
797832.0,3,0,1,47,77
797879.0,3,0,1,47,77
797879.0,3,0,1,43,81
797906.0,3,0,1,47,77
798024.0,3,0,1,47,77
798024.0,3,0,1,43,81
798045.0,3,0,1,47,77
798249.0,3,0,1,47,77
798249.0,3,0,12,36,77
798325.0,3,0,12,36,77
798325.0,3,0,15,33,77
798414.0,3,0,15,33,77
798414.0,3,0,15,29,81
798432.0,3,0,15,30,80
798435.0,3,0,15,34,76
798592.0,3,0,15,34,76
798592.0,3,0,15,30,80
798607.0,3,0,15,34,76
798642.0,3,0,15,34,76
798642.0,3,0,15,30,80
798659.0,3,0,15,34,76
798673.0,3,0,15,34,76
798673.0,3,0,15,30,80
798684.0,3,0,15,34,76
798786.0,3,0,15,34,76
798786.0,3,0,15,33,77
798982.0,3,0,15,33,77
798982.0,3,0,16,32,77
799066.0,3,0,16,32,77
799066.0,3,0,18,30,77
799260.0,3,0,18,66,41
799341.0,3,0,18,66,41
799341.0,3,0,18,34,73
799402.0,3,0,18,34,73
799402.0,3,0,18,30,77
799609.0,3,0,18,62,45
799612.0,3,0,18,70,37
799741.0,3,0,18,70,37
799741.0,3,0,36,52,37
799748.0,3,0,36,52,37
799748.0,3,0,44,44,37
800000.0,3,0,44,44,37
800000.0,3,0,44,42,39
800030.0,3,0,44,44,37
800180.0,3,0,44,44,37
800180.0,3,0,44,42,39
800215.0,3,0,44,44,37
800245.0,3,0,44,44,37
800245.0,3,0,44,42,39
800291.0,3,0,44,44,37
800354.0,3,0,44,44,37
800354.0,3,0,44,43,38
800368.0,3,0,44,44,37
800465.0,4,0,43,44,37
800949.0,15,0,32,44,37
801025.0,18,0,29,44,37
801123.0,18,0,29,44,37
801123.0,18,0,29,42,39
801153.0,18,0,29,44,37
801162.0,18,0,29,44,37
801162.0,18,0,29,42,39
801200.0,18,0,29,44,37
801224.0,18,0,29,44,37
801224.0,18,0,29,12,69
801381.0,18,0,29,44,37
801477.0,18,0,29,44,37
801477.0,18,0,29,40,41
801511.0,18,0,29,44,37
801682.0,19,0,28,44,37
801766.0,21,0,26,44,37
802441.0,39,0,8,44,37
802448.0,47,0,0,44,37
802747.0,47,0,0,44,37
802747.0,47,0,0,40,41
802783.0,47,0,0,44,37
802790.0,47,0,0,44,37
802790.0,47,0,0,40,41
802829.0,47,0,0,44,37
802852.0,47,0,0,44,37
802852.0,47,0,0,12,69
802860.0,47,0,0,12,69
802860.0,47,0,4,8,69
803029.0,47,0,4,40,37
803059.0,47,0,4,40,37
803059.0,47,0,4,8,69
803212.0,47,0,4,8,69
803212.0,47,0,12,0,69
803295.0,47,0,12,32,37
803313.0,47,0,12,32,37
803313.0,47,0,12,0,69
803468.0,47,0,12,32,37
803517.0,47,0,12,32,37
803517.0,47,0,12,0,69
803624.0,47,0,12,32,37
803649.0,47,0,12,32,37
803649.0,47,0,12,0,69
803809.0,47,0,12,32,37
803829.0,47,0,12,32,37
803829.0,27,20,12,32,37
803840.0,27,20,12,33,36
803847.0,27,20,12,33,36
803927.0,27,20,12,33,36
804652.0,27,20,12,33,36
805252.0,27,20,12,33,36
805401.0,27,20,12,33,36
805551.0,27,20,12,33,36
805560.0,31,20,8,33,36
805560.0,27,24,8,33,36
805629.0,27,4,8,53,36
805738.0,27,4,8,53,36
805845.0,27,4,8,53,36
805890.0,27,4,8,53,36
805912.0,35,4,0,53,36
805912.0,27,12,0,53,36
806589.0,27,12,0,53,36
806624.0,27,12,0,53,36
806867.0,27,12,0,53,36
806895.0,27,12,0,53,36
807068.0,27,12,0,53,36
807224.0,27,12,0,53,36
807280.0,27,12,0,53,36
807360.0,27,8,0,57,36
807409.0,27,8,0,57,36
807415.0,27,8,0,89,4
807423.0,27,8,0,93,0
807423.0,0,35,0,93,0
807440.0,0,35,0,93,0
807564.0,0,35,0,93,0
807712.0,0,27,0,101,0
807712.0,0,27,0,37,64
807723.0,0,27,0,101,0
807723.0,0,27,0,85,16
809223.0,0,0,0,112,16
809223.0,0,0,0,48,80
809968.0,0,0,0,112,16
809968.0,0,0,0,16,112
810029.0,0,0,0,48,80
810029.0,0,0,0,16,112
810159.0,0,0,0,80,48
810159.0,0,0,0,16,112
810167.0,0,0,0,48,80
810167.0,0,0,0,16,112
810169.0,0,0,0,48,80
810169.0,0,0,0,16,112
810255.0,0,0,0,48,80
810255.0,0,0,0,16,112
810280.0,0,0,0,48,80
810280.0,0,0,0,16,112
810288.0,0,0,0,48,80
810288.0,0,0,0,16,112
810328.0,0,0,0,48,80
810488.0,0,0,0,80,48
810488.0,0,0,0,16,112
810516.0,0,0,0,48,80
810609.0,0,0,0,112,16
811226.0,0,0,0,128,0
811226.0,0,0,0,0,128
811323.0,0,0,0,0,128
813568.0,0,0,0,0,128
817139.0,0,0,0,0,128
820796.0,0,0,0,128,0
820796.0,0,0,0,0,128
828075.0,0,0,0,0,128
831725.0,0,0,0,128,0
831725.0,0,0,0,0,128
837685.0,0,0,0,0,128
837743.0,0,0,0,0,128
839850.0,0,0,0,0,128
841278.0,0,0,0,128,0
841278.0,0,0,0,76,52
841326.0,0,0,0,76,52
841326.0,0,0,0,60,68
841338.0,0,0,0,76,52
841432.0,0,0,0,92,36
843688.0,0,0,0,92,36
843688.0,0,0,0,84,44
843716.0,0,0,0,92,36
843761.0,0,0,0,92,36
843761.0,0,0,0,60,68
843984.0,0,0,0,92,36
844164.0,0,0,0,92,36
844164.0,0,0,0,84,44
844182.0,0,0,0,92,36
844208.0,0,0,0,92,36
844208.0,0,0,0,60,68
844878.0,0,0,0,60,68
844878.0,0,0,60,0,68
847578.0,60,0,0,0,68
847602.0,60,0,0,0,68
847602.0,44,16,0,0,68
847640.0,44,16,0,0,68
847640.0,12,48,0,0,68
847704.0,12,48,0,0,68
847800.0,12,48,0,0,68
848010.0,12,48,0,0,68
848106.0,12,48,0,0,68
848169.0,12,48,0,0,68
848175.0,12,48,0,0,68
848340.0,12,48,0,0,68
848351.0,12,48,0,0,68
848396.0,12,48,0,0,68
848408.0,12,48,0,0,68
848555.0,12,48,0,0,68
848651.0,12,48,0,0,68
848811.0,12,48,0,0,68
848865.0,12,48,0,0,68
849202.0,12,48,0,0,68
849268.0,12,48,0,0,68
849336.0,12,48,0,0,68
849364.0,12,48,0,0,68
849398.0,12,48,0,0,68
849402.0,12,32,0,16,68
849402.0,12,32,0,0,84
849440.0,12,0,0,32,84
849440.0,12,0,0,0,116
849461.0,12,0,0,32,84
849461.0,12,0,0,0,116
849475.0,12,0,0,32,84
849475.0,12,0,0,0,116
849496.0,12,0,0,32,84
849496.0,12,0,0,16,100
849499.0,12,0,0,32,84
849499.0,12,0,0,0,116
849519.0,12,0,0,32,84
849519.0,9,3,0,13,103
849523.0,9,3,0,15,101
849548.0,9,3,0,16,100
849552.0,9,3,0,32,84
849576.0,9,3,0,48,68
849576.0,9,3,0,16,100
849602.0,9,3,0,48,68
849602.0,9,3,0,28,88
849620.0,9,3,0,28,88
849666.0,9,3,0,28,88
849710.0,9,3,0,44,72
849710.0,8,4,0,44,72
849887.0,8,4,0,48,68
850288.0,8,4,0,48,68
850824.0,8,4,0,48,68
850897.0,8,4,0,48,68
851319.0,8,1,0,51,68
851319.0,8,1,0,35,84
851326.0,8,1,0,51,68
851504.0,8,1,0,51,68
851510.0,8,0,0,52,68
851510.0,8,0,0,20,100
851534.0,8,0,0,52,68
851534.0,8,0,0,20,100
851547.0,8,0,0,20,100
851555.0,8,0,0,52,68
851555.0,8,0,0,0,120
851576.0,8,0,0,4,116
851624.0,8,0,0,20,100
851624.0,8,0,0,2,118
851649.0,8,0,0,4,116
851728.0,8,0,0,20,100
851831.0,8,0,0,20,100
851877.0,8,0,0,20,100
852022.0,8,0,0,20,100
852187.0,8,0,0,52,68
852187.0,8,0,0,18,102
852231.0,8,0,0,18,102
852295.0,8,0,0,18,102
852315.0,8,0,0,50,70
852315.0,2,6,0,2,118
852360.0,2,6,0,18,102
852360.0,0,8,0,2,118
852424.0,0,8,0,2,118
852477.0,0,8,0,2,118
852520.0,0,8,0,18,102
852520.0,0,8,0,4,116
852564.0,0,8,0,6,114
852581.0,0,8,0,10,110
852586.0,0,8,0,18,102
852703.0,0,8,0,18,102
852716.0,0,8,0,18,102
852728.0,0,8,0,50,70
852728.0,0,8,0,4,116
852799.0,0,8,0,6,114
852810.0,0,8,0,6,114
852855.0,0,8,0,6,114
852889.0,0,8,0,6,114
852914.0,0,8,0,38,82
852914.0,0,8,0,2,118
852941.0,0,8,0,10,110
852941.0,0,8,0,2,118
852994.0,0,8,0,4,116
852997.0,0,8,0,8,112
853047.0,0,8,0,8,112
853096.0,0,8,0,8,112
853109.0,0,8,0,40,80
853109.0,0,8,0,6,114
853123.0,0,8,0,6,114
853143.0,0,8,0,6,114
853171.0,0,8,0,38,82
853171.0,0,8,0,6,114
853207.0,0,8,0,6,114
853260.0,0,8,0,14,106
853387.0,0,8,0,46,74
853387.0,0,8,0,14,106
853417.0,0,8,0,16,104
853447.0,0,8,0,48,72
853447.0,0,8,0,14,106
853487.0,0,8,0,14,106
853517.0,0,8,0,14,106
853720.0,0,8,0,14,106
854094.0,0,8,0,16,104
854115.0,0,2,0,22,104
854115.0,0,2,0,14,112
854139.0,0,2,0,14,112
854160.0,0,0,0,16,112
854160.0,0,0,0,14,114
854215.0,0,0,0,22,106
854354.0,0,0,0,22,106
854399.0,0,0,0,22,106
854407.0,0,0,0,24,104
854597.0,0,0,0,24,104
854646.0,0,0,0,24,104
854926.0,0,0,0,24,104
854947.0,0,0,0,24,104
855176.0,0,0,0,24,104
855509.0,0,0,0,24,104
855520.0,0,0,0,56,72
855520.0,0,0,0,20,108
855605.0,0,0,0,24,104
855674.0,0,0,0,56,72
855674.0,0,0,0,15,113
855694.0,0,0,0,16,112
855758.0,0,0,0,16,112
855762.0,0,0,0,20,108
855763.0,0,0,0,24,104
855776.0,0,0,0,28,100
855831.0,0,0,0,28,100
855987.0,0,0,0,28,100
856031.0,0,0,0,60,68
856031.0,0,0,0,0,128
856052.0,0,0,0,16,112
856052.0,0,0,0,0,128
856120.0,0,0,0,0,128
856127.0,0,0,0,16,112
856129.0,0,0,0,20,108
856139.0,0,0,0,24,104
856143.0,0,0,0,28,100
856148.0,0,0,0,60,68
856342.0,0,0,0,60,68
856342.0,0,0,0,28,100
856446.0,0,0,0,60,68
856471.0,0,0,0,60,68
856471.0,0,0,0,52,76
856475.0,0,0,0,52,76
856475.0,0,0,0,44,84
856522.0,0,0,0,52,76
856546.0,0,0,0,52,76
856546.0,0,0,0,36,92
856551.0,0,0,0,36,92
856551.0,0,0,0,20,108
856594.0,0,0,0,20,108
856618.0,0,0,0,36,92
856625.0,0,0,0,44,84
856627.0,0,0,0,60,68
856651.0,0,0,0,60,68
856651.0,0,0,0,44,84
856700.0,0,0,0,44,84
856700.0,0,0,0,12,116
856717.0,0,0,0,12,116
856717.0,0,0,0,4,124
856778.0,0,0,0,20,108
856832.0,0,0,0,28,100
856877.0,0,0,0,28,100
856926.0,0,0,0,60,68
856926.0,0,0,0,28,100
856967.0,0,0,0,28,100
856967.0,0,0,0,12,116
857009.0,0,0,0,28,100
857012.0,0,0,0,28,100
857012.0,0,0,0,20,108
857140.0,0,0,0,28,100
857205.0,0,0,0,60,68
857330.0,0,0,0,60,68
857330.0,0,0,0,52,76
857367.0,0,0,0,84,44
857426.0,0,0,0,84,44
857426.0,0,0,0,68,60
857429.0,0,0,0,68,60
857429.0,0,0,0,52,76
857439.0,0,0,0,52,76
857439.0,0,0,0,36,92
857454.0,0,0,0,52,76
857457.0,0,0,0,52,76
857457.0,0,0,0,44,84
857481.0,0,0,0,60,68
857483.0,0,0,0,84,44
857543.0,0,0,0,84,44
857543.0,0,0,0,68,60
857583.0,0,0,0,68,60
857583.0,0,0,0,36,92
857597.0,0,0,0,36,92
857597.0,0,0,0,28,100
857620.0,0,0,0,36,92
857648.0,0,0,0,44,84
857745.0,0,0,0,44,84
857745.0,0,0,0,28,100
857802.0,0,0,0,44,84
857814.0,0,0,0,76,52
857815.0,0,0,0,76,52
857815.0,0,0,0,72,56
857818.0,0,0,0,76,52
857858.0,0,0,0,76,52
857858.0,0,0,0,68,60
857860.0,0,0,0,68,60
857860.0,0,0,0,64,64
857880.0,0,0,0,72,56
857882.0,0,0,0,76,52
857894.0,0,0,0,76,52
857894.0,0,0,0,72,56
857916.0,0,0,0,76,52
857949.0,0,0,0,76,52
857949.0,0,0,0,72,56
857971.0,0,0,0,76,52
858043.0,0,0,0,76,52
858043.0,0,0,0,68,60
858067.0,0,0,0,76,52
858106.0,0,0,0,76,52
858106.0,0,0,0,44,84
858116.0,0,0,0,76,52
858135.0,0,0,0,76,52
858135.0,0,0,0,44,84
858180.0,0,0,0,76,52
858356.0,0,0,0,76,52
858356.0,0,0,0,72,56
858377.0,0,0,0,76,52
858414.0,0,0,0,76,52
858414.0,0,0,0,72,56
858427.0,0,0,0,72,56
858427.0,0,0,0,40,88
858486.0,0,0,0,44,84
858501.0,0,0,0,76,52
858516.0,0,0,0,76,52
858516.0,0,0,0,44,84
858776.0,0,0,0,44,84
858776.0,0,0,0,36,92
858789.0,0,0,0,36,92
858789.0,0,0,0,28,100
858803.0,0,0,0,44,84
858819.0,0,0,0,52,76
858822.0,0,0,0,60,68
858835.0,0,0,0,60,68
858835.0,0,0,0,52,76
858886.0,0,0,0,52,76
858886.0,0,0,0,48,80
858950.0,0,0,0,52,76
858974.0,0,0,0,60,68
858978.0,0,0,0,60,68
858978.0,0,0,0,44,84
859028.0,0,0,0,60,68
859031.0,0,0,0,60,68
859031.0,0,0,0,52,76
859055.0,0,0,0,60,68
859081.0,0,0,0,60,68
859081.0,0,0,0,44,84
859102.0,0,0,0,60,68
859130.0,0,0,0,60,68
859130.0,0,0,0,52,76
859158.0,0,0,0,60,68
859166.0,0,0,0,60,68
859166.0,0,0,0,44,84
859205.0,0,0,0,60,68
859215.0,0,0,0,60,68
859215.0,0,0,0,52,76
859238.0,0,0,0,60,68
859271.0,0,0,0,60,68
859271.0,0,0,0,44,84
859306.0,0,0,0,44,84
859306.0,0,0,0,36,92
859310.0,0,0,0,52,76
859342.0,0,0,0,52,76
859342.0,0,0,0,48,80
859357.0,0,0,0,56,72
859381.0,0,0,0,56,72
859381.0,0,0,0,48,80
859401.0,0,0,0,52,76
859410.0,0,0,0,60,68
859419.0,0,0,0,60,68
859419.0,0,0,0,52,76
859449.0,0,0,0,60,68
859521.0,0,0,0,60,68
859521.0,0,0,0,52,76
859523.0,0,0,0,52,76
859523.0,0,0,0,44,84
859546.0,0,0,0,52,76
859554.0,0,0,0,60,68
859619.0,0,0,0,60,68
859619.0,0,0,0,52,76
859656.0,0,0,0,52,76
859656.0,0,0,0,44,84
859659.0,0,0,0,52,76
859679.0,0,0,0,60,68
859727.0,0,0,0,60,68
859739.0,0,0,0,60,68
859739.0,0,0,4,56,68
859748.0,0,0,4,56,68
859748.0,0,0,4,52,72
859794.0,0,0,4,56,68
859832.0,0,0,4,56,68
859832.0,0,0,4,24,100
859846.0,0,0,4,24,100
859846.0,0,0,4,20,104
859886.0,0,0,4,24,100
859919.0,0,0,4,24,100
859919.0,0,0,4,23,101
859956.0,0,0,4,23,101
859956.0,0,0,4,19,105
859962.0,0,0,4,19,105
859962.0,0,0,4,11,113
859983.0,0,0,4,19,105
859986.0,0,0,4,23,101
860037.0,0,0,4,23,101
860059.0,0,0,4,55,69
860059.0,0,0,4,23,101
860092.0,0,0,4,23,101
860092.0,0,0,4,21,103
860116.0,0,0,4,23,101
860139.0,0,0,4,55,69
860150.0,0,0,4,55,69
860150.0,0,0,4,54,70
860159.0,0,0,4,54,70
860159.0,0,0,4,52,72
860208.0,0,0,4,52,72
860208.0,0,0,4,50,74
860241.0,0,0,4,52,72
860259.0,0,0,4,53,71
860323.0,0,0,4,53,71
860323.0,0,0,4,51,73
860374.0,0,0,4,53,71
860428.0,0,0,4,85,39
860432.0,0,0,4,85,39
860432.0,0,0,12,77,39
860476.0,0,0,12,79,37
860489.0,0,0,12,79,37
860489.0,0,0,12,71,45
860514.0,0,0,12,79,37
860584.0,0,0,12,79,37
860584.0,0,0,12,77,39
860609.0,0,0,12,77,39
860609.0,0,0,15,74,39
860610.0,0,0,15,74,39
860610.0,0,0,15,73,40
860637.0,0,0,15,73,40
860637.0,0,0,15,72,41
860718.0,0,0,15,73,40
860738.0,0,0,15,74,39
860765.0,0,0,15,74,39
860765.0,0,0,15,66,47
860786.0,0,0,15,74,39
860790.0,0,0,15,74,39
860790.0,0,0,15,73,40
860811.0,0,0,15,74,39
860883.0,0,0,15,74,39
860883.0,0,0,15,73,40
860904.0,0,0,15,75,38
860906.0,0,0,15,75,38
860906.0,0,0,15,43,70
860949.0,0,0,15,43,70
860949.0,0,0,15,35,78
860976.0,0,0,15,36,77
860980.0,0,0,15,44,69
861084.0,0,0,15,44,69
861084.0,0,0,15,36,77
861094.0,0,0,15,68,45
861106.0,0,0,15,76,37
861161.0,0,0,15,76,37
861161.0,0,0,15,68,45
861182.0,0,0,15,76,37
861183.0,0,0,15,76,37
861183.0,0,0,15,74,39
861190.0,0,0,15,78,35
861231.0,0,0,15,79,34
861260.0,0,0,15,79,34
861260.0,0,0,15,78,35
861276.0,0,0,15,79,34
861280.0,0,0,15,79,34
861280.0,0,0,15,71,42
861451.0,0,0,15,73,40
861522.0,0,0,15,73,40
861522.0,0,0,15,71,42
861619.0,0,0,15,71,42
861619.0,0,0,15,67,46
861635.0,0,0,15,71,42
861656.0,0,0,15,71,42
861656.0,0,0,15,70,43
861691.0,0,0,15,70,43
861691.0,0,0,15,69,44
861741.0,0,0,15,70,43
861834.0,0,0,15,70,43
861834.0,0,0,15,69,44
861874.0,0,0,15,70,43
861941.0,0,0,15,70,43
861941.0,0,0,15,62,51
861961.0,0,0,15,63,50
861973.0,0,0,15,71,42
861988.0,0,0,15,71,42
861988.0,0,0,15,63,50
861999.0,0,0,15,63,50
861999.0,0,0,15,61,52
862042.0,0,0,15,69,44
862048.0,0,0,15,69,44
862048.0,0,0,15,37,76
862068.0,0,0,15,69,44
862127.0,0,0,15,69,44
862127.0,0,0,15,37,76
862168.0,0,0,15,69,44
862196.0,0,0,15,69,44
862196.0,0,0,15,37,76
862217.0,0,0,15,69,44
862229.0,0,0,15,71,42
862241.0,0,0,15,103,10
862268.0,0,0,15,103,10
862268.0,0,0,15,71,42
862327.0,0,0,15,103,10
862355.0,0,0,15,103,10
862355.0,0,0,15,71,42
862371.0,0,0,15,71,42
862371.0,0,0,15,63,50
862378.0,0,0,15,63,50
862378.0,0,0,15,55,58
862386.0,0,0,15,57,56
862395.0,0,0,15,65,48
862406.0,0,0,15,65,48
862406.0,0,0,15,33,80
862439.0,4,0,11,33,80
862446.0,4,0,11,65,48
862457.0,4,0,11,65,48
862457.0,4,0,11,57,56
862474.0,4,0,11,57,56
862474.0,4,0,11,25,88
862481.0,4,0,11,33,80
862521.0,4,0,11,33,80
862521.0,4,0,11,25,88
862532.0,4,0,11,25,88
862532.0,4,0,11,23,90
862533.0,4,0,11,23,90
862533.0,4,0,11,15,98
862545.0,4,0,11,23,90
862584.0,4,0,11,55,58
862588.0,4,0,11,63,50
862674.0,4,0,11,63,50
862674.0,4,0,11,55,58
862683.0,4,0,11,55,58
862683.0,4,0,11,47,66
862721.0,4,0,11,49,64
862736.0,4,0,11,57,56
862786.0,4,0,11,57,56
862786.0,4,0,11,55,58
862879.0,4,0,11,71,42
862907.0,4,0,11,71,42
862907.0,4,0,11,39,74
862909.0,4,0,11,79,34
862987.0,4,0,11,111,2
863013.0,4,0,11,113,0
863063.0,4,0,11,113,0
863063.0,4,0,11,81,32
863070.0,4,0,11,81,32
863070.0,4,0,11,49,64
863096.0,4,0,11,49,64
863096.0,4,0,11,41,72
863100.0,4,0,11,41,72
863100.0,4,0,11,33,80
863132.0,12,0,3,33,80
863154.0,12,0,3,65,48
863309.0,15,0,0,65,48
863518.0,15,0,0,65,48
863518.0,15,0,0,64,49
863540.0,15,0,0,65,48
863583.0,15,0,0,65,48
863583.0,15,0,8,57,48
863586.0,15,0,8,57,48
863586.0,15,0,10,55,48
863716.0,15,0,10,55,48
863716.0,15,0,11,54,48
863836.0,15,0,11,62,40
863875.0,15,0,11,102,0
863959.0,15,0,11,102,0
863959.0,15,0,11,70,32
863984.0,15,0,11,70,32
863984.0,15,0,11,62,40
863991.0,15,0,11,62,40
863991.0,15,0,11,60,42
864033.0,15,0,11,68,34
864034.0,15,0,11,100,2
864150.0,15,0,11,100,2
864150.0,15,0,11,92,10
864382.0,15,0,11,92,10
864382.0,15,0,11,90,12
864455.0,15,0,11,98,4
864495.0,15,0,11,98,4
864495.0,15,0,11,66,36
864726.0,15,0,11,66,36
864726.0,15,0,11,34,68
864790.0,15,0,11,34,68
864790.0,15,0,15,30,68
864837.0,15,0,15,62,36
864840.0,15,0,15,62,36
864840.0,15,0,15,54,44
865014.0,15,0,15,62,36
865041.0,15,0,15,62,36
865041.0,15,0,15,54,44
865061.0,15,0,15,54,44
865061.0,15,0,15,22,76
865082.0,15,0,15,54,44
865166.0,15,0,15,62,36
865196.0,15,0,15,62,36
865196.0,15,0,15,54,44
865255.0,15,0,15,62,36
865342.0,15,0,15,62,36
865342.0,15,0,15,54,44
865401.0,15,0,15,62,36
865407.0,15,0,15,62,36
865407.0,15,0,15,46,52
865476.0,15,0,15,48,50
865480.0,15,0,15,50,48
865494.0,15,0,15,50,48
865494.0,15,0,15,46,52
865514.0,15,0,15,50,48
865528.0,15,0,15,50,48
865528.0,15,0,15,46,52
865552.0,15,0,15,78,20
865570.0,15,0,15,94,4
865615.0,15,0,15,94,4
865615.0,15,0,15,62,36
865626.0,15,0,15,62,36
865626.0,15,0,15,46,52
865691.0,15,0,15,50,48
865716.0,15,0,15,66,32
865741.0,15,0,15,66,32
865741.0,15,0,15,50,48
865855.0,15,0,15,66,32
865884.0,15,0,15,66,32
865884.0,15,0,15,65,33
865903.0,15,0,15,97,1
865951.0,15,0,15,98,0
865962.0,15,0,15,98,0
865962.0,15,0,15,97,1
865981.0,15,0,15,98,0
866029.0,15,0,15,98,0
866029.0,15,0,15,97,1
866053.0,15,0,15,98,0
866184.0,15,0,15,98,0
866184.0,15,0,23,90,0
866188.0,15,0,23,90,0
866188.0,15,0,31,82,0
866283.0,23,0,23,82,0
866286.0,25,0,21,82,0
866321.0,25,0,21,82,0
866321.0,25,0,23,80,0
866416.0,26,0,22,80,0
866454.0,26,0,22,80,0
866454.0,26,0,22,48,32
866457.0,26,0,22,80,0
867436.0,26,0,22,80,0
867436.0,26,0,26,76,0
867490.0,30,0,22,76,0
868410.0,30,0,22,76,0
868410.0,30,0,22,74,2
868413.0,30,0,22,76,0
868440.0,30,0,22,76,0
868440.0,30,0,22,74,2
868443.0,30,0,22,76,0
868461.0,30,0,22,76,0
868461.0,30,0,22,60,16
868464.0,30,0,22,76,0
868495.0,30,0,22,76,0
868495.0,30,0,22,74,2
868498.0,30,0,22,76,0
868682.0,30,0,22,76,0
868682.0,30,0,46,52,0
868884.0,38,0,38,52,0
868888.0,46,0,30,52,0
869021.0,48,0,28,52,0
869316.0,48,0,28,52,0
869316.0,48,0,32,48,0
869455.0,48,0,32,48,0
869455.0,48,0,46,34,0
869503.0,48,0,46,34,0
869503.0,48,0,48,32,0
869510.0,48,0,48,32,0
869510.0,48,0,48,0,32
869511.0,48,0,48,0,32
869742.0,48,0,48,0,32
869800.0,48,0,48,0,32
869800.0,44,4,48,0,32
869981.0,44,4,48,0,32
869981.0,28,20,48,0,32
870057.0,28,20,48,0,32
870136.0,32,20,44,0,32
870136.0,28,24,44,0,32
870363.0,28,24,44,0,32
870363.0,20,32,44,0,32
870435.0,20,32,44,0,32
870435.0,4,48,44,0,32
870440.0,4,48,44,0,32
870505.0,4,48,44,0,32
870510.0,4,48,44,0,32
870555.0,4,48,44,0,32
870580.0,4,48,44,0,32
870591.0,4,48,44,0,32
870653.0,4,48,44,0,32
870681.0,4,48,44,0,32
870729.0,4,48,44,0,32
870948.0,4,48,44,0,32
871079.0,4,48,44,0,32
871227.0,4,48,44,0,32
871250.0,4,48,44,0,32
871382.0,28,48,20,0,32
871382.0,4,72,20,0,32
871424.0,4,72,20,0,32
871508.0,4,72,20,0,32
871600.0,4,68,20,4,32
871600.0,4,68,20,0,36
871622.0,4,68,20,4,32
871665.0,4,68,20,4,32
871763.0,4,68,20,4,32
871781.0,4,52,20,20,32
871781.0,4,52,20,4,48
871878.0,4,52,20,20,32
871919.0,4,52,20,20,32
871936.0,4,48,20,24,32
871977.0,4,48,20,24,32
871983.0,4,48,20,24,32
872016.0,8,48,16,24,32
872016.0,4,52,16,24,32
872057.0,4,52,16,24,32
872155.0,18,52,2,24,32
872155.0,4,66,2,24,32
872163.0,4,58,2,32,32
872163.0,4,58,2,24,40
872202.0,4,58,2,24,40
872203.0,6,58,0,24,40
872203.0,4,60,0,24,40
872208.0,4,60,0,32,32
872208.0,0,64,0,32,32
872235.0,0,48,0,48,32
872235.0,0,48,0,32,48
872293.0,0,48,0,48,32
872293.0,0,48,0,32,48
872351.0,0,48,0,40,40
872351.0,0,48,0,36,44
872397.0,0,48,0,40,40
872427.0,0,48,0,48,32
872427.0,0,48,0,32,48
872665.0,0,48,0,32,48
872677.0,0,48,0,32,48
872698.0,0,48,0,32,48
872799.0,0,48,0,64,16
872799.0,0,48,0,35,45
872808.0,0,48,0,35,45
872816.0,0,48,0,36,44
872816.0,0,48,0,32,48
872817.0,0,48,0,40,40
872817.0,0,48,0,34,46
872848.0,0,48,0,38,42
872860.0,0,48,0,42,38
872870.0,0,48,0,46,34
872895.0,0,48,0,50,30
872895.0,0,48,0,32,48
872914.0,0,48,0,32,48
872953.0,0,48,0,48,32
873048.0,0,48,0,48,32
873049.0,0,48,0,50,30
873104.0,0,48,0,50,30
873125.0,0,48,0,52,28
873129.0,0,48,0,52,28
873165.0,0,48,0,52,28
873182.0,0,24,0,76,28
873182.0,0,24,0,60,44
873204.0,0,24,0,76,28
873204.0,0,24,0,44,60
873227.0,0,24,0,46,58
873242.0,0,24,0,46,58
873310.0,0,24,0,48,56
873310.0,0,24,0,40,64
873331.0,0,24,0,48,56
873331.0,0,24,0,44,60
873729.0,0,24,0,52,52
873729.0,0,24,0,40,64
873735.0,0,24,0,42,62
873746.0,0,24,0,42,62
873777.0,0,24,0,42,62
873816.0,0,20,0,46,62
873896.0,0,20,0,46,62
873955.0,0,6,0,60,62
874003.0,0,4,0,62,62
874003.0,0,4,0,30,94
874008.0,0,0,0,34,94
874008.0,0,0,0,2,126
874067.0,0,0,0,2,126
874163.0,0,0,0,4,124
874163.0,0,0,0,0,128
874172.0,0,0,0,4,124
874172.0,0,0,0,2,126
874173.0,0,0,0,2,126
874289.0,0,0,0,18,110
874301.0,0,0,0,18,110
874407.0,0,0,0,18,110
874501.0,0,0,0,50,78
874501.0,0,0,0,2,126
874532.0,0,0,0,2,126
874542.0,0,0,0,2,126
874565.0,0,0,0,18,110
874565.0,0,0,0,0,128
874601.0,0,0,0,16,112
874601.0,0,0,0,0,128
874620.0,0,0,0,8,120
874622.0,0,0,0,8,120
874636.0,0,0,0,16,112
874696.0,0,0,0,24,104
874781.0,0,0,0,26,102
874864.0,0,0,0,30,98
875100.0,0,0,0,62,66
875100.0,0,0,0,1,127
875118.0,0,0,0,3,125
875118.0,0,0,0,1,127
875123.0,0,0,0,9,119
875123.0,0,0,0,7,121
875124.0,0,0,0,19,109
875125.0,0,0,0,21,107
875130.0,0,0,0,23,105
875136.0,0,0,0,25,103
875142.0,0,0,0,27,101
875147.0,0,0,0,29,99
875222.0,0,0,0,29,99
875241.0,0,0,0,61,67
875253.0,0,0,0,63,65
875288.0,0,0,0,63,65
875288.0,0,0,0,31,97
875291.0,0,0,0,63,65
875325.0,0,0,0,64,64
875518.0,0,0,0,96,32
875951.0,0,0,0,96,32
876028.0,0,0,0,96,32
876028.0,0,0,0,64,64
876097.0,0,0,0,64,64
876097.0,0,0,0,60,68
876149.0,0,0,0,60,68
876149.0,0,0,0,59,69
876164.0,0,0,0,60,68
876288.0,0,0,0,60,68
876288.0,0,0,0,28,100
876382.0,0,0,0,28,100
876382.0,0,0,0,20,108
876399.0,0,0,0,20,108
876417.0,0,0,0,20,108
876445.0,0,0,0,28,100
876460.0,0,0,0,28,100
876553.0,0,0,0,28,100
876650.0,0,0,0,28,100
876678.0,0,0,0,28,100
876804.0,0,0,0,28,100
876866.0,0,0,0,28,100
876931.0,0,0,0,28,100
877152.0,0,0,0,28,100
877335.0,0,0,0,28,100
877538.0,0,0,0,28,100
877723.0,0,0,0,60,68
877723.0,0,0,0,28,100
877772.0,0,0,0,28,100
877860.0,0,0,0,60,68
877860.0,0,0,0,24,104
877889.0,0,0,0,24,104
877893.0,0,0,0,28,100
878028.0,0,0,0,60,68
878028.0,0,0,0,28,100
878187.0,0,0,0,60,68
878187.0,0,0,0,20,108
878220.0,0,0,0,20,108
878230.0,0,0,0,28,100
878244.0,0,0,0,28,100
878244.0,0,0,0,12,116
878271.0,0,0,0,12,116
878277.0,0,0,0,44,84
878277.0,0,0,0,12,116
878313.0,0,0,0,28,100
878327.0,0,0,0,28,100
878327.0,0,0,0,12,116
878352.0,0,0,0,44,84
878385.0,0,0,0,60,68
878404.0,0,0,0,60,68
878404.0,0,0,0,52,76
878481.0,0,0,0,60,68
878579.0,0,0,0,64,64
878585.0,0,0,0,64,64
878585.0,0,0,0,32,96
878645.0,0,0,0,32,96
878645.0,0,0,0,28,100
878669.0,0,0,0,28,100
878669.0,0,0,0,12,116
878704.0,0,0,0,28,100
878718.0,0,0,0,28,100
878718.0,0,0,1,27,100
878724.0,0,0,1,27,100
878724.0,0,0,5,23,100
878742.0,0,0,5,23,100
878742.0,0,0,7,21,100
878841.0,0,0,7,21,100
878841.0,0,0,11,17,100
878925.0,0,0,11,17,100
878925.0,0,0,12,16,100
878964.0,0,0,12,16,100
878964.0,0,0,12,12,104
878994.0,0,0,12,12,104
878994.0,0,0,12,10,106
879012.0,0,0,12,16,100
879054.0,0,0,12,16,100
879054.0,0,0,12,12,104
879075.0,0,0,12,12,104
879075.0,0,0,12,10,106
879139.0,0,0,12,14,102
879140.0,0,0,12,16,100
879179.0,0,0,12,16,100
879179.0,0,0,12,12,104
879201.0,0,0,12,12,104
879201.0,0,0,12,10,106
879262.0,0,0,12,14,102
879263.0,0,0,12,16,100
879275.0,0,0,12,16,100
879275.0,0,0,12,12,104
879296.0,0,0,12,12,104
879296.0,0,0,12,10,106
879368.0,0,0,12,10,106
879471.0,0,0,12,10,106
879674.0,0,0,12,10,106
879953.0,0,0,12,10,106
880009.0,0,0,12,10,106
880107.0,0,0,12,10,106
880173.0,0,0,12,16,100
880217.0,0,0,12,16,100
880238.0,0,0,12,16,100
880242.0,0,0,12,16,100
880314.0,0,0,12,16,100
880691.0,0,0,12,48,68
880691.0,0,0,12,18,98
880714.0,0,0,12,22,94
880733.0,0,0,12,24,92
880736.0,0,0,12,32,84
880736.0,0,0,12,30,86
880738.0,0,0,12,46,70
880738.0,0,0,12,30,86
880775.0,0,0,12,46,70
880775.0,0,0,12,30,86
880782.0,0,0,12,30,86
880841.0,0,0,12,46,70
880841.0,0,0,12,38,78
880842.0,0,0,12,40,76
880884.0,0,0,12,40,76
880925.0,0,0,12,48,68
881146.0,0,0,12,48,68
881329.0,0,0,12,48,68
881418.0,1,0,11,48,68
881418.0,0,1,11,48,68
881424.0,4,1,7,48,68
881424.0,0,5,7,48,68
881442.0,2,5,5,48,68
881442.0,0,7,5,48,68
881492.0,0,7,5,48,68
881541.0,4,7,1,48,68
881541.0,0,11,1,48,68
881560.0,0,11,1,48,68
881603.0,0,11,1,48,68
881609.0,0,11,1,80,36
881609.0,0,11,1,24,92
881624.0,0,11,1,40,76
881624.0,0,11,1,24,92
881625.0,1,11,0,24,92
881625.0,0,12,0,24,92
881652.0,0,12,0,40,76
881652.0,0,12,0,24,92
881672.0,0,12,0,40,76
881693.0,0,12,0,48,68
881704.0,0,12,0,80,36
881704.0,0,12,0,48,68
881719.0,0,12,0,48,68
881756.0,0,12,0,48,68
881845.0,0,12,0,48,68
882032.0,0,12,0,48,68
882074.0,0,12,0,48,68
882304.0,0,12,0,48,68
882601.0,0,12,0,48,68
882811.0,0,12,0,48,68
882988.0,0,12,0,48,68
883185.0,0,12,0,48,68
883218.0,0,11,0,49,68
883224.0,0,7,0,53,68
883242.0,0,5,0,55,68
883341.0,0,1,0,59,68
883341.0,0,1,0,39,88
883342.0,0,1,0,39,88
883378.0,0,1,0,55,72
883378.0,0,1,0,15,112
883425.0,0,0,0,16,112
883425.0,0,0,0,0,128
883468.0,0,0,0,4,124
883504.0,0,0,0,20,108
883504.0,0,0,0,4,124
883526.0,0,0,0,20,108
883526.0,0,0,0,4,124
883543.0,0,0,0,20,108
883543.0,0,0,0,4,124
883641.0,0,0,0,20,108
883641.0,0,0,0,4,124
883665.0,0,0,0,20,108
883665.0,0,0,0,0,128
883689.0,0,0,0,16,112
883689.0,0,0,0,4,124
883773.0,0,0,0,4,124
883790.0,0,0,0,12,116
883791.0,0,0,0,16,112
883855.0,0,0,0,20,108
883884.0,0,0,0,20,108
883884.0,0,0,0,12,116
884108.0,0,0,0,20,108
884115.0,0,0,0,20,108
884115.0,0,0,0,12,116
884121.0,0,0,0,12,116
884121.0,0,0,0,10,118
884133.0,0,0,0,10,118
884133.0,0,0,0,8,120
884138.0,0,0,0,8,120
884138.0,0,0,0,4,124
884143.0,0,0,0,6,122
884144.0,0,0,0,8,120
884218.0,0,0,0,16,112
884234.0,0,0,0,16,112
884234.0,0,0,0,8,120
884305.0,0,0,0,16,112
884336.0,0,0,0,16,112
884478.0,0,0,0,20,108
885026.0,0,0,0,52,76
885272.0,0,0,0,52,76
885704.0,0,0,0,52,76
885704.0,0,0,0,20,108
885794.0,0,0,0,52,76
885888.0,0,0,0,52,76
886137.0,0,0,0,84,44
886137.0,0,0,0,20,108
886148.0,0,0,0,20,108
886171.0,0,0,0,28,100
886207.0,0,0,0,60,68
886207.0,0,0,0,28,100
886438.0,0,0,0,32,96
886442.0,0,0,0,32,96
886442.0,0,0,0,0,128
886500.0,0,0,0,0,128
886609.0,0,0,0,0,128
886650.0,0,0,0,64,64
886650.0,0,0,0,28,100
886655.0,0,0,0,60,68
886754.0,0,0,0,60,68
886754.0,0,0,0,59,69
886770.0,0,0,0,60,68
886856.0,0,0,0,92,36
887068.0,0,0,0,92,36
887289.0,0,0,0,92,36
887411.0,0,0,0,92,36
887411.0,0,0,0,60,68
887444.0,0,0,0,92,36
887455.0,0,0,0,92,36
887586.0,0,0,0,92,36
887586.0,0,0,0,60,68
887612.0,0,0,0,60,68
887612.0,0,0,0,28,100
887662.0,0,0,0,60,68
888129.0,0,0,0,60,68
888129.0,0,0,0,28,100
888282.0,0,0,0,60,68
888609.0,0,0,0,92,36
888889.0,0,0,0,92,36
888889.0,0,0,0,60,68
888909.0,0,0,0,92,36
889027.0,0,0,0,92,36
889027.0,0,0,0,60,68
889180.0,0,0,0,92,36
889289.0,0,0,0,92,36
889289.0,0,0,0,60,68
889311.0,0,0,0,60,68
889311.0,0,0,0,28,100
889436.0,0,0,0,60,68
889845.0,0,0,0,60,68
889845.0,0,0,0,28,100
890008.0,0,0,0,60,68
890250.0,0,0,0,60,68
890255.0,0,0,0,60,68
890255.0,0,0,28,32,68
890487.0,0,0,28,64,36
890884.0,0,0,28,64,36
890884.0,0,0,28,32,68
890937.0,0,0,28,32,68
890937.0,0,0,28,0,100
890984.0,0,0,28,32,68
890986.0,0,0,28,64,36
890990.0,0,0,28,64,36
890990.0,0,0,28,32,68
891063.0,0,0,28,32,68
891153.0,0,0,28,64,36
891289.0,0,0,28,64,36
891289.0,0,0,28,32,68
891346.0,0,0,28,32,68
891346.0,0,0,28,28,72
891437.0,0,0,28,32,68
891823.0,0,0,28,32,68
892167.0,0,0,28,64,36
892167.0,0,0,28,32,68
892609.0,0,0,28,32,68
892690.0,0,0,28,64,36
892690.0,0,0,28,32,68
892955.0,28,0,0,32,68
892955.0,0,28,0,32,68
893377.0,0,28,0,32,68
893608.0,0,28,0,32,68
894087.0,0,28,0,32,68
894210.0,0,28,0,64,36
894210.0,0,28,0,32,68
894584.0,0,28,0,32,68
894586.0,0,28,0,32,68
894586.0,0,28,24,8,68
894638.0,0,28,24,40,36
894741.0,0,28,24,40,36
894741.0,0,28,24,8,68
894755.0,0,0,24,36,68
894755.0,0,0,24,4,100
894795.0,0,0,24,36,68
895767.0,0,0,24,36,68
895767.0,0,0,28,32,68
896614.0,0,0,28,64,36
897286.0,24,0,4,64,36
897628.0,24,0,4,64,36
897628.0,24,0,4,32,68
898395.0,24,0,4,32,68
898395.0,24,0,36,0,68
898467.0,28,0,32,0,68
898555.0,28,0,32,0,68
898555.0,24,4,32,0,68
899187.0,24,4,32,0,68
899322.0,24,4,32,0,68
899710.0,24,4,32,32,36
899710.0,24,4,32,0,68
899744.0,24,4,32,0,68
899781.0,24,4,32,32,36
899781.0,24,4,32,0,68
900165.0,24,4,32,0,68
900355.0,24,0,32,4,68
901095.0,56,0,0,4,68
901095.0,27,29,0,4,68
902895.0,27,0,0,33,68
902895.0,27,0,0,0,101
902911.0,27,0,0,1,100
903060.0,27,0,0,33,68
903060.0,27,0,0,1,100
903316.0,27,0,0,33,68
906511.0,27,0,0,33,68
906511.0,27,0,1,32,68
906916.0,27,0,1,32,68
906916.0,27,0,33,0,68
909043.0,27,0,33,0,68
909211.0,28,0,32,0,68
909616.0,60,0,0,0,68
909616.0,28,32,0,0,68
911416.0,28,0,0,32,68
911416.0,28,0,0,0,100
912327.0,28,0,0,0,100
913985.0,28,0,0,32,68
913985.0,28,0,0,0,100
914700.0,28,0,0,32,68
915617.0,28,0,0,64,36
915620.0,28,0,0,68,32
915637.0,28,0,0,68,32
916981.0,28,0,0,68,32
917127.0,28,0,0,68,32
917193.0,28,0,0,68,32
917266.0,28,0,0,100,0
917266.0,0,28,0,100,0
918300.0,0,28,0,100,0
919066.0,0,0,0,128,0
919066.0,0,0,0,0,128
920267.0,0,0,0,0,128
920406.0,0,0,0,128,0
920406.0,0,0,0,28,100
923550.0,0,0,0,28,100
923688.0,0,0,0,60,68
923688.0,0,0,0,28,100
923693.0,0,0,0,60,68
924006.0,0,0,0,60,68
924006.0,0,0,28,32,68
926497.0,0,0,28,32,68
926497.0,0,0,28,31,69
926706.0,28,0,0,31,69
926836.0,28,0,0,32,68
926845.0,28,0,0,32,68
926845.0,28,0,0,0,100
926984.0,28,0,0,32,68
927262.0,28,0,0,32,68
927262.0,28,0,0,31,69
927291.0,28,0,0,32,68
927293.0,28,0,0,32,68
927942.0,28,0,0,32,68
927942.0,28,0,0,24,76
928123.0,28,0,0,32,68
928160.0,28,0,0,32,68
928160.0,28,0,0,24,76
928670.0,28,0,0,32,68
928755.0,28,0,0,32,68
928755.0,28,0,0,30,70
928803.0,28,0,0,30,70
928803.0,28,0,0,22,78
928887.0,28,0,0,30,70
929003.0,28,0,0,32,68
929042.0,28,0,0,32,68
929042.0,28,0,0,24,76
929101.0,28,0,0,32,68
929140.0,28,0,0,32,68
929140.0,28,0,0,24,76
929221.0,28,0,0,32,68
929457.0,28,0,0,32,68
929457.0,28,0,0,24,76
929512.0,28,0,0,32,68
929593.0,28,0,0,32,68
929593.0,28,0,0,24,76
929605.0,28,0,0,24,76
929605.0,28,0,0,22,78
929646.0,28,0,0,30,70
929739.0,28,0,0,30,70
929739.0,28,0,0,22,78
929796.0,28,0,0,30,70
929856.0,28,0,0,30,70
929856.0,28,0,0,22,78
930151.0,28,0,0,54,46
930153.0,28,0,0,54,46
930153.0,28,0,0,22,78
930427.0,28,0,0,30,70
930584.0,28,0,0,30,70
930584.0,28,0,22,8,70
931822.0,28,0,22,8,70
931822.0,28,0,22,0,78
931877.0,28,0,22,8,70
931924.0,28,0,22,8,70
931924.0,28,0,22,0,78
932051.0,28,0,22,8,70
932161.0,28,0,22,8,70
932161.0,28,0,22,0,78
932310.0,28,0,22,8,70
932492.0,28,0,22,8,70
932492.0,28,0,22,0,78
932584.0,28,0,22,8,70
932669.0,28,0,22,8,70
932669.0,28,0,22,0,78
932797.0,28,0,22,8,70
932986.0,28,0,22,8,70
932986.0,26,2,22,8,70
933284.0,48,2,0,8,70
933284.0,26,24,0,8,70
933430.0,26,24,0,40,38
933441.0,26,24,0,40,38
933441.0,26,24,0,8,70
933478.0,26,24,0,8,70
933735.0,26,24,0,8,70
933785.0,26,24,0,8,70
933792.0,26,24,0,8,70
934027.0,26,24,0,8,70
934431.0,26,24,0,8,70
934516.0,26,24,0,10,68
934632.0,26,24,0,10,68
934786.0,26,22,0,12,68
934901.0,26,22,0,12,68
935084.0,26,0,0,34,68
935084.0,26,0,0,2,100
935179.0,26,0,0,2,100
935460.0,26,0,0,2,100
935477.0,26,0,0,2,100
935546.0,26,0,0,34,68
935546.0,26,0,0,2,100
935651.0,26,0,0,2,100
935910.0,26,0,0,2,100
935963.0,26,0,0,2,100
935974.0,26,0,0,34,68
935974.0,1,25,0,1,101
936001.0,1,25,0,2,100
936184.0,1,25,0,2,100
936397.0,1,25,0,2,100
936712.0,1,25,0,34,68
936712.0,1,25,0,18,84
936743.0,1,25,0,50,52
936743.0,1,25,0,18,84
936800.0,1,25,0,34,68
936947.0,1,25,0,38,64
937030.0,1,25,0,38,64
937774.0,1,0,0,63,64
937774.0,1,0,0,37,90
937864.0,1,0,0,45,82
937899.0,1,0,0,49,78
937900.0,1,0,0,53,74
937910.0,1,0,0,57,70
938116.0,1,0,0,57,70
939044.0,1,0,0,57,70
939044.0,1,0,0,55,72
939146.0,1,0,0,55,72
939601.0,1,0,0,55,72
939601.0,1,0,1,54,72
939881.0,1,0,1,56,70
940026.0,1,0,1,88,38
940027.0,1,0,1,88,38
940027.0,1,0,1,56,70
940115.0,1,0,1,58,68
940171.0,1,0,1,58,68
940171.0,1,0,1,54,72
940312.0,1,0,1,54,72
940312.0,1,0,17,38,72
940355.0,1,0,17,42,68
940400.0,1,0,17,42,68
940400.0,1,0,29,30,68
940435.0,1,0,29,30,68
940435.0,1,0,29,28,70
940547.0,1,0,29,28,70
940547.0,1,0,33,24,70
940636.0,1,0,33,26,68
940755.0,1,0,33,26,68
940755.0,1,0,33,25,69
940774.0,1,0,33,26,68
941104.0,1,0,33,26,68
941208.0,1,0,33,26,68
941464.0,1,0,33,26,68
941464.0,1,0,41,18,68
941499.0,1,0,41,18,68
941499.0,1,0,45,14,68
941500.0,1,0,45,14,68
941500.0,1,0,49,10,68
941510.0,1,0,49,10,68
941510.0,1,0,53,6,68
941511.0,1,0,53,6,68
941616.0,1,0,53,6,68
941680.0,1,0,53,6,68
941956.0,1,0,53,6,68
941987.0,1,0,53,6,68
942000.0,1,0,53,6,68
942141.0,1,0,53,6,68
942301.0,2,0,52,6,68
943012.0,18,0,36,6,68
943012.0,2,16,36,6,68
943100.0,14,16,24,6,68
943100.0,2,28,24,6,68
943247.0,6,28,20,6,68
943247.0,5,29,20,6,68
943288.0,5,29,20,6,68
943320.0,5,29,20,38,36
943320.0,1,33,20,6,68
943326.0,1,33,20,6,68
943422.0,1,33,20,38,36
943422.0,1,33,20,6,68
943481.0,1,33,20,6,68
943598.0,1,33,20,6,68
943714.0,1,33,20,6,68
943917.0,1,33,20,6,68
943931.0,1,33,20,6,68
943988.0,1,33,20,6,68
944156.0,1,33,20,6,68
944164.0,9,33,12,6,68
944164.0,1,41,12,6,68
944199.0,5,41,8,6,68
944200.0,9,41,4,6,68
944200.0,6,44,4,6,68
944210.0,10,44,0,6,68
944749.0,10,44,0,6,68
944812.0,10,28,0,22,68
944900.0,10,16,0,34,68
944900.0,10,16,0,2,100
945001.0,10,16,0,34,68
945001.0,1,25,0,10,92
945031.0,1,25,0,26,76
945047.0,1,24,0,27,76
945047.0,1,24,0,26,77
945065.0,1,24,0,27,76
945120.0,1,20,0,31,76
945120.0,1,20,0,30,77
945134.0,1,20,0,31,76
945187.0,1,20,0,31,76
945325.0,1,20,0,31,76
945337.0,1,20,0,31,76
945482.0,1,20,0,31,76
945519.0,1,20,0,31,76
945561.0,1,20,0,63,44
945561.0,1,20,0,31,76
945664.0,1,20,0,31,76
945763.0,1,20,0,31,76
945889.0,1,20,0,31,76
945964.0,1,12,0,39,76
946000.0,1,9,0,42,76
946000.0,1,9,0,26,92
946015.0,1,9,0,42,76
946015.0,1,9,0,9,109
946031.0,1,9,0,10,108
946064.0,1,9,0,10,108
946091.0,1,9,0,10,108
946117.0,1,9,0,10,108
946129.0,1,9,0,42,76
946129.0,1,9,0,34,84
946213.0,1,9,0,42,76
946213.0,1,9,0,10,108
946383.0,1,9,0,10,108
946426.0,1,9,0,10,108
946540.0,1,9,0,10,108
946595.0,1,9,0,10,108
946760.0,1,9,0,10,108
946794.0,1,9,0,42,76
946794.0,1,9,0,20,98
946801.0,1,0,0,29,98
946801.0,1,0,0,12,115
946814.0,1,0,0,28,99
946814.0,1,0,0,12,115
946815.0,1,0,0,13,114
946824.0,1,0,0,14,113
946832.0,1,0,0,15,112
946832.0,0,1,0,15,112
946845.0,0,1,0,31,96
946845.0,0,1,0,15,112
946847.0,0,1,0,23,104
946873.0,0,1,0,31,96
946873.0,0,1,0,15,112
946889.0,0,1,0,31,96
946889.0,0,1,0,21,106
946906.0,0,1,0,29,98
946930.0,0,1,0,37,90
946940.0,0,1,0,37,90
946969.0,0,1,0,37,90
946973.0,0,1,0,37,90
947013.0,0,1,0,37,90
947074.0,0,1,0,37,90
947105.0,0,1,0,39,88
947118.0,0,1,0,39,88
947122.0,0,1,0,39,88
947217.0,0,1,0,47,80
947217.0,0,1,0,15,112
947266.0,0,1,0,15,112
947286.0,0,1,0,15,112
947591.0,0,1,0,15,112
947605.0,0,1,0,19,108
947703.0,0,1,0,19,108
947747.0,0,1,0,19,108
947809.0,0,1,0,19,108
947907.0,0,1,0,19,108
948007.0,0,1,0,19,108
948063.0,0,1,0,19,108
948178.0,0,1,0,19,108
948217.0,0,1,0,19,108
948272.0,0,1,0,19,108
948331.0,0,1,0,27,100
948331.0,0,1,0,19,108
948373.0,0,1,0,19,108
948565.0,0,1,0,19,108
948631.0,0,1,0,19,108
948632.0,0,0,0,20,108
948632.0,0,0,0,4,124
948675.0,0,0,0,20,108
948675.0,0,0,0,1,127
948694.0,0,0,0,2,126
948762.0,0,0,0,10,118
948762.0,0,0,0,0,128
948804.0,0,0,0,4,124
948804.0,0,0,0,0,128
948810.0,0,0,0,4,124
948810.0,0,0,0,2,126
948839.0,0,0,0,10,118
948839.0,0,0,0,6,122
948870.0,0,0,0,6,122
948905.0,0,0,0,10,118
948905.0,0,0,0,2,126
948952.0,0,0,0,6,122
948979.0,0,0,0,8,120
948981.0,0,0,0,40,88
948981.0,0,0,0,0,128
948996.0,0,0,0,0,128
949001.0,0,0,0,8,120
949001.0,0,0,0,4,124
949040.0,0,0,0,8,120
949040.0,0,0,0,0,128
949073.0,0,0,0,8,120
949073.0,0,0,0,0,128
949077.0,0,0,0,8,120
949077.0,0,0,0,0,128
949119.0,0,0,0,2,126
949132.0,0,0,0,6,122
949148.0,0,0,0,8,120
949161.0,0,0,0,8,120
949275.0,0,0,0,10,118
949355.0,0,0,0,12,116
949380.0,0,0,0,44,84
949380.0,0,0,0,6,122
949406.0,0,0,0,6,122
949413.0,0,0,0,22,106
949413.0,0,0,0,2,126
949433.0,0,0,0,18,110
949433.0,0,0,0,10,118
949455.0,0,0,0,30,98
949461.0,0,0,0,30,98
949461.0,0,0,0,28,100
949465.0,0,0,0,30,98
949499.0,0,0,0,34,94
949516.0,0,0,0,38,90
949570.0,0,0,0,42,86
949578.0,0,0,0,44,84
949592.0,0,0,0,44,84
949592.0,0,0,0,40,88
949614.0,0,0,0,42,86
949615.0,0,0,0,42,86
949626.0,0,0,0,42,86
949626.0,0,0,0,41,87
949641.0,0,0,0,45,83
949645.0,0,0,0,46,82
949677.0,0,0,0,48,80
949691.0,0,0,0,50,78
949712.0,0,0,0,52,76
949714.0,0,0,0,52,76
949714.0,0,0,0,48,80
949764.0,0,0,0,52,76
949796.0,0,0,0,52,76
949796.0,0,0,0,48,80
949853.0,0,0,0,52,76
949891.0,0,0,0,52,76
949891.0,0,0,0,48,80
949942.0,0,0,0,52,76
949970.0,0,0,0,52,76
949970.0,0,0,0,50,78
950062.0,0,0,0,50,78
950062.0,0,0,0,18,110
950086.0,0,0,0,20,108
950268.0,0,0,0,20,108
950268.0,0,0,0,18,110
950394.0,0,0,0,20,108
950407.0,0,0,0,52,76
950447.0,0,0,0,52,76
950478.0,0,0,0,52,76
950478.0,0,0,0,50,78
950489.0,0,0,0,50,78
950596.0,0,0,0,50,78
950596.0,0,0,0,46,82
950642.0,0,0,0,48,80
950646.0,0,0,0,52,76
950675.0,0,0,0,52,76
950675.0,0,0,0,50,78
950679.0,0,0,0,50,78
950679.0,0,0,0,34,94
950715.0,0,0,0,50,78
950721.0,0,0,0,50,78
950721.0,0,0,0,46,82
950775.0,0,0,0,50,78
950815.0,0,0,0,52,76
950923.0,0,0,0,52,76
950923.0,0,0,0,51,77
950945.0,0,0,0,52,76
951047.0,0,0,0,52,76
951047.0,0,0,0,51,77
951052.0,0,0,0,52,76
951170.0,0,0,0,52,76
951170.0,0,0,0,50,78
951205.0,0,0,0,50,78
951268.0,0,0,0,50,78
951268.0,0,0,0,42,86
951303.0,0,0,0,50,78
951304.0,0,0,0,52,76
951307.0,0,0,0,52,76
951307.0,0,0,0,44,84
951315.0,0,0,0,44,84
951315.0,0,0,0,42,86
951350.0,0,0,0,50,78
951362.0,0,0,0,52,76
951391.0,0,0,0,52,76
951391.0,0,0,0,50,78
951412.0,0,0,0,52,76
951418.0,0,0,0,52,76
951418.0,0,0,0,44,84
951428.0,0,0,0,44,84
951428.0,0,0,0,42,86
951444.0,0,0,0,50,78
951456.0,0,0,0,52,76
951538.0,0,0,0,52,76
951538.0,0,0,0,44,84
951600.0,0,0,0,52,76
951690.0,0,0,0,52,76
951690.0,0,0,0,48,80
951712.0,0,0,0,52,76
951731.0,0,0,0,52,76
951731.0,0,0,0,48,80
951753.0,0,0,0,52,76
951763.0,0,0,0,52,76
951763.0,0,0,0,51,77
951787.0,0,0,0,52,76
951891.0,0,0,0,52,76
951891.0,0,0,0,51,77
951912.0,0,0,0,52,76
952082.0,0,0,0,52,76
952082.0,0,0,0,51,77
952085.0,0,0,0,52,76
952106.0,0,0,0,52,76
952106.0,0,0,0,51,77
952127.0,0,0,0,52,76
952149.0,0,0,0,52,76
952149.0,0,0,0,51,77
952165.0,0,0,0,52,76
952208.0,0,0,0,52,76
952208.0,0,0,0,48,80
952275.0,0,0,0,48,80
952410.0,0,0,0,48,80
952601.0,0,0,0,48,80
952656.0,0,0,0,52,76
952719.0,0,0,0,52,76
952732.0,0,0,0,52,76
952732.0,0,0,2,50,76
952741.0,0,0,2,82,44
953055.0,0,0,2,82,44
953055.0,0,0,6,78,44
953116.0,0,0,6,78,44
953116.0,0,0,10,74,44
953170.0,0,0,10,74,44
953170.0,0,0,14,70,44
953277.0,0,0,14,70,44
953277.0,0,0,16,68,44
953291.0,0,0,16,68,44
953291.0,0,0,18,66,44
953833.0,0,0,18,74,36
954007.0,0,0,18,74,36
954007.0,0,0,34,58,36
954315.0,0,0,34,58,36
954315.0,0,0,42,50,36
954361.0,0,0,42,50,36
954361.0,0,0,42,46,40
954382.0,0,0,42,50,36
954533.0,0,0,42,50,36
954533.0,0,0,42,46,40
955056.0,0,0,42,46,40
955056.0,0,0,44,44,40
955200.0,0,0,44,44,40
955200.0,0,0,48,40,40
955226.0,0,0,48,44,36
955352.0,0,0,48,44,36
955432.0,2,0,46,44,36
955755.0,6,0,42,44,36
955816.0,10,0,38,44,36
955870.0,14,0,34,44,36
955977.0,16,0,32,44,36
955991.0,18,0,30,44,36
956218.0,18,0,30,44,36
956251.0,18,0,30,44,36
956256.0,18,0,30,44,36
956707.0,34,0,14,44,36
956707.0,28,6,14,44,36
957015.0,36,6,6,44,36
957015.0,28,14,6,44,36
957162.0,28,14,6,44,36
957295.0,28,14,6,44,36
957747.0,28,14,6,44,36
957756.0,30,14,4,44,36
957756.0,28,16,4,44,36
957871.0,28,16,4,44,36
957900.0,32,16,0,44,36
957900.0,28,20,0,44,36
958314.0,28,20,0,44,36
958327.0,28,20,0,44,36
958375.0,28,20,0,44,36
958433.0,28,20,0,44,36
958507.0,28,14,0,50,36
958603.0,28,14,0,50,36
958815.0,28,6,0,58,36
958828.0,28,6,0,58,36
959072.0,28,6,0,58,36
959276.0,28,6,0,58,36
959544.0,28,6,0,58,36
959556.0,28,4,0,60,36
959589.0,28,4,0,60,36
959622.0,28,4,0,60,36
959700.0,28,0,0,64,36
959700.0,28,0,0,0,100
959863.0,28,0,0,64,36
959863.0,19,9,0,24,76
960030.0,19,9,0,24,76
960613.0,19,9,0,24,76
960634.0,19,9,0,24,76
960766.0,19,9,0,24,76
960777.0,19,9,0,24,76
960788.0,19,9,0,24,76
960809.0,19,9,0,24,76
960836.0,19,9,0,24,76
961663.0,19,0,0,33,76
961663.0,19,0,0,0,109
961678.0,19,0,0,1,108
961794.0,19,0,0,33,76
961794.0,17,2,0,0,109
961809.0,17,2,0,1,108
961916.0,17,2,0,33,76
961916.0,7,12,0,1,108
962243.0,7,12,0,1,108
962261.0,7,12,0,1,108
962809.0,7,12,0,33,76
962809.0,2,17,0,1,108
963105.0,2,17,0,33,76
963105.0,0,19,0,1,108
963574.0,0,19,0,33,76
963574.0,0,19,0,29,80
963594.0,0,17,0,31,80
963594.0,0,17,0,29,82
963615.0,0,17,0,31,80
963667.0,0,17,0,33,78
963667.0,0,17,0,1,110
963675.0,0,17,0,3,108
963675.0,0,17,0,1,110
963716.0,0,7,0,11,110
963716.0,0,7,0,0,121
963736.0,0,7,0,1,120
963737.0,0,7,0,5,116
963737.0,0,7,0,1,120
963755.0,0,7,0,3,118
963769.0,0,7,0,5,116
963796.0,0,7,0,7,114
963859.0,0,7,0,9,112
964000.0,0,7,0,11,110
964048.0,0,7,0,13,108
964248.0,0,7,0,13,108
964268.0,0,7,0,13,108
964609.0,0,2,0,18,108
964609.0,0,2,0,13,113
964905.0,0,0,0,15,113
964905.0,0,0,0,13,115
965018.0,0,0,0,15,113
965278.0,0,0,0,15,113
965382.0,0,0,0,23,105
965409.0,0,0,0,23,105
965413.0,0,0,0,55,73
965413.0,0,0,0,14,114
965420.0,0,0,0,15,113
965490.0,0,0,0,15,113
965730.0,0,0,0,16,112
965757.0,0,0,0,16,112
965762.0,0,0,0,20,108
965802.0,0,0,0,20,108
966047.0,0,0,0,20,108
966226.0,0,0,0,20,108
966340.0,0,0,0,52,76
966340.0,0,0,0,16,112
966373.0,0,0,0,16,112
966460.0,0,0,0,16,112
966492.0,0,0,0,20,108
966531.0,0,0,0,20,108
966568.0,0,0,0,52,76
966568.0,0,0,0,16,112
966638.0,0,0,0,16,112
966706.0,0,0,0,20,108
966803.0,0,0,0,20,108
966805.0,0,0,0,52,76
966805.0,0,0,0,20,108
966875.0,0,0,0,20,108
966965.0,0,0,0,52,76
966965.0,0,0,0,19,109
966997.0,0,0,0,20,108
967014.0,0,0,0,20,108
967066.0,0,0,0,20,108
967149.0,0,0,0,52,76
967149.0,0,0,0,19,109
967170.0,0,0,0,20,108
967174.0,0,0,0,20,108
967233.0,0,0,0,52,76
967233.0,0,0,0,19,109
967244.0,0,0,0,20,108
967336.0,0,0,0,20,108
967336.0,0,0,1,19,108
967369.0,0,0,1,19,108
967369.0,0,0,3,17,108
967391.0,0,0,3,49,76
967391.0,0,0,3,15,110
967404.0,0,0,3,16,109
967407.0,0,0,3,17,108
967459.0,0,0,3,17,108
967459.0,0,0,5,15,108
967528.0,0,0,5,47,76
967600.0,0,0,5,47,76
967600.0,0,0,7,45,76
967648.0,0,0,7,45,76
967648.0,0,0,9,43,76
967805.0,0,0,9,43,76
967805.0,0,0,9,11,108
967875.0,0,0,9,11,108
967925.0,0,0,9,43,76
967925.0,0,0,9,11,108
968028.0,0,0,9,11,108
968035.0,0,0,9,11,108
968043.0,0,0,9,11,108
968087.0,0,0,9,43,76
968087.0,0,0,9,9,110
968103.0,0,0,9,10,109
968118.0,0,0,9,11,108
968252.0,0,0,9,11,108
968285.0,0,0,9,43,76
968285.0,0,0,9,11,108
968296.0,0,0,9,11,108
968459.0,0,0,9,11,108
968473.0,0,0,9,43,76
968473.0,0,0,9,10,109
968491.0,0,0,9,11,108
968494.0,0,0,9,11,108
968494.0,0,0,9,10,109
968496.0,0,0,9,11,108
968500.0,0,0,9,11,108
968500.0,0,0,9,10,109
968510.0,0,0,9,11,108
968557.0,0,0,9,11,108
968588.0,0,0,9,11,108
968618.0,0,0,9,11,108
968618.0,0,0,11,9,108
968631.0,0,0,11,41,76
968631.0,0,0,11,9,108
968759.0,0,0,11,9,108
968761.0,0,0,11,41,76
968761.0,0,0,11,8,109
968765.0,0,0,11,8,109
968765.0,0,0,11,7,110
968777.0,0,0,11,8,109
968784.0,0,0,11,9,108
968797.0,0,0,11,9,108
968833.0,0,0,11,9,108
968848.0,0,0,11,9,108
968929.0,0,0,11,41,76
968929.0,0,0,11,9,108
969330.0,0,0,11,9,108
969330.0,0,0,12,8,108
969362.0,0,0,12,8,108
969362.0,0,0,16,4,108
969529.0,0,0,16,4,108
969660.0,0,0,16,4,108
970029.0,0,0,16,4,108
970036.0,1,0,15,4,108
970069.0,3,0,13,4,108
970069.0,1,2,13,4,108
970151.0,1,2,13,36,76
970159.0,3,2,11,36,76
970159.0,1,4,11,36,76
970300.0,3,4,9,36,76
970331.0,3,4,9,36,76
970348.0,5,4,7,36,76
970387.0,5,4,7,36,76
970493.0,5,4,7,36,76
970626.0,5,4,7,36,76
970679.0,5,4,7,68,44
970679.0,4,5,7,4,108
970906.0,4,5,7,4,108
970934.0,4,5,7,12,100
970937.0,4,5,7,12,100
970943.0,4,5,7,44,68
971222.0,4,5,7,44,68
971318.0,6,5,5,44,68
971484.0,6,5,5,108,4
971484.0,6,5,5,12,100
971666.0,6,5,5,44,68
971666.0,6,5,5,4,108
971869.0,6,3,5,6,108
971959.0,6,1,5,8,108
971959.0,6,1,5,0,116
972030.0,7,1,4,0,116
972062.0,11,1,0,0,116
972103.0,11,1,0,64,52
972103.0,11,1,0,0,116
972315.0,11,1,0,32,84
972315.0,10,2,0,0,116
972479.0,10,1,0,1,116
972479.0,10,1,0,0,117
972512.0,10,1,0,32,85
972512.0,10,1,0,0,117
972518.0,10,1,0,1,116
972523.0,10,1,0,33,84
972695.0,10,1,0,65,52
972695.0,10,1,0,1,116
972818.0,10,1,0,5,112
973147.0,10,1,0,13,104
973168.0,10,1,0,13,104
973168.0,10,1,0,12,105
973215.0,10,1,0,13,104
973560.0,10,1,0,13,104
973560.0,10,1,0,11,106
973579.0,10,1,0,13,104
973586.0,10,1,0,13,104
973586.0,10,1,0,11,106
973680.0,10,1,0,13,104
973706.0,10,1,0,13,104
973706.0,10,1,0,11,106
973751.0,10,1,0,11,106
973764.0,10,1,0,13,104
974115.0,10,0,0,14,104
974115.0,10,0,0,13,105
974134.0,10,0,0,14,104
974252.0,10,0,0,14,104
974252.0,10,0,0,12,106
974257.0,10,0,0,14,104
974516.0,10,0,0,14,104
974516.0,10,0,0,12,106
974534.0,10,0,0,12,106
974665.0,10,0,0,14,104
974731.0,10,0,0,14,104
974731.0,8,2,0,14,104
974960.0,8,2,0,14,104
974968.0,8,2,0,14,104
974977.0,8,2,0,14,104
975084.0,8,2,0,14,104
975334.0,8,2,0,14,104
975463.0,8,2,0,14,104
975665.0,8,2,0,14,104
975708.0,8,2,0,14,104
976118.0,8,2,0,14,104
976421.0,8,2,0,78,40
976421.0,7,3,0,45,73
976441.0,7,3,0,46,72
976452.0,7,3,0,78,40
976452.0,7,3,0,46,72
976531.0,7,1,0,48,72
976531.0,7,1,0,32,88
976571.0,7,1,0,64,56
976571.0,7,1,0,32,88
976656.0,7,1,0,48,72
976692.0,7,1,0,80,40
977165.0,7,1,0,88,32
977165.0,0,8,0,88,32
977194.0,0,8,0,120,0
978221.0,0,7,0,121,0
978221.0,0,7,0,89,32
978233.0,0,7,0,121,0
978233.0,0,7,0,57,64
978578.0,0,7,0,121,0
978965.0,0,0,0,128,0
978965.0,0,0,0,64,64
978981.0,0,0,0,128,0
980041.0,0,0,0,128,0
980794.0,0,0,0,128,0
982178.0,0,0,0,128,0
982178.0,0,0,64,64,0
982581.0,0,0,64,64,0
982581.0,0,0,128,0,0
984078.0,0,0,128,0,0
984751.0,0,0,128,0,0
984878.0,64,0,64,0,0
984878.0,0,64,64,0,0
985281.0,64,64,0,0,0
985281.0,0,128,0,0,0
986678.0,0,64,0,64,0
987081.0,0,0,0,128,0
987081.0,0,0,0,0,128
987749.0,0,0,0,128,0
987749.0,0,0,0,0,128
994441.0,0,0,0,0,128
997435.0,0,0,0,128,0
997435.0,0,0,0,0,128
1004151.0,0,0,0,0,128
1007142.0,0,0,0,128,0
1007142.0,0,0,0,0,128
1016843.0,0,0,0,128,0
1017555.0,0,0,0,128,0
1017555.0,0,0,0,96,32
1018017.0,0,0,0,96,32
1018017.0,0,0,0,64,64
1018060.0,0,0,0,96,32
1018483.0,0,0,0,128,0
1018508.0,0,0,0,128,0
1018508.0,0,0,0,96,32
1019430.0,0,0,0,128,0
1019535.0,0,0,0,128,0
1019535.0,0,0,0,64,64
1020443.0,0,0,0,64,64
1020443.0,0,0,64,0,64
1020757.0,0,0,64,0,64
1021041.0,0,0,64,64,0
1021110.0,0,0,64,64,0
1023143.0,64,0,0,64,0
1023143.0,0,64,0,64,0
1024641.0,0,64,0,64,0
1024641.0,0,64,64,0,0
1024943.0,0,0,64,64,0
1024943.0,0,0,64,0,64
1025106.0,0,0,64,64,0
1027155.0,0,0,64,64,0
1027341.0,64,0,0,64,0
1027341.0,0,64,0,64,0
1029141.0,0,0,0,128,0
1029141.0,0,0,0,0,128
1029206.0,0,0,0,0,128
1030770.0,0,0,0,128,0
1030770.0,0,0,0,63,65
1030786.0,0,0,0,64,64
1034370.0,0,0,0,64,64
1034370.0,0,0,63,1,64
1034386.0,0,0,63,1,64
1034386.0,0,0,64,0,64
1037070.0,63,0,1,0,64
1037086.0,64,0,0,0,64
1037579.0,64,0,0,0,64
1037579.0,63,1,0,0,64
1037609.0,63,1,0,0,64
1037609.0,31,33,0,0,64
1037747.0,31,33,0,0,64
1037747.0,30,34,0,0,64
1038755.0,30,34,0,0,64
1039141.0,30,34,0,64,0
1039141.0,30,34,0,0,64
1039379.0,30,33,0,1,64
1039379.0,30,33,0,0,65
1039388.0,30,33,0,1,64
1039409.0,30,1,0,33,64
1039409.0,30,1,0,1,96
1039545.0,30,1,0,33,64
1039547.0,30,0,0,34,64
1039547.0,30,0,0,33,65
1039561.0,30,0,0,34,64
1040530.0,30,0,0,34,64
1040530.0,0,30,0,34,64
1040583.0,0,30,0,98,0
1042248.0,0,30,0,98,0
1042248.0,0,30,0,97,1
1042261.0,0,30,0,98,0
1042330.0,0,0,0,128,0
1042330.0,0,0,0,64,64
1042988.0,0,0,0,64,64
1043195.0,0,0,0,64,64
1043195.0,0,0,0,32,96
1043424.0,0,0,0,64,64
1043507.0,0,0,0,64,64
1043507.0,0,0,0,32,96
1043610.0,0,0,0,64,64
1043612.0,0,0,0,64,64
1043612.0,0,0,0,63,65
1043624.0,0,0,0,64,64
1043980.0,0,0,0,64,64
1043980.0,0,0,0,32,96
1044183.0,0,0,0,32,96
1044183.0,0,0,32,0,96
1044559.0,0,0,32,32,64
1044632.0,0,0,32,32,64
1044632.0,0,0,32,31,65
1044647.0,0,0,32,32,64
1044713.0,0,0,32,32,64
1044713.0,0,0,32,0,96
1044804.0,0,0,32,32,64
1044806.0,0,0,32,32,64
1044806.0,0,0,32,31,65
1044818.0,0,0,32,32,64
1046685.0,0,0,32,32,64
1046685.0,0,0,32,0,96
1046747.0,0,0,32,0,96
1046847.0,0,0,32,32,64
1046856.0,0,0,32,32,64
1046856.0,0,0,32,31,65
1046872.0,0,0,32,31,65
1046872.0,0,0,32,30,66
1046883.0,32,0,0,30,66
1046883.0,31,1,0,30,66
1046887.0,31,1,0,31,65
1046913.0,31,1,0,32,64
1046976.0,31,1,0,32,64
1046976.0,31,1,0,0,96
1047000.0,31,1,0,0,96
1047000.0,30,2,0,0,96
1047093.0,30,2,0,32,64
1047095.0,30,2,0,32,64
1047095.0,30,2,0,31,65
1047108.0,30,2,0,32,64
1047191.0,30,2,0,32,64
1047505.0,30,2,0,32,64
1047545.0,30,2,0,32,64
1047592.0,30,2,0,32,64
1047682.0,30,2,0,32,64
1048159.0,30,2,0,32,64
1048404.0,30,2,0,32,64
1048605.0,30,2,0,32,64
1048680.0,30,2,0,32,64
1048683.0,30,1,0,33,64
1048683.0,30,1,0,32,65
1048701.0,30,1,0,33,64
1048800.0,30,0,0,34,64
1048800.0,30,0,0,33,65
1048876.0,30,0,0,33,65
1048919.0,30,0,0,34,64
1048919.0,0,30,0,34,64
1050366.0,0,30,0,34,64
1050447.0,0,30,0,34,64
1050667.0,0,30,0,34,64
1050693.0,0,30,0,34,64
1050719.0,0,0,0,64,64
1050719.0,0,0,0,0,128
1050801.0,0,0,0,0,128
1050880.0,0,0,0,64,64
1050880.0,0,0,0,27,101
1050894.0,0,0,0,28,100
1050896.0,0,0,0,29,99
1050897.0,0,0,0,30,98
1050898.0,0,0,0,31,97
1050908.0,0,0,0,31,97
1050909.0,0,0,0,32,96
1050909.0,0,0,0,0,128
1050978.0,0,0,0,0,128
1050991.0,0,0,0,32,96
1050991.0,0,0,0,0,128
1051013.0,0,0,0,32,96
1051013.0,0,0,0,0,128
1051096.0,0,0,0,0,128
1051143.0,0,0,0,32,96
1051143.0,0,0,0,30,98
1051144.0,0,0,0,62,66
1051144.0,0,0,0,29,99
1051153.0,0,0,0,30,98
1051158.0,0,0,0,31,97
1051160.0,0,0,0,32,96
1051234.0,0,0,0,32,96
1051234.0,0,0,0,31,97
1051260.0,0,0,0,63,65
1051269.0,0,0,0,64,64
1052214.0,0,0,0,64,64
1052214.0,0,0,0,63,65
1052227.0,0,0,0,64,64
1052517.0,0,0,0,64,64
1052517.0,0,0,0,0,128
1054012.0,0,0,0,64,64
1054480.0,0,0,0,64,64
1054743.0,0,0,0,64,64
1057612.0,0,0,0,64,64
1057612.0,0,0,64,0,64
1058387.0,0,0,64,64,0
1058390.0,0,0,64,64,0
1058436.0,0,0,64,64,0
1058436.0,0,0,64,0,64
1059561.0,0,0,64,0,64
1060312.0,64,0,0,0,64
1060312.0,62,2,0,0,64
1061179.0,62,2,0,0,64
1061179.0,30,34,0,0,64
1061880.0,30,34,0,0,64
1061987.0,30,34,0,0,64
1062112.0,30,32,0,2,64
1062112.0,30,32,0,0,66
1062126.0,30,32,0,1,65
1062129.0,30,32,0,2,64
1062129.0,0,62,0,2,64
1062979.0,0,30,0,34,64
1062979.0,0,30,0,2,96
1063529.0,0,30,0,34,64
1063818.0,0,30,0,34,64
1063818.0,0,30,0,2,96
1063929.0,0,0,0,32,96
1063929.0,0,0,0,0,128
1064333.0,0,0,0,32,96
1064348.0,0,0,0,32,96
1064348.0,0,0,0,0,128
1064522.0,0,0,0,32,96
1064904.0,0,0,0,64,64
1065615.0,0,0,0,64,64
1065615.0,0,0,0,63,65
1065630.0,0,0,0,64,64
1065670.0,0,0,0,64,64
1065670.0,0,0,0,63,65
1065693.0,0,0,0,64,64
1065726.0,0,0,0,64,64
1066348.0,0,0,0,128,0
1066350.0,0,0,0,128,0
1066350.0,0,0,0,127,1
1066361.0,0,0,0,128,0
1066459.0,0,0,0,128,0
1066459.0,0,0,0,64,64
1067129.0,0,0,0,64,64
1067933.0,0,0,0,64,64
1068122.0,0,0,0,64,64
1068122.0,0,0,31,33,64
1068504.0,0,0,31,33,64
1068504.0,0,0,63,1,64
1069948.0,0,0,63,1,64
1069948.0,0,0,64,0,64
1070822.0,31,0,33,0,64
1071204.0,63,0,1,0,64
1072648.0,64,0,0,0,64
1077382.0,64,0,0,64,0
1077394.0,64,0,0,64,0
1077394.0,0,64,0,64,0
1079194.0,0,0,0,128,0
1079194.0,0,0,0,0,128
1080982.0,0,0,0,0,128
1086956.0,0,0,0,0,128
1088752.0,0,0,0,128,0
1088752.0,0,0,0,0,128
1098346.0,0,0,0,128,0
1101946.0,0,0,0,128,0
1101946.0,0,0,128,0,0
1104646.0,128,0,0,0,0
1107889.0,128,0,0,0,0
1107889.0,127,1,0,0,0
1107978.0,127,1,0,0,0
1107978.0,63,65,0,0,0
1109689.0,63,64,0,1,0
1109689.0,63,64,0,0,1
1109712.0,63,64,0,1,0
1109778.0,63,0,0,65,0
1109778.0,63,0,0,1,64
1113312.0,63,0,0,1,64
1113312.0,63,0,1,0,64
1113554.0,63,0,1,0,64
1116012.0,64,0,0,0,64
1116012.0,63,1,0,0,64
1117812.0,63,0,0,1,64
1117812.0,63,0,0,0,65
1117828.0,63,0,0,1,64
1121428.0,63,0,0,1,64
1121428.0,63,0,1,0,64
1123632.0,63,0,1,0,64
1123770.0,63,0,1,0,64
1123770.0,62,1,1,0,64
1123848.0,62,1,1,0,64
1124128.0,63,1,0,0,64
1124128.0,62,2,0,0,64
1124799.0,62,2,0,0,64
1125065.0,62,2,0,0,64
1125244.0,62,2,0,0,64
1125429.0,62,2,0,64,0
1125429.0,53,11,0,0,64
1125570.0,53,10,0,1,64
1125570.0,53,10,0,0,65
1125588.0,53,10,0,1,64
1125684.0,53,10,0,1,64
1125684.0,22,41,0,1,64
1125928.0,22,40,0,2,64
1125928.0,22,40,0,1,65
1125945.0,22,40,0,2,64
1126040.0,22,40,0,2,64
1126040.0,22,40,0,1,65
1126080.0,22,40,0,2,64
1127229.0,22,31,0,11,64
1127229.0,22,31,0,2,73
1127484.0,22,0,0,33,73
1127484.0,22,0,0,1,105
1127617.0,22,0,0,5,101
1127797.0,22,0,0,6,100
1128062.0,22,0,0,10,96
1128270.0,22,0,0,42,64
1129188.0,22,0,0,42,64
1129545.0,22,0,0,42,64
1129680.0,22,0,0,42,64
1129680.0,22,0,1,41,64
1131217.0,22,0,1,41,64
1131217.0,22,0,5,37,64
1131397.0,22,0,5,37,64
1131397.0,22,0,6,36,64
1131662.0,22,0,6,36,64
1131662.0,22,0,10,32,64
1131870.0,22,0,10,32,64
1131870.0,22,0,42,0,64
1132380.0,23,0,41,0,64
1133917.0,27,0,37,0,64
1134097.0,28,0,36,0,64
1134362.0,32,0,32,0,64
1134570.0,64,0,0,0,64
1139521.0,64,0,0,0,64
1139521.0,63,1,0,0,64
1140359.0,63,1,0,0,64
1140359.0,62,2,0,0,64
1140414.0,62,2,0,0,64
1141100.0,62,2,0,64,0
1141100.0,62,2,0,0,64
1141321.0,62,1,0,1,64
1141321.0,62,1,0,0,65
1141336.0,62,1,0,1,64
1142159.0,62,0,0,2,64
1142159.0,62,0,0,1,65
1142167.0,62,0,0,2,64
1144936.0,62,0,0,2,64
1144936.0,62,0,1,1,64
1145234.0,62,0,1,1,64
1145468.0,62,0,1,1,64
1145643.0,62,0,1,1,64
1145767.0,62,0,1,1,64
1145767.0,62,0,2,0,64
1145954.0,62,0,2,0,64
1147636.0,63,0,1,0,64
1147636.0,62,1,1,0,64
1148467.0,63,1,0,0,64
1148646.0,63,1,0,0,64
1149436.0,63,0,0,1,64
1149436.0,63,0,0,0,65
1149459.0,63,0,0,1,64
1149459.0,0,63,0,1,64
1151259.0,0,0,0,64,64
1151259.0,0,0,0,0,128
1151422.0,0,0,0,64,64
1151422.0,0,0,0,61,67
1151436.0,0,0,0,62,66
1151438.0,0,0,0,63,65
1151442.0,0,0,0,64,64
1151788.0,0,0,0,64,64
1151788.0,0,0,0,63,65
1151801.0,0,0,0,64,64
1151833.0,0,0,0,64,64
1151833.0,0,0,0,63,65
1151853.0,0,0,0,64,64
1152517.0,0,0,0,128,0
1152858.0,0,0,0,128,0
1152858.0,0,0,0,64,64
1155022.0,0,0,0,64,64
1155022.0,0,0,61,3,64
1155036.0,0,0,61,3,64
1155036.0,0,0,62,2,64
1155038.0,0,0,62,2,64
1155038.0,0,0,63,1,64
1156117.0,0,0,63,1,64
1156117.0,0,0,64,0,64
1157722.0,61,0,3,0,64
1157736.0,62,0,2,0,64
1157738.0,63,0,1,0,64
1158817.0,64,0,0,0,64
1159899.0,64,0,0,0,64
1159899.0,48,16,0,0,64
1160690.0,48,16,0,0,64
1160690.0,32,32,0,0,64
1161699.0,32,16,0,16,64
1161699.0,32,16,0,0,80
1161934.0,32,16,0,16,64
1162490.0,32,0,0,32,64
1162490.0,32,0,0,16,80
1162669.0,32,0,0,32,64
1163781.0,32,0,0,96,0
1163785.0,32,0,0,96,0
1163785.0,0,32,0,96,0
1165534.0,0,32,0,96,0
1165585.0,0,0,0,128,0
1165585.0,0,0,0,0,128
1173601.0,0,0,0,0,128
1175397.0,0,0,0,128,0
1175397.0,0,0,0,0,128
1183913.0,0,0,0,0,128
1184178.0,0,0,0,0,128
1184685.0,0,0,0,0,128
1184899.0,0,0,0,0,128
1185105.0,0,0,0,0,128
1185213.0,0,0,0,128,0
1185213.0,0,0,0,123,5
1185239.0,0,0,0,124,4
1185242.0,0,0,0,125,3
1185248.0,0,0,0,126,2
1185252.0,0,0,0,127,1
1185256.0,0,0,0,128,0
1185280.0,0,0,0,128,0
1185280.0,0,0,0,127,1
1185319.0,0,0,0,128,0
1185378.0,0,0,0,128,0
1185378.0,0,0,0,127,1
1185410.0,0,0,0,128,0
1186098.0,0,0,0,128,0
1186098.0,0,0,0,127,1
1186120.0,0,0,0,128,0
1186200.0,0,0,0,128,0
1186200.0,0,0,0,127,1
1186299.0,0,0,0,128,0
1186615.0,0,0,0,128,0
1186615.0,0,0,0,127,1
1186742.0,0,0,0,128,0
1187190.0,0,0,0,128,0
1187190.0,0,0,0,127,1
1187283.0,0,0,0,128,0
1187591.0,0,0,0,128,0
1187591.0,0,0,0,127,1
1187639.0,0,0,0,128,0
1188192.0,0,0,0,128,0
1188192.0,0,0,0,127,1
1188220.0,0,0,0,128,0
1188368.0,0,0,0,128,0
1188368.0,0,0,0,127,1
1188409.0,0,0,0,128,0
1188499.0,0,0,0,128,0
1188499.0,0,0,0,126,2
1188513.0,0,0,0,126,2
1188513.0,0,0,0,125,3
1188520.0,0,0,0,127,1
1188540.0,0,0,0,128,0
1188624.0,0,0,0,128,0
1188624.0,0,0,0,126,2
1188645.0,0,0,0,128,0
1188679.0,0,0,0,128,0
1188679.0,0,0,0,126,2
1188700.0,0,0,0,128,0
1188768.0,0,0,0,128,0
1188768.0,0,0,0,126,2
1188813.0,0,0,0,126,2
1188813.0,0,0,123,3,2
1188839.0,0,0,123,3,2
1188839.0,0,0,124,2,2
1188856.0,0,0,124,2,2
1188856.0,0,0,125,1,2
1188962.0,0,0,125,1,2
1188962.0,0,0,125,0,3
1188983.0,0,0,125,1,2
1188997.0,0,0,125,3,0
1189000.0,0,0,125,3,0
1189000.0,0,0,125,2,1
1189106.0,0,0,125,3,0
1189699.0,0,0,125,3,0
1189699.0,0,0,125,2,1
1189711.0,0,0,125,2,1
1189711.0,0,0,125,1,2
1189730.0,0,0,125,2,1
1189762.0,0,0,125,2,1
1189813.0,0,0,125,2,1
1189817.0,0,0,125,3,0
1189900.0,0,0,125,3,0
1189951.0,0,0,125,3,0
1190038.0,0,0,125,3,0
1190092.0,0,0,125,3,0
1190394.0,0,0,125,3,0
1190422.0,0,0,125,3,0
1190476.0,0,0,125,3,0
1190505.0,0,0,125,3,0
1190824.0,0,0,125,3,0
1190854.0,0,0,125,3,0
1190929.0,0,0,125,3,0
1191513.0,123,0,2,3,0
1191513.0,101,22,2,3,0
1191539.0,102,22,1,3,0
1191539.0,101,23,1,3,0
1191556.0,102,23,0,3,0
1191556.0,101,24,0,3,0
1191564.0,101,24,0,3,0
1191564.0,100,25,0,3,0
1192140.0,100,25,0,3,0
1192583.0,100,25,0,3,0
1193002.0,100,25,0,3,0
1193002.0,96,29,0,3,0
1193119.0,96,29,0,3,0
1193119.0,95,30,0,3,0
1193298.0,95,30,0,3,0
1193298.0,91,34,0,3,0
1193313.0,91,12,0,25,0
1193313.0,91,12,0,6,19
1193322.0,91,12,0,9,16
1193324.0,91,12,0,13,12
1193334.0,91,12,0,15,10
1193339.0,91,11,0,16,10
1193342.0,91,11,0,18,8
1193348.0,91,11,0,20,6
1193356.0,91,10,0,21,6
1193356.0,91,10,0,13,14
1193364.0,91,9,0,14,14
1193364.0,91,9,0,13,15
1193383.0,91,9,0,21,7
1193387.0,91,9,0,21,7
1193387.0,91,9,0,17,11
1193409.0,91,9,0,18,10
1193417.0,91,9,0,18,10
1193424.0,91,9,0,20,8
1193434.0,91,9,0,21,7
1193437.0,91,9,0,22,6
1193842.0,91,9,0,26,2
1193883.0,91,9,0,26,2
1193883.0,91,9,0,25,3
1193908.0,91,9,0,26,2
1194234.0,91,9,0,26,2
1194234.0,53,47,0,26,2
1194562.0,53,47,0,26,2
1194562.0,49,51,0,26,2
1194661.0,49,51,0,26,2
1194661.0,45,55,0,26,2
1194728.0,45,55,0,26,2
1194728.0,41,59,0,26,2
1194802.0,41,55,0,30,2
1194802.0,41,55,0,26,6
1194868.0,41,55,0,30,2
1194919.0,41,54,0,31,2
1194919.0,41,54,0,30,3
1194962.0,41,54,0,31,2
1195098.0,41,50,0,35,2
1195098.0,41,50,0,31,6
1195138.0,41,50,0,35,2
1195240.0,41,50,0,35,2
1195306.0,41,50,0,35,2
1195567.0,41,50,0,35,2
1195626.0,41,50,0,35,2
1195919.0,41,50,0,35,2
1196014.0,41,50,0,35,2
1196034.0,41,12,0,73,2
1196034.0,41,12,0,9,66
1196175.0,41,12,0,9,66
1196192.0,41,12,0,73,2
1196192.0,41,12,0,0,75
1196194.0,41,12,0,64,11
1196194.0,9,44,0,0,75
1196196.0,9,44,0,1,74
1196362.0,9,40,0,5,74
1196362.0,9,40,0,1,78
1196385.0,9,40,0,5,74
1196461.0,9,36,0,9,74
1196461.0,9,36,0,5,78
1196465.0,9,36,0,7,76
1196502.0,9,36,0,7,76
1196502.0,9,36,0,5,78
1196528.0,9,32,0,9,78
1196528.0,9,32,0,5,82
1196713.0,9,32,0,7,80
1196722.0,9,32,0,7,80
1196722.0,9,32,0,3,84
1196736.0,9,32,0,5,82
1196761.0,9,32,0,9,78
1196868.0,9,32,0,9,78
1196868.0,9,32,0,5,82
1196904.0,9,32,0,9,78
1196922.0,9,32,0,9,78
1196963.0,9,32,0,9,78
1196963.0,9,32,0,7,80
1197184.0,9,32,0,11,76
1197192.0,9,32,0,15,72
1197261.0,9,32,0,17,70
1197349.0,9,32,0,21,66
1197374.0,9,32,0,21,66
1197415.0,9,32,0,21,66
1197812.0,9,32,0,21,66
1197994.0,9,0,0,53,66
1197994.0,9,0,0,21,98
1197996.0,9,0,0,21,98
1198254.0,9,0,0,21,98
1198385.0,9,0,0,21,98
1198446.0,9,0,0,21,98
1198468.0,9,0,0,21,98
1198509.0,9,0,0,21,98
1198536.0,9,0,0,21,98
1198548.0,9,0,0,21,98
1198611.0,9,0,0,21,98
1198722.0,9,0,0,21,98
1198882.0,9,0,0,21,98
1198992.0,9,0,0,53,66
1198992.0,8,1,0,7,112
1199033.0,8,1,0,11,108
1199037.0,8,1,0,15,104
1199037.0,0,9,0,15,104
1199061.0,0,9,0,15,104
1199633.0,0,9,0,15,104
1199796.0,0,9,0,15,104
1199879.0,0,9,0,19,100
1199879.0,0,9,0,17,102
1199900.0,0,9,0,19,100
1199912.0,0,9,0,51,68
1199912.0,0,9,0,17,102
1199939.0,0,9,0,33,86
1199939.0,0,9,0,15,104
1199941.0,0,9,0,31,88
1199941.0,0,9,0,15,104
1199953.0,0,9,0,15,104
1199962.0,0,9,0,15,104
1199985.0,0,9,0,15,104
1200049.0,0,9,0,17,102
1200228.0,0,9,0,19,100
1200236.0,0,9,0,35,84
1200236.0,0,9,0,18,101
1200239.0,0,9,0,34,85
1200252.0,0,9,0,35,84
1200253.0,0,9,0,37,82
1200289.0,0,9,0,45,74
1200294.0,0,9,0,53,66
1200305.0,0,9,0,53,66
1200305.0,0,9,0,45,74
1200362.0,0,9,0,45,74
1200362.0,0,9,0,37,82
1200363.0,0,9,0,45,74
1200375.0,0,9,0,45,74
1200375.0,0,9,0,44,75
1200380.0,0,9,0,45,74
1200390.0,0,9,0,45,74
1200427.0,0,9,0,45,74
1200484.0,0,9,0,45,74
1200529.0,0,9,0,53,66
1200529.0,0,9,0,19,100
1200540.0,0,9,0,20,99
1200541.0,0,9,0,21,98
1200557.0,0,9,0,21,98
1200564.0,0,9,0,53,66
1200564.0,0,9,0,45,74
1200622.0,0,9,0,53,66
1200747.0,0,9,0,53,66
1200747.0,0,9,0,51,68
1200792.0,0,8,0,52,68
1200792.0,0,8,0,44,76
1200837.0,0,0,0,52,76
1200837.0,0,0,0,36,92
1200844.0,0,0,0,44,84
1200849.0,0,0,0,44,84
1200849.0,0,0,0,36,92
1200865.0,0,0,0,52,76
1200905.0,0,0,0,60,68
1200974.0,0,0,0,62,66
1201115.0,0,0,0,62,66
1201115.0,0,0,0,60,68
1201320.0,0,0,0,62,66
1201467.0,0,0,0,62,66
1201467.0,0,0,0,60,68
1201704.0,0,0,0,62,66
1201854.0,0,0,0,62,66
1201854.0,0,0,0,60,68
1201963.0,0,0,0,60,68
1201963.0,0,0,0,28,100
1201985.0,0,0,0,28,100
1201985.0,0,0,0,20,108
1202159.0,0,0,0,20,108
1202159.0,0,0,0,4,124
1202184.0,0,0,0,6,122
1202375.0,0,0,0,22,106
1202551.0,0,0,0,22,106
1202551.0,0,0,0,20,108
1202573.0,0,0,0,22,106
1202633.0,0,0,0,22,106
1202788.0,0,0,0,22,106
1202788.0,0,0,0,18,110
1202816.0,0,0,0,18,110
1202816.0,0,0,0,2,126
1202908.0,0,0,0,18,110
1202930.0,0,0,0,18,110
1202930.0,0,0,0,2,126
1202965.0,0,0,0,18,110
1203101.0,0,0,0,18,110
1203101.0,0,0,0,17,111
1203106.0,0,0,0,18,110
1203143.0,0,0,0,18,110
1203143.0,0,0,0,14,114
1203151.0,0,0,0,18,110
1203165.0,0,0,0,18,110
1203165.0,0,0,0,14,114
1203174.0,0,0,0,18,110
1203189.0,0,0,0,18,110
1203189.0,0,0,0,17,111
1203200.0,0,0,0,18,110
1203213.0,0,0,0,18,110
1203213.0,0,0,0,2,126
1203247.0,0,0,0,18,110
1203283.0,0,0,0,18,110
1203283.0,0,0,0,17,111
1203293.0,0,0,0,18,110
1203344.0,0,0,0,22,106
1203391.0,0,0,0,22,106
1203391.0,0,0,0,21,107
1203392.0,0,0,0,22,106
1203416.0,0,0,0,22,106
1203416.0,0,0,0,21,107
1203421.0,0,0,0,22,106
1203428.0,0,0,0,22,106
1203428.0,0,0,0,21,107
1203436.0,0,0,0,22,106
1203479.0,0,0,0,22,106
1203503.0,0,0,0,22,106
1203503.0,0,0,0,18,110
1203545.0,0,0,0,22,106
1203649.0,0,0,0,22,106
1203839.0,0,0,0,22,106
1203861.0,0,0,0,22,106
1203861.0,0,0,0,18,110
1203898.0,0,0,0,22,106
1203998.0,0,0,0,22,106
1203998.0,0,0,0,18,110
1204019.0,0,0,0,18,110
1204019.0,0,0,0,2,126
1204037.0,0,0,0,6,122
1204242.0,0,0,0,22,106
1204465.0,0,0,0,22,106
1204465.0,0,0,2,20,106
1204705.0,0,0,2,20,106
1204705.0,0,0,2,16,110
1204777.0,0,0,2,20,106
1204884.0,0,0,2,20,106
1204884.0,0,0,2,16,110
1204953.0,0,0,2,20,106
1205095.0,0,0,2,20,106
1205095.0,0,0,2,16,110
1205130.0,0,0,2,20,106
1205331.0,0,0,2,20,106
1205331.0,0,0,2,16,110
1205361.0,0,0,2,20,106
1205485.0,0,0,2,20,106
1205485.0,0,0,2,16,110
1205518.0,0,0,2,20,106
1205973.0,0,0,2,22,104
1206483.0,0,0,2,22,104
1206483.0,0,0,2,6,120
1206645.0,0,0,2,22,104
1206703.0,0,0,2,22,104
1206703.0,0,0,2,21,105
1206720.0,0,0,2,22,104
1206930.0,0,0,2,22,104
1206930.0,0,0,2,6,120
1207165.0,2,0,0,6,120
1207176.0,2,0,0,22,104
1207508.0,2,0,0,54,72
1207510.0,2,0,0,62,64
1207535.0,2,0,0,62,64
1207535.0,2,0,0,46,80
1207562.0,2,0,0,62,64
1207596.0,2,0,0,62,64
1207596.0,2,0,0,58,68
1207634.0,2,0,0,62,64
1207637.0,2,0,0,62,64
1207656.0,2,0,0,62,64
1207656.0,2,0,0,46,80
1207696.0,2,0,0,46,80
1207696.0,2,0,0,44,82
1207744.0,2,0,0,46,80
1207788.0,2,0,0,46,80
1207788.0,2,0,0,14,112
1207802.0,2,0,0,46,80
1207824.0,2,0,0,46,80
1207824.0,2,0,0,42,84
1207842.0,2,0,0,42,84
1207842.0,2,0,6,36,84
1207867.0,2,0,6,40,80
1207901.0,2,0,6,56,64
1208017.0,2,0,6,56,64
1208017.0,2,0,6,24,96
1208075.0,2,0,6,24,96
1208075.0,2,0,6,20,100
1208109.0,2,0,6,24,96
1208130.0,2,0,6,56,64
1208145.0,2,0,6,56,64
1208145.0,2,0,6,55,65
1208162.0,2,0,6,55,65
1208162.0,2,0,6,23,97
1208165.0,2,0,6,23,97
1208165.0,2,0,6,19,101
1208180.0,2,0,6,20,100
1208203.0,2,0,6,24,96
1208368.0,2,0,6,24,96
1208368.0,2,0,6,20,100
1208396.0,2,0,6,20,100
1208396.0,2,0,6,16,104
1208437.0,2,0,6,16,104
1208437.0,2,0,6,14,106
1208462.0,2,0,6,16,104
1208469.0,2,0,6,16,104
1208469.0,2,0,6,14,106
1208490.0,2,0,6,16,104
1208510.0,2,0,6,16,104
1208510.0,2,0,6,14,106
1208531.0,2,0,6,16,104
1208607.0,2,0,6,16,104
1208607.0,2,0,6,14,106
1208798.0,2,0,6,14,106
1208798.0,2,0,6,12,108
1208818.0,2,0,6,14,106
1208895.0,2,0,6,16,104
1208899.0,2,0,6,16,104
1208899.0,2,0,6,14,106
1208926.0,2,0,6,16,104
1209055.0,2,0,6,20,100
1209056.0,2,0,6,24,96
1209103.0,2,0,6,24,96
1209103.0,2,0,6,8,112
1209156.0,2,0,6,8,112
1209156.0,2,0,6,7,113
1209174.0,2,0,6,8,112
1209222.0,2,0,6,8,112
1209222.0,2,0,6,0,120
1209292.0,2,0,6,0,120
1209292.0,0,2,6,0,120
1209332.0,0,2,6,64,56
1209344.0,0,2,6,80,40
1209466.0,0,2,6,88,32
1209920.0,0,2,6,88,32
1209920.0,0,2,6,56,64
1209939.0,0,2,6,56,64
1209939.0,0,2,6,54,66
1209945.0,0,2,6,54,66
1209945.0,0,2,6,46,74
1210004.0,0,2,6,46,74
1210004.0,0,2,6,38,82
1210059.0,0,2,6,46,74
1210138.0,0,2,6,46,74
1210138.0,0,2,6,44,76
1210209.0,0,2,6,44,76
1210209.0,0,2,6,36,84
1210321.0,0,2,6,38,82
1210340.0,0,2,6,38,82
1210340.0,0,2,6,36,84
1210410.0,0,2,6,68,52
1210528.0,0,2,6,68,52
1210528.0,0,2,6,67,53
1210542.0,6,2,0,67,53
1210542.0,0,8,0,67,53
1210553.0,0,8,0,68,52
1210575.0,0,8,0,70,50
1210590.0,0,8,0,70,50
1210590.0,0,8,0,62,58
1210638.0,0,8,0,70,50
1210761.0,0,8,0,70,50
1210761.0,0,8,0,68,52
1210767.0,0,8,0,68,52
1210767.0,0,8,0,52,68
1210776.0,0,8,0,52,68
1210792.0,0,8,0,54,66
1210797.0,0,8,0,70,50
1210870.0,0,8,0,70,50
1210870.0,0,8,0,54,66
1210898.0,0,8,0,70,50
1210910.0,0,8,0,70,50
1210910.0,0,8,0,38,82
1211041.0,0,8,0,70,50
1211045.0,0,8,0,70,50
1211045.0,0,8,0,69,51
1211065.0,0,8,0,70,50
1211069.0,0,8,0,70,50
1211069.0,0,8,0,69,51
1211079.0,0,8,0,70,50
1211092.0,0,6,0,72,50
1211143.0,0,6,0,72,50
1211143.0,0,6,0,40,82
1211199.0,0,6,0,40,82
1211199.0,0,6,0,38,84
1211231.0,0,6,0,40,82
1211325.0,0,6,0,72,50
1211327.0,0,6,0,72,50
1211327.0,0,6,0,71,51
1211341.0,0,6,0,72,50
1211362.0,0,6,0,80,42
1211393.0,0,6,0,80,42
1211393.0,0,6,0,79,43
1211404.0,0,6,0,80,42
1211415.0,0,6,0,80,42
1211415.0,0,6,0,16,106
1211927.0,0,6,0,80,42
1211941.0,0,6,0,80,42
1211941.0,0,6,0,72,50
1211992.0,0,6,0,80,42
1212097.0,0,6,0,80,42
1212097.0,0,6,0,72,50
1212104.0,0,6,0,72,50
1212104.0,0,6,0,64,58
1212342.0,0,0,0,70,58
1212342.0,0,0,0,62,66
1212382.0,0,0,0,70,58
1212426.0,0,0,0,70,58
1212426.0,0,0,0,68,60
1212465.0,0,0,0,76,52
1212526.0,0,0,0,84,44
1212932.0,0,0,0,84,44
1212944.0,0,0,0,84,44
1212944.0,0,0,6,78,44
1213066.0,0,0,6,78,44
1213066.0,0,0,14,70,44
1213583.0,0,0,14,70,44
1213583.0,0,0,14,62,52
1213637.0,0,0,14,70,44
1213847.0,0,0,14,72,42
1213890.0,0,0,14,112,2
1213966.0,0,0,14,112,2
1213966.0,0,0,14,110,4
1214006.0,0,0,14,112,2
1214062.0,0,0,14,114,0
1215053.0,0,0,14,114,0
1215053.0,0,0,14,82,32
1215058.0,0,0,14,82,32
1215058.0,0,0,14,78,36
1215073.0,0,0,14,78,36
1215073.0,0,0,14,76,38
1215108.0,0,0,14,80,34
1215116.0,0,0,14,80,34
1215116.0,0,0,14,16,98
1215138.0,0,0,14,16,98
1215138.0,0,0,14,12,102
1215158.0,0,0,14,12,102
1215158.0,0,0,14,11,103
1215185.0,0,0,14,12,102
1215271.0,0,0,14,76,38
1215294.0,0,0,14,76,38
1215294.0,0,0,14,12,102
1215446.0,0,0,14,14,100
1215527.0,0,0,14,14,100
1215527.0,0,0,17,11,100
1215591.0,0,0,17,75,36
1215609.0,0,0,17,75,36
1215609.0,0,0,17,59,52
1215636.0,0,0,17,75,36
1215644.0,6,0,11,75,36
1215717.0,6,0,11,75,36
1215717.0,6,0,11,59,52
1215744.0,6,0,11,75,36
1215766.0,14,0,3,75,36
1215781.0,14,0,3,75,36
1215781.0,14,0,3,73,38
1215860.0,14,0,3,73,38
1215860.0,14,0,3,57,54
1216126.0,14,0,3,57,54
1216126.0,14,0,11,49,54
1216145.0,14,0,11,51,52
1216471.0,14,0,11,67,36
1216507.0,14,0,11,67,36
1216507.0,14,0,11,51,52
1217011.0,14,0,11,51,52
1217011.0,14,0,11,19,84
1217021.0,14,0,11,19,84
1217021.0,4,10,11,19,84
1217154.0,4,10,11,35,68
1217217.0,4,10,11,67,36
1217219.0,4,10,11,67,36
1217219.0,4,10,11,51,52
1217221.0,4,10,11,51,52
1217221.0,4,10,11,50,53
1217239.0,4,10,11,51,52
1217253.0,4,10,11,51,52
1217253.0,4,10,11,50,53
1217266.0,4,10,11,51,52
1217268.0,4,10,11,51,52
1217268.0,4,10,11,19,84
1217312.0,4,10,11,19,84
1217354.0,4,10,11,19,84
1217395.0,4,10,11,19,84
1217422.0,4,10,11,51,52
1217422.0,0,14,11,19,84
1217433.0,0,14,11,19,84
1217538.0,0,14,11,35,68
1217585.0,0,14,11,35,68
1217614.0,0,14,11,35,68
1217616.0,0,14,11,35,68
1217631.0,0,14,11,35,68
1217708.0,0,14,11,35,68
1217845.0,0,14,11,35,68
1217866.0,0,14,11,35,68
1218154.0,0,14,11,35,68
1218226.0,0,14,11,35,68
1218227.0,3,14,8,35,68
1218227.0,0,17,8,35,68
1218289.0,0,17,8,35,68
1218525.0,0,17,8,35,68
1218715.0,0,17,8,35,68
1218785.0,0,17,8,35,68
1218821.0,0,7,8,45,68
1218826.0,8,7,0,45,68
1218826.0,0,15,0,45,68
1219171.0,0,15,0,45,68
1219222.0,0,11,0,49,68
1219550.0,0,11,0,49,68
1219562.0,0,11,0,49,68
1219611.0,0,11,0,81,36
1219611.0,0,11,0,42,75
1219619.0,0,11,0,42,75
1219622.0,0,11,0,43,74
1219624.0,0,11,0,44,73
1219640.0,0,11,0,45,72
1219666.0,0,11,0,49,68
1219788.0,0,11,0,81,36
1219788.0,0,11,0,33,84
1219825.0,0,11,0,33,84
1219886.0,0,11,0,33,84
1219912.0,0,11,0,37,80
1219912.0,0,11,0,36,81
1219942.0,0,11,0,37,80
1219943.0,0,11,0,69,48
1219943.0,0,11,0,33,84
1219965.0,0,11,0,34,83
1219967.0,0,11,0,35,82
1220007.0,0,11,0,35,82
1220027.0,0,8,0,38,82
1220027.0,0,8,0,6,114
1220032.0,0,8,0,22,98
1220032.0,0,8,0,15,105
1220058.0,0,8,0,16,104
1220061.0,0,8,0,17,103
1220155.0,0,8,0,49,71
1220155.0,0,8,0,17,103
1220164.0,0,8,0,17,103
1220222.0,0,8,0,17,103
1220240.0,0,8,0,18,102
1220285.0,0,8,0,18,102
1220287.0,0,8,0,50,70
1220287.0,0,8,0,34,86
1220415.0,0,8,0,38,82
1220415.0,0,8,0,4,116
1220432.0,0,8,0,5,115
1220448.0,0,8,0,6,114
1220505.0,0,8,0,22,98
1220533.0,0,8,0,54,66
1220533.0,0,8,0,18,102
1220626.0,0,0,0,26,102
1220626.0,0,0,0,14,114
1220720.0,0,0,0,18,110
1220754.0,0,0,0,18,110
1220817.0,0,0,0,18,110
1221138.0,0,0,0,18,110
1221301.0,0,0,0,20,108
1223012.0,0,0,0,52,76
1223338.0,0,0,0,52,76
1223338.0,0,0,0,20,108
1223472.0,0,0,0,52,76
1223478.0,0,0,0,52,76
1223478.0,0,0,0,51,77
1223512.0,0,0,0,51,77
1223518.0,0,0,0,51,77
1223518.0,0,0,0,50,78
1223552.0,0,0,0,51,77
1223556.0,0,0,0,52,76
1223565.0,0,0,0,52,76
1223611.0,0,0,0,52,76
1223611.0,0,0,0,20,108
1223743.0,0,0,0,52,76
1223746.0,0,0,0,52,76
1223746.0,0,0,0,51,77
1223755.0,0,0,0,51,77
1223759.0,0,0,0,52,76
1223807.0,0,0,0,52,76
1223807.0,0,0,0,44,84
1223874.0,0,0,0,52,76
1223937.0,0,0,0,52,76
1223937.0,0,0,0,51,77
1223939.0,0,0,0,52,76
1223944.0,0,0,0,52,76
1223944.0,0,0,0,51,77
1223958.0,0,0,0,52,76
1223961.0,0,0,0,52,76
1223961.0,0,0,0,20,108
1223968.0,0,0,0,20,108
1223968.0,0,0,0,19,109
1223989.0,0,0,0,20,108
1224032.0,0,0,0,20,108
1224032.0,0,0,1,19,108
1224048.0,0,0,1,19,108
1224048.0,0,0,2,18,108
1224064.0,0,0,2,18,108
1224109.0,0,0,2,50,76
1224109.0,0,0,2,18,108
1224133.0,0,0,2,18,108
1224133.0,0,0,14,6,108
1224134.0,0,0,14,6,108
1224134.0,0,0,14,5,109
1224160.0,0,0,14,6,108
1224320.0,0,0,14,6,108
1224320.0,0,0,18,2,108
1224323.0,0,0,18,34,76
1224545.0,0,0,18,34,76
1224545.0,0,0,18,2,108
1224690.0,0,0,18,34,76
1224693.0,0,0,18,34,76
1224693.0,0,0,18,33,77
1224712.0,0,0,18,34,76
1224806.0,0,0,18,34,76
1224806.0,0,0,18,33,77
1224814.0,0,0,18,34,76
1224853.0,0,0,18,34,76
1224853.0,0,0,18,2,108
1224901.0,0,0,18,2,108
1224901.0,0,0,19,1,108
1224986.0,0,0,19,33,76
1224989.0,0,0,19,33,76
1224989.0,0,0,19,32,77
1224990.0,0,0,19,32,77
1224990.0,0,0,19,0,109
1225008.0,0,0,19,1,108
1225029.0,0,0,19,1,108
1225029.0,0,0,19,0,109
1225043.0,0,0,19,1,108
1225263.0,0,0,19,33,76
1225417.0,0,0,19,65,44
1225657.0,0,0,19,65,44
1225657.0,0,0,19,33,76
1225778.0,0,0,19,33,76
1225778.0,0,0,19,32,77
1225806.0,0,0,19,33,76
1226127.0,0,0,19,33,76
1226127.0,0,0,19,17,92
1226176.0,0,0,19,25,84
1226203.0,0,0,19,25,84
1226223.0,0,0,19,25,84
1226223.0,0,0,19,17,92
1226459.0,0,0,19,33,76
1226732.0,1,0,18,33,76
1226732.0,0,1,18,33,76
1226748.0,1,1,17,33,76
1226748.0,0,2,17,33,76
1226833.0,12,2,5,33,76
1226833.0,0,14,5,33,76
1227020.0,4,14,1,33,76
1227217.0,4,14,1,65,44
1227283.0,4,14,1,65,44
1227283.0,4,14,1,33,76
1227601.0,5,14,0,33,76
1227601.0,4,15,0,33,76
1227760.0,4,15,0,33,76
1228532.0,4,14,0,34,76
1228548.0,4,13,0,35,76
1228608.0,4,13,0,35,76
1228633.0,4,1,0,47,76
1228643.0,4,1,0,47,76
1228863.0,4,1,0,47,76
1229332.0,4,1,0,51,72
1229395.0,4,1,0,83,40
1229401.0,4,0,0,84,40
1229401.0,4,0,0,52,72
1229519.0,4,0,0,84,40
1229521.0,4,0,0,84,40
1229521.0,4,0,0,83,41
1229547.0,4,0,0,84,40
1229776.0,4,0,0,84,40
1230018.0,4,0,0,84,40
1230018.0,4,0,0,52,72
1230059.0,4,0,0,52,72
1230059.0,4,0,16,36,72
1230084.0,4,0,16,36,72
1230084.0,4,0,16,32,76
1230125.0,4,0,16,68,40
1230372.0,4,0,16,68,40
1230372.0,4,0,16,36,72
1230431.0,4,0,16,36,72
1230431.0,4,0,16,32,76
1230637.0,4,0,16,64,44
1230638.0,4,0,16,68,40
1230921.0,4,0,16,68,40
1230921.0,4,0,16,36,72
1230954.0,4,0,16,36,72
1231183.0,4,0,16,36,72
1231191.0,4,0,16,68,40
1231191.0,4,0,16,36,72
1231195.0,4,0,16,36,72
1231195.0,4,0,16,35,73
1231246.0,4,0,16,36,72
1231275.0,4,0,16,36,72
1231275.0,4,0,16,32,76
1231325.0,4,0,16,32,76
1231467.0,4,0,16,36,72
1231476.0,4,0,16,68,40
1231476.0,4,0,16,36,72
1231563.0,4,0,16,36,72
1231652.0,4,0,16,68,40
1231652.0,4,0,16,36,72
1231742.0,4,0,16,44,64
1231776.0,4,0,16,44,64
1231776.0,0,4,16,44,64
1231832.0,0,4,16,44,64
1232354.0,0,4,16,44,64
1232759.0,16,4,0,44,64
1232759.0,0,20,0,44,64
1232795.0,0,20,0,44,64
1232882.0,0,20,0,76,32
1232882.0,0,20,0,70,38
1232895.0,0,20,0,71,37
1232897.0,0,20,0,72,36
1232932.0,0,20,0,72,36
1233036.0,0,20,0,76,32
1233576.0,0,16,0,80,32
1233576.0,0,16,0,48,64
1233787.0,0,16,0,80,32
1234559.0,0,0,0,96,32
1234559.0,0,0,0,64,64
1234761.0,0,0,0,96,32
1234938.0,0,0,0,128,0
1236129.0,0,0,0,128,0
1236129.0,0,0,0,96,32
1236188.0,0,0,0,96,32
1236188.0,0,0,0,92,36
1236215.0,0,0,0,96,32
1236216.0,0,0,0,128,0
1236424.0,0,0,0,128,0
1236424.0,0,0,0,96,32
1236482.0,0,0,0,96,32
1236484.0,0,0,0,96,32
1236484.0,0,0,0,92,36
1236640.0,0,0,0,92,36
1236640.0,0,0,0,91,37
1236664.0,0,0,0,92,36
1236717.0,0,0,0,92,36
1236717.0,0,0,0,88,40
1236742.0,0,0,0,88,40
1236742.0,0,0,0,86,42
1236758.0,0,0,0,90,38
1236770.0,0,0,0,92,36
1236949.0,0,0,0,92,36
1236949.0,0,0,0,88,40
1236971.0,0,0,0,88,40
1236971.0,0,0,0,86,42
1237387.0,0,0,0,86,42
1237387.0,0,0,32,54,42
1238361.0,0,0,32,54,42
1238361.0,0,0,54,32,42
1238418.0,0,0,54,36,38
1238538.0,0,0,54,36,38
1238538.0,0,0,86,4,38
1238676.0,0,0,86,4,38
1238676.0,0,0,86,0,42
1238697.0,0,0,86,4,38
1238731.0,0,0,86,6,36
1238747.0,0,0,86,6,36
1238747.0,0,0,86,2,40
1238768.0,0,0,86,2,40
1238768.0,0,0,86,0,42
1239262.0,0,0,86,0,42
1240087.0,32,0,54,0,42
1240087.0,12,20,54,0,42
1240848.0,12,20,54,4,38
1240850.0,12,20,54,6,36
1240874.0,12,20,54,6,36
1240874.0,12,20,54,2,40
1240895.0,12,20,54,2,40
1240895.0,12,20,54,0,42
1241061.0,34,20,32,0,42
1241061.0,12,42,32,0,42
1241238.0,44,42,0,0,42
1241238.0,22,64,0,0,42
1241887.0,22,44,0,20,42
1242018.0,22,44,0,20,42
1242297.0,22,44,0,20,42
1242331.0,22,44,0,20,42
1242861.0,22,22,0,42,42
1243038.0,22,0,0,64,42
1243038.0,22,0,0,0,106
1243465.0,22,0,0,32,74
1243469.0,22,0,0,36,70
1243473.0,22,0,0,38,68
1243477.0,22,0,0,42,64
1243481.0,22,0,0,42,64
1244448.0,22,0,0,42,64
1244450.0,22,0,0,42,64
1247065.0,22,0,0,42,64
1247065.0,22,0,32,10,64
1247069.0,22,0,32,10,64
1247069.0,22,0,36,6,64
1247073.0,22,0,36,6,64
1247073.0,22,0,38,4,64
1247077.0,22,0,38,4,64
1247077.0,22,0,42,0,64
1247231.0,22,0,42,64,0
1247231.0,0,22,42,64,0
1249031.0,0,0,42,86,0
1249765.0,32,0,10,86,0
1249765.0,0,32,10,86,0
1249769.0,4,32,6,86,0
1249769.0,0,36,6,86,0
1249773.0,2,36,4,86,0
1249773.0,0,38,4,86,0
1249777.0,4,38,0,86,0
1249777.0,0,42,0,86,0
1251565.0,0,10,0,118,0
1251569.0,0,6,0,122,0
1251573.0,0,4,0,124,0
1251577.0,0,0,0,128,0
1251577.0,0,0,0,0,128
1253321.0,0,0,0,0,128
1253426.0,0,0,0,0,128
1253519.0,0,0,0,0,128
1261412.0,0,0,0,128,0
1261412.0,0,0,0,28,100
1262906.0,0,0,0,28,100
1265012.0,0,0,0,28,100
1265012.0,0,0,28,0,100
1267712.0,28,0,0,0,100
1270794.0,28,0,0,4,96
1270883.0,28,0,0,36,64
1270979.0,28,0,0,100,0
1270979.0,0,28,0,100,0
1272568.0,0,28,0,100,0
1272627.0,0,28,0,100,0
1272742.0,0,28,0,100,0
1272779.0,0,0,0,128,0
1272779.0,0,0,0,0,128
1273086.0,0,0,0,0,128
1273153.0,0,0,0,0,128
1273644.0,0,0,0,0,128
1273736.0,0,0,0,0,128
1273885.0,0,0,0,0,128
1274216.0,0,0,0,0,128
1274394.0,0,0,0,0,128
1274481.0,0,0,0,0,128
1274843.0,0,0,0,0,128
1275636.0,0,0,0,0,128
1275743.0,0,0,0,0,128
1275826.0,0,0,0,0,128
1276903.0,0,0,0,0,128
1276924.0,0,0,0,0,128
1278352.0,0,0,0,0,128
1278663.0,0,0,0,0,128
1278675.0,0,0,0,0,128
1278702.0,0,0,0,0,128
1278711.0,0,0,0,0,128
1279144.0,0,0,0,0,128
1279169.0,0,0,0,0,128
1279347.0,0,0,0,0,128
1279590.0,0,0,0,0,128
1279831.0,0,0,0,0,128
1280201.0,0,0,0,0,128
1280824.0,0,0,0,0,128
1280847.0,0,0,0,0,128
1281277.0,0,0,0,0,128
1281678.0,0,0,0,0,128
1281853.0,0,0,0,0,128
1282114.0,0,0,0,0,128
1282418.0,0,0,0,128,0
1282418.0,0,0,0,47,81
1282439.0,0,0,0,64,64
1282439.0,0,0,0,0,128
1282443.0,0,0,0,8,120
1282443.0,0,0,0,0,128
1282450.0,0,0,0,2,126
1282450.0,0,0,0,1,127
1282468.0,0,0,0,2,126
1282500.0,0,0,0,10,118
1282500.0,0,0,0,2,126
1282697.0,0,0,0,66,62
1282697.0,0,0,0,0,128
1282718.0,0,0,0,2,126
1282718.0,0,0,0,0,128
1282719.0,0,0,0,4,124
1282719.0,0,0,0,2,126
1282733.0,0,0,0,10,118
1282747.0,0,0,0,12,116
1282768.0,0,0,0,20,108
1282820.0,0,0,0,28,100
1282831.0,0,0,0,30,98
1282879.0,0,0,0,30,98
1282897.0,0,0,0,30,98
1282958.0,0,0,0,30,98
1283077.0,0,0,0,34,94
1283079.0,0,0,0,36,92
1283090.0,0,0,0,36,92
1283106.0,0,0,0,38,90
1283143.0,0,0,0,40,88
1283189.0,0,0,0,40,88
1283317.0,0,0,0,56,72
1283322.0,0,0,0,72,56
1283322.0,0,0,0,8,120
1283350.0,0,0,0,24,104
1283350.0,0,0,0,8,120
1283427.0,0,0,0,10,118
1283433.0,0,0,0,26,102
1283448.0,0,0,0,26,102
1283757.0,0,0,0,90,38
1283757.0,0,0,0,26,102
1283792.0,0,0,0,26,102
1284133.0,0,0,0,90,38
1284133.0,0,0,0,25,103
1284150.0,0,0,0,26,102
1284209.0,0,0,0,26,102
1284291.0,0,0,0,90,38
1284291.0,0,0,0,20,108
1284503.0,0,0,0,22,106
1284648.0,0,0,0,22,106
1284656.0,0,0,0,86,42
1284656.0,0,0,0,22,106
1284662.0,0,0,0,26,102
1284666.0,0,0,0,58,70
1284666.0,0,0,0,22,106
1284776.0,0,0,0,22,106
1284814.0,0,0,0,22,106
1284931.0,0,0,0,22,106
1284932.0,0,0,0,24,104
1285077.0,0,0,0,56,72
1285077.0,0,0,0,21,107
1285097.0,0,0,0,22,106
1285184.0,0,0,0,22,106
1285226.0,0,0,0,24,104
1285245.0,0,0,0,24,104
1285338.0,0,0,0,26,102
1285355.0,0,0,0,58,70
1285355.0,0,0,0,6,122
1285550.0,0,0,0,6,122
1285550.0,0,0,0,4,124
1285599.0,0,0,0,6,122
1285639.0,0,0,0,8,120
1285649.0,0,0,0,8,120
1285708.0,0,0,0,24,104
1285708.0,0,0,0,8,120
1285735.0,0,0,0,10,118
1285835.0,0,0,0,10,118
1285835.0,0,0,0,9,119
1285859.0,0,0,0,10,118
1286018.0,0,0,0,10,118
1286050.0,0,0,0,10,118
1286076.0,0,0,0,10,118
1286076.0,0,0,0,2,126
1286077.0,0,0,0,18,110
1286100.0,0,0,0,18,110
1286119.0,0,0,0,26,102
1286319.0,0,0,0,26,102
1286333.0,0,0,0,58,70
1286355.0,0,0,0,58,70
1286355.0,0,0,0,57,71
1286372.0,0,0,0,57,71
1286372.0,0,0,0,53,75
1286376.0,0,0,0,54,74
1286408.0,0,0,0,58,70
1286431.0,0,0,0,58,70
1286431.0,0,0,2,56,70
1286838.0,0,0,2,56,70
1286838.0,0,0,2,24,102
1286863.0,0,0,2,24,102
1286863.0,0,0,2,16,110
1286903.0,0,0,2,16,110
1286903.0,0,0,2,0,126
1286961.0,0,0,2,16,110
1287211.0,0,0,2,16,110
1287424.0,0,0,2,16,110
1287508.0,0,0,2,16,110
1287539.0,0,0,2,16,110
1287811.0,0,0,2,16,110
1288122.0,0,0,2,16,110
1288201.0,0,0,2,16,110
1288388.0,0,0,2,16,110
1288408.0,0,0,2,48,78
1288408.0,0,0,2,16,110
1288409.0,0,0,2,24,102
1288414.0,0,0,2,24,102
1288447.0,0,0,2,56,70
1288447.0,0,0,2,24,102
1288465.0,0,0,2,56,70
1288465.0,0,0,2,8,118
1288495.0,0,0,2,8,118
1288506.0,0,0,2,16,110
1288598.0,0,0,2,16,110
1288789.0,0,0,2,16,110
1288802.0,0,0,2,48,78
1288802.0,0,0,2,11,115
1288823.0,0,0,2,11,115
1288837.0,0,0,2,12,114
1288839.0,0,0,2,12,114
1288946.0,0,0,2,44,82
1288946.0,0,0,2,3,123
1288960.0,0,0,2,4,122
1288999.0,0,0,2,6,120
1289014.0,0,0,2,6,120
1289020.0,0,0,2,14,112
1289030.0,0,0,2,16,110
1289131.0,2,0,0,16,110
1289138.0,2,0,0,16,110
1289155.0,2,0,0,48,78
1289155.0,2,0,0,16,110
1289176.0,2,0,0,16,110
1289299.0,2,0,0,48,78
1289299.0,1,1,0,15,111
1289306.0,1,1,0,15,111
1289306.0,0,2,0,15,111
1289318.0,0,2,0,16,110
1289421.0,0,2,0,48,78
1289492.0,0,2,0,48,78
1289492.0,0,2,0,16,110
1289677.0,0,2,0,16,110
1289709.0,0,2,0,48,78
1289857.0,0,2,0,48,78
1289912.0,0,2,0,52,74
1289934.0,0,2,0,52,74
1289942.0,0,2,0,56,70
1290020.0,0,2,0,88,38
1290020.0,0,2,0,24,102
1290302.0,0,2,0,88,38
1290302.0,0,2,0,56,70
1290444.0,0,2,0,56,70
1290444.0,0,2,0,24,102
1290520.0,0,2,0,56,70
1290558.0,0,2,0,88,38
1290560.0,0,2,0,88,38
1290560.0,0,2,0,87,39
1290561.0,0,2,0,87,39
1290580.0,0,2,0,88,38
1290893.0,0,2,0,88,38
1290893.0,0,2,0,56,70
1291099.0,0,1,0,57,70
1291099.0,0,1,0,41,86
1291106.0,0,0,0,74,54
1291106.0,0,0,0,73,55
1291126.0,0,0,0,74,54
1291136.0,0,0,0,90,38
1291595.0,0,0,0,90,38
1291595.0,0,0,0,58,70
1291707.0,0,0,0,90,38
1291709.0,0,0,0,90,38
1291709.0,0,0,0,89,39
1291715.0,0,0,0,89,39
1291715.0,0,0,0,88,40
1291726.0,0,0,0,89,39
1291818.0,0,0,0,90,38
1291834.0,0,0,0,90,38
1291834.0,0,0,0,58,70
1291859.0,0,0,0,58,70
1291859.0,0,0,0,42,86
1291888.0,0,0,0,58,70
1291950.0,0,0,0,58,70
1291950.0,0,0,0,54,74
1291960.0,0,0,0,86,42
1291964.0,0,0,0,86,42
1291964.0,0,0,0,85,43
1291991.0,0,0,0,86,42
1292227.0,0,0,0,90,38
1292246.0,0,0,0,90,38
1292246.0,0,0,0,74,54
1292403.0,0,0,0,74,54
1292403.0,0,0,0,73,55
1292440.0,0,0,0,74,54
1292500.0,0,0,0,74,54
1292500.0,0,0,0,42,86
1292629.0,0,0,0,74,54
1292631.0,0,0,0,74,54
1292631.0,0,0,0,73,55
1292638.0,0,0,0,73,55
1292638.0,0,0,0,72,56
1292645.0,0,0,0,73,55
1292667.0,0,0,0,74,54
1292677.0,0,0,0,74,54
1292677.0,0,0,0,42,86
1292732.0,0,0,0,74,54
1292734.0,0,0,0,74,54
1292734.0,0,0,0,73,55
1292768.0,0,0,0,74,54
1292918.0,0,0,0,74,54
1292918.0,0,0,1,73,54
1293003.0,0,0,1,73,54
1293003.0,0,0,1,72,55
1293007.0,0,0,1,73,54
1293018.0,0,0,1,89,38
1293036.0,0,0,1,89,38
1293036.0,0,0,1,73,54
1293049.0,0,0,1,89,38
1293058.0,0,0,1,89,38
1293058.0,0,0,1,73,54
1293105.0,0,0,1,89,38
1293512.0,0,0,1,89,38
1293512.0,0,0,5,85,38
1293542.0,0,0,5,85,38
1293542.0,0,0,9,81,38
1293851.0,0,0,9,81,38
1293851.0,0,0,9,49,70
1293869.0,0,0,9,49,70
1293869.0,0,0,9,17,102
1293873.0,0,0,9,17,102
1293911.0,0,0,9,17,102
1294080.0,0,0,9,17,102
1294082.0,0,0,9,17,102
1294098.0,0,0,9,17,102
1294138.0,0,0,9,17,102
1294158.0,0,0,9,17,102
1294186.0,0,0,9,17,102
1294268.0,0,0,9,49,70
1294268.0,0,0,9,16,103
1294282.0,0,0,9,16,103
1294314.0,0,0,9,17,102
1294432.0,0,0,9,17,102
1294434.0,0,0,9,49,70
1294434.0,0,0,9,12,107
1294453.0,0,0,9,44,75
1294453.0,0,0,9,28,91
1294464.0,0,0,9,32,87
1294464.0,0,0,9,0,119
1294496.0,0,0,9,0,119
1294500.0,0,0,9,1,118
1294500.0,0,0,9,0,119
1294522.0,0,0,9,0,119
1294534.0,0,0,9,1,118
1294534.0,0,0,9,0,119
1294540.0,0,0,9,0,119
1294542.0,0,0,9,1,118
1294552.0,0,0,9,33,86
1294552.0,0,0,9,1,118
1294580.0,0,0,9,33,86
1294580.0,0,0,9,1,118
1294653.0,0,0,9,1,118
1294726.0,0,0,9,1,118
1294788.0,0,0,9,1,118
1294793.0,0,0,9,17,102
1294814.0,0,0,9,17,102
1294826.0,0,0,9,49,70
1294826.0,0,0,9,15,104
1294835.0,0,0,9,16,103
1294863.0,0,0,9,17,102
1294918.0,0,0,9,49,70
1294949.0,0,0,9,49,70
1294949.0,0,0,9,41,78
1295137.0,0,0,9,41,78
1295137.0,0,0,9,9,110
1295258.0,0,0,9,41,78
1295304.0,0,0,9,41,78
1295304.0,0,0,9,25,94
1295306.0,0,0,9,41,78
1295311.0,0,0,9,41,78
1295311.0,0,0,9,25,94
1295340.0,0,0,9,57,62
1295344.0,0,0,9,57,62
1295344.0,0,0,9,56,63
1295367.0,0,0,9,72,47
1295381.0,0,0,9,73,46
1295389.0,0,0,9,73,46
1295389.0,0,0,9,72,47
1295408.0,0,0,9,73,46
1295435.0,0,0,9,73,46
1295435.0,0,0,9,41,78
1295443.0,0,0,9,73,46
1295444.0,0,0,9,73,46
1295444.0,0,0,9,72,47
1295465.0,0,0,9,72,47
1295465.0,0,0,9,70,49
1295469.0,0,0,9,71,48
1295485.0,0,0,9,71,48
1295485.0,0,0,9,39,80
1295486.0,0,0,9,47,72
1295509.0,0,0,9,47,72
1295509.0,0,0,9,39,80
1295524.0,0,0,9,71,48
1295526.0,0,0,9,71,48
1295526.0,0,0,9,39,80
1295529.0,0,0,9,71,48
1295531.0,0,0,9,73,46
1295596.0,0,0,9,73,46
1295596.0,0,0,9,41,78
1295618.0,1,0,8,41,78
1295618.0,0,1,8,41,78
1295642.0,0,1,8,41,78
1295642.0,0,1,8,9,110
1295818.0,0,1,8,41,78
1295888.0,0,1,8,41,78
1295888.0,0,1,8,40,79
1295895.0,0,1,8,41,78
1295903.0,0,1,8,41,78
1295903.0,0,1,8,40,79
1295928.0,0,1,8,40,79
1295928.0,0,1,8,8,111
1295987.0,0,1,8,9,110
1296010.0,0,1,8,9,110
1296010.0,0,1,8,8,111
1296090.0,0,1,8,40,79
1296092.0,0,1,8,40,79
1296092.0,0,1,8,39,80
1296093.0,0,1,8,40,79
1296108.0,0,1,8,41,78
1296119.0,0,1,8,41,78
1296119.0,0,1,8,40,79
1296124.0,0,1,8,41,78
1296160.0,0,1,8,41,78
1296160.0,0,1,8,9,110
1296212.0,4,1,4,9,110
1296212.0,0,5,4,9,110
1296242.0,4,5,0,9,110
1296242.0,0,9,0,9,110
1296259.0,0,9,0,41,78
1296281.0,0,9,0,49,70
1296313.0,0,9,0,81,38
1296324.0,0,9,0,81,38
1296324.0,0,9,0,80,39
1296348.0,0,9,0,81,38
1296362.0,0,9,0,81,38
1296362.0,0,9,0,80,39
1296372.0,0,9,0,80,39
1296372.0,0,9,0,78,41
1296379.0,0,9,0,79,40
1296418.0,0,9,0,79,40
1296418.0,0,9,0,78,41
1296422.0,0,9,0,78,41
1296422.0,0,9,0,76,43
1296438.0,0,9,0,76,43
1296438.0,0,9,0,44,75
1296456.0,0,9,0,45,74
1296480.0,0,9,0,45,74
1296480.0,0,9,0,43,76
1296483.0,0,9,0,43,76
1296483.0,0,9,0,42,77
1296512.0,0,9,0,43,76
1296572.0,0,9,0,45,74
1296578.0,0,9,0,45,74
1296578.0,0,9,0,29,90
1296616.0,0,9,0,45,74
1296632.0,0,9,0,47,72
1296634.0,0,9,0,79,40
1296636.0,0,9,0,79,40
1296636.0,0,9,0,78,41
1296651.0,0,9,0,79,40
1296683.0,0,9,0,79,40
1296683.0,0,9,0,78,41
1296695.0,0,9,0,79,40
1296701.0,0,9,0,81,38
1297054.0,0,9,0,113,6
1297074.0,0,9,0,115,4
1297294.0,0,9,0,115,4
1297294.0,0,9,0,114,5
1297296.0,0,9,0,118,1
1297309.0,0,9,0,119,0
1297312.0,0,9,0,119,0
1297312.0,0,9,0,117,2
1297418.0,0,8,0,118,2
1297418.0,0,8,0,117,3
1297430.0,0,8,0,118,2
1297444.0,0,8,0,118,2
1297444.0,0,8,0,86,34
1297524.0,0,8,0,86,34
1297524.0,0,8,0,85,35
1297541.0,0,8,0,86,34
1297594.0,0,8,0,86,34
1297594.0,0,8,0,82,38
1297600.0,0,8,0,114,6
1297602.0,0,8,0,114,6
1297602.0,0,8,0,113,7
1297620.0,0,8,0,114,6
1298012.0,0,4,0,118,6
1298015.0,0,4,0,122,2
1298042.0,0,0,0,126,2
1298042.0,0,0,0,118,10
1298142.0,0,0,0,118,10
1298180.0,0,0,0,118,10
1298180.0,0,0,1,117,10
1298209.0,0,0,1,117,10
1298209.0,0,0,1,116,11
1298210.0,0,0,1,117,10
1298219.0,0,0,1,117,10
1298219.0,0,0,1,85,42
1298344.0,0,0,1,93,34
1298412.0,0,0,1,125,2
1298418.0,0,0,1,125,2
1298418.0,0,0,1,124,3
1298426.0,0,0,1,124,3
1298426.0,0,0,8,117,3
1298432.0,0,0,8,118,2
1298458.0,0,0,8,118,2
1298458.0,0,0,8,86,34
1298601.0,0,0,8,118,2
1298604.0,0,0,8,118,2
1298604.0,0,0,8,117,3
1298619.0,0,0,8,118,2
1298663.0,0,0,8,118,2
1298663.0,0,0,8,86,34
1298690.0,0,0,8,86,34
1298690.0,0,0,8,70,50
1298824.0,0,0,8,86,34
1298826.0,0,0,8,118,2
1298834.0,0,0,8,118,2
1298834.0,0,0,8,117,3
1298853.0,0,0,8,118,2
1299148.0,0,0,8,118,2
1299148.0,0,0,8,102,18
1299328.0,0,0,8,102,18
1299328.0,0,0,8,70,50
1299492.0,0,0,8,102,18
1299499.0,0,0,8,102,18
1299499.0,0,0,8,101,19
1299516.0,0,0,8,102,18
1299535.0,0,0,8,118,2
1299657.0,0,0,8,118,2
1299657.0,0,0,8,102,18
1299690.0,0,0,8,102,18
1299690.0,0,0,9,101,18
1299913.0,0,0,9,101,18
1299913.0,0,0,29,81,18
1300048.0,0,0,29,97,2
1300192.0,0,0,29,97,2
1300192.0,0,0,29,65,34
1300216.0,0,0,29,65,34
1300216.0,0,0,44,50,34
1300234.0,0,0,44,50,34
1300234.0,0,0,69,25,34
1300264.0,0,0,69,25,34
1300298.0,0,0,69,57,2
1300300.0,0,0,69,57,2
1300300.0,0,0,69,56,3
1300323.0,0,0,69,57,2
1300430.0,0,0,69,57,2
1300430.0,0,0,69,25,34
1300452.0,0,0,69,25,34
1300508.0,0,0,69,25,34
1300557.0,0,0,69,25,34
1300595.0,0,0,69,25,34
1300660.0,0,0,69,25,34
1300700.0,0,0,69,25,34
1300700.0,0,0,69,23,36
1300807.0,0,0,69,25,34
1300880.0,1,0,68,25,34
1300915.0,1,0,68,25,34
1300915.0,1,0,68,24,35
1300929.0,1,0,68,25,34
1300959.0,1,0,68,25,34
1301030.0,1,0,68,25,34
1301126.0,8,0,61,25,34
1301126.0,4,4,61,25,34
1301137.0,4,4,61,25,34
1301259.0,4,4,61,25,34
1301508.0,4,4,61,25,34
1301661.0,4,4,61,25,34
1301679.0,4,4,61,25,34
1301746.0,4,4,61,25,34
1301862.0,4,4,61,25,34
1302061.0,4,4,61,25,34
1302146.0,4,4,61,25,34
1302339.0,4,4,61,25,34
1302390.0,5,4,60,25,34
1302390.0,4,5,60,25,34
1302528.0,4,5,60,25,34
1302613.0,24,5,40,25,34
1302613.0,4,25,40,25,34
1302632.0,4,25,40,25,34
1302796.0,4,25,40,25,34
1302883.0,4,25,40,25,34
1302916.0,19,25,25,25,34
1302916.0,4,40,25,25,34
1302926.0,4,36,25,29,34
1302934.0,29,36,0,29,34
1302934.0,4,61,0,29,34
1303050.0,4,61,0,29,34
1303172.0,4,61,0,29,34
1303407.0,4,61,0,29,34
1303410.0,4,61,0,29,34
1303616.0,4,61,0,29,34
1303671.0,4,61,0,29,34
1303799.0,4,61,0,29,34
1303919.0,4,61,0,29,34
1303955.0,4,61,0,29,34
1304022.0,4,61,0,29,34
1304115.0,4,61,0,29,34
1304123.0,4,61,0,29,34
1304132.0,4,61,0,29,34
1304190.0,4,60,0,30,34
1304245.0,4,60,0,30,34
1304275.0,4,60,0,30,34
1304382.0,4,60,0,30,34
1304413.0,4,40,0,50,34
1304413.0,4,40,0,34,50
1304477.0,4,40,0,34,50
1304565.0,4,40,0,34,50
1304621.0,4,40,0,34,50
1304673.0,4,40,0,34,50
1304684.0,4,40,0,50,34
1304707.0,4,40,0,50,34
1304715.0,4,40,0,50,34
1304716.0,4,25,0,65,34
1304716.0,4,25,0,33,66
1304734.0,4,0,0,58,66
1304734.0,4,0,0,16,108
1304748.0,4,0,0,16,108
1304766.0,4,0,0,18,106
1304769.0,4,0,0,20,104
1304781.0,4,0,0,20,104
1304850.0,4,0,0,20,104
1304968.0,4,0,0,52,72
1304968.0,4,0,0,19,105
1304973.0,4,0,0,51,73
1304973.0,4,0,0,19,105
1304988.0,4,0,0,20,104
1305087.0,4,0,0,52,72
1305087.0,4,0,0,19,105
1305105.0,4,0,0,19,105
1305113.0,4,0,0,20,104
1305140.0,4,0,0,52,72
1305140.0,4,0,0,18,106
1305158.0,4,0,0,19,105
1305174.0,4,0,0,20,104
1305254.0,4,0,0,52,72
1305254.0,4,0,0,19,105
1305274.0,4,0,0,20,104
1305296.0,4,0,0,20,104
1305322.0,4,0,0,52,72
1305322.0,2,2,0,14,110
1305344.0,2,2,0,15,109
1305346.0,2,2,0,19,105
1305376.0,2,2,0,20,104
1305412.0,2,2,0,20,104
1305424.0,2,2,0,52,72
1305424.0,2,2,0,19,105
1305443.0,2,2,0,19,105
1305444.0,2,2,0,51,73
1305444.0,2,2,0,19,105
1305475.0,2,2,0,20,104
1305475.0,0,4,0,20,104
1305501.0,0,4,0,52,72
1305501.0,0,4,0,20,104
1305544.0,0,4,0,52,72
1305544.0,0,4,0,46,78
1305573.0,0,4,0,46,78
1305579.0,0,4,0,46,78
1305581.0,0,4,0,50,74
1305583.0,0,4,0,52,72
1305583.0,0,4,0,20,104
1305637.0,0,4,0,52,72
1305637.0,0,4,0,50,74
1305641.0,0,4,0,50,74
1305653.0,0,4,0,82,42
1305653.0,0,4,0,50,74
1305662.0,0,4,0,50,74
1305665.0,0,4,0,52,72
1305665.0,0,4,0,20,104
1305685.0,0,4,0,20,104
1305810.0,0,4,0,52,72
1305810.0,0,4,0,44,80
1305823.0,0,4,0,76,48
1305823.0,0,4,0,44,80
1305828.0,0,4,0,45,79
1305835.0,0,4,0,46,78
1305836.0,0,4,0,50,74
1305850.0,0,4,0,52,72
1305850.0,0,4,0,20,104
1305886.0,0,4,0,20,104
1305908.0,0,4,0,20,104
1305965.0,0,4,0,52,72
1305965.0,0,4,0,28,96
1305995.0,0,4,0,60,64
1305995.0,0,4,0,26,98
1305997.0,0,4,0,34,90
1306017.0,0,4,0,35,89
1306021.0,0,4,0,36,88
1306021.0,0,4,0,20,104
1306039.0,0,4,0,36,88
1306059.0,0,4,0,52,72
1306059.0,0,4,0,20,104
1306064.0,0,4,0,52,72
1306064.0,0,4,0,20,104
1306085.0,0,4,0,20,104
1306097.0,0,4,0,20,104
1306100.0,0,4,0,52,72
1306100.0,0,4,0,20,104
1306108.0,0,4,0,52,72
1306108.0,0,4,0,20,104
1306245.0,0,4,0,52,72
1306245.0,0,4,0,51,73
1306264.0,0,4,0,52,72
1306264.0,0,4,0,20,104
1306296.0,0,4,0,20,104
1306312.0,0,4,0,52,72
1306312.0,0,4,0,29,95
1306332.0,0,4,0,30,94
1306356.0,0,4,0,46,78
1306454.0,0,4,0,46,78
1306537.0,0,4,0,46,78
1306547.0,0,4,0,46,78
1306549.0,0,4,0,46,78
1306558.0,0,4,0,46,78
1306773.0,0,4,0,46,78
1306814.0,0,4,0,46,78
1307010.0,0,4,0,46,78
1307094.0,0,4,0,46,78
1307122.0,0,2,0,48,78
1307122.0,0,2,0,32,94
1307146.0,0,2,0,34,92
1307155.0,0,2,0,50,76
1307155.0,0,2,0,18,108
1307166.0,0,2,0,22,104
1307166.0,0,2,0,6,120
1307252.0,0,2,0,22,104
1307252.0,0,2,0,20,106
1307257.0,0,2,0,20,106
1307275.0,0,0,0,22,106
1307275.0,0,0,0,14,114
1307285.0,0,0,0,15,113
1307294.0,0,0,0,15,113
1307309.0,0,0,0,23,105
1307348.0,0,0,0,55,73
1307348.0,0,0,0,18,110
1307374.0,0,0,0,19,109
1307433.0,0,0,0,19,109
1307499.0,0,0,0,51,77
1307499.0,0,0,0,0,128
1307520.0,0,0,0,1,127
1307520.0,0,0,0,0,128
1307546.0,0,0,0,1,127
1307556.0,0,0,0,1,127
1307663.0,0,0,0,17,111
1307692.0,0,0,0,17,111
1307722.0,0,0,0,49,79
1307722.0,0,0,0,0,128
1307747.0,0,0,0,1,127
1307775.0,0,0,0,2,126
1307836.0,0,0,0,18,110
1307836.0,0,0,0,14,114
1307866.0,0,0,0,18,110
1307953.0,0,0,0,50,78
1307953.0,0,0,0,16,112
1307959.0,0,0,0,17,111
1307968.0,0,0,0,17,111
1307970.0,0,0,0,18,110
1308024.0,0,0,0,20,108
1308073.0,0,0,0,52,76
1308073.0,0,0,0,20,108
1308119.0,0,0,0,20,108
1308119.0,0,0,0,19,109
1308136.0,0,0,0,20,108
1308147.0,0,0,0,52,76
1308172.0,0,0,0,52,76
1308172.0,0,0,0,20,108
1308221.0,0,0,0,52,76
1308284.0,0,0,0,52,76
1308292.0,0,0,0,84,44
1308296.0,0,0,0,84,44
1308296.0,0,0,0,83,45
1308314.0,0,0,0,84,44
1308651.0,0,0,0,84,44
1308651.0,0,0,0,80,48
1308672.0,0,0,0,80,48
1308672.0,0,0,0,78,50
1308798.0,0,0,0,80,48
1308944.0,0,0,0,80,48
1308946.0,0,0,0,80,48
1309126.0,0,0,0,80,48
1309126.0,0,0,0,48,80
1309144.0,0,0,0,48,80
1309237.0,0,0,0,48,80
1309253.0,0,0,0,48,80
1309286.0,0,0,0,80,48
1309288.0,0,0,0,80,48
1309288.0,0,0,0,79,49
1309302.0,0,0,0,80,48
1309372.0,0,0,0,80,48
1309372.0,0,0,0,48,80
1309410.0,0,0,0,48,80
1309423.0,0,0,0,48,80
1309450.0,0,0,0,52,76
1309512.0,0,0,0,84,44
1309516.0,0,0,0,84,44
1309516.0,0,0,0,83,45
1309534.0,0,0,0,84,44
1309565.0,0,0,0,84,44
1309581.0,0,0,0,86,42
1309595.0,0,0,0,86,42
1309639.0,0,0,0,86,42
1309785.0,0,0,0,86,42
1309785.0,0,0,0,85,43
1309791.0,0,0,0,86,42
1309792.0,0,0,0,86,42
1309792.0,0,0,0,82,46
1309808.0,0,0,0,86,42
1309845.0,0,0,0,86,42
1309912.0,0,0,0,86,42
1310137.0,0,0,0,86,42
1310137.0,0,0,0,85,43
1310163.0,0,0,0,86,42
1310170.0,0,0,0,86,42
1310170.0,0,0,0,54,74
1310320.0,0,0,0,86,42
1310324.0,0,0,0,86,42
1310324.0,0,0,0,85,43
1310349.0,0,0,0,86,42
1310378.0,0,0,0,86,42
1310378.0,0,0,0,70,58
1310472.0,0,0,0,70,58
1310472.0,0,0,0,38,90
1310659.0,0,0,0,70,58
1310665.0,0,0,0,70,58
1310665.0,0,0,0,69,59
1310681.0,0,0,0,70,58
1310700.0,0,0,0,86,42
1310755.0,0,0,0,86,42
1310822.0,0,0,0,86,42
1310822.0,0,0,0,70,58
1310852.0,0,0,0,70,58
1310868.0,0,0,0,70,58
1310868.0,0,0,0,38,90
1310959.0,0,0,0,54,74
1310977.0,0,0,0,86,42
1310991.0,0,0,0,86,42
1310991.0,0,0,0,70,58
1311037.0,0,0,0,70,58
1311037.0,0,0,0,38,90
1311146.0,0,0,0,38,90
1311154.0,0,0,0,38,90
1311154.0,0,0,0,6,122
1311266.0,0,0,0,38,90
1311270.0,0,0,0,38,90
1311270.0,0,0,0,37,91
1311288.0,0,0,0,38,90
1311347.0,0,0,0,38,90
1311347.0,0,0,1,37,90
1311436.0,0,0,1,37,90
1311436.0,0,0,4,34,90
1311509.0,0,0,4,34,90
1311509.0,0,0,4,2,122
1311547.0,0,0,4,34,90
1311723.0,0,0,4,38,86
1311724.0,0,0,4,40,84
1311733.0,0,0,4,56,68
1311744.0,0,0,4,56,68
1311744.0,0,0,4,24,100
1311779.0,0,0,4,24,100
1311779.0,0,0,4,20,104
1311807.0,0,0,4,20,104
1311807.0,0,0,4,18,106
1311812.0,0,0,4,18,106
1311812.0,0,0,4,2,122
1312082.0,0,0,4,2,122
1313054.0,0,0,4,34,90
1313073.0,0,0,4,34,90
1313073.0,0,0,4,2,122
1313181.0,0,0,4,2,122
1313181.0,0,0,6,0,122
1313328.0,0,0,6,32,90
1313430.0,0,0,6,32,90
1313430.0,0,0,6,0,122
1313606.0,0,0,6,32,90
1313609.0,0,0,6,32,90
1313609.0,0,0,6,31,91
1313618.0,0,0,6,31,91
1313618.0,0,0,6,30,92
1313628.0,0,0,6,31,91
1313630.0,0,0,6,32,90
1313702.0,0,0,6,48,74
1313703.0,0,0,6,48,74
1313703.0,0,0,6,16,106
1313905.0,0,0,6,48,74
1313909.0,0,0,6,48,74
1313909.0,0,0,6,47,75
1313929.0,0,0,6,48,74
1313940.0,0,0,6,48,74
1313940.0,0,0,6,47,75
1313955.0,0,0,6,47,75
1313955.0,0,0,6,43,79
1313965.0,0,0,6,44,78
1313987.0,0,0,6,48,74
1314018.0,0,0,6,80,42
1314043.0,0,0,6,80,42
1314043.0,0,0,6,48,74
1314047.0,1,0,5,48,74
1314136.0,4,0,2,48,74
1314136.0,3,1,2,48,74
1314174.0,3,1,2,48,74
1314174.0,3,1,2,16,106
1314214.0,3,1,2,48,74
1314217.0,3,1,2,48,74
1314217.0,3,1,2,47,75
1314235.0,3,1,2,48,74
1314295.0,3,1,2,48,74
1314295.0,3,1,2,47,75
1314309.0,3,1,2,48,74
1314322.0,3,1,2,48,74
1314322.0,3,1,2,44,78
1314372.0,3,1,2,48,74
1314474.0,3,1,2,48,74
1314474.0,3,1,2,16,106
1314536.0,3,1,2,16,106
1314536.0,3,1,2,0,122
1314761.0,3,1,2,0,122
1314761.0,1,3,2,0,122
1315013.0,1,3,2,0,122
1315013.0,0,4,2,0,122
1315043.0,0,4,2,32,90
1315149.0,0,4,2,32,90
1315149.0,0,4,2,31,91
1315167.0,0,4,2,32,90
1315441.0,0,4,2,32,90
1315441.0,0,4,2,0,122
1315472.0,0,4,2,32,90
1315881.0,2,4,0,32,90
1315881.0,0,6,0,32,90
1315915.0,0,6,0,32,90
1315915.0,0,6,0,16,106
1315936.0,0,5,0,17,106
1315936.0,0,5,0,16,107
1315944.0,0,5,0,32,91
1315962.0,0,5,0,33,90
1316011.0,0,5,0,33,90
1316011.0,0,5,0,17,106
1316023.0,0,5,0,17,106
1316023.0,0,5,0,13,110
1316045.0,0,5,0,29,94
1316057.0,0,5,0,33,90
1316112.0,0,5,0,33,90
1316112.0,0,5,0,17,106
1316144.0,0,5,0,33,90
1316275.0,0,5,0,49,74
1316307.0,0,5,0,49,74
1316307.0,0,5,0,33,90
1316314.0,0,5,0,33,90
1316314.0,0,5,0,17,106
1316360.0,0,5,0,33,90
1316491.0,0,5,0,65,58
1316538.0,0,5,0,65,58
1316538.0,0,5,0,61,62
1316561.0,0,3,0,63,62
1316567.0,0,3,0,67,58
1316611.0,0,3,0,67,58
1316611.0,0,3,0,35,90
1316792.0,0,3,0,51,74
1316813.0,0,2,0,52,74
1316813.0,0,2,0,51,75
1316842.0,0,2,0,52,74
1316856.0,0,2,0,52,74
1316856.0,0,2,0,36,90
1316913.0,0,2,0,68,58
1316928.0,0,2,0,68,58
1317027.0,0,2,0,68,58
1317027.0,0,2,0,36,90
1317098.0,0,2,0,68,58
1317177.0,0,2,0,68,58
1317177.0,0,2,0,36,90
1317205.0,0,2,0,52,74
1317206.0,0,2,0,52,74
1317257.0,0,2,0,84,42
1317272.0,0,2,0,84,42
1317272.0,0,2,0,80,46
1317293.0,0,2,0,84,42
1317302.0,0,2,0,84,42
1317333.0,0,2,0,84,42
1317333.0,0,2,0,52,74
1317381.0,0,2,0,84,42
1317457.0,0,2,0,84,42
1317457.0,0,2,0,68,58
1317493.0,0,2,0,84,42
1317568.0,0,2,0,84,42
1317568.0,0,2,0,76,50
1317597.0,0,2,0,84,42
1317606.0,0,2,0,84,42
1317606.0,0,2,0,52,74
1317677.0,0,2,0,52,74
1317677.0,0,2,0,48,78
1317681.0,0,0,0,50,78
1317681.0,0,0,0,46,82
1317696.0,0,0,0,46,82
1317696.0,0,0,0,42,86
1317738.0,0,0,0,46,82
1317797.0,0,0,0,50,78
1317806.0,0,0,0,50,78
1317806.0,0,0,0,48,80
1317846.0,0,0,0,50,78
1317927.0,0,0,0,50,78
1317927.0,0,0,0,49,79
1317978.0,0,0,0,50,78
1318257.0,0,0,0,82,46
1318260.0,0,0,0,82,46
1318260.0,0,0,0,81,47
1318280.0,0,0,0,82,46
1318328.0,0,0,0,82,46
1318328.0,0,0,0,50,78
1318482.0,0,0,0,50,78
1318482.0,0,0,0,48,80
1318533.0,0,0,0,50,78
1318643.0,0,0,0,50,78
1318671.0,0,0,0,82,46
1318673.0,0,0,0,82,46
1318673.0,0,0,0,81,47
1318691.0,0,0,0,82,46
1318720.0,0,0,0,82,46
1318720.0,0,0,0,78,50
1318759.0,0,0,0,78,50
1318759.0,0,0,0,77,51
1318764.0,0,0,0,77,51
1318764.0,0,0,0,76,52
1318771.0,0,0,0,80,48
1318779.0,0,0,0,81,47
1318786.0,0,0,0,82,46
1318817.0,0,0,0,82,46
1318817.0,0,0,0,81,47
1318828.0,0,0,0,82,46
1318830.0,0,0,0,82,46
1318830.0,0,0,0,50,78
1318859.0,0,0,0,50,78
1318859.0,0,0,0,42,86
1318909.0,0,0,0,50,78
1318976.0,0,0,0,82,46
1319015.0,0,0,0,82,46
1319015.0,0,0,0,66,62
1319031.0,0,0,0,66,62
1319031.0,0,0,0,34,94
1319044.0,0,0,0,34,94
1319044.0,0,0,0,30,98
1319067.0,0,0,0,46,82
1319072.0,0,0,0,46,82
1319078.0,0,0,0,50,78
1319180.0,0,0,0,82,46
1319182.0,0,0,0,82,46
1319182.0,0,0,0,81,47
1319191.0,0,0,0,81,47
1319191.0,0,0,0,80,48
1319200.0,0,0,0,81,47
1319202.0,0,0,0,82,46
1319312.0,0,0,0,82,46
1319312.0,0,0,0,50,78
1319322.0,0,0,0,50,78
1319322.0,0,0,0,49,79
1319352.0,0,0,0,50,78
1319452.0,0,0,0,50,78
1319452.0,0,0,0,48,80
1319475.0,0,0,0,50,78
1319493.0,0,0,0,50,78
1319493.0,0,0,0,46,82
1319513.0,0,0,0,50,78
1319524.0,0,0,0,50,78
1319524.0,0,0,0,46,82
1319550.0,0,0,0,50,78
1319562.0,0,0,0,50,78
1319562.0,0,0,1,49,78
1319594.0,0,0,1,49,78
1319594.0,0,0,1,41,86
1319618.0,0,0,1,49,78
1319727.0,0,0,1,49,78
1319727.0,0,0,1,33,94
1319762.0,0,0,1,49,78
1319826.0,0,0,1,49,78
1319826.0,0,0,1,17,110
1319875.0,0,0,1,17,110
1319875.0,0,0,13,5,110
1319884.0,0,0,13,37,78
1319939.0,0,0,13,37,78
1319939.0,0,0,13,5,110
1319979.0,0,0,13,9,106
1319995.0,0,0,13,41,74
1320045.0,0,0,13,41,74
1320045.0,0,0,13,9,106
1320096.0,0,0,13,41,74
1320257.0,0,0,13,41,74
1320257.0,0,0,13,25,90
1320296.0,0,0,13,41,74
1320442.0,0,0,13,41,74
1320442.0,0,0,14,40,74
1320445.0,0,0,14,40,74
1320445.0,0,0,14,24,90
1320481.0,0,0,14,40,74
1320525.0,0,0,14,40,74
1320525.0,0,0,14,32,82
1320549.0,0,0,14,40,74
1320607.0,0,0,14,40,74
1320607.0,0,0,14,32,82
1320636.0,0,0,14,40,74
1320682.0,0,0,14,40,74
1320682.0,0,0,14,32,82
1320709.0,0,0,14,40,74
1320757.0,0,0,14,40,74
1320757.0,0,0,14,36,78
1320784.0,0,0,14,40,74
1320867.0,0,0,14,40,74
1320867.0,0,0,14,38,76
1320886.0,0,0,14,40,74
1320944.0,0,0,14,40,74
1320944.0,0,0,14,39,75
1320963.0,0,0,14,40,74
1321004.0,0,0,14,40,74
1321004.0,0,0,14,39,75
1321026.0,0,0,14,40,74
1321085.0,0,0,14,40,74
1321085.0,0,0,14,38,76
1321107.0,0,0,14,40,74
1321162.0,0,0,14,40,74
1321162.0,0,0,14,36,78
1321189.0,0,0,14,40,74
1321397.0,0,0,14,40,74
1321397.0,0,0,18,36,74
1321585.0,0,0,18,72,38
1321788.0,0,0,18,110,0
1322262.0,1,0,17,110,0
1322575.0,13,0,5,110,0
1323142.0,14,0,4,110,0
1323595.0,14,0,4,110,0
1323595.0,14,0,8,106,0
1323696.0,14,0,8,106,0
1323696.0,14,0,24,90,0
1324081.0,14,0,24,90,0
1324081.0,14,0,32,82,0
1324097.0,18,0,28,82,0
1324309.0,18,0,28,82,0
1324309.0,18,0,32,78,0
1324789.0,18,0,32,78,0
1324789.0,18,0,36,74,0
1325185.0,18,0,36,74,0
1325185.0,18,0,72,38,0
1325388.0,18,0,72,38,0
1325388.0,18,0,110,0,0
1326295.0,22,0,106,0,0
1326396.0,38,0,90,0,0
1326781.0,46,0,82,0,0
1327009.0,50,0,78,0,0
1327489.0,54,0,74,0,0
1327885.0,90,0,38,0,0
1328088.0,128,0,0,0,0
1329032.0,128,0,0,0,0
1329032.0,64,64,0,0,0
1329033.0,64,64,0,0,0
1329033.0,0,128,0,0,0
1330832.0,0,64,0,64,0
1330832.0,0,64,0,0,64
1330833.0,0,0,0,64,64
1330833.0,0,0,0,0,128
1334177.0,0,0,0,0,128
1334236.0,0,0,0,0,128
1335938.0,0,0,0,64,64
1335938.0,0,0,0,28,100
1339538.0,0,0,0,28,100
1339538.0,0,0,28,0,100
1340102.0,0,0,28,0,100
1340248.0,0,0,28,0,100
1340352.0,0,0,28,0,100
1340467.0,0,0,28,0,100
1341675.0,0,0,28,4,96
1341730.0,0,0,28,36,64
1341764.0,0,0,28,100,0
1342238.0,28,0,0,100,0
1342238.0,0,28,0,100,0
1344038.0,0,0,0,128,0
1344038.0,0,0,0,0,128
1344178.0,0,0,0,128,0
1344178.0,0,0,0,0,128
1344276.0,0,0,0,128,0
1344276.0,0,0,0,0,128
1344387.0,0,0,0,128,0
1344387.0,0,0,0,0,128
1345275.0,0,0,0,0,128
1350081.0,0,0,0,0,128
1350237.0,0,0,0,0,128
1350299.0,0,0,0,0,128
1353997.0,0,0,0,128,0
1353997.0,0,0,0,28,100
1356569.0,0,0,0,28,100
1357597.0,0,0,0,28,100
1357597.0,0,0,28,0,100
1359421.0,0,0,28,0,100
1359567.0,0,0,28,0,100
1359634.0,0,0,28,0,100
1360256.0,0,0,28,4,96
1360297.0,28,0,0,4,96
1360311.0,28,0,0,36,64
1360311.0,0,28,0,36,64
1360410.0,0,28,0,36,64
1360732.0,0,28,0,36,64
1360952.0,0,28,0,36,64
1361383.0,0,28,0,36,64
1362111.0,0,0,0,64,64
1362111.0,0,0,0,0,128
1362160.0,0,0,0,0,128
1362197.0,0,0,0,0,128
1362346.0,0,0,0,0,128
1362481.0,0,0,0,0,128
1362537.0,0,0,0,0,128
1363332.0,0,0,0,64,64
1363332.0,0,0,0,0,128
1363357.0,0,0,0,32,96
1363357.0,0,0,0,28,100
1363856.0,0,0,0,28,100
1364236.0,0,0,0,28,100
1364809.0,0,0,0,28,100
1364975.0,0,0,0,32,96
1365021.0,0,0,0,64,64
1365021.0,0,0,0,0,128
1365276.0,0,0,0,64,64
1365276.0,0,0,0,0,128
1365491.0,0,0,0,64,64
1365491.0,0,0,0,0,128
1365541.0,0,0,0,0,128
1365563.0,0,0,0,0,128
1365804.0,0,0,0,0,128
1365841.0,0,0,0,64,64
1365841.0,0,0,0,0,128
1366597.0,0,0,0,64,64
1366597.0,0,0,0,0,128
1366641.0,0,0,0,32,96
1366641.0,0,0,0,0,128
1366739.0,0,0,0,32,96
1366739.0,0,0,0,0,128
1366761.0,0,0,0,32,96
1366761.0,0,0,0,26,102
1366768.0,0,0,0,26,102
1366957.0,0,0,0,26,102
1367366.0,0,0,0,26,102
1367795.0,0,0,0,26,102
1367816.0,0,0,0,26,102
1368847.0,0,0,0,26,102
1368908.0,0,0,0,26,102
1368964.0,0,0,0,26,102
1369216.0,0,0,0,90,38
1369216.0,0,0,0,8,120
1369231.0,0,0,0,9,119
1369234.0,0,0,0,10,118
1369325.0,0,0,0,10,118
1369347.0,0,0,0,10,118
1369348.0,0,0,0,26,102
1369348.0,0,0,0,8,120
1369503.0,0,0,0,40,88
1369503.0,0,0,0,18,110
1369515.0,0,0,0,19,109
1369538.0,0,0,0,35,93
1369538.0,0,0,0,3,125
1369574.0,0,0,0,5,123
1369588.0,0,0,0,7,121
1369679.0,0,0,0,23,105
1370154.0,0,0,0,23,105
1370154.0,0,0,0,22,106
1370169.0,0,0,0,23,105
1370196.0,0,0,0,24,104
1370314.0,0,0,0,26,102
1370361.0,0,0,0,26,102
1370361.0,0,0,3,23,102
1371784.0,0,0,3,23,102
1371784.0,0,0,3,19,106
1371903.0,0,0,3,23,102
1371956.0,0,0,3,23,102
1371956.0,0,0,3,19,106
1371999.0,0,0,3,23,102
1372158.0,0,0,3,23,102
1372158.0,0,0,3,7,118
1372193.0,0,0,3,7,118
1372193.0,0,0,3,3,122
1372233.0,0,0,3,19,106
1372245.0,0,0,3,23,102
1372386.0,0,0,3,23,102
1372386.0,0,0,3,19,106
1372430.0,0,0,3,23,102
1372439.0,0,0,3,23,102
1372439.0,0,0,3,15,110
1372468.0,0,0,3,15,110
1372468.0,0,0,3,13,112
1372517.0,0,0,3,15,110
1372607.0,0,0,3,23,102
1372724.0,0,0,3,23,102
1372724.0,0,0,3,15,110
1372755.0,0,0,3,47,78
1372759.0,0,0,3,47,78
1372759.0,0,0,3,46,79
1372772.0,0,0,3,47,78
1372868.0,0,0,3,47,78
1372868.0,0,0,3,15,110
1372939.0,0,0,3,15,110
1372939.0,0,0,3,11,114
1372996.0,0,0,3,15,110
1373037.0,0,0,3,23,102
1373054.0,0,0,3,55,70
1373061.0,3,0,0,55,70
1373110.0,3,0,0,55,70
1373110.0,3,0,0,47,78
1373174.0,3,0,0,47,78
1373188.0,3,0,0,47,78
1373252.0,3,0,0,55,70
1373296.0,3,0,0,55,70
1373296.0,3,0,0,51,74
1373346.0,3,0,0,55,70
1373361.0,3,0,0,55,70
1373361.0,3,0,0,47,78
1373581.0,3,0,0,55,70
1373800.0,3,0,0,55,70
1373800.0,3,0,0,51,74
1373846.0,3,0,0,55,70
1373914.0,3,0,0,55,70
1373914.0,3,0,2,53,70
1374201.0,3,0,2,53,70
1374201.0,3,0,2,49,74
1374243.0,3,0,2,53,70
1375232.0,3,0,2,53,70
1375232.0,3,0,2,49,74
1375277.0,3,0,2,53,70
1376120.0,3,0,2,53,70
1376120.0,3,0,2,52,71
1376123.0,3,0,2,52,71
1376123.0,3,0,2,50,73
1376355.0,3,0,2,50,73
1376355.0,3,0,11,41,73
1376385.0,3,0,11,73,41
1376387.0,3,0,11,73,41
1376387.0,3,0,11,41,73
1376426.0,3,0,11,41,73
1376426.0,3,0,11,37,77
1376449.0,3,0,11,41,73
1376476.0,3,0,11,41,73
1376476.0,3,0,11,37,77
1376523.0,3,0,11,41,73
1376596.0,3,0,11,41,73
1376596.0,3,0,15,37,73
1376614.0,5,0,13,37,73
1376654.0,5,0,13,37,73
1376654.0,5,0,32,18,73
1376851.0,5,0,32,18,73
1376851.0,5,0,32,14,77
1376906.0,5,0,32,15,76
1376911.0,5,0,32,19,72
1377023.0,5,0,32,19,72
1377023.0,5,0,32,15,76
1377220.0,5,0,32,15,76
1377220.0,3,2,32,15,76
1377282.0,3,2,32,15,76
1377294.0,3,2,32,19,72
1377646.0,3,2,32,21,70
1377806.0,3,2,32,21,70
1377806.0,3,2,32,17,74
1378096.0,3,2,32,21,70
1378142.0,3,2,32,21,70
1378142.0,3,2,32,20,71
1378239.0,3,2,32,20,71
1378336.0,3,2,32,20,71
1378410.0,3,2,32,20,71
1378492.0,3,2,32,20,71
1378518.0,3,2,32,20,71
1378585.0,3,2,32,20,71
1378747.0,3,2,32,20,71
1378809.0,3,2,32,20,71
1378874.0,3,2,32,21,70
1378884.0,3,2,32,21,70
1378905.0,3,2,32,21,70
1378956.0,3,2,32,21,70
1379020.0,3,0,32,23,70
1379055.0,12,0,23,23,70
1379055.0,3,9,23,23,70
1379108.0,3,9,23,23,70
1379232.0,3,9,23,25,68
1379296.0,7,9,19,25,68
1379296.0,3,13,19,25,68
1379298.0,3,13,19,25,68
1379345.0,3,13,19,25,68
1379354.0,22,13,0,25,68
1379354.0,16,19,0,25,68
1379783.0,16,19,0,25,68
1379887.0,16,19,0,57,36
1379887.0,16,19,0,25,68
1379889.0,16,19,0,25,68
1379985.0,16,19,0,25,68
1380004.0,16,19,0,25,68
1380095.0,16,19,0,25,68
1380143.0,16,19,0,25,68
1380209.0,16,19,0,25,68
1380293.0,16,19,0,25,68
1380406.0,16,19,0,25,68
1380470.0,16,19,0,25,68
1380649.0,16,19,0,25,68
1380758.0,16,19,0,25,68
1380820.0,16,19,0,25,68
1380855.0,16,10,0,34,68
1380894.0,16,10,0,34,68
1380981.0,16,10,0,34,68
1381016.0,16,10,0,34,68
1381096.0,16,6,0,38,68
1381154.0,16,0,0,44,68
1381154.0,16,0,0,8,104
1381246.0,16,0,0,8,104
1381246.0,16,0,2,6,104
1381311.0,16,0,2,10,100
1381324.0,16,0,2,10,100
1381346.0,16,0,2,42,68
1381346.0,0,16,2,34,76
1381376.0,0,16,2,38,72
1381405.0,0,16,2,38,72
1381407.0,0,16,2,38,72
1381495.0,0,16,2,38,72
1381673.0,0,16,2,42,68
1381677.0,0,16,2,42,68
1381696.0,0,16,2,42,68
1381704.0,0,16,2,46,64
1381704.0,0,16,2,14,96
1381734.0,0,16,2,46,64
1381734.0,0,16,2,34,76
1381736.0,0,16,2,34,76
1381776.0,0,16,2,35,75
1381790.0,0,16,2,36,74
1381800.0,0,16,2,36,74
1381834.0,0,16,2,36,74
1381839.0,0,16,2,68,42
1381839.0,0,16,2,30,80
1381844.0,0,16,2,32,78
1381852.0,0,16,2,33,77
1381864.0,0,16,2,37,73
1381867.0,0,16,2,39,71
1381879.0,0,16,2,43,67
1381917.0,0,16,2,75,35
1381917.0,0,16,2,42,68
1381938.0,0,16,2,43,67
1381973.0,0,16,2,44,66
1382030.0,0,16,2,44,66
1382051.0,0,16,2,76,34
1382051.0,0,16,2,42,68
1382072.0,0,16,2,43,67
1382085.0,0,16,2,43,67
1382094.0,0,16,2,75,35
1382094.0,0,16,2,34,76
1382097.0,0,16,2,35,75
1382223.0,0,16,2,39,71
1382242.0,0,16,2,43,67
1382387.0,0,16,2,43,67
1382456.0,0,16,2,43,67
1382490.0,0,16,2,43,67
1382588.0,0,16,2,75,35
1382588.0,0,16,2,43,67
1382609.0,0,16,2,75,35
1382609.0,0,16,2,37,73
1382612.0,0,16,2,37,73
1382630.0,0,16,2,69,41
1382630.0,0,16,2,17,93
1382655.0,0,16,2,21,89
1382693.0,0,16,2,21,89
1382711.0,0,16,2,22,88
1382743.0,0,16,2,22,88
1382808.0,0,16,2,24,86
1382914.0,0,16,2,24,86
1382951.0,0,16,2,28,82
1382965.0,0,16,2,28,82
1382975.0,0,16,2,44,66
1383031.0,0,16,2,76,34
1383031.0,0,16,2,44,66
1383146.0,0,0,2,60,66
1383207.0,0,0,2,92,34
1383207.0,0,0,2,60,66
1383337.0,0,0,2,60,66
1383352.0,0,0,2,92,34
1383352.0,0,0,2,44,82
1383373.0,0,0,2,60,66
1383563.0,0,0,2,60,66
1383715.0,0,0,2,92,34
1383715.0,0,0,2,44,82
1383736.0,0,0,2,44,82
1383742.0,0,0,2,60,66
1383742.0,0,0,2,34,92
1383757.0,0,0,2,35,91
1383848.0,0,0,2,43,83
1383848.0,0,0,2,35,91
1383926.0,0,0,2,36,90
1383931.0,0,0,2,44,82
1383946.0,2,0,0,44,82
1383946.0,0,2,0,44,82
1383964.0,0,2,0,44,82
1384025.0,0,2,0,44,82
1384058.0,0,2,0,44,82
1384063.0,0,2,0,60,66
1384063.0,0,2,0,44,82
1384083.0,0,2,0,60,66
1384083.0,0,2,0,42,84
1384100.0,0,2,0,43,83
1384143.0,0,2,0,59,67
1384143.0,0,2,0,43,83
1384160.0,0,2,0,43,83
1384221.0,0,2,0,43,83
1384252.0,0,2,0,43,83
1384258.0,0,2,0,44,82
1384329.0,0,2,0,44,82
1384467.0,0,2,0,76,50
1384467.0,0,2,0,36,90
1384529.0,0,2,0,36,90
1384559.0,0,2,0,52,74
1384559.0,0,2,0,36,90
1384578.0,0,2,0,36,90
1384586.0,0,2,0,44,82
1384586.0,0,2,0,35,91
1384599.0,0,2,0,35,91
1384601.0,0,2,0,35,91
1384602.0,0,2,0,43,83
1384607.0,0,2,0,52,74
1384621.0,0,2,0,60,66
1384698.0,0,2,0,60,66
1384849.0,0,2,0,92,34
1384849.0,0,2,0,44,82
1384892.0,0,2,0,44,82
1384914.0,0,2,0,44,82
1384936.0,0,2,0,76,50
1384936.0,0,2,0,33,93
1384941.0,0,2,0,34,92
1384946.0,0,2,0,35,91
1384988.0,0,2,0,43,83
1385011.0,0,2,0,43,83
1385049.0,0,2,0,44,82
1385130.0,0,2,0,60,66
1385236.0,0,2,0,92,34
1385236.0,0,2,0,60,66
1385256.0,0,2,0,60,66
1385285.0,0,2,0,60,66
1385334.0,0,2,0,60,66
1385441.0,0,2,0,60,66
1385517.0,0,2,0,60,66
1385517.0,0,2,3,57,66
1385585.0,0,2,3,57,66
1385680.0,0,2,3,57,66
1385746.0,0,0,3,59,66
1385746.0,0,0,3,27,98
1385837.0,0,0,3,59,66
1385837.0,0,0,3,2,123
1385858.0,0,0,3,3,122
1385861.0,0,0,3,11,114
1385861.0,0,0,3,3,122
1385883.0,0,0,3,11,114
1385892.0,0,0,3,19,106
1385925.0,0,0,3,27,98
1386247.0,0,0,3,27,98
1386256.0,0,0,3,27,98
1386382.0,0,0,3,27,98
1386896.0,0,0,3,59,66
1386896.0,0,0,3,1,124
1386907.0,0,0,3,2,123
1386917.0,0,0,3,3,122
1386952.0,0,0,3,11,114
1386952.0,0,0,3,3,122
1386956.0,0,0,3,19,106
1387006.0,0,0,3,27,98
1387077.0,0,0,3,27,98
1387077.0,0,0,3,19,106
1387087.0,0,0,3,27,98
1387252.0,0,0,3,27,98
1387252.0,0,0,3,19,106
1387263.0,0,0,3,27,98
1387458.0,0,0,3,27,98
1387458.0,0,0,3,25,100
1387495.0,0,0,3,25,100
1387495.0,0,0,3,23,102
1387554.0,0,0,3,25,100
1387565.0,0,0,3,25,100
1387565.0,0,0,3,24,101
1387852.0,0,0,3,25,100
1387977.0,0,0,3,25,100
1387977.0,0,0,3,24,101
1388217.0,3,0,0,24,101
1388456.0,3,0,0,25,100
1388520.0,3,0,0,25,100
1388520.0,3,0,0,24,101
1388541.0,3,0,0,25,100
1388545.0,3,0,0,25,100
1388545.0,3,0,0,24,101
1388588.0,3,0,0,24,101
1388588.0,3,0,1,23,101
1388604.0,3,0,1,23,101
1388604.0,3,0,1,22,102
1388821.0,3,0,1,22,102
1388858.0,3,0,1,23,101
1389204.0,3,0,1,23,101
1389248.0,3,0,1,23,101
1389453.0,3,0,1,55,69
1389453.0,3,0,1,21,103
1389455.0,3,0,1,21,103
1389455.0,3,0,1,20,104
1389611.0,3,0,1,21,103
1389635.0,3,0,1,22,102
1389949.0,3,0,1,24,100
1389990.0,3,0,1,24,100
1389990.0,3,0,1,20,104
1390018.0,3,0,1,24,100
1390224.0,3,0,1,24,100
1390224.0,3,0,1,23,101
1390340.0,3,0,1,24,100
1390389.0,3,0,1,24,100
1390389.0,3,0,1,23,101
1390397.0,3,0,1,24,100
1390419.0,3,0,1,24,100
1390419.0,3,0,1,23,101
1390420.0,3,0,1,55,69
1390455.0,3,0,1,56,68
1390477.0,3,0,1,56,68
1390477.0,3,0,1,55,69
1390489.0,3,0,1,57,67
1390507.0,3,0,1,57,67
1390507.0,3,0,2,56,67
1390508.0,3,0,2,57,66
1390517.0,3,0,2,57,66
1390517.0,3,0,3,56,66
1390522.0,3,0,3,56,66
1390522.0,3,0,3,55,67
1390539.0,3,0,3,56,66
1390556.0,3,0,3,56,66
1390556.0,3,0,19,40,66
1390863.0,3,0,19,40,66
1390863.0,3,0,21,38,66
1391288.0,4,0,20,38,66
1391506.0,4,0,20,38,66
1391536.0,4,0,20,38,66
1391635.0,4,0,20,38,66
1392206.0,4,0,20,70,34
1392206.0,4,0,20,4,100
1392223.0,4,0,20,5,99
1392326.0,4,0,20,6,98
1392368.0,4,0,20,70,34
1393099.0,4,0,20,102,2
1393191.0,4,0,20,102,2
1393191.0,4,0,20,70,34
1393202.0,4,0,20,70,34
1393202.0,4,0,20,69,35
1393207.0,5,0,19,69,35
1393209.0,5,0,19,70,34
1393217.0,6,0,18,70,34
1393256.0,22,0,2,70,34
1393273.0,22,0,2,70,34
1393273.0,22,0,2,66,38
1393301.0,22,0,2,66,38
1393301.0,22,0,2,2,102
1393472.0,22,0,2,2,102
1393472.0,22,0,2,1,103
1393492.0,22,0,2,2,102
1393494.0,22,0,2,38,66
1393513.0,22,0,2,38,66
1393513.0,22,0,2,6,98
1393533.0,22,0,2,6,98
1393533.0,22,0,2,5,99
1393563.0,24,0,0,5,99
1393571.0,24,0,0,5,99
1393571.0,24,0,0,4,100
1393575.0,24,0,0,4,100
1393575.0,24,0,0,3,101
1393592.0,24,0,0,4,100
1393595.0,24,0,0,4,100
1393595.0,24,0,0,0,104
1393605.0,24,0,0,1,103
1393607.0,24,0,0,2,102
1393618.0,24,0,0,2,102
1393635.0,24,0,0,2,102
1393635.0,24,0,0,1,103
1393645.0,24,0,0,1,103
1393645.0,24,0,0,0,104
1393650.0,24,0,0,1,103
1393652.0,24,0,0,2,102
1393712.0,24,0,0,2,102
1393712.0,24,0,0,1,103
1393741.0,24,0,0,2,102
1393754.0,24,0,0,2,102
1393754.0,22,2,0,2,102
1393756.0,22,2,0,2,102
1393756.0,21,3,0,2,102
1393807.0,21,3,0,2,102
1393807.0,5,19,0,2,102
1393899.0,5,19,0,2,102
1393899.0,1,23,0,2,102
1393925.0,1,23,0,66,38
1393955.0,1,23,0,66,38
1393955.0,1,23,0,50,54
1394009.0,1,23,0,50,54
1394034.0,1,23,0,66,38
1394034.0,1,23,0,2,102
1394089.0,1,23,0,2,102
1394194.0,1,23,0,2,102
1394307.0,1,23,0,2,102
1394395.0,1,23,0,2,102
1394497.0,1,23,0,2,102
1394568.0,1,23,0,2,102
1394575.0,1,23,0,2,102
1394591.0,1,23,0,2,102
1394630.0,1,23,0,2,102
1394684.0,1,23,0,2,102
1394764.0,1,23,0,2,102
1394869.0,1,23,0,2,102
1394898.0,1,23,0,2,102
1395096.0,1,23,0,2,102
1395147.0,1,23,0,34,70
1395147.0,1,23,0,10,94
1395151.0,1,23,0,14,90
1395153.0,1,23,0,14,90
1395170.0,1,23,0,30,74
1395170.0,1,23,0,10,94
1395173.0,1,23,0,26,78
1395173.0,1,23,0,4,100
1395185.0,1,23,0,4,100
1395193.0,1,23,0,8,96
1395199.0,1,23,0,24,80
1395199.0,1,23,0,4,100
1395224.0,1,23,0,8,96
1395224.0,1,23,0,3,101
1395233.0,1,23,0,4,100
1395255.0,1,23,0,4,100
1395272.0,1,23,0,4,100
1395278.0,1,23,0,8,96
1395298.0,1,23,0,12,92
1395316.0,1,23,0,28,76
1395316.0,1,23,0,12,92
1395347.0,1,23,0,12,92
1395355.0,1,23,0,12,92
1395358.0,1,23,0,76,28
1395358.0,1,23,0,22,82
1395380.0,1,23,0,54,50
1395380.0,1,23,0,22,82
1395384.0,1,23,0,23,81
1395385.0,1,23,0,39,65
1395405.0,1,23,0,40,64
1395417.0,1,23,0,44,60
1395501.0,1,23,0,60,44
1395554.0,1,21,0,62,44
1395554.0,1,21,0,58,48
1395556.0,1,20,0,59,48
1395556.0,1,20,0,58,49
1395566.0,1,20,0,62,45
1395573.0,1,20,0,63,44
1395607.0,1,4,0,79,44
1395607.0,1,4,0,63,60
1395635.0,1,4,0,79,44
1395691.0,1,4,0,79,44
1395691.0,1,4,0,63,60
1395698.0,1,4,0,63,60
1395698.0,1,4,0,62,61
1395699.0,1,0,0,66,61
1395699.0,1,0,0,62,65
1395765.0,1,0,0,66,61
1395808.0,1,0,0,70,57
1395810.0,1,0,0,70,57
1395810.0,1,0,0,38,89
1395889.0,1,0,0,38,89
1395889.0,1,0,0,34,93
1395904.0,1,0,0,50,77
1395939.0,1,0,0,50,77
1395939.0,1,0,0,48,79
1395972.0,1,0,0,49,78
1396018.0,1,0,0,51,76
1396097.0,1,0,0,51,76
1396097.0,1,0,0,19,108
1396232.0,1,0,0,51,76
1396467.0,1,0,0,53,74
1396485.0,1,0,0,57,70
1396866.0,1,0,0,57,70
1396866.0,1,0,0,41,86
1396931.0,1,0,0,57,70
1396963.0,1,0,0,57,70
1396963.0,1,0,0,25,102
1397126.0,1,0,0,25,102
1397126.0,1,0,0,24,103
1397172.0,1,0,0,25,102
1397186.0,1,0,0,57,70
1397205.0,1,0,0,57,70
1397207.0,1,0,0,57,70
1397250.0,1,0,0,57,70
1397283.0,1,0,0,57,70
1397283.0,1,0,0,25,102
1397317.0,1,0,0,57,70
1397321.0,1,0,0,57,70
1397321.0,1,0,0,55,72
1397337.0,1,0,0,87,40
1397383.0,1,0,0,87,40
1397383.0,1,0,0,55,72
1397442.0,1,0,0,57,70
1397476.0,1,0,0,57,70
1397476.0,1,0,0,41,86
1397504.0,1,0,0,57,70
1397525.0,1,0,0,57,70
1397543.0,1,0,0,57,70
1397543.0,1,0,0,25,102
1397554.0,1,0,0,57,70
1397604.0,1,0,0,89,38
1397617.0,1,0,0,93,34
1397619.0,1,0,0,93,34
1397619.0,1,0,0,61,66
1397682.0,1,0,0,61,66
1397682.0,1,0,0,57,70
1397700.0,1,0,0,57,70
1397700.0,1,0,0,25,102
1397713.0,1,0,0,29,98
1397784.0,1,0,0,61,66
1397831.0,1,0,0,61,66
1397831.0,1,0,0,45,82
1397946.0,1,0,0,61,66
1398624.0,1,0,0,61,66
1398624.0,1,0,0,29,98
1398743.0,1,0,0,29,98
1398743.0,1,0,0,25,102
1398747.0,1,0,0,25,102
1398787.0,1,0,0,29,98
1398863.0,1,0,0,61,66
1398867.0,1,0,0,61,66
1398867.0,1,0,0,29,98
1398885.0,1,0,0,61,66
1398918.0,1,0,0,61,66
1398918.0,1,0,0,29,98
1398958.0,1,0,0,29,98
1399010.0,1,0,0,29,98
1399010.0,1,0,0,25,102
1399235.0,1,0,0,25,102
1399235.0,1,0,15,10,102
1399358.0,1,0,15,10,102
1399358.0,1,0,15,9,103
1399365.0,1,0,15,9,103
1399365.0,1,0,19,5,103
1399420.0,1,0,19,6,102
1399468.0,1,0,19,6,102
1399468.0,1,0,19,2,106
1399552.0,1,0,19,6,102
1399832.0,1,0,19,6,102
1399832.0,1,0,21,4,102
1401935.0,16,0,6,4,102
1402065.0,20,0,2,4,102
1402532.0,22,0,0,4,102
1402591.0,22,0,0,36,70
1402600.0,22,0,0,36,70
1402600.0,22,0,0,4,102
1403039.0,22,0,0,36,70
1403152.0,22,0,0,36,70
1403152.0,22,0,4,32,70
1403312.0,22,0,4,32,70
1403312.0,22,0,4,0,102
1403533.0,22,0,4,32,70
1405153.0,22,0,4,32,70
1405153.0,22,0,4,31,71
1405166.0,22,0,4,32,70
1405852.0,26,0,0,32,70
1406247.0,26,0,0,64,38
1406639.0,26,0,0,64,38
1406658.0,26,0,0,64,38
1406658.0,26,0,0,60,42
1406675.0,26,0,0,64,38
1406863.0,26,0,0,64,38
1406863.0,26,0,0,60,42
1406875.0,26,0,0,64,38
1406906.0,26,0,0,64,38
1406906.0,26,0,0,63,39
1406910.0,26,0,0,64,38
1407133.0,26,0,0,64,38
1407133.0,26,0,31,33,38
1408766.0,26,0,31,33,38
1408766.0,26,0,32,32,38
1409833.0,57,0,1,32,38
1409847.0,57,0,1,32,38
1409847.0,57,0,29,4,38
1410475.0,57,0,29,4,38
1410475.0,57,0,32,1,38
1410510.0,57,0,32,1,38
1410510.0,57,0,33,0,38
1411466.0,58,0,32,0,38
1411710.0,58,0,32,0,38
1411961.0,58,0,32,0,38
1411961.0,26,32,32,0,38
1412039.0,26,32,32,0,38
1412079.0,26,32,32,32,6
1412079.0,26,32,32,0,38
1412092.0,26,32,32,4,34
1412099.0,26,32,32,6,32
1412190.0,26,32,32,38,0
1412235.0,26,32,32,38,0
1412235.0,0,58,32,38,0
1412381.0,0,58,32,38,0
1412547.0,28,58,4,38,0
1412547.0,0,86,4,38,0
1412756.0,0,86,4,38,0
1413120.0,0,86,4,38,0
1413175.0,3,86,1,38,0
1413175.0,0,89,1,38,0
1413210.0,1,89,0,38,0
1413210.0,0,90,0,38,0
1413761.0,0,58,0,70,0
1413761.0,0,58,0,38,32
1414035.0,0,32,0,64,32
1414035.0,0,32,0,0,96
1414089.0,0,32,0,0,96
1414347.0,0,4,0,28,96
1414447.0,0,4,0,28,96
1414809.0,0,4,0,28,96
1414975.0,0,1,0,31,96
1415010.0,0,0,0,32,96
1415010.0,0,0,0,0,128
1415119.0,0,0,0,32,96
1415119.0,0,0,0,0,128
1415192.0,0,0,0,32,96
1415192.0,0,0,0,0,128
1415256.0,0,0,0,32,96
1415256.0,0,0,0,0,128
1415317.0,0,0,0,32,96
1415317.0,0,0,0,0,128
1415373.0,0,0,0,32,96
1415373.0,0,0,0,0,128
1415433.0,0,0,0,32,96
1415433.0,0,0,0,0,128
1415480.0,0,0,0,0,128
1415498.0,0,0,0,0,128
1415502.0,0,0,0,32,96
1415502.0,0,0,0,0,128
1415514.0,0,0,0,32,96
1415514.0,0,0,0,0,128
1415692.0,0,0,0,0,128
1416099.0,0,0,0,0,128
1416120.0,0,0,0,0,128
1416544.0,0,0,0,0,128
1416572.0,0,0,0,0,128
1417292.0,0,0,0,32,96
1417292.0,0,0,0,20,108
1417369.0,0,0,0,22,106
1417371.0,0,0,0,24,104
1417389.0,0,0,0,28,100
1417398.0,0,0,0,32,96
1418999.0,0,0,0,32,96
1418999.0,0,0,0,0,128
1419005.0,0,0,0,32,96
1419128.0,0,0,0,64,64
1419419.0,0,0,0,64,64
1419419.0,0,0,0,32,96
1419478.0,0,0,0,32,96
1419478.0,0,0,0,28,100
1420892.0,0,0,0,28,100
1422605.0,0,0,0,28,100
1422728.0,0,0,0,28,100
1422728.0,0,0,28,0,100
1423166.0,0,0,28,32,68
1423170.0,0,0,28,36,64
1423184.0,0,0,28,36,64
1423355.0,0,0,28,36,64
1424959.0,0,0,28,100,0
1425428.0,28,0,0,100,0
1425428.0,0,28,0,100,0
1426766.0,0,28,0,100,0
1427228.0,0,0,0,128,0
1427228.0,0,0,0,0,128
1427395.0,0,0,0,128,0
1427395.0,0,0,0,0,128
1433101.0,0,0,0,0,128
1433135.0,0,0,0,0,128
1433226.0,0,0,0,0,128
1433548.0,0,0,0,0,128
1433614.0,0,0,0,0,128
1437136.0,0,0,0,128,0
1437136.0,0,0,0,28,100
1437182.0,0,0,0,32,96
1437182.0,0,0,0,0,128
1437256.0,0,0,0,32,96
1437256.0,0,0,0,28,100
1440736.0,0,0,0,28,100
1440856.0,0,0,0,28,100
1440856.0,0,0,28,0,100
1443556.0,28,0,0,0,100
1448059.0,28,0,0,64,36
1449251.0,28,0,0,64,36
1449251.0,28,0,0,32,68
1451659.0,28,0,0,32,68
1451659.0,28,0,32,0,68
1454359.0,60,0,0,0,68
1459153.0,60,0,0,0,68
1459153.0,59,1,0,0,68
1460953.0,59,0,0,1,68
1460953.0,59,0,0,0,69
1460965.0,59,0,0,1,68
1464565.0,59,0,0,1,68
1464565.0,59,0,1,0,68
1467265.0,60,0,0,0,68
1470419.0,60,0,0,0,68
1470748.0,60,0,0,0,68
1471158.0,60,0,0,0,68
1471388.0,60,0,0,0,68
1471959.0,60,0,0,0,68
1471975.0,60,0,0,0,68
1471984.0,60,0,0,0,68
1472162.0,60,0,0,0,68
1473011.0,60,0,0,32,36
1473011.0,0,60,0,32,36
1473018.0,0,60,0,36,32
1474811.0,0,0,0,96,32
1474811.0,0,0,0,32,96
1475117.0,0,0,0,96,32
1475117.0,0,0,0,32,96
1475491.0,0,0,0,96,32
1475491.0,0,0,0,26,102
1475495.0,0,0,0,27,101
1475503.0,0,0,0,28,100
1475511.0,0,0,0,32,96
1475744.0,0,0,0,96,32
1475744.0,0,0,0,32,96
1475821.0,0,0,0,96,32
1475821.0,0,0,0,32,96
1476611.0,0,0,0,32,96
1476611.0,0,0,26,6,96
1476614.0,0,0,26,70,32
1477185.0,0,0,26,70,32
1477185.0,0,0,26,68,34
1477218.0,0,0,26,70,32
1477370.0,0,0,26,70,32
1477370.0,0,0,26,68,34
1477440.0,0,0,26,70,32
1478023.0,0,0,26,70,32
1478023.0,0,0,26,68,34
1478105.0,0,0,26,70,32
1479095.0,0,0,26,70,32
1479095.0,0,0,27,69,32
1479103.0,0,0,27,69,32
1479103.0,0,0,28,68,32
1479111.0,0,0,28,68,32
1479111.0,0,0,32,64,32
1479311.0,26,0,6,64,32
1480214.0,26,0,6,64,32
1480214.0,26,0,68,2,32
1481601.0,26,0,68,2,32
1481601.0,26,0,68,0,34
1481691.0,26,0,68,2,32
1481705.0,26,0,68,2,32
1481795.0,27,0,67,2,32
1481803.0,28,0,66,2,32
1481811.0,32,0,62,2,32
1482914.0,94,0,0,2,32
1482920.0,94,0,0,2,32
1482920.0,94,0,0,0,34
1482958.0,94,0,0,2,32
1483201.0,94,0,0,2,32
1483201.0,94,0,0,1,33
1483234.0,94,0,0,2,32
1483405.0,94,0,0,2,32
1483405.0,94,0,0,1,33
1484008.0,94,0,0,2,32
1485291.0,94,0,0,2,32
1486558.0,94,0,0,2,32
1486558.0,94,0,1,1,32
1487608.0,94,0,1,1,32
1487608.0,94,0,2,0,32
1489258.0,95,0,1,0,32
1490308.0,96,0,0,0,32
1491553.0,96,0,0,0,32
1491553.0,95,1,0,0,32
1493353.0,95,0,0,1,32
1493353.0,95,0,0,0,33
1493369.0,95,0,0,1,32
1493764.0,95,0,0,33,0
1493767.0,95,0,0,33,0
1493767.0,95,0,0,32,1
1493786.0,95,0,0,33,0
1496969.0,95,0,0,33,0
1496969.0,95,0,1,32,0
1497364.0,95,0,1,32,0
1497364.0,95,0,32,1,0
1497386.0,95,0,32,1,0
1497386.0,95,0,33,0,0
1498459.0,95,0,33,0,0
1498459.0,64,31,33,0,0
1499669.0,65,31,32,0,0
1499669.0,64,32,32,0,0
1499705.0,64,32,32,0,0
1499705.0,63,33,32,0,0
1499750.0,63,33,32,0,0
1499750.0,62,34,32,0,0
1500064.0,93,34,1,0,0
1500064.0,62,65,1,0,0
1500086.0,63,65,0,0,0
1500086.0,62,66,0,0,0
1500259.0,62,35,0,31,0
1501316.0,62,35,0,31,0
1501469.0,62,34,0,32,0
1501505.0,62,33,0,33,0
1501505.0,62,33,0,32,1
1501550.0,62,32,0,33,1
1501550.0,62,32,0,32,2
1501570.0,62,32,0,33,1
1501864.0,62,1,0,64,1
1501886.0,62,0,0,65,1
1501886.0,62,0,0,1,65
1502157.0,62,0,0,2,64
1502157.0,0,62,0,2,64
1503147.0,0,62,0,2,64
1503228.0,0,62,0,2,64
1503249.0,0,62,0,2,64
1503784.0,0,62,0,66,0
1503784.0,0,62,0,59,7
1503804.0,0,62,0,60,6
1503957.0,0,0,0,122,6
1503957.0,0,0,0,58,70
1505170.0,0,0,0,58,70
1507384.0,0,0,0,58,70
1507384.0,0,0,57,1,70
1507404.0,0,0,57,1,70
1507404.0,0,0,58,0,70
1510084.0,57,0,1,0,70
1510104.0,58,0,0,0,70
1511852.0,58,0,0,0,70
1512383.0,58,0,0,2,68
1512401.0,58,0,0,6,64
1514481.0,58,0,0,70,0
1514481.0,0,58,0,70,0
1515983.0,0,58,0,70,0
1516281.0,0,0,0,128,0
1516281.0,0,0,0,0,128
1521651.0,0,0,0,0,128
1526076.0,0,0,0,128,0
1526076.0,0,0,0,64,64
1529676.0,0,0,0,64,64
1529676.0,0,0,64,0,64
1532376.0,64,0,0,0,64
1533050.0,64,0,0,0,64
1533050.0,0,64,0,0,64
1533913.0,0,64,0,0,64
1534850.0,0,0,0,64,64
1534850.0,0,0,0,0,128
1536561.0,0,0,0,64,64
1536561.0,0,0,0,0,128
1537886.0,0,0,0,64,64
1538574.0,0,0,0,128,0
1541486.0,0,0,0,128,0
1541486.0,0,0,64,64,0
1541792.0,0,0,64,64,0
1542036.0,0,0,64,64,0
1542174.0,0,0,64,64,0
1544186.0,64,0,0,64,0
1544186.0,0,64,0,64,0
1545553.0,0,64,0,64,0
1545986.0,0,0,0,128,0
1545986.0,0,0,0,0,128
1546082.0,0,0,0,128,0
1546082.0,0,0,0,126,2
1546092.0,0,0,0,127,1
1546103.0,0,0,0,128,0
1548953.0,0,0,0,128,0
1548953.0,0,0,0,124,4
1549002.0,0,0,0,128,0
1549225.0,0,0,0,128,0
1549225.0,0,0,0,96,32
1549300.0,0,0,0,96,32
1549300.0,0,0,0,92,36
1549386.0,0,0,0,96,32
1549399.0,0,0,0,128,0
1549407.0,0,0,0,128,0
1549407.0,0,0,0,124,4
1549456.0,0,0,0,128,0
1549682.0,0,0,0,128,0
1549682.0,0,0,92,36,0
1550586.0,0,0,92,36,0
1551059.0,0,0,92,36,0
1551066.0,0,0,92,36,0
1551076.0,0,0,92,36,0
1551083.0,0,0,92,36,0
1551094.0,0,0,92,36,0
1551101.0,0,0,92,36,0
1551108.0,0,0,92,36,0
1551115.0,0,0,92,36,0
1551123.0,0,0,92,36,0
1552382.0,92,0,0,36,0
1552382.0,46,46,0,36,0
1552986.0,46,46,0,36,0
1553966.0,46,46,0,36,0
1553966.0,42,50,0,36,0
1554182.0,42,4,0,82,0
1554182.0,42,4,0,0,82
1554200.0,42,4,0,2,80
1554205.0,42,4,0,4,78
1554214.0,42,4,0,6,76
1554220.0,42,4,0,8,74
1554227.0,42,4,0,10,72
1554236.0,42,4,0,12,70
1554242.0,42,4,0,12,70
1554242.0,42,4,0,11,71
1554247.0,42,4,0,12,70
1554248.0,42,4,0,14,68
1554258.0,42,4,0,16,66
1554264.0,42,4,0,18,64
1554319.0,42,4,0,18,64
1554319.0,42,4,0,14,68
1554363.0,42,4,0,14,68
1554363.0,42,4,0,12,70
1554380.0,42,4,0,14,68
1554395.0,42,4,0,14,68
1554395.0,42,4,0,12,70
1554411.0,42,4,0,14,68
1554424.0,42,4,0,78,4
1554425.0,42,4,0,82,0
1554555.0,42,4,0,82,0
1554555.0,42,4,0,78,4
1554629.0,42,4,0,82,0
1554849.0,42,4,0,82,0
1554849.0,42,4,0,74,8
1554942.0,42,4,0,82,0
1555171.0,42,4,0,82,0
1555171.0,42,4,0,80,2
1555179.0,42,4,0,80,2
1555179.0,42,4,0,78,4
1555186.0,42,4,0,80,2
1555194.0,42,4,0,82,0
1555235.0,42,4,0,82,0
1555235.0,42,4,0,81,1
1555253.0,42,4,0,82,0
1555766.0,42,0,0,86,0
1555766.0,42,0,0,82,4
1555837.0,42,0,0,86,0
1556118.0,42,0,0,86,0
1556118.0,42,0,0,84,2
1556125.0,42,0,0,84,2
1556125.0,42,0,0,82,4
1556138.0,42,0,0,82,4
1556138.0,42,0,0,80,6
1556145.0,42,0,0,80,6
1556145.0,42,0,0,78,8
1556181.0,42,0,0,78,8
1556181.0,42,0,0,74,12
1556196.0,42,0,0,74,12
1556196.0,42,0,0,10,76
1556207.0,42,0,0,14,72
1556217.0,42,0,0,16,70
1556220.0,42,0,0,18,68
1556221.0,42,0,0,20,66
1556223.0,42,0,0,22,64
1556234.0,42,0,0,22,64
1556234.0,42,0,0,20,66
1556241.0,42,0,0,20,66
1556241.0,42,0,0,18,68
1556251.0,42,0,0,18,68
1556251.0,42,0,0,16,70
1556258.0,42,0,0,16,70
1556258.0,42,0,0,14,72
1556265.0,42,0,0,14,72
1556265.0,42,0,0,12,74
1556274.0,42,0,0,12,74
1556274.0,42,0,0,10,76
1556281.0,42,0,0,10,76
1556281.0,42,0,0,8,78
1556288.0,42,0,0,12,74
1556289.0,42,0,0,18,68
1556290.0,42,0,0,20,66
1556291.0,42,0,0,22,64
1556302.0,42,0,0,22,64
1556302.0,42,0,0,20,66
1556309.0,42,0,0,20,66
1556309.0,42,0,0,18,68
1556316.0,42,0,0,18,68
1556316.0,42,0,0,16,70
1556324.0,42,0,0,16,70
1556324.0,42,0,0,14,72
1556330.0,42,0,0,14,72
1556330.0,42,0,0,12,74
1556337.0,42,0,0,12,74
1556337.0,42,0,0,10,76
1556377.0,42,0,0,10,76
1556377.0,42,0,0,6,80
1556422.0,42,0,0,8,78
1556425.0,42,0,0,10,76
1556427.0,42,0,0,12,74
1556429.0,42,0,0,14,72
1556430.0,42,0,0,16,70
1556432.0,42,0,0,18,68
1556496.0,42,0,0,22,64
1556555.0,42,0,0,22,64
1556555.0,42,0,0,18,68
1556602.0,42,0,0,22,64
1557765.0,42,0,0,22,64
1557765.0,42,0,0,18,68
1557800.0,42,0,0,18,68
1557800.0,42,0,2,16,68
1557803.0,42,0,2,20,64
1557958.0,42,0,2,20,64
1557958.0,42,0,2,4,80
1557993.0,42,0,2,20,64
1558000.0,42,0,2,20,64
1558000.0,42,0,2,16,68
1558033.0,42,0,2,20,64
1558038.0,42,0,2,20,64
1558038.0,42,0,2,16,68
1558070.0,42,0,2,20,64
1558349.0,42,0,2,20,64
1558349.0,42,0,2,16,68
1558372.0,42,0,2,20,64
1558400.0,42,0,2,20,64
1558400.0,42,0,2,16,68
1558411.0,42,0,2,20,64
1558577.0,42,0,2,20,64
1558577.0,42,0,2,16,68
1558592.0,42,0,2,20,64
1559437.0,42,0,2,20,64
1559437.0,42,0,6,16,64
1559916.0,42,0,6,16,64
1559916.0,32,10,6,16,64
1560241.0,32,10,6,16,64
1560241.0,16,26,6,16,64
1560392.0,16,26,6,16,64
1560392.0,12,30,6,16,64
1560449.0,12,30,6,16,64
1560449.0,8,34,6,16,64
1560492.0,8,34,6,16,64
1560492.0,4,38,6,16,64
1560500.0,6,38,4,16,64
1560500.0,4,40,4,16,64
1560655.0,4,40,4,16,64
1560655.0,0,44,4,16,64
1561593.0,0,44,4,16,64
1561716.0,0,34,4,26,64
1562041.0,0,18,4,42,64
1562041.0,0,18,4,26,80
1562137.0,4,18,0,26,80
1562137.0,0,22,0,26,80
1562192.0,0,18,0,30,80
1562192.0,0,18,0,26,84
1562212.0,0,18,0,30,80
1562220.0,0,18,0,46,64
1562249.0,0,14,0,50,64
1562249.0,0,14,0,46,68
1562270.0,0,14,0,50,64
1562292.0,0,10,0,54,64
1562292.0,0,10,0,50,68
1562300.0,0,8,0,52,68
1562313.0,0,8,0,56,64
1562455.0,0,4,0,60,64
1562455.0,0,4,0,56,68
1563937.0,0,0,0,60,68
1563937.0,0,0,0,28,100
1564156.0,0,0,0,60,68
1564393.0,0,0,0,60,68
1564393.0,0,0,0,44,84
1564418.0,0,0,0,60,68
1564426.0,0,0,0,60,68
1564426.0,0,0,0,59,69
1564449.0,0,0,0,60,68
1564518.0,0,0,0,60,68
1564518.0,0,0,0,59,69
1564539.0,0,0,0,60,68
1564575.0,0,0,0,60,68
1564575.0,0,0,0,56,72
1564597.0,0,0,0,60,68
1564627.0,0,0,0,64,64
1564664.0,0,0,0,64,64
1564664.0,0,0,0,48,80
1564685.0,0,0,0,64,64
1564776.0,0,0,0,64,64
1564776.0,0,0,0,48,80
1564797.0,0,0,0,64,64
1564866.0,0,0,0,64,64
1564866.0,0,0,0,48,80
1564912.0,0,0,0,48,80
1564912.0,0,0,0,32,96
1565129.0,0,0,0,96,32
1565550.0,0,0,0,96,32
1565550.0,0,0,0,32,96
1565713.0,0,0,0,96,32
1565794.0,0,0,0,96,32
1565794.0,0,0,0,92,36
1565811.0,0,0,0,96,32
1565812.0,0,0,0,96,32
1565812.0,0,0,4,92,32
1565820.0,0,0,4,92,32
1565820.0,0,0,20,76,32
1565870.0,0,0,20,76,32
1565870.0,0,0,24,72,32
1565913.0,0,0,24,72,32
1565913.0,0,0,28,68,32
1565968.0,0,0,28,68,32
1565968.0,0,0,28,64,36
1565983.0,0,0,28,68,32
1566078.0,0,0,28,68,32
1566078.0,0,0,28,4,96
1566092.0,0,0,28,4,96
1566303.0,0,0,28,4,96
1567532.0,0,0,28,4,96
1567557.0,0,0,28,4,96
1567579.0,0,0,28,4,96
1567821.0,0,0,28,4,96
1567920.0,0,0,28,4,96
1568089.0,0,0,28,4,96
1568227.0,0,0,28,4,96
1568227.0,0,0,32,0,96
1568313.0,0,0,32,0,96
1568508.0,0,0,32,0,96
1568512.0,4,0,28,0,96
1568512.0,0,4,28,0,96
1568514.0,0,4,28,0,96
1568520.0,16,4,12,0,96
1568520.0,0,20,12,0,96
1568567.0,0,20,12,0,96
1568570.0,4,20,8,0,96
1568570.0,0,24,8,0,96
1568589.0,0,24,8,0,96
1568613.0,4,24,4,0,96
1568613.0,1,27,4,0,96
1568627.0,1,27,4,0,96
1568627.0,0,28,4,0,96
1568700.0,0,28,4,0,96
1568836.0,0,28,4,0,96
1568843.0,0,28,4,0,96
1568849.0,0,28,4,0,96
1568856.0,0,28,4,0,96
1570300.0,0,28,4,16,80
1570300.0,0,28,4,10,86
1570312.0,0,24,4,14,86
1570312.0,0,24,4,10,90
1570320.0,0,8,4,26,90
1570320.0,0,8,4,10,106
1570328.0,0,8,4,11,105
1570332.0,0,8,4,12,104
1570335.0,0,8,4,14,102
1570336.0,0,8,4,18,98
1570341.0,0,8,4,19,97
1570344.0,0,8,4,23,93
1570351.0,0,8,4,24,92
1570359.0,0,8,4,26,90
1570365.0,0,8,4,28,88
1570369.0,0,8,4,30,86
1570370.0,0,4,4,34,86
1570370.0,0,4,4,33,87
1570403.0,0,4,4,34,86
1570413.0,0,1,4,37,86
1570413.0,0,1,4,31,92
1570427.0,0,0,4,32,92
1570427.0,0,0,4,31,93
1570457.0,0,0,4,32,92
1570625.0,0,0,4,32,92
1570625.0,0,0,4,28,96
1570647.0,0,0,4,28,96
1570647.0,0,0,4,26,98
1570911.0,0,0,4,26,98
1570911.0,0,0,4,25,99
1570926.0,0,0,4,26,98
1570927.0,4,0,0,26,98
1570927.0,1,3,0,26,98
1571043.0,1,3,0,26,98
1571043.0,1,3,0,25,99
1571064.0,1,3,0,26,98
1571085.0,1,3,0,28,96
1571086.0,1,3,0,32,92
1571088.0,1,3,0,32,92
1571088.0,1,3,0,28,96
1571100.0,1,3,0,28,96
1571100.0,1,3,0,24,100
1571122.0,1,3,0,24,100
1571122.0,1,3,0,22,102
1571219.0,1,3,0,24,100
1571238.0,1,3,0,24,100
1571238.0,1,3,0,23,101
1571241.0,1,3,0,27,97
1571256.0,1,3,0,28,96
1571419.0,1,3,0,28,96
1571419.0,1,3,0,27,97
1571440.0,1,3,0,28,96
1571448.0,1,3,0,28,96
1571448.0,1,3,0,24,100
1571463.0,1,3,0,24,100
1571463.0,1,3,0,23,101
1571478.0,1,3,0,27,97
1571491.0,1,3,0,28,96
1571515.0,1,3,0,32,92
1571554.0,1,3,0,32,92
1571554.0,1,3,0,31,93
1571712.0,1,3,0,32,92
1571753.0,1,3,0,32,92
1571753.0,1,3,0,28,96
1571775.0,1,3,0,32,92
1571786.0,1,3,0,32,92
1571786.0,1,3,0,31,93
1571789.0,1,3,0,31,93
1571789.0,1,3,0,15,109
1571813.0,1,3,0,16,108
1571853.0,1,3,0,16,108
1571853.0,1,3,0,15,109
1571868.0,1,3,0,16,108
1571884.0,1,3,0,32,92
1571993.0,1,3,0,32,92
1571993.0,1,3,0,31,93
1572008.0,1,3,0,32,92
1572091.0,1,3,0,32,92
1572091.0,1,3,0,31,93
1572110.0,1,3,0,32,92
1572139.0,1,3,0,32,92
1572139.0,1,3,0,31,93
1572157.0,1,3,0,32,92
1572180.0,1,3,0,32,92
1572180.0,1,3,0,31,93
1572205.0,1,3,0,32,92
1572227.0,1,3,0,32,92
1572227.0,1,3,0,31,93
1572244.0,1,3,0,32,92
1572341.0,1,3,0,32,92
1572341.0,1,3,0,28,96
1572371.0,1,3,0,30,94
1572392.0,1,3,0,34,90
1572396.0,1,3,0,34,90
1572396.0,1,3,0,33,91
1572414.0,1,3,0,34,90
1572445.0,1,3,0,38,86
1572727.0,1,0,0,41,86
1572727.0,1,0,0,38,89
1572760.0,1,0,0,39,88
1572801.0,1,0,0,41,86
1573900.0,1,0,0,41,86
1573928.0,1,0,0,41,86
1573928.0,1,0,1,40,86
1573932.0,1,0,1,40,86
1573932.0,1,0,2,39,86
1573935.0,1,0,2,39,86
1573935.0,1,0,4,37,86
1573936.0,1,0,4,37,86
1573936.0,1,0,5,36,86
1573941.0,1,0,5,36,86
1573941.0,1,0,6,35,86
1573951.0,1,0,6,35,86
1573951.0,1,0,7,34,86
1574003.0,1,0,7,34,86
1574003.0,1,0,8,33,86
1574057.0,1,0,8,33,86
1574057.0,1,0,9,32,86
1574247.0,1,0,9,34,84
1574248.0,1,0,9,38,80
1574254.0,1,0,9,38,80
1574254.0,1,0,9,34,84
1574279.0,1,0,9,34,84
1574279.0,1,0,9,32,86
1574465.0,1,0,9,38,80
1574477.0,1,0,9,38,80
1574477.0,1,0,9,34,84
1574499.0,1,0,9,34,84
1574499.0,1,0,9,32,86
1574642.0,1,0,9,32,86
1574642.0,1,0,9,28,90
1574668.0,1,0,9,32,86
1574819.0,1,0,9,32,86
1574819.0,1,0,11,30,86
1574841.0,1,0,11,30,86
1574841.0,1,0,15,26,86
1574988.0,1,0,15,90,22
1575063.0,1,0,15,90,22
1575063.0,1,0,15,89,23
1575089.0,1,0,15,90,22
1575094.0,1,0,15,96,16
1575103.0,1,0,15,96,16
1575103.0,1,0,15,92,20
1575124.0,1,0,15,92,20
1575124.0,1,0,15,90,22
1575482.0,1,0,15,96,16
1575484.0,1,0,15,96,16
1575484.0,1,0,27,84,16
1575492.0,1,0,27,84,16
1575492.0,1,0,27,80,20
1575523.0,1,0,27,80,20
1575523.0,1,0,27,78,22
1575735.0,1,0,27,80,20
1575736.0,1,0,27,84,16
1575904.0,1,0,27,84,16
1575943.0,1,0,27,84,16
1575943.0,1,0,27,80,20
1575970.0,1,0,27,84,16
1575971.0,1,0,27,84,16
1575971.0,1,0,29,82,16
1575976.0,1,0,29,82,16
1575976.0,1,0,29,78,20
1575992.0,1,0,29,78,20
1575992.0,1,0,33,74,20
1575999.0,1,0,33,78,16
1576107.0,1,0,33,78,16
1576107.0,1,0,33,46,48
1576171.0,1,0,33,46,48
1576171.0,1,0,33,42,52
1576360.0,1,0,33,42,52
1576360.0,1,0,34,41,52
1576401.0,1,0,34,41,52
1576401.0,1,0,36,39,52
1576628.0,2,0,35,39,52
1576632.0,3,0,34,39,52
1576635.0,5,0,32,39,52
1576636.0,6,0,31,39,52
1576641.0,7,0,30,39,52
1576651.0,8,0,29,39,52
1576703.0,9,0,28,39,52
1576757.0,10,0,27,39,52
1577519.0,12,0,25,39,52
1577541.0,16,0,21,39,52
1577955.0,16,0,21,39,52
1577955.0,16,0,21,38,53
1577968.0,16,0,21,39,52
1578184.0,28,0,9,39,52
1578184.0,27,1,9,39,52
1578588.0,27,1,9,39,52
1578588.0,27,1,16,32,52
1578671.0,29,1,14,32,52
1578692.0,33,1,10,32,52
1579060.0,34,1,9,32,52
1579101.0,36,1,7,32,52
1579122.0,36,1,7,32,52
1579169.0,36,1,7,32,52
1579201.0,36,1,7,32,52
1579222.0,36,1,7,32,52
1579222.0,34,3,7,32,52
1579254.0,34,3,7,32,52
1579254.0,33,4,7,32,52
1579984.0,33,3,7,33,52
1579984.0,33,3,7,1,84
1580079.0,33,3,7,33,52
1580483.0,33,3,7,33,52
1580483.0,33,3,7,32,53
1580488.0,33,3,7,33,52
1580504.0,33,3,7,33,52
1580504.0,33,3,7,29,56
1580518.0,33,3,7,33,52
1580531.0,33,3,7,33,52
1580531.0,33,3,7,32,53
1580538.0,33,3,7,33,52
1581022.0,33,1,7,35,52
1581054.0,33,0,7,36,52
1581054.0,33,0,7,35,53
1581058.0,33,0,7,36,52
1581074.0,33,0,7,36,52
1581074.0,33,0,7,32,56
1581096.0,33,0,7,36,52
1581288.0,40,0,0,36,52
1581288.0,33,7,0,36,52
1581440.0,33,7,0,36,52
1581440.0,33,7,0,35,53
1581457.0,33,7,0,36,52
1581485.0,33,7,0,36,52
1581485.0,33,7,0,32,56
1581525.0,33,7,0,36,52
1581568.0,33,7,0,36,52
1581597.0,33,7,0,36,52
1581597.0,33,7,0,32,56
1581629.0,33,7,0,36,52
1583088.0,33,0,0,43,52
1583088.0,33,0,0,33,62
1583092.0,33,0,0,34,61
1583100.0,33,0,0,35,60
1583106.0,33,0,0,43,52
1583679.0,33,0,0,43,52
1583679.0,33,0,28,15,52
1584658.0,33,0,28,15,52
1584658.0,33,0,29,14,52
1584858.0,33,0,29,14,52
1584858.0,12,21,29,14,52
1584859.0,12,21,29,30,36
1584864.0,12,21,29,62,4
1584867.0,12,21,29,66,0
1584874.0,12,21,29,66,0
1584874.0,0,33,29,66,0
1585076.0,0,33,29,66,0
1585112.0,0,33,29,66,0
1585229.0,0,33,29,66,0
1586379.0,28,33,1,66,0
1586379.0,0,61,1,66,0
1586658.0,0,40,1,87,0
1586674.0,0,28,1,99,0
1586674.0,0,28,1,35,64
1586871.0,0,28,1,99,0
1586871.0,0,28,1,35,64
1587358.0,1,28,0,35,64
1587358.0,0,29,0,35,64
1588179.0,0,1,0,63,64
1588459.0,0,1,0,63,64
1589158.0,0,0,0,64,64
1589158.0,0,0,0,0,128
1589408.0,0,0,0,64,64
1589408.0,0,0,0,0,128
1595713.0,0,0,0,0,128
1595775.0,0,0,0,0,128
1596047.0,0,0,0,0,128
1596155.0,0,0,0,0,128
1597366.0,0,0,0,64,64
1597366.0,0,0,0,28,100
1597632.0,0,0,0,32,96
1597697.0,0,0,0,64,64
1600332.0,0,0,0,128,0
1600332.0,0,0,0,0,128
1600437.0,0,0,0,128,0
1600437.0,0,0,0,0,128
1600966.0,0,0,0,0,128
1605876.0,0,0,0,0,128
1605995.0,0,0,0,0,128
1606064.0,0,0,0,0,128
1610156.0,0,0,0,128,0
1610156.0,0,0,0,28,100
1613756.0,0,0,0,28,100
1613756.0,0,0,28,0,100
1616456.0,28,0,0,0,100
1620617.0,28,0,0,64,36
1624217.0,28,0,0,64,36
1624217.0,28,0,64,0,36
1626917.0,92,0,0,0,36
1630152.0,92,0,0,0,36
1630152.0,28,64,0,0,36
1631952.0,28,0,0,64,36
1631952.0,28,0,0,0,100
1631954.0,28,0,0,0,100
1631954.0,27,1,0,0,100
1633754.0,27,0,0,1,100
1633754.0,27,0,0,0,101
1633768.0,27,0,0,1,100
1637368.0,27,0,0,1,100
1637368.0,27,0,1,0,100
1638389.0,27,0,1,0,100
1638497.0,27,0,1,64,36
1638497.0,27,0,1,0,100
1640068.0,28,0,0,0,100
1640135.0,28,0,0,4,96
1640204.0,28,0,0,36,64
1643735.0,28,0,0,36,64
1643735.0,28,0,4,32,64
1643804.0,28,0,4,32,64
1643804.0,28,0,36,0,64
1644145.0,28,0,36,0,64
1644145.0,0,28,36,0,64
1645945.0,0,0,36,28,64
1646435.0,4,0,32,28,64
1646435.0,0,4,32,28,64
1646504.0,32,4,0,28,64
1646504.0,0,36,0,28,64
1646763.0,0,36,0,28,64
1646831.0,0,36,0,28,64
1648235.0,0,32,0,32,64
1648304.0,0,0,0,64,64
1648304.0,0,0,0,0,128
1648484.0,0,0,0,64,64
1648484.0,0,0,0,28,100
1648509.0,0,0,0,28,100
1648509.0,0,0,0,24,104
1648538.0,0,0,0,28,100
1648579.0,0,0,0,28,100
1648579.0,0,0,0,24,104
1648607.0,0,0,0,28,100
1648648.0,0,0,0,28,100
1648648.0,0,0,0,24,104
1648669.0,0,0,0,28,100
1648690.0,0,0,0,28,100
1648690.0,0,0,0,24,104
1648717.0,0,0,0,28,100
1648756.0,0,0,0,28,100
1648756.0,0,0,0,24,104
1648778.0,0,0,0,28,100
1648815.0,0,0,0,28,100
1648815.0,0,0,0,24,104
1648843.0,0,0,0,28,100
1648874.0,0,0,0,28,100
1648874.0,0,0,0,24,104
1648895.0,0,0,0,28,100
1648928.0,0,0,0,28,100
1648928.0,0,0,0,24,104
1648949.0,0,0,0,28,100
1649132.0,0,0,0,28,100
1649132.0,0,0,0,24,104
1649160.0,0,0,0,28,100
1649276.0,0,0,0,28,100
1649276.0,0,0,0,24,104
1649289.0,0,0,0,24,104
1649289.0,0,0,0,20,108
1649304.0,0,0,0,24,104
1649311.0,0,0,0,28,100
1649513.0,0,0,0,28,100
1649513.0,0,0,0,24,104
1649545.0,0,0,0,28,100
1649646.0,0,0,0,28,100
1649646.0,0,0,0,27,101
1649674.0,0,0,0,28,100
1649720.0,0,0,0,28,100
1649720.0,0,0,0,27,101
1649748.0,0,0,0,28,100
1649769.0,0,0,0,28,100
1649769.0,0,0,0,24,104
1649787.0,0,0,0,24,104
1649787.0,0,0,0,20,108
1649798.0,0,0,0,24,104
1649804.0,0,0,0,28,100
1649820.0,0,0,0,28,100
1649820.0,0,0,0,24,104
1649835.0,0,0,0,28,100
1649850.0,0,0,0,28,100
1649850.0,0,0,0,27,101
1649855.0,0,0,0,28,100
1650221.0,0,0,0,28,100
1650221.0,0,0,0,24,104
1650250.0,0,0,0,28,100
1650399.0,0,0,0,28,100
1650399.0,0,0,0,24,104
1650420.0,0,0,0,28,100
1650460.0,0,0,0,28,100
1650460.0,0,0,0,24,104
1650481.0,0,0,0,28,100
1650514.0,0,0,0,28,100
1650514.0,0,0,0,24,104
1650536.0,0,0,0,24,104
1650536.0,0,0,0,22,106
1651151.0,0,0,0,22,106
1651151.0,0,0,0,21,107
1651162.0,0,0,0,22,106
1651163.0,0,0,0,22,106
1651163.0,0,0,0,18,110
1651182.0,0,0,0,22,106
1651791.0,0,0,0,28,100
1651798.0,0,0,0,28,100
1651798.0,0,0,0,24,104
1651820.0,0,0,0,24,104
1651820.0,0,0,0,22,106
1652084.0,0,0,0,22,106
1652084.0,0,0,18,4,106
1652454.0,0,0,18,10,100
1652704.0,0,0,18,10,100
1652704.0,0,0,18,6,104
1652726.0,0,0,18,6,104
1652726.0,0,0,18,4,106
1654477.0,0,0,18,6,104
1654478.0,0,0,18,10,100
1654745.0,0,0,18,10,100
1654782.0,0,0,18,10,100
1654782.0,0,0,22,6,100
1654784.0,18,0,4,6,100
1654794.0,18,0,4,6,100
1654804.0,18,0,4,6,100
1655067.0,18,0,4,6,100
1655088.0,18,0,4,6,100
1655150.0,18,0,4,6,100
1655219.0,18,0,4,6,100
1655396.0,18,0,4,6,100
1655446.0,18,0,4,6,100
1655467.0,18,0,4,6,100
1656365.0,18,0,4,6,100
1656386.0,18,0,4,6,100
1656394.0,18,0,4,10,96
1656394.0,0,18,4,10,96
1656463.0,0,18,4,42,64
1656463.0,0,18,4,28,78
1656487.0,0,18,4,32,74
1656747.0,0,18,4,32,74
1656768.0,0,18,4,32,74
1656804.0,0,18,4,36,70
1656819.0,0,18,4,38,68
1656839.0,0,18,4,42,64
1656839.0,0,18,4,10,96
1657345.0,0,18,4,10,96
1657366.0,0,18,4,10,96
1657482.0,4,18,0,10,96
1657482.0,0,22,0,10,96
1657642.0,0,22,0,10,96
1657669.0,0,22,0,10,96
1657974.0,0,22,0,10,96
1657995.0,0,22,0,10,96
1658077.0,0,22,0,10,96
1658194.0,0,4,0,28,96
1659282.0,0,0,0,32,96
1659282.0,0,0,0,0,128
1659675.0,0,0,0,32,96
1659675.0,0,0,0,3,125
1659714.0,0,0,0,4,124
1659714.0,0,0,0,0,128
1659772.0,0,0,0,4,124
1659772.0,0,0,0,2,126
1659950.0,0,0,0,4,124
1659950.0,0,0,0,0,128
1659970.0,0,0,0,4,124
1659970.0,0,0,0,2,126
1660035.0,0,0,0,4,124
1660044.0,0,0,0,8,120
1660055.0,0,0,0,12,116
1660063.0,0,0,0,12,116
1660076.0,0,0,0,14,114
1660244.0,0,0,0,16,112
1660500.0,0,0,0,18,110
1660521.0,0,0,0,22,106
1660852.0,0,0,0,28,100
1663275.0,0,0,0,28,100
1663372.0,0,0,0,28,100
1663570.0,0,0,0,28,100
1663570.0,0,0,2,26,100
1663635.0,0,0,2,26,100
1663635.0,0,0,4,24,100
1663644.0,0,0,4,24,100
1663644.0,0,0,8,20,100
1663655.0,0,0,8,20,100
1663655.0,0,0,12,16,100
1663676.0,0,0,12,16,100
1663676.0,0,0,14,14,100
1663844.0,0,0,14,14,100
1663844.0,0,0,16,12,100
1664100.0,0,0,16,12,100
1664100.0,0,0,18,10,100
1664121.0,0,0,18,10,100
1664121.0,0,0,22,6,100
1664354.0,0,0,22,6,100
1664452.0,0,0,22,6,100
1664452.0,0,0,28,0,100
1665483.0,0,0,28,0,100
1665836.0,0,0,28,0,100
1665900.0,0,0,28,0,100
1666270.0,2,0,26,0,100
1666335.0,4,0,24,0,100
1666335.0,2,2,24,0,100
1666344.0,6,2,20,0,100
1666344.0,5,3,20,0,100
1666355.0,9,3,16,0,100
1666355.0,5,7,16,0,100
1666376.0,7,7,14,0,100
1666376.0,5,9,14,0,100
1666544.0,7,9,12,0,100
1666544.0,6,10,12,0,100
1666800.0,8,10,10,0,100
1666800.0,6,12,10,0,100
1666821.0,10,12,6,0,100
1666821.0,6,16,6,0,100
1667152.0,12,16,0,0,100
1667152.0,10,18,0,0,100
1667166.0,10,18,0,0,100
1668135.0,10,16,0,2,100
1668144.0,10,15,0,3,100
1668144.0,10,15,0,2,101
1668155.0,10,11,0,6,101
1668159.0,10,11,0,7,100
1668176.0,10,9,0,9,100
1668344.0,10,8,0,10,100
1668463.0,10,8,0,10,100
1668600.0,10,6,0,12,100
1668621.0,10,2,0,16,100
1668621.0,10,2,0,15,101
1668637.0,10,2,0,16,100
1668952.0,10,0,0,18,100
1668952.0,10,0,0,2,116
1668967.0,10,0,0,2,116
1668981.0,10,0,0,18,100
1668981.0,10,0,0,2,116
1669038.0,10,0,0,66,52
1669038.0,10,0,0,34,84
1669215.0,10,0,0,34,84
1669305.0,10,0,0,50,68
1669394.0,10,0,0,66,52
1669394.0,10,0,0,2,116
1669469.0,10,0,0,66,52
1669469.0,10,0,0,34,84
1669826.0,10,0,0,34,84
1669826.0,10,0,0,2,116
1669959.0,10,0,0,34,84
1670027.0,10,0,0,50,68
1670276.0,10,0,0,82,36
1670545.0,10,0,0,82,36
1670545.0,10,0,0,50,68
1670566.0,10,0,0,50,68
1670846.0,10,0,0,50,68
1670905.0,10,0,0,50,68
1671144.0,10,0,0,82,36
1671144.0,10,0,0,18,100
1671161.0,10,0,0,18,100
1671211.0,10,0,0,18,100
1671278.0,10,0,0,18,100
1671346.0,10,0,0,82,36
1671346.0,10,0,0,14,104
1671375.0,10,0,0,46,72
1671375.0,10,0,0,14,104
1671391.0,10,0,0,14,104
1671418.0,10,0,0,46,72
1671565.0,10,0,0,46,72
1671701.0,10,0,0,50,68
1671705.0,10,0,0,50,68
1671759.0,10,0,0,50,68
1671763.0,10,0,0,82,36
1671776.0,10,0,0,82,36
1671827.0,10,0,0,82,36
1671875.0,10,0,0,82,36
1672232.0,10,0,0,114,4
1672249.0,10,0,0,114,4
1672535.0,10,0,0,114,4
1672581.0,10,0,0,114,4
1672581.0,10,0,2,112,4
1672616.0,10,0,2,112,4
1672975.0,10,0,2,112,4
1673297.0,10,0,2,112,4
1673334.0,10,0,2,112,4
1673397.0,10,0,2,112,4
1673876.0,10,0,2,112,4
1673876.0,10,0,14,100,4
1675004.0,10,0,14,104,0
1675004.0,0,10,14,104,0
1675018.0,0,10,14,104,0
1675281.0,2,10,12,104,0
1675281.0,0,12,12,104,0
1676576.0,12,12,0,104,0
1676576.0,0,24,0,104,0
1676804.0,0,14,0,114,0
1677081.0,0,12,0,116,0
1678376.0,0,0,0,128,0
1678376.0,0,0,0,0,128
1678485.0,0,0,0,128,0
1678485.0,0,0,0,32,96
1678494.0,0,0,0,64,64
1678494.0,0,0,0,0,128
1678510.0,0,0,0,64,64
1678510.0,0,0,0,0,128
1678526.0,0,0,0,64,64
1678526.0,0,0,0,0,128
1678599.0,0,0,0,32,96
1678599.0,0,0,0,0,128
1678665.0,0,0,0,32,96
1678665.0,0,0,0,0,128
1679085.0,0,0,0,32,96
1679085.0,0,0,0,0,128
1679143.0,0,0,0,32,96
1679143.0,0,0,0,0,128
1679201.0,0,0,0,32,96
1679201.0,0,0,0,0,128
1679242.0,0,0,0,32,96
1679242.0,0,0,0,0,128
1679398.0,0,0,0,32,96
1679398.0,0,0,0,28,100
1681900.0,0,0,0,28,100
1682085.0,0,0,0,28,100
1682998.0,0,0,0,28,100
1682998.0,0,0,28,0,100
1685698.0,28,0,0,0,100
1687799.0,28,0,0,32,68
1687896.0,28,0,0,36,64
1688978.0,28,0,0,100,0
1688978.0,0,28,0,100,0
1690778.0,0,0,0,128,0
1690778.0,0,0,0,0,128
1691399.0,0,0,0,0,128
1700415.0,0,0,0,128,0
1704015.0,0,0,0,128,0
1704015.0,0,0,128,0,0
1706715.0,128,0,0,0,0
1718098.0,128,0,0,0,0
1718098.0,64,64,0,0,0
1718354.0,64,64,0,0,0
1718354.0,63,65,0,0,0
1719898.0,63,1,0,64,0
1719898.0,63,1,0,0,64
1720154.0,63,0,0,1,64
1720154.0,63,0,0,0,65
1720170.0,63,0,0,1,64
1721150.0,63,0,0,1,64
1721150.0,63,0,0,0,65
1721163.0,63,0,0,1,64
1721284.0,63,0,0,1,64
1721284.0,63,0,0,0,65
1721307.0,63,0,0,1,64
1721373.0,63,0,0,1,64
1721373.0,63,0,0,0,65
1721402.0,63,0,0,1,64
1721935.0,63,0,0,1,64
1721935.0,60,3,0,1,64
1721956.0,60,3,0,1,64
1721956.0,58,5,0,1,64
1723380.0,58,5,0,65,0
1723467.0,58,5,0,65,0
1723467.0,58,5,0,1,64
1723735.0,58,2,0,4,64
1723735.0,58,2,0,0,68
1723756.0,58,0,0,2,68
1723756.0,58,0,0,0,70
1723770.0,58,0,0,0,70
1724138.0,58,0,0,6,64
1724763.0,58,0,0,6,64
1724907.0,58,0,0,6,64
1725002.0,58,0,0,6,64
1726916.0,58,0,0,70,0
1726980.0,58,0,0,70,0
1727227.0,58,0,0,70,0
1727227.0,58,0,0,6,64
1727738.0,58,0,0,6,64
1727738.0,58,0,6,0,64
1728383.0,58,0,6,0,64
1728383.0,32,26,6,0,64
1728442.0,32,26,6,0,64
1728442.0,28,30,6,0,64
1730183.0,28,4,6,26,64
1730242.0,28,0,6,30,64
1730242.0,28,0,6,26,68
1730438.0,34,0,0,26,68
1730438.0,28,6,0,26,68
1731072.0,28,6,0,26,68
1731072.0,24,10,0,26,68
1731155.0,24,10,0,26,68
1731155.0,23,11,0,26,68
1731207.0,23,11,0,26,68
1731207.0,19,15,0,26,68
1732238.0,19,9,0,32,68
1732238.0,19,9,0,0,100
1732460.0,19,9,0,64,36
1732872.0,19,5,0,68,36
1732872.0,19,5,0,64,40
1732898.0,19,5,0,68,36
1732955.0,19,4,0,69,36
1732955.0,19,4,0,68,37
1732959.0,19,4,0,69,36
1733007.0,19,0,0,73,36
1733007.0,19,0,0,69,40
1733028.0,19,0,0,73,36
1733688.0,19,0,0,77,32
1735744.0,19,0,0,109,0
1736060.0,19,0,0,109,0
1736060.0,19,0,64,45,0
1736498.0,19,0,64,45,0
1736498.0,19,0,68,41,0
1736559.0,19,0,68,41,0
1736559.0,19,0,69,40,0
1736628.0,19,0,69,40,0
1736628.0,19,0,73,36,0
1737288.0,19,0,73,36,0
1737288.0,19,0,77,32,0
1738760.0,83,0,13,32,0
1739198.0,87,0,9,32,0
1739259.0,88,0,8,32,0
1739328.0,92,0,4,32,0
1739344.0,92,0,4,32,0
1739344.0,92,0,36,0,0
1739738.0,92,0,36,0,0
1739738.0,0,92,36,0,0
1739988.0,4,92,32,0,0
1739988.0,0,96,32,0,0
1740026.0,0,96,32,0,0
1740085.0,0,96,32,0,0
1741538.0,0,4,32,92,0
1741788.0,0,0,32,96,0
1742044.0,32,0,0,96,0
1742044.0,0,32,0,96,0
1742408.0,0,32,0,96,0
1743844.0,0,0,0,128,0
1743844.0,0,0,0,0,128
1743940.0,0,0,0,128,0
1743940.0,0,0,0,28,100
1746280.0,0,0,0,28,100
1747390.0,0,0,0,92,36
1747390.0,0,0,0,28,100
1747540.0,0,0,0,28,100
1747540.0,0,0,28,0,100
1750050.0,0,0,28,0,100
1750240.0,28,0,0,0,100
1750754.0,28,0,0,0,100
1750837.0,28,0,0,64,36
1750837.0,27,1,0,0,100
1752637.0,27,0,0,1,100
1752637.0,27,0,0,0,101
1752649.0,27,0,0,1,100
1753856.0,27,0,0,1,100
1754290.0,27,0,0,65,36
1754290.0,27,0,0,1,100
1755172.0,27,0,0,1,100
1755172.0,27,0,0,0,101
1755187.0,27,0,0,1,100
1755395.0,27,0,0,1,100
1755604.0,27,0,0,65,36
1755604.0,27,0,0,1,100
1755890.0,27,0,0,1,100
1755994.0,27,0,0,65,36
1755994.0,27,0,0,1,100
1756249.0,27,0,0,1,100
1757212.0,27,0,0,1,100
1757212.0,27,0,0,0,101
1757226.0,27,0,0,1,100
1757314.0,27,0,0,65,36
1757658.0,27,0,0,65,36
1757658.0,27,0,0,1,100
1757668.0,27,0,0,1,100
1757960.0,27,0,0,1,100
1758026.0,27,0,0,1,100
1758787.0,27,0,0,1,100
1760826.0,27,0,0,1,100
1760826.0,27,0,1,0,100
1761518.0,27,0,1,4,96
1761573.0,27,0,1,36,64
1761573.0,0,27,1,36,64
1763373.0,0,0,1,63,64
1763526.0,1,0,0,63,64
1763526.0,0,1,0,63,64
1765118.0,0,1,0,63,64
1765326.0,0,0,0,64,64
1765326.0,0,0,0,0,128
1765376.0,0,0,0,64,64
1765376.0,0,0,0,28,100
1766751.0,0,0,0,28,100
1766751.0,0,0,0,27,101
1766772.0,0,0,0,28,100
1766821.0,0,0,0,28,100
1766821.0,0,0,0,12,116
1766842.0,0,0,0,28,100
1766876.0,0,0,0,28,100
1766876.0,0,0,0,12,116
1766902.0,0,0,0,28,100
1766910.0,0,0,0,28,100
1766910.0,0,0,0,24,104
1767466.0,0,0,0,28,100
1767513.0,0,0,0,28,100
1767513.0,0,0,0,24,104
1767537.0,0,0,0,28,100
1767703.0,0,0,0,28,100
1767703.0,0,0,0,27,101
1767724.0,0,0,0,28,100
1767740.0,0,0,0,28,100
1767740.0,0,0,0,24,104
1767761.0,0,0,0,28,100
1767831.0,0,0,0,28,100
1767831.0,0,0,0,27,101
1767853.0,0,0,0,28,100
1768320.0,0,0,0,92,36
1768334.0,0,0,0,92,36
1768976.0,0,0,0,92,36
1768976.0,0,0,12,80,36
1770502.0,0,0,12,80,36
1770502.0,0,0,24,68,36
1771361.0,0,0,24,68,36
1771361.0,0,0,27,65,36
1771453.0,0,0,27,65,36
1771453.0,0,0,28,64,36
1771676.0,12,0,16,64,36
1771920.0,12,0,16,64,36
1771920.0,12,0,80,0,36
1773202.0,24,0,68,0,36
1774061.0,27,0,65,0,36
1774153.0,28,0,64,0,36
1774620.0,92,0,0,0,36
1775679.0,92,0,0,4,32
1775741.0,92,0,0,36,0
1775741.0,0,92,0,36,0
1777541.0,0,0,0,128,0
1777541.0,0,0,0,0,128
1777949.0,0,0,0,0,128
1777951.0,0,0,0,0,128
1779279.0,0,0,0,0,128
1783394.0,0,0,0,0,128
1783463.0,0,0,0,0,128
1787153.0,0,0,0,128,0
1787153.0,0,0,0,0,128
1789653.0,0,0,0,0,128
1791729.0,0,0,0,0,128
1791818.0,0,0,0,0,128
1792508.0,0,0,0,0,128
1792523.0,0,0,0,64,64
1792523.0,0,0,0,28,100
1794052.0,0,0,0,28,100
1794100.0,0,0,0,28,100
1795737.0,0,0,0,28,100
1796123.0,0,0,0,28,100
1796123.0,0,0,28,0,100
1797684.0,0,0,28,0,100
1797752.0,0,0,28,0,100
1797924.0,0,0,28,0,100
1798077.0,0,0,28,64,36
1798077.0,0,0,28,63,37
1798094.0,0,0,28,64,36
1798185.0,0,0,28,64,36
1798758.0,0,0,28,64,36
1798810.0,0,0,28,64,36
1798823.0,28,0,0,64,36
1798823.0,0,28,0,64,36
1799646.0,0,28,0,64,36
1799725.0,0,28,0,64,36
1799862.0,0,28,0,64,36
1799983.0,0,28,0,64,36
1800623.0,0,0,0,92,36
1800623.0,0,0,0,28,100
1800800.0,0,0,0,92,36
1800800.0,0,0,0,28,100
1801035.0,0,0,0,28,100
1801224.0,0,0,0,28,100
1801260.0,0,0,0,28,100
1801384.0,0,0,0,28,100
1801447.0,0,0,0,92,36
1801447.0,0,0,0,12,116
1801478.0,0,0,0,12,116
1801489.0,0,0,0,28,100
1801489.0,0,0,0,12,116
1801570.0,0,0,0,12,116
1801622.0,0,0,0,28,100
1801622.0,0,0,0,12,116
1801674.0,0,0,0,12,116
1801677.0,0,0,0,12,116
1801677.0,0,0,12,0,116
1802608.0,0,0,12,0,116
1802831.0,0,0,12,0,116
1803211.0,0,0,12,0,116
1803770.0,0,0,12,0,116
1803840.0,0,0,12,0,116
1804084.0,0,0,12,16,100
1804172.0,0,0,12,16,100
1804267.0,0,0,12,16,100
1804377.0,12,0,0,16,100
1804594.0,12,0,0,16,100
1804755.0,12,0,0,16,100
1805074.0,12,0,0,16,100
1805404.0,12,0,0,16,100
1805520.0,12,0,0,16,100
1805984.0,12,0,0,16,100
1806512.0,12,0,0,48,68
1806512.0,12,0,0,11,105
1806538.0,12,0,0,12,104
1806743.0,12,0,0,16,100
1806856.0,12,0,0,80,36
1806856.0,12,0,0,44,72
1806882.0,12,0,0,46,70
1806941.0,12,0,0,78,38
1806941.0,12,0,0,14,102
1806958.0,12,0,0,18,98
1806965.0,12,0,0,18,98
1807027.0,12,0,0,50,66
1807027.0,12,0,0,18,98
1807104.0,12,0,0,82,34
1807104.0,12,0,0,9,107
1807120.0,12,0,0,10,106
1807122.0,12,0,0,10,106
1807160.0,12,0,0,10,106
1807164.0,12,0,0,18,98
1807182.0,12,0,0,26,90
1807182.0,6,6,0,26,90
1807216.0,6,6,0,34,82
1807216.0,6,6,0,26,90
1807262.0,6,6,0,58,58
1807262.0,6,6,0,42,74
1807271.0,6,6,0,58,58
1807271.0,5,7,0,26,90
1807297.0,5,7,0,34,82
1807427.0,5,7,0,50,66
1807508.0,5,7,0,82,34
1807508.0,5,7,0,37,79
1807525.0,5,7,0,38,78
1807537.0,5,7,0,40,76
1807543.0,5,7,0,42,74
1807627.0,5,7,0,50,66
1807684.0,5,7,0,50,66
1807767.0,5,7,0,82,34
1807767.0,5,7,0,49,67
1807785.0,5,7,0,50,66
1807822.0,5,7,0,50,66
1807896.0,5,7,0,50,66
1807974.0,5,7,0,50,66
1808000.0,5,7,0,82,34
1808000.0,5,7,0,30,86
1808016.0,5,7,0,30,86
1808031.0,5,7,0,32,84
1808035.0,5,7,0,34,82
1808166.0,5,7,0,50,66
1808221.0,5,7,0,82,34
1808221.0,5,7,0,50,66
1808658.0,5,7,0,50,66
1808660.0,5,7,0,50,66
1808715.0,5,7,0,50,66
1808835.0,5,7,0,50,66
1808836.0,5,7,0,82,34
1808836.0,5,7,0,31,85
1808856.0,5,7,0,32,84
1808919.0,5,7,0,32,84
1808982.0,5,1,0,38,84
1808982.0,5,1,0,6,116
1809038.0,5,1,0,22,100
1809071.0,5,0,0,23,100
1809071.0,5,0,0,22,101
1809090.0,5,0,0,23,100
1809148.0,5,0,0,23,100
1809254.0,5,0,0,23,100
1809327.0,5,0,0,23,100
1809429.0,5,0,0,55,68
1809429.0,5,0,0,23,100
1809633.0,5,0,0,23,100
1809655.0,5,0,0,23,100
1809707.0,5,0,0,23,100
1809727.0,5,0,0,23,100
1809728.0,5,0,0,25,98
1809787.0,5,0,0,25,98
1809840.0,5,0,0,25,98
1810191.0,5,0,0,25,98
1810362.0,5,0,0,57,66
1810362.0,5,0,0,21,102
1810390.0,5,0,0,53,70
1810390.0,5,0,0,3,120
1810417.0,5,0,0,5,118
1810436.0,5,0,0,7,116
1810444.0,5,0,0,7,116
1810456.0,5,0,0,15,108
1810698.0,5,0,0,15,108
1810731.0,5,0,0,15,108
1810810.0,5,0,0,23,100
1810862.0,5,0,0,55,68
1810862.0,0,5,0,3,120
1810897.0,0,5,0,3,120
1810946.0,0,5,0,19,104
1810946.0,0,5,0,18,105
1810960.0,0,5,0,20,103
1810967.0,0,5,0,21,102
1811010.0,0,5,0,21,102
1811046.0,0,5,0,21,102
1811111.0,0,5,0,21,102
1811162.0,0,5,0,21,102
1811201.0,0,5,0,21,102
1811243.0,0,5,0,21,102
1811367.0,0,5,0,21,102
1811432.0,0,5,0,21,102
1811501.0,0,5,0,21,102
1811545.0,0,5,0,21,102
1811674.0,0,5,0,53,70
1811674.0,0,5,0,13,110
1811694.0,0,5,0,13,110
1811711.0,0,5,0,21,102
1811731.0,0,5,0,53,70
1811731.0,0,5,0,4,119
1811808.0,0,5,0,12,111
1811889.0,0,5,0,12,111
1811902.0,0,5,0,20,103
1811954.0,0,5,0,20,103
1812012.0,0,5,0,21,102
1812281.0,0,5,0,53,70
1812281.0,0,5,0,13,110
1812316.0,0,5,0,21,102
1812337.0,0,5,0,21,102
1812349.0,0,5,0,53,70
1812349.0,0,5,0,12,111
1812385.0,0,5,0,13,110
1812449.0,0,5,0,13,110
1812512.0,0,5,0,21,102
1812644.0,0,5,0,21,102
1812662.0,0,0,0,26,102
1812662.0,0,0,0,18,110
1812770.0,0,0,0,26,102
1812908.0,0,0,0,26,102
1812910.0,0,0,0,58,70
1812910.0,0,0,0,18,110
1813056.0,0,0,0,18,110
1813118.0,0,0,0,18,110
1813206.0,0,0,0,18,110
1813293.0,0,0,0,18,110
1813298.0,0,0,0,18,110
1813315.0,0,0,0,18,110
1813496.0,0,0,0,18,110
1813546.0,0,0,0,50,78
1813546.0,0,0,0,3,125
1813580.0,0,0,0,4,124
1813593.0,0,0,0,12,116
1813618.0,0,0,0,12,116
1813629.0,0,0,0,14,114
1813677.0,0,0,0,18,110
1813827.0,0,0,0,18,110
1813870.0,0,0,0,18,110
1813887.0,0,0,0,18,110
1813928.0,0,0,0,20,108
1813938.0,0,0,0,20,108
1814032.0,0,0,0,52,76
1814032.0,0,0,0,8,120
1814044.0,0,0,0,8,120
1814078.0,0,0,0,8,120
1814160.0,0,0,0,16,112
1814180.0,0,0,0,48,80
1814180.0,0,0,0,0,128
1814181.0,0,0,0,8,120
1814181.0,0,0,0,0,128
1814198.0,0,0,0,32,96
1814198.0,0,0,0,0,128
1814226.0,0,0,0,0,128
1814231.0,0,0,0,32,96
1814231.0,0,0,0,24,104
1814233.0,0,0,0,32,96
1814233.0,0,0,0,0,128
1814243.0,0,0,0,8,120
1814243.0,0,0,0,4,124
1814251.0,0,0,0,36,92
1814251.0,0,0,0,24,104
1814303.0,0,0,0,32,96
1814303.0,0,0,0,0,128
1814311.0,0,0,0,4,124
1814318.0,0,0,0,12,116
1814319.0,0,0,0,12,116
1814330.0,0,0,0,20,108
1814332.0,0,0,0,52,76
1814332.0,0,0,0,8,120
1814362.0,0,0,0,10,118
1814386.0,0,0,0,10,118
1814396.0,0,0,0,18,110
1814411.0,0,0,0,18,110
1814424.0,0,0,0,22,106
1814437.0,0,0,0,24,104
1814455.0,0,0,0,56,72
1814455.0,0,0,0,0,128
1814483.0,0,0,0,0,128
1814509.0,0,0,0,16,112
1814509.0,0,0,0,0,128
1814510.0,0,0,0,8,120
1814536.0,0,0,0,8,120
1814543.0,0,0,0,40,88
1814543.0,0,0,0,24,104
1814546.0,0,0,0,24,104
1814550.0,0,0,0,40,88
1814550.0,0,0,0,4,124
1814552.0,0,0,0,4,124
1814582.0,0,0,0,8,120
1814640.0,0,0,0,40,88
1814640.0,0,0,0,8,120
1814643.0,0,0,0,40,88
1814643.0,0,0,0,8,120
1814646.0,0,0,0,40,88
1814653.0,0,0,0,56,72
1814696.0,0,0,0,56,72
1814696.0,0,0,0,55,73
1814699.0,0,0,0,56,72
1814707.0,0,0,0,56,72
1814707.0,0,0,0,54,74
1814710.0,0,0,0,56,72
1814908.0,0,0,0,88,40
1815142.0,0,0,0,90,38
1815274.0,0,0,0,90,38
1815324.0,0,0,0,90,38
1815324.0,0,0,0,82,46
1815352.0,0,0,0,82,46
1815352.0,0,0,0,74,54
1815359.0,0,0,0,74,54
1815359.0,0,0,0,72,56
1815367.0,0,0,0,72,56
1815367.0,0,0,0,40,88
1815413.0,0,0,0,48,80
1815416.0,0,0,0,48,80
1815416.0,0,0,0,16,112
1815431.0,0,0,0,16,112
1815431.0,0,0,0,14,114
1815446.0,0,0,0,16,112
1815450.0,0,0,0,24,104
1815503.0,0,0,0,24,104
1815503.0,0,0,0,22,106
1815542.0,0,0,0,22,106
1815542.0,0,0,0,18,110
1815558.0,0,0,0,18,110
1815558.0,0,0,0,16,112
1815582.0,0,0,0,20,108
1815600.0,0,0,0,22,106
1815604.0,0,0,0,54,74
1815628.0,0,0,0,54,74
1815628.0,0,0,0,52,76
1815640.0,0,0,0,52,76
1815640.0,0,0,0,20,108
1815651.0,0,0,0,22,106
1815702.0,0,0,0,54,74
1815816.0,0,0,0,56,72
1815829.0,0,0,0,56,72
1815829.0,0,0,0,24,104
1815853.0,0,0,0,24,104
1815853.0,0,0,0,22,106
1815863.0,0,0,0,22,106
1815863.0,0,0,0,20,108
1815866.0,0,0,0,20,108
1815870.0,0,0,0,24,104
1815895.0,0,0,0,26,102
1815912.0,0,0,0,28,100
1815913.0,0,0,0,60,68
1815913.0,0,0,0,28,100
1815925.0,0,0,0,60,68
1815930.0,0,0,0,60,68
1815930.0,0,0,0,28,100
1815936.0,0,0,0,28,100
1815936.0,0,0,0,24,104
1815949.0,0,0,0,56,72
1815951.0,0,0,0,56,72
1815951.0,0,0,0,24,104
1815977.0,0,0,0,56,72
1815984.0,0,0,0,56,72
1815984.0,0,0,0,55,73
1815986.0,0,0,0,56,72
1816021.0,0,0,0,56,72
1816021.0,0,0,0,54,74
1816040.0,0,0,0,54,74
1816040.0,0,0,0,53,75
1816044.0,0,0,0,54,74
1816069.0,0,0,0,54,74
1816069.0,0,0,0,22,106
1816078.0,0,0,0,24,104
1816125.0,0,0,0,26,102
1816126.0,0,0,0,26,102
1816126.0,0,0,0,25,103
1816166.0,0,0,0,26,102
1816199.0,0,0,0,58,70
1816224.0,0,0,0,58,70
1816224.0,0,0,0,42,86
1816240.0,0,0,0,42,86
1816240.0,0,0,0,34,94
1816244.0,0,0,0,34,94
1816244.0,0,0,0,33,95
1816247.0,0,0,0,33,95
1816247.0,0,0,0,25,103
1816253.0,0,0,0,41,87
1816316.0,0,0,0,41,87
1816316.0,0,0,0,25,103
1816319.0,0,0,0,25,103
1816319.0,0,0,0,21,107
1816370.0,0,0,0,21,107
1816389.0,0,0,0,25,103
1816413.0,0,0,0,41,87
1816452.0,0,0,0,41,87
1816452.0,0,0,0,40,88
1816476.0,0,0,0,41,87
1816486.0,0,0,0,41,87
1816486.0,0,0,0,25,103
1816490.0,0,0,0,25,103
1816490.0,0,0,0,24,104
1816520.0,0,0,0,25,103
1816555.0,0,0,0,25,103
1816555.0,0,0,0,24,104
1816561.0,0,0,0,25,103
1816562.0,0,0,0,33,95
1816563.0,0,0,0,41,87
1816584.0,0,0,0,57,71
1816587.0,0,0,0,57,71
1816587.0,0,0,0,25,103
1816611.0,0,0,0,25,103
1816611.0,0,0,0,17,111
1816662.0,0,0,0,49,79
1816663.0,0,0,0,57,71
1816687.0,0,0,0,57,71
1816687.0,0,0,0,25,103
1816775.0,0,0,0,25,103
1816775.0,0,0,0,21,107
1816801.0,0,0,0,25,103
1816839.0,0,0,0,25,103
1816839.0,0,0,0,9,119
1816929.0,0,0,0,9,119
1816929.0,0,0,0,1,127
1816964.0,0,0,0,17,111
1816997.0,0,0,0,17,111
1816997.0,0,0,0,9,119
1817039.0,0,0,0,10,118
1817041.0,0,0,0,18,110
1817081.0,0,0,0,50,78
1817082.0,0,0,0,50,78
1817082.0,0,0,0,34,94
1817095.0,0,0,0,42,86
1817108.0,0,0,0,42,86
1817108.0,0,0,0,10,118
1817142.0,0,0,0,26,102
1817197.0,0,0,0,26,102
1817197.0,0,0,0,22,106
1817219.0,0,0,0,22,106
1817219.0,0,0,0,20,108
1817256.0,0,0,0,20,108
1817256.0,0,0,0,4,124
1817399.0,0,0,0,6,122
1817400.0,0,0,0,10,118
1817419.0,0,0,0,10,118
1817419.0,0,0,0,9,119
1817425.0,0,0,0,25,103
1817461.0,0,0,0,25,103
1817486.0,0,0,0,57,71
1817486.0,0,0,0,25,103
1817492.0,0,0,0,25,103
1817492.0,0,0,0,24,104
1817507.0,0,0,0,56,72
1817511.0,0,0,0,56,72
1817511.0,0,0,0,48,80
1817530.0,0,0,0,49,79
1817548.0,0,0,0,49,79
1817548.0,0,0,0,45,83
1817574.0,0,0,0,53,75
1817576.0,0,0,0,53,75
1817576.0,0,0,0,51,77
1817578.0,0,0,0,52,76
1817598.0,0,0,0,84,44
1817633.0,0,0,0,84,44
1817633.0,0,0,0,52,76
1817639.0,0,0,0,52,76
1817639.0,0,0,0,50,78
1817651.0,0,0,0,50,78
1817651.0,0,0,0,48,80
1817715.0,0,0,0,50,78
1817719.0,0,0,0,50,78
1817719.0,0,0,0,42,86
1817722.0,0,0,0,44,84
1817733.0,0,0,0,44,84
1817733.0,0,0,0,36,92
1817741.0,0,0,0,40,88
1817774.0,0,0,0,40,88
1817774.0,0,0,0,39,89
1817801.0,0,0,0,47,81
1817804.0,0,0,0,47,81
1817804.0,0,0,0,15,113
1817814.0,0,0,0,24,104
1817831.0,0,0,0,24,104
1817843.0,0,0,0,24,104
1817867.0,0,0,0,28,100
1817874.0,0,0,0,30,98
1817877.0,0,0,0,30,98
1817877.0,0,0,0,29,99
1817901.0,0,0,0,30,98
1817911.0,0,0,0,30,98
1817928.0,0,0,0,30,98
1817928.0,0,0,0,29,99
1817932.0,0,0,0,29,99
1817951.0,0,0,0,30,98
1817966.0,0,0,0,30,98
1817966.0,0,0,0,22,106
1817973.0,0,0,0,22,106
1817973.0,0,0,0,14,114
1818036.0,0,0,0,46,82
1818053.0,0,0,0,62,66
1818054.0,0,0,0,62,66
1818054.0,0,0,0,30,98
1818110.0,0,0,0,30,98
1818111.0,0,0,0,30,98
1818111.0,0,0,0,26,102
1818150.0,0,0,0,26,102
1818198.0,0,0,0,58,70
1818211.0,0,0,0,58,70
1818211.0,0,0,0,42,86
1818302.0,0,0,0,58,70
1818304.0,0,0,0,58,70
1818304.0,0,0,0,26,102
1818330.0,0,0,0,26,102
1818330.0,0,0,0,25,103
1818350.0,0,0,0,25,103
1818350.0,0,0,0,17,111
1818365.0,0,0,0,18,110
1818390.0,0,0,0,18,110
1818390.0,0,0,0,17,111
1818412.0,0,0,0,18,110
1818416.0,0,0,0,18,110
1818416.0,0,0,0,14,114
1818421.0,0,0,0,54,74
1818438.0,0,0,0,54,74
1818438.0,0,0,0,52,76
1818484.0,0,0,0,52,76
1818484.0,0,0,0,20,108
1818508.0,0,0,0,20,108
1818508.0,0,0,1,19,108
1818516.0,0,0,1,51,76
1818529.0,0,0,1,51,76
1818529.0,0,0,1,19,108
1818634.0,0,0,1,19,108
1818634.0,0,0,1,11,116
1818636.0,0,0,1,43,84
1818693.0,0,0,1,51,76
1818765.0,0,0,1,51,76
1818765.0,0,0,1,19,108
1818865.0,0,0,1,25,102
1818923.0,0,0,1,57,70
1818941.0,0,0,1,57,70
1818941.0,0,0,1,25,102
1818945.0,0,0,1,25,102
1818945.0,0,0,1,17,110
1819013.0,0,0,1,25,102
1819042.0,0,0,1,57,70
1819063.0,0,0,1,57,70
1819063.0,0,0,1,55,72
1819084.0,0,0,1,87,40
1819088.0,0,0,1,89,38
1819117.0,0,0,1,89,38
1819117.0,0,0,1,57,70
1819212.0,0,0,1,57,70
1819212.0,0,0,1,41,86
1819250.0,0,0,1,73,54
1819254.0,0,0,1,73,54
1819254.0,0,0,1,69,58
1819279.0,0,0,1,69,58
1819279.0,0,0,1,67,60
1819364.0,0,0,1,67,60
1819364.0,0,0,1,65,62
1819366.0,0,0,1,81,46
1819415.0,0,0,1,83,44
1819444.0,0,0,1,87,40
1819446.0,0,0,1,89,38
1819533.0,0,0,1,89,38
1819533.0,0,0,1,57,70
1819761.0,0,0,1,57,70
1819761.0,0,0,1,55,72
1819809.0,0,0,1,57,70
1819867.0,0,0,1,57,70
1819867.0,0,0,1,49,78
1819883.0,0,0,1,49,78
1819883.0,0,0,1,41,86
1819954.0,0,0,1,57,70
1819985.0,0,0,1,57,70
1819985.0,0,0,1,49,78
1820017.0,0,0,1,49,78
1820017.0,0,0,1,47,80
1820038.0,0,0,1,49,78
1820045.0,0,0,1,57,70
1820156.0,0,0,1,89,38
1820164.0,0,0,1,89,38
1820164.0,0,0,1,73,54
1820243.0,0,0,1,73,54
1820243.0,0,0,1,72,55
1820250.0,0,0,1,72,55
1820250.0,0,0,1,40,87
1820256.0,0,0,1,56,71
1820271.0,0,0,1,57,70
1820315.0,0,0,1,57,70
1820315.0,0,0,1,25,102
1820326.0,0,0,1,25,102
1820326.0,0,0,1,23,104
1820382.0,0,0,1,25,102
1820416.0,0,0,1,25,102
1820416.0,0,0,1,23,104
1820433.0,0,0,1,23,104
1820433.0,0,0,1,21,106
1820444.0,0,0,1,21,106
1820444.0,0,0,1,19,108
1820519.0,0,0,1,21,106
1820523.0,0,0,1,23,104
1820525.0,0,0,1,25,102
1820560.0,0,0,1,25,102
1820560.0,0,0,1,24,103
1820590.0,0,0,1,25,102
1820602.0,0,0,1,25,102
1820602.0,0,0,1,24,103
1820619.0,0,0,1,25,102
1820623.0,0,0,1,25,102
1820623.0,0,0,1,21,106
1820640.0,0,0,1,21,106
1820640.0,0,0,1,19,108
1820641.0,0,0,1,19,108
1820641.0,0,0,4,16,108
1820644.0,0,0,4,16,108
1820644.0,0,0,4,14,110
1820666.0,0,0,4,16,108
1820706.0,0,0,4,16,108
1820706.0,0,0,4,8,116
1820774.0,0,0,4,16,108
1820800.0,0,0,4,20,104
1820806.0,0,0,4,52,72
1820807.0,0,0,4,54,70
1820808.0,0,0,4,54,70
1820808.0,0,0,4,38,86
1820839.0,0,0,4,38,86
1820839.0,0,0,4,6,118
1820859.0,0,0,4,6,118
1820859.0,0,0,4,2,122
1820916.0,0,0,4,2,122
1820916.0,0,0,4,0,124
1820964.0,0,0,4,2,122
1820974.0,0,0,4,6,118
1820979.0,0,0,4,22,102
1821025.0,0,0,4,22,102
1821154.0,0,0,4,22,102
1821154.0,0,0,4,14,110
1821160.0,0,0,4,14,110
1821160.0,0,0,4,6,118
1821208.0,1,0,3,6,118
1821242.0,1,0,3,22,102
1821307.0,1,0,3,22,102
1821307.0,1,0,3,6,118
1821349.0,1,0,3,22,102
1821382.0,1,0,3,22,102
1821382.0,1,0,3,6,118
1821427.0,1,0,3,38,86
1821430.0,1,0,3,38,86
1821430.0,1,0,3,36,88
1821445.0,1,0,3,36,88
1821445.0,1,0,3,4,120
1821468.0,1,0,3,36,88
1821484.0,1,0,3,36,88
1821484.0,1,0,3,28,96
1821486.0,1,0,3,30,94
1821500.0,1,0,3,46,78
1821509.0,1,0,3,46,78
1821509.0,1,0,3,44,80
1821554.0,1,0,3,46,78
1821654.0,1,0,3,46,78
1821654.0,1,0,3,45,79
1821730.0,1,0,3,49,75
1821731.0,1,0,3,49,75
1821731.0,1,0,3,17,107
1822087.0,1,0,3,18,106
1822224.0,1,0,3,18,106
1822224.0,1,0,3,14,110
1822237.0,1,0,3,14,110
1822237.0,1,0,3,6,118
1822246.0,1,0,3,6,118
1822254.0,1,0,3,10,114
1822337.0,1,0,3,18,106
1822348.0,1,0,3,50,74
1822393.0,1,0,3,50,74
1822393.0,1,0,3,42,82
1822415.0,1,0,3,42,82
1822415.0,1,0,3,26,98
1822458.0,1,0,3,26,98
1822458.0,1,0,3,18,106
1822463.0,1,0,3,26,98
1822496.0,1,0,3,42,82
1822728.0,1,0,3,42,82
1822728.0,1,0,3,34,90
1822736.0,1,0,3,34,90
1822736.0,1,0,3,26,98
1822848.0,1,0,3,26,98
1822848.0,1,0,3,25,99
1822851.0,1,0,3,33,91
1822865.0,1,0,3,41,83
1823139.0,1,0,3,41,83
1823139.0,1,0,3,25,99
1823143.0,1,0,3,41,83
1823190.0,1,0,3,41,83
1823190.0,1,0,3,25,99
1823262.0,1,0,3,26,98
1823280.0,1,0,3,42,82
1823307.0,1,0,3,42,82
1823307.0,1,0,3,34,90
1823313.0,1,0,3,34,90
1823313.0,1,0,3,30,94
1823341.0,4,0,0,30,94
1823341.0,2,2,0,30,94
1823384.0,2,2,0,38,86
1823429.0,2,2,0,42,82
1823446.0,2,2,0,42,82
1823446.0,2,2,0,26,98
1823475.0,2,2,0,26,98
1823475.0,2,2,0,18,106
1823524.0,2,2,0,34,90
1823529.0,2,2,0,42,82
1823553.0,2,2,0,42,82
1823553.0,2,2,0,34,90
1823583.0,2,2,0,42,82
1823637.0,2,2,0,42,82
1823637.0,2,2,0,38,86
1823669.0,2,2,0,70,54
1823682.0,2,2,0,70,54
1823682.0,2,2,0,38,86
1823827.0,2,2,0,42,82
1823862.0,2,2,0,42,82
1823862.0,2,2,0,34,90
1823890.0,2,2,0,34,90
1823890.0,2,2,0,26,98
1823989.0,2,2,0,34,90
1824030.0,2,2,0,42,82
1824061.0,2,2,0,42,82
1824061.0,2,2,0,38,86
1824162.0,2,2,0,38,86
1824162.0,2,2,0,37,87
1824178.0,2,2,0,38,86
1824206.0,2,2,0,42,82
1824259.0,2,2,0,42,82
1824259.0,2,2,0,38,86
1824270.0,2,2,0,38,86
1824270.0,2,2,0,37,87
1824278.0,2,2,0,38,86
1824337.0,2,2,0,38,86
1824337.0,2,2,0,30,94
1824344.0,2,2,0,30,94
1824344.0,2,2,0,22,102
1824389.0,2,2,0,22,102
1824389.0,2,2,0,21,103
1824412.0,2,2,0,22,102
1824431.0,2,2,0,30,94
1824459.0,2,2,0,38,86
1824524.0,2,2,0,46,78
1824564.0,2,2,0,46,78
1824600.0,2,2,0,46,78
1824600.0,2,2,0,14,110
1824742.0,2,2,0,46,78
1824752.0,2,2,0,46,78
1824752.0,2,2,0,38,86
1824765.0,2,2,0,38,86
1824765.0,2,2,0,6,118
1824831.0,2,2,0,6,118
1824903.0,2,2,0,10,114
1824903.0,2,2,0,6,118
1825114.0,2,2,0,6,118
1825114.0,1,3,0,6,118
1825141.0,1,1,0,8,118
1825141.0,1,1,0,0,126
1825149.0,1,1,0,0,126
1825149.0,0,2,0,0,126
1825264.0,0,2,0,8,118
1825421.0,0,2,0,8,118
1825421.0,0,2,0,0,126
1825442.0,0,2,0,8,118
1825485.0,0,2,0,16,110
1825486.0,0,2,0,16,110
1825486.0,0,2,0,8,118
1825539.0,0,2,0,16,110
1825790.0,0,2,0,16,110
1825790.0,0,2,0,14,112
1825797.0,0,2,0,14,112
1825797.0,0,2,0,12,114
1825804.0,0,2,0,12,114
1825804.0,0,2,0,10,116
1825812.0,0,2,0,12,114
1825813.0,0,2,0,14,112
1825814.0,0,2,0,16,110
1825816.0,0,2,0,16,110
1825816.0,0,2,0,8,118
1825835.0,0,2,0,8,118
1825835.0,0,2,0,6,120
1825842.0,0,2,0,6,120
1825842.0,0,2,0,4,122
1825854.0,0,2,0,4,122
1825880.0,0,2,0,12,114
1825881.0,0,2,0,12,114
1825881.0,0,2,0,11,115
1825909.0,0,2,0,13,113
1825911.0,0,2,0,15,111
1825937.0,0,2,0,15,111
1826098.0,0,2,0,15,111
1826098.0,0,2,0,14,112
1826122.0,0,2,0,15,111
1826150.0,0,2,0,15,111
1826150.0,0,2,0,11,115
1826232.0,0,2,0,15,111
1826367.0,0,2,0,15,111
1826367.0,0,2,0,7,119
1826393.0,0,2,0,15,111
1826402.0,0,2,0,15,111
1826402.0,0,2,0,7,119
1826471.0,0,2,0,15,111
1826552.0,0,2,0,15,111
1826552.0,0,2,0,7,119
1826602.0,0,2,0,8,118
1826612.0,0,2,0,16,110
1826637.0,0,2,0,16,110
1826637.0,0,2,0,8,118
1826707.0,0,2,0,16,110
1826914.0,0,1,0,17,110
1826914.0,0,1,0,16,111
1826949.0,0,0,0,17,111
1826949.0,0,0,0,16,112
1826986.0,0,0,0,17,111
1827076.0,0,0,0,49,79
1827078.0,0,0,0,57,71
1827280.0,0,0,0,89,39
1827305.0,0,0,0,89,39
1827305.0,0,0,0,81,47
1827338.0,0,0,0,81,47
1827338.0,0,0,0,73,55
1827355.0,0,0,0,73,55
1827355.0,0,0,0,41,87
1827356.0,0,0,0,42,86
1827360.0,0,0,0,42,86
1827360.0,0,0,0,38,90
1827407.0,0,0,0,46,82
1827445.0,0,0,0,54,74
1827463.0,0,0,0,58,70
1827465.0,0,0,0,90,38
1827504.0,0,0,0,90,38
1827504.0,0,0,0,58,70
1827525.0,0,0,0,58,70
1827525.0,0,0,0,26,102
1827558.0,0,0,0,26,102
1827558.0,0,0,0,22,106
1827634.0,0,0,0,54,74
1827687.0,0,0,0,58,70
1827694.0,0,0,0,58,70
1827694.0,0,0,0,26,102
1827749.0,0,0,0,26,102
1827749.0,0,0,0,22,106
1827773.0,0,0,0,26,102
1827866.0,0,0,0,26,102
1827866.0,0,0,0,22,106
1827996.0,0,0,0,26,102
1827999.0,0,0,0,26,102
1827999.0,0,0,0,22,106
1828092.0,0,0,0,26,102
1828182.0,0,0,0,58,70
1828449.0,0,0,0,58,70
1828449.0,0,0,0,50,78
1828462.0,0,0,0,50,78
1828462.0,0,0,0,42,86
1828582.0,0,0,0,50,78
1828583.0,0,0,0,58,70
1828603.0,0,0,0,90,38
1828682.0,0,0,0,122,6
1828714.0,0,0,0,122,6
1828714.0,0,0,0,90,38
1828736.0,0,0,0,90,38
1828736.0,0,0,0,82,46
1828737.0,0,0,0,82,46
1828737.0,0,0,0,78,50
1828755.0,0,0,0,82,46
1828840.0,0,0,0,86,42
1828864.0,0,0,0,86,42
1828891.0,0,0,0,86,42
1828891.0,0,0,0,82,46
1828984.0,0,0,0,82,46
1828984.0,0,0,0,50,78
1829042.0,0,0,0,50,78
1829069.0,0,0,0,50,78
1829069.0,0,0,0,46,82
1829073.0,0,0,0,46,82
1829073.0,0,0,0,38,90
1829078.0,0,0,0,42,86
1829085.0,0,0,0,42,86
1829085.0,0,0,4,34,90
1829094.0,0,0,4,34,90
1829094.0,0,0,4,2,122
1829176.0,0,0,4,10,114
1829190.0,0,0,4,14,110
1829242.0,0,0,4,14,110
1829242.0,0,0,4,10,114
1829301.0,0,0,4,14,110
1829305.0,0,0,4,14,110
1829305.0,0,0,4,10,114
1829509.0,0,0,4,10,114
1829898.0,0,0,4,10,114
1829898.0,0,0,4,2,122
1829921.0,0,0,4,6,118
1829967.0,0,0,4,14,110
1830117.0,0,0,4,14,110
1830117.0,0,0,4,10,114
1830232.0,0,0,4,10,114
1830232.0,0,0,4,6,118
1830259.0,0,0,4,10,114
1830317.0,0,0,4,14,110
1830562.0,0,0,4,14,110
1830562.0,0,0,4,10,114
1830586.0,0,0,4,10,114
1830586.0,0,0,5,9,114
1830609.0,0,0,5,9,114
1830609.0,0,0,5,5,118
1830642.0,0,0,5,9,114
1830646.0,0,0,5,13,110
1830656.0,0,0,5,13,110
1830656.0,0,0,5,9,114
1830745.0,0,0,5,13,110
1830956.0,0,0,5,13,110
1830956.0,0,0,6,12,110
1831010.0,0,0,6,12,110
1831010.0,0,0,6,8,114
1831060.0,0,0,6,12,110
1831148.0,0,0,6,12,110
1831148.0,0,0,6,8,114
1831174.0,0,0,6,12,110
1831267.0,0,0,6,12,110
1831267.0,0,0,6,11,111
1831290.0,0,0,6,12,110
1831372.0,0,0,6,12,110
1831372.0,0,0,6,8,114
1831457.0,0,0,6,12,110
1831538.0,0,0,6,12,110
1831538.0,0,0,6,8,114
1831557.0,0,0,6,12,110
1831655.0,0,0,6,12,110
1831655.0,0,0,6,11,111
1831675.0,0,0,6,12,110
1831769.0,0,0,6,12,110
1831769.0,0,0,6,8,114
1831785.0,4,0,2,8,114
1832107.0,4,0,2,12,110
1832254.0,4,0,2,52,70
1832258.0,4,0,2,52,70
1832258.0,4,0,2,20,102
1832370.0,4,0,2,52,70
1832432.0,4,0,2,52,70
1832432.0,4,0,2,20,102
1832451.0,4,0,2,20,102
1832451.0,4,0,2,12,110
1832611.0,4,0,2,52,70
1832631.0,4,0,2,52,70
1832631.0,4,0,2,44,78
1832720.0,4,0,2,52,70
1832751.0,4,0,2,84,38
1832852.0,4,0,2,84,38
1832852.0,4,0,2,82,40
1832948.0,4,0,2,82,40
1832948.0,4,0,2,50,72
1832986.0,4,0,2,52,70
1833154.0,4,0,2,52,70
1833154.0,4,0,2,51,71
1833191.0,4,0,2,52,70
1833286.0,5,0,1,52,70
1833324.0,5,0,1,52,70
1833324.0,5,0,1,50,72
1833395.0,5,0,1,52,70
1833406.0,5,0,1,84,38
1833441.0,5,0,1,84,38
1833441.0,5,0,1,20,102
1833514.0,5,0,1,52,70
1833521.0,5,0,1,52,70
1833521.0,5,0,1,20,102
1833567.0,5,0,1,20,102
1833604.0,5,0,1,20,102
1833604.0,5,0,1,16,106
1833656.0,6,0,0,16,106
1833666.0,6,0,0,20,102
1833889.0,6,0,0,24,98
1834264.0,6,0,0,24,98
1834264.0,6,0,0,23,99
1834287.0,6,0,0,24,98
1834836.0,6,0,0,88,34
1834843.0,6,0,0,88,34
1834843.0,6,0,0,87,35
1834859.0,6,0,0,88,34
1834891.0,6,0,0,88,34
1834891.0,6,0,0,56,66
1834903.0,6,0,0,56,66
1834903.0,6,0,0,55,67
1834921.0,6,0,0,55,67
1834921.0,6,0,0,47,75
1834933.0,6,0,0,48,74
1834985.0,6,0,0,88,34
1835004.0,6,0,0,88,34
1835004.0,6,0,0,56,66
1835102.0,6,0,0,56,66
1835102.0,6,0,0,24,98
1835143.0,6,0,0,56,66
1835419.0,6,0,0,56,66
1835419.0,6,0,0,24,98
1835499.0,6,0,0,24,98
1835499.0,6,0,0,20,102
1835679.0,6,0,0,52,70
1835688.0,6,0,0,52,70
1835688.0,6,0,0,20,102
1835706.0,6,0,0,20,102
1835706.0,6,0,0,12,110
1835758.0,6,0,0,44,78
1835759.0,6,0,0,52,70
1836351.0,6,0,0,52,70
1836351.0,6,0,12,40,70
1836865.0,6,0,12,72,38
1836866.0,6,0,12,72,38
1836866.0,6,0,12,40,70
1837154.0,6,0,12,40,70
1837154.0,6,0,12,39,71
1837170.0,6,0,12,40,70
1837640.0,6,0,12,40,70
1837640.0,6,0,12,8,102
1837763.0,6,0,12,40,70
1837766.0,6,0,12,40,70
1837766.0,6,0,12,39,71
1837781.0,6,0,12,40,70
1838190.0,6,0,12,40,70
1838190.0,6,0,12,8,102
1839051.0,18,0,0,8,102
1839358.0,18,0,0,8,102
1839359.0,18,0,0,8,102
1839359.0,18,0,8,0,102
1839450.0,18,0,8,0,102
1840176.0,18,0,8,32,70
1840179.0,18,0,8,64,38
1840183.0,18,0,8,64,38
1840183.0,18,0,8,32,70
1840479.0,18,0,8,36,66
1840481.0,18,0,8,36,66
1840481.0,18,0,8,4,98
1840553.0,18,0,8,36,66
1840560.0,18,0,8,36,66
1840560.0,18,0,8,35,67
1840577.0,18,0,8,36,66
1840639.0,18,0,8,36,66
1840639.0,18,0,8,4,98
1841127.0,18,0,8,36,66
1841177.0,18,0,8,36,66
1841177.0,18,0,8,35,67
1841188.0,18,0,8,36,66
1841212.0,18,0,8,38,64
1841253.0,18,0,8,38,64
1842059.0,26,0,0,38,64
1842059.0,25,1,0,38,64
1842625.0,25,1,0,38,64
1842953.0,25,1,0,38,64
1843623.0,25,1,0,70,32
1843623.0,25,1,0,5,97
1843639.0,25,1,0,6,96
1843722.0,25,1,0,6,96
1843776.0,25,1,0,6,96
1843779.0,25,1,0,6,96
1843859.0,25,0,0,7,96
1843859.0,25,0,0,6,97
1843875.0,25,0,0,7,96
1844079.0,25,0,0,7,96
1844079.0,25,0,3,4,96
1844152.0,25,0,3,4,96
1844812.0,25,0,3,4,96
1844812.0,25,0,5,2,96
1844906.0,25,0,5,2,96
1844974.0,25,0,5,2,96
1844990.0,25,0,5,66,32
1844990.0,25,0,5,1,97
1845004.0,25,0,5,2,96
1845294.0,25,0,5,2,96
1845757.0,25,0,5,66,32
1845757.0,25,0,5,1,97
1845773.0,25,0,5,2,96
1846098.0,25,0,5,2,96
1846509.0,25,0,5,66,32
1846509.0,25,0,5,2,96
1846640.0,25,0,5,2,96
1846779.0,28,0,2,2,96
1846792.0,28,0,2,66,32
1846792.0,27,1,2,1,97
1846807.0,27,1,2,2,96
1847237.0,27,1,2,2,96
1847237.0,27,1,2,1,97
1847239.0,27,1,2,1,97
1847250.0,27,1,2,2,96
1847475.0,27,1,2,2,96
1847475.0,27,1,3,1,96
1847512.0,29,1,1,1,96
1847559.0,29,1,1,1,96
1847653.0,29,1,1,1,96
1848592.0,29,0,1,2,96
1848592.0,29,0,1,1,97
1848605.0,29,0,1,2,96
1848605.0,0,29,1,2,96
1848874.0,0,29,1,2,96
1850175.0,1,29,0,2,96
1850175.0,0,30,0,2,96
1850405.0,0,1,0,31,96
1850850.0,0,1,0,31,96
1851975.0,0,0,0,32,96
1851975.0,0,0,0,0,128
1851983.0,0,0,0,32,96
1851983.0,0,0,0,0,128
1852321.0,0,0,0,0,128
1852323.0,0,0,0,32,96
1852323.0,0,0,0,30,98
1852328.0,0,0,0,30,98
1852338.0,0,0,0,31,97
1852350.0,0,0,0,32,96
1852407.0,0,0,0,32,96
1852408.0,0,0,0,32,96
1852619.0,0,0,0,64,64
1852619.0,0,0,0,0,128
1852680.0,0,0,0,64,64
1852680.0,0,0,0,0,128
1853815.0,0,0,0,64,64
1853815.0,0,0,0,0,128
1855923.0,0,0,0,0,128
1861372.0,0,0,0,0,128
1861435.0,0,0,0,0,128
1862594.0,0,0,0,64,64
1862594.0,0,0,0,28,100
1863341.0,0,0,0,28,100
1863600.0,0,0,0,92,36
1864492.0,0,0,0,96,32
1864558.0,0,0,0,128,0
1864558.0,0,0,0,0,128
1866194.0,0,0,0,0,128
1873160.0,0,0,0,0,128
1873295.0,0,0,0,0,128
1873367.0,0,0,0,0,128
1874370.0,0,0,0,128,0
1874370.0,0,0,0,0,128
1874462.0,0,0,0,128,0
1874462.0,0,0,0,92,36
1874643.0,0,0,0,92,36
1874643.0,0,0,0,60,68
1874786.0,0,0,0,92,36
1874919.0,0,0,0,92,36
1874919.0,0,0,0,60,68
1875053.0,0,0,0,92,36
1875155.0,0,0,0,92,36
1875155.0,0,0,0,60,68
1875278.0,0,0,0,92,36
1875877.0,0,0,0,92,36
1875877.0,0,0,0,60,68
1875916.0,0,0,0,92,36
1876121.0,0,0,0,92,36
1876121.0,0,0,0,60,68
1876166.0,0,0,0,92,36
1876233.0,0,0,0,92,36
1876233.0,0,0,0,60,68
1876280.0,0,0,0,92,36
1876341.0,0,0,0,92,36
1876341.0,0,0,0,60,68
1876475.0,0,0,0,92,36
1876500.0,0,0,0,92,36
1876500.0,0,0,0,60,68
1876570.0,0,0,0,92,36
1876653.0,0,0,0,92,36
1876653.0,0,0,0,60,68
1876693.0,0,0,0,92,36
1876755.0,0,0,0,92,36
1876755.0,0,0,0,60,68
1876841.0,0,0,0,92,36
1876957.0,0,0,0,92,36
1876957.0,0,0,0,60,68
1877012.0,0,0,0,92,36
1877103.0,0,0,0,92,36
1877103.0,0,0,0,60,68
1877189.0,0,0,0,92,36
1877775.0,0,0,0,92,36
1877775.0,0,0,0,60,68
1877847.0,0,0,0,92,36
1878062.0,0,0,0,92,36
1878062.0,0,0,60,32,36
1879101.0,0,0,60,32,36
1879101.0,0,0,60,0,68
1879105.0,0,0,60,32,36
1879126.0,0,0,60,32,36
1879126.0,0,0,60,0,68
1879130.0,0,0,60,32,36
1879164.0,0,0,60,32,36
1879164.0,0,0,60,0,68
1879216.0,0,0,60,32,36
1879309.0,0,0,60,32,36
1879309.0,0,0,60,0,68
1879727.0,0,0,60,0,68
1879761.0,0,0,60,0,68
1879836.0,0,0,60,0,68
1879956.0,0,0,60,0,68
1879981.0,0,0,60,0,68
1880103.0,0,0,60,0,68
1880166.0,0,0,60,0,68
1880442.0,0,0,60,0,68
1880590.0,0,0,60,32,36
1880762.0,60,0,0,32,36
1880762.0,28,32,0,32,36
1880819.0,28,32,0,36,32
1880819.0,0,60,0,36,32
1881447.0,0,60,0,36,32
1882285.0,0,60,0,36,32
1882562.0,0,28,0,68,32
1882562.0,0,28,0,36,64
1882619.0,0,0,0,64,64
1882619.0,0,0,0,0,128
1882637.0,0,0,0,32,96
1882684.0,0,0,0,96,32
1882684.0,0,0,0,30,98
1882705.0,0,0,0,30,98
1882715.0,0,0,0,30,98
1882730.0,0,0,0,30,98
1882768.0,0,0,0,94,34
1882768.0,0,0,0,30,98
1882816.0,0,0,0,30,98
1882828.0,0,0,0,94,34
1882828.0,0,0,0,26,102
1882876.0,0,0,0,58,70
1882876.0,0,0,0,24,104
1882940.0,0,0,0,56,72
1882945.0,0,0,0,58,70
1883096.0,0,0,0,58,70
1883096.0,0,0,0,26,102
1883422.0,0,0,0,58,70
1883635.0,0,0,0,58,70
1883635.0,0,0,0,56,72
1883696.0,0,0,0,58,70
1883702.0,0,0,0,58,70
1883702.0,0,0,0,56,72
1883764.0,0,0,0,58,70
1883769.0,0,0,0,58,70
1883769.0,0,0,0,56,72
1883832.0,0,0,0,58,70
1884159.0,0,0,0,58,70
1884159.0,0,0,0,26,102
1884190.0,0,0,0,26,102
1884336.0,0,0,0,58,70
1884393.0,0,0,0,58,70
1884393.0,0,0,0,26,102
1884723.0,0,0,0,58,70
1885335.0,0,0,0,58,70
1885335.0,0,0,0,26,102
1885467.0,0,0,0,58,70
1885557.0,0,0,0,58,70
1885557.0,0,0,0,26,102
1885585.0,0,0,0,58,70
1885597.0,0,0,0,58,70
1885597.0,0,0,0,26,102
1885625.0,0,0,0,58,70
1885669.0,0,0,0,58,70
1885669.0,0,0,0,26,102
1885808.0,0,0,0,58,70
1885903.0,0,0,0,58,70
1885903.0,0,0,0,26,102
1886125.0,0,0,0,26,102
1886211.0,0,0,0,58,70
1886211.0,0,0,0,26,102
1886237.0,0,0,0,26,102
1886284.0,0,0,0,26,102
1886284.0,0,0,24,2,102
1886356.0,0,0,24,34,70
1886376.0,0,0,24,34,70
1886376.0,0,0,24,2,102
1886384.0,0,0,24,2,102
1886457.0,0,0,24,2,102
1886545.0,0,0,24,2,102
1886545.0,0,0,26,0,102
1886627.0,0,0,26,0,102
1887389.0,0,0,26,0,102
1887656.0,0,0,26,0,102
1887698.0,0,0,26,0,102
1888129.0,0,0,26,0,102
1888243.0,0,0,26,32,70
1888243.0,0,0,26,0,102
1888297.0,0,0,26,0,102
1888402.0,0,0,26,32,70
1888402.0,0,0,26,0,102
1888460.0,0,0,26,0,102
1888575.0,0,0,26,0,102
1888798.0,0,0,26,32,70
1888798.0,0,0,26,0,102
1888984.0,24,0,2,0,102
1888984.0,20,4,2,0,102
1889035.0,20,4,2,4,98
1889107.0,20,4,2,36,66
1889107.0,20,4,2,4,98
1889199.0,20,4,2,36,66
1889199.0,20,4,2,4,98
1889245.0,22,4,0,4,98
1889245.0,20,6,0,4,98
1889300.0,20,6,0,4,98
1889348.0,20,6,0,36,66
1889348.0,20,6,0,4,98
1889381.0,20,6,0,4,98
1889409.0,20,6,0,36,66
1889409.0,20,6,0,4,98
1889478.0,20,6,0,36,66
1889478.0,20,6,0,4,98
1889544.0,20,6,0,4,98
1889547.0,20,6,0,36,66
1889547.0,20,6,0,3,99
1889552.0,20,6,0,4,98
1889570.0,20,6,0,4,98
1889570.0,20,6,0,3,99
1889791.0,20,6,0,4,98
1889802.0,20,6,0,4,98
1889802.0,20,6,0,0,102
1889844.0,20,6,0,32,70
1889867.0,20,6,0,36,66
1889936.0,20,6,0,36,66
1889936.0,20,6,0,4,98
1889999.0,20,6,0,4,98
1890026.0,20,6,0,4,98
1890265.0,20,6,0,4,98
1890382.0,20,6,0,4,98
1890403.0,20,6,0,4,98
1890563.0,20,6,0,4,98
1890637.0,20,6,0,4,98
1890738.0,20,6,0,4,98
1890761.0,20,6,0,4,98
1890784.0,20,2,0,8,98
1890784.0,20,2,0,6,100
1890804.0,20,2,0,7,99
1890810.0,20,2,0,7,99
1890868.0,20,2,0,7,99
1890922.0,20,2,0,7,99
1890977.0,20,2,0,8,98
1891045.0,20,0,0,10,98
1891045.0,20,0,0,6,102
1891089.0,20,0,0,6,102
1891157.0,20,0,0,6,102
1891373.0,20,0,0,6,102
1891423.0,20,0,0,6,102
1891451.0,20,0,0,38,70
1891451.0,20,0,0,2,106
1891468.0,20,0,0,2,106
1891504.0,20,0,0,6,102
1891588.0,20,0,0,38,70
1891588.0,16,4,0,0,108
1891616.0,16,4,0,1,107
1891626.0,16,4,0,1,107
1891637.0,16,4,0,1,107
1891670.0,16,4,0,5,103
1891710.0,16,4,0,37,71
1891710.0,15,5,0,0,108
1891721.0,15,5,0,32,76
1891721.0,5,15,0,0,108
1891741.0,5,15,0,1,107
1891753.0,5,15,0,1,107
1891829.0,5,15,0,1,107
1891856.0,5,15,0,33,75
1891856.0,5,15,0,1,107
1891952.0,5,15,0,5,103
1892073.0,5,15,0,5,103
1892124.0,5,15,0,5,103
1892143.0,5,15,0,5,103
1892188.0,5,15,0,5,103
1892195.0,5,15,0,5,103
1892215.0,5,15,0,5,103
1892237.0,5,15,0,6,102
1892245.0,5,15,0,6,102
1892332.0,5,15,0,6,102
1892349.0,5,15,0,38,70
1892349.0,5,15,0,2,106
1892374.0,5,15,0,2,106
1892407.0,5,15,0,6,102
1892583.0,5,15,0,6,102
1892635.0,5,15,0,6,102
1892750.0,5,15,0,6,102
1892816.0,5,15,0,38,70
1892816.0,3,17,0,2,106
1892886.0,3,17,0,34,74
1892886.0,1,19,0,2,106
1892902.0,1,19,0,6,102
1892902.0,1,19,0,4,104
1892926.0,1,19,0,6,102
1892926.0,1,19,0,2,106
1892947.0,1,19,0,2,106
1893134.0,1,19,0,2,106
1893234.0,1,19,0,2,106
1893261.0,1,19,0,34,74
1893261.0,1,19,0,14,94
1893272.0,1,19,0,14,94
1893336.0,1,19,0,16,92
1893358.0,1,19,0,16,92
1893374.0,1,19,0,18,90
1893374.0,1,19,0,2,106
1893382.0,1,19,0,2,106
1893388.0,1,15,0,6,106
1893388.0,1,15,0,2,110
1893389.0,1,15,0,18,94
1893389.0,0,16,0,2,110
1893414.0,0,16,0,2,110
1893444.0,0,16,0,2,110
1893446.0,0,16,0,18,94
1893446.0,0,16,0,14,98
1893453.0,0,16,0,30,82
1893453.0,0,16,0,10,102
1893467.0,0,16,0,10,102
1893488.0,0,16,0,14,98
1893498.0,0,16,0,18,94
1893503.0,0,16,0,22,90
1893506.0,0,16,0,22,90
1893510.0,0,15,0,23,90
1893510.0,0,15,0,22,91
1893517.0,0,15,0,38,75
1893517.0,0,15,0,6,107
1893521.0,0,5,0,16,107
1893521.0,0,5,0,6,117
1893535.0,0,5,0,7,116
1893536.0,0,5,0,8,115
1893544.0,0,5,0,8,115
1893545.0,0,5,0,11,112
1893578.0,0,5,0,15,108
1893588.0,0,5,0,15,108
1893593.0,0,5,0,19,104
1893620.0,0,5,0,19,104
1893653.0,0,5,0,51,72
1893653.0,0,5,0,5,118
1893681.0,0,5,0,7,116
1893693.0,0,5,0,7,116
1893710.0,0,5,0,7,116
1893747.0,0,5,0,11,112
1893802.0,0,5,0,11,112
1893913.0,0,5,0,19,104
1893913.0,0,5,0,3,120
1893935.0,0,5,0,35,88
1893935.0,0,5,0,29,94
1893936.0,0,5,0,29,94
1893985.0,0,5,0,31,92
1894041.0,0,5,0,47,76
1894041.0,0,5,0,5,118
1894059.0,0,5,0,5,118
1894067.0,0,5,0,9,114
1894067.0,0,5,0,4,119
1894072.0,0,5,0,5,118
1894073.0,0,5,0,7,116
1894074.0,0,5,0,7,116
1894074.0,0,5,0,3,120
1894098.0,0,5,0,35,88
1894149.0,0,5,0,39,84
1894172.0,0,5,0,47,76
1894188.0,0,5,0,79,44
1894222.0,0,5,0,79,44
1894222.0,0,5,0,47,76
1894227.0,0,5,0,51,72
1894245.0,0,5,0,55,68
1894245.0,0,5,0,47,76
1894391.0,0,5,0,79,44
1894393.0,0,5,0,87,36
1894401.0,0,5,0,87,36
1894401.0,0,5,0,83,40
1894404.0,0,5,0,83,40
1894439.0,0,5,0,83,40
1894439.0,0,5,0,67,56
1894475.0,0,5,0,71,52
1894486.0,0,5,0,71,52
1894486.0,0,5,0,39,84
1894488.0,0,5,0,39,84
1894488.0,0,5,0,35,88
1894572.0,0,5,0,39,84
1894579.0,0,5,0,55,68
1894584.0,0,5,0,55,68
1894584.0,0,5,0,51,72
1894616.0,0,3,0,53,72
1894616.0,0,3,0,49,76
1894627.0,0,3,0,81,44
1894638.0,0,3,0,81,44
1894638.0,0,3,0,49,76
1894659.0,0,3,0,53,72
1894679.0,0,3,0,57,68
1894686.0,0,1,0,59,68
1894686.0,0,1,0,57,70
1894692.0,0,1,0,59,68
1894694.0,0,1,0,59,68
1894694.0,0,1,0,27,100
1894708.0,0,1,0,27,100
1894708.0,0,1,0,23,104
1894724.0,0,1,0,23,104
1894724.0,0,1,0,15,112
1894774.0,0,1,0,15,112
1894774.0,0,1,0,11,116
1894816.0,0,1,0,15,112
1894820.0,0,1,0,19,108
1894864.0,0,1,0,19,108
1894864.0,0,1,0,15,112
1894872.0,0,1,0,47,80
1894887.0,0,1,0,87,40
1894914.0,0,1,0,91,36
1894960.0,0,1,0,91,36
1894960.0,0,1,0,27,100
1894964.0,0,1,0,27,100
1895061.0,0,1,0,27,100
1895158.0,0,1,0,91,36
1895158.0,0,1,0,27,100
1895189.0,0,0,0,28,100
1895189.0,0,0,0,27,101
1895208.0,0,0,0,28,100
1895216.0,0,0,0,28,100
1895243.0,0,0,0,60,68
1895341.0,0,0,0,60,68
1895349.0,0,0,0,60,68
1895349.0,0,0,0,28,100
1895359.0,0,0,0,60,68
1895377.0,0,0,0,60,68
1895438.0,0,0,0,92,36
1895438.0,0,0,0,28,100
1895498.0,0,0,0,28,100
1895552.0,0,0,0,28,100
1895601.0,0,0,0,28,100
1895665.0,0,0,0,92,36
1895665.0,0,0,0,56,72
1895675.0,0,0,0,56,72
1895675.0,0,0,0,24,104
1895699.0,0,0,0,28,100
1895747.0,0,0,0,60,68
1895780.0,0,0,0,60,68
1895780.0,0,0,0,56,72
1895799.0,0,0,0,56,72
1895799.0,0,0,0,24,104
1895817.0,0,0,0,28,100
1895825.0,0,0,0,28,100
1895825.0,0,0,0,20,108
1895889.0,0,0,0,52,76
1895939.0,0,0,0,60,68
1895941.0,0,0,0,92,36
1895942.0,0,0,0,92,36
1895942.0,0,0,0,60,68
1896017.0,0,0,0,60,68
1896017.0,0,0,0,28,100
1896023.0,0,0,0,28,100
1896060.0,0,0,0,28,100
1896104.0,0,0,0,32,96
1896104.0,0,0,0,0,128
1896160.0,0,0,0,32,96
1896160.0,0,0,0,28,100
1896162.0,0,0,0,60,68
1896203.0,0,0,0,64,64
1896207.0,0,0,0,64,64
1896207.0,0,0,0,32,96
1896244.0,0,0,0,64,64
1896245.0,0,0,0,64,64
1896245.0,0,0,0,60,68
1896293.0,0,0,0,92,36
1896378.0,0,0,0,96,32
1896425.0,0,0,0,96,32
1896425.0,0,0,0,64,64
1896454.0,0,0,0,64,64
1896454.0,0,0,0,60,68
1896502.0,0,0,0,60,68
1896505.0,0,0,0,64,64
1896509.0,0,0,0,96,32
1896547.0,0,0,0,96,32
1896547.0,0,0,0,95,33
1896576.0,0,0,0,95,33
1896576.0,0,0,0,91,37
1896627.0,0,0,0,91,37
1896627.0,0,0,0,59,69
1896656.0,0,0,0,63,65
1896749.0,0,0,0,63,65
1896749.0,0,0,0,31,97
1896861.0,0,0,0,31,97
1896923.0,0,0,0,63,65
1896993.0,0,0,0,95,33
1897046.0,0,0,0,95,33
1897088.0,0,0,0,95,33
1897145.0,0,0,0,95,33
1897218.0,0,0,0,127,1
1897222.0,0,0,0,128,0
1897227.0,0,0,0,128,0
1897227.0,0,0,0,96,32
1897230.0,0,0,0,96,32
1897230.0,0,0,0,92,36
1897232.0,0,0,0,92,36
1897232.0,0,0,0,60,68
1897343.0,0,0,0,64,64
1897368.0,0,0,0,64,64
1897368.0,0,0,0,32,96
1897399.0,0,0,0,64,64
1897431.0,0,0,0,64,64
1897431.0,0,0,0,32,96
1897452.0,0,0,0,64,64
1897471.0,0,0,0,96,32
1897485.0,0,0,0,96,32
1897485.0,0,0,0,92,36
1897489.0,0,0,0,92,36
1897489.0,0,0,0,60,68
1897532.0,0,0,0,60,68
1897532.0,0,0,0,59,69
1897554.0,0,0,0,60,68
1897562.0,0,0,0,60,68
1897562.0,0,0,0,59,69
1897610.0,0,0,0,63,65
1897753.0,0,0,0,95,33
1897759.0,0,0,0,96,32
1897764.0,0,0,0,96,32
1897764.0,0,0,0,92,36
1897778.0,0,0,0,92,36
1897778.0,0,0,0,91,37
1897785.0,0,0,0,91,37
1897785.0,0,0,0,90,38
1897848.0,0,0,0,91,37
1897871.0,0,0,0,95,33
1898042.0,0,0,0,95,33
1898042.0,0,0,0,91,37
1898066.0,0,0,0,92,36
1898153.0,0,0,0,92,36
1898153.0,0,0,0,88,40
1898190.0,0,0,0,88,40
1898190.0,0,0,0,87,41
1898215.0,0,0,0,91,37
1898713.0,0,0,0,95,33
1898745.0,0,0,0,96,32
1899057.0,0,0,0,96,32
1899057.0,0,0,0,95,33
1899154.0,0,0,0,95,33
1899154.0,0,0,0,91,37
1899274.0,0,0,0,92,36
1899313.0,0,0,0,96,32
1899436.0,0,0,0,96,32
1899436.0,0,0,0,64,64
1899753.0,0,0,0,96,32
1899758.0,0,0,0,96,32
1899758.0,0,0,0,64,64
1899760.0,0,0,0,64,64
1899762.0,0,0,0,64,64
1899762.0,0,0,2,62,64
1899991.0,0,0,2,62,64
1899991.0,0,0,2,61,65
1900179.0,0,0,2,62,64
1900242.0,0,0,2,62,64
1900242.0,0,0,2,30,96
1900360.0,0,0,2,62,64
1900450.0,0,0,2,62,64
1900450.0,0,0,2,30,96
1900464.0,0,0,2,30,96
1900523.0,0,0,2,30,96
1900523.0,0,0,32,0,96
1900593.0,0,0,32,32,64
1900919.0,0,0,32,32,64
1900919.0,0,0,32,31,65
1901076.0,0,0,32,32,64
1901098.0,0,0,32,32,64
1901098.0,0,0,32,28,68
1901138.0,0,0,32,32,64
1901141.0,0,0,32,32,64
1901141.0,0,0,32,0,96
1901149.0,0,0,32,0,96
1901336.0,0,0,32,32,64
1901382.0,0,0,32,32,64
1901382.0,0,0,32,0,96
1901478.0,0,0,32,0,96
1901500.0,0,0,32,32,64
1901579.0,0,0,32,32,64
1901579.0,0,0,32,0,96
1901704.0,0,0,32,32,64
1901852.0,0,0,32,32,64
1901852.0,0,0,32,0,96
1901967.0,0,0,32,32,64
1902170.0,0,0,32,64,32
1902175.0,0,0,32,64,32
1902175.0,0,0,32,32,64
1902388.0,0,0,32,32,64
1902388.0,0,0,32,31,65
1902462.0,2,0,30,31,65
1902462.0,0,2,30,31,65
1902537.0,0,2,30,32,64
1902697.0,0,2,30,32,64
1902697.0,0,2,30,31,65
1902740.0,0,2,30,63,33
1902747.0,0,2,30,63,33
1902747.0,0,2,30,31,65
1902932.0,0,2,30,31,65
1903067.0,0,2,30,31,65
1903206.0,0,2,30,31,65
1903223.0,30,2,0,31,65
1903223.0,25,7,0,31,65
1903354.0,25,7,0,31,65
1903374.0,25,7,0,32,64
1903381.0,25,7,0,32,64
1903434.0,25,7,0,32,64
1903459.0,25,7,0,32,64
1903747.0,25,7,0,32,64
1903864.0,25,7,0,32,64
1904193.0,25,7,0,32,64
1904262.0,25,5,0,34,64
1904262.0,25,5,0,33,65
1904472.0,25,5,0,34,64
1904584.0,25,5,0,66,32
1904584.0,25,5,0,34,64
1904589.0,25,5,0,34,64
1904672.0,25,5,0,66,32
1904672.0,13,17,0,33,65
1904694.0,13,17,0,34,64
1904764.0,13,17,0,34,64
1904936.0,13,17,0,34,64
1905023.0,13,12,0,39,64
1905023.0,13,12,0,2,101
1905068.0,13,12,0,34,69
1905068.0,13,12,0,1,102
1905076.0,13,12,0,5,98
1905099.0,13,12,0,37,66
1905100.0,13,12,0,37,66
1905304.0,13,12,0,37,66
1905522.0,13,12,0,37,66
1905522.0,13,12,0,35,68
1905567.0,13,12,0,35,68
1905593.0,13,12,0,37,66
1905664.0,13,12,0,38,65
1905682.0,13,12,0,38,65
1905737.0,13,12,0,39,64
1905931.0,13,12,0,39,64
1906012.0,13,12,0,39,64
1906052.0,13,12,0,39,64
1906066.0,13,12,0,71,32
1906066.0,13,12,0,1,102
1906076.0,13,12,0,2,101
1906084.0,13,12,0,3,100
1906087.0,13,12,0,3,100
1906090.0,13,12,0,7,96
1906133.0,13,12,0,7,96
1906287.0,13,12,0,71,32
1906287.0,11,14,0,7,96
1906472.0,11,2,0,19,96
1906472.0,11,2,0,6,109
1906477.0,11,2,0,10,105
1906616.0,11,2,0,12,103
1906635.0,11,2,0,16,99
1906650.0,11,2,0,16,99
1906650.0,11,2,0,12,103
1906700.0,11,2,0,12,103
1906700.0,11,2,0,10,105
1906852.0,11,2,0,14,101
1906964.0,11,2,0,14,101
1906964.0,11,2,0,13,102
1906974.0,11,2,0,13,102
1907042.0,11,2,0,13,102
1907124.0,11,2,0,14,101
1907180.0,11,2,0,15,100
1907209.0,11,2,0,15,100
1907515.0,11,2,0,47,68
1907515.0,11,2,0,11,104
1907544.0,11,2,0,13,102
1907546.0,11,2,0,13,102
1907563.0,11,2,0,13,102
1907675.0,11,2,0,13,102
1907676.0,11,2,0,13,102
1907748.0,11,2,0,13,102
1907749.0,11,2,0,13,102
1907807.0,11,2,0,17,98
1908002.0,11,2,0,49,66
1908002.0,9,4,0,7,108
1908051.0,9,4,0,9,106
1908062.0,9,4,0,13,102
1908084.0,9,4,0,13,102
1908087.0,9,2,0,15,102
1908087.0,9,2,0,7,110
1908111.0,9,2,0,9,108
1908127.0,9,2,0,9,108
1908145.0,9,2,0,13,104
1908149.0,9,2,0,13,104
1908294.0,9,2,0,13,104
1908343.0,9,2,0,13,104
1908524.0,9,2,0,45,72
1908524.0,9,2,0,1,116
1908556.0,9,2,0,5,112
1908610.0,9,2,0,9,108
1908676.0,9,2,0,9,108
1908703.0,9,2,0,9,108
1908703.0,9,2,0,5,112
1908750.0,9,2,0,5,112
1908750.0,9,2,0,4,113
1908808.0,9,2,0,8,109
1908828.0,9,2,0,8,109
1908828.0,9,2,0,4,113
1908835.0,9,2,0,8,109
1908962.0,9,2,0,8,109
1908962.0,9,2,0,4,113
1909017.0,9,2,0,5,112
1909063.0,9,2,0,9,108
1909189.0,9,2,0,9,108
1909189.0,9,2,0,5,112
1909207.0,9,2,0,5,112
1909207.0,9,2,0,4,113
1909223.0,9,2,0,5,112
1909224.0,9,2,0,5,112
1909224.0,9,2,0,1,116
1909245.0,9,2,0,5,112
1909266.0,9,2,0,5,112
1909266.0,9,2,0,4,113
1909277.0,9,2,0,5,112
1909282.0,9,2,0,9,108
1909292.0,9,2,0,13,104
1909347.0,9,2,0,13,104
1909347.0,9,2,0,12,105
1909425.0,9,2,0,13,104
1909455.0,9,2,0,13,104
1909495.0,9,2,0,13,104
1909501.0,9,2,0,13,104
1909541.0,9,2,0,13,104
1909652.0,9,2,0,45,72
1909652.0,9,2,0,12,105
1909676.0,9,2,0,12,105
1909696.0,9,2,0,12,105
1909802.0,9,0,0,14,105
1909802.0,9,0,0,11,108
1909926.0,9,0,0,43,76
1909926.0,9,0,0,6,113
1910001.0,9,0,0,6,113
1910001.0,9,0,0,5,114
1910026.0,9,0,0,6,113
1910028.0,9,0,0,7,112
1910042.0,9,0,0,11,108
1910077.0,9,0,0,11,108
1910216.0,9,0,0,11,108
1910259.0,9,0,0,11,108
1910259.0,9,0,0,7,112
1910307.0,9,0,0,11,108
1910443.0,9,0,0,11,108
1910782.0,9,0,0,43,76
1910782.0,9,0,0,11,108
1910808.0,9,0,0,11,108
1910808.0,9,0,0,7,112
1910841.0,9,0,0,11,108
1910926.0,9,0,0,13,106
1911202.0,9,0,0,13,106
1911202.0,9,0,0,9,110
1911225.0,9,0,0,13,106
1911554.0,9,0,0,13,106
1911554.0,9,0,0,9,110
1911580.0,9,0,0,9,110
1911580.0,9,0,0,5,114
1911613.0,9,0,0,5,114
1911613.0,9,0,0,1,118
1911633.0,9,0,0,5,114
1911638.0,9,0,0,5,114
1911638.0,9,0,0,3,116
1911651.0,9,0,0,3,116
1911683.0,9,0,0,3,116
1911683.0,8,1,0,3,116
1911684.0,8,1,0,7,112
1911733.0,8,1,0,7,112
1911733.0,8,1,0,3,116
1911770.0,8,1,0,7,112
1911802.0,8,1,0,11,108
1911804.0,8,1,0,13,106
1911821.0,8,1,0,13,106
1911821.0,8,1,0,9,110
1911841.0,8,1,0,13,106
1911881.0,8,1,0,45,74
1911891.0,8,1,0,45,74
1911891.0,8,1,0,41,78
1911932.0,8,1,0,41,78
1911932.0,8,1,0,37,82
1911950.0,8,1,0,41,78
1912057.0,8,1,0,45,74
1912066.0,8,1,0,45,74
1912066.0,8,1,0,41,78
1912069.0,8,1,0,42,77
1912156.0,8,1,0,42,77
1912210.0,8,1,0,42,77
1912226.0,8,1,0,42,77
1912226.0,8,1,0,40,79
1912234.0,8,1,0,40,79
1912234.0,8,1,0,38,81
1912241.0,8,1,0,38,81
1912241.0,8,1,0,36,83
1912255.0,8,1,0,36,83
1912255.0,8,1,0,34,85
1912299.0,8,1,0,34,85
1912299.0,7,2,0,34,85
1912318.0,7,2,0,36,83
1912322.0,7,2,0,38,81
1912324.0,7,2,0,40,79
1912326.0,7,2,0,42,77
1912331.0,7,2,0,42,77
1912331.0,7,2,0,34,85
1912368.0,7,2,0,38,81
1912435.0,7,2,0,38,81
1912803.0,7,2,0,38,81
1912845.0,7,2,0,38,81
1912996.0,7,2,0,70,49
1912996.0,7,2,0,38,81
1913012.0,7,2,0,38,81
1913012.0,7,2,0,34,85
1913051.0,7,2,0,38,81
1913271.0,7,2,0,38,81
1913271.0,7,2,0,34,85
1913398.0,7,2,0,38,81
1913461.0,7,2,0,38,81
1913461.0,7,2,0,34,85
1913465.0,7,2,0,38,81
1913483.0,7,1,0,39,81
1913483.0,7,1,0,35,85
1913528.0,7,1,0,35,85
1913528.0,7,1,0,31,89
1913536.0,7,1,0,35,85
1913628.0,7,1,0,35,85
1913632.0,7,1,0,39,81
1913643.0,7,1,0,47,73
1913667.0,7,1,0,47,73
1913667.0,7,1,0,39,81
1913708.0,7,1,0,47,73
1913922.0,7,1,0,47,73
1913922.0,7,1,0,43,77
1913995.0,7,1,0,43,77
1913995.0,7,1,0,42,78
1913998.0,7,1,0,43,77
1914022.0,7,1,0,43,77
1914022.0,7,1,0,42,78
1914033.0,7,1,0,46,74
1914041.0,7,1,0,46,74
1914041.0,7,1,0,45,75
1914045.0,7,1,0,46,74
1914051.0,7,1,0,47,73
1914051.0,7,1,0,39,81
1914059.0,7,1,0,47,73
1914068.0,7,1,0,47,73
1914068.0,7,1,0,45,75
1914096.0,7,1,0,47,73
1914099.0,7,0,0,48,73
1914099.0,7,0,0,16,105
1914108.0,7,0,0,16,105
1914108.0,7,0,0,15,106
1914112.0,7,0,0,16,105
1914129.0,7,0,0,16,105
1914129.0,7,0,0,12,109
1914159.0,7,0,0,12,109
1914159.0,7,0,0,8,113
1914182.0,7,0,0,12,109
1914206.0,7,0,0,16,105
1914218.0,7,0,0,17,104
1914316.0,7,0,0,17,104
1914316.0,7,0,0,13,108
1914338.0,7,0,0,17,104
1914413.0,7,0,0,17,104
1914413.0,7,0,0,13,108
1914428.0,7,0,0,17,104
1914507.0,7,0,0,49,72
1914633.0,7,0,0,49,72
1914633.0,7,0,0,45,76
1914664.0,7,0,0,49,72
1914826.0,7,0,0,49,72
1914826.0,7,0,0,33,88
1914992.0,7,0,0,33,88
1914992.0,7,0,0,29,92
1915009.0,7,0,0,45,76
1915045.0,7,0,0,45,76
1915045.0,7,0,0,41,80
1915078.0,7,0,0,45,76
1915094.0,7,0,0,49,72
1915197.0,7,0,0,49,72
1915197.0,7,0,0,45,76
1915229.0,7,0,0,45,76
1915229.0,7,0,0,29,92
1915252.0,7,0,0,45,76
1915284.0,7,0,0,45,76
1915293.0,7,0,0,49,72
1915370.0,7,0,0,49,72
1915375.0,7,0,0,49,72
1915375.0,7,0,0,33,88
1915402.0,7,0,0,33,88
1915537.0,7,0,0,33,88
1915537.0,7,0,0,29,92
1915583.0,7,0,0,33,88
1915614.0,7,0,0,33,88
1915614.0,7,0,0,29,92
1915627.0,7,0,0,33,88
1915669.0,7,0,0,49,72
1915687.0,7,0,0,49,72
1915687.0,7,0,0,33,88
1915787.0,7,0,0,49,72
1915792.0,7,0,0,49,72
1915792.0,7,0,0,45,76
1915794.0,7,0,0,45,76
1915794.0,7,0,0,29,92
1915832.0,7,0,0,33,88
1915852.0,7,0,0,33,88
1915852.0,7,0,0,29,92
1915893.0,7,0,0,45,76
1915897.0,7,0,0,49,72
1915918.0,7,0,0,49,72
1915968.0,7,0,0,49,72
1916135.0,7,0,0,49,72
1916135.0,7,0,0,45,76
1916185.0,7,0,0,49,72
1916237.0,7,0,0,49,72
1916237.0,7,0,0,17,104
1916320.0,7,0,0,49,72
1916360.0,7,0,0,49,72
1916360.0,7,0,0,45,76
1916400.0,7,0,0,49,72
1916651.0,7,0,0,49,72
1916784.0,7,0,0,49,72
1916784.0,7,0,0,45,76
1916879.0,7,0,0,49,72
1916998.0,7,0,0,49,72
1917065.0,7,0,0,49,72
1917068.0,7,0,0,49,72
1917068.0,7,0,0,45,76
1917088.0,7,0,0,45,76
1917088.0,7,0,0,41,80
1917120.0,7,0,0,41,80
1917120.0,7,0,0,25,96
1917135.0,7,0,0,29,92
1917136.0,7,0,0,29,92
1917136.0,7,0,4,25,92
1917137.0,7,0,4,25,92
1917137.0,4,3,4,25,92
1917147.0,4,3,4,33,84
1917173.0,4,3,4,49,68
1917175.0,4,3,4,53,64
1917184.0,4,3,4,53,64
1917184.0,0,7,4,53,64
1917243.0,0,7,4,53,64
1917279.0,0,7,4,53,64
1917312.0,0,7,4,53,64
1917361.0,0,7,4,53,64
1917381.0,0,7,4,53,64
1917412.0,0,7,4,53,64
1917469.0,0,7,4,53,64
1917544.0,0,7,4,53,64
1917755.0,0,7,4,53,64
1917769.0,0,7,4,53,64
1917958.0,0,7,4,53,64
1917996.0,0,7,4,53,64
1918010.0,0,7,4,53,64
1918020.0,0,7,4,53,64
1918109.0,0,7,4,53,64
1918287.0,0,7,4,53,64
1918491.0,0,7,4,53,64
1918588.0,0,7,4,53,64
1918605.0,0,7,4,53,64
1918609.0,0,7,4,53,64
1918725.0,0,7,4,85,32
1918725.0,0,7,4,65,52
1918735.0,0,7,4,65,52
1918756.0,0,7,4,81,36
1918757.0,0,7,4,81,36
1918773.0,0,7,4,85,32
1918773.0,0,7,4,53,64
1918785.0,0,7,4,85,32
1918785.0,0,7,4,53,64
1918793.0,0,7,4,85,32
1918793.0,0,7,4,53,64
1918795.0,0,7,4,85,32
1918795.0,0,7,4,69,48
1918822.0,0,7,4,69,48
1918832.0,0,7,4,85,32
1918832.0,0,7,4,53,64
1918853.0,0,7,4,53,64
1918869.0,0,7,4,53,64
1918937.0,0,4,4,56,64
1918946.0,0,4,4,88,32
1918946.0,0,4,4,68,52
1918963.0,0,4,4,72,48
1918984.0,0,0,4,76,48
1918984.0,0,0,4,44,80
1918990.0,0,0,4,60,64
1918990.0,0,0,4,28,96
1918997.0,0,0,4,60,64
1918997.0,0,0,4,28,96
1919010.0,0,0,4,32,92
1919010.0,0,0,4,28,96
1919015.0,0,0,4,32,92
1919026.0,0,0,4,36,88
1919036.0,0,0,4,36,88
1919041.0,0,0,4,36,88
1919050.0,0,0,4,40,84
1919075.0,0,0,4,44,80
1919075.0,0,0,4,28,96
1919099.0,0,0,4,32,92
1919123.0,0,0,4,48,76
1919142.0,0,0,4,52,72
1919508.0,0,0,4,52,72
1919812.0,0,0,4,52,72
1919836.0,4,0,0,52,72
1919836.0,0,4,0,52,72
1919939.0,0,4,0,52,72
1920029.0,0,4,0,52,72
1920113.0,0,4,0,52,72
1920137.0,0,4,0,84,40
1920137.0,0,4,0,32,92
1920156.0,0,4,0,32,92
1920171.0,0,4,0,48,76
1920246.0,0,4,0,80,44
1920246.0,0,4,0,28,96
1920259.0,0,4,0,32,92
1920303.0,0,4,0,32,92
1920354.0,0,4,0,32,92
1920355.0,0,4,0,36,88
1920363.0,0,4,0,36,88
1920426.0,0,4,0,68,56
1920426.0,0,4,0,36,88
1920456.0,0,4,0,52,72
1920463.0,0,4,0,52,72
1920747.0,0,4,0,52,72
1920809.0,0,4,0,52,72
1920820.0,0,4,0,52,72
1920837.0,0,4,0,52,72
1921393.0,0,4,0,52,72
1921407.0,0,4,0,84,40
1921407.0,0,4,0,36,88
1921441.0,0,4,0,52,72
1921441.0,0,4,0,36,88
1921474.0,0,4,0,52,72
1921636.0,0,0,0,56,72
1921636.0,0,0,0,24,104
1921669.0,0,0,0,24,104
1921673.0,0,0,0,56,72
1921673.0,0,0,0,4,124
1921675.0,0,0,0,36,92
1921675.0,0,0,0,20,108
1921696.0,0,0,0,36,92
1921696.0,0,0,0,4,124
1921731.0,0,0,0,8,120
1921784.0,0,0,0,40,88
1921784.0,0,0,0,8,120
1921806.0,0,0,0,24,104
1921808.0,0,0,0,40,88
1921808.0,0,0,0,8,120
1921819.0,0,0,0,16,112
1921823.0,0,0,0,32,96
1921823.0,0,0,0,0,128
1921846.0,0,0,0,32,96
1921846.0,0,0,0,0,128
1921886.0,0,0,0,16,112
1921903.0,0,0,0,32,96
1921903.0,0,0,0,0,128
1922060.0,0,0,0,32,96
1922221.0,0,0,0,64,64
1922325.0,0,0,0,64,64
1922395.0,0,0,0,64,64
1922546.0,0,0,0,64,64
1922615.0,0,0,0,64,64
1922699.0,0,0,0,64,64
1922723.0,0,0,0,64,64
1923281.0,0,0,0,96,32
1923859.0,0,0,0,96,32
1923955.0,0,0,0,96,32
1924258.0,0,0,0,96,32
1924258.0,0,0,0,64,64
1924331.0,0,0,0,96,32
1924453.0,0,0,0,96,32
1924453.0,0,0,0,64,64
1925116.0,0,0,0,64,64
1925116.0,0,0,0,48,80
1925119.0,0,0,0,64,64
1925242.0,0,0,0,64,64
1925242.0,0,0,0,48,80
1925245.0,0,0,0,64,64
1925369.0,0,0,0,64,64
1925369.0,0,0,0,48,80
1925372.0,0,0,0,64,64
1925486.0,0,0,0,64,64
1925495.0,0,0,0,64,64
1925495.0,0,0,0,48,80
1925499.0,0,0,0,64,64
1925528.0,0,0,0,96,32
1925622.0,0,0,0,96,32
1925622.0,0,0,0,80,48
1925625.0,0,0,0,96,32
1925660.0,0,0,0,96,32
1925660.0,0,0,4,92,32
1925751.0,0,0,4,92,32
1925751.0,0,0,4,76,48
1925754.0,0,0,4,92,32
1925821.0,0,0,4,92,32
1925821.0,0,0,32,64,32
1926127.0,0,0,32,96,0
1926247.0,0,0,32,96,0
1926247.0,0,0,32,80,16
1926250.0,0,0,32,96,0
1926577.0,0,0,32,96,0
1926577.0,0,0,32,95,1
1926580.0,0,0,32,96,0
1926881.0,0,0,32,96,0
1926881.0,0,0,48,80,0
1928360.0,4,0,44,80,0
1928521.0,32,0,16,80,0
1928753.0,32,0,16,80,0
1928753.0,32,0,16,79,1
1928756.0,32,0,16,80,0
1928757.0,32,0,16,80,0
1928757.0,0,32,16,80,0
1928807.0,0,32,16,80,0
1929099.0,0,32,16,80,0
1929581.0,16,32,0,80,0
1929581.0,0,48,0,80,0
1930557.0,0,16,0,112,0
1931381.0,0,0,0,128,0
1931381.0,0,0,0,0,128
1931425.0,0,0,0,128,0
1931425.0,0,0,0,96,32
1931781.0,0,0,0,96,32
1931781.0,0,0,0,80,48
1931800.0,0,0,0,96,32
1931811.0,0,0,0,96,32
1931811.0,0,0,0,32,96
1931814.0,0,0,0,32,96
1931932.0,0,0,0,96,32
1931932.0,0,0,0,32,96
1931937.0,0,0,0,32,96
1931989.0,0,0,0,32,96
1932020.0,0,0,0,96,32
1932022.0,0,0,0,128,0
1932022.0,0,0,0,0,128
1932071.0,0,0,0,128,0
1932071.0,0,0,0,64,64
1932114.0,0,0,0,64,64
1932114.0,0,0,0,0,128
1932196.0,0,0,0,64,64
1932285.0,0,0,0,64,64
1932285.0,0,0,0,0,128
1932286.0,0,0,0,64,64
1932533.0,0,0,0,128,0
1932537.0,0,0,0,128,0
1932537.0,0,0,0,0,128
1932622.0,0,0,0,128,0
1932625.0,0,0,0,128,0
1932625.0,0,0,0,0,128
1932724.0,0,0,0,128,0
1932727.0,0,0,0,128,0
1932727.0,0,0,0,0,128
1932873.0,0,0,0,128,0
1932876.0,0,0,0,128,0
1932876.0,0,0,0,0,128
1933054.0,0,0,0,128,0
1933058.0,0,0,0,128,0
1933058.0,0,0,0,0,128
1933297.0,0,0,0,128,0
1933300.0,0,0,0,128,0
1933300.0,0,0,0,0,128
1935025.0,0,0,0,0,128
1935671.0,0,0,0,0,128
1935796.0,0,0,0,0,128
1935886.0,0,0,0,0,128
1936222.0,0,0,0,0,128
1936324.0,0,0,0,0,128
1936473.0,0,0,0,0,128
1936654.0,0,0,0,0,128
1936897.0,0,0,0,0,128
1943008.0,0,0,0,128,0
1943012.0,0,0,0,128,0
1943012.0,0,0,0,64,64
1944551.0,0,0,0,128,0
1944854.0,0,0,0,128,0
1944854.0,0,0,0,64,64
1945157.0,0,0,0,64,64
1945157.0,0,0,0,48,80
1945164.0,0,0,0,64,64
1945401.0,0,0,0,64,64
1945401.0,0,0,0,48,80
1945449.0,0,0,0,64,64
1946608.0,0,0,0,64,64
1946608.0,0,0,48,16,64
1949049.0,0,0,48,16,64
1949049.0,0,0,64,0,64
1949308.0,48,0,16,0,64
1951749.0,64,0,0,0,64
1953935.0,64,0,0,64,0
1953943.0,64,0,0,64,0
1953943.0,0,64,0,64,0
1955743.0,0,0,0,128,0
1955743.0,0,0,0,0,128
1957535.0,0,0,0,0,128
1963729.0,0,0,0,0,128
1964308.0,0,0,0,0,128
1964405.0,0,0,0,0,128
1964961.0,0,0,0,0,128
1965526.0,0,0,0,128,0
1965526.0,0,0,0,0,128
1965582.0,0,0,0,128,0
1965582.0,0,0,0,64,64
1965606.0,0,0,0,64,64
1965614.0,0,0,0,96,32
1965935.0,0,0,0,128,0
1965935.0,0,0,0,0,128
1966001.0,0,0,0,128,0
1966001.0,0,0,0,96,32
1966292.0,0,0,0,128,0
1966589.0,0,0,0,128,0
1966589.0,0,0,0,126,2
1967003.0,0,0,0,126,2
1967003.0,0,0,0,125,3
1967028.0,0,0,0,126,2
1967171.0,0,0,0,126,2
1967171.0,0,0,0,124,4
1967195.0,0,0,0,126,2
1967222.0,0,0,0,128,0
1967306.0,0,0,0,128,0
1967306.0,0,0,0,124,4
1967329.0,0,0,0,128,0
1967398.0,0,0,0,128,0
1967398.0,0,0,0,127,1
1967414.0,0,0,0,128,0
1967442.0,0,0,0,128,0
1967442.0,0,0,0,126,2
1967456.0,0,0,0,128,0
1967505.0,0,0,0,128,0
1967505.0,0,0,0,126,2
1967566.0,0,0,0,126,2
1967566.0,0,0,0,118,10
1967571.0,0,0,0,118,10
1967571.0,0,0,0,116,12
1967593.0,0,0,0,124,4
1967624.0,0,0,0,126,2
1967663.0,0,0,0,126,2
1967663.0,0,0,0,110,18
1967664.0,0,0,0,110,18
1967664.0,0,0,0,108,20
1967705.0,0,0,0,124,4
1967727.0,0,0,0,126,2
1967750.0,0,0,0,126,2
1967750.0,0,0,0,94,34
1967809.0,0,0,0,94,34
1967809.0,0,0,0,62,66
1967834.0,0,0,0,94,34
1967867.0,0,0,0,126,2
1967913.0,0,0,0,126,2
1967913.0,0,0,0,94,34
1967964.0,0,0,0,126,2
1967966.0,0,0,0,126,2
1967966.0,0,0,0,94,34
1968008.0,0,0,0,126,2
1968017.0,0,0,0,126,2
1968017.0,0,0,0,94,34
1968063.0,0,0,0,126,2
1968125.0,0,0,0,126,2
1968125.0,0,0,0,110,18
1968158.0,0,0,0,126,2
1968212.0,0,0,0,126,2
1968212.0,0,0,0,94,34
1968225.0,0,0,0,94,34
1968225.0,0,0,0,78,50
1968281.0,0,0,0,94,34
1968344.0,0,0,0,94,34
1968344.0,0,0,0,93,35
1968391.0,0,0,0,94,34
1968517.0,0,0,0,126,2
1969182.0,0,0,0,126,2
1969220.0,0,0,0,126,2
1969220.0,0,0,0,125,3
1969242.0,0,0,0,126,2
1969309.0,0,0,0,126,2
1969309.0,0,0,0,124,4
1969355.0,0,0,0,126,2
1969443.0,0,0,0,126,2
1969443.0,0,0,0,122,6
1969482.0,0,0,0,126,2
1969586.0,0,0,0,126,2
1969586.0,0,0,0,118,10
1969601.0,0,0,0,118,10
1969601.0,0,0,62,56,10
1969617.0,0,0,62,64,2
1969673.0,0,0,62,64,2
1969673.0,0,0,62,56,10
1969688.0,0,0,62,64,2
1969720.0,0,0,62,64,2
1969720.0,0,0,62,56,10
1969761.0,0,0,62,64,2
1969781.0,0,0,62,64,2
1969781.0,0,0,62,56,10
1969956.0,0,0,62,64,2
1970607.0,0,0,62,64,2
1970607.0,0,0,62,32,34
1970720.0,0,0,62,64,2
1970887.0,0,0,62,64,2
1970887.0,0,0,62,32,34
1970908.0,0,0,62,64,2
1971083.0,0,0,62,64,2
1971083.0,0,0,62,32,34
1971177.0,0,0,62,64,2
1971298.0,0,0,62,64,2
1971298.0,0,0,62,32,34
1971411.0,0,0,62,32,34
1971411.0,0,0,62,31,35
1971426.0,0,0,62,32,34
1971439.0,0,0,62,64,2
1971467.0,0,0,62,64,2
1971467.0,0,0,78,48,2
1971512.0,0,0,78,48,2
1971512.0,0,0,78,47,3
1971583.0,0,0,78,48,2
1971691.0,0,0,78,48,2
1971691.0,0,0,78,47,3
1971702.0,0,0,78,48,2
1971736.0,0,0,78,48,2
1971736.0,0,0,78,47,3
1971881.0,0,0,78,47,3
1971881.0,0,0,93,32,3
1971885.0,0,0,93,32,3
1971885.0,0,0,93,24,11
1971932.0,0,0,93,32,3
1972088.0,0,0,93,33,2
1972301.0,62,0,31,33,2
1972367.0,62,0,31,33,2
1972367.0,62,0,31,32,3
1972561.0,62,0,31,32,3
1972561.0,62,0,31,0,35
1974167.0,78,0,15,0,35
1974581.0,93,0,0,0,35
1974804.0,93,0,0,0,35
1974804.0,92,1,0,0,35
1974955.0,92,1,0,0,35
1974955.0,88,5,0,0,35
1975018.0,88,5,0,32,3
1975020.0,88,5,0,32,3
1975020.0,88,5,0,0,35
1975026.0,88,5,0,0,35
1975120.0,88,5,0,0,35
1975120.0,84,9,0,0,35
1975129.0,84,9,0,0,35
1975129.0,76,17,0,0,35
1975185.0,76,17,0,0,35
1975185.0,75,18,0,0,35
1975351.0,75,18,0,0,35
1975351.0,74,19,0,0,35
1975436.0,74,19,0,0,35
1975436.0,66,27,0,0,35
1975462.0,66,27,0,0,35
1975462.0,65,28,0,0,35
1975629.0,65,28,0,0,35
1975629.0,64,29,0,0,35
1975689.0,64,29,0,0,35
1975689.0,63,30,0,0,35
1975745.0,63,30,0,0,35
1975745.0,62,31,0,0,35
1976135.0,62,31,0,0,35
1976135.0,54,39,0,0,35
1976182.0,54,39,0,0,35
1976182.0,50,43,0,0,35
1976213.0,50,43,0,0,35
1976213.0,42,51,0,0,35
1976343.0,42,51,0,0,35
1976343.0,10,83,0,0,35
1976414.0,10,83,0,0,35
1976439.0,10,83,0,0,35
1976446.0,10,83,0,0,35
1976498.0,10,83,0,0,35
1976517.0,10,83,0,0,35
1976522.0,10,83,0,0,35
1976563.0,10,83,0,0,35
1976579.0,10,83,0,0,35
1976604.0,10,82,0,1,35
1976604.0,10,82,0,0,36
1976681.0,10,82,0,0,36
1976690.0,10,82,0,0,36
1976696.0,10,82,0,1,35
1976727.0,10,82,0,1,35
1976755.0,10,78,0,5,35
1976755.0,10,78,0,1,39
1976809.0,10,78,0,1,39
1976810.0,10,78,0,5,35
1976920.0,10,74,0,9,35
1976920.0,10,74,0,5,39
1976929.0,10,66,0,13,39
1976929.0,10,66,0,5,47
1976974.0,10,66,0,5,47
1976978.0,10,66,0,9,43
1976985.0,10,65,0,10,43
1976985.0,10,65,0,9,44
1976986.0,10,65,0,9,44
1977006.0,10,65,0,10,43
1977110.0,10,65,0,10,43
1977138.0,10,65,0,12,41
1977151.0,10,64,0,13,41
1977151.0,10,64,0,12,42
1977172.0,10,64,0,13,41
1977182.0,10,64,0,21,33
1977236.0,10,56,0,29,33
1977236.0,10,56,0,21,41
1977262.0,10,55,0,22,41
1977262.0,10,55,0,21,42
1977283.0,10,55,0,22,41
1977283.0,0,65,0,22,41
1977429.0,0,64,0,23,41
1977429.0,0,64,0,22,42
1977438.0,0,64,0,23,41
1977489.0,0,63,0,24,41
1977489.0,0,63,0,23,42
1977515.0,0,63,0,24,41
1977545.0,0,62,0,25,41
1977545.0,0,62,0,24,42
1977556.0,0,62,0,24,42
1977564.0,0,62,0,24,42
1977801.0,0,62,0,24,42
1977838.0,0,62,0,32,34
1977838.0,0,62,0,24,42
1977915.0,0,62,0,32,34
1977915.0,0,62,0,27,39
1977929.0,0,62,0,27,39
1977935.0,0,54,0,35,39
1977935.0,0,54,0,27,47
1977936.0,0,54,0,28,46
1977956.0,0,54,0,36,38
1977975.0,0,54,0,36,38
1977982.0,0,50,0,40,38
1977982.0,0,50,0,36,42
1978013.0,0,42,0,44,42
1978013.0,0,42,0,36,50
1978029.0,0,42,0,40,46
1978036.0,0,42,0,44,42
1978039.0,0,42,0,52,34
1978041.0,0,42,0,53,33
1978044.0,0,42,0,53,33
1978143.0,0,10,0,85,33
1978143.0,0,10,0,53,65
1978205.0,0,10,0,53,65
1978307.0,0,10,0,85,33
1978307.0,0,10,0,25,93
1978355.0,0,10,0,33,85
1978355.0,0,10,0,25,93
1978382.0,0,10,0,29,89
1978382.0,0,10,0,23,95
1978383.0,0,10,0,27,91
1978383.0,0,10,0,24,94
1978395.0,0,10,0,26,92
1978395.0,0,10,0,22,96
1978399.0,0,10,0,26,92
1978399.0,0,10,0,23,95
1978405.0,0,10,0,24,94
1978417.0,0,10,0,26,92
1978417.0,0,10,0,22,96
1978420.0,0,10,0,23,95
1978431.0,0,10,0,27,91
1978431.0,0,10,0,23,95
1978443.0,0,10,0,27,91
1978443.0,0,10,0,23,95
1978444.0,0,10,0,27,91
1978444.0,0,10,0,23,95
1978458.0,0,10,0,27,91
1978467.0,0,10,0,29,89
1978485.0,0,10,0,33,85
1978491.0,0,10,0,37,81
1978535.0,0,10,0,41,77
1978618.0,0,10,0,41,77
1978645.0,0,10,0,41,77
1978645.0,0,10,0,37,81
1978677.0,0,10,0,41,77
1978743.0,0,10,0,73,45
1978889.0,0,10,0,73,45
1978889.0,0,10,0,65,53
1978901.0,0,10,0,65,53
1978901.0,0,10,0,57,61
1978913.0,0,10,0,61,57
1978951.0,0,10,0,61,57
1978951.0,0,10,0,29,89
1979057.0,0,10,0,37,81
1979083.0,0,0,0,47,81
1979083.0,0,0,0,15,113
1979107.0,0,0,0,15,113
1979107.0,0,0,0,11,117
1979153.0,0,0,0,15,113
1979190.0,0,0,0,15,113
1979267.0,0,0,0,23,105
1979267.0,0,0,0,7,121
1979273.0,0,0,0,39,89
1979303.0,0,0,0,39,89
1979303.0,0,0,0,7,121
1979311.0,0,0,0,7,121
1979330.0,0,0,0,39,89
1979330.0,0,0,0,23,105
1979378.0,0,0,0,23,105
1979378.0,0,0,0,19,109
1979430.0,0,0,0,35,93
1979616.0,0,0,0,35,93
1979616.0,0,0,0,31,97
1979647.0,0,0,0,35,93
1979714.0,0,0,0,51,77
1979736.0,0,0,0,51,77
1979736.0,0,0,0,35,93
1979977.0,0,0,0,51,77
1979993.0,0,0,0,51,77
1979993.0,0,0,0,47,81
1980027.0,0,0,0,51,77
1980108.0,0,0,0,51,77
1980108.0,0,0,0,47,81
1980112.0,0,0,0,51,77
1980124.0,0,0,0,51,77
1980124.0,0,0,0,47,81
1980133.0,0,0,0,51,77
1980228.0,0,0,0,51,77
1980228.0,0,0,0,47,81
1980234.0,0,0,0,47,81
1980234.0,0,0,0,43,85
1980269.0,0,0,0,43,85
1980269.0,0,0,0,39,89
1980296.0,0,0,0,39,89
1980311.0,0,0,0,43,85
1980369.0,0,0,0,47,81
1980516.0,0,0,0,51,77
1980574.0,0,0,0,51,77
1980574.0,0,0,0,35,93
1980624.0,0,0,0,35,93
1980624.0,0,0,0,19,109
1980659.0,0,0,0,19,109
1980659.0,0,0,0,15,113
1980820.0,0,0,0,15,113
1980820.0,0,0,0,13,115
1980844.0,0,0,0,15,113
1981005.0,0,0,0,31,97
1981021.0,0,0,0,31,97
1981021.0,0,0,0,29,99
1981038.0,0,0,0,29,99
1981296.0,0,0,0,45,83
1981613.0,0,0,0,49,79
1981648.0,0,0,0,49,79
1981648.0,0,0,0,48,80
1981655.0,0,0,0,49,79
1981794.0,0,0,0,49,79
1981794.0,0,0,0,45,83
1981907.0,0,0,0,45,83
1981999.0,0,0,0,45,83
1982020.0,0,0,0,45,83
1982027.0,0,0,0,45,83
1982027.0,0,0,0,44,84
1982031.0,0,0,0,44,84
1982031.0,0,0,1,43,84
1982035.0,0,0,1,44,83
1982058.0,0,0,1,44,83
1982058.0,0,0,3,42,83
1982107.0,0,0,3,42,83
1982107.0,0,0,3,10,115
1982128.0,0,0,3,14,111
1982173.0,0,0,3,46,79
1982189.0,0,0,3,46,79
1982189.0,0,0,3,14,111
1982234.0,0,0,3,46,79
1982511.0,0,0,3,46,79
1982511.0,0,0,3,42,83
1982521.0,0,0,3,42,83
1982521.0,0,0,3,38,87
1982599.0,0,0,3,38,87
1982638.0,0,0,3,42,83
1982692.0,0,0,3,42,83
1982744.0,0,0,3,42,83
1982777.0,0,0,3,46,79
1982785.0,0,0,3,46,79
1982796.0,0,0,3,46,79
1982870.0,0,0,3,46,79
1982901.0,0,0,3,47,78
1982930.0,0,0,3,47,78
1982930.0,0,0,12,38,78
1982937.0,0,0,12,70,46
1982937.0,0,0,12,38,78
1982988.0,0,0,12,38,78
1983031.0,0,0,12,38,78
1983089.0,0,0,12,38,78
1983095.0,0,0,12,38,78
1983161.0,0,0,12,38,78
1983216.0,0,0,12,70,46
1983216.0,0,0,12,38,78
1983241.0,0,0,12,42,74
1983373.0,0,0,12,42,74
1983438.0,0,0,12,42,74
1983527.0,0,0,12,42,74
1983574.0,0,0,12,42,74
1983653.0,0,0,12,42,74
1983655.0,0,0,12,42,74
1983681.0,0,0,12,42,74
1983696.0,0,0,12,42,74
1983703.0,0,0,12,42,74
1983723.0,0,0,12,42,74
1983753.0,0,0,12,42,74
1983832.0,0,0,12,50,66
1983832.0,0,0,12,42,74
1983876.0,0,0,12,74,42
1983876.0,0,0,12,41,75
1983904.0,0,0,12,41,75
1983905.0,0,0,12,42,74
1983912.0,0,0,12,58,58
1984026.0,0,0,12,74,42
1984026.0,0,0,12,41,75
1984088.0,0,0,12,41,75
1984168.0,0,0,12,41,75
1984226.0,0,0,12,41,75
1984291.0,0,0,12,41,75
1984301.0,0,0,12,41,75
1984539.0,0,0,12,41,75
1984610.0,0,0,12,41,75
1984668.0,0,0,12,41,75
1984731.0,1,0,11,41,75
1984731.0,0,1,11,41,75
1984758.0,2,1,9,41,75
1984758.0,0,3,9,41,75
1984886.0,0,3,9,41,75
1985279.0,0,3,9,43,73
1985324.0,0,3,9,43,73
1985348.0,0,3,9,43,73
1985421.0,0,3,9,43,73
1985630.0,9,3,0,43,73
1985630.0,2,10,0,43,73
1985788.0,2,10,0,75,41
1985788.0,1,11,0,39,77
1985803.0,1,11,0,39,77
1985895.0,1,11,0,43,73
1985895.0,0,12,0,39,77
1986015.0,0,12,0,43,73
1986036.0,0,12,0,43,73
1986211.0,0,12,0,75,41
1986211.0,0,12,0,44,72
1986218.0,0,12,0,45,71
1986219.0,0,12,0,46,70
1986224.0,0,12,0,47,69
1986233.0,0,12,0,51,65
1986238.0,0,12,0,51,65
1986243.0,0,12,0,51,65
1986308.0,0,12,0,55,61
1986308.0,0,12,0,39,77
1986324.0,0,12,0,43,73
1986324.0,0,12,0,39,77
1986410.0,0,12,0,55,61
1986420.0,0,12,0,55,61
1986430.0,0,12,0,71,45
1986430.0,0,12,0,39,77
1986499.0,0,12,0,71,45
1986499.0,0,12,0,62,54
1986508.0,0,12,0,62,54
1986523.0,0,12,0,63,53
1986531.0,0,11,0,64,53
1986537.0,0,11,0,64,53
1986558.0,0,9,0,66,53
1986558.0,0,9,0,34,85
1986595.0,0,9,0,38,81
1986607.0,0,9,0,38,81
1986610.0,0,9,0,70,49
1986610.0,0,9,0,30,89
1986613.0,0,9,0,34,85
1986712.0,0,9,0,38,81
1986787.0,0,9,0,42,77
1986787.0,0,9,0,10,109
1986816.0,0,9,0,10,109
1986841.0,0,9,0,10,109
1987062.0,0,9,0,10,109
1987169.0,0,9,0,10,109
1987215.0,0,9,0,10,109
1987237.0,0,9,0,10,109
1987335.0,0,9,0,10,109
1987388.0,0,9,0,10,109
1987404.0,0,9,0,10,109
1987430.0,0,2,0,17,109
1987430.0,0,2,0,1,125
1987432.0,0,2,0,1,125
1987436.0,0,2,0,2,124
1987479.0,0,2,0,2,124
1987487.0,0,2,0,18,108
1987487.0,0,2,0,6,120
1987537.0,0,2,0,6,120
1987558.0,0,2,0,8,118
1987579.0,0,2,0,16,110
1987579.0,0,2,0,8,118
1987588.0,0,1,0,9,118
1987588.0,0,1,0,7,120
1987619.0,0,1,0,7,120
1987676.0,0,1,0,15,112
1987676.0,0,1,0,7,120
1987684.0,0,1,0,9,118
1987695.0,0,0,0,10,118
1987695.0,0,0,0,9,119
1987696.0,0,0,0,9,119
1987760.0,0,0,0,17,111
1987760.0,0,0,0,1,127
1987852.0,0,0,0,49,79
1987852.0,0,0,0,1,127
1987869.0,0,0,0,1,127
1987875.0,0,0,0,2,126
1987883.0,0,0,0,3,125
1987941.0,0,0,0,19,109
1987941.0,0,0,0,3,125
1987945.0,0,0,0,19,109
1987953.0,0,0,0,23,105
1987955.0,0,0,0,27,101
1987963.0,0,0,0,31,97
1987979.0,0,0,0,31,97
1988053.0,0,0,0,47,81
1988053.0,0,0,0,11,117
1988121.0,0,0,0,15,113
1988338.0,0,0,0,15,113
1988415.0,0,0,0,15,113
1988417.0,0,0,0,23,105
1988528.0,0,0,0,23,105
1988591.0,0,0,0,55,73
1988591.0,0,0,0,18,110
1988657.0,0,0,0,19,109
1988694.0,0,0,0,23,105
1988742.0,0,0,0,23,105
1988799.0,0,0,0,23,105
1988848.0,0,0,0,23,105
1988966.0,0,0,0,23,105
1989042.0,0,0,0,23,105
1989278.0,0,0,0,55,73
1989278.0,0,0,0,22,106
1989329.0,0,0,0,23,105
1989504.0,0,0,0,23,105
1989538.0,0,0,0,24,104
1989545.0,0,0,0,56,72
1989545.0,0,0,0,24,104
1989574.0,0,0,0,56,72
1989574.0,0,0,0,24,104
1989615.0,0,0,0,24,104
1989803.0,0,0,0,28,100
1989897.0,0,0,0,60,68
1989897.0,0,0,0,28,100
1989913.0,0,0,0,60,68
1989913.0,0,0,0,22,106
1989929.0,0,0,0,24,104
1989944.0,0,0,0,25,103
1989948.0,0,0,0,26,102
1989950.0,0,0,0,26,102
1989960.0,0,0,0,30,98
1989993.0,0,0,0,30,98
1990010.0,0,0,0,30,98
1990054.0,0,0,0,62,66
1990054.0,0,0,0,30,98
1990099.0,0,0,0,30,98
1990168.0,0,0,0,30,98
1990238.0,0,0,0,30,98
1990248.0,0,0,0,30,98
1990294.0,0,0,0,30,98
1990471.0,0,0,0,30,98
1990506.0,0,0,0,62,66
1990506.0,0,0,0,12,116
1990510.0,0,0,0,16,112
1990535.0,0,0,0,20,108
1990615.0,0,0,0,21,107
1990644.0,0,0,0,23,105
1990675.0,0,0,0,27,101
1990802.0,0,0,0,27,101
1990906.0,0,0,0,31,97
1990915.0,0,0,0,31,97
1990929.0,0,0,0,31,97
1991001.0,0,0,0,31,97
1991006.0,0,0,0,31,97
1991036.0,0,0,0,31,97
1991087.0,0,0,0,31,97
1991284.0,0,0,0,31,97
1991284.0,0,0,1,30,97
1991306.0,0,0,1,30,97
1991366.0,0,0,1,30,97
1991483.0,0,0,1,30,97
1991483.0,0,0,2,29,97
1991555.0,0,0,2,29,97
1991555.0,0,0,6,25,97
1991587.0,0,0,6,25,97
1991615.0,0,0,6,25,97
1991640.0,0,0,6,25,97
1991642.0,0,0,6,25,97
1991659.0,0,0,6,25,97
1991750.0,0,0,6,25,97
1991752.0,0,0,6,57,65
1991752.0,0,0,6,19,103
1991779.0,0,0,6,21,101
1991862.0,0,0,6,25,97
1992015.0,0,0,6,57,65
1992015.0,0,0,6,6,116
1992044.0,0,0,6,10,112
1992047.0,0,0,6,11,111
1992052.0,0,0,6,12,110
1992054.0,0,0,6,20,102
1992105.0,0,0,6,21,101
1992137.0,0,0,6,25,97
1992662.0,0,0,6,25,97
1992782.0,0,0,6,57,65
1992782.0,0,0,6,15,107
1992783.0,0,0,6,15,107
1992833.0,0,0,6,16,106
1992846.0,0,0,6,17,105
1992860.0,0,0,6,17,105
1992864.0,0,0,6,17,105
1992877.0,0,0,6,17,105
1992878.0,0,0,6,17,105
1992917.0,0,0,6,17,105
1992920.0,0,0,6,17,105
1992984.0,0,0,6,17,105
1993028.0,0,0,6,18,104
1993028.0,0,0,6,14,108
1993069.0,0,0,6,18,104
1993087.0,0,0,6,18,104
1993138.0,0,0,6,18,104
1993442.0,0,0,6,18,104
1993638.0,0,0,6,18,104
1993737.0,0,0,6,18,104
1993944.0,0,0,6,26,96
1993984.0,1,0,5,26,96
1993984.0,0,1,5,26,96
1993996.0,0,1,5,58,64
1993996.0,0,1,5,15,107
1994058.0,0,1,5,19,103
1994068.0,0,1,5,20,102
1994084.0,0,1,5,20,102
1994104.0,0,1,5,20,102
1994138.0,0,1,5,20,102
1994183.0,1,1,4,20,102
1994183.0,0,2,4,20,102
1994255.0,4,2,0,20,102
1994255.0,0,6,0,20,102
1994282.0,0,6,0,52,70
1994282.0,0,6,0,14,108
1994291.0,0,6,0,14,108
1994296.0,0,6,0,14,108
1994307.0,0,6,0,15,107
1994307.0,0,6,0,14,108
1994310.0,0,6,0,14,108
1994312.0,0,6,0,15,107
1994354.0,0,6,0,19,103
1994354.0,0,6,0,14,108
1994358.0,0,6,0,15,107
1994377.0,0,6,0,15,107
1994402.0,0,6,0,19,103
1994402.0,0,6,0,15,107
1994486.0,0,6,0,19,103
1994490.0,0,6,0,19,103
1994492.0,0,6,0,20,102
1994535.0,0,6,0,20,102
1994566.0,0,6,0,20,102
1994581.0,0,6,0,20,102
1994775.0,0,6,0,20,102
1994848.0,0,6,0,20,102
1994868.0,0,6,0,20,102
1994889.0,0,6,0,20,102
1994969.0,0,6,0,20,102
1995150.0,0,6,0,20,102
1995201.0,0,6,0,52,70
1995201.0,0,6,0,20,102
1995287.0,0,6,0,52,70
1995287.0,0,6,0,20,102
1995384.0,0,6,0,52,70
1995384.0,0,6,0,15,107
1995424.0,0,6,0,19,103
1995424.0,0,6,0,15,107
1995429.0,0,6,0,15,107
1995497.0,0,6,0,19,103
1995497.0,0,6,0,15,107
1995499.0,0,6,0,15,107
1995510.0,0,6,0,16,106
1995510.0,0,6,0,14,108
1995532.0,0,6,0,14,108
1995552.0,0,6,0,16,106
1995552.0,0,6,0,15,107
1995556.0,0,6,0,15,107
1995570.0,0,6,0,19,103
1995570.0,0,6,0,14,108
1995586.0,0,6,0,15,107
1995595.0,0,6,0,16,106
1995632.0,0,6,0,20,102
1995632.0,0,6,0,14,108
1995723.0,0,6,0,18,104
1995723.0,0,6,0,14,108
1995783.0,0,6,0,18,104
1995783.0,0,6,0,14,108
1995784.0,0,5,0,15,108
1995818.0,0,5,0,15,108
1995840.0,0,5,0,19,104
1995945.0,0,5,0,21,102
1995957.0,0,5,0,21,102
1995983.0,0,4,0,22,102
1996054.0,0,4,0,22,102
1996055.0,0,0,0,26,102
1996055.0,0,0,0,6,122
1996100.0,0,0,0,10,118
1996120.0,0,0,0,26,102
1996308.0,0,0,0,26,102
1996543.0,0,0,0,26,102
1996669.0,0,0,0,26,102
1996670.0,0,0,0,26,102
1996786.0,0,0,0,58,70
1996786.0,0,0,0,19,109
1996814.0,0,0,0,20,108
1996857.0,0,0,0,20,108
1996936.0,0,0,0,20,108
1996937.0,0,0,0,52,76
1996937.0,0,0,0,20,108
1997135.0,0,0,0,20,108
1997163.0,0,0,0,52,76
1997163.0,0,0,0,20,108
1997164.0,0,0,0,20,108
1997185.0,0,0,0,20,108
1997231.0,0,0,0,52,76
1997231.0,0,0,0,0,128
1997249.0,0,0,0,4,124
1997249.0,0,0,0,3,125
1997251.0,0,0,0,35,93
1997251.0,0,0,0,29,99
1997257.0,0,0,0,29,99
1997257.0,0,0,0,25,103
1997272.0,0,0,0,29,99
1997273.0,0,0,0,30,98
1997293.0,0,0,0,34,94
1997296.0,0,0,0,42,86
1997308.0,0,0,0,46,82
1997401.0,0,0,0,50,78
1997546.0,0,0,0,50,78
1997546.0,0,0,0,49,79
1997553.0,0,0,0,53,75
1997583.0,0,0,0,54,74
1997784.0,0,0,0,54,74
1997784.0,0,0,0,53,75
1997805.0,0,0,0,54,74
1997885.0,0,0,0,54,74
1997885.0,0,0,0,53,75
1997912.0,0,0,0,53,75
1997947.0,0,0,0,54,74
1997948.0,0,0,0,54,74
1997948.0,0,0,0,50,78
1997958.0,0,0,0,50,78
1998049.0,0,0,0,50,78
1998049.0,0,0,0,49,79
1998074.0,0,0,0,50,78
1998078.0,0,0,0,50,78
1998078.0,0,0,0,46,82
1998092.0,0,0,0,46,82
1998101.0,0,0,0,46,82
1998101.0,0,0,0,44,84
1998142.0,0,0,0,46,82
1998146.0,0,0,0,50,78
1998167.0,0,0,0,50,78
1998167.0,0,0,0,46,82
1998229.0,0,0,0,50,78
1998239.0,0,0,0,54,74
1998304.0,0,0,0,56,72
1998330.0,0,0,0,56,72
1998330.0,0,0,0,55,73
1998348.0,0,0,0,56,72
1998391.0,0,0,0,58,70
1998415.0,0,0,0,62,66
1998458.0,0,0,0,62,66
1998458.0,0,0,0,61,67
1998496.0,0,0,0,62,66
1998594.0,0,0,0,62,66
1998594.0,0,0,0,58,70
1998596.0,0,0,0,58,70
1998596.0,0,0,0,57,71
1998620.0,0,0,0,58,70
1998637.0,0,0,0,58,70
1998637.0,0,0,0,54,74
1998659.0,0,0,0,54,74
1998659.0,0,0,0,52,76
1998723.0,0,0,0,56,72
1998730.0,0,0,0,56,72
1998730.0,0,0,0,52,76
1998749.0,0,0,0,84,44
1998789.0,0,0,0,88,40
1998807.0,0,0,0,88,40
1998807.0,0,0,0,87,41
1998817.0,0,0,0,91,37
1998828.0,0,0,0,92,36
1998858.0,0,0,0,92,36
1998858.0,0,0,0,88,40
1998928.0,0,0,0,92,36
1998977.0,0,0,0,94,34
1999059.0,0,0,0,94,34
1999059.0,0,0,0,90,38
1999113.0,0,0,0,94,34
1999140.0,0,0,0,94,34
1999140.0,0,0,0,90,38
1999152.0,0,0,0,90,38
1999186.0,0,0,0,90,38
1999212.0,0,0,0,94,34
1999350.0,0,0,0,94,34
1999350.0,0,0,0,78,50
1999383.0,0,0,0,94,34
1999440.0,0,0,0,94,34
1999519.0,0,0,0,94,34
1999519.0,0,0,0,93,35
1999534.0,0,0,0,125,3
1999545.0,0,0,0,125,3
1999569.0,0,0,0,125,3
1999569.0,0,0,0,117,11
1999592.0,0,0,0,117,11
1999592.0,0,0,0,109,19
1999597.0,0,0,0,110,18
1999632.0,0,0,0,110,18
1999632.0,0,0,0,109,19
1999651.0,0,0,0,110,18
1999667.0,0,0,0,118,10
1999721.0,0,0,0,126,2
1999830.0,0,0,0,126,2
1999830.0,0,0,0,125,3
1999845.0,0,0,0,126,2
1999877.0,0,0,0,128,0
1999944.0,0,0,0,128,0
1999944.0,0,0,0,127,1
1999987.0,0,0,0,128,0
1999999.0,0,0,0,128,0
1999999.0,0,0,0,127,1
2000020.0,0,0,0,127,1
2000020.0,0,0,0,119,9
2000030.0,0,0,0,120,8
2000061.0,0,0,0,128,0
2000194.0,0,0,0,128,0
2000194.0,0,0,0,120,8
2000244.0,0,0,0,120,8
2000244.0,0,0,0,112,16
2000255.0,0,0,0,120,8
2000284.0,0,0,0,128,0
2000287.0,0,0,0,128,0
2000287.0,0,0,0,124,4
2000331.0,0,0,0,124,4
2000331.0,0,0,0,116,12
2000362.0,0,0,0,120,8
2000390.0,0,0,0,128,0
2000415.0,0,0,0,128,0
2000415.0,0,0,0,120,8
2000442.0,0,0,0,120,8
2000442.0,0,0,0,119,9
2000449.0,0,0,0,120,8
2000456.0,0,0,0,120,8
2000456.0,0,0,0,119,9
2000464.0,0,0,0,127,1
2000475.0,0,0,0,128,0
2000486.0,0,0,0,128,0
2000486.0,0,0,0,120,8
2000560.0,0,0,0,128,0
2000561.0,0,0,0,128,0
2000561.0,0,0,0,127,1
2000578.0,0,0,0,128,0
2000849.0,0,0,0,128,0
2000849.0,0,0,3,125,0
2000851.0,0,0,3,125,0
2000851.0,0,0,23,105,0
2000872.0,0,0,23,105,0
2000872.0,0,0,27,101,0
2000873.0,0,0,27,101,0
2000873.0,0,0,28,100,0
2000893.0,0,0,28,100,0
2000893.0,0,0,32,96,0
2000896.0,0,0,32,96,0
2000896.0,0,0,40,88,0
2000908.0,0,0,40,88,0
2000908.0,0,0,44,84,0
2001141.0,0,0,44,84,0
2001141.0,0,0,44,52,32
2001408.0,0,0,44,52,32
2001408.0,0,0,44,51,33
2001417.0,0,0,44,52,32
2001497.0,0,0,44,52,32
2001515.0,0,0,44,52,32
2001670.0,0,0,44,52,32
2001703.0,0,0,44,52,32
2001904.0,0,0,44,52,32
2001991.0,0,0,44,52,32
2003549.0,3,0,41,52,32
2003549.0,0,3,41,52,32
2003551.0,20,3,21,52,32
2003551.0,0,23,21,52,32
2003572.0,4,23,17,52,32
2003573.0,5,23,16,52,32
2003573.0,4,24,16,52,32
2003574.0,4,24,16,84,0
2003576.0,4,24,16,84,0
2003576.0,4,24,16,52,32
2003593.0,8,24,12,52,32
2003596.0,16,24,4,52,32
2003608.0,20,24,0,52,32
2003608.0,16,28,0,52,32
2003794.0,16,28,0,52,32
2003794.0,15,29,0,52,32
2004146.0,15,29,0,52,32
2004146.0,14,30,0,52,32
2004237.0,14,30,0,52,32
2004237.0,13,31,0,52,32
2004299.0,13,31,0,52,32
2004299.0,12,32,0,52,32
2004333.0,12,32,0,52,32
2004333.0,8,36,0,52,32
2004355.0,8,36,0,52,32
2004355.0,6,38,0,52,32
2004421.0,6,38,0,52,32
2004421.0,2,42,0,52,32
2004684.0,2,42,0,52,32
2004684.0,1,43,0,52,32
2004704.0,1,43,0,52,32
2004704.0,0,44,0,52,32
2004745.0,0,44,0,52,32
2004766.0,0,44,0,52,32
2004787.0,0,44,0,52,32
2005065.0,0,44,0,52,32
2005223.0,0,44,0,52,32
2005349.0,0,41,0,55,32
2005351.0,0,21,0,75,32
2005351.0,0,21,0,35,72
2005373.0,0,20,0,36,72
2005408.0,0,16,0,40,72
2005408.0,0,16,0,0,112
2005479.0,0,16,0,8,104
2005479.0,0,16,0,1,111
2005496.0,0,16,0,2,110
2005497.0,0,16,0,34,78
2005497.0,0,16,0,25,87
2005513.0,0,16,0,26,86
2005532.0,0,16,0,26,86
2005532.0,0,16,0,18,94
2005551.0,0,16,0,26,86
2005557.0,0,16,0,26,86
2005579.0,0,16,0,28,84
2005586.0,0,16,0,36,76
2005590.0,0,16,0,36,76
2005594.0,0,15,0,37,76
2005594.0,0,15,0,36,77
2005598.0,0,15,0,41,72
2005804.0,0,15,0,41,72
2005868.0,0,15,0,41,72
2005946.0,0,14,0,42,72
2005946.0,0,14,0,41,73
2005962.0,0,14,0,42,72
2005967.0,0,14,0,42,72
2006037.0,0,13,0,75,40
2006037.0,0,13,0,6,109
2006038.0,0,13,0,6,109
2006074.0,0,13,0,6,109
2006078.0,0,13,0,10,105
2006087.0,0,13,0,11,104
2006099.0,0,12,0,12,104
2006099.0,0,12,0,11,105
2006129.0,0,12,0,12,104
2006133.0,0,8,0,16,104
2006133.0,0,8,0,12,108
2006140.0,0,8,0,12,108
2006155.0,0,6,0,14,108
2006155.0,0,6,0,12,110
2006167.0,0,6,0,12,110
2006171.0,0,6,0,16,106
2006184.0,0,6,0,18,104
2006189.0,0,6,0,18,104
2006221.0,0,2,0,22,104
2006221.0,0,2,0,18,108
2006224.0,0,2,0,22,104
2006236.0,0,2,0,86,40
2006236.0,0,2,0,13,113
2006266.0,0,2,0,14,112
2006305.0,0,2,0,22,104
2006484.0,0,1,0,23,104
2006484.0,0,1,0,22,105
2006504.0,0,0,0,23,105
2006504.0,0,0,0,22,106
2006509.0,0,0,0,23,105
2006527.0,0,0,0,24,104
2006687.0,0,0,0,24,104
2007114.0,0,0,0,24,104
2007126.0,0,0,0,24,104
2007174.0,0,0,0,24,104
2007247.0,0,0,0,24,104
2007287.0,0,0,0,24,104
2007382.0,0,0,0,24,104
2007406.0,0,0,0,88,40
2007406.0,0,0,0,0,128
2007428.0,0,0,0,1,127
2007455.0,0,0,0,2,126
2007471.0,0,0,0,10,118
2007471.0,0,0,0,0,128
2007474.0,0,0,0,8,120
2007486.0,0,0,0,9,119
2007510.0,0,0,0,10,118
2007540.0,0,0,0,18,110
2007558.0,0,0,0,18,110
2007558.0,0,0,0,10,118
2007609.0,0,0,0,18,110
2007778.0,0,0,0,20,108
2007799.0,0,0,0,24,104
2008184.0,0,0,0,24,104
2008184.0,0,0,0,16,112
2008250.0,0,0,0,24,104
2008357.0,0,0,0,24,104
2008357.0,0,0,0,16,112
2008422.0,0,0,0,24,104
2008488.0,0,0,0,24,104
2008535.0,0,0,0,24,104
2008600.0,0,0,0,24,104
2008670.0,0,0,0,24,104
2008672.0,0,0,0,24,104
2008703.0,0,0,0,24,104
2008720.0,0,0,0,24,104
2008766.0,0,0,0,24,104
2008834.0,0,0,0,24,104
2009019.0,0,0,0,32,96
2009019.0,0,0,0,0,128
2009051.0,0,0,0,32,96
2009051.0,0,0,0,18,110
2009066.0,0,0,0,19,109
2009070.0,0,0,0,20,108
2009071.0,0,0,0,21,107
2009073.0,0,0,0,23,105
2009079.0,0,0,0,23,105
2009117.0,0,0,0,24,104
2009119.0,0,0,0,32,96
2009282.0,0,0,0,32,96
2009310.0,0,0,0,32,96
2009369.0,0,0,0,32,96
2009548.0,0,0,0,32,96
2009562.0,0,0,0,32,96
2009595.0,0,0,0,32,96
2009703.0,0,0,0,32,96
2009801.0,0,0,0,32,96
2009851.0,0,0,0,64,64
2009851.0,0,0,0,0,128
2009955.0,0,0,0,0,128
2009995.0,0,0,0,0,128
2010009.0,0,0,0,64,64
2010009.0,0,0,0,20,108
2010025.0,0,0,0,21,107
2010029.0,0,0,0,22,106
2010039.0,0,0,0,30,98
2010067.0,0,0,0,38,90
2010073.0,0,0,0,46,82
2010077.0,0,0,0,54,74
2010078.0,0,0,0,62,66
2010446.0,0,0,0,62,66
2010446.0,0,0,0,30,98
2010470.0,0,0,0,30,98
2010470.0,0,0,0,26,102
2010506.0,0,0,0,30,98
2010547.0,0,0,0,30,98
2010547.0,0,0,0,29,99
2010565.0,0,0,0,30,98
2010627.0,0,0,0,30,98
2010627.0,0,0,0,26,102
2010639.0,0,0,0,26,102
2010639.0,0,0,0,25,103
2010655.0,0,0,0,29,99
2010677.0,0,0,0,30,98
2010705.0,0,0,0,30,98
2010705.0,0,0,0,29,99
2010714.0,0,0,0,30,98
2010716.0,0,0,0,30,98
2010716.0,0,0,0,22,106
2010719.0,0,0,0,54,74
2010779.0,0,0,0,54,74
2010779.0,0,0,0,53,75
2010794.0,0,0,0,61,67
2010816.0,0,0,0,62,66
2010918.0,0,0,0,62,66
2010918.0,0,0,0,30,98
2011019.0,0,0,0,30,98
2011019.0,0,0,0,29,99
2011028.0,0,0,0,29,99
2011074.0,0,0,0,29,99
2011085.0,0,0,0,30,98
2011225.0,0,0,0,30,98
2011225.0,0,0,0,26,102
2011253.0,0,0,0,30,98
2011261.0,0,0,0,31,97
2011439.0,0,0,0,63,65
2011628.0,0,0,0,63,65
2011628.0,0,0,0,59,69
2011648.0,0,0,0,63,65
2011825.0,0,0,0,63,65
2011825.0,0,0,0,59,69
2011837.0,0,0,0,63,65
2012212.0,0,0,0,63,65
2012212.0,0,0,0,62,66
2012227.0,0,0,0,63,65
2012510.0,0,0,0,63,65
2012510.0,0,0,0,62,66
2012531.0,0,0,0,63,65
2012651.0,0,0,0,63,65
2012845.0,0,0,0,63,65
2012845.0,0,0,0,62,66
2012866.0,0,0,0,63,65
2012957.0,0,0,0,63,65
2012957.0,0,0,0,62,66
2012977.0,0,0,0,63,65
2013148.0,0,0,0,63,65
2013148.0,0,0,0,62,66
2013306.0,0,0,0,63,65
2013330.0,0,0,0,63,65
2013330.0,0,0,0,62,66
2013339.0,0,0,0,94,34
2013366.0,0,0,0,94,34
2013366.0,0,0,0,93,35
2013386.0,0,0,0,94,34
2013427.0,0,0,0,94,34
2013427.0,0,0,0,62,66
2013455.0,0,0,0,63,65
2013609.0,0,0,0,63,65
2013609.0,0,0,10,53,65
2013801.0,0,0,10,85,33
2013802.0,0,0,10,85,33
2013802.0,0,0,10,53,65
2014319.0,0,0,10,53,65
2014319.0,0,0,26,37,65
2014853.0,0,0,26,37,65
2014853.0,0,0,29,34,65
2014861.0,0,0,29,34,65
2014861.0,0,0,30,33,65
2015039.0,0,0,30,33,65
2015039.0,0,0,38,25,65
2015295.0,0,0,38,25,65
2015812.0,0,0,38,57,33
2015816.0,0,0,38,57,33
2015816.0,0,0,38,56,34
2015832.0,0,0,38,57,33
2016226.0,0,0,38,57,33
2016226.0,0,0,38,25,65
2016309.0,10,0,28,25,65
2016309.0,7,3,28,25,65
2016737.0,7,3,28,57,33
2016860.0,7,3,28,57,33
2016939.0,7,3,28,57,33
2017019.0,23,3,12,57,33
2017102.0,23,3,12,89,1
2017102.0,23,3,12,25,65
2017108.0,23,3,12,25,65
2017553.0,26,3,9,25,65
2017553.0,23,6,9,25,65
2017561.0,24,6,8,25,65
2017561.0,23,7,8,25,65
2017739.0,31,7,0,25,65
2018094.0,31,7,0,26,64
2018094.0,0,38,0,26,64
2018109.0,0,35,0,29,64
2018265.0,0,35,0,29,64
2018489.0,0,35,0,29,64
2018883.0,0,35,0,29,64
2019116.0,0,35,0,93,0
2019116.0,0,35,0,91,2
2019135.0,0,35,0,92,1
2019292.0,0,35,0,93,0
2019353.0,0,32,0,96,0
2019361.0,0,31,0,97,0
2019361.0,0,31,0,65,32
2019412.0,0,31,0,65,32
2019782.0,0,31,0,97,0
2019894.0,0,0,0,128,0
2019894.0,0,0,0,96,32
2020218.0,0,0,0,96,32
2020337.0,0,0,0,96,32
2021256.0,0,0,0,96,32
2021329.0,0,0,0,96,32
2021666.0,0,0,0,128,0
2021666.0,0,0,0,0,128
2022299.0,0,0,0,0,128
2022327.0,0,0,0,0,128
2022716.0,0,0,0,0,128
2022836.0,0,0,0,0,128
2022992.0,0,0,0,128,0
2022992.0,0,0,0,0,128
2023078.0,0,0,0,128,0
2023078.0,0,0,0,0,128
2023097.0,0,0,0,32,96
2023097.0,0,0,0,0,128
2023235.0,0,0,0,0,128
2023583.0,0,0,0,32,96
2023583.0,0,0,0,0,128
2023590.0,0,0,0,32,96
2023957.0,0,0,0,64,64
2023957.0,0,0,0,0,128
2024661.0,0,0,0,64,64
2025542.0,0,0,0,64,64
2025542.0,0,0,0,63,65
2025559.0,0,0,0,64,64
2026526.0,0,0,0,64,64
2026526.0,0,0,0,63,65
2026542.0,0,0,0,64,64
2027190.0,0,0,0,64,64
2027498.0,0,0,0,64,64
2027498.0,0,0,0,63,65
2027508.0,0,0,0,64,64
2027522.0,0,0,0,64,64
2027522.0,0,0,0,48,80
2027838.0,0,0,0,64,64
2028002.0,0,0,0,64,64
2028002.0,0,0,0,63,65
2028054.0,0,0,0,64,64
2028261.0,0,0,0,64,64
2028261.0,0,0,48,16,64
2028961.0,0,0,48,16,64
2028961.0,0,0,48,15,65
2028974.0,0,0,48,16,64
2029427.0,0,0,48,16,64
2029427.0,0,0,48,15,65
2029538.0,0,0,48,16,64
2030000.0,0,0,48,16,64
2030000.0,0,0,48,15,65
2030013.0,0,0,48,16,64
2030097.0,0,0,48,16,64
2030097.0,0,0,48,15,65
2030160.0,0,0,48,16,64
2030194.0,0,0,48,16,64
2030194.0,0,0,48,14,66
2030279.0,0,0,48,14,66
2030497.0,0,0,48,16,64
2030508.0,0,0,48,16,64
2030961.0,48,0,0,16,64
2030961.0,32,16,0,16,64
2031438.0,32,16,0,16,64
2032518.0,32,16,0,16,64
2032518.0,28,20,0,16,64
2032730.0,28,20,0,16,64
2032730.0,27,21,0,16,64
2032761.0,27,5,0,32,64
2032761.0,27,5,0,0,96
2032791.0,27,5,0,16,80
2032962.0,27,5,0,16,80
2032962.0,27,5,0,12,84
2033164.0,27,5,0,16,80
2033239.0,27,5,0,16,80
2033239.0,27,5,0,12,84
2034097.0,27,5,0,12,84
2034130.0,27,5,0,16,80
2034253.0,27,5,0,16,80
2034253.0,27,5,0,0,96
2034318.0,27,1,0,4,96
2034318.0,27,1,0,0,100
2034503.0,27,1,0,4,96
2034530.0,27,0,0,5,96
2034530.0,27,0,0,4,97
2034598.0,27,0,0,5,96
2034673.0,27,0,0,21,80
2035082.0,27,0,0,37,64
2036391.0,27,0,0,37,64
2038103.0,27,0,0,37,64
2038103.0,27,0,4,33,64
2038198.0,27,0,4,33,64
2038198.0,27,0,5,32,64
2038273.0,27,0,5,32,64
2038273.0,27,0,21,16,64
2038682.0,27,0,21,16,64
2038682.0,27,0,37,0,64
2040803.0,31,0,33,0,64
2040898.0,32,0,32,0,64
2040973.0,48,0,16,0,64
2041382.0,64,0,0,0,64
2048035.0,64,0,0,0,64
2048035.0,0,64,0,0,64
2048087.0,0,64,0,0,64
2048111.0,0,64,0,0,64
2048245.0,0,64,0,0,64
2048493.0,0,64,0,0,64
2048690.0,0,64,0,0,64
2048885.0,0,64,0,0,64
2049091.0,0,64,0,0,64
2049122.0,0,64,0,0,64
2049304.0,0,64,0,0,64
2049718.0,0,64,0,0,64
2049835.0,0,0,0,64,64
2049835.0,0,0,0,0,128
2049875.0,0,0,0,64,64
2049875.0,0,0,0,63,65
2049889.0,0,0,0,64,64
2049889.0,0,0,0,0,128
2049943.0,0,0,0,64,64
2049943.0,0,0,0,0,128
2050037.0,0,0,0,64,64
2050037.0,0,0,0,0,128
2050125.0,0,0,0,64,64
2050125.0,0,0,0,0,128
2050207.0,0,0,0,64,64
2050207.0,0,0,0,0,128
2050299.0,0,0,0,64,64
2050299.0,0,0,0,0,128
2050301.0,0,0,0,64,64
2050301.0,0,0,0,0,128
2050388.0,0,0,0,64,64
2050388.0,0,0,0,0,128
2050644.0,0,0,0,0,128
2050676.0,0,0,0,0,128
2050784.0,0,0,0,64,64
2050784.0,0,0,0,0,128
2051124.0,0,0,0,64,64
2051124.0,0,0,0,0,128
2051130.0,0,0,0,64,64
2051130.0,0,0,0,0,128
2051439.0,0,0,0,64,64
2051966.0,0,0,0,64,64
2051966.0,0,0,0,63,65
2051979.0,0,0,0,64,64
2052035.0,0,0,0,64,64
2052035.0,0,0,0,63,65
2052048.0,0,0,0,64,64
2052356.0,0,0,0,64,64
2052356.0,0,0,0,0,128
2052746.0,0,0,0,64,64
2052754.0,0,0,0,64,64
2052754.0,0,0,0,0,128
2052961.0,0,0,0,64,64
2052977.0,0,0,0,64,64
2052977.0,0,0,0,0,128
2053111.0,0,0,0,64,64
2053475.0,0,0,0,64,64
2053642.0,0,0,0,64,64
2053642.0,0,0,0,0,128
2054104.0,0,0,0,64,64
2054430.0,0,0,0,64,64
2054430.0,0,0,0,0,128
2054992.0,0,0,0,64,64
2055039.0,0,0,0,64,64
2055076.0,0,0,0,64,64
2055076.0,0,0,0,0,128
2055791.0,0,0,0,64,64
2056123.0,0,0,0,64,64
2056123.0,0,0,0,63,65
2056137.0,0,0,0,64,64
2056346.0,0,0,0,64,64
2056561.0,0,0,0,64,64
2056711.0,0,0,0,64,64
2057304.0,0,0,0,64,64
2057304.0,0,0,0,48,80
2057352.0,0,0,0,64,64
2057503.0,0,0,0,64,64
2057503.0,0,0,0,60,68
2057704.0,0,0,0,60,68
2057805.0,0,0,0,64,64
2058592.0,0,0,0,64,64
2059047.0,0,0,0,64,64
2059047.0,0,0,0,63,65
2059061.0,0,0,0,64,64
2059088.0,0,0,0,64,64
2059088.0,0,0,0,32,96
2059391.0,0,0,0,32,96
2059391.0,0,0,32,0,96
2059449.0,0,0,32,0,96
2059578.0,0,0,32,32,64
2059605.0,0,0,32,32,64
2059605.0,0,0,32,0,96
2060006.0,0,0,32,32,64
2060748.0,0,0,32,32,64
2060748.0,0,0,32,28,68
2060818.0,0,0,32,32,64
2060998.0,0,0,32,32,64
2060998.0,0,0,32,28,68
2061042.0,0,0,32,28,68
2061042.0,0,0,32,24,72
2061108.0,0,0,32,28,68
2061186.0,0,0,32,28,68
2061186.0,0,0,32,24,72
2061247.0,0,0,32,28,68
2061259.0,0,0,32,28,68
2061259.0,0,0,32,24,72
2061312.0,0,0,32,28,68
2061332.0,0,0,32,32,64
2061396.0,0,0,32,32,64
2061396.0,0,0,32,28,68
2061513.0,0,0,32,28,68
2061525.0,0,0,32,28,68
2061616.0,0,0,32,28,68
2061659.0,0,0,32,28,68
2061771.0,0,0,32,32,64
2062064.0,0,0,32,32,64
2062091.0,32,0,0,32,64
2062091.0,0,32,0,32,64
2062097.0,0,32,0,32,64
2062568.0,0,32,0,32,64
2062765.0,0,32,0,32,64
2063178.0,0,32,0,32,64
2063183.0,0,32,0,32,64
2063536.0,0,32,0,32,64
2063606.0,0,32,0,32,64
2063841.0,0,32,0,32,64
2063891.0,0,0,0,64,64
2063891.0,0,0,0,4,124
2063954.0,0,0,0,4,124
2063984.0,0,0,0,4,124
2063997.0,0,0,0,12,116
2063997.0,0,0,0,3,125
2064012.0,0,0,0,4,124
2064012.0,0,0,0,0,128
2064024.0,0,0,0,4,124
2064076.0,0,0,0,8,120
2064110.0,0,0,0,16,112
2064375.0,0,0,0,48,80
2064462.0,0,0,0,48,80
2064480.0,0,0,0,48,80
2064501.0,0,0,0,112,16
2064501.0,0,0,0,15,113
2064521.0,0,0,0,16,112
2064601.0,0,0,0,16,112
2064735.0,0,0,0,16,112
2064743.0,0,0,0,16,112
2064877.0,0,0,0,16,112
2065087.0,0,0,0,16,112
2065371.0,0,0,0,16,112
2065444.0,0,0,0,80,48
2065444.0,0,0,0,7,121
2065466.0,0,0,0,8,120
2065472.0,0,0,0,12,116
2065568.0,0,0,0,16,112
2065606.0,0,0,0,16,112
2065624.0,0,0,0,16,112
2065647.0,0,0,0,16,112
2065721.0,0,0,0,16,112
2065872.0,0,0,0,32,96
2065872.0,0,0,0,0,128
2065880.0,0,0,0,0,128
2065984.0,0,0,0,0,128
2065990.0,0,0,0,0,128
2065998.0,0,0,0,0,128
2066111.0,0,0,0,64,64
2066111.0,0,0,0,14,114
2066131.0,0,0,0,15,113
2066144.0,0,0,0,16,112
2066170.0,0,0,0,20,108
2066190.0,0,0,0,28,100
2066194.0,0,0,0,36,92
2066194.0,0,0,0,0,128
2066199.0,0,0,0,8,120
2066199.0,0,0,0,4,124
2066208.0,0,0,0,12,116
2066208.0,0,0,0,4,124
2066285.0,0,0,0,12,116
2066285.0,0,0,0,4,124
2066291.0,0,0,0,8,120
2066387.0,0,0,0,16,112
2066658.0,0,0,0,16,112
2066658.0,0,0,0,12,116
2066731.0,0,0,0,12,116
2066742.0,0,0,0,12,116
2066755.0,0,0,0,16,112
2066755.0,0,0,0,0,128
2066790.0,0,0,0,16,112
2066790.0,0,0,0,0,128
2066856.0,0,0,0,4,124
2066954.0,0,0,0,36,92
2066964.0,0,0,0,36,92
2066964.0,0,0,0,20,108
2066980.0,0,0,0,36,92
2067053.0,0,0,0,36,92
2067053.0,0,0,0,35,93
2067080.0,0,0,0,36,92
2067098.0,0,0,0,36,92
2067098.0,0,0,0,28,100
2067123.0,0,0,0,28,100
2067123.0,0,0,0,24,104
2067153.0,0,0,0,40,88
2067171.0,0,0,0,48,80
2067180.0,0,0,0,48,80
2067180.0,0,0,0,32,96
2067199.0,0,0,0,36,92
2067508.0,0,0,0,52,76
2067542.0,0,0,0,52,76
2067542.0,0,0,0,51,77
2067545.0,0,0,0,52,76
2067597.0,0,0,0,52,76
2067618.0,0,0,0,52,76
2067618.0,0,0,0,48,80
2067620.0,0,0,0,48,80
2067620.0,0,0,0,47,81
2067624.0,0,0,0,47,81
2067646.0,0,0,0,52,76
2067676.0,0,0,0,52,76
2068084.0,0,0,0,84,44
2068204.0,0,0,0,84,44
2068204.0,0,0,0,80,48
2068278.0,0,0,0,80,48
2068278.0,0,0,0,72,56
2068281.0,0,0,0,76,52
2068288.0,0,0,0,76,52
2068288.0,0,0,0,68,60
2068295.0,0,0,0,68,60
2068295.0,0,0,0,36,92
2068319.0,0,0,0,68,60
2068351.0,0,0,0,76,52
2068366.0,0,0,0,76,52
2068366.0,0,0,0,75,53
2068392.0,0,0,0,75,53
2068392.0,0,0,0,67,61
2068474.0,0,0,0,67,61
2068474.0,0,0,0,66,62
2068501.0,0,0,0,67,61
2068513.0,0,0,0,67,61
2068513.0,0,0,0,3,125
2068541.0,0,0,0,11,117
2068561.0,0,0,0,43,85
2068571.0,0,0,0,107,21
2068575.0,0,0,0,115,13
2068579.0,0,0,0,115,13
2068579.0,0,0,0,51,77
2068665.0,0,0,0,59,69
2068682.0,0,0,0,59,69
2068682.0,0,0,0,55,73
2068746.0,0,0,0,55,73
2068746.0,0,0,0,23,105
2068863.0,0,0,0,27,101
2068880.0,0,0,0,31,97
2068961.0,0,0,0,31,97
2068961.0,0,0,0,27,101
2068988.0,0,0,0,31,97
2068997.0,0,0,0,63,65
2069000.0,0,0,0,127,1
2069060.0,0,0,0,127,1
2069060.0,0,0,0,63,65
2069064.0,0,0,0,63,65
2069064.0,0,0,0,59,69
2069089.0,0,0,0,59,69
2069089.0,0,0,0,27,101
2069103.0,0,0,0,27,101
2069103.0,0,0,0,26,102
2069124.0,0,0,0,90,38
2069159.0,0,0,0,94,34
2069177.0,0,0,0,94,34
2069177.0,0,0,0,62,66
2069182.0,0,0,0,62,66
2069182.0,0,0,0,61,67
2069212.0,0,0,0,61,67
2069212.0,0,0,0,53,75
2069227.0,0,0,0,54,74
2069232.0,0,0,0,55,73
2069232.0,0,0,0,47,81
2069237.0,0,0,0,47,81
2069237.0,0,0,0,46,82
2069249.0,0,0,0,46,82
2069249.0,0,0,0,45,83
2069250.0,0,0,0,46,82
2069256.0,0,0,0,62,66
2069259.0,0,0,0,62,66
2069259.0,0,0,0,61,67
2069260.0,0,0,0,62,66
2069278.0,0,0,0,62,66
2069278.0,0,0,0,58,70
2069303.0,0,0,0,58,70
2069303.0,0,0,0,54,74
2069327.0,0,0,0,58,70
2069381.0,0,0,0,58,70
2069381.0,0,0,0,50,78
2069385.0,0,0,0,54,74
2069390.0,0,0,0,54,74
2069390.0,0,0,0,46,82
2069476.0,0,0,0,62,66
2069588.0,0,0,0,62,66
2069588.0,0,0,0,30,98
2069610.0,0,0,0,30,98
2069610.0,0,0,0,22,106
2069711.0,0,0,0,22,106
2069799.0,0,0,0,22,106
2069808.0,0,0,0,22,106
2069869.0,0,0,0,22,106
2069869.0,0,0,0,18,110
2069932.0,0,0,0,22,106
2070017.0,0,0,0,22,106
2070017.0,0,0,0,18,110
2070037.0,0,0,0,22,106
2070148.0,0,0,0,23,105
2070152.0,0,0,0,23,105
2070152.0,0,0,0,21,107
2070215.0,0,0,0,21,107
2070215.0,0,0,0,17,111
2070243.0,0,0,0,21,107
2070269.0,0,0,0,21,107
2070269.0,0,0,0,17,111
2070291.0,0,0,0,21,107
2070303.0,0,0,0,21,107
2070303.0,0,0,0,17,111
2070366.0,0,0,0,21,107
2070441.0,0,0,0,21,107
2070441.0,0,0,0,13,115
2070456.0,0,0,0,13,115
2070524.0,0,0,0,21,107
2070554.0,0,0,0,21,107
2070573.0,0,0,0,21,107
2070573.0,0,0,0,17,111
2070599.0,0,0,0,21,107
2070601.0,0,0,0,21,107
2070601.0,0,0,0,17,111
2070649.0,0,0,0,21,107
2070682.0,0,0,0,21,107
2070682.0,0,0,0,13,115
2070687.0,0,0,0,13,115
2070687.0,0,0,0,5,123
2070765.0,0,0,0,5,123
2070765.0,0,0,0,1,127
2070783.0,0,0,0,5,123
2070879.0,0,0,0,13,115
2070924.0,0,0,0,13,115
2070924.0,0,0,0,5,123
2070941.0,0,0,0,13,115
2070958.0,0,0,0,13,115
2070958.0,0,0,0,9,119
2071013.0,0,0,0,13,115
2071091.0,0,0,0,21,107
2071111.0,0,0,0,21,107
2071111.0,0,0,0,13,115
2071158.0,0,0,0,13,115
2071158.0,0,0,0,9,119
2071176.0,0,0,0,13,115
2071185.0,0,0,0,21,107
2071423.0,0,0,0,21,107
2071423.0,0,0,0,13,115
2071429.0,0,0,0,13,115
2071429.0,0,0,0,5,123
2071542.0,0,0,0,13,115
2071543.0,0,0,0,21,107
2071790.0,0,0,0,21,107
2071790.0,0,0,0,13,115
2071806.0,0,0,0,13,115
2071806.0,0,0,0,5,123
2071867.0,0,0,0,13,115
2071892.0,0,0,0,21,107
2071919.0,0,0,0,21,107
2071919.0,0,0,1,20,107
2072263.0,0,0,1,20,107
2072263.0,0,0,1,12,115
2072276.0,0,0,1,12,115
2072276.0,0,0,1,4,123
2072306.0,0,0,1,36,91
2072307.0,0,0,1,36,91
2072307.0,0,0,1,35,92
2072322.0,0,0,1,35,92
2072322.0,0,0,1,34,93
2072327.0,0,0,1,35,92
2072349.0,0,0,1,36,91
2072351.0,0,0,1,44,83
2072394.0,0,0,1,44,83
2072394.0,0,0,1,28,99
2072398.0,0,0,1,44,83
2072405.0,0,0,1,52,75
2072447.0,0,0,1,52,75
2072447.0,0,0,1,36,91
2072576.0,0,0,1,36,91
2072576.0,0,0,1,28,99
2072578.0,0,0,1,60,67
2072583.0,0,0,1,100,27
2072588.0,0,0,1,100,27
2072588.0,0,0,1,68,59
2072628.0,0,0,1,76,51
2072691.0,0,0,1,76,51
2072691.0,0,0,1,72,55
2072754.0,0,0,1,72,55
2072754.0,0,0,1,64,63
2072768.0,0,0,1,64,63
2072768.0,0,0,1,32,95
2072773.0,0,0,1,36,91
2072798.0,0,0,1,36,91
2072798.0,0,0,1,28,99
2072811.0,0,0,1,36,91
2072817.0,0,0,1,52,75
2072870.0,0,0,1,52,75
2072870.0,0,0,1,51,76
2072892.0,0,0,1,52,75
2073060.0,0,0,1,52,75
2073060.0,0,0,1,48,79
2073073.0,0,0,1,48,79
2073073.0,0,0,1,40,87
2073080.0,0,0,1,40,87
2073080.0,0,0,1,32,95
2073117.0,0,0,1,36,91
2073161.0,0,0,1,52,75
2073400.0,0,0,1,52,75
2073400.0,0,0,1,44,83
2073456.0,0,0,1,52,75
2073966.0,0,0,1,52,75
2073966.0,0,0,1,51,76
2073991.0,0,0,1,52,75
2074020.0,0,0,1,52,75
2074020.0,0,0,1,51,76
2074050.0,0,0,1,51,76
2074050.0,0,0,1,50,77
2074071.0,0,0,1,51,76
2074082.0,0,0,1,52,75
2074107.0,0,0,1,52,75
2074107.0,0,0,1,51,76
2074113.0,0,0,1,51,76
2074113.0,0,0,1,47,80
2074135.0,0,0,1,48,79
2074144.0,0,0,1,48,79
2074144.0,0,0,1,44,83
2074166.0,0,0,1,44,83
2074166.0,0,0,1,42,85
2074178.0,0,0,1,46,81
2074276.0,0,0,1,50,77
2074278.0,0,0,1,52,75
2074315.0,0,0,1,52,75
2074315.0,0,0,1,36,91
2074316.0,0,0,1,68,59
2074318.0,0,0,1,76,51
2074325.0,0,0,1,76,51
2074325.0,0,0,1,44,83
2074343.0,0,0,1,60,67
2074383.0,0,0,1,60,67
2074383.0,0,0,5,56,67
2074386.0,0,0,5,56,67
2074386.0,0,0,5,40,83
2074427.0,0,0,5,40,83
2074427.0,0,0,5,36,87
2074513.0,0,0,5,40,83
2074588.0,0,0,5,72,51
2074614.0,0,0,5,72,51
2074614.0,0,0,5,56,67
2074619.0,1,0,4,56,67
2074634.0,1,0,4,56,67
2074634.0,1,0,4,24,99
2074709.0,1,0,4,24,99
2074709.0,1,0,4,16,107
2074815.0,1,0,4,32,91
2074828.0,1,0,4,48,75
2075138.0,1,0,4,48,75
2075138.0,1,0,4,47,76
2075158.0,1,0,4,48,75
2075195.0,1,0,4,48,75
2075195.0,1,0,4,47,76
2075212.0,1,0,4,48,75
2075327.0,1,0,4,48,75
2075327.0,1,0,4,44,79
2075344.0,1,0,4,76,47
2075348.0,1,0,4,76,47
2075348.0,1,0,4,74,49
2075363.0,1,0,4,74,49
2075363.0,1,0,4,42,81
2075466.0,1,0,4,42,81
2075466.0,1,0,4,10,113
2075493.0,1,0,4,42,81
2075514.0,1,0,4,46,77
2075518.0,1,0,4,48,75
2075553.0,1,0,4,48,75
2075553.0,1,0,4,47,76
2075621.0,1,0,4,48,75
2075842.0,1,0,4,48,75
2075842.0,1,0,4,47,76
2075900.0,1,0,4,48,75
2075906.0,1,0,4,48,75
2075941.0,1,0,4,80,43
2075951.0,1,0,4,80,43
2075951.0,1,0,6,78,43
2075953.0,1,0,6,78,43
2075953.0,1,0,6,46,75
2076005.0,1,0,6,46,75
2076005.0,1,0,14,38,75
2076125.0,1,0,14,38,75
2076125.0,1,0,14,37,76
2076143.0,1,0,14,38,75
2076249.0,1,0,14,38,75
2076249.0,1,0,14,37,76
2076270.0,1,0,14,38,75
2076421.0,1,0,14,70,43
2076639.0,1,0,14,70,43
2076639.0,1,0,14,38,75
2076767.0,1,0,14,38,75
2076767.0,1,0,14,37,76
2076779.0,1,0,14,38,75
2076805.0,1,0,14,70,43
2076813.0,1,0,14,70,43
2076813.0,1,0,14,69,44
2076838.0,1,0,14,70,43
2076842.0,1,0,14,70,43
2076842.0,1,0,14,38,75
2076844.0,1,0,14,38,75
2076844.0,1,0,14,37,76
2076888.0,1,0,14,38,75
2077053.0,1,0,14,70,43
2077083.0,5,0,10,70,43
2077186.0,5,0,10,70,43
2077186.0,5,0,10,38,75
2077423.0,5,0,10,38,75
2077423.0,5,0,10,37,76
2077447.0,5,0,10,38,75
2077483.0,5,0,10,38,75
2077483.0,5,0,10,37,76
2077519.0,5,0,10,38,75
2077543.0,5,0,10,38,75
2077543.0,5,0,10,34,79
2077549.0,5,0,10,38,75
2077560.0,5,0,10,38,75
2077560.0,5,0,10,6,107
2077604.0,5,0,10,6,107
2077604.0,5,0,10,2,111
2077665.0,5,0,10,6,107
2077921.0,5,0,10,38,75
2077953.0,5,0,10,38,75
2077953.0,5,0,10,34,79
2078007.0,5,0,10,38,75
2078074.0,5,0,10,38,75
2078074.0,5,0,10,22,91
2078482.0,5,0,10,22,91
2078482.0,5,0,10,6,107
2078651.0,7,0,8,6,107
2078667.0,7,0,8,22,91
2078675.0,7,0,8,22,91
2078675.0,7,0,8,21,92
2078690.0,7,0,8,22,91
2078705.0,15,0,0,22,91
2078776.0,15,0,0,22,91
2078776.0,5,10,0,22,91
2078783.0,5,10,0,22,91
2078783.0,4,11,0,22,91
2078843.0,4,11,0,22,91
2078843.0,3,12,0,22,91
2078883.0,3,12,0,22,91
2078906.0,3,12,0,22,91
2079093.0,3,12,0,22,91
2079149.0,3,12,0,22,91
2079170.0,3,12,0,22,91
2079192.0,3,12,0,22,91
2079513.0,3,12,0,22,91
2079573.0,3,12,0,22,91
2079592.0,3,12,0,22,91
2079646.0,3,12,0,22,91
2079657.0,3,12,0,22,91
2079777.0,3,12,0,22,91
2079848.0,3,12,0,22,91
2079877.0,3,12,0,22,91
2079899.0,3,12,0,22,91
2080430.0,3,12,0,38,75
2080430.0,3,12,0,23,90
2080447.0,3,12,0,24,89
2080462.0,3,12,0,25,88
2080463.0,3,12,0,25,88
2080500.0,3,12,0,26,87
2080502.0,3,12,0,26,87
2080523.0,3,12,0,26,87
2080576.0,3,2,0,36,87
2080576.0,3,2,0,4,119
2080583.0,3,1,0,5,119
2080583.0,3,1,0,4,120
2080599.0,3,1,0,4,120
2080634.0,3,1,0,5,119
2080634.0,0,4,0,5,119
2080641.0,0,4,0,37,87
2080641.0,0,4,0,5,119
2080643.0,0,3,0,6,119
2080643.0,0,3,0,5,120
2080647.0,0,3,0,7,118
2080647.0,0,3,0,6,119
2080664.0,0,3,0,7,118
2080665.0,0,3,0,8,117
2080675.0,0,3,0,12,113
2080675.0,0,3,0,6,119
2080680.0,0,3,0,7,118
2080701.0,0,3,0,8,117
2080706.0,0,3,0,40,85
2080706.0,0,3,0,7,118
2080707.0,0,3,0,17,108
2080728.0,0,3,0,21,104
2080732.0,0,3,0,21,104
2080765.0,0,3,0,25,100
2080768.0,0,3,0,41,84
2080768.0,0,3,0,9,116
2080793.0,0,3,0,10,115
2080806.0,0,3,0,10,115
2080806.0,0,3,0,6,119
2080836.0,0,3,0,6,119
2080884.0,0,3,0,6,119
2080934.0,0,3,0,38,87
2080934.0,0,3,0,6,119
2080964.0,0,3,0,6,119
2081003.0,0,3,0,8,117
2081095.0,0,3,0,8,117
2081243.0,0,3,0,10,115
2081243.0,0,3,0,6,119
2081253.0,0,3,0,6,119
2081264.0,0,3,0,10,115
2081264.0,0,3,0,6,119
2081273.0,0,3,0,10,115
2081283.0,0,3,0,14,111
2081782.0,0,3,0,14,111
2081821.0,0,3,0,14,111
2081877.0,0,3,0,54,71
2081877.0,0,3,0,26,99
2081880.0,0,3,0,26,99
2081899.0,0,3,0,34,91
2081904.0,0,3,0,38,87
2081904.0,0,3,0,6,119
2081967.0,0,3,0,6,119
2081998.0,0,3,0,22,103
2081998.0,0,3,0,18,107
2082012.0,0,3,0,18,107
2082012.0,0,3,0,14,111
2082026.0,0,3,0,18,107
2082033.0,0,3,0,18,107
2082033.0,0,3,0,16,109
2082434.0,0,0,0,19,109
2082434.0,0,0,0,11,117
2082487.0,0,0,0,19,109
2082653.0,0,0,0,25,103
2082670.0,0,0,0,25,103
2082670.0,0,0,0,9,119
2082775.0,0,0,0,25,103
2082840.0,0,0,0,25,103
2082840.0,0,0,0,21,107
2082861.0,0,0,0,25,103
2082952.0,0,0,0,25,103
2082952.0,0,0,0,24,104
2082971.0,0,0,0,25,103
2083475.0,0,0,0,25,103
2083475.0,0,0,0,24,104
2083490.0,0,0,0,25,103
2084030.0,0,0,0,25,103
2084157.0,0,0,0,25,103
2084157.0,0,0,0,21,107
2084198.0,0,0,0,25,103
2084247.0,0,0,0,25,103
2084264.0,0,0,0,25,103
2084264.0,0,0,1,24,103
2084403.0,0,0,1,24,103
2084403.0,0,0,1,20,107
2084428.0,0,0,1,24,103
2084532.0,0,0,1,24,103
2084554.0,0,0,1,24,103
2084598.0,0,0,1,56,71
2084598.0,0,0,1,8,119
2084731.0,0,0,1,24,103
2085119.0,0,0,1,24,103
2085119.0,0,0,1,20,107
2085139.0,0,0,1,24,103
2085208.0,0,0,1,24,103
2085227.0,0,0,1,56,71
2085227.0,0,0,1,24,103
2085385.0,0,0,1,24,103
2085385.0,0,0,1,23,104
2085400.0,0,0,1,23,104
2085400.0,0,0,1,21,106
2085416.0,0,0,1,23,104
2085424.0,0,0,1,24,103
2085443.0,0,0,1,24,103
2085443.0,0,0,1,23,104
2085461.0,0,0,1,24,103
2085465.0,0,0,1,24,103
2085465.0,0,0,1,20,107
2085486.0,0,0,1,20,107
2085486.0,0,0,1,18,109
2085531.0,0,0,1,18,109
2085531.0,0,0,1,14,113
2085594.0,0,0,1,18,109
2085625.0,0,0,1,18,109
2085625.0,0,0,1,14,113
2085650.0,0,0,1,18,109
2085682.0,0,0,1,22,105
2085684.0,0,0,1,24,103
2085691.0,0,0,1,24,103
2085691.0,0,0,1,20,107
2085708.0,0,0,1,24,103
2085865.0,0,0,1,24,103
2085865.0,0,0,1,23,104
2085869.0,0,0,1,23,104
2085869.0,0,0,1,22,105
2085884.0,0,0,1,23,104
2085907.0,0,0,1,24,103
2085921.0,0,0,1,24,103
2085921.0,0,0,1,23,104
2085940.0,0,0,1,24,103
2085942.0,0,0,1,24,103
2085942.0,0,0,1,20,107
2085964.0,0,0,1,20,107
2085964.0,0,0,1,18,109
2086087.0,0,0,1,18,109
2086087.0,0,0,5,14,109
2086214.0,0,0,5,18,105
2086215.0,0,0,5,20,103
2086310.0,0,0,5,20,103
2086310.0,0,0,5,16,107
2086342.0,0,0,5,20,103
2086541.0,0,0,5,20,103
2086541.0,0,0,5,19,104
2086579.0,0,0,5,20,103
2086589.0,0,0,5,20,103
2086589.0,0,0,5,19,104
2086605.0,0,0,5,20,103
2086607.0,0,0,5,20,103
2086607.0,0,0,5,16,107
2086628.0,0,0,5,16,107
2086628.0,0,0,5,14,109
2086697.0,0,0,5,14,109
2086697.0,0,0,5,10,113
2086736.0,0,0,5,14,109
2086783.0,0,0,5,14,109
2086783.0,0,0,5,10,113
2086823.0,0,0,5,14,109
2086826.0,0,0,5,16,107
2086836.0,0,0,5,20,103
2086915.0,0,0,5,20,103
2086915.0,0,0,5,16,107
2086924.0,0,0,5,20,103
2086964.0,1,0,4,20,103
2087049.0,1,0,4,21,102
2087234.0,1,0,4,21,102
2087234.0,1,0,4,17,106
2087247.0,1,0,4,17,106
2087247.0,1,0,4,13,110
2087255.0,1,0,4,13,110
2087255.0,1,0,4,11,112
2087448.0,1,0,4,15,108
2087457.0,1,0,4,17,106
2087493.0,1,0,4,17,106
2087493.0,1,0,4,13,110
2087510.0,1,0,4,17,106
2087523.0,1,0,4,21,102
2087560.0,1,0,4,21,102
2087560.0,1,0,4,17,106
2087627.0,1,0,4,21,102
2087849.0,1,0,4,21,102
2087849.0,1,0,4,17,106
2087930.0,1,0,4,21,102
2088208.0,1,0,4,53,70
2088226.0,1,0,4,53,70
2088226.0,1,0,4,49,74
2088399.0,1,0,4,53,70
2088470.0,1,0,4,53,70
2088470.0,1,0,4,49,74
2088523.0,1,0,4,49,74
2088523.0,1,0,4,17,106
2088557.0,1,0,4,17,106
2088565.0,1,0,4,49,74
2088565.0,1,0,4,17,106
2088661.0,1,0,4,21,102
2088694.0,1,0,4,21,102
2088694.0,1,0,4,13,110
2088748.0,1,0,4,21,102
2088787.0,5,0,0,21,102
2088827.0,5,0,0,21,102
2088827.0,5,0,10,11,102
2088892.0,5,0,10,11,102
2088892.0,5,0,10,7,106
2088982.0,5,0,10,39,74
2088994.0,5,0,10,39,74
2088994.0,5,0,10,31,82
2089023.0,5,0,10,35,78
2089042.0,5,0,10,35,78
2089042.0,5,0,10,3,110
2089067.0,5,0,10,11,102
2089116.0,5,0,10,11,102
2089116.0,5,0,10,7,106
2089123.0,5,0,10,7,106
2089123.0,5,0,10,3,110
2089173.0,5,0,10,7,106
2089226.0,5,0,10,7,106
2089226.0,5,0,10,3,110
2089239.0,5,0,10,7,106
2089345.0,5,0,10,39,74
2089356.0,5,0,10,39,74
2089356.0,5,0,10,31,82
2089370.0,5,0,10,31,82
2089370.0,5,0,10,23,90
2089387.0,5,0,10,23,90
2089399.0,5,0,10,27,86
2089441.0,5,0,10,27,86
2089441.0,5,0,10,23,90
2089477.0,5,0,10,31,82
2089478.0,5,0,10,39,74
2089520.0,5,0,10,43,70
2089524.0,5,0,10,43,70
2089524.0,5,0,10,42,71
2089551.0,5,0,10,43,70
2089635.0,5,0,10,43,70
2089635.0,5,0,10,42,71
2089652.0,5,0,10,43,70
2089661.0,5,0,10,43,70
2089661.0,5,0,10,39,74
2089741.0,5,0,10,39,74
2089741.0,5,0,10,23,90
2089773.0,5,0,10,27,86
2089789.0,5,0,10,27,86
2089789.0,5,0,10,23,90
2089809.0,5,0,10,27,86
2089919.0,5,0,10,43,70
2089953.0,5,0,10,43,70
2089953.0,5,0,10,42,71
2089960.0,5,0,10,43,70
2089971.0,5,0,10,43,70
2089971.0,5,0,10,41,72
2089993.0,5,0,10,43,70
2090026.0,5,0,10,43,70
2090082.0,5,0,10,43,70
2090125.0,5,0,10,43,70
2090128.0,5,0,10,43,70
2090151.0,5,0,10,43,70
2090180.0,5,0,10,43,70
2090202.0,5,0,10,43,70
2090286.0,5,0,10,43,70
2090319.0,5,0,10,43,70
2090357.0,5,0,10,43,70
2090436.0,5,0,10,43,70
2090629.0,5,0,10,43,70
2090654.0,5,0,10,43,70
2090678.0,5,0,10,43,70
2090706.0,5,0,10,43,70
2090728.0,5,0,10,43,70
2090812.0,5,0,10,43,70
2091210.0,5,0,10,43,70
2091315.0,5,0,10,43,70
2091379.0,5,0,10,43,70
2091527.0,15,0,0,43,70
2091527.0,6,9,0,43,70
2091562.0,6,9,0,43,70
2091896.0,6,9,0,75,38
2091896.0,6,9,0,23,90
2091921.0,6,9,0,28,85
2091929.0,6,9,0,32,81
2091942.0,6,9,0,33,80
2091942.0,0,15,0,33,80
2091967.0,0,15,0,33,80
2091975.0,0,15,0,33,80
2092003.0,0,15,0,33,80
2092016.0,0,15,0,37,76
2092016.0,0,15,0,33,80
2092029.0,0,15,0,33,80
2092086.0,0,15,0,37,76
2092086.0,0,15,0,36,77
2092125.0,0,15,0,37,76
2092125.0,0,15,0,33,80
2092148.0,0,15,0,33,80
2092163.0,0,15,0,35,78
2092163.0,0,15,0,34,79
2092185.0,0,15,0,38,75
2092185.0,0,15,0,34,79
2092188.0,0,15,0,35,78
2092188.0,0,15,0,33,80
2092318.0,0,15,0,33,80
2092371.0,0,15,0,35,78
2092388.0,0,15,0,39,74
2092728.0,0,15,0,43,70
2092862.0,0,15,0,43,70
2092999.0,0,15,0,43,70
2093077.0,0,15,0,43,70
2093327.0,0,6,0,52,70
2093327.0,0,6,0,20,102
2093373.0,0,6,0,20,102
2093409.0,0,6,0,20,102
2093411.0,0,6,0,20,102
2093572.0,0,6,0,52,70
2093572.0,0,6,0,12,110
2093585.0,0,6,0,13,109
2093596.0,0,6,0,18,104
2093596.0,0,6,0,10,112
2093609.0,0,6,0,14,108
2093609.0,0,6,0,10,112
2093622.0,0,6,0,14,108
2093622.0,0,6,0,10,112
2093628.0,0,6,0,14,108
2093633.0,0,6,0,18,104
2093641.0,0,6,0,22,100
2093643.0,0,6,0,26,96
2093716.0,0,6,0,42,80
2093742.0,0,0,0,48,80
2093742.0,0,0,0,32,96
2093832.0,0,0,0,34,94
2093856.0,0,0,0,38,90
2093923.0,0,0,0,54,74
2094464.0,0,0,0,54,74
2094464.0,0,0,0,22,106
2094830.0,0,0,0,22,106
2094830.0,0,0,0,18,110
2094847.0,0,0,0,22,106
2095457.0,0,0,0,26,102
2095465.0,0,0,0,58,70
2095521.0,0,0,0,58,70
2095686.0,0,0,0,58,70
2095763.0,0,0,0,58,70
2095971.0,0,0,0,58,70
2096279.0,0,0,0,58,70
2096279.0,0,0,0,54,74
2096297.0,0,0,0,58,70
2096359.0,0,0,0,58,70
2096359.0,0,0,0,57,71
2096372.0,0,0,0,57,71
2096372.0,0,0,0,53,75
2096377.0,0,0,0,54,74
2096390.0,0,0,0,54,74
2096390.0,0,0,0,53,75
2096391.0,0,0,0,57,71
2096407.0,0,0,0,58,70
2097172.0,0,0,0,58,70
2097228.0,0,0,0,58,70
2097228.0,0,0,3,55,70
2097243.0,0,0,3,55,70
2097243.0,0,0,6,52,70
2097296.0,0,0,6,52,70
2097296.0,0,0,6,48,74
2097313.0,0,0,6,52,70
2097384.0,0,0,6,52,70
2097384.0,0,0,6,48,74
2097401.0,0,0,6,52,70
2097432.0,0,0,6,52,70
2097432.0,0,0,8,50,70
2097456.0,0,0,8,50,70
2097456.0,0,0,12,46,70
2097523.0,0,0,12,46,70
2097523.0,0,0,18,40,70
2098447.0,0,0,18,40,70
2098447.0,0,0,22,36,70
2099057.0,0,0,22,36,70
2099057.0,0,0,26,32,70
2099065.0,0,0,26,32,70
2099065.0,0,0,53,5,70
2099928.0,3,0,50,5,70
2099943.0,6,0,47,5,70
2099991.0,6,0,47,5,70
2099991.0,6,0,48,4,70
2100132.0,8,0,46,4,70
2100156.0,12,0,42,4,70
2100223.0,18,0,36,4,70
2101001.0,18,0,36,4,70
2101001.0,18,0,40,0,70
2101147.0,22,0,36,0,70
2101757.0,26,0,32,0,70
2101765.0,53,0,5,0,70
2102691.0,54,0,4,0,70
2103259.0,54,0,4,0,70
2103259.0,42,12,4,0,70
2103270.0,42,12,4,0,70
2103297.0,42,12,4,32,38
2103297.0,10,44,4,32,38
2103634.0,10,44,4,64,6
2103638.0,10,44,4,64,6
2103638.0,10,44,4,63,7
2103645.0,10,44,4,64,6
2103701.0,14,44,0,64,6
2103701.0,10,48,0,64,6
2104039.0,10,48,0,64,6
2104039.0,10,48,0,63,7
2104078.0,10,48,0,64,6
2104089.0,10,48,0,64,6
2104089.0,10,48,0,63,7
2104115.0,10,48,0,64,6
2104119.0,10,48,0,64,6
2104119.0,10,48,0,60,10
2104131.0,10,48,0,64,6
2104190.0,10,48,0,64,6
2104190.0,10,48,0,63,7
2104207.0,10,48,0,64,6
2104211.0,10,48,0,64,6
2104211.0,10,48,0,60,10
2104233.0,10,48,0,60,10
2104233.0,10,48,0,58,12
2104320.0,10,48,0,62,8
2104372.0,10,48,0,64,6
2104983.0,10,48,0,64,6
2104983.0,10,48,0,60,10
2105009.0,10,48,0,60,10
2105009.0,10,48,0,58,12
2105059.0,10,36,0,70,12
2105094.0,10,36,0,74,8
2105097.0,10,4,0,106,8
2105097.0,10,4,0,42,72
2105144.0,10,4,0,44,70
2105214.0,10,4,0,44,70
2105214.0,10,4,0,40,74
2105235.0,10,4,0,40,74
2105235.0,10,4,0,38,76
2105339.0,10,4,0,42,72
2105340.0,10,4,0,44,70
2105501.0,10,0,0,48,70
2105501.0,10,0,0,32,86
2106566.0,10,0,0,32,86
2106566.0,10,0,0,31,87
2106604.0,10,0,0,32,86
2106617.0,10,0,0,32,86
2106617.0,10,0,0,31,87
2106637.0,10,0,0,32,86
2106641.0,10,0,0,32,86
2106641.0,10,0,0,28,90
2106663.0,10,0,0,28,90
2106663.0,10,0,0,26,92
2107144.0,10,0,0,26,92
2107144.0,10,0,0,25,93
2107164.0,10,0,0,26,92
2107232.0,10,0,0,26,92
2107232.0,10,0,0,25,93
2107234.0,10,0,0,25,93
2107234.0,10,0,25,0,93
2107248.0,10,0,25,1,92
2107251.0,10,0,25,3,90
2107252.0,10,0,25,7,86
2107306.0,10,0,25,7,86
2107306.0,10,0,25,3,90
2107328.0,10,0,25,3,90
2107328.0,10,0,25,1,92
2107451.0,10,0,25,1,92
2107451.0,10,0,25,0,93
2107468.0,10,0,25,1,92
2107503.0,10,0,25,5,88
2107505.0,10,0,25,7,86
2108418.0,10,0,25,7,86
2108418.0,10,0,25,6,87
2108455.0,10,0,25,7,86
2108463.0,10,0,25,7,86
2108463.0,10,0,25,6,87
2108482.0,10,0,25,7,86
2108485.0,10,0,25,7,86
2108485.0,10,0,25,3,90
2108506.0,10,0,25,3,90
2108506.0,10,0,25,1,92
2108786.0,10,0,25,5,88
2108788.0,10,0,25,7,86
2109567.0,10,0,25,7,86
2109567.0,10,0,25,6,87
2109604.0,10,0,25,7,86
2109616.0,10,0,25,7,86
2109616.0,10,0,25,6,87
2109633.0,10,0,25,7,86
2109636.0,10,0,25,7,86
2109636.0,10,0,25,3,90
2109661.0,10,0,25,3,90
2109661.0,10,0,25,1,92
2109855.0,10,0,25,3,90
2109856.0,10,0,25,7,86
2109934.0,35,0,0,7,86
2109957.0,35,0,0,7,86
2109957.0,35,0,0,6,87
2109992.0,35,0,0,7,86
2110002.0,35,0,0,7,86
2110002.0,35,0,0,6,87
2110020.0,35,0,0,7,86
2110022.0,35,0,0,7,86
2110022.0,35,0,0,3,90
2110044.0,35,0,0,3,90
2110044.0,35,0,0,1,92
2110323.0,35,0,0,5,88
2110326.0,35,0,0,7,86
2110848.0,35,0,0,7,86
2111068.0,35,0,0,7,86
2111068.0,35,0,1,6,86
2113768.0,36,0,0,6,86
2113923.0,36,0,0,6,86
2113923.0,36,0,4,2,86
2113926.0,36,0,4,2,86
2113926.0,36,0,6,0,86
2114169.0,36,0,6,0,86
2114188.0,36,0,6,4,82
2114191.0,36,0,6,6,80
2114198.0,36,0,6,6,80
2114305.0,36,0,6,6,80
2115876.0,36,0,6,70,16
2116425.0,36,0,6,86,0
2116623.0,40,0,2,86,0
2116623.0,39,1,2,86,0
2116626.0,41,1,0,86,0
2117788.0,41,1,0,86,0
2117788.0,41,1,4,82,0
2117791.0,41,1,4,82,0
2117791.0,41,1,6,80,0
2118423.0,41,0,6,81,0
2118423.0,41,0,6,80,1
2118436.0,41,0,6,81,0
2118436.0,0,41,6,81,0
2119476.0,0,41,6,81,0
2120236.0,0,0,6,122,0
2120488.0,4,0,2,122,0
2120488.0,0,4,2,122,0
2120491.0,2,4,0,122,0
2120491.0,0,6,0,122,0
2122288.0,0,2,0,126,0
2122291.0,0,0,0,128,0
2122291.0,0,0,0,0,128
2122394.0,0,0,0,128,0
2122394.0,0,0,0,0,128
2123962.0,0,0,0,0,128
2124014.0,0,0,0,0,128
2124223.0,0,0,0,0,128
2124226.0,0,0,0,0,128
2132048.0,0,0,0,128,0
2132048.0,0,0,0,0,128
2132094.0,0,0,0,128,0
2132094.0,0,0,0,0,128
2132296.0,0,0,0,128,0
2132296.0,0,0,0,0,128
2134148.0,0,0,0,0,128
2135085.0,0,0,0,0,128
2135562.0,0,0,0,0,128
2135625.0,0,0,0,0,128
2137712.0,0,0,0,0,128
2138145.0,0,0,0,0,128
2138253.0,0,0,0,0,128
2138439.0,0,0,0,0,128
2138488.0,0,0,0,0,128
2139188.0,0,0,0,64,64
2139188.0,0,0,0,24,104
2139399.0,0,0,0,32,96
2139399.0,0,0,0,0,128
2139426.0,0,0,0,32,96
2139426.0,0,0,0,0,128
2139653.0,0,0,0,32,96
2139693.0,0,0,0,32,96
2141758.0,0,0,0,64,64
2141758.0,0,0,0,0,128
2141798.0,0,0,0,64,64
2141798.0,0,0,0,48,80
2141814.0,0,0,0,56,72
2141839.0,0,0,0,64,64
2141839.0,0,0,0,0,128
2141881.0,0,0,0,64,64
2141881.0,0,0,0,0,128
2142156.0,0,0,0,0,128
2142388.0,0,0,0,64,64
2142388.0,0,0,0,0,128
2142761.0,0,0,0,0,128
2142762.0,0,0,0,64,64
2142762.0,0,0,0,0,128
2142788.0,0,0,0,0,128
2143021.0,0,0,0,0,128
2143096.0,0,0,0,64,64
2143096.0,0,0,0,30,98
2143099.0,0,0,0,30,98
2143175.0,0,0,0,30,98
2143253.0,0,0,0,30,98
2143300.0,0,0,0,30,98
2143726.0,0,0,0,94,34
2143726.0,0,0,0,29,99
2143760.0,0,0,0,30,98
2143929.0,0,0,0,62,66
2143929.0,0,0,0,30,98
2144136.0,0,0,0,62,66
2144266.0,0,0,0,62,66
2144266.0,0,0,0,54,74
2144732.0,0,0,0,62,66
2144746.0,0,0,0,62,66
2144746.0,0,0,0,58,70
2144986.0,0,0,0,62,66
2145229.0,0,0,0,62,66
2145229.0,0,0,0,30,98
2145398.0,0,0,0,30,98
2145676.0,0,0,0,62,66
2145764.0,0,0,0,62,66
2145764.0,0,0,0,30,98
2145778.0,0,0,0,30,98
2145778.0,0,0,0,26,102
2145967.0,0,0,0,58,70
2146058.0,0,0,0,62,66
2146540.0,0,0,0,62,66
2146540.0,0,0,0,58,70
2146696.0,0,0,0,58,70
2146696.0,0,0,26,32,70
2146723.0,0,0,26,32,70
2146723.0,0,0,26,0,102
2146799.0,0,0,26,2,100
2146820.0,0,0,26,34,68
2147093.0,0,0,26,34,68
2147093.0,0,0,26,18,84
2147150.0,0,0,26,18,84
2147150.0,0,0,26,17,85
2147165.0,0,0,26,18,84
2147282.0,0,0,26,34,68
2147351.0,0,0,26,66,36
2147408.0,0,0,26,66,36
2147408.0,0,0,26,34,68
2147567.0,0,0,26,34,68
2147567.0,0,0,26,33,69
2147572.0,0,0,26,34,68
2147762.0,0,0,26,34,68
2147762.0,0,0,26,30,72
2147815.0,0,0,26,34,68
2148387.0,0,0,26,34,68
2148387.0,0,0,26,30,72
2148791.0,0,0,26,34,68
2148916.0,0,0,26,34,68
2148916.0,0,0,26,30,72
2149165.0,0,0,26,34,68
2149226.0,0,0,26,34,68
2149226.0,0,0,26,30,72
2149255.0,0,0,26,34,68
2149293.0,0,0,26,34,68
2149293.0,0,0,26,30,72
2149369.0,0,0,26,34,68
2149396.0,26,0,0,34,68
2149456.0,26,0,0,34,68
2149456.0,26,0,0,30,72
2149514.0,26,0,0,34,68
2149556.0,26,0,0,34,68
2149556.0,26,0,0,30,72
2149567.0,26,0,0,30,72
2149608.0,26,0,0,34,68
2149613.0,26,0,0,34,68
2149613.0,26,0,0,33,69
2149719.0,26,0,0,34,68
2149721.0,26,0,0,34,68
2149721.0,26,0,0,33,69
2150065.0,26,0,0,34,68
2150312.0,26,0,0,66,36
2150317.0,26,0,0,66,36
2150317.0,26,0,0,34,68
2150365.0,26,0,0,34,68
2150365.0,26,0,0,33,69
2150384.0,26,0,0,34,68
2150399.0,26,0,0,34,68
2150420.0,26,0,0,34,68
2150420.0,26,0,17,17,68
2150452.0,26,0,17,17,68
2150452.0,26,0,17,13,72
2150499.0,26,0,17,13,72
2150499.0,26,0,17,9,76
2150543.0,26,0,17,13,72
2150569.0,26,0,17,17,68
2150765.0,26,0,17,17,68
2150765.0,26,0,18,16,68
2150820.0,26,0,18,16,68
2150820.0,26,0,18,12,72
2150882.0,26,0,18,12,72
2150882.0,26,0,22,8,72
2150883.0,26,0,22,8,72
2150883.0,26,0,22,4,76
2150885.0,26,0,22,8,72
2150887.0,26,0,22,8,72
2151134.0,26,0,22,40,40
2151148.0,26,0,22,44,36
2151190.0,26,0,22,44,36
2151190.0,26,0,22,40,40
2151248.0,26,0,22,40,40
2151248.0,26,0,22,36,44
2151304.0,26,0,22,40,40
2151326.0,26,0,22,40,40
2151326.0,26,0,22,36,44
2151374.0,26,0,22,40,40
2151441.0,26,0,22,40,40
2151441.0,26,0,22,24,56
2151510.0,26,0,22,28,52
2151542.0,26,0,22,44,36
2151563.0,26,0,22,44,36
2151563.0,26,0,22,40,40
2151648.0,26,0,22,44,36
2151900.0,26,0,22,44,36
2151900.0,26,0,22,42,38
2151923.0,26,0,22,44,36
2151960.0,26,0,22,44,36
2151960.0,26,0,22,40,40
2151984.0,26,0,22,44,36
2152536.0,26,0,22,44,36
2152536.0,26,0,22,43,37
2152551.0,26,0,22,44,36
2152959.0,26,0,22,44,36
2152959.0,26,0,22,40,40
2153044.0,26,0,22,40,40
2153044.0,26,0,22,39,41
2153091.0,26,0,22,40,40
2153120.0,43,0,5,40,40
2153120.0,36,7,5,40,40
2153127.0,36,7,5,40,40
2153127.0,36,7,5,36,44
2153140.0,36,7,5,40,40
2153162.0,36,7,5,40,40
2153162.0,36,7,5,39,41
2153218.0,36,7,5,43,37
2153238.0,36,7,5,43,37
2153238.0,36,7,5,11,69
2153249.0,36,7,5,12,68
2153456.0,36,7,5,44,36
2153465.0,37,7,4,44,36
2153465.0,36,8,4,44,36
2153582.0,40,8,0,44,36
2153582.0,36,12,0,44,36
2153681.0,36,12,0,44,36
2153681.0,36,12,0,40,40
2153733.0,36,12,0,40,40
2153733.0,36,12,0,39,41
2153764.0,36,12,0,39,41
2153764.0,36,12,0,35,45
2153785.0,36,12,0,35,45
2153785.0,36,12,0,33,47
2153804.0,36,12,0,37,43
2153853.0,36,12,0,38,42
2153893.0,36,12,0,70,10
2153895.0,36,12,0,70,10
2153895.0,36,12,0,38,42
2153896.0,36,12,0,38,42
2153896.0,36,12,0,37,43
2153912.0,36,12,0,37,43
2153912.0,36,12,4,33,43
2154049.0,36,12,4,34,42
2154065.0,36,12,4,34,42
2154065.0,36,12,4,33,43
2154077.0,36,12,4,37,39
2154080.0,36,12,4,39,37
2154106.0,36,12,4,39,37
2154106.0,36,12,4,38,38
2154116.0,36,12,4,38,38
2154116.0,36,12,4,37,39
2154173.0,36,12,4,38,38
2154186.0,36,12,4,39,37
2154189.0,36,12,4,40,36
2154381.0,36,12,4,40,36
2154381.0,36,12,4,39,37
2154388.0,36,12,4,39,37
2154388.0,36,12,4,38,38
2154445.0,36,12,4,39,37
2154457.0,36,12,4,39,37
2154457.0,36,12,4,38,38
2154481.0,36,12,4,39,37
2154488.0,36,12,4,39,37
2154488.0,36,12,4,35,41
2154498.0,36,12,4,36,40
2154509.0,36,12,4,36,40
2154509.0,36,12,4,34,42
2154576.0,36,12,4,34,42
2154576.0,36,12,4,33,43
2154590.0,36,12,4,34,42
2154604.0,36,12,4,34,42
2154604.0,36,12,4,33,43
2154657.0,36,12,4,33,43
2154657.0,36,12,4,32,44
2154664.0,36,12,4,32,44
2154664.0,36,12,4,16,60
2154677.0,36,12,4,17,59
2154680.0,36,12,4,23,53
2154698.0,36,12,4,24,52
2154748.0,36,12,4,24,52
2154748.0,36,12,7,21,52
2154764.0,36,12,7,21,52
2154764.0,36,12,7,20,53
2154835.0,36,12,7,37,36
2154847.0,36,12,7,37,36
2154847.0,36,12,7,36,37
2154865.0,36,12,7,37,36
2154870.0,36,12,7,37,36
2154870.0,36,12,7,33,40
2154892.0,36,12,7,33,40
2154892.0,36,12,7,31,42
2154920.0,36,5,7,38,42
2155170.0,36,5,7,42,38
2155172.0,36,5,7,44,36
2155265.0,36,4,7,45,36
2155382.0,36,0,7,49,36
2155382.0,36,0,7,33,52
2155695.0,36,0,7,33,52
2155695.0,36,0,7,29,56
2155811.0,36,0,7,45,40
2155859.0,36,0,7,49,36
2155999.0,36,0,7,49,36
2155999.0,36,0,7,45,40
2156055.0,36,0,7,45,40
2156055.0,36,0,7,29,56
2156125.0,36,0,7,33,52
2156181.0,36,0,7,33,52
2156204.0,36,0,7,49,36
2156393.0,36,0,7,49,36
2156393.0,36,0,7,45,40
2156422.0,36,0,7,49,36
2156434.0,36,0,7,49,36
2156434.0,36,0,7,45,40
2156475.0,36,0,7,49,36
2156518.0,36,0,7,49,36
2156518.0,36,0,7,45,40
2156612.0,40,0,3,45,40
2157056.0,40,0,3,45,40
2157448.0,43,0,0,45,40
2157448.0,40,3,0,45,40
2157479.0,40,3,0,77,8
2157485.0,40,3,0,77,8
2157485.0,40,3,0,45,40
2157899.0,40,3,0,45,40
2157899.0,40,3,0,44,41
2157950.0,40,3,0,45,40
2157965.0,40,3,0,45,40
2157965.0,40,3,0,44,41
2157984.0,40,3,0,45,40
2157990.0,40,3,0,45,40
2157990.0,40,3,0,41,44
2158011.0,40,3,0,41,44
2158011.0,40,3,0,39,46
2158295.0,40,3,0,43,42
2158297.0,40,3,0,45,40
2158531.0,40,3,0,49,36
2158957.0,40,3,0,49,36
2158957.0,40,3,0,45,40
2159090.0,40,3,0,49,36
2159160.0,40,3,0,49,36
2159160.0,40,3,0,45,40
2159215.0,40,3,0,49,36
2159248.0,40,0,0,52,36
2159248.0,40,0,0,20,68
2159411.0,40,0,0,20,68
2159411.0,40,0,4,16,68
2159454.0,40,0,4,16,68
2159454.0,40,0,4,0,84
2159639.0,40,0,4,16,68
2159710.0,40,0,4,16,68
2159710.0,40,0,4,0,84
2159804.0,40,0,4,0,84
2159839.0,40,0,4,16,68
2159884.0,40,0,4,16,68
2159884.0,40,0,4,0,84
2159974.0,40,0,4,0,84
2159974.0,12,28,4,0,84
2160018.0,12,28,4,16,68
2160055.0,12,28,4,16,68
2160055.0,12,28,4,0,84
2160198.0,12,28,4,16,68
2160232.0,12,28,4,16,68
2160232.0,12,28,4,0,84
2160295.0,12,28,4,16,68
2160325.0,12,28,4,16,68
2160325.0,12,28,4,0,84
2160377.0,12,28,4,16,68
2160401.0,12,28,4,16,68
2160401.0,12,28,4,0,84
2160446.0,12,28,4,16,68
2160947.0,12,28,4,16,68
2160947.0,12,28,4,15,69
2160985.0,12,28,4,16,68
2160996.0,12,28,4,16,68
2160996.0,12,28,4,15,69
2161019.0,12,28,4,16,68
2161024.0,12,28,4,16,68
2161024.0,12,28,4,12,72
2161047.0,12,28,4,12,72
2161047.0,12,28,4,10,74
2161048.0,12,28,4,10,74
2161050.0,12,28,4,42,42
2161050.0,12,28,4,10,74
2161554.0,12,28,4,10,74
2161554.0,6,34,4,10,74
2161561.0,6,34,4,10,74
2161755.0,6,34,4,10,74
2161774.0,6,6,4,38,74
2161803.0,6,6,4,38,74
2162046.0,6,6,4,38,74
2162111.0,10,6,0,38,74
2162111.0,6,10,0,38,74
2162352.0,6,10,0,42,70
2162353.0,6,10,0,44,68
2162484.0,6,10,0,76,36
2162484.0,6,10,0,44,68
2162513.0,6,10,0,44,68
2162519.0,6,10,0,60,52
2162519.0,6,10,0,44,68
2162567.0,6,10,0,60,52
2162615.0,6,10,0,76,36
2162615.0,6,10,0,43,69
2162634.0,6,10,0,44,68
2162963.0,6,10,0,44,68
2162963.0,6,10,0,43,69
2163005.0,6,10,0,44,68
2163020.0,6,10,0,44,68
2163020.0,6,10,0,43,69
2163039.0,6,10,0,44,68
2163044.0,6,10,0,44,68
2163044.0,6,10,0,40,72
2163065.0,6,10,0,40,72
2163065.0,6,10,0,38,74
2163239.0,6,10,0,38,74
2163354.0,6,4,0,44,74
2163354.0,6,4,0,28,90
2163412.0,6,4,0,44,74
2163439.0,6,4,0,44,74
2163536.0,6,4,0,48,70
2163538.0,6,4,0,50,68
2163618.0,6,4,0,50,68
2163627.0,6,4,0,50,68
2163627.0,6,4,0,46,72
2163686.0,6,4,0,50,68
2163798.0,6,4,0,50,68
2163895.0,6,4,0,50,68
2163911.0,6,0,0,54,68
2163911.0,6,0,0,22,100
2163977.0,6,0,0,22,100
2164008.0,6,0,0,22,100
2164008.0,6,0,0,21,101
2164044.0,6,0,0,22,100
2164046.0,6,0,0,22,100
2164093.0,6,0,0,22,100
2164093.0,6,0,0,21,101
2164109.0,6,0,0,22,100
2164119.0,6,0,0,22,100
2164119.0,6,0,0,18,104
2164129.0,6,0,0,50,72
2164140.0,6,0,0,50,72
2164140.0,6,0,0,48,74
2164425.0,6,0,0,52,70
2164427.0,6,0,0,54,68
2164552.0,6,0,0,54,68
2164552.0,6,0,0,50,72
2164605.0,6,0,0,54,68
2164668.0,6,0,0,86,36
2164676.0,6,0,0,86,36
2164676.0,6,0,0,54,68
2164827.0,6,0,0,54,68
2164827.0,6,0,0,50,72
2164888.0,6,0,0,54,68
2164986.0,6,0,0,54,68
2164986.0,6,0,0,53,69
2165048.0,6,0,0,54,68
2165179.0,6,0,0,54,68
2165179.0,6,0,0,53,69
2165238.0,6,0,0,54,68
2165493.0,6,0,0,54,68
2165493.0,6,0,0,53,69
2165566.0,6,0,0,54,68
2165659.0,6,0,0,54,68
2165659.0,6,0,0,50,72
2165716.0,6,0,0,54,68
2165783.0,6,0,0,54,68
2165783.0,6,0,0,22,100
2165952.0,6,0,0,22,100
2166084.0,6,0,0,22,100
2166084.0,6,0,0,18,104
2166140.0,6,0,0,22,100
2166338.0,6,0,0,54,68
2166777.0,6,0,0,54,68
2166777.0,6,0,0,22,100
2166817.0,6,0,0,22,100
2166817.0,6,0,0,20,102
2166847.0,6,0,0,20,102
2166847.0,6,0,0,18,104
2166875.0,6,0,0,18,104
2166875.0,6,0,0,16,106
2166907.0,6,0,0,48,74
2166949.0,6,0,0,50,72
2166951.0,6,0,0,52,70
2166953.0,6,0,0,54,68
2167012.0,6,0,0,54,68
2167012.0,6,0,6,48,68
2167017.0,6,0,6,48,68
2167017.0,6,0,6,16,100
2167087.0,6,0,6,16,100
2167087.0,6,0,6,12,104
2167144.0,6,0,6,16,100
2167377.0,6,0,6,48,68
2167456.0,6,0,6,48,68
2167456.0,6,0,6,44,72
2167517.0,6,0,6,48,68
2167729.0,6,0,6,48,68
2167729.0,6,0,16,38,68
2167866.0,6,0,16,38,68
2167866.0,6,0,16,37,69
2167886.0,6,0,16,38,68
2167912.0,6,0,16,38,68
2167912.0,6,0,16,37,69
2167928.0,6,0,16,38,68
2167949.0,6,0,16,70,36
2167955.0,6,0,16,70,36
2167955.0,6,0,16,38,68
2167960.0,6,0,16,38,68
2167960.0,6,0,16,37,69
2167976.0,6,0,16,38,68
2168001.0,6,0,16,38,68
2168001.0,6,0,16,37,69
2168005.0,6,0,16,69,37
2168010.0,6,0,16,69,37
2168010.0,6,0,16,37,69
2168025.0,6,0,16,38,68
2168048.0,6,0,16,70,36
2168058.0,6,0,16,70,36
2168058.0,6,0,16,38,68
2168078.0,6,0,16,38,68
2168078.0,6,0,16,22,84
2168094.0,6,0,16,54,52
2168098.0,6,0,16,54,52
2168098.0,6,0,16,22,84
2168145.0,6,0,16,54,52
2168151.0,6,0,16,54,52
2168151.0,6,0,16,22,84
2168172.0,6,0,16,38,68
2168194.0,6,0,16,70,36
2168197.0,6,0,16,70,36
2168197.0,6,0,16,38,68
2168201.0,6,0,16,38,68
2168201.0,6,0,16,37,69
2168210.0,6,0,16,38,68
2168250.0,6,0,16,38,68
2168250.0,6,0,16,37,69
2168284.0,6,0,16,69,37
2168330.0,6,0,16,70,36
2168346.0,6,0,16,70,36
2168346.0,6,0,16,38,68
2168379.0,6,0,16,70,36
2168388.0,6,0,16,70,36
2168388.0,6,0,16,38,68
2168442.0,6,0,16,70,36
2168492.0,6,0,16,70,36
2168492.0,6,0,16,66,40
2168515.0,6,0,16,66,40
2168515.0,6,0,16,64,42
2168536.0,6,0,16,64,42
2168536.0,6,0,16,32,74
2168572.0,6,0,16,64,42
2168586.0,6,0,16,64,42
2168586.0,6,0,16,63,43
2168606.0,6,0,16,63,43
2168606.0,6,0,16,31,75
2168609.0,6,0,16,31,75
2168609.0,6,0,16,27,79
2168616.0,6,0,16,28,78
2168664.0,6,0,16,32,74
2168684.0,6,0,16,64,42
2168753.0,6,0,16,64,42
2168753.0,6,0,16,48,58
2168804.0,6,0,16,52,54
2168809.0,6,0,16,54,52
2168846.0,6,0,16,70,36
2169012.0,6,0,16,70,36
2169012.0,6,0,16,66,40
2169021.0,6,0,16,66,40
2169021.0,6,0,16,34,72
2169034.0,6,0,16,34,72
2169034.0,6,0,16,32,74
2169041.0,6,0,16,64,42
2169069.0,6,0,16,64,42
2169069.0,6,0,16,32,74
2169109.0,6,0,16,64,42
2169172.0,6,0,16,64,42
2169172.0,6,0,16,32,74
2169233.0,6,0,16,38,68
2169295.0,6,0,16,38,68
2169295.0,6,0,16,34,72
2169317.0,6,0,16,34,72
2169317.0,6,0,16,32,74
2169530.0,6,0,16,32,74
2169530.0,6,0,16,31,75
2169551.0,6,0,16,32,74
2169574.0,6,0,16,32,74
2169574.0,6,0,16,31,75
2169589.0,6,0,16,32,74
2169601.0,6,0,16,32,74
2169601.0,6,0,16,0,106
2169605.0,6,0,16,4,102
2169607.0,6,0,16,6,100
2169712.0,12,0,10,6,100
2169797.0,12,0,10,38,68
2170116.0,12,0,10,38,68
2170116.0,12,0,10,6,100
2170223.0,12,0,10,38,68
2170305.0,12,0,10,38,68
2170305.0,12,0,10,6,100
2170404.0,12,0,10,38,68
2170429.0,22,0,0,38,68
2170553.0,22,0,0,38,68
2170821.0,22,0,0,38,68
2170821.0,22,0,0,37,69
2170862.0,22,0,0,38,68
2170876.0,22,0,0,38,68
2170876.0,22,0,0,37,69
2170941.0,22,0,0,38,68
2170947.0,22,0,0,38,68
2170947.0,22,0,0,34,72
2170969.0,22,0,0,34,72
2170969.0,22,0,0,32,74
2171159.0,22,0,0,36,70
2171161.0,22,0,0,38,68
2171809.0,22,0,0,38,68
2171809.0,22,0,0,37,69
2171827.0,22,0,0,38,68
2171832.0,22,0,0,38,68
2171832.0,22,0,0,34,72
2171855.0,22,0,0,34,72
2171855.0,22,0,0,32,74
2171948.0,22,0,0,64,42
2171961.0,22,0,0,64,42
2171961.0,22,0,0,32,74
2172063.0,22,0,0,36,70
2172066.0,22,0,0,38,68
2172896.0,22,0,0,70,36
2172902.0,22,0,0,70,36
2172902.0,22,0,0,38,68
2173205.0,22,0,0,38,68
2173341.0,22,0,0,38,68
2173341.0,22,0,0,34,72
2173397.0,22,0,0,34,72
2173397.0,22,0,6,28,72
2173523.0,22,0,6,32,68
2173613.0,22,0,6,32,68
2173613.0,22,0,6,31,69
2173664.0,22,0,6,31,69
2173664.0,22,0,6,30,70
2173672.0,22,0,6,31,69
2173681.0,22,0,6,32,68
2173700.0,22,0,6,32,68
2173700.0,22,0,6,28,72
2173721.0,22,0,6,28,72
2173721.0,22,0,6,26,74
2173926.0,22,0,6,30,70
2173929.0,22,0,6,32,68
2174004.0,22,0,6,32,68
2174004.0,22,0,32,6,68
2174029.0,22,0,32,6,68
2174029.0,22,0,32,5,69
2174044.0,22,0,32,6,68
2174157.0,22,0,32,6,68
2174157.0,22,0,32,4,70
2174186.0,22,0,32,4,70
2174186.0,22,0,32,2,72
2174215.0,22,0,32,2,72
2174215.0,22,0,32,0,74
2174243.0,22,0,32,0,74
2174283.0,22,0,32,0,74
2174304.0,22,0,32,0,74
2174319.0,22,0,32,2,72
2174320.0,22,0,32,4,70
2174321.0,22,0,32,6,68
2174362.0,22,0,32,6,68
2174362.0,22,0,32,5,69
2174383.0,22,0,32,6,68
2174388.0,22,0,32,6,68
2174388.0,22,0,32,2,72
2174400.0,22,0,32,2,72
2174414.0,22,0,32,2,72
2174508.0,22,0,32,2,72
2174538.0,22,0,32,2,72
2174596.0,22,0,32,6,68
2174621.0,22,0,32,6,68
2174621.0,22,0,32,5,69
2174640.0,22,0,32,6,68
2175060.0,22,0,32,6,68
2175060.0,22,0,32,5,69
2175082.0,22,0,32,6,68
2175088.0,22,0,32,6,68
2175088.0,22,0,32,2,72
2175109.0,22,0,32,2,72
2175251.0,22,0,32,34,40
2175259.0,22,0,32,34,40
2175259.0,22,0,32,2,72
2175301.0,22,0,32,6,68
2175421.0,22,0,32,6,68
2175421.0,22,0,32,5,69
2175442.0,22,0,32,6,68
2175452.0,22,0,32,6,68
2175452.0,22,0,32,2,72
2175510.0,22,0,32,6,68
2175748.0,22,0,32,6,68
2175748.0,22,0,32,5,69
2175767.0,22,0,32,6,68
2175773.0,22,0,32,6,68
2175773.0,22,0,32,2,72
2175795.0,22,0,32,2,72
2175876.0,22,0,32,2,72
2175989.0,22,0,32,6,68
2176097.0,28,0,26,6,68
2176266.0,28,0,26,6,68
2176266.0,28,0,26,2,72
2176294.0,28,0,26,6,68
2176327.0,28,0,26,6,68
2176327.0,28,0,26,2,72
2176358.0,28,0,26,6,68
2176406.0,28,0,26,6,68
2176406.0,28,0,26,2,72
2176437.0,28,0,26,6,68
2176455.0,28,0,26,6,68
2176455.0,28,0,26,4,70
2176468.0,28,0,26,36,38
2176475.0,28,0,26,36,38
2176475.0,28,0,26,4,70
2176487.0,28,0,26,4,70
2176487.0,28,0,26,2,72
2176522.0,28,0,26,2,72
2176558.0,28,0,26,2,72
2176622.0,28,0,26,6,68
2176648.0,28,0,26,8,66
2176649.0,28,0,26,10,64
2176704.0,54,0,0,10,64
2176704.0,29,25,0,10,64
2176815.0,29,25,0,10,64
2176815.0,5,49,0,10,64
2176877.0,5,49,0,10,64
2176877.0,1,53,0,10,64
2177059.0,1,53,0,10,64
2177504.0,1,53,0,10,64
2177526.0,1,53,0,10,64
2177529.0,1,53,0,10,64
2177683.0,1,53,0,10,64
2177843.0,1,53,0,10,64
2177919.0,1,53,0,10,64
2177921.0,1,53,0,10,64
2177932.0,1,53,0,10,64
2177960.0,1,53,0,10,64
2177981.0,1,53,0,10,64
2178161.0,1,53,0,10,64
2178196.0,1,53,0,10,64
2178226.0,1,53,0,10,64
2178261.0,1,53,0,10,64
2178286.0,1,53,0,10,64
2178504.0,1,28,0,35,64
2178504.0,1,28,0,8,91
2178530.0,1,28,0,9,90
2178535.0,1,28,0,41,58
2178535.0,1,28,0,9,90
2178541.0,1,28,0,9,90
2178542.0,1,28,0,11,88
2178542.0,0,29,0,11,88
2178555.0,0,29,0,13,86
2178581.0,0,29,0,19,80
2178581.0,0,29,0,13,86
2178583.0,0,29,0,15,84
2178583.0,0,29,0,11,88
2178597.0,0,29,0,12,87
2178600.0,0,29,0,13,86
2178600.0,0,29,0,11,88
2178604.0,0,29,0,13,86
2178604.0,0,29,0,11,88
2178615.0,0,5,0,35,88
2178615.0,0,5,0,3,120
2178623.0,0,5,0,5,118
2178627.0,0,5,0,9,114
2178627.0,0,5,0,3,120
2178628.0,0,5,0,7,116
2178633.0,0,5,0,8,115
2178634.0,0,5,0,10,113
2178652.0,0,5,0,11,112
2178677.0,0,1,0,15,112
2178677.0,0,1,0,11,116
2178688.0,0,1,0,13,114
2178698.0,0,1,0,15,112
2178700.0,0,1,0,17,110
2178728.0,0,1,0,21,106
2178753.0,0,1,0,53,74
2178753.0,0,1,0,21,106
2178765.0,0,1,0,25,102
2178829.0,0,1,0,57,70
2178851.0,0,1,0,57,70
2178901.0,0,1,0,57,70
2178943.0,0,1,0,59,68
2178965.0,0,1,0,63,64
2179110.0,0,1,0,63,64
2179589.0,0,1,0,63,64
2179894.0,0,1,0,63,64
2179958.0,0,1,0,63,64
2180037.0,0,1,0,63,64
2180058.0,0,1,0,95,32
2180065.0,0,1,0,95,32
2180065.0,0,1,0,63,64
2180222.0,0,1,0,63,64
2180342.0,0,0,0,64,64
2180342.0,0,0,0,60,68
2180395.0,0,0,0,64,64
2181865.0,0,0,0,64,64
2181865.0,0,0,0,32,96
2182073.0,0,0,0,64,64
2182130.0,0,0,0,64,64
2182155.0,0,0,0,64,64
2182197.0,0,0,0,64,64
2182223.0,0,0,0,64,64
2182228.0,0,0,0,64,64
2182233.0,0,0,0,64,64
2182233.0,0,0,1,63,64
2182234.0,0,0,1,63,64
2182234.0,0,0,2,62,64
2182252.0,0,0,2,62,64
2182252.0,0,0,3,61,64
2182328.0,0,0,3,61,64
2182328.0,0,0,7,57,64
2182429.0,0,0,7,57,64
2182429.0,0,0,31,33,64
2182753.0,0,0,31,33,64
2182753.0,0,0,31,32,65
2182770.0,0,0,31,33,64
2183640.0,0,0,31,65,32
2183644.0,0,0,31,65,32
2183644.0,0,0,31,33,64
2183995.0,0,0,31,33,64
2183995.0,0,0,32,32,64
2184275.0,0,0,32,32,64
2184275.0,0,0,32,31,65
2184283.0,0,0,32,32,64
2184286.0,0,0,32,32,64
2184286.0,0,0,32,31,65
2184293.0,0,0,32,32,64
2184929.0,0,0,32,32,64
2184929.0,0,0,32,31,65
2184933.0,1,0,31,31,65
2184934.0,2,0,30,31,65
2184952.0,3,0,29,31,65
2185011.0,3,0,29,32,64
2185028.0,7,0,25,32,64
2185107.0,7,0,25,32,64
2185107.0,7,0,25,16,80
2185122.0,7,0,25,32,64
2185129.0,31,0,1,32,64
2185129.0,31,0,1,28,68
2185148.0,31,0,1,60,36
2185152.0,31,0,1,60,36
2185152.0,31,0,1,58,38
2185156.0,31,0,1,58,38
2185156.0,31,0,1,26,70
2185198.0,31,0,1,26,70
2185198.0,31,0,1,10,86
2185458.0,31,0,1,14,82
2185460.0,31,0,1,16,80
2185673.0,31,0,1,16,80
2186384.0,31,0,1,32,64
2186416.0,31,0,1,32,64
2186416.0,31,0,1,16,80
2186508.0,31,0,1,32,64
2186643.0,31,0,1,32,64
2186643.0,31,0,1,28,68
2186664.0,31,0,1,28,68
2186664.0,31,0,1,26,70
2186695.0,32,0,0,26,70
2186698.0,32,0,0,28,68
2186705.0,32,0,0,32,64
2187215.0,32,0,0,64,32
2187221.0,32,0,0,64,32
2187221.0,32,0,0,32,64
2187454.0,32,0,0,32,64
2187454.0,32,0,0,30,66
2187489.0,32,0,0,32,64
2187665.0,32,0,0,32,64
2187665.0,32,0,0,30,66
2187708.0,32,0,0,32,64
2188437.0,32,0,0,64,32
2188523.0,32,0,0,64,32
2188523.0,32,0,0,32,64
2188532.0,32,0,0,64,32
2188545.0,32,0,0,64,32
2188545.0,32,0,0,32,64
2188548.0,32,0,0,64,32
2188569.0,32,0,0,64,32
2188569.0,32,0,0,62,34
2188609.0,32,0,0,64,32
2188748.0,32,0,0,64,32
2188748.0,32,0,10,54,32
2189212.0,32,0,10,86,0
2189518.0,32,0,10,86,0
2189518.0,32,0,10,84,2
2189542.0,32,0,10,86,0
2189561.0,32,0,10,86,0
2189561.0,32,0,10,84,2
2189587.0,32,0,10,86,0
2189632.0,32,0,10,86,0
2189632.0,32,0,10,84,2
2189656.0,32,0,10,86,0
2189666.0,32,0,10,86,0
2189666.0,32,0,10,54,32
2189669.0,32,0,10,86,0
2189984.0,32,0,10,86,0
2189984.0,32,0,16,80,0
2190108.0,32,0,16,80,0
2190108.0,32,0,26,70,0
2190207.0,32,0,26,70,0
2190207.0,32,0,26,68,2
2190210.0,32,0,26,70,0
2190259.0,32,0,26,70,0
2190259.0,32,0,26,68,2
2190262.0,32,0,26,70,0
2190292.0,32,0,26,70,0
2190292.0,32,0,26,68,2
2190295.0,32,0,26,70,0
2190348.0,32,0,26,70,0
2190348.0,32,0,26,68,2
2190351.0,32,0,26,70,0
2190376.0,32,0,26,70,0
2190376.0,32,0,26,68,2
2190379.0,32,0,26,70,0
2190405.0,32,0,26,70,0
2190405.0,32,0,26,68,2
2190409.0,32,0,26,70,0
2190440.0,32,0,26,70,0
2190440.0,32,0,26,68,2
2190443.0,32,0,26,70,0
2190485.0,32,0,26,70,0
2190485.0,32,0,26,68,2
2190488.0,32,0,26,70,0
2190525.0,32,0,26,70,0
2190525.0,32,0,26,68,2
2190528.0,32,0,26,70,0
2191448.0,42,0,16,70,0
2192037.0,42,0,16,70,0
2192037.0,42,0,22,64,0
2192684.0,48,0,16,64,0
2192808.0,58,0,6,64,0
2192812.0,58,0,6,64,0
2192812.0,58,0,38,32,0
2193269.0,58,0,38,32,0
2193269.0,58,0,68,2,0
2194069.0,58,0,68,2,0
2194069.0,58,0,68,1,1
2194072.0,58,0,68,2,0
2194128.0,58,0,68,2,0
2194128.0,58,0,69,1,0
2194194.0,58,0,69,1,0
2194196.0,58,0,69,1,0
2194196.0,32,26,69,1,0
2194199.0,32,26,69,1,0
2194199.0,0,58,69,1,0
2194737.0,6,58,63,1,0
2194737.0,0,64,63,1,0
2195512.0,32,64,31,1,0
2195512.0,0,96,31,1,0
2195969.0,30,96,1,1,0
2195969.0,0,126,1,1,0
2195996.0,0,100,1,27,0
2195999.0,0,68,1,59,0
2195999.0,0,68,1,27,32
2196537.0,0,62,1,33,32
2196828.0,1,62,0,33,32
2196828.0,0,63,0,33,32
2197312.0,0,31,0,65,32
2197312.0,0,31,0,1,96
2197672.0,0,31,0,1,96
2197769.0,0,1,0,31,96
2198036.0,0,1,0,31,96
2198628.0,0,0,0,32,96
2198628.0,0,0,0,0,128
2198654.0,0,0,0,0,128
2198678.0,0,0,0,0,128
2199300.0,0,0,0,0,128
2202348.0,0,0,0,32,96
2202348.0,0,0,0,23,105
2202351.0,0,0,0,24,104
2202389.0,0,0,0,26,102
2202752.0,0,0,0,28,100
2202773.0,0,0,0,32,96
2205129.0,0,0,0,32,96
2205948.0,0,0,0,32,96
2205948.0,0,0,23,9,96
2205951.0,0,0,23,9,96
2205951.0,0,0,24,8,96
2205989.0,0,0,24,8,96
2205989.0,0,0,26,6,96
2206352.0,0,0,26,6,96
2206352.0,0,0,28,4,96
2206373.0,0,0,28,4,96
2206373.0,0,0,32,0,96
2206924.0,0,0,32,32,64
2208148.0,0,0,32,96,0
2208648.0,23,0,9,96,0
2208648.0,0,23,9,96,0
2208651.0,1,23,8,96,0
2208651.0,0,24,8,96,0
2208689.0,2,24,6,96,0
2208689.0,0,26,6,96,0
2209052.0,2,26,4,96,0
2209052.0,0,28,4,96,0
2209073.0,4,28,0,96,0
2209073.0,0,32,0,96,0
2210448.0,0,9,0,119,0
2210451.0,0,8,0,120,0
2210489.0,0,6,0,122,0
2210524.0,0,6,0,122,0
2210852.0,0,4,0,124,0
2210873.0,0,0,0,128,0
2210873.0,0,0,0,0,128
2214686.0,0,0,0,0,128
2220426.0,0,0,0,128,0
2220426.0,0,0,0,64,64
2221433.0,0,0,0,64,64
2221433.0,0,0,0,0,128
2224026.0,0,0,0,0,128
2225156.0,0,0,0,64,64
2228756.0,0,0,0,64,64
2228756.0,0,0,64,0,64
2230335.0,0,0,64,0,64
2230568.0,0,0,64,0,64
2230922.0,0,0,64,0,64
2231133.0,0,0,64,64,0
2231190.0,0,0,64,64,0
2231190.0,0,0,64,63,1
2231203.0,0,0,64,64,0
2231303.0,0,0,64,64,0
2231303.0,0,0,64,63,1
2231316.0,0,0,64,64,0
2231456.0,64,0,0,64,0
2231456.0,61,3,0,64,0
2231511.0,61,3,0,64,0
2231511.0,61,3,0,63,1
2231522.0,61,3,0,64,0
2231729.0,61,3,0,64,0
2231729.0,61,3,0,63,1
2231736.0,61,3,0,64,0
2232151.0,61,3,0,64,0
2232151.0,61,3,0,63,1
2232268.0,61,3,0,64,0
2232436.0,61,3,0,64,0
2232436.0,61,3,0,63,1
2232483.0,61,3,0,64,0
2232619.0,61,3,0,64,0
2232619.0,61,3,0,63,1
2232630.0,61,3,0,64,0
2232826.0,61,3,0,64,0
2232826.0,61,3,0,63,1
2232863.0,61,3,0,64,0
2232868.0,61,3,0,64,0
2232868.0,61,3,0,63,1
2232883.0,61,3,0,64,0
2232887.0,61,3,0,64,0
2232887.0,61,3,0,63,1
2232912.0,61,3,0,64,0
2232918.0,61,3,0,64,0
2232918.0,61,3,0,63,1
2232940.0,61,3,0,64,0
2232947.0,61,3,0,64,0
2232947.0,61,3,0,63,1
2232967.0,61,3,0,64,0
2232975.0,61,3,0,64,0
2232975.0,61,3,0,63,1
2232993.0,61,3,0,64,0
2233011.0,61,3,0,64,0
2233011.0,61,3,0,63,1
2233026.0,61,3,0,64,0
2233029.0,61,3,0,64,0
2233029.0,61,3,0,63,1
2233045.0,61,3,0,64,0
2233256.0,61,0,0,67,0
2233256.0,61,0,0,64,3
2233265.0,61,0,0,65,2
2233269.0,61,0,0,66,1
2233276.0,61,0,0,67,0
2233531.0,61,0,0,67,0
2233531.0,61,0,0,35,32
2233608.0,61,0,0,67,0
2233666.0,61,0,0,67,0
2233666.0,61,0,0,35,32
2233751.0,61,0,0,67,0
2234733.0,61,0,0,67,0
2234733.0,61,0,32,35,0
2236610.0,61,0,32,35,0
2236754.0,61,0,32,35,0
2236754.0,61,0,32,34,1
2236775.0,61,0,32,35,0
2236865.0,61,0,32,35,0
2236865.0,61,0,33,34,0
2236869.0,61,0,33,34,0
2236869.0,61,0,34,33,0
2237022.0,61,0,34,33,0
2237022.0,61,0,34,32,1
2237056.0,61,0,34,33,0
2237241.0,61,0,34,33,0
2237241.0,32,29,34,33,0
2237433.0,64,29,2,33,0
2237433.0,32,61,2,33,0
2239041.0,32,32,2,62,0
2239233.0,32,0,2,94,0
2239233.0,32,0,2,30,64
2239418.0,32,0,2,94,0
2239478.0,32,0,2,94,0
2239478.0,32,0,2,62,32
2239528.0,32,0,2,62,32
2239528.0,0,32,2,62,32
2239565.0,1,32,1,62,32
2239565.0,0,33,1,62,32
2239569.0,1,33,0,62,32
2239569.0,0,34,0,62,32
2239700.0,0,34,0,94,0
2240375.0,0,34,0,94,0
2240656.0,0,34,0,94,0
2241309.0,0,34,0,94,0
2241328.0,0,2,0,126,0
2241328.0,0,2,0,62,64
2241365.0,0,1,0,63,64
2241369.0,0,0,0,64,64
2241369.0,0,0,0,32,96
2241490.0,0,0,0,96,32
2241490.0,0,0,0,32,96
2242113.0,0,0,0,32,96
2242113.0,0,0,0,31,97
2242382.0,0,0,0,32,96
2242406.0,0,0,0,32,96
2242406.0,0,0,0,0,128
2242767.0,0,0,0,32,96
2242947.0,0,0,0,32,96
2242947.0,0,0,0,0,128
2243018.0,0,0,0,0,128
2243296.0,0,0,0,32,96
2243300.0,0,0,0,32,96
2243669.0,0,0,0,32,96
2243669.0,0,0,0,0,128
2243732.0,0,0,0,32,96
2243802.0,0,0,0,32,96
2243802.0,0,0,0,0,128
2243881.0,0,0,0,32,96
2244077.0,0,0,0,32,96
2244077.0,0,0,0,0,128
2244161.0,0,0,0,32,96
2245090.0,0,0,0,32,96
2246284.0,0,0,0,32,96
2246284.0,0,0,0,31,97
2246356.0,0,0,0,32,96
2246367.0,0,0,0,32,96
2246877.0,0,0,0,32,96
2246877.0,0,0,0,31,97
2246896.0,0,0,0,31,97
2246944.0,0,0,0,32,96
2247332.0,0,0,0,32,96
2247481.0,0,0,0,32,96
2247761.0,0,0,0,32,96
2247761.0,0,0,31,1,96
2250461.0,31,0,0,1,96
2250544.0,31,0,0,1,96
2250544.0,31,0,1,0,96
2250912.0,31,0,1,64,32
2250939.0,31,0,1,64,32
2250939.0,31,0,1,0,96
2251038.0,31,0,1,64,32
2251125.0,31,0,1,64,32
2251125.0,31,0,1,0,96
2251209.0,31,0,1,64,32
2251876.0,31,0,1,64,32
2251876.0,31,0,1,0,96
2251885.0,31,0,1,0,96
2251906.0,31,0,1,64,32
2251910.0,31,0,1,64,32
2251910.0,31,0,1,0,96
2252066.0,31,0,1,64,32
2252168.0,31,0,1,64,32
2252168.0,31,0,1,63,33
2252184.0,31,0,1,64,32
2253244.0,32,0,0,64,32
2253244.0,31,1,0,64,32
2254512.0,31,1,0,64,32
2254638.0,31,1,0,64,32
2254809.0,31,1,0,64,32
2255034.0,31,1,0,64,32
2255034.0,31,1,0,63,33
2255044.0,31,0,0,64,33
2255044.0,31,0,0,63,34
2255119.0,31,0,0,64,33
2255238.0,31,0,0,64,33
2255238.0,31,0,0,63,34
2255323.0,31,0,0,64,33
2255506.0,31,0,0,64,33
2255666.0,31,0,0,64,33
2255666.0,31,0,63,1,33
2256003.0,31,0,63,33,1
2257200.0,31,0,63,33,1
2257200.0,31,0,63,32,2
2257239.0,31,0,63,33,1
2257250.0,31,0,63,33,1
2257250.0,31,0,63,32,2
2257266.0,31,0,63,33,1
2257272.0,31,0,63,33,1
2257293.0,31,0,63,33,1
2257356.0,31,0,63,33,1
2257417.0,31,0,63,33,1
2257581.0,31,0,63,33,1
2257683.0,31,0,63,33,1
2257779.0,31,0,63,33,1
2257947.0,31,0,63,33,1
2257997.0,31,0,63,33,1
2258018.0,31,0,63,33,1
2258039.0,31,0,63,33,1
2258366.0,94,0,0,33,1
2258366.0,48,46,0,33,1
2258923.0,48,46,0,33,1
2259018.0,48,46,0,33,1
2259018.0,47,47,0,33,1
2259061.0,47,47,0,33,1
2259061.0,31,63,0,33,1
2259603.0,31,63,0,33,1
2259603.0,31,63,16,17,1
2260166.0,31,17,16,63,1
2260166.0,31,17,16,16,48
2260184.0,31,17,16,17,47
2260189.0,31,17,16,25,39
2260190.0,31,17,16,49,15
2260207.0,31,17,16,51,13
2260450.0,31,17,16,53,11
2260470.0,31,17,16,57,7
2260818.0,31,16,16,58,7
2260818.0,31,16,16,57,8
2260836.0,31,16,16,58,7
2260861.0,31,0,16,74,7
2260861.0,31,0,16,42,39
2262174.0,31,0,16,43,38
2262303.0,47,0,0,43,38
2263054.0,47,0,0,43,38
2263054.0,47,0,0,42,39
2263069.0,47,0,0,43,38
2263164.0,47,0,0,45,36
2263182.0,47,0,0,49,32
2263784.0,47,0,0,49,32
2263784.0,47,0,1,48,32
2263789.0,47,0,1,48,32
2263789.0,47,0,9,40,32
2263790.0,47,0,9,40,32
2263790.0,47,0,33,16,32
2263807.0,47,0,33,16,32
2263807.0,47,0,35,14,32
2264050.0,47,0,35,14,32
2264050.0,47,0,37,12,32
2264070.0,47,0,37,12,32
2264070.0,47,0,40,9,32
2264436.0,47,0,40,9,32
2264436.0,47,0,41,8,32
2264646.0,47,0,41,8,32
2264646.0,47,0,41,7,33
2264651.0,47,0,41,8,32
2264656.0,47,0,41,8,32
2264656.0,47,0,41,7,33
2264664.0,47,0,41,8,32
2264930.0,47,0,41,8,32
2264930.0,47,0,41,7,33
2264944.0,47,0,41,8,32
2265774.0,47,0,41,8,32
2265774.0,47,0,42,7,32
2266484.0,48,0,41,7,32
2266489.0,56,0,33,7,32
2266490.0,80,0,9,7,32
2266507.0,82,0,7,7,32
2266750.0,84,0,5,7,32
2266764.0,84,0,5,7,32
2266764.0,84,0,7,5,32
2266770.0,87,0,4,5,32
2266782.0,87,0,4,5,32
2266782.0,87,0,8,1,32
2267136.0,88,0,7,1,32
2268162.0,88,0,7,1,32
2268162.0,57,31,7,1,32
2268289.0,57,31,7,1,32
2268289.0,31,57,7,1,32
2268306.0,31,57,7,1,32
2268306.0,0,88,7,1,32
2268474.0,1,88,6,1,32
2268474.0,0,89,6,1,32
2268544.0,0,89,6,1,32
2268655.0,0,89,6,1,32
2268669.0,0,89,6,1,32
2268727.0,0,89,6,1,32
2268893.0,0,89,6,1,32
2269155.0,0,89,6,1,32
2269197.0,0,89,6,1,32
2269464.0,2,89,4,1,32
2269464.0,0,91,4,1,32
2269482.0,4,91,0,1,32
2269482.0,0,95,0,1,32
2269880.0,0,95,0,1,32
2269962.0,0,64,0,32,32
2269962.0,0,64,0,0,64
2269964.0,0,64,0,32,32
2269964.0,0,64,0,20,44
2269969.0,0,64,0,22,42
2269971.0,0,64,0,26,38
2269974.0,0,64,0,30,34
2269977.0,0,64,0,31,33
2269985.0,0,64,0,32,32
2269985.0,0,64,0,0,64
2270000.0,0,64,0,32,32
2270000.0,0,64,0,31,33
2270009.0,0,64,0,31,33
2270019.0,0,64,0,32,32
2270089.0,0,38,0,58,32
2270106.0,0,7,0,89,32
2270274.0,0,6,0,90,32
2270274.0,0,6,0,58,64
2270277.0,0,6,0,90,32
2271264.0,0,4,0,92,32
2271282.0,0,0,0,96,32
2271282.0,0,0,0,64,64
2271284.0,0,0,0,96,32
2271676.0,0,0,0,128,0
2271676.0,0,0,0,0,128
2272322.0,0,0,0,0,128
2272594.0,0,0,0,0,128
2273001.0,0,0,0,128,0
2273001.0,0,0,0,64,64
2273244.0,0,0,0,64,64
2273244.0,0,0,0,32,96
2273248.0,0,0,0,64,64
2273256.0,0,0,0,96,32
2273434.0,0,0,0,96,32
2273434.0,0,0,0,64,64
2273445.0,0,0,0,96,32
2273462.0,0,0,0,96,32
2273462.0,0,0,0,64,64
2273464.0,0,0,0,96,32
2273542.0,0,0,0,96,32
2273542.0,0,0,0,64,64
2273554.0,0,0,0,96,32
2273564.0,0,0,0,96,32
2273567.0,0,0,0,96,32
2273567.0,0,0,0,64,64
2273569.0,0,0,0,96,32
2273600.0,0,0,0,96,32
2273881.0,0,0,0,96,32
2273881.0,0,0,0,64,64
2273922.0,0,0,0,96,32
2273934.0,0,0,0,96,32
2273934.0,0,0,0,94,34
2273960.0,0,0,0,96,32
2273963.0,0,0,0,96,32
2273963.0,0,0,0,95,33
2273965.0,0,0,0,96,32
2273974.0,0,0,0,96,32
2273974.0,0,0,0,95,33
2274002.0,0,0,0,96,32
2274014.0,0,0,0,96,32
2274014.0,0,0,0,95,33
2274016.0,0,0,0,96,32
2274040.0,0,0,0,96,32
2274040.0,0,0,0,80,48
2274070.0,0,0,0,96,32
2274275.0,0,0,0,128,0
2274666.0,0,0,0,128,0
2274666.0,0,0,0,96,32
2274680.0,0,0,0,128,0
2275740.0,0,0,0,128,0
2275740.0,0,0,0,96,32
2275985.0,0,0,0,128,0
2276059.0,0,0,0,128,0
2276059.0,0,0,0,64,64
2276601.0,0,0,0,64,64
2276601.0,0,0,32,32,64
2276856.0,0,0,32,32,64
2276856.0,0,0,64,0,64
2279301.0,32,0,32,0,64
2279556.0,64,0,0,0,64
2279920.0,64,0,0,0,64
2279920.0,63,1,0,0,64
2280177.0,63,1,0,0,64
2280177.0,55,9,0,0,64
2281720.0,55,8,0,1,64
2281720.0,55,8,0,0,65
2281769.0,55,8,0,1,64
2281977.0,55,0,0,9,64
2281977.0,55,0,0,1,72
2282487.0,55,0,0,9,64
2285369.0,55,0,0,9,64
2285369.0,55,0,1,8,64
2286087.0,55,0,1,8,64
2286087.0,55,0,9,0,64
2286678.0,55,0,9,0,64
2286678.0,48,7,9,0,64
2286787.0,48,7,9,64,0
2286801.0,48,7,9,64,0
2288069.0,49,7,8,64,0
2288069.0,48,8,8,64,0
2288478.0,48,1,8,71,0
2288787.0,56,1,0,71,0
2288787.0,48,9,0,71,0
2289869.0,48,8,0,72,0
2290387.0,48,8,0,72,0
2290387.0,48,8,64,8,0
2290587.0,48,0,64,16,0
2290587.0,48,0,64,0,16
2290705.0,48,0,64,16,0
2290705.0,0,48,64,16,0
2292505.0,0,0,64,64,0
2293087.0,64,0,0,64,0
2293087.0,0,64,0,64,0
2294887.0,0,0,0,128,0
2294887.0,0,0,0,0,128
2296538.0,0,0,0,0,128
2296635.0,0,0,0,0,128
2304620.0,0,0,0,128,0
2304620.0,0,0,0,0,128
2304710.0,0,0,0,128,0
2304710.0,0,0,0,64,64
2308310.0,0,0,0,64,64
2308310.0,0,0,64,0,64
2311010.0,64,0,0,0,64
2315436.0,64,0,0,64,0
2317268.0,64,0,0,64,0
2317268.0,64,0,0,32,32
2319036.0,64,0,0,32,32
2319036.0,64,0,32,0,32
2319451.0,64,0,32,0,32
2319531.0,64,0,32,0,32
2319809.0,64,0,32,0,32
2320239.0,64,0,32,0,32
2320239.0,61,3,32,0,32
2320334.0,61,3,32,0,32
2320334.0,60,4,32,0,32
2320488.0,60,4,32,0,32
2320488.0,59,5,32,0,32
2320748.0,59,5,32,0,32
2320748.0,58,6,32,0,32
2320835.0,58,6,32,0,32
2320835.0,57,7,32,0,32
2321054.0,57,7,32,0,32
2321054.0,56,8,32,0,32
2321502.0,56,8,32,0,32
2321502.0,55,9,32,0,32
2321667.0,55,9,32,0,32
2321667.0,54,10,32,0,32
2321736.0,86,10,0,0,32
2321736.0,54,42,0,0,32
2322039.0,54,39,0,3,32
2322134.0,54,38,0,4,32
2322134.0,54,38,0,3,33
2322167.0,54,38,0,4,32
2322288.0,54,37,0,5,32
2322288.0,54,37,0,4,33
2322295.0,54,37,0,5,32
2322363.0,54,37,0,5,32
2322363.0,54,37,0,3,34
2322377.0,54,37,0,5,32
2322548.0,54,36,0,6,32
2322548.0,54,36,0,5,33
2322559.0,54,36,0,6,32
2322635.0,54,35,0,7,32
2322635.0,54,35,0,6,33
2322641.0,54,35,0,7,32
2322703.0,54,35,0,7,32
2322703.0,26,63,0,7,32
2322854.0,26,62,0,8,32
2322854.0,26,62,0,7,33
2322864.0,26,62,0,8,32
2323153.0,26,62,0,8,32
2323153.0,26,62,0,7,33
2323166.0,26,62,0,8,32
2323205.0,26,62,0,8,32
2323302.0,26,61,0,9,32
2323302.0,26,61,0,8,33
2323372.0,26,61,0,9,32
2323467.0,26,60,0,10,32
2323467.0,26,60,0,9,33
2323482.0,26,60,0,10,32
2323536.0,26,28,0,42,32
2323536.0,26,28,0,7,67
2323578.0,26,28,0,8,66
2323598.0,26,28,0,9,65
2323607.0,26,28,0,10,64
2323607.0,0,54,0,10,64
2323628.0,0,54,0,10,64
2323757.0,0,54,0,42,32
2324503.0,0,26,0,70,32
2324503.0,0,26,0,38,64
2324595.0,0,26,0,70,32
2324595.0,0,26,0,6,96
2324695.0,0,26,0,70,32
2325407.0,0,0,0,96,32
2325407.0,0,0,0,64,64
2325476.0,0,0,0,96,32
2325767.0,0,0,0,96,32
2325977.0,0,0,0,96,32
2326464.0,0,0,0,96,32
2326578.0,0,0,0,96,32
2326578.0,0,0,0,64,64
2326766.0,0,0,0,64,64
2326932.0,0,0,0,96,32
2327357.0,0,0,0,96,32
2327622.0,0,0,0,96,32
2327622.0,0,0,0,64,64
2327840.0,0,0,0,96,32
2328017.0,0,0,0,96,32
2328017.0,0,0,0,64,64
2328037.0,0,0,0,96,32
2328059.0,0,0,0,96,32
2328059.0,0,0,0,64,64
2328295.0,0,0,0,64,64
2328295.0,0,0,35,29,64
2328417.0,0,0,35,61,32
2328916.0,0,0,35,61,32
2328916.0,0,0,35,29,64
2329076.0,0,0,35,29,64
2329076.0,0,0,64,0,64
2329272.0,0,0,64,32,32
2329640.0,0,0,64,32,32
2329829.0,0,0,64,32,32
2330322.0,0,0,64,32,32
2330484.0,0,0,64,32,32
2330660.0,0,0,64,32,32
2330888.0,0,0,64,32,32
2330995.0,35,0,29,32,32
2330995.0,6,29,29,32,32
2331226.0,6,29,29,64,0
2331226.0,0,35,29,64,0
2331232.0,0,35,29,64,0
2331356.0,0,35,29,64,0
2331776.0,29,35,0,64,0
2331776.0,0,64,0,64,0
2332337.0,0,64,0,64,0
2332669.0,0,64,0,64,0
2332795.0,0,35,0,93,0
2332872.0,0,35,0,93,0
2333026.0,0,29,0,99,0
2333062.0,0,29,0,99,0
2333576.0,0,0,0,128,0
2333576.0,0,0,0,0,128
2333653.0,0,0,0,0,128
2333693.0,0,0,0,64,64
2333693.0,0,0,0,0,128
2333817.0,0,0,0,64,64
2333817.0,0,0,0,0,128
2333916.0,0,0,0,64,64
2333916.0,0,0,0,0,128
2333944.0,0,0,0,64,64
2333944.0,0,0,0,0,128
2334008.0,0,0,0,64,64
2334008.0,0,0,0,63,65
2334027.0,0,0,0,64,64
2334043.0,0,0,0,128,0
2334043.0,0,0,0,0,128
2334056.0,0,0,0,0,128
2334593.0,0,0,0,0,128
2334692.0,0,0,0,0,128
2334732.0,0,0,0,128,0
2334732.0,0,0,0,0,128
2334963.0,0,0,0,0,128
2335057.0,0,0,0,128,0
2335057.0,0,0,0,0,128
2335142.0,0,0,0,0,128
2335294.0,0,0,0,0,128
2335385.0,0,0,0,128,0
2335385.0,0,0,0,0,128
2335433.0,0,0,0,0,128
2335576.0,0,0,0,0,128
2335597.0,0,0,0,0,128
2335601.0,0,0,0,128,0
2335601.0,0,0,0,0,128
2335704.0,0,0,0,0,128
2335789.0,0,0,0,128,0
2335789.0,0,0,0,0,128
2335878.0,0,0,0,0,128
2335893.0,0,0,0,0,128
2335996.0,0,0,0,0,128
2336064.0,0,0,0,128,0
2336064.0,0,0,0,63,65
2336084.0,0,0,0,64,64
2336084.0,0,0,0,0,128
2336108.0,0,0,0,0,128
2336213.0,0,0,0,0,128
2336314.0,0,0,0,0,128
2336399.0,0,0,0,64,64
2336399.0,0,0,0,0,128
2336422.0,0,0,0,0,128
2336522.0,0,0,0,32,96
2336522.0,0,0,0,0,128
2336523.0,0,0,0,16,112
2336523.0,0,0,0,0,128
2336534.0,0,0,0,0,128
2336536.0,0,0,0,16,112
2336536.0,0,0,0,14,114
2336545.0,0,0,0,15,113
2336548.0,0,0,0,16,112
2336548.0,0,0,0,0,128
2336615.0,0,0,0,0,128
2336638.0,0,0,0,16,112
2336638.0,0,0,0,0,128
2336643.0,0,0,0,0,128
2336653.0,0,0,0,16,112
2336653.0,0,0,0,0,128
2336708.0,0,0,0,0,128
2336739.0,0,0,0,16,112
2336739.0,0,0,0,0,128
2336746.0,0,0,0,16,112
2336746.0,0,0,0,0,128
2336766.0,0,0,0,0,128
2336821.0,0,0,0,0,128
2336840.0,0,0,0,16,112
2336840.0,0,0,0,0,128
2336845.0,0,0,0,16,112
2336845.0,0,0,0,15,113
2336870.0,0,0,0,16,112
2336870.0,0,0,0,0,128
2336879.0,0,0,0,0,128
2336931.0,0,0,0,16,112
2336931.0,0,0,0,0,128
2336937.0,0,0,0,0,128
2336943.0,0,0,0,16,112
2336943.0,0,0,0,0,128
2336987.0,0,0,0,16,112
2336987.0,0,0,0,0,128
2336996.0,0,0,0,16,112
2336996.0,0,0,0,0,128
2336997.0,0,0,0,0,128
2337038.0,0,0,0,16,112
2337038.0,0,0,0,0,128
2337050.0,0,0,0,16,112
2337050.0,0,0,0,0,128
2337059.0,0,0,0,0,128
2337094.0,0,0,0,16,112
2337094.0,0,0,0,0,128
2337108.0,0,0,0,16,112
2337117.0,0,0,0,16,112
2337117.0,0,0,0,15,113
2337145.0,0,0,0,31,97
2337149.0,0,0,0,32,96
2337153.0,0,0,0,32,96
2337153.0,0,0,0,31,97
2337163.0,0,0,0,31,97
2337163.0,0,0,0,30,98
2337178.0,0,0,0,31,97
2337182.0,0,0,0,31,97
2337182.0,0,0,0,30,98
2337183.0,0,0,0,31,97
2337204.0,0,0,0,32,96
2337208.0,0,0,0,32,96
2337208.0,0,0,0,31,97
2337218.0,0,0,0,32,96
2337222.0,0,0,0,32,96
2337222.0,0,0,0,31,97
2337233.0,0,0,0,32,96
2337237.0,0,0,0,32,96
2337237.0,0,0,0,31,97
2337247.0,0,0,0,32,96
2337253.0,0,0,0,32,96
2337253.0,0,0,0,31,97
2337262.0,0,0,0,32,96
2337267.0,0,0,0,32,96
2337267.0,0,0,0,31,97
2337276.0,0,0,0,32,96
2337279.0,0,0,0,32,96
2337279.0,0,0,0,31,97
2337288.0,0,0,0,32,96
2337292.0,0,0,0,32,96
2337292.0,0,0,0,31,97
2337301.0,0,0,0,32,96
2337305.0,0,0,0,32,96
2337305.0,0,0,0,31,97
2337316.0,0,0,0,32,96
2337321.0,0,0,0,32,96
2337321.0,0,0,0,31,97
2337343.0,0,0,0,32,96
2337346.0,0,0,0,32,96
2337346.0,0,0,0,31,97
2337356.0,0,0,0,32,96
2337360.0,0,0,0,32,96
2337360.0,0,0,0,31,97
2337372.0,0,0,0,32,96
2337377.0,0,0,0,32,96
2337377.0,0,0,0,31,97
2337384.0,0,0,0,32,96
2337389.0,0,0,0,32,96
2337389.0,0,0,0,31,97
2337399.0,0,0,0,32,96
2337403.0,0,0,0,32,96
2337403.0,0,0,0,31,97
2337409.0,0,0,0,32,96
2337413.0,0,0,0,32,96
2337413.0,0,0,0,31,97
2337419.0,0,0,0,32,96
2337608.0,0,0,0,32,96
2338137.0,0,0,0,64,64
2338573.0,0,0,0,128,0
2339664.0,0,0,0,128,0
2340136.0,0,0,0,128,0
2340445.0,0,0,0,128,0
2340708.0,0,0,0,128,0
2340708.0,0,0,15,113,0
2340745.0,0,0,15,113,0
2340745.0,0,0,29,99,0
2340749.0,0,0,29,99,0
2340749.0,0,0,30,98,0
2340783.0,0,0,30,98,0
2340783.0,0,0,31,97,0
2341019.0,0,0,31,97,0
2341019.0,0,0,32,96,0
2341737.0,0,0,32,96,0
2341737.0,0,0,64,64,0
2342173.0,0,0,64,64,0
2342173.0,0,0,128,0,0
2343408.0,15,0,113,0,0
2343445.0,29,0,99,0,0
2343449.0,30,0,98,0,0
2343483.0,31,0,97,0,0
2343719.0,32,0,96,0,0
2343962.0,32,0,96,0,0
2343962.0,0,32,96,0,0
2344167.0,0,32,96,0,0
2344437.0,32,32,64,0,0
2344437.0,0,64,64,0,0
2344501.0,0,64,64,0,0
2344682.0,0,64,64,0,0
2344873.0,64,64,0,0,0
2344873.0,0,128,0,0,0
2345762.0,0,96,0,32,0
2345964.0,0,96,0,32,0
2346237.0,0,64,0,64,0
2346673.0,0,0,0,128,0
2346673.0,0,0,0,0,128
2346870.0,0,0,0,128,0
2346870.0,0,0,0,0,128
2347068.0,0,0,0,128,0
2347068.0,0,0,0,64,64
2347171.0,0,0,0,128,0
2347171.0,0,0,0,0,128
2347260.0,0,0,0,128,0
2347260.0,0,0,0,127,1
2347283.0,0,0,0,128,0
2350668.0,0,0,0,128,0
2350860.0,0,0,0,128,0
2350860.0,0,0,127,1,0
2350883.0,0,0,127,1,0
2350883.0,0,0,128,0,0
2353205.0,0,0,128,0,0
2353291.0,0,0,128,0,0
2353560.0,127,0,1,0,0
2353560.0,95,32,1,0,0
2353583.0,96,32,0,0,0
2353583.0,95,33,0,0,0
2355360.0,95,1,0,32,0
2355360.0,95,1,0,31,1
2355383.0,95,0,0,32,1
2355383.0,95,0,0,0,33
2355391.0,95,0,0,1,32
2355555.0,95,0,0,1,32
2355555.0,95,0,0,0,33
2355568.0,95,0,0,1,32
2357082.0,95,0,0,1,32
2357082.0,32,63,0,1,32
2357264.0,32,63,0,1,32
2357264.0,0,95,0,1,32
2357477.0,0,95,0,1,32
2357611.0,0,95,0,1,32
2357737.0,0,95,0,1,32
2357887.0,0,95,0,1,32
2358022.0,0,95,0,1,32
2358145.0,0,95,0,1,32
2358368.0,0,95,0,1,32
2358494.0,0,95,0,1,32
2358582.0,0,95,0,1,32
2358732.0,0,95,0,1,32
2358871.0,0,95,0,1,32
2358882.0,0,32,0,64,32
2358882.0,0,32,0,0,96
2358900.0,0,32,0,0,96
2358913.0,0,32,0,0,96
2358925.0,0,32,0,0,96
2358935.0,0,32,0,0,96
2358947.0,0,32,0,0,96
2358957.0,0,32,0,64,32
2358957.0,0,32,0,0,96
2358974.0,0,32,0,0,96
2358990.0,0,32,0,0,96
2358991.0,0,32,0,0,96
2359002.0,0,32,0,0,96
2359016.0,0,32,0,0,96
2359026.0,0,32,0,0,96
2359040.0,0,32,0,0,96
2359064.0,0,0,0,32,96
2359064.0,0,0,0,0,128
2359079.0,0,0,0,32,96
2359079.0,0,0,0,0,128
2359087.0,0,0,0,32,96
2359087.0,0,0,0,0,128
2359168.0,0,0,0,0,128
2359197.0,0,0,0,32,96
2359197.0,0,0,0,0,128
2359206.0,0,0,0,32,96
2359206.0,0,0,0,0,128
2359215.0,0,0,0,32,96
2359215.0,0,0,0,0,128
2359319.0,0,0,0,32,96
2359319.0,0,0,0,0,128
2359328.0,0,0,0,32,96
2359328.0,0,0,0,0,128
2359334.0,0,0,0,32,96
2359334.0,0,0,0,0,128
2359401.0,0,0,0,32,96
2359401.0,0,0,0,20,108
2359405.0,0,0,0,21,107
2359407.0,0,0,0,23,105
2359408.0,0,0,0,25,103
2359409.0,0,0,0,27,101
2359410.0,0,0,0,28,100
2359411.0,0,0,0,29,99
2359412.0,0,0,0,30,98
2359413.0,0,0,0,31,97
2359426.0,0,0,0,32,96
2359450.0,0,0,0,64,64
2359456.0,0,0,0,64,64
2359456.0,0,0,0,63,65
2359462.0,0,0,0,95,33
2359484.0,0,0,0,96,32
2359490.0,0,0,0,96,32
2359490.0,0,0,0,95,33
2359506.0,0,0,0,96,32
2359515.0,0,0,0,96,32
2359515.0,0,0,0,95,33
2359522.0,0,0,0,96,32
2359542.0,0,0,0,96,32
2359542.0,0,0,0,80,48
2361392.0,0,0,0,96,32
2361415.0,0,0,0,96,32
2361415.0,0,0,0,95,33
2362039.0,0,0,0,96,32
2362324.0,0,0,0,96,32
2362324.0,0,0,0,95,33
2362380.0,0,0,0,95,33
2362380.0,0,0,0,94,34
2362395.0,0,0,0,95,33
2362412.0,0,0,0,96,32
2362455.0,0,0,0,96,32
2362523.0,0,0,0,96,32
2362525.0,0,0,0,96,32
2363001.0,0,0,0,96,32
2363001.0,0,0,20,76,32
2363005.0,0,0,20,76,32
2363005.0,0,0,21,75,32
2363007.0,0,0,21,75,32
2363007.0,0,0,23,73,32
2363008.0,0,0,23,73,32
2363008.0,0,0,25,71,32
2363009.0,0,0,25,71,32
2363009.0,0,0,27,69,32
2363010.0,0,0,27,69,32
2363010.0,0,0,28,68,32
2363011.0,0,0,28,68,32
2363011.0,0,0,29,67,32
2363012.0,0,0,29,67,32
2363012.0,0,0,30,66,32
2363013.0,0,0,30,66,32
2363013.0,0,0,31,65,32
2363026.0,0,0,31,65,32
2363026.0,0,0,32,64,32
2363050.0,0,0,32,64,32
2363050.0,0,0,48,48,32
2363062.0,0,0,48,48,32
2363062.0,0,0,80,16,32
2364554.0,0,0,80,48,0
2364992.0,0,0,80,48,0
2365701.0,20,0,60,48,0
2365701.0,0,20,60,48,0
2365705.0,1,20,59,48,0
2365705.0,0,21,59,48,0
2365707.0,2,21,57,48,0
2365707.0,0,23,57,48,0
2365708.0,2,23,55,48,0
2365708.0,0,25,55,48,0
2365709.0,2,25,53,48,0
2365709.0,0,27,53,48,0
2365710.0,1,27,52,48,0
2365710.0,0,28,52,48,0
2365711.0,1,28,51,48,0
2365711.0,0,29,51,48,0
2365712.0,1,29,50,48,0
2365712.0,0,30,50,48,0
2365713.0,1,30,49,48,0
2365713.0,0,31,49,48,0
2365726.0,1,31,48,48,0
2365726.0,0,32,48,48,0
2365750.0,16,32,32,48,0
2365750.0,0,48,32,48,0
2365762.0,32,48,0,48,0
2365762.0,0,80,0,48,0
2367501.0,0,60,0,68,0
2367505.0,0,59,0,69,0
2367507.0,0,57,0,71,0
2367508.0,0,55,0,73,0
2367509.0,0,53,0,75,0
2367510.0,0,52,0,76,0
2367511.0,0,51,0,77,0
2367512.0,0,50,0,78,0
2367513.0,0,49,0,79,0
2367526.0,0,48,0,80,0
2367550.0,0,32,0,96,0
2367562.0,0,0,0,128,0
2367562.0,0,0,0,0,128
2367622.0,0,0,0,128,0
2367622.0,0,0,0,0,128
2373451.0,0,0,0,0,128
2373583.0,0,0,0,0,128
2378421.0,0,0,0,64,64
2378547.0,0,0,0,128,0
2378547.0,0,0,0,0,128
2378674.0,0,0,0,128,0
2378674.0,0,0,0,0,128
2382021.0,0,0,0,0,128
2383300.0,0,0,0,0,128
2383399.0,0,0,0,0,128
2388389.0,0,0,0,128,0
2388389.0,0,0,0,0,128
2388481.0,0,0,0,128,0
2388481.0,0,0,0,64,64
2392081.0,0,0,0,64,64
2392081.0,0,0,64,0,64
2394781.0,64,0,0,0,64
2395636.0,64,0,0,0,64
2395636.0,63,1,0,0,64
2397436.0,63,0,0,1,64
2397436.0,63,0,0,0,65
2397446.0,63,0,0,1,64
2399150.0,63,0,0,65,0
2400696.0,63,0,0,65,0
2400696.0,63,0,0,33,32
2401046.0,63,0,0,33,32
2401046.0,63,0,1,32,32
2401507.0,63,0,1,32,32
2401507.0,63,0,1,0,64
2401527.0,63,0,1,32,32
2402279.0,63,0,1,32,32
2402279.0,63,0,1,0,64
2402377.0,63,0,1,0,64
2402377.0,32,31,1,0,64
2402630.0,32,31,1,32,32
2402750.0,32,31,1,32,32
2403149.0,32,31,1,32,32
2403149.0,32,31,1,31,33
2403174.0,32,31,1,32,32
2403464.0,32,31,1,64,0
2403466.0,32,31,1,64,0
2403466.0,32,31,1,63,1
2403480.0,32,31,1,64,0
2403576.0,32,31,1,64,0
2403576.0,32,31,1,32,32
2403746.0,33,31,0,32,32
2403746.0,32,32,0,32,32
2404084.0,32,32,0,32,32
2404084.0,32,32,0,0,64
2404109.0,32,32,0,32,32
2404160.0,32,32,0,32,32
2404160.0,32,32,0,0,64
2404177.0,32,1,0,31,64
2404184.0,32,1,0,63,32
2404249.0,32,1,0,63,32
2404249.0,32,1,0,31,64
2404273.0,32,1,0,63,32
2404276.0,32,1,0,63,32
2404276.0,32,1,0,31,64
2404300.0,32,1,0,63,32
2404314.0,32,1,0,63,32
2404314.0,32,1,0,31,64
2404415.0,32,1,0,63,32
2404424.0,32,1,0,63,32
2404424.0,32,1,0,62,33
2404531.0,32,1,0,63,32
2404944.0,32,1,0,63,32
2404944.0,32,1,0,62,33
2404965.0,32,1,0,63,32
2405127.0,32,1,0,63,32
2405491.0,32,1,0,63,32
2405491.0,32,1,0,62,33
2405502.0,32,1,0,63,32
2405546.0,32,0,0,64,32
2405546.0,32,0,0,32,64
2405566.0,32,0,0,32,64
2405566.0,32,0,0,31,65
2405611.0,32,0,0,32,64
2405616.0,32,0,0,32,64
2405616.0,32,0,0,31,65
2405751.0,32,0,0,32,64
2405777.0,32,0,0,32,64
2405777.0,32,0,0,31,65
2405797.0,32,0,0,32,64
2405848.0,32,0,0,64,32
2406230.0,32,0,0,64,32
2407242.0,32,0,0,64,32
2407242.0,32,0,0,63,33
2407245.0,32,0,0,64,32
2407256.0,32,0,0,64,32
2407256.0,32,0,0,32,64
2407353.0,32,0,0,32,64
2407353.0,32,0,0,0,96
2407513.0,32,0,0,32,64
2407640.0,32,0,0,32,64
2407640.0,32,0,0,0,96
2407676.0,32,0,0,0,96
2407676.0,0,32,0,0,96
2407709.0,0,32,0,0,96
2407744.0,0,32,0,0,96
2407784.0,0,32,0,0,96
2407873.0,0,32,0,0,96
2407900.0,0,32,0,0,96
2408015.0,0,32,0,0,96
2408242.0,0,32,0,0,96
2408515.0,0,32,0,0,96
2408540.0,0,32,0,0,96
2408792.0,0,32,0,0,96
2408811.0,0,32,0,0,96
2408839.0,0,32,0,0,96
2408896.0,0,32,0,0,96
2408986.0,0,32,0,0,96
2409049.0,0,32,0,32,64
2409049.0,0,32,0,19,77
2409069.0,0,32,0,20,76
2409090.0,0,32,0,24,72
2409092.0,0,32,0,24,72
2409209.0,0,32,0,24,72
2409252.0,0,32,0,24,72
2409265.0,0,32,0,24,72
2409415.0,0,32,0,32,64
2409415.0,0,32,0,0,96
2409476.0,0,0,0,32,96
2409476.0,0,0,0,0,128
2409521.0,0,0,0,0,128
2409553.0,0,0,0,0,128
2409633.0,0,0,0,0,128
2409653.0,0,0,0,32,96
2409653.0,0,0,0,30,98
2409659.0,0,0,0,31,97
2409670.0,0,0,0,32,96
2409670.0,0,0,0,0,128
2409765.0,0,0,0,32,96
2409765.0,0,0,0,6,122
2409783.0,0,0,0,7,121
2409784.0,0,0,0,8,120
2409792.0,0,0,0,24,104
2409792.0,0,0,0,8,120
2409806.0,0,0,0,12,116
2409809.0,0,0,0,16,112
2409809.0,0,0,0,0,128
2409880.0,0,0,0,16,112
2409880.0,0,0,0,15,113
2409895.0,0,0,0,16,112
2409895.0,0,0,0,0,128
2409909.0,0,0,0,0,128
2409975.0,0,0,0,32,96
2409975.0,0,0,0,28,100
2410010.0,0,0,0,28,100
2410010.0,0,0,0,12,116
2410018.0,0,0,0,32,96
2410234.0,0,0,0,48,80
2410419.0,0,0,0,48,80
2410419.0,0,0,0,44,84
2410463.0,0,0,0,48,80
2410684.0,0,0,0,64,64
2410752.0,0,0,0,64,64
2410752.0,0,0,0,60,68
2410795.0,0,0,0,64,64
2410984.0,0,0,0,64,64
2410984.0,0,0,0,60,68
2411027.0,0,0,0,64,64
2411113.0,0,0,0,64,64
2411156.0,0,0,0,64,64
2411156.0,0,0,0,32,96
2411177.0,0,0,0,64,64
2411185.0,0,0,0,64,64
2411185.0,0,0,0,63,65
2411248.0,0,0,0,64,64
2411288.0,0,0,0,64,64
2411288.0,0,0,0,32,96
2411362.0,0,0,0,64,64
2411481.0,0,0,0,64,64
2411481.0,0,0,0,63,65
2411545.0,0,0,0,64,64
2411737.0,0,0,0,96,32
2412567.0,0,0,0,96,32
2412567.0,0,0,0,95,33
2412649.0,0,0,0,95,33
2412652.0,0,0,0,96,32
2412681.0,0,0,0,96,32
2412681.0,0,0,0,64,64
2412785.0,0,0,0,64,64
2412785.0,0,0,0,63,65
2412858.0,0,0,0,64,64
2413253.0,0,0,0,64,64
2413336.0,0,0,0,64,64
2413336.0,0,0,0,63,65
2413365.0,0,0,0,63,65
2413411.0,0,0,0,64,64
2413480.0,0,0,0,64,64
2413480.0,0,0,0,63,65
2413509.0,0,0,0,64,64
2413575.0,0,0,0,64,64
2413588.0,0,0,0,64,64
2413588.0,0,0,0,63,65
2413618.0,0,0,0,63,65
2413618.0,0,0,16,47,65
2413651.0,0,0,16,48,64
2413760.0,0,0,16,48,64
2413760.0,0,0,16,47,65
2413809.0,0,0,16,47,65
2413809.0,0,0,16,15,97
2413830.0,0,0,16,16,96
2413834.0,0,0,16,16,96
2413834.0,0,0,31,1,96
2413843.0,0,0,31,1,96
2414091.0,0,0,31,33,64
2414097.0,0,0,31,33,64
2414097.0,0,0,31,32,65
2414134.0,0,0,31,33,64
2414203.0,0,0,31,33,64
2414203.0,0,0,31,1,96
2414214.0,0,0,31,1,96
2414231.0,0,0,31,33,64
2414248.0,0,0,31,33,64
2414248.0,0,0,31,32,65
2414319.0,0,0,31,33,64
2414331.0,0,0,31,33,64
2414331.0,0,0,31,32,65
2414352.0,0,0,31,33,64
2414357.0,0,0,31,33,64
2414357.0,0,0,31,29,68
2414378.0,0,0,31,33,64
2414676.0,0,0,31,33,64
2414676.0,0,0,31,1,96
2414693.0,0,0,31,1,96
2414753.0,0,0,31,1,96
2414912.0,0,0,31,1,96
2414934.0,0,0,31,1,96
2416318.0,16,0,15,1,96
2416318.0,0,16,15,1,96
2416403.0,0,16,15,33,64
2416403.0,0,16,15,27,70
2416410.0,0,16,15,27,70
2416534.0,15,16,0,27,70
2416534.0,3,28,0,27,70
2417430.0,3,28,0,27,70
2417630.0,3,28,0,27,70
2417691.0,3,28,0,27,70
2417831.0,3,28,0,27,70
2418061.0,3,28,0,27,70
2418118.0,3,12,0,43,70
2418118.0,3,12,0,42,71
2418125.0,3,12,0,42,71
2418131.0,3,12,0,74,39
2418131.0,3,12,0,26,87
2418219.0,3,12,0,26,87
2418222.0,3,12,0,42,71
2418222.0,3,12,0,26,87
2418242.0,3,12,0,27,86
2418252.0,3,12,0,43,70
2418252.0,3,12,0,27,86
2418284.0,3,12,0,59,54
2418284.0,3,12,0,43,70
2418290.0,3,12,0,43,70
2418334.0,3,0,0,55,70
2418334.0,3,0,0,27,98
2418356.0,3,0,0,31,94
2418356.0,2,1,0,31,94
2418368.0,2,1,0,47,78
2418440.0,2,1,0,63,62
2418462.0,2,1,0,63,62
2418462.0,2,1,0,31,94
2418472.0,2,1,0,33,92
2418490.0,2,1,0,37,88
2418623.0,2,1,0,69,56
2418652.0,2,1,0,69,56
2418652.0,2,1,0,37,88
2418714.0,2,1,0,53,72
2418843.0,2,1,0,85,40
2418880.0,2,1,0,85,40
2418880.0,2,1,0,84,41
2418897.0,2,1,0,85,40
2418986.0,2,1,0,85,40
2418986.0,2,1,0,69,56
2419176.0,2,1,0,85,40
2419261.0,2,1,0,85,40
2419261.0,2,1,0,69,56
2419282.0,2,1,0,85,40
2419313.0,2,1,0,85,40
2419313.0,2,1,0,69,56
2419334.0,2,1,0,85,40
2419428.0,2,1,0,85,40
2419428.0,2,1,0,69,56
2419622.0,2,1,0,85,40
2419644.0,2,1,0,85,40
2419644.0,2,1,0,81,44
2419672.0,2,1,0,81,44
2419672.0,2,1,0,65,60
2419697.0,2,1,0,69,56
2419708.0,2,1,0,69,56
2419708.0,2,1,0,37,88
2419817.0,2,1,0,53,72
2419840.0,2,1,0,53,72
2419840.0,2,1,0,37,88
2420003.0,2,1,0,37,88
2420057.0,2,1,0,53,72
2420156.0,2,0,0,54,72
2420156.0,2,0,0,22,104
2420318.0,2,0,0,54,72
2420910.0,2,0,0,54,72
2420910.0,2,0,0,53,73
2421103.0,2,0,0,54,72
2421105.0,2,0,0,54,72
2421105.0,2,0,0,46,80
2421219.0,2,0,0,78,48
2421231.0,2,0,0,78,48
2421231.0,2,0,0,46,80
2421304.0,2,0,0,46,80
2421304.0,2,0,0,45,81
2421331.0,2,0,0,77,49
2421334.0,2,0,0,78,48
2421341.0,2,0,0,78,48
2421341.0,2,0,0,77,49
2421364.0,2,0,0,78,48
2421412.0,2,0,0,110,16
2421427.0,2,0,0,118,8
2421731.0,2,0,0,118,8
2421968.0,2,0,0,118,8
2422072.0,2,0,0,118,8
2422223.0,2,0,0,118,8
2422223.0,2,0,6,112,8
2422623.0,2,0,6,120,0
2423359.0,2,0,6,120,0
2423359.0,2,0,6,88,32
2423369.0,2,0,6,88,32
2423369.0,2,0,6,72,48
2423400.0,2,0,6,72,48
2423400.0,2,0,6,40,80
2423452.0,2,0,6,40,80
2423452.0,2,0,6,32,88
2423489.0,2,0,6,32,88
2423489.0,2,0,6,31,89
2423499.0,2,0,6,31,89
2423527.0,2,0,6,32,88
2423578.0,2,0,6,32,88
2423578.0,2,0,6,31,89
2423579.0,2,0,6,47,73
2423673.0,2,0,6,48,72
2423697.0,2,0,6,48,72
2423697.0,2,0,6,47,73
2423733.0,2,0,6,48,72
2423740.0,2,0,6,48,72
2423740.0,2,0,6,44,76
2423746.0,2,0,6,44,76
2423768.0,2,0,6,44,76
2423905.0,2,0,6,48,72
2423918.0,2,0,6,48,72
2423918.0,2,0,11,43,72
2424215.0,2,0,11,43,72
2424279.0,2,0,11,43,72
2424345.0,2,0,11,43,72
2424458.0,2,0,11,43,72
2424579.0,2,0,11,43,72
2424637.0,2,0,11,43,72
2424648.0,2,0,11,43,72
2424736.0,2,0,11,43,72
2424923.0,8,0,5,43,72
2424923.0,2,6,5,43,72
2424957.0,2,6,5,43,72
2425021.0,2,6,5,43,72
2425087.0,2,6,5,43,72
2425121.0,2,6,5,43,72
2425125.0,2,6,5,43,72
2425181.0,2,6,5,43,72
2425240.0,2,6,5,43,72
2425316.0,2,6,5,43,72
2425344.0,2,6,5,43,72
2425387.0,2,6,5,43,72
2425392.0,2,6,5,43,72
2425448.0,2,6,5,43,72
2425500.0,2,6,5,43,72
2425522.0,2,6,5,43,72
2425629.0,2,6,5,43,72
2426618.0,7,6,0,43,72
2426723.0,7,0,0,49,72
2426723.0,7,0,0,17,104
2426728.0,7,0,0,17,104
2426827.0,7,0,0,49,72
2426827.0,7,0,0,13,108
2426828.0,7,0,0,21,100
2426836.0,7,0,0,21,100
2426956.0,7,0,0,53,68
2426956.0,7,0,0,11,110
2426970.0,7,0,0,13,108
2426978.0,7,0,0,14,107
2426999.0,7,0,0,18,103
2427005.0,7,0,0,22,99
2427045.0,7,0,0,54,67
2427045.0,7,0,0,22,99
2427048.0,7,0,0,23,98
2427057.0,7,0,0,55,66
2427057.0,4,3,0,1,120
2427075.0,4,3,0,2,119
2427080.0,4,3,0,3,118
2427085.0,4,3,0,7,114
2427087.0,4,3,0,8,113
2427100.0,4,3,0,12,109
2427109.0,4,3,0,13,108
2427131.0,4,3,0,45,76
2427131.0,4,3,0,3,118
2427179.0,4,3,0,3,118
2427180.0,4,3,0,3,118
2427198.0,4,3,0,4,117
2427214.0,4,3,0,4,117
2427228.0,4,3,0,36,85
2427228.0,4,3,0,4,117
2427230.0,4,3,0,4,117
2427231.0,4,3,0,36,85
2427231.0,4,3,0,4,117
2427251.0,4,3,0,5,116
2427273.0,4,3,0,5,116
2427323.0,4,3,0,37,84
2427323.0,0,7,0,5,116
2427404.0,0,7,0,6,115
2427449.0,0,7,0,38,83
2427449.0,0,7,0,6,115
2427646.0,0,7,0,38,83
2427703.0,0,7,0,46,75
2428480.0,0,7,0,46,75
2428480.0,0,7,0,42,79
2428539.0,0,7,0,46,75
2428673.0,0,7,0,46,75
2428673.0,0,7,0,42,79
2428731.0,0,7,0,46,75
2428766.0,0,7,0,46,75
2428766.0,0,7,0,14,107
2428832.0,0,7,0,14,107
2428832.0,0,7,0,10,111
2428857.0,0,4,0,13,111
2428857.0,0,4,0,9,115
2428862.0,0,4,0,13,111
2428890.0,0,4,0,17,107
2428949.0,0,4,0,49,75
2428953.0,0,4,0,49,75
2428953.0,0,4,0,48,76
2428968.0,0,4,0,49,75
2428994.0,0,4,0,49,75
2428994.0,0,4,0,33,91
2429103.0,0,4,0,49,75
2429123.0,0,0,0,53,75
2429123.0,0,0,0,45,83
2429145.0,0,0,0,45,83
2429145.0,0,0,0,29,99
2429260.0,0,0,0,45,83
2429341.0,0,0,0,45,83
2429341.0,0,0,0,29,99
2429470.0,0,0,0,45,83
2429579.0,0,0,0,45,83
2429579.0,0,0,0,29,99
2429696.0,0,0,0,45,83
2429732.0,0,0,0,45,83
2429732.0,0,0,0,29,99
2429763.0,0,0,0,29,99
2429763.0,0,0,0,28,100
2429853.0,0,0,0,44,84
2429863.0,0,0,0,44,84
2429863.0,0,0,0,28,100
2429935.0,0,0,0,29,99
2429988.0,0,0,0,45,83
2430038.0,0,0,0,45,83
2430038.0,0,0,0,13,115
2430089.0,0,0,0,13,115
2430089.0,0,0,0,9,119
2430110.0,0,0,0,13,115
2430176.0,0,0,0,13,115
2430224.0,0,0,0,13,115
2430230.0,0,0,0,13,115
2430256.0,0,0,0,13,115
2430278.0,0,0,0,13,115
2430284.0,0,0,0,13,115
2430313.0,0,0,0,45,83
2430313.0,0,0,0,7,121
2430321.0,0,0,0,7,121
2430330.0,0,0,0,8,120
2430332.0,0,0,0,41,87
2430332.0,0,0,0,7,121
2430351.0,0,0,0,11,117
2430356.0,0,0,0,12,116
2430364.0,0,0,0,13,115
2430371.0,0,0,0,13,115
2430371.0,0,0,0,9,119
2430384.0,0,0,0,9,119
2430384.0,0,0,0,8,120
2430387.0,0,0,0,8,120
2430408.0,0,0,0,9,119
2430425.0,0,0,0,9,119
2430437.0,0,0,0,13,115
2430506.0,0,0,0,13,115
2430540.0,0,0,0,45,83
2430540.0,0,0,0,8,120
2430556.0,0,0,0,8,120
2430563.0,0,0,0,40,88
2430573.0,0,0,0,41,87
2430579.0,0,0,0,45,83
2430672.0,0,0,0,77,51
2430675.0,0,0,0,77,51
2430685.0,0,0,0,77,51
2430778.0,0,0,0,77,51
2430778.0,0,0,0,45,83
2430886.0,0,0,0,77,51
2430993.0,0,0,0,77,51
2430993.0,0,0,0,61,67
2431004.0,0,0,0,61,67
2431056.0,0,0,0,61,67
2431056.0,0,0,0,57,71
2431090.0,0,0,0,57,71
2431090.0,0,0,0,56,72
2431096.0,0,0,0,72,56
2431108.0,0,0,0,76,52
2431198.0,0,0,0,77,51
2431237.0,0,0,0,77,51
2431237.0,0,0,0,45,83
2431269.0,0,0,0,45,83
2431269.0,0,0,0,13,115
2431287.0,0,0,0,13,115
2431303.0,0,0,0,13,115
2431303.0,0,0,3,10,115
2431313.0,0,0,3,10,115
2431331.0,0,0,3,42,83
2431331.0,0,0,3,10,115
2431460.0,0,0,3,42,83
2431515.0,0,0,3,42,83
2431515.0,0,0,3,26,99
2431537.0,0,0,3,42,83
2431546.0,0,0,3,74,51
2431557.0,0,0,3,74,51
2431557.0,0,0,3,42,83
2431584.0,0,0,3,42,83
2431584.0,0,0,3,26,99
2431605.0,0,0,3,42,83
2431671.0,0,0,3,74,51
2431677.0,0,0,3,74,51
2431677.0,0,0,3,42,83
2431705.0,0,0,3,74,51
2431733.0,0,0,3,74,51
2431733.0,0,0,3,10,115
2431746.0,0,0,3,10,115
2431835.0,0,0,3,10,115
2432028.0,0,0,3,10,115
2432079.0,0,0,3,10,115
2432080.0,0,0,3,18,107
2432125.0,0,0,3,18,107
2432180.0,0,0,3,18,107
2432207.0,0,0,3,18,107
2432238.0,0,0,3,18,107
2432332.0,0,0,3,18,107
2432462.0,0,0,3,18,107
2432462.0,0,0,7,14,107
2432488.0,0,0,7,18,103
2432574.0,0,0,7,82,39
2432574.0,0,0,7,18,103
2432595.0,0,0,7,66,55
2432595.0,0,0,7,18,103
2432607.0,0,0,7,18,103
2432616.0,0,0,7,34,87
2432616.0,0,0,7,18,103
2432617.0,0,0,7,34,87
2432617.0,0,0,7,18,103
2432621.0,0,0,7,34,87
2432638.0,0,0,7,66,55
2432745.0,0,0,7,66,55
2432745.0,0,0,7,50,71
2432756.0,0,0,7,66,55
2432766.0,0,0,7,82,39
2432804.0,0,0,7,82,39
2432804.0,0,0,7,66,55
2432825.0,0,0,7,82,39
2432859.0,0,0,7,82,39
2432859.0,0,0,7,18,103
2432892.0,0,0,7,18,103
2432960.0,0,0,7,50,71
2432960.0,0,0,7,34,87
2432980.0,0,0,7,34,87
2432980.0,0,0,7,18,103
2432983.0,0,0,7,34,87
2433064.0,0,0,7,50,71
2433384.0,0,0,7,50,71
2433384.0,0,0,7,34,87
2433465.0,0,0,7,50,71
2433487.0,0,0,7,50,71
2433487.0,0,0,7,34,87
2433519.0,0,0,7,98,23
2433534.0,0,0,7,114,7
2433536.0,0,0,7,114,7
2433536.0,0,0,7,98,23
2433551.0,0,0,7,98,23
2433551.0,0,0,7,34,87
2433552.0,0,0,7,98,23
2433569.0,0,0,7,98,23
2433569.0,0,0,7,66,55
2433574.0,0,0,7,98,23
2433579.0,0,0,7,98,23
2433579.0,0,0,7,34,87
2433586.0,0,0,7,34,87
2433586.0,0,0,7,18,103
2433592.0,0,0,7,34,87
2433593.0,0,0,7,34,87
2433593.0,0,0,7,18,103
2433608.0,0,0,7,34,87
2433621.0,0,0,7,50,71
2433660.0,0,0,7,50,71
2433660.0,0,0,7,34,87
2433667.0,0,0,7,50,71
2433679.0,0,0,7,50,71
2433679.0,0,0,7,34,87
2433695.0,0,0,7,34,87
2433695.0,0,0,7,18,103
2433700.0,0,0,7,34,87
2433756.0,0,0,7,34,87
2433756.0,0,0,7,18,103
2433778.0,0,0,7,34,87
2433822.0,0,0,7,34,87
2433822.0,0,0,7,33,88
2433824.0,0,0,7,34,87
2433870.0,0,0,7,34,87
2433870.0,0,0,7,26,95
2433885.0,0,0,7,26,95
2433885.0,0,0,7,25,96
2433892.0,0,0,7,33,88
2433920.0,0,0,7,33,88
2433920.0,0,0,7,25,96
2433926.0,0,0,7,89,32
2433942.0,0,0,7,97,24
2433947.0,0,0,7,97,24
2433947.0,0,0,7,89,32
2433954.0,0,0,7,89,32
2433954.0,0,0,7,25,96
2433978.0,0,0,7,33,88
2433989.0,0,0,7,33,88
2433989.0,0,0,7,25,96
2434003.0,3,0,4,25,96
2434003.0,0,3,4,25,96
2434014.0,0,3,4,97,24
2434022.0,0,3,4,113,8
2434028.0,0,3,4,113,8
2434028.0,0,3,4,105,16
2434034.0,0,3,4,105,16
2434034.0,0,3,4,73,48
2434050.0,0,3,4,81,40
2434053.0,0,3,4,82,39
2434088.0,0,3,4,82,39
2434088.0,0,3,4,66,55
2434110.0,0,3,4,82,39
2434130.0,0,3,4,82,39
2434130.0,0,3,4,66,55
2434136.0,0,3,4,66,55
2434136.0,0,3,4,58,63
2434159.0,0,3,4,66,55
2434180.0,0,3,4,82,39
2434209.0,0,3,4,114,7
2434221.0,0,3,4,114,7
2434221.0,0,3,4,82,39
2434293.0,0,3,4,82,39
2434293.0,0,3,4,66,55
2434334.0,0,3,4,66,55
2434334.0,0,3,4,50,71
2434348.0,0,3,4,66,55
2434366.0,0,3,4,82,39
2434378.0,0,3,4,82,39
2434378.0,0,3,4,81,40
2434396.0,0,3,4,82,39
2434415.0,0,3,4,82,39
2434415.0,0,3,4,81,40
2434430.0,0,3,4,82,39
2434431.0,0,3,4,82,39
2434431.0,0,3,4,66,55
2434522.0,0,3,4,98,23
2434614.0,0,3,4,98,23
2434614.0,0,3,4,82,39
2434736.0,0,3,4,98,23
2434758.0,0,3,4,114,7
2434774.0,0,3,4,114,7
2434774.0,0,3,4,98,23
2434844.0,0,3,4,98,23
2434844.0,0,3,4,82,39
2434868.0,0,3,4,98,23
2434895.0,0,3,4,98,23
2434895.0,0,3,4,82,39
2434899.0,0,3,4,82,39
2434899.0,0,3,4,50,71
2434935.0,0,3,4,50,71
2434935.0,0,3,4,42,79
2435162.0,4,3,0,42,79
2435162.0,0,7,0,42,79
2435427.0,0,7,0,42,79
2435481.0,0,7,0,42,79
2435542.0,0,7,0,42,79
2435586.0,0,7,0,42,79
2435592.0,0,7,0,58,63
2435592.0,0,7,0,21,100
2435610.0,0,7,0,21,100
2435615.0,0,7,0,26,95
2435615.0,0,7,0,18,103
2435642.0,0,7,0,34,87
2435642.0,0,7,0,18,103
2435666.0,0,7,0,34,87
2435680.0,0,7,0,34,87
2435680.0,0,7,1,33,87
2435803.0,0,4,1,36,87
2435803.0,0,4,1,28,95
2435892.0,0,4,1,36,87
2435974.0,0,4,1,36,87
2436300.0,0,4,1,36,87
2436303.0,0,4,1,36,87
2436359.0,0,4,1,36,87
2436577.0,0,4,1,36,87
2436695.0,0,4,1,36,87
2436907.0,0,4,1,36,87
2436962.0,0,0,1,40,87
2436962.0,0,0,1,24,103
2436983.0,0,0,1,40,87
2436983.0,0,0,1,7,120
2437149.0,0,0,1,7,120
2437209.0,0,0,1,7,120
2437242.0,0,0,1,39,88
2437242.0,0,0,1,7,120
2437251.0,0,0,1,7,120
2437268.0,0,0,1,39,88
2437268.0,0,0,1,7,120
2437332.0,0,0,1,7,120
2437374.0,0,0,1,7,120
2437407.0,0,0,1,15,112
2437455.0,0,0,1,47,80
2437455.0,0,0,1,15,112
2437458.0,0,0,1,15,112
2437502.0,0,0,1,15,112
2437541.0,0,0,1,15,112
2437627.0,0,0,1,31,96
2437627.0,0,0,1,15,112
2437630.0,0,0,1,31,96
2437630.0,0,0,1,23,104
2437633.0,0,0,1,23,104
2437687.0,0,0,1,39,88
2437687.0,0,0,1,23,104
2437704.0,0,0,1,23,104
2437706.0,0,0,1,31,96
2437706.0,0,0,1,15,112
2437722.0,0,0,1,31,96
2437722.0,0,0,1,15,112
2437771.0,0,0,1,15,112
2437784.0,0,0,1,31,96
2437784.0,0,0,1,15,112
2437840.0,0,0,1,31,96
2437840.0,0,0,1,15,112
2437843.0,0,0,1,15,112
2437846.0,0,0,1,31,96
2437846.0,0,0,1,15,112
2437853.0,0,0,1,15,112
2437912.0,0,0,1,31,96
2437912.0,0,0,1,15,112
2437946.0,0,0,1,31,96
2437946.0,0,0,1,15,112
2437977.0,0,0,1,15,112
2437997.0,0,0,1,31,96
2437997.0,0,0,1,15,112
2438041.0,0,0,1,31,96
2438041.0,0,0,1,15,112
2438061.0,0,0,1,31,96
2438061.0,0,0,1,15,112
2438145.0,0,0,1,31,96
2438145.0,0,0,1,15,112
2438152.0,0,0,1,15,112
2438267.0,0,0,1,15,112
2438296.0,0,0,1,31,96
2438296.0,0,0,1,15,112
2438330.0,0,0,1,15,112
2438380.0,1,0,0,15,112
2438380.0,0,1,0,15,112
2438386.0,0,1,0,31,96
2438386.0,0,1,0,15,112
2438425.0,0,1,0,31,96
2438425.0,0,1,0,15,112
2438511.0,0,1,0,31,96
2438511.0,0,1,0,15,112
2438604.0,0,1,0,15,112
2438724.0,0,1,0,15,112
2438756.0,0,1,0,15,112
2438759.0,0,1,0,31,96
2438759.0,0,1,0,15,112
2438791.0,0,1,0,31,96
2438791.0,0,1,0,15,112
2438867.0,0,1,0,31,96
2438917.0,0,1,0,63,64
2438917.0,0,1,0,31,96
2438923.0,0,1,0,31,96
2438923.0,0,1,0,30,97
2438963.0,0,1,0,31,96
2438977.0,0,1,0,31,96
2438977.0,0,1,0,27,100
2439014.0,0,1,0,31,96
2439027.0,0,1,0,31,96
2439027.0,0,1,0,30,97
2439064.0,0,1,0,31,96
2439065.0,0,1,0,31,96
2439065.0,0,1,0,15,112
2439099.0,0,1,0,15,112
2439155.0,0,1,0,31,96
2439155.0,0,1,0,15,112
2439165.0,0,1,0,31,96
2439266.0,0,1,0,31,96
2439274.0,0,1,0,47,80
2439307.0,0,1,0,47,80
2439307.0,0,1,0,31,96
2439354.0,0,1,0,31,96
2439354.0,0,1,0,15,112
2439365.0,0,1,0,47,80
2439366.0,0,1,0,55,72
2439466.0,0,1,0,71,56
2439472.0,0,1,0,71,56
2439472.0,0,1,0,55,72
2439602.0,0,1,0,55,72
2439602.0,0,1,0,54,73
2439721.0,0,1,0,70,57
2439725.0,0,1,0,86,41
2439741.0,0,1,0,86,41
2439741.0,0,1,0,70,57
2439791.0,0,1,0,71,56
2439847.0,0,1,0,87,40
2439870.0,0,1,0,87,40
2439870.0,0,1,0,71,56
2439886.0,0,1,0,71,56
2439886.0,0,1,0,70,57
2439915.0,0,1,0,70,57
2439915.0,0,1,0,54,73
2439981.0,0,1,0,70,57
2439983.0,0,1,0,70,57
2439983.0,0,1,0,54,73
2440180.0,0,0,0,55,73
2440180.0,0,0,0,39,89
2440183.0,0,0,0,55,73
2440273.0,0,0,0,56,72
2440583.0,0,0,0,56,72
2441230.0,0,0,0,56,72
2441954.0,0,0,0,56,72
2441954.0,0,0,0,55,73
2441968.0,0,0,0,56,72
2442068.0,0,0,0,72,56
2442077.0,0,0,0,72,56
2442077.0,0,0,0,40,88
2442202.0,0,0,0,41,87
2442233.0,0,0,0,73,55
2442467.0,0,0,0,73,55
2442517.0,0,0,0,73,55
2442765.0,0,0,0,73,55
2442874.0,0,0,0,73,55
2442965.0,0,0,0,73,55
2442966.0,0,0,0,73,55
2443066.0,0,0,0,73,55
2443066.0,0,0,16,57,55
2443321.0,0,0,16,57,55
2443321.0,0,0,23,50,55
2443783.0,0,0,23,50,55
2443783.0,0,0,39,34,55
2443873.0,0,0,39,34,55
2443873.0,0,0,40,33,55
2444971.0,0,0,40,33,55
2444971.0,0,0,40,32,56
2445085.0,0,0,40,33,55
2445127.0,0,0,40,33,55
2445127.0,0,0,40,31,57
2445272.0,0,0,40,33,55
2445361.0,0,0,40,65,23
2445364.0,0,0,40,65,23
2445364.0,0,0,40,33,55
2445766.0,16,0,24,33,55
2445802.0,16,0,24,33,55
2445802.0,16,0,25,32,55
2446021.0,23,0,18,32,55
2446302.0,23,0,18,32,55
2446302.0,23,0,18,16,71
2446376.0,23,0,18,32,55
2446380.0,23,0,18,32,55
2446380.0,23,0,18,16,71
2446428.0,23,0,18,32,55
2446431.0,23,0,18,32,55
2446431.0,23,0,18,16,71
2446465.0,23,0,18,32,55
2446467.0,23,0,18,32,55
2446467.0,23,0,18,16,71
2446483.0,39,0,2,16,71
2446503.0,39,0,2,32,55
2446506.0,39,0,2,32,55
2446506.0,39,0,2,16,71
2446545.0,39,0,2,32,55
2446546.0,39,0,2,32,55
2446546.0,39,0,2,16,71
2446573.0,40,0,1,16,71
2446587.0,40,0,1,32,55
2446591.0,40,0,1,32,55
2446591.0,40,0,1,16,71
2446627.0,40,0,1,32,55
2446634.0,40,0,1,32,55
2446634.0,40,0,1,16,71
2446669.0,40,0,1,32,55
2446670.0,40,0,1,32,55
2446670.0,40,0,1,16,71
2446705.0,40,0,1,32,55
2446710.0,40,0,1,32,55
2446710.0,40,0,1,16,71
2446749.0,40,0,1,32,55
2446754.0,40,0,1,32,55
2446754.0,40,0,1,16,71
2446791.0,40,0,1,32,55
2446794.0,40,0,1,32,55
2446794.0,40,0,1,16,71
2446831.0,40,0,1,32,55
2446834.0,40,0,1,32,55
2446834.0,40,0,1,16,71
2446873.0,40,0,1,32,55
2446879.0,40,0,1,32,55
2446879.0,40,0,1,16,71
2446921.0,40,0,1,32,55
2446925.0,40,0,1,32,55
2446925.0,40,0,1,16,71
2446968.0,40,0,1,32,55
2446971.0,40,0,1,32,55
2446971.0,40,0,1,16,71
2447016.0,40,0,1,32,55
2447019.0,40,0,1,32,55
2447019.0,40,0,1,16,71
2447058.0,40,0,1,32,55
2447093.0,40,0,1,32,55
2447093.0,40,0,1,31,56
2447114.0,40,0,1,32,55
2447118.0,40,0,1,32,55
2447118.0,40,0,1,31,56
2447124.0,40,0,1,32,55
2447128.0,40,0,1,32,55
2447128.0,40,0,1,31,56
2447137.0,40,0,1,32,55
2447140.0,40,0,1,32,55
2447140.0,40,0,1,31,56
2447150.0,40,0,1,32,55
2447153.0,40,0,1,32,55
2447153.0,40,0,1,31,56
2447160.0,40,0,1,32,55
2447164.0,40,0,1,32,55
2447164.0,40,0,1,31,56
2447171.0,40,0,1,32,55
2447193.0,40,0,1,32,55
2447193.0,40,0,1,31,56
2447222.0,40,0,1,32,55
2447225.0,40,0,1,32,55
2447225.0,40,0,1,31,56
2447232.0,40,0,1,32,55
2447242.0,40,0,1,32,55
2447242.0,40,0,1,31,56
2447251.0,40,0,1,32,55
2447255.0,40,0,1,32,55
2447255.0,40,0,1,31,56
2447261.0,40,0,1,32,55
2447266.0,40,0,1,32,55
2447266.0,40,0,1,31,56
2447277.0,40,0,1,32,55
2447285.0,40,0,1,32,55
2447285.0,40,0,1,31,56
2447294.0,40,0,1,32,55
2447297.0,40,0,1,32,55
2447297.0,40,0,1,31,56
2447318.0,40,0,1,32,55
2447325.0,40,0,1,32,55
2447325.0,40,0,1,31,56
2447341.0,40,0,1,32,55
2447345.0,40,0,1,32,55
2447345.0,40,0,1,31,56
2447352.0,40,0,1,32,55
2447360.0,40,0,1,32,55
2447360.0,40,0,1,31,56
2447365.0,40,0,1,32,55
2447374.0,40,0,1,32,55
2447374.0,40,0,1,31,56
2447378.0,40,0,1,32,55
2447381.0,40,0,1,32,55
2447381.0,40,0,1,31,56
2447392.0,40,0,1,32,55
2447397.0,40,0,1,32,55
2447397.0,40,0,1,31,56
2447408.0,40,0,1,32,55
2447411.0,40,0,1,32,55
2447411.0,40,0,1,31,56
2447421.0,40,0,1,32,55
2447725.0,40,0,1,32,55
2447851.0,40,0,1,32,55
2447851.0,9,31,1,32,55
2447923.0,9,31,1,32,55
2447939.0,9,31,1,32,55
2448266.0,9,31,1,32,55
2448322.0,9,31,1,32,55
2448346.0,9,31,1,32,55
2448361.0,9,31,1,32,55
2448368.0,9,31,1,32,55
2448502.0,10,31,0,32,55
2448502.0,9,32,0,32,55
2448664.0,9,32,0,64,23
2448664.0,9,32,0,32,55
2448668.0,9,32,0,48,39
2448668.0,3,38,0,32,55
2448673.0,3,38,0,32,55
2448961.0,3,38,0,32,55
2448991.0,3,38,0,48,39
2448991.0,1,40,0,32,55
2449062.0,1,40,0,32,55
2449491.0,1,40,0,48,39
2449651.0,1,9,0,79,39
2449651.0,1,9,0,47,71
2449678.0,1,9,0,49,69
2449700.0,1,9,0,53,65
2449709.0,1,9,0,85,33
2449709.0,1,9,0,37,81
2450302.0,1,8,0,38,81
2450302.0,1,8,0,6,113
2450339.0,1,8,0,6,113
2450339.0,1,8,0,4,115
2450353.0,1,8,0,36,83
2450420.0,1,8,0,38,81
2450468.0,1,2,0,44,81
2450468.0,1,2,0,38,87
2450488.0,1,2,0,39,86
2450511.0,1,2,0,40,85
2450590.0,1,2,0,40,85
2450590.0,1,2,0,36,89
2450632.0,1,2,0,40,85
2450689.0,1,2,0,40,85
2450689.0,1,2,0,32,93
2450791.0,1,0,0,34,93
2450791.0,1,0,0,32,95
2451011.0,1,0,0,32,95
2451011.0,1,0,0,28,99
2451036.0,1,0,0,32,95
2451127.0,1,0,0,48,79
2451197.0,1,0,0,56,71
2451724.0,1,0,0,56,71
2451724.0,1,0,0,52,75
2451751.0,1,0,0,56,71
2452108.0,1,0,0,56,71
2452108.0,1,0,0,24,103
2452116.0,1,0,0,24,103
2452851.0,1,0,0,56,71
2453091.0,1,0,0,56,71
2453137.0,1,0,0,88,39
2453137.0,1,0,0,24,103
2453309.0,1,0,0,24,103
2453309.0,1,0,4,20,103
2454020.0,1,0,4,20,103
2454020.0,1,0,6,18,103
2454088.0,1,0,6,18,103
2454088.0,1,0,7,17,103
2454111.0,1,0,7,17,103
2454111.0,1,0,8,16,103
2454727.0,1,0,8,16,103
2454727.0,1,0,24,0,103
2456009.0,5,0,20,0,103
2456720.0,7,0,18,0,103
2456788.0,8,0,17,0,103
2456811.0,9,0,16,0,103
2457427.0,25,0,0,0,103
2458993.0,25,0,0,4,99
2459296.0,25,0,0,6,97
2462593.0,25,0,0,6,97
2462593.0,25,0,4,2,97
2462896.0,25,0,4,2,97
2462896.0,25,0,6,0,97
2463030.0,25,0,6,32,65
2463038.0,25,0,6,33,64
2464057.0,25,0,6,97,0
2465293.0,29,0,2,97,0
2465596.0,31,0,0,97,0
2466630.0,31,0,0,97,0
2466630.0,31,0,32,65,0
2466638.0,31,0,32,65,0
2466638.0,31,0,33,64,0
2467657.0,31,0,33,64,0
2467657.0,31,0,97,0,0
2469330.0,63,0,65,0,0
2469338.0,64,0,64,0,0
2470357.0,128,0,0,0,0
2471270.0,128,0,0,0,0
2471270.0,0,128,0,0,0
2473070.0,0,0,0,128,0
2473070.0,0,0,0,0,128
2483989.0,0,0,0,128,0
2487589.0,0,0,0,128,0
2487589.0,0,0,128,0,0
2487619.0,0,0,128,0,0
2488293.0,0,0,128,0,0
2488308.0,0,0,128,0,0
2488501.0,0,0,128,0,0
2489544.0,0,0,128,0,0
2489570.0,0,0,128,0,0
2489593.0,0,0,128,0,0
2489746.0,0,0,128,0,0
2489959.0,0,0,128,0,0
2490289.0,128,0,0,0,0
2490289.0,8,120,0,0,0
2490367.0,8,120,0,0,0
2490824.0,8,120,0,0,0
2490868.0,8,120,0,0,0
2490887.0,8,120,0,0,0
2490908.0,8,120,0,0,0
2490968.0,8,120,0,0,0
2491080.0,8,120,0,0,0
2491093.0,8,120,0,0,0
2491120.0,8,120,0,0,0
2491209.0,8,120,0,0,0
2491235.0,8,120,0,0,0
2491424.0,8,120,0,0,0
2491447.0,8,120,0,0,0
2491478.0,8,120,0,0,0
2491602.0,8,120,0,0,0
2491747.0,8,120,0,0,0
2492003.0,8,120,0,0,0
2492006.0,8,120,0,0,0
2492089.0,8,0,0,120,0
2492089.0,8,0,0,0,120
2492105.0,8,0,0,1,119
2492111.0,8,0,0,2,118
2492117.0,8,0,0,18,102
2492270.0,8,0,0,34,86
2492289.0,8,0,0,50,70
2492431.0,8,0,0,50,70
2492692.0,8,0,0,50,70
2492810.0,8,0,0,50,70
2493002.0,8,0,0,82,38
2493002.0,8,0,0,18,102
2493087.0,8,0,0,18,102
2493212.0,8,0,0,82,38
2493212.0,8,0,0,11,109
2493217.0,8,0,0,13,107
2493227.0,8,0,0,14,106
2493240.0,8,0,0,18,102
2493253.0,8,0,0,82,38
2493253.0,8,0,0,18,102
2493278.0,8,0,0,18,102
2493299.0,8,0,0,82,38
2493299.0,8,0,0,18,102
2493300.0,8,0,0,82,38
2493300.0,8,0,0,14,106
2493320.0,8,0,0,18,102
2493371.0,8,0,0,82,38
2493371.0,8,0,0,18,102
2493376.0,8,0,0,82,38
2493376.0,8,0,0,12,108
2493450.0,8,0,0,12,108
2493464.0,8,0,0,12,108
2493532.0,8,0,0,12,108
2493557.0,8,0,0,12,108
2493568.0,8,0,0,13,107
2493574.0,8,0,0,14,106
2493649.0,8,0,0,14,106
2493705.0,8,0,0,14,106
2493718.0,8,0,0,14,106
2493730.0,8,0,0,78,42
2493730.0,8,0,0,12,108
2493795.0,8,0,0,13,107
2493797.0,8,0,0,13,107
2493858.0,8,0,0,14,106
2493903.0,8,0,0,14,106
2493907.0,8,0,0,78,42
2493907.0,5,3,0,14,106
2493908.0,5,3,0,14,106
2493971.0,5,3,0,78,42
2493971.0,5,3,0,14,106
2493976.0,5,3,0,14,106
2493995.0,5,3,0,14,106
2494011.0,5,3,0,78,42
2494011.0,5,3,0,14,106
2494273.0,5,3,0,14,106
2494323.0,5,3,0,14,106
2494326.0,5,3,0,78,42
2494326.0,0,8,0,41,79
2494344.0,0,8,0,41,79
2494472.0,0,8,0,42,78
2494534.0,0,8,0,42,78
2494550.0,0,8,0,46,74
2494550.0,0,8,0,42,78
2494606.0,0,8,0,42,78
2494617.0,0,8,0,74,46
2494617.0,0,8,0,50,70
2494630.0,0,8,0,54,66
2494644.0,0,8,0,54,66
2494716.0,0,8,0,62,58
2494716.0,0,8,0,42,78
2494719.0,0,8,0,46,74
2494729.0,0,8,0,46,74
2494732.0,0,8,0,54,66
2494733.0,0,8,0,54,66
2494745.0,0,8,0,58,62
2494804.0,0,8,0,74,46
2494804.0,0,8,0,42,78
2494853.0,0,8,0,42,78
2494856.0,0,8,0,42,78
2494916.0,0,8,0,74,46
2494916.0,0,8,0,49,71
2494970.0,0,8,0,57,63
2494970.0,0,8,0,41,79
2494984.0,0,8,0,42,78
2494996.0,0,8,0,42,78
2495018.0,0,8,0,42,78
2495037.0,0,8,0,58,62
2495037.0,0,8,0,42,78
2495051.0,0,8,0,46,74
2495064.0,0,8,0,46,74
2495084.0,0,8,0,46,74
2495147.0,0,8,0,54,66
2495221.0,0,8,0,62,58
2495221.0,0,8,0,42,78
2495222.0,0,8,0,42,78
2495262.0,0,8,0,46,74
2495274.0,0,8,0,46,74
2495278.0,0,8,0,62,58
2495278.0,0,8,0,45,75
2495280.0,0,8,0,61,59
2495280.0,0,8,0,45,75
2495351.0,0,8,0,61,59
2495351.0,0,8,0,53,67
2495357.0,0,8,0,54,66
2495361.0,0,8,0,70,50
2495361.0,0,8,0,46,74
2495385.0,0,8,0,46,74
2495389.0,0,8,0,46,74
2495435.0,0,8,0,62,58
2495435.0,0,8,0,54,66
2495502.0,0,8,0,62,58
2495502.0,0,8,0,45,75
2495507.0,0,8,0,46,74
2495510.0,0,8,0,46,74
2495512.0,0,8,0,46,74
2495523.0,0,8,0,46,74
2495579.0,0,8,0,54,66
2495610.0,0,8,0,54,66
2495614.0,0,8,0,70,50
2495705.0,0,8,0,70,50
2495707.0,0,5,0,73,50
2495707.0,0,5,0,56,67
2495717.0,0,5,0,56,67
2495741.0,0,5,0,60,63
2495741.0,0,5,0,27,96
2495790.0,0,5,0,28,95
2495812.0,0,5,0,60,63
2495812.0,0,5,0,28,95
2495837.0,0,5,0,28,95
2495850.0,0,5,0,60,63
2495850.0,0,5,0,40,83
2495885.0,0,5,0,40,83
2495889.0,0,5,0,40,83
2495894.0,0,5,0,41,82
2495934.0,0,5,0,49,74
2495934.0,0,5,0,33,90
2495935.0,0,5,0,49,74
2495935.0,0,5,0,32,91
2495957.0,0,5,0,32,91
2496099.0,0,5,0,48,75
2496099.0,0,5,0,31,92
2496103.0,0,5,0,32,91
2496113.0,0,5,0,33,90
2496126.0,0,0,0,38,90
2496126.0,0,0,0,6,122
2496153.0,0,0,0,6,122
2496168.0,0,0,0,22,106
2496193.0,0,0,0,38,90
2496193.0,0,0,0,6,122
2496231.0,0,0,0,38,90
2496253.0,0,0,0,38,90
2496253.0,0,0,0,6,122
2496278.0,0,0,0,6,122
2496308.0,0,0,0,38,90
2496308.0,0,0,0,22,106
2496534.0,0,0,0,54,74
2496686.0,0,0,0,54,74
2496686.0,0,0,0,22,106
2496687.0,0,0,0,54,74
2496705.0,0,0,0,54,74
2496705.0,0,0,0,22,106
2496744.0,0,0,0,22,106
2496744.0,0,0,0,6,122
2496770.0,0,0,0,22,106
2496797.0,0,0,0,54,74
2496804.0,0,0,0,54,74
2496804.0,0,0,0,22,106
2496810.0,0,0,0,54,74
2496811.0,0,0,0,70,58
2496833.0,0,0,0,70,58
2496833.0,0,0,0,38,90
2496849.0,0,0,0,38,90
2496849.0,0,0,0,22,106
2496861.0,0,0,0,22,106
2496861.0,0,0,0,6,122
2496875.0,0,0,0,38,90
2496883.0,0,0,0,38,90
2496883.0,0,0,0,22,106
2496979.0,0,0,0,38,90
2496980.0,0,0,0,54,74
2496996.0,0,0,0,54,74
2496996.0,0,0,0,38,90
2497076.0,0,0,0,54,74
2497121.0,0,0,0,54,74
2497121.0,0,0,0,38,90
2497135.0,0,0,0,54,74
2497138.0,0,0,0,54,74
2497138.0,0,0,0,38,90
2497166.0,0,0,0,38,90
2497166.0,0,0,0,6,122
2497207.0,0,0,0,22,106
2497215.0,0,0,0,54,74
2497228.0,0,0,0,54,74
2497228.0,0,0,0,38,90
2497230.0,0,0,0,54,74
2497237.0,0,0,0,54,74
2497237.0,0,0,0,22,106
2497271.0,0,0,0,54,74
2497306.0,0,0,0,70,58
2497314.0,0,0,0,70,58
2497314.0,0,0,0,54,74
2497325.0,0,0,0,70,58
2497360.0,0,0,0,70,58
2497360.0,0,0,0,54,74
2497414.0,0,0,0,70,58
2497444.0,0,0,0,86,42
2497446.0,0,0,0,86,42
2497446.0,0,0,0,70,58
2497458.0,0,0,0,70,58
2497458.0,0,0,0,54,74
2497481.0,0,0,0,70,58
2497577.0,0,0,0,70,58
2497577.0,0,0,0,66,62
2497673.0,0,0,0,82,46
2497678.0,0,0,0,82,46
2497678.0,0,0,0,66,62
2497689.0,0,0,0,66,62
2497689.0,0,0,0,50,78
2497692.0,0,0,0,50,78
2497692.0,0,0,0,34,94
2497722.0,0,0,0,38,90
2497769.0,0,0,0,54,74
2497789.0,0,0,0,70,58
2497797.0,0,0,0,70,58
2497797.0,0,0,0,54,74
2497801.0,0,0,0,54,74
2497801.0,0,0,0,38,90
2497802.0,0,0,0,54,74
2497834.0,0,0,0,70,58
2497856.0,0,0,0,70,58
2497856.0,0,0,0,38,90
2497880.0,0,0,0,38,90
2497880.0,0,0,0,22,106
2497891.0,0,0,0,26,102
2497898.0,0,0,0,42,86
2497921.0,0,0,0,42,86
2497921.0,0,0,0,26,102
2497936.0,0,0,0,58,70
2498012.0,0,0,0,74,54
2498031.0,0,0,0,90,38
2498072.0,0,0,0,90,38
2498126.0,0,0,0,90,38
2498126.0,0,0,0,74,54
2498147.0,0,0,0,74,54
2498147.0,0,0,0,42,86
2498150.0,0,0,0,42,86
2498154.0,0,0,0,58,70
2498155.0,0,0,0,90,38
2498165.0,0,0,0,90,38
2498165.0,0,0,0,74,54
2498168.0,0,0,0,90,38
2498176.0,0,0,0,90,38
2498176.0,0,0,0,58,70
2498181.0,0,0,0,90,38
2498212.0,0,0,0,90,38
2498212.0,0,0,0,74,54
2498237.0,0,0,0,74,54
2498237.0,0,0,0,42,86
2498243.0,0,0,0,74,54
2498308.0,0,0,0,90,38
2498335.0,0,0,0,90,38
2498335.0,0,0,0,74,54
2498348.0,0,0,0,74,54
2498348.0,0,0,0,42,86
2498364.0,0,0,0,42,86
2498364.0,0,0,0,10,118
2498396.0,0,0,0,10,118
2498396.0,0,0,0,2,126
2498442.0,0,0,0,34,94
2498459.0,0,0,0,50,78
2498477.0,0,0,0,50,78
2498477.0,0,0,0,34,94
2498498.0,0,0,0,34,94
2498498.0,0,0,0,18,110
2498532.0,0,0,0,34,94
2498566.0,0,0,0,34,94
2498566.0,0,0,0,18,110
2498579.0,0,0,0,34,94
2498584.0,0,0,0,34,94
2498585.0,0,0,0,34,94
2498585.0,0,0,0,18,110
2498637.0,0,0,0,18,110
2498670.0,0,0,0,34,94
2498672.0,0,0,0,34,94
2498672.0,0,0,0,2,126
2498678.0,0,0,0,18,110
2498681.0,0,0,0,18,110
2498681.0,0,0,0,2,126
2498685.0,0,0,0,2,126
2498789.0,0,0,0,34,94
2498789.0,0,0,0,18,110
2498795.0,0,0,0,34,94
2498796.0,0,0,0,34,94
2498796.0,0,0,0,18,110
2498835.0,0,0,0,18,110
2498835.0,0,0,0,2,126
2498862.0,0,0,0,2,126
2498888.0,0,0,0,34,94
2498919.0,0,0,0,34,94
2498919.0,0,0,0,18,110
2498988.0,0,0,0,34,94
2499013.0,0,0,0,34,94
2499013.0,0,0,0,18,110
2499051.0,0,0,0,34,94
2499101.0,0,0,0,34,94
2499101.0,0,0,0,18,110
2499211.0,0,0,0,34,94
2499262.0,0,0,0,50,78
2499263.0,0,0,0,50,78
2499263.0,0,0,0,34,94
2499265.0,0,0,0,34,94
2499265.0,0,0,0,18,110
2499290.0,0,0,0,34,94
2499335.0,0,0,0,34,94
2499335.0,0,0,0,18,110
2499353.0,0,0,0,34,94
2499355.0,0,0,0,34,94
2499355.0,0,0,0,18,110
2499362.0,0,0,0,34,94
2499390.0,0,0,0,34,94
2499390.0,0,0,1,33,94
2499404.0,0,0,1,33,94
2499404.0,0,0,1,17,110
2499419.0,0,0,1,17,110
2499419.0,0,0,1,1,126
2499432.0,0,0,1,17,110
2499447.0,0,0,1,33,94
2499454.0,0,0,1,49,78
2499456.0,0,0,1,49,78
2499456.0,0,0,1,33,94
2499472.0,0,0,1,33,94
2499472.0,0,0,1,17,110
2499499.0,0,0,1,33,94
2499501.0,0,0,1,33,94
2499501.0,0,0,1,17,110
2499507.0,0,0,1,17,110
2499507.0,0,0,1,1,126
2499557.0,0,0,1,17,110
2499584.0,0,0,1,33,94
2499599.0,0,0,1,33,94
2499599.0,0,0,1,17,110
2499699.0,0,0,1,17,110
2499699.0,0,0,2,16,110
2499738.0,0,0,2,32,94
2499749.0,0,0,2,32,94
2499749.0,0,0,2,16,110
2499794.0,0,0,2,32,94
2499807.0,0,0,2,32,94
2499807.0,0,0,2,16,110
2499842.0,0,0,2,16,110
2499842.0,0,0,2,0,126
2499850.0,0,0,2,32,94
2499878.0,0,0,2,32,94
2499878.0,0,0,2,16,110
2499900.0,0,0,2,32,94
2499922.0,0,0,2,48,78
2499925.0,0,0,2,48,78
2499925.0,0,0,2,32,94
2499949.0,0,0,2,48,78
2499952.0,0,0,2,64,62
2499955.0,0,0,2,64,62
2499955.0,0,0,2,48,78
2499964.0,0,0,2,48,78
2499964.0,0,0,2,32,94
2499992.0,0,0,2,48,78
2500016.0,0,0,2,48,78
2500016.0,0,0,2,32,94
2500043.0,0,0,2,48,78
2500053.0,0,0,2,64,62
2500098.0,0,0,2,64,62
2500098.0,0,0,2,63,63
2500117.0,0,0,2,80,46
2500143.0,0,0,2,80,46
2500143.0,0,0,2,64,62
2500199.0,0,0,2,64,62
2500199.0,0,0,2,48,78
2500202.0,0,0,2,48,78
2500202.0,0,0,2,32,94
2500231.0,0,0,2,32,94
2500231.0,0,0,2,31,95
2500248.0,0,0,2,47,79
2500256.0,0,0,2,47,79
2500256.0,0,0,2,31,95
2500262.0,0,0,2,32,94
2500292.0,0,0,2,48,78
2500299.0,0,0,2,48,78
2500299.0,0,0,2,32,94
2500308.0,0,0,2,32,94
2500308.0,0,0,2,16,110
2500323.0,0,0,2,32,94
2500330.0,0,0,2,48,78
2500336.0,0,0,2,64,62
2500337.0,0,0,2,64,62
2500337.0,0,0,2,48,78
2500376.0,0,0,2,64,62
2500380.0,0,0,2,64,62
2500380.0,0,0,2,48,78
2500407.0,0,0,2,64,62
2500412.0,0,0,2,80,46
2500424.0,0,0,2,80,46
2500424.0,0,0,2,64,62
2500469.0,0,0,2,80,46
2500480.0,0,0,2,80,46
2500480.0,0,0,2,64,62
2500498.0,0,0,2,64,62
2500498.0,0,0,2,48,78
2500561.0,0,0,2,64,62
2500570.0,0,0,2,64,62
2500570.0,0,0,2,48,78
2500582.0,0,0,2,64,62
2500793.0,0,0,2,64,62
2500793.0,0,0,2,48,78
2500822.0,0,0,2,64,62
2500829.0,0,0,2,64,62
2500829.0,0,0,2,48,78
2500869.0,0,0,2,64,62
2500915.0,0,0,2,64,62
2500915.0,0,0,2,48,78
2501011.0,0,0,2,64,62
2501143.0,0,0,2,64,62
2501143.0,0,0,2,48,78
2501206.0,0,0,2,48,78
2501206.0,0,0,2,16,110
2501241.0,0,0,2,32,94
2501262.0,0,0,2,32,94
2501262.0,0,0,2,16,110
2501348.0,0,0,2,32,94
2501433.0,0,0,2,32,94
2501433.0,0,0,2,16,110
2501463.0,0,0,2,48,78
2501465.0,0,0,2,48,78
2501465.0,0,0,2,40,86
2501473.0,0,0,2,48,78
2501478.0,0,0,2,48,78
2501478.0,0,0,2,40,86
2501516.0,0,0,2,56,70
2501558.0,0,0,2,56,70
2501558.0,0,0,2,48,78
2501569.0,0,0,2,48,78
2501569.0,0,0,2,32,94
2501600.0,0,0,2,32,94
2501672.0,0,0,2,40,86
2501677.0,0,0,2,56,70
2501690.0,0,0,2,56,70
2501690.0,0,0,2,55,71
2501716.0,0,0,2,55,71
2501716.0,0,0,2,39,87
2501755.0,0,0,2,40,86
2501760.0,0,0,2,40,86
2501760.0,0,0,2,32,94
2501797.0,0,0,2,32,94
2501797.0,0,0,2,31,95
2501805.0,0,0,2,32,94
2501820.0,0,0,2,32,94
2501860.0,0,0,2,48,78
2501860.0,0,0,2,32,94
2501915.0,0,0,2,32,94
2501915.0,0,0,2,31,95
2501946.0,0,0,2,32,94
2501956.0,0,0,2,32,94
2501978.0,0,0,2,40,86
2501978.0,0,0,2,36,90
2501979.0,0,0,2,36,90
2501980.0,0,0,2,36,90
2501987.0,0,0,2,36,90
2501992.0,0,0,2,44,82
2502023.0,0,0,2,44,82
2502057.0,0,0,2,44,82
2502090.0,1,0,1,44,82
2502090.0,0,1,1,44,82
2502096.0,0,1,1,44,82
2502099.0,0,1,1,44,82
2502117.0,0,1,1,44,82
2502136.0,0,1,1,44,82
2502162.0,0,1,1,44,82
2502175.0,0,1,1,44,82
2502189.0,0,1,1,44,82
2502200.0,0,1,1,60,66
2502205.0,0,1,1,60,66
2502224.0,0,1,1,60,66
2502246.0,0,1,1,60,66
2502280.0,0,1,1,60,66
2502310.0,0,1,1,60,66
2502318.0,0,1,1,64,62
2502318.0,0,1,1,30,96
2502362.0,0,1,1,30,96
2502380.0,0,1,1,62,64
2502380.0,0,1,1,35,91
2502389.0,0,1,1,38,88
2502389.0,0,1,1,30,96
2502391.0,0,1,1,32,94
2502393.0,0,1,1,33,93
2502396.0,0,1,1,33,93
2502399.0,1,1,0,33,93
2502399.0,0,2,0,33,93
2502401.0,0,2,0,35,91
2502402.0,0,2,0,36,90
2502434.0,0,2,0,44,82
2502479.0,0,2,0,60,66
2502479.0,0,2,0,36,90
2502519.0,0,2,0,36,90
2502534.0,0,2,0,37,89
2502556.0,0,2,0,37,89
2502563.0,0,2,0,37,89
2502575.0,0,2,0,37,89
2502581.0,0,2,0,53,73
2502610.0,0,2,0,53,73
2502626.0,0,2,0,53,73
2502633.0,0,2,0,63,63
2502633.0,0,2,0,31,95
2502646.0,0,2,0,31,95
2502654.0,0,2,0,47,79
2502654.0,0,2,0,31,95
2502661.0,0,2,0,32,94
2502724.0,0,2,0,64,62
2502724.0,0,2,0,30,96
2502730.0,0,2,0,38,88
2502730.0,0,2,0,37,89
2502739.0,0,2,0,38,88
2502745.0,0,2,0,54,72
2502745.0,0,2,0,30,96
2502753.0,0,2,0,31,95
2502754.0,0,2,0,31,95
2502763.0,0,2,0,31,95
2502806.0,0,2,0,31,95
2502825.0,0,2,0,47,79
2502836.0,0,2,0,48,78
2502844.0,0,2,0,48,78
2502846.0,0,2,0,48,78
2502885.0,0,2,0,48,78
2502887.0,0,2,0,56,70
2502913.0,0,2,0,64,62
2502913.0,0,2,0,32,94
2502925.0,0,2,0,32,94
2502974.0,0,2,0,34,92
2502975.0,0,2,0,66,60
2502975.0,0,2,0,42,84
2502995.0,0,2,0,46,80
2502995.0,0,2,0,30,96
2503032.0,0,2,0,46,80
2503032.0,0,2,0,38,88
2503037.0,0,2,0,38,88
2503039.0,0,2,0,38,88
2503055.0,0,2,0,54,72
2503055.0,0,2,0,30,96
2503062.0,0,2,0,30,96
2503117.0,0,2,0,30,96
2503140.0,0,2,0,46,80
2503157.0,0,2,0,46,80
2503185.0,0,2,0,54,72
2503196.0,0,2,0,54,72
2503235.0,0,2,0,62,64
2503235.0,0,2,0,30,96
2503258.0,0,2,0,30,96
2503278.0,0,2,0,30,96
2503298.0,0,2,0,62,64
2503298.0,0,2,0,37,89
2503348.0,0,2,0,45,81
2503350.0,0,2,0,45,81
2503397.0,0,2,0,61,65
2503397.0,0,2,0,45,81
2503428.0,0,2,0,45,81
2503442.0,0,2,0,45,81
2503450.0,0,2,0,45,81
2503454.0,0,2,0,53,73
2503454.0,0,2,0,37,89
2503467.0,0,2,0,38,88
2503486.0,0,2,0,38,88
2503528.0,0,2,0,38,88
2503543.0,0,2,0,38,88
2503546.0,0,2,0,54,72
2503569.0,0,2,0,54,72
2503622.0,0,2,0,54,72
2503658.0,0,2,0,54,72
2503674.0,0,2,0,54,72
2503767.0,0,2,0,54,72
2503785.0,0,2,0,54,72
2503825.0,0,2,0,54,72
2503845.0,0,2,0,54,72
2503846.0,0,2,0,54,72
2503887.0,0,2,0,54,72
2503890.0,0,1,0,55,72
2503920.0,0,1,0,55,72
2503927.0,0,1,0,87,40
2503927.0,0,1,0,35,92
2503929.0,0,1,0,43,84
2503948.0,0,1,0,44,83
2503949.0,0,1,0,45,82
2503951.0,0,1,0,46,81
2503954.0,0,1,0,47,80
2503954.0,0,1,0,31,96
2503955.0,0,1,0,47,80
2503955.0,0,1,0,46,81
2503970.0,0,1,0,78,49
2503970.0,0,1,0,45,82
2503980.0,0,1,0,46,81
2503987.0,0,1,0,62,65
2503987.0,0,1,0,38,89
2504022.0,0,1,0,39,88
2504060.0,0,1,0,40,87
2504072.0,0,1,0,40,87
2504079.0,0,1,0,40,87
2504091.0,0,1,0,56,71
2504091.0,0,1,0,40,87
2504105.0,0,1,0,40,87
2504111.0,0,1,0,56,71
2504111.0,0,1,0,32,95
2504155.0,0,1,0,48,79
2504155.0,0,1,0,42,85
2504162.0,0,1,0,44,83
2504163.0,0,1,0,60,67
2504183.0,0,1,0,64,63
2504191.0,0,1,0,64,63
2504191.0,0,1,0,60,67
2504195.0,0,1,0,62,65
2504198.0,0,1,0,66,61
2504199.0,0,0,0,67,61
2504199.0,0,0,0,35,93
2504213.0,0,0,0,35,93
2504213.0,0,0,0,33,95
2504244.0,0,0,0,65,63
2504280.0,0,0,0,81,47
2504317.0,0,0,0,97,31
2504414.0,0,0,0,98,30
2504452.0,0,0,0,106,22
2504485.0,0,0,0,106,22
2504485.0,0,0,0,105,23
2504492.0,0,0,0,109,19
2504493.0,0,0,0,111,17
2504507.0,0,0,0,112,16
2504563.0,0,0,0,112,16
2504563.0,0,0,0,108,20
2504584.0,0,0,0,108,20
2504584.0,0,0,0,106,22
2504738.0,0,0,0,108,20
2504739.0,0,0,0,112,16
2504841.0,0,0,0,112,16
2504841.0,0,0,0,80,48
2504853.0,0,0,0,80,48
2504853.0,0,0,0,78,50
2504880.0,0,0,0,80,48
2504941.0,0,0,0,80,48
2504941.0,0,0,0,76,52
2504988.0,0,0,0,80,48
2504991.0,0,0,0,80,48
2504991.0,0,0,0,78,50
2505003.0,0,0,0,80,48
2505032.0,0,0,0,80,48
2505032.0,0,0,0,79,49
2505036.0,0,0,0,80,48
2505065.0,0,0,0,80,48
2505065.0,0,0,0,79,49
2505071.0,0,0,0,80,48
2505072.0,0,0,0,80,48
2505072.0,0,0,0,79,49
2505092.0,0,0,0,79,49
2505092.0,0,0,0,77,51
2505106.0,0,0,0,77,51
2505106.0,0,0,0,69,59
2505113.0,0,0,0,70,58
2505130.0,0,0,0,72,56
2505163.0,0,0,0,72,56
2505163.0,0,0,0,70,58
2505207.0,0,0,0,72,56
2505439.0,0,0,0,80,48
2505476.0,0,0,0,80,48
2505476.0,0,0,0,64,64
2505515.0,0,0,0,64,64
2505515.0,0,0,0,60,68
2505537.0,0,0,0,60,68
2505537.0,0,0,0,58,70
2505565.0,0,0,0,74,54
2505580.0,0,0,0,74,54
2505580.0,0,0,0,73,55
2505634.0,0,0,0,73,55
2505634.0,0,0,0,57,71
2505690.0,0,0,0,73,55
2505711.0,0,0,0,74,54
2505757.0,0,0,0,90,38
2505762.0,0,0,0,90,38
2505762.0,0,0,0,88,40
2505768.0,0,0,0,90,38
2505771.0,0,0,0,90,38
2505771.0,0,0,0,74,54
2505782.0,0,0,0,74,54
2505782.0,0,0,0,73,55
2505810.0,0,0,0,74,54
2505832.0,0,0,0,74,54
2505832.0,0,0,0,73,55
2505874.0,0,0,0,89,39
2505902.0,0,0,0,93,35
2505904.0,0,0,0,95,33
2505927.0,0,0,0,95,33
2505927.0,0,0,0,79,49
2505980.0,0,0,0,79,49
2505991.0,0,0,0,79,49
2506019.0,0,0,0,95,33
2506019.0,0,0,0,91,37
2506034.0,0,0,0,91,37
2506043.0,0,0,0,92,36
2506048.0,0,0,0,96,32
2506087.0,0,0,0,96,32
2506087.0,0,0,0,92,36
2506108.0,0,0,0,92,36
2506108.0,0,0,0,90,38
2506233.0,0,0,0,90,38
2506330.0,0,0,0,90,38
2506353.0,0,0,0,90,38
2506436.0,0,0,0,90,38
2506461.0,0,0,0,94,34
2506463.0,0,0,0,96,32
2506466.0,0,0,0,96,32
2506466.0,0,0,0,95,33
2506591.0,0,0,0,96,32
2506632.0,0,0,0,96,32
2506668.0,0,0,0,96,32
2506668.0,0,0,0,92,36
2506689.0,0,0,0,92,36
2506689.0,0,0,0,90,38
2506740.0,0,0,0,90,38
2506845.0,0,0,0,96,32
2506884.0,0,0,0,96,32
2506884.0,0,0,0,92,36
2506898.0,0,0,0,92,36
2506911.0,0,0,0,92,36
2506911.0,0,0,0,90,38
2506997.0,0,0,0,90,38
2507086.0,0,0,0,90,38
2507086.0,0,0,0,82,46
2507135.0,0,0,0,90,38
2507142.0,0,0,0,90,38
2507142.0,0,0,0,74,54
2507202.0,0,0,0,78,50
2507205.0,0,0,0,80,48
2507213.0,0,0,0,96,32
2507493.0,0,0,0,96,32
2507493.0,0,0,0,95,33
2507509.0,0,0,0,96,32
2507521.0,0,0,0,96,32
2507521.0,0,0,0,94,34
2507543.0,0,0,0,94,34
2507543.0,0,0,0,93,35
2507555.0,0,0,0,93,35
2507573.0,0,0,0,95,33
2507587.0,0,0,0,95,33
2507587.0,0,0,1,94,33
2507594.0,0,0,1,95,32
2507608.0,0,0,1,95,32
2507608.0,0,0,1,91,36
2507630.0,0,0,1,91,36
2507630.0,0,0,1,89,38
2507743.0,0,0,1,89,38
2507743.0,0,0,1,88,39
2507762.0,0,0,1,88,39
2507762.0,0,0,3,86,39
2507783.0,0,0,3,86,39
2507783.0,0,0,7,82,39
2507784.0,0,0,7,82,39
2507784.0,0,0,7,80,41
2507841.0,0,0,7,82,39
2507844.0,0,0,7,82,39
2507844.0,0,0,31,58,39
2507880.0,0,0,31,58,39
2507880.0,0,0,47,42,39
2507899.0,0,0,47,42,39
2507899.0,0,0,47,40,41
2507917.0,0,0,47,40,41
2507917.0,0,0,48,39,41
2507918.0,0,0,48,41,39
2507919.0,0,0,48,45,35
2507922.0,0,0,48,47,33
2507952.0,0,0,48,47,33
2507952.0,0,0,48,43,37
2507974.0,0,0,48,43,37
2507974.0,0,0,48,41,39
2507982.0,0,0,48,42,38
2507997.0,0,0,48,42,38
2507997.0,0,0,48,41,39
2508014.0,0,0,48,41,39
2508014.0,0,0,49,40,39
2508052.0,0,0,49,40,39
2508052.0,0,0,57,32,39
2508163.0,0,0,57,64,7
2508276.0,0,0,57,70,1
2508291.0,0,0,57,71,0
2508306.0,0,0,57,71,0
2508306.0,0,0,57,70,1
2508567.0,0,0,57,70,1
2508567.0,0,0,57,66,5
2508588.0,0,0,57,66,5
2508588.0,0,0,57,64,7
2508695.0,0,0,57,65,6
2508712.0,0,0,57,65,6
2508712.0,0,0,57,64,7
2508823.0,0,0,57,65,6
2508876.0,0,0,57,69,2
2508901.0,0,0,57,69,2
2508901.0,0,0,57,53,18
2508903.0,0,0,57,55,16
2508922.0,0,0,57,55,16
2508922.0,0,0,57,54,17
2508947.0,0,0,57,54,17
2508947.0,0,0,57,22,49
2508983.0,0,0,57,22,49
2508983.0,0,0,57,21,50
2508986.0,0,0,57,53,18
2509011.0,0,0,57,54,17
2509036.0,0,0,57,70,1
2509057.0,0,0,57,70,1
2509057.0,0,0,57,54,17
2509088.0,0,0,57,55,16
2509135.0,0,0,57,71,0
2509185.0,0,0,57,71,0
2509185.0,0,0,57,39,32
2509290.0,0,0,57,39,32
2509290.0,0,0,72,24,32
2509353.0,0,0,72,56,0
2509357.0,0,0,72,56,0
2509357.0,0,0,73,55,0
2509414.0,0,0,73,55,0
2509414.0,0,0,73,54,1
2509463.0,0,0,73,55,0
2509504.0,0,0,73,55,0
2509504.0,0,0,74,54,0
2510126.0,0,0,74,54,0
2510126.0,0,0,74,53,1
2510128.0,0,0,74,53,1
2510128.0,0,0,74,49,5
2510157.0,0,0,74,49,5
2510157.0,0,0,74,47,7
2510189.0,0,0,74,47,7
2510189.0,0,0,74,46,8
2510254.0,0,0,74,47,7
2510263.0,0,0,74,47,7
2510263.0,0,0,74,46,8
2510268.0,0,0,74,46,8
2510268.0,0,0,74,30,24
2510287.0,1,0,73,30,24
2510310.0,1,0,73,31,23
2510330.0,1,0,73,33,21
2510331.0,1,0,73,37,17
2510385.0,1,0,73,37,17
2510385.0,1,0,73,33,21
2510406.0,1,0,73,33,21
2510406.0,1,0,73,31,23
2510462.0,3,0,71,31,23
2510483.0,7,0,67,31,23
2510544.0,31,0,43,31,23
2510544.0,31,0,43,30,24
2510547.0,31,0,43,30,24
2510547.0,31,0,43,29,25
2510580.0,47,0,27,29,25
2510617.0,48,0,26,29,25
2510635.0,48,0,26,29,25
2510635.0,48,0,26,28,26
2510663.0,48,0,26,29,25
2510682.0,48,0,26,30,24
2510698.0,48,0,26,30,24
2510698.0,48,0,26,29,25
2510714.0,49,0,25,29,25
2510731.0,49,0,25,30,24
2510732.0,49,0,25,30,24
2510732.0,49,0,25,22,32
2510735.0,49,0,25,38,16
2510752.0,57,0,17,38,16
2510758.0,57,0,17,39,15
2510785.0,57,0,17,39,15
2510785.0,57,0,17,38,16
2510812.0,57,0,17,42,12
2510813.0,57,0,17,42,12
2510813.0,57,0,21,38,12
2510815.0,57,0,21,40,10
2510817.0,57,0,21,41,9
2510833.0,57,0,21,41,9
2510833.0,57,0,21,40,10
2510856.0,57,0,21,40,10
2510856.0,57,0,21,39,11
2510903.0,57,0,21,39,11
2510903.0,57,0,21,23,27
2510942.0,57,0,21,24,26
2511009.0,57,0,21,32,18
2511021.0,57,0,21,32,18
2511021.0,57,0,21,31,19
2511037.0,57,0,21,32,18
2511041.0,57,0,21,32,18
2511041.0,57,0,21,28,22
2511050.0,57,0,21,29,21
2511063.0,57,0,21,29,21
2511063.0,57,0,21,27,23
2511104.0,57,0,21,27,23
2511104.0,57,0,21,26,24
2511133.0,57,0,21,27,23
2511181.0,57,0,21,27,23
2511181.0,57,0,21,25,25
2511217.0,57,0,21,25,25
2511217.0,57,0,21,24,26
2511242.0,57,0,21,25,25
2511319.0,57,0,21,27,23
2511322.0,57,0,21,27,23
2511322.0,57,0,21,26,24
2511378.0,57,0,21,26,24
2511403.0,57,0,21,26,24
2511403.0,51,6,21,26,24
2511427.0,51,6,21,27,23
2511469.0,51,6,21,27,23
2511469.0,51,6,21,26,24
2511478.0,51,6,21,27,23
2511509.0,51,6,21,27,23
2511509.0,33,24,21,27,23
2511637.0,33,24,21,31,19
2511640.0,33,24,21,33,17
2511727.0,33,24,21,33,17
2511727.0,23,34,21,33,17
2511741.0,23,34,21,33,17
2511741.0,21,36,21,33,17
2511772.0,21,36,21,33,17
2511772.0,13,44,21,33,17
2511844.0,13,44,21,33,17
2511868.0,13,44,21,33,17
2511971.0,13,44,21,49,1
2511971.0,12,45,21,33,17
2511990.0,27,45,6,33,17
2511990.0,12,60,6,33,17
2512037.0,12,60,6,33,17
2512057.0,13,60,5,33,17
2512057.0,12,61,5,33,17
2512095.0,12,61,5,33,17
2512117.0,12,61,5,49,1
2512117.0,11,62,5,33,17
2512139.0,11,62,5,33,17
2512139.0,9,64,5,33,17
2512204.0,10,64,4,33,17
2512204.0,9,65,4,33,17
2512207.0,9,65,4,33,17
2512207.0,8,66,4,33,17
2512219.0,8,66,4,33,17
2512242.0,8,66,4,33,17
2512259.0,8,66,4,33,17
2512292.0,8,66,4,33,17
2512332.0,8,66,4,33,17
2512340.0,8,66,4,33,17
2512363.0,8,66,4,33,17
2512506.0,8,66,4,33,17
2512524.0,8,66,4,33,17
2512528.0,8,66,4,33,17
2512554.0,8,66,4,49,1
2512569.0,8,66,4,49,1
2512586.0,8,66,4,49,1
2512613.0,8,66,4,49,1
2512668.0,8,66,4,49,1
2512716.0,8,66,4,49,1
2512761.0,8,66,4,50,0
2512765.0,8,66,4,50,0
2512814.0,8,66,4,50,0
2512904.0,8,66,4,50,0
2513179.0,8,66,4,50,0
2513203.0,8,60,4,56,0
2513309.0,8,42,4,74,0
2513368.0,8,42,4,74,0
2513439.0,8,42,4,74,0
2513506.0,8,42,4,74,0
2513513.0,12,42,0,74,0
2513513.0,8,46,0,74,0
2513527.0,8,36,0,84,0
2513527.0,8,36,0,68,16
2513533.0,8,36,0,68,16
2513541.0,8,34,0,70,16
2513541.0,8,34,0,68,18
2513547.0,8,34,0,68,18
2513554.0,8,34,0,68,18
2513557.0,8,34,0,68,18
2513572.0,8,26,0,76,18
2513572.0,8,26,0,68,26
2513611.0,8,26,0,84,10
2513611.0,4,30,0,52,42
2513715.0,4,30,0,84,10
2513715.0,4,30,0,52,42
2513723.0,4,30,0,68,26
2513723.0,0,34,0,52,42
2513739.0,0,34,0,53,41
2513739.0,0,34,0,52,42
2513746.0,0,34,0,53,41
2513746.0,0,34,0,52,42
2513765.0,0,34,0,53,41
2513771.0,0,33,0,54,41
2513771.0,0,33,0,53,42
2513783.0,0,33,0,54,41
2513790.0,0,18,0,69,41
2513790.0,0,18,0,29,81
2513857.0,0,17,0,30,81
2513889.0,0,17,0,32,79
2513905.0,0,17,0,32,79
2513917.0,0,16,0,33,79
2513917.0,0,16,0,32,80
2513939.0,0,14,0,34,80
2513939.0,0,14,0,32,82
2513940.0,0,14,0,33,81
2513982.0,0,14,0,33,81
2513994.0,0,14,0,41,73
2514004.0,0,13,0,42,73
2514007.0,0,12,0,43,73
2514007.0,0,12,0,42,74
2514012.0,0,12,0,43,73
2514037.0,0,12,0,44,72
2514039.0,0,12,0,44,72
2514043.0,0,12,0,76,40
2514043.0,0,12,0,44,72
2514088.0,0,12,0,76,40
2514088.0,0,12,0,44,72
2514132.0,0,12,0,76,40
2514132.0,0,12,0,37,79
2514151.0,0,12,0,38,78
2514160.0,0,12,0,70,46
2514160.0,0,12,0,36,80
2514183.0,0,12,0,37,79
2514183.0,0,12,0,29,87
2514194.0,0,12,0,30,86
2514244.0,0,12,0,30,86
2514247.0,0,12,0,38,78
2514247.0,0,12,0,29,87
2514267.0,0,12,0,29,87
2514293.0,0,12,0,31,85
2514311.0,0,12,0,63,53
2514311.0,0,12,0,31,85
2514318.0,0,12,0,39,77
2514322.0,0,12,0,43,73
2514359.0,0,12,0,75,41
2514359.0,0,12,0,42,74
2514367.0,0,12,0,42,74
2514367.0,0,12,0,41,75
2514387.0,0,12,0,41,75
2514387.0,0,12,0,40,76
2514398.0,0,12,0,41,75
2514407.0,0,12,0,73,43
2514418.0,0,12,0,74,42
2514432.0,0,12,0,74,42
2514432.0,0,12,0,73,43
2514473.0,0,12,0,74,42
2514478.0,0,12,0,74,42
2514478.0,0,12,0,70,46
2514480.0,0,12,0,70,46
2514480.0,0,12,0,38,78
2514487.0,0,12,0,42,74
2514498.0,0,12,0,44,72
2514499.0,0,12,0,44,72
2514499.0,0,12,0,42,74
2514536.0,0,12,0,44,72
2514538.0,0,12,0,45,71
2514572.0,0,12,0,77,39
2514652.0,0,12,0,77,39
2514652.0,0,12,0,45,71
2514684.0,0,12,0,45,71
2514684.0,0,12,0,37,79
2514749.0,0,12,0,45,71
2514754.0,0,12,0,45,71
2514754.0,0,12,0,44,72
2514775.0,0,12,0,45,71
2514788.0,0,12,0,77,39
2514796.0,0,12,0,77,39
2514796.0,0,12,0,76,40
2514819.0,0,12,0,80,36
2514825.0,0,12,0,82,34
2514831.0,0,12,0,83,33
2514833.0,0,12,0,83,33
2514833.0,0,12,0,67,49
2514843.0,0,12,0,67,49
2514843.0,0,12,0,66,50
2514853.0,0,12,0,74,42
2514884.0,0,12,0,74,42
2514884.0,0,12,0,58,58
2514897.0,0,12,0,58,58
2514897.0,0,12,0,57,59
2514905.0,0,12,0,58,58
2514960.0,0,12,0,58,58
2514960.0,0,12,0,57,59
2514971.0,0,12,0,57,59
2514971.0,0,12,0,41,75
2514980.0,0,12,0,42,74
2514984.0,0,12,0,43,73
2514985.0,0,12,0,43,73
2514985.0,0,12,0,42,74
2514990.0,0,12,0,58,58
2514991.0,0,12,0,58,58
2514991.0,0,12,0,57,59
2515016.0,0,12,0,58,58
2515027.0,0,12,0,58,58
2515029.0,0,12,0,74,42
2515051.0,0,12,0,74,42
2515051.0,0,12,0,73,43
2515075.0,0,12,0,74,42
2515078.0,0,12,0,74,42
2515096.0,0,12,0,74,42
2515096.0,0,12,0,73,43
2515116.0,0,12,0,74,42
2515131.0,0,12,0,74,42
2515131.0,0,12,0,73,43
2515149.0,0,12,0,74,42
2515155.0,0,12,0,75,41
2515174.0,0,12,0,75,41
2515174.0,0,12,0,74,42
2515177.0,0,12,0,74,42
2515177.0,0,12,0,58,58
2515191.0,0,12,0,59,57
2515202.0,0,12,0,59,57
2515202.0,0,12,0,43,73
2515206.0,0,12,0,59,57
2515207.0,0,12,0,59,57
2515207.0,0,12,0,58,58
2515233.0,0,12,0,59,57
2515237.0,0,12,0,59,57
2515241.0,0,12,0,59,57
2515241.0,0,12,0,43,73
2515257.0,0,12,0,59,57
2515262.0,0,12,0,59,57
2515262.0,0,12,0,58,58
2515273.0,0,12,0,59,57
2515273.0,0,12,0,43,73
2515274.0,0,12,0,59,57
2515280.0,0,12,0,59,57
2515280.0,0,12,0,43,73
2515295.0,0,12,0,59,57
2515301.0,0,12,0,59,57
2515301.0,0,12,0,43,73
2515310.0,0,12,0,59,57
2515313.0,0,8,0,63,57
2515313.0,0,8,0,31,89
2515316.0,0,8,0,47,73
2515356.0,0,8,0,63,57
2515359.0,0,8,0,63,57
2515359.0,0,8,0,47,73
2515364.0,0,8,0,63,57
2515384.0,0,8,0,63,57
2515384.0,0,8,0,47,73
2515387.0,0,8,0,47,73
2515387.0,0,8,0,46,74
2515395.0,0,8,0,46,74
2515395.0,0,8,0,30,90
2515408.0,0,8,0,30,90
2515408.0,0,8,0,14,106
2515411.0,0,4,0,18,106
2515411.0,0,4,0,13,111
2515451.0,0,4,0,14,110
2515455.0,0,4,0,30,94
2515457.0,0,4,0,34,90
2515489.0,0,4,0,34,90
2515489.0,0,4,0,33,91
2515494.0,0,4,0,33,91
2515494.0,0,4,0,32,92
2515500.0,0,4,0,32,92
2515500.0,0,4,0,16,108
2515512.0,0,4,0,32,92
2515523.0,0,0,0,36,92
2515523.0,0,0,0,32,96
2515533.0,0,0,0,48,80
2515547.0,0,0,0,49,79
2515548.0,0,0,0,50,78
2515553.0,0,0,0,51,77
2515561.0,0,0,0,52,76
2515565.0,0,0,0,68,60
2515567.0,0,0,0,69,59
2515580.0,0,0,0,85,43
2515589.0,0,0,0,85,43
2515589.0,0,0,0,84,44
2515592.0,0,0,0,84,44
2515592.0,0,0,0,68,60
2515604.0,0,0,0,69,59
2515615.0,0,0,0,70,58
2515636.0,0,0,0,70,58
2515636.0,0,0,0,69,59
2515663.0,0,0,0,70,58
2515668.0,0,0,0,86,42
2515671.0,0,0,0,86,42
2515671.0,0,0,0,70,58
2515677.0,0,0,0,71,57
2515698.0,0,0,0,71,57
2515698.0,0,0,0,70,58
2515732.0,0,0,0,87,41
2515742.0,0,0,0,87,41
2515742.0,0,0,0,71,57
2515745.0,0,0,0,71,57
2515745.0,0,0,0,70,58
2515779.0,0,0,0,71,57
2515793.0,0,0,0,71,57
2515793.0,0,0,0,70,58
2515810.0,0,0,0,71,57
2515822.0,0,0,0,71,57
2515822.0,0,0,0,70,58
2515837.0,0,0,0,71,57
2515848.0,0,0,0,71,57
2515848.0,0,0,0,70,58
2515863.0,0,0,0,71,57
2515872.0,0,0,0,71,57
2515872.0,0,0,0,70,58
2515890.0,0,0,0,71,57
2515898.0,0,0,0,71,57
2515898.0,0,0,0,70,58
2515916.0,0,0,0,71,57
2515926.0,0,0,0,71,57
2515926.0,0,0,0,70,58
2515950.0,0,0,0,70,58
2515950.0,0,0,0,69,59
2515953.0,0,0,0,85,43
2515956.0,0,0,0,85,43
2515956.0,0,0,0,69,59
2515962.0,0,0,0,85,43
2515967.0,0,0,0,86,42
2515969.0,0,0,0,87,41
2515974.0,0,0,0,87,41
2515974.0,0,0,0,71,57
2515989.0,0,0,0,72,56
2516005.0,0,0,0,72,56
2516005.0,0,0,0,71,57
2516058.0,0,0,0,71,57
2516058.0,0,0,0,70,58
2516096.0,0,0,0,71,57
2516113.0,0,0,0,87,41
2516141.0,0,0,0,87,41
2516141.0,0,0,0,71,57
2516154.0,0,0,0,71,57
2516213.0,0,0,0,87,41
2516215.0,0,0,0,88,40
2516239.0,0,0,0,88,40
2516239.0,0,0,0,87,41
2516312.0,0,0,0,87,41
2516312.0,0,0,0,71,57
2516316.0,0,0,0,71,57
2516316.0,0,0,0,70,58
2516429.0,0,0,0,71,57
2516536.0,0,0,0,87,41
2516559.0,0,0,0,87,41
2516559.0,0,0,0,86,42
2516562.0,0,0,0,87,41
2516569.0,0,0,0,88,40
2516580.0,0,0,0,88,40
2516580.0,0,0,0,87,41
2516583.0,0,0,0,88,40
2516612.0,0,0,0,88,40
2516612.0,0,0,0,72,56
2516615.0,0,0,0,88,40
2516627.0,0,0,0,88,40
2516627.0,0,0,0,87,41
2516630.0,0,0,0,88,40
2516632.0,0,0,0,88,40
2516632.0,0,0,0,72,56
2516635.0,0,0,0,88,40
2516653.0,0,0,0,88,40
2516653.0,0,0,0,72,56
2516657.0,0,0,0,88,40
2516785.0,0,0,0,88,40
2516785.0,0,0,0,87,41
2516788.0,0,0,0,88,40
2516954.0,0,0,0,88,40
2516954.0,0,0,0,87,41
2516957.0,0,0,0,88,40
2517365.0,0,0,0,88,40
2517540.0,0,0,0,88,40
2517596.0,0,0,0,88,40
2517596.0,0,0,0,87,41
2517612.0,0,0,0,87,41
2517612.0,0,0,0,86,42
2517639.0,0,0,0,86,42
2517639.0,0,0,0,54,74
2517682.0,0,0,0,55,73
2517692.0,0,0,0,55,73
2517692.0,0,0,0,47,81
2517702.0,0,0,0,47,81
2517702.0,0,0,0,31,97
2517711.0,0,0,0,47,81
2517711.0,0,0,0,46,82
2517721.0,0,0,0,46,82
2517721.0,0,0,0,30,98
2517741.0,0,0,0,31,97
2517746.0,0,0,0,31,97
2517746.0,0,0,0,27,101
2517768.0,0,0,0,27,101
2517768.0,0,0,0,25,103
2517794.0,0,0,0,25,103
2517822.0,0,0,0,33,95
2517840.0,0,0,0,34,94
2517893.0,0,0,0,34,94
2517911.0,0,0,0,34,94
2517917.0,0,0,0,34,94
2517917.0,0,0,0,33,95
2517950.0,0,0,0,49,79
2517999.0,0,0,0,49,79
2517999.0,0,0,0,33,95
2518052.0,0,0,0,34,94
2518060.0,0,0,0,38,90
2518063.0,0,0,0,40,88
2518087.0,0,0,0,40,88
2518087.0,0,0,2,38,88
2518098.0,0,0,2,38,88
2518098.0,0,0,3,37,88
2518136.0,0,0,3,37,88
2518136.0,0,0,5,35,88
2518218.0,0,0,5,51,72
2518226.0,0,0,5,51,72
2518226.0,0,0,5,35,88
2518257.0,0,0,5,51,72
2518304.0,0,0,5,51,72
2518304.0,0,0,5,35,88
2518310.0,0,0,5,51,72
2518332.0,0,0,5,51,72
2518332.0,0,0,5,35,88
2518453.0,0,0,5,35,88
2518453.0,0,0,12,28,88
2518682.0,0,0,12,28,88
2518682.0,0,0,12,12,104
2518780.0,0,0,12,28,88
2518785.0,0,0,12,28,88
2518785.0,0,0,12,12,104
2518886.0,0,0,12,28,88
2518900.0,0,0,12,28,88
2518900.0,0,0,12,12,104
2518919.0,0,0,12,12,104
2518919.0,0,0,12,11,105
2519003.0,0,0,12,12,104
2519023.0,0,0,12,12,104
2519023.0,0,0,12,11,105
2519047.0,0,0,12,12,104
2519051.0,0,0,12,12,104
2519051.0,0,0,13,11,104
2519053.0,0,0,13,11,104
2519057.0,0,0,13,11,104
2519057.0,0,0,16,8,104
2519076.0,0,0,16,8,104
2519121.0,0,0,16,24,88
2519147.0,0,0,16,24,88
2519147.0,0,0,17,23,88
2519148.0,0,0,17,23,88
2519148.0,0,0,18,22,88
2519153.0,0,0,18,22,88
2519153.0,0,0,19,21,88
2519161.0,0,0,19,21,88
2519161.0,0,0,20,20,88
2519204.0,0,0,20,20,88
2519204.0,0,0,21,19,88
2519274.0,0,0,21,19,88
2519274.0,0,0,21,3,104
2519334.0,0,0,21,3,104
2519369.0,0,0,21,35,72
2519406.0,0,0,21,35,72
2519406.0,0,0,21,34,73
2519459.0,0,0,21,34,73
2519459.0,0,0,21,33,74
2519652.0,0,0,21,49,58
2519664.0,0,0,21,49,58
2519664.0,0,0,21,33,74
2519669.0,0,0,21,34,73
2519670.0,0,0,21,50,57
2519690.0,0,0,21,50,57
2519690.0,0,0,21,34,73
2519723.0,0,0,21,34,73
2519723.0,0,0,21,26,81
2519753.0,0,0,21,34,73
2519762.0,0,0,21,35,72
2519779.0,0,0,21,35,72
2519779.0,0,0,21,27,80
2519785.0,0,0,21,27,80
2519785.0,0,0,21,26,81
2519814.0,0,0,21,34,73
2519832.0,0,0,21,34,73
2519832.0,0,0,21,26,81
2519862.0,0,0,21,34,73
2519870.0,0,0,21,35,72
2519882.0,0,0,21,35,72
2519882.0,0,0,21,27,80
2519914.0,0,0,21,27,80
2519914.0,0,0,21,23,84
2519916.0,0,0,21,31,76
2519930.0,0,0,21,47,60
2519935.0,0,0,21,47,60
2519935.0,0,0,21,45,62
2519945.0,0,0,21,45,62
2519945.0,0,0,21,29,78
2519967.0,0,0,21,29,78
2519967.0,0,0,21,21,86
2519996.0,0,0,21,29,78
2520015.0,0,0,21,45,62
2520018.0,0,0,21,45,62
2520018.0,0,0,21,29,78
2520023.0,0,0,21,45,62
2520032.0,0,0,21,45,62
2520032.0,0,0,21,44,63
2520035.0,0,0,21,44,63
2520035.0,0,0,21,28,79
2520061.0,0,0,21,29,78
2520161.0,0,0,21,29,78
2520161.0,0,0,21,28,79
2520190.0,0,0,21,44,63
2520229.0,0,0,21,60,47
2520247.0,0,0,21,60,47
2520247.0,0,0,21,44,63
2520282.0,0,0,21,44,63
2520282.0,0,0,21,28,79
2520303.0,0,0,21,44,63
2520365.0,0,0,21,46,61
2520366.0,0,0,21,50,57
2520399.0,0,0,21,50,57
2520399.0,0,0,21,46,61
2520421.0,0,0,21,46,61
2520421.0,0,0,21,44,63
2520444.0,0,0,21,44,63
2520444.0,0,0,21,28,79
2520475.0,0,0,21,28,79
2520574.0,0,0,21,44,63
2520579.0,0,0,21,44,63
2520579.0,0,0,21,28,79
2520630.0,0,0,21,34,73
2520666.0,0,0,21,34,73
2520666.0,0,0,21,30,77
2520684.0,0,0,21,46,61
2520685.0,0,0,21,46,61
2520685.0,0,0,21,30,77
2520689.0,0,0,21,30,77
2520689.0,0,0,21,28,79
2520742.0,0,0,21,44,63
2520787.0,2,0,19,44,63
2520787.0,0,2,19,44,63
2520798.0,1,2,18,44,63
2520798.0,0,3,18,44,63
2520800.0,0,3,18,44,63
2520800.0,0,3,18,28,79
2520836.0,2,3,16,28,79
2520836.0,1,4,16,28,79
2520866.0,1,4,16,44,63
2521025.0,1,4,16,44,63
2521025.0,1,4,16,28,79
2521033.0,1,4,16,44,63
2521153.0,8,4,9,44,63
2521153.0,1,11,9,44,63
2521185.0,1,11,9,44,63
2521185.0,1,11,9,28,79
2521191.0,1,11,9,29,78
2521210.0,1,11,9,29,78
2521210.0,1,11,9,28,79
2521214.0,1,11,9,32,75
2521215.0,1,11,9,34,73
2521252.0,1,11,9,34,73
2521252.0,1,11,9,30,77
2521273.0,1,11,9,46,61
2521276.0,1,11,9,50,57
2521288.0,1,11,9,50,57
2521288.0,1,11,9,49,58
2521468.0,1,11,9,49,58
2521468.0,1,11,9,45,62
2521489.0,1,11,9,45,62
2521489.0,1,11,9,43,64
2521607.0,1,11,9,47,60
2521609.0,1,11,9,49,58
2521690.0,1,11,9,65,42
2521751.0,2,11,8,65,42
2521757.0,5,11,5,65,42
2521847.0,6,11,4,65,42
2521848.0,7,11,3,65,42
2521853.0,8,11,2,65,42
2521854.0,8,11,2,65,42
2521854.0,8,11,2,49,58
2521861.0,9,11,1,49,58
2521904.0,10,11,0,49,58
2521998.0,10,11,0,65,42
2522026.0,10,11,0,65,42
2522026.0,10,11,0,49,58
2522079.0,10,11,0,65,42
2522084.0,10,11,0,65,42
2522084.0,10,11,0,49,58
2522141.0,10,11,0,49,58
2522141.0,10,11,0,45,62
2522163.0,10,11,0,45,62
2522163.0,10,11,0,43,64
2522263.0,10,11,0,43,64
2522263.0,9,12,0,43,64
2522302.0,9,12,0,44,63
2522344.0,9,12,0,44,63
2522344.0,9,12,0,43,64
2522433.0,9,12,0,75,32
2522434.0,9,12,0,83,24
2522587.0,9,10,0,85,24
2522587.0,9,10,0,81,28
2522598.0,9,9,0,82,28
2522598.0,9,9,0,81,29
2522635.0,9,9,0,81,29
2522635.0,9,9,0,49,61
2522636.0,9,8,0,50,61
2522662.0,9,8,0,52,59
2522665.0,9,8,0,56,55
2522684.0,9,8,0,56,55
2522684.0,9,8,0,48,63
2522705.0,9,8,0,48,63
2522705.0,7,10,0,48,63
2522710.0,7,10,0,49,62
2522721.0,7,10,0,49,62
2522818.0,7,10,0,49,62
2522953.0,7,3,0,56,62
2522953.0,7,3,0,22,96
2522969.0,7,3,0,22,96
2522976.0,7,3,0,38,80
2522976.0,7,3,0,22,96
2522996.0,7,3,0,22,96
2522996.0,4,6,0,22,96
2523063.0,4,6,0,22,96
2523063.0,0,10,0,22,96
2523068.0,0,10,0,22,96
2523084.0,0,10,0,22,96
2523134.0,0,10,0,22,96
2523185.0,0,10,0,22,96
2523202.0,0,10,0,22,96
2523206.0,0,10,0,22,96
2523224.0,0,10,0,38,80
2523224.0,0,10,0,22,96
2523230.0,0,10,0,23,95
2523252.0,0,10,0,23,95
2523278.0,0,10,0,23,95
2523339.0,0,10,0,23,95
2523404.0,0,10,0,39,79
2523404.0,0,10,0,29,89
2523406.0,0,10,0,31,87
2523429.0,0,10,0,35,83
2523432.0,0,10,0,39,79
2523458.0,0,10,0,39,79
2523481.0,0,10,0,39,79
2523495.0,0,10,0,39,79
2523503.0,0,10,0,39,79
2523697.0,0,10,0,43,75
2523764.0,0,10,0,43,75
2523772.0,0,10,0,45,73
2523787.0,0,10,0,45,73
2523809.0,0,10,0,45,73
2523814.0,0,10,0,45,73
2523895.0,0,10,0,45,73
2524041.0,0,10,0,45,73
2524063.0,0,9,0,46,73
2524063.0,0,9,0,30,89
2524067.0,0,9,0,30,89
2524075.0,0,9,0,30,89
2524104.0,0,9,0,30,89
2524123.0,0,9,0,30,89
2524127.0,0,9,0,30,89
2524174.0,0,9,0,30,89
2524197.0,0,9,0,62,57
2524197.0,0,9,0,10,109
2524198.0,0,9,0,18,101
2524198.0,0,9,0,14,105
2524216.0,0,9,0,15,104
2524230.0,0,9,0,15,104
2524244.0,0,9,0,31,88
2524244.0,0,9,0,8,111
2524261.0,0,9,0,9,110
2524261.0,0,9,0,7,112
2524336.0,0,9,0,8,111
2524342.0,0,9,0,8,111
2524405.0,0,9,0,8,111
2524433.0,0,9,0,8,111
2524442.0,0,9,0,10,109
2524446.0,0,9,0,14,105
2524453.0,0,9,0,18,101
2524460.0,0,9,0,18,101
2524466.0,0,9,0,34,85
2524471.0,0,9,0,36,83
2524476.0,0,9,0,38,81
2524505.0,0,7,0,40,81
2524505.0,0,7,0,32,89
2524591.0,0,7,0,32,89
2524633.0,0,7,0,32,89
2524676.0,0,7,0,32,89
2524731.0,0,7,0,32,89
2524751.0,0,7,0,32,89
2524758.0,0,7,0,48,73
2524758.0,0,7,0,16,105
2524772.0,0,7,0,16,105
2524791.0,0,7,0,16,105
2524796.0,0,4,0,19,105
2524796.0,0,4,0,15,109
2524814.0,0,4,0,15,109
2524815.0,0,4,0,15,109
2524819.0,0,4,0,19,105
2524863.0,0,0,0,23,105
2524863.0,0,0,0,19,109
2524864.0,0,0,0,51,77
2524864.0,0,0,0,19,109
2524907.0,0,0,0,23,105
2524954.0,0,0,0,24,104
2524957.0,0,0,0,24,104
2524969.0,0,0,0,24,104
2524973.0,0,0,0,32,96
2524973.0,0,0,0,0,128
2524986.0,0,0,0,32,96
2524986.0,0,0,0,1,127
2525013.0,0,0,0,2,126
2525090.0,0,0,0,2,126
2525126.0,0,0,0,4,124
2525143.0,0,0,0,5,123
2525144.0,0,0,0,5,123
2525146.0,0,0,0,7,121
2525150.0,0,0,0,23,105
2525150.0,0,0,0,7,121
2525151.0,0,0,0,11,117
2525168.0,0,0,0,15,113
2525224.0,0,0,0,31,97
2525224.0,0,0,0,8,120
2525240.0,0,0,0,9,119
2525252.0,0,0,0,9,119
2525254.0,0,0,0,9,119
2525261.0,0,0,0,9,119
2525290.0,0,0,0,9,119
2525296.0,0,0,0,9,119
2525309.0,0,0,0,25,103
2525309.0,0,0,0,5,123
2525347.0,0,0,0,7,121
2525354.0,0,0,0,8,120
2525365.0,0,0,0,12,116
2525466.0,0,0,0,13,115
2525473.0,0,0,0,13,115
2525476.0,0,0,0,29,99
2525504.0,0,0,0,29,99
2525511.0,0,0,0,29,99
2525533.0,0,0,0,29,99
2525611.0,0,0,0,30,98
2525660.0,0,0,0,30,98
2525727.0,0,0,0,31,97
2525741.0,0,0,0,31,97
2525902.0,0,0,0,31,97
2526033.0,0,0,0,31,97
2526034.0,0,0,0,31,97
2526285.0,0,0,0,63,65
2526285.0,0,0,0,2,126
2526310.0,0,0,0,2,126
2526312.0,0,0,0,3,125
2526385.0,0,0,0,3,125
2526477.0,0,0,0,7,121
2526510.0,0,0,0,23,105
2526510.0,0,0,0,4,124
2526620.0,0,0,0,36,92
2526620.0,0,0,0,3,125
2526627.0,0,0,0,19,109
2526675.0,0,0,0,21,107
2526698.0,0,0,0,22,106
2526830.0,0,0,0,22,106
2527004.0,0,0,0,22,106
2527029.0,0,0,0,22,106
2527140.0,0,0,0,22,106
2527140.0,0,0,0,21,107
2527167.0,0,0,0,21,107
2527187.0,0,0,0,22,106
2527206.0,0,0,0,22,106
2527228.0,0,0,0,22,106
2527249.0,0,0,0,22,106
2527372.0,0,0,0,22,106
2527408.0,0,0,0,22,106
2527631.0,0,0,0,23,105
2527768.0,0,0,0,23,105
2527816.0,0,0,0,23,105
2527837.0,0,0,0,23,105
2527858.0,0,0,0,23,105
2527874.0,0,0,0,23,105
2527917.0,0,0,0,24,104
2527936.0,0,0,0,24,104
2528104.0,0,0,0,56,72
2528104.0,0,0,0,8,120
2528121.0,0,0,0,9,119
2528122.0,0,0,0,10,118
2528139.0,0,0,0,11,117
2528153.0,0,0,0,19,109
2528153.0,0,0,0,3,125
2528160.0,0,0,0,3,125
2528163.0,0,0,0,4,124
2528194.0,0,0,0,36,92
2528194.0,0,0,0,4,124
2528237.0,0,0,0,20,108
2528243.0,0,0,0,20,108
2528243.0,0,0,0,19,109
2528307.0,0,0,0,20,108
2528354.0,0,0,0,20,108
2528354.0,0,0,0,19,109
2528376.0,0,0,0,20,108
2528404.0,0,0,0,22,106
2528423.0,0,0,0,26,102
2528528.0,0,0,0,28,100
2528543.0,0,0,0,32,96
2528586.0,0,0,0,32,96
2528607.0,0,0,0,64,64
2528818.0,0,0,0,64,64
2528818.0,0,0,0,63,65
2528855.0,0,0,0,64,64
2528864.0,0,0,0,64,64
2528864.0,0,0,0,63,65
2528876.0,0,0,0,63,65
2528876.0,0,0,0,62,66
2528883.0,0,0,0,63,65
2528886.0,0,0,0,63,65
2528886.0,0,0,0,59,69
2528915.0,0,0,0,59,69
2528915.0,0,0,0,57,71
2528985.0,0,0,0,58,70
2529026.0,0,0,0,58,70
2529026.0,0,0,0,57,71
2529068.0,0,0,0,57,71
2529068.0,0,0,0,56,72
2529158.0,0,0,0,62,66
2529169.0,0,0,0,63,65
2529171.0,0,0,0,95,33
2529188.0,0,0,0,96,32
2529381.0,0,0,0,96,32
2529381.0,0,0,0,95,33
2529409.0,0,0,0,96,32
2529435.0,0,0,0,96,32
2529435.0,0,0,0,95,33
2529580.0,0,0,0,95,33
2529580.0,0,0,0,94,34
2529669.0,0,0,0,95,33
2529686.0,0,0,0,96,32
2529705.0,0,0,0,96,32
2529705.0,0,0,0,95,33
2529796.0,0,0,0,96,32
2529798.0,0,0,0,96,32
2529798.0,0,0,0,95,33
2529865.0,0,0,0,96,32
2529885.0,0,0,0,96,32
2530220.0,0,0,0,96,32
2530220.0,0,0,3,93,32
2530246.0,0,0,3,93,32
2530246.0,0,0,3,92,33
2530281.0,0,0,3,93,32
2530293.0,0,0,3,93,32
2530293.0,0,0,3,92,33
2530309.0,0,0,3,93,32
2530313.0,0,0,3,93,32
2530313.0,0,0,3,89,36
2530321.0,0,0,3,89,36
2530321.0,0,0,3,88,37
2530344.0,0,0,3,88,37
2530344.0,0,0,3,86,39
2530623.0,0,0,3,87,38
2530639.0,0,0,3,87,38
2530639.0,0,0,3,86,39
2530733.0,0,0,3,87,38
2531003.0,0,0,3,93,32
2531004.0,0,0,3,93,32
2531004.0,0,0,3,89,36
2531026.0,0,0,3,89,36
2531026.0,0,0,3,87,38
2531408.0,0,0,3,119,6
2531649.0,0,0,3,125,0
2531652.0,0,0,3,125,0
2531652.0,0,0,3,121,4
2531668.0,0,0,3,121,4
2531668.0,0,0,3,120,5
2531688.0,0,0,3,120,5
2531688.0,0,0,3,118,7
2531750.0,0,0,3,119,6
2531763.0,0,0,3,119,6
2531763.0,0,0,4,118,6
2531837.0,0,0,4,118,6
2531837.0,0,0,19,103,6
2532004.0,0,0,19,103,6
2532004.0,0,0,21,101,6
2532023.0,0,0,21,101,6
2532023.0,0,0,24,98,6
2532125.0,0,0,24,98,6
2532125.0,0,0,24,97,7
2532128.0,0,0,24,97,7
2532128.0,0,0,26,95,7
2532143.0,0,0,26,95,7
2532143.0,0,0,30,91,7
2532207.0,0,0,30,91,7
2532207.0,0,0,56,65,7
2532213.0,0,0,56,65,7
2532213.0,0,0,56,64,8
2532284.0,0,0,56,65,7
2532478.0,0,0,56,66,6
2532517.0,0,0,56,66,6
2532517.0,0,0,56,65,7
2532573.0,0,0,56,65,7
2532573.0,0,0,56,64,8
2532617.0,0,0,56,65,7
2532699.0,0,0,56,66,6
2532758.0,0,0,56,66,6
2532758.0,0,0,62,60,6
2532769.0,0,0,62,60,6
2532769.0,0,0,63,59,6
2532771.0,0,0,63,59,6
2532771.0,0,0,87,35,6
2532788.0,0,0,87,35,6
2532788.0,0,0,88,34,6
2532920.0,3,0,85,34,6
2533015.0,3,0,85,34,6
2533015.0,3,0,85,33,7
2533129.0,3,0,85,34,6
2533305.0,3,0,85,34,6
2533305.0,3,0,85,33,7
2533394.0,3,0,85,34,6
2533922.0,3,0,85,34,6
2533922.0,3,0,85,33,7
2533988.0,3,0,85,34,6
2533989.0,3,0,85,34,6
2533989.0,3,0,85,33,7
2534031.0,3,0,85,34,6
2534040.0,3,0,85,34,6
2534040.0,3,0,85,33,7
2534067.0,3,0,85,34,6
2534068.0,3,0,85,40,0
2534071.0,3,0,85,40,0
2534071.0,3,0,85,36,4
2534087.0,3,0,85,36,4
2534087.0,3,0,85,35,5
2534092.0,3,0,85,35,5
2534092.0,3,0,85,33,7
2534206.0,3,0,85,34,6
2534335.0,3,0,85,38,2
2534337.0,3,0,85,40,0
2534463.0,4,0,84,40,0
2534537.0,19,0,69,40,0
2534607.0,19,0,69,40,0
2534607.0,19,0,69,39,1
2534704.0,21,0,67,39,1
2534709.0,21,0,67,40,0
2534723.0,24,0,64,40,0
2534828.0,26,0,62,40,0
2534843.0,30,0,58,40,0
2534907.0,56,0,32,40,0
2535008.0,56,0,32,40,0
2535008.0,56,0,64,8,0
2535458.0,62,0,58,8,0
2535461.0,62,0,58,8,0
2535461.0,62,0,58,7,1
2535469.0,63,0,57,7,1
2535471.0,87,0,33,7,1
2535488.0,88,0,32,7,1
2535538.0,88,0,32,8,0
2536299.0,88,0,32,8,0
2536299.0,88,0,33,7,0
2536401.0,88,0,33,7,0
2536401.0,88,0,33,6,1
2536472.0,88,0,33,7,0
2536522.0,88,0,33,7,0
2536522.0,88,0,33,6,1
2536586.0,88,0,33,7,0
2536590.0,88,0,33,7,0
2536590.0,88,0,33,6,1
2536599.0,88,0,33,6,1
2536599.0,79,9,33,6,1
2536661.0,79,9,33,6,1
2536661.0,78,10,33,6,1
2536712.0,78,10,33,7,0
2536776.0,78,10,33,7,0
2536776.0,78,10,33,6,1
2536810.0,78,10,33,6,1
2536810.0,64,24,33,6,1
2536892.0,64,24,33,7,0
2537196.0,64,24,33,7,0
2537196.0,31,57,33,7,0
2537197.0,31,57,33,7,0
2537708.0,63,57,1,7,0
2537708.0,31,89,1,7,0
2537806.0,31,89,1,7,0
2538399.0,31,80,1,16,0
2538461.0,31,79,1,17,0
2538461.0,31,79,1,16,1
2538610.0,31,65,1,30,1
2538639.0,31,65,1,31,0
2538996.0,31,32,1,64,0
2538999.0,32,32,0,64,0
2538999.0,31,33,0,64,0
2539508.0,31,1,0,96,0
2539508.0,31,1,0,16,80
2539569.0,31,1,0,32,64
2540312.0,31,1,0,32,64
2540492.0,31,1,0,32,64
2540799.0,31,0,0,33,64
2540799.0,31,0,0,17,80
2540863.0,31,0,0,33,64
2540863.0,0,31,0,33,64
2542239.0,0,31,0,33,64
2542663.0,0,0,0,64,64
2542663.0,0,0,0,0,128
2548126.0,0,0,0,0,128
2550434.0,0,0,0,64,64
2553583.0,0,0,0,128,0
2553583.0,0,0,0,0,128
2554034.0,0,0,0,0,128
2557862.0,0,0,0,0,128
2557863.0,0,0,0,0,128
2563315.0,0,0,0,128,0
2563315.0,0,0,0,0,128
2568799.0,0,0,0,0,128
2570622.0,0,0,0,64,64
2570733.0,0,0,0,64,64
2570868.0,0,0,0,64,64
2570896.0,0,0,0,64,64
2572655.0,0,0,0,64,64
2574222.0,0,0,0,64,64
2574222.0,0,0,64,0,64
2574246.0,0,0,64,64,0
2576540.0,0,0,64,64,0
2576763.0,0,0,64,64,0
2576886.0,0,0,64,64,0
2576922.0,64,0,0,64,0
2576922.0,0,64,0,64,0
2577007.0,0,64,0,64,0
2577336.0,0,64,0,64,0
2577385.0,0,64,0,64,0
2577392.0,0,64,0,64,0
2577395.0,0,64,0,64,0
2577418.0,0,64,0,64,0
2577441.0,0,64,0,64,0
2577803.0,0,64,0,64,0
2577846.0,0,64,0,64,0
2577916.0,0,64,0,64,0
2577965.0,0,64,0,64,0
2577985.0,0,64,0,64,0
2578006.0,0,64,0,64,0
2578060.0,0,64,0,64,0
2578084.0,0,64,0,64,0
2578125.0,0,64,0,64,0
2578200.0,0,64,0,64,0
2578373.0,0,64,0,64,0
2578589.0,0,64,0,64,0
2578722.0,0,0,0,128,0
2578722.0,0,0,0,0,128
2578808.0,0,0,0,128,0
2578808.0,0,0,0,0,128
2578906.0,0,0,0,128,0
2578906.0,0,0,0,46,82
2578923.0,0,0,0,47,81
2579035.0,0,0,0,48,80
2579084.0,0,0,0,64,64
2579084.0,0,0,0,0,128
2579117.0,0,0,0,128,0
2579117.0,0,0,0,62,66
2579154.0,0,0,0,126,2
2579154.0,0,0,0,7,121
2579155.0,0,0,0,73,55
2579155.0,0,0,0,41,87
2579164.0,0,0,0,42,86
2579171.0,0,0,0,43,85
2579172.0,0,0,0,44,84
2579174.0,0,0,0,45,83
2579188.0,0,0,0,46,82
2579191.0,0,0,0,50,78
2579194.0,0,0,0,51,77
2579218.0,0,0,0,83,45
2579218.0,0,0,0,19,109
2579238.0,0,0,0,21,107
2579259.0,0,0,0,25,103
2579382.0,0,0,0,27,101
2579385.0,0,0,0,28,100
2579387.0,0,0,0,92,36
2579387.0,0,0,0,27,101
2579404.0,0,0,0,31,97
2579499.0,0,0,0,95,33
2579510.0,0,0,0,96,32
2579714.0,0,0,0,128,0
2582227.0,0,0,0,128,0
2582227.0,0,0,0,127,1
2582248.0,0,0,0,128,0
2582263.0,0,0,0,128,0
2582263.0,0,0,0,127,1
2582270.0,0,0,0,127,1
2582270.0,0,0,0,95,33
2582286.0,0,0,0,95,33
2582286.0,0,0,0,93,35
2582330.0,0,0,0,125,3
2582356.0,0,0,0,125,3
2582356.0,0,0,0,124,4
2582374.0,0,0,0,125,3
2582502.0,0,0,0,126,2
2582506.0,0,0,0,126,2
2582586.0,0,0,0,126,2
2582586.0,0,0,0,94,34
2582633.0,0,0,0,94,34
2582633.0,0,0,0,93,35
2582652.0,0,0,0,125,3
2582680.0,0,0,0,125,3
2582680.0,0,0,0,124,4
2582717.0,0,0,0,124,4
2582717.0,0,0,7,117,4
2582755.0,0,0,7,117,4
2582755.0,0,0,9,115,4
2582764.0,0,0,9,115,4
2582764.0,0,0,10,114,4
2582771.0,0,0,10,114,4
2582771.0,0,0,11,113,4
2582772.0,0,0,11,113,4
2582772.0,0,0,12,112,4
2582774.0,0,0,12,112,4
2582774.0,0,0,13,111,4
2582788.0,0,0,13,111,4
2582788.0,0,0,14,110,4
2582791.0,0,0,14,110,4
2582791.0,0,0,18,106,4
2582794.0,0,0,18,106,4
2582794.0,0,0,19,105,4
2582806.0,0,0,19,106,3
2582838.0,0,0,19,106,3
2582838.0,0,0,21,104,3
2582857.0,0,0,21,105,2
2582859.0,0,0,21,105,2
2582859.0,0,0,25,101,2
2582925.0,0,0,25,101,2
2582928.0,0,0,25,101,2
2582928.0,0,0,25,69,34
2582982.0,0,0,25,69,34
2582982.0,0,0,27,67,34
2583004.0,0,0,27,67,34
2583004.0,0,0,31,63,34
2583049.0,0,0,31,95,2
2583090.0,0,0,31,95,2
2583210.0,0,0,31,95,2
2583239.0,0,0,31,95,2
2583394.0,0,0,31,95,2
2583398.0,0,0,31,95,2
2583420.0,0,0,31,95,2
2583457.0,0,0,31,95,2
2583565.0,0,0,31,95,2
2583654.0,0,0,31,95,2
2583955.0,0,0,31,95,2
2584148.0,0,0,31,95,2
2584172.0,0,0,31,95,2
2584717.0,0,0,31,95,2
2584921.0,0,0,31,95,2
2585149.0,0,0,31,95,2
2585263.0,0,0,31,95,2
2585417.0,7,0,24,95,2
2585455.0,9,0,22,95,2
2585464.0,10,0,21,95,2
2585464.0,9,1,21,95,2
2585471.0,10,1,20,95,2
2585472.0,11,1,19,95,2
2585474.0,12,1,18,95,2
2585488.0,13,1,17,95,2
2585491.0,17,1,13,95,2
2585494.0,18,1,12,95,2
2585538.0,20,1,10,95,2
2585559.0,24,1,6,95,2
2585588.0,24,1,6,95,2
2585682.0,26,1,4,95,2
2585704.0,30,1,0,95,2
2585762.0,30,1,0,95,2
2585933.0,30,1,0,95,2
2585963.0,30,1,0,95,2
2586138.0,30,1,0,95,2
2586170.0,30,1,0,95,2
2586649.0,30,1,0,95,2
2586649.0,30,1,32,63,2
2587018.0,30,1,32,63,2
2587097.0,30,1,32,63,2
2587126.0,30,1,32,63,2
2587148.0,30,1,32,63,2
2587206.0,30,1,32,63,2
2587228.0,30,1,32,63,2
2587264.0,30,0,32,64,2
2587264.0,30,0,32,0,66
2587274.0,30,0,32,64,2
2587274.0,30,0,32,0,66
2587384.0,30,0,32,64,2
2587384.0,14,16,32,0,66
2587459.0,14,16,32,0,66
2587491.0,14,16,32,64,2
2587491.0,6,24,32,8,58
2587492.0,6,24,32,8,58
2587527.0,6,24,32,24,42
2587527.0,6,24,32,8,58
2587535.0,6,24,32,8,58
2587640.0,6,24,32,24,42
2587640.0,6,24,32,8,58
2587659.0,6,24,32,24,42
2587659.0,6,24,32,8,58
2587661.0,6,24,32,24,42
2587661.0,6,24,32,8,58
2587667.0,6,24,32,24,42
2587667.0,6,24,32,8,58
2587785.0,6,24,32,24,42
2587785.0,6,24,32,8,58
2587823.0,6,24,32,24,42
2587823.0,6,24,32,8,58
2587849.0,6,24,32,8,58
2587866.0,6,24,32,8,58
2587911.0,6,24,32,8,58
2587950.0,6,24,32,24,42
2587950.0,6,24,32,8,58
2587964.0,6,24,32,24,42
2587964.0,6,24,32,8,58
2587988.0,6,24,32,8,58
2588003.0,6,24,32,24,42
2588003.0,6,24,32,8,58
2588024.0,6,24,32,24,42
2588024.0,6,24,32,8,58
2588040.0,6,24,32,24,42
2588040.0,6,24,32,8,58
2588064.0,6,24,32,24,42
2588068.0,6,24,32,24,42
2588132.0,6,24,32,24,42
2588139.0,6,24,32,24,42
2588141.0,6,24,32,40,26
2588141.0,5,25,32,8,58
2588173.0,5,25,32,40,26
2588173.0,0,30,32,8,58
2588206.0,0,30,32,8,58
2588357.0,0,30,32,8,58
2588364.0,0,30,32,8,58
2588394.0,0,30,32,24,42
2588394.0,0,30,32,22,44
2588409.0,0,30,32,22,44
2588434.0,0,30,32,22,44
2588447.0,0,30,32,22,44
2588462.0,0,30,32,22,44
2588463.0,0,30,32,38,28
2588463.0,0,30,32,22,44
2588468.0,0,30,32,38,28
2588468.0,0,30,32,22,44
2588476.0,0,30,32,22,44
2588503.0,0,30,32,22,44
2588593.0,0,30,32,22,44
2588610.0,0,30,32,24,42
2588622.0,0,30,32,40,26
2588703.0,0,30,32,40,26
2588726.0,0,30,32,40,26
2588735.0,0,30,32,40,26
2588929.0,0,30,32,40,26
2588977.0,0,30,32,40,26
2588989.0,0,30,32,56,10
2589001.0,0,30,32,56,10
2589064.0,0,30,32,56,10
2589126.0,0,30,32,56,10
2589151.0,0,30,32,56,10
2589184.0,0,14,32,72,10
2589187.0,0,14,32,72,10
2589206.0,0,14,32,72,10
2589229.0,0,14,32,72,10
2589232.0,0,14,32,72,10
2589261.0,0,14,32,72,10
2589283.0,0,14,32,72,10
2589291.0,0,6,32,80,10
2589291.0,0,6,32,64,26
2589349.0,32,6,0,64,26
2589349.0,0,38,0,64,26
2589452.0,0,38,0,64,26
2589510.0,0,38,0,80,10
2589510.0,0,38,0,16,74
2589518.0,0,38,0,16,74
2589588.0,0,38,0,16,74
2589627.0,0,38,0,16,74
2589675.0,0,38,0,80,10
2589675.0,0,38,0,47,43
2589695.0,0,38,0,47,43
2589757.0,0,38,0,47,43
2589816.0,0,38,0,47,43
2589866.0,0,38,0,48,42
2589866.0,0,38,0,16,74
2589876.0,0,38,0,48,42
2589876.0,0,38,0,16,74
2589921.0,0,38,0,48,42
2589921.0,0,38,0,16,74
2589941.0,0,37,0,17,74
2589941.0,0,37,0,16,75
2589944.0,0,37,0,16,75
2589952.0,0,37,0,48,43
2589952.0,0,37,0,16,75
2589959.0,0,37,0,17,74
2589973.0,0,32,0,22,74
2589973.0,0,32,0,17,79
2590003.0,0,32,0,65,31
2590003.0,0,32,0,21,75
2590022.0,0,32,0,22,74
2590024.0,0,32,0,23,73
2590027.0,0,32,0,24,72
2590037.0,0,32,0,24,72
2590055.0,0,32,0,25,71
2590060.0,0,32,0,26,70
2590066.0,0,32,0,26,70
2590103.0,0,32,0,28,68
2590161.0,0,32,0,28,68
2590209.0,0,32,0,32,64
2590232.0,0,32,0,32,64
2590237.0,0,32,0,32,64
2590243.0,0,32,0,48,48
2590243.0,0,32,0,16,80
2590250.0,0,32,0,16,80
2590261.0,0,32,0,32,64
2590261.0,0,32,0,28,68
2590269.0,0,32,0,28,68
2590280.0,0,32,0,28,68
2590291.0,0,32,0,32,64
2590291.0,0,32,0,16,80
2590293.0,0,32,0,32,64
2590293.0,0,32,0,20,76
2590296.0,0,32,0,52,44
2590296.0,0,32,0,16,80
2590299.0,0,32,0,17,79
2590299.0,0,32,0,16,80
2590308.0,0,32,0,16,80
2590315.0,0,32,0,20,76
2590317.0,0,32,0,22,74
2590325.0,0,32,0,23,73
2590336.0,0,32,0,27,69
2590336.0,0,32,0,19,77
2590343.0,0,32,0,21,75
2590343.0,0,32,0,17,79
2590371.0,0,32,0,17,79
2590399.0,0,32,0,17,79
2590402.0,0,32,0,17,79
2590420.0,0,32,0,19,77
2590420.0,0,32,0,17,79
2590434.0,0,32,0,19,77
2590447.0,0,32,0,23,73
2590477.0,0,32,0,39,57
2590503.0,0,32,0,40,56
2590505.0,0,32,0,40,56
2590510.0,0,32,0,40,56
2590591.0,0,32,0,40,56
2590645.0,0,32,0,40,56
2590672.0,0,32,0,44,52
2590731.0,0,32,0,46,50
2590748.0,0,32,0,46,50
2590891.0,0,32,0,46,50
2591065.0,0,32,0,46,50
2591149.0,0,0,0,78,50
2591149.0,0,0,0,30,98
2591218.0,0,0,0,30,98
2591235.0,0,0,0,32,96
2591246.0,0,0,0,32,96
2591315.0,0,0,0,32,96
2591358.0,0,0,0,32,96
2591378.0,0,0,0,32,96
2591407.0,0,0,0,32,96
2591430.0,0,0,0,32,96
2591434.0,0,0,0,32,96
2591439.0,0,0,0,32,96
2591454.0,0,0,0,32,96
2591466.0,0,0,0,48,80
2591664.0,0,0,0,48,80
2591703.0,0,0,0,48,80
2591714.0,0,0,0,48,80
2591867.0,0,0,0,48,80
2591962.0,0,0,0,48,80
2591994.0,0,0,0,48,80
2592063.0,0,0,0,48,80
2592227.0,0,0,0,48,80
2592241.0,0,0,0,48,80
2592338.0,0,0,0,56,72
2592341.0,0,0,0,88,40
2592341.0,0,0,0,16,112
2592372.0,0,0,0,20,108
2592385.0,0,0,0,22,106
2592427.0,0,0,0,22,106
2592469.0,0,0,0,86,42
2592469.0,0,0,0,6,122
2592487.0,0,0,0,8,120
2592531.0,0,0,0,8,120
2592557.0,0,0,0,24,104
2592558.0,0,0,0,24,104
2592583.0,0,0,0,88,40
2592583.0,0,0,0,24,104
2592597.0,0,0,0,24,104
2592642.0,0,0,0,24,104
2592656.0,0,0,0,24,104
2592696.0,0,0,0,88,40
2592696.0,0,0,0,24,104
2592757.0,0,0,0,88,40
2592757.0,0,0,0,5,123
2592786.0,0,0,0,6,122
2592798.0,0,0,0,7,121
2592801.0,0,0,0,8,120
2592822.0,0,0,0,8,120
2592830.0,0,0,0,72,56
2592830.0,0,0,0,11,117
2592848.0,0,0,0,15,113
2592929.0,0,0,0,16,112
2592945.0,0,0,0,18,110
2592959.0,0,0,0,34,94
2592959.0,0,0,0,1,127
2592966.0,0,0,0,33,95
2592966.0,0,0,0,0,128
2592978.0,0,0,0,32,96
2592978.0,0,0,0,0,128
2593003.0,0,0,0,1,127
2593065.0,0,0,0,1,127
2593092.0,0,0,0,33,95
2593092.0,0,0,0,1,127
2593112.0,0,0,0,3,125
2593118.0,0,0,0,19,109
2593118.0,0,0,0,3,125
2593136.0,0,0,0,7,121
2593141.0,0,0,0,7,121
2593156.0,0,0,0,15,113
2593170.0,0,0,0,16,112
2593174.0,0,0,0,16,112
2593191.0,0,0,0,16,112
2593268.0,0,0,0,32,96
2593268.0,0,0,0,0,128
2593275.0,0,0,0,0,128
2593319.0,0,0,0,0,128
2593366.0,0,0,0,0,128
2593416.0,0,0,0,0,128
2593424.0,0,0,0,32,96
2593424.0,0,0,0,0,128
2593429.0,0,0,0,32,96
2593429.0,0,0,0,16,112
2593442.0,0,0,0,48,80
2593442.0,0,0,0,15,113
2593447.0,0,0,0,16,112
2593447.0,0,0,0,0,128
2593472.0,0,0,0,1,127
2593492.0,0,0,0,1,127
2593541.0,0,0,0,17,111
2593541.0,0,0,0,1,127
2593559.0,0,0,0,1,127
2593639.0,0,0,0,1,127
2593657.0,0,0,0,3,125
2593676.0,0,0,0,19,109
2593681.0,0,0,0,23,105
2593685.0,0,0,0,39,89
2593685.0,0,0,0,7,121
2593741.0,0,0,0,8,120
2593807.0,0,0,0,40,88
2593807.0,0,0,0,8,120
2593817.0,0,0,0,40,88
2593817.0,0,0,0,8,120
2593820.0,0,0,0,24,104
2593820.0,0,0,0,8,120
2593835.0,0,0,0,24,104
2593847.0,0,0,0,40,88
2593847.0,0,0,0,8,120
2593861.0,0,0,0,8,120
2593867.0,0,0,0,24,104
2593867.0,0,0,0,8,120
2593889.0,0,0,0,24,104
2593893.0,0,0,0,24,104
2593915.0,0,0,0,24,104
2593936.0,0,0,0,24,104
2593986.0,0,0,0,40,88
2593986.0,0,0,0,6,122
2594021.0,0,0,0,7,121
2594042.0,0,0,0,39,89
2594042.0,0,0,0,1,127
2594051.0,0,0,0,2,126
2594056.0,0,0,0,18,110
2594104.0,0,0,0,19,109
2594131.0,0,0,0,51,77
2594131.0,0,0,0,15,113
2594136.0,0,0,0,16,112
2594156.0,0,0,0,17,111
2594169.0,0,0,0,49,79
2594230.0,0,0,0,50,78
2594243.0,0,0,0,52,76
2594327.0,0,0,0,52,76
2594327.0,0,0,0,20,108
2594514.0,0,0,0,52,76
2594550.0,0,0,0,52,76
2594550.0,0,0,0,51,77
2594585.0,0,0,0,51,77
2594585.0,0,0,0,43,85
2594629.0,0,0,0,43,85
2594629.0,0,0,0,11,117
2594735.0,0,0,0,11,117
2594735.0,0,0,0,3,125
2594757.0,0,0,0,3,125
2594757.0,0,0,0,2,126
2594781.0,0,0,0,11,117
2594785.0,0,0,0,43,85
2594787.0,0,0,0,44,84
2594788.0,0,0,0,76,52
2594815.0,0,0,0,76,52
2594815.0,0,0,0,75,53
2594818.0,0,0,0,75,53
2594818.0,0,0,0,74,54
2594824.0,0,0,0,74,54
2594824.0,0,0,0,42,86
2594846.0,0,0,0,43,85
2594850.0,0,0,0,43,85
2594850.0,0,0,0,42,86
2594858.0,0,0,0,43,85
2594868.0,0,0,0,51,77
2594877.0,0,0,0,51,77
2594877.0,0,0,0,50,78
2594900.0,0,0,0,51,77
2594917.0,0,0,0,51,77
2594917.0,0,0,0,47,81
2594925.0,0,0,0,47,81
2594925.0,0,0,0,15,113
2594959.0,0,0,0,47,81
2594965.0,0,0,0,79,49
2594995.0,0,0,0,79,49
2594995.0,0,0,0,78,50
2595028.0,0,0,0,78,50
2595028.0,0,0,0,77,51
2595072.0,0,0,0,78,50
2595090.0,0,0,0,78,50
2595090.0,0,0,0,46,82
2595107.0,0,0,0,46,82
2595107.0,0,0,0,42,86
2595116.0,0,0,0,74,54
2595140.0,0,0,0,74,54
2595140.0,0,0,0,42,86
2595165.0,0,0,0,46,82
2595240.0,0,0,0,47,81
2595266.0,0,0,0,51,77
2595282.0,0,0,0,51,77
2595282.0,0,0,0,50,78
2595372.0,0,0,0,82,46
2595377.0,0,0,0,82,46
2595377.0,0,0,0,50,78
2595378.0,0,0,0,82,46
2595418.0,0,0,0,82,46
2595418.0,0,0,0,50,78
2595441.0,0,0,0,82,46
2595451.0,0,0,0,86,42
2595460.0,0,0,0,87,41
2595523.0,0,0,0,87,41
2595523.0,0,0,0,86,42
2595549.0,0,0,0,86,42
2595549.0,0,0,0,54,74
2595583.0,0,0,0,86,42
2595611.0,0,0,0,90,38
2595638.0,0,0,0,91,37
2595647.0,0,0,0,91,37
2595647.0,0,0,0,27,101
2595656.0,0,0,0,27,101
2595724.0,0,0,0,27,101
2595736.0,0,0,0,91,37
2595736.0,0,0,0,58,70
2595739.0,0,0,0,62,66
2595758.0,0,0,0,94,34
2595789.0,0,0,0,95,33
2595827.0,0,0,0,95,33
2595827.0,0,0,0,94,34
2595880.0,0,0,0,95,33
2595883.0,0,0,0,95,33
2595883.0,0,0,0,63,65
2595912.0,0,0,0,95,33
2596063.0,0,0,0,95,33
2596063.0,0,0,0,63,65
2596085.0,0,0,0,95,33
2596121.0,0,0,0,95,33
2596121.0,0,0,0,91,37
2596177.0,0,0,0,91,37
2596177.0,0,0,0,87,41
2596179.0,0,0,0,87,41
2596179.0,0,0,0,86,42
2596185.0,0,0,0,86,42
2596185.0,0,0,0,85,43
2596212.0,0,0,0,86,42
2596228.0,0,0,0,90,38
2596250.0,0,0,0,91,37
2596323.0,0,0,0,91,37
2596323.0,0,0,0,59,69
2596365.0,0,0,0,59,69
2596365.0,0,0,0,51,77
2596368.0,0,0,0,52,76
2596368.0,0,0,0,51,77
2596449.0,0,0,0,51,77
2596449.0,0,0,0,19,109
2596483.0,0,0,0,19,109
2596483.0,0,0,0,18,110
2596523.0,0,0,0,19,109
2596544.0,0,0,0,19,109
2596544.0,0,0,0,18,110
2596577.0,0,0,0,19,109
2596590.0,0,0,0,19,109
2596590.0,0,0,0,18,110
2596603.0,0,0,0,18,110
2596629.0,0,0,0,18,110
2596629.0,0,0,0,17,111
2596648.0,0,0,0,18,110
2596655.0,0,0,0,50,78
2596669.0,0,0,0,50,78
2596669.0,0,0,0,49,79
2596677.0,0,0,0,49,79
2596677.0,0,0,0,17,111
2596711.0,0,0,0,18,110
2596712.0,0,0,0,22,106
2596727.0,0,0,0,54,74
2596773.0,0,0,0,55,73
2596839.0,0,0,0,87,41
2596848.0,0,0,0,87,41
2596848.0,0,0,0,86,42
2596867.0,0,0,0,87,41
2596877.0,0,0,0,87,41
2596877.0,0,0,0,86,42
2596881.0,0,0,0,86,42
2596881.0,0,0,0,82,46
2596951.0,0,0,0,86,42
2597029.0,0,0,0,86,42
2597042.0,0,0,0,86,42
2597047.0,0,0,0,87,41
2597056.0,0,0,0,87,41
2597056.0,0,0,0,55,73
2597072.0,0,0,0,55,73
2597130.0,0,0,0,55,73
2597130.0,0,0,0,23,105
2597141.0,0,0,0,23,105
2597221.0,0,0,0,55,73
2597257.0,0,0,0,55,73
2597257.0,0,0,1,54,73
2597357.0,0,0,1,54,73
2597357.0,0,0,1,53,74
2597365.0,0,0,1,85,42
2597466.0,0,0,1,86,41
2597492.0,0,0,1,86,41
2597492.0,0,0,1,85,42
2597545.0,0,0,1,85,42
2597545.0,0,0,1,84,43
2597584.0,0,0,1,85,42
2597625.0,0,0,1,85,42
2597625.0,0,0,1,84,43
2597651.0,0,0,1,84,43
2597651.0,0,0,2,83,43
2597672.0,0,0,2,83,43
2597672.0,0,0,2,51,75
2597770.0,0,0,2,51,75
2597770.0,0,0,2,50,76
2597786.0,0,0,2,51,75
2597924.0,0,0,2,52,74
2597925.0,0,0,2,84,42
2597927.0,0,0,2,85,41
2597962.0,0,0,2,85,41
2597962.0,0,0,2,84,42
2598044.0,0,0,2,85,41
2598073.0,0,0,2,85,41
2598073.0,0,0,2,84,42
2598098.0,0,0,2,85,41
2598121.0,0,0,2,85,41
2598121.0,0,0,2,69,57
2598194.0,0,0,2,69,57
2598194.0,0,0,2,37,89
2598355.0,0,0,2,69,57
2598359.0,0,0,2,69,57
2598359.0,0,0,2,68,58
2598381.0,0,0,2,68,58
2598381.0,0,0,3,67,58
2598384.0,0,0,3,67,58
2598384.0,0,0,3,51,74
2598468.0,0,0,3,51,74
2598468.0,0,0,10,44,74
2598531.0,0,0,10,45,73
2598543.0,0,0,10,46,72
2598574.0,0,0,10,46,72
2598574.0,0,0,10,45,73
2598575.0,0,0,10,61,57
2598581.0,0,0,10,61,57
2598581.0,0,0,10,45,73
2598687.0,0,0,10,45,73
2598687.0,0,0,10,44,74
2598727.0,0,0,10,60,58
2598729.0,0,0,10,60,58
2598729.0,0,0,10,28,90
2598818.0,0,0,10,44,74
2598826.0,0,0,10,44,74
2598826.0,0,0,10,28,90
2598839.0,0,0,10,28,90
2598839.0,0,0,10,27,91
2598896.0,0,0,10,59,59
2598906.0,0,0,10,59,59
2598906.0,0,0,10,27,91
2598948.0,0,0,10,59,59
2598951.0,0,0,10,59,59
2598951.0,0,0,10,43,75
2598986.0,0,0,10,44,74
2599051.0,0,0,10,44,74
2599051.0,0,0,14,40,74
2599056.0,0,0,14,41,73
2599089.0,0,0,14,41,73
2599089.0,0,0,14,40,74
2599133.0,0,0,14,40,74
2599133.0,0,0,14,8,106
2599173.0,0,0,14,40,74
2599239.0,0,0,14,56,58
2599251.0,0,0,14,56,58
2599251.0,0,0,14,40,74
2599293.0,0,0,14,40,74
2599293.0,0,0,14,8,106
2599326.0,0,0,14,40,74
2599341.0,0,0,14,40,74
2599341.0,0,0,14,8,106
2599377.0,0,0,14,24,90
2599396.0,0,0,14,24,90
2599396.0,0,0,14,8,106
2599452.0,0,0,14,24,90
2599455.0,0,0,14,40,74
2599455.0,0,0,14,39,75
2599461.0,0,0,14,39,75
2599461.0,0,0,14,23,91
2599514.0,0,0,14,55,59
2599525.0,0,0,14,55,59
2599525.0,0,0,14,23,91
2599557.0,0,0,14,24,90
2599614.0,0,0,14,40,74
2599622.0,0,0,14,40,74
2599622.0,0,0,14,39,75
2599650.0,0,0,14,40,74
2599670.0,0,0,14,40,74
2599670.0,0,0,14,24,90
2599733.0,0,0,14,40,74
2599790.0,0,0,14,72,42
2599808.0,0,0,14,72,42
2599808.0,0,0,14,56,58
2599848.0,0,0,14,72,42
2599878.0,0,0,14,72,42
2599878.0,0,0,14,56,58
2599892.0,0,0,14,56,58
2599892.0,0,0,14,40,74
2599923.0,0,0,14,56,58
2599941.0,0,0,14,56,58
2599941.0,0,0,14,55,59
2599957.0,1,0,13,55,59
2599968.0,1,0,13,56,58
2599972.0,1,0,13,56,58
2599972.0,1,0,13,40,74
2600003.0,1,0,13,56,58
2600080.0,1,0,13,72,42
2600090.0,1,0,13,72,42
2600090.0,1,0,13,56,58
2600093.0,1,0,13,57,57
2600127.0,1,0,13,58,56
2600176.0,1,0,13,58,56
2600176.0,1,0,13,57,57
2600182.0,1,0,13,57,57
2600182.0,1,0,13,25,89
2600314.0,1,0,13,26,88
2600351.0,2,0,12,26,88
2600376.0,2,0,12,58,56
2600397.0,2,0,12,58,56
2600397.0,2,0,12,57,57
2600439.0,2,0,12,57,57
2600439.0,2,0,20,49,57
2600462.0,2,0,20,50,56
2600536.0,2,0,20,50,56
2600536.0,2,0,20,46,60
2600566.0,2,0,20,46,60
2600566.0,2,0,20,44,62
2600567.0,2,0,20,44,62
2600567.0,2,0,20,43,63
2600724.0,2,0,20,43,63
2600724.0,2,0,20,42,64
2600729.0,2,0,20,43,63
2600831.0,2,0,20,44,62
2601054.0,2,0,20,44,62
2601054.0,2,0,20,43,63
2601061.0,2,0,20,43,63
2601061.0,2,0,20,42,64
2601064.0,2,0,20,43,63
2601081.0,3,0,19,43,63
2601138.0,3,0,19,44,62
2601156.0,3,0,19,44,62
2601156.0,3,0,19,43,63
2601168.0,10,0,12,43,63
2601186.0,10,0,12,44,62
2601201.0,10,0,12,44,62
2601201.0,10,0,12,43,63
2601231.0,10,0,12,44,62
2601257.0,10,0,12,46,60
2601266.0,10,0,12,46,60
2601266.0,10,0,12,45,61
2601277.0,10,0,12,61,45
2601299.0,10,0,12,65,41
2601303.0,10,0,12,65,41
2601303.0,10,0,12,64,42
2601338.0,10,0,12,65,41
2601360.0,10,0,12,65,41
2601360.0,10,0,12,64,42
2601366.0,10,0,12,65,41
2601395.0,10,0,12,66,40
2601423.0,10,0,12,66,40
2601423.0,10,0,12,65,41
2601483.0,10,0,12,66,40
2601495.0,10,0,12,66,40
2601495.0,10,0,12,65,41
2601514.0,10,0,12,106,0
2601751.0,14,0,8,106,0
2602218.0,14,0,8,106,0
2602218.0,14,0,8,74,32
2602249.0,14,0,8,74,32
2602249.0,14,0,8,42,64
2602276.0,14,0,8,74,32
2602294.0,14,0,8,74,32
2602294.0,14,0,8,10,96
2602332.0,14,0,8,74,32
2602429.0,14,0,8,74,32
2602429.0,14,0,8,42,64
2602443.0,14,0,8,42,64
2602443.0,14,0,8,41,65
2602455.0,14,0,8,73,33
2602464.0,14,0,8,73,33
2602464.0,14,0,8,41,65
2602483.0,14,0,8,42,64
2602491.0,14,0,8,74,32
2602500.0,14,0,8,74,32
2602500.0,14,0,8,10,96
2602515.0,14,0,8,42,64
2602519.0,14,0,8,42,64
2602519.0,14,0,8,10,96
2602534.0,14,0,8,74,32
2602541.0,14,0,8,74,32
2602541.0,14,0,8,10,96
2602591.0,14,0,8,74,32
2602599.0,14,0,8,74,32
2602599.0,14,0,8,42,64
2602626.0,14,0,8,74,32
2602636.0,14,0,8,106,0
2602814.0,14,0,8,106,0
2602814.0,14,0,8,105,1
2602829.0,14,0,8,106,0
2602858.0,14,0,8,106,0
2602858.0,14,0,8,74,32
2603087.0,14,0,8,106,0
2603114.0,14,0,8,106,0
2603114.0,14,0,18,96,0
2603139.0,22,0,10,96,0
2603158.0,22,0,10,96,0
2603158.0,22,0,10,95,1
2603174.0,22,0,10,96,0
2603223.0,22,0,10,96,0
2603223.0,22,0,10,95,1
2603249.0,22,0,10,96,0
2603315.0,22,0,10,96,0
2603315.0,22,0,10,64,32
2603442.0,22,0,10,96,0
2603525.0,22,0,10,96,0
2603525.0,22,0,10,64,32
2603639.0,22,0,10,96,0
2603951.0,22,0,10,96,0
2603951.0,22,0,10,64,32
2604080.0,22,0,10,96,0
2604832.0,22,0,10,96,0
2604832.0,22,0,10,80,16
2605109.0,22,0,10,96,0
2605124.0,22,0,10,96,0
2605124.0,22,0,10,80,16
2605548.0,22,0,10,80,16
2605548.0,22,0,10,79,17
2605568.0,22,0,10,80,16
2605656.0,22,0,10,80,16
2605656.0,22,0,10,64,32
2605668.0,22,0,10,80,16
2605673.0,22,0,10,80,16
2605673.0,22,0,10,64,32
2605691.0,22,0,10,64,32
2605691.0,22,0,10,63,33
2605774.0,22,0,10,79,17
2605800.0,22,0,10,95,1
2605804.0,22,0,10,95,1
2605804.0,22,0,10,79,17
2605814.0,32,0,0,79,17
2605818.0,32,0,0,79,17
2605818.0,32,0,0,63,33
2605822.0,32,0,0,79,17
2605825.0,32,0,0,80,16
2605830.0,32,0,0,80,16
2605830.0,32,0,0,64,32
2605900.0,32,0,0,80,16
2605917.0,32,0,0,96,0
2606123.0,32,0,0,96,0
2606123.0,32,0,0,80,16
2606191.0,32,0,0,80,16
2606191.0,32,0,32,48,16
2606226.0,32,0,32,48,16
2606226.0,32,0,63,17,16
2606246.0,32,0,63,33,0
2606259.0,32,0,63,33,0
2606259.0,32,0,63,1,32
2606281.0,32,0,63,33,0
2606365.0,32,0,63,33,0
2606365.0,32,0,63,1,32
2606386.0,32,0,63,33,0
2606479.0,32,0,63,33,0
2606479.0,32,0,63,1,32
2606512.0,32,0,63,33,0
2606536.0,32,0,63,33,0
2606536.0,32,0,63,17,16
2606545.0,32,0,63,17,16
2606545.0,32,0,63,1,32
2606681.0,32,0,63,17,16
2606704.0,32,0,63,17,16
2606704.0,32,0,63,1,32
2606783.0,32,0,63,1,32
2606825.0,32,0,63,17,16
2606875.0,32,0,63,17,16
2606875.0,32,0,63,1,32
2607001.0,32,0,63,17,16
2607058.0,32,0,63,17,16
2607058.0,32,0,63,1,32
2607072.0,32,0,63,1,32
2607144.0,32,0,63,1,32
2607153.0,32,0,63,17,16
2607271.0,32,0,63,17,16
2607271.0,32,0,63,1,32
2607395.0,32,0,63,17,16
2607466.0,32,0,63,17,16
2607466.0,16,16,63,17,16
2607567.0,16,16,63,17,16
2607567.0,0,32,63,17,16
2607606.0,0,32,63,33,0
2607728.0,0,32,63,33,0
2607728.0,0,32,63,17,16
2607818.0,0,32,63,17,16
2607868.0,0,32,63,33,0
2608125.0,0,32,63,33,0
2608252.0,0,32,63,33,0
2608282.0,0,32,63,33,0
2608377.0,0,32,63,33,0
2608547.0,0,32,63,33,0
2608891.0,32,32,31,33,0
2608891.0,0,64,31,33,0
2608926.0,31,64,0,33,0
2608926.0,0,95,0,33,0
2608941.0,0,95,0,33,0
2608979.0,0,95,0,33,0
2609211.0,0,95,0,33,0
2609262.0,0,95,0,33,0
2609266.0,0,79,0,49,0
2609266.0,0,79,0,17,32
2609346.0,0,79,0,17,32
2609367.0,0,63,0,33,32
2609367.0,0,63,0,17,48
2609386.0,0,63,0,49,16
2609386.0,0,63,0,16,49
2609412.0,0,63,0,17,48
2609425.0,0,63,0,17,48
2609474.0,0,63,0,33,32
2609474.0,0,63,0,1,64
2609495.0,0,63,0,33,32
2609495.0,0,63,0,1,64
2609548.0,0,63,0,33,32
2609548.0,0,63,0,30,35
2609629.0,0,63,0,31,34
2609636.0,0,63,0,33,32
2609636.0,0,63,0,1,64
2609670.0,0,63,0,1,64
2609688.0,0,63,0,1,64
2609692.0,0,63,0,1,64
2609706.0,0,63,0,1,64
2609719.0,0,63,0,1,64
2609723.0,0,63,0,33,32
2609723.0,0,63,0,31,34
2609822.0,0,63,0,33,32
2609822.0,0,63,0,1,64
2609846.0,0,63,0,1,64
2610022.0,0,63,0,33,32
2610022.0,0,63,0,1,64
2610163.0,0,63,0,33,32
2610163.0,0,63,0,1,64
2610194.0,0,63,0,33,32
2610194.0,0,63,0,31,34
2610229.0,0,63,0,31,34
2610347.0,0,63,0,33,32
2610347.0,0,63,0,1,64
2610425.0,0,63,0,1,64
2610601.0,0,63,0,1,64
2610607.0,0,63,0,1,64
2610615.0,0,63,0,1,64
2610691.0,0,31,0,33,64
2610691.0,0,31,0,1,96
2610726.0,0,0,0,32,96
2610726.0,0,0,0,0,128
2610731.0,0,0,0,0,128
2610753.0,0,0,0,0,128
2610828.0,0,0,0,16,112
2610872.0,0,0,0,32,96
2610872.0,0,0,0,0,128
2610884.0,0,0,0,32,96
2610884.0,0,0,0,7,121
2610906.0,0,0,0,39,89
2610906.0,0,0,0,7,121
2610912.0,0,0,0,39,89
2610912.0,0,0,0,23,105
2610951.0,0,0,0,23,105
2610951.0,0,0,0,15,113
2610971.0,0,0,0,16,112
2610995.0,0,0,0,16,112
2611022.0,0,0,0,24,104
2611116.0,0,0,0,32,96
2611126.0,0,0,0,40,88
2611206.0,0,0,0,40,88
2611246.0,0,0,0,40,88
2611246.0,0,0,0,32,96
2611255.0,0,0,0,40,88
2611401.0,0,0,0,48,80
2611439.0,0,0,0,56,72
2611468.0,0,0,0,56,72
2611546.0,0,0,0,56,72
2611546.0,0,0,0,48,80
2611629.0,0,0,0,48,80
2611629.0,0,0,0,16,112
2611642.0,0,0,0,16,112
2611642.0,0,0,0,14,114
2611686.0,0,0,0,16,112
2611757.0,0,0,0,24,104
2611783.0,0,0,0,56,72
2611833.0,0,0,0,56,72
2611833.0,0,0,0,48,80
2611969.0,0,0,0,56,72
2612066.0,0,0,0,56,72
2612066.0,0,0,0,54,74
2612102.0,0,0,0,56,72
2612244.0,0,0,0,56,72
2612244.0,0,0,0,48,80
2612250.0,0,0,0,48,80
2612250.0,0,0,0,32,96
2612376.0,0,0,0,48,80
2612429.0,0,0,0,56,72
2612476.0,0,0,0,56,72
2612476.0,0,0,0,24,104
2612482.0,0,0,0,56,72
2612483.0,0,0,0,56,72
2612483.0,0,0,0,48,80
2612607.0,0,0,0,48,80
2612607.0,0,0,0,46,82
2612658.0,0,0,0,48,80
2612673.0,0,0,0,56,72
2612698.0,0,0,0,56,72
2612698.0,0,0,0,24,104
2612826.0,0,0,0,56,72
2612847.0,0,0,0,56,72
2612847.0,0,0,0,54,74
2612986.0,0,0,0,54,74
2613047.0,0,0,0,56,72
2613148.0,0,0,0,56,72
2613323.0,0,0,0,56,72
2613595.0,0,0,0,56,72
2613595.0,0,0,0,54,74
2613646.0,0,0,0,56,72
2613794.0,0,0,0,56,72
2614048.0,0,0,0,56,72
2614048.0,0,0,0,55,73
2614086.0,0,0,0,55,73
2614086.0,0,0,0,53,75
2614091.0,0,0,0,55,73
2614100.0,0,0,0,56,72
2614160.0,0,0,0,56,72
2614160.0,0,0,0,54,74
2614183.0,0,0,0,54,74
2614183.0,0,0,0,53,75
2614213.0,0,0,0,55,73
2614215.0,0,0,0,56,72
2614324.0,0,0,0,56,72
2614324.0,0,0,0,55,73
2614407.0,0,0,0,56,72
2614419.0,0,0,0,56,72
2614419.0,0,0,0,52,76
2614428.0,0,0,0,52,76
2614442.0,0,0,0,52,76
2614442.0,0,0,0,50,78
2614484.0,0,0,0,50,78
2614506.0,0,0,0,50,78
2614506.0,0,0,7,43,78
2614512.0,0,0,7,43,78
2614512.0,0,0,14,36,78
2614528.0,0,0,14,36,78
2614528.0,0,0,14,34,80
2614617.0,0,0,14,36,78
2614755.0,0,0,14,36,78
2614755.0,0,0,14,35,79
2614774.0,0,0,14,36,78
2614976.0,0,0,14,40,74
2614980.0,0,0,14,42,72
2615286.0,0,0,14,42,72
2615286.0,0,0,16,40,72
2615383.0,0,0,16,40,72
2615383.0,0,0,24,32,72
2615873.0,0,0,24,64,40
2616031.0,0,0,24,64,40
2616031.0,0,0,24,62,42
2616080.0,0,0,24,64,40
2616381.0,0,0,24,72,32
2616406.0,0,0,24,72,32
2616406.0,0,0,24,70,34
2616426.0,0,0,24,70,34
2616426.0,0,0,48,46,34
2616493.0,0,0,48,48,32
2616692.0,0,0,48,48,32
2616692.0,0,0,48,46,34
2616744.0,0,0,48,48,32
2616803.0,0,0,48,48,32
2617024.0,0,0,48,48,32
2617163.0,0,0,48,48,32
2617206.0,7,0,41,48,32
2617206.0,0,7,41,48,32
2617212.0,7,7,34,48,32
2617212.0,0,14,34,48,32
2617329.0,0,14,34,48,32
2617764.0,0,14,34,48,32
2617986.0,2,14,32,48,32
2617986.0,0,16,32,48,32
2618061.0,0,16,32,80,0
2618061.0,0,16,32,75,5
2618083.0,8,16,24,75,5
2618083.0,0,24,24,75,5
2618088.0,0,24,24,76,4
2618104.0,0,24,24,78,2
2618112.0,0,24,24,80,0
2618217.0,0,24,24,80,0
2619006.0,0,17,24,87,0
2619012.0,0,10,24,94,0
2619126.0,24,10,0,94,0
2619126.0,0,34,0,94,0
2619786.0,0,32,0,96,0
2619883.0,0,24,0,104,0
2620926.0,0,0,0,128,0
2620926.0,0,0,0,32,96
2621086.0,0,0,0,96,32
2621144.0,0,0,0,128,0
2621661.0,0,0,0,128,0
2621661.0,0,0,27,101,0
2621688.0,0,0,27,101,0
2621688.0,0,0,28,100,0
2621704.0,0,0,28,100,0
2621704.0,0,0,30,98,0
2621712.0,0,0,30,98,0
2621712.0,0,0,32,96,0
2624361.0,27,0,5,96,0
2624388.0,28,0,4,96,0
2624404.0,30,0,2,96,0
2624412.0,32,0,0,96,0
2624686.0,32,0,0,96,0
2624686.0,32,0,64,32,0
2624744.0,32,0,64,32,0
2624744.0,32,0,96,0,0
2624875.0,32,0,96,0,0
2624875.0,0,32,96,0,0
2624974.0,0,32,96,0,0
2626675.0,0,0,96,32,0
2627386.0,64,0,32,32,0
2627386.0,0,64,32,32,0
2627444.0,32,64,0,32,0
2627444.0,0,96,0,32,0
2629186.0,0,32,0,96,0
2629244.0,0,0,0,128,0
2629244.0,0,0,0,0,128
2629333.0,0,0,0,128,0
2629333.0,0,0,0,0,128
2635904.0,0,0,0,0,128
2640259.0,0,0,0,128,0
2640259.0,0,0,0,0,128
2648248.0,0,0,0,0,128
2648322.0,0,0,0,0,128
2648406.0,0,0,0,0,128
2648857.0,0,0,0,0,128
2649057.0,0,0,0,0,128
2649471.0,0,0,0,0,128
2649963.0,0,0,0,0,128
2651184.0,0,0,0,128,0
2651184.0,0,0,0,94,34
2651205.0,0,0,0,98,30
2651223.0,0,0,0,99,29
2651247.0,0,0,0,100,28
2651303.0,0,0,0,104,24
2651335.0,0,0,0,112,16
2651481.0,0,0,0,120,8
2651525.0,0,0,0,128,0
2651614.0,0,0,0,128,0
2651614.0,0,0,0,127,1
2651628.0,0,0,0,128,0
2651638.0,0,0,0,128,0
2651638.0,0,0,0,96,32
2651678.0,0,0,0,128,0
2651697.0,0,0,0,128,0
2651697.0,0,0,0,96,32
2651735.0,0,0,0,128,0
2651886.0,0,0,0,128,0
2651886.0,0,0,0,96,32
2651977.0,0,0,0,128,0
2652041.0,0,0,0,128,0
2652041.0,0,0,0,96,32
2652170.0,0,0,0,128,0
2652183.0,0,0,0,128,0
2652183.0,0,0,0,96,32
2652227.0,0,0,0,128,0
2652474.0,0,0,0,128,0
2652474.0,0,0,0,96,32
2652501.0,0,0,0,128,0
2652614.0,0,0,0,128,0
2652614.0,0,0,0,96,32
2652652.0,0,0,0,128,0
2652883.0,0,0,0,128,0
2652883.0,0,0,0,96,32
2652945.0,0,0,0,128,0
2652995.0,0,0,0,128,0
2652995.0,0,0,0,96,32
2653038.0,0,0,0,128,0
2653092.0,0,0,0,128,0
2653092.0,0,0,0,96,32
2653187.0,0,0,0,128,0
2653224.0,0,0,0,128,0
2653224.0,0,0,0,96,32
2653398.0,0,0,0,128,0
2653448.0,0,0,0,128,0
2653448.0,0,0,0,96,32
2653499.0,0,0,0,128,0
2653597.0,0,0,0,128,0
2653597.0,0,0,0,96,32
2653653.0,0,0,0,128,0
2653829.0,0,0,0,128,0
2653829.0,0,0,0,96,32
2653897.0,0,0,0,128,0
2653939.0,0,0,0,128,0
2653939.0,0,0,0,96,32
2654009.0,0,0,0,128,0
2654250.0,0,0,0,128,0
2654250.0,0,0,0,124,4
2654279.0,0,0,0,128,0
2654784.0,0,0,0,128,0
2654784.0,0,0,94,34,0
2655125.0,0,0,94,34,0
2655125.0,0,0,96,32,0
2655455.0,0,0,96,32,0
2655455.0,0,0,96,30,2
2655514.0,0,0,96,32,0
2655692.0,0,0,96,32,0
2655692.0,0,0,96,30,2
2655721.0,0,0,96,32,0
2656240.0,0,0,96,32,0
2656240.0,0,0,96,30,2
2656290.0,0,0,96,32,0
2656591.0,0,0,96,32,0
2656591.0,0,0,96,30,2
2656629.0,0,0,96,32,0
2656737.0,0,0,96,32,0
2656737.0,0,0,96,30,2
2656798.0,0,0,96,32,0
2657135.0,0,0,96,32,0
2657135.0,0,0,96,30,2
2657296.0,0,0,96,32,0
2657381.0,0,0,96,32,0
2657381.0,0,0,96,28,4
2657402.0,0,0,96,32,0
2657484.0,94,0,2,32,0
2657495.0,94,0,2,32,0
2657495.0,94,0,2,28,4
2657528.0,94,0,2,28,4
2657528.0,94,0,2,26,6
2657546.0,94,0,2,30,2
2657609.0,94,0,2,30,2
2657609.0,94,0,28,4,2
2657624.0,94,0,28,6,0
2657627.0,94,0,28,6,0
2657627.0,94,0,28,2,4
2657665.0,94,0,28,6,0
2657825.0,96,0,26,6,0
2658059.0,96,0,26,6,0
2658059.0,96,0,26,4,2
2658085.0,96,0,26,4,2
2658085.0,96,0,26,0,6
2658124.0,96,0,26,2,4
2658131.0,96,0,26,6,0
2658351.0,96,0,26,6,0
2658351.0,96,0,26,2,4
2658384.0,96,0,26,6,0
2658431.0,96,0,26,6,0
2658431.0,96,0,26,4,2
2658487.0,96,0,26,4,2
2658487.0,96,0,26,0,6
2658554.0,96,0,26,4,2
2658575.0,96,0,26,6,0
2658800.0,96,0,26,6,0
2658800.0,96,0,26,4,2
2658806.0,96,0,26,4,2
2658806.0,94,2,26,4,2
2658909.0,94,2,26,6,0
2659086.0,94,2,26,6,0
2659086.0,94,2,26,4,2
2659141.0,94,2,26,6,0
2659258.0,94,2,26,6,0
2659258.0,94,2,26,4,2
2659381.0,94,2,26,6,0
2659720.0,94,2,26,6,0
2659720.0,64,32,26,6,0
2659766.0,64,32,26,6,0
2659766.0,62,34,26,6,0
2659976.0,62,34,26,6,0
2659976.0,60,36,26,6,0
2660309.0,86,36,0,6,0
2660309.0,60,62,0,6,0
2660371.0,60,62,0,6,0
2660371.0,28,94,0,6,0
2660433.0,28,94,0,6,0
2660433.0,26,96,0,6,0
2660517.0,26,96,0,6,0
2660606.0,26,94,0,8,0
2660831.0,26,94,0,8,0
2660973.0,26,94,0,8,0
2661146.0,26,94,0,8,0
2661224.0,26,94,0,8,0
2661520.0,26,64,0,38,0
2661520.0,26,64,0,6,32
2661566.0,26,62,0,8,32
2661566.0,26,62,0,6,34
2661647.0,26,62,0,38,2
2661647.0,25,63,0,6,34
2661682.0,25,63,0,8,32
2661724.0,25,63,0,8,32
2661731.0,25,63,0,8,32
2661776.0,25,61,0,10,32
2661776.0,25,61,0,8,34
2661931.0,25,61,0,40,2
2661968.0,25,61,0,42,0
2662050.0,25,61,0,42,0
2662109.0,25,35,0,68,0
2662109.0,25,35,0,36,32
2662154.0,25,35,0,36,32
2662171.0,25,3,0,68,32
2662171.0,25,3,0,36,64
2662210.0,25,3,0,68,32
2662233.0,25,1,0,70,32
2662233.0,25,1,0,68,34
2662273.0,25,1,0,100,2
2662278.0,25,1,0,102,0
2662509.0,25,1,0,102,0
2662555.0,25,1,0,102,0
2662741.0,25,1,0,102,0
2662981.0,25,1,0,102,0
2663161.0,25,1,0,102,0
2663288.0,25,1,0,102,0
2663358.0,25,1,0,102,0
2663381.0,25,1,0,102,0
2663428.0,25,1,0,102,0
2663445.0,25,1,0,102,0
2663447.0,25,0,0,103,0
2663447.0,25,0,0,102,1
2663465.0,25,0,0,103,0
2663465.0,0,25,0,103,0
2663540.0,0,25,0,103,0
2663582.0,0,25,0,103,0
2663620.0,0,25,0,103,0
2663701.0,0,25,0,103,0
2663717.0,0,25,0,103,0
2663831.0,0,25,0,103,0
2663952.0,0,25,0,103,0
2664080.0,0,25,0,103,0
2664136.0,0,25,0,103,0
2664259.0,0,25,0,103,0
2664339.0,0,25,0,103,0
2664348.0,0,25,0,103,0
2664391.0,0,25,0,103,0
2664546.0,0,25,0,103,0
2665265.0,0,0,0,128,0
2665265.0,0,0,0,0,128
2665282.0,0,0,0,0,128
2665645.0,0,0,0,0,128
2665722.0,0,0,0,128,0
2665722.0,0,0,0,22,106
2665723.0,0,0,0,54,74
2665723.0,0,0,0,22,106
2665725.0,0,0,0,54,74
2665725.0,0,0,0,22,106
2665745.0,0,0,0,54,74
2665745.0,0,0,0,22,106
2665746.0,0,0,0,54,74
2665746.0,0,0,0,22,106
2665752.0,0,0,0,24,104
2665757.0,0,0,0,56,72
2665757.0,0,0,0,24,104
2665766.0,0,0,0,26,102
2665767.0,0,0,0,58,70
2665767.0,0,0,0,26,102
2665769.0,0,0,0,58,70
2665769.0,0,0,0,24,104
2665770.0,0,0,0,56,72
2665770.0,0,0,0,22,106
2665775.0,0,0,0,24,104
2665793.0,0,0,0,28,100
2665814.0,0,0,0,60,68
2665947.0,0,0,0,92,36
2665947.0,0,0,0,28,100
2665950.0,0,0,0,60,68
2666056.0,0,0,0,124,4
2666056.0,0,0,0,18,110
2666123.0,0,0,0,20,108
2666192.0,0,0,0,84,44
2666192.0,0,0,0,50,78
2666223.0,0,0,0,50,78
2666223.0,0,0,0,48,80
2666225.0,0,0,0,80,48
2666227.0,0,0,0,82,46
2666271.0,0,0,0,84,44
2666344.0,0,0,0,84,44
2666344.0,0,0,0,76,52
2666349.0,0,0,0,84,44
2666378.0,0,0,0,84,44
2666378.0,0,0,0,76,52
2666411.0,0,0,0,84,44
2666433.0,0,0,0,84,44
2666433.0,0,0,0,76,52
2666570.0,0,0,0,84,44
2666663.0,0,0,0,84,44
2666663.0,0,0,0,82,46
2666742.0,0,0,0,82,46
2666742.0,0,0,0,74,54
2666762.0,0,0,0,82,46
2666777.0,0,0,0,82,46
2666777.0,0,0,0,74,54
2666802.0,0,0,0,74,54
2666802.0,0,0,0,42,86
2666873.0,0,0,0,44,84
2666908.0,0,0,0,44,84
2666908.0,0,0,0,42,86
2666943.0,0,0,0,50,78
2666985.0,0,0,0,52,76
2667038.0,0,0,0,84,44
2667079.0,0,0,0,84,44
2667079.0,0,0,0,76,52
2667129.0,0,0,0,76,52
2667129.0,0,0,0,68,60
2667136.0,0,0,0,68,60
2667136.0,0,0,0,60,68
2667221.0,0,0,0,68,60
2667236.0,0,0,0,76,52
2667247.0,0,0,0,76,52
2667247.0,0,0,0,68,60
2667290.0,0,0,0,68,60
2667290.0,0,0,0,60,68
2667354.0,0,0,0,68,60
2667367.0,0,0,0,68,60
2667367.0,0,0,0,36,92
2667378.0,0,0,0,44,84
2667384.0,0,0,0,52,76
2667548.0,0,0,0,84,44
2667550.0,0,0,0,84,44
2667550.0,0,0,0,83,45
2667564.0,0,0,0,83,45
2667564.0,0,0,0,81,47
2667584.0,0,0,0,82,46
2667600.0,0,0,0,84,44
2667734.0,0,0,0,84,44
2667734.0,0,0,0,76,52
2667792.0,0,0,0,76,52
2667792.0,0,0,0,68,60
2667808.0,0,0,0,68,60
2667808.0,0,0,0,36,92
2667814.0,0,0,0,44,84
2667947.0,0,0,0,52,76
2668013.0,0,0,0,52,76
2668013.0,0,0,0,51,77
2668099.0,0,0,0,52,76
2668115.0,0,0,0,52,76
2668115.0,0,0,0,51,77
2668135.0,0,0,0,51,77
2668135.0,0,0,0,43,85
2668154.0,0,0,0,44,84
2668166.0,0,0,0,44,84
2668166.0,0,0,0,40,88
2668173.0,0,0,0,40,88
2668173.0,0,0,0,32,96
2668188.0,0,0,0,32,96
2668188.0,0,0,0,30,98
2668213.0,0,0,0,38,90
2668380.0,0,0,0,46,82
2668449.0,0,0,0,46,82
2668449.0,0,0,0,38,90
2668607.0,0,0,0,42,86
2668613.0,0,0,0,44,84
2668638.0,0,0,0,52,76
2668964.0,0,0,0,52,76
2668964.0,0,0,0,51,77
2668994.0,0,0,0,52,76
2669028.0,0,0,0,52,76
2669028.0,0,0,0,51,77
2669042.0,0,0,0,51,77
2669042.0,0,0,0,50,78
2669119.0,0,0,0,82,46
2669150.0,0,0,0,83,45
2669168.0,0,0,0,83,45
2669168.0,0,0,0,82,46
2669197.0,0,0,0,84,44
2669204.0,0,0,0,84,44
2669204.0,0,0,0,80,48
2669226.0,0,0,0,80,48
2669226.0,0,0,0,78,50
2669322.0,0,0,0,78,50
2669322.0,0,0,18,60,50
2669463.0,0,0,18,60,50
2669463.0,0,0,18,59,51
2669483.0,0,0,18,63,47
2669486.0,0,0,18,65,45
2669487.0,0,0,18,66,44
2669491.0,0,0,18,66,44
2669491.0,0,0,18,34,76
2669495.0,0,0,18,34,76
2669495.0,0,0,18,30,80
2669564.0,0,0,18,34,76
2669723.0,0,0,18,34,76
2669723.0,0,0,20,32,76
2669744.0,0,0,20,32,76
2669744.0,0,0,20,31,77
2669766.0,0,0,20,32,76
2669792.0,0,0,20,32,76
2669792.0,0,0,30,22,76
2669832.0,0,0,30,54,44
2669840.0,0,0,30,54,44
2669840.0,0,0,30,50,48
2670449.0,0,0,30,50,48
2670449.0,0,0,30,49,49
2670507.0,0,0,30,50,48
2670523.0,0,0,30,50,48
2670523.0,0,0,30,49,49
2670546.0,0,0,30,50,48
2670554.0,0,0,30,50,48
2670554.0,0,0,30,46,52
2670580.0,0,0,30,46,52
2670580.0,0,0,30,44,54
2670775.0,0,0,30,48,50
2670778.0,0,0,30,50,48
2670802.0,0,0,30,50,48
2670802.0,0,0,30,42,56
2670957.0,0,0,30,50,48
2670961.0,0,0,30,54,44
2670966.0,0,0,30,54,44
2670966.0,0,0,30,50,48
2671036.0,0,0,30,50,48
2671036.0,0,0,30,49,49
2671105.0,0,0,30,50,48
2671160.0,0,0,30,50,48
2671160.0,0,0,30,49,49
2671168.0,0,0,30,49,49
2671168.0,0,0,30,17,81
2671196.0,0,0,30,18,80
2671297.0,0,0,30,18,80
2671297.0,0,0,30,17,81
2671420.0,0,0,30,21,77
2671496.0,0,0,30,22,76
2671553.0,0,0,30,22,76
2671553.0,0,0,30,21,77
2671559.0,0,0,30,29,69
2671560.0,0,0,30,29,69
2671593.0,0,0,30,29,69
2671596.0,0,0,30,61,37
2671667.0,0,0,30,61,37
2671667.0,0,0,30,60,38
2671670.0,0,0,30,61,37
2671676.0,0,0,30,61,37
2671676.0,0,0,30,60,38
2671709.0,0,0,30,61,37
2671720.0,0,0,30,61,37
2671720.0,0,0,30,57,41
2671744.0,0,0,30,61,37
2671756.0,0,0,30,61,37
2671756.0,0,0,30,57,41
2671794.0,0,0,30,61,37
2671800.0,0,0,30,62,36
2671953.0,0,0,30,62,36
2671953.0,0,0,30,58,40
2671980.0,0,0,30,58,40
2672022.0,18,0,12,58,40
2672057.0,18,0,12,58,40
2672057.0,18,0,12,57,41
2672179.0,18,0,12,58,40
2672280.0,18,0,12,58,40
2672280.0,18,0,12,57,41
2672320.0,18,0,12,89,9
2672334.0,18,0,12,93,5
2672343.0,18,0,12,93,5
2672343.0,18,0,12,92,6
2672354.0,18,0,12,93,5
2672378.0,18,0,12,94,4
2672383.0,18,0,12,94,4
2672383.0,18,0,12,90,8
2672423.0,20,0,10,90,8
2672423.0,18,2,10,90,8
2672458.0,18,2,10,94,4
2672492.0,28,2,0,94,4
2672492.0,18,12,0,94,4
2672826.0,18,12,0,94,4
2672826.0,18,12,0,86,12
2672963.0,18,12,0,94,4
2672973.0,18,12,0,94,4
2672973.0,18,12,0,86,12
2673031.0,18,12,0,86,12
2673031.0,18,12,0,85,13
2673150.0,18,12,0,86,12
2673386.0,18,12,0,94,4
2673527.0,18,12,0,94,4
2673527.0,18,12,0,86,12
2673552.0,18,12,0,94,4
2673602.0,18,12,0,94,4
2673602.0,18,12,0,86,12
2673633.0,18,12,0,94,4
2673895.0,18,12,0,94,4
2673895.0,18,12,0,93,5
2673899.0,18,12,0,94,4
2673978.0,18,12,0,94,4
2673978.0,18,12,0,93,5
2673981.0,18,12,0,93,5
2673981.0,18,12,0,77,21
2673983.0,18,12,0,77,21
2673983.0,18,12,0,45,53
2674023.0,18,12,0,46,52
2674108.0,18,12,0,46,52
2674108.0,18,12,0,38,60
2674129.0,18,12,0,46,52
2674170.0,18,12,0,46,52
2674170.0,18,12,0,45,53
2674179.0,18,12,0,61,37
2674223.0,18,10,0,64,36
2674223.0,18,10,0,56,44
2674240.0,18,10,0,56,44
2674240.0,18,10,0,55,45
2674264.0,18,10,0,56,44
2674269.0,18,10,0,56,44
2674269.0,18,10,0,52,48
2674292.0,18,0,0,62,48
2674292.0,18,0,0,30,80
2674293.0,18,0,0,30,80
2674293.0,18,0,0,28,82
2674298.0,18,0,0,28,82
2674298.0,18,0,0,24,86
2674373.0,18,0,0,28,82
2674385.0,18,0,0,28,82
2674385.0,18,0,0,20,90
2674482.0,18,0,0,20,90
2674482.0,18,0,0,19,91
2674485.0,18,0,0,23,87
2674487.0,18,0,0,24,86
2674488.0,18,0,0,26,84
2674746.0,18,0,0,34,76
2674788.0,18,0,0,34,76
2674788.0,18,0,0,33,77
2674801.0,18,0,0,33,77
2674801.0,18,0,0,29,81
2674838.0,18,0,0,30,80
2674855.0,18,0,0,30,80
2674855.0,18,0,0,29,81
2674884.0,18,0,0,30,80
2674896.0,18,0,0,30,80
2674896.0,18,0,0,26,84
2674925.0,18,0,0,26,84
2674925.0,18,0,0,24,86
2675102.0,18,0,0,28,82
2675105.0,18,0,0,32,78
2675107.0,18,0,0,34,76
2675138.0,18,0,0,66,44
2675159.0,18,0,0,66,44
2675159.0,18,0,1,65,44
2675196.0,18,0,1,65,44
2675196.0,18,0,10,56,44
2675254.0,18,0,10,56,44
2675254.0,18,0,10,52,48
2675265.0,18,0,10,52,48
2675265.0,18,0,10,50,50
2675310.0,18,0,10,52,48
2675314.0,18,0,10,56,44
2675713.0,18,0,10,56,44
2675713.0,18,0,10,52,48
2675906.0,18,0,10,56,44
2675964.0,18,0,10,56,44
2675964.0,18,0,10,52,48
2675984.0,18,0,10,56,44
2676428.0,18,0,10,56,44
2676428.0,18,0,10,52,48
2676566.0,18,0,10,56,44
2676569.0,18,0,10,56,44
2676569.0,18,0,10,52,48
2677022.0,18,0,10,56,44
2677025.0,18,0,10,56,44
2677025.0,18,0,10,52,48
2677044.0,18,0,10,52,48
2677044.0,18,0,10,50,50
2677071.0,18,0,10,52,48
2677080.0,18,0,10,56,44
2677136.0,18,0,10,56,44
2677136.0,18,0,10,52,48
2677352.0,18,0,10,52,48
2677352.0,18,0,10,50,50
2677387.0,18,0,10,52,48
2677581.0,18,0,10,56,44
2677583.0,18,0,10,56,44
2677583.0,18,0,10,52,48
2677617.0,18,0,10,52,48
2677617.0,18,0,10,50,50
2677639.0,18,0,10,54,46
2677650.0,18,0,10,56,44
2677725.0,18,0,10,56,44
2677725.0,18,0,10,48,52
2677729.0,18,0,10,48,52
2677729.0,18,0,17,41,52
2677779.0,18,0,17,41,52
2677779.0,18,0,19,39,52
2677837.0,18,0,19,47,44
2677859.0,19,0,18,47,44
2677864.0,19,0,18,47,44
2677864.0,19,0,18,46,45
2677883.0,19,0,18,47,44
2677892.0,19,0,18,47,44
2677892.0,19,0,18,43,48
2677896.0,28,0,9,43,48
2677943.0,28,0,9,43,48
2677943.0,28,0,9,35,56
2677951.0,28,0,9,39,52
2677959.0,28,0,9,39,52
2678004.0,28,0,9,47,44
2678066.0,28,0,9,47,44
2678066.0,28,0,9,45,46
2678087.0,28,0,9,45,46
2678110.0,28,0,9,47,44
2678381.0,28,0,9,47,44
2678381.0,28,0,9,46,45
2678396.0,28,0,9,47,44
2678399.0,28,0,9,47,44
2678399.0,28,0,9,43,48
2678429.0,28,0,9,43,48
2678429.0,28,0,9,41,50
2678481.0,28,0,9,43,48
2678559.0,28,0,9,47,44
2678581.0,28,0,9,47,44
2678581.0,28,0,9,46,45
2678600.0,28,0,9,47,44
2678687.0,28,0,9,47,44
2678687.0,28,0,9,43,48
2678738.0,28,0,9,43,48
2678738.0,28,0,18,34,48
2678745.0,28,0,18,38,44
2678802.0,28,0,18,38,44
2678802.0,28,0,18,36,46
2678836.0,28,0,18,38,44
2678996.0,28,0,18,42,40
2679053.0,28,0,18,42,40
2679053.0,28,0,18,40,42
2679086.0,28,0,18,42,40
2679109.0,28,0,18,42,40
2679109.0,28,0,18,38,44
2679131.0,28,0,18,38,44
2679131.0,28,0,18,36,46
2679227.0,28,0,18,36,46
2679227.0,28,0,18,35,47
2679297.0,28,0,18,36,46
2679337.0,28,0,18,36,46
2679337.0,28,0,18,34,48
2679377.0,28,0,18,36,46
2679386.0,28,0,18,42,40
2679403.0,28,0,18,42,40
2679403.0,28,0,18,38,44
2679424.0,28,0,18,38,44
2679424.0,28,0,18,36,46
2679545.0,28,0,18,36,46
2679545.0,28,0,18,34,48
2679595.0,28,0,18,34,48
2679595.0,28,0,18,33,49
2679608.0,28,0,18,34,48
2679619.0,28,0,18,34,48
2679619.0,28,0,18,30,52
2679630.0,28,0,18,32,50
2679724.0,28,0,18,36,46
2679739.0,28,0,18,44,38
2679822.0,28,0,18,50,32
2679840.0,28,0,18,82,0
2679908.0,28,0,18,82,0
2679908.0,28,0,18,78,4
2679973.0,28,0,18,78,4
2679973.0,28,0,18,74,8
2679979.0,28,0,18,78,4
2680047.0,28,0,18,78,4
2680047.0,28,0,18,76,6
2680049.0,28,0,18,76,6
2680049.0,28,0,18,72,10
2680074.0,28,0,18,72,10
2680074.0,28,0,18,70,12
2680108.0,28,0,18,72,10
2680218.0,28,0,18,76,6
2680222.0,28,0,18,76,6
2680222.0,28,0,18,72,10
2680261.0,28,0,18,72,10
2680261.0,28,0,18,40,42
2680296.0,28,0,18,40,42
2680296.0,28,0,18,38,44
2680332.0,28,0,18,42,40
2680339.0,28,0,18,46,36
2680340.0,28,0,18,48,34
2680384.0,28,0,18,50,32
2680429.0,35,0,11,50,32
2680462.0,35,0,11,50,32
2680462.0,35,0,11,49,33
2680479.0,37,0,9,49,33
2680479.0,35,2,9,49,33
2680500.0,35,2,9,50,32
2680517.0,35,2,9,50,32
2680517.0,35,2,9,49,33
2680535.0,35,2,9,50,32
2680540.0,35,2,9,50,32
2680540.0,35,2,9,46,36
2680551.0,35,2,9,78,4
2680561.0,35,2,9,78,4
2680561.0,35,2,9,76,6
2680640.0,35,2,9,80,2
2680642.0,35,2,9,82,0
2681050.0,35,2,9,82,0
2681050.0,35,2,9,78,4
2681056.0,35,2,9,78,4
2681056.0,35,2,9,62,20
2681115.0,35,2,9,66,16
2681141.0,35,2,9,82,0
2681212.0,35,2,9,82,0
2681212.0,35,2,9,74,8
2681242.0,35,2,9,82,0
2681283.0,35,2,9,82,0
2681283.0,35,2,9,74,8
2681316.0,35,2,9,82,0
2681322.0,35,2,9,82,0
2681322.0,35,2,9,74,8
2681393.0,35,2,9,74,8
2681393.0,35,2,9,66,16
2681429.0,35,2,9,74,8
2681438.0,44,2,0,74,8
2681441.0,44,2,0,74,8
2681441.0,44,2,0,73,9
2681456.0,44,2,0,74,8
2681473.0,44,2,0,74,8
2681473.0,44,2,0,66,16
2681514.0,44,2,0,74,8
2681519.0,44,2,0,74,8
2681519.0,44,2,0,73,9
2681526.0,44,2,0,73,9
2681526.0,44,2,0,65,17
2681544.0,44,2,0,66,16
2681603.0,44,2,0,74,8
2681604.0,44,2,0,74,8
2681614.0,44,2,0,82,0
2681648.0,44,2,0,82,0
2681648.0,44,2,0,50,32
2681664.0,44,2,0,50,32
2681664.0,44,2,0,46,36
2681672.0,44,2,0,46,36
2681672.0,44,2,0,38,44
2681725.0,44,2,0,46,36
2681792.0,44,2,0,50,32
2681839.0,44,2,0,50,32
2681839.0,0,46,0,50,32
2681856.0,0,46,0,82,0
2681957.0,0,46,0,82,0
2681957.0,0,46,0,81,1
2681965.0,0,46,0,81,1
2681998.0,0,46,0,82,0
2681998.0,0,46,0,50,32
2682056.0,0,46,0,50,32
2682116.0,0,46,0,50,32
2682138.0,0,46,0,50,32
2682167.0,0,46,0,82,0
2682167.0,0,46,0,75,7
2682201.0,0,46,0,75,7
2682201.0,0,46,0,67,15
2682219.0,0,46,0,68,14
2682279.0,0,44,0,78,6
2682279.0,0,44,0,46,38
2682364.0,0,44,0,78,6
2682446.0,0,44,0,78,6
2682446.0,0,44,0,70,14
2682568.0,0,44,0,78,6
2682585.0,0,44,0,78,6
2682585.0,0,44,0,70,14
2682716.0,0,44,0,78,6
2682881.0,0,44,0,78,6
2682881.0,0,44,0,70,14
2682896.0,0,44,0,78,6
2682897.0,0,44,0,78,6
2682897.0,0,44,0,70,14
2682938.0,0,44,0,70,14
2682938.0,0,44,0,68,16
2682980.0,0,44,0,70,14
2683024.0,0,44,0,78,6
2683111.0,0,44,0,78,6
2683111.0,0,44,0,46,38
2683131.0,0,44,0,78,6
2683230.0,0,44,0,78,6
2683240.0,0,44,0,78,6
2683240.0,0,44,0,76,8
2683280.0,0,44,0,78,6
2683324.0,0,44,0,78,6
2683339.0,0,44,0,78,6
2683574.0,0,44,0,78,6
2683574.0,0,44,0,76,8
2683639.0,0,0,0,120,8
2683639.0,0,0,0,56,72
2683641.0,0,0,0,58,70
2684031.0,0,0,0,58,70
2684031.0,0,0,0,50,78
2684245.0,0,0,0,50,78
2684245.0,0,0,0,48,80
2684290.0,0,0,0,50,78
2684406.0,0,0,0,58,70
2684433.0,0,0,0,58,70
2684433.0,0,0,0,50,78
2684461.0,0,0,0,50,78
2684461.0,0,0,0,48,80
2684493.0,0,0,0,48,80
2684493.0,0,0,0,32,96
2684513.0,0,0,0,34,94
2684521.0,0,0,0,50,78
2684629.0,0,0,0,58,70
2684646.0,0,0,0,58,70
2684646.0,0,0,0,50,78
2684768.0,0,0,0,50,78
2684768.0,0,0,0,48,80
2684778.0,0,0,0,48,80
2684778.0,0,0,0,32,96
2684849.0,0,0,0,32,96
2684849.0,0,0,0,0,128
2684851.0,0,0,0,2,126
2684947.0,0,0,0,10,118
2684987.0,0,0,0,42,86
2685024.0,0,0,0,42,86
2685024.0,0,0,0,41,87
2685044.0,0,0,0,42,86
2685064.0,0,0,0,42,86
2685064.0,0,0,0,40,88
2685068.0,0,0,0,40,88
2685068.0,0,0,0,8,120
2685146.0,0,0,0,10,118
2685165.0,0,0,0,26,102
2685211.0,0,0,0,26,102
2685211.0,0,0,0,18,110
2685219.0,0,0,0,50,78
2685254.0,0,0,0,58,70
2685288.0,0,0,0,58,70
2685288.0,0,0,0,50,78
2685294.0,0,0,0,50,78
2685294.0,0,0,0,34,94
2685326.0,0,0,0,50,78
2685362.0,0,0,0,52,76
2685382.0,0,0,0,56,72
2685456.0,0,0,0,56,72
2685543.0,0,0,0,56,72
2685543.0,0,0,0,54,74
2685564.0,0,0,0,56,72
2685621.0,0,0,0,56,72
2685621.0,0,0,0,54,74
2685642.0,0,0,0,56,72
2685699.0,0,0,0,56,72
2685699.0,0,0,0,40,88
2685710.0,0,0,0,56,72
2685767.0,0,0,0,56,72
2685768.0,0,0,0,56,72
2685768.0,0,0,0,40,88
2685780.0,0,0,0,56,72
2685811.0,0,0,0,56,72
2685811.0,0,0,0,54,74
2685832.0,0,0,0,56,72
2685861.0,0,0,0,56,72
2685861.0,0,0,0,40,88
2685863.0,0,0,0,56,72
2685873.0,0,0,0,56,72
2685873.0,0,0,0,40,88
2685874.0,0,0,0,40,88
2685874.0,0,0,0,8,120
2685893.0,0,0,0,24,104
2685915.0,0,0,0,24,104
2685915.0,0,0,0,16,112
2686019.0,0,0,0,16,112
2686027.0,0,0,0,16,112
2686131.0,0,0,0,16,112
2686161.0,0,0,0,16,112
2686273.0,0,0,0,80,48
2686273.0,0,0,0,28,100
2686302.0,0,0,0,30,98
2686311.0,0,0,0,32,96
2686330.0,0,0,0,48,80
2686352.0,0,0,0,48,80
2686352.0,0,0,0,32,96
2686373.0,0,0,0,48,80
2686387.0,0,0,0,48,80
2686387.0,0,0,0,32,96
2686411.0,0,0,0,48,80
2686420.0,0,0,0,48,80
2686420.0,0,0,0,16,112
2686456.0,0,0,0,48,80
2686487.0,0,0,0,48,80
2686487.0,0,0,0,16,112
2686525.0,0,0,0,48,80
2686544.0,0,0,0,80,48
2686559.0,0,0,0,80,48
2686559.0,0,0,0,48,80
2686601.0,0,0,0,80,48
2686637.0,0,0,0,80,48
2686637.0,0,0,0,48,80
2686655.0,0,0,0,48,80
2686655.0,0,0,0,32,96
2686687.0,0,0,0,64,64
2686785.0,0,0,0,64,64
2686785.0,0,0,0,32,96
2686793.0,0,0,0,64,64
2686809.0,0,0,0,80,48
2686823.0,0,0,0,80,48
2686823.0,0,0,0,48,80
2686885.0,0,0,0,48,80
2686885.0,0,0,0,47,81
2686891.0,0,0,0,79,49
2686975.0,0,0,0,79,49
2686975.0,0,0,0,15,113
2686978.0,0,0,0,16,112
2687015.0,0,0,0,16,112
2687015.0,0,0,0,15,113
2687046.0,0,0,0,16,112
2687056.0,0,0,0,16,112
2687056.0,0,0,0,12,116
2687057.0,0,0,0,76,52
2687086.0,0,0,0,76,52
2687086.0,0,0,0,74,54
2687101.0,0,0,0,74,54
2687101.0,0,0,0,42,86
2687511.0,0,0,0,50,78
2687558.0,0,0,0,50,78
2687558.0,0,0,0,42,86
2687620.0,0,0,0,50,78
2687687.0,0,0,0,50,78
2687687.0,0,0,0,42,86
2687744.0,0,0,0,50,78
2687866.0,0,0,0,82,46
2687964.0,0,0,0,82,46
2687964.0,0,0,0,80,48
2687985.0,0,0,0,82,46
2688025.0,0,0,0,82,46
2688025.0,0,0,0,80,48
2688101.0,0,0,0,80,48
2688101.0,0,0,0,79,49
2688103.0,0,0,0,79,49
2688103.0,0,0,0,63,65
2688264.0,0,0,0,79,49
2688302.0,0,0,0,81,47
2688451.0,0,0,0,81,47
2688453.0,0,0,0,81,47
2688453.0,0,0,0,73,55
2688495.0,0,0,0,81,47
2688587.0,0,0,0,81,47
2688747.0,0,0,0,81,47
2688747.0,0,0,0,17,111
2688779.0,0,0,0,81,47
2688788.0,0,0,0,81,47
2688788.0,0,0,0,17,111
2688828.0,0,0,0,17,111
2688828.0,0,0,0,15,113
2688832.0,0,0,0,79,49
2688937.0,0,0,0,81,47
2689051.0,0,0,0,81,47
2689051.0,0,0,0,49,79
2689091.0,0,0,0,81,47
2689103.0,0,0,0,81,47
2689103.0,0,0,0,80,48
2689133.0,0,0,0,86,42
2689206.0,0,0,0,87,41
2689326.0,0,0,0,87,41
2689326.0,0,0,0,85,43
2689381.0,0,0,0,87,41
2689466.0,0,0,0,87,41
2689466.0,0,0,0,86,42
2689476.0,0,0,0,86,42
2689476.0,0,0,0,70,58
2689548.0,0,0,0,71,57
2689592.0,0,0,0,87,41
2689614.0,0,0,0,87,41
2689614.0,0,0,0,71,57
2689654.0,0,0,0,71,57
2689654.0,0,0,0,63,65
2689690.0,0,0,0,79,49
2689701.0,0,0,0,79,49
2689701.0,0,0,0,77,51
2689708.0,0,0,0,77,51
2689708.0,0,0,0,61,67
2689831.0,0,0,0,77,51
2689843.0,0,0,0,77,51
2689843.0,0,0,0,61,67
2689873.0,0,0,0,61,67
2689873.0,0,0,12,49,67
2689901.0,0,0,12,65,51
2689918.0,0,0,12,65,51
2689918.0,0,0,12,49,67
2689940.0,0,0,12,51,65
2690043.0,0,0,12,67,49
2690045.0,0,0,12,67,49
2690045.0,0,0,12,65,51
2690080.0,0,0,12,65,51
2690080.0,0,0,12,64,52
2690085.0,0,0,12,66,50
2690119.0,0,0,12,67,49
2690131.0,0,0,12,67,49
2690131.0,0,0,12,66,50
2690150.0,0,0,12,67,49
2690157.0,0,0,12,67,49
2690157.0,0,0,12,63,53
2690178.0,0,0,12,63,53
2690178.0,0,0,12,61,55
2690272.0,0,0,12,69,47
2690324.0,0,0,12,69,47
2690324.0,0,0,12,67,49
2690384.0,0,0,12,67,49
2690384.0,0,0,12,59,57
2690422.0,0,0,12,67,49
2690473.0,0,0,12,67,49
2690473.0,0,0,12,59,57
2690482.0,0,0,12,67,49
2690544.0,0,0,12,69,47
2690545.0,0,0,12,69,47
2690545.0,0,0,12,67,49
2690572.0,0,0,12,69,47
2690573.0,0,0,12,69,47
2690573.0,0,0,12,61,55
2690611.0,0,0,12,61,55
2690611.0,0,0,12,59,57
2690657.0,0,0,12,59,57
2690657.0,0,0,15,56,57
2690689.0,0,0,15,64,49
2690804.0,0,0,15,64,49
2690804.0,0,0,15,56,57
2690829.0,0,0,15,58,55
2690883.0,0,0,15,58,55
2690883.0,0,0,15,56,57
2691161.0,0,0,15,64,49
2691178.0,0,0,15,68,45
2691181.0,0,0,15,70,43
2691385.0,0,0,15,70,43
2691385.0,0,0,15,62,51
2691400.0,0,0,15,94,19
2691403.0,0,0,15,102,11
2691524.0,0,0,15,110,3
2691536.0,0,0,15,110,3
2691536.0,0,0,15,102,11
2691579.0,0,0,15,102,11
2691579.0,0,0,15,101,12
2691596.0,0,0,15,102,11
2691605.0,0,0,15,110,3
2691628.0,0,0,15,112,1
2691636.0,0,0,15,112,1
2691636.0,0,0,15,96,17
2691682.0,0,0,15,96,17
2691682.0,0,0,15,94,19
2691704.0,0,0,15,94,19
2691704.0,0,0,15,93,20
2691711.0,0,0,15,95,18
2691743.0,0,0,15,95,18
2691743.0,0,0,15,93,20
2691785.0,0,0,15,93,20
2691785.0,0,0,15,85,28
2691814.0,0,0,15,93,20
2691868.0,0,0,15,93,20
2691868.0,0,0,15,85,28
2691873.0,0,0,15,87,26
2691896.0,0,0,15,95,18
2691919.0,0,0,15,95,18
2691919.0,0,0,15,93,20
2691933.0,0,0,15,93,20
2691933.0,0,0,15,85,28
2691947.0,0,0,15,87,26
2691962.0,0,0,15,95,18
2692038.0,0,0,15,95,18
2692038.0,0,0,15,93,20
2692115.0,0,0,15,95,18
2692320.0,0,0,15,111,2
2692336.0,0,0,15,111,2
2692336.0,0,0,15,109,4
2692379.0,0,0,15,111,2
2692432.0,0,0,15,111,2
2692432.0,0,0,47,79,2
2692537.0,0,0,47,79,2
2692537.0,0,0,49,77,2
2692573.0,12,0,37,77,2
2692691.0,12,0,37,77,2
2692691.0,12,0,45,69,2
2692733.0,12,0,45,69,2
2692733.0,12,0,49,65,2
2692822.0,12,0,49,65,2
2692822.0,12,0,49,63,4
2693080.0,12,0,49,65,2
2693116.0,12,0,49,66,1
2693124.0,12,0,49,66,1
2693124.0,12,0,49,64,3
2693131.0,12,0,49,64,3
2693131.0,12,0,49,63,4
2693204.0,12,0,49,64,3
2693205.0,12,0,49,66,1
2693206.0,12,0,49,66,1
2693206.0,12,0,49,65,2
2693247.0,12,0,49,65,2
2693247.0,12,0,49,63,4
2693251.0,12,0,49,63,4
2693299.0,12,0,49,65,2
2693320.0,12,0,49,65,2
2693320.0,12,0,49,63,4
2693336.0,12,0,49,65,2
2693357.0,15,0,46,65,2
2693365.0,15,0,46,65,2
2693365.0,15,0,46,63,4
2693439.0,15,0,46,65,2
2693464.0,15,0,46,65,2
2693464.0,15,0,46,63,4
2693486.0,15,0,46,64,3
2693509.0,15,0,46,66,1
2693529.0,15,0,46,66,1
2693529.0,15,0,46,65,2
2693607.0,15,0,46,65,2
2693607.0,15,0,46,63,4
2693643.0,15,0,46,63,4
2693650.0,15,0,46,65,2
2693672.0,15,0,46,67,0
2694088.0,15,0,46,67,0
2694248.0,15,0,46,67,0
2694450.0,15,0,46,67,0
2694479.0,15,0,46,67,0
2694643.0,15,0,46,67,0
2694696.0,15,0,46,67,0
2694696.0,7,8,46,67,0
2694768.0,7,8,46,67,0
2695090.0,7,8,46,67,0
2695132.0,39,8,14,67,0
2695132.0,7,40,14,67,0
2695165.0,7,40,14,67,0
2695194.0,7,40,14,67,0
2695225.0,7,40,14,67,0
2695237.0,9,40,12,67,0
2695237.0,7,42,12,67,0
2695391.0,15,42,4,67,0
2695391.0,7,50,4,67,0
2695433.0,11,50,0,67,0
2695433.0,7,54,0,67,0
2695448.0,7,54,0,67,0
2695578.0,7,54,0,67,0
2695704.0,7,54,0,67,0
2696496.0,7,46,0,75,0
2696741.0,7,46,0,75,0
2696746.0,7,46,0,75,0
2696823.0,7,46,0,75,0
2696899.0,7,46,0,75,0
2696932.0,7,14,0,107,0
2696932.0,7,14,0,90,17
2696936.0,7,14,0,90,17
2697037.0,7,12,0,92,17
2697039.0,7,12,0,92,17
2697086.0,7,12,0,92,17
2697109.0,7,12,0,92,17
2697128.0,7,12,0,92,17
2697191.0,7,4,0,100,17
2697191.0,7,4,0,20,97
2697233.0,7,0,0,24,97
2697233.0,7,0,0,0,121
2697250.0,7,0,0,0,121
2697281.0,7,0,0,0,121
2697366.0,7,0,0,64,57
2697366.0,7,0,0,4,117
2697369.0,7,0,0,36,85
2697369.0,7,0,0,4,117
2697372.0,7,0,0,36,85
2697372.0,7,0,0,4,117
2697373.0,7,0,0,20,101
2697373.0,7,0,0,4,117
2697375.0,7,0,0,20,101
2697375.0,7,0,0,4,117
2697417.0,7,0,0,20,101
2697417.0,7,0,0,2,119
2697423.0,7,0,0,18,103
2697479.0,7,0,0,34,87
2697497.0,7,0,0,35,86
2697499.0,7,0,0,36,85
2697556.0,7,0,0,52,69
2697688.0,7,0,0,52,69
2697688.0,7,0,0,51,70
2697691.0,7,0,0,52,69
2697703.0,7,0,0,52,69
2697740.0,7,0,0,68,53
2697740.0,7,0,0,4,117
2697777.0,7,0,0,4,117
2697777.0,7,0,0,3,118
2697805.0,7,0,0,4,117
2697844.0,7,0,0,12,109
2697846.0,7,0,0,16,105
2697901.0,7,0,0,80,41
2697963.0,7,0,0,80,41
2697963.0,7,0,0,16,105
2697981.0,7,0,0,24,97
2698010.0,7,0,0,32,89
2698028.0,7,0,0,32,89
2698028.0,7,0,0,31,90
2698076.0,7,0,0,32,89
2698123.0,7,0,0,96,25
2698158.0,7,0,0,97,24
2698166.0,7,0,0,97,24
2698166.0,7,0,0,96,25
2698210.0,7,0,0,97,24
2698234.0,7,0,0,97,24
2698234.0,7,0,0,96,25
2698242.0,7,0,0,112,9
2698283.0,7,0,0,113,8
2698317.0,7,0,0,113,8
2698317.0,7,0,0,112,9
2698396.0,7,0,0,113,8
2698432.0,7,0,0,113,8
2698432.0,7,0,0,112,9
2698502.0,7,0,0,113,8
2698808.0,7,0,0,121,0
2698880.0,7,0,0,121,0
2698880.0,7,0,0,119,2
2698927.0,7,0,0,121,0
2698975.0,7,0,0,121,0
2698975.0,7,0,0,120,1
2698995.0,7,0,0,121,0
2699032.0,7,0,0,121,0
2699032.0,7,0,0,120,1
2699082.0,7,0,0,120,1
2699082.0,7,0,0,119,2
2699106.0,7,0,0,120,1
2699110.0,7,0,0,120,1
2699110.0,7,0,0,104,17
2699128.0,7,0,0,105,16
2699140.0,7,0,0,105,16
2699140.0,7,0,0,101,20
2699161.0,7,0,0,101,20
2699161.0,7,0,0,99,22
2699288.0,7,0,0,99,22
2699288.0,7,0,0,67,54
2699312.0,7,0,0,67,54
2699312.0,7,0,0,59,62
2700155.0,7,0,0,59,62
2700155.0,7,0,0,58,63
2700203.0,7,0,0,62,59
2700206.0,7,0,0,64,57
2700240.0,7,0,0,65,56
2700340.0,7,0,0,65,56
2700340.0,7,0,0,64,57
2700423.0,7,0,0,65,56
2700452.0,7,0,0,65,56
2700452.0,7,0,0,63,58
2700505.0,7,0,0,65,56
2700524.0,7,0,0,65,56
2700524.0,7,0,0,64,57
2700574.0,7,0,0,64,57
2700574.0,7,0,0,62,59
2700632.0,7,0,0,64,57
2700642.0,7,0,0,65,56
2700665.0,7,0,0,65,56
2700665.0,7,0,0,64,57
2700700.0,7,0,0,64,57
2700700.0,7,0,0,62,59
2700757.0,7,0,0,63,58
2700771.0,7,0,0,65,56
2700783.0,7,0,0,65,56
2700783.0,7,0,0,64,57
2700805.0,7,0,0,65,56
2700812.0,7,0,0,65,56
2700812.0,7,0,0,61,60
2700820.0,7,0,0,77,44
2700824.0,7,0,0,77,44
2700824.0,7,0,0,61,60
2700834.0,7,0,0,61,60
2700834.0,7,0,0,59,62
2700835.0,7,0,0,59,62
2700835.0,7,0,0,57,64
2700898.0,7,0,0,59,62
2700925.0,7,0,0,59,62
2700925.0,7,0,0,58,63
2700938.0,7,0,0,59,62
2700951.0,7,0,0,75,46
2700964.0,7,0,0,75,46
2700964.0,7,0,0,59,62
2700966.0,7,0,0,59,62
2701002.0,7,0,0,59,62
2701002.0,7,0,0,57,64
2701017.0,7,0,0,57,64
2701017.0,7,0,2,55,64
2701021.0,7,0,2,57,62
2701051.0,7,0,2,57,62
2701051.0,7,0,2,53,66
2701057.0,7,0,2,57,62
2701087.0,7,0,2,57,62
2701087.0,7,0,2,49,70
2701096.0,7,0,2,57,62
2701097.0,7,0,2,57,62
2701097.0,7,0,3,56,62
2701155.0,7,0,3,56,62
2701155.0,7,0,3,55,63
2701159.0,7,0,3,55,63
2701159.0,7,0,3,51,67
2701177.0,7,0,3,52,66
2701217.0,7,0,3,56,62
2701405.0,7,0,3,56,62
2701405.0,7,0,4,55,62
2701501.0,7,0,4,55,62
2701501.0,7,0,16,43,62
2701610.0,7,0,16,43,62
2701610.0,7,0,24,35,62
2701723.0,7,0,24,35,62
2701723.0,7,0,32,27,62
2701758.0,7,0,32,27,62
2701758.0,7,0,33,26,62
2701842.0,7,0,33,26,62
2701842.0,7,0,49,10,62
2702408.0,7,0,49,10,62
2702408.0,7,0,51,8,62
2702889.0,7,0,51,12,58
2702893.0,7,0,51,14,56
2703081.0,7,0,51,14,56
2703081.0,7,0,51,13,57
2703119.0,7,0,51,14,56
2703142.0,7,0,51,14,56
2703142.0,7,0,51,10,60
2703273.0,7,0,51,14,56
2703492.0,7,0,51,14,56
2703492.0,7,0,51,10,60
2703533.0,7,0,51,10,60
2703533.0,7,0,51,9,61
2703660.0,7,0,51,10,60
2703717.0,9,0,49,10,60
2703738.0,9,0,49,14,56
2703781.0,9,0,49,14,56
2703781.0,9,0,49,6,64
2703797.0,10,0,48,6,64
2704105.0,11,0,47,6,64
2704201.0,23,0,35,6,64
2704214.0,23,0,35,14,56
2704310.0,31,0,27,14,56
2704409.0,31,0,27,14,56
2704409.0,31,0,27,6,64
2704423.0,39,0,19,6,64
2704458.0,40,0,18,6,64
2704542.0,56,0,2,6,64
2704696.0,56,0,2,6,64
2704696.0,56,0,5,3,64
2704768.0,56,0,5,11,56
2704817.0,56,0,5,11,56
2704817.0,56,0,8,8,56
2705108.0,58,0,6,8,56
2707396.0,61,0,3,8,56
2707517.0,64,0,0,8,56
2708061.0,64,0,0,8,56
2708061.0,8,56,0,8,56
2708223.0,8,56,0,48,16
2708227.0,8,56,0,64,0
2708236.0,8,56,0,64,0
2708368.0,8,56,0,64,0
2709861.0,8,0,0,120,0
2709861.0,8,0,0,56,64
2710018.0,8,0,0,120,0
2710018.0,0,8,0,120,0
2711818.0,0,0,0,128,0
2711818.0,0,0,0,0,128
2711823.0,0,0,0,0,128
2711915.0,0,0,0,128,0
2715515.0,0,0,0,128,0
2715515.0,0,0,128,0,0
2718215.0,128,0,0,0,0
2731473.0,128,0,0,0,0
2731473.0,0,128,0,0,0
2732573.0,0,128,0,0,0
2732790.0,0,128,0,0,0
2733273.0,0,0,0,128,0
2733273.0,0,0,0,0,128
2733344.0,0,0,0,128,0
2733344.0,0,0,0,126,2
2733401.0,0,0,0,126,2
2733401.0,0,0,0,118,10
2733426.0,0,0,0,119,9
2733444.0,0,0,0,119,9
2733444.0,0,0,0,118,10
2733536.0,0,0,0,119,9
2733579.0,0,0,0,120,8
2733699.0,0,0,0,120,8
2733699.0,0,0,0,119,9
2733839.0,0,0,0,120,8
2733880.0,0,0,0,128,0
2734596.0,0,0,0,128,0
2734596.0,0,0,0,127,1
2734679.0,0,0,0,128,0
2736944.0,0,0,0,128,0
2736944.0,0,0,118,10,0
2737179.0,0,0,118,10,0
2737179.0,0,0,119,9,0
2737480.0,0,0,119,9,0
2737480.0,0,0,127,1,0
2738176.0,0,0,127,1,0
2738279.0,0,0,127,1,0
2738624.0,0,0,127,1,0
2739078.0,0,0,127,1,0
2739497.0,0,0,127,1,0
2739644.0,118,0,9,1,0
2739644.0,0,118,9,1,0
2739879.0,1,118,8,1,0
2739879.0,0,119,8,1,0
2740080.0,0,119,8,1,0
2740180.0,8,119,0,1,0
2740180.0,0,127,0,1,0
2741406.0,0,127,0,1,0
2741444.0,0,9,0,119,0
2741608.0,0,9,0,119,0
2741679.0,0,8,0,120,0
2741980.0,0,0,0,128,0
2741980.0,0,0,0,0,128
2742408.0,0,0,0,128,0
2742408.0,0,0,0,0,128
2742573.0,0,0,0,0,128
2742847.0,0,0,0,128,0
2742847.0,0,0,0,0,128
2743199.0,0,0,0,128,0
2743199.0,0,0,0,0,128
2743751.0,0,0,0,128,0
2743751.0,0,0,0,0,128
2744040.0,0,0,0,128,0
2744040.0,0,0,0,0,128
2744045.0,0,0,0,0,128
2744156.0,0,0,0,128,0
2744156.0,0,0,0,0,128
2744277.0,0,0,0,128,0
2744277.0,0,0,0,124,4
2744350.0,0,0,0,126,2
2744401.0,0,0,0,126,2
2744401.0,0,0,0,124,4
2744435.0,0,0,0,128,0
2744639.0,0,0,0,128,0
2744639.0,0,0,0,126,2
2744739.0,0,0,0,128,0
2744813.0,0,0,0,128,0
2744813.0,0,0,0,126,2
2744846.0,0,0,0,128,0
2744911.0,0,0,0,128,0
2744911.0,0,0,0,126,2
2744945.0,0,0,0,128,0
2745033.0,0,0,0,128,0
2745033.0,0,0,0,126,2
2745133.0,0,0,0,128,0
2745320.0,0,0,0,128,0
2745320.0,0,0,0,126,2
2745326.0,0,0,0,128,0
2745346.0,0,0,0,128,0
2745346.0,0,0,0,126,2
2745406.0,0,0,0,128,0
2745500.0,0,0,0,128,0
2745500.0,0,0,0,126,2
2745599.0,0,0,0,128,0
2746104.0,0,0,0,128,0
2746104.0,0,0,0,126,2
2746207.0,0,0,0,128,0
2746246.0,0,0,0,128,0
2746246.0,0,0,0,126,2
2746304.0,0,0,0,128,0
2746770.0,0,0,0,128,0
2746770.0,0,0,0,126,2
2746803.0,0,0,0,128,0
2746945.0,0,0,0,128,0
2746945.0,0,0,0,126,2
2747053.0,0,0,0,128,0
2747102.0,0,0,0,128,0
2747102.0,0,0,0,120,8
2747105.0,0,0,0,128,0
2747198.0,0,0,0,128,0
2747198.0,0,0,0,126,2
2747225.0,0,0,0,128,0
2747521.0,0,0,0,128,0
2747521.0,0,0,0,126,2
2747647.0,0,0,0,128,0
2747694.0,0,0,0,128,0
2747694.0,0,0,0,126,2
2747754.0,0,0,0,128,0
2747760.0,0,0,0,128,0
2747760.0,0,0,0,120,8
2747765.0,0,0,0,128,0
2747877.0,0,0,0,128,0
2747877.0,0,0,120,8,0
2748300.0,0,0,120,8,0
2748300.0,0,0,120,0,8
2748305.0,0,0,120,8,0
2748325.0,0,0,120,8,0
2749004.0,0,0,120,8,0
2749180.0,0,0,120,8,0
2749424.0,0,0,120,8,0
2749844.0,0,0,120,8,0
2749950.0,0,0,120,8,0
2749973.0,0,0,120,8,0
2750008.0,0,0,120,8,0
2750042.0,0,0,120,8,0
2750134.0,0,0,120,8,0
2750201.0,0,0,120,8,0
2750375.0,0,0,120,8,0
2750383.0,0,0,120,8,0
2750577.0,120,0,0,8,0
2750577.0,0,120,0,8,0
2750979.0,0,120,0,8,0
2751344.0,0,120,0,8,0
2751365.0,0,120,0,8,0
2751488.0,0,120,0,8,0
2751585.0,0,120,0,8,0
2751634.0,0,120,0,8,0
2751830.0,0,120,0,8,0
2751855.0,0,120,0,8,0
2751905.0,0,120,0,8,0
2751958.0,0,120,0,8,0
2752121.0,0,120,0,8,0
2752257.0,0,120,0,8,0
2752377.0,0,0,0,128,0
2752377.0,0,0,0,0,128
2752483.0,0,0,0,0,128
2752518.0,0,0,0,0,128
2752566.0,0,0,0,0,128
2752677.0,0,0,0,0,128
2752749.0,0,0,0,0,128
2752774.0,0,0,0,0,128
2752867.0,0,0,0,0,128
2752873.0,0,0,0,0,128
2752951.0,0,0,0,0,128
2752982.0,0,0,0,0,128
2753043.0,0,0,0,128,0
2753043.0,0,0,0,0,128
2753077.0,0,0,0,0,128
2753146.0,0,0,0,0,128
2753209.0,0,0,0,128,0
2753209.0,0,0,0,0,128
2753213.0,0,0,0,0,128
2753428.0,0,0,0,0,128
2753436.0,0,0,0,128,0
2753436.0,0,0,0,0,128
2753437.0,0,0,0,0,128
2753523.0,0,0,0,0,128
2753592.0,0,0,0,0,128
2753774.0,0,0,0,128,0
2753774.0,0,0,0,18,110
2753777.0,0,0,0,18,110
2753783.0,0,0,0,19,109
2753789.0,0,0,0,20,108
2753823.0,0,0,0,28,100
2753824.0,0,0,0,28,100
2753834.0,0,0,0,30,98
2753860.0,0,0,0,32,96
2753860.0,0,0,0,0,128
2753863.0,0,0,0,2,126
2753863.0,0,0,0,0,128
2753870.0,0,0,0,0,128
2753871.0,0,0,0,2,126
2753876.0,0,0,0,4,124
2753881.0,0,0,0,6,122
2753887.0,0,0,0,8,120
2753992.0,0,0,0,40,88
2753992.0,0,0,0,2,126
2754059.0,0,0,0,4,124
2754059.0,0,0,0,0,128
2754066.0,0,0,0,2,126
2754084.0,0,0,0,6,122
2754084.0,0,0,0,0,128
2754094.0,0,0,0,2,126
2754107.0,0,0,0,6,122
2754230.0,0,0,0,6,122
2754280.0,0,0,0,8,120
2754280.0,0,0,0,0,128
2754334.0,0,0,0,8,120
2754334.0,0,0,0,0,128
2754378.0,0,0,0,8,120
2754378.0,0,0,0,3,125
2754403.0,0,0,0,4,124
2754418.0,0,0,0,8,120
2754421.0,0,0,0,8,120
2754504.0,0,0,0,8,120
2754551.0,0,0,0,8,120
2754605.0,0,0,0,8,120
2754611.0,0,0,0,8,120
2754679.0,0,0,0,8,120
2754700.0,0,0,0,8,120
2754726.0,0,0,0,8,120
2754829.0,0,0,0,8,120
2754952.0,0,0,0,8,120
2755156.0,0,0,0,8,120
2755225.0,0,0,0,40,88
2755225.0,0,0,0,6,122
2755280.0,0,0,0,6,122
2755296.0,0,0,0,22,106
2755309.0,0,0,0,38,90
2755309.0,0,0,0,6,122
2755356.0,0,0,0,6,122
2755399.0,0,0,0,8,120
2755400.0,0,0,0,8,120
2755410.0,0,0,0,8,120
2755485.0,0,0,0,24,104
2755530.0,0,0,0,24,104
2755558.0,0,0,0,24,104
2755601.0,0,0,0,56,72
2755601.0,0,0,0,24,104
2755850.0,0,0,0,24,104
2755889.0,0,0,0,24,104
2755975.0,0,0,0,56,72
2755975.0,0,0,0,24,104
2756007.0,0,0,0,24,104
2756121.0,0,0,0,56,72
2756121.0,0,0,0,16,112
2756276.0,0,0,0,48,80
2756276.0,0,0,0,6,122
2756313.0,0,0,0,14,114
2756339.0,0,0,0,22,106
2756422.0,0,0,0,24,104
2756804.0,0,0,0,32,96
2756804.0,0,0,0,0,128
2756826.0,0,0,0,32,96
2756826.0,0,0,0,0,128
2756848.0,0,0,0,32,96
2756848.0,0,0,0,3,125
2756861.0,0,0,0,35,93
2756861.0,0,0,0,22,106
2756863.0,0,0,0,23,105
2756865.0,0,0,0,25,103
2756876.0,0,0,0,26,102
2756877.0,0,0,0,27,101
2756902.0,0,0,0,28,100
2756915.0,0,0,0,30,98
2756958.0,0,0,0,32,96
2756958.0,0,0,0,0,128
2756988.0,0,0,0,8,120
2756988.0,0,0,0,7,121
2756989.0,0,0,0,15,113
2756989.0,0,0,0,7,121
2757010.0,0,0,0,9,119
2757021.0,0,0,0,10,118
2757056.0,0,0,0,18,110
2757101.0,0,0,0,18,110
2757148.0,0,0,0,18,110
2757167.0,0,0,0,18,110
2757189.0,0,0,0,50,78
2757189.0,0,0,0,10,118
2757221.0,0,0,0,42,86
2757221.0,0,0,0,17,111
2757236.0,0,0,0,17,111
2757264.0,0,0,0,18,110
2757270.0,0,0,0,18,110
2757280.0,0,0,0,18,110
2757293.0,0,0,0,18,110
2757349.0,0,0,0,26,102
2757374.0,0,0,0,26,102
2757393.0,0,0,0,34,94
2757393.0,0,0,0,2,126
2757432.0,0,0,0,34,94
2757432.0,0,0,0,0,128
2757459.0,0,0,0,1,127
2757471.0,0,0,0,1,127
2757481.0,0,0,0,2,126
2757496.0,0,0,0,2,126
2757502.0,0,0,0,2,126
2757507.0,0,0,0,34,94
2757507.0,0,0,0,30,98
2757592.0,0,0,0,30,98
2757666.0,0,0,0,30,98
2757694.0,0,0,0,30,98
2757758.0,0,0,0,30,98
2757978.0,0,0,0,30,98
2758066.0,0,0,0,30,98
2758464.0,0,0,0,46,82
2758464.0,0,0,0,4,124
2758484.0,0,0,0,6,122
2758508.0,0,0,0,10,118
2758554.0,0,0,0,42,86
2758554.0,0,0,0,2,126
2758557.0,0,0,0,2,126
2758581.0,0,0,0,10,118
2758819.0,0,0,0,18,110
2758819.0,0,0,0,2,126
2758862.0,0,0,0,2,126
2758916.0,0,0,0,18,110
2758916.0,0,0,0,1,127
2759008.0,0,0,0,2,126
2759029.0,0,0,0,18,110
2759259.0,0,0,0,18,110
2759277.0,0,0,0,22,106
2759480.0,0,0,0,22,106
2759675.0,0,0,0,22,106
2759912.0,0,0,0,22,106
2759967.0,0,0,0,22,106
2760003.0,0,0,0,22,106
2760212.0,0,0,0,24,104
2760388.0,0,0,0,24,104
2760439.0,0,0,0,24,104
2760448.0,0,0,0,24,104
2760588.0,0,0,0,24,104
2760589.0,0,0,0,24,104
2760615.0,0,0,0,24,104
2760630.0,0,0,0,24,104
2760690.0,0,0,0,24,104
2760789.0,0,0,0,24,104
2760794.0,0,0,0,24,104
2760935.0,0,0,0,24,104
2760944.0,0,0,0,24,104
2760991.0,0,0,0,24,104
2761059.0,0,0,0,24,104
2761059.0,0,0,1,23,104
2761117.0,0,0,1,23,104
2761319.0,0,0,1,23,104
2761399.0,0,0,1,23,104
2761465.0,0,0,1,23,104
2761540.0,0,0,1,23,104
2761544.0,0,0,1,23,104
2761568.0,0,0,1,23,104
2761593.0,0,0,1,23,104
2761773.0,0,0,1,23,104
2761831.0,0,0,1,23,104
2761873.0,0,0,1,23,104
2761985.0,0,0,1,55,72
2761985.0,0,0,1,2,125
2762010.0,0,0,1,34,93
2762010.0,0,0,1,5,122
2762044.0,0,0,1,9,118
2762071.0,0,0,1,13,114
2762088.0,0,0,1,17,110
2762089.0,0,0,1,18,109
2762094.0,0,0,1,18,109
2762098.0,0,0,1,19,108
2762118.0,0,0,1,19,108
2762119.0,0,0,1,23,104
2762135.0,0,0,1,31,96
2762137.0,0,0,1,35,92
2762137.0,0,0,1,31,96
2762153.0,0,0,1,35,92
2762195.0,0,0,1,43,84
2762195.0,0,0,1,31,96
2762227.0,0,0,1,31,96
2762257.0,0,0,1,31,96
2762300.0,0,0,1,31,96
2762302.0,0,0,1,39,88
2762302.0,0,0,1,32,95
2762304.0,0,0,1,36,91
2762304.0,0,0,1,32,95
2762325.0,0,0,1,33,94
2762358.0,0,0,1,34,93
2762367.0,0,0,1,34,93
2762377.0,0,0,1,38,89
2762377.0,0,0,1,31,96
2762436.0,0,0,1,31,96
2762461.0,0,0,1,32,95
2762467.0,0,0,1,34,93
2762469.0,0,0,1,38,89
2762492.0,0,0,1,42,85
2762493.0,0,0,1,42,85
2762500.0,0,0,1,43,84
2762588.0,0,0,1,75,52
2762588.0,0,0,1,33,94
2762608.0,0,0,1,33,94
2762615.0,0,0,1,37,90
2762615.0,0,0,1,33,94
2762621.0,0,0,1,41,86
2762629.0,0,0,1,45,82
2762638.0,0,0,1,49,78
2762643.0,0,0,1,65,62
2762643.0,0,0,1,33,94
2762730.0,0,0,1,33,94
2762731.0,0,0,1,33,94
2762733.0,0,0,1,41,86
2762733.0,0,0,1,36,91
2762760.0,0,0,1,40,87
2762813.0,0,0,1,44,83
2762821.0,0,0,1,45,82
2762913.0,0,0,1,77,50
2762913.0,0,0,1,41,86
2762987.0,0,0,1,41,86
2762987.0,0,0,1,40,87
2763009.0,0,0,1,44,83
2763028.0,0,0,1,44,83
2763028.0,0,0,1,40,87
2763045.0,0,0,1,44,83
2763052.0,0,0,1,48,79
2763059.0,0,0,1,48,79
2763059.0,0,0,1,47,80
2763068.0,0,0,1,48,79
2763098.0,0,0,1,49,78
2763186.0,0,0,1,49,78
2763186.0,0,0,1,48,79
2763221.0,0,0,1,48,79
2763221.0,0,0,1,32,95
2763225.0,0,0,1,32,95
2763302.0,0,0,1,33,94
2763307.0,0,0,1,33,94
2763360.0,0,0,1,65,62
2763360.0,0,0,1,33,94
2763602.0,0,0,1,33,94
2763634.0,0,0,1,35,92
2763655.0,0,0,1,39,88
2763655.0,0,0,1,31,96
2763759.0,1,0,0,31,96
2763759.0,0,1,0,31,96
2763808.0,0,1,0,39,88
2763808.0,0,1,0,31,96
2763953.0,0,1,0,39,88
2764031.0,0,1,0,39,88
2764031.0,0,1,0,35,92
2764038.0,0,1,0,35,92
2764038.0,0,1,0,34,93
2764047.0,0,1,0,34,93
2764057.0,0,1,0,34,93
2764074.0,0,1,0,34,93
2764106.0,0,1,0,35,92
2764115.0,0,1,0,67,60
2764115.0,0,1,0,48,79
2764149.0,0,1,0,49,78
2764231.0,0,1,0,53,74
2764266.0,0,1,0,53,74
2764305.0,0,1,0,69,58
2764305.0,0,1,0,37,90
2764342.0,0,1,0,53,74
2764382.0,0,1,0,53,74
2764453.0,0,1,0,55,72
2764526.0,0,1,0,55,72
2764548.0,0,1,0,55,72
2764637.0,0,1,0,55,72
2764645.0,0,1,0,87,40
2764645.0,0,1,0,45,82
2764655.0,0,1,0,45,82
2764658.0,0,1,0,45,82
2764673.0,0,1,0,47,80
2764683.0,0,1,0,51,76
2764761.0,0,1,0,51,76
2765080.0,0,1,0,51,76
2765531.0,0,1,0,51,76
2765559.0,0,0,0,52,76
2765559.0,0,0,0,20,108
2765577.0,0,0,0,20,108
2765620.0,0,0,0,20,108
2765673.0,0,0,0,24,104
2765684.0,0,0,0,24,104
2765753.0,0,0,0,24,104
2765902.0,0,0,0,24,104
2765970.0,0,0,0,24,104
2765983.0,0,0,0,24,104
2765997.0,0,0,0,32,96
2765997.0,0,0,0,0,128
2765998.0,0,0,0,0,128
2766024.0,0,0,0,32,96
2766024.0,0,0,0,28,100
2766061.0,0,0,0,28,100
2766067.0,0,0,0,28,100
2766100.0,0,0,0,28,100
2766101.0,0,0,0,29,99
2766178.0,0,0,0,30,98
2766389.0,0,0,0,62,66
2766389.0,0,0,0,22,106
2766699.0,0,0,0,22,106
2766881.0,0,0,0,22,106
2766892.0,0,0,0,22,106
2767028.0,0,0,0,22,106
2767035.0,0,0,0,24,104
2767553.0,0,0,0,24,104
2767775.0,0,0,0,24,104
2767845.0,0,0,0,24,104
2767906.0,0,0,0,24,104
2768005.0,0,0,0,24,104
2768098.0,0,0,0,56,72
2768098.0,0,0,0,23,105
2768117.0,0,0,0,24,104
2768181.0,0,0,0,24,104
2768318.0,0,0,0,24,104
2768377.0,0,0,0,56,72
2768377.0,0,0,0,8,120
2768385.0,0,0,0,24,104
2768385.0,0,0,0,8,120
2768462.0,0,0,0,8,120
2768546.0,0,0,0,8,120
2768656.0,0,0,0,16,112
2768656.0,0,0,0,0,128
2768696.0,0,0,0,32,96
2768696.0,0,0,0,30,98
2768721.0,0,0,0,32,96
2768721.0,0,0,0,0,128
2768742.0,0,0,0,16,112
2768742.0,0,0,0,12,116
2768783.0,0,0,0,16,112
2768924.0,0,0,0,16,112
2768987.0,0,0,0,48,80
2768987.0,0,0,0,16,112
2769085.0,0,0,0,48,80
2769085.0,0,0,0,0,128
2769161.0,0,0,0,8,120
2769161.0,0,0,0,0,128
2769163.0,0,0,0,8,120
2769163.0,0,0,0,0,128
2769205.0,0,0,0,8,120
2769205.0,0,0,0,0,128
2769213.0,0,0,0,32,96
2769213.0,0,0,0,0,128
2769230.0,0,0,0,8,120
2769230.0,0,0,0,4,124
2769275.0,0,0,0,8,120
2769292.0,0,0,0,16,112
2769406.0,0,0,0,16,112
2769439.0,0,0,0,48,80
2769439.0,0,0,0,16,112
2769511.0,0,0,0,32,96
2769555.0,0,0,0,64,64
2769597.0,0,0,0,96,32
2769624.0,0,0,0,96,32
2769659.0,0,0,0,96,32
2769659.0,0,0,0,88,40
2769666.0,0,0,0,88,40
2769666.0,0,0,0,56,72
2769738.0,0,0,0,56,72
2769738.0,0,0,0,48,80
2769745.0,0,0,0,56,72
2769798.0,0,0,0,56,72
2769798.0,0,0,0,48,80
2769830.0,0,0,0,56,72
2769856.0,0,0,0,56,72
2769856.0,0,0,0,24,104
2769892.0,0,0,0,24,104
2769892.0,0,0,0,16,112
2769899.0,0,0,0,16,112
2769899.0,0,0,0,8,120
2769927.0,0,0,0,16,112
2769948.0,0,0,0,48,80
2769955.0,0,0,0,48,80
2769955.0,0,0,0,40,88
2769965.0,0,0,0,48,80
2769989.0,0,0,0,48,80
2769998.0,0,0,0,48,80
2769998.0,0,0,0,40,88
2770052.0,0,0,0,48,80
2770057.0,0,0,0,56,72
2770116.0,0,0,0,56,72
2770116.0,0,0,0,48,80
2770119.0,0,0,0,48,80
2770119.0,0,0,0,40,88
2770135.0,0,0,0,48,80
2770182.0,0,0,0,48,80
2770182.0,0,0,0,40,88
2770206.0,0,0,0,48,80
2770234.0,0,0,0,56,72
2770287.0,0,0,0,56,72
2770287.0,0,0,0,48,80
2770289.0,0,0,0,48,80
2770289.0,0,0,0,40,88
2770350.0,0,0,0,48,80
2770395.0,0,0,0,56,72
2770429.0,0,0,0,56,72
2770429.0,0,0,0,48,80
2770528.0,0,0,0,56,72
2770553.0,0,0,0,56,72
2770553.0,0,0,0,55,73
2770608.0,0,0,0,56,72
2770623.0,0,0,0,56,72
2770623.0,0,0,0,55,73
2770648.0,0,0,0,56,72
2770654.0,0,0,0,56,72
2770654.0,0,0,0,52,76
2770676.0,0,0,0,52,76
2770676.0,0,0,0,50,78
2770741.0,0,0,0,50,78
2770741.0,0,0,0,49,79
2770744.0,0,0,0,50,78
2770776.0,0,0,0,54,74
2770778.0,0,0,0,56,72
2771197.0,0,0,0,56,72
2771197.0,0,0,0,48,80
2771280.0,0,0,0,56,72
2771503.0,0,0,0,56,72
2771503.0,0,0,0,52,76
2771526.0,0,0,0,52,76
2771526.0,0,0,0,50,78
2771542.0,0,0,0,56,72
2771562.0,0,0,0,56,72
2771562.0,0,0,0,52,76
2771583.0,0,0,0,52,76
2771583.0,0,0,0,50,78
2771659.0,0,0,0,56,72
2771734.0,0,0,0,56,72
2771734.0,0,0,0,54,74
2771754.0,0,0,0,56,72
2771778.0,0,0,0,56,72
2771778.0,0,0,0,52,76
2771816.0,0,0,0,56,72
2771829.0,0,0,0,56,72
2771829.0,0,0,0,52,76
2771852.0,0,0,0,52,76
2771852.0,0,0,0,50,78
2771868.0,0,0,0,50,78
2771868.0,0,0,0,42,86
2771875.0,0,0,0,48,80
2771913.0,0,0,0,56,72
2771927.0,0,0,0,56,72
2771927.0,0,0,0,54,74
2771939.0,0,0,0,54,74
2771939.0,0,0,0,50,78
2771964.0,0,0,0,50,78
2771964.0,0,0,0,48,80
2771971.0,0,0,0,48,80
2771971.0,0,0,0,40,88
2771996.0,0,0,0,42,86
2772058.0,0,0,0,50,78
2772112.0,0,0,0,50,78
2772112.0,0,0,0,42,86
2772152.0,0,0,0,50,78
2772182.0,0,0,0,50,78
2772182.0,0,0,0,42,86
2772261.0,0,0,0,50,78
2772272.0,0,0,0,50,78
2772272.0,0,0,0,49,79
2772276.0,0,0,0,50,78
2772296.0,0,0,0,50,78
2772296.0,0,0,0,42,86
2772300.0,0,0,0,42,86
2772300.0,0,0,0,26,102
2772303.0,0,0,0,26,102
2772303.0,0,0,0,25,103
2772312.0,0,0,0,29,99
2772319.0,0,0,0,31,97
2772325.0,0,0,0,31,97
2772325.0,0,0,0,27,101
2772342.0,0,0,0,27,101
2772345.0,0,0,0,28,100
2772363.0,0,0,0,28,100
2772363.0,0,0,0,26,102
2772367.0,0,0,0,30,98
2772392.0,0,0,0,32,96
2772399.0,0,0,0,40,88
2772481.0,0,0,0,40,88
2772481.0,0,0,0,36,92
2772489.0,0,0,0,36,92
2772489.0,0,0,0,35,93
2772506.0,0,0,0,36,92
2772511.0,0,0,0,36,92
2772511.0,0,0,0,34,94
2772550.0,0,0,0,50,78
2772618.0,0,0,0,54,74
2772622.0,0,0,0,86,42
2772623.0,0,0,0,86,42
2772623.0,0,0,0,78,50
2772628.0,0,0,0,88,40
2772630.0,0,0,0,88,40
2772630.0,0,0,0,72,56
2772726.0,0,0,0,88,40
2772830.0,0,0,0,88,40
2772830.0,0,0,4,84,40
2772875.0,0,0,4,84,40
2772875.0,0,0,8,80,40
2772877.0,0,0,8,80,40
2772877.0,0,0,8,72,48
2772906.0,0,0,8,72,48
2772906.0,0,0,8,71,49
2772947.0,0,0,8,72,48
2772958.0,0,0,8,80,40
2772962.0,0,0,8,80,40
2772962.0,0,0,8,79,41
2772986.0,0,0,8,80,40
2772996.0,0,0,8,80,40
2772996.0,0,0,8,76,44
2773021.0,0,0,8,76,44
2773021.0,0,0,8,74,46
2773098.0,0,0,8,76,44
2773099.0,0,0,8,80,40
2773100.0,0,0,8,80,40
2773100.0,0,0,8,72,48
2773193.0,0,0,8,80,40
2773240.0,0,0,8,80,40
2773240.0,0,0,8,72,48
2773324.0,0,0,8,80,40
2773548.0,0,0,8,80,40
2773548.0,0,0,17,71,40
2773557.0,0,0,17,71,40
2773557.0,0,0,17,67,44
2773565.0,0,0,17,67,44
2773565.0,0,0,25,59,44
2773578.0,0,0,25,59,44
2773578.0,0,0,25,57,46
2773682.0,0,0,25,63,40
2773759.0,0,0,25,63,40
2773759.0,0,0,25,59,44
2773781.0,0,0,25,59,44
2773781.0,0,0,25,57,46
2773867.0,0,0,25,57,46
2773867.0,0,0,25,49,54
2774058.0,0,0,25,49,54
2774058.0,0,0,25,45,58
2774107.0,0,0,25,49,54
2774172.0,0,0,25,49,54
2774172.0,0,0,25,47,56
2774189.0,0,0,25,49,54
2774210.0,0,0,25,49,54
2774210.0,0,0,25,45,58
2774247.0,0,0,25,49,54
2774267.0,0,0,25,49,54
2774267.0,0,0,25,41,62
2774286.0,0,0,25,49,54
2774310.0,0,0,25,57,46
2774329.0,0,0,25,57,46
2774329.0,0,0,25,41,62
2774391.0,0,0,25,57,46
2774423.0,0,0,25,57,46
2774470.0,0,0,25,57,46
2774614.0,0,0,25,57,46
2774741.0,0,0,25,63,40
2774841.0,0,0,25,63,40
2774841.0,0,0,25,59,44
2774866.0,0,0,25,59,44
2774866.0,0,0,25,57,46
2774939.0,0,0,25,57,46
2775008.0,0,0,25,57,46
2775285.0,0,0,25,57,46
2775404.0,0,0,25,61,42
2775405.0,0,0,25,63,40
2775530.0,4,0,21,63,40
2775575.0,8,0,17,63,40
2775639.0,8,0,17,63,40
2775714.0,8,0,17,63,40
2775740.0,8,0,17,63,40
2775763.0,8,0,17,63,40
2775945.0,8,0,17,63,40
2776222.0,8,0,17,63,40
2776248.0,17,0,8,63,40
2776248.0,8,9,8,63,40
2776265.0,16,9,0,63,40
2776265.0,14,11,0,63,40
2776279.0,14,11,0,63,40
2776678.0,14,11,0,63,40
2776860.0,14,11,0,63,40
2777123.0,14,11,0,63,40
2777370.0,14,11,0,63,40
2777418.0,14,11,0,63,40
2777966.0,14,11,0,63,40
2778004.0,14,11,0,63,40
2778012.0,14,11,0,63,40
2778048.0,14,2,0,72,40
2778048.0,14,2,0,8,104
2778065.0,14,0,0,10,104
2778065.0,14,0,0,6,108
2778087.0,14,0,0,6,108
2778120.0,14,0,0,10,104
2778171.0,14,0,0,42,72
2778171.0,14,0,0,10,104
2778176.0,14,0,0,10,104
2778198.0,14,0,0,42,72
2778221.0,14,0,0,74,40
2778221.0,7,7,0,1,113
2778224.0,7,7,0,2,112
2778231.0,7,7,0,2,112
2778239.0,7,7,0,3,111
2778259.0,7,7,0,3,111
2778278.0,7,7,0,4,110
2778279.0,7,7,0,68,46
2778279.0,7,7,0,26,88
2778284.0,7,7,0,28,86
2778303.0,7,7,0,28,86
2778327.0,7,7,0,28,86
2778339.0,7,7,0,30,84
2778340.0,7,7,0,32,82
2778341.0,7,7,0,32,82
2778378.0,7,7,0,34,80
2778457.0,7,7,0,36,78
2778625.0,7,7,0,36,78
2778651.0,7,7,0,36,78
2778679.0,7,7,0,36,78
2778693.0,7,7,0,36,78
2779004.0,7,7,0,36,78
2779164.0,7,7,0,38,76
2779184.0,7,7,0,42,72
2779225.0,7,7,0,58,56
2779225.0,0,14,0,58,56
2779357.0,0,14,0,58,56
2779415.0,0,14,0,58,56
2779492.0,0,14,0,74,40
2779529.0,0,14,0,74,40
2779692.0,0,14,0,74,40
2779716.0,0,14,0,74,40
2779801.0,0,14,0,74,40
2779814.0,0,14,0,74,40
2779987.0,0,14,0,74,40
2780007.0,0,14,0,74,40
2780021.0,0,7,0,81,40
2780021.0,0,7,0,73,48
2780269.0,0,7,0,73,48
2780306.0,0,7,0,73,48
2780405.0,0,7,0,81,40
2780565.0,0,7,0,81,40
2780703.0,0,7,0,81,40
2780846.0,0,7,0,81,40
2780863.0,0,7,0,113,8
2780866.0,0,7,0,121,0
2780866.0,0,7,0,57,64
2780883.0,0,7,0,121,0
2780883.0,0,7,0,119,2
2780944.0,0,7,0,121,0
2780944.0,0,7,0,57,64
2780956.0,0,7,0,121,0
2780956.0,0,7,0,57,64
2780963.0,0,7,0,89,32
2780963.0,0,7,0,71,50
2780966.0,0,7,0,103,18
2780966.0,0,7,0,87,34
2780974.0,0,7,0,103,18
2780979.0,0,7,0,119,2
2781024.0,0,7,0,121,0
2781024.0,0,7,0,57,64
2781025.0,0,0,0,64,64
2781025.0,0,0,0,0,128
2781043.0,0,0,0,64,64
2781043.0,0,0,0,28,100
2781050.0,0,0,0,92,36
2781050.0,0,0,0,26,102
2781061.0,0,0,0,27,101
2781073.0,0,0,0,28,100
2781104.0,0,0,0,44,84
2781104.0,0,0,0,12,116
2781125.0,0,0,0,12,116
2781128.0,0,0,0,14,114
2781207.0,0,0,0,30,98
2781207.0,0,0,0,14,114
2781225.0,0,0,0,16,112
2781225.0,0,0,0,0,128
2781273.0,0,0,0,0,128
2781278.0,0,0,0,0,128
2781293.0,0,0,0,32,96
2781293.0,0,0,0,12,116
2781295.0,0,0,0,44,84
2781295.0,0,0,0,28,100
2781352.0,0,0,0,30,98
2781412.0,0,0,0,30,98
2781467.0,0,0,0,30,98
2781473.0,0,0,0,30,98
2781480.0,0,0,0,46,82
2781480.0,0,0,0,14,114
2781482.0,0,0,0,30,98
2781482.0,0,0,0,14,114
2781491.0,0,0,0,16,112
2781491.0,0,0,0,0,128
2781577.0,0,0,0,0,128
2781593.0,0,0,0,16,112
2781603.0,0,0,0,16,112
2781654.0,0,0,0,32,96
2781654.0,0,0,0,0,128
2781674.0,0,0,0,32,96
2781674.0,0,0,0,8,120
2781675.0,0,0,0,8,120
2781681.0,0,0,0,8,120
2781720.0,0,0,0,8,120
2781755.0,0,0,0,16,112
2781755.0,0,0,0,0,128
2781775.0,0,0,0,16,112
2781775.0,0,0,0,0,128
2781824.0,0,0,0,0,128
2781909.0,0,0,0,32,96
2781909.0,0,0,0,30,98
2781923.0,0,0,0,31,97
2781945.0,0,0,0,32,96
2781972.0,0,0,0,48,80
2781972.0,0,0,0,47,81
2781980.0,0,0,0,48,80
2781983.0,0,0,0,48,80
2781983.0,0,0,0,16,112
2782024.0,0,0,0,16,112
2782024.0,0,0,0,8,120
2782042.0,0,0,0,24,104
2782150.0,0,0,0,24,104
2782150.0,0,0,0,23,105
2782153.0,0,0,0,39,89
2782169.0,0,0,0,40,88
2782261.0,0,0,0,40,88
2782261.0,0,0,0,24,104
2782291.0,0,0,0,40,88
2782309.0,0,0,0,40,88
2782309.0,0,0,0,24,104
2782388.0,0,0,0,24,104
2782388.0,0,0,0,23,105
2782415.0,0,0,0,23,105
2782415.0,0,0,0,22,106
2782474.0,0,0,0,23,105
2782479.0,0,0,0,39,89
2782492.0,0,0,0,40,88
2782497.0,0,0,0,40,88
2782497.0,0,0,0,36,92
2782519.0,0,0,0,36,92
2782519.0,0,0,0,34,94
2782533.0,0,0,0,34,94
2782533.0,0,0,0,18,110
2782626.0,0,0,0,18,110
2782626.0,0,0,0,16,112
2782632.0,0,0,0,32,96
2782649.0,0,0,0,34,94
2782692.0,0,0,0,34,94
2782692.0,0,0,0,26,102
2782727.0,0,0,0,26,102
2782727.0,0,0,0,25,103
2782736.0,0,0,0,33,95
2782742.0,0,0,0,49,79
2782748.0,0,0,0,50,78
2782839.0,0,0,0,50,78
2782839.0,0,0,0,42,86
2782859.0,0,0,0,42,86
2782859.0,0,0,0,10,118
2782882.0,0,0,0,18,110
2782905.0,0,0,0,18,110
2782905.0,0,0,0,2,126
2782971.0,0,0,0,18,110
2783066.0,0,0,0,50,78
2783092.0,0,0,0,50,78
2783117.0,0,0,0,50,78
2783117.0,0,0,0,34,94
2783183.0,0,0,0,50,78
2783198.0,0,0,0,50,78
2783198.0,0,0,0,18,110
2783212.0,0,0,0,18,110
2783212.0,0,0,0,16,112
2783287.0,0,0,0,16,112
2783287.0,0,0,0,0,128
2783291.0,0,0,0,2,126
2783308.0,0,0,0,18,110
2783504.0,0,0,0,50,78
2783614.0,0,0,0,50,78
2783614.0,0,0,0,42,86
2783626.0,0,0,0,42,86
2783626.0,0,0,0,38,90
2783676.0,0,0,0,42,86
2783739.0,0,0,0,96,32
2784483.0,0,0,0,96,32
2784563.0,0,0,0,96,32
2784566.0,0,0,0,96,32
2784567.0,0,0,0,128,0
2784643.0,0,0,0,128,0
2784819.0,0,0,0,128,0
2784819.0,0,0,0,127,1
2784832.0,0,0,0,127,1
2784832.0,0,0,0,95,33
2784867.0,0,0,0,96,32
2784882.0,0,0,0,96,32
2784882.0,0,0,0,95,33
2784893.0,0,0,0,95,33
2784895.0,0,0,0,95,33
2784942.0,0,0,0,96,32
2784947.0,0,0,0,96,32
2784947.0,0,0,0,92,36
2784969.0,0,0,0,92,36
2784969.0,0,0,0,90,38
2785055.0,0,0,0,122,6
2785058.0,0,0,0,122,6
2785058.0,0,0,0,121,7
2785079.0,0,0,0,125,3
2785088.0,0,0,0,127,1
2785105.0,0,0,0,127,1
2785105.0,0,0,0,95,33
2785127.0,0,0,0,96,32
2785144.0,0,0,0,96,32
2785144.0,0,0,0,94,34
2785193.0,0,0,0,94,34
2785226.0,0,0,0,96,32
2785234.0,0,0,0,96,32
2785234.0,0,0,0,95,33
2785240.0,0,0,0,96,32
2785246.0,0,0,0,96,32
2785246.0,0,0,0,88,40
2785274.0,0,0,0,88,40
2785280.0,0,0,0,120,8
2785285.0,0,0,0,120,8
2785285.0,0,0,0,119,9
2785288.0,0,0,0,119,9
2785288.0,0,0,0,118,10
2785299.0,0,0,0,119,9
2785318.0,0,0,0,120,8
2785324.0,0,0,0,128,0
2785357.0,0,0,0,128,0
2785357.0,0,0,0,127,1
2785420.0,0,0,0,128,0
2785434.0,0,0,0,128,0
2785434.0,0,0,0,120,8
2785455.0,0,0,0,120,8
2785455.0,0,0,0,118,10
2785494.0,0,0,0,118,10
2785494.0,0,0,0,117,11
2785509.0,0,0,0,117,11
2785552.0,0,0,0,119,9
2785566.0,0,0,0,120,8
2785571.0,0,0,0,120,8
2785571.0,0,0,0,88,40
2785572.0,0,0,0,88,40
2785588.0,0,0,0,88,40
2785588.0,0,0,0,87,41
2785612.0,0,0,0,88,40
2785617.0,0,0,0,88,40
2785617.0,0,0,0,84,44
2785639.0,0,0,0,84,44
2785639.0,0,0,0,82,46
2785722.0,0,0,0,114,14
2785753.0,0,0,0,114,14
2785798.0,0,0,0,114,14
2785798.0,0,0,0,82,46
2785869.0,0,0,0,114,14
2785925.0,0,0,0,114,14
2785925.0,0,0,0,82,46
2786026.0,0,0,0,82,46
2786026.0,0,0,0,81,47
2786087.0,0,0,0,82,46
2786160.0,0,0,0,82,46
2786160.0,0,0,0,81,47
2786230.0,0,0,0,89,39
2786244.0,0,0,0,121,7
2786248.0,0,0,0,122,6
2786252.0,0,0,0,122,6
2786252.0,0,0,0,114,14
2786304.0,0,0,0,114,14
2786304.0,0,0,0,113,15
2786424.0,0,0,0,114,14
2786588.0,0,0,0,122,6
2786596.0,0,0,0,122,6
2786596.0,0,0,0,114,14
2786677.0,0,0,0,122,6
2786820.0,0,0,0,122,6
2786820.0,0,0,0,58,70
2786848.0,0,0,0,122,6
2786891.0,0,0,0,122,6
2786891.0,0,0,2,120,6
2786908.0,0,0,2,120,6
2786908.0,0,0,18,104,6
2786925.0,0,0,18,104,6
2786925.0,0,0,18,40,70
2787104.0,0,0,18,40,70
2787104.0,0,0,32,26,70
2787120.0,0,0,32,90,6
2787266.0,0,0,32,90,6
2787266.0,0,0,32,58,38
2787478.0,0,0,32,90,6
2787553.0,0,0,32,90,6
2787553.0,0,0,32,89,7
2787566.0,0,0,32,90,6
2787685.0,0,0,32,90,6
2787685.0,0,0,32,58,38
2787726.0,0,0,32,90,6
2787826.0,0,0,32,90,6
2787826.0,0,0,32,58,38
2787866.0,0,0,32,90,6
2787981.0,0,0,32,90,6
2787981.0,0,0,32,58,38
2788077.0,0,0,32,90,6
2788155.0,0,0,32,90,6
2788155.0,0,0,32,58,38
2788167.0,0,0,32,58,38
2788167.0,0,0,58,32,38
2788433.0,0,0,58,64,6
2788539.0,0,0,58,64,6
2788539.0,0,0,58,63,7
2788557.0,0,0,58,64,6
2788694.0,0,0,58,68,2
2788698.0,0,0,58,70,0
2788823.0,0,0,58,70,0
2789591.0,2,0,56,70,0
2789591.0,0,2,56,70,0
2789608.0,16,2,40,70,0
2789608.0,0,18,40,70,0
2789804.0,14,18,26,70,0
2789804.0,0,32,26,70,0
2789833.0,0,32,26,70,0
2790105.0,0,32,26,70,0
2790178.0,0,32,26,70,0
2790258.0,0,32,26,70,0
2790286.0,0,32,26,70,0
2790330.0,0,32,26,70,0
2790481.0,0,32,26,70,0
2790720.0,0,32,26,70,0
2790867.0,26,32,0,70,0
2790867.0,0,58,0,70,0
2791087.0,0,58,0,70,0
2791391.0,0,56,0,72,0
2791408.0,0,40,0,88,0
2791604.0,0,26,0,102,0
2792667.0,0,0,0,128,0
2792667.0,0,0,0,0,128
2793113.0,0,0,0,128,0
2793113.0,0,0,0,84,44
2793132.0,0,0,0,88,40
2793134.0,0,0,0,90,38
2793136.0,0,0,0,96,32
2793217.0,0,0,0,128,0
2793217.0,0,0,0,0,128
2793299.0,0,0,0,0,128
2793677.0,0,0,0,128,0
2793677.0,0,0,0,0,128
2794146.0,0,0,0,128,0
2794146.0,0,0,0,96,32
2794365.0,0,0,0,128,0
2794458.0,0,0,0,128,0
2794458.0,0,0,0,0,128
2796713.0,0,0,0,0,128
2797746.0,0,0,0,0,128
2805384.0,0,0,0,128,0
2805389.0,0,0,0,128,0
2805389.0,0,0,0,0,128
2805474.0,0,0,0,128,0
2806855.0,0,0,0,128,0
2806855.0,0,0,0,127,1
2806879.0,0,0,0,128,0
2808984.0,0,0,0,128,0
2809074.0,0,0,0,128,0
2809074.0,0,0,127,1,0
2810479.0,0,0,127,1,0
2810479.0,0,0,128,0,0
2810721.0,0,0,128,0,0
2810815.0,0,0,128,0,0
2811172.0,0,0,128,0,0
2811390.0,0,0,128,0,0
2811515.0,0,0,128,0,0
2811654.0,0,0,128,0,0
2811774.0,127,0,1,0,0
2813179.0,128,0,0,0,0
2813179.0,127,1,0,0,0
2813911.0,127,1,0,0,0
2814979.0,127,0,0,1,0
2814979.0,127,0,0,0,1
2815034.0,127,0,0,0,1
2815062.0,127,0,0,1,0
2815062.0,0,127,0,1,0
2815770.0,0,127,0,1,0
2816107.0,0,127,0,1,0
2816862.0,0,0,0,128,0
2816862.0,0,0,0,0,128
2817218.0,0,0,0,128,0
2817218.0,0,0,0,126,2
2817266.0,0,0,0,127,1
2817284.0,0,0,0,127,1
2817335.0,0,0,0,128,0
2817335.0,0,0,0,0,128
2817425.0,0,0,0,128,0
2817425.0,0,0,0,119,9
2817442.0,0,0,0,123,5
2817546.0,0,0,0,124,4
2817565.0,0,0,0,125,3
2817596.0,0,0,0,126,2
2817658.0,0,0,0,126,2
2817658.0,0,0,0,125,3
2817709.0,0,0,0,126,2
2817711.0,0,0,0,127,1
2817910.0,0,0,0,128,0
2818683.0,0,0,0,128,0
2818683.0,0,0,0,127,1
2820600.0,0,0,0,128,0
2820626.0,0,0,0,128,0
2820626.0,0,0,0,127,1
2820818.0,0,0,0,127,1
2821025.0,0,0,0,127,1
2821025.0,0,0,119,8,1
2821042.0,0,0,119,8,1
2821042.0,0,0,122,5,1
2821146.0,0,0,122,5,1
2821146.0,0,0,123,4,1
2821165.0,0,0,123,4,1
2821165.0,0,0,124,3,1
2821196.0,0,0,124,3,1
2821196.0,0,0,125,2,1
2821309.0,0,0,125,2,1
2821309.0,0,0,126,1,1
2821311.0,0,0,126,1,1
2821311.0,0,0,127,0,1
2821569.0,0,0,127,1,0
2821578.0,0,0,127,1,0
2821578.0,0,0,127,0,1
2822306.0,0,0,127,1,0
2822362.0,0,0,127,1,0
2822362.0,0,0,127,0,1
2822489.0,0,0,127,1,0
2822976.0,0,0,127,1,0
2822976.0,0,0,127,0,1
2823386.0,0,0,127,1,0
2823394.0,0,0,127,1,0
2823394.0,0,0,127,0,1
2823497.0,0,0,127,1,0
2823509.0,0,0,127,1,0
2823509.0,0,0,127,0,1
2823623.0,0,0,127,1,0
2823725.0,119,0,8,1,0
2823742.0,122,0,5,1,0
2823846.0,123,0,4,1,0
2823859.0,123,0,4,1,0
2823859.0,123,0,4,0,1
2823865.0,124,0,3,0,1
2823896.0,125,0,2,0,1
2823982.0,125,0,2,1,0
2824009.0,126,0,1,1,0
2824011.0,127,0,0,1,0
2824107.0,127,0,0,1,0
2824107.0,127,0,0,0,1
2824195.0,127,0,0,1,0
2824323.0,127,0,0,1,0
2824323.0,127,0,0,0,1
2824449.0,127,0,0,1,0
2825169.0,127,0,0,1,0
2825220.0,127,0,0,1,0
2825220.0,127,0,0,0,1
2825336.0,127,0,0,1,0
2825496.0,127,0,0,1,0
2825496.0,127,0,0,0,1
2825608.0,127,0,0,1,0
2825906.0,127,0,0,1,0
2826089.0,127,0,0,1,0
2826685.0,127,0,0,1,0
2826685.0,127,0,0,0,1
2826901.0,127,0,0,1,0
2826976.0,127,0,0,1,0
2826976.0,127,0,0,0,1
2826986.0,127,0,0,0,1
2827097.0,127,0,0,0,1
2827099.0,127,0,0,1,0
2827134.0,127,0,0,1,0
2827134.0,127,0,0,0,1
2827223.0,127,0,0,0,1
2827241.0,127,0,0,1,0
2827290.0,127,0,0,1,0
2827290.0,127,0,0,0,1
2827410.0,127,0,0,1,0
2827582.0,127,0,0,1,0
2827795.0,127,0,0,1,0
2828049.0,127,0,0,1,0
2828936.0,127,0,0,1,0
2829208.0,127,0,0,1,0
2830501.0,127,0,0,1,0
2830699.0,127,0,0,1,0
2830841.0,127,0,0,1,0
2831010.0,127,0,0,1,0
2831010.0,127,0,1,0,0
2832739.0,127,0,1,0,0
2832739.0,126,1,1,0,0
2832872.0,126,1,1,0,0
2832872.0,124,3,1,0,0
2833071.0,124,3,1,0,0
2833071.0,122,5,1,0,0
2833161.0,122,5,1,0,0
2833161.0,120,7,1,0,0
2833562.0,120,7,1,0,0
2833562.0,118,9,1,0,0
2833710.0,119,9,0,0,0
2833710.0,118,10,0,0,0
2833830.0,118,10,0,0,0
2833830.0,116,12,0,0,0
2834175.0,116,12,0,0,0
2834175.0,114,14,0,0,0
2834539.0,114,13,0,1,0
2834577.0,114,13,0,1,0
2834577.0,112,15,0,1,0
2834672.0,112,13,0,3,0
2834672.0,111,14,0,1,2
2834692.0,111,14,0,3,0
2834695.0,111,14,0,3,0
2834695.0,111,14,0,1,2
2834703.0,111,14,0,1,2
2834703.0,109,16,0,1,2
2834764.0,109,16,0,1,2
2834764.0,108,17,0,1,2
2834778.0,108,17,0,3,0
2834793.0,108,17,0,3,0
2834793.0,108,17,0,1,2
2834809.0,108,17,0,3,0
2834837.0,108,17,0,3,0
2834837.0,108,17,0,1,2
2834860.0,108,17,0,3,0
2834871.0,108,15,0,5,0
2834871.0,108,15,0,3,2
2834874.0,108,15,0,3,2
2834874.0,102,21,0,3,2
2834911.0,102,21,0,5,0
2834932.0,102,21,0,5,0
2834932.0,72,51,0,5,0
2834961.0,72,49,0,7,0
2834961.0,72,49,0,5,2
2835015.0,72,49,0,7,0
2835100.0,72,49,0,7,0
2835100.0,72,49,0,5,2
2835168.0,72,49,0,5,2
2835168.0,40,81,0,5,2
2835266.0,40,81,0,7,0
2835362.0,40,79,0,9,0
2835362.0,40,79,0,7,2
2835424.0,40,79,0,9,0
2835510.0,40,78,0,10,0
2835510.0,40,78,0,8,2
2835531.0,40,78,0,10,0
2835583.0,40,78,0,10,0
2835583.0,40,78,0,6,4
2835618.0,40,78,0,10,0
2835630.0,40,76,0,12,0
2835630.0,40,76,0,10,2
2835680.0,40,76,0,10,2
2835680.0,40,76,0,8,4
2835765.0,40,76,0,10,2
2835776.0,40,76,0,12,0
2835860.0,40,76,0,12,0
2835860.0,40,76,0,8,4
2835901.0,40,76,0,12,0
2835965.0,40,76,0,12,0
2835965.0,40,76,0,8,4
2835975.0,40,74,0,10,4
2835975.0,40,74,0,8,6
2836006.0,40,74,0,12,2
2836039.0,40,74,0,12,2
2836039.0,40,74,0,8,6
2836040.0,40,74,0,10,4
2836059.0,40,74,0,10,4
2836059.0,40,74,0,8,6
2836108.0,40,74,0,12,2
2836179.0,40,74,0,14,0
2836377.0,40,72,0,16,0
2836377.0,40,72,0,14,2
2836437.0,40,72,0,14,2
2836437.0,18,94,0,14,2
2836447.0,18,94,0,16,0
2836472.0,18,93,0,17,0
2836472.0,18,93,0,16,1
2836489.0,18,93,0,17,0
2836503.0,18,91,0,19,0
2836503.0,18,91,0,17,2
2836548.0,18,91,0,19,0
2836564.0,18,90,0,20,0
2836564.0,18,90,0,19,1
2836584.0,18,90,0,20,0
2836589.0,18,90,0,20,0
2836652.0,18,90,0,20,0
2836674.0,18,84,0,26,0
2836674.0,18,84,0,18,8
2836712.0,18,84,0,26,0
2836712.0,0,102,0,26,0
2836732.0,0,72,0,56,0
2836732.0,0,72,0,24,32
2836762.0,0,72,0,24,32
2836829.0,0,72,0,56,0
2836829.0,0,72,0,54,2
2836930.0,0,72,0,56,0
2836930.0,0,72,0,24,32
2836968.0,0,40,0,56,32
2836968.0,0,40,0,24,64
2836970.0,0,40,0,24,64
2837022.0,0,40,0,56,32
2837022.0,0,40,0,54,34
2837085.0,0,40,0,86,2
2837105.0,0,40,0,88,0
2837421.0,0,40,0,88,0
2837421.0,0,40,0,86,2
2837561.0,0,40,0,88,0
2837660.0,0,40,0,88,0
2837660.0,0,40,0,86,2
2837737.0,0,40,0,88,0
2837985.0,0,40,0,88,0
2837985.0,0,40,0,86,2
2838063.0,0,40,0,88,0
2838237.0,0,18,0,110,0
2838237.0,0,18,0,78,32
2838271.0,0,18,0,78,32
2838271.0,0,18,0,76,34
2838292.0,0,18,0,76,34
2838340.0,0,18,0,108,2
2838378.0,0,18,0,108,2
2838409.0,0,18,0,108,2
2838414.0,0,18,0,110,0
2838460.0,0,18,0,110,0
2838511.0,0,18,0,110,0
2838512.0,0,0,0,128,0
2838512.0,0,0,0,96,32
2838615.0,0,0,0,96,32
2838649.0,0,0,0,128,0
2838866.0,0,0,0,128,0
2838985.0,0,0,0,128,0
2838985.0,0,0,0,126,2
2839024.0,0,0,0,126,2
2839054.0,0,0,0,126,2
2839054.0,0,0,0,125,3
2839071.0,0,0,0,126,2
2839118.0,0,0,0,128,0
2839175.0,0,0,0,128,0
2839175.0,0,0,0,0,128
2839272.0,0,0,0,128,0
2839277.0,0,0,0,128,0
2839277.0,0,0,0,96,32
2839290.0,0,0,0,96,32
2839290.0,0,0,0,94,34
2839370.0,0,0,0,96,32
2839376.0,0,0,0,96,32
2839498.0,0,0,0,128,0
2839502.0,0,0,0,128,0
2839502.0,0,0,0,0,128
2839596.0,0,0,0,128,0
2839623.0,0,0,0,128,0
2839623.0,0,0,0,126,2
2839692.0,0,0,0,128,0
2839878.0,0,0,0,128,0
2839878.0,0,0,0,126,2
2840019.0,0,0,0,128,0
2840047.0,0,0,0,128,0
2840429.0,0,0,0,128,0
2840622.0,0,0,0,128,0
2841289.0,0,0,0,128,0
2841289.0,0,0,0,126,2
2841398.0,0,0,0,128,0
2841555.0,0,0,0,128,0
2841555.0,0,0,0,127,1
2841568.0,0,0,0,128,0
2841680.0,0,0,0,128,0
2841680.0,0,0,0,126,2
2841774.0,0,0,0,128,0
2842010.0,0,0,0,128,0
2842010.0,0,0,0,126,2
2842187.0,0,0,0,128,0
2842207.0,0,0,0,128,0
2842207.0,0,0,0,126,2
2842357.0,0,0,0,128,0
2842758.0,0,0,0,128,0
2842758.0,0,0,0,126,2
2842872.0,0,0,0,126,2
2843196.0,0,0,0,126,2
2843196.0,0,0,126,0,2
2843236.0,0,0,126,2,0
2843262.0,0,0,126,2,0
2843262.0,0,0,126,0,2
2843420.0,0,0,126,2,0
2843558.0,0,0,126,2,0
2843558.0,0,0,126,0,2
2843701.0,0,0,126,2,0
2844567.0,0,0,126,2,0
2844567.0,0,0,126,1,1
2844602.0,0,0,126,2,0
2844615.0,0,0,126,2,0
2844615.0,0,0,126,1,1
2844633.0,0,0,126,2,0
2844638.0,0,0,126,2,0
2844660.0,0,0,126,2,0
2845896.0,126,0,0,2,0
2845896.0,122,4,0,2,0
2846836.0,122,4,0,2,0
2847020.0,122,4,0,2,0
2847301.0,122,4,0,2,0
2847696.0,122,0,0,6,0
2847696.0,122,0,0,0,6
2849694.0,122,0,0,2,4
2849713.0,122,0,0,6,0
2851730.0,122,0,0,6,0
2851730.0,122,0,0,4,2
2851824.0,122,0,0,6,0
2851854.0,122,0,0,6,0
2851854.0,96,26,0,6,0
2852189.0,96,26,0,6,0
2852189.0,64,58,0,6,0
2852497.0,64,58,0,6,0
2852497.0,32,90,0,6,0
2853275.0,32,90,0,6,0
2853275.0,0,122,0,6,0
2853294.0,0,122,0,6,0
2853511.0,0,122,0,6,0
2853654.0,0,96,0,32,0
2853654.0,0,96,0,0,32
2853737.0,0,96,0,32,0
2853737.0,0,96,0,0,32
2853804.0,0,96,0,32,0
2853842.0,0,96,0,32,0
2853842.0,0,96,0,30,2
2853882.0,0,96,0,32,0
2853989.0,0,64,0,64,0
2853989.0,0,64,0,32,32
2854124.0,0,64,0,32,32
2854124.0,0,64,0,0,64
2854288.0,0,64,0,32,32
2854297.0,0,32,0,64,32
2854297.0,0,32,0,32,64
2854413.0,0,32,0,32,64
2854413.0,0,32,0,0,96
2854444.0,0,32,0,0,96
2854503.0,0,32,0,32,64
2854503.0,0,32,0,30,66
2854568.0,0,32,0,32,64
2854594.0,0,32,0,64,32
2854919.0,0,32,0,96,0
2854958.0,0,32,0,96,0
2854958.0,0,32,0,94,2
2855035.0,0,32,0,96,0
2855075.0,0,0,0,128,0
2855075.0,0,0,0,96,32
2855124.0,0,0,0,96,32
2855124.0,0,0,0,64,64
2855177.0,0,0,0,64,64
2855177.0,0,0,0,62,66
2855233.0,0,0,0,94,34
2855301.0,0,0,0,96,32
2855327.0,0,0,0,128,0
2855507.0,0,0,0,128,0
2855507.0,0,0,0,126,2
2855610.0,0,0,0,128,0
2855962.0,0,0,0,128,0
2855962.0,0,0,0,126,2
2856003.0,0,0,0,128,0
2856094.0,0,0,0,128,0
2856094.0,0,0,0,126,2
2856134.0,0,0,0,128,0
2856177.0,0,0,0,128,0
2856177.0,0,0,0,126,2
2856218.0,0,0,0,128,0
2856222.0,0,0,0,128,0
2856222.0,0,0,0,96,32
2856361.0,0,0,0,96,32
2856361.0,0,0,0,94,34
2856410.0,0,0,0,96,32
2856418.0,0,0,0,96,32
2856418.0,0,0,0,94,34
2856449.0,0,0,0,96,32
2856499.0,0,0,0,96,32
2856499.0,0,0,0,94,34
2856524.0,0,0,0,96,32
2856539.0,0,0,0,96,32
2856539.0,0,0,0,94,34
2856573.0,0,0,0,96,32
2856579.0,0,0,0,96,32
2856579.0,0,0,0,94,34
2856608.0,0,0,0,96,32
2856692.0,0,0,0,96,32
2856692.0,0,0,0,94,34
2856728.0,0,0,0,96,32
2856780.0,0,0,0,96,32
2856780.0,0,0,0,94,34
2856808.0,0,0,0,126,2
2856838.0,0,0,0,128,0
2856946.0,0,0,0,128,0
2856946.0,0,0,0,126,2
2857019.0,0,0,0,126,2
2857019.0,0,0,0,125,3
2857021.0,0,0,0,126,2
2857030.0,0,0,0,128,0
2857046.0,0,0,0,128,0
2857046.0,0,0,0,126,2
2857066.0,0,0,0,128,0
2857074.0,0,0,0,128,0
2857074.0,0,0,0,126,2
2857109.0,0,0,0,128,0
2857404.0,0,0,0,128,0
2857801.0,0,0,0,128,0
2857801.0,0,0,0,127,1
2857805.0,0,0,0,128,0
2857810.0,0,0,0,128,0
2857810.0,0,0,0,112,16
2857820.0,0,0,0,128,0
2857873.0,0,0,0,128,0
2857873.0,0,0,0,96,32
2857888.0,0,0,0,96,32
2858035.0,0,0,0,128,0
2858066.0,0,0,0,128,0
2858066.0,0,0,0,126,2
2858097.0,0,0,0,128,0
2858103.0,0,0,0,128,0
2858103.0,0,0,30,98,0
2858158.0,0,0,30,98,0
2858158.0,0,0,30,96,2
2858168.0,0,0,30,96,2
2858168.0,0,0,32,94,2
2858188.0,0,0,32,96,0
2858193.0,0,0,32,96,0
2858193.0,0,0,32,94,2
2858225.0,0,0,32,96,0
2858240.0,0,0,32,96,0
2858240.0,0,0,32,94,2
2858301.0,0,0,32,94,2
2858301.0,0,0,32,92,4
2858326.0,0,0,32,94,2
2858332.0,0,0,32,94,2
2858332.0,0,0,32,92,4
2858364.0,0,0,32,94,2
2858519.0,0,0,32,94,2
2858519.0,0,0,62,64,2
2858586.0,0,0,62,66,0
2858667.0,0,0,62,66,0
2858667.0,0,0,62,64,2
2858682.0,0,0,62,66,0
2858726.0,0,0,62,66,0
2858726.0,0,0,62,64,2
2858747.0,0,0,62,66,0
2858832.0,0,0,62,66,0
2858832.0,0,0,62,65,1
2858833.0,0,0,62,65,1
2858833.0,0,0,94,33,1
2858838.0,0,0,94,34,0
2858847.0,0,0,94,34,0
2858918.0,0,0,94,34,0
2858973.0,0,0,94,34,0
2859033.0,0,0,94,34,0
2859064.0,0,0,94,34,0
2859182.0,0,0,94,34,0
2859279.0,0,0,94,34,0
2859341.0,0,0,94,34,0
2859536.0,0,0,94,34,0
2859596.0,0,0,94,34,0
2860264.0,0,0,94,34,0
2860357.0,0,0,94,34,0
2860438.0,0,0,94,34,0
2860709.0,0,0,94,34,0
2860743.0,0,0,94,34,0
2860803.0,30,0,64,34,0
2860803.0,0,30,64,34,0
2860868.0,2,30,62,34,0
2860868.0,0,32,62,34,0
2860970.0,0,32,62,34,0
2861219.0,30,32,32,34,0
2861219.0,0,62,32,34,0
2861247.0,0,62,32,34,0
2861480.0,0,62,32,34,0
2861533.0,32,62,0,34,0
2861533.0,0,94,0,34,0
2861723.0,0,94,0,34,0
2862055.0,0,94,0,34,0
2862076.0,0,94,0,34,0
2862195.0,0,94,0,34,0
2862448.0,0,94,0,34,0
2862475.0,0,94,0,34,0
2862603.0,0,64,0,64,0
2862668.0,0,62,0,66,0
2862833.0,0,62,0,66,0
2862962.0,0,62,0,66,0
2863019.0,0,32,0,96,0
2863192.0,0,32,0,96,0
2863333.0,0,0,0,128,0
2863333.0,0,0,0,0,128
2863338.0,0,0,0,128,0
2863338.0,0,0,0,94,34
2863341.0,0,0,0,126,2
2863342.0,0,0,0,127,1
2863352.0,0,0,0,128,0
2863352.0,0,0,0,0,128
2863676.0,0,0,0,128,0
2863676.0,0,0,0,127,1
2863681.0,0,0,0,128,0
2863681.0,0,0,0,0,128
2863791.0,0,0,0,0,128
2863875.0,0,0,0,128,0
2863875.0,0,0,0,64,64
2864004.0,0,0,0,96,32
2864140.0,0,0,0,128,0
2864140.0,0,0,0,0,128
2864375.0,0,0,0,0,128
2864378.0,0,0,0,128,0
2864378.0,0,0,0,13,115
2864385.0,0,0,0,29,99
2864392.0,0,0,0,30,98
2864401.0,0,0,0,31,97
2864402.0,0,0,0,32,96
2864421.0,0,0,0,32,96
2864689.0,0,0,0,64,64
2864735.0,0,0,0,96,32
2864747.0,0,0,0,128,0
2864747.0,0,0,0,0,128
2864778.0,0,0,0,0,128
2864914.0,0,0,0,128,0
2864914.0,0,0,0,31,97
2864920.0,0,0,0,31,97
2864923.0,0,0,0,31,97
2864931.0,0,0,0,32,96
2864931.0,0,0,0,0,128
2865212.0,0,0,0,32,96
2865212.0,0,0,0,30,98
2865221.0,0,0,0,31,97
2865236.0,0,0,0,32,96
2865409.0,0,0,0,64,64
2865409.0,0,0,0,63,65
2865460.0,0,0,0,95,33
2865489.0,0,0,0,96,32
2865497.0,0,0,0,128,0
2865689.0,0,0,0,128,0
2865689.0,0,0,0,127,1
2865939.0,0,0,0,128,0
2865960.0,0,0,0,128,0
2865960.0,0,0,0,127,1
2866046.0,0,0,0,128,0
2866159.0,0,0,0,128,0
2866159.0,0,0,0,127,1
2866285.0,0,0,0,128,0
2866687.0,0,0,0,128,0
2866687.0,0,0,0,127,1
2866764.0,0,0,0,127,1
2866764.0,0,0,0,95,33
2866938.0,0,0,0,95,33
2866942.0,0,0,0,127,1
2866981.0,0,0,0,127,1
2866981.0,0,0,0,95,33
2867276.0,0,0,0,95,33
2867360.0,0,0,0,96,32
2867417.0,0,0,0,128,0
2867419.0,0,0,0,128,0
2867419.0,0,0,0,127,1
2867423.0,0,0,0,127,1
2867423.0,0,0,0,126,2
2867430.0,0,0,0,127,1
2867438.0,0,0,0,128,0
2867475.0,0,0,0,128,0
2867525.0,0,0,0,128,0
2867525.0,0,0,0,96,32
2867793.0,0,0,0,96,32
2867793.0,0,0,0,95,33
2867978.0,0,0,0,95,33
2868180.0,0,0,0,96,32
2868409.0,0,0,0,96,32
2868409.0,0,0,0,95,33
2868492.0,0,0,0,127,1
2868514.0,0,0,0,127,1
2868543.0,0,0,0,127,1
2868543.0,0,0,0,95,33
2868582.0,0,0,0,96,32
2868714.0,0,0,0,128,0
2868785.0,0,0,0,128,0
2868785.0,0,0,0,127,1
2868812.0,0,0,0,127,1
2868812.0,0,0,30,97,1
2868821.0,0,0,30,97,1
2868821.0,0,0,31,96,1
2868928.0,0,0,31,97,0
2869009.0,0,0,31,97,0
2869009.0,0,0,63,65,0
2869041.0,0,0,63,65,0
2869041.0,0,0,63,33,32
2869089.0,0,0,63,33,32
2869089.0,0,0,64,32,32
2869097.0,0,0,64,32,32
2869097.0,0,0,95,1,32
2869230.0,0,0,95,1,32
2869230.0,0,0,95,0,33
2869375.0,0,0,95,1,32
2869551.0,0,0,95,1,32
2869551.0,0,0,95,0,33
2869713.0,0,0,95,32,1
2869718.0,0,0,95,32,1
2869718.0,0,0,95,31,2
2869740.0,0,0,95,32,1
2869744.0,0,0,95,32,1
2869744.0,0,0,95,31,2
2869746.0,0,0,95,32,1
2869749.0,0,0,95,33,0
2869755.0,0,0,95,33,0
2869755.0,0,0,95,32,1
2869762.0,0,0,95,33,0
2870234.0,0,0,95,33,0
2870234.0,0,0,95,1,32
2870432.0,0,0,95,33,0
2870710.0,0,0,95,33,0
2870710.0,0,0,95,32,1
2870792.0,0,0,95,32,1
2870792.0,0,0,95,0,33
2870949.0,0,0,95,1,32
2871309.0,0,0,95,33,0
2871311.0,0,0,95,33,0
2871311.0,0,0,95,32,1
2871319.0,0,0,95,32,1
2871319.0,0,0,95,31,2
2871325.0,0,0,95,32,1
2871328.0,0,0,95,32,1
2871328.0,0,0,95,31,2
2871333.0,0,0,95,32,1
2871337.0,0,0,95,33,0
2871359.0,0,0,95,33,0
2871359.0,0,0,95,32,1
2871447.0,0,0,95,32,1
2871512.0,30,0,65,32,1
2871521.0,31,0,64,32,1
2871601.0,31,0,64,32,1
2871620.0,31,0,64,33,0
2871709.0,63,0,32,33,0
2871709.0,31,32,32,33,0
2871789.0,32,32,31,33,0
2871789.0,31,33,31,33,0
2871797.0,62,33,0,33,0
2871797.0,31,64,0,33,0
2872068.0,31,64,0,33,0
2872182.0,31,64,0,33,0
2872297.0,31,64,0,33,0
2872546.0,31,64,0,33,0
2872975.0,31,64,0,33,0
2873313.0,31,64,0,33,0
2873346.0,31,64,0,33,0
2873456.0,31,64,0,33,0
2873509.0,31,32,0,65,0
2873509.0,31,32,0,33,32
2873589.0,31,31,0,34,32
2873597.0,31,0,0,65,32
2873597.0,31,0,0,1,96
2873741.0,31,0,0,33,64
2873741.0,0,31,0,33,64
2873955.0,0,31,0,33,64
2873966.0,0,31,0,33,64
2874052.0,0,31,0,97,0
2874052.0,0,31,0,96,1
2874154.0,0,31,0,97,0
2874154.0,0,31,0,33,64
2874281.0,0,31,0,33,64
2874549.0,0,31,0,33,64
2874614.0,0,31,0,97,0
2874614.0,0,31,0,33,64
2874909.0,0,31,0,33,64
2875032.0,0,31,0,97,0
2875032.0,0,31,0,96,1
2875050.0,0,31,0,97,0
2875050.0,0,31,0,33,64
2875149.0,0,31,0,33,64
2875220.0,0,31,0,33,64
2875251.0,0,31,0,97,0
2875251.0,0,31,0,95,2
2875311.0,0,31,0,96,1
2875388.0,0,31,0,97,0
2875497.0,0,31,0,97,0
2875497.0,0,31,0,95,2
2875541.0,0,0,0,126,2
2875541.0,0,0,0,62,66
2875590.0,0,0,0,64,64
2875767.0,0,0,0,64,64
2875767.0,0,0,0,32,96
2875824.0,0,0,0,96,32
2875984.0,0,0,0,128,0
2876178.0,0,0,0,128,0
2876178.0,0,0,0,96,32
2876586.0,0,0,0,128,0
2877652.0,0,0,0,128,0
2878061.0,0,0,0,128,0
2878061.0,0,0,0,0,128
2878117.0,0,0,0,128,0
2878185.0,0,0,0,128,0
2878185.0,0,0,0,0,128
2878632.0,0,0,0,0,128
2878851.0,0,0,0,0,128
2878952.0,0,0,0,128,0
2879286.0,0,0,0,128,0
2879286.0,0,0,0,64,64
2879558.0,0,0,0,128,0
2879607.0,0,0,0,128,0
2879607.0,0,0,0,64,64
2879998.0,0,0,0,128,0
2880000.0,0,0,0,128,0
2880000.0,0,0,0,127,1
2880008.0,0,0,0,128,0
2880205.0,0,0,0,128,0
2880205.0,0,0,0,96,32
2880294.0,0,0,0,128,0
2880394.0,0,0,0,128,0
2880394.0,0,0,0,127,1
2880413.0,0,0,0,128,0
2880681.0,0,0,0,128,0
2880681.0,0,0,0,96,32
2880685.0,0,0,0,128,0
2880797.0,0,0,0,128,0
2880797.0,0,0,0,127,1
2880813.0,0,0,0,128,0
2880858.0,0,0,0,128,0
2880858.0,0,0,0,96,32
2880861.0,0,0,0,96,32
2880861.0,0,0,0,32,96
2881372.0,0,0,0,64,64
2881717.0,0,0,0,64,64
2881882.0,0,0,0,64,64
2881882.0,0,0,0,32,96
2882275.0,0,0,0,64,64
2882552.0,0,0,0,64,64
2882552.0,0,0,32,32,64
2885252.0,32,0,0,32,64
2885875.0,32,0,0,32,64
2885875.0,32,0,32,0,64
2888575.0,64,0,0,0,64
2889706.0,64,0,0,0,64
2889706.0,63,1,0,0,64
2889789.0,63,1,0,0,64
2889789.0,55,9,0,0,64
2890057.0,55,9,0,64,0
2890070.0,55,9,0,64,0
2891506.0,55,8,0,65,0
2891506.0,55,8,0,64,1
2891556.0,55,8,0,65,0
2891589.0,55,0,0,73,0
2891589.0,55,0,0,65,8
2891863.0,55,0,0,73,0
2891863.0,0,55,0,73,0
2893657.0,0,55,0,73,0
2893663.0,0,0,0,128,0
2893663.0,0,0,0,0,128
2901004.0,0,0,0,0,128
2904593.0,0,0,0,128,0
2904593.0,0,0,0,64,64
2908193.0,0,0,0,64,64
2908193.0,0,0,64,0,64
2910893.0,64,0,0,0,64
2913584.0,64,0,0,0,64
2913584.0,48,16,0,0,64
2914232.0,48,16,0,0,64
2914232.0,32,32,0,0,64
2915384.0,32,16,0,16,64
2915384.0,32,16,0,0,80
2915512.0,32,16,0,0,80
2915512.0,16,32,0,0,80
2915517.0,16,32,0,64,16
2915570.0,16,32,0,80,0
2915836.0,16,32,0,80,0
2915836.0,16,32,0,64,16
2916032.0,16,16,0,80,16
2916032.0,16,16,0,64,32
2916058.0,16,16,0,80,16
2916099.0,16,16,0,96,0
2916156.0,16,16,0,96,0
2916156.0,16,16,0,80,16
2916281.0,16,16,0,96,0
2916896.0,16,16,0,96,0
2916896.0,16,16,0,80,16
2917102.0,16,16,0,96,0
2917312.0,16,0,0,112,0
2917312.0,16,0,0,96,16
2917339.0,16,0,0,96,16
2917339.0,16,0,0,80,32
2917509.0,16,0,0,96,16
2917512.0,16,0,0,112,0
2917778.0,16,0,0,112,0
2917778.0,16,0,0,80,32
2918174.0,16,0,0,112,0
2919117.0,16,0,0,112,0
2919117.0,16,0,32,80,0
2919170.0,16,0,32,80,0
2919170.0,16,0,48,64,0
2919699.0,16,0,48,64,0
2919699.0,16,0,64,48,0
2920562.0,16,0,64,48,0
2920562.0,16,0,64,16,32
2920982.0,16,0,64,48,0
2921109.0,16,0,64,48,0
2921109.0,16,0,80,32,0
2921681.0,16,0,80,32,0
2921817.0,48,0,48,32,0
2921817.0,16,32,48,32,0
2921870.0,32,32,32,32,0
2922399.0,48,32,16,32,0
2923617.0,48,0,16,64,0
2923617.0,48,0,16,0,64
2923809.0,64,0,0,0,64
2924209.0,64,0,0,0,64
2924209.0,32,32,0,0,64
2924581.0,32,32,0,0,64
2924581.0,16,48,0,0,64
2924582.0,16,48,0,0,64
2924742.0,16,48,0,0,64
2924742.0,0,64,0,0,64
2924820.0,0,64,0,0,64
2925396.0,0,64,0,0,64
2925504.0,0,64,0,0,64
2925996.0,0,64,0,0,64
2926009.0,0,32,0,32,64
2926009.0,0,32,0,0,96
2926106.0,0,32,0,32,64
2926106.0,0,32,0,15,81
2926124.0,0,32,0,16,80
2926179.0,0,32,0,16,80
2926379.0,0,32,0,16,80
2926381.0,0,16,0,32,80
2926381.0,0,16,0,16,96
2926458.0,0,16,0,32,80
2926458.0,0,16,0,0,112
2926542.0,0,0,0,16,112
2926542.0,0,0,0,0,128
2926559.0,0,0,0,16,112
2926559.0,0,0,0,0,128
2926662.0,0,0,0,0,128
2926677.0,0,0,0,32,96
2926677.0,0,0,0,31,97
2926698.0,0,0,0,32,96
2926698.0,0,0,0,0,128
2926711.0,0,0,0,0,128
2926797.0,0,0,0,16,112
2926797.0,0,0,0,14,114
2926805.0,0,0,0,15,113
2926810.0,0,0,0,16,112
2926900.0,0,0,0,16,112
2927013.0,0,0,0,32,96
2927013.0,0,0,0,0,128
2927052.0,0,0,0,32,96
2927191.0,0,0,0,32,96
2927406.0,0,0,0,64,64
2927406.0,0,0,0,0,128
2927474.0,0,0,0,0,128
2927481.0,0,0,0,0,128
2927634.0,0,0,0,0,128
2927692.0,0,0,0,64,64
2927692.0,0,0,0,62,66
2927707.0,0,0,0,63,65
2927715.0,0,0,0,64,64
2927715.0,0,0,0,0,128
2927911.0,0,0,0,0,128
2927939.0,0,0,0,0,128
2927957.0,0,0,0,0,128
2927990.0,0,0,0,64,64
2927990.0,0,0,0,61,67
2928002.0,0,0,0,62,66
2928007.0,0,0,0,63,65
2928010.0,0,0,0,64,64
2928016.0,0,0,0,64,64
2928016.0,0,0,0,0,128
2928223.0,0,0,0,64,64
2928595.0,0,0,0,128,0
2929706.0,0,0,0,128,0
2930277.0,0,0,0,128,0
2930397.0,0,0,0,128,0
2930576.0,0,0,0,128,0
2930576.0,0,0,0,64,64
2930652.0,0,0,0,64,64
2930785.0,0,0,0,128,0
2930808.0,0,0,0,128,0
2930808.0,0,0,0,64,64
2931103.0,0,0,0,64,64
2931103.0,0,0,0,63,65
2931106.0,0,0,0,127,1
2931108.0,0,0,0,127,1
2931108.0,0,0,0,126,2
2931115.0,0,0,0,127,1
2931123.0,0,0,0,128,0
2931163.0,0,0,0,128,0
2931163.0,0,0,0,64,64
2931292.0,0,0,0,64,64
2931450.0,0,0,0,128,0
2931587.0,0,0,0,128,0
2931587.0,0,0,0,64,64
2931590.0,0,0,0,64,64
2931823.0,0,0,0,64,64
2931823.0,0,0,63,1,64
2932132.0,0,0,63,65,0
2932267.0,0,0,63,65,0
2932267.0,0,0,63,1,64
2932615.0,0,0,63,1,64
2932672.0,0,0,63,1,64
2932675.0,0,0,63,65,0
2932676.0,0,0,63,65,0
2932676.0,0,0,63,64,1
2932698.0,0,0,63,65,0
2932758.0,0,0,63,65,0
2932758.0,0,0,63,1,64
2932916.0,0,0,63,65,0
2932938.0,0,0,63,65,0
2932938.0,0,0,63,33,32
2933086.0,0,0,63,33,32
2933413.0,0,0,63,65,0
2933413.0,0,0,63,1,64
2933664.0,0,0,63,1,64
2933709.0,0,0,63,1,64
2933736.0,0,0,63,65,0
2933736.0,0,0,63,1,64
2934196.0,0,0,63,65,0
2934196.0,0,0,63,33,32
2934323.0,0,0,63,33,32
2934523.0,63,0,0,33,32
2934523.0,31,32,0,33,32
2934583.0,31,32,0,33,32
2934593.0,31,32,0,33,32
2934601.0,31,32,0,65,0
2934601.0,30,33,0,1,64
2934715.0,30,33,0,1,64
2934859.0,30,33,0,65,0
2934859.0,30,33,0,33,32
2934982.0,30,33,0,65,0
2936275.0,30,33,0,65,0
2936323.0,30,1,0,97,0
2936323.0,30,1,0,64,33
2936334.0,30,1,0,65,32
2936401.0,30,0,0,66,32
2936401.0,30,0,0,65,33
2936424.0,30,0,0,66,32
2936516.0,30,0,0,66,32
2936557.0,30,0,0,98,0
2937796.0,30,0,0,98,0
2938459.0,30,0,0,98,0
2938459.0,30,0,32,66,0
2938582.0,30,0,32,66,0
2938582.0,30,0,64,34,0
2939934.0,30,0,64,34,0
2939934.0,30,0,65,33,0
2940024.0,30,0,65,33,0
2940024.0,30,0,66,32,0
2940157.0,30,0,66,32,0
2940157.0,30,0,98,0,0
2941159.0,62,0,66,0,0
2941282.0,94,0,34,0,0
2941826.0,94,0,34,0,0
2941826.0,62,32,34,0,0
2942151.0,62,32,34,0,0
2942151.0,30,64,34,0,0
2942525.0,30,64,34,0,0
2942634.0,31,64,33,0,0
2942724.0,32,64,32,0,0
2942857.0,64,64,0,0,0
2942857.0,32,96,0,0,0
2943046.0,32,96,0,0,0
2943428.0,32,96,0,0,0
2943440.0,32,96,0,0,0
2943497.0,32,96,0,0,0
2943626.0,32,64,0,32,0
2943626.0,32,64,0,0,32
2943841.0,32,64,0,32,0
2943841.0,0,96,0,32,0
2943951.0,0,64,0,64,0
2944657.0,0,32,0,96,0
2944657.0,0,32,0,32,64
2944718.0,0,32,0,32,64
2944967.0,0,32,0,96,0
2944967.0,0,32,0,32,64
2945100.0,0,32,0,32,64
2945248.0,0,32,0,32,64
2945304.0,0,32,0,32,64
2945347.0,0,32,0,96,0
2945347.0,0,32,0,94,2
2945359.0,0,32,0,95,1
2945370.0,0,32,0,96,0
2945370.0,0,32,0,32,64
2945463.0,0,32,0,32,64
2945600.0,0,32,0,32,64
2945641.0,0,0,0,64,64
2945641.0,0,0,0,0,128
2945649.0,0,0,0,64,64
2945649.0,0,0,0,0,128
2945866.0,0,0,0,0,128
2945935.0,0,0,0,64,64
2945935.0,0,0,0,62,66
2945943.0,0,0,0,62,66
2945950.0,0,0,0,63,65
2946030.0,0,0,0,127,1
2946030.0,0,0,0,60,68
2946035.0,0,0,0,61,67
2946038.0,0,0,0,62,66
2946054.0,0,0,0,63,65
2946174.0,0,0,0,64,64
2946174.0,0,0,0,0,128
2946324.0,0,0,0,64,64
2946765.0,0,0,0,64,64
2946765.0,0,0,0,32,96
2946851.0,0,0,0,64,64
2946882.0,0,0,0,64,64
2946882.0,0,0,0,32,96
2947829.0,0,0,0,64,64
2948947.0,0,0,0,64,64
2949535.0,0,0,0,64,64
2949798.0,0,0,0,64,64
2949798.0,0,0,0,63,65
2949922.0,0,0,0,64,64
2949924.0,0,0,0,64,64
2949924.0,0,0,32,32,64
2950079.0,0,0,32,32,64
2950079.0,0,0,32,31,65
2950178.0,0,0,32,32,64
2951429.0,0,0,32,32,64
2951429.0,0,0,63,1,64
2952624.0,32,0,31,1,64
2953778.0,32,0,31,1,64
2953778.0,32,0,32,0,64
2954129.0,63,0,1,0,64
2956478.0,64,0,0,0,64
2957296.0,64,0,0,0,64
2957296.0,32,32,0,0,64
2957753.0,32,32,0,0,64
2958284.0,32,32,0,0,64
2958932.0,32,32,0,0,64
2959096.0,32,0,0,32,64
2959096.0,32,0,0,0,96
2959433.0,32,0,0,0,96
2959517.0,32,0,0,32,64
2959517.0,0,32,0,32,64
2959849.0,0,32,0,32,64
2960354.0,0,32,0,32,64
2961157.0,0,32,0,96,0
2961157.0,0,32,0,80,16
2961317.0,0,0,0,112,16
2961317.0,0,0,0,48,80
2961607.0,0,0,0,64,64
2961607.0,0,0,0,0,128
2961793.0,0,0,0,64,64
2961793.0,0,0,0,15,113
2961809.0,0,0,0,16,112
2962060.0,0,0,0,80,48
2962165.0,0,0,0,112,16
2962380.0,0,0,0,128,0
2964757.0,0,0,0,128,0
2965393.0,0,0,0,128,0
2965393.0,0,0,15,113,0
2965409.0,0,0,15,113,0
2965409.0,0,0,16,112,0
2965660.0,0,0,16,112,0
2965660.0,0,0,80,48,0
2965765.0,0,0,80,48,0
2965765.0,0,0,112,16,0
2965980.0,0,0,112,16,0
2965980.0,0,0,128,0,0
2967258.0,0,0,128,0,0
2968093.0,15,0,113,0,0
2968093.0,0,15,113,0,0
2968109.0,1,15,112,0,0
2968109.0,0,16,112,0,0
2968360.0,64,16,48,0,0
2968360.0,0,80,48,0,0
2968465.0,32,80,16,0,0
2968465.0,0,112,16,0,0
2968680.0,16,112,0,0,0
2968680.0,0,128,0,0,0
2969893.0,0,113,0,15,0
2969909.0,0,112,0,16,0
2970160.0,0,48,0,80,0
2970265.0,0,16,0,112,0
2970480.0,0,0,0,128,0
2970480.0,0,0,0,0,128
2978189.0,0,0,0,0,128
2981207.0,0,0,0,0,128
2981405.0,0,0,0,128,0
2981405.0,0,0,0,0,128
2981492.0,0,0,0,128,0
2981492.0,0,0,0,64,64
2981604.0,0,0,0,64,64
2981604.0,0,0,0,63,65
2981630.0,0,0,0,64,64
2981679.0,0,0,0,64,64
2981679.0,0,0,0,0,128
2981681.0,0,0,0,0,128
2981887.0,0,0,0,64,64
2981887.0,0,0,0,63,65
2981903.0,0,0,0,64,64
2983896.0,0,0,0,64,64
2983896.0,0,0,0,63,65
2983992.0,0,0,0,64,64
2984043.0,0,0,0,64,64
2984043.0,0,0,0,63,65
2984189.0,0,0,0,64,64
2984276.0,0,0,0,64,64
2984276.0,0,0,0,63,65
2984403.0,0,0,0,64,64
2985092.0,0,0,0,64,64
2985487.0,0,0,0,64,64
2985487.0,0,0,63,1,64
2987553.0,0,0,63,1,64
2987553.0,0,0,63,0,65
2987675.0,0,0,63,1,64
2987705.0,0,0,63,1,64
2987705.0,0,0,63,0,65
2987810.0,0,0,63,1,64
2988003.0,0,0,63,1,64
2988187.0,63,0,0,1,64
2991275.0,63,0,0,1,64
2991410.0,63,0,0,1,64
2991410.0,63,0,1,0,64
2992606.0,63,0,1,64,0
2993501.0,63,0,1,64,0
2993699.0,63,0,1,64,0
2993699.0,62,1,1,64,0
2994070.0,62,1,1,64,0
2994070.0,61,2,1,64,0
2994110.0,62,2,0,64,0
2994110.0,61,3,0,64,0
2994203.0,61,3,0,64,0
2994203.0,60,4,0,64,0
2995499.0,60,3,0,65,0
2995499.0,60,3,0,64,1
2995617.0,60,3,0,65,0
2995870.0,60,2,0,66,0
2995870.0,60,2,0,65,1
2995910.0,60,1,0,66,1
2995910.0,60,1,0,65,2
2995968.0,60,1,0,66,1
2996003.0,60,0,0,67,1
2996003.0,60,0,0,66,2
2996037.0,60,0,0,67,1
2996114.0,60,0,0,68,0
2996206.0,60,0,0,68,0
2996206.0,60,0,64,4,0
2998906.0,124,0,0,4,0
2999217.0,124,0,0,4,0
2999217.0,124,0,1,3,0
2999568.0,124,0,1,3,0
2999568.0,124,0,2,2,0
2999614.0,124,0,2,2,0
2999614.0,124,0,2,1,1
2999637.0,124,0,2,1,1
2999714.0,124,0,2,1,1
2999714.0,124,0,3,0,1
2999773.0,124,0,3,1,0
2999859.0,124,0,3,1,0
2999859.0,124,0,3,0,1
2999955.0,124,0,3,1,0
3000134.0,124,0,3,1,0
3000134.0,124,0,3,0,1
3000251.0,124,0,3,1,0
3000771.0,124,0,3,1,0
3000771.0,124,0,3,0,1
3000881.0,124,0,3,1,0
3001917.0,125,0,2,1,0
3002268.0,126,0,1,1,0
3002414.0,127,0,0,1,0
3003373.0,127,0,0,1,0
3003555.0,127,0,0,1,0
3003851.0,127,0,0,1,0
3004481.0,127,0,0,1,0
3004481.0,127,0,1,0,0
3007181.0,128,0,0,0,0
3007371.0,128,0,0,0,0
3007371.0,64,64,0,0,0
3009087.0,64,64,0,0,0
3009087.0,0,128,0,0,0
3009171.0,0,64,0,64,0
3009171.0,0,64,0,0,64
3009304.0,0,64,0,0,64
3009504.0,0,64,0,0,64
3009694.0,0,64,0,0,64
3009878.0,0,64,0,0,64
3010082.0,0,64,0,0,64
3010094.0,0,64,0,0,64
3010219.0,0,64,0,0,64
3010309.0,0,64,0,0,64
3010478.0,0,64,0,0,64
3010575.0,0,64,0,0,64
3010776.0,0,64,0,0,64
3010887.0,0,0,0,64,64
3010887.0,0,0,0,0,128
3010998.0,0,0,0,64,64
3010998.0,0,0,0,0,128
3010999.0,0,0,0,0,128
3011104.0,0,0,0,64,64
3011104.0,0,0,0,0,128
3011176.0,0,0,0,0,128
3011210.0,0,0,0,64,64
3011210.0,0,0,0,0,128
3011261.0,0,0,0,0,128
3011317.0,0,0,0,64,64
3011317.0,0,0,0,0,128
3011412.0,0,0,0,0,128
3011428.0,0,0,0,64,64
3011428.0,0,0,0,0,128
3011429.0,0,0,0,64,64
3011429.0,0,0,0,0,128
3011536.0,0,0,0,64,64
3011536.0,0,0,0,60,68
3011555.0,0,0,0,60,68
3011592.0,0,0,0,64,64
3011592.0,0,0,0,0,128
3011695.0,0,0,0,0,128
3011697.0,0,0,0,64,64
3011697.0,0,0,0,60,68
3011749.0,0,0,0,60,68
3011753.0,0,0,0,64,64
3011753.0,0,0,0,0,128
3011876.0,0,0,0,64,64
3011876.0,0,0,0,0,128
3011925.0,0,0,0,0,128
3011983.0,0,0,0,64,64
3011983.0,0,0,0,0,128
3012090.0,0,0,0,64,64
3012090.0,0,0,0,60,68
3012146.0,0,0,0,64,64
3012146.0,0,0,0,0,128
3012252.0,0,0,0,64,64
3012252.0,0,0,0,0,128
3012360.0,0,0,0,64,64
3012360.0,0,0,0,12,116
3012381.0,0,0,0,20,108
3012416.0,0,0,0,24,104
3012455.0,0,0,0,24,104
3012583.0,0,0,0,56,72
3012619.0,0,0,0,56,72
3012723.0,0,0,0,56,72
3012805.0,0,0,0,56,72
3012978.0,0,0,0,56,72
3012986.0,0,0,0,56,72
3013025.0,0,0,0,64,64
3013025.0,0,0,0,0,128
3013075.0,0,0,0,0,128
3013143.0,0,0,0,64,64
3013143.0,0,0,0,0,128
3013144.0,0,0,0,0,128
3013259.0,0,0,0,0,128
3013264.0,0,0,0,64,64
3013264.0,0,0,0,0,128
3013284.0,0,0,0,0,128
3013312.0,0,0,0,0,128
3013399.0,0,0,0,0,128
3013405.0,0,0,0,0,128
3013457.0,0,0,0,64,64
3013457.0,0,0,0,0,128
3013491.0,0,0,0,0,128
3013517.0,0,0,0,0,128
3013579.0,0,0,0,64,64
3013579.0,0,0,0,0,128
3013616.0,0,0,0,0,128
3013675.0,0,0,0,0,128
3013700.0,0,0,0,64,64
3013700.0,0,0,0,44,84
3013791.0,0,0,0,44,84
3013796.0,0,0,0,44,84
3013851.0,0,0,0,48,80
3013872.0,0,0,0,48,80
3013904.0,0,0,0,48,80
3013956.0,0,0,0,48,80
3013974.0,0,0,0,64,64
3013974.0,0,0,0,0,128
3014018.0,0,0,0,0,128
3014084.0,0,0,0,0,128
3014104.0,0,0,0,64,64
3014104.0,0,0,0,31,97
3014127.0,0,0,0,32,96
3014151.0,0,0,0,32,96
3014202.0,0,0,0,32,96
3014242.0,0,0,0,32,96
3014281.0,0,0,0,64,64
3014281.0,0,0,0,0,128
3014329.0,0,0,0,0,128
3014333.0,0,0,0,64,64
3014333.0,0,0,0,40,88
3014355.0,0,0,0,40,88
3014392.0,0,0,0,40,88
3014408.0,0,0,0,104,24
3014408.0,0,0,0,4,124
3014457.0,0,0,0,4,124
3014530.0,0,0,0,68,60
3014530.0,0,0,0,0,128
3014540.0,0,0,0,0,128
3014541.0,0,0,0,0,128
3014580.0,0,0,0,4,124
3014605.0,0,0,0,68,60
3014605.0,0,0,0,4,124
3014643.0,0,0,0,4,124
3014645.0,0,0,0,68,60
3014645.0,0,0,0,4,124
3014659.0,0,0,0,20,108
3014659.0,0,0,0,4,124
3014684.0,0,0,0,68,60
3014684.0,0,0,0,4,124
3014711.0,0,0,0,4,124
3014715.0,0,0,0,68,60
3014715.0,0,0,0,4,124
3014747.0,0,0,0,68,60
3014747.0,0,0,0,4,124
3014783.0,0,0,0,68,60
3014783.0,0,0,0,4,124
3014795.0,0,0,0,12,116
3014801.0,0,0,0,12,116
3014803.0,0,0,0,16,112
3014803.0,0,0,0,0,128
3014819.0,0,0,0,0,128
3014820.0,0,0,0,64,64
3014820.0,0,0,0,0,128
3014861.0,0,0,0,64,64
3014861.0,0,0,0,0,128
3014863.0,0,0,0,0,128
3014884.0,0,0,0,64,64
3014884.0,0,0,0,27,101
3014902.0,0,0,0,27,101
3014904.0,0,0,0,27,101
3014911.0,0,0,0,28,100
3014925.0,0,0,0,44,84
3014947.0,0,0,0,44,84
3014967.0,0,0,0,48,80
3015004.0,0,0,0,48,80
3015081.0,0,0,0,48,80
3015082.0,0,0,0,64,64
3015082.0,0,0,0,0,128
3015119.0,0,0,0,64,64
3015119.0,0,0,0,48,80
3015136.0,0,0,0,48,80
3015141.0,0,0,0,48,80
3015149.0,0,0,0,48,80
3015164.0,0,0,0,80,48
3015164.0,0,0,0,16,112
3015207.0,0,0,0,16,112
3015213.0,0,0,0,80,48
3015213.0,0,0,0,16,112
3015220.0,0,0,0,16,112
3015254.0,0,0,0,80,48
3015254.0,0,0,0,12,116
3015293.0,0,0,0,76,52
3015293.0,0,0,0,60,68
3015296.0,0,0,0,60,68
3015297.0,0,0,0,60,68
3015318.0,0,0,0,92,36
3015318.0,0,0,0,23,105
3015338.0,0,0,0,23,105
3015346.0,0,0,0,24,104
3015364.0,0,0,0,24,104
3015378.0,0,0,0,88,40
3015378.0,0,0,0,24,104
3015379.0,0,0,0,28,100
3015392.0,0,0,0,44,84
3015394.0,0,0,0,48,80
3015414.0,0,0,0,112,16
3015414.0,0,0,0,48,80
3015451.0,0,0,0,112,16
3015451.0,0,0,0,48,80
3015452.0,0,0,0,112,16
3015452.0,0,0,0,32,96
3015483.0,0,0,0,96,32
3015483.0,0,0,0,32,96
3015529.0,0,0,0,96,32
3015529.0,0,0,0,31,97
3015537.0,0,0,0,31,97
3015539.0,0,0,0,32,96
3015563.0,0,0,0,96,32
3015563.0,0,0,0,32,96
3015567.0,0,0,0,48,80
3015589.0,0,0,0,48,80
3015604.0,0,0,0,112,16
3015604.0,0,0,0,0,128
3015628.0,0,0,0,0,128
3015657.0,0,0,0,64,64
3015657.0,0,0,0,0,128
3015690.0,0,0,0,0,128
3015718.0,0,0,0,64,64
3015718.0,0,0,0,60,68
3015728.0,0,0,0,76,52
3015784.0,0,0,0,76,52
3015784.0,0,0,0,44,84
3015790.0,0,0,0,48,80
3015808.0,0,0,0,80,48
3015889.0,0,0,0,96,32
3015960.0,0,0,0,96,32
3016195.0,0,0,0,128,0
3016196.0,0,0,0,128,0
3016196.0,0,0,0,127,1
3016210.0,0,0,0,128,0
3016298.0,0,0,0,128,0
3016298.0,0,0,0,124,4
3016364.0,0,0,0,124,4
3016364.0,0,0,0,123,5
3016372.0,0,0,0,124,4
3016425.0,0,0,0,124,4
3016425.0,0,0,0,92,36
3016487.0,0,0,0,96,32
3016496.0,0,0,0,96,32
3016496.0,0,0,0,80,48
3016584.0,0,0,0,96,32
3016681.0,0,0,0,128,0
3016807.0,0,0,0,128,0
3016807.0,0,0,0,96,32
3017010.0,0,0,0,96,32
3017010.0,0,0,0,32,96
3017095.0,0,0,0,32,96
3017095.0,0,0,0,28,100
3017126.0,0,0,0,92,36
3017181.0,0,0,0,96,32
3017198.0,0,0,0,96,32
3017198.0,0,0,0,95,33
3017219.0,0,0,0,96,32
3017244.0,0,0,0,96,32
3017244.0,0,0,0,92,36
3017263.0,0,0,0,124,4
3017265.0,0,0,0,124,4
3017265.0,0,0,0,123,5
3017272.0,0,0,0,127,1
3017283.0,0,0,0,128,0
3017285.0,0,0,0,128,0
3017285.0,0,0,0,120,8
3017300.0,0,0,0,120,8
3017320.0,0,0,0,128,0
3017442.0,0,0,0,128,0
3017442.0,0,0,0,124,4
3017465.0,0,0,0,128,0
3017637.0,0,0,0,128,0
3017637.0,0,0,0,124,4
3017704.0,0,0,0,124,4
3017791.0,0,0,0,124,4
3017791.0,0,0,0,123,5
3017799.0,0,0,0,124,4
3017867.0,0,0,0,124,4
3017867.0,0,0,0,123,5
3017868.0,0,0,0,127,1
3017874.0,0,0,0,128,0
3017933.0,0,0,0,128,0
3018008.0,0,0,0,128,0
3018122.0,0,0,0,128,0
3018122.0,0,0,0,120,8
3018124.0,0,0,0,128,0
3018150.0,0,0,0,128,0
3018150.0,0,0,0,120,8
3018178.0,0,0,0,128,0
3018178.0,0,0,0,120,8
3018180.0,0,0,0,120,8
3018248.0,0,0,0,128,0
3018455.0,0,0,0,128,0
3018455.0,0,0,0,96,32
3018484.0,0,0,0,128,0
3018504.0,0,0,0,128,0
3018504.0,0,0,0,96,32
3018529.0,0,0,0,128,0
3018537.0,0,0,0,128,0
3018537.0,0,0,0,96,32
3018563.0,0,0,0,128,0
3018615.0,0,0,0,128,0
3018615.0,0,0,0,96,32
3018641.0,0,0,0,128,0
3018671.0,0,0,0,128,0
3018671.0,0,0,0,124,4
3018698.0,0,0,0,128,0
3018719.0,0,0,0,128,0
3019103.0,0,0,0,128,0
3019103.0,0,0,0,96,32
3019129.0,0,0,0,128,0
3019307.0,0,0,0,128,0
3019307.0,0,0,0,96,32
3019318.0,0,0,0,96,32
3019345.0,0,0,0,96,32
3019345.0,0,0,0,88,40
3019348.0,0,0,0,88,40
3019348.0,0,0,0,56,72
3019376.0,0,0,0,88,40
3019408.0,0,0,0,88,40
3019408.0,0,0,12,44,72
3019434.0,0,0,12,76,40
3019475.0,0,0,12,76,40
3019475.0,0,0,12,60,56
3019489.0,0,0,12,60,56
3019489.0,0,0,28,44,56
3019500.0,0,0,28,60,40
3019649.0,0,0,28,60,40
3019649.0,0,0,28,28,72
3019675.0,0,0,28,60,40
3019846.0,0,0,28,60,40
3019846.0,0,0,28,28,72
3019877.0,0,0,28,60,40
3019946.0,0,0,28,60,40
3019946.0,0,0,28,44,56
3019972.0,0,0,28,60,40
3020163.0,0,0,28,60,40
3020163.0,0,0,28,44,56
3020190.0,0,0,28,60,40
3020299.0,0,0,28,60,40
3020299.0,0,0,28,44,56
3020325.0,0,0,28,60,40
3020379.0,0,0,28,60,40
3020379.0,0,0,28,52,48
3020395.0,0,0,28,52,48
3020395.0,0,0,28,48,52
3020435.0,0,0,28,48,52
3020435.0,0,0,28,40,60
3020438.0,0,0,28,48,52
3020461.0,0,0,28,56,44
3020529.0,0,0,28,56,44
3020544.0,0,0,28,60,40
3020549.0,0,0,28,60,40
3020726.0,0,0,28,60,40
3020744.0,0,0,28,60,40
3020797.0,0,0,28,60,40
3020800.0,0,0,28,60,40
3020960.0,0,0,28,60,40
3021009.0,0,0,28,60,40
3021061.0,0,0,28,60,40
3021109.0,0,0,28,60,40
3021114.0,0,0,28,60,40
3021154.0,0,0,28,60,40
3021161.0,0,0,28,60,40
3021188.0,0,0,28,60,40
3021271.0,0,0,28,60,40
3021441.0,0,0,28,60,40
3021464.0,0,0,28,60,40
3021473.0,0,0,28,60,40
3021481.0,0,0,28,60,40
3021536.0,0,0,28,60,40
3021655.0,0,0,28,60,40
3021705.0,0,0,28,60,40
3022040.0,0,0,28,60,40
3022108.0,12,0,16,60,40
3022108.0,0,12,16,60,40
3022189.0,16,12,0,60,40
3022189.0,8,20,0,60,40
3022586.0,8,20,0,60,40
3022734.0,8,20,0,60,40
3022826.0,8,20,0,60,40
3022920.0,8,20,0,60,40
3023003.0,8,20,0,60,40
3023205.0,8,20,0,60,40
3023391.0,8,20,0,60,40
3023469.0,8,20,0,60,40
3023494.0,8,20,0,60,40
3023540.0,8,20,0,60,40
3023647.0,8,20,0,60,40
3023698.0,8,20,0,60,40
3023774.0,8,20,0,60,40
3023841.0,8,20,0,60,40
3023904.0,8,20,0,60,40
3023908.0,8,8,0,72,40
3023908.0,8,8,0,0,112
3023919.0,8,8,0,0,112
3023938.0,8,8,0,8,104
3023989.0,8,0,0,16,104
3023989.0,8,0,0,8,112
3024032.0,8,0,0,16,104
3024047.0,8,0,0,16,104
3024086.0,8,0,0,80,40
3024086.0,8,0,0,16,104
3024113.0,8,0,0,24,96
3024117.0,8,0,0,32,88
3024140.0,8,0,0,40,80
3024144.0,8,0,0,40,80
3024146.0,8,0,0,40,80
3024182.0,8,0,0,40,80
3024204.0,8,0,0,40,80
3024213.0,8,0,0,72,48
3024213.0,8,0,0,4,116
3024242.0,8,0,0,68,52
3024242.0,8,0,0,20,100
3024263.0,8,0,0,36,84
3024263.0,8,0,0,4,116
3024298.0,8,0,0,8,112
3024298.0,0,8,0,8,112
3024304.0,0,8,0,40,80
3024410.0,0,8,0,48,72
3024452.0,0,8,0,48,72
3024466.0,0,8,0,48,72
3024481.0,0,8,0,80,40
3024481.0,0,8,0,16,104
3024493.0,0,8,0,80,40
3024493.0,0,8,0,16,104
3024503.0,0,8,0,48,72
3024503.0,0,8,0,32,88
3024515.0,0,8,0,64,56
3024515.0,0,8,0,16,104
3024517.0,0,8,0,32,88
3024547.0,0,8,0,48,72
3024547.0,0,8,0,8,112
3024592.0,0,8,0,40,80
3024592.0,0,8,0,8,112
3024634.0,0,8,0,16,104
3024856.0,0,8,0,16,104
3024938.0,0,8,0,16,104
3025488.0,0,8,0,16,104
3025509.0,0,8,0,16,104
3025561.0,0,8,0,48,72
3025561.0,0,8,0,15,105
3025585.0,0,8,0,16,104
3025613.0,0,8,0,16,104
3025679.0,0,8,0,48,72
3025679.0,0,8,0,16,104
3025691.0,0,8,0,48,72
3025691.0,0,8,0,21,99
3025700.0,0,8,0,22,98
3025706.0,0,8,0,23,97
3025713.0,0,8,0,24,96
3025778.0,0,8,0,40,80
3025778.0,0,8,0,8,112
3025780.0,0,8,0,16,104
3025780.0,0,8,0,15,105
3025801.0,0,8,0,16,104
3025909.0,0,8,0,48,72
3025909.0,0,8,0,14,106
3025938.0,0,8,0,15,105
3025941.0,0,8,0,16,104
3026098.0,0,0,0,24,104
3026098.0,0,0,0,8,120
3026115.0,0,0,0,24,104
3026148.0,0,0,0,56,72
3026148.0,0,0,0,3,125
3026170.0,0,0,0,11,117
3026170.0,0,0,0,7,121
3026176.0,0,0,0,8,120
3026223.0,0,0,0,9,119
3026238.0,0,0,0,13,115
3026285.0,0,0,0,17,111
3026498.0,0,0,0,17,111
3026519.0,0,0,0,17,111
3026522.0,0,0,0,21,107
3026532.0,0,0,0,22,106
3026577.0,0,0,0,54,74
3026577.0,0,0,0,16,112
3026595.0,0,0,0,16,112
3026709.0,0,0,0,18,110
3026727.0,0,0,0,22,106
3026754.0,0,0,0,22,106
3026799.0,0,0,0,22,106
3026837.0,0,0,0,22,106
3026864.0,0,0,0,22,106
3026909.0,0,0,0,22,106
3026939.0,0,0,0,22,106
3026949.0,0,0,0,22,106
3026979.0,0,0,0,22,106
3026998.0,0,0,0,22,106
3027053.0,0,0,0,22,106
3027249.0,0,0,0,54,74
3027249.0,0,0,0,4,124
3027279.0,0,0,0,5,123
3027280.0,0,0,0,6,122
3027285.0,0,0,0,7,121
3027293.0,0,0,0,12,116
3027330.0,0,0,0,14,114
3027335.0,0,0,0,14,114
3027356.0,0,0,0,14,114
3027424.0,0,0,0,18,110
3027447.0,0,0,0,22,106
3027532.0,0,0,0,22,106
3027538.0,0,0,0,22,106
3027632.0,0,0,0,22,106
3027677.0,0,0,0,24,104
3027687.0,0,0,0,24,104
3027714.0,0,0,0,24,104
3027762.0,0,0,0,24,104
3027837.0,0,0,0,24,104
3027896.0,0,0,0,24,104
3027904.0,0,0,0,24,104
3027942.0,0,0,0,24,104
3027961.0,0,0,0,24,104
3028015.0,0,0,0,24,104
3028042.0,0,0,0,56,72
3028042.0,0,0,0,7,121
3028069.0,0,0,0,8,120
3028069.0,0,0,0,0,128
3028086.0,0,0,0,0,128
3028091.0,0,0,0,8,120
3028091.0,0,0,0,2,126
3028099.0,0,0,0,3,125
3028109.0,0,0,0,7,121
3028109.0,0,0,0,3,125
3028111.0,0,0,0,7,121
3028111.0,0,0,0,1,127
3028113.0,0,0,0,2,126
3028128.0,0,0,0,3,125
3028130.0,0,0,0,7,121
3028131.0,0,0,0,11,117
3028131.0,0,0,0,2,126
3028133.0,0,0,0,3,125
3028138.0,0,0,0,4,124
3028140.0,0,0,0,6,122
3028158.0,0,0,0,10,118
3028181.0,0,0,0,12,116
3028212.0,0,0,0,16,112
3028216.0,0,0,0,24,104
3028234.0,0,0,0,24,104
3028563.0,0,0,0,24,104
3028859.0,0,0,0,24,104
3029008.0,0,0,0,24,104
3029189.0,0,0,0,24,104
3029190.0,0,0,0,24,104
3029245.0,0,0,0,24,104
3029260.0,0,0,0,24,104
3029379.0,0,0,0,24,104
3029380.0,0,0,0,24,104
3029424.0,0,0,0,24,104
3029457.0,0,0,0,24,104
3029507.0,0,0,0,24,104
3029509.0,0,0,0,24,104
3029715.0,0,0,0,24,104
3029940.0,0,0,0,56,72
3029940.0,0,0,0,7,121
3029952.0,0,0,0,8,120
3030028.0,0,0,0,16,112
3030045.0,0,0,0,24,104
3030070.0,0,0,0,56,72
3030070.0,0,0,0,18,110
3030085.0,0,0,0,21,107
3030091.0,0,0,0,22,106
3030098.0,0,0,0,23,105
3030132.0,0,0,0,24,104
3030279.0,0,0,0,56,72
3030281.0,0,0,0,64,64
3030699.0,0,0,0,64,64
3030699.0,0,0,0,0,128
3030720.0,0,0,0,64,64
3030732.0,0,0,0,64,64
3030732.0,0,0,0,0,128
3030779.0,0,0,0,64,64
3030785.0,0,0,0,64,64
3030785.0,0,0,0,32,96
3030786.0,0,0,0,32,96
3030786.0,0,0,0,0,128
3030837.0,0,0,0,32,96
3031366.0,0,0,0,32,96
3031366.0,0,0,0,0,128
3031450.0,0,0,0,32,96
3031539.0,0,0,0,32,96
3031539.0,0,0,0,0,128
3031621.0,0,0,0,0,128
3031636.0,0,0,0,0,128
3031637.0,0,0,0,32,96
3031637.0,0,0,0,24,104
3031691.0,0,0,0,24,104
3031782.0,0,0,0,32,96
3031782.0,0,0,0,0,128
3031834.0,0,0,0,0,128
3031866.0,0,0,0,32,96
3032181.0,0,0,0,32,96
3032358.0,0,0,0,32,96
3032391.0,0,0,0,32,96
3032392.0,0,0,0,32,96
3032442.0,0,0,0,32,96
3032563.0,0,0,0,32,96
3032785.0,0,0,0,32,96
3032900.0,0,0,0,64,64
3032900.0,0,0,0,0,128
3032923.0,0,0,0,0,128
3032934.0,0,0,0,64,64
3032934.0,0,0,0,7,121
3033024.0,0,0,0,23,105
3033024.0,0,0,0,1,127
3033031.0,0,0,0,2,126
3033046.0,0,0,0,10,118
3033094.0,0,0,0,14,114
3033097.0,0,0,0,16,112
3033103.0,0,0,0,24,104
3033122.0,0,0,0,24,104
3033122.0,0,0,0,8,120
3033150.0,0,0,0,8,120
3033150.0,0,0,0,0,128
3033172.0,0,0,0,16,112
3033180.0,0,0,0,16,112
3033180.0,0,0,0,0,128
3033274.0,0,0,0,16,112
3033405.0,0,0,0,16,112
3033405.0,0,0,0,8,120
3033456.0,0,0,0,16,112
3033469.0,0,0,0,48,80
3033473.0,0,0,0,48,80
3033473.0,0,0,0,47,81
3033482.0,0,0,0,47,81
3033482.0,0,0,0,31,97
3033493.0,0,0,0,32,96
3033582.0,0,0,0,48,80
3034077.0,0,0,0,48,80
3034077.0,0,0,0,32,96
3034118.0,0,0,0,32,96
3034118.0,0,0,0,16,112
3034188.0,0,0,0,32,96
3034189.0,0,0,0,48,80
3034209.0,0,0,0,48,80
3034209.0,0,0,0,32,96
3034218.0,0,0,0,64,64
3034312.0,0,0,0,64,64
3034312.0,0,0,0,0,128
3034320.0,0,0,0,0,128
3034323.0,0,0,0,64,64
3034339.0,0,0,0,64,64
3034339.0,0,0,0,32,96
3034347.0,0,0,0,64,64
3034379.0,0,0,0,64,64
3034416.0,0,0,0,80,48
3034437.0,0,0,0,80,48
3034472.0,0,0,0,80,48
3034472.0,0,0,0,64,64
3034711.0,0,0,0,80,48
3034749.0,0,0,0,80,48
3034749.0,0,0,0,64,64
3034824.0,0,0,0,72,56
3034977.0,0,0,0,72,56
3034977.0,0,0,0,71,57
3035041.0,0,0,0,87,41
3035050.0,0,0,0,87,41
3035237.0,0,0,0,87,41
3035309.0,0,0,0,87,41
3035309.0,0,0,0,71,57
3035368.0,0,0,0,71,57
3035368.0,0,0,0,39,89
3035386.0,0,0,0,71,57
3035401.0,0,0,0,71,57
3035401.0,0,0,0,39,89
3035422.0,0,0,0,71,57
3035437.0,0,0,0,87,41
3035466.0,0,0,0,87,41
3035580.0,0,0,0,87,41
3035580.0,0,0,0,55,73
3035736.0,0,0,0,87,41
3035740.0,0,0,0,87,41
3035740.0,0,0,0,55,73
3036229.0,0,0,0,87,41
3036239.0,0,0,0,87,41
3036239.0,0,0,0,83,45
3036294.0,0,0,0,87,41
3036529.0,0,0,0,87,41
3036529.0,0,0,0,23,105
3036534.0,0,0,0,23,105
3036549.0,0,0,0,23,105
3036549.0,0,0,0,22,106
3036587.0,0,0,0,23,105
3036619.0,0,0,0,24,104
3036734.0,0,0,0,88,40
3036746.0,0,0,0,88,40
3036746.0,0,0,0,55,73
3036772.0,0,0,0,55,73
3036778.0,0,0,0,55,73
3036778.0,0,0,0,23,105
3036788.0,0,0,0,55,73
3036866.0,0,0,0,56,72
3036874.0,0,0,0,56,72
3036919.0,0,0,0,56,72
3036919.0,0,0,0,48,80
3036923.0,0,0,0,48,80
3036923.0,0,0,0,47,81
3036925.0,0,0,0,79,49
3036936.0,0,0,0,79,49
3036936.0,0,0,0,47,81
3036940.0,0,0,0,48,80
3036946.0,0,0,0,80,48
3036956.0,0,0,0,80,48
3036956.0,0,0,0,79,49
3036968.0,0,0,0,79,49
3036968.0,0,0,0,47,81
3037011.0,0,0,0,79,49
3037056.0,0,0,0,79,49
3037056.0,0,0,0,47,81
3037060.0,0,0,0,55,73
3037079.0,0,0,0,87,41
3037093.0,0,0,0,88,40
3037100.0,0,0,0,88,40
3037100.0,0,0,0,56,72
3037101.0,0,0,0,88,40
3037109.0,0,0,0,88,40
3037109.0,0,0,0,56,72
3037129.0,0,0,0,88,40
3037182.0,0,0,0,88,40
3037182.0,0,0,0,84,44
3037228.0,0,0,0,88,40
3037267.0,0,0,0,88,40
3037267.0,0,0,0,24,104
3037331.0,0,0,0,88,40
3037402.0,0,0,0,88,40
3037402.0,0,0,0,56,72
3037413.0,0,0,0,56,72
3037413.0,0,0,0,52,76
3037426.0,0,0,0,84,44
3037452.0,0,0,0,88,40
3037528.0,0,0,0,88,40
3037528.0,0,0,0,87,41
3037557.0,0,0,0,87,41
3037557.0,0,0,0,83,45
3037599.0,0,0,0,87,41
3037749.0,0,0,0,87,41
3037749.0,0,0,0,71,57
3037800.0,0,0,0,72,56
3037816.0,0,0,0,88,40
3037923.0,0,0,0,88,40
3037923.0,0,0,22,66,40
3037965.0,0,0,22,66,40
3037965.0,0,0,22,65,41
3037997.0,0,0,22,66,40
3038216.0,0,0,22,66,40
3038216.0,0,0,22,62,44
3038254.0,0,0,22,66,40
3038275.0,0,0,22,66,40
3038275.0,0,0,22,65,41
3038365.0,0,0,22,65,41
3038365.0,0,0,22,64,42
3038406.0,0,0,22,65,41
3038420.0,0,0,22,65,41
3038420.0,0,0,22,64,42
3038456.0,0,0,22,64,42
3038456.0,0,0,22,60,46
3038465.0,0,0,22,61,45
3038472.0,0,0,22,61,45
3038472.0,0,0,22,57,49
3038494.0,0,0,22,61,45
3038495.0,0,0,22,61,45
3038495.0,0,0,22,59,47
3038623.0,0,0,22,65,41
3038697.0,0,0,22,65,41
3038697.0,0,0,22,61,45
3038738.0,0,0,22,65,41
3038963.0,0,0,22,65,41
3038963.0,0,0,22,61,45
3039000.0,0,0,22,65,41
3039026.0,0,0,22,65,41
3039026.0,0,0,22,61,45
3039066.0,0,0,22,65,41
3039289.0,0,0,22,65,41
3039289.0,0,0,22,64,42
3039327.0,0,0,22,65,41
3039343.0,0,0,22,65,41
3039343.0,0,0,22,64,42
3039376.0,0,0,22,65,41
3039380.0,0,0,22,65,41
3039380.0,0,0,22,61,45
3039402.0,0,0,22,61,45
3039402.0,0,0,22,59,47
3039518.0,0,0,22,59,47
3039518.0,0,0,22,43,63
3039599.0,0,0,22,59,47
3039689.0,0,0,22,65,41
3039799.0,0,0,22,65,41
3039799.0,0,0,22,61,45
3039820.0,0,0,22,65,41
3039829.0,0,0,22,65,41
3039829.0,0,0,22,61,45
3039861.0,0,0,22,61,45
3039861.0,0,0,22,57,49
3039883.0,0,0,22,57,49
3039883.0,0,0,22,55,51
3039890.0,0,0,22,55,51
3039890.0,0,0,22,23,83
3039892.0,0,0,22,27,79
3039949.0,0,0,22,27,79
3039949.0,0,0,22,23,83
3039967.0,0,0,22,29,77
3039990.0,0,0,22,33,73
3040026.0,0,0,22,65,41
3040160.0,0,0,22,65,41
3040160.0,0,0,22,1,105
3040187.0,0,0,22,1,105
3040187.0,0,0,23,0,105
3040293.0,0,0,23,0,105
3040315.0,0,0,23,0,105
3040383.0,0,0,23,64,41
3040389.0,0,0,23,64,41
3040389.0,0,0,23,60,45
3040427.0,0,0,23,64,41
3040441.0,0,0,23,64,41
3040441.0,0,0,23,60,45
3040479.0,0,0,23,64,41
3040522.0,0,0,23,64,41
3040522.0,0,0,23,60,45
3040574.0,0,0,23,64,41
3040622.0,0,0,23,64,41
3040622.0,0,0,23,60,45
3040623.0,22,0,1,60,45
3040623.0,17,5,1,60,45
3040659.0,17,5,1,64,41
3040713.0,17,5,1,64,41
3040713.0,17,5,1,56,49
3040761.0,17,5,1,64,41
3040846.0,17,5,1,64,41
3040846.0,17,5,1,48,57
3041046.0,17,5,1,48,57
3041046.0,17,5,1,16,89
3041136.0,17,5,1,17,88
3041267.0,17,5,1,33,72
3041272.0,17,5,1,33,72
3041272.0,17,5,1,29,76
3041277.0,17,5,1,61,44
3041310.0,17,5,1,65,40
3041325.0,17,5,1,65,40
3041325.0,17,5,1,49,56
3041384.0,17,5,1,65,40
3041417.0,17,5,1,65,40
3041417.0,17,5,1,49,56
3041423.0,17,5,1,65,40
3041424.0,17,5,1,65,40
3041424.0,17,5,1,49,56
3041499.0,17,5,1,49,56
3041499.0,17,5,1,33,72
3041512.0,17,5,1,49,56
3041939.0,17,5,1,65,40
3041953.0,17,5,1,65,40
3041953.0,17,5,1,49,56
3041997.0,17,5,1,49,56
3041997.0,17,5,1,41,64
3042021.0,17,5,1,57,48
3042026.0,17,5,1,65,40
3042026.0,17,5,1,49,56
3042074.0,17,5,1,65,40
3042076.0,17,5,1,65,40
3042076.0,17,5,1,61,44
3042080.0,17,5,1,61,44
3042080.0,17,5,1,45,60
3042086.0,17,5,1,61,44
3042088.0,17,5,1,61,44
3042088.0,17,5,1,45,60
3042094.0,17,5,1,61,44
3042095.0,17,5,1,61,44
3042095.0,17,5,1,45,60
3042103.0,17,5,1,45,60
3042103.0,17,5,1,44,61
3042106.0,17,5,1,45,60
3042114.0,17,5,1,49,56
3042169.0,17,5,1,65,40
3042332.0,17,5,1,65,40
3042332.0,17,5,1,33,72
3042342.0,17,5,1,33,72
3042342.0,17,5,1,25,80
3042423.0,17,0,1,30,80
3042423.0,17,0,1,28,82
3042426.0,17,0,1,28,82
3042426.0,17,0,1,24,86
3042493.0,17,0,1,28,82
3042587.0,17,0,1,28,82
3042587.0,17,0,1,24,86
3042660.0,17,0,1,28,82
3042665.0,17,0,1,28,82
3042665.0,17,0,1,24,86
3042785.0,17,0,1,26,84
3042838.0,17,0,1,34,76
3042887.0,18,0,0,34,76
3042887.0,17,1,0,34,76
3042888.0,17,1,0,38,72
3042892.0,17,1,0,38,72
3042892.0,17,1,0,6,104
3042959.0,17,1,0,6,104
3042959.0,16,2,0,6,104
3042978.0,16,2,0,38,72
3043003.0,16,2,0,38,72
3043003.0,16,2,0,6,104
3043068.0,16,2,0,6,104
3043068.0,12,6,0,6,104
3043167.0,12,6,0,6,104
3043219.0,12,6,0,6,104
3043315.0,12,6,0,6,104
3043397.0,12,6,0,6,104
3043877.0,12,6,0,6,104
3043923.0,12,6,0,38,72
3043923.0,12,6,0,6,104
3043963.0,12,6,0,14,96
3043963.0,4,14,0,14,96
3043970.0,4,14,0,30,80
3043970.0,4,14,0,14,96
3043983.0,4,14,0,14,96
3043996.0,4,14,0,14,96
3044015.0,4,14,0,30,80
3044083.0,4,14,0,38,72
3044687.0,4,13,0,39,72
3044687.0,4,13,0,35,76
3044759.0,4,12,0,36,76
3044759.0,4,12,0,32,80
3044802.0,4,12,0,36,76
3044802.0,0,16,0,36,76
3044868.0,0,12,0,40,76
3044868.0,0,12,0,36,80
3045072.0,0,12,0,40,76
3045078.0,0,12,0,48,68
3045495.0,0,12,0,48,68
3045495.0,0,12,0,47,69
3045526.0,0,12,0,79,37
3045536.0,0,12,0,79,37
3045536.0,0,12,0,47,69
3045618.0,0,12,0,79,37
3045623.0,0,12,0,79,37
3045623.0,0,12,0,47,69
3045739.0,0,12,0,79,37
3045763.0,0,4,0,87,37
3045763.0,0,4,0,71,53
3045875.0,0,4,0,87,37
3046056.0,0,4,0,87,37
3046056.0,0,4,0,71,53
3046062.0,0,4,0,87,37
3046177.0,0,4,0,87,37
3046177.0,0,4,0,55,69
3046539.0,0,4,0,56,68
3046566.0,0,4,0,56,68
3046566.0,0,4,0,55,69
3046578.0,0,4,0,55,69
3046602.0,0,0,0,59,69
3046602.0,0,0,0,27,101
3046674.0,0,0,0,28,100
3046726.0,0,0,0,60,68
3046757.0,0,0,0,60,68
3046757.0,0,0,0,59,69
3046770.0,0,0,0,60,68
3047322.0,0,0,0,92,36
3047348.0,0,0,0,92,36
3047348.0,0,0,0,60,68
3047615.0,0,0,0,60,68
3047733.0,0,0,0,60,68
3047733.0,0,0,0,59,69
3047828.0,0,0,0,60,68
3047851.0,0,0,0,60,68
3047851.0,0,0,0,59,69
3047977.0,0,0,0,60,68
3048171.0,0,0,0,60,68
3048171.0,0,0,0,59,69
3048280.0,0,0,0,60,68
3048412.0,0,0,0,60,68
3048412.0,0,0,0,59,69
3048517.0,0,0,0,60,68
3048672.0,0,0,0,60,68
3048672.0,0,0,4,56,68
3048678.0,0,0,4,56,68
3048678.0,0,0,11,49,68
3048915.0,0,0,11,49,68
3048915.0,0,0,11,48,69
3049021.0,0,0,11,49,68
3049475.0,0,0,11,49,68
3049475.0,0,0,26,34,68
3049573.0,0,0,26,34,68
3049573.0,0,0,26,33,69
3049713.0,0,0,26,34,68
3049905.0,0,0,26,34,68
3049905.0,0,0,26,33,69
3050139.0,0,0,26,33,69
3050139.0,0,0,27,32,69
3050152.0,0,0,27,33,68
3050178.0,0,0,27,33,68
3050178.0,0,0,27,32,69
3050269.0,0,0,27,64,37
3050270.0,0,0,27,97,4
3050277.0,0,0,27,97,4
3050277.0,0,0,27,96,5
3050297.0,0,0,27,97,4
3050326.0,0,0,27,97,4
3050326.0,0,0,59,65,4
3051180.0,0,0,59,65,4
3051180.0,0,0,59,33,36
3051235.0,0,0,59,33,36
3051235.0,0,0,59,29,40
3051241.0,0,0,59,29,40
3051241.0,0,0,59,25,44
3051260.0,0,0,59,25,44
3051260.0,0,0,59,24,45
3051267.0,0,0,59,25,44
3051314.0,0,0,59,29,40
3051319.0,0,0,59,29,40
3051319.0,0,0,59,28,41
3051358.0,0,0,59,60,9
3051367.0,0,0,59,64,5
3051372.0,4,0,55,64,5
3051378.0,11,0,48,64,5
3051382.0,11,0,48,64,5
3051382.0,11,0,48,60,9
3051402.0,11,0,48,61,8
3051410.0,11,0,48,65,4
3051419.0,11,0,48,65,4
3051419.0,11,0,48,64,5
3051440.0,11,0,48,64,5
3051440.0,11,0,48,60,9
3051453.0,11,0,48,61,8
3051464.0,11,0,48,65,4
3051659.0,11,0,48,65,4
3051659.0,11,0,48,33,36
3051716.0,11,0,48,33,36
3051716.0,11,0,48,29,40
3051777.0,11,0,48,29,40
3051777.0,11,0,48,28,41
3051782.0,11,0,48,29,40
3051793.0,11,0,48,29,40
3051793.0,11,0,48,28,41
3051799.0,11,0,48,29,40
3051878.0,11,0,48,61,8
3051883.0,11,0,48,65,4
3052071.0,11,0,48,69,0
3052175.0,26,0,33,69,0
3052839.0,27,0,32,69,0
3053026.0,59,0,0,69,0
3053869.0,59,0,0,69,0
3053870.0,59,0,0,69,0
3053870.0,59,0,24,45,0
3054867.0,59,0,24,45,0
3054867.0,59,0,25,44,0
3054967.0,59,0,25,44,0
3054967.0,59,0,28,41,0
3055143.0,59,0,28,41,0
3055143.0,59,0,28,37,4
3055178.0,59,0,28,41,0
3055399.0,59,0,28,41,0
3055399.0,59,0,29,40,0
3055473.0,59,0,29,40,0
3055473.0,59,0,29,36,4
3055478.0,59,0,29,36,4
3055478.0,59,0,57,8,4
3055483.0,59,0,57,8,4
3055483.0,59,0,61,4,4
3055498.0,59,0,61,8,0
3055505.0,59,0,61,8,0
3055514.0,59,0,61,8,0
3055671.0,59,0,61,8,0
3055671.0,59,0,65,4,0
3055676.0,59,0,65,4,0
3055676.0,52,7,65,4,0
3055681.0,52,7,65,4,0
3055699.0,52,7,65,4,0
3055733.0,52,7,65,4,0
3055759.0,52,7,65,4,0
3055772.0,52,7,65,4,0
3055789.0,52,7,65,4,0
3056035.0,52,7,65,4,0
3056035.0,51,8,65,4,0
3056570.0,75,8,41,4,0
3056570.0,59,24,41,4,0
3057476.0,59,17,41,11,0
3057567.0,60,17,40,11,0
3057567.0,59,18,40,11,0
3057667.0,62,18,37,11,0
3057667.0,59,21,37,11,0
3057835.0,59,20,37,12,0
3057835.0,59,20,37,11,1
3057838.0,59,20,37,12,0
3058099.0,60,20,36,12,0
3058099.0,59,21,36,12,0
3058178.0,87,21,8,12,0
3058178.0,59,49,8,12,0
3058183.0,63,49,4,12,0
3058183.0,59,53,4,12,0
3058306.0,59,53,4,12,0
3058370.0,59,37,4,28,0
3058370.0,59,37,4,12,16
3058371.0,63,37,0,12,16
3058373.0,63,37,0,13,15
3058374.0,63,37,0,15,13
3058376.0,63,37,0,16,12
3058412.0,63,37,0,24,4
3058421.0,63,37,0,28,0
3059339.0,63,37,0,28,0
3059367.0,63,36,0,29,0
3059467.0,63,33,0,32,0
3059843.0,63,33,0,32,0
3059899.0,63,32,0,33,0
3059978.0,63,4,0,61,0
3059978.0,63,4,0,45,16
3059983.0,63,0,0,49,16
3059983.0,63,0,0,17,48
3060076.0,63,0,0,25,40
3060083.0,63,0,0,57,8
3060084.0,63,0,0,65,0
3060084.0,0,63,0,65,0
3060236.0,0,63,0,65,0
3060862.0,0,63,0,65,0
3060907.0,0,63,0,65,0
3061051.0,0,63,0,65,0
3061221.0,0,63,0,65,0
3061358.0,0,63,0,65,0
3061380.0,0,63,0,65,0
3061438.0,0,63,0,65,0
3061493.0,0,63,0,65,0
3061837.0,0,63,0,65,0
3061884.0,0,0,0,128,0
3061884.0,0,0,0,0,128
3062627.0,0,0,0,128,0
3062627.0,0,0,0,0,128
3063127.0,0,0,0,128,0
3063127.0,0,0,0,0,128
3063599.0,0,0,0,64,64
3063599.0,0,0,0,23,105
3063663.0,0,0,0,24,104
3063722.0,0,0,0,32,96
3063722.0,0,0,0,0,128
3063794.0,0,0,0,32,96
3063794.0,0,0,0,16,112
3063972.0,0,0,0,48,80
3063972.0,0,0,0,16,112
3064024.0,0,0,0,48,80
3064024.0,0,0,0,16,112
3064305.0,0,0,0,48,80
3064305.0,0,0,0,16,112
3064310.0,0,0,0,48,80
3064654.0,0,0,0,64,64
3066033.0,0,0,0,64,64
3066128.0,0,0,0,64,64
3067199.0,0,0,0,64,64
3067327.0,0,0,0,64,64
3067384.0,0,0,0,64,64
3067394.0,0,0,0,64,64
3067394.0,0,0,16,48,64
3067553.0,0,0,16,48,64
3067588.0,0,0,16,48,64
3067757.0,0,0,16,48,64
3067909.0,0,0,16,48,64
3067910.0,0,0,16,48,64
3067910.0,0,0,48,16,64
3068173.0,0,0,48,16,64
3068254.0,0,0,48,16,64
3068254.0,0,0,64,0,64
3069168.0,0,0,64,0,64
3069312.0,0,0,64,64,0
3069380.0,0,0,64,64,0
3069539.0,0,0,64,64,0
3069744.0,0,0,64,64,0
3070094.0,16,0,48,64,0
3070094.0,0,16,48,64,0
3070610.0,32,16,16,64,0
3070610.0,0,48,16,64,0
3070954.0,16,48,0,64,0
3070954.0,0,64,0,64,0
3071894.0,0,48,0,80,0
3072410.0,0,16,0,112,0
3072754.0,0,0,0,128,0
3072754.0,0,0,0,0,128
3072845.0,0,0,0,128,0
3072845.0,0,0,0,53,75
3072855.0,0,0,0,54,74
3072873.0,0,0,0,55,73
3072933.0,0,0,0,57,71
3072935.0,0,0,0,58,70
3072940.0,0,0,0,59,69
3072941.0,0,0,0,60,68
3072943.0,0,0,0,61,67
3072944.0,0,0,0,62,66
3072952.0,0,0,0,63,65
3072957.0,0,0,0,64,64
3072971.0,0,0,0,64,64
3072971.0,0,0,0,63,65
3073206.0,0,0,0,64,64
3073235.0,0,0,0,64,64
3073235.0,0,0,0,63,65
3073483.0,0,0,0,64,64
3073516.0,0,0,0,64,64
3073516.0,0,0,0,63,65
3073597.0,0,0,0,64,64
3073731.0,0,0,0,64,64
3073731.0,0,0,0,63,65
3073852.0,0,0,0,64,64
3076445.0,0,0,0,64,64
3076445.0,0,0,53,11,64
3076455.0,0,0,53,11,64
3076455.0,0,0,54,10,64
3076533.0,0,0,54,10,64
3076533.0,0,0,56,8,64
3076535.0,0,0,56,8,64
3076535.0,0,0,57,7,64
3076540.0,0,0,57,7,64
3076540.0,0,0,58,6,64
3076541.0,0,0,58,6,64
3076541.0,0,0,59,5,64
3076543.0,0,0,59,5,64
3076543.0,0,0,60,4,64
3076544.0,0,0,60,4,64
3076544.0,0,0,61,3,64
3076552.0,0,0,61,3,64
3076552.0,0,0,62,2,64
3076557.0,0,0,62,2,64
3076557.0,0,0,63,1,64
3076807.0,0,0,63,1,64
3076807.0,0,0,63,0,65
3076919.0,0,0,63,1,64
3077452.0,0,0,63,1,64
3079145.0,53,0,10,1,64
3079155.0,54,0,9,1,64
3079233.0,56,0,7,1,64
3079235.0,57,0,6,1,64
3079240.0,58,0,5,1,64
3079241.0,59,0,4,1,64
3079243.0,60,0,3,1,64
3079244.0,61,0,2,1,64
3079252.0,62,0,1,1,64
3079257.0,63,0,0,1,64
3080519.0,63,0,0,1,64
3080519.0,63,0,1,0,64
3081827.0,63,0,1,0,64
3081997.0,63,0,1,0,64
3081997.0,62,1,1,0,64
3082221.0,62,1,1,0,64
3082221.0,61,2,1,0,64
3082257.0,61,2,1,0,64
3082257.0,60,3,1,0,64
3083219.0,61,3,0,0,64
3083219.0,60,4,0,0,64
3083770.0,60,4,0,64,0
3083797.0,60,3,0,65,0
3083797.0,60,3,0,64,1
3083881.0,60,3,0,65,0
3084021.0,60,2,0,66,0
3084021.0,60,2,0,65,1
3084048.0,60,2,0,66,0
3084057.0,60,1,0,67,0
3084057.0,60,1,0,66,1
3084154.0,60,1,0,67,0
3084254.0,60,1,0,67,0
3084254.0,60,1,0,66,1
3084393.0,60,1,0,67,0
3084551.0,60,1,0,67,0
3084551.0,60,1,0,66,1
3084659.0,60,1,0,67,0
3084977.0,60,1,0,67,0
3084977.0,60,1,0,66,1
3085019.0,60,0,0,67,1
3085019.0,60,0,0,66,2
3085094.0,60,0,0,67,1
3085124.0,60,0,0,68,0
3085180.0,60,0,0,68,0
3085180.0,60,0,0,67,1
3085290.0,60,0,0,68,0
3085359.0,60,0,0,68,0
3085359.0,60,0,0,67,1
3085460.0,60,0,0,68,0
3085548.0,60,0,0,68,0
3085548.0,60,0,0,67,1
3085651.0,60,0,0,68,0
3085748.0,60,0,0,68,0
3085748.0,60,0,0,67,1
3085844.0,60,0,0,68,0
3085967.0,60,0,0,68,0
3085967.0,60,0,0,67,1
3086085.0,60,0,0,68,0
3087255.0,60,0,0,68,0
3087255.0,60,0,0,67,1
3087355.0,60,0,0,68,0
3087370.0,60,0,0,68,0
3087370.0,60,0,63,5,0
3087416.0,60,0,63,5,0
3087416.0,0,60,63,5,0
3087481.0,0,60,63,5,0
3088625.0,0,60,63,5,0
3088646.0,0,60,63,5,0
3089010.0,0,60,63,5,0
3089216.0,0,0,63,65,0
3089330.0,0,0,63,65,0
3089389.0,0,0,63,65,0
3089719.0,0,0,63,65,0
3089738.0,0,0,63,65,0
3090070.0,63,0,0,65,0
3090070.0,0,63,0,65,0
3090086.0,0,63,0,65,0
3090140.0,0,63,0,65,0
3090168.0,0,63,0,65,0
3090243.0,0,63,0,65,0
3090915.0,0,63,0,65,0
3091807.0,0,63,0,65,0
3091870.0,0,0,0,128,0
3091870.0,0,0,0,0,128
3092617.0,0,0,0,128,0
3092617.0,0,0,0,100,28
3092621.0,0,0,0,101,27
3092624.0,0,0,0,102,26
3092625.0,0,0,0,103,25
3092628.0,0,0,0,111,17
3092632.0,0,0,0,119,9
3092639.0,0,0,0,127,1
3093718.0,0,0,0,128,0
3093718.0,0,0,0,0,128
3093745.0,0,0,0,0,128
3093746.0,0,0,0,128,0
3093746.0,0,0,0,126,2
3093752.0,0,0,0,127,1
3093759.0,0,0,0,128,0
3093759.0,0,0,0,0,128
3093799.0,0,0,0,0,128
3094103.0,0,0,0,128,0
3094103.0,0,0,0,0,128
3094166.0,0,0,0,0,128
3094252.0,0,0,0,0,128
3094282.0,0,0,0,0,128
3094354.0,0,0,0,0,128
3094540.0,0,0,0,0,128
3094772.0,0,0,0,0,128
3094844.0,0,0,0,128,0
3094844.0,0,0,0,88,40
3094848.0,0,0,0,89,39
3094849.0,0,0,0,93,35
3094855.0,0,0,0,94,34
3094860.0,0,0,0,95,33
3094863.0,0,0,0,96,32
3095030.0,0,0,0,96,32
3095030.0,0,0,0,95,33
3095038.0,0,0,0,96,32
3095274.0,0,0,0,96,32
3095274.0,0,0,0,64,64
3095411.0,0,0,0,64,64
3095411.0,0,0,0,63,65
3095460.0,0,0,0,64,64
3095530.0,0,0,0,64,64
3095530.0,0,0,0,32,96
3095787.0,0,0,0,32,96
3095787.0,0,0,0,0,128
3095818.0,0,0,0,32,96
3095856.0,0,0,0,32,96
3095856.0,0,0,0,0,128
3095878.0,0,0,0,32,96
3095948.0,0,0,0,32,96
3095948.0,0,0,0,28,100
3096065.0,0,0,0,28,100
3096111.0,0,0,0,28,100
3096133.0,0,0,0,32,96
3096133.0,0,0,0,0,128
3096168.0,0,0,0,32,96
3096168.0,0,0,0,31,97
3096177.0,0,0,0,63,65
3096180.0,0,0,0,64,64
3096188.0,0,0,0,64,64
3096188.0,0,0,0,63,65
3096200.0,0,0,0,63,65
3096200.0,0,0,0,62,66
3096205.0,0,0,0,62,66
3096205.0,0,0,0,58,70
3096217.0,0,0,0,58,70
3096269.0,0,0,0,59,69
3096339.0,0,0,0,63,65
3096368.0,0,0,0,64,64
3096627.0,0,0,0,64,64
3096627.0,0,0,0,63,65
3096640.0,0,0,0,64,64
3096692.0,0,0,0,64,64
3096692.0,0,0,0,63,65
3096704.0,0,0,0,64,64
3096836.0,0,0,0,64,64
3096836.0,0,0,0,32,96
3096861.0,0,0,0,32,96
3096861.0,0,0,0,31,97
3096874.0,0,0,0,31,97
3096874.0,0,0,0,23,105
3096880.0,0,0,0,24,104
3096934.0,0,0,0,24,104
3096997.0,0,0,0,24,104
3097001.0,0,0,0,24,104
3097109.0,0,0,0,24,104
3097123.0,0,0,0,64,64
3097123.0,0,0,0,31,97
3097137.0,0,0,0,32,96
3097137.0,0,0,0,0,128
3097149.0,0,0,0,32,96
3097149.0,0,0,0,28,100
3097163.0,0,0,0,60,68
3097202.0,0,0,0,60,68
3097202.0,0,0,0,59,69
3097203.0,0,0,0,63,65
3097215.0,0,0,0,64,64
3097343.0,0,0,0,64,64
3097343.0,0,0,0,32,96
3097346.0,0,0,0,32,96
3097388.0,0,0,0,32,96
3097388.0,0,0,0,0,128
3097403.0,0,0,0,0,128
3097423.0,0,0,0,32,96
3097423.0,0,0,0,31,97
3097445.0,0,0,0,31,97
3097449.0,0,0,0,32,96
3097449.0,0,0,0,0,128
3097478.0,0,0,0,32,96
3097505.0,0,0,0,32,96
3097505.0,0,0,0,31,97
3097510.0,0,0,0,32,96
3097548.0,0,0,0,32,96
3097548.0,0,0,0,28,100
3097565.0,0,0,0,60,68
3097598.0,0,0,0,64,64
3097620.0,0,0,0,64,64
3097620.0,0,0,0,0,128
3097660.0,0,0,0,64,64
3097689.0,0,0,0,64,64
3097689.0,0,0,0,0,128
3097917.0,0,0,0,64,64
3097950.0,0,0,0,64,64
3097950.0,0,0,0,60,68
3097962.0,0,0,0,60,68
3097997.0,0,0,0,64,64
3097997.0,0,0,0,0,128
3098131.0,0,0,0,0,128
3098142.0,0,0,0,64,64
3098142.0,0,0,0,63,65
3098157.0,0,0,0,64,64
3098235.0,0,0,0,64,64
3098235.0,0,0,0,60,68
3098271.0,0,0,0,60,68
3098281.0,0,0,0,64,64
3098281.0,0,0,0,0,128
3098408.0,0,0,0,64,64
3098421.0,0,0,0,64,64
3098421.0,0,0,0,60,68
3098444.0,0,0,0,60,68
3098448.0,0,0,0,60,68
3098448.0,0,0,0,59,69
3098460.0,0,0,0,60,68
3098467.0,0,0,0,64,64
3098565.0,0,0,0,96,32
3098567.0,0,0,0,96,32
3098567.0,0,0,0,95,33
3098572.0,0,0,0,96,32
3098630.0,0,0,0,96,32
3098630.0,0,0,0,95,33
3098641.0,0,0,0,96,32
3098646.0,0,0,0,96,32
3098646.0,0,0,0,64,64
3098679.0,0,0,0,64,64
3098679.0,0,0,0,56,72
3098820.0,0,0,0,56,72
3098820.0,0,0,0,52,76
3098847.0,0,0,0,56,72
3098884.0,0,0,0,56,72
3098884.0,0,0,0,52,76
3098967.0,0,0,0,52,76
3098967.0,0,0,0,48,80
3099024.0,0,0,0,52,76
3099028.0,0,0,0,56,72
3099258.0,0,0,0,88,40
3099303.0,0,0,0,88,40
3099303.0,0,0,0,84,44
3099309.0,0,0,0,116,12
3099311.0,0,0,0,124,4
3099351.0,0,0,0,128,0
3099418.0,0,0,0,128,0
3099420.0,0,0,0,128,0
3099420.0,0,0,0,127,1
3099429.0,0,0,0,128,0
3099478.0,0,0,0,128,0
3099648.0,0,0,0,128,0
3099648.0,0,0,0,127,1
3099670.0,0,0,0,128,0
3099674.0,0,0,0,128,0
3099674.0,0,0,0,64,64
3099691.0,0,0,0,64,64
3099691.0,0,0,0,32,96
3099748.0,0,0,0,32,96
3099748.0,0,0,0,28,100
3099768.0,0,0,0,28,100
3099874.0,0,0,0,32,96
3099929.0,0,0,0,96,32
3100070.0,0,0,0,96,32
3100070.0,0,0,0,92,36
3100123.0,0,0,0,96,32
3100250.0,0,0,0,96,32
3100250.0,0,0,0,92,36
3100267.0,0,0,0,92,36
3100267.0,0,0,0,28,100
3100292.0,0,0,0,32,96
3100300.0,0,0,0,32,96
3100300.0,0,0,0,31,97
3100316.0,0,0,0,32,96
3100352.0,0,0,0,32,96
3100352.0,0,0,0,28,100
3100448.0,0,0,0,32,96
3100492.0,0,0,0,96,32
3100603.0,0,0,0,96,32
3100603.0,0,0,0,92,36
3100731.0,0,0,0,92,36
3100731.0,0,0,0,91,37
3100749.0,0,0,0,95,33
3100763.0,0,0,0,95,33
3100769.0,0,0,0,95,33
3100769.0,0,0,0,94,34
3100801.0,0,0,0,95,33
3101023.0,0,0,0,95,33
3101078.0,0,0,0,95,33
3101260.0,0,0,0,95,33
3101517.0,0,0,0,95,33
3101540.0,0,0,0,95,33
3101540.0,0,0,0,31,97
3101608.0,0,0,0,31,97
3101608.0,0,0,0,15,113
3101667.0,0,0,0,79,49
3101676.0,0,0,0,79,49
3101676.0,0,0,0,15,113
3101682.0,0,0,0,31,97
3101689.0,0,0,0,31,97
3101689.0,0,0,0,15,113
3101742.0,0,0,0,15,113
3101746.0,0,0,0,31,97
3101797.0,0,0,0,95,33
3101910.0,0,0,0,95,33
3101910.0,0,0,0,94,34
3101938.0,0,0,0,95,33
3101986.0,0,0,0,96,32
3102008.0,0,0,0,96,32
3102008.0,0,0,15,81,32
3102120.0,0,0,15,81,32
3102120.0,0,0,15,17,96
3102128.0,0,0,15,17,96
3102233.0,0,0,15,81,32
3102239.0,0,0,15,81,32
3102239.0,0,0,15,17,96
3102320.0,0,0,15,49,64
3102331.0,0,0,15,49,64
3102331.0,0,0,15,48,65
3102347.0,0,0,15,112,1
3102351.0,0,0,15,113,0
3102383.0,0,0,15,113,0
3102383.0,0,0,15,81,32
3102534.0,0,0,15,81,32
3102534.0,0,0,15,17,96
3102552.0,0,0,15,49,64
3102571.0,0,0,15,113,0
3102594.0,0,0,15,113,0
3102594.0,0,0,15,49,64
3102630.0,0,0,15,49,64
3102630.0,0,0,15,17,96
3102633.0,0,0,15,81,32
3102922.0,0,0,15,81,32
3102922.0,0,0,15,65,48
3103068.0,0,0,15,97,16
3103070.0,0,0,15,97,16
3103070.0,0,0,15,96,17
3103087.0,0,0,15,97,16
3103103.0,0,0,15,97,16
3103103.0,0,0,15,96,17
3103114.0,0,0,15,97,16
3103149.0,0,0,15,113,0
3103179.0,0,0,15,113,0
3103179.0,0,0,15,97,16
3103243.0,0,0,15,97,16
3103243.0,0,0,15,65,48
3103407.0,0,0,15,81,32
3103966.0,0,0,15,81,32
3103966.0,0,0,15,65,48
3104031.0,0,0,15,97,16
3104033.0,0,0,15,97,16
3104033.0,0,0,15,96,17
3104048.0,0,0,15,112,1
3104049.0,0,0,15,113,0
3104059.0,0,0,15,113,0
3104059.0,0,0,15,112,1
3104069.0,0,0,15,113,0
3104113.0,0,0,15,113,0
3104113.0,0,0,15,81,32
3104666.0,0,0,15,81,32
3104666.0,0,0,15,65,48
3104708.0,15,0,0,65,48
3104708.0,0,15,0,65,48
3104740.0,0,15,0,81,32
3104836.0,0,15,0,81,32
3104836.0,0,15,0,80,33
3104876.0,0,15,0,81,32
3104901.0,0,15,0,81,32
3104901.0,0,15,0,65,48
3104904.0,0,15,0,97,16
3104909.0,0,15,0,97,16
3104909.0,0,15,0,96,17
3104911.0,0,15,0,96,17
3104911.0,0,15,0,95,18
3104924.0,0,15,0,96,17
3104934.0,0,15,0,97,16
3104949.0,0,15,0,113,0
3104962.0,0,15,0,113,0
3104962.0,0,15,0,112,1
3104974.0,0,15,0,112,1
3104974.0,0,15,0,96,17
3105026.0,0,15,0,96,17
3105026.0,0,15,0,64,49
3105027.0,0,15,0,80,33
3105106.0,0,15,0,80,33
3105106.0,0,15,0,79,34
3105122.0,0,15,0,80,33
3105151.0,0,15,0,81,32
3105171.0,0,15,0,81,32
3105171.0,0,15,0,80,33
3105180.0,0,15,0,80,33
3105180.0,0,15,0,79,34
3105187.0,0,15,0,80,33
3105195.0,0,15,0,81,32
3105202.0,0,15,0,81,32
3105202.0,0,15,0,76,37
3105219.0,0,15,0,77,36
3105225.0,0,15,0,77,36
3105225.0,0,15,0,45,68
3105229.0,0,15,0,45,68
3105229.0,0,15,0,43,70
3105346.0,0,15,0,43,70
3105415.0,0,15,0,49,64
3105512.0,0,15,0,49,64
3105512.0,0,15,0,48,65
3105572.0,0,15,0,49,64
3105629.0,0,15,0,49,64
3105629.0,0,15,0,48,65
3105677.0,0,15,0,49,64
3105833.0,0,15,0,49,64
3105864.0,0,15,0,49,64
3105864.0,0,15,0,48,65
3105904.0,0,15,0,49,64
3105920.0,0,15,0,49,64
3105921.0,0,15,0,49,64
3105921.0,0,15,0,48,65
3105940.0,0,15,0,49,64
3105944.0,0,15,0,49,64
3105944.0,0,15,0,45,68
3105966.0,0,15,0,45,68
3105966.0,0,15,0,43,70
3105975.0,0,15,0,75,38
3106040.0,0,15,0,75,38
3106040.0,0,15,0,73,40
3106063.0,0,15,0,73,40
3106063.0,0,15,0,41,72
3106074.0,0,15,0,43,70
3106088.0,0,15,0,47,66
3106090.0,0,15,0,49,64
3106152.0,0,15,0,49,64
3106162.0,0,15,0,49,64
3106162.0,0,15,0,48,65
3106171.0,0,15,0,48,65
3106206.0,0,15,0,49,64
3106223.0,0,15,0,49,64
3106223.0,0,15,0,48,65
3106231.0,0,15,0,48,65
3106231.0,0,15,0,46,67
3106233.0,0,15,0,46,67
3106248.0,0,15,0,48,65
3106250.0,0,15,0,49,64
3106253.0,0,15,0,49,64
3106253.0,0,15,0,45,68
3106276.0,0,15,0,45,68
3106276.0,0,15,0,43,70
3106386.0,0,15,0,47,66
3106389.0,0,15,0,49,64
3106408.0,0,15,0,49,64
3106461.0,0,15,0,81,32
3106461.0,0,15,0,17,96
3106508.0,0,0,0,32,96
3106508.0,0,0,0,0,128
3106537.0,0,0,0,0,128
3106559.0,0,0,0,0,128
3106577.0,0,0,0,32,96
3106577.0,0,0,0,0,128
3106595.0,0,0,0,64,64
3106595.0,0,0,0,63,65
3106641.0,0,0,0,64,64
3106657.0,0,0,0,96,32
3106668.0,0,0,0,96,32
3106672.0,0,0,0,96,32
3106672.0,0,0,0,94,34
3106686.0,0,0,0,94,34
3106686.0,0,0,0,93,35
3106688.0,0,0,0,93,35
3106688.0,0,0,0,92,36
3106719.0,0,0,0,94,34
3106728.0,0,0,0,95,33
3106741.0,0,0,0,96,32
3106818.0,0,0,0,96,32
3106818.0,0,0,0,92,36
3106847.0,0,0,0,92,36
3106847.0,0,0,0,90,38
3106858.0,0,0,0,90,38
3106858.0,0,0,0,58,70
3106987.0,0,0,0,58,70
3106987.0,0,0,0,56,72
3107012.0,0,0,0,58,70
3107048.0,0,0,0,58,70
3107048.0,0,0,0,57,71
3107088.0,0,0,0,58,70
3107278.0,0,0,0,62,66
3107280.0,0,0,0,64,64
3107464.0,0,0,0,64,64
3107464.0,0,0,0,60,68
3107487.0,0,0,0,60,68
3107487.0,0,0,0,58,70
3107571.0,0,0,0,58,70
3107571.0,0,0,0,56,72
3107600.0,0,0,0,60,68
3107609.0,0,0,0,62,66
3107610.0,0,0,0,94,34
3107617.0,0,0,0,94,34
3107617.0,0,0,0,93,35
3107621.0,0,0,0,93,35
3107621.0,0,0,0,92,36
3107639.0,0,0,0,93,35
3107649.0,0,0,0,94,34
3107727.0,0,0,0,94,34
3107727.0,0,0,0,92,36
3107757.0,0,0,0,94,34
3107826.0,0,0,0,94,34
3107826.0,0,0,0,92,36
3107828.0,0,0,0,92,36
3107828.0,0,0,0,91,37
3107850.0,0,0,0,93,35
3107859.0,0,0,0,94,34
3107861.0,0,0,0,96,32
3107863.0,0,0,0,96,32
3107863.0,0,0,0,92,36
3107888.0,0,0,0,92,36
3107888.0,0,0,0,90,38
3107986.0,0,0,0,96,32
3108041.0,0,0,0,96,32
3108041.0,0,0,0,92,36
3108063.0,0,0,0,92,36
3108063.0,0,0,0,90,38
3108174.0,0,0,0,90,38
3108174.0,0,0,0,88,40
3108218.0,0,0,0,90,38
3108238.0,0,0,0,94,34
3108280.0,0,0,0,94,34
3108280.0,0,0,0,92,36
3108325.0,0,0,0,94,34
3108326.0,0,0,0,94,34
3108326.0,0,0,0,62,66
3108363.0,0,0,0,94,34
3108597.0,0,0,0,94,34
3108597.0,0,0,0,92,36
3108631.0,0,0,0,94,34
3108651.0,0,0,0,94,34
3108651.0,0,0,0,92,36
3108669.0,0,0,0,94,34
3108712.0,0,0,0,94,34
3108712.0,0,0,0,92,36
3108749.0,0,0,0,94,34
3108878.0,0,0,0,94,34
3108878.0,0,0,0,92,36
3108895.0,0,0,0,94,34
3108922.0,0,0,0,94,34
3108922.0,0,0,0,92,36
3108942.0,0,0,0,94,34
3108994.0,0,0,0,94,34
3108994.0,0,0,0,92,36
3109017.0,0,0,0,94,34
3109060.0,0,0,0,94,34
3109060.0,0,0,0,92,36
3109068.0,0,0,0,92,36
3109068.0,0,0,0,60,68
3109161.0,0,0,0,62,66
3109178.0,0,0,0,62,66
3109178.0,0,0,0,60,68
3109182.0,0,0,0,92,36
3109184.0,0,0,0,92,36
3109184.0,0,0,0,91,37
3109203.0,0,0,0,92,36
3109281.0,0,0,0,94,34
3109342.0,0,0,0,94,34
3109342.0,0,0,0,92,36
3109372.0,0,0,0,92,36
3109372.0,0,0,0,60,68
3109448.0,0,0,0,62,66
3109477.0,0,0,0,94,34
3109484.0,0,0,0,94,34
3109484.0,0,0,0,92,36
3109589.0,0,0,0,92,36
3109589.0,0,0,0,60,68
3109594.0,0,0,0,62,66
3109686.0,0,0,0,94,34
3109688.0,0,0,0,94,34
3109688.0,0,0,0,93,35
3109708.0,0,0,0,94,34
3109715.0,0,0,0,94,34
3109715.0,0,0,0,92,36
3109812.0,0,0,0,94,34
3109957.0,0,0,0,94,34
3109957.0,0,0,0,92,36
3110060.0,0,0,0,94,34
3110127.0,0,0,0,126,2
3110140.0,0,0,0,126,2
3110140.0,0,0,0,94,34
3110195.0,0,0,0,94,34
3110195.0,0,0,26,68,34
3110211.0,0,0,26,68,34
3110211.0,0,0,26,36,66
3110257.0,0,0,26,36,66
3110257.0,0,0,28,34,66
3110272.0,0,0,28,34,66
3110272.0,0,0,28,33,67
3110306.0,0,0,28,34,66
3110335.0,0,0,28,66,34
3110341.0,0,0,28,66,34
3110341.0,0,0,28,34,66
3110490.0,0,0,28,34,66
3110579.0,0,0,28,34,66
3110579.0,0,0,28,26,74
3110628.0,0,0,28,26,74
3110628.0,0,0,28,25,75
3110659.0,0,0,28,26,74
3110662.0,0,0,28,28,72
3110672.0,0,0,28,28,72
3110672.0,0,0,28,24,76
3110704.0,0,0,28,28,72
3110726.0,0,0,28,36,64
3110825.0,0,0,28,68,32
3110829.0,0,0,28,68,32
3110829.0,0,0,28,67,33
3110849.0,0,0,28,68,32
3111581.0,0,0,28,68,32
3111581.0,0,0,28,64,36
3111602.0,0,0,28,64,36
3111602.0,0,0,28,62,38
3111745.0,0,0,28,66,34
3111934.0,0,0,28,66,34
3111934.0,0,0,28,34,66
3111963.0,0,0,28,34,66
3111963.0,0,0,48,14,66
3112037.0,0,0,48,46,34
3112040.0,0,0,48,46,34
3112040.0,0,0,48,45,35
3112058.0,0,0,48,46,34
3112261.0,0,0,48,46,34
3112261.0,0,0,48,14,66
3112360.0,0,0,48,46,34
3112363.0,0,0,48,46,34
3112363.0,0,0,48,45,35
3112380.0,0,0,48,46,34
3112860.0,0,0,48,46,34
3112860.0,0,0,48,14,66
3112895.0,26,0,22,14,66
3112895.0,0,26,22,14,66
3112957.0,2,26,20,14,66
3112957.0,0,28,20,14,66
3112972.0,0,28,20,46,34
3112974.0,0,28,20,46,34
3112974.0,0,28,20,45,35
3112993.0,0,28,20,46,34
3113272.0,0,28,20,46,34
3113272.0,0,28,20,45,35
3113274.0,0,28,20,46,34
3113310.0,0,28,20,46,34
3113310.0,0,28,20,30,50
3113316.0,0,28,20,30,50
3113316.0,0,28,20,29,51
3113339.0,0,28,20,30,50
3113686.0,0,28,20,46,34
3113902.0,0,28,20,46,34
3113902.0,0,28,20,45,35
3113927.0,0,28,20,46,34
3113928.0,0,28,20,48,32
3113929.0,0,28,20,48,32
3113929.0,0,28,20,44,36
3113953.0,0,28,20,44,36
3113953.0,0,28,20,42,38
3114098.0,0,28,20,46,34
3114117.0,0,28,20,46,34
3114117.0,0,28,20,45,35
3114127.0,0,28,20,45,35
3114127.0,0,28,20,29,51
3114158.0,0,28,20,30,50
3114186.0,0,28,20,46,34
3114304.0,0,28,20,46,34
3114304.0,0,28,22,44,34
3114323.0,0,28,22,44,34
3114323.0,0,28,22,43,35
3114326.0,0,28,22,43,35
3114326.0,0,28,30,35,35
3114345.0,0,28,30,36,34
3114347.0,0,28,30,38,32
3114348.0,0,28,30,38,32
3114348.0,0,28,30,34,36
3114371.0,0,28,30,34,36
3114371.0,0,28,30,32,38
3114521.0,0,28,30,36,34
3114585.0,0,28,30,38,32
3114587.0,0,28,30,38,32
3114587.0,0,28,30,34,36
3114613.0,0,28,30,34,36
3114613.0,0,28,30,32,38
3114650.0,0,28,30,32,38
3114663.0,20,28,10,32,38
3114695.0,20,2,10,58,38
3114702.0,20,2,10,58,38
3114757.0,20,0,10,60,38
3114757.0,20,0,10,28,70
3114766.0,20,0,10,28,70
3114815.0,20,0,10,32,66
3114845.0,20,0,10,32,66
3114845.0,20,0,10,31,67
3114846.0,20,0,10,31,67
3114846.0,20,0,10,30,68
3114887.0,20,0,10,31,67
3114913.0,20,0,10,32,66
3114986.0,20,0,10,64,34
3114992.0,20,0,10,64,34
3114992.0,20,0,10,63,35
3115014.0,20,0,10,64,34
3115016.0,20,0,10,66,32
3115017.0,20,0,10,66,32
3115017.0,20,0,10,62,36
3115038.0,20,0,10,62,36
3115038.0,20,0,10,60,38
3115053.0,20,0,10,60,38
3115053.0,20,0,10,59,39
3115163.0,20,0,10,60,38
3115179.0,20,0,10,64,34
3115202.0,20,0,10,64,34
3115202.0,20,0,10,63,35
3115233.0,20,0,10,64,34
3115236.0,20,0,10,64,34
3115236.0,20,0,10,63,35
3115237.0,20,0,10,63,35
3115237.0,20,0,10,62,36
3115246.0,20,0,10,63,35
3115256.0,20,0,10,63,35
3115256.0,20,0,10,62,36
3115257.0,20,0,10,63,35
3115264.0,20,0,10,64,34
3115345.0,20,0,10,64,34
3115345.0,20,0,10,32,66
3115674.0,20,0,10,32,66
3115674.0,20,0,10,31,67
3115684.0,20,0,10,32,66
3115783.0,20,0,10,64,34
3115865.0,20,0,10,96,2
3115879.0,20,0,10,96,2
3115879.0,20,0,10,95,3
3115882.0,20,0,10,96,2
3115911.0,20,0,10,96,2
3115911.0,20,0,10,64,34
3116193.0,20,0,10,64,34
3116193.0,20,0,10,63,35
3116204.0,20,0,10,64,34
3116250.0,20,0,10,64,34
3116250.0,20,0,10,63,35
3116263.0,20,0,10,64,34
3116552.0,20,0,10,64,34
3116552.0,20,0,10,32,66
3116572.0,20,0,10,32,66
3116773.0,20,0,10,32,66
3116773.0,12,8,10,32,66
3117004.0,14,8,8,32,66
3117004.0,12,10,8,32,66
3117026.0,20,10,0,32,66
3117026.0,12,18,0,32,66
3117168.0,12,18,0,32,66
3117168.0,11,19,0,32,66
3117254.0,11,19,0,64,34
3117263.0,11,19,0,64,34
3117263.0,11,19,0,48,50
3117267.0,11,19,0,48,50
3117267.0,11,19,0,44,54
3117332.0,11,19,0,44,54
3117332.0,11,19,0,43,55
3117335.0,11,19,0,47,51
3117354.0,11,19,0,63,35
3117459.0,11,19,0,64,34
3117507.0,11,19,0,64,34
3117507.0,11,19,0,63,35
3117558.0,11,19,0,63,35
3117558.0,11,19,0,47,51
3117569.0,11,19,0,47,51
3117569.0,10,20,0,47,51
3117628.0,10,20,0,79,19
3117661.0,10,20,0,79,19
3117687.0,10,20,0,95,3
3117688.0,10,20,0,95,3
3117696.0,10,20,0,96,2
3117704.0,10,20,0,96,2
3117933.0,10,20,0,96,2
3117942.0,10,20,0,96,2
3118415.0,10,20,0,96,2
3118573.0,10,12,0,104,2
3118586.0,10,12,0,104,2
3118804.0,10,10,0,106,2
3118826.0,10,2,0,114,2
3118826.0,10,2,0,64,52
3118859.0,10,2,0,65,51
3118860.0,10,2,0,66,50
3118968.0,10,1,0,67,50
3118968.0,10,1,0,66,51
3119116.0,10,1,0,67,50
3119122.0,10,1,0,67,50
3119326.0,10,1,0,67,50
3119337.0,10,1,0,67,50
3119369.0,10,0,0,68,50
3119369.0,10,0,0,52,66
3119383.0,10,0,0,68,50
3119383.0,10,0,0,4,114
3119408.0,10,0,0,36,82
3119408.0,10,0,0,4,114
3119451.0,10,0,0,20,98
3119603.0,10,0,0,36,82
3119603.0,10,0,0,4,114
3119620.0,10,0,0,20,98
3119620.0,10,0,0,4,114
3119844.0,10,0,0,20,98
3119886.0,10,0,0,20,98
3120011.0,10,0,0,20,98
3120080.0,10,0,0,20,98
3120273.0,10,0,0,20,98
3120356.0,10,0,0,20,98
3120711.0,10,0,0,20,98
3120783.0,10,0,0,52,66
3120783.0,10,0,0,19,99
3120792.0,10,0,0,20,98
3120836.0,10,0,0,20,98
3120854.0,10,0,0,20,98
3120931.0,10,0,0,20,98
3120967.0,10,0,0,20,98
3121038.0,10,0,0,84,34
3121038.0,10,0,0,20,98
3121186.0,10,0,0,20,98
3121212.0,10,0,0,84,34
3121212.0,10,0,0,39,79
3121223.0,10,0,0,71,47
3121223.0,10,0,0,7,111
3121228.0,10,0,0,7,111
3121244.0,10,0,0,11,107
3121250.0,10,0,0,12,106
3121267.0,10,0,0,20,98
3121309.0,10,0,0,20,98
3121322.0,10,0,0,84,34
3121322.0,10,0,0,20,98
3121378.0,10,0,0,20,98
3121497.0,10,0,0,84,34
3121497.0,10,0,0,48,70
3121510.0,10,0,0,48,70
3121688.0,10,0,0,48,70
3121763.0,10,0,0,52,66
3121811.0,10,0,0,84,34
3121811.0,10,0,0,20,98
3122017.0,10,0,0,84,34
3122017.0,10,0,0,16,102
3122038.0,10,0,0,20,98
3122047.0,10,0,0,20,98
3122198.0,10,0,0,84,34
3122198.0,10,0,0,12,106
3122229.0,10,0,0,16,102
3122340.0,10,0,0,20,98
3122400.0,10,0,0,84,34
3122400.0,10,0,0,52,66
3122446.0,10,0,0,52,66
3122446.0,10,0,0,48,70
3122515.0,10,0,0,52,66
3122699.0,10,0,0,84,34
3122716.0,10,0,0,84,34
3122716.0,10,0,1,83,34
3122983.0,10,0,1,83,34
3122983.0,10,0,3,81,34
3123051.0,10,0,3,81,34
3123051.0,10,0,4,80,34
3123916.0,10,0,4,80,34
3123916.0,10,0,4,16,98
3124108.0,10,0,4,80,34
3124123.0,10,0,4,80,34
3124123.0,10,0,4,16,98
3124322.0,10,0,4,80,34
3124383.0,10,0,4,80,34
3124383.0,10,0,5,79,34
3124638.0,10,0,5,79,34
3124638.0,10,0,7,77,34
3124775.0,10,0,7,77,34
3124775.0,10,0,7,13,98
3124922.0,10,0,7,13,98
3124922.0,10,0,12,8,98
3125416.0,11,0,11,8,98
3125683.0,13,0,9,8,98
3125751.0,14,0,8,8,98
3125829.0,14,0,8,8,98
3125829.0,14,0,12,4,98
3125940.0,14,0,12,4,98
3125940.0,14,0,16,0,98
3125941.0,14,0,16,64,34
3125943.0,14,0,16,64,34
3125943.0,14,0,16,63,35
3125953.0,14,0,16,64,34
3125960.0,14,0,16,64,34
3125960.0,14,0,16,63,35
3125963.0,14,0,16,64,34
3125965.0,14,0,16,64,34
3125965.0,14,0,16,63,35
3125979.0,14,0,16,64,34
3126334.0,14,0,16,64,34
3126334.0,14,0,16,32,66
3126804.0,14,0,16,32,66
3126804.0,14,0,16,31,67
3126969.0,14,0,16,32,66
3127083.0,15,0,15,32,66
3127125.0,15,0,15,32,66
3127125.0,15,0,15,0,98
3127144.0,15,0,15,0,98
3127275.0,15,0,15,32,66
3127338.0,17,0,13,32,66
3127453.0,17,0,13,64,34
3127539.0,17,0,13,64,34
3127539.0,17,0,13,32,66
3127622.0,22,0,8,32,66
3127698.0,22,0,8,64,34
3127785.0,22,0,8,64,34
3127785.0,22,0,8,32,66
3127966.0,22,0,8,64,34
3127992.0,22,0,8,64,34
3127992.0,22,0,8,32,66
3128381.0,22,0,8,64,34
3128515.0,22,0,8,64,34
3128515.0,22,0,8,32,66
3128529.0,26,0,4,32,66
3128529.0,22,4,4,32,66
3128614.0,22,4,4,32,66
3128614.0,22,4,4,31,67
3128640.0,26,4,0,31,67
3128640.0,22,8,0,31,67
3128643.0,22,8,0,32,66
3128771.0,22,8,0,64,34
3129438.0,22,8,0,64,34
3129438.0,22,8,0,63,35
3129541.0,22,8,0,63,35
3129547.0,22,8,0,64,34
3129643.0,22,8,0,64,34
3129643.0,22,8,0,63,35
3129645.0,22,8,0,63,35
3129645.0,22,8,0,31,67
3129771.0,22,8,0,32,66
3129847.0,22,8,0,64,34
3130197.0,22,8,0,64,34
3130197.0,22,8,0,32,66
3130329.0,22,4,0,36,66
3130400.0,22,4,0,68,34
3130407.0,22,4,0,68,34
3130407.0,22,4,0,67,35
3130440.0,22,0,0,71,35
3130440.0,22,0,0,63,43
3130462.0,22,0,0,63,43
3130462.0,22,0,0,31,75
3130565.0,22,0,0,32,74
3130575.0,22,0,0,40,66
3130644.0,22,0,0,72,34
3130646.0,22,0,0,72,34
3130646.0,22,0,0,71,35
3130665.0,22,0,0,72,34
3130678.0,22,0,0,72,34
3130678.0,22,0,0,71,35
3130771.0,22,0,0,72,34
3130875.0,22,0,0,72,34
3130875.0,22,0,31,41,34
3130904.0,22,0,31,41,34
3130904.0,22,0,31,9,66
3131112.0,22,0,31,9,66
3131112.0,22,0,31,8,67
3131215.0,22,0,31,9,66
3131237.0,22,0,31,41,34
3131239.0,22,0,31,41,34
3131239.0,22,0,31,40,35
3131241.0,22,0,31,40,35
3131241.0,22,0,31,39,36
3131250.0,22,0,31,40,35
3131260.0,22,0,31,41,34
3131324.0,22,0,31,41,34
3131324.0,22,0,31,9,66
3131361.0,22,0,31,9,66
3131361.0,22,0,31,8,67
3131372.0,22,0,31,8,67
3131438.0,22,0,31,8,67
3131438.0,21,1,31,8,67
3131510.0,21,1,31,9,66
3131589.0,21,1,31,9,66
3131589.0,21,1,31,8,67
3131699.0,21,1,31,9,66
3132650.0,21,1,31,9,66
3132650.0,18,4,31,9,66
3132787.0,18,4,31,9,66
3132787.0,17,5,31,9,66
3132812.0,17,5,31,9,66
3132812.0,13,9,31,9,66
3133067.0,13,9,31,9,66
3133067.0,12,10,31,9,66
3133128.0,12,10,31,9,66
3133128.0,4,18,31,9,66
3133159.0,4,18,31,9,66
3133159.0,3,19,31,9,66
3133238.0,3,18,31,10,66
3133238.0,3,18,31,2,74
3133331.0,3,18,31,10,66
3133575.0,34,18,0,10,66
3133575.0,3,49,0,10,66
3133649.0,3,49,0,10,66
3133649.0,3,49,0,9,67
3133775.0,3,49,0,10,66
3133874.0,3,49,0,10,66
3133903.0,3,49,0,10,66
3134130.0,3,49,0,10,66
3134175.0,3,49,0,10,66
3134278.0,3,49,0,10,66
3134385.0,3,49,0,10,66
3134450.0,3,46,0,13,66
3134450.0,3,46,0,9,70
3134456.0,3,46,0,9,70
3134528.0,3,46,0,13,66
3134560.0,3,46,0,13,66
3134587.0,3,45,0,14,66
3134587.0,3,45,0,13,67
3134612.0,3,41,0,17,67
3134612.0,3,41,0,13,71
3134649.0,3,41,0,13,71
3134688.0,3,41,0,17,67
3134688.0,3,41,0,1,83
3134704.0,3,41,0,17,67
3134704.0,3,41,0,1,83
3134741.0,3,41,0,1,83
3134810.0,3,41,0,17,67
3134810.0,3,41,0,1,83
3134839.0,3,41,0,2,82
3134867.0,3,40,0,3,82
3134867.0,3,40,0,2,83
3134928.0,3,32,0,10,83
3134928.0,3,32,0,2,91
3134939.0,3,32,0,18,75
3134939.0,3,32,0,1,92
3134959.0,3,31,0,2,92
3134959.0,3,31,0,1,93
3134980.0,3,31,0,2,92
3134994.0,3,31,0,10,84
3134994.0,3,31,0,2,92
3134997.0,3,31,0,10,84
3135006.0,3,31,0,11,83
3135009.0,3,31,0,15,79
3135009.0,1,33,0,15,79
3135015.0,1,33,0,15,79
3135017.0,1,33,0,19,75
3135061.0,1,33,0,27,67
3135061.0,1,33,0,19,75
3135063.0,1,33,0,20,74
3135077.0,1,33,0,20,74
3135104.0,1,33,0,20,74
3135110.0,1,33,0,20,74
3135118.0,1,33,0,28,66
3135299.0,1,33,0,28,66
3135354.0,1,33,0,28,66
3135375.0,1,2,0,59,66
3135375.0,1,2,0,27,98
3135529.0,1,2,0,59,66
3135529.0,1,2,0,41,84
3135593.0,1,2,0,57,68
3135599.0,1,2,0,57,68
3135599.0,1,2,0,56,69
3135650.0,1,2,0,57,68
3135673.0,1,2,0,58,67
3135713.0,1,2,0,59,66
3135817.0,1,2,0,91,34
3135894.0,1,2,0,91,34
3135894.0,1,2,0,90,35
3135996.0,1,2,0,90,35
3135996.0,1,2,0,86,39
3136008.0,1,2,0,87,38
3136065.0,1,2,0,91,34
3136085.0,1,2,0,91,34
3136085.0,1,2,0,83,42
3136147.0,1,2,0,91,34
3136201.0,1,2,0,91,34
3136201.0,1,2,0,75,50
3136261.0,1,2,0,91,34
3136270.0,1,2,0,91,34
3136270.0,1,2,0,90,35
3136381.0,1,2,0,91,34
3136531.0,1,2,0,91,34
3136531.0,1,2,0,90,35
3136647.0,1,2,0,91,34
3136659.0,1,2,0,91,34
3136659.0,1,2,0,90,35
3136788.0,1,2,0,91,34
3136809.0,1,0,0,93,34
3136809.0,1,0,0,77,50
3136905.0,1,0,0,93,34
3136931.0,1,0,0,93,34
3137087.0,1,0,0,93,34
3137087.0,1,0,0,61,66
3137125.0,1,0,0,61,66
3137125.0,1,0,0,60,67
3137299.0,1,0,0,61,66
3137398.0,1,0,0,61,66
3137398.0,1,0,0,60,67
3137507.0,1,0,0,61,66
3137585.0,1,0,0,93,34
3137668.0,1,0,0,93,34
3137668.0,1,0,0,61,66
3137692.0,1,0,0,61,66
3137692.0,1,0,0,60,67
3137860.0,1,0,0,61,66
3137872.0,1,0,0,61,66
3137872.0,1,0,0,53,74
3137977.0,1,0,0,53,74
3137977.0,1,0,0,52,75
3138131.0,1,0,0,53,74
3138267.0,1,0,0,53,74
3138267.0,1,0,0,52,75
3138319.0,1,0,0,84,43
3138395.0,1,0,0,85,42
3138439.0,1,0,0,85,42
3138546.0,1,0,0,85,42
3138546.0,1,0,0,84,43
3138580.0,1,0,0,84,43
3138617.0,1,0,0,84,43
3138660.0,1,0,0,85,42
3138661.0,1,0,0,85,42
3138661.0,1,0,4,81,42
3138663.0,1,0,4,81,42
3138663.0,1,0,5,80,42
3138718.0,1,0,5,80,42
3138718.0,1,0,13,72,42
3138763.0,1,0,13,72,42
3138763.0,1,0,13,71,43
3138890.0,1,0,13,72,42
3138935.0,1,0,13,104,10
3138937.0,1,0,13,104,10
3138937.0,1,0,13,103,11
3138950.0,1,0,13,104,10
3138957.0,1,0,13,104,10
3138957.0,1,0,13,103,11
3139083.0,1,0,13,104,10
3139129.0,1,0,13,104,10
3139129.0,1,0,27,90,10
3139193.0,1,0,27,90,10
3139193.0,1,0,35,82,10
3139250.0,1,0,35,82,10
3139250.0,1,0,36,81,10
3139273.0,1,0,36,81,10
3139273.0,1,0,37,80,10
3140062.0,1,0,37,80,10
3140062.0,1,0,37,16,74
3140091.0,1,0,37,16,74
3140091.0,1,0,37,15,75
3140098.0,1,0,37,16,74
3140102.0,1,0,37,16,74
3140102.0,1,0,37,15,75
3140111.0,1,0,37,16,74
3140246.0,1,0,37,18,72
3140251.0,1,0,37,26,64
3140258.0,1,0,37,26,64
3140258.0,0,1,37,26,64
3140505.0,0,1,37,26,64
3141361.0,4,1,33,26,64
3141361.0,0,5,33,26,64
3141363.0,1,5,32,26,64
3141363.0,0,6,32,26,64
3141418.0,8,6,24,26,64
3141418.0,0,14,24,26,64
3141829.0,14,14,10,26,64
3141829.0,0,28,10,26,64
3141893.0,8,28,2,26,64
3141893.0,0,36,2,26,64
3141950.0,1,36,1,26,64
3141950.0,0,37,1,26,64
3141973.0,1,37,0,26,64
3141973.0,0,38,0,26,64
3142058.0,0,37,0,27,64
3143161.0,0,33,0,31,64
3143163.0,0,32,0,32,64
3143218.0,0,24,0,40,64
3143629.0,0,10,0,54,64
3143693.0,0,2,0,62,64
3143750.0,0,1,0,63,64
3143773.0,0,0,0,64,64
3143773.0,0,0,0,0,128
3146640.0,0,0,0,64,64
3147135.0,0,0,0,64,64
3147244.0,0,0,0,64,64
3147449.0,0,0,0,64,64
3150240.0,0,0,0,64,64
3150240.0,0,0,64,0,64
3150641.0,0,0,64,64,0
3152940.0,64,0,0,64,0
3152940.0,0,64,0,64,0
3154740.0,0,0,0,128,0
3154740.0,0,0,0,0,128
3154845.0,0,0,0,128,0
3154845.0,0,0,0,0,128
3155001.0,0,0,0,64,64
3158176.0,0,0,0,64,64
3158269.0,0,0,0,64,64
3158601.0,0,0,0,64,64
3158601.0,0,0,64,0,64
3161301.0,64,0,0,0,64
3165769.0,64,0,0,64,0
3165769.0,0,64,0,64,0
3167569.0,0,0,0,128,0
3167569.0,0,0,0,0,128
3167658.0,0,0,0,128,0
3167658.0,0,0,0,0,128
3172843.0,0,0,0,0,128
3172937.0,0,0,0,0,128
3173001.0,0,0,0,0,128
3173022.0,0,0,0,0,128
3173082.0,0,0,0,0,128
3173686.0,0,0,0,0,128
3173711.0,0,0,0,0,128
3173741.0,0,0,0,0,128
3173783.0,0,0,0,0,128
3173832.0,0,0,0,0,128
3173854.0,0,0,0,0,128
3173872.0,0,0,0,0,128
3174169.0,0,0,0,0,128
3174727.0,0,0,0,0,128
3174837.0,0,0,0,0,128
3176001.0,0,0,0,0,128
3176060.0,0,0,0,0,128
3176145.0,0,0,0,0,128
3176153.0,0,0,0,0,128
3176392.0,0,0,0,0,128
3176669.0,0,0,0,0,128
3176834.0,0,0,0,0,128
3176857.0,0,0,0,0,128
3177247.0,0,0,0,0,128
3177275.0,0,0,0,0,128
3177442.0,0,0,0,0,128
3177588.0,0,0,0,0,128
3178259.0,0,0,0,0,128
3178283.0,0,0,0,0,128
3178542.0,0,0,0,0,128
3178582.0,0,0,0,128,0
3178582.0,0,0,0,38,90
3178585.0,0,0,0,39,89
3178599.0,0,0,0,44,84
3178600.0,0,0,0,46,82
3178604.0,0,0,0,50,78
3178617.0,0,0,0,52,76
3178619.0,0,0,0,60,68
3178636.0,0,0,0,62,66
3178653.0,0,0,0,64,64
3178690.0,0,0,0,80,48
3178698.0,0,0,0,96,32
3178832.0,0,0,0,96,32
3178851.0,0,0,0,96,32
3178864.0,0,0,0,128,0
3178864.0,0,0,0,0,128
3178892.0,0,0,0,128,0
3178892.0,0,0,0,0,128
3179344.0,0,0,0,128,0
3179344.0,0,0,0,13,115
3179360.0,0,0,0,14,114
3179374.0,0,0,0,16,112
3179400.0,0,0,0,32,96
3179400.0,0,0,0,0,128
3179445.0,0,0,0,16,112
3179445.0,0,0,0,8,120
3179448.0,0,0,0,24,104
3179492.0,0,0,0,56,72
3179492.0,0,0,0,16,112
3179515.0,0,0,0,24,104
3179553.0,0,0,0,32,96
3179579.0,0,0,0,64,64
3179618.0,0,0,0,128,0
3179618.0,0,0,0,0,128
3179619.0,0,0,0,0,128
3179638.0,0,0,0,0,128
3179696.0,0,0,0,128,0
3179696.0,0,0,0,0,128
3179782.0,0,0,0,128,0
3179782.0,0,0,0,7,121
3179796.0,0,0,0,8,120
3179851.0,0,0,0,16,112
3179855.0,0,0,0,24,104
3179856.0,0,0,0,32,96
3179868.0,0,0,0,64,64
3179871.0,0,0,0,96,32
3179878.0,0,0,0,128,0
3180004.0,0,0,0,128,0
3180004.0,0,0,0,96,32
3180034.0,0,0,0,96,32
3180034.0,0,0,0,88,40
3180114.0,0,0,0,120,8
3180116.0,0,0,0,128,0
3180333.0,0,0,0,128,0
3180333.0,0,0,0,127,1
3180354.0,0,0,0,128,0
3180381.0,0,0,0,128,0
3180381.0,0,0,0,127,1
3180418.0,0,0,0,128,0
3180428.0,0,0,0,128,0
3180428.0,0,0,0,127,1
3180467.0,0,0,0,128,0
3180471.0,0,0,0,128,0
3180471.0,0,0,0,124,4
3180494.0,0,0,0,124,4
3180494.0,0,0,0,122,6
3180500.0,0,0,0,122,6
3180500.0,0,0,0,90,38
3180503.0,0,0,0,90,38
3180503.0,0,0,0,89,39
3180539.0,0,0,0,90,38
3180574.0,0,0,0,92,36
3180575.0,0,0,0,96,32
3180578.0,0,0,0,96,32
3180578.0,0,0,0,92,36
3180594.0,0,0,0,96,32
3180617.0,0,0,0,96,32
3180617.0,0,0,0,92,36
3180639.0,0,0,0,124,4
3180639.0,0,0,0,122,6
3180658.0,0,0,0,122,6
3180658.0,0,0,0,90,38
3180702.0,0,0,0,90,38
3180702.0,0,0,0,82,46
3180856.0,0,0,0,114,14
3180861.0,0,0,0,122,6
3181200.0,0,0,0,122,6
3181200.0,0,0,0,118,10
3181261.0,0,0,0,122,6
3181290.0,0,0,0,122,6
3181290.0,0,0,0,90,38
3181351.0,0,0,0,122,6
3181467.0,0,0,0,126,2
3181470.0,0,0,0,128,0
3181799.0,0,0,0,128,0
3181799.0,0,0,0,127,1
3181833.0,0,0,0,128,0
3181842.0,0,0,0,128,0
3181842.0,0,0,0,124,4
3181863.0,0,0,0,124,4
3181863.0,0,0,0,122,6
3181957.0,0,0,0,126,2
3181958.0,0,0,0,128,0
3181959.0,0,0,0,128,0
3181959.0,0,0,0,124,4
3181964.0,0,0,0,128,0
3182003.0,0,0,0,128,0
3182003.0,0,0,0,127,1
3182022.0,0,0,0,128,0
3182057.0,0,0,0,128,0
3182057.0,0,0,0,124,4
3182079.0,0,0,0,124,4
3182079.0,0,0,0,122,6
3182160.0,0,0,0,122,6
3182160.0,0,0,0,90,38
3182182.0,0,0,0,90,38
3182195.0,0,0,0,122,6
3182259.0,0,0,0,122,6
3182259.0,0,0,0,121,7
3182268.0,0,0,0,122,6
3182318.0,0,0,0,122,6
3182318.0,0,0,0,121,7
3182328.0,0,0,0,122,6
3182382.0,0,0,0,122,6
3182382.0,0,0,0,58,70
3182404.0,0,0,0,58,70
3182404.0,0,0,0,26,102
3182466.0,0,0,0,58,70
3182558.0,0,0,0,58,70
3182558.0,0,0,0,26,102
3182606.0,0,0,0,90,38
3182610.0,0,0,0,90,38
3182610.0,0,0,0,89,39
3182635.0,0,0,0,90,38
3182716.0,0,0,0,90,38
3182716.0,0,0,0,89,39
3182726.0,0,0,0,90,38
3182730.0,0,0,0,90,38
3182730.0,0,0,0,89,39
3182741.0,0,0,0,90,38
3182792.0,0,0,0,90,38
3182792.0,0,0,0,26,102
3182816.0,0,0,0,58,70
3182893.0,0,0,0,62,66
3182896.0,0,0,0,64,64
3182944.0,0,0,0,64,64
3182966.0,0,0,0,64,64
3182966.0,0,0,0,32,96
3183035.0,0,0,0,96,32
3183040.0,0,0,0,96,32
3183040.0,0,0,0,95,33
3183045.0,0,0,0,95,33
3183061.0,0,0,0,96,32
3183089.0,0,0,0,96,32
3183089.0,0,0,0,64,64
3183126.0,0,0,0,64,64
3183126.0,0,0,0,56,72
3183282.0,0,0,0,88,40
3183284.0,0,0,0,96,32
3183303.0,0,0,0,96,32
3183303.0,0,0,0,95,33
3183318.0,0,0,0,96,32
3183382.0,0,0,0,96,32
3183382.0,0,0,7,89,32
3183398.0,0,0,7,89,32
3183398.0,0,0,7,25,96
3183455.0,0,0,7,25,96
3183455.0,0,0,15,17,96
3183471.0,0,0,15,17,96
3183471.0,0,0,26,6,96
3183498.0,0,0,26,6,96
3183498.0,0,0,26,2,100
3183523.0,0,0,26,2,100
3183523.0,0,0,26,0,102
3183609.0,0,0,26,64,38
3183615.0,0,0,26,64,38
3183615.0,0,0,26,63,39
3183627.0,0,0,26,63,39
3183645.0,0,0,26,64,38
3183683.0,0,0,26,64,38
3183683.0,0,0,26,63,39
3183693.0,0,0,26,64,38
3183747.0,0,0,26,64,38
3183955.0,0,0,26,64,38
3183956.0,0,0,26,64,38
3184006.0,0,0,26,64,38
3184029.0,0,0,26,64,38
3184081.0,0,0,26,64,38
3184211.0,0,0,26,64,38
3184236.0,0,0,26,64,38
3184335.0,0,0,26,68,34
3184336.0,0,0,26,70,32
3184352.0,0,0,26,70,32
3184507.0,0,0,26,70,32
3184532.0,0,0,26,70,32
3184555.0,0,0,26,70,32
3184607.0,0,0,26,70,32
3184668.0,0,0,26,70,32
3184744.0,0,0,26,70,32
3184800.0,0,0,26,70,32
3184934.0,0,0,26,70,32
3184970.0,0,0,26,102,0
3184981.0,0,0,26,102,0
3185093.0,0,0,26,102,0
3185175.0,0,0,26,102,0
3185222.0,0,0,26,102,0
3185256.0,0,0,26,102,0
3185476.0,0,0,26,102,0
3185531.0,0,0,26,102,0
3185624.0,0,0,26,102,0
3185697.0,0,0,26,102,0
3185767.0,0,0,26,102,0
3185827.0,0,0,26,102,0
3185877.0,0,0,26,102,0
3185921.0,0,0,26,102,0
3185963.0,0,0,26,102,0
3185975.0,0,0,26,102,0
3185976.0,0,0,26,102,0
3186011.0,0,0,26,102,0
3186026.0,0,0,26,102,0
3186033.0,0,0,26,102,0
3186081.0,0,0,26,102,0
3186082.0,7,0,19,102,0
3186082.0,0,7,19,102,0
3186105.0,0,7,19,102,0
3186140.0,0,7,19,102,0
3186155.0,8,7,11,102,0
3186155.0,0,15,11,102,0
3186171.0,11,15,0,102,0
3186171.0,0,26,0,102,0
3186188.0,0,26,0,102,0
3186205.0,0,26,0,102,0
3186268.0,0,26,0,102,0
3186329.0,0,26,0,102,0
3186382.0,0,26,0,102,0
3186416.0,0,26,0,102,0
3186423.0,0,26,0,102,0
3186475.0,0,26,0,102,0
3186533.0,0,26,0,102,0
3186555.0,0,26,0,102,0
3186564.0,0,26,0,102,0
3186577.0,0,26,0,102,0
3186641.0,0,26,0,102,0
3186713.0,0,26,0,102,0
3186723.0,0,26,0,102,0
3186846.0,0,26,0,102,0
3186970.0,0,26,0,102,0
3187100.0,0,26,0,102,0
3187155.0,0,26,0,102,0
3187209.0,0,26,0,102,0
3187224.0,0,26,0,102,0
3187245.0,0,26,0,102,0
3187293.0,0,26,0,102,0
3187311.0,0,26,0,102,0
3187312.0,0,26,0,102,0
3187336.0,0,26,0,102,0
3187380.0,0,26,0,102,0
3187399.0,0,26,0,102,0
3187431.0,0,26,0,102,0
3187510.0,0,26,0,102,0
3187544.0,0,26,0,102,0
3187687.0,0,26,0,102,0
3187835.0,0,26,0,102,0
3187882.0,0,19,0,109,0
3187955.0,0,11,0,117,0
3187959.0,0,11,0,117,0
3187971.0,0,0,0,128,0
3187971.0,0,0,0,0,128
3188085.0,0,0,0,64,64
3188085.0,0,0,0,62,66
3188096.0,0,0,0,63,65
3188107.0,0,0,0,64,64
3188107.0,0,0,0,0,128
3188151.0,0,0,0,64,64
3188151.0,0,0,0,63,65
3188177.0,0,0,0,127,1
3188177.0,0,0,0,63,65
3188180.0,0,0,0,64,64
3188180.0,0,0,0,0,128
3188214.0,0,0,0,0,128
3188280.0,0,0,0,64,64
3188280.0,0,0,0,30,98
3188288.0,0,0,0,94,34
3188288.0,0,0,0,29,99
3188294.0,0,0,0,30,98
3188317.0,0,0,0,31,97
3188334.0,0,0,0,95,33
3188334.0,0,0,0,31,97
3188372.0,0,0,0,95,33
3188372.0,0,0,0,30,98
3188391.0,0,0,0,31,97
3188432.0,0,0,0,63,65
3188479.0,0,0,0,127,1
3188479.0,0,0,0,63,65
3188542.0,0,0,0,63,65
3188555.0,0,0,0,63,65
3188585.0,0,0,0,127,1
3188585.0,0,0,0,31,97
3188638.0,0,0,0,31,97
3188655.0,0,0,0,95,33
3188655.0,0,0,0,30,98
3188667.0,0,0,0,30,98
3188716.0,0,0,0,31,97
3188765.0,0,0,0,63,65
3188782.0,0,0,0,127,1
3188782.0,0,0,0,61,67
3188806.0,0,0,0,62,66
3188911.0,0,0,0,63,65
3189033.0,0,0,0,127,1
3189033.0,0,0,0,63,65
3189136.0,0,0,0,63,65
3189137.0,0,0,0,64,64
3189137.0,0,0,0,0,128
3189164.0,0,0,0,0,128
3189196.0,0,0,0,64,64
3189196.0,0,0,0,0,128
3189248.0,0,0,0,64,64
3189248.0,0,0,0,0,128
3189294.0,0,0,0,64,64
3189294.0,0,0,0,0,128
3189330.0,0,0,0,64,64
3189330.0,0,0,0,0,128
3189363.0,0,0,0,64,64
3189363.0,0,0,0,0,128
3189401.0,0,0,0,64,64
3189401.0,0,0,0,63,65
3189412.0,0,0,0,64,64
3189412.0,0,0,0,0,128
3189446.0,0,0,0,64,64
3189446.0,0,0,0,59,69
3189454.0,0,0,0,123,5
3189454.0,0,0,0,57,71
3189475.0,0,0,0,58,70
3189492.0,0,0,0,122,6
3189492.0,0,0,0,57,71
3189518.0,0,0,0,58,70
3189538.0,0,0,0,122,6
3189538.0,0,0,0,26,102
3189579.0,0,0,0,90,38
3189579.0,0,0,0,26,102
3189625.0,0,0,0,90,38
3189625.0,0,0,0,26,102
3189674.0,0,0,0,90,38
3189674.0,0,0,0,26,102
3189693.0,0,0,0,26,102
3189711.0,0,0,0,90,38
3189711.0,0,0,0,26,102
3189742.0,0,0,0,90,38
3189742.0,0,0,0,26,102
3189775.0,0,0,0,90,38
3189775.0,0,0,0,19,109
3189795.0,0,0,0,20,108
3189808.0,0,0,0,84,44
3189808.0,0,0,0,19,109
3189818.0,0,0,0,20,108
3189853.0,0,0,0,20,108
3189856.0,0,0,0,22,106
3189870.0,0,0,0,26,102
3189907.0,0,0,0,26,102
3189913.0,0,0,0,58,70
3189922.0,0,0,0,122,6
3189922.0,0,0,0,26,102
3190039.0,0,0,0,90,38
3190039.0,0,0,0,26,102
3190052.0,0,0,0,26,102
3190129.0,0,0,0,26,102
3190150.0,0,0,0,90,38
3190150.0,0,0,0,26,102
3190194.0,0,0,0,26,102
3190198.0,0,0,0,26,102
3190251.0,0,0,0,26,102
3190261.0,0,0,0,90,38
3190261.0,0,0,0,25,103
3190275.0,0,0,0,25,103
3190276.0,0,0,0,26,102
3190296.0,0,0,0,26,102
3190365.0,0,0,0,26,102
3190367.0,0,0,0,90,38
3190367.0,0,0,0,24,104
3190382.0,0,0,0,25,103
3190411.0,0,0,0,26,102
3190453.0,0,0,0,26,102
3190500.0,0,0,0,90,38
3190500.0,0,0,0,50,78
3190507.0,0,0,0,82,46
3190507.0,0,0,0,17,111
3190522.0,0,0,0,17,111
3190529.0,0,0,0,18,110
3190615.0,0,0,0,26,102
3190637.0,0,0,0,90,38
3190637.0,0,0,0,58,70
3190657.0,0,0,0,90,38
3190657.0,0,0,0,26,102
3190677.0,0,0,0,26,102
3190722.0,0,0,0,26,102
3190764.0,0,0,0,26,102
3190780.0,0,0,0,90,38
3190780.0,0,0,0,26,102
3190840.0,0,0,0,26,102
3190895.0,0,0,0,90,38
3190895.0,0,0,0,26,102
3190946.0,0,0,0,26,102
3190989.0,0,0,0,26,102
3190991.0,0,0,0,26,102
3191006.0,0,0,0,90,38
3191006.0,0,0,0,26,102
3191098.0,0,0,0,26,102
3191111.0,0,0,0,90,38
3191111.0,0,0,0,26,102
3191210.0,0,0,0,26,102
3191218.0,0,0,0,90,38
3191218.0,0,0,0,24,104
3191227.0,0,0,0,25,103
3191234.0,0,0,0,26,102
3191244.0,0,0,0,26,102
3191324.0,0,0,0,90,38
3191324.0,0,0,0,18,110
3191334.0,0,0,0,19,109
3191341.0,0,0,0,20,108
3191444.0,0,0,0,20,108
3191561.0,0,0,0,52,76
3191561.0,0,0,0,7,121
3191580.0,0,0,0,7,121
3191604.0,0,0,0,8,120
3191628.0,0,0,0,16,112
3191628.0,0,0,0,0,128
3191637.0,0,0,0,4,124
3191637.0,0,0,0,3,125
3191649.0,0,0,0,35,93
3191649.0,0,0,0,1,127
3191655.0,0,0,0,2,126
3191685.0,0,0,0,2,126
3191710.0,0,0,0,18,110
3191710.0,0,0,0,14,114
3191716.0,0,0,0,22,106
3191717.0,0,0,0,38,90
3191717.0,0,0,0,6,122
3191727.0,0,0,0,38,90
3191727.0,0,0,0,6,122
3191733.0,0,0,0,10,118
3191751.0,0,0,0,10,118
3191755.0,0,0,0,14,114
3191785.0,0,0,0,30,98
3191785.0,0,0,0,12,116
3191796.0,0,0,0,28,100
3191801.0,0,0,0,29,99
3191816.0,0,0,0,30,98
3191856.0,0,0,0,30,98
3191862.0,0,0,0,46,82
3191862.0,0,0,0,14,114
3191880.0,0,0,0,14,114
3191888.0,0,0,0,14,114
3192336.0,0,0,0,14,114
3192355.0,0,0,0,16,112
3192376.0,0,0,0,20,108
3192377.0,0,0,0,52,76
3192377.0,0,0,0,12,116
3192399.0,0,0,0,12,116
3192432.0,0,0,0,14,114
3192453.0,0,0,0,22,106
3192453.0,0,0,0,6,122
3192459.0,0,0,0,10,118
3192486.0,0,0,0,42,86
3192486.0,0,0,0,26,102
3192516.0,0,0,0,42,86
3192516.0,0,0,0,8,120
3192525.0,0,0,0,9,119
3192533.0,0,0,0,10,118
3192539.0,0,0,0,10,118
3192539.0,0,0,0,6,122
3192542.0,0,0,0,22,106
3192560.0,0,0,0,22,106
3192560.0,0,0,0,20,108
3192567.0,0,0,0,24,104
3192581.0,0,0,0,26,102
3192590.0,0,0,0,58,70
3192613.0,0,0,0,60,68
3192631.0,0,0,0,64,64
3192638.0,0,0,0,96,32
3192979.0,0,0,0,96,32
3192979.0,0,0,0,64,64
3192994.0,0,0,0,96,32
3193001.0,0,0,0,96,32
3193004.0,0,0,0,96,32
3193004.0,0,0,0,88,40
3193046.0,0,0,0,88,40
3193111.0,0,0,0,88,40
3193111.0,0,0,0,72,56
3193209.0,0,0,0,104,24
3193212.0,0,0,0,112,16
3193264.0,0,0,0,128,0
3193284.0,0,0,0,128,0
3193284.0,0,0,0,112,16
3193323.0,0,0,0,112,16
3193323.0,0,0,0,80,48
3193527.0,0,0,0,80,48
3193527.0,0,0,0,64,64
3193530.0,0,0,0,80,48
3193549.0,0,0,0,96,32
3193576.0,0,0,0,96,32
3193576.0,0,0,0,95,33
3193588.0,0,0,0,95,33
3193588.0,0,0,0,91,37
3193622.0,0,0,0,91,37
3193622.0,0,0,0,89,39
3193696.0,0,0,0,89,39
3193696.0,0,0,0,73,55
3193736.0,0,0,0,74,54
3193770.0,0,0,0,90,38
3193943.0,0,0,0,90,38
3193943.0,0,0,0,74,54
3193999.0,0,0,0,90,38
3194078.0,0,0,0,90,38
3194078.0,0,0,0,74,54
3194089.0,0,0,0,106,22
3194146.0,0,0,0,122,6
3194477.0,0,0,0,122,6
3194477.0,0,0,0,121,7
3194594.0,0,0,0,125,3
3194596.0,0,0,0,127,1
3194623.0,0,0,0,128,0
3194894.0,0,0,0,128,0
3194894.0,0,0,0,127,1
3194976.0,0,0,0,128,0
3195130.0,0,0,0,128,0
3195130.0,0,0,0,127,1
3195237.0,0,0,0,127,1
3195239.0,0,0,0,127,1
3195239.0,0,0,0,111,17
3195299.0,0,0,0,127,1
3195304.0,0,0,0,128,0
3195310.0,0,0,0,128,0
3195310.0,0,0,6,122,0
3195454.0,0,0,6,122,0
3195454.0,0,0,6,121,1
3195597.0,0,0,6,121,1
3195597.0,0,0,6,89,33
3195855.0,0,0,6,89,33
3195855.0,0,0,6,85,37
3195878.0,0,0,6,85,37
3195878.0,0,0,6,83,39
3195999.0,0,0,6,83,39
3195999.0,0,0,6,82,40
3196063.0,0,0,6,114,8
3196068.0,0,0,6,114,8
3196068.0,0,0,6,113,9
3196072.0,0,0,6,113,9
3196072.0,0,0,6,112,10
3196086.0,0,0,6,113,9
3196091.0,0,0,6,114,8
3196167.0,0,0,6,114,8
3196167.0,0,0,10,110,8
3196178.0,0,0,10,110,8
3196178.0,0,0,10,78,40
3196190.0,0,0,10,78,40
3196190.0,0,0,16,72,40
3196238.0,0,0,16,72,40
3196238.0,0,0,48,40,40
3196594.0,0,0,48,40,40
3196594.0,0,0,64,24,40
3196671.0,0,0,64,56,8
3196714.0,0,0,64,57,7
3196715.0,0,0,64,58,6
3196716.0,0,0,64,58,6
3196716.0,0,0,64,26,38
3196803.0,0,0,64,26,38
3196803.0,0,0,64,25,39
3196830.0,0,0,64,29,35
3196832.0,0,0,64,31,33
3196904.0,0,0,64,32,32
3197032.0,0,0,64,32,32
3197032.0,0,0,64,28,36
3197055.0,0,0,64,28,36
3197055.0,0,0,64,26,38
3197149.0,0,0,64,26,38
3197149.0,0,0,73,17,38
3197277.0,0,0,73,49,6
3197295.0,0,0,73,49,6
3197295.0,0,0,73,48,7
3197300.0,0,0,73,48,7
3197300.0,0,0,73,47,8
3197324.0,0,0,73,48,7
3197330.0,0,0,73,49,6
3197370.0,0,0,73,49,6
3197370.0,0,0,74,48,6
3197389.0,0,0,74,48,6
3197389.0,0,0,74,16,38
3197457.0,0,0,74,16,38
3197689.0,0,0,74,16,38
3197695.0,0,0,74,16,38
3197745.0,0,0,74,16,38
3197759.0,0,0,74,16,38
3197992.0,0,0,74,20,34
3197994.0,0,0,74,22,32
3198010.0,6,0,68,22,32
3198314.0,6,0,68,22,32
3198362.0,6,0,68,22,32
3198426.0,6,0,68,22,32
3198449.0,6,0,68,22,32
3198470.0,6,0,68,22,32
3198505.0,6,0,68,22,32
3198527.0,6,0,68,22,32
3198531.0,6,0,68,22,32
3198564.0,6,0,68,22,32
3198580.0,6,0,68,22,32
3198590.0,6,0,68,22,32
3198618.0,6,0,68,22,32
3198646.0,6,0,68,22,32
3198646.0,1,5,68,22,32
3198659.0,1,5,68,22,32
3198666.0,1,5,68,22,32
3198671.0,1,5,68,22,32
3198681.0,1,5,68,22,32
3198713.0,1,5,68,22,32
3198726.0,1,5,68,22,32
3198793.0,1,5,68,54,0
3198793.0,1,5,68,22,32
3198795.0,1,5,68,22,32
3198796.0,1,5,68,54,0
3198796.0,1,5,68,28,26
3198799.0,1,5,68,50,4
3198800.0,1,5,68,54,0
3198800.0,1,5,68,22,32
3198801.0,1,5,68,22,32
3198803.0,1,5,68,54,0
3198803.0,1,5,68,38,16
3198806.0,1,5,68,54,0
3198867.0,5,5,64,54,0
3198867.0,1,9,64,54,0
3198890.0,7,9,58,54,0
3198890.0,1,15,58,54,0
3198938.0,33,15,26,54,0
3198938.0,1,47,26,54,0
3198996.0,1,47,26,54,0
3198996.0,1,47,26,53,1
3198999.0,1,47,26,54,0
3199294.0,17,47,10,54,0
3199294.0,1,63,10,54,0
3199849.0,10,63,1,54,0
3199849.0,1,72,1,54,0
3200070.0,2,72,0,54,0
3200070.0,1,73,0,54,0
3200446.0,1,68,0,59,0
3200667.0,1,64,0,63,0
3200667.0,1,64,0,55,8
3200670.0,1,64,0,63,0
3200690.0,1,58,0,69,0
3200690.0,1,58,0,65,4
3200693.0,1,58,0,69,0
3200738.0,1,26,0,101,0
3200738.0,1,26,0,72,29
3200741.0,1,26,0,74,27
3200742.0,1,26,0,76,25
3200745.0,1,26,0,77,24
3200756.0,1,26,0,78,23
3200759.0,1,26,0,79,22
3200763.0,1,26,0,83,18
3200764.0,1,26,0,91,10
3200787.0,1,26,0,92,9
3200834.0,1,26,0,92,9
3200834.0,1,26,0,88,13
3200862.0,1,26,0,89,12
3200863.0,1,26,0,89,12
3200863.0,1,26,0,87,14
3200864.0,1,26,0,95,6
3200866.0,1,26,0,95,6
3200866.0,1,26,0,91,10
3200888.0,1,26,0,93,8
3200889.0,1,26,0,97,4
3200893.0,1,26,0,97,4
3200893.0,1,26,0,33,68
3200913.0,1,26,0,33,68
3200913.0,1,26,0,29,72
3200925.0,1,26,0,33,68
3200942.0,1,26,0,37,64
3200972.0,1,26,0,37,64
3200972.0,1,26,0,33,68
3200985.0,1,26,0,33,68
3200985.0,1,26,0,29,72
3201030.0,1,26,0,29,72
3201030.0,0,27,0,29,72
3201041.0,0,27,0,33,68
3201084.0,0,27,0,37,64
3201094.0,0,11,0,53,64
3201094.0,0,11,0,31,86
3201097.0,0,11,0,33,84
3201121.0,0,11,0,33,84
3201125.0,0,11,0,37,80
3201181.0,0,11,0,37,80
3201221.0,0,11,0,37,80
3201243.0,0,11,0,37,80
3201271.0,0,11,0,37,80
3201329.0,0,11,0,53,64
3201592.0,0,11,0,53,64
3201649.0,0,2,0,62,64
3201870.0,0,1,0,63,64
3201870.0,0,1,0,31,96
3202074.0,0,1,0,31,96
3202133.0,0,1,0,63,64
3202133.0,0,1,0,12,115
3202148.0,0,1,0,13,114
3202175.0,0,1,0,13,114
3202175.0,0,1,0,12,115
3202217.0,0,1,0,12,115
3202217.0,0,1,0,8,119
3202375.0,0,1,0,16,111
3202396.0,0,1,0,16,111
3202403.0,0,1,0,16,111
3202433.0,0,1,0,48,79
3202436.0,0,1,0,49,78
3202479.0,0,1,0,53,74
3202507.0,0,1,0,57,70
3202560.0,0,1,0,57,70
3202560.0,0,1,0,56,71
3202624.0,0,1,0,56,71
3202624.0,0,1,0,24,103
3202654.0,0,1,0,24,103
3202654.0,0,1,0,16,111
3202690.0,0,1,0,17,110
3202830.0,0,0,0,18,110
3202830.0,0,0,0,16,112
3202873.0,0,0,0,18,110
3203026.0,0,0,0,18,110
3203026.0,0,0,0,17,111
3203153.0,0,0,0,18,110
3203243.0,0,0,0,82,46
3203247.0,0,0,0,82,46
3203247.0,0,0,0,81,47
3203248.0,0,0,0,81,47
3203248.0,0,0,0,80,48
3203263.0,0,0,0,81,47
3203310.0,0,0,0,81,47
3203310.0,0,0,0,80,48
3203333.0,0,0,0,81,47
3203449.0,0,0,0,81,47
3203449.0,0,0,0,17,111
3203460.0,0,0,0,18,110
3203615.0,0,0,0,18,110
3203615.0,0,0,0,14,114
3203681.0,0,0,0,18,110
3203682.0,0,0,0,18,110
3203682.0,0,0,0,17,111
3203724.0,0,0,0,17,111
3203724.0,0,0,0,9,119
3203841.0,0,0,0,10,118
3203918.0,0,0,0,10,118
3203918.0,0,0,0,9,119
3204073.0,0,0,0,10,118
3204083.0,0,0,0,18,110
3204270.0,0,0,0,18,110
3204415.0,0,0,0,18,110
3204415.0,0,0,0,10,118
3204641.0,0,0,0,10,118
3204641.0,0,0,4,6,118
3204700.0,0,0,4,14,110
3204930.0,0,0,4,14,110
3204930.0,0,0,4,6,118
3205075.0,0,0,4,6,118
3205075.0,0,0,4,5,119
3205124.0,0,0,4,13,111
3205192.0,0,0,4,14,110
3205436.0,0,0,4,14,110
3205436.0,0,0,4,13,111
3205438.0,0,0,4,77,47
3205442.0,0,0,4,77,47
3205442.0,0,0,4,76,48
3205467.0,0,0,4,77,47
3205470.0,0,0,4,78,46
3205545.0,0,0,4,78,46
3205545.0,0,0,4,14,110
3205645.0,0,0,4,14,110
3205645.0,0,0,4,6,118
3205733.0,0,0,4,6,118
3205733.0,0,0,4,5,119
3205854.0,0,0,4,13,111
3205901.0,0,0,4,14,110
3205961.0,0,0,4,78,46
3205968.0,0,0,4,78,46
3205968.0,0,0,4,77,47
3206039.0,0,0,4,78,46
3206042.0,0,0,4,78,46
3206042.0,0,0,4,46,78
3206088.0,0,0,4,46,78
3206088.0,0,0,4,42,82
3206090.0,0,0,4,46,78
3206385.0,0,0,4,46,78
3206385.0,0,0,4,38,86
3206436.0,0,0,4,70,54
3206440.0,0,0,4,70,54
3206440.0,0,0,4,69,55
3206441.0,0,0,4,69,55
3206441.0,0,0,4,68,56
3206455.0,0,0,4,69,55
3206463.0,0,0,4,70,54
3206473.0,0,0,4,70,54
3206473.0,0,0,6,68,54
3206518.0,0,0,6,68,54
3206518.0,0,0,6,36,86
3206566.0,0,0,6,44,78
3206603.0,0,0,6,44,78
3206603.0,0,0,6,36,86
3206739.0,0,0,6,36,86
3206739.0,0,0,6,35,87
3206779.0,0,0,6,36,86
3206843.0,0,0,6,36,86
3206843.0,0,0,9,33,86
3206868.0,0,0,9,41,78
3207026.0,0,0,9,73,46
3207028.0,0,0,9,73,46
3207028.0,0,0,9,72,47
3207038.0,0,0,9,72,47
3207038.0,0,0,9,71,48
3207044.0,0,0,9,72,47
3207047.0,0,0,9,73,46
3207147.0,0,0,9,73,46
3207147.0,0,0,9,9,110
3207328.0,0,0,9,9,110
3207328.0,0,0,9,1,118
3207341.0,4,0,5,1,118
3207434.0,4,0,5,1,118
3207480.0,4,0,5,9,110
3207621.0,4,0,5,9,110
3207621.0,4,0,5,5,114
3207663.0,4,0,5,5,114
3207663.0,0,4,5,5,114
3207696.0,0,4,5,9,110
3207861.0,0,4,5,9,110
3207934.0,0,4,5,9,110
3208019.0,0,4,5,73,46
3208019.0,0,4,5,61,58
3208065.0,0,4,5,65,54
3208100.0,0,4,5,73,46
3208117.0,0,4,5,73,46
3208117.0,0,4,5,9,110
3208164.0,0,4,5,9,110
3208164.0,0,4,5,5,114
3208196.0,0,4,5,5,114
3208414.0,0,4,5,5,114
3208437.0,0,4,5,5,114
3208602.0,0,4,5,37,82
3208602.0,0,4,5,23,96
3208603.0,0,4,5,31,88
3208744.0,0,4,5,39,80
3208792.0,0,4,5,39,80
3208792.0,0,4,5,7,112
3208817.0,0,4,5,7,112
3208824.0,0,4,5,7,112
3208853.0,0,4,5,7,112
3208913.0,0,4,5,71,48
3208913.0,0,4,5,61,58
3208924.0,0,4,5,61,58
3208924.0,0,4,5,60,59
3208927.0,0,4,5,60,59
3208927.0,0,4,5,59,60
3208944.0,0,4,5,63,56
3208946.0,0,4,5,64,55
3208948.0,0,4,5,65,54
3208953.0,0,4,5,67,52
3208955.0,0,4,5,67,52
3208955.0,0,4,5,63,56
3208977.0,0,4,5,67,52
3209019.0,0,4,5,71,48
3209038.0,0,4,5,71,48
3209038.0,0,4,5,55,64
3209074.0,0,4,5,55,64
3209074.0,0,4,5,51,68
3209085.0,0,4,5,53,66
3209098.0,0,4,5,53,66
3209100.0,0,4,5,53,66
3209173.0,2,4,3,53,66
3209173.0,0,6,3,53,66
3209219.0,0,6,3,55,64
3209247.0,0,6,3,59,60
3209454.0,0,6,3,59,60
3209463.0,0,2,3,63,60
3209463.0,0,2,3,55,68
3209488.0,0,2,3,59,64
3209491.0,0,2,3,59,64
3209501.0,0,2,3,59,64
3209537.0,0,2,3,75,48
3209537.0,0,2,3,5,118
3209543.0,3,2,0,5,118
3209543.0,0,5,0,5,118
3209555.0,0,5,0,5,118
3209555.0,0,5,0,4,119
3209558.0,0,5,0,4,119
3209559.0,0,5,0,8,115
3209583.0,0,5,0,16,107
3209583.0,0,5,0,8,115
3209594.0,0,5,0,8,115
3209594.0,0,5,0,4,119
3209616.0,0,5,0,5,118
3209620.0,0,5,0,5,118
3209620.0,0,5,0,3,120
3209642.0,0,5,0,3,120
3209760.0,0,5,0,3,120
3209876.0,0,5,0,3,120
3209878.0,0,5,0,3,120
3209917.0,0,5,0,3,120
3210022.0,0,5,0,5,118
3210038.0,0,5,0,5,118
3210110.0,0,5,0,13,110
3210110.0,0,5,0,9,114
3210166.0,0,5,0,15,108
3210166.0,0,5,0,5,118
3210192.0,0,5,0,6,117
3210197.0,0,5,0,10,113
3210204.0,0,5,0,11,112
3210216.0,0,5,0,11,112
3210226.0,0,5,0,19,104
3210226.0,0,5,0,3,120
3210255.0,0,5,0,3,120
3210279.0,0,5,0,3,120
3210284.0,0,5,0,3,120
3210303.0,0,5,0,67,56
3210303.0,0,5,0,3,120
3210338.0,0,5,0,19,104
3210338.0,0,5,0,3,120
3210343.0,0,5,0,3,120
3210355.0,0,5,0,19,104
3210355.0,0,5,0,13,110
3210396.0,0,5,0,13,110
3210448.0,0,5,0,13,110
3210482.0,0,5,0,13,110
3210563.0,0,5,0,77,46
3210563.0,0,5,0,60,63
3210590.0,0,5,0,76,47
3210590.0,0,5,0,9,114
3210624.0,0,5,0,9,114
3210624.0,0,5,0,5,118
3210643.0,0,5,0,6,117
3210662.0,0,5,0,6,117
3210662.0,0,5,0,5,118
3210675.0,0,5,0,6,117
3210677.0,0,5,0,7,116
3210706.0,0,5,0,11,112
3210709.0,0,5,0,13,110
3210722.0,0,5,0,13,110
3210722.0,0,5,0,5,118
3210803.0,0,5,0,13,110
3210817.0,0,5,0,13,110
3210907.0,0,5,0,13,110
3210973.0,0,3,0,15,110
3210973.0,0,3,0,11,114
3211080.0,0,3,0,11,114
3211085.0,0,3,0,11,114
3211099.0,0,3,0,75,50
3211099.0,0,3,0,25,100
3211100.0,0,3,0,25,100
3211100.0,0,3,0,24,101
3211121.0,0,3,0,25,100
3211178.0,0,3,0,41,84
3211181.0,0,3,0,45,80
3211202.0,0,3,0,45,80
3211202.0,0,3,0,13,112
3211215.0,0,3,0,15,110
3211233.0,0,3,0,15,110
3211233.0,0,3,0,14,111
3211274.0,0,3,0,15,110
3211296.0,0,3,0,15,110
3211317.0,0,3,0,15,110
3211317.0,0,3,0,11,114
3211319.0,0,3,0,11,114
3211340.0,0,3,0,11,114
3211343.0,0,0,0,14,114
3211343.0,0,0,0,10,118
3211359.0,0,0,0,10,118
3211371.0,0,0,0,42,86
3211371.0,0,0,0,4,124
3211381.0,0,0,0,6,122
3211386.0,0,0,0,10,118
3211404.0,0,0,0,14,114
3211405.0,0,0,0,18,110
3211447.0,0,0,0,18,110
3211447.0,0,0,0,14,114
3211482.0,0,0,0,18,110
3211488.0,0,0,0,18,110
3211488.0,0,0,0,10,118
3211506.0,0,0,0,42,86
3211561.0,0,0,0,42,86
3211561.0,0,0,0,41,87
3211585.0,0,0,0,42,86
3211612.0,0,0,0,50,78
3211621.0,0,0,0,50,78
3211621.0,0,0,0,18,110
3211649.0,0,0,0,18,110
3211649.0,0,0,0,2,126
3211762.0,0,0,0,2,126
3211802.0,0,0,0,34,94
3211802.0,0,0,0,2,126
3211821.0,0,0,0,18,110
3211843.0,0,0,0,18,110
3211843.0,0,0,0,2,126
3211872.0,0,0,0,34,94
3211878.0,0,0,0,34,94
3211878.0,0,0,0,33,95
3211900.0,0,0,0,34,94
3211906.0,0,0,0,34,94
3211906.0,0,0,0,33,95
3211913.0,0,0,0,34,94
3211919.0,0,0,0,34,94
3211919.0,0,0,0,33,95
3211927.0,0,0,0,34,94
3212034.0,0,0,0,34,94
3212034.0,0,0,0,2,126
3212132.0,0,0,0,2,126
3212157.0,0,0,0,34,94
3212157.0,0,0,0,2,126
3212199.0,0,0,0,34,94
3212202.0,0,0,0,34,94
3212203.0,0,0,0,34,94
3212513.0,0,0,0,34,94
3212544.0,0,0,0,34,94
3213179.0,0,0,0,34,94
3213179.0,0,0,0,2,126
3213183.0,0,0,0,2,126
3213403.0,0,0,0,34,94
3213622.0,0,0,0,34,94
3213710.0,0,0,0,34,94
3213766.0,0,0,0,34,94
3213846.0,0,0,0,38,90
3213889.0,0,0,0,40,88
3213955.0,0,0,0,40,88
3214013.0,0,0,0,40,88
3214013.0,0,0,0,8,120
3214781.0,0,0,0,8,120
3214781.0,0,0,2,6,120
3215072.0,0,0,2,6,120
3215072.0,0,0,2,5,121
3215091.0,0,0,2,6,120
3215421.0,0,0,2,38,88
3215426.0,0,0,2,38,88
3215426.0,0,0,2,37,89
3215427.0,0,0,2,37,89
3215427.0,0,0,2,36,90
3215438.0,0,0,2,37,89
3215449.0,0,0,2,38,88
3215566.0,0,0,2,38,88
3215566.0,0,0,2,6,120
3215893.0,0,0,2,38,88
3216185.0,0,0,2,38,88
3216185.0,0,0,2,6,120
3217446.0,0,0,2,6,120
3217446.0,0,0,5,3,120
3217481.0,2,0,3,3,120
3217489.0,2,0,3,3,120
3217489.0,2,0,5,1,120
3217506.0,2,0,5,33,88
3217507.0,2,0,5,33,88
3217507.0,2,0,5,32,89
3217525.0,2,0,5,33,88
3218691.0,2,0,5,33,88
3218691.0,2,0,6,32,88
3218692.0,2,0,6,32,88
3218692.0,2,0,6,0,120
3218740.0,2,0,6,32,88
3218769.0,2,0,6,32,88
3218769.0,2,0,6,0,120
3218911.0,2,0,6,32,88
3219374.0,2,0,6,32,88
3219374.0,2,0,6,31,89
3219422.0,2,0,6,32,88
3219474.0,2,0,6,32,88
3219474.0,2,0,6,16,104
3219553.0,2,0,6,16,104
3219553.0,2,0,6,15,105
3219573.0,2,0,6,16,104
3219660.0,2,0,6,32,88
3219844.0,2,0,6,64,56
3219935.0,2,0,6,72,48
3220146.0,5,0,3,72,48
3220189.0,7,0,1,72,48
3220366.0,7,0,1,72,48
3220366.0,7,0,1,71,49
3220458.0,7,0,1,72,48
3220482.0,7,0,1,72,48
3220482.0,7,0,1,71,49
3220587.0,7,0,1,72,48
3220743.0,7,0,1,72,48
3220743.0,7,0,1,70,50
3220834.0,7,0,1,72,48
3221106.0,7,0,1,72,48
3221359.0,7,0,1,72,48
3221359.0,7,0,1,40,80
3221391.0,8,0,0,40,80
3221575.0,8,0,0,72,48
3222340.0,8,0,0,72,48
3222511.0,8,0,0,72,48
3222511.0,8,0,15,57,48
3223009.0,8,0,15,73,32
3223034.0,8,0,15,105,0
3223173.0,8,0,15,105,0
3223173.0,8,0,16,104,0
3223444.0,8,0,16,104,0
3223444.0,8,0,40,80,0
3225175.0,8,0,40,80,0
3225175.0,8,0,72,48,0
3225211.0,23,0,57,48,0
3225873.0,24,0,56,48,0
3226144.0,48,0,32,48,0
3226609.0,48,0,32,48,0
3226609.0,48,0,48,32,0
3226634.0,48,0,48,32,0
3226634.0,48,0,80,0,0
3227875.0,80,0,48,0,0
3229309.0,96,0,32,0,0
3229334.0,128,0,0,0,0
3229773.0,128,0,0,0,0
3229773.0,64,64,0,0,0
3230658.0,64,64,0,0,0
3230658.0,60,68,0,0,0
3230680.0,60,68,0,0,0
3230680.0,58,70,0,0,0
3231573.0,58,6,0,64,0
3231573.0,58,6,0,0,64
3232458.0,58,2,0,4,64
3232458.0,58,2,0,0,68
3232480.0,58,0,0,2,68
3232480.0,58,0,0,0,70
3232772.0,58,0,0,0,70
3232772.0,54,4,0,0,70
3232793.0,54,4,0,0,70
3232793.0,52,6,0,0,70
3234400.0,52,6,0,0,70
3234495.0,52,6,0,4,66
3234496.0,52,6,0,4,66
3234497.0,52,6,0,6,64
3234572.0,52,2,0,10,64
3234572.0,52,2,0,6,68
3234593.0,52,0,0,8,68
3234593.0,52,0,0,6,70
3236188.0,52,0,0,70,6
3236194.0,52,0,0,72,4
3236197.0,52,0,0,76,0
3236197.0,0,52,0,76,0
3237997.0,0,0,0,128,0
3237997.0,0,0,0,0,128
3238083.0,0,0,0,128,0
3238083.0,0,0,0,0,128
3238095.0,0,0,0,0,128
3245437.0,0,0,0,0,128
3249018.0,0,0,0,128,0
3249018.0,0,0,0,64,64
3252618.0,0,0,0,64,64
3252618.0,0,0,64,0,64
3255318.0,64,0,0,0,64
3259942.0,64,0,0,64,0
3262032.0,64,0,0,64,0
3262032.0,64,0,0,32,32
3262120.0,64,0,0,64,0
3262899.0,64,0,0,64,0
3262899.0,64,0,0,32,32
3262919.0,64,0,0,64,0
3263451.0,64,0,0,64,0
3263451.0,64,0,0,48,16
3263523.0,64,0,0,64,0
3263542.0,64,0,0,64,0
3263542.0,64,0,32,32,0
3263678.0,64,0,32,32,0
3263678.0,64,0,32,0,32
3263756.0,64,0,32,32,0
3263802.0,64,0,32,32,0
3263802.0,64,0,32,24,8
3263864.0,64,0,32,32,0
3263942.0,64,0,32,32,0
3263942.0,64,0,32,28,4
3263986.0,64,0,32,32,0
3264026.0,64,0,32,32,0
3264026.0,64,0,32,24,8
3264078.0,64,0,32,32,0
3264131.0,64,0,32,32,0
3264131.0,64,0,32,0,32
3264243.0,64,0,32,32,0
3264296.0,64,0,32,32,0
3264296.0,64,0,32,0,32
3264316.0,64,0,32,32,0
3264439.0,64,0,32,32,0
3264439.0,64,0,32,0,32
3264480.0,64,0,32,32,0
3264696.0,64,0,32,32,0
3264696.0,64,0,32,0,32
3264787.0,64,0,32,32,0
3264810.0,64,0,32,32,0
3264810.0,64,0,32,0,32
3265103.0,64,0,32,32,0
3265278.0,64,0,32,32,0
3265278.0,64,0,32,31,1
3265318.0,64,0,32,32,0
3265415.0,64,0,32,32,0
3265415.0,64,0,32,0,32
3265421.0,64,0,32,32,0
3265460.0,64,0,32,32,0
3265460.0,64,0,32,0,32
3265504.0,64,0,32,0,32
3265603.0,64,0,32,32,0
3265895.0,64,0,32,32,0
3265895.0,64,0,32,0,32
3265917.0,64,0,32,0,32
3266005.0,64,0,32,0,32
3266009.0,64,0,32,0,32
3266068.0,64,0,32,0,32
3266148.0,64,0,32,0,32
3266242.0,96,0,0,0,32
3266242.0,83,13,0,0,32
3266380.0,83,13,0,0,32
3266380.0,19,77,0,0,32
3266519.0,19,77,0,0,32
3266520.0,19,77,0,0,32
3266520.0,18,78,0,0,32
3267356.0,18,78,0,0,32
3267368.0,18,78,0,0,32
3267368.0,17,79,0,0,32
3267436.0,17,79,0,0,32
3267436.0,13,83,0,0,32
3267807.0,13,83,0,0,32
3267843.0,13,83,0,0,32
3267916.0,13,83,0,0,32
3268042.0,13,70,0,13,32
3268042.0,13,70,0,0,45
3268046.0,13,70,0,1,44
3268062.0,13,70,0,2,43
3268063.0,13,70,0,3,42
3268063.0,0,83,0,3,42
3268066.0,0,83,0,4,41
3268069.0,0,83,0,5,40
3268080.0,0,83,0,5,40
3268180.0,0,19,0,69,40
3268180.0,0,19,0,5,104
3268230.0,0,19,0,5,104
3268320.0,0,18,0,6,104
3268320.0,0,18,0,5,105
3268376.0,0,18,0,37,73
3268376.0,0,18,0,29,81
3268387.0,0,18,0,29,81
3268455.0,0,18,0,30,80
3268599.0,0,18,0,30,80
3268621.0,0,18,0,30,80
3268703.0,0,18,0,30,80
3268841.0,0,18,0,38,72
3268841.0,0,18,0,6,104
3268843.0,0,18,0,6,104
3268979.0,0,18,0,6,104
3268980.0,0,18,0,6,104
3268993.0,0,18,0,6,104
3269021.0,0,18,0,6,104
3269064.0,0,18,0,6,104
3269106.0,0,18,0,6,104
3269168.0,0,17,0,7,104
3269168.0,0,17,0,6,105
3269191.0,0,17,0,7,104
3269203.0,0,17,0,7,104
3269236.0,0,13,0,11,104
3269236.0,0,13,0,7,108
3269304.0,0,13,0,7,108
3269308.0,0,13,0,11,104
3269308.0,0,13,0,3,112
3269313.0,0,13,0,35,80
3269313.0,0,13,0,18,97
3269334.0,0,13,0,18,97
3269345.0,0,13,0,18,97
3269366.0,0,13,0,19,96
3269457.0,0,13,0,19,96
3269729.0,0,13,0,35,80
3269729.0,0,13,0,3,112
3269758.0,0,13,0,11,104
3269758.0,0,13,0,8,107
3269776.0,0,13,0,10,105
3269787.0,0,13,0,11,104
3269863.0,0,0,0,24,104
3269863.0,0,0,0,8,120
3269974.0,0,0,0,40,88
3269974.0,0,0,0,0,128
3270269.0,0,0,0,16,112
3270269.0,0,0,0,15,113
3270285.0,0,0,0,15,113
3270314.0,0,0,0,16,112
3270351.0,0,0,0,16,112
3270487.0,0,0,0,16,112
3270501.0,0,0,0,24,104
3270525.0,0,0,0,24,104
3270544.0,0,0,0,32,96
3270573.0,0,0,0,64,64
3270573.0,0,0,0,0,128
3270743.0,0,0,0,0,128
3270774.0,0,0,0,64,64
3270774.0,0,0,0,16,112
3270806.0,0,0,0,48,80
3270806.0,0,0,0,8,120
3270890.0,0,0,0,8,120
3270929.0,0,0,0,24,104
3270929.0,0,0,0,7,121
3270943.0,0,0,0,8,120
3271015.0,0,0,0,8,120
3271055.0,0,0,0,8,120
3271068.0,0,0,0,24,104
3271068.0,0,0,0,8,120
3271072.0,0,0,0,16,112
3271083.0,0,0,0,16,112
3271108.0,0,0,0,48,80
3271108.0,0,0,0,8,120
3271253.0,0,0,0,8,120
3271308.0,0,0,0,16,112
3271334.0,0,0,0,48,80
3271341.0,0,0,0,48,80
3271351.0,0,0,0,48,80
3271417.0,0,0,0,64,64
3271417.0,0,0,0,0,128
3271442.0,0,0,0,0,128
3271447.0,0,0,0,0,128
3271543.0,0,0,0,64,64
3271543.0,0,0,0,62,66
3271550.0,0,0,0,63,65
3271555.0,0,0,0,64,64
3271555.0,0,0,0,0,128
3271616.0,0,0,0,0,128
3271646.0,0,0,0,0,128
3271666.0,0,0,0,0,128
3271758.0,0,0,0,0,128
3271885.0,0,0,0,0,128
3272000.0,0,0,0,0,128
3272002.0,0,0,0,64,64
3272002.0,0,0,0,0,128
3272063.0,0,0,0,0,128
3272070.0,0,0,0,0,128
3272122.0,0,0,0,0,128
3272147.0,0,0,0,64,64
3272147.0,0,0,0,0,128
3272260.0,0,0,0,64,64
3272260.0,0,0,0,0,128
3272311.0,0,0,0,0,128
3272334.0,0,0,0,0,128
3272367.0,0,0,0,64,64
3272367.0,0,0,0,0,128
3272472.0,0,0,0,64,64
3272472.0,0,0,0,10,118
3272554.0,0,0,0,10,118
3272554.0,0,0,0,2,126
3272564.0,0,0,0,10,118
3272614.0,0,0,0,42,86
3272641.0,0,0,0,50,78
3272676.0,0,0,0,50,78
3272676.0,0,0,0,46,82
3272865.0,0,0,0,46,82
3272865.0,0,0,0,14,114
3272873.0,0,0,0,18,110
3272879.0,0,0,0,18,110
3272879.0,0,0,0,17,111
3272886.0,0,0,0,49,79
3272893.0,0,0,0,49,79
3272903.0,0,0,0,50,78
3272913.0,0,0,0,50,78
3272947.0,0,0,0,50,78
3272949.0,0,0,0,50,78
3272988.0,0,0,0,50,78
3272990.0,0,0,0,114,14
3272990.0,0,0,0,49,79
3273011.0,0,0,0,50,78
3273022.0,0,0,0,50,78
3273034.0,0,0,0,114,14
3273034.0,0,0,0,18,110
3273048.0,0,0,0,18,110
3273065.0,0,0,0,22,106
3273080.0,0,0,0,22,106
3273091.0,0,0,0,86,42
3273091.0,0,0,0,20,108
3273103.0,0,0,0,20,108
3273111.0,0,0,0,20,108
3273149.0,0,0,0,21,107
3273157.0,0,0,0,25,103
3273158.0,0,0,0,89,39
3273158.0,0,0,0,24,104
3273160.0,0,0,0,25,103
3273165.0,0,0,0,25,103
3273165.0,0,0,0,17,111
3273190.0,0,0,0,17,111
3273194.0,0,0,0,49,79
3273204.0,0,0,0,50,78
3273225.0,0,0,0,114,14
3273225.0,0,0,0,50,78
3273238.0,0,0,0,50,78
3273261.0,0,0,0,114,14
3273261.0,0,0,0,50,78
3273278.0,0,0,0,50,78
3273292.0,0,0,0,114,14
3273292.0,0,0,0,50,78
3273322.0,0,0,0,114,14
3273322.0,0,0,0,50,78
3273351.0,0,0,0,50,78
3273351.0,0,0,0,18,110
3273358.0,0,0,0,18,110
3273361.0,0,0,0,82,46
3273383.0,0,0,0,82,46
3273383.0,0,0,0,18,110
3273453.0,0,0,0,82,46
3273465.0,0,0,0,82,46
3273465.0,0,0,0,18,110
3273487.0,0,0,0,18,110
3273487.0,0,0,0,17,111
3273509.0,0,0,0,81,47
3273523.0,0,0,0,82,46
3273526.0,0,0,0,82,46
3273526.0,0,0,0,18,110
3273554.0,0,0,0,18,110
3273554.0,0,0,0,17,111
3273579.0,0,0,0,18,110
3273609.0,0,0,0,26,102
3273635.0,0,0,0,90,38
3273646.0,0,0,0,90,38
3273646.0,0,0,0,26,102
3273683.0,0,0,0,26,102
3273683.0,0,0,0,10,118
3273749.0,0,0,0,42,86
3273752.0,0,0,0,106,22
3273765.0,0,0,0,106,22
3273765.0,0,0,0,42,86
3273867.0,0,0,0,106,22
3273869.0,0,0,0,106,22
3273875.0,0,0,0,106,22
3273875.0,0,0,0,74,54
3273885.0,0,0,0,74,54
3273885.0,0,0,0,10,118
3273995.0,0,0,0,74,54
3274184.0,0,0,0,90,38
3274292.0,0,0,0,90,38
3274292.0,0,0,0,89,39
3274374.0,0,0,0,89,39
3274528.0,0,0,0,89,39
3274528.0,0,0,0,25,103
3274560.0,0,0,0,89,39
3274591.0,0,0,0,89,39
3274591.0,0,0,0,25,103
3274592.0,0,0,0,89,39
3274598.0,0,0,0,89,39
3274598.0,0,0,0,25,103
3274612.0,0,0,0,26,102
3274632.0,0,0,0,90,38
3274647.0,0,0,0,92,36
3274667.0,0,0,0,96,32
3274674.0,0,0,0,96,32
3274674.0,0,0,0,32,96
3274717.0,0,0,0,96,32
3274738.0,0,0,0,96,32
3274738.0,0,0,0,32,96
3274768.0,0,0,0,96,32
3274796.0,0,0,0,96,32
3274796.0,0,0,0,32,96
3274828.0,0,0,0,96,32
3274844.0,0,0,0,96,32
3274844.0,0,0,0,32,96
3274876.0,0,0,0,96,32
3274883.0,0,0,0,96,32
3274883.0,0,0,0,92,36
3274891.0,0,0,0,92,36
3274891.0,0,0,0,28,100
3274904.0,0,0,0,28,100
3274904.0,0,0,0,26,102
3274920.0,0,0,0,30,98
3274922.0,0,0,0,94,34
3274933.0,0,0,0,96,32
3274937.0,0,0,0,96,32
3274937.0,0,0,0,32,96
3274968.0,0,0,0,96,32
3274983.0,0,0,0,96,32
3274983.0,0,0,0,32,96
3275093.0,0,0,0,96,32
3275103.0,0,0,0,96,32
3275103.0,0,0,0,32,96
3275143.0,0,0,0,32,96
3275208.0,0,0,0,96,32
3275222.0,0,0,0,96,32
3275222.0,0,0,0,32,96
3275327.0,0,0,0,96,32
3275342.0,0,0,0,96,32
3275342.0,0,0,0,32,96
3275442.0,0,0,0,96,32
3275456.0,0,0,0,96,32
3275456.0,0,0,0,32,96
3275475.0,0,0,0,32,96
3275475.0,0,0,0,31,97
3275490.0,0,0,0,32,96
3275556.0,0,0,0,96,32
3275568.0,0,0,0,96,32
3275568.0,0,0,0,32,96
3275669.0,0,0,0,96,32
3275679.0,0,0,0,96,32
3275679.0,0,0,0,32,96
3275721.0,0,0,0,96,32
3275726.0,0,0,0,96,32
3275726.0,0,0,0,32,96
3275827.0,0,0,0,96,32
3275843.0,0,0,0,96,32
3275843.0,0,0,0,32,96
3275944.0,0,0,0,96,32
3276072.0,0,0,0,96,32
3276072.0,0,0,2,94,32
3276241.0,0,0,2,94,32
3276241.0,0,0,10,86,32
3276391.0,0,0,10,86,32
3276391.0,0,0,10,85,33
3276399.0,0,0,10,86,32
3276410.0,0,0,10,118,0
3276459.0,0,0,10,118,0
3276459.0,0,0,10,86,32
3276535.0,0,0,10,86,32
3276535.0,0,0,10,82,36
3276562.0,0,0,10,82,36
3276562.0,0,0,10,80,38
3276782.0,0,0,10,80,38
3276782.0,0,0,10,48,70
3276806.0,0,0,10,80,38
3276869.0,0,0,10,80,38
3276869.0,0,0,10,48,70
3276895.0,0,0,10,80,38
3277112.0,0,0,10,80,38
3277112.0,0,0,10,48,70
3277430.0,0,0,10,80,38
3277456.0,0,0,10,80,38
3277456.0,0,0,10,72,46
3277472.0,0,0,10,72,46
3277472.0,0,0,10,8,110
3277514.0,0,0,10,72,46
3277529.0,0,0,10,80,38
3277595.0,0,0,10,80,38
3277784.0,0,0,10,80,38
3277784.0,0,0,12,78,38
3277821.0,0,0,12,78,38
3277821.0,0,0,12,14,102
3277841.0,0,0,12,14,102
3277841.0,0,0,12,13,103
3277844.0,0,0,12,13,103
3277858.0,0,0,12,14,102
3277923.0,0,0,12,78,38
3277942.0,0,0,12,78,38
3277942.0,0,0,12,70,46
3278012.0,0,0,12,70,46
3278247.0,0,0,12,70,46
3278405.0,0,0,12,78,38
3278456.0,0,0,12,78,38
3278456.0,0,0,12,70,46
3278600.0,0,0,12,70,46
3278608.0,0,0,12,74,42
3278610.0,0,0,12,76,40
3278772.0,2,0,10,76,40
3278933.0,2,0,10,84,32
3278941.0,10,0,2,84,32
3278941.0,2,8,2,84,32
3278991.0,2,8,2,116,0
3278993.0,2,8,2,116,0
3278993.0,2,8,2,115,1
3279002.0,2,8,2,116,0
3279045.0,2,8,2,116,0
3279045.0,2,8,2,84,32
3279276.0,2,8,2,84,32
3279276.0,2,8,2,80,36
3279313.0,2,8,2,84,32
3279326.0,2,8,2,84,32
3279460.0,2,8,2,116,0
3279460.0,2,8,2,84,32
3279487.0,2,8,2,116,0
3279516.0,2,8,2,116,0
3279516.0,2,8,2,108,8
3279517.0,2,8,2,108,8
3280002.0,2,8,2,116,0
3280159.0,2,8,2,116,0
3280478.0,2,8,2,116,0
3280484.0,4,8,0,116,0
3280484.0,2,10,0,116,0
3280551.0,2,10,0,116,0
3280741.0,2,2,0,124,0
3280741.0,2,2,0,116,8
3280850.0,2,2,0,124,0
3281263.0,2,2,0,124,0
3281310.0,2,2,0,124,0
3281467.0,2,2,0,124,0
3282005.0,2,2,0,124,0
3282180.0,2,2,0,124,0
3282208.0,2,2,0,124,0
3282210.0,2,2,0,124,0
3282210.0,2,2,2,122,0
3282250.0,2,2,2,122,0
3282284.0,2,0,2,124,0
3282284.0,2,0,2,52,72
3282333.0,2,0,2,60,64
3282333.0,0,2,2,60,64
3282370.0,0,2,2,124,0
3282370.0,0,2,2,67,57
3282405.0,0,2,2,75,49
3282405.0,0,2,2,67,57
3282449.0,0,2,2,75,49
3282449.0,0,2,2,67,57
3282490.0,0,2,2,75,49
3282533.0,0,2,2,75,49
3282726.0,0,2,2,91,33
3282772.0,0,2,2,91,33
3282803.0,0,2,2,91,33
3283023.0,0,2,2,91,33
3283383.0,0,2,2,91,33
3283544.0,0,2,2,91,33
3283797.0,0,2,2,91,33
3283930.0,0,2,2,92,32
3283930.0,0,2,2,60,64
3284003.0,0,2,2,92,32
3284003.0,0,2,2,74,50
3284031.0,0,2,2,75,49
3284087.0,0,2,2,107,17
3284092.0,0,2,2,108,16
3284133.0,0,0,2,110,16
3284279.0,0,0,2,110,16
3284348.0,0,0,2,126,0
3284348.0,0,0,2,62,64
3284474.0,0,0,2,62,64
3284707.0,0,0,2,126,0
3284707.0,0,0,2,125,1
3284716.0,0,0,2,125,1
3284729.0,0,0,2,126,0
3284729.0,0,0,2,62,64
3284738.0,0,0,2,62,64
3284862.0,0,0,2,62,64
3284883.0,0,0,2,62,64
3284910.0,2,0,0,62,64
3284910.0,0,2,0,62,64
3284985.0,0,2,0,62,64
3285037.0,0,2,0,62,64
3285612.0,0,2,0,62,64
3285666.0,0,2,0,62,64
3285814.0,0,2,0,62,64
3285970.0,0,2,0,62,64
3286040.0,0,2,0,62,64
3286061.0,0,2,0,62,64
3286166.0,0,2,0,126,0
3286166.0,0,2,0,62,64
3286245.0,0,2,0,94,32
3286245.0,0,2,0,88,38
3286311.0,0,2,0,104,22
3286311.0,0,2,0,63,63
3286337.0,0,2,0,64,62
3286424.0,0,2,0,72,54
3286443.0,0,2,0,104,22
3286471.0,0,2,0,104,22
3286555.0,0,2,0,104,22
3286581.0,0,2,0,104,22
3286671.0,0,2,0,120,6
3286710.0,0,0,0,122,6
3286710.0,0,0,0,58,70
3286938.0,0,0,0,58,70
3286975.0,0,0,0,58,70
3287057.0,0,0,0,58,70
3287252.0,0,0,0,58,70
3287313.0,0,0,0,58,70
3287442.0,0,0,0,58,70
3287528.0,0,0,0,58,70
3287568.0,0,0,0,58,70
3287603.0,0,0,0,58,70
3287724.0,0,0,0,58,70
3287976.0,0,0,0,58,70
3288030.0,0,0,0,58,70
3288052.0,0,0,0,58,70
3288075.0,0,0,0,58,70
3288145.0,0,0,0,58,70
3288307.0,0,0,0,58,70
3288321.0,0,0,0,60,68
3288341.0,0,0,0,64,64
3288341.0,0,0,0,0,128
3288380.0,0,0,0,0,128
3288476.0,0,0,0,0,128
3288849.0,0,0,0,0,128
3288878.0,0,0,0,0,128
3288897.0,0,0,0,0,128
3288940.0,0,0,0,0,128
3289558.0,0,0,0,0,128
3289771.0,0,0,0,64,64
3289771.0,0,0,0,31,97
3289789.0,0,0,0,32,96
3289789.0,0,0,0,0,128
3289809.0,0,0,0,0,128
3289845.0,0,0,0,0,128
3289904.0,0,0,0,32,96
3289904.0,0,0,0,23,105
3289918.0,0,0,0,24,104
3289951.0,0,0,0,40,88
3289951.0,0,0,0,0,128
3290000.0,0,0,0,8,120
3290000.0,0,0,0,0,128
3290028.0,0,0,0,8,120
3290028.0,0,0,0,0,128
3290036.0,0,0,0,64,64
3290036.0,0,0,0,63,65
3290043.0,0,0,0,71,57
3290043.0,0,0,0,7,121
3290045.0,0,0,0,8,120
3290045.0,0,0,0,0,128
3290067.0,0,0,0,32,96
3290067.0,0,0,0,2,126
3290072.0,0,0,0,18,110
3290072.0,0,0,0,12,116
3290085.0,0,0,0,13,115
3290099.0,0,0,0,17,111
3290099.0,0,0,0,1,127
3290109.0,0,0,0,2,126
3290110.0,0,0,0,10,118
3290110.0,0,0,0,6,122
3290130.0,0,0,0,10,118
3290138.0,0,0,0,14,114
3290166.0,0,0,0,22,106
3290166.0,0,0,0,6,122
3290208.0,0,0,0,6,122
3290210.0,0,0,0,10,118
3290285.0,0,0,0,26,102
3290285.0,0,0,0,8,120
3290296.0,0,0,0,9,119
3290301.0,0,0,0,10,118
3290364.0,0,0,0,10,118
3290396.0,0,0,0,10,118
3290405.0,0,0,0,10,118
3290414.0,0,0,0,10,118
3290532.0,0,0,0,26,102
3290552.0,0,0,0,26,102
3290615.0,0,0,0,26,102
3290684.0,0,0,0,42,86
3290724.0,0,0,0,58,70
3291031.0,0,0,0,58,70
3291584.0,0,0,0,58,70
3291662.0,0,0,0,122,6
3291662.0,0,0,0,8,120
3291668.0,0,0,0,9,119
3291677.0,0,0,0,10,118
3291690.0,0,0,0,10,118
3291749.0,0,0,0,10,118
3291755.0,0,0,0,26,102
3291769.0,0,0,0,42,86
3291774.0,0,0,0,42,86
3291797.0,0,0,0,42,86
3291798.0,0,0,0,58,70
3291860.0,0,0,0,58,70
3291863.0,0,0,0,58,70
3291940.0,0,0,0,58,70
3292089.0,0,0,0,58,70
3292206.0,0,0,0,58,70
3292210.0,0,0,0,58,70
3292678.0,0,0,0,58,70
3292832.0,0,0,0,58,70
3292857.0,0,0,0,58,70
3292889.0,0,0,0,58,70
3293082.0,0,0,0,122,6
3293082.0,0,0,0,9,119
3293096.0,0,0,0,10,118
3293140.0,0,0,0,26,102
3293159.0,0,0,0,42,86
3293159.0,0,0,0,0,128
3293178.0,0,0,0,1,127
3293180.0,0,0,0,3,125
3293185.0,0,0,0,4,124
3293195.0,0,0,0,5,123
3293200.0,0,0,0,9,119
3293205.0,0,0,0,10,118
3293218.0,0,0,0,26,102
3293224.0,0,0,0,26,102
3293333.0,0,0,0,58,70
3293371.0,0,0,0,58,70
3293504.0,0,0,0,58,70
3293636.0,0,0,0,58,70
3293667.0,0,0,0,58,70
3293766.0,0,0,0,58,70
3293880.0,0,0,0,58,70
3293906.0,0,0,0,58,70
3294092.0,0,0,0,58,70
3294119.0,0,0,0,58,70
3294174.0,0,0,0,58,70
3294519.0,0,0,0,122,6
3294519.0,0,0,0,9,119
3294543.0,0,0,0,10,118
3294602.0,0,0,0,26,102
3294610.0,0,0,0,26,102
3294674.0,0,0,0,58,70
3294748.0,0,0,0,58,70
3294773.0,0,0,0,58,70
3295236.0,0,0,0,122,6
3295236.0,0,0,0,2,126
3295335.0,0,0,0,10,118
3295335.0,0,0,0,6,122
3295358.0,0,0,0,38,90
3295358.0,0,0,0,6,122
3295386.0,0,0,0,10,118
3295386.0,0,0,0,0,128
3295395.0,0,0,0,1,127
3295399.0,0,0,0,2,126
3295476.0,0,0,0,34,94
3295480.0,0,0,0,42,86
3295618.0,0,0,0,42,86
3295650.0,0,0,0,42,86
3295659.0,0,0,0,42,86
3295705.0,0,0,0,42,86
3295710.0,0,0,0,58,70
3295861.0,0,0,0,58,70
3296251.0,0,0,0,60,68
3296272.0,0,0,0,64,64
3296272.0,0,0,0,0,128
3296283.0,0,0,0,0,128
3296311.0,0,0,0,0,128
3296512.0,0,0,0,0,128
3296646.0,0,0,0,64,64
3296646.0,0,0,0,5,123
3296648.0,0,0,0,5,123
3296653.0,0,0,0,6,122
3296657.0,0,0,0,7,121
3296660.0,0,0,0,8,120
3296699.0,0,0,0,24,104
3296736.0,0,0,0,32,96
3296759.0,0,0,0,64,64
3296759.0,0,0,0,0,128
3296778.0,0,0,0,0,128
3296785.0,0,0,0,0,128
3296819.0,0,0,0,0,128
3296855.0,0,0,0,0,128
3297117.0,0,0,0,0,128
3297158.0,0,0,0,0,128
3297211.0,0,0,0,0,128
3297322.0,0,0,0,0,128
3297406.0,0,0,0,0,128
3297472.0,0,0,0,0,128
3297713.0,0,0,0,64,64
3297713.0,0,0,0,19,109
3297727.0,0,0,0,20,108
3297759.0,0,0,0,24,104
3297803.0,0,0,0,32,96
3297829.0,0,0,0,64,64
3297829.0,0,0,0,0,128
3297994.0,0,0,0,64,64
3297994.0,0,0,0,60,68
3298003.0,0,0,0,61,67
3298009.0,0,0,0,62,66
3298010.0,0,0,0,63,65
3298012.0,0,0,0,64,64
3298012.0,0,0,0,0,128
3298168.0,0,0,0,64,64
3298168.0,0,0,0,30,98
3298188.0,0,0,0,31,97
3298260.0,0,0,0,32,96
3298278.0,0,0,0,32,96
3298278.0,0,0,0,31,97
3298318.0,0,0,0,32,96
3298324.0,0,0,0,64,64
3298331.0,0,0,0,64,64
3298331.0,0,0,0,63,65
3298351.0,0,0,0,64,64
3298356.0,0,0,0,64,64
3298356.0,0,0,0,60,68
3298377.0,0,0,0,60,68
3298377.0,0,0,0,58,70
3298625.0,0,0,0,58,70
3298625.0,0,0,0,57,71
3298626.0,0,0,0,57,71
3298626.0,0,0,0,56,72
3298638.0,0,0,0,57,71
3298648.0,0,0,0,58,70
3298682.0,0,0,0,58,70
3298738.0,0,0,0,58,70
3298995.0,0,0,0,58,70
3299165.0,0,0,0,58,70
3299167.0,0,0,0,62,66
3299170.0,0,0,0,64,64
3299170.0,0,0,0,0,128
3299423.0,0,0,0,64,64
3299423.0,0,0,0,55,73
3299429.0,0,0,0,56,72
3299564.0,0,0,0,56,72
3299564.0,0,0,0,24,104
3299630.0,0,0,0,24,104
3299630.0,0,0,0,16,112
3299683.0,0,0,0,16,112
3299683.0,0,0,0,15,113
3299714.0,0,0,0,16,112
3299775.0,0,0,0,48,80
3299777.0,0,0,0,56,72
3299952.0,0,0,0,64,64
3300165.0,0,0,0,64,64
3300165.0,0,0,0,63,65
3300178.0,0,0,0,64,64
3300246.0,0,0,0,64,64
3300355.0,0,0,0,64,64
3300355.0,0,0,0,0,128
3300649.0,0,0,0,64,64
3300777.0,0,0,0,128,0
3300801.0,0,0,0,128,0
3300801.0,0,0,0,64,64
3300825.0,0,0,0,64,64
3300825.0,0,0,0,63,65
3300846.0,0,0,0,64,64
3300984.0,0,0,0,64,64
3300984.0,0,0,0,32,96
3301201.0,0,0,0,64,64
3301313.0,0,0,0,64,64
3301594.0,0,0,0,64,64
3301615.0,0,0,0,64,64
3301615.0,0,0,0,32,96
3301667.0,0,0,0,32,96
3301667.0,0,0,0,31,97
3301676.0,0,0,0,31,97
3301676.0,0,0,0,30,98
3301698.0,0,0,0,31,97
3301712.0,0,0,0,32,96
3301724.0,0,0,0,32,96
3301724.0,0,0,0,31,97
3301745.0,0,0,0,32,96
3301747.0,0,0,0,64,64
3301750.0,0,0,0,64,64
3301750.0,0,0,0,60,68
3301768.0,0,0,0,60,68
3301772.0,0,0,0,128,0
3302987.0,0,0,0,128,0
3302987.0,0,0,0,127,1
3302993.0,0,0,0,128,0
3303023.0,0,0,0,128,0
3303055.0,0,0,0,128,0
3303055.0,0,0,0,64,64
3303145.0,0,0,0,64,64
3303145.0,0,0,0,63,65
3303165.0,0,0,0,64,64
3303450.0,0,0,0,64,64
3303450.0,0,0,0,56,72
3303491.0,0,0,0,64,64
3303500.0,0,0,0,64,64
3303500.0,0,0,0,56,72
3303542.0,0,0,0,64,64
3303637.0,0,0,0,64,64
3303637.0,0,0,0,62,66
3303645.0,0,0,0,62,66
3303645.0,0,0,0,60,68
3303653.0,0,0,0,60,68
3303653.0,0,0,0,58,70
3303661.0,0,0,0,58,70
3303661.0,0,0,0,56,72
3303671.0,0,0,0,56,72
3303671.0,0,0,0,55,73
3303729.0,0,0,0,57,71
3303732.0,0,0,0,59,69
3303735.0,0,0,0,61,67
3303738.0,0,0,0,63,65
3303834.0,0,0,0,64,64
3303884.0,0,0,0,64,64
3303884.0,0,0,0,0,128
3304249.0,0,0,0,0,128
3304377.0,0,0,0,0,128
3304714.0,0,0,0,64,64
3304832.0,0,0,0,128,0
3304920.0,0,0,0,128,0
3304920.0,0,0,0,64,64
3305266.0,0,0,0,64,64
3305266.0,0,0,0,48,80
3305329.0,0,0,0,64,64
3305524.0,0,0,0,64,64
3305524.0,0,0,0,48,80
3305582.0,0,0,0,64,64
3305953.0,0,0,0,64,64
3305953.0,0,0,0,63,65
3305977.0,0,0,0,64,64
3306002.0,0,0,0,64,64
3306002.0,0,0,0,56,72
3306027.0,0,0,0,56,72
3306027.0,0,0,0,48,80
3306099.0,0,0,0,56,72
3306102.0,0,0,0,56,72
3306102.0,0,0,0,55,73
3306108.0,0,0,0,64,64
3306111.0,0,0,0,64,64
3306111.0,0,0,0,63,65
3306123.0,0,0,0,63,65
3306123.0,0,0,0,59,69
3306199.0,0,0,0,63,65
3306223.0,0,0,0,64,64
3306679.0,0,0,0,128,0
3306681.0,0,0,0,128,0
3306681.0,0,0,0,127,1
3306697.0,0,0,0,128,0
3306706.0,0,0,0,128,0
3306706.0,0,0,0,124,4
3306742.0,0,0,0,124,4
3306742.0,0,0,0,123,5
3306784.0,0,0,0,123,5
3306784.0,0,0,0,59,69
3306879.0,0,0,0,60,68
3306965.0,0,0,0,60,68
3306965.0,0,0,0,59,69
3307039.0,0,0,0,60,68
3307040.0,0,0,0,64,64
3307142.0,0,0,0,64,64
3307142.0,0,0,0,63,65
3308314.0,0,0,0,63,65
3308314.0,0,0,48,15,65
3308580.0,0,0,48,16,64
3308596.0,0,0,48,16,64
3308596.0,0,0,48,15,65
3308617.0,0,0,48,15,65
3308672.0,0,0,48,15,65
3308704.0,0,0,48,16,64
3308756.0,0,0,48,16,64
3308756.0,0,0,48,15,65
3308882.0,0,0,48,16,64
3308988.0,0,0,48,16,64
3308988.0,0,0,48,15,65
3309050.0,0,0,48,15,65
3309054.0,0,0,48,16,64
3309069.0,0,0,48,16,64
3309159.0,0,0,48,16,64
3309205.0,0,0,48,16,64
3309369.0,0,0,48,80,0
3309369.0,0,0,48,15,65
3309381.0,0,0,48,15,65
3309404.0,0,0,48,31,49
3309405.0,0,0,48,63,17
3309410.0,0,0,48,79,1
3309670.0,0,0,48,80,0
3309699.0,0,0,48,80,0
3309985.0,0,0,48,80,0
3310118.0,0,0,48,80,0
3310157.0,0,0,48,80,0
3310192.0,0,0,48,80,0
3310306.0,0,0,48,80,0
3310422.0,0,0,48,80,0
3310474.0,0,0,48,80,0
3310537.0,0,0,48,80,0
3310821.0,0,0,48,80,0
3310989.0,0,0,48,80,0
3311014.0,48,0,0,80,0
3311014.0,14,34,0,80,0
3311177.0,14,34,0,80,0
3311334.0,14,34,0,80,0
3311435.0,14,34,0,80,0
3311475.0,14,34,0,80,0
3311514.0,14,34,0,80,0
3311550.0,14,34,0,80,0
3311587.0,14,34,0,80,0
3312304.0,14,34,0,80,0
3312482.0,14,34,0,80,0
3312654.0,14,34,0,80,0
3312814.0,14,0,0,114,0
3312814.0,14,0,0,65,49
3312830.0,14,0,0,66,48
3312850.0,14,0,0,82,32
3312852.0,14,0,0,114,0
3312852.0,0,14,0,114,0
3313004.0,0,14,0,114,0
3314399.0,0,14,0,114,0
3314441.0,0,14,0,114,0
3314652.0,0,0,0,128,0
3314652.0,0,0,0,0,128
3314774.0,0,0,0,128,0
3314774.0,0,0,0,63,65
3314788.0,0,0,0,64,64
3314788.0,0,0,0,0,128
3314806.0,0,0,0,4,124
3314806.0,0,0,0,0,128
3314809.0,0,0,0,8,120
3314809.0,0,0,0,0,128
3314810.0,0,0,0,16,112
3314810.0,0,0,0,6,122
3314821.0,0,0,0,10,118
3314824.0,0,0,0,74,54
3314832.0,0,0,0,78,50
3314839.0,0,0,0,82,46
3314841.0,0,0,0,87,41
3314842.0,0,0,0,95,33
3314844.0,0,0,0,99,29
3314850.0,0,0,0,103,25
3314864.0,0,0,0,104,24
3315081.0,0,0,0,108,20
3315093.0,0,0,0,116,12
3315517.0,0,0,0,120,8
3315732.0,0,0,0,128,0
3317528.0,0,0,0,128,0
3317528.0,0,0,0,0,128
3317699.0,0,0,0,128,0
3317709.0,0,0,0,128,0
3317709.0,0,0,0,0,128
3318374.0,0,0,0,0,128
3318410.0,0,0,0,0,128
3321299.0,0,0,0,0,128
3328641.0,0,0,0,128,0
3328662.0,0,0,0,128,0
3328662.0,0,0,0,0,128
3328745.0,0,0,0,128,0
3328748.0,0,0,0,128,0
3328748.0,0,0,0,64,64
3332241.0,0,0,0,64,64
3332345.0,0,0,0,64,64
3332345.0,0,0,64,0,64
3335045.0,64,0,0,0,64
3339675.0,64,0,0,64,0
3343275.0,64,0,0,64,0
3343275.0,64,0,64,0,0
3345975.0,128,0,0,0,0
3347428.0,128,0,0,0,0
3347428.0,120,8,0,0,0
3347465.0,120,8,0,0,0
3347465.0,119,9,0,0,0
3347526.0,119,9,0,0,0
3347526.0,118,10,0,0,0
3347904.0,118,10,0,0,0
3347904.0,117,11,0,0,0
3349228.0,117,3,0,8,0
3349228.0,117,3,0,0,8
3349265.0,117,2,0,1,8
3349265.0,117,2,0,0,9
3349314.0,117,2,0,1,8
3349326.0,117,1,0,2,8
3349326.0,117,1,0,1,9
3349340.0,117,1,0,9,1
3349369.0,117,1,0,10,0
3349521.0,117,1,0,10,0
3349521.0,117,1,0,6,4
3349524.0,117,1,0,10,0
3349704.0,117,0,0,11,0
3349704.0,117,0,0,10,1
3349754.0,117,0,0,11,0
3349838.0,117,0,0,11,0
3349838.0,117,0,0,7,4
3349841.0,117,0,0,11,0
3349853.0,117,0,0,11,0
3349853.0,117,0,0,7,4
3349856.0,117,0,0,11,0
3350695.0,117,0,0,11,0
3350695.0,117,0,0,7,4
3350698.0,117,0,0,11,0
3351951.0,117,0,0,11,0
3351951.0,96,21,0,11,0
3351993.0,96,21,0,11,0
3351993.0,64,53,0,11,0
3352014.0,64,53,0,11,0
3352014.0,32,85,0,11,0
3352914.0,32,85,0,11,0
3353553.0,32,85,0,11,0
3353553.0,28,89,0,11,0
3353684.0,28,89,0,11,0
3353684.0,27,90,0,11,0
3353751.0,27,69,0,32,0
3353751.0,27,69,0,0,32
3353754.0,27,69,0,32,0
3353763.0,27,69,0,32,0
3353763.0,27,69,0,24,8
3353793.0,27,37,0,56,8
3353793.0,27,37,0,24,40
3353796.0,27,37,0,56,8
3353814.0,27,5,0,88,8
3353814.0,27,5,0,56,40
3353817.0,27,5,0,88,8
3353827.0,27,5,0,96,0
3353860.0,27,5,0,96,0
3353860.0,27,5,0,92,4
3353901.0,27,5,0,96,0
3353913.0,27,5,0,96,0
3353913.0,27,5,0,95,1
3353918.0,27,5,0,96,0
3354365.0,27,5,0,96,0
3354365.0,27,5,0,64,32
3354387.0,27,5,0,64,32
3354387.0,27,5,0,56,40
3354444.0,27,5,0,88,8
3354445.0,27,5,0,96,0
3354506.0,27,5,0,96,0
3354506.0,27,5,0,64,32
3354526.0,27,5,0,64,32
3354526.0,27,5,0,56,40
3354614.0,27,5,0,56,40
3354614.0,27,5,0,40,56
3354631.0,27,5,0,80,16
3354765.0,27,5,0,80,16
3354765.0,27,5,0,48,48
3354782.0,27,5,0,64,32
3354788.0,27,5,0,64,32
3354788.0,27,5,0,56,40
3354840.0,27,5,0,56,40
3354840.0,27,5,0,40,56
3354976.0,27,5,0,56,40
3355128.0,27,5,0,88,8
3355129.0,27,5,0,96,0
3355343.0,27,5,0,96,0
3355343.0,27,5,0,80,16
3355345.0,27,5,0,80,16
3355345.0,27,5,0,48,48
3355353.0,27,1,0,52,48
3355353.0,27,1,0,48,52
3355390.0,27,1,0,48,52
3355390.0,27,1,0,40,60
3355431.0,27,1,0,80,20
3355484.0,27,0,0,81,20
3355484.0,27,0,0,80,21
3355488.0,27,0,0,81,20
3355520.0,27,0,0,97,4
3355535.0,27,0,0,101,0
3355569.0,27,0,0,101,0
3355569.0,0,27,0,101,0
3355694.0,0,27,0,101,0
3355842.0,0,27,0,101,0
3355915.0,0,27,0,101,0
3355927.0,0,27,0,101,0
3356023.0,0,27,0,101,0
3356171.0,0,27,0,101,0
3356219.0,0,27,0,101,0
3356245.0,0,27,0,101,0
3356735.0,0,27,0,101,0
3356957.0,0,27,0,101,0
3357039.0,0,27,0,101,0
3357354.0,0,27,0,101,0
3357369.0,0,0,0,128,0
3357369.0,0,0,0,0,128
3357396.0,0,0,0,0,128
3357469.0,0,0,0,128,0
3357469.0,0,0,0,53,75
3357486.0,0,0,0,54,74
3357489.0,0,0,0,55,73
3357494.0,0,0,0,56,72
3357527.0,0,0,0,56,72
3357603.0,0,0,0,64,64
3357603.0,0,0,0,0,128
3357609.0,0,0,0,16,112
3357609.0,0,0,0,0,128
3357657.0,0,0,0,16,112
3357657.0,0,0,0,11,117
3357663.0,0,0,0,12,116
3357674.0,0,0,0,44,84
3357674.0,0,0,0,28,100
3357782.0,0,0,0,44,84
3357956.0,0,0,0,44,84
3357956.0,0,0,0,40,88
3358049.0,0,0,0,56,72
3358074.0,0,0,0,56,72
3358074.0,0,0,0,55,73
3358076.0,0,0,0,56,72
3358095.0,0,0,0,56,72
3358095.0,0,0,0,24,104
3358246.0,0,0,0,28,100
3358900.0,0,0,0,28,100
3358900.0,0,0,0,12,116
3358913.0,0,0,0,28,100
3358940.0,0,0,0,28,100
3358940.0,0,0,0,12,116
3358953.0,0,0,0,28,100
3359186.0,0,0,0,28,100
3359186.0,0,0,0,12,116
3359187.0,0,0,0,28,100
3359192.0,0,0,0,28,100
3359192.0,0,0,0,20,108
3359201.0,0,0,0,28,100
3359240.0,0,0,0,28,100
3359240.0,0,0,0,20,108
3359250.0,0,0,0,28,100
3359361.0,0,0,0,28,100
3359361.0,0,0,0,12,116
3359374.0,0,0,0,28,100
3359444.0,0,0,0,28,100
3359444.0,0,0,0,12,116
3359455.0,0,0,0,28,100
3359880.0,0,0,0,28,100
3359880.0,0,0,0,12,116
3359896.0,0,0,0,28,100
3359907.0,0,0,0,28,100
3359907.0,0,0,0,12,116
3359909.0,0,0,0,28,100
3359915.0,0,0,0,28,100
3359915.0,0,0,0,12,116
3359930.0,0,0,0,28,100
3359965.0,0,0,0,28,100
3359965.0,0,0,0,27,101
3359984.0,0,0,0,28,100
3360313.0,0,0,0,28,100
3360313.0,0,0,0,24,104
3360362.0,0,0,0,28,100
3360734.0,0,0,0,28,100
3360734.0,0,0,0,24,104
3360753.0,0,0,0,28,100
3361069.0,0,0,0,28,100
3361257.0,0,0,0,28,100
3361382.0,0,0,0,28,100
3361382.0,0,0,12,16,100
3361385.0,0,0,12,20,96
3361594.0,0,0,12,20,96
3361594.0,0,0,12,19,97
3361601.0,0,0,12,19,97
3361611.0,0,0,12,20,96
3361671.0,0,0,12,20,96
3361716.0,0,0,12,20,96
3361728.0,0,0,12,20,96
3362168.0,0,0,12,20,96
3362190.0,0,0,12,20,96
3362444.0,0,0,12,20,96
3362482.0,0,0,12,52,64
3362482.0,0,0,12,20,96
3362489.0,0,0,12,36,80
3362489.0,0,0,12,20,96
3362493.0,0,0,12,20,96
3362503.0,0,0,12,36,80
3362503.0,0,0,12,35,81
3362504.0,0,0,12,51,65
3362655.0,0,0,12,52,64
3362949.0,0,0,12,116,0
3362949.0,0,0,12,48,68
3362962.0,0,0,12,52,64
3362962.0,0,0,12,20,96
3363030.0,0,0,12,52,64
3363104.0,0,0,12,52,64
3363104.0,0,0,12,48,68
3363116.0,0,0,12,52,64
3363164.0,0,0,12,52,64
3363164.0,0,0,12,48,68
3363179.0,0,0,12,52,64
3363530.0,0,0,12,52,64
3363941.0,0,0,12,52,64
3363941.0,0,0,12,20,96
3364065.0,0,0,12,52,64
3364082.0,12,0,0,52,64
3364082.0,0,12,0,52,64
3364255.0,0,12,0,52,64
3364255.0,0,12,0,48,68
3364286.0,0,12,0,52,64
3364290.0,0,12,0,52,64
3364290.0,0,12,0,20,96
3364435.0,0,12,0,52,64
3364578.0,0,12,0,52,64
3364578.0,0,12,0,48,68
3364634.0,0,12,0,52,64
3364668.0,0,12,0,52,64
3364668.0,0,12,0,20,96
3364714.0,0,12,0,20,96
3364742.0,0,12,0,20,96
3364778.0,0,12,0,20,96
3364801.0,0,12,0,20,96
3364851.0,0,12,0,20,96
3364866.0,0,12,0,20,96
3364878.0,0,12,0,20,96
3364901.0,0,12,0,20,96
3364967.0,0,12,0,20,96
3364991.0,0,12,0,20,96
3364995.0,0,12,0,20,96
3365126.0,0,12,0,52,64
3365126.0,0,12,0,23,93
3365128.0,0,12,0,23,93
3365148.0,0,12,0,24,92
3365160.0,0,12,0,28,88
3365161.0,0,12,0,32,84
3365170.0,0,12,0,33,83
3365172.0,0,12,0,41,75
3365188.0,0,12,0,42,74
3365207.0,0,12,0,46,70
3365280.0,0,12,0,46,70
3365329.0,0,12,0,46,70
3365419.0,0,12,0,46,70
3365557.0,0,12,0,46,70
3365719.0,0,12,0,46,70
3365740.0,0,12,0,110,6
3365740.0,0,12,0,46,70
3365874.0,0,12,0,46,70
3365882.0,0,0,0,58,70
3365882.0,0,0,0,26,102
3365899.0,0,0,0,26,102
3365960.0,0,0,0,58,70
3365960.0,0,0,0,13,115
3365966.0,0,0,0,13,115
3365974.0,0,0,0,17,111
3365992.0,0,0,0,49,79
3365992.0,0,0,0,9,119
3365994.0,0,0,0,10,118
3366003.0,0,0,0,42,86
3366006.0,0,0,0,46,82
3366029.0,0,0,0,46,82
3366029.0,0,0,0,14,114
3366044.0,0,0,0,46,82
3366051.0,0,0,0,50,78
3366080.0,0,0,0,50,78
3366080.0,0,0,0,46,82
3366103.0,0,0,0,46,82
3366117.0,0,0,0,46,82
3366117.0,0,0,0,45,83
3366124.0,0,0,0,49,79
3366137.0,0,0,0,50,78
3366198.0,0,0,0,50,78
3366198.0,0,0,0,18,110
3366235.0,0,0,0,22,106
3366301.0,0,0,0,26,102
3366348.0,0,0,0,26,102
3366348.0,0,0,0,25,103
3366377.0,0,0,0,57,71
3366388.0,0,0,0,58,70
3366427.0,0,0,0,58,70
3366427.0,0,0,0,54,74
3366475.0,0,0,0,58,70
3366549.0,0,0,0,58,70
3366569.0,0,0,0,58,70
3366569.0,0,0,0,57,71
3366595.0,0,0,0,58,70
3366630.0,0,0,0,58,70
3366731.0,0,0,0,60,68
3366751.0,0,0,0,64,64
3366873.0,0,0,0,64,64
3366873.0,0,0,0,63,65
3366911.0,0,0,0,63,65
3366911.0,0,0,0,31,97
3366972.0,0,0,0,32,96
3367083.0,0,0,0,64,64
3367098.0,0,0,0,64,64
3367098.0,0,0,0,63,65
3367139.0,0,0,0,64,64
3367172.0,0,0,0,64,64
3367172.0,0,0,0,59,69
3367198.0,0,0,0,63,65
3367340.0,0,0,0,64,64
3367374.0,0,0,0,64,64
3367374.0,0,0,0,56,72
3367423.0,0,0,0,56,72
3367423.0,0,0,0,55,73
3367448.0,0,0,0,56,72
3367665.0,0,0,0,56,72
3367975.0,0,0,0,56,72
3367975.0,0,0,0,24,104
3367981.0,0,0,0,56,72
3367983.0,0,0,0,64,64
3368033.0,0,0,0,64,64
3368033.0,0,0,0,56,72
3368035.0,0,0,0,56,72
3368514.0,0,0,0,56,72
3368514.0,0,0,0,24,104
3368617.0,0,0,0,24,104
3368617.0,0,0,0,20,108
3368635.0,0,0,0,24,104
3368669.0,0,0,0,24,104
3368669.0,0,0,0,20,108
3368695.0,0,0,0,24,104
3368703.0,0,0,0,56,72
3368705.0,0,0,0,64,64
3368718.0,0,0,0,64,64
3368718.0,0,0,0,60,68
3368726.0,0,0,0,60,68
3368726.0,0,0,3,57,68
3368742.0,0,0,3,61,64
3368770.0,0,0,3,61,64
3368770.0,0,0,4,60,64
3368772.0,0,0,4,60,64
3368772.0,0,0,5,59,64
3368805.0,0,0,5,59,64
3368805.0,0,0,5,55,68
3368807.0,0,0,5,55,68
3368807.0,0,0,9,51,68
3368841.0,0,0,9,51,68
3368841.0,0,0,9,43,76
3368857.0,0,0,9,47,72
3368898.0,0,0,9,47,72
3368898.0,0,0,9,43,76
3368940.0,0,0,9,47,72
3368976.0,0,0,9,47,72
3368976.0,0,0,9,43,76
3368988.0,0,0,9,47,72
3369108.0,0,0,9,55,64
3369156.0,0,0,9,55,64
3369156.0,0,0,9,47,72
3369271.0,0,0,9,47,72
3369271.0,0,0,9,43,76
3369287.0,0,0,9,47,72
3369564.0,0,0,9,47,72
3369564.0,0,0,9,31,88
3369594.0,0,0,9,31,88
3369594.0,0,0,10,30,88
3369624.0,0,0,10,46,72
3369651.0,0,0,10,46,72
3369651.0,0,0,14,42,72
3369759.0,0,0,14,50,64
3369792.0,0,0,14,50,64
3369792.0,0,0,14,34,80
3369842.0,0,0,14,34,80
3369842.0,0,0,14,26,88
3370051.0,0,0,14,42,72
3370331.0,0,0,14,42,72
3370331.0,0,0,16,40,72
3370351.0,0,0,16,40,72
3370351.0,0,0,20,36,72
3370458.0,0,0,20,44,64
3370538.0,0,0,20,44,64
3370538.0,0,0,20,12,96
3370683.0,0,0,20,44,64
3370742.0,0,0,20,44,64
3370742.0,0,0,20,12,96
3370878.0,0,0,20,44,64
3371000.0,0,0,20,76,32
3371016.0,0,0,20,76,32
3371016.0,0,0,20,44,64
3371155.0,0,0,20,76,32
3371171.0,0,0,20,76,32
3371171.0,0,0,20,44,64
3371313.0,0,0,20,76,32
3371426.0,3,0,17,76,32
3371470.0,4,0,16,76,32
3371472.0,5,0,15,76,32
3371507.0,9,0,11,76,32
3371575.0,9,0,11,76,32
3371575.0,9,0,11,44,64
3371710.0,9,0,11,76,32
3371730.0,9,0,11,76,32
3371730.0,9,0,11,44,64
3371863.0,9,0,11,76,32
3371946.0,9,0,11,76,32
3371946.0,9,0,11,72,36
3372063.0,9,0,11,72,36
3372063.0,9,0,11,40,68
3372065.0,9,0,11,40,68
3372065.0,9,0,11,39,69
3372081.0,9,0,11,40,68
3372243.0,9,0,11,44,64
3372264.0,9,0,11,44,64
3372264.0,9,0,11,40,68
3372294.0,10,0,10,40,68
3372295.0,10,0,10,40,68
3372295.0,10,0,14,36,68
3372303.0,10,0,14,36,68
3372303.0,10,0,22,28,68
3372351.0,14,0,18,28,68
3372561.0,14,0,18,32,64
3372635.0,14,0,18,32,64
3372635.0,14,0,18,28,68
3372941.0,14,0,18,32,64
3373017.0,14,0,18,32,64
3373017.0,14,0,18,28,68
3373031.0,16,0,16,28,68
3373051.0,20,0,12,28,68
3373287.0,20,0,12,32,64
3373498.0,20,0,12,32,64
3373498.0,20,0,12,30,66
3373595.0,20,0,12,32,64
3373619.0,20,0,12,32,64
3373619.0,20,0,12,28,68
3373641.0,20,0,12,28,68
3373695.0,20,0,12,28,68
3373713.0,20,0,12,28,68
3373717.0,20,0,12,32,64
3373717.0,0,20,12,32,64
3373725.0,0,20,12,32,64
3373731.0,0,20,12,32,64
3373849.0,0,20,12,32,64
3374026.0,0,20,12,32,64
3374053.0,0,20,12,32,64
3374114.0,0,20,12,32,64
3374227.0,0,20,12,32,64
3374442.0,0,20,12,32,64
3374478.0,0,20,12,32,64
3374570.0,0,20,12,32,64
3374600.0,0,20,12,32,64
3374882.0,0,20,12,32,64
3374995.0,4,20,8,32,64
3374995.0,0,24,8,32,64
3375003.0,8,24,0,32,64
3375003.0,0,32,0,32,64
3375078.0,0,32,0,64,32
3375078.0,0,32,0,34,62
3375079.0,0,32,0,66,30
3375079.0,0,32,0,38,58
3375086.0,0,32,0,38,58
3375097.0,0,32,0,42,54
3375121.0,0,32,0,46,50
3375124.0,0,32,0,50,46
3375127.0,0,32,0,54,42
3375138.0,0,32,0,58,38
3375149.0,0,32,0,66,30
3375149.0,0,32,0,34,62
3375150.0,0,32,0,42,54
3375169.0,0,32,0,50,46
3375330.0,0,32,0,50,46
3375391.0,0,32,0,82,14
3375391.0,0,32,0,50,46
3375500.0,0,32,0,50,46
3375517.0,0,12,0,70,46
3375560.0,0,12,0,102,14
3375560.0,0,12,0,70,46
3375570.0,0,12,0,70,46
3375570.0,0,12,0,62,54
3375743.0,0,12,0,62,54
3375798.0,0,12,0,94,22
3375798.0,0,12,0,62,54
3375859.0,0,12,0,62,54
3375920.0,0,12,0,62,54
3375947.0,0,12,0,62,54
3375976.0,0,12,0,62,54
3375999.0,0,12,0,94,22
3375999.0,0,12,0,62,54
3376008.0,0,12,0,62,54
3376029.0,0,12,0,62,54
3376035.0,0,12,0,94,22
3376035.0,0,12,0,62,54
3376036.0,0,12,0,94,22
3376036.0,0,12,0,62,54
3376147.0,0,12,0,70,46
3376241.0,0,12,0,70,46
3376329.0,0,12,0,102,14
3376329.0,0,12,0,64,52
3376366.0,0,12,0,96,20
3376366.0,0,12,0,64,52
3376453.0,0,12,0,64,52
3376574.0,0,12,0,96,20
3376574.0,0,12,0,64,52
3376625.0,0,12,0,64,52
3376719.0,0,12,0,66,50
3376743.0,0,12,0,70,46
3376744.0,0,12,0,102,14
3376744.0,0,12,0,70,46
3376778.0,0,12,0,70,46
3376795.0,0,8,0,74,46
3376795.0,0,8,0,42,78
3376803.0,0,0,0,50,78
3376803.0,0,0,0,18,110
3376842.0,0,0,0,50,78
3376842.0,0,0,0,18,110
3376896.0,0,0,0,50,78
3376964.0,0,0,0,50,78
3376964.0,0,0,0,18,110
3377026.0,0,0,0,50,78
3377145.0,0,0,0,82,46
3377148.0,0,0,0,82,46
3377148.0,0,0,0,50,78
3377203.0,0,0,0,82,46
3377388.0,0,0,0,82,46
3377388.0,0,0,0,74,54
3377441.0,0,0,0,82,46
3377589.0,0,0,0,82,46
3377589.0,0,0,0,74,54
3377781.0,0,0,0,74,54
3377781.0,0,0,0,70,58
3377839.0,0,0,0,74,54
3377969.0,0,0,0,76,52
3377987.0,0,0,0,80,48
3378678.0,0,0,0,80,48
3378732.0,0,0,0,88,40
3379074.0,0,0,0,88,40
3379074.0,0,0,0,87,41
3379161.0,0,0,0,88,40
3379256.0,0,0,0,88,40
3379256.0,0,0,0,56,72
3379342.0,0,0,0,56,72
3379342.0,0,0,0,52,76
3379380.0,0,0,0,52,76
3379380.0,0,0,0,50,78
3380099.0,0,0,0,50,78
3380099.0,0,0,0,42,86
3380146.0,0,0,0,50,78
3380346.0,0,0,0,50,78
3380346.0,0,0,0,42,86
3380392.0,0,0,0,50,78
3380442.0,0,0,0,50,78
3380442.0,0,0,18,32,78
3380626.0,0,0,18,32,78
3380626.0,0,0,42,8,78
3380640.0,0,0,42,8,78
3380640.0,0,0,42,0,86
3380646.0,0,0,42,46,40
3380872.0,0,0,42,54,32
3381256.0,0,0,42,54,32
3381256.0,0,0,42,50,36
3381269.0,0,0,42,50,36
3381269.0,0,0,42,18,68
3381277.0,0,0,42,18,68
3381277.0,0,0,42,10,76
3381329.0,0,0,42,14,72
3381389.0,0,0,42,22,64
3381497.0,0,0,42,22,64
3381529.0,0,0,42,22,64
3381530.0,0,0,42,22,64
3381585.0,0,0,42,22,64
3381593.0,0,0,42,22,64
3381694.0,0,0,42,22,64
3381837.0,0,0,42,22,64
3381859.0,0,0,42,22,64
3381867.0,0,0,42,22,64
3381934.0,0,0,42,22,64
3382171.0,0,0,42,54,32
3382171.0,0,0,42,48,38
3382184.0,0,0,42,49,37
3382195.0,0,0,42,50,36
3382245.0,0,0,42,54,32
3382245.0,0,0,42,22,64
3382375.0,0,0,42,22,64
3382419.0,0,0,42,22,64
3382466.0,0,0,42,22,64
3382480.0,0,0,42,54,32
3382480.0,0,0,42,49,37
3382514.0,0,0,42,50,36
3382531.0,0,0,42,50,36
3382548.0,0,0,42,54,32
3382548.0,0,0,42,22,64
3382612.0,0,0,42,54,32
3382612.0,0,0,42,53,33
3382734.0,0,0,42,53,33
3382734.0,0,0,42,49,37
3382758.0,0,0,42,49,37
3382758.0,0,0,42,47,39
3382859.0,0,0,42,79,7
3383093.0,0,0,42,79,7
3383093.0,0,0,42,75,11
3383137.0,0,0,42,79,7
3383142.0,18,0,24,79,7
3383142.0,0,18,24,79,7
3383252.0,0,18,24,79,7
3383252.0,0,18,24,71,15
3383326.0,24,18,0,71,15
3383326.0,0,42,0,71,15
3383373.0,0,42,0,71,15
3383373.0,0,42,0,39,47
3383444.0,0,42,0,39,47
3383444.0,0,42,0,35,51
3383474.0,0,42,0,36,50
3383523.0,0,42,0,36,50
3383534.0,0,42,0,40,46
3383992.0,0,42,0,40,46
3384058.0,0,42,0,48,38
3384246.0,0,42,0,48,38
3384475.0,0,42,0,48,38
3384799.0,0,42,0,48,38
3384844.0,0,42,0,48,38
3384942.0,0,24,0,66,38
3384942.0,0,24,0,50,54
3384998.0,0,24,0,54,50
3385065.0,0,24,0,58,46
3385065.0,0,24,0,26,78
3385126.0,0,0,0,50,78
3385126.0,0,0,0,2,126
3385259.0,0,0,0,10,118
3385259.0,0,0,0,1,127
3385275.0,0,0,0,1,127
3385372.0,0,0,0,1,127
3385580.0,0,0,0,9,119
3385580.0,0,0,0,1,127
3385654.0,0,0,0,33,95
3385654.0,0,0,0,1,127
3385663.0,0,0,0,1,127
3385725.0,0,0,0,1,127
3385733.0,0,0,0,1,127
3385771.0,0,0,0,1,127
3385815.0,0,0,0,2,126
3385899.0,0,0,0,34,94
3385899.0,0,0,0,26,102
3385901.0,0,0,0,26,102
3385946.0,0,0,0,30,98
3385975.0,0,0,0,70,58
3385975.0,0,0,0,14,114
3385995.0,0,0,0,14,114
3385995.0,0,0,0,6,122
3386004.0,0,0,0,6,122
3386030.0,0,0,0,10,118
3386045.0,0,0,0,14,114
3386060.0,0,0,0,38,90
3386060.0,0,0,0,6,122
3386080.0,0,0,0,6,122
3386088.0,0,0,0,10,118
3386122.0,0,0,0,10,118
3386122.0,0,0,0,9,119
3386141.0,0,0,0,10,118
3386158.0,0,0,0,42,86
3386176.0,0,0,0,74,54
3386181.0,0,0,0,74,54
3386181.0,0,0,0,66,62
3386212.0,0,0,0,66,62
3386212.0,0,0,1,65,62
3386246.0,0,0,1,73,54
3386372.0,0,0,1,73,54
3386372.0,0,0,1,72,55
3386999.0,0,0,1,72,55
3386999.0,0,0,1,64,63
3387062.0,0,0,1,72,55
3387078.0,0,0,1,72,55
3387078.0,0,0,1,64,63
3387162.0,0,0,1,72,55
3387229.0,0,0,1,72,55
3387229.0,0,0,1,40,87
3387878.0,0,0,1,40,87
3387878.0,0,0,1,8,119
3387947.0,0,0,1,40,87
3387973.0,0,0,1,40,87
3387973.0,0,0,1,8,119
3388039.0,0,0,1,40,87
3388212.0,0,0,1,40,87
3388212.0,0,0,1,8,119
3388277.0,0,0,1,40,87
3388325.0,0,0,1,40,87
3388325.0,0,0,1,8,119
3388392.0,0,0,1,8,119
3388392.0,0,0,1,4,123
3388514.0,0,0,1,36,91
3388517.0,0,0,1,40,87
3388584.0,0,0,1,46,81
3388701.0,0,0,1,46,81
3388701.0,0,0,1,45,82
3388718.0,0,0,1,46,81
3388912.0,1,0,0,46,81
3389023.0,1,0,0,46,81
3389023.0,1,0,0,42,85
3389044.0,1,0,0,42,85
3389044.0,1,0,0,40,87
3389060.0,1,0,0,40,87
3389060.0,1,0,0,8,119
3389152.0,1,0,0,40,87
3389156.0,1,0,0,40,87
3389156.0,1,0,0,36,91
3389173.0,1,0,0,40,87
3389180.0,1,0,0,40,87
3389180.0,1,0,0,8,119
3389252.0,1,0,0,8,119
3389252.0,1,0,0,4,123
3389360.0,1,0,0,40,87
3389415.0,1,0,0,40,87
3389415.0,1,0,1,39,87
3389575.0,1,0,1,39,87
3389575.0,1,0,4,36,87
3389854.0,1,0,4,36,87
3389854.0,1,0,4,4,119
3389880.0,1,0,4,4,119
3389945.0,1,0,4,4,119
3389945.0,0,1,4,4,119
3390172.0,0,1,4,36,87
3390243.0,0,1,4,36,87
3390243.0,0,1,4,4,119
3390279.0,0,1,4,36,87
3390292.0,0,1,4,36,87
3390292.0,0,1,4,35,88
3390293.0,0,1,4,35,88
3390293.0,0,1,4,27,96
3390332.0,0,1,4,28,95
3390357.0,0,1,4,36,87
3390358.0,0,1,4,68,55
3390647.0,0,1,4,72,51
3390650.0,0,1,4,74,49
3390921.0,0,1,4,74,49
3390921.0,0,1,4,73,50
3390937.0,0,1,4,74,49
3391262.0,0,1,4,74,49
3391262.0,0,1,4,42,81
3391418.0,0,1,4,74,49
3391423.0,0,1,4,74,49
3391423.0,0,1,4,42,81
3391427.0,0,1,4,42,81
3391427.0,0,1,4,41,82
3391466.0,0,1,4,42,81
3391478.0,0,1,4,42,81
3391478.0,0,1,4,34,89
3391535.0,0,1,4,74,49
3391578.0,0,1,4,74,49
3391578.0,0,1,4,42,81
3391624.0,0,1,4,42,81
3391624.0,0,1,4,38,85
3391648.0,0,1,4,38,85
3391648.0,0,1,4,36,87
3391745.0,0,0,4,37,87
3391745.0,0,0,4,36,88
3391771.0,0,0,4,37,87
3391863.0,0,0,4,69,55
3391874.0,0,0,4,69,55
3391874.0,0,0,4,37,87
3391968.0,0,0,4,45,79
3392000.0,0,0,4,77,47
3392049.0,0,0,4,109,15
3392115.0,1,0,3,109,15
3392115.0,0,1,3,109,15
3392268.0,0,1,3,109,15
3392268.0,0,1,3,77,47
3392275.0,3,1,0,77,47
3392275.0,0,4,0,77,47
3392359.0,0,4,0,77,47
3392359.0,0,4,0,76,48
3392382.0,0,4,0,108,16
3392389.0,0,4,0,109,15
3392472.0,0,4,0,109,15
3392472.0,0,4,0,77,47
3392831.0,0,4,0,109,15
3392869.0,0,4,0,109,15
3392869.0,0,4,0,77,47
3392960.0,0,4,0,77,47
3393270.0,0,4,0,81,43
3393275.0,0,4,0,83,41
3393545.0,0,4,0,83,41
3393545.0,0,4,0,82,42
3393593.0,0,4,0,83,41
3393619.0,0,4,0,83,41
3393619.0,0,4,0,82,42
3393637.0,0,4,0,83,41
3393641.0,0,4,0,83,41
3393641.0,0,4,0,79,45
3393662.0,0,4,0,79,45
3393662.0,0,4,0,77,47
3393686.0,0,4,0,77,47
3393686.0,0,4,0,45,79
3393743.0,0,4,0,45,79
3393743.0,0,4,0,37,87
3393772.0,0,4,0,37,87
3393815.0,0,4,0,77,47
3393879.0,0,4,0,77,47
3393915.0,0,3,0,78,47
3393958.0,0,3,0,78,47
3393958.0,0,3,30,48,47
3394075.0,0,0,30,51,47
3394075.0,0,0,30,43,55
3394370.0,0,0,30,51,47
3394708.0,0,0,30,59,39
3395135.0,0,0,30,59,39
3395135.0,0,0,32,57,39
3395353.0,0,0,32,61,35
3395355.0,0,0,32,63,33
3395371.0,0,0,32,63,33
3395371.0,0,0,33,62,33
3395388.0,0,0,33,62,33
3395388.0,0,0,33,61,34
3395404.0,0,0,33,62,33
3395482.0,0,0,33,62,33
3395482.0,0,0,33,60,35
3395491.0,0,0,33,60,35
3395491.0,0,0,33,58,37
3395500.0,0,0,33,58,37
3395500.0,0,0,33,56,39
3395513.0,0,0,33,56,39
3395513.0,0,0,33,54,41
3395524.0,0,0,33,54,41
3395524.0,0,0,33,52,43
3395597.0,0,0,33,54,41
3395600.0,0,0,33,56,39
3395601.0,0,0,33,58,37
3395603.0,0,0,33,60,35
3395604.0,0,0,33,95,0
3396658.0,30,0,3,95,0
3397415.0,30,0,3,95,0
3397415.0,30,0,39,59,0
3397835.0,32,0,37,59,0
3397970.0,32,0,37,59,0
3397970.0,32,0,45,51,0
3398071.0,33,0,44,51,0
3398308.0,33,0,44,51,0
3398308.0,33,0,52,43,0
3399197.0,33,0,52,43,0
3399197.0,33,0,54,41,0
3399200.0,33,0,54,41,0
3399200.0,33,0,56,39,0
3399201.0,33,0,56,39,0
3399201.0,33,0,58,37,0
3399203.0,33,0,58,37,0
3399203.0,33,0,60,35,0
3399204.0,33,0,60,35,0
3399204.0,33,0,95,0,0
3400115.0,69,0,59,0,0
3400670.0,77,0,51,0,0
3401008.0,85,0,43,0,0
3401897.0,87,0,41,0,0
3401900.0,89,0,39,0,0
3401901.0,91,0,37,0,0
3401903.0,93,0,35,0,0
3401904.0,128,0,0,0,0
3402873.0,128,0,0,0,0
3402873.0,64,64,0,0,0
3402900.0,64,64,0,0,0
3402900.0,0,128,0,0,0
3403135.0,0,128,0,0,0
3403143.0,0,128,0,0,0
3403152.0,0,128,0,0,0
3403160.0,0,128,0,0,0
3403171.0,0,128,0,0,0
3403179.0,0,128,0,0,0
3403187.0,0,128,0,0,0
3403195.0,0,128,0,0,0
3403425.0,0,128,0,0,0
3404673.0,0,64,0,64,0
3404673.0,0,64,0,0,64
3404700.0,0,0,0,64,64
3404700.0,0,0,0,0,128
3404867.0,0,0,0,64,64
3404867.0,0,0,0,16,112
3404972.0,0,0,0,18,110
3404978.0,0,0,0,20,108
3404991.0,0,0,0,22,106
3405001.0,0,0,0,24,104
3405007.0,0,0,0,26,102
3405015.0,0,0,0,28,100
3405021.0,0,0,0,30,98
3405070.0,0,0,0,32,96
3405083.0,0,0,0,64,64
3406425.0,0,0,0,64,64
3406425.0,0,0,0,0,128
3406945.0,0,0,0,0,128
3407551.0,0,0,0,0,128
3408297.0,0,0,0,64,64
3408297.0,0,0,0,0,128
3408467.0,0,0,0,0,128
3408827.0,0,0,0,32,96
3408831.0,0,0,0,32,96
3408831.0,0,0,0,31,97
3408843.0,0,0,0,32,96
3408894.0,0,0,0,32,96
3408894.0,0,0,0,31,97
3408906.0,0,0,0,32,96
3409575.0,0,0,0,64,64
3412427.0,0,0,0,64,64
3412427.0,0,0,31,33,64
3412506.0,0,0,31,33,64
3412506.0,0,0,32,32,64
3413175.0,0,0,32,32,64
3413175.0,0,0,64,0,64
3415127.0,31,0,33,0,64
3415206.0,32,0,32,0,64
3415875.0,64,0,0,0,64
3416639.0,64,0,0,64,0
3416643.0,64,0,0,64,0
3416643.0,0,64,0,64,0
3418443.0,0,0,0,128,0
3418443.0,0,0,0,0,128
3418541.0,0,0,0,128,0
3420239.0,0,0,0,128,0
3422141.0,0,0,0,128,0
3422141.0,0,0,128,0,0
3424841.0,128,0,0,0,0
3429214.0,128,0,0,0,0
3429214.0,127,1,0,0,0
3431014.0,127,0,0,1,0
3431014.0,127,0,0,0,1
3431017.0,127,0,0,1,0
3434617.0,127,0,0,1,0
3434617.0,127,0,1,0,0
3437317.0,128,0,0,0,0
3440860.0,128,0,0,0,0
3440860.0,127,1,0,0,0
3441092.0,127,1,0,0,0
3441092.0,63,65,0,0,0
3442660.0,63,64,0,1,0
3442660.0,63,64,0,0,1
3442676.0,63,64,0,1,0
3442892.0,63,0,0,65,0
3442892.0,63,0,0,1,64
3446276.0,63,0,0,1,64
3446276.0,63,0,1,0,64
3446353.0,63,0,1,0,64
3448976.0,64,0,0,0,64
3448976.0,63,1,0,0,64
3450776.0,63,0,0,1,64
3450776.0,63,0,0,0,65
3450799.0,63,0,0,1,64
3451223.0,63,0,0,1,64
3451223.0,63,0,0,0,65
3451239.0,63,0,0,1,64
3452835.0,63,0,0,1,64
3452999.0,63,0,0,1,64
3453020.0,63,0,0,65,0
3453020.0,0,63,0,65,0
3453140.0,0,63,0,65,0
3454399.0,0,63,0,65,0
3454820.0,0,0,0,128,0
3454820.0,0,0,0,0,128
3454839.0,0,0,0,0,128
3454907.0,0,0,0,0,128
3454915.0,0,0,0,128,0
3454915.0,0,0,0,127,1
3454931.0,0,0,0,128,0
3454931.0,0,0,0,0,128
3454957.0,0,0,0,0,128
3455023.0,0,0,0,128,0
3455023.0,0,0,0,63,65
3455035.0,0,0,0,64,64
3455462.0,0,0,0,64,64
3455462.0,0,0,0,63,65
3455484.0,0,0,0,64,64
3455517.0,0,0,0,64,64
3455517.0,0,0,0,0,128
3455520.0,0,0,0,64,64
3457031.0,0,0,0,128,0
3457053.0,0,0,0,128,0
3457053.0,0,0,0,64,64
3458515.0,0,0,0,64,64
3458623.0,0,0,0,64,64
3459120.0,0,0,0,64,64
3459120.0,0,0,1,63,64
3460631.0,0,0,1,63,64
3460631.0,0,0,64,0,64
3461820.0,1,0,63,0,64
3463331.0,64,0,0,0,64
3463654.0,64,0,0,0,64
3463654.0,63,1,0,0,64
3465454.0,63,0,0,1,64
3465454.0,63,0,0,0,65
3465457.0,63,0,0,1,64
3466024.0,63,0,0,1,64
3466024.0,32,31,0,1,64
3466052.0,32,31,0,1,64
3466052.0,24,39,0,1,64
3466423.0,24,39,0,1,64
3466423.0,23,40,0,1,64
3467154.0,23,40,0,65,0
3467156.0,23,40,0,65,0
3467156.0,23,40,0,64,1
3467173.0,23,40,0,65,0
3467238.0,23,40,0,65,0
3467238.0,23,40,0,1,64
3467824.0,23,9,0,32,64
3467824.0,23,9,0,0,96
3467852.0,23,1,0,8,96
3467852.0,23,1,0,0,104
3467921.0,23,1,0,32,72
3467922.0,23,1,0,40,64
3468223.0,23,0,0,41,64
3468223.0,23,0,0,40,65
3468245.0,23,0,0,41,64
3468366.0,23,0,0,41,64
3468366.0,23,0,0,40,65
3468370.0,23,0,0,41,64
3469057.0,23,0,0,41,64
3469253.0,23,0,0,41,64
3469253.0,23,0,0,40,65
3469257.0,23,0,0,41,64
3470754.0,23,0,0,41,64
3471521.0,23,0,0,41,64
3471521.0,23,0,31,10,64
3471522.0,23,0,31,10,64
3471522.0,23,0,39,2,64
3471845.0,23,0,39,2,64
3471845.0,23,0,40,1,64
3472760.0,23,0,40,1,64
3472762.0,23,0,40,1,64
3472763.0,23,0,40,1,64
3472766.0,23,0,40,1,64
3472767.0,23,0,40,1,64
3472767.0,20,3,40,1,64
3472769.0,20,3,40,1,64
3472769.0,12,11,40,1,64
3472787.0,12,11,40,1,64
3472787.0,11,12,40,1,64
3472857.0,11,12,40,1,64
3473013.0,11,12,40,1,64
3473014.0,11,12,40,1,64
3473016.0,11,12,40,1,64
3473018.0,11,12,40,1,64
3473021.0,11,12,40,1,64
3473023.0,11,12,40,1,64
3473821.0,11,12,40,1,64
3473850.0,11,12,40,1,64
3474221.0,42,12,9,1,64
3474221.0,11,43,9,1,64
3474222.0,19,43,1,1,64
3474222.0,11,51,1,1,64
3474420.0,11,51,1,1,64
3474465.0,11,51,1,1,64
3474545.0,12,51,0,1,64
3474545.0,11,52,0,1,64
3474567.0,11,49,0,4,64
3474569.0,11,41,0,12,64
3474569.0,11,41,0,4,72
3474575.0,11,41,0,12,64
3474575.0,3,49,0,12,64
3474587.0,3,48,0,13,64
3474587.0,3,48,0,12,65
3474591.0,3,48,0,13,64
3474591.0,0,51,0,13,64
3476021.0,0,20,0,44,64
3476021.0,0,20,0,16,92
3476022.0,0,12,0,24,92
3476029.0,0,12,0,28,88
3476029.0,0,12,0,24,92
3476031.0,0,12,0,28,88
3476031.0,0,12,0,24,92
3476032.0,0,12,0,28,88
3476034.0,0,12,0,44,72
3476034.0,0,12,0,28,88
3476076.0,0,12,0,36,80
3476076.0,0,12,0,28,88
3476077.0,0,12,0,44,72
3476117.0,0,12,0,52,64
3476345.0,0,11,0,53,64
3476345.0,0,11,0,37,80
3476352.0,0,11,0,53,64
3476352.0,0,11,0,13,104
3476375.0,0,3,0,21,104
3476375.0,0,3,0,5,120
3476391.0,0,0,0,8,120
3476391.0,0,0,0,4,124
3476424.0,0,0,0,20,108
3476440.0,0,0,0,24,104
3476564.0,0,0,0,24,104
3476621.0,0,0,0,24,104
3476901.0,0,0,0,32,96
3476901.0,0,0,0,0,128
3476929.0,0,0,0,32,96
3476929.0,0,0,0,24,104
3477027.0,0,0,0,32,96
3477027.0,0,0,0,0,128
3477045.0,0,0,0,32,96
3477045.0,0,0,0,24,104
3477151.0,0,0,0,32,96
3477189.0,0,0,0,64,64
3477680.0,0,0,0,64,64
3477680.0,0,0,0,48,80
3477681.0,0,0,0,48,80
3477681.0,0,0,0,44,84
3477683.0,0,0,0,44,84
3477683.0,0,0,0,40,88
3477685.0,0,0,0,40,88
3477685.0,0,0,0,36,92
3477686.0,0,0,0,36,92
3477686.0,0,0,0,20,108
3477688.0,0,0,0,20,108
3477688.0,0,0,0,12,116
3477691.0,0,0,0,20,108
3477692.0,0,0,0,60,68
3477693.0,0,0,0,64,64
3477975.0,0,0,0,64,64
3477975.0,0,0,0,48,80
3477977.0,0,0,0,48,80
3477977.0,0,0,0,44,84
3477978.0,0,0,0,44,84
3477978.0,0,0,0,40,88
3477980.0,0,0,0,40,88
3477980.0,0,0,0,36,92
3477982.0,0,0,0,36,92
3477982.0,0,0,0,20,108
3477983.0,0,0,0,20,108
3477983.0,0,0,0,12,116
3478071.0,0,0,0,16,112
3478072.0,0,0,0,20,108
3478073.0,0,0,0,40,88
3478074.0,0,0,0,64,64
3478091.0,0,0,0,64,64
3478091.0,0,0,0,32,96
3478116.0,0,0,0,32,96
3478116.0,0,0,0,24,104
3478226.0,0,0,0,64,64
3478753.0,0,0,0,64,64
3478753.0,0,0,0,63,65
3478767.0,0,0,0,64,64
3479632.0,0,0,0,64,64
3479676.0,0,0,0,64,64
3479952.0,0,0,0,64,64
3480003.0,0,0,0,64,64
3480003.0,0,0,0,32,96
3480033.0,0,0,0,32,96
3480033.0,0,0,0,24,104
3480141.0,0,0,0,32,96
3480142.0,0,0,0,64,64
3480529.0,0,0,0,64,64
3480645.0,0,0,0,64,64
3480645.0,0,0,12,52,64
3481007.0,0,0,12,52,64
3481007.0,0,0,12,20,96
3481036.0,0,0,12,20,96
3481036.0,0,0,12,12,104
3481158.0,0,0,12,44,72
3481159.0,0,0,12,52,64
3481308.0,0,0,12,52,64
3481308.0,0,0,12,20,96
3481341.0,0,0,12,20,96
3481341.0,0,0,12,12,104
3481631.0,0,0,12,44,72
3481632.0,0,0,12,52,64
3481673.0,0,0,12,52,64
3481673.0,0,0,16,48,64
3481674.0,0,0,16,48,64
3481674.0,0,0,24,40,64
3482297.0,0,0,24,104,0
3482300.0,0,0,24,104,0
3482300.0,0,0,24,103,1
3482314.0,0,0,24,104,0
3483345.0,12,0,12,104,0
3484373.0,16,0,8,104,0
3484374.0,24,0,0,104,0
3485231.0,24,0,0,104,0
3485231.0,24,0,32,72,0
3485232.0,24,0,32,72,0
3485232.0,24,0,40,64,0
3485660.0,24,0,40,64,0
3485660.0,24,0,40,48,16
3485662.0,24,0,40,48,16
3485897.0,24,0,40,48,16
3487931.0,56,0,8,48,16
3487931.0,40,16,8,48,16
3487932.0,48,16,0,48,16
3489693.0,48,16,0,48,16
3489693.0,47,17,0,48,16
3489731.0,47,1,0,64,16
3489731.0,47,1,0,0,80
3490205.0,47,1,0,16,64
3491493.0,47,0,0,17,64
3491493.0,47,0,0,16,65
3491508.0,47,0,0,17,64
3493805.0,47,0,0,17,64
3493805.0,47,0,16,1,64
3495108.0,47,0,16,1,64
3495108.0,47,0,17,0,64
3495861.0,47,0,17,0,64
3495861.0,0,47,17,0,64
3496505.0,16,47,1,0,64
3496505.0,0,63,1,0,64
3497661.0,0,16,1,47,64
3497808.0,1,16,0,47,64
3497808.0,0,17,0,47,64
3498305.0,0,1,0,63,64
3499608.0,0,0,0,64,64
3499608.0,0,0,0,0,128
3499929.0,0,0,0,64,64
3500580.0,0,0,0,64,64
3500580.0,0,0,0,63,65
3500592.0,0,0,0,64,64
3500705.0,0,0,0,64,64
3500705.0,0,0,0,0,128
3502012.0,0,0,0,0,128
3502190.0,0,0,0,0,128
3503529.0,0,0,0,0,128
3504443.0,0,0,0,64,64
3504443.0,0,0,0,62,66
3504544.0,0,0,0,63,65
3504582.0,0,0,0,64,64
3508043.0,0,0,0,64,64
3508043.0,0,0,62,2,64
3508144.0,0,0,62,2,64
3508144.0,0,0,63,1,64
3508182.0,0,0,63,1,64
3508182.0,0,0,64,0,64
3510743.0,62,0,2,0,64
3510844.0,63,0,1,0,64
3510881.0,63,0,1,64,0
3510882.0,64,0,0,64,0
3514481.0,64,0,0,64,0
3514481.0,64,0,64,0,0
3517181.0,128,0,0,0,0
3521936.0,128,0,0,0,0
3521936.0,64,64,0,0,0
3522072.0,64,64,0,0,0
3522072.0,32,96,0,0,0
3522101.0,32,96,0,0,0
3522101.0,24,104,0,0,0
3522315.0,24,104,0,0,0
3522338.0,24,104,0,0,0
3523138.0,24,104,0,0,0
3523170.0,24,104,0,0,0
3523686.0,24,104,0,0,0
3523712.0,24,104,0,0,0
3523736.0,24,40,0,64,0
3523736.0,24,40,0,0,64
3523872.0,24,8,0,32,64
3523872.0,24,8,0,0,96
3523901.0,24,0,0,8,96
3523901.0,24,0,0,0,104
3524005.0,24,0,0,32,72
3524005.0,16,8,0,0,104
3524006.0,16,8,0,8,96
3524126.0,16,8,0,40,64
3524126.0,16,8,0,0,104
3524275.0,16,8,0,8,96
3524307.0,16,8,0,40,64
3524307.0,16,8,0,0,104
3524406.0,16,8,0,8,96
3524431.0,16,8,0,40,64
3525805.0,16,0,0,48,64
3525805.0,16,0,0,40,72
3525903.0,16,0,0,48,64
3527606.0,16,0,0,48,64
3527875.0,16,0,0,48,64
3528006.0,16,0,0,48,64
3528006.0,16,0,8,40,64
3528031.0,16,0,8,40,64
3528031.0,16,0,40,8,64
3529503.0,16,0,40,8,64
3529503.0,16,0,48,0,64
3530706.0,24,0,40,0,64
3530731.0,56,0,8,0,64
3531323.0,56,0,8,0,64
3531323.0,55,1,8,0,64
3532203.0,63,1,0,0,64
3532752.0,63,1,0,0,64
3532752.0,62,2,0,0,64
3533123.0,62,1,0,1,64
3533123.0,62,1,0,0,65
3533139.0,62,1,0,1,64
3534552.0,62,0,0,2,64
3534552.0,62,0,0,1,65
3534567.0,62,0,0,2,64
3534979.0,62,0,0,2,64
3534979.0,62,0,0,1,65
3535086.0,62,0,0,2,64
3535138.0,62,0,0,2,64
3535138.0,62,0,0,1,65
3535159.0,62,0,0,2,64
3535227.0,62,0,0,2,64
3535227.0,62,0,0,1,65
3535245.0,62,0,0,2,64
3535311.0,62,0,0,2,64
3535311.0,56,6,0,2,64
3535844.0,56,6,0,2,64
3535844.0,48,14,0,2,64
3535914.0,48,14,0,2,64
3535914.0,47,15,0,2,64
3536087.0,47,15,0,2,64
3536087.0,39,23,0,2,64
3536220.0,39,23,0,2,64
3536220.0,38,24,0,2,64
3536490.0,38,24,0,2,64
3536490.0,30,32,0,2,64
3536621.0,30,32,0,2,64
3536621.0,22,40,0,2,64
3536739.0,22,40,0,2,64
3536915.0,22,40,0,2,64
3536915.0,21,41,0,2,64
3536997.0,21,41,0,2,64
3536997.0,20,42,0,2,64
3537022.0,20,42,0,2,64
3537022.0,19,43,0,2,64
3537051.0,19,43,0,2,64
3537051.0,18,44,0,2,64
3537111.0,18,38,0,8,64
3537111.0,18,38,0,0,72
3537131.0,18,38,0,8,64
3537159.0,18,38,0,8,64
3537159.0,18,38,0,0,72
3537180.0,18,38,0,8,64
3537246.0,18,38,0,8,64
3537246.0,18,38,0,0,72
3537270.0,18,38,0,8,64
3537355.0,18,38,0,8,64
3537355.0,18,38,0,7,65
3537360.0,18,38,0,8,64
3537378.0,18,38,0,8,64
3537378.0,18,38,0,0,72
3537408.0,18,38,0,8,64
3537644.0,18,30,0,16,64
3537644.0,18,30,0,8,72
3537682.0,18,30,0,8,72
3537682.0,18,30,0,7,73
3537683.0,18,30,0,15,65
3537685.0,18,30,0,16,64
3537693.0,18,30,0,16,64
3537693.0,18,30,0,15,65
3537697.0,18,30,0,16,64
3537714.0,18,29,0,17,64
3537714.0,18,29,0,16,65
3537734.0,18,29,0,17,64
3537737.0,18,29,0,17,64
3537737.0,18,29,0,16,65
3537740.0,18,29,0,17,64
3537786.0,18,29,0,17,64
3537786.0,18,29,0,9,72
3537849.0,18,29,0,17,64
3537871.0,18,29,0,17,64
3537871.0,18,29,0,9,72
3537887.0,18,21,0,17,72
3537887.0,18,21,0,9,80
3537964.0,18,21,0,17,72
3537989.0,18,21,0,25,64
3538020.0,18,20,0,26,64
3538020.0,18,20,0,25,65
3538054.0,18,20,0,26,64
3538167.0,18,20,0,26,64
3538214.0,18,20,0,26,64
3538214.0,18,20,0,25,65
3538221.0,18,20,0,26,64
3538290.0,18,12,0,34,64
3538290.0,18,12,0,26,72
3538293.0,18,12,0,26,72
3538293.0,18,12,0,25,73
3538297.0,18,12,0,26,72
3538336.0,18,12,0,34,64
3538421.0,18,4,0,42,64
3538421.0,18,4,0,34,72
3538561.0,18,4,0,42,64
3538715.0,18,3,0,43,64
3538715.0,18,3,0,42,65
3538747.0,18,3,0,43,64
3538797.0,18,2,0,44,64
3538797.0,18,2,0,43,65
3538813.0,18,2,0,107,1
3538822.0,18,1,0,108,1
3538822.0,18,1,0,107,2
3538823.0,18,1,0,108,1
3538838.0,18,1,0,109,0
3538851.0,18,0,0,110,0
3538851.0,18,0,0,109,1
3538893.0,18,0,0,110,0
3540667.0,18,0,0,110,0
3540667.0,18,0,0,109,1
3540692.0,18,0,0,109,1
3540692.0,18,0,0,45,65
3540694.0,18,0,0,46,64
3540731.0,18,0,0,46,64
3540780.0,18,0,0,46,64
3540795.0,18,0,0,46,64
3540795.0,18,0,0,45,65
3540812.0,18,0,0,46,64
3540870.0,18,0,0,46,64
3541008.0,18,0,0,46,64
3541283.0,18,0,0,46,64
3541283.0,18,0,8,38,64
3541334.0,18,0,8,38,64
3541334.0,18,0,9,37,64
3541564.0,18,0,9,37,64
3541564.0,18,0,16,30,64
3541589.0,18,0,16,30,64
3541589.0,18,0,24,22,64
3541654.0,18,0,24,22,64
3541654.0,18,0,25,21,64
3541936.0,18,0,25,21,64
3541936.0,18,0,33,13,64
3542161.0,18,0,33,13,64
3542161.0,18,0,41,5,64
3542347.0,18,0,41,5,64
3542347.0,18,0,42,4,64
3542423.0,18,0,42,4,64
3542423.0,18,0,43,3,64
3542438.0,18,0,43,3,64
3542438.0,18,0,44,2,64
3542493.0,18,0,44,2,64
3542493.0,18,0,45,1,64
3543388.0,18,0,45,65,0
3543390.0,18,0,45,65,0
3543390.0,18,0,45,64,1
3543404.0,18,0,45,65,0
3543983.0,26,0,37,65,0
3544034.0,27,0,36,65,0
3544264.0,34,0,29,65,0
3544289.0,42,0,21,65,0
3544354.0,43,0,20,65,0
3544412.0,43,0,20,65,0
3544636.0,51,0,12,65,0
3544861.0,59,0,4,65,0
3545047.0,60,0,3,65,0
3545123.0,61,0,2,65,0
3545138.0,62,0,1,65,0
3545193.0,63,0,0,65,0
3546099.0,63,0,0,65,0
3546099.0,0,63,0,65,0
3546779.0,0,63,0,65,0
3546988.0,0,63,0,65,0
3547899.0,0,0,0,128,0
3547899.0,0,0,0,0,128
3547995.0,0,0,0,128,0
3547995.0,0,0,0,64,64
3548134.0,0,0,0,64,64
3548134.0,0,0,0,0,128
3549323.0,0,0,0,64,64
3549537.0,0,0,0,128,0
3549539.0,0,0,0,128,0
3549539.0,0,0,0,127,1
3549554.0,0,0,0,128,0
3550455.0,0,0,0,128,0
3550455.0,0,0,0,0,128
3550546.0,0,0,0,128,0
3550896.0,0,0,0,128,0
3550896.0,0,0,0,64,64
3551595.0,0,0,0,64,64
3551998.0,0,0,0,64,64
3551998.0,0,0,0,63,65
3552058.0,0,0,0,64,64
3552923.0,0,0,0,64,64
3553296.0,0,0,0,128,0
3553323.0,0,0,0,128,0
3553323.0,0,0,0,64,64
3553877.0,0,0,0,128,0
3554146.0,0,0,0,128,0
3554146.0,0,0,63,65,0
3554747.0,0,0,63,65,0
3554747.0,0,0,63,1,64
3555658.0,0,0,63,1,64
3555658.0,0,0,64,0,64
3556846.0,63,0,1,0,64
3558358.0,64,0,0,0,64
3559049.0,64,0,0,64,0
3559050.0,64,0,0,64,0
3559050.0,64,0,0,63,1
3559065.0,64,0,0,64,0
3559131.0,64,0,0,64,0
3559131.0,64,0,0,0,64
3562649.0,64,0,0,0,64
3565153.0,64,0,0,0,64
3565153.0,63,1,0,0,64
3566953.0,63,0,0,1,64
3566953.0,63,0,0,0,65
3566977.0,63,0,0,1,64
3570577.0,63,0,0,1,64
3570577.0,63,0,1,0,64
3570899.0,63,0,1,0,64
3571030.0,63,0,1,64,0
3571033.0,63,0,1,64,0
3571033.0,63,0,1,63,1
3571052.0,63,0,1,64,0
3572059.0,63,0,1,64,0
3572059.0,63,0,1,48,16
3572060.0,63,0,1,48,16
3572060.0,47,16,1,48,16
3573277.0,48,16,0,48,16
3573277.0,47,17,0,48,16
3573650.0,47,17,0,48,16
3573650.0,46,18,0,48,16
3573860.0,46,2,0,64,16
3573860.0,46,2,0,0,80
3574630.0,46,2,0,0,80
3575077.0,46,1,0,1,80
3575077.0,46,1,0,0,81
3575092.0,46,1,0,1,80
3575450.0,46,0,0,2,80
3575450.0,46,0,0,1,81
3575455.0,46,0,0,2,80
3578692.0,46,0,0,2,80
3578692.0,46,0,1,1,80
3579055.0,46,0,1,1,80
3579055.0,46,0,2,0,80
3581392.0,47,0,1,0,80
3581755.0,48,0,0,0,80
3582983.0,48,0,0,16,64
3584784.0,48,0,0,80,0
3585297.0,48,0,0,80,0
3585297.0,0,48,0,80,0
3586583.0,0,48,0,80,0
3587097.0,0,0,0,128,0
3587097.0,0,0,0,0,128
3587184.0,0,0,0,128,0
3590784.0,0,0,0,128,0
3590784.0,0,0,128,0,0
3593484.0,128,0,0,0,0
3614191.0,128,0,0,0,0
3614191.0,124,4,0,0,0
3614491.0,124,4,0,0,0
3614491.0,116,12,0,0,0
3614676.0,116,12,0,0,0
3614676.0,114,14,0,0,0
3615054.0,114,14,0,0,0
3615054.0,98,30,0,0,0
3615510.0,98,30,0,0,0
3615510.0,66,62,0,0,0
3615868.0,66,62,0,0,0
3615868.0,34,94,0,0,0
3615891.0,34,94,0,0,0
3615891.0,26,102,0,0,0
3615991.0,26,98,0,4,0
3615991.0,26,98,0,0,4
3616018.0,26,98,0,0,4
3616018.0,22,102,0,0,4
3616041.0,22,102,0,4,0
3616291.0,22,94,0,12,0
3616291.0,22,94,0,4,8
3616352.0,22,94,0,12,0
3616425.0,22,94,0,12,0
3616425.0,22,94,0,8,4
3616476.0,22,92,0,10,4
3616476.0,22,92,0,8,6
3616523.0,22,92,0,10,4
3616854.0,22,76,0,26,4
3616854.0,22,76,0,10,20
3616930.0,22,76,0,10,20
3616930.0,0,98,0,10,20
3616989.0,0,98,0,10,20
3617065.0,0,98,0,10,20
3617212.0,0,98,0,26,4
3617310.0,0,66,0,58,4
3617310.0,0,66,0,26,36
3617604.0,0,66,0,26,36
3617605.0,0,66,0,26,36
3617608.0,0,66,0,26,36
3617610.0,0,66,0,26,36
3617612.0,0,66,0,26,36
3617668.0,0,34,0,58,36
3617668.0,0,34,0,26,68
3617691.0,0,26,0,34,68
3617691.0,0,26,0,26,76
3617698.0,0,26,0,26,76
3617818.0,0,22,0,30,76
3617818.0,0,22,0,26,80
3617975.0,0,22,0,26,80
3617977.0,0,22,0,26,80
3617978.0,0,22,0,26,80
3617980.0,0,22,0,26,80
3617981.0,0,22,0,26,80
3618040.0,0,22,0,30,76
3618090.0,0,22,0,30,76
3618091.0,0,22,0,30,76
3618093.0,0,22,0,30,76
3618094.0,0,22,0,30,76
3618096.0,0,22,0,30,76
3618097.0,0,22,0,30,76
3618192.0,0,22,0,34,72
3618276.0,0,22,0,66,40
3618276.0,0,22,0,10,96
3618277.0,0,22,0,18,88
3618277.0,0,22,0,10,96
3618286.0,0,22,0,14,92
3618286.0,0,22,0,10,96
3618287.0,0,22,0,26,80
3618287.0,0,22,0,10,96
3618288.0,0,22,0,14,92
3618289.0,0,22,0,30,76
3618290.0,0,22,0,34,72
3618338.0,0,22,0,34,72
3618340.0,0,22,0,34,72
3618342.0,0,22,0,34,72
3618344.0,0,22,0,34,72
3618346.0,0,22,0,34,72
3618348.0,0,22,0,34,72
3618450.0,0,22,0,34,72
3618510.0,0,22,0,34,72
3618511.0,0,22,0,34,72
3618513.0,0,22,0,34,72
3618514.0,0,22,0,34,72
3618516.0,0,22,0,34,72
3618539.0,0,22,0,34,72
3618561.0,0,22,0,66,40
3618561.0,0,22,0,10,96
3618567.0,0,22,0,18,88
3618567.0,0,22,0,14,92
3618572.0,0,22,0,18,88
3618573.0,0,22,0,34,72
3618573.0,0,22,0,18,88
3618578.0,0,22,0,34,72
3618578.0,0,22,0,10,96
3618605.0,0,22,0,14,92
3618605.0,0,22,0,10,96
3618607.0,0,22,0,14,92
3618610.0,0,22,0,30,76
3618610.0,0,22,0,14,92
3618631.0,0,22,0,18,88
3618631.0,0,22,0,10,96
3618635.0,0,22,0,26,80
3618635.0,0,22,0,10,96
3618638.0,0,22,0,10,96
3618641.0,0,22,0,10,96
3618643.0,0,22,0,10,96
3618646.0,0,22,0,10,96
3618655.0,0,22,0,18,88
3618655.0,0,22,0,10,96
3618710.0,0,22,0,26,80
3618710.0,0,22,0,22,84
3618723.0,0,22,0,26,80
3618723.0,0,22,0,10,96
3618725.0,0,22,0,14,92
3618727.0,0,22,0,14,92
3618730.0,0,0,0,36,92
3618730.0,0,0,0,4,124
3618777.0,0,0,0,8,120
3618777.0,0,0,0,0,128
3618789.0,0,0,0,16,112
3618789.0,0,0,0,15,113
3618814.0,0,0,0,16,112
3618841.0,0,0,0,24,104
3619158.0,0,0,0,24,104
3619302.0,0,0,0,56,72
3619302.0,0,0,0,0,128
3619308.0,0,0,0,16,112
3619309.0,0,0,0,24,104
3619310.0,0,0,0,56,72
3619310.0,0,0,0,24,104
3619315.0,0,0,0,56,72
3619315.0,0,0,0,24,104
3619420.0,0,0,0,56,72
3619420.0,0,0,0,0,128
3619425.0,0,0,0,8,120
3619427.0,0,0,0,16,112
3619428.0,0,0,0,24,104
3619431.0,0,0,0,56,72
3619431.0,0,0,0,23,105
3619457.0,0,0,0,24,104
3619543.0,0,0,0,24,104
3619545.0,0,0,0,24,104
3619547.0,0,0,0,24,104
3619549.0,0,0,0,24,104
3619641.0,0,0,0,24,104
3619788.0,0,0,0,24,104
3619861.0,0,0,0,24,104
3619863.0,0,0,0,24,104
3619864.0,0,0,0,24,104
3619866.0,0,0,0,24,104
3619952.0,0,0,0,24,104
3620162.0,0,0,0,56,72
3620162.0,0,0,0,0,128
3620167.0,0,0,0,8,120
3620168.0,0,0,0,16,112
3620171.0,0,0,0,48,80
3620171.0,0,0,0,0,128
3620176.0,0,0,0,16,112
3620176.0,0,0,0,8,120
3620178.0,0,0,0,40,88
3620180.0,0,0,0,48,80
3620182.0,0,0,0,48,80
3620182.0,0,0,0,16,112
3620183.0,0,0,0,16,112
3620183.0,0,0,0,8,120
3620185.0,0,0,0,8,120
3620185.0,0,0,0,0,128
3620187.0,0,0,0,0,128
3620189.0,0,0,0,8,120
3620189.0,0,0,0,0,128
3620191.0,0,0,0,40,88
3620192.0,0,0,0,48,80
3620211.0,0,0,0,52,76
3620224.0,0,0,0,56,72
3620479.0,0,0,0,56,72
3620479.0,0,0,0,55,73
3620523.0,0,0,0,56,72
3620543.0,0,0,0,56,72
3620543.0,0,0,0,55,73
3620564.0,0,0,0,56,72
3620569.0,0,0,0,56,72
3620569.0,0,0,0,52,76
3620592.0,0,0,0,52,76
3620592.0,0,0,0,50,78
3620613.0,0,0,0,50,78
3620613.0,0,0,0,18,110
3620812.0,0,0,0,18,110
3621035.0,0,0,0,50,78
3621888.0,0,0,0,50,78
3622165.0,0,0,0,56,72
3622167.0,0,0,0,56,72
3622207.0,0,0,0,56,72
3622310.0,0,0,0,56,72
3622325.0,0,0,0,56,72
3622389.0,0,0,0,56,72
3622908.0,0,0,0,56,72
3622941.0,0,0,0,88,40
3623025.0,0,0,0,88,40
3623376.0,0,0,0,96,32
3623452.0,0,0,0,128,0
3623767.0,0,0,0,128,0
3623776.0,0,0,0,128,0
3623791.0,0,0,0,128,0
3623791.0,0,0,6,122,0
3623792.0,0,0,6,122,0
3623792.0,0,0,14,114,0
3623811.0,0,0,14,114,0
3623811.0,0,0,18,110,0
3624635.0,0,0,18,110,0
3624635.0,0,0,50,78,0
3625765.0,0,0,50,78,0
3625765.0,0,0,56,72,0
3625919.0,0,0,56,72,0
3625919.0,0,0,56,71,1
3625933.0,0,0,56,71,1
3625949.0,0,0,56,71,1
3625949.0,0,0,56,39,33
3625951.0,0,0,56,40,32
3626020.0,0,0,56,40,32
3626340.0,0,0,56,40,32
3626346.0,0,0,56,40,32
3626363.0,0,0,56,40,32
3626370.0,0,0,56,40,32
3626375.0,0,0,56,40,32
3626378.0,0,0,56,40,32
3626491.0,6,0,50,40,32
3626491.0,0,6,50,40,32
3626492.0,8,6,42,40,32
3626492.0,0,14,42,40,32
3626511.0,4,14,38,40,32
3626541.0,4,14,38,40,32
3626562.0,4,14,38,40,32
3626976.0,4,14,38,40,32
3627335.0,36,14,6,40,32
3627335.0,4,46,6,40,32
3627470.0,4,46,6,40,32
3627604.0,4,46,6,40,32
3627606.0,4,46,6,40,32
3627612.0,4,46,6,40,32
3627614.0,4,46,6,40,32
3627642.0,4,46,6,40,32
3627654.0,4,46,6,40,32
3627860.0,4,46,6,40,32
3627862.0,4,46,6,40,32
3627864.0,4,46,6,40,32
3627866.0,4,46,6,40,32
3628291.0,4,40,6,46,32
3628291.0,4,40,6,42,36
3628292.0,4,32,6,50,36
3628292.0,4,32,6,42,44
3628387.0,4,32,6,42,44
3628416.0,4,32,6,42,44
3628465.0,10,32,0,42,44
3628465.0,4,38,0,42,44
3628516.0,4,38,0,42,44
3628541.0,4,38,0,42,44
3628745.0,4,38,0,46,40
3628752.0,4,38,0,50,36
3628770.0,4,38,0,54,32
3628770.0,0,42,0,54,32
3628902.0,0,42,0,54,32
3628982.0,0,42,0,54,32
3629135.0,0,10,0,86,32
3629135.0,0,10,0,38,80
3629429.0,0,10,0,38,80
3629620.0,0,10,0,54,64
3629620.0,0,10,0,38,80
3629670.0,0,10,0,70,48
3629670.0,0,10,0,54,64
3629702.0,0,10,0,54,64
3629731.0,0,10,0,54,64
3629812.0,0,10,0,62,56
3629822.0,0,10,0,78,40
3629822.0,0,10,0,38,80
3629863.0,0,10,0,46,72
3629863.0,0,10,0,38,80
3629865.0,0,10,0,70,48
3629865.0,0,10,0,46,72
3629872.0,0,10,0,62,56
3629872.0,0,10,0,46,72
3629899.0,0,10,0,62,56
3630066.0,0,10,0,70,48
3630066.0,0,10,0,38,80
3630111.0,0,10,0,38,80
3630136.0,0,10,0,70,48
3630136.0,0,10,0,46,72
3630155.0,0,10,0,78,40
3630155.0,0,10,0,38,80
3630209.0,0,10,0,46,72
3630219.0,0,10,0,54,64
3630220.0,0,10,0,62,56
3630222.0,0,10,0,70,48
3630222.0,0,10,0,38,80
3630237.0,0,10,0,70,48
3630237.0,0,10,0,62,56
3630265.0,0,4,0,68,56
3630265.0,0,4,0,36,88
3630267.0,0,4,0,68,56
3630267.0,0,4,0,35,89
3630272.0,0,4,0,36,88
3630328.0,0,4,0,68,56
3630328.0,0,4,0,20,104
3630372.0,0,4,0,52,72
3630372.0,0,4,0,20,104
3630419.0,0,4,0,20,104
3630496.0,0,4,0,52,72
3630496.0,0,4,0,35,89
3630570.0,0,0,0,39,89
3630570.0,0,0,0,23,105
3630588.0,0,0,0,23,105
3630601.0,0,0,0,24,104
3630728.0,0,0,0,40,88
3630728.0,0,0,0,8,120
3630843.0,0,0,0,40,88
3630908.0,0,0,0,56,72
3630944.0,0,0,0,56,72
3630944.0,0,0,0,24,104
3630950.0,0,0,0,24,104
3630950.0,0,0,0,23,105
3630964.0,0,0,0,23,105
3630964.0,0,0,0,22,106
3630969.0,0,0,0,23,105
3631015.0,0,0,0,23,105
3631015.0,0,0,0,19,109
3631019.0,0,0,0,35,93
3631058.0,0,0,0,36,92
3631079.0,0,0,0,36,92
3631079.0,0,0,0,35,93
3631105.0,0,0,0,36,92
3631112.0,0,0,0,36,92
3631112.0,0,0,0,32,96
3631137.0,0,0,0,32,96
3631137.0,0,0,0,30,98
3631371.0,0,0,0,62,66
3631372.0,0,0,0,66,62
3631380.0,0,0,0,66,62
3631380.0,0,0,0,34,94
3631410.0,0,0,0,66,62
3631768.0,0,0,0,66,62
3631768.0,0,0,0,34,94
3631872.0,0,0,0,66,62
3631896.0,0,0,0,82,46
3632344.0,0,0,0,82,46
3632344.0,0,0,0,50,78
3632345.0,0,0,0,50,78
3632387.0,0,0,0,82,46
3632557.0,0,0,0,82,46
3632557.0,0,0,0,66,62
3632732.0,0,0,0,70,58
3632734.0,0,0,0,72,56
3632809.0,0,0,0,88,40
3632930.0,0,0,0,88,40
3632930.0,0,0,0,72,56
3633270.0,0,0,0,72,56
3633420.0,0,0,0,88,40
3633465.0,0,0,0,88,40
3633634.0,0,0,0,88,40
3633634.0,0,0,0,72,56
3633736.0,0,0,0,72,56
3633809.0,0,0,0,72,56
3633837.0,0,0,0,72,56
3633837.0,0,0,8,64,56
3633882.0,0,0,8,80,40
3634357.0,0,0,8,80,40
3634357.0,0,0,8,79,41
3634401.0,0,0,8,80,40
3634413.0,0,0,8,80,40
3634413.0,0,0,8,79,41
3634431.0,0,0,8,80,40
3634437.0,0,0,8,80,40
3634437.0,0,0,8,76,44
3634443.0,0,0,8,76,44
3634443.0,0,0,14,70,44
3634459.0,0,0,14,70,44
3634459.0,0,0,14,68,46
3634466.0,0,0,14,72,42
3634479.0,0,0,14,74,40
3634619.0,0,0,14,74,40
3634619.0,0,0,30,58,40
3634746.0,0,0,30,58,40
3634746.0,0,0,30,54,44
3634767.0,0,0,30,54,44
3634767.0,0,0,30,52,46
3634972.0,0,0,30,52,46
3634972.0,0,0,34,48,46
3635346.0,0,0,34,48,46
3635346.0,0,0,34,32,62
3635496.0,0,0,34,32,62
3635496.0,0,0,50,16,62
3635573.0,0,0,50,16,62
3635573.0,0,0,50,15,63
3635637.0,0,0,50,16,62
3635657.0,0,0,50,16,62
3635657.0,0,0,50,15,63
3635678.0,0,0,50,16,62
3635679.0,0,0,50,20,58
3635680.0,0,0,50,22,56
3635682.0,0,0,50,22,56
3635682.0,0,0,50,18,60
3635709.0,0,0,50,18,60
3635709.0,0,0,50,16,62
3635727.0,0,0,50,32,46
3635987.0,0,0,50,32,46
3635987.0,0,0,59,23,46
3636332.0,0,0,59,23,46
3636332.0,0,0,63,19,46
3636334.0,0,0,63,19,46
3636334.0,0,0,65,17,46
3636522.0,0,0,65,21,42
3636523.0,0,0,65,23,40
3636524.0,0,0,65,23,40
3636524.0,0,0,65,19,44
3636537.0,8,0,57,19,44
3636545.0,8,0,57,19,44
3636545.0,8,0,57,17,46
3636602.0,8,0,57,17,46
3636602.0,8,0,57,13,50
3636647.0,8,0,57,17,46
3636750.0,8,0,57,17,46
3636750.0,8,0,57,16,47
3636781.0,8,0,57,17,46
3636787.0,8,0,57,17,46
3636787.0,8,0,57,13,50
3636804.0,8,0,57,13,50
3636804.0,8,0,57,12,51
3636833.0,8,0,57,13,50
3636841.0,8,0,57,13,50
3636841.0,8,0,57,12,51
3636901.0,8,0,57,16,47
3636966.0,8,0,57,17,46
3637034.0,8,0,57,17,46
3637034.0,8,0,57,16,47
3637044.0,8,0,57,16,47
3637044.0,1,7,57,16,47
3637066.0,1,7,57,17,46
3637109.0,1,7,57,17,46
3637109.0,1,7,57,16,47
3637118.0,1,7,57,20,43
3637119.0,1,7,57,22,41
3637141.0,1,7,57,23,40
3637143.0,7,7,51,23,40
3637143.0,1,13,51,23,40
3637231.0,1,13,51,23,40
3637231.0,0,14,51,23,40
3637239.0,0,14,51,23,40
3637269.0,0,14,51,23,40
3637319.0,16,14,35,23,40
3637319.0,8,22,35,23,40
3637408.0,8,22,35,23,40
3637532.0,8,22,35,23,40
3637534.0,8,22,35,23,40
3637537.0,8,22,35,23,40
3637562.0,8,22,35,23,40
3637608.0,8,22,35,23,40
3637635.0,8,22,35,23,40
3637660.0,8,22,35,23,40
3637672.0,12,22,31,23,40
3637672.0,8,26,31,23,40
3637744.0,8,26,31,23,40
3637749.0,8,26,31,23,40
3637993.0,8,26,31,23,40
3638032.0,8,26,31,23,40
3638071.0,8,26,31,23,40
3638196.0,24,26,15,23,40
3638196.0,8,42,15,23,40
3638319.0,8,42,15,23,40
3638362.0,8,42,15,23,40
3638467.0,8,42,15,23,40
3638471.0,8,42,15,23,40
3638500.0,8,42,15,23,40
3638521.0,8,42,15,23,40
3638616.0,8,42,15,23,40
3638630.0,8,42,15,23,40
3638687.0,17,42,6,23,40
3638687.0,8,51,6,23,40
3638753.0,8,51,6,23,40
3638798.0,8,51,6,23,40
3638844.0,8,44,6,30,40
3638894.0,8,44,6,38,32
3638903.0,8,44,6,70,0
3638903.0,8,44,6,36,34
3638935.0,8,44,6,37,33
3638943.0,8,38,6,43,33
3638952.0,8,38,6,44,32
3638994.0,8,38,6,44,32
3639031.0,8,37,6,45,32
3639032.0,12,37,2,45,32
3639032.0,8,41,2,45,32
3639034.0,10,41,0,45,32
3639034.0,8,43,0,45,32
3639035.0,8,43,0,45,32
3639081.0,8,43,0,45,32
3639119.0,8,35,0,53,32
3639119.0,8,35,0,37,48
3639135.0,8,35,0,37,48
3639168.0,8,35,0,37,48
3639278.0,8,35,0,37,48
3639285.0,8,35,0,37,48
3639348.0,8,35,0,37,48
3639420.0,8,35,0,37,48
3639449.0,8,35,0,37,48
3639472.0,8,31,0,41,48
3639492.0,8,31,0,57,32
3639539.0,8,31,0,57,32
3639540.0,8,31,0,57,32
3639907.0,8,31,0,57,32
3639996.0,8,15,0,73,32
3640037.0,8,15,0,73,32
3640240.0,8,15,0,73,32
3640247.0,8,15,0,73,32
3640344.0,8,15,0,73,32
3640401.0,8,15,0,73,32
3640424.0,8,15,0,73,32
3640445.0,8,15,0,73,32
3640487.0,8,6,0,82,32
3640604.0,8,6,0,82,32
3640666.0,8,6,0,82,32
3640718.0,8,6,0,82,32
3640740.0,8,6,0,114,0
3640740.0,0,14,0,114,0
3640770.0,0,14,0,114,0
3640832.0,0,10,0,118,0
3640834.0,0,8,0,120,0
3640834.0,0,8,0,56,64
3640878.0,0,8,0,56,64
3641015.0,0,8,0,120,0
3641015.0,0,8,0,88,32
3641034.0,0,8,0,92,28
3641046.0,0,8,0,93,27
3641049.0,0,8,0,94,26
3641065.0,0,8,0,98,22
3641124.0,0,8,0,98,22
3641239.0,0,8,0,98,22
3641269.0,0,8,0,98,22
3641360.0,0,8,0,114,6
3641452.0,0,8,0,114,6
3641474.0,0,8,0,114,6
3641565.0,0,8,0,114,6
3641763.0,0,8,0,114,6
3641814.0,0,8,0,116,4
3641831.0,0,8,0,116,4
3641836.0,0,8,0,120,0
3641836.0,0,8,0,56,64
3641966.0,0,8,0,120,0
3641966.0,0,8,0,100,20
3641988.0,0,8,0,100,20
3642098.0,0,8,0,104,16
3642221.0,0,8,0,120,0
3642221.0,0,8,0,56,64
3642314.0,0,8,0,56,64
3642357.0,0,8,0,120,0
3642357.0,0,8,0,59,61
3642382.0,0,8,0,60,60
3642423.0,0,8,0,64,56
3642441.0,0,8,0,65,55
3642468.0,0,8,0,66,54
3642494.0,0,8,0,66,54
3642503.0,0,8,0,66,54
3642526.0,0,8,0,66,54
3642534.0,0,8,0,66,54
3642540.0,0,0,0,74,54
3642540.0,0,0,0,10,118
3642557.0,0,0,0,10,118
3642639.0,0,0,0,10,118
3642653.0,0,0,0,10,118
3642654.0,0,0,0,26,102
3642684.0,0,0,0,90,38
3642684.0,0,0,0,8,120
3642704.0,0,0,0,9,119
3642731.0,0,0,0,25,103
3642731.0,0,0,0,9,119
3642743.0,0,0,0,9,119
3642744.0,0,0,0,25,103
3642782.0,0,0,0,25,103
3642830.0,0,0,0,89,39
3642830.0,0,0,0,24,104
3642840.0,0,0,0,25,103
3642888.0,0,0,0,57,71
3642888.0,0,0,0,8,120
3642896.0,0,0,0,9,119
3642974.0,0,0,0,25,103
3642974.0,0,0,0,9,119
3643027.0,0,0,0,9,119
3643051.0,0,0,0,41,87
3643051.0,0,0,0,25,103
3643085.0,0,0,0,25,103
3643132.0,0,0,0,41,87
3643132.0,0,0,0,9,119
3643172.0,0,0,0,25,103
3643172.0,0,0,0,9,119
3643302.0,0,0,0,9,119
3643307.0,0,0,0,25,103
3643307.0,0,0,0,0,128
3643323.0,0,0,0,1,127
3643326.0,0,0,0,2,126
3643340.0,0,0,0,18,110
3643340.0,0,0,0,2,126
3643345.0,0,0,0,3,125
3643363.0,0,0,0,19,109
3643363.0,0,0,0,3,125
3643379.0,0,0,0,3,125
3643391.0,0,0,0,3,125
3643411.0,0,0,0,35,93
3643411.0,0,0,0,3,125
3643542.0,0,0,0,35,93
3643542.0,0,0,0,3,125
3643599.0,0,0,0,19,109
3643599.0,0,0,0,3,125
3643658.0,0,0,0,19,109
3643658.0,0,0,0,13,115
3643723.0,0,0,0,29,99
3643723.0,0,0,0,13,115
3643829.0,0,0,0,29,99
3643880.0,0,0,0,29,99
3643890.0,0,0,0,29,99
3643901.0,0,0,0,29,99
3643986.0,0,0,0,45,83
3643986.0,0,0,0,9,119
3644258.0,0,0,0,11,117
3644279.0,0,0,0,15,113
3644312.0,0,0,0,17,111
3644333.0,0,0,0,21,107
3644446.0,0,0,0,25,103
3644514.0,0,0,0,57,71
3644514.0,0,0,0,9,119
3644575.0,0,0,0,9,119
3644615.0,0,0,0,9,119
3644687.0,0,0,0,25,103
3644687.0,0,0,0,3,125
3644691.0,0,0,0,35,93
3644691.0,0,0,0,30,98
3644712.0,0,0,0,31,97
3644716.0,0,0,0,33,95
3644716.0,0,0,0,1,127
3644730.0,0,0,0,1,127
3644738.0,0,0,0,5,123
3644741.0,0,0,0,5,123
3644796.0,0,0,0,9,119
3644796.0,0,0,0,1,127
3644887.0,0,0,0,33,95
3644887.0,0,0,0,1,127
3644969.0,0,0,0,17,111
3644969.0,0,0,0,1,127
3644970.0,0,0,0,33,95
3644970.0,0,0,0,0,128
3645020.0,0,0,0,0,128
3645023.0,0,0,0,1,127
3645037.0,0,0,0,1,127
3645126.0,0,0,0,1,127
3645161.0,0,0,0,1,127
3645182.0,0,0,0,1,127
3645256.0,0,0,0,17,111
3645256.0,0,0,0,9,119
3645284.0,0,0,0,9,119
3645329.0,0,0,0,13,115
3645362.0,0,0,0,13,115
3645521.0,0,0,0,13,115
3645566.0,0,0,0,13,115
3645571.0,0,0,0,15,113
3645588.0,0,0,0,19,109
3645588.0,0,0,0,1,127
3645591.0,0,0,0,33,95
3645591.0,0,0,0,17,111
3645736.0,0,0,0,17,111
3645835.0,0,0,0,17,111
3645877.0,0,0,0,33,95
3645877.0,0,0,0,0,128
3645881.0,0,0,0,16,112
3645881.0,0,0,0,15,113
3645908.0,0,0,0,16,112
3645908.0,0,0,0,0,128
3645947.0,0,0,0,1,127
3645947.0,0,0,0,0,128
3645951.0,0,0,0,32,96
3645951.0,0,0,0,26,102
3645957.0,0,0,0,26,102
3645979.0,0,0,0,27,101
3646024.0,0,0,0,27,101
3646131.0,0,0,0,27,101
3646204.0,0,0,0,27,101
3646248.0,0,0,0,43,85
3646248.0,0,0,0,11,117
3646284.0,0,0,0,11,117
3646295.0,0,0,0,11,117
3646354.0,0,0,0,11,117
3646450.0,0,0,0,43,85
3646450.0,0,0,0,11,117
3646496.0,0,0,0,11,117
3646535.0,0,0,0,15,113
3646690.0,0,0,0,15,113
3646722.0,0,0,0,15,113
3646814.0,0,0,0,15,113
3646836.0,0,0,0,15,113
3646846.0,0,0,0,17,111
3646846.0,0,0,0,1,127
3646895.0,0,0,0,3,125
3646914.0,0,0,0,7,121
3646923.0,0,0,0,7,121
3646953.0,0,0,0,39,89
3646953.0,0,0,0,6,122
3646983.0,0,0,0,7,121
3647027.0,0,0,0,39,89
3647027.0,0,0,0,7,121
3647031.0,0,0,0,7,121
3647041.0,0,0,0,39,89
3647041.0,0,0,0,3,125
3647097.0,0,0,0,3,125
3647110.0,0,0,0,7,121
3647171.0,0,0,0,7,121
3647182.0,0,0,0,39,89
3647182.0,0,0,0,3,125
3647214.0,0,0,0,19,109
3647214.0,0,0,0,3,125
3647230.0,0,0,0,3,125
3647395.0,0,0,0,3,125
3647498.0,0,0,0,7,121
3647554.0,0,0,0,7,121
3647558.0,0,0,0,39,89
3647558.0,0,0,0,7,121
3647566.0,0,0,0,23,105
3647566.0,0,0,0,9,119
3647627.0,0,0,0,9,119
3648141.0,0,0,0,41,87
3648141.0,0,0,0,5,123
3648163.0,0,0,0,9,119
3648183.0,0,0,0,17,111
3648228.0,0,0,0,49,79
3648228.0,0,0,0,12,116
3648247.0,0,0,0,13,115
3648253.0,0,0,0,17,111
3648292.0,0,0,0,17,111
3648311.0,0,0,0,49,79
3648311.0,0,0,0,12,116
3648331.0,0,0,0,13,115
3648333.0,0,0,0,13,115
3648333.0,0,0,0,9,119
3648354.0,0,0,0,9,119
3648354.0,0,0,0,7,121
3648479.0,0,0,0,9,119
3648499.0,0,0,0,13,115
3648623.0,0,0,0,13,115
3648687.0,0,0,0,13,115
3648687.0,0,0,0,9,119
3648759.0,0,0,0,9,119
3648822.0,0,0,0,9,119
3649056.0,0,0,0,13,115
3649069.0,0,0,0,13,115
3649105.0,0,0,0,13,115
3649256.0,0,0,0,17,111
3649258.0,0,0,0,19,109
3649292.0,0,0,0,51,77
3649292.0,0,0,0,11,117
3649418.0,0,0,0,15,113
3649459.0,0,0,0,19,109
3649481.0,0,0,0,19,109
3649493.0,0,0,0,51,77
3649493.0,0,0,0,19,109
3649551.0,0,0,0,19,109
3649848.0,0,0,0,19,109
3649848.0,0,0,1,18,109
3650814.0,0,0,1,18,109
3650814.0,0,0,3,16,109
3651554.0,0,0,3,16,109
3651554.0,0,0,3,15,110
3651570.0,0,0,3,16,109
3651587.0,0,0,3,16,109
3651587.0,0,0,3,15,110
3651604.0,0,0,3,16,109
3651637.0,0,0,3,16,109
3651637.0,0,0,3,15,110
3651741.0,0,0,3,15,110
3651741.0,0,0,5,13,110
3651763.0,0,0,5,13,110
3651763.0,0,0,7,11,110
3651861.0,0,0,7,12,109
3651953.0,0,0,7,12,109
3651953.0,0,0,7,11,110
3652049.0,0,0,7,12,109
3652400.0,0,0,7,12,109
3652400.0,0,0,7,11,110
3652480.0,0,0,7,12,109
3652548.0,1,0,6,12,109
3652856.0,1,0,6,12,109
3652856.0,1,0,8,10,109
3652858.0,1,0,8,10,109
3652858.0,1,0,10,8,109
3653018.0,1,0,10,8,109
3653018.0,1,0,13,5,109
3653059.0,1,0,13,5,109
3653059.0,1,0,17,1,109
3653514.0,3,0,15,1,109
3653589.0,3,0,15,1,109
3653672.0,3,0,15,1,109
3653672.0,1,2,15,1,109
3653725.0,1,2,15,1,109
3653790.0,1,2,15,1,109
3654441.0,3,2,13,1,109
3654463.0,5,2,11,1,109
3654463.0,3,4,11,1,109
3654694.0,3,4,11,2,108
3655276.0,3,4,11,34,76
3655276.0,3,4,11,18,92
3655310.0,3,4,11,26,84
3655322.0,3,4,11,34,76
3655358.0,3,4,11,38,72
3655420.0,3,4,11,70,40
3655472.0,3,2,11,72,40
3655490.0,3,2,11,72,40
3655490.0,3,2,11,40,72
3655520.0,3,2,11,40,72
3655520.0,3,2,11,36,76
3655556.0,5,2,9,36,76
3655556.0,3,4,9,36,76
3655558.0,5,4,7,36,76
3655558.0,3,6,7,36,76
3655563.0,3,6,7,40,72
3655563.0,3,6,7,36,76
3655608.0,3,6,7,36,76
3655608.0,3,6,7,32,80
3655644.0,3,6,7,36,76
3655647.0,3,6,7,36,76
3655647.0,3,6,7,28,84
3655718.0,6,6,4,28,84
3655718.0,3,9,4,28,84
3655733.0,3,9,4,36,76
3655756.0,3,9,4,68,44
3655759.0,7,9,0,68,44
3655759.0,3,13,0,68,44
3655786.0,3,13,0,76,36
3655794.0,3,13,0,76,36
3655794.0,3,13,0,68,44
3655828.0,3,13,0,76,36
3655886.0,3,13,0,76,36
3655886.0,3,13,0,75,37
3655905.0,3,13,0,76,36
3655996.0,3,13,0,76,36
3655996.0,3,13,0,68,44
3656031.0,3,13,0,76,36
3656035.0,3,13,0,76,36
3656035.0,3,13,0,68,44
3656068.0,3,13,0,76,36
3656080.0,3,13,0,76,36
3656082.0,3,13,0,76,36
3656082.0,3,13,0,44,68
3656105.0,3,13,0,44,68
3656105.0,3,13,0,12,100
3656123.0,3,13,0,44,68
3656134.0,3,13,0,44,68
3656134.0,3,13,0,12,100
3656160.0,3,13,0,44,68
3656263.0,3,11,0,46,68
3657249.0,3,11,0,78,36
3657356.0,3,9,0,80,36
3657358.0,3,7,0,82,36
3657358.0,3,7,0,74,44
3657378.0,3,7,0,74,44
3657378.0,3,7,0,73,45
3657392.0,3,7,0,81,37
3657407.0,3,7,0,82,36
3657518.0,3,4,0,85,36
3657559.0,3,0,0,89,36
3657559.0,3,0,0,81,44
3657638.0,3,0,0,89,36
3657874.0,3,0,0,125,0
3658294.0,3,0,0,125,0
3658294.0,3,0,1,124,0
3658461.0,3,0,1,124,0
3658461.0,3,0,1,60,64
3658476.0,3,0,1,60,64
3658476.0,3,0,1,28,96
3658575.0,3,0,1,28,96
3658575.0,3,0,1,24,100
3658958.0,3,0,1,24,100
3658958.0,3,0,3,22,100
3659333.0,3,0,3,22,100
3659333.0,3,0,9,16,100
3660849.0,3,0,9,16,100
3660849.0,3,0,13,12,100
3660992.0,3,0,13,12,100
3660992.0,3,0,21,4,100
3660994.0,4,0,20,4,100
3661238.0,4,0,20,4,100
3661238.0,4,0,24,0,100
3661658.0,6,0,22,0,100
3662033.0,12,0,16,0,100
3663549.0,16,0,12,0,100
3663692.0,24,0,4,0,100
3663938.0,28,0,0,0,100
3668739.0,28,0,0,64,36
3668746.0,28,0,0,96,4
3668750.0,28,0,0,100,0
3668755.0,28,0,0,100,0
3668755.0,0,28,0,100,0
3668862.0,0,28,0,100,0
3669048.0,0,28,0,100,0
3669113.0,0,28,0,100,0
3670555.0,0,0,0,128,0
3670555.0,0,0,0,0,128
3670658.0,0,0,0,128,0
3670658.0,0,0,0,28,100
3671534.0,0,0,0,28,100
3671609.0,0,0,0,28,100
3672339.0,0,0,0,28,100
3672636.0,0,0,0,32,96
3672636.0,0,0,0,0,128
3672701.0,0,0,0,32,96
3672701.0,0,0,0,28,100
3674258.0,0,0,0,28,100
3676070.0,0,0,0,28,100
3676070.0,0,0,0,27,101
3676174.0,0,0,0,28,100
3676248.0,0,0,0,28,100
3676248.0,0,0,0,27,101
3676301.0,0,0,0,27,101
3676301.0,0,0,27,0,101
3676380.0,0,0,27,1,100
3676404.0,0,0,27,1,100
3676404.0,0,0,27,0,101
3676670.0,0,0,27,1,100
3679001.0,27,0,0,1,100
3679050.0,27,0,0,1,100
3679170.0,27,0,0,1,100
3679350.0,27,0,0,1,100
3679419.0,27,0,0,1,100
3679980.0,27,0,0,1,100
3680139.0,27,0,0,5,96
3680146.0,27,0,0,37,64
3680270.0,27,0,0,37,64
3680270.0,27,0,1,36,64
3680835.0,27,0,1,100,0
3680835.0,0,27,1,100,0
3682635.0,0,0,1,127,0
3682970.0,1,0,0,127,0
3682970.0,0,1,0,127,0
3683739.0,0,1,0,127,0
3684770.0,0,0,0,128,0
3684770.0,0,0,0,0,128
3684885.0,0,0,0,128,0
3684885.0,0,0,0,28,100
3688485.0,0,0,0,28,100
3688485.0,0,0,28,0,100
3690443.0,0,0,28,0,100
3690466.0,0,0,28,0,100
3691185.0,28,0,0,0,100
3692405.0,28,0,0,0,100
3692585.0,28,0,0,0,100
3693558.0,28,0,0,0,100
3695051.0,28,0,0,64,36
3695051.0,19,9,0,23,77
3695074.0,19,9,0,24,76
3696299.0,19,9,0,24,76
3696851.0,19,0,0,33,76
3696851.0,19,0,0,1,108
3697029.0,19,0,0,1,108
3697789.0,19,0,0,33,76
3697789.0,12,7,0,1,108
3697802.0,12,7,0,1,108
3698629.0,12,7,0,1,108
3698674.0,12,7,0,1,108
3699241.0,12,7,0,1,108
3699589.0,12,0,0,8,108
3699589.0,12,0,0,0,116
3699771.0,12,0,0,0,116
3700150.0,12,0,0,8,108
3700209.0,12,0,0,8,108
3701236.0,12,0,0,40,76
3701236.0,10,2,0,3,113
3701258.0,10,2,0,3,113
3701261.0,10,2,0,4,112
3701343.0,10,2,0,8,108
3701613.0,10,2,0,8,108
3701635.0,10,2,0,8,108
3701746.0,10,2,0,8,108
3703036.0,10,0,0,10,108
3703036.0,10,0,0,5,113
3703057.0,10,0,0,6,112
3703094.0,10,0,0,10,108
3703322.0,10,0,0,10,108
3703361.0,10,0,0,10,108
3703441.0,10,0,0,10,108
3703495.0,10,0,0,10,108
3703710.0,10,0,0,10,108
3703739.0,10,0,0,10,108
3703750.0,10,0,0,10,108
3703801.0,10,0,0,10,108
3703833.0,10,0,0,10,108
3703876.0,10,0,0,10,108
3703902.0,10,0,0,10,108
3703975.0,10,0,0,10,108
3703997.0,10,0,0,10,108
3704132.0,10,0,0,10,108
3704177.0,10,0,0,10,108
3704193.0,10,0,0,10,108
3704262.0,10,0,0,10,108
3704280.0,10,0,0,10,108
3704364.0,10,0,0,10,108
3704379.0,10,0,0,42,76
3704379.0,4,6,0,10,108
3704409.0,4,6,0,10,108
3704484.0,4,6,0,10,108
3704696.0,4,6,0,10,108
3704739.0,4,6,0,10,108
3704797.0,4,6,0,10,108
3704803.0,4,6,0,10,108
3704861.0,4,6,0,10,108
3704949.0,4,6,0,10,108
3705287.0,4,6,0,10,108
3705383.0,4,6,0,10,108
3705443.0,4,6,0,10,108
3705455.0,4,6,0,10,108
3705556.0,4,6,0,10,108
3705609.0,4,6,0,10,108
3705690.0,4,6,0,10,108
3705746.0,4,6,0,42,76
3705746.0,4,6,0,10,108
3706179.0,4,0,0,16,108
3706179.0,4,0,0,0,124
3706371.0,4,0,0,16,108
3706371.0,4,0,0,0,124
3706426.0,4,0,0,16,108
3706426.0,0,4,0,0,124
3706461.0,0,4,0,16,108
3706461.0,0,4,0,0,124
3706482.0,0,4,0,8,116
3706482.0,0,4,0,0,124
3706504.0,0,4,0,4,120
3706504.0,0,4,0,0,124
3706507.0,0,4,0,8,116
3706507.0,0,4,0,3,121
3706510.0,0,4,0,3,121
3706514.0,0,4,0,3,121
3706529.0,0,4,0,4,120
3706529.0,0,4,0,0,124
3706531.0,0,4,0,4,120
3706531.0,0,4,0,0,124
3706537.0,0,4,0,4,120
3706537.0,0,4,0,0,124
3706558.0,0,4,0,4,120
3706558.0,0,4,0,0,124
3706560.0,0,4,0,4,120
3706580.0,0,4,0,4,120
3706599.0,0,4,0,8,116
3706599.0,0,4,0,0,124
3706610.0,0,4,0,8,116
3706610.0,0,4,0,3,121
3706627.0,0,4,0,3,121
3706630.0,0,4,0,4,120
3706630.0,0,4,0,0,124
3706651.0,0,4,0,4,120
3706651.0,0,4,0,0,124
3706665.0,0,4,0,4,120
3706665.0,0,4,0,0,124
3706695.0,0,4,0,4,120
3706695.0,0,4,0,0,124
3706717.0,0,4,0,4,120
3706721.0,0,4,0,4,120
3706776.0,0,4,0,4,120
3706777.0,0,4,0,12,112
3706915.0,0,4,0,12,112
3706983.0,0,4,0,16,108
3706983.0,0,4,0,0,124
3707006.0,0,4,0,0,124
3707045.0,0,4,0,16,108
3707045.0,0,4,0,0,124
3707067.0,0,4,0,4,120
3707067.0,0,4,0,0,124
3707092.0,0,4,0,4,120
3707092.0,0,4,0,3,121
3707106.0,0,4,0,7,117
3707110.0,0,4,0,8,116
3707110.0,0,4,0,0,124
3707111.0,0,4,0,8,116
3707111.0,0,4,0,0,124
3707112.0,0,4,0,4,120
3707112.0,0,4,0,3,121
3707133.0,0,4,0,4,120
3707133.0,0,4,0,0,124
3707160.0,0,4,0,8,116
3707160.0,0,4,0,3,121
3707181.0,0,4,0,4,120
3707181.0,0,4,0,0,124
3707187.0,0,4,0,0,124
3707206.0,0,4,0,4,120
3707206.0,0,4,0,0,124
3707223.0,0,4,0,4,120
3707223.0,0,4,0,0,124
3707244.0,0,4,0,0,124
3707248.0,0,4,0,4,120
3707270.0,0,4,0,8,116
3707277.0,0,4,0,12,112
3707581.0,0,4,0,16,108
3707698.0,0,4,0,16,108
3707699.0,0,4,0,16,108
3707744.0,0,4,0,16,108
3708144.0,0,4,0,16,108
3708172.0,0,4,0,16,108
3708226.0,0,0,0,20,108
3708226.0,0,0,0,16,112
3708245.0,0,0,0,16,112
3708248.0,0,0,0,20,108
3708390.0,0,0,0,20,108
3708485.0,0,0,0,20,108
3708517.0,0,0,0,20,108
3708601.0,0,0,0,20,108
3709292.0,0,0,0,20,108
3709413.0,0,0,0,20,108
3709521.0,0,0,0,20,108
3709543.0,0,0,0,20,108
3710068.0,0,0,0,20,108
3710107.0,0,0,0,20,108
3710160.0,0,0,0,20,108
3710210.0,0,0,0,20,108
3710317.0,0,0,0,20,108
3710550.0,0,0,0,20,108
3710646.0,0,0,0,28,100
3710668.0,0,0,0,60,68
3710668.0,0,0,0,8,120
3710692.0,0,0,0,8,120
3710712.0,0,0,0,8,120
3710760.0,0,0,0,8,120
3710790.0,0,0,0,40,88
3710790.0,0,0,0,3,125
3710801.0,0,0,0,7,121
3710813.0,0,0,0,8,120
3710826.0,0,0,0,24,104
3710848.0,0,0,0,24,104
3710860.0,0,0,0,28,100
3710869.0,0,0,0,28,100
3710932.0,0,0,0,44,84
3710932.0,0,0,0,0,128
3710977.0,0,0,0,4,124
3711171.0,0,0,0,20,108
3711181.0,0,0,0,20,108
3711621.0,0,0,0,20,108
3711683.0,0,0,0,20,108
3711711.0,0,0,0,20,108
3711733.0,0,0,0,20,108
3711830.0,0,0,0,20,108
3711848.0,0,0,0,20,108
3712070.0,0,0,0,28,100
3712078.0,0,0,0,28,100
3712113.0,0,0,0,60,68
3712113.0,0,0,0,19,109
3712152.0,0,0,0,23,105
3712159.0,0,0,0,24,104
3712160.0,0,0,0,24,104
3712207.0,0,0,0,24,104
3712352.0,0,0,0,24,104
3712447.0,0,0,0,24,104
3712488.0,0,0,0,24,104
3712613.0,0,0,0,56,72
3712613.0,0,0,0,20,108
3712627.0,0,0,0,20,108
3712649.0,0,0,0,20,108
3712658.0,0,0,0,24,104
3712668.0,0,0,0,24,104
3712679.0,0,0,0,56,72
3712679.0,0,0,0,24,104
3712898.0,0,0,0,24,104
3713138.0,0,0,0,24,104
3713189.0,0,0,0,24,104
3713352.0,0,0,0,24,104
3713360.0,0,0,0,24,104
3713423.0,0,0,0,28,100
3713491.0,0,0,0,60,68
3713491.0,0,0,0,22,106
3713548.0,0,0,0,54,74
3713548.0,0,0,0,22,106
3713612.0,0,0,0,54,74
3713612.0,0,0,0,3,125
3713617.0,0,0,0,4,124
3713617.0,0,0,0,0,128
3713621.0,0,0,0,1,127
3713622.0,0,0,0,2,126
3713622.0,0,0,0,0,128
3713627.0,0,0,0,1,127
3713627.0,0,0,0,0,128
3713628.0,0,0,0,1,127
3713628.0,0,0,0,0,128
3713629.0,0,0,0,1,127
3713629.0,0,0,0,0,128
3713634.0,0,0,0,1,127
3713639.0,0,0,0,2,126
3713642.0,0,0,0,4,124
3713648.0,0,0,0,5,123
3713652.0,0,0,0,6,122
3713656.0,0,0,0,7,121
3713667.0,0,0,0,43,85
3713667.0,0,0,0,33,95
3713668.0,0,0,0,34,94
3713768.0,0,0,0,35,93
3713831.0,0,0,0,43,85
3713868.0,0,0,0,47,81
3714036.0,0,0,0,47,81
3714036.0,0,0,0,46,82
3714042.0,0,0,0,47,81
3714057.0,0,0,0,48,80
3714228.0,0,0,0,52,76
3714302.0,0,0,0,84,44
3714367.0,0,0,0,86,42
3714386.0,0,0,0,90,38
3714405.0,0,0,0,90,38
3714405.0,0,0,0,89,39
3714426.0,0,0,0,90,38
3714498.0,0,0,0,90,38
3714498.0,0,0,0,89,39
3714545.0,0,0,0,90,38
3714565.0,0,0,0,90,38
3714565.0,0,0,0,89,39
3714577.0,0,0,0,89,39
3714654.0,0,0,0,90,38
3714837.0,0,0,0,90,38
3714837.0,0,0,0,89,39
3714857.0,0,0,0,89,39
3714857.0,0,0,0,73,55
3714902.0,0,0,0,89,39
3715045.0,0,0,0,90,38
3715946.0,0,0,0,92,36
3715962.0,0,0,0,96,32
3716404.0,0,0,0,128,0
3717221.0,0,0,0,128,0
3717234.0,0,0,0,128,0
3717234.0,0,0,1,127,0
3717239.0,0,0,1,127,0
3717239.0,0,0,2,126,0
3717242.0,0,0,2,126,0
3717242.0,0,0,4,124,0
3717248.0,0,0,4,124,0
3717248.0,0,0,5,123,0
3717252.0,0,0,5,123,0
3717252.0,0,0,6,122,0
3717256.0,0,0,6,122,0
3717256.0,0,0,7,121,0
3717267.0,0,0,7,121,0
3717267.0,0,0,33,95,0
3717268.0,0,0,33,95,0
3717268.0,0,0,34,94,0
3717368.0,0,0,34,94,0
3717368.0,0,0,35,93,0
3717431.0,0,0,35,93,0
3717431.0,0,0,42,86,0
3717468.0,0,0,42,86,0
3717468.0,0,0,46,82,0
3717642.0,0,0,46,82,0
3717642.0,0,0,47,81,0
3717657.0,0,0,47,81,0
3717657.0,0,0,48,80,0
3717773.0,0,0,48,80,0
3717773.0,0,0,48,76,4
3717791.0,0,0,48,76,4
3717791.0,0,0,48,44,36
3717796.0,0,0,48,44,36
3717796.0,0,0,48,42,38
3717828.0,0,0,48,42,38
3717850.0,0,0,48,42,38
3717919.0,0,0,48,42,38
3717920.0,0,0,48,42,38
3717940.0,0,0,48,42,38
3717967.0,0,0,48,42,38
3718120.0,0,0,48,42,38
3718190.0,0,0,48,42,38
3718238.0,0,0,48,42,38
3718300.0,0,0,48,42,38
3718521.0,0,0,48,42,38
3718782.0,0,0,48,46,34
3718783.0,0,0,48,48,32
3719546.0,0,0,48,48,32
3719546.0,0,0,50,46,32
3719562.0,0,0,50,46,32
3719562.0,0,0,54,42,32
3719934.0,1,0,53,42,32
3719934.0,0,1,53,42,32
3719939.0,1,1,52,42,32
3719942.0,3,1,50,42,32
3719948.0,4,1,49,42,32
3719952.0,5,1,48,42,32
3719952.0,4,2,48,42,32
3719956.0,5,2,47,42,32
3719956.0,4,3,47,42,32
3719967.0,30,3,21,42,32
3719967.0,4,29,21,42,32
3719968.0,5,29,20,42,32
3719968.0,4,30,20,42,32
3720068.0,5,30,19,42,32
3720075.0,5,30,19,42,32
3720131.0,12,30,12,42,32
3720131.0,5,37,12,42,32
3720168.0,9,37,8,42,32
3720170.0,9,37,8,74,0
3720170.0,6,40,8,38,36
3720249.0,6,40,8,38,36
3720290.0,6,40,8,38,36
3720301.0,6,40,8,38,36
3720326.0,6,40,8,38,36
3720342.0,7,40,7,38,36
3720342.0,6,41,7,38,36
3720349.0,6,41,7,38,36
3720357.0,7,41,6,38,36
3720357.0,6,42,6,38,36
3720935.0,6,42,6,38,36
3721166.0,6,42,6,38,36
3721222.0,6,42,6,38,36
3721245.0,6,42,6,38,36
3721267.0,6,42,6,38,36
3721550.0,6,42,6,38,36
3721643.0,6,42,6,38,36
3721734.0,6,41,6,39,36
3721752.0,6,40,6,40,36
3721756.0,6,39,6,41,36
3721767.0,6,13,6,67,36
3721767.0,6,13,6,32,71
3721768.0,6,12,6,33,71
3721777.0,6,12,6,34,70
3721798.0,6,12,6,66,38
3721798.0,5,13,6,33,71
3721810.0,5,13,6,34,70
3721816.0,5,13,6,35,69
3721826.0,5,13,6,36,68
3721847.0,5,13,6,68,36
3721847.0,0,18,6,35,69
3721868.0,0,18,6,36,68
3721868.0,0,18,6,35,69
3721911.0,0,18,6,36,68
3721911.0,0,18,6,35,69
3721931.0,0,11,6,43,68
3721970.0,0,8,6,46,68
3722055.0,0,8,6,46,68
3722084.0,0,8,6,46,68
3722142.0,0,7,6,47,68
3722142.0,0,7,6,39,76
3722157.0,0,6,6,40,76
3722157.0,0,6,6,8,108
3722246.0,2,6,4,8,108
3722246.0,0,8,4,8,108
3722262.0,4,8,0,8,108
3722262.0,0,12,0,8,108
3722382.0,0,12,0,8,108
3722770.0,0,12,0,8,108
3722783.0,0,12,0,8,108
3722797.0,0,12,0,8,108
3722805.0,0,12,0,8,108
3723146.0,0,12,0,40,76
3723146.0,0,12,0,33,83
3723164.0,0,12,0,34,82
3723288.0,0,12,0,34,82
3723474.0,0,12,0,34,82
3723498.0,0,12,0,34,82
3723558.0,0,12,0,34,82
3723598.0,0,11,0,35,82
3723598.0,0,11,0,34,83
3723603.0,0,11,0,34,83
3723635.0,0,11,0,35,82
3723647.0,0,6,0,40,82
3723647.0,0,6,0,34,88
3723769.0,0,6,0,42,80
3723769.0,0,6,0,10,112
3723818.0,0,6,0,10,112
3723834.0,0,6,0,10,112
3723852.0,0,6,0,42,80
3723852.0,0,6,0,10,112
3723873.0,0,6,0,10,112
3723919.0,0,6,0,10,112
3724046.0,0,4,0,12,112
3724062.0,0,0,0,16,112
3724062.0,0,0,0,4,124
3724098.0,0,0,0,12,116
3724098.0,0,0,0,3,125
3724101.0,0,0,0,3,125
3724104.0,0,0,0,7,121
3724104.0,0,0,0,3,125
3724119.0,0,0,0,6,122
3724127.0,0,0,0,6,122
3724138.0,0,0,0,10,118
3724142.0,0,0,0,14,114
3724221.0,0,0,0,14,114
3724311.0,0,0,0,46,82
3724311.0,0,0,0,12,116
3724315.0,0,0,0,14,114
3724357.0,0,0,0,14,114
3724377.0,0,0,0,14,114
3724480.0,0,0,0,14,114
3724528.0,0,0,0,22,106
3724542.0,0,0,0,24,104
3724564.0,0,0,0,28,100
3724604.0,0,0,0,28,100
3724625.0,0,0,0,28,100
3724755.0,0,0,0,60,68
3724755.0,0,0,0,22,106
3724826.0,0,0,0,22,106
3724893.0,0,0,0,54,74
3724893.0,0,0,0,14,114
3724914.0,0,0,0,14,114
3725033.0,0,0,0,14,114
3725087.0,0,0,0,22,106
3725098.0,0,0,0,22,106
3725131.0,0,0,0,54,74
3725131.0,0,0,0,2,126
3725169.0,0,0,0,2,126
3725240.0,0,0,0,2,126
3725248.0,0,0,0,10,118
3725248.0,0,0,0,2,126
3725267.0,0,0,0,6,122
3725267.0,0,0,0,1,127
3725285.0,0,0,0,2,126
3725329.0,0,0,0,6,122
3725329.0,0,0,0,2,126
3725358.0,0,0,0,2,126
3725377.0,0,0,0,2,126
3725410.0,0,0,0,2,126
3725412.0,0,0,0,6,122
3725417.0,0,0,0,10,118
3725417.0,0,0,0,2,126
3725463.0,0,0,0,2,126
3725486.0,0,0,0,10,118
3725486.0,0,0,0,4,124
3725489.0,0,0,0,8,120
3725489.0,0,0,0,0,128
3725526.0,0,0,0,0,128
3725531.0,0,0,0,0,128
3725565.0,0,0,0,8,120
3725565.0,0,0,0,0,128
3725592.0,0,0,0,0,128
3725633.0,0,0,0,8,120
3725633.0,0,0,0,0,128
3725669.0,0,0,0,0,128
3725691.0,0,0,0,8,120
3725691.0,0,0,0,0,128
3725693.0,0,0,0,0,128
3725734.0,0,0,0,2,126
3725753.0,0,0,0,10,118
3725753.0,0,0,0,2,126
3725756.0,0,0,0,6,122
3725815.0,0,0,0,14,114
3725815.0,0,0,0,6,122
3725834.0,0,0,0,14,114
3725834.0,0,0,0,5,123
3725847.0,0,0,0,5,123
3725849.0,0,0,0,6,122
3725867.0,0,0,0,6,122
3725887.0,0,0,0,38,90
3725887.0,0,0,0,22,106
3725888.0,0,0,0,30,98
3725896.0,0,0,0,38,90
3725896.0,0,0,0,6,122
3725947.0,0,0,0,14,114
3725947.0,0,0,0,6,122
3725956.0,0,0,0,14,114
3725956.0,0,0,0,6,122
3725962.0,0,0,0,6,122
3726013.0,0,0,0,14,114
3726013.0,0,0,0,6,122
3726101.0,0,0,0,14,114
3726101.0,0,0,0,6,122
3726209.0,0,0,0,6,122
3726233.0,0,0,0,6,122
3726267.0,0,0,0,6,122
3726406.0,0,0,0,6,122
3726412.0,0,0,0,8,120
3726412.0,0,0,0,0,128
3726431.0,0,0,0,4,124
3726462.0,0,0,0,4,124
3726482.0,0,0,0,12,116
3726482.0,0,0,0,3,125
3726500.0,0,0,0,4,124
3726508.0,0,0,0,12,116
3726540.0,0,0,0,44,84
3726540.0,0,0,0,10,118
3726554.0,0,0,0,18,110
3726566.0,0,0,0,18,110
3726579.0,0,0,0,19,109
3726583.0,0,0,0,20,108
3726597.0,0,0,0,20,108
3726610.0,0,0,0,28,100
3726781.0,0,0,0,28,100
3726816.0,0,0,0,28,100
3726838.0,0,0,0,28,100
3727235.0,0,0,0,28,100
3727538.0,0,0,0,28,100
3727607.0,0,0,0,28,100
3727697.0,0,0,0,60,68
3727697.0,0,0,0,12,116
3727704.0,0,0,0,12,116
3727717.0,0,0,0,13,115
3727725.0,0,0,0,14,114
3727788.0,0,0,0,14,114
3727792.0,0,0,0,46,82
3727792.0,0,0,0,6,122
3727867.0,0,0,0,14,114
3728107.0,0,0,0,14,114
3728107.0,0,0,0,6,122
3728119.0,0,0,0,6,122
3728173.0,0,0,0,14,114
3728173.0,0,0,0,6,122
3728208.0,0,0,0,6,122
3728228.0,0,0,0,14,114
3728228.0,0,0,0,6,122
3728279.0,0,0,0,6,122
3728283.0,0,0,0,6,122
3728290.0,0,0,0,14,114
3728314.0,0,0,0,14,114
3728332.0,0,0,0,14,114
3728364.0,0,0,0,22,106
3728393.0,0,0,0,54,74
3728393.0,0,0,0,6,122
3728396.0,0,0,0,6,122
3728403.0,0,0,0,6,122
3728450.0,0,0,0,14,114
3728450.0,0,0,0,6,122
3728452.0,0,0,0,6,122
3728479.0,0,0,0,6,122
3728510.0,0,0,0,14,114
3728510.0,0,0,0,6,122
3728530.0,0,0,0,14,114
3728530.0,0,0,0,6,122
3728561.0,0,0,0,6,122
3728564.0,0,0,0,14,114
3728564.0,0,0,0,6,122
3728566.0,0,0,0,38,90
3728566.0,0,0,0,2,126
3728571.0,0,0,0,2,126
3728582.0,0,0,0,10,118
3728582.0,0,0,0,2,126
3728658.0,0,0,0,10,118
3728664.0,0,0,0,10,118
3728664.0,0,0,0,2,126
3728676.0,0,0,0,2,126
3728684.0,0,0,0,10,118
3728684.0,0,0,0,2,126
3728735.0,0,0,0,10,118
3728746.0,0,0,0,10,118
3728746.0,0,0,0,2,126
3728774.0,0,0,0,10,118
3728775.0,0,0,0,12,116
3728781.0,0,0,0,12,116
3728781.0,0,0,0,4,124
3728795.0,0,0,0,8,120
3728812.0,0,0,0,16,112
3728838.0,0,0,0,16,112
3728838.0,0,0,0,8,120
3728861.0,0,0,0,16,112
3728877.0,0,0,0,16,112
3728877.0,0,0,0,8,120
3728885.0,0,0,0,16,112
3728896.0,0,0,0,24,104
3728905.0,0,0,0,24,104
3728905.0,0,0,0,16,112
3728911.0,0,0,0,24,104
3728925.0,0,0,0,24,104
3728925.0,0,0,0,16,112
3728979.0,0,0,0,24,104
3729182.0,0,0,0,24,104
3729222.0,0,0,0,24,104
3729334.0,0,0,0,24,104
3729353.0,0,0,0,24,104
3729430.0,0,0,0,24,104
3729455.0,0,0,0,24,104
3729663.0,0,0,0,24,104
3729744.0,0,0,0,24,104
3729959.0,0,0,0,24,104
3730031.0,0,0,0,24,104
3730082.0,0,0,0,24,104
3730082.0,0,0,2,22,104
3730281.0,0,0,2,26,100
3730345.0,0,0,2,58,68
3730345.0,0,0,2,4,122
3730408.0,0,0,2,12,114
3730408.0,0,0,2,4,122
3730444.0,0,0,2,4,122
3730474.0,0,0,2,4,122
3730514.0,0,0,2,12,114
3730514.0,0,0,2,0,126
3730568.0,0,0,2,4,122
3730605.0,0,0,2,4,122
3730654.0,0,0,2,36,90
3730654.0,0,0,2,28,98
3730716.0,0,0,2,36,90
3730757.0,0,0,2,40,86
3730781.0,0,0,2,40,86
3730781.0,0,0,2,32,94
3730782.0,0,0,2,32,94
3730782.0,0,0,2,0,126
3730820.0,0,0,2,8,118
3730839.0,0,0,2,40,86
3730859.0,0,0,2,40,86
3730859.0,0,0,2,36,90
3730897.0,0,0,2,44,82
3730967.0,0,0,2,44,82
3730967.0,0,0,2,12,114
3730998.0,0,0,2,20,106
3731035.0,0,0,2,52,74
3731109.0,0,0,2,52,74
3731109.0,0,0,2,48,78
3731429.0,0,0,2,50,76
3731452.0,0,0,2,54,72
3731464.0,0,0,2,58,68
3731708.0,0,0,2,58,68
3731708.0,0,0,2,54,72
3731898.0,0,0,2,58,68
3732061.0,0,0,2,58,68
3732061.0,0,0,2,57,69
3732082.0,0,0,2,58,68
3732374.0,0,0,2,58,68
3732782.0,2,0,0,58,68
3732782.0,1,1,0,58,68
3733328.0,1,1,0,58,68
3733328.0,1,1,0,26,100
3733359.0,1,1,0,26,100
3733359.0,1,1,0,18,108
3733463.0,1,1,0,18,108
3733463.0,1,1,0,17,109
3733483.0,1,1,0,18,108
3733778.0,1,1,0,50,76
3733780.0,1,1,0,50,76
3733780.0,1,1,0,49,77
3733797.0,1,1,0,50,76
3733817.0,1,1,0,50,76
3733817.0,1,1,0,46,80
3733857.0,1,1,0,50,76
3733875.0,1,1,0,90,36
3733971.0,1,1,0,90,36
3733971.0,1,1,0,89,37
3733978.0,1,1,0,90,36
3734045.0,1,1,0,90,36
3734045.0,1,1,0,58,68
3734168.0,1,1,0,58,68
3734240.0,1,1,0,58,68
3734240.0,1,1,0,54,72
3734262.0,1,1,0,54,72
3734262.0,1,1,0,52,74
3734420.0,1,1,0,52,74
3734420.0,1,1,8,44,74
3734497.0,1,1,8,44,74
3734497.0,1,1,12,40,74
3734582.0,1,0,12,41,74
3734582.0,1,0,12,40,75
3734602.0,1,0,12,41,74
3734661.0,1,0,12,41,74
3734661.0,1,0,12,9,106
3734693.0,1,0,12,9,106
3735029.0,1,0,12,9,106
3735029.0,1,0,14,7,106
3735179.0,1,0,14,39,74
3735190.0,1,0,14,39,74
3735190.0,1,0,14,7,106
3735196.0,1,0,14,39,74
3735202.0,1,0,14,39,74
3735202.0,1,0,14,7,106
3735237.0,1,0,14,7,106
3735300.0,1,0,14,11,102
3735303.0,1,0,14,13,100
3735482.0,1,0,14,45,68
3735888.0,1,0,14,45,68
3735888.0,1,0,14,13,100
3736114.0,1,0,14,45,68
3736157.0,1,0,14,45,68
3736157.0,1,0,14,29,84
3736200.0,1,0,14,29,84
3736200.0,1,0,14,28,85
3736217.0,1,0,14,29,84
3736336.0,1,0,14,45,68
3736593.0,1,0,14,45,68
3736593.0,1,0,14,13,100
3736617.0,1,0,14,13,100
3736890.0,1,0,14,45,68
3736926.0,1,0,14,77,36
3736929.0,1,0,14,77,36
3736929.0,1,0,14,76,37
3736952.0,1,0,14,77,36
3737006.0,1,0,14,77,36
3737006.0,1,0,14,45,68
3737048.0,1,0,14,45,68
3737048.0,1,0,14,37,76
3737083.0,1,0,14,37,76
3737093.0,1,0,14,37,76
3737120.0,9,0,6,37,76
3737120.0,3,6,6,37,76
3737173.0,3,6,6,45,68
3737173.0,2,7,6,13,100
3737175.0,2,7,6,45,68
3737197.0,6,7,2,45,68
3737197.0,2,11,2,45,68
3737729.0,4,11,0,45,68
3737729.0,2,13,0,45,68
3737862.0,2,13,0,45,68
3737862.0,2,13,0,13,100
3737909.0,2,13,0,13,100
3737954.0,2,13,0,13,100
3737957.0,2,13,0,13,100
3738183.0,2,13,0,13,100
3738202.0,2,13,0,13,100
3738202.0,2,13,1,12,100
3738365.0,2,13,1,12,100
3738386.0,2,13,1,12,100
3738504.0,2,13,1,44,68
3738504.0,2,13,1,27,85
3738523.0,2,13,1,28,84
3738527.0,2,13,1,29,83
3738534.0,2,13,1,30,82
3738872.0,2,13,1,30,82
3738872.0,2,13,1,29,83
3738892.0,2,13,1,30,82
3738920.0,2,7,1,36,82
3738920.0,2,7,1,28,90
3738973.0,2,6,1,29,90
3738973.0,2,6,1,28,91
3738994.0,2,6,1,29,90
3738997.0,2,2,1,33,90
3738997.0,2,2,1,25,98
3739101.0,2,2,1,33,90
3739171.0,2,2,1,33,90
3739194.0,2,2,1,41,82
3739194.0,2,2,1,9,114
3739197.0,2,2,1,9,114
3739339.0,2,2,1,9,114
3739484.0,2,2,1,17,106
3739484.0,2,2,1,8,115
3739502.0,2,2,1,9,114
3739529.0,2,0,1,11,114
3739529.0,2,0,1,3,122
3739544.0,2,0,1,5,120
3739563.0,2,0,1,9,116
3739775.0,2,0,1,17,108
3739982.0,2,0,1,17,108
3739982.0,2,0,1,16,109
3739999.0,2,0,1,17,108
3740069.0,2,0,1,49,76
3740902.0,3,0,0,49,76
3742104.0,3,0,0,49,76
3742231.0,3,0,0,49,76
3742231.0,3,0,0,48,77
3742245.0,3,0,0,49,76
3742358.0,3,0,0,85,40
3742452.0,3,0,0,85,40
3742452.0,3,0,0,53,72
3742516.0,3,0,0,53,72
3742516.0,3,0,0,49,76
3742533.0,3,0,0,49,76
3742533.0,3,0,0,48,77
3742576.0,3,0,0,49,76
3742588.0,3,0,0,49,76
3742588.0,3,0,0,48,77
3742594.0,3,0,0,48,77
3742594.0,3,0,1,47,77
3742607.0,3,0,1,48,76
3742612.0,3,0,1,48,76
3742612.0,3,0,1,44,80
3742634.0,3,0,1,44,80
3742634.0,3,0,1,42,82
3742690.0,3,0,1,74,50
3742692.0,3,0,1,78,46
3742719.0,3,0,1,78,46
3742719.0,3,0,1,46,78
3742794.0,3,0,1,46,78
3742794.0,3,0,2,45,78
3742795.0,3,0,2,45,78
3742795.0,3,0,2,41,82
3743102.0,3,0,2,41,82
3743102.0,3,0,3,40,82
3743314.0,3,0,3,72,50
3743315.0,3,0,3,76,46
3743342.0,3,0,3,76,46
3743342.0,3,0,3,44,78
3743375.0,3,0,3,44,78
3743375.0,3,0,11,36,78
3743407.0,3,0,11,36,78
3743407.0,3,0,11,32,82
3744709.0,3,0,11,36,78
3744711.0,3,0,11,38,76
3744801.0,3,0,11,38,76
3744801.0,3,0,11,34,80
3744823.0,3,0,11,34,80
3744823.0,3,0,11,32,82
3744875.0,3,0,11,34,80
3744879.0,3,0,11,34,80
3744881.0,3,0,11,38,76
3744892.0,3,0,11,42,72
3744893.0,3,0,11,74,40
3744903.0,3,0,11,106,8
3744926.0,3,0,11,106,8
3745157.0,3,0,11,114,0
3745157.0,0,3,11,114,0
3745294.0,1,3,10,114,0
3745294.0,0,4,10,114,0
3745494.0,1,4,9,114,0
3745494.0,0,5,9,114,0
3745802.0,1,5,8,114,0
3745802.0,0,6,8,114,0
3745958.0,0,6,8,114,0
3746075.0,8,6,0,114,0
3746075.0,0,14,0,114,0
3746957.0,0,11,0,117,0
3747094.0,0,10,0,118,0
3747294.0,0,9,0,119,0
3747602.0,0,8,0,120,0
3747875.0,0,0,0,128,0
3747875.0,0,0,0,0,128
3750672.0,0,0,0,0,128
3750696.0,0,0,0,0,128
3750934.0,0,0,0,0,128
3750988.0,0,0,0,0,128
3753397.0,0,0,0,0,128
3753608.0,0,0,0,64,64
3753608.0,0,0,0,21,107
3753617.0,0,0,0,22,106
3754790.0,0,0,0,22,106
3754902.0,0,0,0,22,106
3755085.0,0,0,0,22,106
3755148.0,0,0,0,22,106
3755586.0,0,0,0,24,104
3755607.0,0,0,0,28,100
3757208.0,0,0,0,28,100
3757208.0,0,0,21,7,100
3757217.0,0,0,21,7,100
3757217.0,0,0,22,6,100
3757406.0,0,0,22,10,96
3757457.0,0,0,22,42,64
3757774.0,0,0,22,106,0
3759186.0,0,0,22,106,0
3759908.0,21,0,1,106,0
3759908.0,0,21,1,106,0
3759917.0,1,21,0,106,0
3759917.0,0,22,0,106,0
3761708.0,0,1,0,127,0
3761717.0,0,0,0,128,0
3761717.0,0,0,0,0,128
3761823.0,0,0,0,128,0
3761823.0,0,0,0,28,100
3764754.0,0,0,0,28,100
3765040.0,0,0,0,28,100
3765105.0,0,0,0,28,100
3765423.0,0,0,0,28,100
3765423.0,0,0,28,0,100
3768123.0,28,0,0,0,100
3771418.0,28,0,0,4,96
3771476.0,28,0,0,36,64
3771476.0,0,28,0,36,64
3771658.0,0,28,0,100,0
3771658.0,0,28,0,64,36
3773276.0,0,0,0,92,36
3773276.0,0,0,0,28,100
3775018.0,0,0,0,28,100
3775258.0,0,0,0,28,100
3775258.0,0,0,28,0,100
3777215.0,0,0,28,0,100
3777958.0,28,0,0,0,100
3778801.0,28,0,0,0,100
3779697.0,28,0,0,0,100
3782192.0,28,0,0,0,100
3782216.0,28,0,0,0,100
3783103.0,28,0,0,64,36
3783103.0,0,28,0,22,78
3783133.0,0,28,0,23,77
3783973.0,0,28,0,24,76
3784903.0,0,0,0,52,76
3784903.0,0,0,0,20,108
3784933.0,0,0,0,52,76
3785693.0,0,0,0,52,76
3785693.0,0,0,0,36,92
3785750.0,0,0,0,52,76
3785959.0,0,0,0,52,76
3785959.0,0,0,0,36,92
3786033.0,0,0,0,52,76
3786051.0,0,0,0,52,76
3786051.0,0,0,0,20,108
3786134.0,0,0,0,52,76
3786703.0,0,0,0,52,76
3786703.0,0,0,18,34,76
3786733.0,0,0,18,34,76
3786733.0,0,0,19,33,76
3787573.0,0,0,19,33,76
3787573.0,0,0,20,32,76
3787589.0,0,0,20,32,76
3787589.0,0,0,20,16,92
3787607.0,0,0,20,16,92
3787607.0,0,0,20,15,93
3787623.0,0,0,20,16,92
3787773.0,0,0,20,16,92
3787773.0,0,0,20,12,96
3787780.0,0,0,20,28,80
3787835.0,0,0,20,32,76
3787873.0,0,0,20,32,76
3787873.0,0,0,20,0,108
3787945.0,0,0,20,32,76
3788070.0,0,0,20,32,76
3788070.0,0,0,20,0,108
3788099.0,0,0,20,32,76
3788531.0,0,0,20,32,76
3788531.0,0,0,20,31,77
3788550.0,0,0,20,32,76
3788757.0,0,0,20,32,76
3788757.0,0,0,20,0,108
3789403.0,18,0,2,0,108
3789433.0,19,0,1,0,108
3789734.0,19,0,1,0,108
3790273.0,20,0,0,0,108
3790281.0,20,0,0,0,108
3790281.0,12,8,0,0,108
3790400.0,12,8,0,0,108
3790400.0,8,12,0,0,108
3791098.0,8,12,0,0,108
3791098.0,4,16,0,0,108
3791545.0,4,16,0,0,108
3791699.0,4,16,0,0,108
3791719.0,4,16,0,0,108
3791719.0,3,17,0,0,108
3791868.0,3,17,0,0,108
3791868.0,2,18,0,0,108
3791933.0,2,18,0,0,108
3791933.0,1,19,0,0,108
3791953.0,1,19,0,0,108
3791953.0,0,20,0,0,108
3792081.0,0,12,0,8,108
3792081.0,0,12,0,0,116
3792133.0,0,12,0,8,108
3792200.0,0,8,0,12,108
3792200.0,0,8,0,8,112
3792242.0,0,8,0,12,108
3792399.0,0,8,0,12,108
3792399.0,0,8,0,11,109
3792420.0,0,8,0,12,108
3792466.0,0,8,0,12,108
3792466.0,0,8,0,11,109
3792470.0,0,8,0,12,108
3792698.0,0,8,0,12,108
3792698.0,0,8,0,11,109
3792703.0,0,8,0,12,108
3792739.0,0,8,0,12,108
3792739.0,0,8,0,11,109
3792742.0,0,8,0,11,109
3792742.0,0,8,0,10,110
3792755.0,0,8,0,11,109
3792763.0,0,8,0,12,108
3792772.0,0,8,0,12,108
3792772.0,0,8,0,11,109
3792794.0,0,8,0,12,108
3792898.0,0,4,0,16,108
3792898.0,0,4,0,12,112
3792936.0,0,4,0,12,112
3792936.0,0,4,0,4,120
3792952.0,0,4,0,8,116
3793171.0,0,4,0,8,116
3793171.0,0,4,0,7,117
3793180.0,0,4,0,8,116
3793376.0,0,4,0,8,116
3793376.0,0,4,0,4,120
3793420.0,0,4,0,8,116
3793519.0,0,3,0,9,116
3793519.0,0,3,0,8,117
3793527.0,0,3,0,8,117
3793527.0,0,3,0,4,121
3793543.0,0,3,0,5,120
3793553.0,0,3,0,9,116
3793611.0,0,3,0,17,108
3793650.0,0,3,0,17,108
3793650.0,0,3,0,13,112
3793661.0,0,3,0,13,112
3793661.0,0,3,0,5,120
3793668.0,0,2,0,6,120
3793668.0,0,2,0,5,121
3793689.0,0,2,0,6,120
3793697.0,0,2,0,10,116
3793733.0,0,1,0,11,116
3793733.0,0,1,0,10,117
3793753.0,0,0,0,11,117
3793753.0,0,0,0,10,118
3793759.0,0,0,0,11,117
3793774.0,0,0,0,12,116
3793826.0,0,0,0,12,116
3793826.0,0,0,0,8,120
3793855.0,0,0,0,12,116
3794257.0,0,0,0,12,116
3794257.0,0,0,0,11,117
3794273.0,0,0,0,12,116
3794294.0,0,0,0,12,116
3794294.0,0,0,0,11,117
3794297.0,0,0,0,19,109
3794313.0,0,0,0,20,108
3794355.0,0,0,0,20,108
3794355.0,0,0,0,12,116
3794486.0,0,0,0,12,116
3794486.0,0,0,0,8,120
3794522.0,0,0,0,12,116
3794598.0,0,0,0,12,116
3794598.0,0,0,0,8,120
3794624.0,0,0,0,12,116
3794632.0,0,0,0,12,116
3794632.0,0,0,0,8,120
3794658.0,0,0,0,12,116
3794703.0,0,0,0,12,116
3794703.0,0,0,0,8,120
3794741.0,0,0,0,12,116
3794757.0,0,0,0,12,116
3794757.0,0,0,0,8,120
3794795.0,0,0,0,12,116
3795008.0,0,0,0,20,108
3795230.0,0,0,0,20,108
3795230.0,0,0,0,12,116
3795392.0,0,0,0,12,116
3795392.0,0,0,0,4,124
3795427.0,0,0,0,4,124
3795427.0,0,0,0,3,125
3795444.0,0,0,0,4,124
3795477.0,0,0,0,4,124
3795477.0,0,0,0,0,128
3795480.0,0,0,0,8,120
3795518.0,0,0,0,12,116
3795733.0,0,0,0,12,116
3795822.0,0,0,0,12,116
3795822.0,0,0,0,11,117
3795828.0,0,0,0,12,116
3795842.0,0,0,0,12,116
3795867.0,0,0,0,20,108
3796306.0,0,0,0,20,108
3796306.0,0,0,0,16,112
3796311.0,0,0,0,16,112
3796311.0,0,0,0,12,116
3796325.0,0,0,0,16,112
3796455.0,0,0,0,16,112
3796455.0,0,0,0,12,116
3796498.0,0,0,0,16,112
3796552.0,0,0,0,16,112
3796558.0,0,0,0,16,112
3796558.0,0,0,0,12,116
3796609.0,0,0,0,16,112
3796657.0,0,0,0,20,108
3796708.0,0,0,0,20,108
3796708.0,0,0,0,16,112
3796882.0,0,0,0,16,112
3796882.0,0,0,0,12,116
3796935.0,0,0,0,16,112
3796944.0,0,0,0,16,112
3796944.0,0,0,0,12,116
3796948.0,0,0,0,12,116
3796948.0,0,0,0,11,117
3796975.0,0,0,0,12,116
3796996.0,0,0,0,16,112
3797070.0,0,0,0,20,108
3797124.0,0,0,0,20,108
3797143.0,0,0,0,20,108
3797210.0,0,0,0,20,108
3797216.0,0,0,0,20,108
3797289.0,0,0,0,20,108
3797307.0,0,0,0,20,108
3797317.0,0,0,0,20,108
3797349.0,0,0,0,20,108
3797539.0,0,0,0,20,108
3797697.0,0,0,0,20,108
3797875.0,0,0,0,20,108
3797995.0,0,0,0,52,76
3797995.0,0,0,0,2,126
3797998.0,0,0,0,2,126
3797999.0,0,0,0,6,122
3797999.0,0,0,0,2,126
3798002.0,0,0,0,7,121
3798002.0,0,0,0,2,126
3798007.0,0,0,0,2,126
3798007.0,0,0,0,1,127
3798015.0,0,0,0,5,123
3798016.0,0,0,0,6,122
3798025.0,0,0,0,7,121
3798027.0,0,0,0,8,120
3798239.0,0,0,0,8,120
3798307.0,0,0,0,12,116
3798345.0,0,0,0,16,112
3798593.0,0,0,0,16,112
3798849.0,0,0,0,16,112
3798909.0,0,0,0,16,112
3799003.0,0,0,0,16,112
3799042.0,0,0,0,16,112
3799080.0,0,0,0,16,112
3799118.0,0,0,0,16,112
3799118.0,0,0,1,15,112
3799121.0,0,0,1,15,112
3799239.0,0,0,1,15,112
3799250.0,0,0,1,15,112
3799465.0,0,0,1,15,112
3799585.0,0,0,1,15,112
3799659.0,0,0,1,15,112
3799668.0,0,0,1,19,108
3799737.0,0,0,1,19,108
3799759.0,0,0,1,51,76
3799759.0,0,0,1,14,113
3799768.0,0,0,1,15,112
3799810.0,0,0,1,15,112
3799832.0,0,0,1,15,112
3799893.0,0,0,1,15,112
3799907.0,0,0,1,19,108
3799973.0,0,0,1,19,108
3800012.0,0,0,1,19,108
3800122.0,0,0,1,19,108
3800143.0,0,0,1,19,108
3800241.0,0,0,1,19,108
3800383.0,0,0,1,19,108
3800446.0,0,0,1,19,108
3800449.0,0,0,1,19,108
3800697.0,0,0,1,19,108
3800698.0,0,0,1,23,104
3800738.0,0,0,1,23,104
3800762.0,0,0,1,55,72
3800762.0,0,0,1,3,124
3800803.0,0,0,1,7,120
3800807.0,0,0,1,11,116
3800824.0,0,0,1,15,112
3800849.0,0,0,1,19,108
3800929.0,0,0,1,19,108
3801055.0,0,0,1,27,100
3801055.0,0,0,1,10,117
3801071.0,0,0,1,11,116
3801074.0,0,0,1,11,116
3801075.0,0,0,1,43,84
3801075.0,0,0,1,25,102
3801081.0,0,0,1,26,101
3801082.0,0,0,1,26,101
3801116.0,0,0,1,27,100
3801122.0,0,0,1,27,100
3801127.0,0,0,1,43,84
3801127.0,0,0,1,7,120
3801172.0,0,0,1,11,116
3801227.0,0,0,1,27,100
3801227.0,0,0,1,7,120
3801266.0,0,0,1,7,120
3801286.0,0,0,1,19,108
3801286.0,0,0,1,11,116
3801293.0,0,0,1,19,108
3801293.0,0,0,1,11,116
3801314.0,0,0,1,11,116
3801326.0,0,0,1,43,84
3801326.0,0,0,1,28,99
3801332.0,0,0,1,29,98
3801341.0,0,0,1,37,90
3801365.0,0,0,1,45,82
3801365.0,0,0,1,13,114
3801388.0,0,0,1,17,110
3801398.0,0,0,1,25,102
3801429.0,0,0,1,25,102
3801468.0,0,0,1,27,100
3801484.0,0,0,1,59,68
3801484.0,0,0,1,7,120
3801501.0,0,0,1,8,119
3801506.0,0,0,1,9,118
3801556.0,0,0,1,17,110
3801615.0,0,0,1,17,110
3801625.0,0,0,1,17,110
3801640.0,0,0,1,17,110
3801677.0,0,0,1,19,108
3801758.0,0,0,1,19,108
3801769.0,0,0,1,19,108
3801777.0,0,0,1,19,108
3801818.0,1,0,0,19,108
3801818.0,0,1,0,19,108
3801957.0,0,1,0,19,108
3802015.0,0,1,0,19,108
3802060.0,0,1,0,19,108
3802101.0,0,1,0,19,108
3802156.0,0,1,0,19,108
3802302.0,0,1,0,19,108
3802482.0,0,1,0,19,108
3802582.0,0,1,0,19,108
3802734.0,0,1,0,19,108
3803126.0,0,1,0,19,108
3803129.0,0,1,0,19,108
3803158.0,0,1,0,19,108
3803187.0,0,1,0,51,76
3803187.0,0,1,0,7,120
3803210.0,0,1,0,11,116
3803217.0,0,1,0,15,112
3803217.0,0,1,0,7,120
3803307.0,0,1,0,39,88
3803307.0,0,1,0,31,96
3803319.0,0,1,0,63,64
3803319.0,0,1,0,31,96
3803347.0,0,1,0,31,96
3803366.0,0,1,0,31,96
3803394.0,0,1,0,35,92
3803405.0,0,1,0,39,88
3803405.0,0,1,0,7,120
3803444.0,0,1,0,39,88
3803444.0,0,1,0,31,96
3803483.0,0,1,0,35,92
3803487.0,0,1,0,39,88
3803487.0,0,1,0,7,120
3803521.0,0,1,0,15,112
3803521.0,0,1,0,7,120
3803548.0,0,1,0,11,116
3803569.0,0,1,0,15,112
3803569.0,0,1,0,7,120
3803618.0,0,0,0,8,120
3803618.0,0,0,0,0,128
3803686.0,0,0,0,8,120
3803686.0,0,0,0,1,127
3803731.0,0,0,0,2,126
3803774.0,0,0,0,10,118
3803774.0,0,0,0,2,126
3803792.0,0,0,0,2,126
3803811.0,0,0,0,10,118
3803811.0,0,0,0,2,126
3803867.0,0,0,0,34,94
3803867.0,0,0,0,18,110
3803915.0,0,0,0,26,102
3803941.0,0,0,0,34,94
3803973.0,0,0,0,34,94
3803973.0,0,0,0,26,102
3803993.0,0,0,0,34,94
3804074.0,0,0,0,34,94
3804074.0,0,0,0,33,95
3804100.0,0,0,0,34,94
3804106.0,0,0,0,34,94
3804106.0,0,0,0,2,126
3804123.0,0,0,0,10,118
3804189.0,0,0,0,18,110
3804407.0,0,0,0,18,110
3804449.0,0,0,0,18,110
3804772.0,0,0,0,18,110
3804886.0,0,0,0,18,110
3805101.0,0,0,0,18,110
3805242.0,0,0,0,18,110
3805242.0,0,0,0,10,118
3805373.0,0,0,0,42,86
3805664.0,0,0,0,42,86
3805664.0,0,0,0,41,87
3805671.0,0,0,0,42,86
3805744.0,0,0,0,42,86
3805744.0,0,0,0,38,90
3805749.0,0,0,0,38,90
3805749.0,0,0,0,37,91
3805780.0,0,0,0,37,91
3805780.0,0,0,0,36,92
3805791.0,0,0,0,37,91
3805802.0,0,0,0,41,87
3805824.0,0,0,0,41,87
3805824.0,0,0,0,37,91
3805856.0,0,0,0,38,90
3805866.0,0,0,0,40,88
3805869.0,0,0,0,44,84
3805885.0,0,0,0,44,84
3805885.0,0,0,0,12,116
3805890.0,0,0,0,16,112
3805951.0,0,0,0,16,112
3805951.0,0,0,0,12,116
3805961.0,0,0,0,12,116
3805961.0,0,0,0,11,117
3806082.0,0,0,0,11,117
3806082.0,0,0,0,7,121
3806108.0,0,0,0,8,120
3806128.0,0,0,0,8,120
3806128.0,0,0,0,4,124
3806130.0,0,0,0,36,92
3806135.0,0,0,0,36,92
3806135.0,0,0,0,35,93
3806156.0,0,0,0,43,85
3806160.0,0,0,0,43,85
3806160.0,0,0,0,41,87
3806166.0,0,0,0,45,83
3806168.0,0,0,0,45,83
3806168.0,0,0,0,13,115
3806209.0,0,0,0,14,114
3806258.0,0,0,0,14,114
3806258.0,0,0,0,13,115
3806289.0,0,0,0,14,114
3806333.0,0,0,0,14,114
3806333.0,0,0,0,13,115
3806444.0,0,0,0,14,114
3806449.0,0,0,0,14,114
3806449.0,0,0,0,6,122
3806517.0,0,0,0,14,114
3806664.0,0,0,0,14,114
3806664.0,0,0,0,10,118
3806714.0,0,0,0,14,114
3806736.0,0,0,0,14,114
3806736.0,0,0,0,10,118
3806796.0,0,0,0,14,114
3806806.0,0,0,0,14,114
3806806.0,0,0,0,6,122
3806810.0,0,0,0,6,122
3806884.0,0,0,0,14,114
3806888.0,0,0,0,14,114
3806888.0,0,0,0,10,118
3806907.0,0,0,0,10,118
3806919.0,0,0,0,10,118
3807044.0,0,0,0,10,118
3807076.0,0,0,0,14,114
3807148.0,0,0,0,14,114
3807197.0,0,0,0,14,114
3807197.0,0,0,0,13,115
3807206.0,0,0,0,14,114
3807227.0,0,0,0,14,114
3807227.0,0,0,0,10,118
3807286.0,0,0,0,10,118
3807286.0,0,0,1,9,118
3807289.0,0,0,1,13,114
3807328.0,0,0,1,13,114
3807328.0,0,0,1,9,118
3807331.0,0,0,1,9,118
3807331.0,0,0,2,8,118
3807413.0,0,0,2,12,114
3807419.0,0,0,2,12,114
3807419.0,0,0,2,8,118
3807482.0,0,0,2,12,114
3807580.0,0,0,2,12,114
3807580.0,0,0,2,11,115
3807601.0,0,0,2,11,115
3807601.0,0,0,2,9,117
3807643.0,0,0,2,41,85
3807652.0,0,0,2,41,85
3807652.0,0,0,2,40,86
3807678.0,0,0,2,41,85
3807743.0,0,0,2,43,83
3807798.0,0,0,2,43,83
3807798.0,0,0,2,42,84
3807805.0,0,0,2,43,83
3807837.0,0,0,2,43,83
3807837.0,0,0,2,27,99
3807915.0,0,0,2,35,91
3807931.0,0,0,2,51,75
3807961.0,0,0,2,83,43
3807994.0,0,0,2,83,43
3807994.0,0,0,2,51,75
3808026.0,0,0,2,51,75
3808026.0,0,0,2,50,76
3808061.0,0,0,2,51,75
3808074.0,0,0,2,52,74
3808094.0,0,0,2,52,74
3808094.0,0,0,2,20,106
3808110.0,0,0,2,20,106
3808110.0,0,0,2,19,107
3808118.0,0,0,2,20,106
3808137.0,0,0,2,52,74
3808144.0,0,0,2,52,74
3808144.0,0,0,2,44,82
3808153.0,0,0,2,44,82
3808153.0,0,0,2,43,83
3808227.0,0,0,2,44,82
3808381.0,0,0,2,44,82
3808381.0,0,0,2,36,90
3808419.0,0,0,2,44,82
3808439.0,0,0,2,44,82
3808439.0,0,0,2,12,114
3808474.0,0,0,2,12,114
3808474.0,0,0,2,4,122
3808480.0,0,0,2,36,90
3808499.0,0,0,2,36,90
3808499.0,0,0,2,4,122
3808502.0,0,0,2,8,118
3808505.0,0,0,2,10,116
3808531.0,0,0,2,42,84
3808575.0,0,0,2,42,84
3808575.0,0,0,2,10,116
3808624.0,0,0,2,42,84
3808628.0,0,0,2,42,84
3808628.0,0,0,2,10,116
3808679.0,0,0,2,10,116
3808679.0,0,0,2,9,117
3808778.0,0,0,2,10,116
3808782.0,0,0,2,10,116
3808782.0,0,0,2,8,118
3808828.0,0,0,2,16,110
3808869.0,0,0,2,16,110
3808869.0,0,0,2,15,111
3808873.0,0,0,2,16,110
3808907.0,0,0,2,16,110
3808907.0,0,0,2,15,111
3808966.0,0,0,2,15,111
3808966.0,0,0,2,7,119
3809038.0,0,0,2,15,111
3809073.0,0,0,2,16,110
3809081.0,0,0,2,18,108
3809222.0,0,0,2,18,108
3809222.0,0,0,2,10,116
3809226.0,0,0,2,10,116
3809226.0,0,0,2,2,124
3809277.0,0,0,2,2,124
3809277.0,0,0,2,1,125
3809346.0,0,0,2,9,117
3809348.0,0,0,2,10,116
3809400.0,0,0,2,10,116
3809400.0,0,0,2,9,117
3809428.0,0,0,2,10,116
3809466.0,0,0,2,10,116
3809466.0,0,0,3,9,116
3809482.0,0,0,3,9,116
3809482.0,0,0,3,8,117
3809484.0,0,0,3,8,117
3809484.0,0,0,3,4,121
3809496.0,0,0,3,8,117
3809533.0,0,0,3,9,116
3809688.0,0,0,3,9,116
3809688.0,0,0,3,8,117
3809696.0,0,0,3,9,116
3809700.0,0,0,3,9,116
3809700.0,0,0,3,5,120
3809723.0,0,0,3,5,120
3809723.0,0,0,3,3,122
3809809.0,0,0,3,7,118
3809811.0,0,0,3,9,116
3809986.0,1,0,2,9,116
3810026.0,1,0,2,9,116
3810026.0,1,0,2,8,117
3810031.0,2,0,1,8,117
3810078.0,2,0,1,9,116
3810147.0,2,0,1,9,116
3810147.0,2,0,1,1,124
3810158.0,2,0,1,1,124
3810158.0,2,0,1,0,125
3810223.0,2,0,1,1,124
3810240.0,2,0,1,9,116
3810259.0,2,0,1,9,116
3810259.0,2,0,1,5,120
3810280.0,2,0,1,5,120
3810280.0,2,0,1,3,122
3810527.0,2,0,1,35,90
3810528.0,2,0,1,39,86
3810566.0,2,0,1,71,54
3810568.0,2,0,1,71,54
3810568.0,2,0,1,70,55
3810597.0,2,0,1,70,55
3810597.0,2,0,1,62,63
3810601.0,2,0,1,63,62
3810675.0,2,0,1,71,54
3810764.0,2,0,1,71,54
3810764.0,2,0,1,39,86
3810786.0,2,0,1,39,86
3810786.0,2,0,1,7,118
3810808.0,2,0,1,39,86
3810830.0,2,0,1,39,86
3810830.0,2,0,1,7,118
3810834.0,2,0,1,39,86
3810931.0,2,0,1,39,86
3810931.0,2,0,1,7,118
3811003.0,2,0,1,39,86
3811044.0,2,0,1,39,86
3811044.0,2,0,1,7,118
3811116.0,2,0,1,7,118
3811116.0,2,0,1,3,122
3811126.0,2,0,1,35,90
3811127.0,2,0,1,43,82
3811277.0,2,0,1,43,82
3811277.0,2,0,1,11,114
3811314.0,2,0,1,43,82
3811472.0,2,0,1,51,74
3811485.0,2,0,1,51,74
3811485.0,2,0,1,19,106
3811526.0,2,0,1,19,106
3811526.0,2,0,1,11,114
3811587.0,2,0,1,11,114
3811587.0,2,0,1,3,122
3812166.0,3,0,0,3,122
3812408.0,3,0,0,7,118
3812411.0,3,0,0,9,116
3812946.0,3,0,0,9,116
3812948.0,3,0,0,9,116
3812993.0,3,0,0,9,116
3812993.0,3,0,0,8,117
3813029.0,3,0,0,9,116
3813101.0,3,0,0,9,116
3813101.0,3,0,0,8,117
3813138.0,3,0,0,9,116
3813264.0,3,0,0,41,84
3813268.0,3,0,0,41,84
3813268.0,3,0,0,40,85
3813315.0,3,0,0,41,84
3813325.0,3,0,0,41,84
3813325.0,3,0,0,40,85
3813343.0,3,0,0,41,84
3813348.0,3,0,0,41,84
3813348.0,3,0,0,40,85
3813394.0,3,0,0,41,84
3813418.0,3,0,0,41,84
3813418.0,3,0,0,9,116
3813474.0,3,0,0,9,116
3813474.0,3,0,0,8,117
3813516.0,3,0,0,9,116
3813645.0,3,0,0,9,116
3813645.0,3,0,0,8,117
3813683.0,3,0,0,9,116
3813771.0,3,0,0,9,116
3813771.0,3,0,0,8,117
3813810.0,3,0,0,9,116
3813823.0,3,0,0,9,116
3813823.0,3,0,1,8,116
3813840.0,3,0,1,8,116
3813840.0,3,0,3,6,116
3813846.0,3,0,3,14,108
3813972.0,3,0,3,14,108
3813972.0,3,0,3,13,109
3814012.0,3,0,3,14,108
3814056.0,3,0,3,14,108
3814056.0,3,0,3,13,109
3814150.0,3,0,3,14,108
3814193.0,3,0,3,14,108
3814193.0,3,0,3,12,110
3814337.0,3,0,3,14,108
3814385.0,3,0,3,14,108
3814385.0,3,0,3,13,109
3814432.0,3,0,3,14,108
3814667.0,3,0,3,14,108
3814667.0,3,0,3,13,109
3814705.0,3,0,3,14,108
3814758.0,3,0,3,50,72
3814777.0,3,0,3,50,72
3814777.0,3,0,3,46,76
3814784.0,3,0,3,46,76
3814784.0,3,0,3,14,108
3814859.0,3,0,3,14,108
3814859.0,3,0,3,10,112
3815405.0,3,0,3,10,112
3815405.0,3,0,3,2,120
3815436.0,3,0,3,10,112
3815440.0,3,0,3,10,112
3815440.0,3,0,3,2,120
3815477.0,3,0,3,10,112
3815600.0,3,0,3,10,112
3815600.0,3,0,3,6,116
3815621.0,3,0,3,6,116
3815621.0,3,0,3,4,118
3815696.0,3,0,3,8,114
3815697.0,3,0,3,10,112
3815884.0,3,0,3,42,80
3815887.0,3,0,3,42,80
3815887.0,3,0,3,41,81
3815909.0,3,0,3,42,80
3816008.0,3,0,3,42,80
3816011.0,3,0,3,42,80
3816011.0,3,0,5,40,80
3816039.0,3,0,5,40,80
3816039.0,3,0,5,36,84
3816065.0,3,0,5,36,84
3816065.0,3,0,5,34,86
3816523.0,4,0,4,34,86
3816540.0,6,0,2,34,86
3816878.0,6,0,2,34,86
3816878.0,6,0,2,2,118
3817328.0,6,0,2,34,86
3817358.0,6,0,2,34,86
3817358.0,6,0,2,2,118
3817372.0,6,0,2,34,86
3817373.0,6,0,2,38,82
3817535.0,6,0,2,38,82
3817535.0,6,0,2,6,114
3817600.0,6,0,2,6,114
3817600.0,6,0,2,2,118
3818612.0,6,0,2,6,114
3818616.0,6,0,2,8,112
3818706.0,6,0,2,40,80
3818711.0,8,0,0,40,80
3818749.0,8,0,0,40,80
3818749.0,8,0,0,8,112
3818877.0,8,0,0,44,76
3818882.0,8,0,0,44,76
3818882.0,8,0,0,12,108
3818945.0,8,0,0,12,108
3818945.0,8,0,0,8,112
3819035.0,8,0,0,8,112
3819035.0,8,0,0,4,116
3819057.0,8,0,0,4,116
3819057.0,8,0,0,2,118
3819077.0,8,0,0,2,118
3819077.0,8,0,2,0,118
3821093.0,8,0,2,4,114
3821096.0,8,0,2,6,112
3821129.0,8,0,2,10,108
3821137.0,8,0,2,42,76
3821142.0,8,0,2,42,76
3821142.0,8,0,2,41,77
3821158.0,8,0,2,41,77
3821158.0,8,0,2,37,81
3821164.0,8,0,2,38,80
3821357.0,8,0,2,38,80
3821357.0,8,0,2,6,112
3821484.0,8,0,2,10,108
3821514.0,8,0,2,10,108
3821514.0,8,0,2,9,109
3821523.0,8,0,2,10,108
3821750.0,8,0,2,10,108
3821750.0,8,0,2,9,109
3821755.0,8,0,2,10,108
3821777.0,10,0,0,10,108
3821808.0,10,0,0,10,108
3821808.0,10,0,0,6,112
3822096.0,10,0,0,38,80
3822121.0,10,0,0,38,80
3822121.0,10,0,0,6,112
3822529.0,10,0,0,10,108
3822627.0,10,0,0,10,108
3822627.0,10,0,0,9,109
3822680.0,10,0,0,10,108
3822712.0,10,0,0,10,108
3822712.0,10,0,0,9,109
3822746.0,10,0,0,10,108
3822767.0,10,0,0,42,76
3822794.0,10,0,0,42,76
3822794.0,10,0,0,10,108
3822795.0,10,0,0,10,108
3822795.0,10,0,0,9,109
3822838.0,10,0,0,10,108
3822865.0,10,0,0,10,108
3822865.0,10,0,0,9,109
3822903.0,10,0,0,10,108
3823970.0,10,0,0,46,72
3824031.0,10,0,0,78,40
3824032.0,10,0,0,86,32
3824058.0,10,0,0,86,32
3824058.0,10,0,0,54,64
3824118.0,10,0,0,54,64
3824118.0,10,0,0,50,68
3824263.0,10,0,0,50,68
3824263.0,10,0,0,18,100
3824289.0,10,0,0,18,100
3824289.0,10,0,0,10,108
3824357.0,10,0,0,10,108
3824357.0,10,0,0,9,109
3824376.0,10,0,0,10,108
3824515.0,10,0,0,42,76
3824517.0,10,0,0,50,68
3824693.0,10,0,0,50,68
3824693.0,10,0,4,46,68
3824696.0,10,0,4,46,68
3824696.0,10,0,6,44,68
3824944.0,10,0,6,76,36
3824945.0,10,0,6,80,32
3824953.0,10,0,6,80,32
3824953.0,10,0,6,48,64
3825025.0,10,0,6,48,64
3825025.0,10,0,6,44,68
3825243.0,10,0,6,44,68
3825243.0,10,0,6,12,100
3825613.0,10,0,6,44,68
3825627.0,10,0,6,44,68
3825627.0,10,0,6,12,100
3825651.0,10,0,6,12,100
3825651.0,10,0,6,4,108
3826367.0,10,0,6,4,108
3826367.0,10,0,9,1,108
3827393.0,14,0,5,1,108
3827396.0,16,0,3,1,108
3827976.0,16,0,3,1,108
3827976.0,16,0,4,0,108
3829067.0,19,0,1,0,108
3830676.0,20,0,0,0,108
3831261.0,20,0,0,32,76
3831267.0,20,0,0,64,44
3831270.0,20,0,0,64,44
3831270.0,20,0,0,63,45
3831272.0,20,0,0,63,45
3831272.0,19,1,0,63,45
3831311.0,19,1,0,64,44
3831567.0,19,1,0,68,40
3833072.0,19,0,0,69,40
3833072.0,19,0,0,5,104
3834861.0,19,0,0,5,104
3834911.0,19,0,0,5,104
3834911.0,19,0,1,4,104
3835167.0,19,0,1,4,104
3835167.0,19,0,5,0,104
3835244.0,19,0,5,40,64
3835275.0,19,0,5,40,64
3835304.0,19,0,5,40,64
3835304.0,19,0,5,32,72
3837611.0,20,0,4,32,72
3837611.0,19,1,4,32,72
3837867.0,23,1,0,32,72
3837867.0,19,5,0,32,72
3838844.0,19,5,0,32,72
3838844.0,19,5,5,27,72
3839411.0,19,4,5,28,72
3839667.0,19,0,5,32,72
3839667.0,19,0,5,0,104
3841544.0,24,0,0,0,104
3842422.0,24,0,0,0,104
3842485.0,24,0,0,0,104
3842884.0,24,0,0,8,96
3842884.0,0,24,0,8,96
3843223.0,0,24,0,8,96
3843438.0,0,24,0,8,96
3844007.0,0,24,0,72,32
3844007.0,0,24,0,66,38
3844012.0,0,24,0,67,37
3844017.0,0,24,0,68,36
3844684.0,0,0,0,92,36
3844684.0,0,0,0,60,68
3847276.0,0,0,0,92,36
3847607.0,0,0,0,92,36
3847607.0,0,0,58,34,36
3847612.0,0,0,58,34,36
3847612.0,0,0,59,33,36
3847617.0,0,0,59,33,36
3847617.0,0,0,60,32,36
3849277.0,0,0,60,32,36
3849277.0,0,0,60,31,37
3849286.0,0,0,60,32,36
3849306.0,0,0,60,32,36
3849593.0,0,0,60,32,36
3849661.0,0,0,60,32,36
3850307.0,58,0,2,32,36
3850307.0,28,30,2,32,36
3850312.0,29,30,1,32,36
3850312.0,28,31,1,32,36
3850317.0,29,31,0,32,36
3850317.0,28,32,0,32,36
3850816.0,28,32,0,36,32
3850816.0,0,60,0,36,32
3850876.0,0,60,0,36,32
3851553.0,0,60,0,68,0
3851553.0,0,60,0,64,4
3852107.0,0,30,0,94,4
3852112.0,0,29,0,95,4
3852117.0,0,28,0,96,4
3852117.0,0,28,0,32,68
3852616.0,0,0,0,60,68
3852616.0,0,0,0,28,100
3855153.0,0,0,0,28,100
3855153.0,0,0,28,0,100
3857853.0,28,0,0,0,100
3863056.0,28,0,0,64,36
3864237.0,28,0,0,64,36
3864237.0,28,0,0,56,44
3864306.0,28,0,0,64,36
3864313.0,28,0,0,64,36
3864313.0,28,0,0,32,68
3864604.0,28,0,0,64,36
3864763.0,28,0,0,64,36
3864763.0,28,0,0,32,68
3865217.0,28,0,0,64,36
3866656.0,28,0,0,64,36
3866656.0,28,0,32,32,36
3866942.0,28,0,32,32,36
3867056.0,28,0,32,32,36
3867883.0,28,0,32,32,36
3868025.0,28,0,32,32,36
3868121.0,28,0,32,32,36
3868286.0,28,0,32,32,36
3868358.0,28,0,32,32,36
3868489.0,28,0,32,32,36
3868586.0,28,0,32,32,36
3868595.0,28,0,32,32,36
3868612.0,28,0,32,32,36
3868780.0,28,0,32,32,36
3868817.0,28,0,32,32,36
3868879.0,28,0,32,32,36
3869034.0,28,0,32,32,36
3869144.0,28,0,32,32,36
3869242.0,28,0,32,32,36
3869303.0,28,0,32,32,36
3869356.0,60,0,0,32,36
3869356.0,28,32,0,32,36
3869999.0,28,32,0,32,36
3870103.0,28,32,0,32,36
3870143.0,28,32,0,32,36
3870748.0,28,32,0,32,36
3871156.0,28,0,0,64,36
3871156.0,28,0,0,0,100
3871203.0,28,0,0,64,36
3871203.0,12,16,0,0,100
3871223.0,12,16,0,0,100
3871258.0,12,16,0,0,100
3871388.0,12,16,0,64,36
3871388.0,12,16,0,0,100
3871444.0,12,16,0,16,84
3871444.0,11,17,0,0,100
3871450.0,11,17,0,16,84
3871450.0,11,17,0,0,100
3871458.0,11,17,0,32,68
3871458.0,11,17,0,0,100
3871523.0,11,17,0,16,84
3871523.0,11,17,0,0,100
3871525.0,11,17,0,16,84
3871525.0,11,17,0,0,100
3871595.0,11,17,0,16,84
3871595.0,11,17,0,0,100
3871598.0,11,17,0,16,84
3871598.0,11,17,0,0,100
3871607.0,11,17,0,16,84
3871607.0,11,17,0,0,100
3871633.0,11,17,0,16,84
3871633.0,10,18,0,0,100
3871667.0,10,18,0,16,84
3872222.0,10,18,0,16,84
3872294.0,10,18,0,32,68
3872294.0,2,26,0,0,100
3873003.0,2,10,0,16,100
3873003.0,2,10,0,0,116
3873095.0,2,10,0,16,100
3873095.0,2,10,0,0,116
3873141.0,2,10,0,0,116
3873159.0,2,10,0,16,100
3873159.0,2,10,0,0,116
3873179.0,2,10,0,16,100
3873179.0,2,10,0,0,116
3873227.0,2,10,0,0,116
3873244.0,2,9,0,1,116
3873244.0,2,9,0,0,117
3873268.0,2,9,0,1,116
3873433.0,2,8,0,2,116
3873433.0,2,8,0,1,117
3873437.0,2,8,0,2,116
3873530.0,2,8,0,18,100
3873843.0,2,8,0,18,100
3874094.0,2,0,0,26,100
3874094.0,2,0,0,18,108
3874240.0,2,0,0,50,76
3874240.0,2,0,0,18,108
3874376.0,2,0,0,50,76
3874376.0,2,0,0,18,108
3874408.0,2,0,0,50,76
3874408.0,2,0,0,18,108
3874598.0,2,0,0,50,76
3874598.0,2,0,0,18,108
3874676.0,2,0,0,18,108
3874676.0,2,0,0,2,124
3874739.0,2,0,0,18,108
3874962.0,2,0,0,18,108
3874962.0,2,0,0,2,124
3874983.0,2,0,0,2,124
3875064.0,2,0,0,34,92
3875064.0,2,0,0,2,124
3875224.0,2,0,0,18,108
3875267.0,2,0,0,18,108
3875366.0,2,0,0,50,76
3875469.0,2,0,0,50,76
3875469.0,2,0,0,18,108
3875527.0,2,0,0,18,108
3875527.0,2,0,0,2,124
3875776.0,2,0,0,18,108
3875781.0,2,0,0,50,76
3875959.0,2,0,0,50,76
3875959.0,2,0,0,49,77
3875981.0,2,0,0,50,76
3876002.0,2,0,0,58,68
3876026.0,2,0,0,58,68
3876026.0,2,0,0,57,69
3876041.0,2,0,0,58,68
3876042.0,2,0,0,58,68
3876042.0,2,0,0,26,100
3876120.0,2,0,0,26,100
3876120.0,2,0,0,10,116
3876216.0,2,0,0,26,100
3876299.0,2,0,0,26,100
3876532.0,2,0,0,26,100
3876640.0,2,0,0,26,100
3876778.0,2,0,0,26,100
3876791.0,2,0,0,58,68
3876791.0,2,0,0,10,116
3876864.0,2,0,0,10,116
3876868.0,2,0,0,10,116
3876868.0,2,0,1,9,116
3876886.0,2,0,1,9,116
3876951.0,2,0,1,9,116
3876956.0,2,0,1,25,100
3876956.0,2,0,1,9,116
3877035.0,2,0,1,9,116
3877037.0,2,0,1,9,116
3877037.0,2,0,2,8,116
3877122.0,2,0,2,40,84
3877122.0,2,0,2,23,101
3877141.0,2,0,2,24,100
3877150.0,2,0,2,40,84
3877150.0,2,0,2,8,116
3877199.0,2,0,2,24,100
3877199.0,2,0,2,8,116
3877228.0,2,0,2,24,100
3878197.0,2,0,2,24,100
3878197.0,2,0,2,8,116
3878226.0,2,0,2,24,100
3878275.0,2,0,2,24,100
3878275.0,2,0,2,8,116
3878367.0,2,0,2,8,116
3878403.0,2,0,2,24,100
3878692.0,2,0,2,56,68
3879568.0,3,0,1,56,68
3879568.0,2,1,1,56,68
3879602.0,2,1,1,56,68
3879602.0,2,1,9,48,68
3879646.0,2,1,9,48,68
3879646.0,2,1,9,16,100
3879671.0,2,1,9,48,68
3879675.0,2,1,9,48,68
3879675.0,2,1,9,44,72
3879737.0,3,1,8,44,72
3879737.0,2,2,8,44,72
3879747.0,2,2,8,48,68
3879826.0,2,2,8,48,68
3879826.0,2,2,8,16,100
3879915.0,2,2,8,16,100
3879915.0,2,2,8,15,101
3879959.0,2,2,8,16,100
3880029.0,2,2,8,16,100
3880029.0,2,2,8,15,101
3880049.0,2,2,8,16,100
3880050.0,2,2,8,16,100
3880146.0,2,2,8,48,68
3880146.0,2,2,8,16,100
3880152.0,2,2,8,48,68
3880798.0,2,2,8,48,68
3880798.0,2,2,8,40,76
3880851.0,2,2,8,48,68
3880879.0,2,2,8,48,68
3880879.0,2,2,8,47,69
3880897.0,2,2,8,48,68
3880946.0,2,2,8,48,68
3880946.0,2,2,8,16,100
3881017.0,2,2,8,16,100
3881017.0,2,2,8,8,108
3881033.0,2,2,8,8,108
3881033.0,2,2,8,4,112
3881080.0,2,2,8,12,104
3881142.0,2,2,8,12,104
3881296.0,2,2,8,12,104
3881332.0,2,2,8,16,100
3881368.0,2,1,8,17,100
3881368.0,2,1,8,16,101
3881374.0,2,1,8,17,100
3881537.0,2,0,8,18,100
3881537.0,2,0,8,17,101
3881556.0,2,0,8,18,100
3881562.0,2,0,8,18,100
3881707.0,2,0,8,18,100
3881814.0,2,0,8,18,100
3881829.0,2,0,8,18,100
3881863.0,2,0,8,18,100
3881880.0,2,0,8,50,68
3881880.0,2,0,8,0,118
3881933.0,2,0,8,8,110
3881946.0,2,0,8,16,102
3882003.0,2,0,8,16,102
3882004.0,2,0,8,48,70
3882004.0,2,0,8,14,104
3882010.0,2,0,8,16,102
3882085.0,2,0,8,16,102
3882122.0,2,0,8,16,102
3882197.0,2,0,8,18,100
3882290.0,2,0,8,18,100
3882292.0,2,0,8,18,100
3882302.0,10,0,0,18,100
3882302.0,9,1,0,18,100
3882420.0,9,1,0,18,100
3882427.0,9,1,0,18,100
3882464.0,9,1,0,50,68
3882464.0,9,1,0,14,104
3882500.0,9,1,0,14,104
3882602.0,9,1,0,46,72
3882602.0,3,7,0,2,116
3882632.0,3,7,0,2,116
3882632.0,2,8,0,2,116
3882637.0,2,8,0,2,116
3882658.0,2,8,0,10,108
3882658.0,2,8,0,2,116
3882687.0,2,8,0,6,112
3882708.0,2,8,0,14,104
3882740.0,2,8,0,14,104
3882740.0,2,8,0,6,112
3882756.0,2,8,0,6,112
3882759.0,2,8,0,38,80
3882759.0,2,8,0,6,112
3882798.0,2,8,0,14,104
3882890.0,2,8,0,18,100
3882969.0,2,8,0,18,100
3882969.0,2,8,0,10,108
3883051.0,2,8,0,18,100
3883153.0,2,8,0,50,68
3883225.0,2,8,0,50,68
3883225.0,2,8,0,42,76
3883311.0,2,8,0,50,68
3883346.0,2,8,0,50,68
3883346.0,2,8,0,42,76
3883404.0,2,8,0,50,68
3883544.0,2,8,0,50,68
3883544.0,2,8,0,42,76
3883607.0,2,8,0,50,68
3883622.0,2,8,0,50,68
3883622.0,2,8,0,46,72
3883746.0,2,8,0,46,72
3883901.0,2,8,0,46,72
3883901.0,2,8,0,14,104
3883925.0,2,8,0,14,104
3883925.0,2,8,0,6,112
3884066.0,2,8,0,38,80
3884067.0,2,8,0,46,72
3884068.0,2,8,0,50,68
3884102.0,2,7,0,51,68
3884102.0,2,7,0,50,69
3884115.0,2,7,0,51,68
3884136.0,2,7,0,51,68
3884136.0,2,7,0,19,100
3884234.0,2,7,0,19,100
3884234.0,2,7,0,3,116
3884402.0,2,1,0,9,116
3884402.0,2,1,0,1,124
3884424.0,2,1,0,17,108
3884432.0,2,0,0,18,108
3884432.0,2,0,0,17,109
3884437.0,2,0,0,17,109
3884437.0,2,0,0,13,113
3884463.0,2,0,0,21,105
3884469.0,2,0,0,22,104
3884476.0,2,0,0,54,72
3884487.0,2,0,0,54,72
3884487.0,2,0,0,22,104
3884498.0,2,0,0,54,72
3884522.0,2,0,0,54,72
3884522.0,2,0,0,22,104
3884552.0,2,0,0,22,104
3884552.0,2,0,0,14,112
3884720.0,2,0,0,18,108
3884949.0,2,0,0,18,108
3884949.0,2,0,0,14,112
3885114.0,2,0,0,18,108
3885356.0,2,0,0,18,108
3885356.0,2,0,0,10,116
3885396.0,2,0,0,18,108
3885533.0,2,0,0,18,108
3885546.0,2,0,0,18,108
3885622.0,2,0,0,18,108
3885622.0,2,0,0,10,116
3885662.0,2,0,0,18,108
3885778.0,2,0,0,18,108
3885778.0,2,0,0,10,116
3885837.0,2,0,0,18,108
3886151.0,2,0,0,18,108
3886151.0,2,0,0,14,112
3886174.0,2,0,0,18,108
3886186.0,2,0,0,18,108
3886186.0,2,0,0,14,112
3886195.0,2,0,0,14,112
3886195.0,2,0,0,13,113
3886202.0,2,0,0,14,112
3886206.0,2,0,0,18,108
3886210.0,2,0,0,18,108
3886210.0,2,0,0,17,109
3886231.0,2,0,0,18,108
3886238.0,2,0,0,18,108
3886238.0,2,0,0,10,116
3886287.0,2,0,0,10,116
3886291.0,2,0,0,10,116
3886291.0,2,0,0,6,120
3886308.0,2,0,0,6,120
3886313.0,2,0,0,14,112
3886315.0,2,0,0,18,108
3886346.0,2,0,0,18,108
3886346.0,2,0,0,14,112
3886389.0,2,0,0,18,108
3886490.0,2,0,0,18,108
3886594.0,2,0,0,18,108
3886594.0,2,0,0,14,112
3886671.0,2,0,0,14,112
3886671.0,2,0,0,6,120
3886688.0,2,0,0,10,116
3886712.0,2,0,0,18,108
3886727.0,2,0,0,18,108
3886727.0,2,0,0,10,116
3886789.0,2,0,0,18,108
3886815.0,2,0,0,54,72
3886829.0,2,0,0,54,72
3886829.0,2,0,0,52,74
3886849.0,2,0,0,52,74
3886849.0,2,0,0,20,106
3886920.0,2,0,0,20,106
3886920.0,2,0,0,16,110
3886998.0,2,0,0,18,108
3887164.0,2,0,0,18,108
3887164.0,2,0,0,10,116
3887715.0,2,0,0,10,116
3887862.0,2,0,0,18,108
3888063.0,2,0,0,18,108
3888063.0,2,0,5,13,108
3888069.0,2,0,5,13,108
3888069.0,2,0,6,12,108
3888379.0,2,0,6,12,108
3888379.0,2,0,6,8,112
3888387.0,2,0,6,8,112
3888387.0,2,0,6,4,116
3888887.0,2,0,6,8,112
3889416.0,2,0,6,12,108
3889463.0,2,0,6,12,108
3889463.0,2,0,6,8,112
3889794.0,2,0,6,8,112
3889794.0,2,0,6,4,116
3889816.0,2,0,6,8,112
3889909.0,2,0,6,12,108
3889942.0,2,0,6,12,108
3889942.0,2,0,6,8,112
3889981.0,2,0,6,8,112
3889981.0,2,0,6,7,113
3889982.0,2,0,6,39,81
3890037.0,2,0,6,40,80
3890106.0,2,0,6,40,80
3890106.0,2,0,6,8,112
3890312.0,2,0,6,8,112
3890312.0,2,0,10,4,112
3890625.0,2,0,10,4,112
3890625.0,2,0,10,3,113
3890651.0,2,0,10,4,112
3890763.0,7,0,5,4,112
3890769.0,8,0,4,4,112
3891023.0,8,0,4,8,108
3891197.0,8,0,4,40,76
3891237.0,8,0,4,40,76
3891237.0,8,0,4,8,108
3891604.0,8,0,4,8,108
3891604.0,8,0,4,7,109
3891625.0,8,0,4,8,108
3891807.0,8,0,4,8,108
3891807.0,8,0,4,4,112
3891815.0,8,0,4,116,0
3892497.0,8,0,4,116,0
3892497.0,8,0,4,84,32
3892520.0,8,0,4,84,32
3892520.0,8,0,4,52,64
3892585.0,8,0,4,52,64
3892585.0,8,0,4,44,72
3892595.0,8,0,4,44,72
3892595.0,8,0,4,40,76
3892616.0,8,0,4,40,76
3892616.0,8,0,4,36,80
3892618.0,8,0,4,40,76
3892638.0,8,0,4,40,76
3892638.0,8,0,4,36,80
3892641.0,8,0,4,36,80
3892641.0,8,0,4,4,112
3892674.0,8,0,4,8,108
3892772.0,8,0,4,8,108
3892772.0,8,0,4,4,112
3892889.0,8,0,4,8,108
3892904.0,8,0,4,8,108
3892904.0,8,0,4,4,112
3892925.0,8,0,4,8,108
3892957.0,8,0,4,8,108
3892957.0,8,0,4,4,112
3892975.0,8,0,4,4,112
3892975.0,8,0,4,3,113
3892978.0,8,0,4,3,113
3893004.0,8,0,4,4,112
3893012.0,12,0,0,4,112
3893012.0,11,1,0,4,112
3893017.0,11,1,0,44,72
3893047.0,11,1,0,44,72
3893047.0,11,1,0,12,104
3893084.0,11,1,0,12,104
3893084.0,11,1,0,4,112
3893133.0,11,1,0,8,108
3893416.0,11,1,0,8,108
3893634.0,11,1,0,8,108
3893634.0,11,1,0,4,112
3893709.0,11,1,0,8,108
3894297.0,11,1,0,8,108
3894297.0,11,1,0,7,109
3894319.0,11,1,0,8,108
3894812.0,11,0,0,9,108
3894812.0,11,0,0,5,112
3894889.0,11,0,0,9,108
3895098.0,11,0,0,41,76
3895100.0,11,0,0,41,76
3895100.0,11,0,0,40,77
3895119.0,11,0,0,41,76
3895177.0,11,0,0,41,76
3895177.0,11,0,0,9,108
3895953.0,11,0,0,41,76
3896077.0,11,0,0,41,76
3896077.0,11,0,0,9,108
3896604.0,11,0,0,9,108
3896604.0,11,0,1,8,108
3896991.0,11,0,1,8,108
3896991.0,11,0,1,7,109
3897105.0,11,0,1,8,108
3897462.0,11,0,1,8,108
3897462.0,11,0,1,7,109
3897484.0,11,0,1,8,108
3897740.0,11,0,1,8,108
3897740.0,11,0,1,7,109
3897756.0,11,0,1,39,77
3897757.0,11,0,1,43,73
3897765.0,11,0,1,44,72
3897797.0,11,0,1,44,72
3897797.0,11,0,1,12,104
3897806.0,11,0,1,12,104
3897806.0,11,0,1,11,105
3897866.0,11,0,1,11,105
3897866.0,11,0,1,7,109
3897921.0,11,0,1,8,108
3898392.0,11,0,1,40,76
3898393.0,11,0,1,44,72
3898413.0,11,0,1,44,72
3898413.0,11,0,1,12,104
3898479.0,11,0,1,12,104
3898479.0,11,0,1,8,108
3898489.0,11,0,1,8,108
3898489.0,11,0,5,4,108
3898658.0,11,0,5,4,108
3898658.0,11,0,5,3,109
3898678.0,11,0,5,4,108
3898698.0,11,0,5,4,108
3898698.0,11,0,8,1,108
3899304.0,12,0,7,1,108
3899670.0,12,0,7,1,108
3899670.0,12,0,7,0,109
3899675.0,12,0,7,1,108
3899689.0,12,0,7,33,76
3899691.0,12,0,7,33,76
3899691.0,12,0,7,32,77
3899719.0,12,0,7,33,76
3899747.0,12,0,7,33,76
3899747.0,12,0,7,32,77
3899764.0,12,0,7,33,76
3899781.0,12,0,7,33,76
3899781.0,12,0,7,32,77
3899810.0,12,0,7,32,77
3899810.0,12,0,7,0,109
3899880.0,12,0,7,1,108
3899928.0,12,0,7,33,76
3899931.0,12,0,7,41,68
3901189.0,16,0,3,41,68
3901337.0,16,0,3,41,68
3901337.0,16,0,3,40,69
3901354.0,16,0,3,41,68
3901398.0,19,0,0,41,68
3901413.0,19,0,0,73,36
3901414.0,19,0,0,73,36
3901414.0,19,0,0,72,37
3901431.0,19,0,0,73,36
3901460.0,19,0,0,73,36
3901460.0,19,0,0,41,68
3902278.0,19,0,0,41,68
3902335.0,19,0,0,73,36
3902379.0,19,0,0,73,36
3902379.0,19,0,0,41,68
3902725.0,19,0,0,41,68
3902725.0,19,0,0,9,100
3902737.0,19,0,0,41,68
3903077.0,19,0,0,73,36
3903078.0,19,0,0,77,32
3903094.0,19,0,0,77,32
3903094.0,19,0,0,45,64
3903159.0,19,0,0,45,64
3903159.0,19,0,0,41,68
3903275.0,19,0,0,41,68
3903438.0,19,0,0,41,68
3903438.0,19,0,0,9,100
3903470.0,19,0,0,9,100
3903470.0,19,0,0,1,108
3903480.0,19,0,0,1,108
3904755.0,19,0,0,33,76
3904760.0,19,0,0,33,76
3904760.0,19,0,0,32,77
3904766.0,19,0,0,32,77
3904766.0,19,0,0,31,78
3904776.0,19,0,0,32,77
3904781.0,19,0,0,33,76
3904810.0,19,0,0,33,76
3904810.0,19,0,0,1,108
3905013.0,19,0,0,1,108
3905013.0,19,0,1,0,108
3907190.0,19,0,1,32,76
3907192.0,19,0,1,32,76
3907192.0,19,0,1,31,77
3907196.0,19,0,1,31,77
3907196.0,19,0,1,30,78
3907204.0,19,0,1,31,77
3907212.0,19,0,1,32,76
3907241.0,19,0,1,32,76
3907241.0,19,0,1,0,108
3907713.0,20,0,0,0,108
3909634.0,20,0,0,32,76
3909636.0,20,0,0,32,76
3909636.0,20,0,0,31,77
3909662.0,20,0,0,32,76
3909958.0,20,0,0,32,76
3909958.0,20,0,0,0,108
3910754.0,20,0,0,0,108
3910754.0,19,1,0,0,108
3910790.0,19,1,0,0,108
3912289.0,19,1,0,32,76
3912291.0,19,1,0,32,76
3912291.0,19,1,0,31,77
3912316.0,19,1,0,32,76
3912554.0,19,0,0,33,76
3912554.0,19,0,0,32,77
3912571.0,19,0,0,33,76
3913234.0,19,0,0,33,76
3913410.0,19,0,0,33,76
3913410.0,19,0,0,32,77
3913419.0,19,0,0,33,76
3913521.0,19,0,0,33,76
3913521.0,19,0,0,1,108
3914355.0,19,0,0,33,76
3915889.0,19,0,0,33,76
3916171.0,19,0,0,33,76
3916171.0,19,0,1,32,76
3917656.0,19,0,1,64,44
3917662.0,19,0,1,64,44
3917662.0,19,0,1,0,108
3917955.0,19,0,1,0,108
3918871.0,20,0,0,0,108
3923871.0,20,0,0,0,108
3923871.0,16,4,0,0,108
3924732.0,16,4,0,0,108
3924732.0,12,8,0,0,108
3925488.0,12,8,0,0,108
3925488.0,8,12,0,0,108
3925666.0,8,12,0,0,108
3925666.0,4,16,0,0,108
3925671.0,4,12,0,4,108
3925671.0,4,12,0,0,112
3925752.0,4,12,0,0,112
3925752.0,0,16,0,0,112
3925846.0,0,16,0,4,108
3925929.0,0,16,0,4,108
3925929.0,0,16,0,2,110
3925951.0,0,16,0,4,108
3926532.0,0,12,0,8,108
3926532.0,0,12,0,4,112
3926970.0,0,12,0,8,108
3927258.0,0,12,0,72,44
3927260.0,0,12,0,112,4
3927265.0,0,12,0,116,0
3927269.0,0,12,0,116,0
3927269.0,0,12,0,52,64
3927288.0,0,8,0,56,64
3927288.0,0,8,0,52,68
3927426.0,0,8,0,56,64
3927466.0,0,4,0,60,64
3927466.0,0,4,0,56,68
3927491.0,0,4,0,60,64
3927552.0,0,0,0,64,64
3927552.0,0,0,0,60,68
3927575.0,0,0,0,64,64
3929446.0,0,0,0,64,64
3929446.0,0,0,2,62,64
3929551.0,0,0,2,62,64
3929551.0,0,0,4,60,64
3930570.0,0,0,4,60,64
3930570.0,0,0,8,56,64
3930860.0,0,0,8,56,64
3930860.0,0,0,48,16,64
3930865.0,0,0,48,16,64
3930865.0,0,0,52,12,64
3931026.0,0,0,52,12,64
3931026.0,0,0,56,8,64
3931091.0,0,0,56,8,64
3931091.0,0,0,60,4,64
3931175.0,0,0,60,4,64
3931175.0,0,0,64,0,64
3932146.0,2,0,62,0,64
3932251.0,4,0,60,0,64
3932406.0,4,0,60,64,0
3933270.0,8,0,56,64,0
3933560.0,48,0,16,64,0
3933565.0,52,0,12,64,0
3933726.0,56,0,8,64,0
3933791.0,60,0,4,64,0
3933875.0,64,0,0,64,0
3936006.0,64,0,0,64,0
3936006.0,64,0,64,0,0
3938706.0,128,0,0,0,0
4445517.0,128,0,0,0,0
4445517.0,64,64,0,0,0
4445838.0,64,64,0,0,0
4445838.0,0,128,0,0,0
4447317.0,0,64,0,64,0
4447317.0,0,64,0,0,64
4447623.0,0,64,0,64,0
4447638.0,0,0,0,128,0
4447638.0,0,0,0,64,64
4451223.0,0,0,0,64,64
4451223.0,0,0,64,0,64
4453448.0,0,0,64,0,64
4453923.0,64,0,0,0,64
4453923.0,56,8,0,0,64
4455406.0,56,8,0,0,64
4455723.0,56,0,0,8,64
4455723.0,56,0,0,0,72
4457024.0,56,0,0,8,64
4457024.0,0,56,0,8,64
4457207.0,0,56,0,72,0
4458824.0,0,0,0,128,0
4458824.0,0,0,0,64,64
4460807.0,0,0,0,64,64
4460807.0,0,0,64,0,64
4463507.0,64,0,0,0,64
4468477.0,64,0,0,64,0
4471968.0,64,0,0,64,0
4471968.0,64,0,0,32,32
4472077.0,64,0,0,32,32
4472077.0,64,0,32,0,32
4474777.0,96,0,0,0,32
4475003.0,96,0,0,0,32
4475003.0,95,1,0,0,32
4475618.0,95,1,0,0,32
4475618.0,94,2,0,0,32
4475781.0,94,2,0,0,32
4475781.0,86,10,0,0,32
4476798.0,86,10,0,0,32
4476798.0,78,18,0,0,32
4476803.0,78,17,0,1,32
4476803.0,78,17,0,0,33
4476806.0,78,17,0,1,32
4477418.0,78,16,0,2,32
4477418.0,78,16,0,1,33
4477435.0,78,16,0,2,32
4477581.0,78,8,0,10,32
4477581.0,78,8,0,2,40
4477649.0,78,8,0,10,32
4477761.0,78,8,0,10,32
4477761.0,78,8,0,2,40
4477813.0,78,8,0,10,32
4478598.0,78,0,0,18,32
4478598.0,78,0,0,10,40
4478668.0,78,0,0,18,32
4478879.0,78,0,0,18,32
4478879.0,78,0,0,10,40
4478962.0,78,0,0,18,32
4480406.0,78,0,0,18,32
4480640.0,78,0,0,18,32
4480640.0,64,14,0,18,32
4480667.0,64,14,0,18,32
4480667.0,56,22,0,18,32
4480733.0,56,22,0,18,32
4480744.0,56,22,0,18,32
4480818.0,56,22,0,50,0
4480818.0,24,54,0,50,0
4480826.0,24,54,0,50,0
4480858.0,24,54,0,50,0
4481249.0,24,54,0,50,0
4481413.0,24,54,0,50,0
4481476.0,24,54,0,50,0
4482440.0,24,40,0,64,0
4482440.0,24,40,0,32,32
4482467.0,24,32,0,40,32
4482467.0,24,32,0,32,40
4482487.0,24,32,0,64,8
4482487.0,24,32,0,32,40
4482488.0,24,32,0,40,32
4482488.0,0,56,0,40,32
4482521.0,0,56,0,72,0
4482521.0,0,56,0,64,8
4482618.0,0,24,0,96,8
4482618.0,0,24,0,32,72
4482719.0,0,24,0,96,8
4482719.0,0,24,0,24,80
4482743.0,0,24,0,88,16
4482780.0,0,24,0,96,8
4483154.0,0,24,0,96,8
4483154.0,0,24,0,95,9
4483176.0,0,24,0,96,8
4483780.0,0,24,0,96,8
4483780.0,0,24,0,95,9
4483793.0,0,24,0,96,8
4483900.0,0,24,0,96,8
4483900.0,0,24,0,64,40
4484089.0,0,24,0,96,8
4484194.0,0,24,0,96,8
4484194.0,0,24,0,64,40
4484288.0,0,0,0,88,40
4484288.0,0,0,0,56,72
4484893.0,0,0,0,56,72
4484893.0,0,0,0,48,80
4484952.0,0,0,0,56,72
4485393.0,0,0,0,56,72
4485393.0,0,0,0,24,104
4485562.0,0,0,0,24,104
4485562.0,0,0,0,16,112
4485600.0,0,0,0,24,104
4485618.0,0,0,0,56,72
4486062.0,0,0,0,56,72
4486062.0,0,0,0,48,80
4486086.0,0,0,0,56,72
4486121.0,0,0,0,56,72
4486319.0,0,0,0,56,72
4486319.0,0,0,16,40,72
4488918.0,0,0,16,40,72
4488918.0,0,0,16,39,73
4488934.0,0,0,16,40,72
4488958.0,0,0,16,72,40
4489019.0,16,0,0,72,40
4489122.0,16,0,0,72,40
4489122.0,16,0,0,40,72
4489194.0,16,0,0,40,72
4489194.0,16,0,0,39,73
4489200.0,16,0,0,39,73
4489200.0,16,0,8,31,73
4489218.0,16,0,8,31,73
4489218.0,16,0,32,7,73
4489274.0,16,0,32,8,72
4489302.0,16,0,32,8,72
4489302.0,16,0,32,6,74
4489365.0,16,0,32,8,72
4489377.0,16,0,32,8,72
4489377.0,16,0,32,4,76
4489386.0,16,0,32,36,44
4489469.0,16,0,32,36,44
4489469.0,16,0,32,4,76
4489482.0,16,0,32,8,72
4489494.0,16,0,32,8,72
4489494.0,16,0,32,0,80
4489604.0,16,0,32,8,72
4489615.0,16,0,32,8,72
4489686.0,16,0,32,8,72
4489721.0,16,0,32,8,72
4489721.0,8,8,32,8,72
4490016.0,8,8,32,8,72
4490016.0,7,9,32,8,72
4490034.0,7,9,32,8,72
4490034.0,3,13,32,8,72
4490097.0,3,13,32,8,72
4490151.0,3,13,32,8,72
4490194.0,3,13,32,8,72
4490236.0,3,13,32,8,72
4490267.0,3,13,32,8,72
4490277.0,3,13,32,8,72
4490347.0,3,13,32,8,72
4490445.0,3,13,32,8,72
4490486.0,3,13,32,40,40
4490486.0,3,13,32,12,68
4490498.0,3,13,32,13,67
4490513.0,3,13,32,14,66
4490515.0,3,13,32,16,64
4490520.0,3,13,32,20,60
4490543.0,3,13,32,20,60
4490566.0,3,13,32,28,52
4490566.0,3,13,32,12,68
4490582.0,3,13,32,16,64
4490604.0,3,13,32,24,56
4490653.0,3,13,32,40,40
4490653.0,3,13,32,8,72
4490768.0,3,13,32,40,40
4491445.0,3,13,32,40,40
4491445.0,3,13,32,39,41
4491471.0,3,13,32,40,40
4491484.0,3,13,32,40,40
4491484.0,3,13,32,38,42
4491516.0,3,13,32,40,40
4491521.0,3,5,32,48,40
4491526.0,3,5,32,48,40
4491526.0,3,5,32,44,44
4491615.0,3,5,32,48,40
4491627.0,3,5,32,48,40
4491627.0,3,5,32,40,48
4491703.0,3,5,32,48,40
4491722.0,3,5,32,48,40
4491722.0,3,5,32,32,56
4491816.0,3,4,32,33,56
4491816.0,3,4,32,32,57
4491825.0,3,4,32,33,56
4491830.0,3,4,32,49,40
4491834.0,3,0,32,53,40
4491834.0,3,0,32,49,44
4491844.0,3,0,32,49,44
4491844.0,3,0,32,17,76
4491900.0,11,0,24,17,76
4491900.0,3,8,24,17,76
4491918.0,27,8,0,17,76
4491918.0,3,32,0,17,76
4491953.0,3,32,0,21,72
4491965.0,3,32,0,21,72
4491976.0,3,32,0,53,40
4491976.0,3,32,0,21,72
4492345.0,3,32,0,53,40
4492376.0,3,32,0,53,40
4492376.0,3,32,0,21,72
4492477.0,3,32,0,21,72
4492477.0,3,32,0,17,76
4492584.0,3,32,0,21,72
4492590.0,3,32,0,21,72
4492590.0,0,35,0,21,72
4492761.0,0,35,0,21,72
4492779.0,0,35,0,53,40
4492779.0,0,35,0,21,72
4492986.0,0,35,0,21,72
4492998.0,0,35,0,53,40
4493204.0,0,35,0,53,40
4493219.0,0,35,0,53,40
4493236.0,0,35,0,53,40
4493570.0,0,35,0,53,40
4493579.0,0,35,0,53,40
4493639.0,0,35,0,53,40
4493700.0,0,27,0,61,40
4493718.0,0,3,0,85,40
4493718.0,0,3,0,37,88
4493729.0,0,3,0,37,88
4493808.0,0,3,0,53,72
4493828.0,0,3,0,85,40
4493828.0,0,3,0,5,120
4493883.0,0,3,0,5,120
4493975.0,0,3,0,5,120
4493982.0,0,3,0,5,120
4493990.0,0,3,0,69,56
4493990.0,0,3,0,14,111
4494006.0,0,3,0,30,95
4494006.0,0,3,0,14,111
4494044.0,0,3,0,15,110
4494053.0,0,3,0,17,108
4494073.0,0,3,0,25,100
4494084.0,0,3,0,25,100
4494086.0,0,3,0,25,100
4494098.0,0,3,0,41,84
4494098.0,0,3,0,9,116
4494122.0,0,3,0,13,112
4494336.0,0,3,0,21,104
4494345.0,0,3,0,53,72
4494345.0,0,3,0,21,104
4494368.0,0,3,0,21,104
4494390.0,0,0,0,24,104
4494390.0,0,0,0,16,112
4494450.0,0,0,0,48,80
4494481.0,0,0,0,56,72
4494502.0,0,0,0,56,72
4494502.0,0,0,0,52,76
4494524.0,0,0,0,84,44
4494530.0,0,0,0,88,40
4494713.0,0,0,0,88,40
4494713.0,0,0,0,56,72
4494756.0,0,0,0,56,72
4494756.0,0,0,0,52,76
4494891.0,0,0,0,56,72
4494903.0,0,0,0,56,72
4494903.0,0,0,0,48,80
4495118.0,0,0,0,48,80
4495118.0,0,0,0,47,81
4495129.0,0,0,0,55,73
4495146.0,0,0,0,56,72
4495166.0,0,0,0,56,72
4495166.0,0,0,0,54,74
4495193.0,0,0,0,56,72
4495204.0,0,0,0,56,72
4495204.0,0,0,0,52,76
4495281.0,0,0,0,84,44
4495283.0,0,0,0,84,44
4495283.0,0,0,0,83,45
4495298.0,0,0,0,87,41
4495299.0,0,0,0,88,40
4495302.0,0,0,0,88,40
4495302.0,0,0,0,87,41
4495313.0,0,0,0,87,41
4495313.0,0,0,0,79,49
4495315.0,0,0,0,80,48
4495374.0,0,0,0,80,48
4495374.0,0,0,0,48,80
4495402.0,0,0,0,56,72
4495415.0,0,0,0,56,72
4495415.0,0,0,0,40,88
4495425.0,0,0,0,40,88
4495539.0,0,0,0,56,72
4495553.0,0,0,0,56,72
4495555.0,0,0,0,56,72
4495555.0,0,0,0,24,104
4495584.0,0,0,0,56,72
4495643.0,0,0,0,56,72
4495643.0,0,0,0,24,104
4495675.0,0,0,0,56,72
4495764.0,0,0,0,56,72
4495764.0,0,0,0,24,104
4495867.0,0,0,0,56,72
4496122.0,0,0,0,56,72
4496122.0,0,0,0,48,80
4496126.0,0,0,0,48,80
4496126.0,0,0,0,47,81
4496180.0,0,0,0,48,80
4496197.0,0,0,0,48,80
4496197.0,0,0,0,46,82
4496203.0,0,0,0,48,80
4496240.0,0,0,0,56,72
4496280.0,0,0,0,56,72
4496280.0,0,0,0,55,73
4496337.0,0,0,0,56,72
4496348.0,0,0,0,56,72
4496348.0,0,0,0,54,74
4496388.0,0,0,0,56,72
4496399.0,0,0,0,56,72
4496399.0,0,0,0,52,76
4496442.0,0,0,0,56,72
4496452.0,0,0,0,56,72
4496452.0,0,0,0,48,80
4496490.0,0,0,0,56,72
4496501.0,0,0,0,56,72
4496501.0,0,0,0,40,88
4496553.0,0,0,0,56,72
4496568.0,0,0,0,56,72
4496568.0,0,0,0,24,104
4496598.0,0,0,0,24,104
4496658.0,0,0,0,56,72
4496918.0,0,0,0,56,72
4496918.0,0,0,0,55,73
4496923.0,0,0,0,55,73
4496923.0,0,0,0,23,105
4496966.0,0,0,0,55,73
4496973.0,0,0,0,56,72
4497487.0,0,0,0,56,72
4497487.0,0,0,0,55,73
4497590.0,0,0,0,55,73
4497606.0,0,0,0,55,73
4497606.0,0,0,4,51,73
4497642.0,0,0,4,51,73
4497642.0,0,0,4,19,105
4497678.0,0,0,4,51,73
4497996.0,0,0,4,52,72
4498067.0,0,0,4,52,72
4498067.0,0,0,4,51,73
4498081.0,0,0,4,51,73
4498081.0,0,0,12,43,73
4498124.0,0,0,12,43,73
4498124.0,0,0,23,32,73
4498137.0,0,0,23,33,72
4498146.0,0,0,23,33,72
4498146.0,0,0,23,31,74
4498303.0,0,0,23,33,72
4498313.0,0,0,23,33,72
4498313.0,0,0,23,29,76
4498344.0,0,0,23,33,72
4498527.0,0,0,23,33,72
4498527.0,0,0,23,32,73
4498547.0,0,0,23,33,72
4499032.0,0,0,23,33,72
4499032.0,0,0,23,32,73
4499101.0,0,0,23,32,73
4499101.0,0,0,23,28,77
4499120.0,0,0,23,29,76
4499137.0,0,0,23,29,76
4499137.0,0,0,23,27,78
4499204.0,0,0,23,27,78
4499204.0,0,0,23,23,82
4499214.0,0,0,23,27,78
4499217.0,0,0,23,29,76
4499226.0,0,0,23,29,76
4499226.0,0,0,23,25,80
4499282.0,0,0,23,29,76
4499298.0,0,0,23,29,76
4499298.0,0,0,23,21,84
4499364.0,0,0,23,29,76
4499381.0,0,0,23,29,76
4499381.0,0,0,23,13,92
4499446.0,0,0,23,29,76
4499462.0,0,0,23,29,76
4499553.0,0,0,23,33,72
4499803.0,0,0,23,33,72
4499803.0,0,0,23,32,73
4499885.0,0,0,23,33,72
4500139.0,0,0,23,33,72
4500139.0,0,0,23,32,73
4500140.0,0,0,23,32,73
4500140.0,0,0,23,31,74
4500160.0,0,0,23,32,73
4500167.0,0,0,23,33,72
4500177.0,0,0,23,33,72
4500177.0,0,0,23,31,74
4500230.0,0,0,23,33,72
4500241.0,0,0,23,33,72
4500241.0,0,0,23,29,76
4500300.0,0,0,23,33,72
4500306.0,4,0,19,33,72
4500310.0,4,0,19,33,72
4500386.0,4,0,19,33,72
4500386.0,0,4,19,33,72
4500473.0,0,4,19,33,72
4500781.0,8,4,11,33,72
4500781.0,0,12,11,33,72
4500824.0,11,12,0,33,72
4500824.0,0,23,0,33,72
4501211.0,0,23,0,33,72
4501278.0,0,23,0,33,72
4501322.0,0,23,0,33,72
4501464.0,0,23,0,33,72
4501658.0,0,23,0,33,72
4501703.0,0,23,0,33,72
4501765.0,0,23,0,33,72
4501827.0,0,23,0,33,72
4501888.0,0,23,0,33,72
4501967.0,0,23,0,33,72
4502186.0,0,19,0,37,72
4502239.0,0,19,0,69,40
4502239.0,0,19,0,37,72
4502241.0,0,19,0,37,72
4502275.0,0,19,0,69,40
4502275.0,0,19,0,51,58
4502295.0,0,19,0,52,57
4502296.0,0,19,0,53,56
4502296.0,0,19,0,37,72
4502304.0,0,19,0,38,71
4502307.0,0,19,0,39,70
4502321.0,0,19,0,41,68
4502326.0,0,19,0,53,56
4502364.0,0,19,0,69,40
4502364.0,0,19,0,37,72
4502459.0,0,19,0,69,40
4502459.0,0,19,0,68,41
4502473.0,0,19,0,69,40
4502581.0,0,11,0,77,40
4502624.0,0,0,0,88,40
4502624.0,0,0,0,32,96
4502686.0,0,0,0,40,88
4502692.0,0,0,0,56,72
4502697.0,0,0,0,56,72
4502697.0,0,0,0,55,73
4502707.0,0,0,0,55,73
4502707.0,0,0,0,23,105
4502724.0,0,0,0,55,73
4502751.0,0,0,0,56,72
4502765.0,0,0,0,56,72
4502765.0,0,0,0,54,74
4502828.0,0,0,0,56,72
4502847.0,0,0,0,56,72
4502847.0,0,0,0,52,76
4502883.0,0,0,0,56,72
4502898.0,0,0,0,56,72
4502898.0,0,0,0,48,80
4502941.0,0,0,0,56,72
4502953.0,0,0,0,56,72
4502953.0,0,0,0,40,88
4503013.0,0,0,0,56,72
4503026.0,0,0,0,56,72
4503026.0,0,0,0,24,104
4503104.0,0,0,0,24,104
4503104.0,0,0,0,23,105
4503114.0,0,0,0,55,73
4503115.0,0,0,0,56,72
4503153.0,0,0,0,56,72
4503691.0,0,0,0,56,72
4503691.0,0,0,0,55,73
4503732.0,0,0,0,56,72
4503755.0,0,0,0,56,72
4503755.0,0,0,0,24,104
4503757.0,0,0,0,24,104
4503757.0,0,0,0,22,106
4503759.0,0,0,0,24,104
4503818.0,0,0,0,24,104
4503818.0,0,0,0,20,108
4503825.0,0,0,0,20,108
4503825.0,0,0,0,16,112
4503830.0,0,0,0,20,108
4503841.0,0,0,0,24,104
4503842.0,0,0,0,56,72
4503851.0,0,0,0,56,72
4503851.0,0,0,0,40,88
4503900.0,0,0,0,40,88
4503937.0,0,0,0,56,72
4503954.0,0,0,0,56,72
4503954.0,0,0,0,24,104
4503999.0,0,0,0,56,72
4504001.0,0,0,0,56,72
4504001.0,0,0,0,55,73
4504019.0,0,0,0,56,72
4504090.0,0,0,0,88,40
4504141.0,0,0,0,88,40
4504141.0,0,0,0,86,42
4504144.0,0,0,0,86,42
4504144.0,0,0,0,54,74
4504152.0,0,0,0,54,74
4504152.0,0,0,0,53,75
4504167.0,0,0,0,55,73
4504188.0,0,0,0,56,72
4504219.0,0,0,0,56,72
4504219.0,0,0,0,52,76
4504237.0,0,0,0,52,76
4504237.0,0,0,0,48,80
4504251.0,0,0,0,52,76
4504263.0,0,0,0,52,76
4504263.0,0,0,0,44,84
4504289.0,0,0,0,52,76
4504343.0,0,0,0,52,76
4504343.0,0,0,0,44,84
4504364.0,0,0,0,52,76
4504385.0,0,0,0,52,76
4504385.0,0,0,0,20,108
4504476.0,0,0,0,20,108
4504476.0,0,0,0,16,112
4504497.0,0,0,0,20,108
4504572.0,0,0,0,52,76
4504607.0,0,0,0,52,76
4504607.0,0,0,0,20,108
4504737.0,0,0,0,52,76
4504758.0,0,0,0,52,76
4504758.0,0,0,0,20,108
4504828.0,0,0,0,20,108
4504846.0,0,0,0,52,76
4504846.0,0,0,0,20,108
4504868.0,0,0,0,20,108
4504868.0,0,0,0,16,112
4504890.0,0,0,0,20,108
4505005.0,0,0,0,20,108
4505005.0,0,0,0,16,112
4505026.0,0,0,0,20,108
4505044.0,0,0,0,20,108
4505044.0,0,0,0,4,124
4505066.0,0,0,0,20,108
4505610.0,0,0,0,20,108
4505610.0,0,0,0,16,112
4505668.0,0,0,0,16,112
4505875.0,0,0,0,16,112
4505904.0,0,0,0,16,112
4505917.0,0,0,0,16,112
4505952.0,0,0,0,16,112
4506046.0,0,0,0,16,112
4506059.0,0,0,0,16,112
4506142.0,0,0,0,16,112
4506286.0,0,0,0,16,112
4506292.0,0,0,0,16,112
4506292.0,0,0,4,12,112
4506480.0,0,0,4,20,104
4506609.0,0,0,4,20,104
4507172.0,0,0,4,20,104
4507227.0,0,0,4,20,104
4508128.0,0,0,4,20,104
4508279.0,0,0,4,52,72
4508279.0,0,0,4,30,94
4508294.0,0,0,4,32,92
4508316.0,0,0,4,40,84
4508316.0,0,0,4,32,92
4508344.0,0,0,4,34,90
4508376.0,0,0,4,36,88
4508473.0,0,0,4,36,88
4508491.0,0,0,4,40,84
4508666.0,0,0,4,40,84
4508790.0,0,0,4,48,76
4508992.0,4,0,0,48,76
4508992.0,0,4,0,48,76
4509289.0,0,4,0,48,76
4509459.0,0,4,0,56,68
4509506.0,0,4,0,56,68
4509697.0,0,4,0,56,68
4509699.0,0,4,0,56,68
4509766.0,0,4,0,56,68
4510446.0,0,4,0,56,68
4510626.0,0,4,0,56,68
4510678.0,0,4,0,56,68
4510792.0,0,0,0,60,68
4510792.0,0,0,0,28,100
4510822.0,0,0,0,60,68
4510822.0,0,0,0,19,109
4510846.0,0,0,0,20,108
4510853.0,0,0,0,52,76
4510853.0,0,0,0,12,116
4510889.0,0,0,0,44,84
4510889.0,0,0,0,4,124
4510896.0,0,0,0,4,124
4510933.0,0,0,0,36,92
4510933.0,0,0,0,28,100
4510934.0,0,0,0,36,92
4510934.0,0,0,0,4,124
4511028.0,0,0,0,12,116
4511028.0,0,0,0,4,124
4511156.0,0,0,0,36,92
4511156.0,0,0,0,12,116
4511157.0,0,0,0,20,108
4511323.0,0,0,0,28,100
4511338.0,0,0,0,44,84
4511565.0,0,0,0,52,76
4511879.0,0,0,0,52,76
4511879.0,0,0,2,50,76
4511916.0,0,0,2,50,76
4511916.0,0,0,4,48,76
4512606.0,0,0,4,48,76
4512606.0,0,0,4,16,108
4512634.0,0,0,4,16,108
4512634.0,0,0,4,8,116
4513278.0,0,0,4,8,116
4513278.0,0,0,4,7,117
4513283.0,0,0,4,8,116
4513326.0,0,0,4,40,84
4513347.0,0,0,4,40,84
4513347.0,0,0,4,8,116
4513378.0,0,0,4,40,84
4513614.0,0,0,4,40,84
4513614.0,0,0,4,8,116
4513627.0,0,0,4,12,112
4514031.0,0,0,4,44,80
4514232.0,0,0,4,44,80
4514232.0,0,0,4,12,112
4514288.0,0,0,4,12,112
4514288.0,0,0,4,8,116
4514579.0,2,0,2,8,116
4514616.0,4,0,0,8,116
4514756.0,4,0,0,8,116
4514756.0,4,0,7,1,116
4514906.0,4,0,7,1,116
4514906.0,4,0,7,0,117
4514920.0,4,0,7,33,84
4515035.0,4,0,7,41,76
4515169.0,4,0,7,41,76
4515169.0,4,0,7,9,108
4515554.0,4,0,7,9,108
4515554.0,4,0,7,8,109
4515571.0,4,0,7,9,108
4516883.0,4,0,7,9,108
4517456.0,11,0,0,9,108
4518520.0,11,0,0,9,108
4518520.0,11,0,1,8,108
4518635.0,11,0,1,8,108
4518635.0,11,0,8,1,108
4519171.0,11,0,8,1,108
4519171.0,11,0,9,0,108
4521220.0,12,0,8,0,108
4521335.0,19,0,1,0,108
4521871.0,20,0,0,0,108
4522461.0,20,0,0,40,68
4522465.0,20,0,0,72,36
4522468.0,20,0,0,72,36
4522468.0,12,8,0,72,36
4522765.0,12,8,0,76,32
4522767.0,12,8,0,76,32
4522767.0,0,20,0,76,32
4523131.0,0,20,0,76,32
4523495.0,0,20,0,76,32
4523857.0,0,20,0,76,32
4524219.0,0,20,0,76,32
4524268.0,0,12,0,84,32
4524268.0,0,12,0,20,96
4524567.0,0,0,0,32,96
4524567.0,0,0,0,0,128
4524586.0,0,0,0,0,128
4524629.0,0,0,0,32,96
4524629.0,0,0,0,0,128
4524692.0,0,0,0,32,96
4524692.0,0,0,0,0,128
4524751.0,0,0,0,32,96
4524751.0,0,0,0,0,128
4524812.0,0,0,0,32,96
4524812.0,0,0,0,0,128
4524878.0,0,0,0,32,96
4524878.0,0,0,0,0,128
4524936.0,0,0,0,32,96
4524945.0,0,0,0,32,96
4524945.0,0,0,0,0,128
4525002.0,0,0,0,32,96
4525218.0,0,0,0,64,64
4525220.0,0,0,0,64,64
4525220.0,0,0,0,63,65
4525233.0,0,0,0,64,64
4525303.0,0,0,0,64,64
4525303.0,0,0,0,32,96
4525366.0,0,0,0,32,96
4525366.0,0,0,0,28,100
4526061.0,0,0,0,28,100
4528536.0,0,0,0,28,100
4528602.0,0,0,0,28,100
4528602.0,0,0,28,0,100
4531302.0,28,0,0,0,100
4533406.0,28,0,0,32,68
4533409.0,28,0,0,36,64
4533414.0,28,0,0,36,64
4533708.0,28,0,0,36,64
4533770.0,28,0,0,36,64
4535201.0,28,0,0,100,0
4535201.0,0,28,0,100,0
4537001.0,0,0,0,128,0
4537001.0,0,0,0,0,128
4537006.0,0,0,0,0,128
4537105.0,0,0,0,128,0
4537105.0,0,0,0,92,36
4540705.0,0,0,0,92,36
4540705.0,0,0,92,0,36
4540807.0,0,0,92,0,36
4540837.0,0,0,92,0,36
4543405.0,92,0,0,0,36
4543405.0,52,40,0,0,36
4545205.0,52,0,0,40,36
4545205.0,52,0,0,0,76
4558380.0,52,0,0,0,76
4558380.0,20,32,0,0,76
4560180.0,20,0,0,32,76
4560180.0,20,0,0,0,108
4567736.0,20,0,0,0,108
4567736.0,18,2,0,0,108
4567796.0,18,2,0,0,108
4567796.0,16,4,0,0,108
4568485.0,16,4,0,0,108
4568485.0,15,5,0,0,108
4569172.0,15,5,0,0,108
4569536.0,15,3,0,2,108
4569536.0,15,3,0,0,110
4569554.0,15,3,0,0,110
4569556.0,15,3,0,2,108
4569596.0,15,1,0,4,108
4569596.0,15,1,0,2,110
4569624.0,15,1,0,4,108
4570283.0,15,1,0,36,76
4570283.0,15,1,0,3,109
4570285.0,15,0,0,4,109
4570285.0,15,0,0,3,110
4570302.0,15,0,0,4,109
4570309.0,15,0,0,5,108
4573156.0,15,0,0,5,108
4573156.0,15,0,1,4,108
4573224.0,15,0,1,4,108
4573224.0,15,0,3,2,108
4573902.0,15,0,3,2,108
4573902.0,15,0,4,1,108
4573909.0,15,0,4,1,108
4573909.0,15,0,5,0,108
4575856.0,16,0,4,0,108
4575924.0,18,0,2,0,108
4576602.0,19,0,1,0,108
4576609.0,20,0,0,0,108
4577871.0,20,0,0,8,100
4577899.0,20,0,0,40,68
4579254.0,20,0,0,40,68
4579254.0,20,0,0,39,69
4579267.0,20,0,0,40,68
4579965.0,20,0,0,40,68
4579965.0,20,0,0,8,100
4580363.0,20,0,0,40,68
4581436.0,20,0,0,40,68
4581436.0,20,0,0,36,72
4581471.0,20,0,0,36,72
4581471.0,20,0,4,32,72
4581550.0,20,0,4,36,68
4581560.0,20,0,4,36,68
4581768.0,20,0,4,36,68
4581768.0,20,0,4,32,72
4581826.0,20,0,4,36,68
4583963.0,20,0,4,36,68
4583963.0,20,0,32,8,68
4584171.0,24,0,28,8,68
4584171.0,20,4,28,8,68
4585426.0,20,4,28,8,68
4585426.0,20,4,32,4,68
4585971.0,20,0,32,8,68
4585971.0,20,0,32,0,76
4586129.0,20,0,32,8,68
4586663.0,48,0,4,8,68
4588126.0,52,0,0,8,68
4589729.0,52,0,0,8,68
4589729.0,52,0,8,0,68
4590036.0,52,0,8,32,36
4590037.0,52,0,8,32,36
4590037.0,52,0,8,31,37
4590051.0,52,0,8,32,36
4590764.0,52,0,8,32,36
4590764.0,52,0,8,0,68
4592429.0,60,0,0,0,68
4593636.0,60,0,0,0,68
4599686.0,60,0,0,4,64
4599748.0,60,0,0,36,32
4600833.0,60,0,0,68,0
4600835.0,60,0,0,68,0
4600835.0,60,0,0,67,1
4600848.0,60,0,0,68,0
4601565.0,60,0,0,68,0
4601565.0,60,0,0,36,32
4601954.0,60,0,0,36,32
4601954.0,60,0,0,35,33
4601968.0,60,0,0,36,32
4602877.0,60,0,0,36,32
4602877.0,32,28,0,36,32
4602893.0,32,28,0,36,32
4602893.0,0,60,0,36,32
4603063.0,0,60,0,36,32
4603286.0,0,60,0,36,32
4604677.0,0,32,0,64,32
4604677.0,0,32,0,0,96
4604693.0,0,0,0,32,96
4604693.0,0,0,0,0,128
4604837.0,0,0,0,64,64
4604837.0,0,0,0,63,65
4604854.0,0,0,0,64,64
4604910.0,0,0,0,96,32
4608282.0,0,0,0,128,0
4608284.0,0,0,0,128,0
4608284.0,0,0,0,127,1
4608297.0,0,0,0,128,0
4608437.0,0,0,0,128,0
4608437.0,0,0,63,65,0
4608454.0,0,0,63,65,0
4608454.0,0,0,64,64,0
4608510.0,0,0,64,64,0
4608510.0,0,0,96,32,0
4608859.0,0,0,96,32,0
4611137.0,63,0,33,32,0
4611137.0,32,31,33,32,0
4611154.0,33,31,32,32,0
4611154.0,32,32,32,32,0
4611210.0,64,32,0,32,0
4611882.0,64,32,0,32,0
4612937.0,64,1,0,63,0
4612954.0,64,0,0,64,0
4612954.0,64,0,0,0,64
4619789.0,64,0,0,0,64
4623877.0,64,0,0,64,0
4623877.0,0,64,0,64,0
4625677.0,0,0,0,128,0
4625677.0,0,0,0,0,128
4625763.0,0,0,0,128,0
