job_id,type,res,nodes,start_time,subtime,reqtime,req_finish_time,runtime,actual_finish_time,terminated,finish_time
9261334,execution_finished,1,[0],0.0,0,350,350.0,360,360.0,True,350.0
9261335,execution_finished,1,[1],22.0,22,350,372.0,359,381.0,True,372.0
9261353,execution_finished,1,[1],421.0,421,5390,5811.0,1,422.0,False,422.0
9261384,execution_finished,1,[1],506.0,506,350,856.0,42,548.0,False,548.0
9261385,execution_finished,1,[0],509.0,509,350,859.0,42,551.0,False,551.0
9261386,execution_finished,1,[2],512.0,512,350,862.0,41,553.0,False,553.0
9261387,execution_finished,1,[2],597.0,597,350,947.0,368,965.0,True,947.0
9261388,execution_finished,1,[0],624.0,624,350,974.0,384,1008.0,True,974.0
9261389,execution_finished,1,[1],650.0,650,350,1000.0,362,1012.0,True,1000.0
9261390,execution_finished,8,"[3, 4, 5, 6, 7, 8, 9, 10]",909.0,909,5340,6249.0,909,1818.0,False,1818.0
9261393,execution_finished,8,"[27, 28, 29, 30, 31, 32, 33, 34]",911.0,911,5340,6251.0,908,1819.0,False,1819.0
9261394,execution_finished,8,"[35, 36, 37, 38, 39, 40, 41, 42]",911.0,911,5340,6251.0,909,1820.0,False,1820.0
9261391,execution_finished,8,"[11, 12, 13, 14, 15, 16, 17, 18]",910.0,910,5340,6250.0,913,1823.0,False,1823.0
9261392,execution_finished,8,"[19, 20, 21, 22, 23, 24, 25, 26]",911.0,911,5340,6251.0,912,1823.0,False,1823.0
9261396,execution_finished,8,"[51, 52, 53, 54, 55, 56, 57, 58]",912.0,912,5340,6252.0,911,1823.0,False,1823.0
9261395,execution_finished,8,"[43, 44, 45, 46, 47, 48, 49, 50]",912.0,912,5340,6252.0,912,1824.0,False,1824.0
9261397,execution_finished,8,"[1, 0, 2, 59, 60, 61, 62, 63]",1000.0,913,5340,6340.0,907,1907.0,False,1907.0
9261399,execution_finished,8,"[27, 28, 29, 30, 31, 32, 33, 34]",1819.0,913,5340,7159.0,908,2727.0,False,2727.0
9261398,execution_finished,8,"[3, 4, 5, 6, 7, 8, 9, 10]",1818.0,913,5340,7158.0,912,2730.0,False,2730.0
9261414,execution_finished,1,[3],2730.0,1051,5450,8180.0,1,2731.0,False,2731.0
9261421,execution_finished,1,[4],2730.0,1062,5390,8120.0,1,2731.0,False,2731.0
9261400,execution_finished,8,"[35, 36, 37, 38, 39, 40, 41, 42]",1820.0,914,5340,7160.0,912,2732.0,False,2732.0
9261404,execution_finished,8,"[43, 44, 45, 46, 47, 48, 49, 50]",1824.0,914,5340,7164.0,908,2732.0,False,2732.0
9261401,execution_finished,8,"[11, 12, 13, 14, 15, 16, 17, 18]",1823.0,914,5340,7163.0,911,2734.0,False,2734.0
9261403,execution_finished,8,"[51, 52, 53, 54, 55, 56, 57, 58]",1823.0,914,5340,7163.0,911,2734.0,False,2734.0
9261402,execution_finished,8,"[19, 20, 21, 22, 23, 24, 25, 26]",1823.0,914,5340,7163.0,912,2735.0,False,2735.0
9261405,execution_finished,8,"[0, 1, 2, 59, 60, 61, 62, 63]",1907.0,914,5340,7247.0,909,2816.0,False,2816.0
9261433,execution_finished,8,"[51, 52, 53, 54, 55, 56, 57, 58]",2734.0,1839,5340,8074.0,903,3637.0,False,3637.0
9261430,execution_finished,8,"[35, 36, 37, 38, 39, 40, 41, 42]",2732.0,1837,5340,8072.0,906,3638.0,False,3638.0
9261434,execution_finished,8,"[19, 20, 21, 22, 23, 24, 25, 26]",2735.0,1839,5340,8075.0,905,3640.0,False,3640.0
9261431,execution_finished,8,"[43, 44, 45, 46, 47, 48, 49, 50]",2732.0,1838,5340,8072.0,909,3641.0,False,3641.0
9261432,execution_finished,8,"[11, 12, 13, 14, 15, 16, 17, 18]",2734.0,1838,5340,8074.0,907,3641.0,False,3641.0
9261435,execution_finished,8,"[0, 1, 2, 59, 60, 61, 62, 63]",2816.0,1840,5340,8156.0,908,3724.0,False,3724.0
9261426,execution_finished,1,[9],2730.0,1069,5390,8120.0,1244,3974.0,False,3974.0
9261410,execution_finished,1,[31],2727.0,1045,5390,8117.0,1356,4083.0,False,4083.0
9261422,execution_finished,1,[5],2730.0,1063,5450,8180.0,1362,4092.0,False,4092.0
9261412,execution_finished,1,[33],2727.0,1048,5390,8117.0,1419,4146.0,False,4146.0
9261406,execution_finished,1,[27],2727.0,1038,5390,8117.0,1420,4147.0,False,4147.0
9261425,execution_finished,1,[8],2730.0,1068,5450,8180.0,1450,4180.0,False,4180.0
9261429,execution_finished,1,[4],2731.0,1074,5390,8121.0,1453,4184.0,False,4184.0
9261409,execution_finished,1,[30],2727.0,1043,5390,8117.0,1464,4191.0,False,4191.0
9261408,execution_finished,1,[29],2727.0,1041,5450,8177.0,1564,4291.0,False,4291.0
9261423,execution_finished,1,[6],2730.0,1065,5390,8120.0,1588,4318.0,False,4318.0
9261424,execution_finished,1,[7],2730.0,1066,5390,8120.0,1589,4319.0,False,4319.0
9261427,execution_finished,1,[10],2730.0,1071,5450,8180.0,1589,4319.0,False,4319.0
9261428,execution_finished,1,[3],2731.0,1073,5390,8121.0,1590,4321.0,False,4321.0
9261407,execution_finished,1,[28],2727.0,1040,5450,8177.0,1608,4335.0,False,4335.0
9261413,execution_finished,1,[34],2727.0,1050,5390,8117.0,1625,4352.0,False,4352.0
9261436,execution_finished,8,"[51, 52, 53, 54, 55, 56, 57, 58]",3637.0,1841,5340,8977.0,908,4545.0,False,4545.0
9261437,execution_finished,8,"[35, 36, 37, 38, 39, 40, 41, 42]",3638.0,1841,5340,8978.0,908,4546.0,False,4546.0
9261439,execution_finished,8,"[11, 12, 13, 14, 15, 16, 17, 18]",3641.0,1842,5340,8981.0,906,4547.0,False,4547.0
9261438,execution_finished,8,"[19, 20, 21, 22, 23, 24, 25, 26]",3640.0,1841,5340,8980.0,908,4548.0,False,4548.0
9261440,execution_finished,8,"[43, 44, 45, 46, 47, 48, 49, 50]",3641.0,1842,5340,8981.0,908,4549.0,False,4549.0
9261444,execution_finished,8,"[35, 36, 37, 38, 39, 40, 41, 42]",4546.0,1842,5340,9886.0,14,4560.0,False,4560.0
9261446,execution_finished,8,"[19, 20, 21, 22, 23, 24, 25, 26]",4548.0,1862,5340,9888.0,17,4565.0,False,4565.0
9261441,execution_finished,8,"[0, 1, 2, 59, 60, 61, 62, 63]",3724.0,1842,5340,9064.0,905,4629.0,False,4629.0
9261411,execution_finished,1,[32],2727.0,1046,5390,8117.0,1903,4630.0,False,4630.0
9261442,execution_finished,8,"[30, 4, 8, 27, 33, 5, 31, 9]",4191.0,1842,5340,9531.0,908,5099.0,False,5099.0
9261443,execution_finished,8,"[51, 52, 53, 54, 55, 56, 57, 58]",4545.0,1842,5340,9885.0,906,5451.0,False,5451.0
9261445,execution_finished,8,"[11, 12, 13, 14, 15, 16, 17, 18]",4547.0,1843,5340,9887.0,918,5465.0,False,5465.0
9261454,execution_finished,8,"[11, 12, 13, 14, 15, 16, 17, 18]",5465.0,2764,5340,10805.0,918,6383.0,False,6383.0
9261455,execution_finished,8,"[11, 12, 13, 14, 15, 16, 17, 18]",6383.0,2765,5340,11723.0,915,7298.0,False,7298.0
9261456,execution_finished,8,"[11, 12, 13, 14, 15, 16, 17, 18]",7298.0,2767,5340,12638.0,914,8212.0,False,8212.0
9261457,execution_finished,8,"[11, 12, 13, 14, 15, 16, 17, 18]",8212.0,2768,5340,13552.0,913,9125.0,False,9125.0
9261458,execution_finished,8,"[11, 12, 13, 14, 15, 16, 17, 18]",9125.0,2768,5340,14465.0,916,10041.0,False,10041.0
9261452,execution_finished,8,"[4, 5, 8, 9, 27, 30, 31, 33]",5099.0,1939,72599,77698.0,5696,10795.0,False,10795.0
9261459,execution_finished,8,"[11, 12, 13, 14, 15, 16, 17, 18]",10041.0,2769,5340,15381.0,915,10956.0,False,10956.0
9261460,execution_finished,8,"[4, 5, 8, 9, 27, 30, 31, 33]",10795.0,2769,5340,16135.0,917,11712.0,False,11712.0
9261461,execution_finished,8,"[11, 12, 13, 14, 15, 16, 17, 18]",10956.0,2769,5340,16296.0,916,11872.0,False,11872.0
9261462,execution_finished,8,"[4, 5, 8, 9, 27, 30, 31, 33]",11712.0,2770,5340,17052.0,914,12626.0,False,12626.0
9261463,execution_finished,8,"[11, 12, 13, 14, 15, 16, 17, 18]",11872.0,2770,5340,17212.0,918,12790.0,False,12790.0
9261464,execution_finished,8,"[4, 5, 8, 9, 27, 30, 31, 33]",12626.0,2771,5340,17966.0,916,13542.0,False,13542.0
9261465,execution_finished,8,"[11, 12, 13, 14, 15, 16, 17, 18]",12790.0,2771,5340,18130.0,914,13704.0,False,13704.0
9261466,execution_finished,8,"[4, 5, 8, 9, 27, 30, 31, 33]",13542.0,2771,5340,18882.0,912,14454.0,False,14454.0
9261467,execution_finished,8,"[11, 12, 13, 14, 15, 16, 17, 18]",13704.0,2771,5340,19044.0,888,14592.0,False,14592.0
9261447,execution_finished,8,"[43, 44, 45, 46, 47, 48, 49, 50]",4549.0,1932,72599,77148.0,10776,15325.0,False,15325.0
9261448,execution_finished,8,"[35, 36, 37, 38, 39, 40, 41, 42]",4560.0,1932,72599,77159.0,10778,15338.0,False,15338.0
9261449,execution_finished,8,"[19, 20, 21, 22, 23, 24, 25, 26]",4565.0,1933,72599,77164.0,10776,15341.0,False,15341.0
9261468,execution_finished,8,"[4, 5, 8, 9, 27, 30, 31, 33]",14454.0,2771,5340,19794.0,888,15342.0,False,15342.0
9261473,execution_finished,1,[46],15325.0,2971,600,15925.0,17,15342.0,False,15342.0
9261515,execution_finished,1,[31],15342.0,3582,5390,20732.0,1,15343.0,False,15343.0
9261470,execution_finished,1,[43],15325.0,2966,600,15925.0,21,15346.0,False,15346.0
9261477,execution_finished,1,[50],15325.0,2977,600,15925.0,21,15346.0,False,15346.0
9261476,execution_finished,1,[49],15325.0,2976,600,15925.0,24,15349.0,False,15349.0
9261472,execution_finished,1,[45],15325.0,2969,600,15925.0,28,15353.0,False,15353.0
9261474,execution_finished,1,[47],15325.0,2972,600,15925.0,29,15354.0,False,15354.0
9261475,execution_finished,1,[48],15325.0,2974,600,15925.0,29,15354.0,False,15354.0
9261493,execution_finished,1,[42],15338.0,3001,600,15938.0,17,15355.0,False,15355.0
9261471,execution_finished,1,[44],15325.0,2968,600,15925.0,31,15356.0,False,15356.0
9261486,execution_finished,1,[35],15338.0,2991,600,15938.0,21,15359.0,False,15359.0
9261487,execution_finished,1,[36],15338.0,2992,600,15938.0,21,15359.0,False,15359.0
9261491,execution_finished,1,[40],15338.0,2998,600,15938.0,22,15360.0,False,15360.0
9261492,execution_finished,1,[41],15338.0,3000,600,15938.0,23,15361.0,False,15361.0
9261488,execution_finished,1,[37],15338.0,2994,600,15938.0,24,15362.0,False,15362.0
9261490,execution_finished,1,[39],15338.0,2997,600,15938.0,29,15367.0,False,15367.0
9261489,execution_finished,1,[38],15338.0,2995,600,15938.0,32,15370.0,False,15370.0
9261496,execution_finished,1,[21],15341.0,3054,350,15691.0,41,15382.0,False,15382.0
9261495,execution_finished,1,[20],15341.0,3051,410,15751.0,42,15383.0,False,15383.0
9261494,execution_finished,1,[19],15341.0,3049,410,15751.0,43,15384.0,False,15384.0
9261450,execution_finished,8,"[0, 1, 2, 59, 60, 61, 62, 63]",4629.0,1933,72599,77228.0,10777,15406.0,False,15406.0
9261451,execution_finished,8,"[32, 34, 28, 3, 7, 10, 6, 29]",4630.0,1938,72599,77229.0,10777,15407.0,False,15407.0
9261469,execution_finished,8,"[11, 12, 13, 14, 15, 16, 17, 18]",14592.0,2772,5340,19932.0,909,15501.0,False,15501.0
9261497,execution_finished,1,[22],15341.0,3140,350,15691.0,368,15709.0,True,15691.0
9261498,execution_finished,1,[23],15341.0,3167,350,15691.0,362,15703.0,True,15691.0
9261499,execution_finished,1,[24],15341.0,3190,350,15691.0,358,15699.0,True,15691.0
9261453,execution_finished,8,"[51, 52, 53, 54, 55, 56, 57, 58]",5451.0,1968,72599,78050.0,10777,16228.0,False,16228.0
9261524,execution_finished,8,"[37, 41, 40, 35, 36, 44, 42, 48]",15362.0,3699,5340,20702.0,911,16273.0,False,16273.0
9261525,execution_finished,8,"[0, 1, 2, 59, 60, 61, 62, 63]",15406.0,3700,5340,20746.0,910,16316.0,False,16316.0
9261526,execution_finished,8,"[3, 6, 7, 10, 28, 29, 32, 34]",15407.0,3700,5340,20747.0,911,16318.0,False,16318.0
9261527,execution_finished,8,"[11, 12, 13, 14, 15, 16, 17, 18]",15501.0,3701,5340,20841.0,910,16411.0,False,16411.0
9261522,execution_finished,1,[45],15353.0,3592,5390,20743.0,1096,16449.0,False,16449.0
9261523,execution_finished,1,[47],15354.0,3593,5390,20744.0,1098,16452.0,False,16452.0
9261518,execution_finished,1,[31],15343.0,3586,5390,20733.0,1223,16566.0,False,16566.0
9261521,execution_finished,1,[49],15349.0,3590,5450,20799.0,1228,16577.0,False,16577.0
9261528,execution_finished,8,"[22, 23, 24, 19, 20, 21, 38, 39]",15691.0,3701,5340,21031.0,908,16599.0,False,16599.0
9261505,execution_finished,1,[9],15342.0,3566,5450,20792.0,1389,16731.0,False,16731.0
9261501,execution_finished,1,[26],15341.0,3560,5390,20731.0,1391,16732.0,False,16732.0
9261506,execution_finished,1,[27],15342.0,3568,5450,20792.0,1393,16735.0,False,16735.0
9261517,execution_finished,1,[46],15342.0,3585,5390,20732.0,1438,16780.0,False,16780.0
9261516,execution_finished,1,[33],15342.0,3583,5390,20732.0,1442,16784.0,False,16784.0
9261520,execution_finished,1,[50],15346.0,3589,5450,20796.0,1439,16785.0,False,16785.0
9261519,execution_finished,1,[43],15346.0,3588,5450,20796.0,1443,16789.0,False,16789.0
9261503,execution_finished,1,[5],15342.0,3563,5390,20732.0,1708,17050.0,False,17050.0
9261502,execution_finished,1,[4],15342.0,3562,5450,20792.0,1752,17094.0,False,17094.0
9261500,execution_finished,1,[25],15341.0,3559,5390,20731.0,1781,17122.0,False,17122.0
9261529,execution_finished,8,"[51, 52, 53, 54, 55, 56, 57, 58]",16228.0,3703,5340,21568.0,909,17137.0,False,17137.0
9261507,execution_finished,1,[30],15342.0,3570,5390,20732.0,1840,17182.0,False,17182.0
9261530,execution_finished,8,"[35, 36, 37, 40, 41, 42, 44, 48]",16273.0,3703,5340,21613.0,910,17183.0,False,17183.0
9261504,execution_finished,1,[8],15342.0,3565,5390,20732.0,1876,17218.0,False,17218.0
9261531,execution_finished,8,"[0, 1, 2, 59, 60, 61, 62, 63]",16316.0,3703,5340,21656.0,907,17223.0,False,17223.0
9261532,execution_finished,8,"[3, 6, 7, 10, 28, 29, 32, 34]",16318.0,3704,5340,21658.0,908,17226.0,False,17226.0
9261533,execution_finished,8,"[11, 12, 13, 14, 15, 16, 17, 18]",16411.0,3704,5340,21751.0,910,17321.0,False,17321.0
9261534,execution_finished,8,"[19, 20, 21, 22, 23, 24, 38, 39]",16599.0,3704,5340,21939.0,910,17509.0,False,17509.0
9261535,execution_finished,8,"[46, 27, 26, 9, 49, 31, 47, 45]",16780.0,3704,5340,22120.0,910,17690.0,False,17690.0
9261536,execution_finished,8,"[51, 52, 53, 54, 55, 56, 57, 58]",17137.0,3704,5340,22477.0,908,18045.0,False,18045.0
9261537,execution_finished,8,"[35, 36, 37, 40, 41, 42, 44, 48]",17183.0,3704,5340,22523.0,904,18087.0,False,18087.0
9261538,execution_finished,8,"[8, 30, 25, 4, 5, 43, 50, 33]",17218.0,3704,5340,22558.0,906,18124.0,False,18124.0
9261539,execution_finished,8,"[0, 1, 2, 59, 60, 61, 62, 63]",17223.0,3705,5340,22563.0,916,18139.0,False,18139.0
9261540,execution_finished,8,"[3, 6, 7, 10, 28, 29, 32, 34]",17226.0,4625,5340,22566.0,916,18142.0,False,18142.0
9261541,execution_finished,8,"[11, 12, 13, 14, 15, 16, 17, 18]",17321.0,4627,5340,22661.0,916,18237.0,False,18237.0
9261542,execution_finished,8,"[19, 20, 21, 22, 23, 24, 38, 39]",17509.0,4627,5340,22849.0,917,18426.0,False,18426.0
9261543,execution_finished,8,"[9, 26, 27, 31, 45, 46, 47, 49]",17690.0,4627,5340,23030.0,917,18607.0,False,18607.0
9261544,execution_finished,8,"[51, 52, 53, 54, 55, 56, 57, 58]",18045.0,4628,5340,23385.0,916,18961.0,False,18961.0
9261545,execution_finished,8,"[35, 36, 37, 40, 41, 42, 44, 48]",18087.0,4628,5340,23427.0,913,19000.0,False,19000.0
9261546,execution_finished,8,"[4, 5, 8, 25, 30, 33, 43, 50]",18124.0,4629,5340,23464.0,916,19040.0,False,19040.0
9261547,execution_finished,8,"[0, 1, 2, 59, 60, 61, 62, 63]",18139.0,4629,5340,23479.0,917,19056.0,False,19056.0
9261548,execution_finished,8,"[3, 6, 7, 10, 28, 29, 32, 34]",18142.0,4630,5340,23482.0,916,19058.0,False,19058.0
9261556,execution_finished,8,"[3, 6, 7, 10, 28, 29, 32, 34]",19058.0,4666,5340,24398.0,17,19075.0,False,19075.0
9261557,execution_finished,8,"[3, 6, 7, 10, 28, 29, 32, 34]",19075.0,4669,5340,24415.0,21,19096.0,False,19096.0
9261560,execution_finished,1,[7],19096.0,5454,600,19696.0,21,19117.0,False,19117.0
9261562,execution_finished,1,[28],19096.0,5457,600,19696.0,22,19118.0,False,19118.0
9261564,execution_finished,1,[32],19096.0,5460,600,19696.0,24,19120.0,False,19120.0
9261563,execution_finished,1,[29],19096.0,5459,600,19696.0,30,19126.0,False,19126.0
9261558,execution_finished,1,[3],19096.0,5451,600,19696.0,32,19128.0,False,19128.0
9261565,execution_finished,1,[34],19096.0,5462,600,19696.0,32,19128.0,False,19128.0
9261561,execution_finished,1,[10],19096.0,5455,600,19696.0,34,19130.0,False,19130.0
9261559,execution_finished,1,[6],19096.0,5452,600,19696.0,36,19132.0,False,19132.0
9261575,execution_finished,1,[28],19118.0,5477,600,19718.0,19,19137.0,False,19137.0
9261576,execution_finished,1,[32],19120.0,5479,600,19720.0,19,19139.0,False,19139.0
9261577,execution_finished,1,[29],19126.0,5481,600,19726.0,19,19145.0,False,19145.0
9261574,execution_finished,1,[7],19117.0,5476,600,19717.0,30,19147.0,False,19147.0
9261578,execution_finished,1,[3],19128.0,5483,600,19728.0,22,19150.0,False,19150.0
9261579,execution_finished,1,[34],19128.0,5484,600,19728.0,22,19150.0,False,19150.0
9261549,execution_finished,8,"[11, 12, 13, 14, 15, 16, 17, 18]",18237.0,4630,5340,23577.0,916,19153.0,False,19153.0
9261581,execution_finished,1,[6],19132.0,5487,600,19732.0,25,19157.0,False,19157.0
9261580,execution_finished,1,[10],19130.0,5486,600,19730.0,29,19159.0,False,19159.0
9261582,execution_finished,1,[28],19137.0,5529,350,19487.0,42,19179.0,False,19179.0
9261583,execution_finished,1,[32],19139.0,5531,410,19549.0,42,19181.0,False,19181.0
9261584,execution_finished,1,[29],19145.0,5534,410,19555.0,41,19186.0,False,19186.0
9261550,execution_finished,8,"[19, 20, 21, 22, 23, 24, 38, 39]",18426.0,4630,5340,23766.0,916,19342.0,False,19342.0
9261551,execution_finished,8,"[9, 26, 27, 31, 45, 46, 47, 49]",18607.0,4630,5340,23947.0,915,19522.0,False,19522.0
9261552,execution_finished,8,"[51, 52, 53, 54, 55, 56, 57, 58]",18961.0,4630,5340,24301.0,913,19874.0,False,19874.0
9261553,execution_finished,8,"[35, 36, 37, 40, 41, 42, 44, 48]",19000.0,4630,5340,24340.0,915,19915.0,False,19915.0
9261554,execution_finished,8,"[4, 5, 8, 25, 30, 33, 43, 50]",19040.0,4631,5340,24380.0,915,19955.0,False,19955.0
9261555,execution_finished,8,"[0, 1, 2, 59, 60, 61, 62, 63]",19056.0,4631,5340,24396.0,910,19966.0,False,19966.0
9261585,execution_finished,8,"[11, 12, 13, 14, 15, 16, 17, 18]",19153.0,5564,5340,24493.0,909,20062.0,False,20062.0
9261586,execution_finished,8,"[29, 32, 28, 10, 6, 3, 34, 7]",19186.0,5565,5340,24526.0,911,20097.0,False,20097.0
9261587,execution_finished,8,"[19, 20, 21, 22, 23, 24, 38, 39]",19342.0,5566,5340,24682.0,905,20247.0,False,20247.0
9261588,execution_finished,8,"[9, 26, 27, 31, 45, 46, 47, 49]",19522.0,5566,5340,24862.0,907,20429.0,False,20429.0
9261589,execution_finished,8,"[51, 52, 53, 54, 55, 56, 57, 58]",19874.0,5566,5340,25214.0,907,20781.0,False,20781.0
9261590,execution_finished,8,"[35, 36, 37, 40, 41, 42, 44, 48]",19915.0,5567,5340,25255.0,908,20823.0,False,20823.0
9261591,execution_finished,8,"[4, 5, 8, 25, 30, 33, 43, 50]",19955.0,5567,5340,25295.0,907,20862.0,False,20862.0
9261592,execution_finished,8,"[0, 1, 2, 59, 60, 61, 62, 63]",19966.0,5568,5340,25306.0,910,20876.0,False,20876.0
9261593,execution_finished,8,"[11, 12, 13, 14, 15, 16, 17, 18]",20062.0,5568,5340,25402.0,906,20968.0,False,20968.0
9261594,execution_finished,8,"[3, 6, 7, 10, 28, 29, 32, 34]",20097.0,5568,5340,25437.0,911,21008.0,False,21008.0
9261595,execution_finished,8,"[19, 20, 21, 22, 23, 24, 38, 39]",20247.0,5569,5340,25587.0,911,21158.0,False,21158.0
9261601,execution_finished,1,[11],20968.0,5618,350,21318.0,363,21331.0,True,21318.0
9261602,execution_finished,1,[12],20968.0,5647,350,21318.0,357,21325.0,True,21318.0
9261603,execution_finished,1,[13],20968.0,5675,350,21318.0,356,21324.0,True,21318.0
9261596,execution_finished,8,"[9, 26, 27, 31, 45, 46, 47, 49]",20429.0,5570,5340,25769.0,909,21338.0,False,21338.0
9261597,execution_finished,8,"[51, 52, 53, 54, 55, 56, 57, 58]",20781.0,5570,5340,26121.0,911,21692.0,False,21692.0
9261598,execution_finished,8,"[35, 36, 37, 40, 41, 42, 44, 48]",20823.0,5570,5340,26163.0,881,21704.0,False,21704.0
9261599,execution_finished,8,"[4, 5, 8, 25, 30, 33, 43, 50]",20862.0,5571,5340,26202.0,881,21743.0,False,21743.0
9261600,execution_finished,8,"[0, 1, 2, 59, 60, 61, 62, 63]",20876.0,5571,5340,26216.0,910,21786.0,False,21786.0
9261628,execution_finished,8,"[19, 20, 21, 22, 23, 24, 38, 39]",21158.0,6486,5340,26498.0,911,22069.0,False,22069.0
9261629,execution_finished,8,"[11, 12, 13, 10, 28, 29, 32, 34]",21318.0,6488,5340,26658.0,910,22228.0,False,22228.0
9261630,execution_finished,8,"[9, 26, 27, 31, 45, 46, 47, 49]",21338.0,6489,5340,26678.0,910,22248.0,False,22248.0
9261606,execution_finished,1,[16],20968.0,6066,5450,26418.0,1409,22377.0,False,22377.0
9261604,execution_finished,1,[14],20968.0,6063,5450,26418.0,1429,22397.0,False,22397.0
9261608,execution_finished,1,[18],20968.0,6069,5450,26418.0,1475,22443.0,False,22443.0
9261610,execution_finished,1,[6],21008.0,6072,5390,26398.0,1583,22591.0,False,22591.0
9261631,execution_finished,8,"[51, 52, 53, 54, 55, 56, 57, 58]",21692.0,6489,5340,27032.0,909,22601.0,False,22601.0
9261632,execution_finished,8,"[35, 36, 37, 40, 41, 42, 44, 48]",21704.0,6490,5340,27044.0,909,22613.0,False,22613.0
9261633,execution_finished,8,"[4, 5, 8, 25, 30, 33, 43, 50]",21743.0,6490,5340,27083.0,906,22649.0,False,22649.0
9261607,execution_finished,1,[17],20968.0,6068,5390,26358.0,1688,22656.0,False,22656.0
9261605,execution_finished,1,[15],20968.0,6064,5390,26358.0,1715,22683.0,False,22683.0
9261634,execution_finished,8,"[0, 1, 2, 59, 60, 61, 62, 63]",21786.0,6491,5340,27126.0,910,22696.0,False,22696.0
9261611,execution_finished,1,[7],21008.0,6074,5390,26398.0,1767,22775.0,False,22775.0
9261609,execution_finished,1,[3],21008.0,6071,5390,26398.0,1805,22813.0,False,22813.0
9261635,execution_finished,8,"[19, 20, 21, 22, 23, 24, 38, 39]",22069.0,6491,5340,27409.0,906,22975.0,False,22975.0
9261636,execution_finished,8,"[10, 11, 12, 13, 28, 29, 32, 34]",22228.0,6492,5340,27568.0,910,23138.0,False,23138.0
9261637,execution_finished,8,"[9, 26, 27, 31, 45, 46, 47, 49]",22248.0,6492,5340,27588.0,908,23156.0,False,23156.0
9261638,execution_finished,8,"[51, 52, 53, 54, 55, 56, 57, 58]",22601.0,6492,5340,27941.0,906,23507.0,False,23507.0
9261639,execution_finished,8,"[35, 36, 37, 40, 41, 42, 44, 48]",22613.0,6492,5340,27953.0,911,23524.0,False,23524.0
9261640,execution_finished,8,"[4, 5, 8, 25, 30, 33, 43, 50]",22649.0,6492,5340,27989.0,909,23558.0,False,23558.0
9261641,execution_finished,8,"[0, 1, 2, 59, 60, 61, 62, 63]",22696.0,6492,5340,28036.0,909,23605.0,False,23605.0
9261642,execution_finished,8,"[3, 7, 15, 17, 6, 18, 14, 16]",22813.0,6492,5340,28153.0,908,23721.0,False,23721.0
9261643,execution_finished,8,"[19, 20, 21, 22, 23, 24, 38, 39]",22975.0,6493,5340,28315.0,913,23888.0,False,23888.0
9261644,execution_finished,8,"[10, 11, 12, 13, 28, 29, 32, 34]",23138.0,7424,5340,28478.0,915,24053.0,False,24053.0
9261645,execution_finished,8,"[9, 26, 27, 31, 45, 46, 47, 49]",23156.0,7425,5340,28496.0,914,24070.0,False,24070.0
9261646,execution_finished,8,"[51, 52, 53, 54, 55, 56, 57, 58]",23507.0,7427,5340,28847.0,914,24421.0,False,24421.0
9261647,execution_finished,8,"[35, 36, 37, 40, 41, 42, 44, 48]",23524.0,7427,5340,28864.0,911,24435.0,False,24435.0
9261648,execution_finished,8,"[4, 5, 8, 25, 30, 33, 43, 50]",23558.0,7427,5340,28898.0,915,24473.0,False,24473.0
9261649,execution_finished,8,"[0, 1, 2, 59, 60, 61, 62, 63]",23605.0,7427,5340,28945.0,910,24515.0,False,24515.0
9261650,execution_finished,8,"[3, 6, 7, 14, 15, 16, 17, 18]",23721.0,7428,5340,29061.0,914,24635.0,False,24635.0
9261651,execution_finished,8,"[19, 20, 21, 22, 23, 24, 38, 39]",23888.0,7428,5340,29228.0,914,24802.0,False,24802.0
9261652,execution_finished,8,"[10, 11, 12, 13, 28, 29, 32, 34]",24053.0,7428,5340,29393.0,913,24966.0,False,24966.0
9261660,execution_finished,8,"[10, 11, 12, 13, 28, 29, 32, 34]",24966.0,7459,5340,30306.0,10,24976.0,False,24976.0
9261653,execution_finished,8,"[9, 26, 27, 31, 45, 46, 47, 49]",24070.0,7428,5340,29410.0,914,24984.0,False,24984.0
9261661,execution_finished,8,"[10, 11, 12, 13, 28, 29, 32, 34]",24976.0,7463,5340,30316.0,10,24986.0,False,24986.0
9261668,execution_finished,1,[47],24984.0,7899,600,25584.0,18,25002.0,False,25002.0
9261664,execution_finished,1,[27],24984.0,7892,600,25584.0,21,25005.0,False,25005.0
9261667,execution_finished,1,[46],24984.0,7898,600,25584.0,27,25011.0,False,25011.0
9261665,execution_finished,1,[31],24984.0,7895,600,25584.0,28,25012.0,False,25012.0
9261666,execution_finished,1,[45],24984.0,7896,600,25584.0,34,25018.0,False,25018.0
9261662,execution_finished,1,[9],24984.0,7889,600,25584.0,36,25020.0,False,25020.0
9261663,execution_finished,1,[26],24984.0,7890,600,25584.0,36,25020.0,False,25020.0
9261685,execution_finished,1,[49],24984.0,7951,350,25334.0,42,25026.0,False,25026.0
9261687,execution_finished,1,[11],24986.0,7956,350,25336.0,41,25027.0,False,25027.0
9261686,execution_finished,1,[10],24986.0,7953,410,25396.0,43,25029.0,False,25029.0
9261654,execution_finished,8,"[51, 52, 53, 54, 55, 56, 57, 58]",24421.0,7428,5340,29761.0,912,25333.0,False,25333.0
9261688,execution_finished,1,[12],24986.0,8037,350,25336.0,355,25341.0,True,25336.0
9261689,execution_finished,1,[13],24986.0,8061,350,25336.0,355,25341.0,True,25336.0
9261690,execution_finished,1,[28],24986.0,8083,350,25336.0,354,25340.0,True,25336.0
9261655,execution_finished,8,"[35, 36, 37, 40, 41, 42, 44, 48]",24435.0,7428,5340,29775.0,915,25350.0,False,25350.0
9261656,execution_finished,8,"[4, 5, 8, 25, 30, 33, 43, 50]",24473.0,7428,5340,29813.0,913,25386.0,False,25386.0
9261657,execution_finished,8,"[0, 1, 2, 59, 60, 61, 62, 63]",24515.0,7428,5340,29855.0,911,25426.0,False,25426.0
9261658,execution_finished,8,"[3, 6, 7, 14, 15, 16, 17, 18]",24635.0,7429,5340,29975.0,913,25548.0,False,25548.0
9261659,execution_finished,8,"[19, 20, 21, 22, 23, 24, 38, 39]",24802.0,7429,5340,30142.0,910,25712.0,False,25712.0
9261691,execution_finished,8,"[45, 31, 46, 27, 47, 29, 32, 34]",25018.0,8347,5340,30358.0,915,25933.0,False,25933.0
9261693,execution_finished,8,"[12, 13, 28, 10, 11, 49, 9, 26]",25336.0,8349,5340,30676.0,908,26244.0,False,26244.0
9261692,execution_finished,8,"[51, 52, 53, 54, 55, 56, 57, 58]",25333.0,8348,5340,30673.0,912,26245.0,False,26245.0
9261694,execution_finished,8,"[35, 36, 37, 40, 41, 42, 44, 48]",25350.0,8349,5340,30690.0,912,26262.0,False,26262.0
9261695,execution_finished,8,"[4, 5, 8, 25, 30, 33, 43, 50]",25386.0,8349,5340,30726.0,915,26301.0,False,26301.0
9261696,execution_finished,8,"[0, 1, 2, 59, 60, 61, 62, 63]",25426.0,8350,5340,30766.0,910,26336.0,False,26336.0
9261697,execution_finished,8,"[3, 6, 7, 14, 15, 16, 17, 18]",25548.0,8351,5340,30888.0,915,26463.0,False,26463.0
9261698,execution_finished,8,"[19, 20, 21, 22, 23, 24, 38, 39]",25712.0,8351,5340,31052.0,914,26626.0,False,26626.0
9261699,execution_finished,8,"[27, 29, 31, 32, 34, 45, 46, 47]",25933.0,8352,5340,31273.0,909,26842.0,False,26842.0
9261711,execution_finished,1,[27],26842.0,8454,5390,32232.0,1,26843.0,False,26843.0
9261712,execution_finished,1,[29],26842.0,8456,5390,32232.0,1,26843.0,False,26843.0
9261713,execution_finished,1,[31],26842.0,8457,5390,32232.0,1,26843.0,False,26843.0
9261714,execution_finished,1,[32],26842.0,8459,5450,32292.0,1,26843.0,False,26843.0
9261716,execution_finished,1,[34],26842.0,8462,5390,32232.0,1,26843.0,False,26843.0
9261718,execution_finished,1,[45],26842.0,8465,5450,32292.0,1,26843.0,False,26843.0
9261719,execution_finished,1,[46],26842.0,8467,5390,32232.0,1,26843.0,False,26843.0
9261761,execution_finished,1,[45],26843.0,9079,5450,32293.0,2,26845.0,False,26845.0
9261762,execution_finished,1,[46],26843.0,9081,5390,32233.0,2,26845.0,False,26845.0
9261778,execution_finished,1,[45],26845.0,9106,5390,32235.0,1,26846.0,False,26846.0
9261779,execution_finished,1,[46],26845.0,9108,5390,32235.0,1,26846.0,False,26846.0
9261780,execution_finished,1,[45],26846.0,9109,5450,32296.0,1,26847.0,False,26847.0
9261755,execution_finished,1,[47],26842.0,8566,350,27192.0,41,26883.0,False,26883.0
9261757,execution_finished,1,[29],26843.0,8571,410,27253.0,41,26884.0,False,26884.0
9261756,execution_finished,1,[27],26843.0,8568,410,27253.0,43,26886.0,False,26886.0
9261810,execution_finished,1,[45],26847.0,9188,410,27257.0,41,26888.0,False,26888.0
9261809,execution_finished,1,[46],26846.0,9185,350,27196.0,45,26891.0,False,26891.0
9261811,execution_finished,1,[47],26883.0,9191,410,27293.0,41,26924.0,False,26924.0
9261701,execution_finished,8,"[51, 52, 53, 54, 55, 56, 57, 58]",26245.0,8352,5340,31585.0,913,27158.0,False,27158.0
9261700,execution_finished,8,"[9, 10, 11, 12, 13, 26, 28, 49]",26244.0,8352,5340,31584.0,915,27159.0,False,27159.0
9261702,execution_finished,8,"[35, 36, 37, 40, 41, 42, 44, 48]",26262.0,8353,5340,31602.0,913,27175.0,False,27175.0
9261758,execution_finished,1,[31],26843.0,8656,350,27193.0,366,27209.0,True,27193.0
9261759,execution_finished,1,[32],26843.0,8678,350,27193.0,366,27209.0,True,27193.0
9261760,execution_finished,1,[34],26843.0,8701,350,27193.0,365,27208.0,True,27193.0
9261703,execution_finished,8,"[4, 5, 8, 25, 30, 33, 43, 50]",26301.0,8353,5340,31641.0,913,27214.0,False,27214.0
9261704,execution_finished,8,"[0, 1, 2, 59, 60, 61, 62, 63]",26336.0,8353,5340,31676.0,886,27222.0,False,27222.0
9261812,execution_finished,1,[29],26884.0,9277,350,27234.0,368,27252.0,True,27234.0
9261705,execution_finished,8,"[3, 6, 7, 14, 15, 16, 17, 18]",26463.0,8354,5340,31803.0,886,27349.0,False,27349.0
9261706,execution_finished,8,"[19, 20, 21, 22, 23, 24, 38, 39]",26626.0,8354,5340,31966.0,913,27539.0,False,27539.0
9261814,execution_finished,8,"[9, 10, 11, 12, 13, 26, 28, 49]",27159.0,9278,5340,32499.0,911,28070.0,False,28070.0
9261813,execution_finished,8,"[51, 52, 53, 54, 55, 56, 57, 58]",27158.0,9278,5340,32498.0,913,28071.0,False,28071.0
9261815,execution_finished,8,"[35, 36, 37, 40, 41, 42, 44, 48]",27175.0,9278,5340,32515.0,913,28088.0,False,28088.0
9261816,execution_finished,8,"[4, 5, 8, 25, 30, 33, 43, 50]",27214.0,9280,5340,32554.0,912,28126.0,False,28126.0
9261817,execution_finished,8,"[0, 1, 2, 59, 60, 61, 62, 63]",27222.0,9280,5340,32562.0,911,28133.0,False,28133.0
9261818,execution_finished,8,"[29, 31, 32, 34, 47, 46, 45, 27]",27234.0,9281,5340,32574.0,909,28143.0,False,28143.0
9261819,execution_finished,8,"[3, 6, 7, 14, 15, 16, 17, 18]",27349.0,9281,5340,32689.0,912,28261.0,False,28261.0
9261820,execution_finished,8,"[19, 20, 21, 22, 23, 24, 38, 39]",27539.0,9281,5340,32879.0,912,28451.0,False,28451.0
9261822,execution_finished,8,"[51, 52, 53, 54, 55, 56, 57, 58]",28071.0,9281,5340,33411.0,911,28982.0,False,28982.0
9261821,execution_finished,8,"[9, 10, 11, 12, 13, 26, 28, 49]",28070.0,9281,5340,33410.0,913,28983.0,False,28983.0
9261823,execution_finished,8,"[35, 36, 37, 40, 41, 42, 44, 48]",28088.0,9282,5340,33428.0,907,28995.0,False,28995.0
9261824,execution_finished,8,"[4, 5, 8, 25, 30, 33, 43, 50]",28126.0,9282,5340,33466.0,912,29038.0,False,29038.0
9261825,execution_finished,8,"[0, 1, 2, 59, 60, 61, 62, 63]",28133.0,9282,5340,33473.0,909,29042.0,False,29042.0
9261826,execution_finished,8,"[27, 29, 31, 32, 34, 45, 46, 47]",28143.0,9282,5340,33483.0,909,29052.0,False,29052.0
9261827,execution_finished,8,"[3, 6, 7, 14, 15, 16, 17, 18]",28261.0,9283,5340,33601.0,908,29169.0,False,29169.0
9261829,execution_finished,1,[51],28982.0,9306,350,29332.0,389,29371.0,True,29332.0
9261830,execution_finished,1,[52],28982.0,9329,350,29332.0,367,29349.0,True,29332.0
9261828,execution_finished,8,"[19, 20, 21, 22, 23, 24, 38, 39]",28451.0,9283,5340,33791.0,1000,29451.0,False,29451.0
9261855,execution_finished,8,"[4, 5, 8, 25, 30, 33, 43, 50]",29038.0,10212,5340,34378.0,999,30037.0,False,30037.0
9261856,execution_finished,8,"[0, 1, 2, 59, 60, 61, 62, 63]",29042.0,10212,5340,34382.0,999,30041.0,False,30041.0
9261857,execution_finished,8,"[27, 29, 31, 32, 34, 45, 46, 47]",29052.0,10213,5340,34392.0,1000,30052.0,False,30052.0
9261858,execution_finished,8,"[3, 6, 7, 14, 15, 16, 17, 18]",29169.0,10214,5340,34509.0,999,30168.0,False,30168.0
9261859,execution_finished,8,"[51, 52, 37, 40, 41, 42, 44, 48]",29332.0,10215,5340,34672.0,996,30328.0,False,30328.0
9261832,execution_finished,1,[54],28982.0,9725,5390,34372.0,1362,30344.0,False,30344.0
9261834,execution_finished,1,[56],28982.0,9728,5390,34372.0,1362,30344.0,False,30344.0
9261835,execution_finished,1,[57],28982.0,9729,5390,34372.0,1374,30356.0,False,30356.0
9261838,execution_finished,1,[10],28983.0,9734,5390,34373.0,1418,30401.0,False,30401.0
9261860,execution_finished,8,"[19, 20, 21, 22, 23, 24, 38, 39]",29451.0,10215,5340,34791.0,998,30449.0,False,30449.0
9261851,execution_finished,1,[28],28983.0,9754,5390,34373.0,1696,30679.0,False,30679.0
9261852,execution_finished,1,[49],28983.0,9755,5390,34373.0,1698,30681.0,False,30681.0
9261847,execution_finished,1,[11],28983.0,9748,5390,34373.0,1709,30692.0,False,30692.0
9261849,execution_finished,1,[13],28983.0,9751,5450,34433.0,1712,30695.0,False,30695.0
9261848,execution_finished,1,[12],28983.0,9749,5390,34373.0,1725,30708.0,False,30708.0
9261850,execution_finished,1,[26],28983.0,9752,5390,34373.0,1725,30708.0,False,30708.0
9261853,execution_finished,1,[35],28995.0,9757,5450,34445.0,1713,30708.0,False,30708.0
9261854,execution_finished,1,[36],28995.0,9759,5390,34385.0,1714,30709.0,False,30709.0
9261831,execution_finished,1,[53],28982.0,9723,5450,34432.0,1823,30805.0,False,30805.0
9261837,execution_finished,1,[9],28983.0,9732,5390,34373.0,1824,30807.0,False,30807.0
9261836,execution_finished,1,[58],28982.0,9731,5390,34372.0,1898,30880.0,False,30880.0
9261833,execution_finished,1,[55],28982.0,9726,5390,34372.0,1904,30886.0,False,30886.0
9261861,execution_finished,8,"[4, 5, 8, 25, 30, 33, 43, 50]",30037.0,10215,5340,35377.0,999,31036.0,False,31036.0
9261862,execution_finished,8,"[0, 1, 2, 59, 60, 61, 62, 63]",30041.0,10215,5340,35381.0,998,31039.0,False,31039.0
9261863,execution_finished,8,"[27, 29, 31, 32, 34, 45, 46, 47]",30052.0,10216,5340,35392.0,997,31049.0,False,31049.0
9261864,execution_finished,8,"[3, 6, 7, 14, 15, 16, 17, 18]",30168.0,10216,5340,35508.0,996,31164.0,False,31164.0
9261865,execution_finished,8,"[37, 40, 41, 42, 44, 48, 51, 52]",30328.0,10216,5340,35668.0,995,31323.0,False,31323.0
9261866,execution_finished,8,"[19, 20, 21, 22, 23, 24, 38, 39]",30449.0,10216,5340,35789.0,999,31448.0,False,31448.0
9261867,execution_finished,8,"[13, 11, 49, 28, 10, 57, 54, 56]",30695.0,10216,5340,36035.0,998,31693.0,False,31693.0
9261868,execution_finished,8,"[55, 58, 9, 53, 36, 12, 26, 35]",30886.0,10216,5340,36226.0,999,31885.0,False,31885.0
9261870,execution_finished,8,"[0, 1, 2, 59, 60, 61, 62, 63]",31039.0,10217,5340,36379.0,911,31950.0,False,31950.0
9261871,execution_finished,8,"[27, 29, 31, 32, 34, 45, 46, 47]",31049.0,10242,5340,36389.0,912,31961.0,False,31961.0
9261869,execution_finished,8,"[4, 5, 8, 25, 30, 33, 43, 50]",31036.0,10216,5340,36376.0,995,32031.0,False,32031.0
9261872,execution_finished,8,"[3, 6, 7, 14, 15, 16, 17, 18]",31164.0,11140,5340,36504.0,912,32076.0,False,32076.0
9261873,execution_finished,8,"[37, 40, 41, 42, 44, 48, 51, 52]",31323.0,11141,5340,36663.0,912,32235.0,False,32235.0
9261874,execution_finished,8,"[19, 20, 21, 22, 23, 24, 38, 39]",31448.0,11142,5340,36788.0,911,32359.0,False,32359.0
9261875,execution_finished,8,"[10, 11, 13, 28, 49, 54, 56, 57]",31693.0,11142,5340,37033.0,910,32603.0,False,32603.0
9261876,execution_finished,8,"[9, 12, 26, 35, 36, 53, 55, 58]",31885.0,11144,5340,37225.0,908,32793.0,False,32793.0
9261877,execution_finished,8,"[0, 1, 2, 59, 60, 61, 62, 63]",31950.0,11144,5340,37290.0,911,32861.0,False,32861.0
9261878,execution_finished,8,"[27, 29, 31, 32, 34, 45, 46, 47]",31961.0,11145,5340,37301.0,908,32869.0,False,32869.0
9261879,execution_finished,8,"[4, 5, 8, 25, 30, 33, 43, 50]",32031.0,11145,5340,37371.0,910,32941.0,False,32941.0
9261880,execution_finished,8,"[3, 6, 7, 14, 15, 16, 17, 18]",32076.0,11145,5340,37416.0,910,32986.0,False,32986.0
9261895,execution_finished,1,[18],32986.0,11658,600,33586.0,17,33003.0,False,33003.0
9261893,execution_finished,1,[16],32986.0,11654,600,33586.0,21,33007.0,False,33007.0
9261892,execution_finished,1,[15],32986.0,11653,600,33586.0,22,33008.0,False,33008.0
9261890,execution_finished,1,[7],32986.0,11650,600,33586.0,24,33010.0,False,33010.0
9261891,execution_finished,1,[14],32986.0,11651,600,33586.0,24,33010.0,False,33010.0
9261894,execution_finished,1,[17],32986.0,11656,600,33586.0,24,33010.0,False,33010.0
9261889,execution_finished,1,[6],32986.0,11648,600,33586.0,27,33013.0,False,33013.0
9261888,execution_finished,1,[3],32986.0,11646,600,33586.0,33,33019.0,False,33019.0
9261904,execution_finished,1,[18],33003.0,11671,600,33603.0,27,33030.0,False,33030.0
9261905,execution_finished,1,[16],33007.0,11673,600,33607.0,23,33030.0,False,33030.0
9261906,execution_finished,1,[15],33008.0,11674,600,33608.0,24,33032.0,False,33032.0
9261907,execution_finished,1,[7],33010.0,11676,600,33610.0,25,33035.0,False,33035.0
9261911,execution_finished,1,[3],33019.0,11682,600,33619.0,20,33039.0,False,33039.0
9261908,execution_finished,1,[14],33010.0,11677,600,33610.0,33,33043.0,False,33043.0
9261909,execution_finished,1,[17],33010.0,11679,600,33610.0,35,33045.0,False,33045.0
9261910,execution_finished,1,[6],33013.0,11680,600,33613.0,44,33057.0,False,33057.0
9261913,execution_finished,1,[18],33030.0,11743,350,33380.0,42,33072.0,False,33072.0
9261912,execution_finished,1,[16],33030.0,11741,410,33440.0,43,33073.0,False,33073.0
9261914,execution_finished,1,[15],33032.0,11746,410,33442.0,42,33074.0,False,33074.0
9261881,execution_finished,8,"[37, 40, 41, 42, 44, 48, 51, 52]",32235.0,11146,5340,37575.0,907,33142.0,False,33142.0
9261882,execution_finished,8,"[19, 20, 21, 22, 23, 24, 38, 39]",32359.0,11146,5340,37699.0,912,33271.0,False,33271.0
9261915,execution_finished,1,[7],33035.0,11819,350,33385.0,353,33388.0,True,33385.0
9261916,execution_finished,1,[3],33039.0,11846,350,33389.0,367,33406.0,True,33389.0
9261917,execution_finished,1,[14],33043.0,11870,350,33393.0,352,33395.0,True,33393.0
9261883,execution_finished,8,"[10, 11, 13, 28, 49, 54, 56, 57]",32603.0,11147,5340,37943.0,911,33514.0,False,33514.0
9261884,execution_finished,8,"[9, 12, 26, 35, 36, 53, 55, 58]",32793.0,11147,5340,38133.0,911,33704.0,False,33704.0
9261885,execution_finished,8,"[0, 1, 2, 59, 60, 61, 62, 63]",32861.0,11147,5340,38201.0,909,33770.0,False,33770.0
9261886,execution_finished,8,"[27, 29, 31, 32, 34, 45, 46, 47]",32869.0,11148,5340,38209.0,920,33789.0,False,33789.0
9261887,execution_finished,8,"[4, 5, 8, 25, 30, 33, 43, 50]",32941.0,11149,5340,38281.0,920,33861.0,False,33861.0
9261918,execution_finished,8,"[37, 40, 41, 42, 44, 48, 51, 52]",33142.0,12069,5340,38482.0,920,34062.0,False,34062.0
9261919,execution_finished,8,"[19, 20, 21, 22, 23, 24, 38, 39]",33271.0,12070,5340,38611.0,920,34191.0,False,34191.0
9261920,execution_finished,8,"[14, 3, 7, 15, 16, 18, 6, 17]",33393.0,12071,5340,38733.0,917,34310.0,False,34310.0
9261921,execution_finished,8,"[10, 11, 13, 28, 49, 54, 56, 57]",33514.0,12071,5340,38854.0,916,34430.0,False,34430.0
9261922,execution_finished,8,"[9, 12, 26, 35, 36, 53, 55, 58]",33704.0,12071,5340,39044.0,919,34623.0,False,34623.0
9261923,execution_finished,8,"[0, 1, 2, 59, 60, 61, 62, 63]",33770.0,12073,5340,39110.0,919,34689.0,False,34689.0
9261924,execution_finished,8,"[27, 29, 31, 32, 34, 45, 46, 47]",33789.0,12073,5340,39129.0,918,34707.0,False,34707.0
9261925,execution_finished,8,"[4, 5, 8, 25, 30, 33, 43, 50]",33861.0,12073,5340,39201.0,919,34780.0,False,34780.0
9261926,execution_finished,8,"[37, 40, 41, 42, 44, 48, 51, 52]",34062.0,12074,5340,39402.0,918,34980.0,False,34980.0
9261982,execution_finished,1,[37],34980.0,12378,410,35390.0,40,35020.0,False,35020.0
9261984,execution_finished,1,[41],34980.0,12383,410,35390.0,41,35021.0,False,35021.0
9261983,execution_finished,1,[40],34980.0,12381,410,35390.0,44,35024.0,False,35024.0
9261927,execution_finished,8,"[19, 20, 21, 22, 23, 24, 38, 39]",34191.0,12074,5340,39531.0,916,35107.0,False,35107.0
9261928,execution_finished,8,"[3, 6, 7, 14, 15, 16, 17, 18]",34310.0,12074,5340,39650.0,919,35229.0,False,35229.0
9261985,execution_finished,1,[42],34980.0,12470,350,35330.0,361,35341.0,True,35330.0
9261986,execution_finished,1,[44],34980.0,12495,350,35330.0,392,35372.0,True,35330.0
9261987,execution_finished,1,[48],34980.0,12518,350,35330.0,364,35344.0,True,35330.0
9261929,execution_finished,8,"[10, 11, 13, 28, 49, 54, 56, 57]",34430.0,12074,5340,39770.0,915,35345.0,False,35345.0
9261930,execution_finished,8,"[9, 12, 26, 35, 36, 53, 55, 58]",34623.0,12074,5340,39963.0,917,35540.0,False,35540.0
9261931,execution_finished,8,"[0, 1, 2, 59, 60, 61, 62, 63]",34689.0,12075,5340,40029.0,916,35605.0,False,35605.0
9261988,execution_finished,1,[51],34980.0,12919,5390,40370.0,1381,36361.0,False,36361.0
9261932,execution_finished,8,"[27, 29, 31, 32, 34, 45, 46, 47]",34707.0,12075,5340,40047.0,1727,36434.0,False,36434.0
9261990,execution_finished,1,[37],35020.0,12922,5450,40470.0,1415,36435.0,False,36435.0
9262007,execution_finished,1,[38],35107.0,12948,5390,40497.0,1342,36449.0,False,36449.0
9262009,execution_finished,1,[3],35229.0,12952,5450,40679.0,1233,36462.0,False,36462.0
9261933,execution_finished,8,"[4, 5, 8, 25, 30, 33, 43, 50]",34780.0,12075,5340,40120.0,1684,36464.0,False,36464.0
9261994,execution_finished,1,[20],35107.0,12928,5390,40497.0,1396,36503.0,False,36503.0
9261992,execution_finished,1,[40],35024.0,12925,5390,40414.0,1509,36533.0,False,36533.0
9262006,execution_finished,1,[24],35107.0,12947,5450,40557.0,1430,36537.0,False,36537.0
9262008,execution_finished,1,[39],35107.0,12950,5450,40557.0,1431,36538.0,False,36538.0
9262011,execution_finished,1,[7],35229.0,12955,5450,40679.0,1318,36547.0,False,36547.0
9262010,execution_finished,1,[6],35229.0,12953,5450,40679.0,1425,36654.0,False,36654.0
9261991,execution_finished,1,[41],35021.0,12924,5450,40471.0,1713,36734.0,False,36734.0
9261993,execution_finished,1,[19],35107.0,12927,5450,40557.0,1641,36748.0,False,36748.0
9261989,execution_finished,1,[52],34980.0,12921,5390,40370.0,1857,36837.0,False,36837.0
9262013,execution_finished,8,"[10, 11, 13, 28, 49, 54, 56, 57]",35345.0,13087,5340,40685.0,1687,37032.0,False,37032.0
9261995,execution_finished,1,[21],35107.0,12930,5390,40497.0,1927,37034.0,False,37034.0
9262004,execution_finished,1,[22],35107.0,12944,5390,40497.0,1951,37058.0,False,37058.0
9262005,execution_finished,1,[23],35107.0,12945,5390,40497.0,1951,37058.0,False,37058.0
9262012,execution_finished,8,"[42, 44, 48, 14, 15, 16, 17, 18]",35330.0,13087,5340,40670.0,1774,37104.0,False,37104.0
9262014,execution_finished,8,"[9, 12, 26, 35, 36, 53, 55, 58]",35540.0,13088,5340,40880.0,1814,37354.0,False,37354.0
9262015,execution_finished,8,"[0, 1, 2, 59, 60, 61, 62, 63]",35605.0,13088,5340,40945.0,1808,37413.0,False,37413.0
9262016,execution_finished,8,"[27, 29, 31, 32, 34, 45, 46, 47]",36434.0,13089,5340,41774.0,1809,38243.0,False,38243.0
9262017,execution_finished,8,"[4, 5, 8, 25, 30, 33, 43, 50]",36464.0,13090,5340,41804.0,1806,38270.0,False,38270.0
9262018,execution_finished,8,"[39, 24, 40, 20, 3, 38, 37, 51]",36538.0,13090,5340,41878.0,1788,38326.0,False,38326.0
9262019,execution_finished,8,"[10, 11, 13, 28, 49, 54, 56, 57]",37032.0,13090,5340,42372.0,1773,38805.0,False,38805.0
9262020,execution_finished,8,"[22, 23, 21, 52, 19, 41, 6, 7]",37058.0,13091,5340,42398.0,1793,38851.0,False,38851.0
9262021,execution_finished,8,"[14, 15, 16, 17, 18, 42, 44, 48]",37104.0,13091,5340,42444.0,1800,38904.0,False,38904.0
9262022,execution_finished,8,"[9, 12, 26, 35, 36, 53, 55, 58]",37354.0,13091,5340,42694.0,1797,39151.0,False,39151.0
9262023,execution_finished,8,"[0, 1, 2, 59, 60, 61, 62, 63]",37413.0,13091,5340,42753.0,1799,39212.0,False,39212.0
9262024,execution_finished,8,"[27, 29, 31, 32, 34, 45, 46, 47]",38243.0,13091,5340,43583.0,1793,40036.0,False,40036.0
9262025,execution_finished,8,"[4, 5, 8, 25, 30, 33, 43, 50]",38270.0,13091,5340,43610.0,1811,40081.0,False,40081.0
9262026,execution_finished,8,"[3, 20, 24, 37, 38, 39, 40, 51]",38326.0,13091,5340,43666.0,1901,40227.0,False,40227.0
9262027,execution_finished,8,"[10, 11, 13, 28, 49, 54, 56, 57]",38805.0,13092,5340,44145.0,1896,40701.0,False,40701.0
9262028,execution_finished,8,"[6, 7, 19, 21, 22, 23, 41, 52]",38851.0,14021,5340,44191.0,1896,40747.0,False,40747.0
9262029,execution_finished,8,"[14, 15, 16, 17, 18, 42, 44, 48]",38904.0,14023,5340,44244.0,1901,40805.0,False,40805.0
9262030,execution_finished,8,"[9, 12, 26, 35, 36, 53, 55, 58]",39151.0,14023,5340,44491.0,1899,41050.0,False,41050.0
9262031,execution_finished,8,"[0, 1, 2, 59, 60, 61, 62, 63]",39212.0,14024,5340,44552.0,1901,41113.0,False,41113.0
9262032,execution_finished,8,"[27, 29, 31, 32, 34, 45, 46, 47]",40036.0,14025,5340,45376.0,1896,41932.0,False,41932.0
9262033,execution_finished,8,"[4, 5, 8, 25, 30, 33, 43, 50]",40081.0,14025,5340,45421.0,1898,41979.0,False,41979.0
9262034,execution_finished,8,"[3, 20, 24, 37, 38, 39, 40, 51]",40227.0,14025,5340,45567.0,1896,42123.0,False,42123.0
9262035,execution_finished,8,"[10, 11, 13, 28, 49, 54, 56, 57]",40701.0,14026,5340,46041.0,1897,42598.0,False,42598.0
9262036,execution_finished,8,"[6, 7, 19, 21, 22, 23, 41, 52]",40747.0,14026,5340,46087.0,1879,42626.0,False,42626.0
9262051,execution_finished,1,[52],42626.0,14929,600,43226.0,18,42644.0,False,42644.0
9262046,execution_finished,1,[19],42626.0,14921,600,43226.0,21,42647.0,False,42647.0
9262044,execution_finished,1,[6],42626.0,14918,600,43226.0,24,42650.0,False,42650.0
9262048,execution_finished,1,[22],42626.0,14924,600,43226.0,26,42652.0,False,42652.0
9262050,execution_finished,1,[41],42626.0,14927,600,43226.0,28,42654.0,False,42654.0
9262061,execution_finished,1,[19],42647.0,14945,600,43247.0,8,42655.0,False,42655.0
9262049,execution_finished,1,[23],42626.0,14926,600,43226.0,30,42656.0,False,42656.0
9262047,execution_finished,1,[21],42626.0,14923,600,43226.0,34,42660.0,False,42660.0
9262045,execution_finished,1,[7],42626.0,14920,600,43226.0,41,42667.0,False,42667.0
9262063,execution_finished,1,[22],42652.0,14948,600,43252.0,15,42667.0,False,42667.0
9262060,execution_finished,1,[52],42644.0,14943,600,43244.0,24,42668.0,False,42668.0
9262062,execution_finished,1,[6],42650.0,14947,600,43250.0,25,42675.0,False,42675.0
9262067,execution_finished,1,[21],42660.0,14954,600,43260.0,17,42677.0,False,42677.0
9262064,execution_finished,1,[41],42654.0,14950,600,43254.0,24,42678.0,False,42678.0
9262066,execution_finished,1,[23],42656.0,14953,600,43256.0,26,42682.0,False,42682.0
9262037,execution_finished,8,"[14, 15, 16, 17, 18, 42, 44, 48]",40805.0,14026,5340,46145.0,1880,42685.0,False,42685.0
9262065,execution_finished,1,[19],42655.0,14951,600,43255.0,30,42685.0,False,42685.0
9262038,execution_finished,8,"[9, 12, 26, 35, 36, 53, 55, 58]",41050.0,14026,5340,46390.0,1874,42924.0,False,42924.0
9262039,execution_finished,8,"[0, 1, 2, 59, 60, 61, 62, 63]",41113.0,14026,5340,46453.0,1881,42994.0,False,42994.0
9262040,execution_finished,8,"[27, 29, 31, 32, 34, 45, 46, 47]",41932.0,14027,5340,47272.0,1877,43809.0,False,43809.0
9262041,execution_finished,8,"[4, 5, 8, 25, 30, 33, 43, 50]",41979.0,14027,5340,47319.0,1878,43857.0,False,43857.0
9262042,execution_finished,8,"[3, 20, 24, 37, 38, 39, 40, 51]",42123.0,14027,5340,47463.0,1880,44003.0,False,44003.0
9262070,execution_finished,8,"[9, 12, 26, 35, 36, 53, 55, 58]",42924.0,14964,5340,48264.0,1370,44294.0,False,44294.0
9262098,execution_finished,1,[55],44294.0,15541,5390,49684.0,1,44295.0,False,44295.0
9262099,execution_finished,1,[58],44294.0,15542,5450,49744.0,1,44295.0,False,44295.0
9262100,execution_finished,1,[55],44295.0,15544,5390,49685.0,1,44296.0,False,44296.0
9262075,execution_finished,1,[9],44294.0,15013,350,44644.0,41,44335.0,False,44335.0
9262077,execution_finished,1,[26],44294.0,15019,410,44704.0,41,44335.0,False,44335.0
9262076,execution_finished,1,[12],44294.0,15016,410,44704.0,43,44337.0,False,44337.0
9262129,execution_finished,1,[58],44295.0,15635,350,44645.0,42,44337.0,False,44337.0
9262130,execution_finished,1,[55],44296.0,15638,410,44706.0,43,44339.0,False,44339.0
9262141,execution_finished,1,[55],44339.0,16166,5450,49789.0,1,44340.0,False,44340.0
9262142,execution_finished,1,[55],44340.0,16167,5390,49730.0,1,44341.0,False,44341.0
9262071,execution_finished,8,"[0, 1, 2, 59, 60, 61, 62, 63]",42994.0,14964,5340,48334.0,1368,44362.0,False,44362.0
9262151,execution_finished,1,[63],44362.0,16182,5390,49752.0,1,44363.0,False,44363.0
9262152,execution_finished,1,[63],44363.0,16183,5390,49753.0,1,44364.0,False,44364.0
9262157,execution_finished,1,[63],44364.0,16190,5390,49754.0,1,44365.0,False,44365.0
9262158,execution_finished,1,[63],44365.0,16192,5450,49815.0,1,44366.0,False,44366.0
9262131,execution_finished,1,[9],44335.0,15640,410,44745.0,41,44376.0,False,44376.0
9262043,execution_finished,8,"[10, 11, 13, 28, 49, 54, 56, 57]",42598.0,14027,5340,47938.0,1880,44478.0,False,44478.0
9262068,execution_finished,8,"[14, 15, 16, 17, 18, 19, 42, 44]",42685.0,14961,5340,48025.0,1878,44563.0,False,44563.0
9262069,execution_finished,8,"[48, 23, 41, 21, 6, 52, 7, 22]",42685.0,14962,5340,48025.0,1880,44565.0,False,44565.0
9262078,execution_finished,1,[35],44294.0,15102,350,44644.0,352,44646.0,True,44644.0
9262079,execution_finished,1,[36],44294.0,15127,350,44644.0,352,44646.0,True,44644.0
9262080,execution_finished,1,[53],44294.0,15153,350,44644.0,351,44645.0,True,44644.0
9262132,execution_finished,1,[26],44335.0,15724,350,44685.0,362,44697.0,True,44685.0
9262133,execution_finished,1,[12],44337.0,15751,350,44687.0,374,44711.0,True,44687.0
9262134,execution_finished,1,[58],44337.0,15775,350,44687.0,362,44699.0,True,44687.0
9262161,execution_finished,8,"[6, 7, 21, 22, 23, 41, 48, 52]",44565.0,17678,5340,49905.0,580,45145.0,False,45145.0
9262160,execution_finished,8,"[14, 15, 16, 17, 18, 19, 42, 44]",44563.0,17678,5340,49903.0,593,45156.0,False,45156.0
9262196,execution_finished,1,[42],45156.0,18936,5450,50606.0,1,45157.0,False,45157.0
9262176,execution_finished,1,[23],45145.0,18335,600,45745.0,18,45163.0,False,45163.0
9262173,execution_finished,1,[7],45145.0,18330,600,45745.0,19,45164.0,False,45164.0
9262179,execution_finished,1,[52],45145.0,18340,600,45745.0,24,45169.0,False,45169.0
9262177,execution_finished,1,[41],45145.0,18337,600,45745.0,27,45172.0,False,45172.0
9262174,execution_finished,1,[21],45145.0,18332,600,45745.0,30,45175.0,False,45175.0
9262175,execution_finished,1,[22],45145.0,18334,600,45745.0,32,45177.0,False,45177.0
9262178,execution_finished,1,[48],45145.0,18338,600,45745.0,32,45177.0,False,45177.0
9262172,execution_finished,1,[6],45145.0,18329,600,45745.0,33,45178.0,False,45178.0
9262072,execution_finished,8,"[27, 29, 31, 32, 34, 45, 46, 47]",43809.0,14965,5340,49149.0,1372,45181.0,False,45181.0
9262190,execution_finished,1,[16],45156.0,18400,350,45506.0,41,45197.0,False,45197.0
9262189,execution_finished,1,[15],45156.0,18397,350,45506.0,42,45198.0,False,45198.0
9262188,execution_finished,1,[14],45156.0,18395,410,45566.0,43,45199.0,False,45199.0
9262240,execution_finished,1,[34],45181.0,20929,600,45781.0,18,45199.0,False,45199.0
9262237,execution_finished,1,[29],45181.0,20925,600,45781.0,19,45200.0,False,45200.0
9262238,execution_finished,1,[31],45181.0,20926,600,45781.0,20,45201.0,False,45201.0
9262256,execution_finished,1,[29],45200.0,21526,5450,50650.0,1,45201.0,False,45201.0
9262235,execution_finished,1,[6],45178.0,20922,600,45778.0,24,45202.0,False,45202.0
9262260,execution_finished,1,[29],45201.0,21533,5450,50651.0,1,45202.0,False,45202.0
9262266,execution_finished,1,[31],45201.0,21542,5450,50651.0,1,45202.0,False,45202.0
9262267,execution_finished,1,[6],45202.0,21543,5390,50592.0,1,45203.0,False,45203.0
9262234,execution_finished,1,[48],45177.0,20920,600,45777.0,27,45204.0,False,45204.0
9262236,execution_finished,1,[27],45181.0,20923,600,45781.0,27,45208.0,False,45208.0
9262239,execution_finished,1,[32],45181.0,20928,600,45781.0,30,45211.0,False,45211.0
9262241,execution_finished,1,[45],45181.0,20931,600,45781.0,33,45214.0,False,45214.0
9262073,execution_finished,8,"[4, 5, 8, 25, 30, 33, 43, 50]",43857.0,14965,5340,49197.0,1366,45223.0,False,45223.0
9262243,execution_finished,1,[47],45181.0,21001,350,45531.0,42,45223.0,False,45223.0
9262242,execution_finished,1,[46],45181.0,20998,410,45591.0,43,45224.0,False,45224.0
9262310,execution_finished,1,[47],45223.0,22181,5390,50613.0,1,45224.0,False,45224.0
9262311,execution_finished,1,[50],45223.0,22182,5390,50613.0,1,45224.0,False,45224.0
9262316,execution_finished,1,[46],45224.0,22190,5390,50614.0,1,45225.0,False,45225.0
9262317,execution_finished,1,[47],45224.0,22191,5390,50614.0,1,45225.0,False,45225.0
9262244,execution_finished,1,[16],45197.0,21004,410,45607.0,41,45238.0,False,45238.0
9262296,execution_finished,1,[29],45202.0,21647,410,45612.0,42,45244.0,False,45244.0
9262298,execution_finished,1,[6],45203.0,21653,350,45553.0,41,45244.0,False,45244.0
9262297,execution_finished,1,[31],45202.0,21650,350,45552.0,43,45245.0,False,45245.0
9262162,execution_finished,8,"[12, 58, 26, 35, 36, 53, 9, 63]",44687.0,17678,5340,50027.0,578,45265.0,False,45265.0
9262327,execution_finished,1,[26],45265.0,24142,600,45865.0,16,45281.0,False,45281.0
9262329,execution_finished,1,[36],45265.0,24146,600,45865.0,17,45282.0,False,45282.0
9262331,execution_finished,1,[58],45265.0,24149,600,45865.0,24,45289.0,False,45289.0
9262332,execution_finished,1,[63],45265.0,24150,600,45865.0,25,45290.0,False,45290.0
9262328,execution_finished,1,[35],45265.0,24144,600,45865.0,27,45292.0,False,45292.0
9262326,execution_finished,1,[12],45265.0,24140,600,45865.0,28,45293.0,False,45293.0
9262330,execution_finished,1,[53],45265.0,24147,600,45865.0,30,45295.0,False,45295.0
9262333,execution_finished,1,[26],45281.0,24152,600,45881.0,15,45296.0,False,45296.0
9262347,execution_finished,1,[53],45295.0,24174,600,45895.0,7,45302.0,False,45302.0
9262343,execution_finished,1,[58],45289.0,24168,600,45889.0,21,45310.0,False,45310.0
9262342,execution_finished,1,[36],45282.0,24166,600,45882.0,33,45315.0,False,45315.0
9262346,execution_finished,1,[12],45293.0,24172,600,45893.0,25,45318.0,False,45318.0
9262344,execution_finished,1,[63],45290.0,24169,600,45890.0,30,45320.0,False,45320.0
9262349,execution_finished,1,[53],45302.0,24177,600,45902.0,18,45320.0,False,45320.0
9262345,execution_finished,1,[35],45292.0,24171,600,45892.0,36,45328.0,False,45328.0
9262348,execution_finished,1,[26],45296.0,24175,600,45896.0,37,45333.0,False,45333.0
9262363,execution_finished,1,[26],45333.0,24795,5390,50723.0,1,45334.0,False,45334.0
9262366,execution_finished,1,[26],45334.0,24800,5390,50724.0,1,45335.0,False,45335.0
9262367,execution_finished,1,[26],45335.0,24801,5450,50785.0,1,45336.0,False,45336.0
9262350,execution_finished,1,[58],45310.0,24227,410,45720.0,40,45350.0,False,45350.0
9262351,execution_finished,1,[36],45315.0,24230,410,45725.0,40,45355.0,False,45355.0
9262352,execution_finished,1,[12],45318.0,24232,410,45728.0,41,45359.0,False,45359.0
9262404,execution_finished,1,[26],45336.0,24902,350,45686.0,42,45378.0,False,45378.0
9262074,execution_finished,8,"[3, 20, 24, 37, 38, 39, 40, 51]",44003.0,14965,5340,49343.0,1377,45380.0,False,45380.0
9262425,execution_finished,1,[20],45380.0,25470,5390,50770.0,1,45381.0,False,45381.0
9262405,execution_finished,1,[58],45350.0,24905,410,45760.0,46,45396.0,False,45396.0
9262406,execution_finished,1,[36],45355.0,24908,410,45765.0,41,45396.0,False,45396.0
9262450,execution_finished,1,[58],45396.0,27334,600,45996.0,30,45426.0,False,45426.0
9262451,execution_finished,1,[58],45426.0,27336,600,46026.0,27,45453.0,False,45453.0
9262159,execution_finished,8,"[10, 11, 13, 28, 49, 54, 56, 57]",44478.0,16619,5340,49818.0,979,45457.0,False,45457.0
9262452,execution_finished,1,[58],45453.0,27337,600,46053.0,18,45471.0,False,45471.0
9262455,execution_finished,1,[13],45457.0,27341,600,46057.0,18,45475.0,False,45475.0
9262453,execution_finished,1,[10],45457.0,27339,600,46057.0,19,45476.0,False,45476.0
9262456,execution_finished,1,[28],45457.0,27343,600,46057.0,23,45480.0,False,45480.0
9262454,execution_finished,1,[11],45457.0,27340,600,46057.0,26,45483.0,False,45483.0
9262457,execution_finished,1,[49],45457.0,27344,600,46057.0,27,45484.0,False,45484.0
9262460,execution_finished,1,[57],45457.0,27414,410,45867.0,41,45498.0,False,45498.0
9262458,execution_finished,1,[54],45457.0,27409,350,45807.0,42,45499.0,False,45499.0
9262459,execution_finished,1,[56],45457.0,27412,350,45807.0,47,45504.0,False,45504.0
9262191,execution_finished,1,[17],45156.0,18489,350,45506.0,393,45549.0,True,45506.0
9262192,execution_finished,1,[18],45156.0,18515,350,45506.0,362,45518.0,True,45506.0
9262193,execution_finished,1,[19],45156.0,18541,350,45506.0,360,45516.0,True,45506.0
9262245,execution_finished,1,[15],45198.0,21088,350,45548.0,354,45552.0,True,45548.0
9262246,execution_finished,1,[14],45199.0,21115,350,45549.0,368,45567.0,True,45549.0
9262247,execution_finished,1,[34],45199.0,21140,350,45549.0,353,45552.0,True,45549.0
9262299,execution_finished,1,[48],45204.0,21737,350,45554.0,371,45575.0,True,45554.0
9262300,execution_finished,1,[27],45208.0,21760,350,45558.0,379,45587.0,True,45558.0
9262301,execution_finished,1,[32],45211.0,21785,350,45561.0,371,45582.0,True,45561.0
9262353,execution_finished,1,[53],45320.0,24315,350,45670.0,370,45690.0,True,45670.0
9262354,execution_finished,1,[63],45320.0,24344,350,45670.0,385,45705.0,True,45670.0
9262355,execution_finished,1,[35],45328.0,24370,350,45678.0,383,45711.0,True,45678.0
9262488,execution_finished,1,[63],45670.0,30048,600,46270.0,27,45697.0,False,45697.0
9262489,execution_finished,1,[35],45678.0,30050,600,46278.0,21,45699.0,False,45699.0
9262407,execution_finished,1,[12],45359.0,24998,350,45709.0,363,45722.0,True,45709.0
9262143,execution_finished,1,[55],44341.0,16169,5450,49791.0,1379,45720.0,False,45720.0
9262491,execution_finished,1,[35],45699.0,30053,600,46299.0,23,45722.0,False,45722.0
9262490,execution_finished,1,[63],45697.0,30051,600,46297.0,26,45723.0,False,45723.0
9262408,execution_finished,1,[26],45378.0,25025,350,45728.0,377,45755.0,True,45728.0
9262409,execution_finished,1,[3],45380.0,25050,350,45730.0,362,45742.0,True,45730.0
9262494,execution_finished,1,[35],45722.0,30058,600,46322.0,11,45733.0,False,45733.0
9262492,execution_finished,1,[12],45709.0,30054,600,46309.0,27,45736.0,False,45736.0
9262495,execution_finished,1,[63],45723.0,30059,600,46323.0,15,45738.0,False,45738.0
9262493,execution_finished,1,[55],45720.0,30056,600,46320.0,26,45746.0,False,45746.0
9262505,execution_finished,1,[3],45730.0,30075,600,46330.0,17,45747.0,False,45747.0
9262506,execution_finished,1,[35],45733.0,30077,600,46333.0,21,45754.0,False,45754.0
9262504,execution_finished,1,[26],45728.0,30073,600,46328.0,33,45761.0,False,45761.0
9262508,execution_finished,1,[63],45738.0,30080,600,46338.0,24,45762.0,False,45762.0
9262507,execution_finished,1,[12],45736.0,30078,600,46336.0,35,45771.0,False,45771.0
9262511,execution_finished,1,[35],45754.0,30084,600,46354.0,21,45775.0,False,45775.0
9262145,execution_finished,1,[1],44362.0,16173,5450,49812.0,1418,45780.0,False,45780.0
9262510,execution_finished,1,[3],45747.0,30083,600,46347.0,33,45780.0,False,45780.0
9262509,execution_finished,1,[55],45746.0,30081,600,46346.0,35,45781.0,False,45781.0
9262148,execution_finished,1,[60],44362.0,16177,5450,49812.0,1421,45783.0,False,45783.0
9262512,execution_finished,1,[26],45761.0,30146,410,46171.0,42,45803.0,False,45803.0
9262513,execution_finished,1,[63],45762.0,30148,410,46172.0,41,45803.0,False,45803.0
9262514,execution_finished,1,[12],45771.0,30151,410,46181.0,41,45812.0,False,45812.0
9262461,execution_finished,1,[58],45471.0,27508,350,45821.0,370,45841.0,True,45821.0
9262462,execution_finished,1,[13],45475.0,27534,350,45825.0,386,45861.0,True,45825.0
9262463,execution_finished,1,[10],45476.0,27557,350,45826.0,358,45834.0,True,45826.0
9262149,execution_finished,1,[61],44362.0,16179,5390,49752.0,1545,45907.0,False,45907.0
9262533,execution_finished,1,[61],45907.0,30764,5390,51297.0,1,45908.0,False,45908.0
9262147,execution_finished,1,[59],44362.0,16176,5390,49752.0,1700,46062.0,False,46062.0
9262146,execution_finished,1,[2],44362.0,16174,5390,49752.0,1755,46117.0,False,46117.0
9262515,execution_finished,1,[35],45775.0,30234,350,46125.0,384,46159.0,True,46125.0
9262516,execution_finished,1,[1],45780.0,30259,350,46130.0,358,46138.0,True,46130.0
9262517,execution_finished,1,[3],45780.0,30282,350,46130.0,366,46146.0,True,46130.0
9262144,execution_finished,1,[0],44362.0,16171,5450,49812.0,1840,46202.0,False,46202.0
9262320,execution_finished,1,[47],45225.0,22196,5450,50675.0,1011,46236.0,False,46236.0
9262433,execution_finished,1,[36],45396.0,25482,5450,50846.0,1016,46412.0,False,46412.0
9262542,execution_finished,1,[36],46412.0,32643,600,47012.0,21,46433.0,False,46433.0
9262543,execution_finished,1,[36],46433.0,32644,600,47033.0,34,46467.0,False,46467.0
9262150,execution_finished,1,[62],44362.0,16180,5450,49812.0,2127,46489.0,False,46489.0
9262544,execution_finished,1,[36],46467.0,32646,600,47067.0,27,46494.0,False,46494.0
9262545,execution_finished,1,[62],46489.0,32648,600,47089.0,16,46505.0,False,46505.0
9262546,execution_finished,1,[36],46494.0,32649,600,47094.0,24,46518.0,False,46518.0
9262217,execution_finished,1,[22],45177.0,18969,5390,50567.0,1344,46521.0,False,46521.0
9262210,execution_finished,1,[44],45156.0,18958,5390,50546.0,1366,46522.0,False,46522.0
9262547,execution_finished,1,[62],46505.0,32651,600,47105.0,18,46523.0,False,46523.0
9262548,execution_finished,1,[36],46518.0,32652,600,47118.0,16,46534.0,False,46534.0
9262549,execution_finished,1,[22],46521.0,32654,600,47121.0,18,46539.0,False,46539.0
9262558,execution_finished,1,[44],46522.0,32668,600,47122.0,30,46552.0,False,46552.0
9262559,execution_finished,1,[62],46523.0,32671,600,47123.0,34,46557.0,False,46557.0
9262561,execution_finished,1,[22],46539.0,32674,600,47139.0,18,46557.0,False,46557.0
9262560,execution_finished,1,[36],46534.0,32672,600,47134.0,27,46561.0,False,46561.0
9262321,execution_finished,1,[16],45238.0,22198,5390,50628.0,1329,46567.0,False,46567.0
9262562,execution_finished,1,[44],46552.0,32675,600,47152.0,21,46573.0,False,46573.0
9262212,execution_finished,1,[23],45163.0,18961,5450,50613.0,1413,46576.0,False,46576.0
9262563,execution_finished,1,[22],46557.0,32677,600,47157.0,27,46584.0,False,46584.0
9262325,execution_finished,1,[9],45265.0,22203,5390,50655.0,1321,46586.0,False,46586.0
9262565,execution_finished,1,[36],46561.0,32680,600,47161.0,27,46588.0,False,46588.0
9262564,execution_finished,1,[62],46557.0,32678,600,47157.0,43,46600.0,False,46600.0
9262303,execution_finished,1,[4],45223.0,22169,5450,50673.0,1379,46602.0,False,46602.0
9262566,execution_finished,1,[16],46567.0,32758,350,46917.0,42,46609.0,False,46609.0
9262567,execution_finished,1,[44],46573.0,32760,350,46923.0,43,46616.0,False,46616.0
9262568,execution_finished,1,[23],46576.0,32763,410,46986.0,42,46618.0,False,46618.0
9262306,execution_finished,1,[25],45223.0,22174,5450,50673.0,1407,46630.0,False,46630.0
9262324,execution_finished,1,[31],45245.0,22202,5450,50695.0,1389,46634.0,False,46634.0
9262308,execution_finished,1,[33],45223.0,22177,5450,50673.0,1416,46639.0,False,46639.0
9262485,execution_finished,1,[27],45558.0,27982,5450,51008.0,1140,46698.0,False,46698.0
9262431,execution_finished,1,[51],45380.0,25479,5450,50830.0,1319,46699.0,False,46699.0
9262216,execution_finished,1,[21],45175.0,18967,5450,50625.0,1528,46703.0,False,46703.0
9262426,execution_finished,1,[24],45380.0,25471,5390,50770.0,1332,46712.0,False,46712.0
9262484,execution_finished,1,[48],45554.0,27980,5390,50944.0,1168,46722.0,False,46722.0
9262486,execution_finished,1,[32],45561.0,27983,5390,50951.0,1170,46731.0,False,46731.0
9262319,execution_finished,1,[46],45225.0,22195,5390,50615.0,1507,46732.0,False,46732.0
9262211,execution_finished,1,[42],45157.0,18960,5390,50547.0,1591,46748.0,False,46748.0
9262427,execution_finished,1,[37],45380.0,25473,5390,50770.0,1372,46752.0,False,46752.0
9262596,execution_finished,1,[37],46752.0,35216,600,47352.0,24,46776.0,False,46776.0
9262430,execution_finished,1,[40],45380.0,25477,5390,50770.0,1426,46806.0,False,46806.0
9262487,execution_finished,1,[53],45670.0,27985,5450,51120.0,1140,46810.0,False,46810.0
9262597,execution_finished,1,[37],46776.0,35218,600,47376.0,46,46822.0,False,46822.0
9262599,execution_finished,1,[53],46810.0,35221,600,47410.0,25,46835.0,False,46835.0
9262598,execution_finished,1,[40],46806.0,35220,600,47406.0,38,46844.0,False,46844.0
9262600,execution_finished,1,[37],46822.0,35223,600,47422.0,27,46849.0,False,46849.0
9262603,execution_finished,1,[37],46849.0,35228,600,47449.0,16,46865.0,False,46865.0
9262483,execution_finished,1,[34],45549.0,27979,5390,50939.0,1318,46867.0,False,46867.0
9262601,execution_finished,1,[53],46835.0,35225,600,47435.0,38,46873.0,False,46873.0
9262602,execution_finished,1,[40],46844.0,35227,600,47444.0,35,46879.0,False,46879.0
9262467,execution_finished,1,[57],45498.0,27953,5390,50888.0,1382,46880.0,False,46880.0
9262612,execution_finished,1,[37],46865.0,35242,600,47465.0,27,46892.0,False,46892.0
9262615,execution_finished,1,[40],46879.0,35246,600,47479.0,14,46893.0,False,46893.0
9262614,execution_finished,1,[53],46873.0,35245,600,47473.0,25,46898.0,False,46898.0
9262613,execution_finished,1,[34],46867.0,35244,600,47467.0,33,46900.0,False,46900.0
9262616,execution_finished,1,[57],46880.0,35248,600,47480.0,21,46901.0,False,46901.0
9262480,execution_finished,1,[19],45506.0,27974,5450,50956.0,1402,46908.0,False,46908.0
9262469,execution_finished,1,[56],45504.0,27956,5390,50894.0,1405,46909.0,False,46909.0
9262617,execution_finished,1,[37],46892.0,35249,600,47492.0,24,46916.0,False,46916.0
9262323,execution_finished,1,[29],45244.0,22201,5450,50694.0,1683,46927.0,False,46927.0
9262618,execution_finished,1,[40],46893.0,35251,600,47493.0,34,46927.0,False,46927.0
9262619,execution_finished,1,[53],46898.0,35253,600,47498.0,34,46932.0,False,46932.0
9262569,execution_finished,1,[22],46584.0,32836,350,46934.0,391,46975.0,True,46934.0
9262570,execution_finished,1,[9],46586.0,32862,350,46936.0,365,46951.0,True,46936.0
9262571,execution_finished,1,[36],46588.0,32886,350,46938.0,370,46958.0,True,46938.0
9262215,execution_finished,1,[41],45172.0,18966,5450,50622.0,1799,46971.0,False,46971.0
9262307,execution_finished,1,[30],45223.0,22176,5390,50613.0,1791,47014.0,False,47014.0
9262318,execution_finished,1,[50],45224.0,22193,5450,50674.0,1790,47014.0,False,47014.0
9262322,execution_finished,1,[6],45244.0,22199,5390,50634.0,1800,47044.0,False,47044.0
9262428,execution_finished,1,[38],45380.0,25474,5450,50830.0,1676,47056.0,False,47056.0
9262213,execution_finished,1,[7],45164.0,18963,5450,50614.0,1912,47076.0,False,47076.0
9262214,execution_finished,1,[52],45169.0,18964,5390,50559.0,1912,47081.0,False,47081.0
9262309,execution_finished,1,[43],45223.0,22179,5450,50673.0,1865,47088.0,False,47088.0
9262305,execution_finished,1,[8],45223.0,22172,5450,50673.0,1897,47120.0,False,47120.0
9262302,execution_finished,1,[45],45214.0,22168,5450,50664.0,1923,47137.0,False,47137.0
9262304,execution_finished,1,[5],45223.0,22171,5390,50613.0,1936,47159.0,False,47159.0
9262518,execution_finished,1,[55],45781.0,30673,5450,51231.0,1404,47185.0,False,47185.0
9262429,execution_finished,1,[39],45380.0,25476,5450,50830.0,1812,47192.0,False,47192.0
9262432,execution_finished,1,[20],45381.0,25480,5450,50831.0,1819,47200.0,False,47200.0
9262520,execution_finished,1,[26],45803.0,30728,5450,51253.0,1403,47206.0,False,47206.0
9262525,execution_finished,1,[10],45826.0,30751,5450,51276.0,1414,47240.0,False,47240.0
9262534,execution_finished,1,[61],45908.0,30766,5450,51358.0,1376,47284.0,False,47284.0
9262537,execution_finished,1,[35],46125.0,30770,5450,51575.0,1175,47300.0,False,47300.0
9262522,execution_finished,1,[12],45812.0,30737,5390,51202.0,1514,47326.0,False,47326.0
9262482,execution_finished,1,[14],45549.0,27977,5390,50939.0,1808,47357.0,False,47357.0
9262468,execution_finished,1,[54],45499.0,27955,5450,50949.0,1870,47369.0,False,47369.0
9262540,execution_finished,1,[0],46202.0,30775,5390,51592.0,1178,47380.0,False,47380.0
9262539,execution_finished,1,[3],46130.0,30773,5390,51520.0,1261,47391.0,False,47391.0
9262535,execution_finished,1,[59],46062.0,30767,5390,51452.0,1344,47406.0,False,47406.0
9262466,execution_finished,1,[49],45484.0,27951,5450,50934.0,1925,47409.0,False,47409.0
9262464,execution_finished,1,[28],45480.0,27948,5450,50930.0,1974,47454.0,False,47454.0
9262465,execution_finished,1,[11],45483.0,27950,5450,50933.0,1977,47460.0,False,47460.0
9262481,execution_finished,1,[15],45548.0,27976,5450,50998.0,1919,47467.0,False,47467.0
9262538,execution_finished,1,[1],46130.0,30772,5390,51520.0,1361,47491.0,False,47491.0
9262541,execution_finished,1,[47],46236.0,30777,5450,51686.0,1311,47547.0,False,47547.0
9262470,execution_finished,1,[17],45506.0,27958,5450,50956.0,2076,47582.0,False,47582.0
9262471,execution_finished,1,[18],45506.0,27960,5450,50956.0,2077,47583.0,False,47583.0
9262524,execution_finished,1,[13],45825.0,30749,5390,51215.0,1788,47613.0,False,47613.0
9262523,execution_finished,1,[58],45821.0,30748,5450,51271.0,1814,47635.0,False,47635.0
9262521,execution_finished,1,[63],45803.0,30730,5390,51193.0,1872,47675.0,False,47675.0
9262519,execution_finished,1,[60],45783.0,30702,5390,51173.0,1913,47696.0,False,47696.0
9262590,execution_finished,1,[21],46703.0,33293,5450,52153.0,1098,47801.0,False,47801.0
9262591,execution_finished,1,[24],46712.0,33295,5390,52102.0,1098,47810.0,False,47810.0
9262536,execution_finished,1,[2],46117.0,30768,5390,51507.0,1846,47963.0,False,47963.0
9262576,execution_finished,1,[23],46618.0,33271,5390,52008.0,1406,48024.0,False,48024.0
9262578,execution_finished,1,[31],46634.0,33274,5450,52084.0,1436,48070.0,False,48070.0
9262592,execution_finished,1,[48],46722.0,33296,5390,52112.0,1367,48089.0,False,48089.0
9262575,execution_finished,1,[44],46616.0,33269,5390,52006.0,1489,48105.0,False,48105.0
9262595,execution_finished,1,[42],46748.0,33301,5450,52198.0,1378,48126.0,False,48126.0
9262579,execution_finished,1,[33],46639.0,33276,5390,52029.0,1658,48297.0,False,48297.0
9262577,execution_finished,1,[25],46630.0,33272,5450,52080.0,1763,48393.0,False,48393.0
9262574,execution_finished,1,[16],46609.0,33267,5450,52059.0,1864,48473.0,False,48473.0
9262594,execution_finished,1,[46],46732.0,33299,5450,52182.0,1775,48507.0,False,48507.0
9262572,execution_finished,1,[62],46600.0,33264,5450,52050.0,1908,48508.0,False,48508.0
9262573,execution_finished,1,[4],46602.0,33266,5450,52052.0,1913,48515.0,False,48515.0
9262589,execution_finished,1,[51],46699.0,33291,5390,52089.0,1851,48550.0,False,48550.0
9262588,execution_finished,1,[27],46698.0,33290,5390,52088.0,1855,48553.0,False,48553.0
9262593,execution_finished,1,[32],46731.0,33298,5450,52181.0,1861,48592.0,False,48592.0
9262620,execution_finished,64,"[9, 19, 22, 29, 34, 36, 37, 40, 41, 53, 56, 57, 32, 27, 51, 4, 62, 46, 16, 25, 33, 42, 44, 48, 31, 23, 2, 24, 21, 60, 63, 58, 13, 18, 17, 47, 1, 15, 11, 28, 49, 59, 3, 0, 54, 14, 12, 35, 61, 10, 26, 20, 39, 55, 5, 45, 8, 43, 52, 7, 38, 6, 30, 50]",54471.0,49973,3600,58071.0,2,54473.0,False,54473.0
9262621,execution_finished,64,"[0, 1, 2, 3, 4, 5, 6, 7, 8, 9, 10, 11, 12, 13, 14, 15, 16, 17, 18, 19, 20, 21, 22, 23, 24, 25, 26, 27, 28, 29, 30, 31, 32, 33, 34, 35, 36, 37, 38, 39, 40, 41, 42, 43, 44, 45, 46, 47, 48, 49, 50, 51, 52, 53, 54, 55, 56, 57, 58, 59, 60, 61, 62, 63]",54473.0,50059,3600,58073.0,369,54842.0,False,54842.0
9262622,execution_finished,16,"[0, 1, 2, 3, 4, 5, 6, 7, 8, 9, 10, 11, 12, 13, 14, 15]",64078.0,62278,9000,73078.0,2572,66650.0,False,66650.0
9262623,execution_finished,16,"[0, 1, 2, 3, 4, 5, 6, 7, 8, 9, 10, 11, 12, 13, 14, 15]",66650.0,65386,9000,75650.0,83,66733.0,False,66733.0
9262624,execution_finished,16,"[0, 1, 2, 3, 4, 5, 6, 7, 8, 9, 10, 11, 12, 13, 14, 15]",66733.0,65620,9000,75733.0,455,67188.0,False,67188.0
9262625,execution_finished,16,"[16, 17, 18, 19, 20, 21, 22, 23, 24, 25, 26, 27, 28, 29, 30, 31]",67186.0,66091,9000,76186.0,2217,69403.0,False,69403.0
9262626,execution_finished,8,"[16, 17, 18, 19, 20, 21, 22, 23]",71693.0,71693,90600,162293.0,11,71704.0,False,71704.0
9262627,execution_finished,8,"[24, 25, 26, 27, 28, 29, 30, 31]",71693.0,71693,90600,162293.0,11,71704.0,False,71704.0
9262628,execution_finished,8,"[16, 17, 18, 19, 20, 21, 22, 23]",71704.0,71693,90600,162304.0,8,71712.0,False,71712.0
9262629,execution_finished,8,"[24, 25, 26, 27, 28, 29, 30, 31]",71704.0,71693,90600,162304.0,8,71712.0,False,71712.0
9262630,execution_finished,8,"[16, 17, 18, 19, 20, 21, 22, 23]",71712.0,71693,90600,162312.0,8,71720.0,False,71720.0
9262631,execution_finished,8,"[24, 25, 26, 27, 28, 29, 30, 31]",71712.0,71693,90600,162312.0,11,71723.0,False,71723.0
9262632,execution_finished,8,"[16, 17, 18, 19, 20, 21, 22, 23]",71720.0,71693,90600,162320.0,11,71731.0,False,71731.0
9262633,execution_finished,8,"[24, 25, 26, 27, 28, 29, 30, 31]",71723.0,71693,90600,162323.0,8,71731.0,False,71731.0
9262634,execution_finished,8,"[16, 17, 18, 19, 20, 21, 22, 23]",71731.0,71693,90600,162331.0,6,71737.0,False,71737.0
9262635,execution_finished,8,"[24, 25, 26, 27, 28, 29, 30, 31]",71731.0,71693,90600,162331.0,8,71739.0,False,71739.0
9262636,execution_finished,8,"[16, 17, 18, 19, 20, 21, 22, 23]",71737.0,71693,90600,162337.0,11,71748.0,False,71748.0
9262637,execution_finished,8,"[24, 25, 26, 27, 28, 29, 30, 31]",71739.0,71693,90600,162339.0,11,71750.0,False,71750.0
9262638,execution_finished,8,"[16, 17, 18, 19, 20, 21, 22, 23]",71748.0,71693,90600,162348.0,8,71756.0,False,71756.0
9262639,execution_finished,8,"[24, 25, 26, 27, 28, 29, 30, 31]",71750.0,71693,90600,162350.0,11,71761.0,False,71761.0
9262640,execution_finished,8,"[16, 17, 18, 19, 20, 21, 22, 23]",71756.0,71693,90600,162356.0,11,71767.0,False,71767.0
9262641,execution_finished,8,"[24, 25, 26, 27, 28, 29, 30, 31]",71761.0,71693,90600,162361.0,8,71769.0,False,71769.0
9262642,execution_finished,8,"[16, 17, 18, 19, 20, 21, 22, 23]",71767.0,71693,90600,162367.0,6,71773.0,False,71773.0
9262643,execution_finished,8,"[24, 25, 26, 27, 28, 29, 30, 31]",71769.0,71693,90600,162369.0,6,71775.0,False,71775.0
9262644,execution_finished,8,"[16, 17, 18, 19, 20, 21, 22, 23]",71773.0,71693,90600,162373.0,6,71779.0,False,71779.0
9262645,execution_finished,8,"[24, 25, 26, 27, 28, 29, 30, 31]",71775.0,71693,90600,162375.0,7,71782.0,False,71782.0
9262646,execution_finished,8,"[16, 17, 18, 19, 20, 21, 22, 23]",71779.0,71693,90600,162379.0,6,71785.0,False,71785.0
9262647,execution_finished,8,"[24, 25, 26, 27, 28, 29, 30, 31]",71782.0,71693,90600,162382.0,7,71789.0,False,71789.0
9262648,execution_finished,8,"[16, 17, 18, 19, 20, 21, 22, 23]",71785.0,71693,90600,162385.0,7,71792.0,False,71792.0
9262649,execution_finished,8,"[24, 25, 26, 27, 28, 29, 30, 31]",71789.0,71693,90600,162389.0,7,71796.0,False,71796.0
9262650,execution_finished,8,"[16, 17, 18, 19, 20, 21, 22, 23]",71792.0,71693,90600,162392.0,6,71798.0,False,71798.0
9262651,execution_finished,8,"[24, 25, 26, 27, 28, 29, 30, 31]",71796.0,71693,90600,162396.0,5,71801.0,False,71801.0
9262652,execution_finished,8,"[16, 17, 18, 19, 20, 21, 22, 23]",71798.0,71694,90600,162398.0,7,71805.0,False,71805.0
9262653,execution_finished,8,"[24, 25, 26, 27, 28, 29, 30, 31]",71801.0,71694,90600,162401.0,6,71807.0,False,71807.0
9262654,execution_finished,8,"[16, 17, 18, 19, 20, 21, 22, 23]",71805.0,71694,90600,162405.0,6,71811.0,False,71811.0
9262655,execution_finished,8,"[24, 25, 26, 27, 28, 29, 30, 31]",71807.0,71694,90600,162407.0,7,71814.0,False,71814.0
9262656,execution_finished,8,"[16, 17, 18, 19, 20, 21, 22, 23]",71811.0,71694,90600,162411.0,7,71818.0,False,71818.0
9262657,execution_finished,8,"[24, 25, 26, 27, 28, 29, 30, 31]",71814.0,71694,90600,162414.0,6,71820.0,False,71820.0
9262658,execution_finished,8,"[16, 17, 18, 19, 20, 21, 22, 23]",71818.0,71694,90600,162418.0,6,71824.0,False,71824.0
9262659,execution_finished,8,"[24, 25, 26, 27, 28, 29, 30, 31]",71820.0,71694,90600,162420.0,6,71826.0,False,71826.0
9262660,execution_finished,8,"[16, 17, 18, 19, 20, 21, 22, 23]",71824.0,71694,90600,162424.0,7,71831.0,False,71831.0
9262661,execution_finished,8,"[24, 25, 26, 27, 28, 29, 30, 31]",71826.0,71694,90600,162426.0,6,71832.0,False,71832.0
9262662,execution_finished,8,"[16, 17, 18, 19, 20, 21, 22, 23]",71831.0,71694,90600,162431.0,7,71838.0,False,71838.0
9262663,execution_finished,8,"[24, 25, 26, 27, 28, 29, 30, 31]",71832.0,71694,90600,162432.0,7,71839.0,False,71839.0
9262664,execution_finished,8,"[16, 17, 18, 19, 20, 21, 22, 23]",71838.0,71694,90600,162438.0,6,71844.0,False,71844.0
9262665,execution_finished,8,"[24, 25, 26, 27, 28, 29, 30, 31]",71839.0,71694,90600,162439.0,5,71844.0,False,71844.0
9262666,execution_finished,8,"[16, 17, 18, 19, 20, 21, 22, 23]",71844.0,71694,90600,162444.0,7,71851.0,False,71851.0
9262667,execution_finished,8,"[24, 25, 26, 27, 28, 29, 30, 31]",71844.0,71694,90600,162444.0,7,71851.0,False,71851.0
9262668,execution_finished,8,"[16, 17, 18, 19, 20, 21, 22, 23]",71851.0,71694,90600,162451.0,7,71858.0,False,71858.0
9262669,execution_finished,8,"[24, 25, 26, 27, 28, 29, 30, 31]",71851.0,71694,90600,162451.0,7,71858.0,False,71858.0
9262670,execution_finished,8,"[16, 17, 18, 19, 20, 21, 22, 23]",71858.0,71694,90600,162458.0,7,71865.0,False,71865.0
9262671,execution_finished,8,"[24, 25, 26, 27, 28, 29, 30, 31]",71858.0,71694,90600,162458.0,7,71865.0,False,71865.0
9262673,execution_finished,8,"[24, 25, 26, 27, 28, 29, 30, 31]",71865.0,71694,90600,162465.0,6,71871.0,False,71871.0
9262672,execution_finished,8,"[16, 17, 18, 19, 20, 21, 22, 23]",71865.0,71694,90600,162465.0,7,71872.0,False,71872.0
9262674,execution_finished,8,"[24, 25, 26, 27, 28, 29, 30, 31]",71871.0,71694,90600,162471.0,6,71877.0,False,71877.0
9262675,execution_finished,8,"[16, 17, 18, 19, 20, 21, 22, 23]",71872.0,71694,90600,162472.0,6,71878.0,False,71878.0
9262676,execution_finished,8,"[24, 25, 26, 27, 28, 29, 30, 31]",71877.0,71694,90600,162477.0,6,71883.0,False,71883.0
9262677,execution_finished,8,"[16, 17, 18, 19, 20, 21, 22, 23]",71878.0,71694,90600,162478.0,6,71884.0,False,71884.0
9262678,execution_finished,8,"[24, 25, 26, 27, 28, 29, 30, 31]",71883.0,71694,90600,162483.0,6,71889.0,False,71889.0
9262679,execution_finished,8,"[16, 17, 18, 19, 20, 21, 22, 23]",71884.0,71694,90600,162484.0,6,71890.0,False,71890.0
9262680,execution_finished,8,"[24, 25, 26, 27, 28, 29, 30, 31]",71889.0,71694,90600,162489.0,6,71895.0,False,71895.0
9262681,execution_finished,8,"[16, 17, 18, 19, 20, 21, 22, 23]",71890.0,71694,90600,162490.0,6,71896.0,False,71896.0
9262682,execution_finished,8,"[24, 25, 26, 27, 28, 29, 30, 31]",71895.0,71694,90600,162495.0,6,71901.0,False,71901.0
9262683,execution_finished,8,"[16, 17, 18, 19, 20, 21, 22, 23]",71896.0,71694,90600,162496.0,6,71902.0,False,71902.0
9262684,execution_finished,8,"[24, 25, 26, 27, 28, 29, 30, 31]",71901.0,71694,90600,162501.0,6,71907.0,False,71907.0
9262685,execution_finished,8,"[16, 17, 18, 19, 20, 21, 22, 23]",71902.0,71694,90600,162502.0,6,71908.0,False,71908.0
9262686,execution_finished,8,"[24, 25, 26, 27, 28, 29, 30, 31]",71907.0,71694,90600,162507.0,6,71913.0,False,71913.0
9262687,execution_finished,8,"[16, 17, 18, 19, 20, 21, 22, 23]",71908.0,71694,90600,162508.0,6,71914.0,False,71914.0
9262688,execution_finished,8,"[24, 25, 26, 27, 28, 29, 30, 31]",71913.0,71694,90600,162513.0,3,71916.0,False,71916.0
9262689,execution_finished,8,"[24, 25, 26, 27, 28, 29, 30, 31]",72228.0,72228,90600,162828.0,394,72622.0,False,72622.0
9262690,execution_finished,8,"[16, 17, 18, 19, 20, 21, 22, 23]",72228.0,72228,90600,162828.0,394,72622.0,False,72622.0
9262691,execution_finished,8,"[16, 17, 18, 19, 20, 21, 22, 23]",72622.0,72228,90600,163222.0,394,73016.0,False,73016.0
9262692,execution_finished,8,"[24, 25, 26, 27, 28, 29, 30, 31]",72622.0,72228,90600,163222.0,394,73016.0,False,73016.0
9262693,execution_finished,8,"[16, 17, 18, 19, 20, 21, 22, 23]",73016.0,72228,90600,163616.0,394,73410.0,False,73410.0
9262694,execution_finished,8,"[24, 25, 26, 27, 28, 29, 30, 31]",73016.0,72228,90600,163616.0,394,73410.0,False,73410.0
9262695,execution_finished,8,"[16, 17, 18, 19, 20, 21, 22, 23]",73410.0,72228,90600,164010.0,394,73804.0,False,73804.0
9262696,execution_finished,8,"[24, 25, 26, 27, 28, 29, 30, 31]",73410.0,72228,90600,164010.0,394,73804.0,False,73804.0
9262697,execution_finished,8,"[16, 17, 18, 19, 20, 21, 22, 23]",73804.0,72228,90600,164404.0,394,74198.0,False,74198.0
9262698,execution_finished,8,"[24, 25, 26, 27, 28, 29, 30, 31]",73804.0,72228,90600,164404.0,394,74198.0,False,74198.0
9262699,execution_finished,8,"[16, 17, 18, 19, 20, 21, 22, 23]",74198.0,72228,90600,164798.0,394,74592.0,False,74592.0
9262700,execution_finished,8,"[24, 25, 26, 27, 28, 29, 30, 31]",74198.0,72228,90600,164798.0,394,74592.0,False,74592.0
9262701,execution_finished,8,"[16, 17, 18, 19, 20, 21, 22, 23]",74592.0,72228,90600,165192.0,394,74986.0,False,74986.0
9262702,execution_finished,8,"[24, 25, 26, 27, 28, 29, 30, 31]",74592.0,72228,90600,165192.0,394,74986.0,False,74986.0
9262752,execution_finished,8,"[32, 33, 34, 35, 36, 37, 38, 39]",74920.0,72817,90600,165520.0,140,75060.0,False,75060.0
9262753,execution_finished,8,"[40, 41, 42, 43, 44, 45, 46, 47]",74920.0,72817,90600,165520.0,140,75060.0,False,75060.0
9262703,execution_finished,8,"[0, 1, 2, 3, 4, 5, 6, 7]",74688.0,72228,90600,165288.0,394,75082.0,False,75082.0
9262704,execution_finished,8,"[8, 9, 10, 11, 12, 13, 14, 15]",74688.0,72228,90600,165288.0,394,75082.0,False,75082.0
9262754,execution_finished,8,"[16, 17, 18, 19, 20, 21, 22, 23]",74986.0,72817,90600,165586.0,140,75126.0,False,75126.0
9262755,execution_finished,8,"[24, 25, 26, 27, 28, 29, 30, 31]",74986.0,72817,90600,165586.0,140,75126.0,False,75126.0
9262756,execution_finished,8,"[32, 33, 34, 35, 36, 37, 38, 39]",75060.0,72817,90600,165660.0,140,75200.0,False,75200.0
9262757,execution_finished,8,"[40, 41, 42, 43, 44, 45, 46, 47]",75060.0,72817,90600,165660.0,140,75200.0,False,75200.0
9262758,execution_finished,8,"[0, 1, 2, 3, 4, 5, 6, 7]",75082.0,72817,90600,165682.0,140,75222.0,False,75222.0
9262759,execution_finished,8,"[8, 9, 10, 11, 12, 13, 14, 15]",75082.0,72817,90600,165682.0,140,75222.0,False,75222.0
9262760,execution_finished,8,"[16, 17, 18, 19, 20, 21, 22, 23]",75126.0,72817,90600,165726.0,140,75266.0,False,75266.0
9262761,execution_finished,8,"[24, 25, 26, 27, 28, 29, 30, 31]",75126.0,72817,90600,165726.0,140,75266.0,False,75266.0
9262762,execution_finished,8,"[32, 33, 34, 35, 36, 37, 38, 39]",75200.0,72817,90600,165800.0,140,75340.0,False,75340.0
9262763,execution_finished,8,"[40, 41, 42, 43, 44, 45, 46, 47]",75200.0,72817,90600,165800.0,140,75340.0,False,75340.0
9262764,execution_finished,8,"[0, 1, 2, 3, 4, 5, 6, 7]",75222.0,72817,90600,165822.0,140,75362.0,False,75362.0
9262765,execution_finished,8,"[8, 9, 10, 11, 12, 13, 14, 15]",75222.0,72817,90600,165822.0,140,75362.0,False,75362.0
9262766,execution_finished,8,"[16, 17, 18, 19, 20, 21, 22, 23]",75266.0,72817,90600,165866.0,140,75406.0,False,75406.0
9262767,execution_finished,8,"[24, 25, 26, 27, 28, 29, 30, 31]",75266.0,72817,90600,165866.0,140,75406.0,False,75406.0
9262821,execution_finished,8,"[16, 17, 18, 19, 20, 21, 22, 23]",75406.0,72974,90600,166006.0,16,75422.0,False,75422.0
9262815,execution_finished,8,"[32, 33, 34, 35, 36, 37, 38, 39]",75340.0,72973,90600,165940.0,4185,79525.0,False,79525.0
9262816,execution_finished,8,"[40, 41, 42, 43, 44, 45, 46, 47]",75340.0,72974,90600,165940.0,4195,79535.0,False,79535.0
9262817,execution_finished,8,"[0, 1, 2, 3, 4, 5, 6, 7]",75362.0,72974,90600,165962.0,4183,79545.0,False,79545.0
9262818,execution_finished,8,"[8, 9, 10, 11, 12, 13, 14, 15]",75362.0,72974,90600,165962.0,4240,79602.0,False,79602.0
9262820,execution_finished,8,"[56, 57, 58, 59, 60, 61, 62, 63]",75391.0,72974,90600,165991.0,4235,79626.0,False,79626.0
9262823,execution_finished,8,"[16, 17, 18, 19, 20, 21, 22, 23]",75422.0,72974,90600,166022.0,4210,79632.0,False,79632.0
9262822,execution_finished,8,"[24, 25, 26, 27, 28, 29, 30, 31]",75406.0,72974,90600,166006.0,4228,79634.0,False,79634.0
9262819,execution_finished,8,"[48, 49, 50, 51, 52, 53, 54, 55]",75391.0,72974,90600,165991.0,8072,83463.0,False,83463.0
9262824,execution_finished,8,"[32, 33, 34, 35, 36, 37, 38, 39]",79525.0,72974,90600,170125.0,4230,83755.0,False,83755.0
9262825,execution_finished,8,"[40, 41, 42, 43, 44, 45, 46, 47]",79535.0,72974,90600,170135.0,4226,83761.0,False,83761.0
9262826,execution_finished,8,"[0, 1, 2, 3, 4, 5, 6, 7]",79545.0,72974,90600,170145.0,4222,83767.0,False,83767.0
9262827,execution_finished,8,"[8, 9, 10, 11, 12, 13, 14, 15]",79602.0,72974,90600,170202.0,4186,83788.0,False,83788.0
9262828,execution_finished,8,"[56, 57, 58, 59, 60, 61, 62, 63]",79626.0,72974,90600,170226.0,4194,83820.0,False,83820.0
9262830,execution_finished,8,"[24, 25, 26, 27, 28, 29, 30, 31]",79634.0,72974,90600,170234.0,4197,83831.0,False,83831.0
9262829,execution_finished,8,"[16, 17, 18, 19, 20, 21, 22, 23]",79632.0,72974,90600,170232.0,4205,83837.0,False,83837.0
9262833,execution_finished,8,"[40, 41, 42, 43, 44, 45, 46, 47]",83761.0,72974,90600,174361.0,3856,87617.0,False,87617.0
9262834,execution_finished,8,"[0, 1, 2, 3, 4, 5, 6, 7]",83767.0,72974,90600,174367.0,3856,87623.0,False,87623.0
9262832,execution_finished,8,"[32, 33, 34, 35, 36, 37, 38, 39]",83755.0,72974,90600,174355.0,3887,87642.0,False,87642.0
9262835,execution_finished,8,"[8, 9, 10, 11, 12, 13, 14, 15]",83788.0,72974,90600,174388.0,3856,87644.0,False,87644.0
9262836,execution_finished,8,"[56, 57, 58, 59, 60, 61, 62, 63]",83820.0,72974,90600,174420.0,3856,87676.0,False,87676.0
9262837,execution_finished,8,"[24, 25, 26, 27, 28, 29, 30, 31]",83831.0,72974,90600,174431.0,3856,87687.0,False,87687.0
9262838,execution_finished,8,"[16, 17, 18, 19, 20, 21, 22, 23]",83837.0,72974,90600,174437.0,3856,87693.0,False,87693.0
9262831,execution_finished,8,"[48, 49, 50, 51, 52, 53, 54, 55]",83463.0,72974,90600,174063.0,4236,87699.0,False,87699.0
9262840,execution_finished,8,"[0, 1, 2, 3, 4, 5, 6, 7]",87623.0,72974,90600,178223.0,3825,91448.0,False,91448.0
9262841,execution_finished,8,"[32, 33, 34, 35, 36, 37, 38, 39]",87642.0,72974,90600,178242.0,3825,91467.0,False,91467.0
9262842,execution_finished,8,"[8, 9, 10, 11, 12, 13, 14, 15]",87644.0,72974,90600,178244.0,3825,91469.0,False,91469.0
9262839,execution_finished,8,"[40, 41, 42, 43, 44, 45, 46, 47]",87617.0,72974,90600,178217.0,3856,91473.0,False,91473.0
9262846,execution_finished,8,"[48, 49, 50, 51, 52, 53, 54, 55]",87699.0,72974,90600,178299.0,3794,91493.0,False,91493.0
9262843,execution_finished,8,"[56, 57, 58, 59, 60, 61, 62, 63]",87676.0,72974,90600,178276.0,3825,91501.0,False,91501.0
9262879,execution_finished,16,"[40, 41, 42, 43, 44, 45, 46, 47, 8, 9, 10, 11, 12, 13, 14, 15]",91473.0,75869,1800,93273.0,32,91505.0,False,91505.0
9262844,execution_finished,8,"[24, 25, 26, 27, 28, 29, 30, 31]",87687.0,72974,90600,178287.0,3825,91512.0,False,91512.0
9262845,execution_finished,8,"[16, 17, 18, 19, 20, 21, 22, 23]",87693.0,72974,90600,178293.0,3825,91518.0,False,91518.0
9262878,execution_finished,16,"[32, 33, 34, 35, 36, 37, 38, 39, 0, 1, 2, 3, 4, 5, 6, 7]",91467.0,74930,9000,100467.0,2984,94451.0,False,94451.0
9262887,execution_finished,8,"[32, 33, 34, 35, 36, 37, 38, 39]",94451.0,81120,90600,185051.0,2407,96858.0,False,96858.0
9262888,execution_finished,8,"[32, 33, 34, 35, 36, 37, 38, 39]",96858.0,81120,90600,187458.0,2416,99274.0,False,99274.0
9262886,execution_finished,8,"[0, 1, 2, 3, 4, 5, 6, 7]",94451.0,78235,72599,167050.0,5502,99953.0,False,99953.0
9262889,execution_finished,8,"[32, 33, 34, 35, 36, 37, 38, 39]",99274.0,81120,90600,189874.0,2423,101697.0,False,101697.0
9262880,execution_finished,8,"[48, 49, 50, 51, 52, 53, 54, 55]",91493.0,78226,72599,164092.0,10777,102270.0,False,102270.0
9262881,execution_finished,8,"[56, 57, 58, 59, 60, 61, 62, 63]",91501.0,78228,72599,164100.0,10776,102277.0,False,102277.0
9262882,execution_finished,8,"[8, 9, 10, 11, 12, 13, 14, 15]",91505.0,78229,72599,164104.0,10777,102282.0,False,102282.0
9262883,execution_finished,8,"[40, 41, 42, 43, 44, 45, 46, 47]",91505.0,78231,72599,164104.0,10779,102284.0,False,102284.0
9262884,execution_finished,8,"[24, 25, 26, 27, 28, 29, 30, 31]",91512.0,78232,72599,164111.0,10777,102289.0,False,102289.0
9262885,execution_finished,8,"[16, 17, 18, 19, 20, 21, 22, 23]",91518.0,78233,72599,164117.0,10778,102296.0,False,102296.0
9262890,execution_finished,8,"[0, 1, 2, 3, 4, 5, 6, 7]",99953.0,81120,90600,190553.0,2432,102385.0,False,102385.0
9262891,execution_finished,8,"[32, 33, 34, 35, 36, 37, 38, 39]",101697.0,81120,90600,192297.0,2418,104115.0,False,104115.0
9262893,execution_finished,8,"[56, 57, 58, 59, 60, 61, 62, 63]",102277.0,81120,90600,192877.0,2409,104686.0,False,104686.0
9262892,execution_finished,8,"[48, 49, 50, 51, 52, 53, 54, 55]",102270.0,81120,90600,192870.0,2438,104708.0,False,104708.0
9262896,execution_finished,8,"[24, 25, 26, 27, 28, 29, 30, 31]",102289.0,81120,90600,192889.0,2428,104717.0,False,104717.0
9262894,execution_finished,8,"[8, 9, 10, 11, 12, 13, 14, 15]",102282.0,81120,90600,192882.0,2438,104720.0,False,104720.0
9262895,execution_finished,8,"[40, 41, 42, 43, 44, 45, 46, 47]",102284.0,81120,90600,192884.0,2448,104732.0,False,104732.0
9262897,execution_finished,8,"[16, 17, 18, 19, 20, 21, 22, 23]",102296.0,81120,90600,192896.0,2473,104769.0,False,104769.0
9262898,execution_finished,8,"[0, 1, 2, 3, 4, 5, 6, 7]",102385.0,81120,90600,192985.0,2463,104848.0,False,104848.0
9262899,execution_finished,8,"[32, 33, 34, 35, 36, 37, 38, 39]",104115.0,81120,90600,194715.0,2431,106546.0,False,106546.0
9262904,execution_finished,8,"[40, 41, 42, 43, 44, 45, 46, 47]",104732.0,81120,90600,195332.0,2396,107128.0,False,107128.0
9262900,execution_finished,8,"[56, 57, 58, 59, 60, 61, 62, 63]",104686.0,81120,90600,195286.0,2444,107130.0,False,107130.0
9262903,execution_finished,8,"[8, 9, 10, 11, 12, 13, 14, 15]",104720.0,81120,90600,195320.0,2414,107134.0,False,107134.0
9262901,execution_finished,8,"[48, 49, 50, 51, 52, 53, 54, 55]",104708.0,81120,90600,195308.0,2441,107149.0,False,107149.0
9262902,execution_finished,8,"[24, 25, 26, 27, 28, 29, 30, 31]",104717.0,81120,90600,195317.0,2461,107178.0,False,107178.0
9262905,execution_finished,8,"[16, 17, 18, 19, 20, 21, 22, 23]",104769.0,81120,90600,195369.0,2413,107182.0,False,107182.0
9262906,execution_finished,8,"[0, 1, 2, 3, 4, 5, 6, 7]",104848.0,81120,90600,195448.0,2401,107249.0,False,107249.0
9262907,execution_finished,8,"[32, 33, 34, 35, 36, 37, 38, 39]",106546.0,81121,90600,197146.0,2409,108955.0,False,108955.0
9262908,execution_finished,8,"[40, 41, 42, 43, 44, 45, 46, 47]",107128.0,81121,90600,197728.0,2407,109535.0,False,109535.0
9262909,execution_finished,8,"[56, 57, 58, 59, 60, 61, 62, 63]",107130.0,81121,90600,197730.0,2406,109536.0,False,109536.0
9262910,execution_finished,8,"[8, 9, 10, 11, 12, 13, 14, 15]",107134.0,81121,90600,197734.0,2428,109562.0,False,109562.0
9262911,execution_finished,8,"[48, 49, 50, 51, 52, 53, 54, 55]",107149.0,81121,90600,197749.0,2425,109574.0,False,109574.0
9262913,execution_finished,8,"[16, 17, 18, 19, 20, 21, 22, 23]",107182.0,81121,90600,197782.0,2415,109597.0,False,109597.0
9262912,execution_finished,8,"[24, 25, 26, 27, 28, 29, 30, 31]",107178.0,81121,90600,197778.0,2421,109599.0,False,109599.0
9262914,execution_finished,8,"[0, 1, 2, 3, 4, 5, 6, 7]",107249.0,81121,90600,197849.0,2391,109640.0,False,109640.0
9262922,execution_finished,8,"[0, 1, 2, 3, 4, 5, 6, 7]",109640.0,81121,90600,200240.0,18,109658.0,False,109658.0
9262915,execution_finished,8,"[32, 33, 34, 35, 36, 37, 38, 39]",108955.0,81121,90600,199555.0,2414,111369.0,False,111369.0
9262917,execution_finished,8,"[56, 57, 58, 59, 60, 61, 62, 63]",109536.0,81121,90600,200136.0,2414,111950.0,False,111950.0
9262916,execution_finished,8,"[40, 41, 42, 43, 44, 45, 46, 47]",109535.0,81121,90600,200135.0,2419,111954.0,False,111954.0
9262918,execution_finished,8,"[8, 9, 10, 11, 12, 13, 14, 15]",109562.0,81121,90600,200162.0,2404,111966.0,False,111966.0
9262919,execution_finished,8,"[48, 49, 50, 51, 52, 53, 54, 55]",109574.0,81121,90600,200174.0,2401,111975.0,False,111975.0
9262920,execution_finished,8,"[16, 17, 18, 19, 20, 21, 22, 23]",109597.0,81121,90600,200197.0,2387,111984.0,False,111984.0
9262921,execution_finished,8,"[24, 25, 26, 27, 28, 29, 30, 31]",109599.0,81121,90600,200199.0,2434,112033.0,False,112033.0
9262923,execution_finished,8,"[0, 1, 2, 3, 4, 5, 6, 7]",109658.0,81121,90600,200258.0,2422,112080.0,False,112080.0
9262924,execution_finished,8,"[32, 33, 34, 35, 36, 37, 38, 39]",111369.0,81121,90600,201969.0,2437,113806.0,False,113806.0
9262927,execution_finished,8,"[8, 9, 10, 11, 12, 13, 14, 15]",111966.0,81121,90600,202566.0,2391,114357.0,False,114357.0
9262925,execution_finished,8,"[56, 57, 58, 59, 60, 61, 62, 63]",111950.0,81121,90600,202550.0,2431,114381.0,False,114381.0
9262929,execution_finished,8,"[16, 17, 18, 19, 20, 21, 22, 23]",111984.0,81121,90600,202584.0,2405,114389.0,False,114389.0
9262928,execution_finished,8,"[48, 49, 50, 51, 52, 53, 54, 55]",111975.0,81121,90600,202575.0,2418,114393.0,False,114393.0
9262926,execution_finished,8,"[40, 41, 42, 43, 44, 45, 46, 47]",111954.0,81121,90600,202554.0,2446,114400.0,False,114400.0
9262930,execution_finished,8,"[24, 25, 26, 27, 28, 29, 30, 31]",112033.0,81121,90600,202633.0,2443,114476.0,False,114476.0
9262931,execution_finished,8,"[0, 1, 2, 3, 4, 5, 6, 7]",112080.0,81121,90600,202680.0,2413,114493.0,False,114493.0
9262932,execution_finished,8,"[32, 33, 34, 35, 36, 37, 38, 39]",113806.0,81121,90600,204406.0,2423,116229.0,False,116229.0
9262933,execution_finished,8,"[8, 9, 10, 11, 12, 13, 14, 15]",114357.0,81121,90600,204957.0,2423,116780.0,False,116780.0
9262934,execution_finished,8,"[56, 57, 58, 59, 60, 61, 62, 63]",114381.0,81121,90600,204981.0,2416,116797.0,False,116797.0
9262935,execution_finished,8,"[16, 17, 18, 19, 20, 21, 22, 23]",114389.0,81121,90600,204989.0,2411,116800.0,False,116800.0
9262936,execution_finished,8,"[48, 49, 50, 51, 52, 53, 54, 55]",114393.0,81121,90600,204993.0,2414,116807.0,False,116807.0
9262937,execution_finished,8,"[40, 41, 42, 43, 44, 45, 46, 47]",114400.0,81121,90600,205000.0,2429,116829.0,False,116829.0
9262938,execution_finished,8,"[24, 25, 26, 27, 28, 29, 30, 31]",114476.0,81121,90600,205076.0,2397,116873.0,False,116873.0
9262939,execution_finished,8,"[0, 1, 2, 3, 4, 5, 6, 7]",114493.0,81121,90600,205093.0,2402,116895.0,False,116895.0
9262940,execution_finished,8,"[32, 33, 34, 35, 36, 37, 38, 39]",116229.0,81121,90600,206829.0,2400,118629.0,False,118629.0
9262941,execution_finished,8,"[8, 9, 10, 11, 12, 13, 14, 15]",116780.0,81121,90600,207380.0,2412,119192.0,False,119192.0
9262942,execution_finished,8,"[56, 57, 58, 59, 60, 61, 62, 63]",116797.0,81121,90600,207397.0,2410,119207.0,False,119207.0
9262944,execution_finished,8,"[48, 49, 50, 51, 52, 53, 54, 55]",116807.0,81121,90600,207407.0,2405,119212.0,False,119212.0
9262943,execution_finished,8,"[16, 17, 18, 19, 20, 21, 22, 23]",116800.0,81121,90600,207400.0,2416,119216.0,False,119216.0
9262945,execution_finished,8,"[40, 41, 42, 43, 44, 45, 46, 47]",116829.0,81121,90600,207429.0,2405,119234.0,False,119234.0
9262946,execution_finished,8,"[24, 25, 26, 27, 28, 29, 30, 31]",116873.0,81121,90600,207473.0,2409,119282.0,False,119282.0
9262947,execution_finished,8,"[0, 1, 2, 3, 4, 5, 6, 7]",116895.0,81121,90600,207495.0,2421,119316.0,False,119316.0
9262948,execution_finished,8,"[32, 33, 34, 35, 36, 37, 38, 39]",118629.0,81121,90600,209229.0,2429,121058.0,False,121058.0
9262952,execution_finished,8,"[16, 17, 18, 19, 20, 21, 22, 23]",119216.0,81121,90600,209816.0,2116,121332.0,False,121332.0
9262950,execution_finished,8,"[56, 57, 58, 59, 60, 61, 62, 63]",119207.0,81121,90600,209807.0,2127,121334.0,False,121334.0
9262951,execution_finished,8,"[48, 49, 50, 51, 52, 53, 54, 55]",119212.0,81121,90600,209812.0,2123,121335.0,False,121335.0
9262953,execution_finished,8,"[40, 41, 42, 43, 44, 45, 46, 47]",119234.0,81121,90600,209834.0,2113,121347.0,False,121347.0
9262954,execution_finished,8,"[24, 25, 26, 27, 28, 29, 30, 31]",119282.0,81121,90600,209882.0,2110,121392.0,False,121392.0
9262955,execution_finished,8,"[0, 1, 2, 3, 4, 5, 6, 7]",119316.0,81121,90600,209916.0,2119,121435.0,False,121435.0
9262949,execution_finished,8,"[8, 9, 10, 11, 12, 13, 14, 15]",119192.0,81121,90600,209792.0,2406,121598.0,False,121598.0
9262956,execution_finished,8,"[32, 33, 34, 35, 36, 37, 38, 39]",121058.0,81121,90600,211658.0,2114,123172.0,False,123172.0
9262957,execution_finished,8,"[16, 17, 18, 19, 20, 21, 22, 23]",121332.0,81121,90600,211932.0,2086,123418.0,False,123418.0
9262958,execution_finished,8,"[56, 57, 58, 59, 60, 61, 62, 63]",121334.0,81121,90600,211934.0,2099,123433.0,False,123433.0
9262959,execution_finished,8,"[48, 49, 50, 51, 52, 53, 54, 55]",121335.0,81121,90600,211935.0,2104,123439.0,False,123439.0
9262960,execution_finished,8,"[40, 41, 42, 43, 44, 45, 46, 47]",121347.0,81121,90600,211947.0,2107,123454.0,False,123454.0
9262961,execution_finished,8,"[24, 25, 26, 27, 28, 29, 30, 31]",121392.0,81121,90600,211992.0,2118,123510.0,False,123510.0
9262962,execution_finished,8,"[0, 1, 2, 3, 4, 5, 6, 7]",121435.0,81121,90600,212035.0,2109,123544.0,False,123544.0
9262963,execution_finished,8,"[8, 9, 10, 11, 12, 13, 14, 15]",121598.0,81121,90600,212198.0,2116,123714.0,False,123714.0
9262964,execution_finished,8,"[32, 33, 34, 35, 36, 37, 38, 39]",123172.0,81121,90600,213772.0,2111,125283.0,False,125283.0
9262965,execution_finished,8,"[16, 17, 18, 19, 20, 21, 22, 23]",123418.0,81122,90600,214018.0,2111,125529.0,False,125529.0
9262967,execution_finished,8,"[48, 49, 50, 51, 52, 53, 54, 55]",123439.0,81122,90600,214039.0,2110,125549.0,False,125549.0
9262966,execution_finished,8,"[56, 57, 58, 59, 60, 61, 62, 63]",123433.0,81122,90600,214033.0,2121,125554.0,False,125554.0
9262968,execution_finished,8,"[40, 41, 42, 43, 44, 45, 46, 47]",123454.0,81122,90600,214054.0,2111,125565.0,False,125565.0
9262969,execution_finished,8,"[24, 25, 26, 27, 28, 29, 30, 31]",123510.0,81122,90600,214110.0,2109,125619.0,False,125619.0
9262970,execution_finished,8,"[0, 1, 2, 3, 4, 5, 6, 7]",123544.0,81122,90600,214144.0,2103,125647.0,False,125647.0
9262971,execution_finished,8,"[8, 9, 10, 11, 12, 13, 14, 15]",123714.0,81122,90600,214314.0,2100,125814.0,False,125814.0
9262972,execution_finished,8,"[32, 33, 34, 35, 36, 37, 38, 39]",125283.0,81122,90600,215883.0,2110,127393.0,False,127393.0
9262973,execution_finished,8,"[16, 17, 18, 19, 20, 21, 22, 23]",125529.0,81122,90600,216129.0,2098,127627.0,False,127627.0
9262974,execution_finished,8,"[48, 49, 50, 51, 52, 53, 54, 55]",125549.0,81122,90600,216149.0,2091,127640.0,False,127640.0
9262975,execution_finished,8,"[56, 57, 58, 59, 60, 61, 62, 63]",125554.0,81122,90600,216154.0,2108,127662.0,False,127662.0
9262976,execution_finished,8,"[40, 41, 42, 43, 44, 45, 46, 47]",125565.0,81122,90600,216165.0,2119,127684.0,False,127684.0
9262977,execution_finished,8,"[24, 25, 26, 27, 28, 29, 30, 31]",125619.0,81122,90600,216219.0,2105,127724.0,False,127724.0
9262978,execution_finished,8,"[0, 1, 2, 3, 4, 5, 6, 7]",125647.0,81122,90600,216247.0,2124,127771.0,False,127771.0
9262979,execution_finished,8,"[8, 9, 10, 11, 12, 13, 14, 15]",125814.0,81122,90600,216414.0,2097,127911.0,False,127911.0
9262980,execution_finished,8,"[32, 33, 34, 35, 36, 37, 38, 39]",127393.0,81122,90600,217993.0,2127,129520.0,False,129520.0
9262981,execution_finished,8,"[16, 17, 18, 19, 20, 21, 22, 23]",127627.0,81122,90600,218227.0,2103,129730.0,False,129730.0
9262982,execution_finished,8,"[48, 49, 50, 51, 52, 53, 54, 55]",127640.0,81122,90600,218240.0,2128,129768.0,False,129768.0
9262983,execution_finished,8,"[56, 57, 58, 59, 60, 61, 62, 63]",127662.0,81122,90600,218262.0,2124,129786.0,False,129786.0
9262984,execution_finished,8,"[40, 41, 42, 43, 44, 45, 46, 47]",127684.0,81122,90600,218284.0,2119,129803.0,False,129803.0
9262985,execution_finished,8,"[24, 25, 26, 27, 28, 29, 30, 31]",127724.0,81122,90600,218324.0,2106,129830.0,False,129830.0
9262986,execution_finished,8,"[0, 1, 2, 3, 4, 5, 6, 7]",127771.0,81122,90600,218371.0,2103,129874.0,False,129874.0
9262987,execution_finished,8,"[8, 9, 10, 11, 12, 13, 14, 15]",127911.0,81122,90600,218511.0,2097,130008.0,False,130008.0
9262988,execution_finished,8,"[32, 33, 34, 35, 36, 37, 38, 39]",129520.0,81122,90600,220120.0,2114,131634.0,False,131634.0
9262989,execution_finished,8,"[16, 17, 18, 19, 20, 21, 22, 23]",129730.0,81122,90600,220330.0,2110,131840.0,False,131840.0
9262990,execution_finished,8,"[48, 49, 50, 51, 52, 53, 54, 55]",129768.0,81122,90600,220368.0,2106,131874.0,False,131874.0
9262991,execution_finished,8,"[56, 57, 58, 59, 60, 61, 62, 63]",129786.0,81122,90600,220386.0,2108,131894.0,False,131894.0
9262992,execution_finished,8,"[40, 41, 42, 43, 44, 45, 46, 47]",129803.0,81122,90600,220403.0,2126,131929.0,False,131929.0
9262993,execution_finished,8,"[24, 25, 26, 27, 28, 29, 30, 31]",129830.0,81122,90600,220430.0,2111,131941.0,False,131941.0
9262994,execution_finished,8,"[0, 1, 2, 3, 4, 5, 6, 7]",129874.0,81122,90600,220474.0,2106,131980.0,False,131980.0
9262995,execution_finished,8,"[8, 9, 10, 11, 12, 13, 14, 15]",130008.0,81122,90600,220608.0,2116,132124.0,False,132124.0
9262996,execution_finished,8,"[32, 33, 34, 35, 36, 37, 38, 39]",131634.0,81122,90600,222234.0,2109,133743.0,False,133743.0
9262997,execution_finished,8,"[16, 17, 18, 19, 20, 21, 22, 23]",131840.0,81122,90600,222440.0,2111,133951.0,False,133951.0
9262998,execution_finished,8,"[48, 49, 50, 51, 52, 53, 54, 55]",131874.0,81122,90600,222474.0,2126,134000.0,False,134000.0
9262999,execution_finished,8,"[56, 57, 58, 59, 60, 61, 62, 63]",131894.0,81122,90600,222494.0,2108,134002.0,False,134002.0
9263000,execution_finished,8,"[40, 41, 42, 43, 44, 45, 46, 47]",131929.0,81122,90600,222529.0,2108,134037.0,False,134037.0
9263001,execution_finished,8,"[24, 25, 26, 27, 28, 29, 30, 31]",131941.0,81122,90600,222541.0,2117,134058.0,False,134058.0
9263002,execution_finished,8,"[0, 1, 2, 3, 4, 5, 6, 7]",131980.0,81122,90600,222580.0,2091,134071.0,False,134071.0
9263003,execution_finished,8,"[8, 9, 10, 11, 12, 13, 14, 15]",132124.0,81122,90600,222724.0,2110,134234.0,False,134234.0
9263004,execution_finished,8,"[32, 33, 34, 35, 36, 37, 38, 39]",133743.0,81122,90600,224343.0,2135,135878.0,False,135878.0
9263011,execution_finished,16,"[32, 33, 34, 35, 36, 37, 38, 39, 8, 9, 10, 11, 12, 13, 14, 15]",135878.0,82707,9000,144878.0,3,135881.0,False,135881.0
9263005,execution_finished,8,"[16, 17, 18, 19, 20, 21, 22, 23]",133951.0,81122,90600,224551.0,2125,136076.0,False,136076.0
9263006,execution_finished,8,"[48, 49, 50, 51, 52, 53, 54, 55]",134000.0,81122,90600,224600.0,2106,136106.0,False,136106.0
9263007,execution_finished,8,"[56, 57, 58, 59, 60, 61, 62, 63]",134002.0,81122,90600,224602.0,2107,136109.0,False,136109.0
9263008,execution_finished,8,"[40, 41, 42, 43, 44, 45, 46, 47]",134037.0,81122,90600,224637.0,2118,136155.0,False,136155.0
9263010,execution_finished,8,"[0, 1, 2, 3, 4, 5, 6, 7]",134071.0,81122,90600,224671.0,2084,136155.0,False,136155.0
9263009,execution_finished,8,"[24, 25, 26, 27, 28, 29, 30, 31]",134058.0,81122,90600,224658.0,2106,136164.0,False,136164.0
9263012,execution_finished,16,"[8, 9, 10, 11, 12, 13, 14, 15, 32, 33, 34, 35, 36, 37, 38, 39]",135881.0,83394,9000,144881.0,3053,138934.0,False,138934.0
