dvfs_mode,state,submission_time,start_time,finish_time,nodes,job_id,terminated
base,active,0.0,0.0,132.0,0 1 2 3,34036.0,False
base,active,,0.0,297.0,4,-1.0,
base,active,,0.0,490.0,5 6 7 8 9 10 11 12 13 14 15 16,-1.0,
base,active,,0.0,494.0,17 18 19 20 21 22 23 24 25 26 27 28 29 30 31 32 33 34 35 36 37 38 39 40 41 42 43 44 45 46 47 48,-1.0,
base,active,,0.0,576.0,49 50 51 52 53 54 55,-1.0,
base,active,,0.0,1651.0,56 57 58 59 60 61 62 63 64 65,-1.0,
base,active,,0.0,1795.0,66 67,-1.0,
base,active,,0.0,1817.0,68 69,-1.0,
base,active,,0.0,2030.0,70,-1.0,
base,active,,0.0,2846.0,71 72 73 74 75 76 77,-1.0,
base,active,,0.0,2889.0,78 79 80 81 82 83 84 85 86 87 88 89 90 91 92 93 94 95 96 97 98 99 100 101 102 103 104 105 106 107 108 109,-1.0,
base,active,,0.0,3252.0,110 111 112 113 114 115 116 117 118 119,-1.0,
base,active,,0.0,3600.0,120 121 122 123 124 125 126 127,-1.0,
base,active,,132.0,256.0,0,-1.0,
base,active,,132.0,297.0,1 2 3,-1.0,
base,active,256.0,256.0,367.0,0,34039.0,False
base,active,297.0,297.0,321.0,1 2 3 4,34040.0,False
base,active,,321.0,328.0,1,-1.0,
base,active,,321.0,490.0,2 3 4,-1.0,
base,active,328.0,328.0,337.0,1,34041.0,False
base,active,,337.0,490.0,1,-1.0,
base,active,,367.0,455.0,0,-1.0,
base,active,455.0,455.0,571.0,0,34042.0,False
base,active,490.0,490.0,1611.0,1 2 3 4 5 6 7 8 9 10 11 12 13 14 15 16,34043.0,False
base,active,494.0,494.0,1249.0,17 18 19 20 21 22 23 24 25 26 27 28 29 30 31 32 33 34 35 36 37 38 39 40 41 42 43 44 45 46 47 48,34044.0,False
base,active,,571.0,576.0,0,-1.0,
base,active,576.0,576.0,729.0,0 49 50 51 52 53 54 55,34045.0,False
base,active,,729.0,871.0,0 49 50 51 52 53 54 55,-1.0,
base,active,871.0,871.0,1016.0,0 49 50 51 52 53 54 55,34047.0,False
base,active,,1016.0,1300.0,0,-1.0,
base,active,,1016.0,1535.0,49,-1.0,
base,active,,1016.0,1651.0,50 51 52 53 54 55,-1.0,
base,active,,1249.0,1300.0,17 18 19,-1.0,
base,active,,1249.0,1307.0,20,-1.0,
base,active,,1249.0,1316.0,21 22 23 24 25 26 27 28 29 30 31 32 33 34 35 36,-1.0,
base,active,,1249.0,1326.0,37,-1.0,
base,active,,1249.0,1343.0,38 39,-1.0,
base,active,,1249.0,1535.0,40 41 42 43 44 45 46 47 48,-1.0,
base,active,1300.0,1300.0,1500.0,0 17 18 19,34048.0,False
base,active,1307.0,1307.0,1375.0,20,34049.0,False
base,active,1316.0,1316.0,1506.0,21 22 23 24 25 26 27 28 29 30 31 32 33 34 35 36,34050.0,False
base,active,1326.0,1326.0,1360.0,37,34051.0,False
base,active,1343.0,1343.0,1681.0,38 39,34052.0,False
base,active,,1360.0,1535.0,37,-1.0,
base,active,,1375.0,1535.0,20,-1.0,
base,active,,1500.0,1535.0,0 17 18 19,-1.0,
base,active,,1506.0,1535.0,21 22 23 24 25 26 27 28 29 30 31 32 33 34 35 36,-1.0,
base,active,1535.0,1535.0,1875.0,0 17 18 19 20 21 22 23 24 25 26 27 28 29 30 31 32 33 34 35 36 37 40 41 42 43 44 45 46 47 48 49,34056.0,False
base,active,,1611.0,1651.0,1 2 3 4 5 6 7 8 9 10 11 12 13 14 15 16,-1.0,
base,active,1651.0,1651.0,5104.0,1 2 3 4 5 6 7 8 9 10 11 12 13 14 15 16 50 51 52 53 54 55 56 57 58 59 60 61 62 63 64 65,34058.0,False
base,active,,1681.0,1795.0,38 39,-1.0,
base,active,1795.0,1795.0,1833.0,38 39 66 67,34060.0,False
base,active,1817.0,1817.0,1845.0,68 69,34061.0,False
base,active,,1833.0,1924.0,38 39 66 67,-1.0,
base,active,,1845.0,1927.0,68 69,-1.0,
base,active,,1875.0,1906.0,0 17 18 19,-1.0,
base,active,,1875.0,1924.0,20 21 22 23 24 25 26 27 28 29 30 31 32 33 34 35 36 37 40 41 42 43 44 45 46 47 48 49,-1.0,
base,active,1906.0,1906.0,2934.0,0 17 18 19,34062.0,False
base,active,1924.0,1924.0,2316.0,20 21 22 23 24 25 26 27 28 29 30 31 32 33 34 35 36 37 38 39 40 41 42 43 44 45 46 47 48 49 66 67,34063.0,False
base,active,1927.0,1927.0,2938.0,68 69,34064.0,False
base,active,2030.0,2030.0,2184.0,70,34065.0,False
base,active,,2184.0,2846.0,70,-1.0,
base,active,,2316.0,2349.0,20,-1.0,
base,active,,2316.0,2800.0,21 22 23 24 25 26 27 28 29 30 31 32 33 34 35 36 37 38 39 40 41 42 43 44 45 46 47 48 49 66 67,-1.0,
base,active,2349.0,2349.0,2426.0,20,34070.0,False
base,active,,2426.0,2800.0,20,-1.0,
base,active,2800.0,2800.0,5107.0,20 21 22 23 24 25 26 27 28 29 30 31 32 33 34 35 36 37 38 39 40 41 42 43 44 45 46 47 48 49 66 67,34072.0,False
base,active,2846.0,2846.0,5113.0,70 71 72 73 74 75 76 77,34073.0,False
base,active,2889.0,2889.0,3168.0,78 79 80 81 82 83 84 85 86 87 88 89 90 91 92 93 94 95 96 97 98 99 100 101 102 103 104 105 106 107 108 109,34074.0,False
base,active,,2934.0,2953.0,0,-1.0,
base,active,,2934.0,3239.0,17 18 19,-1.0,
base,active,,2938.0,3239.0,68 69,-1.0,
base,active,2953.0,2953.0,2972.0,0,34075.0,False
base,active,,2972.0,3239.0,0,-1.0,
base,active,,3168.0,3239.0,78 79 80 81 82 83 84 85 86 87 88 89 90 91 92 93 94 95 96 97 98 99 100 101 102 103,-1.0,
base,active,,3168.0,3252.0,104 105 106 107 108 109,-1.0,
base,active,3239.0,3239.0,3947.0,0 17 18 19 68 69 78 79 80 81 82 83 84 85 86 87 88 89 90 91 92 93 94 95 96 97 98 99 100 101 102 103,34078.0,False
base,active,3252.0,3252.0,3260.0,104 105 106 107 108 109 110 111 112 113 114 115 116 117 118 119,34079.0,False
base,active,,3260.0,3267.0,104 105 106 107 108 109 110 111 112 113 114 115 116 117 118 119,-1.0,
base,active,3267.0,3267.0,4393.0,104 105 106 107 108 109 110 111 112 113 114 115 116 117 118 119,34080.0,False
base,switching_off,,3600.0,5400.0,120 121 122 123 124 125 126 127,-2.0,
base,active,,3947.0,3968.0,0 17 18 19 68 69 78 79 80 81 82 83 84 85 86 87,-1.0,
base,active,,3947.0,4175.0,88 89 90 91 92 93 94 95 96 97 98 99 100 101 102 103,-1.0,
base,active,3968.0,3968.0,4054.0,0 17 18 19 68 69 78 79 80 81 82 83 84 85 86 87,34086.0,False
base,active,,4054.0,4150.0,0 17,-1.0,
base,active,,4054.0,4175.0,18 19 68 69 78 79 80 81 82 83 84 85 86 87,-1.0,
base,active,4150.0,4150.0,4175.0,0 17,34088.0,False
base,active,4161.0,4175.0,5051.0,0 17 18 19 68 69 78 79 80 81 82 83 84 85 86 87 88 89 90 91 92 93 94 95 96 97 98 99 100 101 102 103,34089.0,False
base,active,4297.0,4393.0,4434.0,104 105 106 107,34092.0,False
base,active,,4393.0,7161.0,108 109 110 111,-1.0,
base,active,,4393.0,7168.0,112 113 114 115 116 117 118 119,-1.0,
base,active,,4434.0,7161.0,104 105 106 107,-1.0,
base,active,5044.0,5051.0,5277.0,0 17 18 19 68 69 78 79 80 81 82 83 84 85 86 87 88 89 90 91 92 93 94 95 96 97 98 99 100 101 102 103,34101.0,False
base,active,,5104.0,5114.0,1 2 3 4 5 6 7 8 9 10 11 12 13 14 15 16,-1.0,
base,active,,5104.0,5815.0,50 51 52 53 54 55 56 57 58 59 60 61 62 63 64 65,-1.0,
base,active,,5107.0,5114.0,20 21 22 23 24 25 26 27 28 29 30 31 32 33 34 35,-1.0,
base,active,,5107.0,5175.0,36 37 38 39 40 41 42 43,-1.0,
base,active,,5107.0,5815.0,44 45 46 47 48 49 66 67,-1.0,
base,active,,5113.0,5815.0,70 71,-1.0,
base,active,,5113.0,7007.0,72 73 74 75 76 77,-1.0,
base,active,5114.0,5114.0,8651.0,1 2 3 4 5 6 7 8 9 10 11 12 13 14 15 16 20 21 22 23 24 25 26 27 28 29 30 31 32 33 34 35,34103.0,False
base,active,5175.0,5175.0,5253.0,36 37 38 39 40 41 42 43,34104.0,False
base,active,,5253.0,5274.0,36 37 38 39 40 41 42 43,-1.0,
base,active,5274.0,5274.0,5350.0,36 37 38 39 40 41 42 43,34105.0,False
base,active,,5277.0,5450.0,0 17 18 19,-1.0,
base,active,,5277.0,5815.0,68 69,-1.0,
base,active,,5277.0,7007.0,78 79,-1.0,
base,active,,5277.0,7125.0,80 81 82 83 84 85 86 87 88 89 90 91 92 93 94 95 96 97 98 99 100 101 102 103,-1.0,
base,active,,5350.0,5450.0,36 37 38 39,-1.0,
base,active,,5350.0,5815.0,40 41 42 43,-1.0,
base,sleeping,,5400.0,12617.0,120 121,-4.0,
base,sleeping,,5400.0,26408.0,122 123 124 125 126 127,-4.0,
base,active,5450.0,5450.0,5519.0,0 17 18 19 36 37 38 39,34106.0,False
base,active,,5519.0,5587.0,0 17 18 19 36 37 38 39,-1.0,
base,active,5587.0,5587.0,5629.0,0 17 18 19 36 37 38 39,34109.0,False
base,active,,5629.0,5731.0,0 17 18 19 36 37 38 39,-1.0,
base,active,5731.0,5731.0,5818.0,0 17 18 19 36 37 38 39,34111.0,False
base,active,5815.0,5815.0,6041.0,40 41 42 43 44 45 46 47 48 49 50 51 52 53 54 55 56 57 58 59 60 61 62 63 64 65 66 67 68 69 70 71,34112.0,False
base,active,,5818.0,6193.0,0 17 18 19,-1.0,
base,active,,5818.0,6675.0,36 37 38 39,-1.0,
base,active,,6041.0,6675.0,40 41 42 43 44 45 46 47 48 49 50 51 52 53 54 55 56 57 58 59 60 61 62 63,-1.0,
base,active,,6041.0,6935.0,64 65 66 67 68 69 70 71,-1.0,
base,active,6193.0,6193.0,6238.0,0 17 18 19,34115.0,False
base,active,,6238.0,6675.0,0 17 18 19,-1.0,
base,active,6675.0,6675.0,6791.0,0 17 18 19 36 37 38 39 40 41 42 43 44 45 46 47 48 49 50 51 52 53 54 55 56 57 58 59 60 61 62 63,34121.0,False
base,active,,6791.0,6928.0,0 17 18 19 36 37 38 39,-1.0,
base,active,,6791.0,6935.0,40 41 42 43 44 45 46 47 48 49 50 51 52 53 54 55 56 57 58 59 60 61 62 63,-1.0,
base,active,6928.0,6928.0,7014.0,0 17 18 19 36 37 38 39,34123.0,False
base,active,6935.0,6935.0,7217.0,40 41 42 43 44 45 46 47 48 49 50 51 52 53 54 55 56 57 58 59 60 61 62 63 64 65 66 67 68 69 70 71,34124.0,False
base,active,7007.0,7007.0,7099.0,72 73 74 75 76 77 78 79,34125.0,False
base,active,,7014.0,7067.0,0 17 18 19 36 37 38 39,-1.0,
base,active,7067.0,7067.0,7196.0,0 17 18 19 36 37 38 39,34127.0,False
base,active,,7099.0,7125.0,72 73 74 75 76 77 78 79,-1.0,
base,active,7125.0,7125.0,18132.0,72 73 74 75 76 77 78 79 80 81 82 83 84 85 86 87 88 89 90 91 92 93 94 95 96 97 98 99 100 101 102 103,34128.0,False
base,active,7161.0,7161.0,7234.0,104 105 106 107 108 109 110 111,34130.0,False
base,active,7168.0,7168.0,18135.0,112 113 114 115 116 117 118 119,34131.0,False
base,active,,7196.0,7224.0,0 17 18 19 36 37 38 39,-1.0,
base,active,,7217.0,7267.0,40 41 42 43 44 45 46 47,-1.0,
base,active,,7217.0,10817.0,48 49 50 51 52 53 54 55 56 57 58 59 60 61 62 63 64 65 66 67 68 69 70 71,-1.0,
base,active,7224.0,7224.0,7321.0,0 17 18 19 36 37 38 39,34132.0,False
base,active,,7234.0,10834.0,104 105 106 107 108 109 110 111,-1.0,
base,active,7267.0,7267.0,7326.0,40 41 42 43 44 45 46 47,34133.0,False
base,active,,7321.0,7385.0,0 17 18 19 36 37 38 39,-1.0,
base,active,,7326.0,7388.0,40 41 42 43 44 45 46 47,-1.0,
base,active,7385.0,7385.0,7475.0,0 17 18 19 36 37 38 39,34135.0,False
base,active,7388.0,7388.0,7404.0,40 41 42 43 44 45 46 47,34136.0,False
base,active,,7404.0,7451.0,40 41 42 43 44 45 46 47,-1.0,
base,active,7451.0,7451.0,7503.0,40 41 42 43 44 45 46 47,34137.0,False
base,active,,7475.0,7556.0,0 17 18 19 36 37 38 39,-1.0,
base,active,,7503.0,7558.0,40 41 42 43 44 45 46 47,-1.0,
base,active,7556.0,7556.0,7664.0,0 17 18 19 36 37 38 39,34138.0,False
base,active,7558.0,7558.0,7619.0,40 41 42 43 44 45 46 47,34139.0,False
base,active,,7619.0,11219.0,40 41 42 43 44 45 46 47,-1.0,
base,active,,7664.0,7698.0,0 17 18 19 36 37 38 39,-1.0,
base,active,7698.0,7698.0,7797.0,0 17 18 19 36 37 38 39,34141.0,False
base,active,,7797.0,7822.0,0,-1.0,
base,active,,7797.0,7923.0,17 18 19,-1.0,
base,active,,7797.0,7945.0,36 37,-1.0,
base,active,,7797.0,8010.0,38,-1.0,
base,active,,7797.0,8466.0,39,-1.0,
base,active,7822.0,7822.0,7877.0,0,34144.0,False
base,active,,7877.0,7892.0,0,-1.0,
base,active,7892.0,7892.0,7917.0,0,34146.0,False
base,active,,7917.0,7923.0,0,-1.0,
base,active,7923.0,7923.0,8045.0,0 17 18 19,34148.0,False
base,active,7945.0,7945.0,8047.0,36 37,34149.0,False
base,active,8010.0,8010.0,8013.0,38,34151.0,False
base,active,,8013.0,8466.0,38,-1.0,
base,active,,8045.0,8466.0,0 17 18 19,-1.0,
base,active,,8047.0,8466.0,36 37,-1.0,
base,active,8466.0,8466.0,8549.0,0 17 18 19 36 37 38 39,34154.0,False
base,active,,8549.0,8772.0,0,-1.0,
base,active,,8549.0,9569.0,17 18 19,-1.0,
base,active,,8549.0,11692.0,36 37,-1.0,
base,active,,8549.0,12149.0,38 39,-1.0,
base,active,,8651.0,8772.0,1 2 3,-1.0,
base,active,,8651.0,8795.0,4 5,-1.0,
base,active,,8651.0,9137.0,6 7 8 9 10 11 12 13,-1.0,
base,active,,8651.0,9240.0,14 15,-1.0,
base,active,,8651.0,9569.0,16 20 21 22 23 24 25 26 27 28 29,-1.0,
base,active,,8651.0,9572.0,30,-1.0,
base,active,,8651.0,11692.0,31 32 33 34 35,-1.0,
base,active,8772.0,8772.0,8811.0,0 1 2 3,34158.0,False
base,active,8795.0,8795.0,8811.0,4 5,34159.0,False
base,active,,8811.0,8831.0,0 1 2 3,-1.0,
base,active,,8811.0,8852.0,4 5,-1.0,
base,active,8831.0,8831.0,8928.0,0 1 2 3,34160.0,False
base,active,8852.0,8852.0,8928.0,4 5,34161.0,False
base,active,,8928.0,9003.0,0 1,-1.0,
base,active,,8928.0,9047.0,2 3,-1.0,
base,active,,8928.0,9121.0,4 5,-1.0,
base,active,9003.0,9003.0,9023.0,0 1,34163.0,False
base,active,,9023.0,9047.0,0 1,-1.0,
base,active,9047.0,9047.0,9085.0,0 1 2 3,34164.0,False
base,active,,9085.0,9098.0,0 1 2 3,-1.0,
base,active,9098.0,9098.0,9144.0,0 1 2 3,34166.0,False
base,active,9121.0,9121.0,9144.0,4 5,34168.0,False
base,active,9137.0,9137.0,9182.0,6 7 8 9 10 11 12 13,34169.0,False
base,active,,9144.0,9196.0,0 1,-1.0,
base,active,,9144.0,9208.0,2 3 4 5,-1.0,
base,active,,9182.0,9233.0,6 7,-1.0,
base,active,,9182.0,9240.0,8 9 10 11 12 13,-1.0,
base,active,9196.0,9196.0,9265.0,0 1,34172.0,False
base,active,9208.0,9208.0,9581.0,2 3 4 5,34173.0,False
base,active,9233.0,9233.0,9588.0,6 7,34174.0,False
base,active,9240.0,9240.0,9327.0,8 9 10 11 12 13 14 15,34175.0,False
base,active,,9265.0,9381.0,0 1,-1.0,
base,active,,9327.0,9381.0,8 9 10 11 12 13,-1.0,
base,active,,9327.0,9569.0,14 15,-1.0,
base,active,9381.0,9381.0,9421.0,0 1 8 9 10 11 12 13,34177.0,False
base,active,,9421.0,9451.0,0 1 8 9 10 11 12 13,-1.0,
base,active,9451.0,9451.0,9530.0,0 1 8 9 10 11 12 13,34178.0,False
base,active,,9530.0,9541.0,0,-1.0,
base,active,,9530.0,9565.0,1 8 9 10 11 12 13,-1.0,
base,active,9541.0,9541.0,9545.0,0,34179.0,False
base,active,,9545.0,9565.0,0,-1.0,
base,active,9565.0,9565.0,9668.0,0 1 8 9 10 11 12 13,34180.0,False
base,active,9569.0,9569.0,9819.0,14 15 16 17 18 19 20 21 22 23 24 25 26 27 28 29,34181.0,False
base,active,9572.0,9572.0,9614.0,30,34182.0,False
base,active,,9581.0,9594.0,2 3 4 5,-1.0,
base,active,,9588.0,9632.0,6 7,-1.0,
base,active,9594.0,9594.0,9636.0,2 3 4 5,34183.0,False
base,active,,9614.0,11692.0,30,-1.0,
base,active,9632.0,9632.0,9661.0,6 7,34185.0,False
base,active,,9636.0,9750.0,2 3,-1.0,
base,active,,9636.0,9758.0,4,-1.0,
base,active,,9636.0,9780.0,5,-1.0,
base,active,,9661.0,9892.0,6 7,-1.0,
base,active,,9668.0,9750.0,0 1,-1.0,
base,active,,9668.0,9892.0,8 9,-1.0,
base,active,,9668.0,9899.0,10 11 12 13,-1.0,
base,active,9750.0,9750.0,9887.0,0 1 2 3,34188.0,False
base,active,9758.0,9758.0,9775.0,4,34189.0,False
base,active,,9775.0,9780.0,4,-1.0,
base,active,9780.0,9780.0,9897.0,4 5,34190.0,False
base,active,,9819.0,9899.0,14 15,-1.0,
base,active,,9819.0,11327.0,16 17,-1.0,
base,active,,9819.0,11536.0,18 19 20 21,-1.0,
base,active,,9819.0,11692.0,22 23 24 25 26 27 28 29,-1.0,
base,active,,9887.0,9892.0,0 1 2 3,-1.0,
base,active,9892.0,9892.0,9897.0,0 1 2 3 6 7 8 9,34192.0,False
base,active,,9897.0,9899.0,0 1 2 3 4 5 6 7 8 9,-1.0,
base,active,9899.0,9899.0,9995.0,0 1 2 3 4 5 6 7 8 9 10 11 12 13 14 15,34193.0,False
base,active,,9995.0,10146.0,0 1 2 3 4 5 6 7,-1.0,
base,active,,9995.0,10175.0,8,-1.0,
base,active,,9995.0,11136.0,9 10 11 12 13,-1.0,
base,active,,9995.0,11327.0,14 15,-1.0,
base,active,10146.0,10146.0,10227.0,0 1 2 3 4 5 6 7,34195.0,False
base,active,10175.0,10175.0,10216.0,8,34196.0,False
base,active,,10216.0,11136.0,8,-1.0,
base,active,,10227.0,10231.0,0,-1.0,
base,active,,10227.0,10265.0,1 2 3,-1.0,
base,active,,10227.0,10290.0,4 5,-1.0,
base,active,,10227.0,10369.0,6 7,-1.0,
base,active,10231.0,10231.0,10255.0,0,34197.0,False
base,active,,10255.0,10265.0,0,-1.0,
base,active,10265.0,10265.0,10368.0,0 1 2 3,34198.0,False
base,active,10290.0,10290.0,10367.0,4 5,34200.0,False
base,active,,10367.0,10369.0,4 5,-1.0,
base,active,,10368.0,10369.0,0 1 2 3,-1.0,
base,active,10369.0,10369.0,10462.0,0 1 2 3 4 5 6 7,34202.0,False
base,active,,10462.0,10509.0,0 1 2 3 4 5 6 7,-1.0,
base,active,10509.0,10509.0,10593.0,0 1 2 3 4 5 6 7,34205.0,False
base,active,,10593.0,10826.0,0 1 2 3,-1.0,
base,active,,10593.0,10847.0,4 5,-1.0,
base,active,,10593.0,11136.0,6 7,-1.0,
base,switching_off,,10817.0,12617.0,48 49 50 51 52 53 54 55 56 57 58 59 60 61 62 63 64 65 66 67 68 69 70 71,-2.0,
base,active,10826.0,10826.0,10951.0,0 1 2 3,34207.0,False
base,switching_off,,10834.0,12634.0,104 105 106 107 108 109 110 111,-2.0,
base,active,10847.0,10847.0,10951.0,4 5,34208.0,False
base,active,,10951.0,11028.0,0 1 2 3,-1.0,
base,active,,10951.0,11050.0,4 5,-1.0,
base,active,11028.0,11028.0,12010.0,0 1 2 3,34211.0,False
base,active,11050.0,11050.0,12010.0,4 5,34213.0,False
base,active,11136.0,11136.0,11555.0,6 7 8 9 10 11 12 13,34215.0,False
base,switching_off,,11219.0,13019.0,40 41 42 43 44 45 46 47,-2.0,
base,active,11327.0,11327.0,11376.0,14 15 16 17,34217.0,False
base,active,,11376.0,11441.0,14 15,-1.0,
base,active,,11376.0,11479.0,16 17,-1.0,
base,active,11441.0,11441.0,11458.0,14 15,34218.0,False
base,active,,11458.0,11479.0,14 15,-1.0,
base,active,11479.0,11479.0,11516.0,14 15 16 17,34219.0,False
base,active,,11516.0,11536.0,14 15 16 17,-1.0,
base,active,11536.0,11536.0,11579.0,14 15 16 17 18 19 20 21,34220.0,False
base,active,,11555.0,11598.0,6 7 8 9 10 11 12 13,-1.0,
base,active,,11579.0,11598.0,14 15 16 17 18 19 20 21,-1.0,
base,active,11598.0,11598.0,11660.0,6 7 8 9 10 11 12 13 14 15 16 17 18 19 20 21,34222.0,False
base,active,,11660.0,11692.0,6 7 8 9 10 11 12 13 14 15 16 17 18 19 20 21,-1.0,
base,active,11692.0,11692.0,11842.0,6 7 8 9 10 11 12 13 14 15 16 17 18 19 20 21 22 23 24 25 26 27 28 29 30 31 32 33 34 35 36 37,34224.0,False
base,active,11739.0,11842.0,11965.0,6 7 8 9 10 11 12 13 14 15 16 17 18 19 20 21 22 23 24 25 26 27 28 29 30 31 32 33 34 35 36 37,34226.0,False
base,active,11883.0,11965.0,12020.0,6 7 8 9,34228.0,False
base,active,,11965.0,12208.0,10 11 12 13 14 15 16 17 18 19 20 21 22 23 24 25 26 27 28 29 30 31 32 33 34 35 36 37,-1.0,
base,active,,12010.0,12110.0,0 1 2 3,-1.0,
base,active,,12010.0,12135.0,4 5,-1.0,
base,active,,12020.0,12208.0,6 7 8 9,-1.0,
base,active,12110.0,12110.0,12673.0,0 1 2 3,34230.0,False
base,active,12135.0,12135.0,12674.0,4 5,34231.0,False
base,switching_off,,12149.0,13949.0,38 39,-2.0,
base,active,12208.0,12208.0,12258.0,6 7 8 9 10 11 12 13 14 15 16 17 18 19 20 21 22 23 24 25 26 27 28 29 30 31 32 33 34 35 36 37,34232.0,False
base,active,,12258.0,12554.0,6,-1.0,
base,active,,12258.0,13548.0,7 8 9 10 11 12 13,-1.0,
base,active,,12258.0,13947.0,14 15 16 17 18 19 20 21,-1.0,
base,active,,12258.0,15528.0,22 23 24 25 26 27 28 29 30 31 32 33 34 35 36 37,-1.0,
base,active,12554.0,12554.0,12557.0,6,34239.0,False
base,active,,12557.0,13548.0,6,-1.0,
base,switching_on,,12617.0,15317.0,48 49 50 51 52 53 54 55 56 57 58 59 60 61 62 63 64 65 66 67 68 69 70 71 120 121,-3.0,
base,sleeping,,12634.0,26408.0,104 105 106 107 108 109 110 111,-4.0,
base,active,,12673.0,12908.0,0,-1.0,
base,active,,12673.0,13009.0,1 2 3,-1.0,
base,active,,12674.0,13032.0,4 5,-1.0,
base,active,12908.0,12908.0,12965.0,0,34243.0,False
base,active,,12965.0,12983.0,0,-1.0,
base,active,12983.0,12983.0,13001.0,0,34245.0,False
base,active,,13001.0,13009.0,0,-1.0,
base,active,13009.0,13009.0,13972.0,0 1 2 3,34246.0,False
base,sleeping,,13019.0,26408.0,40 41 42 43 44 45 46 47,-4.0,
base,active,13032.0,13032.0,13975.0,4 5,34248.0,False
base,active,13548.0,13548.0,13932.0,6 7 8 9 10 11 12 13,34250.0,False
base,active,,13932.0,13947.0,6 7 8 9 10 11 12 13,-1.0,
base,active,13947.0,13947.0,15160.0,6 7 8 9 10 11 12 13 14 15 16 17 18 19 20 21,34256.0,False
base,sleeping,,13949.0,26408.0,38 39,-4.0,
base,active,,13972.0,14129.0,0 1,-1.0,
base,active,,13972.0,15235.0,2 3,-1.0,
base,active,,13975.0,15235.0,4 5,-1.0,
base,active,14129.0,14129.0,14307.0,0 1,34257.0,False
base,active,,14307.0,14392.0,0 1,-1.0,
base,active,14392.0,14392.0,14491.0,0 1,34261.0,False
base,active,,14491.0,14639.0,0 1,-1.0,
base,active,14639.0,14639.0,14644.0,0 1,34266.0,False
base,active,,14644.0,14687.0,0 1,-1.0,
base,active,14687.0,14687.0,14747.0,0 1,34267.0,False
base,active,,14747.0,15235.0,0 1,-1.0,
base,active,,15160.0,15235.0,6 7 8 9 10 11 12 13 14 15,-1.0,
base,active,,15160.0,15273.0,16 17,-1.0,
base,active,,15160.0,15528.0,18 19 20 21,-1.0,
base,active,15235.0,15235.0,16181.0,0 1 2 3 4 5 6 7 8 9 10 11 12 13 14 15,34273.0,False
base,active,15273.0,15273.0,15334.0,16 17,34274.0,False
base,active,,15317.0,15528.0,48 49 50 51 52 53 54 55 56 57,-1.0,
base,active,,15317.0,16181.0,58 59 60 61 62 63 64 65 66 67 68 69 70 71 120 121,-1.0,
base,active,,15334.0,15445.0,16 17,-1.0,
base,active,15445.0,15445.0,15506.0,16 17,34277.0,False
base,active,,15506.0,15528.0,16 17,-1.0,
base,active,15528.0,15528.0,15535.0,16 17 18 19 20 21 22 23 24 25 26 27 28 29 30 31 32 33 34 35 36 37 48 49 50 51 52 53 54 55 56 57,34279.0,False
base,active,,15535.0,15572.0,16 17 18 19 20 21 22 23 24 25 26 27 28 29 30 31 32 33 34 35 36 37 48 49 50 51 52 53 54 55 56 57,-1.0,
base,active,15572.0,15572.0,15582.0,16 17 18 19 20 21 22 23 24 25 26 27 28 29 30 31 32 33 34 35 36 37 48 49 50 51 52 53 54 55 56 57,34280.0,False
base,active,,15582.0,15596.0,16 17 18 19 20 21 22 23 24 25 26 27 28 29 30 31,-1.0,
base,active,,15582.0,15920.0,32 33,-1.0,
base,active,,15582.0,16181.0,34 35 36 37 48 49 50 51 52 53 54 55 56 57,-1.0,
base,active,15596.0,15596.0,15607.0,16 17 18 19 20 21 22 23 24 25 26 27 28 29 30 31,34282.0,False
base,active,,15607.0,15894.0,16 17,-1.0,
base,active,,15607.0,15920.0,18 19 20 21 22 23 24 25 26 27 28 29 30 31,-1.0,
base,active,15894.0,15894.0,15955.0,16 17,34287.0,False
base,active,15920.0,15920.0,15933.0,18 19 20 21 22 23 24 25 26 27 28 29 30 31 32 33,34288.0,False
base,active,,15933.0,16181.0,18 19 20 21 22 23 24 25 26 27 28 29 30 31 32 33,-1.0,
base,active,,15955.0,15962.0,16,-1.0,
base,active,,15955.0,16181.0,17,-1.0,
base,active,15962.0,15962.0,15980.0,16,34290.0,False
base,active,,15980.0,16181.0,16,-1.0,
base,active,12277.0,16181.0,16239.0,0 1 2 3 4 5 6 7 8 9 10 11 12 13 14 15 16 17 18 19 20 21 22 23 24 25 26 27 28 29 30 31 32 33 34 35 36 37 48 49 50 51 52 53 54 55 56 57 58 59 60 61 62 63 64 65 66 67 68 69 70 71 120 121,34234.0,False
base,active,15281.0,16239.0,16264.0,0 1 2 3 4 5 6 7 8 9 10 11 12 13 14 15 16 17 18 19 20 21 22 23 24 25 26 27 28 29 30 31 32 33 34 35 36 37 48 49 50 51 52 53 54 55 56 57 58 59 60 61 62 63 64 65 66 67 68 69 70 71 120 121,34275.0,False
base,active,15356.0,16264.0,16281.0,0 1 2 3 4 5 6 7 8 9 10 11 12 13 14 15 16 17 18 19 20 21 22 23 24 25 26 27 28 29 30 31 32 33 34 35 36 37 48 49 50 51 52 53 54 55 56 57 58 59 60 61 62 63 64 65 66 67 68 69 70 71 120 121,34276.0,False
base,active,15500.0,16281.0,16293.0,0 1 2 3 4 5 6 7 8 9 10 11 12 13 14 15 16 17 18 19 20 21 22 23 24 25 26 27 28 29 30 31 32 33 34 35 36 37 48 49 50 51 52 53 54 55 56 57 58 59 60 61 62 63 64 65 66 67 68 69 70 71 120 121,34278.0,False
base,active,15948.0,16293.0,16312.0,0 1 2 3 4 5 6 7 8 9 10 11 12 13 14 15 16 17 18 19 20 21 22 23 24 25 26 27 28 29 30 31 32 33 34 35 36 37 48 49 50 51 52 53 54 55 56 57 58 59 60 61 62 63 64 65 66 67 68 69 70 71 120 121,34289.0,False
base,active,,16312.0,16626.0,0 1 2 3 4 5 6 7 8 9 10 11 12 13 14 15 16 17 18 19 20 21 22 23 24 25 26 27 28 29 30 31,-1.0,
base,active,,16312.0,16684.0,32 33,-1.0,
base,active,,16312.0,17070.0,34 35 36 37 48 49 50 51 52 53 54 55 56 57 58 59,-1.0,
base,active,,16312.0,17276.0,60 61 62 63 64 65 66 67 68 69 70 71 120 121,-1.0,
base,active,16626.0,16626.0,16878.0,0 1 2 3 4 5 6 7 8 9 10 11 12 13 14 15 16 17 18 19 20 21 22 23 24 25 26 27 28 29 30 31,34296.0,False
base,active,16684.0,16684.0,16769.0,32 33,34297.0,False
base,active,,16769.0,16798.0,32,-1.0,
base,active,,16769.0,16985.0,33,-1.0,
base,active,16798.0,16798.0,16828.0,32,34298.0,False
base,active,,16828.0,16985.0,32,-1.0,
base,active,,16878.0,16961.0,0 1 2 3 4 5 6 7 8 9 10 11 12 13 14 15 16 17 18 19 20 21 22 23 24 25 26 27 28 29 30 31,-1.0,
base,active,16961.0,16961.0,17204.0,0 1 2 3 4 5 6 7 8 9 10 11 12 13 14 15 16 17 18 19 20 21 22 23 24 25 26 27 28 29 30 31,34302.0,False
base,active,16985.0,16985.0,17160.0,32 33,34303.0,False
base,active,17070.0,17070.0,17124.0,34 35 36 37 48 49 50 51 52 53 54 55 56 57 58 59,34305.0,False
base,active,17083.0,17124.0,17281.0,34 35 36 37 48 49 50 51 52 53 54 55 56 57 58 59,34306.0,False
base,active,,17160.0,17276.0,32 33,-1.0,
base,active,,17204.0,17256.0,0 1 2 3 4 5 6 7 8 9 10 11 12 13 14 15 16 17 18 19 20 21 22 23 24 25 26 27 28 29 30 31,-1.0,
base,active,17256.0,17256.0,20719.0,0 1 2 3 4 5 6 7 8 9 10 11 12 13 14 15 16 17 18 19 20 21 22 23 24 25 26 27 28 29 30 31,34308.0,False
base,active,17276.0,17276.0,17549.0,32 33 60 61 62 63 64 65 66 67 68 69 70 71 120 121,34309.0,False
base,active,,17281.0,17538.0,34 35 36 37 48 49 50 51 52 53 54 55 56 57 58 59,-1.0,
base,active,17538.0,17538.0,18466.0,34 35 36 37 48 49 50 51 52 53 54 55 56 57 58 59,34311.0,False
base,active,,17549.0,17575.0,32 33,-1.0,
base,active,,17549.0,17972.0,60 61 62 63 64 65 66 67 68 69 70 71 120 121,-1.0,
base,active,17575.0,17575.0,17773.0,32 33,34313.0,False
base,active,,17773.0,17834.0,32 33,-1.0,
base,active,17834.0,17834.0,17893.0,32 33,34317.0,False
base,active,,17893.0,17972.0,32 33,-1.0,
base,active,17972.0,17972.0,18272.0,32 33 60 61 62 63 64 65 66 67 68 69 70 71 120 121,34318.0,False
base,active,18115.0,18132.0,18319.0,72 73 74 75 76 77 78 79 80 81 82 83 84 85 86 87,34319.0,False
base,active,,18132.0,18394.0,88 89,-1.0,
base,active,,18132.0,18547.0,90 91 92 93 94 95 96 97 98 99 100 101 102 103,-1.0,
base,active,,18135.0,18547.0,112 113,-1.0,
base,active,,18135.0,18742.0,114 115 116 117 118 119,-1.0,
base,active,,18272.0,18394.0,32 33 60 61 62 63 64 65 66 67 68 69 70 71,-1.0,
base,active,,18272.0,18742.0,120 121,-1.0,
base,active,,18319.0,18394.0,72 73 74 75 76 77 78 79 80 81 82 83 84 85 86 87,-1.0,
base,active,18394.0,18394.0,18588.0,32 33 60 61 62 63 64 65 66 67 68 69 70 71 72 73 74 75 76 77 78 79 80 81 82 83 84 85 86 87 88 89,34324.0,False
base,active,,18466.0,18542.0,34 35 36 37 48 49 50 51 52 53 54 55 56 57 58 59,-1.0,
base,active,18542.0,18542.0,18714.0,34 35 36 37 48 49 50 51 52 53 54 55 56 57 58 59,34326.0,False
base,active,18547.0,18547.0,19347.0,90 91 92 93 94 95 96 97 98 99 100 101 102 103 112 113,34327.0,False
base,active,,18588.0,18681.0,32 33 60 61 62 63 64 65 66 67 68 69 70 71 72 73 74 75 76 77 78 79 80 81 82 83 84 85 86 87 88 89,-1.0,
base,active,18681.0,18681.0,18936.0,32 33 60 61 62 63 64 65 66 67 68 69 70 71 72 73 74 75 76 77 78 79 80 81 82 83 84 85 86 87 88 89,34328.0,False
base,active,,18714.0,18736.0,34 35 36 37 48 49 50 51 52 53 54 55 56 57 58 59,-1.0,
base,active,18736.0,18736.0,19104.0,34 35 36 37 48 49 50 51 52 53 54 55 56 57 58 59,34329.0,False
base,active,18742.0,18742.0,18823.0,114 115 116 117 118 119 120 121,34330.0,False
base,active,,18823.0,18944.0,114,-1.0,
base,active,,18823.0,18950.0,115,-1.0,
base,active,,18823.0,19578.0,116 117 118 119 120 121,-1.0,
base,active,18846.0,18936.0,18956.0,32 33 60 61 62 63 64 65 66 67 68 69 70 71 72 73,34331.0,False
base,active,18872.0,18936.0,19133.0,74 75 76 77 78 79 80 81 82 83 84 85 86 87 88 89,34332.0,False
base,active,18944.0,18944.0,18980.0,114,34334.0,False
base,active,18950.0,18950.0,18964.0,115,34335.0,False
base,active,,18956.0,19241.0,32,-1.0,
base,active,,18956.0,19252.0,33 60 61 62 63 64 65 66 67 68 69 70 71 72 73,-1.0,
base,active,,18964.0,19578.0,115,-1.0,
base,active,,18980.0,19578.0,114,-1.0,
base,active,,19104.0,19252.0,34 35 36 37 48 49 50 51 52 53 54 55 56 57 58 59,-1.0,
base,active,,19133.0,19293.0,74 75 76 77 78 79 80 81,-1.0,
base,active,,19133.0,19419.0,82,-1.0,
base,active,,19133.0,19530.0,83 84 85 86 87 88 89,-1.0,
base,active,19241.0,19241.0,19249.0,32,34340.0,False
base,active,,19249.0,19252.0,32,-1.0,
base,active,19252.0,19252.0,21008.0,32 33 34 35 36 37 48 49 50 51 52 53 54 55 56 57 58 59 60 61 62 63 64 65 66 67 68 69 70 71 72 73,34341.0,False
base,active,19293.0,19293.0,21008.0,74 75 76 77 78 79 80 81,34342.0,False
base,active,,19347.0,19530.0,90 91 92 93 94 95 96 97,-1.0,
base,active,,19347.0,19578.0,98 99 100 101 102 103 112 113,-1.0,
base,active,19419.0,19419.0,19438.0,82,34343.0,False
base,active,,19438.0,19530.0,82,-1.0,
base,active,19530.0,19530.0,19748.0,82 83 84 85 86 87 88 89 90 91 92 93 94 95 96 97,34345.0,False
base,active,19578.0,19578.0,19901.0,98 99 100 101 102 103 112 113 114 115 116 117 118 119 120 121,34346.0,False
base,active,,19748.0,19766.0,84 85 86 87,-1.0,
base,active,,19748.0,19788.0,88 89,-1.0,
base,active,19684.0,19748.0,19825.0,83,34349.0,False
base,active,19657.0,19748.0,19834.0,82,34348.0,False
base,active,,19748.0,19901.0,90 91 92 93 94 95 96 97,-1.0,
base,active,19766.0,19766.0,21008.0,84 85 86 87,34352.0,False
base,active,19788.0,19788.0,21008.0,88 89,34353.0,False
base,active,,19825.0,19895.0,83,-1.0,
base,active,,19834.0,19895.0,82,-1.0,
base,active,19895.0,19895.0,19918.0,82 83,34356.0,False
base,active,,19901.0,19961.0,114 115 116 117 118 119,-1.0,
base,active,,19901.0,19996.0,120,-1.0,
base,active,19802.0,19901.0,20110.0,90 91 92 93 94 95 96 97 98 99 100 101 102 103 112 113,34354.0,False
base,active,,19901.0,23501.0,121,-1.0,
base,active,,19918.0,19961.0,82 83,-1.0,
base,active,19961.0,19961.0,20005.0,82 83 114 115 116 117 118 119,34357.0,False
base,active,19996.0,19996.0,20017.0,120,34358.0,False
base,active,,20005.0,20108.0,82 83 114 115 116 117 118 119,-1.0,
base,active,,20017.0,23617.0,120,-1.0,
base,active,20108.0,20108.0,20151.0,82 83 114 115 116 117 118 119,34359.0,False
base,active,,20110.0,20174.0,90 91 92 93 94 95 96 97 98 99 100 101 102 103,-1.0,
base,active,,20110.0,20556.0,112 113,-1.0,
base,active,,20151.0,20174.0,82 83,-1.0,
base,active,,20151.0,23751.0,114 115 116 117 118 119,-1.0,
base,active,20174.0,20174.0,20240.0,82 83 90 91 92 93 94 95 96 97 98 99 100 101 102 103,34361.0,False
base,active,,20240.0,20386.0,82 83 90 91 92 93 94 95 96 97 98 99 100 101 102 103,-1.0,
base,active,20386.0,20386.0,20452.0,82 83 90 91 92 93 94 95 96 97 98 99 100 101 102 103,34365.0,False
base,active,,20452.0,20481.0,82 83,-1.0,
base,active,,20452.0,20556.0,90 91 92 93 94 95 96 97 98 99 100 101 102 103,-1.0,
base,active,20481.0,20481.0,20560.0,82 83,34368.0,False
base,active,20556.0,20556.0,20577.0,90 91 92 93 94 95 96 97 98 99 100 101 102 103 112 113,34370.0,False
base,active,,20560.0,20883.0,82 83,-1.0,
base,active,,20577.0,20883.0,90 91 92 93 94 95,-1.0,
base,active,,20577.0,20895.0,96 97 98 99,-1.0,
base,active,,20577.0,24177.0,100 101 102 103 112 113,-1.0,
base,active,20128.0,20719.0,20926.0,0 1 2 3 4 5 6 7 8 9 10 11 12 13 14 15 16 17 18 19 20 21 22 23 24 25 26 27 28 29 30 31,34360.0,False
base,active,20883.0,20883.0,21008.0,82 83 90 91 92 93 94 95,34371.0,False
base,active,20895.0,20895.0,20945.0,96 97 98 99,34372.0,False
base,active,20467.0,20926.0,21232.0,0 1 2 3 4 5 6 7 8 9 10 11 12 13 14 15 16 17 18 19 20 21 22 23 24 25 26 27 28 29 30 31,34367.0,False
base,active,,20945.0,24545.0,96 97 98 99,-1.0,
base,active,,21008.0,22101.0,32,-1.0,
base,active,,21008.0,22216.0,33 34 35,-1.0,
base,active,,21008.0,22238.0,36 37,-1.0,
base,active,,21008.0,22515.0,48 49,-1.0,
base,active,,21008.0,22857.0,50,-1.0,
base,active,,21008.0,22886.0,51 52 53,-1.0,
base,active,,21008.0,22908.0,54 55,-1.0,
base,active,,21008.0,23295.0,56,-1.0,
base,active,,21008.0,24089.0,57 58 59 60 61 62 63 64 65 66 67 68 69 70 71 72 73 74 75 76 77 78 79,-1.0,
base,active,,21008.0,24608.0,80 81 82 83 84 85 86 87 88 89 90 91 92 93 94 95,-1.0,
base,active,,21232.0,22088.0,0,-1.0,
base,active,,21232.0,22101.0,1 2 3 4 5 6 7 8 9 10 11 12 13 14 15 16 17 18 19 20 21 22 23 24 25 26 27 28 29 30 31,-1.0,
base,active,22088.0,22088.0,22136.0,0,34374.0,False
base,active,22101.0,22101.0,22324.0,1 2 3 4 5 6 7 8 9 10 11 12 13 14 15 16 17 18 19 20 21 22 23 24 25 26 27 28 29 30 31 32,34375.0,False
base,active,,22136.0,22151.0,0,-1.0,
base,active,22151.0,22151.0,22211.0,0,34376.0,False
base,active,,22211.0,22216.0,0,-1.0,
base,active,22216.0,22216.0,22348.0,0 33 34 35,34377.0,False
base,active,22238.0,22238.0,22357.0,36 37,34378.0,False
base,active,,22324.0,22327.0,1,-1.0,
base,active,,22324.0,22374.0,2 3 4 5 6 7 8 9 10 11 12 13 14 15 16 17 18 19 20 21 22 23 24 25 26 27 28 29 30 31 32,-1.0,
base,active,22327.0,22327.0,22396.0,1,34379.0,False
base,active,,22348.0,22374.0,0,-1.0,
base,active,,22348.0,22413.0,33,-1.0,
base,active,,22348.0,22515.0,34 35,-1.0,
base,active,,22357.0,22515.0,36 37,-1.0,
base,active,22374.0,22374.0,22549.0,0 2 3 4 5 6 7 8 9 10 11 12 13 14 15 16 17 18 19 20 21 22 23 24 25 26 27 28 29 30 31 32,34380.0,False
base,active,,22396.0,22413.0,1,-1.0,
base,active,22413.0,22413.0,22495.0,1 33,34381.0,False
base,active,,22495.0,22503.0,1,-1.0,
base,active,,22495.0,22515.0,33,-1.0,
base,active,22503.0,22503.0,22509.0,1,34382.0,False
base,active,,22509.0,22515.0,1,-1.0,
base,active,22515.0,22515.0,22593.0,1 33 34 35 36 37 48 49,34383.0,False
base,active,,22549.0,22554.0,0,-1.0,
base,active,,22549.0,22557.0,2,-1.0,
base,active,,22549.0,22703.0,3 4 5 6 7,-1.0,
base,active,,22549.0,22724.0,8 9,-1.0,
base,active,,22549.0,22763.0,10,-1.0,
base,active,,22549.0,22840.0,11 12 13 14 15 16 17 18 19 20 21 22 23 24 25 26 27 28 29 30 31 32,-1.0,
base,active,22554.0,22554.0,22568.0,0,34384.0,False
base,active,22557.0,22557.0,22587.0,2,34385.0,False
base,active,,22568.0,22626.0,0,-1.0,
base,active,,22587.0,22703.0,2,-1.0,
base,active,,22593.0,22703.0,1,-1.0,
base,active,,22593.0,22840.0,33 34 35 36 37 48 49,-1.0,
base,active,22626.0,22626.0,22689.0,0,34387.0,False
base,active,,22689.0,22703.0,0,-1.0,
base,active,22703.0,22703.0,23499.0,0 1 2 3 4 5 6 7,34388.0,False
base,active,22724.0,22724.0,22821.0,8 9,34389.0,False
base,active,22763.0,22763.0,22835.0,10,34390.0,False
base,active,,22821.0,22840.0,8 9,-1.0,
base,active,,22835.0,22840.0,10,-1.0,
base,active,22840.0,22840.0,22991.0,8 9 10 11 12 13 14 15 16 17 18 19 20 21 22 23 24 25 26 27 28 29 30 31 32 33 34 35 36 37 48 49,34391.0,False
base,active,22857.0,22857.0,22881.0,50,34392.0,False
base,active,,22881.0,22886.0,50,-1.0,
base,active,22886.0,22886.0,25963.0,50 51 52 53,34393.0,False
base,active,22908.0,22908.0,25967.0,54 55,34394.0,False
base,active,,22991.0,23067.0,8 9 10 11 12 13 14 15 16 17 18 19 20 21 22 23 24 25 26 27 28 29 30 31 32 33 34 35 36 37 48 49,-1.0,
base,active,23067.0,23067.0,23138.0,8 9 10 11 12 13 14 15 16 17 18 19 20 21 22 23 24 25 26 27 28 29 30 31 32 33 34 35 36 37 48 49,34396.0,False
base,active,,23138.0,23194.0,8 9 10 11 12 13 14 15 16 17 18 19 20 21 22 23 24 25 26 27 28 29 30 31 32 33 34 35 36 37 48 49,-1.0,
base,active,23194.0,23194.0,23513.0,8 9 10 11 12 13 14 15 16 17 18 19 20 21 22 23 24 25 26 27 28 29 30 31 32 33 34 35 36 37 48 49,34397.0,False
base,active,23295.0,23295.0,23356.0,56,34398.0,False
base,active,,23356.0,23429.0,56,-1.0,
base,active,23429.0,23429.0,23517.0,56,34400.0,False
base,active,,23499.0,23521.0,0 1 2 3 4 5 6 7,-1.0,
base,switching_off,,23501.0,25301.0,121,-2.0,
base,active,,23513.0,23573.0,8,-1.0,
base,active,,23513.0,24089.0,9 10 11 12 13 14 15 16 17 18 19 20 21 22 23 24 25 26 27 28 29 30 31 32 33 34 35 36 37 48 49,-1.0,
base,active,,23517.0,24089.0,56,-1.0,
base,active,23521.0,23521.0,23857.0,0 1 2 3 4 5 6 7,34402.0,False
base,active,23573.0,23573.0,23693.0,8,34404.0,False
base,switching_off,,23617.0,25417.0,120,-2.0,
base,active,,23693.0,24089.0,8,-1.0,
base,switching_off,,23751.0,25551.0,114 115 116 117 118 119,-2.0,
base,active,,23857.0,23865.0,0 1 2 3 4 5 6 7,-1.0,
base,active,23865.0,23865.0,23946.0,0 1 2 3 4 5 6 7,34407.0,False
base,active,,23946.0,24089.0,0 1 2 3 4 5 6 7,-1.0,
base,active,24089.0,24089.0,24117.0,0 1 2 3 4 5 6 7 8 9 10 11 12 13 14 15 16 17 18 19 20 21 22 23 24 25 26 27 28 29 30 31 32 33 34 35 36 37 48 49 56 57 58 59 60 61 62 63 64 65 66 67 68 69 70 71 72 73 74 75 76 77 78 79,34408.0,False
base,active,,24117.0,24194.0,0 1 2 3 4 5 6 7 8 9 10 11 12 13 14 15 16 17 18 19 20 21 22 23 24 25 26 27 28 29 30 31 32 33 34 35 36 37 48 49 56 57 58 59 60 61 62 63 64 65 66 67 68 69 70 71 72 73 74 75 76 77 78 79,-1.0,
base,switching_off,,24177.0,25977.0,100 101 102 103 112 113,-2.0,
base,active,24194.0,24194.0,24389.0,0 1 2 3 4 5 6 7 8 9 10 11 12 13 14 15 16 17 18 19 20 21 22 23 24 25 26 27 28 29 30 31 32 33 34 35 36 37 48 49 56 57 58 59 60 61 62 63 64 65 66 67 68 69 70 71 72 73 74 75 76 77 78 79,34410.0,False
base,active,,24389.0,24535.0,0 1 2 3 4 5 6 7 8 9 10 11 12 13 14 15 16 17 18 19 20 21 22 23 24 25 26 27 28 29 30 31,-1.0,
base,active,,24389.0,29108.0,32 33 34 35 36 37 48 49 56 57 58 59 60 61 62 63 64 65 66 67 68 69 70 71 72 73 74 75 76 77 78 79,-1.0,
base,active,24535.0,24535.0,24747.0,0 1 2 3 4 5 6 7 8 9 10 11 12 13 14 15 16 17 18 19 20 21 22 23 24 25 26 27 28 29 30 31,34411.0,False
base,switching_off,,24545.0,26345.0,96 97 98 99,-2.0,
base,switching_off,,24608.0,26408.0,80 81 82 83 84 85 86 87 88 89 90 91 92 93 94 95,-2.0,
base,active,,24747.0,24822.0,0,-1.0,
base,active,,24747.0,24954.0,1 2 3 4 5 6 7 8 9 10 11 12 13 14 15 16 17 18 19 20 21 22 23 24 25 26 27 28 29 30 31,-1.0,
base,active,24822.0,24822.0,24835.0,0,34413.0,False
base,active,,24835.0,24954.0,0,-1.0,
base,active,24954.0,24954.0,24995.0,0 1 2 3 4 5 6 7 8 9 10 11 12 13 14 15 16 17 18 19 20 21 22 23 24 25 26 27 28 29 30 31,34415.0,False
base,active,,24995.0,25095.0,0 1 2 3 4 5 6 7 8 9 10 11 12 13 14 15 16 17 18 19 20 21 22 23 24 25 26 27 28 29 30 31,-1.0,
base,active,25095.0,25095.0,25135.0,0 1 2 3 4 5 6 7 8 9 10 11 12 13 14 15 16 17 18 19 20 21 22 23 24 25 26 27 28 29 30 31,34419.0,False
base,active,,25135.0,25250.0,0 1 2 3 4 5 6 7 8 9 10 11 12 13 14 15 16 17 18 19 20 21 22 23 24 25 26 27 28 29 30 31,-1.0,
base,active,25250.0,25250.0,25346.0,0 1 2 3 4 5 6 7 8 9 10 11 12 13 14 15 16 17 18 19 20 21 22 23 24 25 26 27 28 29 30 31,34421.0,False
base,sleeping,,25301.0,26408.0,121,-4.0,
base,active,,25346.0,25424.0,0 1 2 3 4 5 6 7 8 9 10 11 12 13 14 15 16 17 18 19 20 21 22 23 24 25 26 27 28 29 30 31,-1.0,
base,sleeping,,25417.0,26408.0,120,-4.0,
base,active,25424.0,25424.0,25702.0,0 1 2 3 4 5 6 7 8 9 10 11 12 13 14 15 16 17 18 19 20 21 22 23 24 25 26 27 28 29 30 31,34422.0,False
base,sleeping,,25551.0,26408.0,114 115 116 117 118 119,-4.0,
base,active,,25702.0,25808.0,0,-1.0,
base,active,,25702.0,27102.0,1,-1.0,
base,active,,25702.0,27555.0,2 3,-1.0,
base,active,,25702.0,27599.0,4 5 6 7 8 9 10 11 12 13 14 15 16 17 18 19 20 21 22 23 24 25 26 27 28 29 30 31,-1.0,
base,active,25808.0,25808.0,25826.0,0,34424.0,False
base,active,,25826.0,27102.0,0,-1.0,
base,active,,25963.0,29108.0,50 51 52 53,-1.0,
base,active,,25967.0,29108.0,54 55,-1.0,
base,sleeping,,25977.0,26408.0,100 101 102 103 112 113,-4.0,
base,sleeping,,26345.0,26408.0,96 97 98 99,-4.0,
base,switching_on,,26408.0,29108.0,38 39 40 41 42 43 44 45 46 47 80 81 82 83 84 85 86 87 88 89 90 91 92 93 94 95 96 97 98 99 100 101 102 103 104 105 106 107 108 109 110 111 112 113 114 115 116 117 118 119 120 121 122 123 124 125 126 127,-3.0,
base,active,27102.0,27102.0,27125.0,0 1,34428.0,False
base,active,,27125.0,27374.0,0 1,-1.0,
base,active,27374.0,27374.0,27393.0,0 1,34430.0,False
base,active,,27393.0,27447.0,0 1,-1.0,
base,active,27447.0,27447.0,27466.0,0 1,34431.0,False
base,active,,27466.0,27527.0,0 1,-1.0,
base,active,27527.0,27527.0,27548.0,0 1,34432.0,False
base,active,,27548.0,27555.0,0 1,-1.0,
base,active,27555.0,27555.0,27578.0,0 1 2 3,34433.0,False
base,active,,27578.0,27599.0,0 1 2 3,-1.0,
base,active,27599.0,27599.0,27703.0,0 1 2 3 4 5 6 7 8 9 10 11 12 13 14 15 16 17 18 19 20 21 22 23 24 25 26 27 28 29 30 31,34434.0,False
base,active,,27703.0,29108.0,0 1 2 3 4 5 6 7 8 9 10 11 12 13 14 15 16 17 18 19 20 21 22 23 24 25 26 27 28 29 30 31,-1.0,
base,active,26092.0,29108.0,29554.0,0 1 2 3 4 5 6 7 8 9 10 11 12 13 14 15 16 17 18 19 20 21 22 23 24 25 26 27 28 29 30 31 32 33 34 35 36 37 38 39 40 41 42 43 44 45 46 47 48 49 50 51 52 53 54 55 56 57 58 59 60 61 62 63 64 65 66 67 68 69 70 71 72 73 74 75 76 77 78 79 80 81 82 83 84 85 86 87 88 89 90 91 92 93 94 95 96 97 98 99 100 101 102 103 104 105 106 107 108 109 110 111 112 113 114 115 116 117 118 119 120 121 122 123 124 125 126 127,34426.0,False
base,active,27750.0,29554.0,30014.0,0 1 2 3 4 5 6 7 8 9 10 11 12 13 14 15 16 17 18 19 20 21 22 23 24 25 26 27 28 29 30 31 32 33 34 35 36 37 38 39 40 41 42 43 44 45 46 47 48 49 50 51 52 53 54 55 56 57 58 59 60 61 62 63 64 65 66 67 68 69 70 71 72 73 74 75 76 77 78 79 80 81 82 83 84 85 86 87 88 89 90 91 92 93 94 95 96 97 98 99 100 101 102 103 104 105 106 107 108 109 110 111 112 113 114 115 116 117 118 119 120 121 122 123 124 125 126 127,34436.0,False
base,active,28356.0,30014.0,30483.0,0 1 2 3 4 5 6 7 8 9 10 11 12 13 14 15 16 17 18 19 20 21 22 23 24 25 26 27 28 29 30 31 32 33 34 35 36 37 38 39 40 41 42 43 44 45 46 47 48 49 50 51 52 53 54 55 56 57 58 59 60 61 62 63 64 65 66 67 68 69 70 71 72 73 74 75 76 77 78 79 80 81 82 83 84 85 86 87 88 89 90 91 92 93 94 95 96 97 98 99 100 101 102 103 104 105 106 107 108 109 110 111 112 113 114 115 116 117 118 119 120 121 122 123 124 125 126 127,34438.0,False
base,active,,30483.0,30568.0,0 1 2 3 4 5 6 7 8 9 10 11 12 13 14 15 16 17 18 19 20 21 22 23 24 25 26 27 28 29 30 31,-1.0,
base,active,,30483.0,31727.0,32 33 34 35 36 37 38 39 40 41 42 43 44 45 46 47 48 49 50 51 52 53 54 55 56 57 58 59 60 61 62 63 64 65 66 67 68 69 70 71 72 73 74 75 76 77 78 79 80 81 82 83 84 85 86 87 88 89 90 91 92 93 94 95 96 97 98 99 100 101 102 103 104 105 106 107 108 109 110 111 112 113 114 115 116 117 118 119 120 121 122 123 124 125 126 127,-1.0,
base,active,30568.0,30568.0,30787.0,0 1 2 3 4 5 6 7 8 9 10 11 12 13 14 15 16 17 18 19 20 21 22 23 24 25 26 27 28 29 30 31,34446.0,False
base,active,,30787.0,31727.0,0 1 2 3 4 5 6 7 8 9 10 11 12 13 14 15 16 17 18 19 20 21 22 23 24 25 26 27 28 29 30 31,-1.0,
base,active,31727.0,31727.0,42653.0,0 1 2 3 4 5 6 7 8 9 10 11 12 13 14 15 16 17 18 19 20 21 22 23 24 25 26 27 28 29 30 31 32 33 34 35 36 37 38 39 40 41 42 43 44 45 46 47 48 49 50 51 52 53 54 55 56 57 58 59 60 61 62 63 64 65 66 67 68 69 70 71 72 73 74 75 76 77 78 79 80 81 82 83 84 85 86 87 88 89 90 91 92 93 94 95 96 97 98 99 100 101 102 103 104 105 106 107 108 109 110 111 112 113 114 115 116 117 118 119 120 121 122 123 124 125 126 127,34454.0,False
base,active,,42653.0,42658.0,0 1 2 3 4 5 6 7 8 9 10 11 12 13 14 15 16 17 18 19 20 21 22 23 24 25 26 27 28 29 30 31 32 33 34 35 36 37 38 39 40 41 42 43 44 45 46 47 48 49 50 51 52 53 54 55 56 57 58 59 60 61 62 63 64 65 66 67 68 69 70 71 72 73 74 75 76 77 78 79 80 81 82 83 84 85 86 87 88 89 90 91 92 93 94 95 96 97 98 99 100 101 102 103 104 105 106 107 108 109 110 111 112 113 114 115 116 117 118 119 120 121 122 123 124 125 126 127,-1.0,
base,active,42658.0,42658.0,42743.0,0 1 2 3 4 5 6 7 8 9 10 11 12 13 14 15 16 17 18 19 20 21 22 23 24 25 26 27 28 29 30 31 32 33 34 35 36 37 38 39 40 41 42 43 44 45 46 47 48 49 50 51 52 53 54 55 56 57 58 59 60 61 62 63 64 65 66 67 68 69 70 71 72 73 74 75 76 77 78 79 80 81 82 83 84 85 86 87 88 89 90 91 92 93 94 95 96 97 98 99 100 101 102 103 104 105 106 107 108 109 110 111 112 113 114 115 116 117 118 119 120 121 122 123 124 125 126 127,34455.0,False
base,active,,42743.0,44124.0,0,-1.0,
base,active,,42743.0,46343.0,1 2 3 4 5 6 7 8 9 10 11 12 13 14 15 16 17 18 19 20 21 22 23 24 25 26 27 28 29 30 31 32 33 34 35 36 37 38 39 40 41 42 43 44 45 46 47 48 49 50 51 52 53 54 55 56 57 58 59 60 61 62 63 64 65 66 67 68 69 70 71 72 73 74 75 76 77 78 79 80 81 82 83 84 85 86 87 88 89 90 91 92 93 94 95 96 97 98 99 100 101 102 103 104 105 106 107 108 109 110 111 112 113 114 115 116 117 118 119 120 121 122 123 124 125 126 127,-1.0,
base,active,44124.0,44124.0,44148.0,0,34463.0,False
base,active,,44148.0,47748.0,0,-1.0,
base,switching_off,,46343.0,48143.0,1 2 3 4 5 6 7 8 9 10 11 12 13 14 15 16 17 18 19 20 21 22 23 24 25 26 27 28 29 30 31 32 33 34 35 36 37 38 39 40 41 42 43 44 45 46 47 48 49 50 51 52 53 54 55 56 57 58 59 60 61 62 63 64 65 66 67 68 69 70 71 72 73 74 75 76 77 78 79 80 81 82 83 84 85 86 87 88 89 90 91 92 93 94 95 96 97 98 99 100 101 102 103 104 105 106 107 108 109 110 111 112 113 114 115 116 117 118 119 120 121 122 123 124 125 126 127,-2.0,
base,switching_off,,47748.0,49548.0,0,-2.0,
base,sleeping,,48143.0,48923.0,2 3 4,-4.0,
base,sleeping,,48143.0,49548.0,5 6 7 8 9 10 11 12 13 14 15 16 17 18 19 20 21 22 23 24 25 26 27 28 29 30 31 32 33 34 35 36 37 38 39 40 41 42 43 44 45 46 47 48 49 50 51 52 53 54 55 56 57 58 59 60 61 62 63 64 65 66 67 68 69 70 71 72 73 74 75 76 77 78 79 80 81 82 83 84 85 86 87 88 89 90 91 92 93 94 95 96 97 98 99 100 101 102 103 104 105 106 107 108 109 110 111 112 113 114 115 116 117 118 119 120 121 122 123 124 125 126 127,-4.0,
base,switching_on,,48143.0,50843.0,1,-3.0,
base,switching_on,,48923.0,51623.0,2 3 4,-3.0,
base,switching_on,,49548.0,52248.0,0 5 6 7 8 9 10 11 12 13 14 15 16 17 18 19 20 21 22 23 24 25 26 27 28 29 30 31 32 33 34 35 36 37 38 39 40 41 42 43 44 45 46 47 48 49 50 51 52 53 54 55 56 57 58 59 60 61 62 63 64 65 66 67 68 69 70 71 72 73 74 75 76 77 78 79 80 81 82 83 84 85 86 87 88 89 90 91 92 93 94 95 96 97 98 99 100 101 102 103 104 105 106 107 108 109 110 111 112 113 114 115 116 117 118 119 120 121 122 123 124 125 126 127,-3.0,
base,active,47990.0,50843.0,50926.0,1,34473.0,False
base,active,48441.0,50926.0,50974.0,1,34475.0,False
base,active,48659.0,50974.0,51091.0,1,34476.0,False
base,active,,51091.0,51180.0,1,-1.0,
base,active,51180.0,51180.0,51351.0,1,34489.0,False
base,active,,51351.0,51623.0,1,-1.0,
base,active,48923.0,51623.0,51640.0,1 2 3 4,34480.0,False
base,active,,51640.0,52248.0,1 2 3 4,-1.0,
base,active,48084.0,52248.0,52604.0,0 1 2 3 4 5 6 7 8 9 10 11 12 13 14 15 16 17 18 19 20 21 22 23 24 25 26 27 28 29 30 31 32 33 34 35 36 37 38 39 40 41 42 43 44 45 46 47 48 49 50 51 52 53 54 55 56 57 58 59 60 61 62 63 64 65 66 67 68 69 70 71 72 73 74 75 76 77 78 79 80 81 82 83 84 85 86 87 88 89 90 91 92 93 94 95 96 97 98 99 100 101 102 103 104 105 106 107 108 109 110 111 112 113 114 115 116 117 118 119 120 121 122 123 124 125 126 127,34474.0,False
base,active,52303.0,52604.0,52890.0,0,34496.0,False
base,active,,52604.0,52890.0,1 2 3 4 5 6 7 8 9 10 11 12 13 14 15 16 17 18 19 20 21 22 23 24 25 26 27 28 29 30 31 32 33 34 35 36 37 38 39 40 41 42 43 44 45 46 47 48 49 50 51 52 53 54 55 56 57 58 59 60 61 62 63 64 65 66 67 68 69 70 71 72 73 74 75 76 77 78 79 80 81 82 83 84 85 86 87 88 89 90 91 92 93 94 95 96 97 98 99 100 101 102 103 104 105 106 107 108 109 110 111 112 113 114 115 116 117 118 119 120 121 122 123 124 125 126 127,-1.0,
base,active,48784.0,52890.0,52980.0,0 1 2 3 4 5 6 7 8 9 10 11 12 13 14 15 16 17 18 19 20 21 22 23 24 25 26 27 28 29 30 31 32 33 34 35 36 37 38 39 40 41 42 43 44 45 46 47 48 49 50 51 52 53 54 55 56 57 58 59 60 61 62 63 64 65 66 67 68 69 70 71 72 73 74 75 76 77 78 79 80 81 82 83 84 85 86 87 88 89 90 91 92 93 94 95 96 97 98 99 100 101 102 103 104 105 106 107 108 109 110 111 112 113 114 115 116 117 118 119 120 121 122 123 124 125 126 127,34478.0,False
base,active,,52980.0,53039.0,0,-1.0,
base,active,,52980.0,56580.0,1 2 3 4 5 6 7 8 9 10 11 12 13 14 15 16 17 18 19 20 21 22 23 24 25 26 27 28 29 30 31 32 33 34 35 36 37 38 39 40 41 42 43 44 45 46 47 48 49 50 51 52 53 54 55 56 57 58 59 60 61 62 63 64 65 66 67 68 69 70 71 72 73 74 75 76 77 78 79 80 81 82 83 84 85 86 87 88 89 90 91 92 93 94 95 96 97 98 99 100 101 102 103 104 105 106 107 108 109 110 111 112 113 114 115 116 117 118 119 120 121 122 123 124 125 126 127,-1.0,
base,active,53039.0,53039.0,53160.0,0,34499.0,False
base,active,,53160.0,53376.0,0,-1.0,
base,active,53376.0,53376.0,53516.0,0,34505.0,False
base,active,,53516.0,54553.0,0,-1.0,
base,active,54553.0,54553.0,54837.0,0,34508.0,False
base,active,,54837.0,54927.0,0,-1.0,
base,active,54927.0,54927.0,55179.0,0,34514.0,False
base,active,,55179.0,55952.0,0,-1.0,
base,active,55952.0,55952.0,57869.0,0,34517.0,False
base,switching_off,,56580.0,58380.0,1 2 3 4 5 6 7 8 9 10 11 12 13 14 15 16 17 18 19 20 21 22 23 24 25 26 27 28 29 30 31 32 33 34 35 36 37 38 39 40 41 42 43 44 45 46 47 48 49 50 51 52 53 54 55 56 57 58 59 60 61 62 63 64 65 66 67 68 69 70 71 72 73 74 75 76 77 78 79 80 81 82 83 84 85 86 87 88 89 90 91 92 93 94 95 96 97 98 99 100 101 102 103 104 105 106 107 108 109 110 111 112 113 114 115 116 117 118 119 120 121 122 123 124 125 126 127,-2.0,
base,active,,57869.0,57895.0,0,-1.0,
base,active,57895.0,57895.0,58838.0,0,34530.0,False
base,sleeping,,58380.0,70008.0,1 2,-4.0,
base,sleeping,,58380.0,72143.0,3 4 5 6 7,-4.0,
base,sleeping,,58380.0,72201.0,8 9 10 11 12 13 14 15 16 17 18 19 20 21 22 23 24 25 26 27 28 29 30 31,-4.0,
base,sleeping,,58380.0,76444.0,32 33 34 35 36 37 38 39 40 41 42 43 44 45 46 47 48 49 50 51 52 53 54 55 56 57 58 59 60 61 62 63 64 65 66 67 68 69 70 71 72 73 74 75 76 77 78 79 80 81 82 83 84 85 86 87 88 89 90 91 92 93 94 95 96 97 98 99 100 101 102 103 104 105 106 107 108 109 110 111 112 113 114 115 116 117 118 119 120 121 122 123 124 125 126 127,-4.0,
base,active,,58838.0,58847.0,0,-1.0,
base,active,58847.0,58847.0,59575.0,0,34533.0,False
base,active,,59575.0,59631.0,0,-1.0,
base,active,59631.0,59631.0,59758.0,0,34539.0,False
base,active,,59758.0,60245.0,0,-1.0,
base,active,60245.0,60245.0,60655.0,0,34542.0,False
base,active,,60655.0,60663.0,0,-1.0,
base,active,60663.0,60663.0,60766.0,0,34546.0,False
base,active,,60766.0,60778.0,0,-1.0,
base,active,60778.0,60778.0,60892.0,0,34548.0,False
base,active,,60892.0,61128.0,0,-1.0,
base,active,61128.0,61128.0,61251.0,0,34550.0,False
base,active,,61251.0,61376.0,0,-1.0,
base,active,61376.0,61376.0,61464.0,0,34552.0,False
base,active,,61464.0,61592.0,0,-1.0,
base,active,61592.0,61592.0,61718.0,0,34553.0,False
base,active,,61718.0,62489.0,0,-1.0,
base,active,62489.0,62489.0,62605.0,0,34560.0,False
base,active,,62605.0,62765.0,0,-1.0,
base,active,62765.0,62765.0,62877.0,0,34562.0,False
base,active,,62877.0,63954.0,0,-1.0,
base,active,63954.0,63954.0,64170.0,0,34569.0,False
base,active,,64170.0,64245.0,0,-1.0,
base,active,64245.0,64245.0,64368.0,0,34571.0,False
base,active,,64368.0,64403.0,0,-1.0,
base,active,64403.0,64403.0,64510.0,0,34572.0,False
base,active,,64510.0,64559.0,0,-1.0,
base,active,64559.0,64559.0,64679.0,0,34573.0,False
base,active,,64679.0,68279.0,0,-1.0,
base,switching_off,,68279.0,70079.0,0,-2.0,
base,switching_on,,70008.0,72708.0,1 2,-3.0,
base,sleeping,,70079.0,72143.0,0,-4.0,
base,switching_on,,72143.0,74843.0,0 3 4 5 6 7,-3.0,
base,switching_on,,72201.0,74901.0,8 9 10 11 12 13 14 15 16 17 18 19 20 21 22 23 24 25 26 27 28 29 30 31,-3.0,
base,active,71941.0,72708.0,72725.0,1,34617.0,False
base,active,72033.0,72708.0,72728.0,2,34621.0,False
base,active,,72725.0,72728.0,1,-1.0,
base,active,70008.0,72728.0,72749.0,1 2,34602.0,False
base,active,70141.0,72749.0,72769.0,1 2,34603.0,False
base,active,70340.0,72769.0,72809.0,1 2,34604.0,False
base,active,70430.0,72809.0,72863.0,1 2,34605.0,False
base,active,70831.0,72863.0,72925.0,1 2,34608.0,False
base,active,71099.0,72925.0,73071.0,1 2,34613.0,False
base,active,71444.0,73071.0,73136.0,1 2,34614.0,False
base,active,71846.0,73136.0,73206.0,1 2,34616.0,False
base,active,71964.0,73206.0,73289.0,1 2,34618.0,False
base,active,71972.0,73289.0,73334.0,1 2,34619.0,False
base,active,72062.0,73334.0,73350.0,1 2,34622.0,False
base,active,72106.0,73350.0,73373.0,1 2,34623.0,False
base,active,72369.0,73373.0,73539.0,1 2,34627.0,False
base,active,72949.0,73539.0,73624.0,1 2,34634.0,False
base,active,73328.0,73624.0,73744.0,1 2,34639.0,False
base,active,,73744.0,73921.0,1 2,-1.0,
base,active,73921.0,73921.0,74022.0,1 2,34645.0,False
base,active,,74022.0,74239.0,1 2,-1.0,
base,active,74239.0,74239.0,74322.0,1 2,34649.0,False
base,active,,74322.0,74690.0,1 2,-1.0,
base,active,74690.0,74690.0,74830.0,1 2,34650.0,False
base,active,,74830.0,74843.0,1 2,-1.0,
base,active,72852.0,74843.0,74878.0,0 1 2 3,34633.0,False
base,active,73129.0,74843.0,74884.0,4 5 6 7,34636.0,False
base,active,73234.0,74878.0,74919.0,0 1 2 3,34637.0,False
base,active,73308.0,74884.0,74953.0,4 5 6 7,34638.0,False
base,active,72143.0,74901.0,74939.0,8 9 10 11 12 13 14 15,34624.0,False
base,active,,74901.0,75006.0,16 17 18 19 20 21 22 23 24 25 26 27 28 29 30 31,-1.0,
base,active,,74919.0,74929.0,0 1,-1.0,
base,active,,74919.0,75006.0,2 3,-1.0,
base,active,74929.0,74929.0,75006.0,0 1,34651.0,False
base,active,,74939.0,75006.0,8 9 10 11 12 13 14 15,-1.0,
base,active,,74953.0,75006.0,4 5 6 7,-1.0,
base,active,72201.0,75006.0,75103.0,0 1 2 3 4 5 6 7 8 9 10 11 12 13 14 15 16 17 18 19 20 21 22 23 24 25 26 27 28 29 30 31,34625.0,False
base,active,72437.0,75103.0,75220.0,0 1 2 3 4 5 6 7 8 9 10 11 12 13 14 15 16 17 18 19 20 21 22 23 24 25 26 27 28 29 30 31,34629.0,False
base,active,73706.0,75220.0,75323.0,0 1 2 3 4 5 6 7 8 9 10 11 12 13 14 15 16 17 18 19 20 21 22 23 24 25 26 27 28 29 30 31,34641.0,False
base,active,75254.0,75323.0,75401.0,0 1,34652.0,False
base,active,,75323.0,75401.0,2 3 4 5 6 7 8 9 10 11 12 13 14 15 16 17 18 19 20 21 22 23 24 25 26 27 28 29 30 31,-1.0,
base,active,73858.0,75401.0,75538.0,0 1 2 3 4 5 6 7 8 9 10 11 12 13 14 15 16 17 18 19 20 21 22 23 24 25 26 27 28 29 30 31,34643.0,False
base,active,74031.0,75538.0,75630.0,0 1 2 3 4 5 6 7 8 9 10 11 12 13 14 15 16 17 18 19 20 21 22 23 24 25 26 27 28 29 30 31,34648.0,False
base,active,75540.0,75630.0,75773.0,0 1,34653.0,False
base,active,,75630.0,76323.0,2,-1.0,
base,active,,75630.0,76546.0,3 4 5 6 7 8 9 10 11 12 13 14 15 16 17 18 19 20 21 22 23 24 25 26 27 28 29 30 31,-1.0,
base,active,,75773.0,76254.0,0 1,-1.0,
base,active,76254.0,76254.0,76387.0,0 1,34654.0,False
base,active,76323.0,76323.0,76340.0,2,34655.0,False
base,active,,76340.0,76546.0,2,-1.0,
base,active,,76387.0,76546.0,0 1,-1.0,
base,switching_on,,76444.0,79144.0,32 33 34 35 36 37 38 39 40 41 42 43 44 45 46 47 48 49 50 51 52 53 54 55 56 57 58 59 60 61 62 63 64 65 66 67 68 69 70 71 72 73 74 75 76 77 78 79 80 81 82 83 84 85 86 87 88 89 90 91 92 93 94 95 96 97 98 99 100 101 102 103 104 105 106 107 108 109 110 111 112 113 114 115 116 117 118 119 120 121 122 123 124 125 126 127,-3.0,
base,active,76546.0,76546.0,76767.0,0 1 2 3 4 5 6 7 8 9 10 11 12 13 14 15 16 17 18 19 20 21 22 23 24 25 26 27 28 29 30 31,34657.0,False
base,active,76559.0,76767.0,76847.0,0 1,34658.0,False
base,active,,76767.0,79144.0,2 3 4 5 6 7 8 9 10 11 12 13 14 15 16 17 18 19 20 21 22 23 24 25 26 27 28 29 30 31,-1.0,
base,active,,76847.0,76892.0,0 1,-1.0,
base,active,76892.0,76892.0,76961.0,0 1,34660.0,False
base,active,,76961.0,77147.0,0 1,-1.0,
base,active,77147.0,77147.0,77288.0,0 1,34661.0,False
base,active,,77288.0,78558.0,0 1,-1.0,
base,active,78558.0,78558.0,78667.0,0 1,34663.0,False
base,active,,78667.0,78824.0,0,-1.0,
base,active,,78667.0,78949.0,1,-1.0,
base,active,78824.0,78824.0,78837.0,0,34665.0,False
base,active,,78837.0,78949.0,0,-1.0,
base,active,78949.0,78949.0,79043.0,0 1,34666.0,False
base,active,,79043.0,79144.0,0 1,-1.0,
base,active,76444.0,79144.0,79241.0,0 1 2 3 4 5 6 7 8 9 10 11 12 13 14 15 16 17 18 19 20 21 22 23 24 25 26 27 28 29 30 31 32 33 34 35 36 37 38 39 40 41 42 43 44 45 46 47 48 49 50 51 52 53 54 55 56 57 58 59 60 61 62 63 64 65 66 67 68 69 70 71 72 73 74 75 76 77 78 79 80 81 82 83 84 85 86 87 88 89 90 91 92 93 94 95 96 97 98 99 100 101 102 103 104 105 106 107 108 109 110 111 112 113 114 115 116 117 118 119 120 121 122 123 124 125 126 127,34656.0,False
base,active,76771.0,79241.0,79335.0,0 1 2 3 4 5 6 7 8 9 10 11 12 13 14 15 16 17 18 19 20 21 22 23 24 25 26 27 28 29 30 31 32 33 34 35 36 37 38 39 40 41 42 43 44 45 46 47 48 49 50 51 52 53 54 55 56 57 58 59 60 61 62 63 64 65 66 67 68 69 70 71 72 73 74 75 76 77 78 79 80 81 82 83 84 85 86 87 88 89 90 91 92 93 94 95 96 97 98 99 100 101 102 103 104 105 106 107 108 109 110 111 112 113 114 115 116 117 118 119 120 121 122 123 124 125 126 127,34659.0,False
base,active,,79335.0,79476.0,2 3,-1.0,
base,active,79279.0,79335.0,79512.0,0 1,34668.0,False
base,active,,79335.0,81929.0,4 5,-1.0,
base,active,,79335.0,82935.0,6 7 8 9 10 11 12 13 14 15 16 17 18 19 20 21 22 23 24 25 26 27 28 29 30 31 32 33 34 35 36 37 38 39 40 41 42 43 44 45 46 47 48 49 50 51 52 53 54 55 56 57 58 59 60 61 62 63 64 65 66 67 68 69 70 71 72 73 74 75 76 77 78 79 80 81 82 83 84 85 86 87 88 89 90 91 92 93 94 95 96 97 98 99 100 101 102 103 104 105 106 107 108 109 110 111 112 113 114 115 116 117 118 119 120 121 122 123 124 125 126 127,-1.0,
base,active,79476.0,79476.0,79626.0,2 3,34669.0,False
base,active,,79512.0,80027.0,0 1,-1.0,
base,active,,79626.0,81907.0,2 3,-1.0,
base,active,80027.0,80027.0,80505.0,0 1,34675.0,False
base,active,,80505.0,80531.0,0 1,-1.0,
base,active,80531.0,80531.0,80689.0,0 1,34677.0,False
base,active,,80689.0,80827.0,0 1,-1.0,
base,active,80827.0,80827.0,80970.0,0 1,34679.0,False
base,active,,80970.0,81836.0,0,-1.0,
base,active,,80970.0,81907.0,1,-1.0,
base,active,81836.0,81836.0,81871.0,0,34686.0,False
base,active,,81871.0,81884.0,0,-1.0,
base,active,81884.0,81884.0,81902.0,0,34687.0,False
base,active,,81902.0,81907.0,0,-1.0,
base,active,81907.0,81907.0,83924.0,0 1 2 3,34688.0,False
base,active,81929.0,81929.0,83927.0,4 5,34689.0,False
base,switching_off,,82935.0,84735.0,6 7 8 9 10 11 12 13 14 15 16 17 18 19 20 21 22 23 24 25 26 27 28 29 30 31 32 33 34 35 36 37 38 39 40 41 42 43 44 45 46 47 48 49 50 51 52 53 54 55 56 57 58 59 60 61 62 63 64 65 66 67 68 69 70 71 72 73 74 75 76 77 78 79 80 81 82 83 84 85 86 87 88 89 90 91 92 93 94 95 96 97 98 99 100 101 102 103 104 105 106 107 108 109 110 111 112 113 114 115 116 117 118 119 120 121 122 123 124 125 126 127,-2.0,
base,active,,83924.0,87524.0,0 1 2 3,-1.0,
base,active,,83927.0,87527.0,4 5,-1.0,
base,sleeping,,84735.0,88999.0,6 7,-4.0,
base,sleeping,,84735.0,89123.0,8 9 10 11 12 13 14 15 16 17 18 19 20 21 22 23 24 25 26 27 28 29 30 31 32 33 34 35 36 37,-4.0,
base,sleeping,,84735.0,89766.0,38 39 40 41 42 43 44 45 46 47 48 49 50 51 52 53 54 55 56 57 58 59 60 61 62 63,-4.0,
base,sleeping,,84735.0,96116.0,64 65 66 67 68 69 70 71 72 73 74 75 76 77 78 79 80 81 82 83 84 85 86 87 88 89 90 91 92 93 94 95 96 97 98 99 100 101 102 103 104 105 106 107 108 109 110 111 112 113 114 115 116 117 118 119 120 121 122 123 124 125 126 127,-4.0,
base,switching_off,,87524.0,89324.0,0 1 2 3,-2.0,
base,switching_off,,87527.0,89327.0,4 5,-2.0,
base,switching_on,,88999.0,91699.0,6 7,-3.0,
base,switching_on,,89123.0,91823.0,8 9 10 11 12 13 14 15 16 17 18 19 20 21 22 23 24 25 26 27 28 29 30 31 32 33 34 35 36 37,-3.0,
base,sleeping,,89324.0,89766.0,0 1 2 3,-4.0,
base,sleeping,,89327.0,89766.0,4 5,-4.0,
base,switching_on,,89766.0,92466.0,0 1 2 3 4 5 38 39 40 41 42 43 44 45 46 47 48 49 50 51 52 53 54 55 56 57 58 59 60 61 62 63,-3.0,
base,active,88999.0,91699.0,91793.0,6 7,34724.0,False
base,active,91111.0,91793.0,91833.0,6 7,34739.0,False
base,active,91713.0,91823.0,91888.0,8 9,34747.0,False
base,active,,91823.0,91888.0,10 11 12 13 14 15 16 17 18 19 20 21 22 23 24 25 26 27 28 29 30 31 32 33 34 35 36 37,-1.0,
base,active,,91833.0,91888.0,6 7,-1.0,
base,active,89123.0,91888.0,91971.0,6 7 8 9 10 11 12 13 14 15 16 17 18 19 20 21 22 23 24 25 26 27 28 29 30 31 32 33 34 35 36 37,34726.0,False
base,active,89458.0,91971.0,92901.0,6 7 8 9 10 11 12 13 14 15 16 17 18 19 20 21 22 23 24 25 26 27 28 29 30 31 32 33 34 35 36 37,34727.0,False
base,active,92227.0,92466.0,92543.0,0 1,34749.0,False
base,active,92446.0,92466.0,92590.0,2 3,34751.0,False
base,active,,92466.0,92590.0,4 5 38 39 40 41 42 43 44 45 46 47 48 49 50 51 52 53 54 55 56 57 58 59 60 61 62 63,-1.0,
base,active,,92543.0,92590.0,0 1,-1.0,
base,active,89766.0,92590.0,92796.0,0 1 2 3 4 5 38 39 40 41 42 43 44 45 46 47 48 49 50 51 52 53 54 55 56 57 58 59 60 61 62 63,34729.0,False
base,active,92776.0,92796.0,92899.0,0 1,34753.0,False
base,active,,92796.0,92899.0,2 3 4 5 38 39 40 41 42 43 44 45 46 47 48 49 50 51 52 53 54 55 56 57 58 59 60 61 62 63,-1.0,
base,active,90544.0,92899.0,93057.0,0 1 2 3 4 5 38 39 40 41 42 43 44 45 46 47 48 49 50 51 52 53 54 55 56 57 58 59 60 61 62 63,34735.0,False
base,active,90780.0,92901.0,92968.0,6 7 8 9 10 11 12 13 14 15 16 17 18 19 20 21 22 23 24 25 26 27 28 29 30 31 32 33 34 35 36 37,34737.0,False
base,active,91393.0,92968.0,93132.0,6 7 8 9 10 11 12 13 14 15 16 17 18 19 20 21 22 23 24 25 26 27 28 29 30 31 32 33 34 35 36 37,34740.0,False
base,active,91682.0,93057.0,93238.0,0 1 2 3 4 5 38 39 40 41 42 43 44 45 46 47 48 49 50 51 52 53 54 55 56 57 58 59 60 61 62 63,34745.0,False
base,active,92393.0,93132.0,93335.0,6 7 8 9 10 11 12 13 14 15 16 17 18 19 20 21 22 23 24 25 26 27 28 29 30 31 32 33 34 35 36 37,34750.0,False
base,active,93231.0,93238.0,93279.0,0 1,34758.0,False
base,active,,93238.0,93491.0,2 3 4 5,-1.0,
base,active,,93238.0,98816.0,38 39 40 41 42 43 44 45 46 47 48 49 50 51 52 53 54 55 56 57 58 59 60 61 62 63,-1.0,
base,active,,93279.0,93363.0,0 1,-1.0,
base,active,,93335.0,93491.0,6 7 8 9 10 11 12 13 14 15 16 17 18 19 20 21 22 23 24 25 26 27 28 29 30 31,-1.0,
base,active,,93335.0,93630.0,32 33,-1.0,
base,active,,93335.0,98816.0,34 35 36 37,-1.0,
base,active,93363.0,93363.0,93403.0,0 1,34760.0,False
base,active,,93403.0,93446.0,0 1,-1.0,
base,active,93446.0,93446.0,93487.0,0 1,34761.0,False
base,active,,93487.0,93491.0,0 1,-1.0,
base,active,93491.0,93491.0,94077.0,0 1 2 3 4 5 6 7 8 9 10 11 12 13 14 15 16 17 18 19 20 21 22 23 24 25 26 27 28 29 30 31,34762.0,False
base,active,93630.0,93630.0,93679.0,32 33,34763.0,False
base,active,,93679.0,93687.0,32 33,-1.0,
base,active,93687.0,93687.0,93718.0,32 33,34764.0,False
base,active,,93718.0,93768.0,32 33,-1.0,
base,active,93768.0,93768.0,93793.0,32 33,34767.0,False
base,active,,93793.0,93808.0,32 33,-1.0,
base,active,93808.0,93808.0,93842.0,32 33,34769.0,False
base,active,,93842.0,93848.0,32 33,-1.0,
base,active,93848.0,93848.0,93877.0,32 33,34771.0,False
base,active,,93877.0,93961.0,32 33,-1.0,
base,active,93961.0,93961.0,93997.0,32 33,34772.0,False
base,active,,93997.0,94049.0,32 33,-1.0,
base,active,94049.0,94049.0,94107.0,32 33,34773.0,False
base,active,,94077.0,94215.0,0 1,-1.0,
base,active,,94077.0,94288.0,2,-1.0,
base,active,,94077.0,95079.0,3 4 5 6 7 8 9 10 11 12 13 14 15,-1.0,
base,active,,94077.0,95142.0,16 17 18 19 20 21 22 23 24 25 26 27 28 29 30 31,-1.0,
base,active,,94107.0,98816.0,32 33,-1.0,
base,active,94215.0,94215.0,94299.0,0 1,34776.0,False
base,active,94288.0,94288.0,94290.0,2,34777.0,False
base,active,,94290.0,95079.0,2,-1.0,
base,active,,94299.0,94315.0,0 1,-1.0,
base,active,94315.0,94315.0,94335.0,0 1,34778.0,False
base,active,,94335.0,94343.0,0 1,-1.0,
base,active,94343.0,94343.0,94378.0,0 1,34779.0,False
base,active,,94378.0,95070.0,0,-1.0,
base,active,,94378.0,95079.0,1,-1.0,
base,active,95070.0,95070.0,95074.0,0,34781.0,False
base,active,,95074.0,95079.0,0,-1.0,
base,active,95079.0,95079.0,95089.0,0 1 2 3 4 5 6 7 8 9 10 11 12 13 14 15,34782.0,False
base,active,,95089.0,95142.0,0 1 2 3 4 5 6 7 8 9 10 11 12 13 14 15,-1.0,
base,active,95142.0,95142.0,95304.0,0 1 2 3 4 5 6 7 8 9 10 11 12 13 14 15 16 17 18 19 20 21 22 23 24 25 26 27 28 29 30 31,34784.0,False
base,active,,95304.0,95335.0,0 1,-1.0,
base,active,,95304.0,95570.0,2 3,-1.0,
base,active,,95304.0,96548.0,4 5 6 7 8 9 10 11 12 13 14 15,-1.0,
base,active,,95304.0,98239.0,16 17 18 19 20 21 22 23 24 25 26 27 28 29 30 31,-1.0,
base,active,95335.0,95335.0,95366.0,0 1,34787.0,False
base,active,,95366.0,95427.0,0 1,-1.0,
base,active,95427.0,95427.0,95457.0,0 1,34788.0,False
base,active,,95457.0,95462.0,0 1,-1.0,
base,active,95462.0,95462.0,95494.0,0 1,34789.0,False
base,active,,95494.0,95509.0,0 1,-1.0,
base,active,95509.0,95509.0,95855.0,0 1,34790.0,False
base,active,95570.0,95570.0,95595.0,2 3,34791.0,False
base,active,,95595.0,95601.0,2 3,-1.0,
base,active,95601.0,95601.0,95633.0,2 3,34792.0,False
base,active,,95633.0,96242.0,2 3,-1.0,
base,active,,95855.0,95936.0,0 1,-1.0,
base,active,95936.0,95936.0,95951.0,0 1,34794.0,False
base,active,,95951.0,95995.0,0 1,-1.0,
base,active,95995.0,95995.0,96016.0,0 1,34795.0,False
base,active,,96016.0,96101.0,0,-1.0,
base,active,,96016.0,96242.0,1,-1.0,
base,active,96101.0,96101.0,96107.0,0,34796.0,False
base,active,,96107.0,96187.0,0,-1.0,
base,switching_on,,96116.0,98816.0,64 65 66 67 68 69 70 71 72 73 74 75 76 77 78 79 80 81 82 83 84 85 86 87 88 89 90 91 92 93 94 95 96 97 98 99 100 101 102 103 104 105 106 107 108 109 110 111 112 113 114 115 116 117 118 119 120 121 122 123 124 125 126 127,-3.0,
base,active,96187.0,96187.0,96201.0,0,34799.0,False
base,active,,96201.0,96242.0,0,-1.0,
base,active,96242.0,96242.0,96245.0,0 1 2 3,34800.0,False
base,active,,96245.0,96302.0,0 1 2 3,-1.0,
base,active,96302.0,96302.0,96305.0,0 1 2 3,34801.0,False
base,active,,96305.0,96333.0,0 1,-1.0,
base,active,,96305.0,96548.0,2 3,-1.0,
base,active,96333.0,96333.0,96336.0,0 1,34802.0,False
base,active,,96336.0,96451.0,0 1,-1.0,
base,active,96451.0,96451.0,96454.0,0 1,34803.0,False
base,active,,96454.0,96548.0,0 1,-1.0,
base,active,96548.0,96548.0,96551.0,0 1 2 3 4 5 6 7 8 9 10 11 12 13 14 15,34807.0,False
base,active,,96551.0,96610.0,0 1,-1.0,
base,active,,96551.0,98239.0,2 3 4 5 6 7 8 9 10 11 12 13 14 15,-1.0,
base,active,96610.0,96610.0,96613.0,0 1,34810.0,False
base,active,,96613.0,96805.0,0,-1.0,
base,active,,96613.0,98239.0,1,-1.0,
base,active,96805.0,96805.0,96808.0,0,34812.0,False
base,active,,96808.0,96865.0,0,-1.0,
base,active,96865.0,96865.0,96868.0,0,34814.0,False
base,active,,96868.0,97533.0,0,-1.0,
base,active,97533.0,97533.0,97537.0,0,34816.0,False
base,active,,97537.0,97978.0,0,-1.0,
base,active,97978.0,97978.0,97983.0,0,34819.0,False
base,active,,97983.0,98239.0,0,-1.0,
base,active,98239.0,98239.0,98504.0,0 1 2 3 4 5 6 7 8 9 10 11 12 13 14 15 16 17 18 19 20 21 22 23 24 25 26 27 28 29 30 31,34821.0,False
base,active,,98504.0,98516.0,0 1 2 3 4 5 6 7 8 9 10 11 12 13 14 15 16 17 18 19 20 21 22 23 24 25 26 27 28 29 30 31,-1.0,
base,active,98516.0,98516.0,98645.0,0 1 2 3 4 5 6 7 8 9 10 11 12 13 14 15 16 17 18 19 20 21 22 23 24 25 26 27 28 29 30 31,34823.0,False
base,active,,98645.0,98816.0,0 1 2 3 4 5 6 7 8 9 10 11 12 13 14 15 16 17 18 19 20 21 22 23 24 25 26 27 28 29 30 31,-1.0,
base,active,96116.0,98816.0,98821.0,0 1 2 3 4 5 6 7 8 9 10 11 12 13 14 15 16 17 18 19 20 21 22 23 24 25 26 27 28 29 30 31 32 33 34 35 36 37 38 39 40 41 42 43 44 45 46 47 48 49 50 51 52 53 54 55 56 57 58 59 60 61 62 63 64 65 66 67 68 69 70 71 72 73 74 75 76 77 78 79 80 81 82 83 84 85 86 87 88 89 90 91 92 93 94 95 96 97 98 99 100 101 102 103 104 105 106 107 108 109 110 111 112 113 114 115 116 117 118 119 120 121 122 123 124 125 126 127,34797.0,False
base,active,97626.0,98821.0,99145.0,0 1 2 3 4 5 6 7 8 9 10 11 12 13 14 15 16 17 18 19 20 21 22 23 24 25 26 27 28 29 30 31 32 33 34 35 36 37 38 39 40 41 42 43 44 45 46 47 48 49 50 51 52 53 54 55 56 57 58 59 60 61 62 63 64 65 66 67 68 69 70 71 72 73 74 75 76 77 78 79 80 81 82 83 84 85 86 87 88 89 90 91 92 93 94 95 96 97 98 99 100 101 102 103 104 105 106 107 108 109 110 111 112 113 114 115 116 117 118 119 120 121 122 123 124 125 126 127,34818.0,False
base,active,,99145.0,99324.0,32,-1.0,
base,active,,99145.0,99345.0,33 34 35 36 37 38 39 40 41 42 43 44 45 46 47 48 49 50 51 52 53 54 55 56 57 58 59 60 61 62 63 64,-1.0,
base,active,98992.0,99145.0,99456.0,0 1 2 3 4 5 6 7 8 9 10 11 12 13 14 15 16 17 18 19 20 21 22 23 24 25 26 27 28 29 30 31,34825.0,False
base,active,,99145.0,99714.0,65 66 67 68 69 70 71 72 73 74 75 76 77 78 79 80 81 82 83 84 85 86 87 88 89 90 91 92 93 94 95 96 97 98 99 100 101 102 103 104 105 106 107 108 109 110 111 112 113 114 115 116 117 118 119 120 121 122 123 124 125 126 127,-1.0,
base,active,99324.0,99324.0,99347.0,32,34826.0,False
base,active,99345.0,99345.0,99714.0,33 34 35 36 37 38 39 40 41 42 43 44 45 46 47 48 49 50 51 52 53 54 55 56 57 58 59 60 61 62 63 64,34827.0,False
base,active,,99347.0,99714.0,32,-1.0,
base,active,,99456.0,99464.0,0 1 2 3 4 5 6 7 8 9 10 11 12 13 14 15,-1.0,
base,active,,99456.0,99714.0,16 17 18 19 20 21 22 23 24 25 26 27 28 29 30 31,-1.0,
base,active,99464.0,99464.0,99471.0,0 1 2 3 4 5 6 7 8 9 10 11 12 13 14 15,34829.0,False
base,active,,99471.0,99714.0,0 1 2 3 4 5 6 7 8 9 10 11 12 13 14 15,-1.0,
base,active,98012.0,99714.0,99908.0,0 1 2 3 4 5 6 7 8 9 10 11 12 13 14 15 16 17 18 19 20 21 22 23 24 25 26 27 28 29 30 31 32 33 34 35 36 37 38 39 40 41 42 43 44 45 46 47 48 49 50 51 52 53 54 55 56 57 58 59 60 61 62 63 64 65 66 67 68 69 70 71 72 73 74 75 76 77 78 79 80 81 82 83 84 85 86 87 88 89 90 91 92 93 94 95 96 97 98 99 100 101 102 103 104 105 106 107 108 109 110 111 112 113 114 115 116 117 118 119 120 121 122 123 124 125 126 127,34820.0,False
base,active,99717.0,99908.0,99932.0,0,34830.0,False
base,active,99744.0,99908.0,100265.0,1 2 3 4 5 6 7 8 9 10 11 12 13 14 15 16 17 18 19 20 21 22 23 24 25 26 27 28 29 30 31 32,34831.0,False
base,active,,99908.0,100265.0,33 34 35 36 37 38 39 40 41 42 43 44 45 46 47 48 49 50 51 52 53 54 55 56 57 58 59 60 61 62 63 64 65 66 67 68 69 70 71 72 73 74 75 76 77 78 79 80 81 82 83 84 85 86 87 88 89 90 91 92 93 94 95 96 97 98 99 100 101 102 103 104 105 106 107 108 109 110 111 112 113 114 115 116 117 118 119 120 121 122 123 124 125 126 127,-1.0,
base,active,,99932.0,100102.0,0,-1.0,
base,active,100102.0,100102.0,100116.0,0,34834.0,False
base,active,,100116.0,100265.0,0,-1.0,
base,active,98749.0,100265.0,100503.0,0 1 2 3 4 5 6 7 8 9 10 11 12 13 14 15 16 17 18 19 20 21 22 23 24 25 26 27 28 29 30 31 32 33 34 35 36 37 38 39 40 41 42 43 44 45 46 47 48 49 50 51 52 53 54 55 56 57 58 59 60 61 62 63 64 65 66 67 68 69 70 71 72 73 74 75 76 77 78 79 80 81 82 83 84 85 86 87 88 89 90 91 92 93 94 95 96 97 98 99 100 101 102 103 104 105 106 107 108 109 110 111 112 113 114 115 116 117 118 119 120 121 122 123 124 125 126 127,34824.0,False
base,active,100461.0,100503.0,101049.0,0 1 2 3 4 5 6 7 8 9 10 11 12 13 14 15 16 17 18 19 20 21 22 23 24 25 26 27 28 29 30 31,34836.0,False
base,active,,100503.0,101049.0,32 33 34 35 36 37 38 39 40 41 42 43 44 45 46 47 48 49 50 51 52 53 54 55 56 57 58 59 60 61 62 63 64 65 66 67 68 69 70 71 72 73 74 75 76 77 78 79 80 81 82 83 84 85 86 87 88 89 90 91 92 93 94 95 96 97 98 99 100 101 102 103 104 105 106 107 108 109 110 111 112 113 114 115 116 117 118 119 120 121 122 123 124 125 126 127,-1.0,
base,active,100231.0,101049.0,101216.0,0 1 2 3 4 5 6 7 8 9 10 11 12 13 14 15 16 17 18 19 20 21 22 23 24 25 26 27 28 29 30 31 32 33 34 35 36 37 38 39 40 41 42 43 44 45 46 47 48 49 50 51 52 53 54 55 56 57 58 59 60 61 62 63 64 65 66 67 68 69 70 71 72 73 74 75 76 77 78 79 80 81 82 83 84 85 86 87 88 89 90 91 92 93 94 95 96 97 98 99 100 101 102 103 104 105 106 107 108 109 110 111 112 113 114 115 116 117 118 119 120 121 122 123 124 125 126 127,34835.0,False
base,active,,101216.0,101644.0,32,-1.0,
base,active,,101216.0,101690.0,33 34 35 36 37 38 39 40 41 42 43 44 45 46 47 48 49 50 51 52 53 54 55 56 57 58 59 60 61 62 63,-1.0,
base,active,101060.0,101216.0,101799.0,0 1 2 3 4 5 6 7 8 9 10 11 12 13 14 15 16 17 18 19 20 21 22 23 24 25 26 27 28 29 30 31,34838.0,False
base,active,,101216.0,104816.0,64 65 66 67 68 69 70 71 72 73 74 75 76 77 78 79 80 81 82 83 84 85 86 87 88 89 90 91 92 93 94 95 96 97 98 99 100 101 102 103 104 105 106 107 108 109 110 111 112 113 114 115 116 117 118 119 120 121 122 123 124 125 126 127,-1.0,
base,active,101644.0,101644.0,101661.0,32,34844.0,False
base,active,,101661.0,101690.0,32,-1.0,
base,active,101690.0,101690.0,102185.0,32 33 34 35 36 37 38 39 40 41 42 43 44 45 46 47 48 49 50 51 52 53 54 55 56 57 58 59 60 61 62 63,34845.0,False
base,active,,101799.0,102047.0,0 1 2 3 4 5 6 7 8 9 10 11 12 13 14 15 16 17 18 19 20 21 22 23 24 25 26 27 28 29 30 31,-1.0,
base,active,102047.0,102047.0,102328.0,0 1 2 3 4 5 6 7 8 9 10 11 12 13 14 15 16 17 18 19 20 21 22 23 24 25 26 27 28 29 30 31,34848.0,False
base,active,,102185.0,102189.0,32,-1.0,
base,active,,102185.0,102192.0,33,-1.0,
base,active,,102185.0,105785.0,34 35 36 37 38 39 40 41 42 43 44 45 46 47 48 49 50 51 52 53 54 55 56 57 58 59 60 61 62 63,-1.0,
base,active,102189.0,102189.0,102213.0,32,34849.0,False
base,active,102192.0,102192.0,102201.0,33,34850.0,False
base,active,,102201.0,105801.0,33,-1.0,
base,active,,102213.0,104033.0,32,-1.0,
base,active,,102328.0,102678.0,0,-1.0,
base,active,,102328.0,104033.0,1 2 3 4 5 6 7 8 9 10 11 12 13 14 15 16 17 18 19 20 21 22 23 24 25 26 27 28 29 30 31,-1.0,
base,active,102678.0,102678.0,102758.0,0,34853.0,False
base,active,,102758.0,102958.0,0,-1.0,
base,active,102958.0,102958.0,103208.0,0,34855.0,False
base,active,,103208.0,103229.0,0,-1.0,
base,active,103229.0,103229.0,103315.0,0,34857.0,False
base,active,,103315.0,103428.0,0,-1.0,
base,active,103428.0,103428.0,103554.0,0,34861.0,False
base,active,,103554.0,103956.0,0,-1.0,
base,active,103956.0,103956.0,104629.0,0,34864.0,False
base,active,104033.0,104033.0,104211.0,1 2 3 4 5 6 7 8 9 10 11 12 13 14 15 16 17 18 19 20 21 22 23 24 25 26 27 28 29 30 31 32,34865.0,False
base,active,,104211.0,104250.0,1 2 3 4 5 6 7 8 9 10 11 12 13 14 15 16 17 18 19 20 21 22 23 24 25 26 27 28 29 30 31 32,-1.0,
base,active,104250.0,104250.0,104686.0,1 2 3 4 5 6 7 8 9 10 11 12 13 14 15 16 17 18 19 20 21 22 23 24 25 26 27 28 29 30 31 32,34866.0,False
base,active,,104629.0,104688.0,0,-1.0,
base,active,,104686.0,104692.0,1,-1.0,
base,active,,104686.0,104794.0,2 3 4 5 6 7 8 9 10 11 12 13 14 15 16 17 18 19 20 21 22 23 24 25 26 27 28 29 30 31,-1.0,
base,active,,104686.0,105062.0,32,-1.0,
base,active,104688.0,104688.0,104707.0,0,34868.0,False
base,active,104692.0,104692.0,104699.0,1,34869.0,False
base,active,,104699.0,104794.0,1,-1.0,
base,active,,104707.0,104794.0,0,-1.0,
base,active,104794.0,104794.0,105761.0,0 1 2 3 4 5 6 7 8 9 10 11 12 13 14 15 16 17 18 19 20 21 22 23 24 25 26 27 28 29 30 31,34871.0,False
base,switching_off,,104816.0,106616.0,64 65 66 67 68 69 70 71 72 73 74 75 76 77 78 79 80 81 82 83 84 85 86 87 88 89 90 91 92 93 94 95 96 97 98 99 100 101 102 103 104 105 106 107 108 109 110 111 112 113 114 115 116 117 118 119 120 121 122 123 124 125 126 127,-2.0,
base,active,105062.0,105062.0,105449.0,32,34876.0,False
base,active,,105449.0,105678.0,32,-1.0,
base,active,105678.0,105678.0,105851.0,32,34878.0,False
base,active,,105761.0,105812.0,0 1 2 3 4 5 6 7 8 9 10 11 12 13 14 15 16 17 18 19 20 21 22 23 24 25 26 27 28 29 30 31,-1.0,
base,switching_off,,105785.0,107585.0,34 35 36 37 38 39 40 41 42 43 44 45 46 47 48 49 50 51 52 53 54 55 56 57 58 59 60 61 62 63,-2.0,
base,switching_off,,105801.0,107601.0,33,-2.0,
base,active,105812.0,105812.0,105983.0,0 1 2 3 4 5 6 7 8 9 10 11 12 13 14 15 16 17 18 19 20 21 22 23 24 25 26 27 28 29 30 31,34879.0,False
base,active,,105851.0,106499.0,32,-1.0,
base,active,,105983.0,106054.0,0,-1.0,
base,active,,105983.0,106310.0,1 2 3 4 5 6 7 8 9 10 11 12 13 14 15 16 17 18 19 20 21 22 23 24 25 26 27 28 29 30 31,-1.0,
base,active,106054.0,106054.0,106197.0,0,34881.0,False
base,active,,106197.0,106310.0,0,-1.0,
base,active,106310.0,106310.0,106982.0,0 1 2 3 4 5 6 7 8 9 10 11 12 13 14 15 16 17 18 19 20 21 22 23 24 25 26 27 28 29 30 31,34883.0,False
base,active,106499.0,106499.0,106644.0,32,34887.0,False
base,sleeping,,106616.0,115330.0,64 65 66 67 68 69 70 71 72 73 74 75 76 77 78 79 80 81 82 83 84 85 86 87 88 89 90 91 92 93 94 95 96 97 98 99 100 101 102 103 104 105 106 107 108 109 110 111 112 113 114 115 116 117 118 119 120 121 122 123 124 125 126 127,-4.0,
base,active,,106644.0,106820.0,32,-1.0,
base,active,106820.0,106820.0,107015.0,32,34889.0,False
base,active,,106982.0,106987.0,0,-1.0,
base,active,,106982.0,107503.0,1 2 3 4 5 6 7 8 9 10 11 12 13 14 15 16 17 18 19 20 21 22 23 24 25 26 27 28 29 30 31,-1.0,
base,active,106987.0,106987.0,107009.0,0,34891.0,False
base,active,,107009.0,107013.0,0,-1.0,
base,active,107013.0,107013.0,107018.0,0,34892.0,False
base,active,,107015.0,108061.0,32,-1.0,
base,active,,107018.0,107024.0,0,-1.0,
base,active,107024.0,107024.0,107031.0,0,34893.0,False
base,active,,107031.0,107503.0,0,-1.0,
base,active,107503.0,107503.0,107701.0,0 1 2 3 4 5 6 7 8 9 10 11 12 13 14 15 16 17 18 19 20 21 22 23 24 25 26 27 28 29 30 31,34895.0,False
base,sleeping,,107585.0,108716.0,34 35 36 37 38 39 40 41 42 43 44 45 46 47 48 49 50 51 52 53 54 55 56 57 58 59 60 61 62 63,-4.0,
base,sleeping,,107601.0,108716.0,33,-4.0,
base,active,,107701.0,107979.0,0,-1.0,
base,active,,107701.0,108061.0,1 2 3 4 5 6 7 8 9 10 11 12 13 14 15 16 17 18 19 20 21 22 23 24 25 26 27 28 29 30 31,-1.0,
base,active,107979.0,107979.0,108218.0,0,34901.0,False
base,active,108061.0,108061.0,108578.0,1 2 3 4 5 6 7 8 9 10 11 12 13 14 15 16 17 18 19 20 21 22 23 24 25 26 27 28 29 30 31 32,34902.0,False
base,active,,108218.0,108580.0,0,-1.0,
base,active,,108578.0,108588.0,1,-1.0,
base,active,,108578.0,108870.0,2 3 4 5 6 7 8 9 10 11 12 13 14 15 16 17 18 19 20 21 22 23 24 25 26 27 28 29 30 31 32,-1.0,
base,active,108580.0,108580.0,108602.0,0,34904.0,False
base,active,108588.0,108588.0,108594.0,1,34905.0,False
base,active,,108594.0,108597.0,1,-1.0,
base,active,108597.0,108597.0,108606.0,1,34906.0,False
base,active,,108602.0,108628.0,0,-1.0,
base,active,,108606.0,108870.0,1,-1.0,
base,active,108628.0,108628.0,108889.0,0,34907.0,False
base,switching_on,,108716.0,111416.0,33 34 35 36 37 38 39 40 41 42 43 44 45 46 47 48 49 50 51 52 53 54 55 56 57 58 59 60 61 62 63,-3.0,
base,active,108870.0,108870.0,109102.0,1 2 3 4 5 6 7 8 9 10 11 12 13 14 15 16 17 18 19 20 21 22 23 24 25 26 27 28 29 30 31 32,34909.0,False
base,active,,108889.0,109566.0,0,-1.0,
base,active,,109102.0,111416.0,1 2 3 4 5 6 7 8 9 10 11 12 13 14 15 16 17 18 19 20 21 22 23 24 25 26 27 28 29 30 31 32,-1.0,
base,active,109566.0,109566.0,109668.0,0,34917.0,False
base,active,,109668.0,111224.0,0,-1.0,
base,active,111224.0,111224.0,111242.0,0,34927.0,False
base,active,,111242.0,111416.0,0,-1.0,
base,active,108716.0,111416.0,111871.0,0 1 2 3 4 5 6 7 8 9 10 11 12 13 14 15 16 17 18 19 20 21 22 23 24 25 26 27 28 29 30 31 32 33 34 35 36 37 38 39 40 41 42 43 44 45 46 47 48 49 50 51 52 53 54 55 56 57 58 59 60 61 62 63,34908.0,False
base,active,111550.0,111871.0,112008.0,0,34930.0,False
base,active,,111871.0,112008.0,1 2 3 4 5 6 7 8 9 10 11 12 13 14 15 16 17 18 19 20 21 22 23 24 25 26 27 28 29 30 31 32 33 34 35 36 37 38 39 40 41 42 43 44 45 46 47 48 49 50 51 52 53 54 55 56 57 58 59 60 61 62 63,-1.0,
base,active,109337.0,112008.0,112291.0,0 1 2 3 4 5 6 7 8 9 10 11 12 13 14 15 16 17 18 19 20 21 22 23 24 25 26 27 28 29 30 31 32 33 34 35 36 37 38 39 40 41 42 43 44 45 46 47 48 49 50 51 52 53 54 55 56 57 58 59 60 61 62 63,34913.0,False
base,active,109815.0,112291.0,112751.0,0 1 2 3 4 5 6 7 8 9 10 11 12 13 14 15 16 17 18 19 20 21 22 23 24 25 26 27 28 29 30 31 32 33 34 35 36 37 38 39 40 41 42 43 44 45 46 47 48 49 50 51 52 53 54 55 56 57 58 59 60 61 62 63,34918.0,False
base,active,,112751.0,112766.0,1 2,-1.0,
base,active,112418.0,112751.0,112811.0,0,34936.0,False
base,active,,112751.0,112859.0,3 4 5 6 7 8 9 10 11 12 13 14 15 16 17 18 19 20 21 22 23 24 25 26 27 28 29 30 31 32 33 34 35 36 37 38 39 40 41 42 43 44 45 46 47 48 49 50 51 52 53 54 55 56 57 58 59 60 61 62 63,-1.0,
base,active,112766.0,112766.0,112859.0,1 2,34938.0,False
base,active,,112811.0,112859.0,0,-1.0,
base,active,110725.0,112859.0,113277.0,0 1 2 3 4 5 6 7 8 9 10 11 12 13 14 15 16 17 18 19 20 21 22 23 24 25 26 27 28 29 30 31 32 33 34 35 36 37 38 39 40 41 42 43 44 45 46 47 48 49 50 51 52 53 54 55 56 57 58 59 60 61 62 63,34921.0,False
base,active,,113277.0,113447.0,32 33 34 35 36 37 38 39 40 41 42 43 44 45 46 47 48 49 50 51 52 53 54 55 56 57 58 59 60 61 62 63,-1.0,
base,active,113036.0,113277.0,113494.0,0 1 2 3 4 5 6 7 8 9 10 11 12 13 14 15 16 17 18 19 20 21 22 23 24 25 26 27 28 29 30 31,34940.0,False
base,active,113447.0,113447.0,113855.0,32 33 34 35 36 37 38 39 40 41 42 43 44 45 46 47 48 49 50 51 52 53 54 55 56 57 58 59 60 61 62 63,34942.0,False
base,active,,113494.0,113855.0,0 1 2 3 4 5 6 7 8 9 10 11 12 13 14 15 16 17 18 19 20 21 22 23 24 25 26 27 28 29 30 31,-1.0,
base,active,111235.0,113855.0,114056.0,0 1 2 3 4 5 6 7 8 9 10 11 12 13 14 15 16 17 18 19 20 21 22 23 24 25 26 27 28 29 30 31 32 33 34 35 36 37 38 39 40 41 42 43 44 45 46 47 48 49 50 51 52 53 54 55 56 57 58 59 60 61 62 63,34928.0,False
base,active,,114056.0,116555.0,0 1 2 3 4 5 6 7 8 9 10 11 12 13 14 15 16 17 18 19 20 21 22 23 24 25 26 27 28 29 30 31 32 33 34 35 36 37 38 39 40 41 42 43 44 45 46 47 48 49 50 51 52 53 54 55 56 57 58 59 60 61 62 63,-1.0,
base,switching_on,,115330.0,118030.0,64 65 66 67 68 69 70 71 72 73 74 75 76 77 78 79 80 81 82 83 84 85 86 87 88 89 90 91 92 93 94 95 96 97 98 99 100 101 102 103 104 105 106 107 108 109 110 111 112 113 114 115 116 117 118 119 120 121 122 123 124 125 126 127,-3.0,
base,active,116555.0,116555.0,116827.0,0 1 2 3 4 5 6 7 8 9 10 11 12 13 14 15 16 17 18 19 20 21 22 23 24 25 26 27 28 29 30 31 32 33 34 35 36 37 38 39 40 41 42 43 44 45 46 47 48 49 50 51 52 53 54 55 56 57 58 59 60 61 62 63,34957.0,False
base,active,,116827.0,116876.0,0 1 2 3 4 5 6 7 8 9 10 11 12 13 14 15 16 17 18 19 20 21 22 23 24 25 26 27 28 29 30 31 32 33 34 35 36 37 38 39 40 41 42 43 44 45 46 47 48 49 50 51 52 53 54 55 56 57 58 59 60 61 62 63,-1.0,
base,active,116876.0,116876.0,117267.0,0 1 2 3 4 5 6 7 8 9 10 11 12 13 14 15 16 17 18 19 20 21 22 23 24 25 26 27 28 29 30 31 32 33 34 35 36 37 38 39 40 41 42 43 44 45 46 47 48 49 50 51 52 53 54 55 56 57 58 59 60 61 62 63,34959.0,False
base,active,,117267.0,117269.0,0,-1.0,
base,active,,117267.0,117474.0,1 2 3 4 5 6 7 8 9 10 11 12 13 14 15 16 17 18 19 20 21 22 23 24 25 26 27 28 29 30 31,-1.0,
base,active,,117267.0,118030.0,32 33 34 35 36 37 38 39 40 41 42 43 44 45 46 47 48 49 50 51 52 53 54 55 56 57 58 59 60 61 62 63,-1.0,
base,active,117269.0,117269.0,117277.0,0,34961.0,False
base,active,,117277.0,117474.0,0,-1.0,
base,active,117474.0,117474.0,117563.0,0 1 2 3 4 5 6 7 8 9 10 11 12 13 14 15 16 17 18 19 20 21 22 23 24 25 26 27 28 29 30 31,34962.0,False
base,active,,117563.0,117663.0,0,-1.0,
base,active,,117563.0,117950.0,1 2 3 4 5 6 7 8 9 10 11 12 13 14 15 16 17 18 19 20 21 22 23 24 25 26 27 28 29 30 31,-1.0,
base,active,117663.0,117663.0,117682.0,0,34966.0,False
base,active,,117682.0,117950.0,0,-1.0,
base,active,117950.0,117950.0,117954.0,0 1 2 3 4 5 6 7 8 9 10 11 12 13 14 15 16 17 18 19 20 21 22 23 24 25 26 27 28 29 30 31,34969.0,False
base,active,,117954.0,118030.0,0 1 2 3 4 5 6 7 8 9 10 11 12 13 14 15 16 17 18 19 20 21 22 23 24 25 26 27 28 29 30 31,-1.0,
base,active,115330.0,118030.0,118086.0,0 1 2 3 4 5 6 7 8 9 10 11 12 13 14 15 16 17 18 19 20 21 22 23 24 25 26 27 28 29 30 31 32 33 34 35 36 37 38 39 40 41 42 43 44 45 46 47 48 49 50 51 52 53 54 55 56 57 58 59 60 61 62 63 64 65 66 67 68 69 70 71 72 73 74 75 76 77 78 79 80 81 82 83 84 85 86 87 88 89 90 91 92 93 94 95 96 97 98 99 100 101 102 103 104 105 106 107 108 109 110 111 112 113 114 115 116 117 118 119 120 121 122 123 124 125 126 127,34954.0,False
base,active,118066.0,118086.0,118102.0,0,34970.0,False
base,active,,118086.0,118102.0,1 2 3 4 5 6 7 8 9 10 11 12 13 14 15 16 17 18 19 20 21 22 23 24 25 26 27 28 29 30 31 32 33 34 35 36 37 38 39 40 41 42 43 44 45 46 47 48 49 50 51 52 53 54 55 56 57 58 59 60 61 62 63 64 65 66 67 68 69 70 71 72 73 74 75 76 77 78 79 80 81 82 83 84 85 86 87 88 89 90 91 92 93 94 95 96 97 98 99 100 101 102 103 104 105 106 107 108 109 110 111 112 113 114 115 116 117 118 119 120 121 122 123 124 125 126 127,-1.0,
base,active,115454.0,118102.0,118869.0,0 1 2 3 4 5 6 7 8 9 10 11 12 13 14 15 16 17 18 19 20 21 22 23 24 25 26 27 28 29 30 31 32 33 34 35 36 37 38 39 40 41 42 43 44 45 46 47 48 49 50 51 52 53 54 55 56 57 58 59 60 61 62 63 64 65 66 67 68 69 70 71 72 73 74 75 76 77 78 79 80 81 82 83 84 85 86 87 88 89 90 91 92 93 94 95 96 97 98 99 100 101 102 103 104 105 106 107 108 109 110 111 112 113 114 115 116 117 118 119 120 121 122 123 124 125 126 127,34955.0,False
base,active,,118869.0,119151.0,96 97 98 99 100 101 102 103 104 105 106 107 108 109 110 111 112 113 114 115 116 117 118 119 120 121 122 123 124 125 126 127,-1.0,
base,active,118127.0,118869.0,119383.0,0 1 2 3 4 5 6 7 8 9 10 11 12 13 14 15 16 17 18 19 20 21 22 23 24 25 26 27 28 29 30 31,34971.0,False
base,active,118130.0,118869.0,128065.0,32 33 34 35 36 37 38 39 40 41 42 43 44 45 46 47 48 49 50 51 52 53 54 55 56 57 58 59 60 61 62 63 64 65 66 67 68 69 70 71 72 73 74 75 76 77 78 79 80 81 82 83 84 85 86 87 88 89 90 91 92 93 94 95,34972.0,False
base,active,119151.0,119151.0,119544.0,96 97 98 99 100 101 102 103 104 105 106 107 108 109 110 111 112 113 114 115 116 117 118 119 120 121 122 123 124 125 126 127,34979.0,False
base,active,,119383.0,122983.0,0 1 2 3 4 5 6 7 8 9 10 11 12 13 14 15 16 17 18 19 20 21 22 23 24 25 26 27 28 29 30 31,-1.0,
base,active,,119544.0,123144.0,96 97 98 99 100 101 102 103 104 105 106 107 108 109 110 111 112 113 114 115 116 117 118 119 120 121 122 123 124 125 126 127,-1.0,
base,switching_off,,122983.0,124783.0,0 1 2 3 4 5 6 7 8 9 10 11 12 13 14 15 16 17 18 19 20 21 22 23 24 25 26 27 28 29 30 31,-2.0,
base,switching_off,,123144.0,124944.0,96 97 98 99 100 101 102 103 104 105 106 107 108 109 110 111 112 113 114 115 116 117 118 119 120 121 122 123 124 125 126 127,-2.0,
base,sleeping,,124783.0,127339.0,0 1 2 3 4 5 6 7 8 9 10 11 12 13 14 15 16 17 18 19 20 21 22 23 24 25 26 27 28 29 30 31,-4.0,
base,sleeping,,124944.0,127339.0,96 97 98 99 100 101 102 103 104 105 106 107 108 109 110 111 112 113 114 115 116 117 118 119 120 121 122 123 124 125 126 127,-4.0,
base,switching_on,,127339.0,130039.0,0 1 2 3 4 5 6 7 8 9 10 11 12 13 14 15 16 17 18 19 20 21 22 23 24 25 26 27 28 29 30 31 96 97 98 99 100 101 102 103 104 105 106 107 108 109 110 111 112 113 114 115 116 117 118 119 120 121 122 123 124 125 126 127,-3.0,
base,active,126975.0,128065.0,128115.0,32,35017.0,False
base,active,127058.0,128065.0,128339.0,33 34 35 36 37 38 39 40,35018.0,False
base,active,,128065.0,130039.0,41 42 43 44 45 46 47 48 49 50 51 52 53 54 55 56 57 58 59 60 61 62 63 64 65 66 67 68 69 70 71 72 73 74 75 76 77 78 79 80 81 82 83 84 85 86 87 88 89 90 91 92 93 94 95,-1.0,
base,active,,128115.0,130039.0,32,-1.0,
base,active,,128339.0,130039.0,33 34 35 36 37 38 39 40,-1.0,
base,active,127339.0,130039.0,140969.0,0 1 2 3 4 5 6 7 8 9 10 11 12 13 14 15 16 17 18 19 20 21 22 23 24 25 26 27 28 29 30 31 32 33 34 35 36 37 38 39 40 41 42 43 44 45 46 47 48 49 50 51 52 53 54 55 56 57 58 59 60 61 62 63 64 65 66 67 68 69 70 71 72 73 74 75 76 77 78 79 80 81 82 83 84 85 86 87 88 89 90 91 92 93 94 95 96 97 98 99 100 101 102 103 104 105 106 107 108 109 110 111 112 113 114 115 116 117 118 119 120 121 122 123 124 125 126 127,35019.0,False
base,active,,140969.0,144569.0,64 65 66 67 68 69 70 71 72 73 74 75 76 77 78 79 80 81 82 83 84 85 86 87 88 89 90 91 92 93 94 95 96 97 98 99 100 101 102 103 104 105 106 107 108 109 110 111 112 113 114 115 116 117 118 119 120 121 122 123 124 125 126 127,-1.0,
base,active,138273.0,140969.0,151893.0,0 1 2 3 4 5 6 7 8 9 10 11 12 13 14 15 16 17 18 19 20 21 22 23 24 25 26 27 28 29 30 31 32 33 34 35 36 37 38 39 40 41 42 43 44 45 46 47 48 49 50 51 52 53 54 55 56 57 58 59 60 61 62 63,35020.0,False
base,switching_off,,144569.0,146369.0,64 65 66 67 68 69 70 71 72 73 74 75 76 77 78 79 80 81 82 83 84 85 86 87 88 89 90 91 92 93 94 95 96 97 98 99 100 101 102 103 104 105 106 107 108 109 110 111 112 113 114 115 116 117 118 119 120 121 122 123 124 125 126 127,-2.0,
base,sleeping,,146369.0,161850.0,64 65 66 67 68 69 70 71 72 73 74 75 76 77 78 79,-4.0,
base,sleeping,,146369.0,162773.0,80 81 82 83 84 85 86 87 88 89 90 91 92 93 94 95 96 97 98 99 100 101 102 103 104 105 106 107 108 109 110 111,-4.0,
base,sleeping,,146369.0,195390.0,112 113 114 115 116 117 118 119 120 121 122 123 124 125 126 127,-4.0,
base,active,151501.0,151893.0,151960.0,16 17 18 19 20 21 22 23 24 25 26 27 28 29 30 31,35069.0,False
base,active,150853.0,151893.0,152079.0,0 1 2 3 4 5 6 7 8 9 10 11 12 13 14 15,35068.0,False
base,active,,151893.0,155493.0,32 33 34 35 36 37 38 39 40 41 42 43 44 45 46 47 48 49 50 51 52 53 54 55 56 57 58 59 60 61 62 63,-1.0,
base,active,,151960.0,155047.0,16 17 18 19 20 21 22 23 24 25 26 27 28 29 30 31,-1.0,
base,active,,152079.0,152781.0,0 1 2 3 4 5 6 7 8 9 10 11 12 13 14 15,-1.0,
base,active,152781.0,152781.0,152978.0,0 1 2 3 4 5 6 7 8 9 10 11 12 13 14 15,35070.0,False
base,active,,152978.0,153105.0,0 1 2 3 4 5 6 7 8 9 10 11 12 13 14 15,-1.0,
base,active,153105.0,153105.0,153327.0,0 1 2 3 4 5 6 7 8 9 10 11 12 13 14 15,35071.0,False
base,active,,153327.0,153425.0,0 1 2 3 4 5 6 7 8 9 10 11 12 13 14 15,-1.0,
base,active,153425.0,153425.0,153550.0,0 1 2 3 4 5 6 7 8 9 10 11 12 13 14 15,35072.0,False
base,active,,153550.0,154165.0,0 1 2 3 4 5 6 7 8 9 10 11 12 13 14 15,-1.0,
base,active,154165.0,154165.0,154371.0,0 1 2 3 4 5 6 7 8 9 10 11 12 13 14 15,35073.0,False
base,active,,154371.0,154608.0,0 1 2 3 4 5 6 7 8 9 10 11 12 13 14 15,-1.0,
base,active,154608.0,154608.0,154781.0,0 1 2 3 4 5 6 7 8 9 10 11 12 13 14 15,35074.0,False
base,active,,154781.0,155047.0,0 1 2 3 4 5 6 7 8 9 10 11 12 13 14 15,-1.0,
base,active,155047.0,155047.0,155443.0,0 1 2 3 4 5 6 7 8 9 10 11 12 13 14 15 16 17 18 19 20 21 22 23 24 25 26 27 28 29 30 31,35075.0,False
base,active,,155443.0,157831.0,0 1 2 3 4 5 6 7 8 9 10 11 12 13 14 15 16 17 18 19 20 21 22 23 24 25 26 27 28 29 30 31,-1.0,
base,switching_off,,155493.0,157293.0,32 33 34 35 36 37 38 39 40 41 42 43 44 45 46 47 48 49 50 51 52 53 54 55 56 57 58 59 60 61 62 63,-2.0,
base,sleeping,,157293.0,158950.0,32 33 34 35 36 37 38 39 40 41 42 43 44 45 46 47 48 49 50 51 52 53 54 55 56 57 58 59 60 61 62 63,-4.0,
base,active,157831.0,157831.0,158251.0,0 1 2 3 4 5 6 7 8 9 10 11 12 13 14 15 16 17 18 19 20 21 22 23 24 25 26 27 28 29 30 31,35076.0,False
base,active,,158251.0,161478.0,0 1 2 3 4 5 6 7 8 9 10 11 12 13 14 15 16 17 18 19 20 21 22 23 24 25 26 27 28 29 30 31,-1.0,
base,switching_on,,158950.0,161650.0,32 33 34 35 36 37 38 39 40 41 42 43 44 45 46 47 48 49 50 51 52 53 54 55 56 57 58 59 60 61 62 63,-3.0,
base,active,161478.0,161478.0,161575.0,0 1 2 3 4 5 6 7 8 9 10 11 12 13 14 15 16 17 18 19 20 21 22 23 24 25 26 27 28 29 30 31,35088.0,False
base,active,,161575.0,161650.0,0 1 2 3 4 5 6 7 8 9 10 11 12 13 14 15 16 17 18 19 20 21 22 23 24 25 26 27 28 29 30 31,-1.0,
base,active,158950.0,161650.0,166628.0,0 1 2 3 4 5 6 7 8 9 10 11 12 13 14 15 16 17 18 19 20 21 22 23 24 25 26 27 28 29 30 31 32 33 34 35 36 37 38 39 40 41 42 43 44 45 46 47 48 49 50 51 52 53 54 55 56 57 58 59 60 61 62 63,35077.0,False
base,switching_on,,161850.0,164550.0,64 65 66 67 68 69 70 71 72 73 74 75 76 77 78 79,-3.0,
base,switching_on,,162773.0,165473.0,80 81 82 83 84 85 86 87 88 89 90 91 92 93 94 95 96 97 98 99 100 101 102 103 104 105 106 107 108 109 110 111,-3.0,
base,active,163980.0,164550.0,164558.0,67,35111.0,False
base,active,163931.0,164550.0,164563.0,66,35110.0,False
base,active,162089.0,164550.0,164568.0,64,35092.0,False
base,active,163448.0,164550.0,164571.0,65,35103.0,False
base,active,,164550.0,164571.0,68 69 70 71 72 73 74 75 76 77 78 79,-1.0,
base,active,,164558.0,164571.0,67,-1.0,
base,active,,164563.0,164571.0,66,-1.0,
base,active,,164568.0,164571.0,64,-1.0,
base,active,161850.0,164571.0,164648.0,64 65 66 67 68 69 70 71 72 73 74 75 76 77 78 79,35089.0,False
base,active,162011.0,164648.0,165119.0,64 65 66 67 68 69 70 71 72 73 74 75 76 77 78 79,35091.0,False
base,active,164743.0,165119.0,165134.0,64,35115.0,False
base,active,164750.0,165119.0,165142.0,65,35116.0,False
base,active,,165119.0,165142.0,66 67 68 69 70 71 72 73 74 75 76 77 78 79,-1.0,
base,active,,165134.0,165142.0,64,-1.0,
base,active,162665.0,165142.0,165595.0,64 65 66 67 68 69 70 71 72 73 74 75 76 77 78 79,35098.0,False
base,active,165208.0,165473.0,165485.0,81,35122.0,False
base,active,165226.0,165473.0,165490.0,82,35123.0,False
base,active,165180.0,165473.0,165493.0,80,35121.0,False
base,active,,165473.0,165595.0,99 100 101 102 103 104 105 106 107 108 109 110 111,-1.0,
base,active,163265.0,165473.0,165711.0,83 84 85 86 87 88 89 90 91 92 93 94 95 96 97 98,35101.0,False
base,active,,165485.0,165595.0,81,-1.0,
base,active,,165490.0,165595.0,82,-1.0,
base,active,,165493.0,165595.0,80,-1.0,
base,active,162773.0,165595.0,165814.0,64 65 66 67 68 69 70 71 72 73 74 75 76 77 78 79 80 81 82 99 100 101 102 103 104 105 106 107 108 109 110 111,35099.0,False
base,active,,165711.0,165814.0,83 84 85 86 87 88 89 90 91 92 93 94 95,-1.0,
base,active,,165711.0,169311.0,96 97 98,-1.0,
base,active,163648.0,165814.0,166168.0,64 65 66 67 68 69 70 71 72 73 74 75 76 77 78 79 80 81 82 83 84 85 86 87 88 89 90 91 92 93 94 95,35104.0,False
base,active,,165814.0,169414.0,99 100 101 102 103 104 105 106 107 108 109 110 111,-1.0,
base,active,164169.0,166168.0,166561.0,64 65 66 67 68 69 70 71 72 73 74 75 76 77 78 79 80 81 82 83 84 85 86 87 88 89 90 91 92 93 94 95,35112.0,False
base,active,,166561.0,168372.0,64,-1.0,
base,active,,166561.0,169884.0,65 66 67 68 69 70 71 72 73 74 75 76 77 78 79 80 81 82 83 84 85 86 87 88 89 90 91 92 93 94 95,-1.0,
base,active,164460.0,166628.0,166914.0,0 1 2 3 4 5 6 7 8 9 10 11 12 13 14 15 16 17 18 19 20 21 22 23 24 25 26 27 28 29 30 31 32 33 34 35 36 37 38 39 40 41 42 43 44 45 46 47 48 49 50 51 52 53 54 55 56 57 58 59 60 61 62 63,35114.0,False
base,active,164903.0,166914.0,167189.0,0 1 2 3 4 5 6 7 8 9 10 11 12 13 14 15 16 17 18 19 20 21 22 23 24 25 26 27 28 29 30 31 32 33 34 35 36 37 38 39 40 41 42 43 44 45 46 47 48 49 50 51 52 53 54 55 56 57 58 59 60 61 62 63,35118.0,False
base,active,165285.0,167189.0,167396.0,0 1 2 3 4 5 6 7 8 9 10 11 12 13 14 15 16 17 18 19 20 21 22 23 24 25 26 27 28 29 30 31 32 33 34 35 36 37 38 39 40 41 42 43 44 45 46 47 48 49 50 51 52 53 54 55 56 57 58 59 60 61 62 63,35125.0,False
base,active,,167396.0,167845.0,0 1 2 3 4 5 6 7 8 9 10 11 12 13 14 15 16 17 18 19 20 21 22 23 24 25 26 27 28 29 30 31 32 33 34 35 36 37 38 39 40 41 42 43 44 45 46 47 48 49 50 51 52 53 54 55 56 57 58 59 60 61 62 63,-1.0,
base,active,167845.0,167845.0,168054.0,0 1 2 3 4 5 6 7 8 9 10 11 12 13 14 15 16 17 18 19 20 21 22 23 24 25 26 27 28 29 30 31 32 33 34 35 36 37 38 39 40 41 42 43 44 45 46 47 48 49 50 51 52 53 54 55 56 57 58 59 60 61 62 63,35137.0,False
base,active,,168054.0,168077.0,0 1 2 3 4 5 6 7 8 9 10 11 12 13 14 15 16 17 18 19 20 21 22 23 24 25 26 27 28 29 30 31 32 33 34 35 36 37 38 39 40 41 42 43 44 45 46 47 48 49 50 51 52 53 54 55 56 57 58 59 60 61 62 63,-1.0,
base,active,168077.0,168077.0,168375.0,0 1 2 3 4 5 6 7 8 9 10 11 12 13 14 15 16 17 18 19 20 21 22 23 24 25 26 27 28 29 30 31 32 33 34 35 36 37 38 39 40 41 42 43 44 45 46 47 48 49 50 51 52 53 54 55 56 57 58 59 60 61 62 63,35140.0,False
base,active,168372.0,168372.0,168384.0,64,35144.0,False
base,active,,168375.0,168377.0,0,-1.0,
base,active,,168375.0,168432.0,1 2 3 4 5 6 7 8 9 10 11 12 13 14 15 16 17 18 19 20 21 22 23 24 25 26 27 28 29 30 31 32 33 34 35 36 37 38 39 40 41 42 43 44 45 46 47 48 49 50 51 52 53 54 55 56 57 58 59 60 61 62 63,-1.0,
base,active,168377.0,168377.0,168392.0,0,35145.0,False
base,active,,168384.0,169884.0,64,-1.0,
base,active,,168392.0,168432.0,0,-1.0,
base,active,168432.0,168432.0,168719.0,0 1 2 3 4 5 6 7 8 9 10 11 12 13 14 15 16 17 18 19 20 21 22 23 24 25 26 27 28 29 30 31 32 33 34 35 36 37 38 39 40 41 42 43 44 45 46 47 48 49 50 51 52 53 54 55 56 57 58 59 60 61 62 63,35146.0,False
base,active,,168719.0,168856.0,0 1 2 3 4 5 6 7 8 9 10 11 12 13 14 15 16 17 18 19 20 21 22 23 24 25 26 27 28 29 30 31 32 33 34 35 36 37 38 39 40 41 42 43 44 45 46 47 48 49 50 51 52 53 54 55 56 57 58 59 60 61 62 63,-1.0,
base,active,168856.0,168856.0,169401.0,0 1 2 3 4 5 6 7 8 9 10 11 12 13 14 15 16 17 18 19 20 21 22 23 24 25 26 27 28 29 30 31 32 33 34 35 36 37 38 39 40 41 42 43 44 45 46 47 48 49 50 51 52 53 54 55 56 57 58 59 60 61 62 63,35148.0,False
base,switching_off,,169311.0,171111.0,96 97 98,-2.0,
base,active,,169401.0,169536.0,0 1 2 3 4 5 6 7 8 9 10 11 12 13 14 15 16 17 18 19 20 21 22 23 24 25 26 27 28 29 30 31 32 33 34 35 36 37 38 39 40 41 42 43 44 45 46 47 48 49 50 51 52 53 54 55 56 57 58 59 60 61 62 63,-1.0,
base,switching_off,,169414.0,171214.0,99 100 101 102 103 104 105 106 107 108 109 110 111,-2.0,
base,active,169536.0,169536.0,169944.0,0 1 2 3 4 5 6 7 8 9 10 11 12 13 14 15 16 17 18 19 20 21 22 23 24 25 26 27 28 29 30 31 32 33 34 35 36 37 38 39 40 41 42 43 44 45 46 47 48 49 50 51 52 53 54 55 56 57 58 59 60 61 62 63,35153.0,False
base,active,169884.0,169884.0,170118.0,64 65 66 67 68 69 70 71 72 73 74 75 76 77 78 79 80 81 82 83 84 85 86 87 88 89 90 91 92 93 94 95,35156.0,False
base,active,,169944.0,169945.0,1,-1.0,
base,active,169941.0,169944.0,169955.0,0,35157.0,False
base,active,,169944.0,170027.0,2 3 4 5 6 7 8 9 10 11 12 13 14 15 16 17 18 19 20 21 22 23 24 25 26 27 28 29 30 31 32 33 34 35 36 37 38 39 40 41 42 43 44 45 46 47 48 49 50 51 52 53 54 55 56 57 58 59 60 61 62 63,-1.0,
base,active,169945.0,169945.0,169967.0,1,35158.0,False
base,active,,169955.0,170027.0,0,-1.0,
base,active,,169967.0,170027.0,1,-1.0,
base,active,170027.0,170027.0,170185.0,0 1 2 3 4 5 6 7 8 9 10 11 12 13 14 15 16 17 18 19 20 21 22 23 24 25 26 27 28 29 30 31 32 33 34 35 36 37 38 39 40 41 42 43 44 45 46 47 48 49 50 51 52 53 54 55 56 57 58 59 60 61 62 63,35159.0,False
base,active,,170118.0,170355.0,64 65 66 67 68 69 70 71 72 73 74 75 76 77 78 79 80 81 82 83 84 85 86 87 88 89 90 91 92 93 94 95,-1.0,
base,active,,170185.0,170207.0,0 1 2 3 4 5 6 7 8 9 10 11 12 13 14 15 16 17 18 19 20 21 22 23 24 25 26 27 28 29 30 31,-1.0,
base,active,,170185.0,170355.0,32 33 34 35 36 37 38 39 40 41 42 43 44 45 46 47 48 49 50 51 52 53 54 55 56 57 58 59 60 61 62 63,-1.0,
base,active,170207.0,170207.0,170682.0,0 1 2 3 4 5 6 7 8 9 10 11 12 13 14 15 16 17 18 19 20 21 22 23 24 25 26 27 28 29 30 31,35161.0,False
base,active,170355.0,170355.0,170678.0,32 33 34 35 36 37 38 39 40 41 42 43 44 45 46 47 48 49 50 51 52 53 54 55 56 57 58 59 60 61 62 63 64 65 66 67 68 69 70 71 72 73 74 75 76 77 78 79 80 81 82 83 84 85 86 87 88 89 90 91 92 93 94 95,35162.0,False
base,active,,170678.0,170933.0,32 33 34 35 36 37 38 39 40 41 42 43 44 45 46 47 48 49 50 51 52 53 54 55 56 57 58 59 60 61 62 63,-1.0,
base,active,,170678.0,170978.0,64 65 66 67 68 69 70 71 72 73 74 75 76 77 78 79 80 81 82 83 84 85 86 87 88 89 90 91 92 93 94 95,-1.0,
base,active,,170682.0,170933.0,0 1 2 3 4 5 6 7 8 9 10 11 12 13 14 15 16 17 18 19 20 21 22 23 24 25 26 27 28 29 30 31,-1.0,
base,active,170933.0,170933.0,171393.0,0 1 2 3 4 5 6 7 8 9 10 11 12 13 14 15 16 17 18 19 20 21 22 23 24 25 26 27 28 29 30 31 32 33 34 35 36 37 38 39 40 41 42 43 44 45 46 47 48 49 50 51 52 53 54 55 56 57 58 59 60 61 62 63,35164.0,False
base,active,170978.0,170978.0,171383.0,64 65 66 67 68 69 70 71 72 73 74 75 76 77 78 79 80 81 82 83 84 85 86 87 88 89 90 91 92 93 94 95,35166.0,False
base,sleeping,,171111.0,194565.0,96,-4.0,
base,sleeping,,171111.0,195390.0,97 98,-4.0,
base,sleeping,,171214.0,195390.0,99 100 101 102 103 104 105 106 107 108 109 110 111,-4.0,
base,active,,171383.0,174983.0,64 65 66 67 68 69 70 71 72 73 74 75 76 77 78 79 80 81 82 83 84 85 86 87 88 89 90 91 92 93 94 95,-1.0,
base,active,,171393.0,171592.0,0 1 2 3 4 5 6 7 8 9 10 11 12 13 14 15 16 17 18 19 20 21 22 23 24 25 26 27 28 29 30 31 32 33 34 35 36 37 38 39 40 41 42 43 44 45 46 47 48 49 50 51 52 53 54 55 56 57 58 59 60 61 62 63,-1.0,
base,active,171592.0,171592.0,171850.0,0 1 2 3 4 5 6 7 8 9 10 11 12 13 14 15 16 17 18 19 20 21 22 23 24 25 26 27 28 29 30 31 32 33 34 35 36 37 38 39 40 41 42 43 44 45 46 47 48 49 50 51 52 53 54 55 56 57 58 59 60 61 62 63,35171.0,False
base,active,,171850.0,171852.0,0,-1.0,
base,active,,171850.0,171862.0,1 2 3 4 5 6 7 8 9 10 11 12 13 14 15 16 17 18 19 20 21 22 23 24 25 26 27 28 29 30 31 32,-1.0,
base,active,,171850.0,175450.0,33 34 35 36 37 38 39 40 41 42 43 44 45 46 47 48 49 50 51 52 53 54 55 56 57 58 59 60 61 62 63,-1.0,
base,active,171852.0,171852.0,171875.0,0,35173.0,False
base,active,171862.0,171862.0,171985.0,1 2 3 4 5 6 7 8 9 10 11 12 13 14 15 16 17 18 19 20 21 22 23 24 25 26 27 28 29 30 31 32,35174.0,False
base,active,,171875.0,175475.0,0,-1.0,
base,active,,171985.0,175585.0,1 2 3 4 5 6 7 8 9 10 11 12 13 14 15 16 17 18 19 20 21 22 23 24 25 26 27 28 29 30 31 32,-1.0,
base,switching_off,,174983.0,176783.0,64 65 66 67 68 69 70 71 72 73 74 75 76 77 78 79 80 81 82 83 84 85 86 87 88 89 90 91 92 93 94 95,-2.0,
base,switching_off,,175450.0,177250.0,33 34 35 36 37 38 39 40 41 42 43 44 45 46 47 48 49 50 51 52 53 54 55 56 57 58 59 60 61 62 63,-2.0,
base,switching_off,,175475.0,177275.0,0,-2.0,
base,switching_off,,175585.0,177385.0,1 2 3 4 5 6 7 8 9 10 11 12 13 14 15 16 17 18 19 20 21 22 23 24 25 26 27 28 29 30 31 32,-2.0,
base,sleeping,,176783.0,187067.0,64,-4.0,
base,sleeping,,176783.0,194565.0,65 66 67 68 69 70 71 72 73 74 75 76 77 78 79 80 81 82 83 84 85 86 87 88 89 90 91 92 93 94 95,-4.0,
base,sleeping,,177250.0,179420.0,33 34 35 36 37 38 39 40 41 42 43 44 45 46 47 48 49 50 51 52 53 54 55 56 57 58 59 60 61 62 63,-4.0,
base,sleeping,,177275.0,179095.0,0,-4.0,
base,sleeping,,177385.0,179095.0,1 2 3 4 5 6 7 8 9 10 11 12 13 14 15 16 17 18 19 20 21 22 23 24 25 26 27 28 29 30 31,-4.0,
base,sleeping,,177385.0,179420.0,32,-4.0,
base,switching_on,,179095.0,181795.0,0 1 2 3 4 5 6 7 8 9 10 11 12 13 14 15 16 17 18 19 20 21 22 23 24 25 26 27 28 29 30 31,-3.0,
base,switching_on,,179420.0,182120.0,32 33 34 35 36 37 38 39 40 41 42 43 44 45 46 47 48 49 50 51 52 53 54 55 56 57 58 59 60 61 62 63,-3.0,
base,active,180709.0,181795.0,181807.0,1,35186.0,False
base,active,180697.0,181795.0,181818.0,0,35185.0,False
base,active,,181795.0,181818.0,2 3 4 5 6 7 8 9 10 11 12 13 14 15 16 17 18 19 20 21 22 23 24 25 26 27 28 29 30 31,-1.0,
base,active,,181807.0,181818.0,1,-1.0,
base,active,179095.0,181818.0,182033.0,0 1 2 3 4 5 6 7 8 9 10 11 12 13 14 15 16 17 18 19 20 21 22 23 24 25 26 27 28 29 30 31,35177.0,False
base,active,,182033.0,182120.0,0 1 2 3 4 5 6 7 8 9 10 11 12 13 14 15 16 17 18 19 20 21 22 23 24 25 26 27 28 29 30 31,-1.0,
base,active,179420.0,182120.0,182430.0,0 1 2 3 4 5 6 7 8 9 10 11 12 13 14 15 16 17 18 19 20 21 22 23 24 25 26 27 28 29 30 31 32 33 34 35 36 37 38 39 40 41 42 43 44 45 46 47 48 49 50 51 52 53 54 55 56 57 58 59 60 61 62 63,35178.0,False
base,active,182369.0,182430.0,182445.0,0,35193.0,False
base,active,,182430.0,182445.0,1 2 3 4 5 6 7 8 9 10 11 12 13 14 15 16 17 18 19 20 21 22 23 24 25 26 27 28 29 30 31 32 33 34 35 36 37 38 39 40 41 42 43 44 45 46 47 48 49 50 51 52 53 54 55 56 57 58 59 60 61 62 63,-1.0,
base,active,179794.0,182445.0,182739.0,0 1 2 3 4 5 6 7 8 9 10 11 12 13 14 15 16 17 18 19 20 21 22 23 24 25 26 27 28 29 30 31 32 33 34 35 36 37 38 39 40 41 42 43 44 45 46 47 48 49 50 51 52 53 54 55 56 57 58 59 60 61 62 63,35179.0,False
base,active,182517.0,182739.0,182839.0,0,35194.0,False
base,active,182732.0,182739.0,182883.0,1,35197.0,False
base,active,,182739.0,182893.0,2 3 4 5 6 7 8 9 10 11 12 13 14 15 16 17 18 19 20 21 22 23 24 25 26 27 28 29 30 31 32 33 34 35 36 37 38 39 40 41 42 43 44 45 46 47 48 49 50 51 52 53 54 55 56 57 58 59 60 61 62 63,-1.0,
base,active,,182839.0,182869.0,0,-1.0,
base,active,182869.0,182869.0,182893.0,0,35200.0,False
base,active,,182883.0,182893.0,1,-1.0,
base,active,180315.0,182893.0,183273.0,0 1 2 3 4 5 6 7 8 9 10 11 12 13 14 15 16 17 18 19 20 21 22 23 24 25 26 27 28 29 30 31 32 33 34 35 36 37 38 39 40 41 42 43 44 45 46 47 48 49 50 51 52 53 54 55 56 57 58 59 60 61 62 63,35184.0,False
base,active,183135.0,183273.0,183281.0,0,35202.0,False
base,active,,183273.0,183281.0,1 2 3 4 5 6 7 8 9 10 11 12 13 14 15 16 17 18 19 20 21 22 23 24 25 26 27 28 29 30 31 32 33 34 35 36 37 38 39 40 41 42 43 44 45 46 47 48 49 50 51 52 53 54 55 56 57 58 59 60 61 62 63,-1.0,
base,active,180766.0,183281.0,183560.0,0 1 2 3 4 5 6 7 8 9 10 11 12 13 14 15 16 17 18 19 20 21 22 23 24 25 26 27 28 29 30 31 32 33 34 35 36 37 38 39 40 41 42 43 44 45 46 47 48 49 50 51 52 53 54 55 56 57 58 59 60 61 62 63,35187.0,False
base,active,181987.0,183560.0,183941.0,0 1 2 3 4 5 6 7 8 9 10 11 12 13 14 15 16 17 18 19 20 21 22 23 24 25 26 27 28 29 30 31 32 33 34 35 36 37 38 39 40 41 42 43 44 45 46 47 48 49 50 51 52 53 54 55 56 57 58 59 60 61 62 63,35192.0,False
base,active,182573.0,183941.0,184235.0,0 1 2 3 4 5 6 7 8 9 10 11 12 13 14 15 16 17 18 19 20 21 22 23 24 25 26 27 28 29 30 31 32 33 34 35 36 37 38 39 40 41 42 43 44 45 46 47 48 49 50 51 52 53 54 55 56 57 58 59 60 61 62 63,35195.0,False
base,active,184034.0,184235.0,184321.0,0 1 2 3 4 5 6 7 8 9 10 11 12 13 14 15 16 17 18 19 20 21 22 23 24 25 26 27 28 29 30 31,35205.0,False
base,active,184151.0,184235.0,185182.0,32 33 34 35 36 37 38 39 40 41 42 43 44 45 46 47 48 49 50 51 52 53 54 55 56 57 58 59 60 61 62 63,35208.0,False
base,active,,184321.0,185182.0,0 1 2 3 4 5 6 7 8 9 10 11 12 13 14 15 16 17 18 19 20 21 22 23 24 25 26 27 28 29 30 31,-1.0,
base,active,183212.0,185182.0,200165.0,0 1 2 3 4 5 6 7 8 9 10 11 12 13 14 15 16 17 18 19 20 21 22 23 24 25 26 27 28 29 30 31 32 33 34 35 36 37 38 39 40 41 42 43 44 45 46 47 48 49 50 51 52 53 54 55 56 57 58 59 60 61 62 63,35203.0,False
base,switching_on,,187067.0,189767.0,64,-3.0,
base,active,187067.0,189767.0,189891.0,64,35218.0,False
base,active,187348.0,189891.0,189990.0,64,35219.0,False
base,active,,189990.0,193590.0,64,-1.0,
base,switching_off,,193590.0,195390.0,64,-2.0,
base,switching_on,,194565.0,197265.0,65 66 67 68 69 70 71 72 73 74 75 76 77 78 79 80 81 82 83 84 85 86 87 88 89 90 91 92 93 94 95 96,-3.0,
base,switching_on,,195390.0,198090.0,64 97 98 99 100 101 102 103 104 105 106 107 108 109 110 111 112 113 114 115 116 117 118 119 120 121 122 123 124 125 126 127,-3.0,
base,active,195553.0,197265.0,197715.0,65 66 67 68 69 70 71 72 73 74 75 76 77 78 79 80,35226.0,False
base,active,197118.0,197265.0,197852.0,81 82 83 84 85 86 87 88 89 90 91 92 93 94 95 96,35229.0,False
base,active,197623.0,197715.0,197731.0,65,35230.0,False
base,active,,197715.0,197852.0,66 67 68 69 70 71 72 73 74 75 76 77 78 79 80,-1.0,
base,active,,197731.0,197852.0,65,-1.0,
base,active,194565.0,197852.0,198273.0,65 66 67 68 69 70 71 72 73 74 75 76 77 78 79 80 81 82 83 84 85 86 87 88 89 90 91 92 93 94 95 96,35224.0,False
base,active,196702.0,198090.0,198462.0,64 97 98 99 100 101 102 103 104 105 106 107 108 109 110 111 112 113 114 115 116 117 118 119 120 121 122 123 124 125 126 127,35228.0,False
base,active,,198273.0,198462.0,65 66 67 68 69 70 71 72 73 74 75 76 77 78 79 80 81 82 83 84 85 86 87 88 89 90 91 92 93 94 95 96,-1.0,
base,active,195022.0,198462.0,198938.0,64 65 66 67 68 69 70 71 72 73 74 75 76 77 78 79 80 81 82 83 84 85 86 87 88 89 90 91 92 93 94 95 96 97 98 99 100 101 102 103 104 105 106 107 108 109 110 111 112 113 114 115 116 117 118 119 120 121 122 123 124 125 126 127,35225.0,False
base,active,196201.0,198938.0,199391.0,64 65 66 67 68 69 70 71 72 73 74 75 76 77 78 79 80 81 82 83 84 85 86 87 88 89 90 91 92 93 94 95 96 97 98 99 100 101 102 103 104 105 106 107 108 109 110 111 112 113 114 115 116 117 118 119 120 121 122 123 124 125 126 127,35227.0,False
base,active,,199391.0,202991.0,64 65 66 67 68 69 70 71 72 73 74 75 76 77 78 79 80 81 82 83 84 85 86 87 88 89 90 91 92 93 94 95 96 97 98 99 100 101 102 103 104 105 106 107 108 109 110 111 112 113 114 115 116 117 118 119 120 121 122 123 124 125 126 127,-1.0,
base,active,,200165.0,203765.0,0 1 2 3 4 5 6 7 8 9 10 11 12 13 14 15 16 17 18 19 20 21 22 23 24 25 26 27 28 29 30 31 32 33 34 35 36 37 38 39 40 41 42 43 44 45 46 47 48 49 50 51 52 53 54 55 56 57 58 59 60 61 62 63,-1.0,
base,switching_off,,202991.0,204791.0,64 65 66 67 68 69 70 71 72 73 74 75 76 77 78 79 80 81 82 83 84 85 86 87 88 89 90 91 92 93 94 95 96 97 98 99 100 101 102 103 104 105 106 107 108 109 110 111 112 113 114 115 116 117 118 119 120 121 122 123 124 125 126 127,-2.0,
base,switching_off,,203765.0,205565.0,0 1 2 3 4 5 6 7 8 9 10 11 12 13 14 15 16 17 18 19 20 21 22 23 24 25 26 27 28 29 30 31 32 33 34 35 36 37 38 39 40 41 42 43 44 45 46 47 48 49 50 51 52 53 54 55 56 57 58 59 60 61 62 63,-2.0,
base,sleeping,,204791.0,205565.0,64 65 66 67 68 69 70 71 72 73 74 75 76 77 78 79 80 81 82 83 84 85 86 87 88 89 90 91 92 93 94 95 96 97 98 99 100 101 102 103 104 105 106 107 108 109 110 111 112 113 114 115 116 117 118 119 120 121 122 123 124 125 126 127,-4.0,
base,switching_on,,205565.0,208265.0,0 1 2 3 4 5 6 7 8 9 10 11 12 13 14 15 16 17 18 19 20 21 22 23 24 25 26 27 28 29 30 31 32 33 34 35 36 37 38 39 40 41 42 43 44 45 46 47 48 49 50 51 52 53 54 55 56 57 58 59 60 61 62 63 64 65 66 67 68 69 70 71 72 73 74 75 76 77 78 79 80 81 82 83 84 85 86 87 88 89 90 91 92 93 94 95 96 97 98 99 100 101 102 103 104 105 106 107 108 109 110 111 112 113 114 115 116 117 118 119 120 121 122 123 124 125 126 127,-3.0,
base,active,204527.0,208265.0,219190.0,0 1 2 3 4 5 6 7 8 9 10 11 12 13 14 15 16 17 18 19 20 21 22 23 24 25 26 27 28 29 30 31 32 33 34 35 36 37 38 39 40 41 42 43 44 45 46 47 48 49 50 51 52 53 54 55 56 57 58 59 60 61 62 63 64 65 66 67 68 69 70 71 72 73 74 75 76 77 78 79 80 81 82 83 84 85 86 87 88 89 90 91 92 93 94 95 96 97 98 99 100 101 102 103 104 105 106 107 108 109 110 111 112 113 114 115 116 117 118 119 120 121 122 123 124 125 126 127,35231.0,False
base,active,218950.0,219190.0,219206.0,1,35262.0,False
base,active,218873.0,219190.0,219216.0,0,35258.0,False
base,active,,219190.0,219216.0,66 67 68 69 70 71 72 73 74 75 76 77 78 79 80 81 82 83 84 85 86 87 88 89 90 91 92 93 94 95 96 97 98 99 100 101 102 103 104 105 106 107 108 109 110 111 112 113 114 115 116 117 118 119 120 121 122 123 124 125 126 127,-1.0,
base,active,218476.0,219190.0,219585.0,2 3 4 5 6 7 8 9 10 11 12 13 14 15 16 17 18 19 20 21 22 23 24 25 26 27 28 29 30 31 32 33 34 35 36 37 38 39 40 41 42 43 44 45 46 47 48 49 50 51 52 53 54 55 56 57 58 59 60 61 62 63 64 65,35255.0,False
base,active,,219206.0,219216.0,1,-1.0,
base,active,218948.0,219216.0,230143.0,0 1 66 67 68 69 70 71 72 73 74 75 76 77 78 79 80 81 82 83 84 85 86 87 88 89 90 91 92 93 94 95 96 97 98 99 100 101 102 103 104 105 106 107 108 109 110 111 112 113 114 115 116 117 118 119 120 121 122 123 124 125 126 127,35261.0,False
base,active,,219585.0,221165.0,2,-1.0,
base,active,,219585.0,223185.0,3 4 5 6 7 8 9 10 11 12 13 14 15 16 17 18 19 20 21 22 23 24 25 26 27 28 29 30 31 32 33 34 35 36 37 38 39 40 41 42 43 44 45 46 47 48 49 50 51 52 53 54 55 56 57 58 59 60 61 62 63 64 65,-1.0,
base,active,221165.0,221165.0,221261.0,2,35284.0,False
base,active,,221261.0,221312.0,2,-1.0,
base,active,221312.0,221312.0,221458.0,2,35285.0,False
base,active,,221458.0,221545.0,2,-1.0,
base,active,221545.0,221545.0,221672.0,2,35288.0,False
base,active,,221672.0,224822.0,2,-1.0,
base,switching_off,,223185.0,224985.0,3 4 5 6 7 8 9 10 11 12 13 14 15 16 17 18 19 20 21 22 23 24 25 26 27 28 29 30 31 32 33 34 35 36 37 38 39 40 41 42 43 44 45 46 47 48 49 50 51 52 53 54 55 56 57 58 59 60 61 62 63 64 65,-2.0,
base,active,224822.0,224822.0,224944.0,2,35312.0,False
base,active,,224944.0,224974.0,2,-1.0,
base,active,224974.0,224974.0,225079.0,2,35313.0,False
base,sleeping,,224985.0,227443.0,3 4 5 6 7 8 9 10 11 12 13 14 15 16 17 18 19 20 21 22 23 24 25 26 27 28 29 30 31 32 33 34 35 36 37 38 39 40 41 42 43 44 45 46 47 48 49 50 51 52 53 54 55 56 57 58 59 60 61 62 63 64 65,-4.0,
base,active,,225079.0,230143.0,2,-1.0,
base,switching_on,,227443.0,230143.0,3 4 5 6 7 8 9 10 11 12 13 14 15 16 17 18 19 20 21 22 23 24 25 26 27 28 29 30 31 32 33 34 35 36 37 38 39 40 41 42 43 44 45 46 47 48 49 50 51 52 53 54 55 56 57 58 59 60 61 62 63 64 65,-3.0,
base,active,215458.0,230143.0,230230.0,0 1 2 3 4 5 6 7 8 9 10 11 12 13 14 15 16 17 18 19 20 21 22 23 24 25 26 27 28 29 30 31 32 33 34 35 36 37 38 39 40 41 42 43 44 45 46 47 48 49 50 51 52 53 54 55 56 57 58 59 60 61 62 63 64 65 66 67 68 69 70 71 72 73 74 75 76 77 78 79 80 81 82 83 84 85 86 87 88 89 90 91 92 93 94 95 96 97 98 99 100 101 102 103 104 105 106 107 108 109 110 111 112 113 114 115 116 117 118 119 120 121 122 123 124 125 126 127,35232.0,False
base,active,,230230.0,230770.0,0,-1.0,
base,active,,230230.0,233830.0,1 2 3 4 5 6 7 8 9 10 11 12 13 14 15 16 17 18 19 20 21 22 23 24 25 26 27 28 29 30 31 32 33 34 35 36 37 38 39 40 41 42 43 44 45 46 47 48 49 50 51 52 53 54 55 56 57 58 59 60 61 62 63 64 65 66 67 68 69 70 71 72 73 74 75 76 77 78 79 80 81 82 83 84 85 86 87 88 89 90 91 92 93 94 95 96 97 98 99 100 101 102 103 104 105 106 107 108 109 110 111 112 113 114 115 116 117 118 119 120 121 122 123 124 125 126 127,-1.0,
base,active,230770.0,230770.0,230897.0,0,35366.0,False
base,active,,230897.0,230968.0,0,-1.0,
base,active,230968.0,230968.0,231086.0,0,35368.0,False
base,active,,231086.0,231339.0,0,-1.0,
base,active,231339.0,231339.0,231437.0,0,35374.0,False
base,active,,231437.0,231472.0,0,-1.0,
base,active,231472.0,231472.0,231583.0,0,35375.0,False
base,active,,231583.0,235183.0,0,-1.0,
base,switching_off,,233830.0,235630.0,1 2 3 4 5 6 7 8 9 10 11 12 13 14 15 16 17 18 19 20 21 22 23 24 25 26 27 28 29 30 31 32 33 34 35 36 37 38 39 40 41 42 43 44 45 46 47 48 49 50 51 52 53 54 55 56 57 58 59 60 61 62 63 64 65 66 67 68 69 70 71 72 73 74 75 76 77 78 79 80 81 82 83 84 85 86 87 88 89 90 91 92 93 94 95 96 97 98 99 100 101 102 103 104 105 106 107 108 109 110 111 112 113 114 115 116 117 118 119 120 121 122 123 124 125 126 127,-2.0,
base,switching_off,,235183.0,236983.0,0,-2.0,
base,sleeping,,235630.0,236883.0,1,-4.0,
base,sleeping,,235630.0,244640.0,2 3 4 5 6 7 8 9 10 11 12 13 14 15 16 17 18 19 20 21 22 23 24 25 26 27 28 29 30 31 32 33 34 35 36 37 38 39 40 41 42 43 44 45 46 47 48 49 50 51 52 53 54 55 56 57 58 59 60 61 62 63 64,-4.0,
base,sleeping,,235630.0,246356.0,65 66 67 68 69 70 71 72 73 74 75 76 77 78 79 80 81 82 83 84 85 86 87 88 89 90 91 92 93 94 95 96 97 98 99 100 101 102 103 104 105 106 107 108 109 110 111 112 113 114 115 116 117 118 119 120 121 122 123 124 125 126 127,-4.0,
base,switching_on,,236883.0,239583.0,1,-3.0,
base,sleeping,,236983.0,244640.0,0,-4.0,
base,active,236883.0,239583.0,239742.0,1,35421.0,False
base,active,237128.0,239742.0,239838.0,1,35428.0,False
base,active,237403.0,239838.0,239955.0,1,35429.0,False
base,active,238040.0,239955.0,240065.0,1,35434.0,False
base,active,,240065.0,243665.0,1,-1.0,
base,switching_off,,243665.0,245465.0,1,-2.0,
base,switching_on,,244640.0,247340.0,0 2 3 4 5 6 7 8 9 10 11 12 13 14 15 16 17 18 19 20 21 22 23 24 25 26 27 28 29 30 31 32 33 34 35 36 37 38 39 40 41 42 43 44 45 46 47 48 49 50 51 52 53 54 55 56 57 58 59 60 61 62 63 64,-3.0,
base,sleeping,,245465.0,246356.0,1,-4.0,
base,switching_on,,246356.0,249056.0,1 65 66 67 68 69 70 71 72 73 74 75 76 77 78 79 80 81 82 83 84 85 86 87 88 89 90 91 92 93 94 95 96 97 98 99 100 101 102 103 104 105 106 107 108 109 110 111 112 113 114 115 116 117 118 119 120 121 122 123 124 125 126 127,-3.0,
base,active,244640.0,247340.0,252502.0,0 2 3 4 5 6 7 8 9 10 11 12 13 14 15 16 17 18 19 20 21 22 23 24 25 26 27 28 29 30 31 32 33 34 35 36 37 38 39 40 41 42 43 44 45 46 47 48 49 50 51 52 53 54 55 56 57 58 59 60 61 62 63 64,35493.0,False
base,active,248964.0,249056.0,249077.0,76 77 78 79 80 81 82 83,35536.0,False
base,active,247488.0,249056.0,249112.0,1 65 66 67,35523.0,False
base,active,247747.0,249056.0,249112.0,68 69 70 71,35526.0,False
base,active,248445.0,249056.0,249112.0,72 73 74 75,35532.0,False
base,active,248824.0,249056.0,249279.0,92 93 94 95 96 97 98 99 100 101 102 103 104 105 106 107 108 109 110 111 112 113 114 115 116 117 118 119 120 121 122 123,35535.0,False
base,active,249018.0,249056.0,249721.0,84 85 86 87 88 89 90 91,35537.0,False
base,active,,249056.0,249721.0,124 125 126 127,-1.0,
base,active,,249077.0,249721.0,76 77 78 79 80 81 82 83,-1.0,
base,active,,249112.0,249194.0,1 65 66 67,-1.0,
base,active,,249112.0,249721.0,68 69 70 71 72 73 74 75,-1.0,
base,active,249194.0,249194.0,249250.0,1 65 66 67,35538.0,False
base,active,,249250.0,249721.0,1 65 66 67,-1.0,
base,active,,249279.0,249721.0,92 93 94 95 96 97 98 99 100 101 102 103 104 105 106 107 108 109 110 111 112 113 114 115 116 117 118 119 120 121 122 123,-1.0,
base,active,246356.0,249721.0,249832.0,1 65 66 67 68 69 70 71 72 73 74 75 76 77 78 79 80 81 82 83 84 85 86 87 88 89 90 91 92 93 94 95 96 97 98 99 100 101 102 103 104 105 106 107 108 109 110 111 112 113 114 115 116 117 118 119 120 121 122 123 124 125 126 127,35509.0,False
base,active,246573.0,249832.0,249938.0,1 65 66 67 68 69 70 71 72 73 74 75 76 77 78 79 80 81 82 83 84 85 86 87 88 89 90 91 92 93 94 95 96 97 98 99 100 101 102 103 104 105 106 107 108 109 110 111 112 113 114 115 116 117 118 119 120 121 122 123 124 125 126 127,35512.0,False
base,active,246773.0,249938.0,250044.0,1 65 66 67 68 69 70 71 72 73 74 75 76 77 78 79 80 81 82 83 84 85 86 87 88 89 90 91 92 93 94 95 96 97 98 99 100 101 102 103 104 105 106 107 108 109 110 111 112 113 114 115 116 117 118 119 120 121 122 123 124 125 126 127,35514.0,False
base,active,246963.0,250044.0,250151.0,1 65 66 67 68 69 70 71 72 73 74 75 76 77 78 79 80 81 82 83 84 85 86 87 88 89 90 91 92 93 94 95 96 97 98 99 100 101 102 103 104 105 106 107 108 109 110 111 112 113 114 115 116 117 118 119 120 121 122 123 124 125 126 127,35517.0,False
base,active,247147.0,250151.0,250262.0,1 65 66 67 68 69 70 71 72 73 74 75 76 77 78 79 80 81 82 83 84 85 86 87 88 89 90 91 92 93 94 95 96 97 98 99 100 101 102 103 104 105 106 107 108 109 110 111 112 113 114 115 116 117 118 119 120 121 122 123 124 125 126 127,35518.0,False
base,active,,250262.0,250344.0,80 81 82 83,-1.0,
base,active,250255.0,250262.0,250536.0,1 65 66 67 68 69 70 71 72 73 74 75 76 77 78 79,35547.0,False
base,active,,250262.0,250551.0,84 85 86 87 88 89 90 91 92 93 94 95 96 97 98 99 100 101 102 103 104 105 106 107 108 109 110 111 112 113 114 115 116 117 118 119 120 121 122 123 124 125 126 127,-1.0,
base,active,250344.0,250344.0,250495.0,80 81 82 83,35548.0,False
base,active,,250495.0,250528.0,80,-1.0,
base,active,,250495.0,250551.0,81 82 83,-1.0,
base,active,250528.0,250528.0,250551.0,80,35551.0,False
base,active,,250536.0,250551.0,1 65 66 67 68 69 70 71 72 73 74 75 76 77 78 79,-1.0,
base,active,247351.0,250551.0,250552.0,1 65 66 67 68 69 70 71 72 73 74 75 76 77 78 79 80 81 82 83 84 85 86 87 88 89 90 91 92 93 94 95 96 97 98 99 100 101 102 103 104 105 106 107 108 109 110 111 112 113 114 115 116 117 118 119 120 121 122 123 124 125 126 127,35521.0,False
base,active,247363.0,250552.0,250659.0,1 65 66 67 68 69 70 71 72 73 74 75 76 77 78 79 80 81 82 83 84 85 86 87 88 89 90 91 92 93 94 95 96 97 98 99 100 101 102 103 104 105 106 107 108 109 110 111 112 113 114 115 116 117 118 119 120 121 122 123 124 125 126 127,35522.0,False
base,active,,250659.0,250668.0,96 97 98 99 100 101 102 103,-1.0,
base,active,,250659.0,250674.0,104 105 106 107 108 109 110 111 112 113 114 115 116 117 118 119,-1.0,
base,active,250553.0,250659.0,250836.0,1 65 66 67 68 69 70 71 72 73 74 75 76 77 78 79 80 81 82 83 84 85 86 87 88 89 90 91 92 93 94 95,35552.0,False
base,active,,250659.0,250885.0,120 121 122 123,-1.0,
base,active,,250659.0,252406.0,124 125 126 127,-1.0,
base,active,250668.0,250668.0,251130.0,96 97 98 99 100 101 102 103,35554.0,False
base,active,250674.0,250674.0,251000.0,104 105 106 107 108 109 110 111 112 113 114 115 116 117 118 119,35555.0,False
base,active,250786.0,250836.0,251592.0,1 65 66 67 68 69 70 71 72 73 74 75 76 77 78 79 80 81 82 83 84 85 86 87 88 89 90 91 92 93 94 95,35558.0,False
base,active,250885.0,250885.0,251057.0,120 121 122 123,35560.0,False
base,active,,251000.0,251060.0,104 105 106 107,-1.0,
base,active,,251000.0,251173.0,108 109 110 111 112 113 114 115,-1.0,
base,active,,251000.0,252406.0,116 117 118 119,-1.0,
base,active,,251057.0,252406.0,120 121 122 123,-1.0,
base,active,251060.0,251060.0,251333.0,104 105 106 107,35564.0,False
base,active,,251130.0,251173.0,96 97 98 99 100 101 102 103,-1.0,
base,active,251173.0,251173.0,251439.0,96 97 98 99 100 101 102 103 108 109 110 111 112 113 114 115,35568.0,False
base,active,,251333.0,251471.0,104 105 106 107,-1.0,
base,active,,251439.0,251471.0,96 97 98 99 100 101 102 103 108 109 110 111,-1.0,
base,active,,251439.0,251726.0,112 113 114 115,-1.0,
base,active,251471.0,251471.0,251750.0,96 97 98 99 100 101 102 103 104 105 106 107 108 109 110 111,35573.0,False
base,active,,251592.0,251624.0,1,-1.0,
base,active,,251592.0,251661.0,65 66 67,-1.0,
base,active,,251592.0,251726.0,68 69 70 71 72 73 74 75 76 77 78 79 80 81 82 83 84 85 86 87 88 89 90 91 92 93 94 95,-1.0,
base,active,251624.0,251624.0,251651.0,1,35577.0,False
base,active,,251651.0,251661.0,1,-1.0,
base,active,251661.0,251661.0,251744.0,1 65 66 67,35578.0,False
base,active,251726.0,251726.0,252160.0,68 69 70 71 72 73 74 75 76 77 78 79 80 81 82 83 84 85 86 87 88 89 90 91 92 93 94 95 112 113 114 115,35579.0,False
base,active,,251744.0,251810.0,1 65 66 67,-1.0,
base,active,,251750.0,251810.0,96 97 98 99 100 101 102 103 104 105 106 107,-1.0,
base,active,,251750.0,252132.0,108 109 110 111,-1.0,
base,active,251810.0,251810.0,252083.0,1 65 66 67 96 97 98 99 100 101 102 103 104 105 106 107,35581.0,False
base,active,,252083.0,252088.0,1 65 66 67,-1.0,
base,active,,252083.0,252132.0,96 97 98 99 100 101 102 103 104 105 106 107,-1.0,
base,active,252088.0,252088.0,252213.0,1 65 66 67,35585.0,False
base,active,252132.0,252132.0,252406.0,96 97 98 99 100 101 102 103 104 105 106 107 108 109 110 111,35587.0,False
base,active,,252160.0,252173.0,68,-1.0,
base,active,,252160.0,252406.0,69 70 71 72 73 74 75 76 77 78 79 80 81 82 83 84 85 86 87 88 89 90 91 92 93 94 95 112 113 114 115,-1.0,
base,active,252173.0,252173.0,252201.0,68,35589.0,False
base,active,,252201.0,252406.0,68,-1.0,
base,active,,252213.0,252216.0,1 65 66 67,-1.0,
base,active,252216.0,252216.0,252292.0,1 65 66 67,35590.0,False
base,active,,252292.0,252406.0,1 65 66 67,-1.0,
base,active,247578.0,252406.0,252511.0,1 65 66 67 68 69 70 71 72 73 74 75 76 77 78 79 80 81 82 83 84 85 86 87 88 89 90 91 92 93 94 95 96 97 98 99 100 101 102 103 104 105 106 107 108 109 110 111 112 113 114 115 116 117 118 119 120 121 122 123 124 125 126 127,35525.0,False
base,active,,252502.0,252511.0,17 18 19 20 21 22 23 24 25 26 27 28 29 30 31 32 33 34 35 36 37 38 39 40 41 42 43 44 45 46 47 48 49 50 51 52 53 54 55 56 57 58 59 60 61 62 63 64,-1.0,
base,active,252476.0,252502.0,252778.0,0 2 3 4 5 6 7 8 9 10 11 12 13 14 15 16,35596.0,False
base,active,,252511.0,252607.0,80,-1.0,
base,active,247844.0,252511.0,252634.0,1 17 18 19 20 21 22 23 24 25 26 27 28 29 30 31 32 33 34 35 36 37 38 39 40 41 42 43 44 45 46 47 48 49 50 51 52 53 54 55 56 57 58 59 60 61 62 63 64 65 66 67 68 69 70 71 72 73 74 75 76 77 78 79,35527.0,False
base,active,,252511.0,252721.0,81 82 83 84 85 86 87 88 89 90 91 92 93 94 95 96 97 98 99 100 101 102 103 104 105 106 107 108 109 110 111,-1.0,
base,active,,252511.0,252897.0,112 113 114 115,-1.0,
base,active,,252511.0,253464.0,116 117 118 119 120 121 122 123 124 125 126 127,-1.0,
base,active,252607.0,252607.0,252617.0,80,35601.0,False
base,active,,252617.0,252721.0,80,-1.0,
base,active,248045.0,252634.0,252741.0,1 17 18 19 20 21 22 23 24 25 26 27 28 29 30 31 32 33 34 35 36 37 38 39 40 41 42 43 44 45 46 47 48 49 50 51 52 53 54 55 56 57 58 59 60 61 62 63 64 65 66 67 68 69 70 71 72 73 74 75 76 77 78 79,35529.0,False
base,active,252721.0,252721.0,252925.0,80 81 82 83 84 85 86 87 88 89 90 91 92 93 94 95 96 97 98 99 100 101 102 103 104 105 106 107 108 109 110 111,35606.0,False
base,active,248268.0,252741.0,252848.0,1 17 18 19 20 21 22 23 24 25 26 27 28 29 30 31 32 33 34 35 36 37 38 39 40 41 42 43 44 45 46 47 48 49 50 51 52 53 54 55 56 57 58 59 60 61 62 63 64 65 66 67 68 69 70 71 72 73 74 75 76 77 78 79,35531.0,False
base,active,,252778.0,252806.0,0 2 3 4 5 6 7 8 9 10 11 12 13 14 15 16,-1.0,
base,active,252806.0,252806.0,253091.0,0 2 3 4 5 6 7 8 9 10 11 12 13 14 15 16,35608.0,False
base,active,248530.0,252848.0,252954.0,1 17 18 19 20 21 22 23 24 25 26 27 28 29 30 31 32 33 34 35 36 37 38 39 40 41 42 43 44 45 46 47 48 49 50 51 52 53 54 55 56 57 58 59 60 61 62 63 64 65 66 67 68 69 70 71 72 73 74 75 76 77 78 79,35533.0,False
base,active,252897.0,252897.0,252969.0,112 113 114 115,35610.0,False
base,active,,252925.0,253053.0,80 81 82 83 84 85 86 87 88 89 90 91 92 93 94 95 96 97 98 99 100 101 102 103 104 105 106 107 108 109 110 111,-1.0,
base,active,248681.0,252954.0,253062.0,1 17 18 19 20 21 22 23 24 25 26 27 28 29 30 31 32 33 34 35 36 37 38 39 40 41 42 43 44 45 46 47 48 49 50 51 52 53 54 55 56 57 58 59 60 61 62 63 64 65 66 67 68 69 70 71 72 73 74 75 76 77 78 79,35534.0,False
base,active,,252969.0,253464.0,112 113 114 115,-1.0,
base,active,253053.0,253053.0,253464.0,80 81 82 83 84 85 86 87 88 89 90 91 92 93 94 95 96 97 98 99 100 101 102 103 104 105 106 107 108 109 110 111,35611.0,False
base,active,249724.0,253062.0,253180.0,1 17 18 19 20 21 22 23 24 25 26 27 28 29 30 31 32 33 34 35 36 37 38 39 40 41 42 43 44 45 46 47 48 49 50 51 52 53 54 55 56 57 58 59 60 61 62 63 64 65 66 67 68 69 70 71 72 73 74 75 76 77 78 79,35540.0,False
base,active,,253091.0,253180.0,0 2 3 4 5 6 7 8 9 10 11 12 13 14 15 16,-1.0,
base,active,249888.0,253180.0,253301.0,0 1 2 3 4 5 6 7 8 9 10 11 12 13 14 15 16 17 18 19 20 21 22 23 24 25 26 27 28 29 30 31 32 33 34 35 36 37 38 39 40 41 42 43 44 45 46 47 48 49 50 51 52 53 54 55 56 57 58 59 60 61 62 63,35542.0,False
base,active,,253180.0,253464.0,64 65 66 67 68 69 70 71 72 73 74 75 76 77 78 79,-1.0,
base,active,249992.0,253301.0,253494.0,0 1 2 3 4 5 6 7 8 9 10 11 12 13 14 15 16 17 18 19 20 21 22 23 24 25 26 27 28 29 30 31 32 33 34 35 36 37 38 39 40 41 42 43 44 45 46 47 48 49 50 51 52 53 54 55 56 57 58 59 60 61 62 63,35543.0,False
base,active,250074.0,253464.0,253586.0,64 65 66 67 68 69 70 71 72 73 74 75 76 77 78 79 80 81 82 83 84 85 86 87 88 89 90 91 92 93 94 95 96 97 98 99 100 101 102 103 104 105 106 107 108 109 110 111 112 113 114 115 116 117 118 119 120 121 122 123 124 125 126 127,35544.0,False
base,active,253465.0,253494.0,253508.0,0,35613.0,False
base,active,,253494.0,253508.0,1 2 3 4 5 6 7 8 9 10 11 12 13 14 15 16 17 18 19 20 21 22 23 24 25 26 27 28 29 30 31 32 33 34 35 36 37 38 39 40 41 42 43 44 45 46 47 48 49 50 51 52 53 54 55 56 57 58 59 60 61 62 63,-1.0,
base,active,250247.0,253508.0,253629.0,0 1 2 3 4 5 6 7 8 9 10 11 12 13 14 15 16 17 18 19 20 21 22 23 24 25 26 27 28 29 30 31 32 33 34 35 36 37 38 39 40 41 42 43 44 45 46 47 48 49 50 51 52 53 54 55 56 57 58 59 60 61 62 63,35546.0,False
base,active,,253586.0,253633.0,68,-1.0,
base,active,,253586.0,253694.0,69 70 71 72 73 74 75 76 77 78 79 80 81 82 83 84 85 86 87 88 89 90 91 92 93 94 95 96 97 98 99,-1.0,
base,active,,253586.0,253765.0,100 101 102 103 104 105 106 107 108 109 110 111 112 113 114 115,-1.0,
base,active,253567.0,253586.0,253775.0,64 65 66 67,35614.0,False
base,active,,253586.0,253950.0,116 117 118 119 120 121 122 123 124 125 126 127,-1.0,
base,active,250413.0,253629.0,253759.0,0 1 2 3 4 5 6 7 8 9 10 11 12 13 14 15 16 17 18 19 20 21 22 23 24 25 26 27 28 29 30 31 32 33 34 35 36 37 38 39 40 41 42 43 44 45 46 47 48 49 50 51 52 53 54 55 56 57 58 59 60 61 62 63,35550.0,False
base,active,253633.0,253633.0,253641.0,68,35615.0,False
base,active,,253641.0,253694.0,68,-1.0,
base,active,253694.0,253694.0,253950.0,68 69 70 71 72 73 74 75 76 77 78 79 80 81 82 83 84 85 86 87 88 89 90 91 92 93 94 95 96 97 98 99,35617.0,False
base,active,250581.0,253759.0,253886.0,0 1 2 3 4 5 6 7 8 9 10 11 12 13 14 15 16 17 18 19 20 21 22 23 24 25 26 27 28 29 30 31 32 33 34 35 36 37 38 39 40 41 42 43 44 45 46 47 48 49 50 51 52 53 54 55 56 57 58 59 60 61 62 63,35553.0,False
base,active,253765.0,253765.0,253853.0,100 101 102 103 104 105 106 107 108 109 110 111 112 113 114 115,35618.0,False
base,active,,253775.0,253950.0,64 65 66 67,-1.0,
base,active,,253853.0,253950.0,100 101 102 103 104 105 106 107 108 109 110 111 112 113 114 115,-1.0,
base,active,250760.0,253886.0,254008.0,0 1 2 3 4 5 6 7 8 9 10 11 12 13 14 15 16 17 18 19 20 21 22 23 24 25 26 27 28 29 30 31 32 33 34 35 36 37 38 39 40 41 42 43 44 45 46 47 48 49 50 51 52 53 54 55 56 57 58 59 60 61 62 63,35556.0,False
base,active,250944.0,253950.0,254025.0,64 65 66 67 68 69 70 71 72 73 74 75 76 77 78 79 80 81 82 83 84 85 86 87 88 89 90 91 92 93 94 95 96 97 98 99 100 101 102 103 104 105 106 107 108 109 110 111 112 113 114 115 116 117 118 119 120 121 122 123 124 125 126 127,35562.0,False
base,active,251065.0,254008.0,254048.0,0 1 2 3 4 5 6 7 8 9 10 11 12 13 14 15 16 17 18 19 20 21 22 23 24 25 26 27 28 29 30 31 32 33 34 35 36 37 38 39 40 41 42 43 44 45 46 47 48 49 50 51 52 53 54 55 56 57 58 59 60 61 62 63,35565.0,False
base,active,251141.0,254025.0,254064.0,64 65 66 67 68 69 70 71 72 73 74 75 76 77 78 79 80 81 82 83 84 85 86 87 88 89 90 91 92 93 94 95 96 97 98 99 100 101 102 103 104 105 106 107 108 109 110 111 112 113 114 115 116 117 118 119 120 121 122 123 124 125 126 127,35567.0,False
base,active,251225.0,254048.0,254079.0,0 1 2 3 4 5 6 7 8 9 10 11 12 13 14 15 16 17 18 19 20 21 22 23 24 25 26 27 28 29 30 31 32 33 34 35 36 37 38 39 40 41 42 43 44 45 46 47 48 49 50 51 52 53 54 55 56 57 58 59 60 61 62 63,35569.0,False
base,active,251287.0,254064.0,254096.0,64 65 66 67 68 69 70 71 72 73 74 75 76 77 78 79 80 81 82 83 84 85 86 87 88 89 90 91 92 93 94 95 96 97 98 99 100 101 102 103 104 105 106 107 108 109 110 111 112 113 114 115 116 117 118 119 120 121 122 123 124 125 126 127,35570.0,False
base,active,,254079.0,254096.0,32 33 34 35 36 37 38 39 40 41 42 43 44 45 46 47 48 49 50 51 52 53 54 55 56 57 58 59 60 61 62 63,-1.0,
base,active,254076.0,254079.0,254535.0,0 1 2 3 4 5 6 7 8 9 10 11 12 13 14 15 16 17 18 19 20 21 22 23 24 25 26 27 28 29 30 31,35620.0,False
base,active,251353.0,254096.0,254132.0,32 33 34 35 36 37 38 39 40 41 42 43 44 45 46 47 48 49 50 51 52 53 54 55 56 57 58 59 60 61 62 63 64 65 66 67 68 69 70 71 72 73 74 75 76 77 78 79 80 81 82 83 84 85 86 87 88 89 90 91 92 93 94 95,35571.0,False
base,active,,254096.0,254364.0,96 97 98 99,-1.0,
base,active,,254096.0,254534.0,100,-1.0,
base,active,,254096.0,254552.0,101 102 103 104 105 106 107 108 109 110 111 112 113 114 115 116 117 118 119 120 121 122 123 124 125 126 127,-1.0,
base,active,251420.0,254132.0,254169.0,32 33 34 35 36 37 38 39 40 41 42 43 44 45 46 47 48 49 50 51 52 53 54 55 56 57 58 59 60 61 62 63 64 65 66 67 68 69 70 71 72 73 74 75 76 77 78 79 80 81 82 83 84 85 86 87 88 89 90 91 92 93 94 95,35572.0,False
base,active,251511.0,254169.0,254210.0,32 33 34 35 36 37 38 39 40 41 42 43 44 45 46 47 48 49 50 51 52 53 54 55 56 57 58 59 60 61 62 63 64 65 66 67 68 69 70 71 72 73 74 75 76 77 78 79 80 81 82 83 84 85 86 87 88 89 90 91 92 93 94 95,35574.0,False
base,active,251598.0,254210.0,254233.0,32 33 34 35 36 37 38 39 40 41 42 43 44 45 46 47 48 49 50 51 52 53 54 55 56 57 58 59 60 61 62 63 64 65 66 67 68 69 70 71 72 73 74 75 76 77 78 79 80 81 82 83 84 85 86 87 88 89 90 91 92 93 94 95,35576.0,False
base,active,251809.0,254233.0,254270.0,32 33 34 35 36 37 38 39 40 41 42 43 44 45 46 47 48 49 50 51 52 53 54 55 56 57 58 59 60 61 62 63 64 65 66 67 68 69 70 71 72 73 74 75 76 77 78 79 80 81 82 83 84 85 86 87 88 89 90 91 92 93 94 95,35580.0,False
base,active,251912.0,254270.0,254319.0,32 33 34 35 36 37 38 39 40 41 42 43 44 45 46 47 48 49 50 51 52 53 54 55 56 57 58 59 60 61 62 63 64 65 66 67 68 69 70 71 72 73 74 75 76 77 78 79 80 81 82 83 84 85 86 87 88 89 90 91 92 93 94 95,35582.0,False
base,active,251980.0,254319.0,254360.0,32 33 34 35 36 37 38 39 40 41 42 43 44 45 46 47 48 49 50 51 52 53 54 55 56 57 58 59 60 61 62 63 64 65 66 67 68 69 70 71 72 73 74 75 76 77 78 79 80 81 82 83 84 85 86 87 88 89 90 91 92 93 94 95,35583.0,False
base,active,252070.0,254360.0,254399.0,32 33 34 35 36 37 38 39 40 41 42 43 44 45 46 47 48 49 50 51 52 53 54 55 56 57 58 59 60 61 62 63 64 65 66 67 68 69 70 71 72 73 74 75 76 77 78 79 80 81 82 83 84 85 86 87 88 89 90 91 92 93 94 95,35584.0,False
base,active,254364.0,254364.0,254450.0,96 97 98 99,35626.0,False
base,active,252171.0,254399.0,254459.0,32 33 34 35 36 37 38 39 40 41 42 43 44 45 46 47 48 49 50 51 52 53 54 55 56 57 58 59 60 61 62 63 64 65 66 67 68 69 70 71 72 73 74 75 76 77 78 79 80 81 82 83 84 85 86 87 88 89 90 91 92 93 94 95,35588.0,False
base,active,,254450.0,254467.0,96,-1.0,
base,active,,254450.0,254513.0,97 98 99,-1.0,
base,active,252273.0,254459.0,254495.0,32 33 34 35 36 37 38 39 40 41 42 43 44 45 46 47 48 49 50 51 52 53 54 55 56 57 58 59 60 61 62 63 64 65 66 67 68 69 70 71 72 73 74 75 76 77 78 79 80 81 82 83 84 85 86 87 88 89 90 91 92 93 94 95,35591.0,False
base,active,254467.0,254467.0,254488.0,96,35627.0,False
base,active,,254488.0,254513.0,96,-1.0,
base,active,252350.0,254495.0,254532.0,32 33 34 35 36 37 38 39 40 41 42 43 44 45 46 47 48 49 50 51 52 53 54 55 56 57 58 59 60 61 62 63 64 65 66 67 68 69 70 71 72 73 74 75 76 77 78 79 80 81 82 83 84 85 86 87 88 89 90 91 92 93 94 95,35592.0,False
base,active,254513.0,254513.0,254541.0,96 97 98 99,35628.0,False
base,active,252410.0,254532.0,254533.0,32 33 34 35 36 37 38 39 40 41 42 43 44 45 46 47 48 49 50 51 52 53 54 55 56 57 58 59 60 61 62 63 64 65 66 67 68 69 70 71 72 73 74 75 76 77 78 79 80 81 82 83 84 85 86 87 88 89 90 91 92 93 94 95,35593.0,False
base,active,252418.0,254533.0,254564.0,32 33 34 35 36 37 38 39 40 41 42 43 44 45 46 47 48 49 50 51 52 53 54 55 56 57 58 59 60 61 62 63 64 65 66 67 68 69 70 71 72 73 74 75 76 77 78 79 80 81 82 83 84 85 86 87 88 89 90 91 92 93 94 95,35594.0,False
base,active,254534.0,254534.0,254552.0,100,35629.0,False
base,active,,254535.0,254552.0,0 1 2 3 4 5 6 7 8 9 10 11 12 13 14 15 16 17 18 19 20 21 22 23 24 25 26 27 28 29 30 31,-1.0,
base,active,,254541.0,254552.0,96 97 98 99,-1.0,
base,active,252489.0,254552.0,254598.0,0 1 2 3 4 5 6 7 8 9 10 11 12 13 14 15 16 17 18 19 20 21 22 23 24 25 26 27 28 29 30 31 96 97 98 99 100 101 102 103 104 105 106 107 108 109 110 111 112 113 114 115 116 117 118 119 120 121 122 123 124 125 126 127,35597.0,False
base,active,,254564.0,254598.0,40 41 42 43 44 45 46 47 48 49 50 51 52 53 54 55 56 57 58 59 60 61 62 63 64 65 66 67 68 69 70 71,-1.0,
base,active,254554.0,254564.0,254599.0,32 33 34 35 36 37 38 39,35630.0,False
base,active,,254564.0,254599.0,72 73 74 75 76 77 78 79 80 81 82 83 84 85 86 87 88 89 90 91 92 93 94 95,-1.0,
base,active,,254598.0,254599.0,96 97 98 99 100 101 102 103 104 105 106 107 108 109 110 111 112 113 114 115 116 117 118 119 120 121 122 123 124 125 126 127,-1.0,
base,active,252565.0,254598.0,254632.0,0 1 2 3 4 5 6 7 8 9 10 11 12 13 14 15 16 17 18 19 20 21 22 23 24 25 26 27 28 29 30 31 40 41 42 43 44 45 46 47 48 49 50 51 52 53 54 55 56 57 58 59 60 61 62 63 64 65 66 67 68 69 70 71,35599.0,False
base,active,252633.0,254599.0,254640.0,32 33 34 35 36 37 38 39 72 73 74 75 76 77 78 79 80 81 82 83 84 85 86 87 88 89 90 91 92 93 94 95 96 97 98 99 100 101 102 103 104 105 106 107 108 109 110 111 112 113 114 115 116 117 118 119 120 121 122 123 124 125 126 127,35603.0,False
base,active,252720.0,254632.0,254685.0,0 1 2 3 4 5 6 7 8 9 10 11 12 13 14 15 16 17 18 19 20 21 22 23 24 25 26 27 28 29 30 31 40 41 42 43 44 45 46 47 48 49 50 51 52 53 54 55 56 57 58 59 60 61 62 63 64 65 66 67 68 69 70 71,35605.0,False
base,active,252858.0,254640.0,254701.0,32 33 34 35 36 37 38 39 72 73 74 75 76 77 78 79 80 81 82 83 84 85 86 87 88 89 90 91 92 93 94 95 96 97 98 99 100 101 102 103 104 105 106 107 108 109 110 111 112 113 114 115 116 117 118 119 120 121 122 123 124 125 126 127,35609.0,False
base,active,254279.0,254685.0,254801.0,0 1 2 3 4 5 6 7 8 9 10 11 12 13 14 15 16 17 18 19 20 21 22 23 24 25 26 27 28 29 30 31 40 41 42 43 44 45 46 47 48 49 50 51 52 53 54 55 56 57 58 59 60 61 62 63 64 65 66 67 68 69 70 71,35624.0,False
base,active,,254701.0,254711.0,32 33 34 35,-1.0,
base,active,,254701.0,256614.0,36 37 38 39,-1.0,
base,active,,254701.0,257798.0,72 73 74 75 76 77 78 79 80 81 82 83 84 85 86 87 88 89 90 91 92 93 94 95 96 97 98 99 100 101 102 103 104 105 106 107,-1.0,
base,active,,254701.0,257818.0,108 109 110 111,-1.0,
base,active,,254701.0,258301.0,112 113 114 115 116 117 118 119 120 121 122 123 124 125 126 127,-1.0,
base,active,254711.0,254711.0,254734.0,32 33 34 35,35631.0,False
base,active,,254734.0,256614.0,32 33 34 35,-1.0,
base,active,,254801.0,254906.0,0 1 2 3,-1.0,
base,active,,254801.0,255060.0,4,-1.0,
base,active,,254801.0,255391.0,5 6 7,-1.0,
base,active,,254801.0,255724.0,8 9 10 11 12 13 14 15 16 17 18 19 20 21 22 23 24 25 26 27 28 29 30 31,-1.0,
base,active,,254801.0,256617.0,40 41 42 43 44 45 46 47 48 49 50 51 52 53 54 55 56 57 58 59 60 61 62 63 64 65 66 67 68 69 70 71,-1.0,
base,active,254906.0,254906.0,255137.0,0 1 2 3,35633.0,False
base,active,255060.0,255060.0,255068.0,4,35634.0,False
base,active,,255068.0,255136.0,4,-1.0,
base,active,255136.0,255136.0,255143.0,4,35635.0,False
base,active,,255137.0,255391.0,0 1 2 3,-1.0,
base,active,,255143.0,255391.0,4,-1.0,
base,active,255391.0,255391.0,255393.0,0 1 2 3 4 5 6 7,35637.0,False
base,active,,255393.0,255419.0,0 1 2 3 4 5 6 7,-1.0,
base,active,255419.0,255419.0,255447.0,0 1 2 3 4 5 6 7,35638.0,False
base,active,255447.0,255447.0,255517.0,0 1 2 3 4 5 6 7,35639.0,False
base,active,,255517.0,255724.0,0 1 2 3 4 5 6 7,-1.0,
base,active,255724.0,255724.0,255753.0,0 1 2 3 4 5 6 7 8 9 10 11 12 13 14 15 16 17 18 19 20 21 22 23 24 25 26 27 28 29 30 31,35644.0,False
base,active,,255753.0,255773.0,0 1 2 3 4 5 6 7 8 9 10 11 12 13 14 15 16 17 18 19 20 21 22 23 24 25 26 27 28 29 30 31,-1.0,
base,active,255773.0,255773.0,255798.0,0 1 2 3 4 5 6 7 8 9 10 11 12 13 14 15 16 17 18 19 20 21 22 23 24 25 26 27 28 29 30 31,35646.0,False
base,active,,255798.0,255806.0,0 1 2 3 4 5 6 7 8 9 10 11 12 13 14 15 16 17 18 19 20 21 22 23 24 25 26 27 28 29 30 31,-1.0,
base,active,255806.0,255806.0,255832.0,0 1 2 3 4 5 6 7 8 9 10 11 12 13 14 15 16 17 18 19 20 21 22 23 24 25 26 27 28 29 30 31,35647.0,False
base,active,,255832.0,255884.0,0 1 2 3 4 5 6 7 8 9 10 11 12 13 14 15 16 17 18 19 20 21 22 23 24 25 26 27 28 29 30 31,-1.0,
base,active,255884.0,255884.0,255910.0,0 1 2 3 4 5 6 7 8 9 10 11 12 13 14 15 16 17 18 19 20 21 22 23 24 25 26 27 28 29 30 31,35648.0,False
base,active,,255910.0,255940.0,0 1 2 3,-1.0,
base,active,,255910.0,256372.0,4 5 6 7 8 9 10 11 12 13 14 15 16 17 18 19 20 21 22 23 24 25 26 27 28 29 30 31,-1.0,
base,active,255940.0,255940.0,255967.0,0 1 2 3,35649.0,False
base,active,,255967.0,256372.0,0 1 2 3,-1.0,
base,active,256372.0,256372.0,256398.0,0 1 2 3 4 5 6 7 8 9 10 11 12 13 14 15 16 17 18 19 20 21 22 23 24 25 26 27 28 29 30 31,35651.0,False
base,active,,256398.0,256576.0,0 1 2 3 4 5 6 7 8 9 10 11 12 13 14 15 16 17 18 19 20 21 22 23 24 25 26 27 28 29 30 31,-1.0,
base,active,256576.0,256576.0,267548.0,0 1 2 3 4 5 6 7 8 9 10 11 12 13 14 15 16 17 18 19 20 21 22 23 24 25 26 27 28 29 30 31,35652.0,False
base,active,256614.0,256614.0,267550.0,32 33 34 35 36 37 38 39,35653.0,False
base,active,256617.0,256617.0,256645.0,40 41 42 43 44 45 46 47 48 49 50 51 52 53 54 55 56 57 58 59 60 61 62 63 64 65 66 67 68 69 70 71,35654.0,False
base,active,,256645.0,256677.0,40 41 42 43 44 45 46 47 48 49 50 51 52 53 54 55 56 57 58 59 60 61 62 63 64 65 66 67 68 69 70 71,-1.0,
base,active,256677.0,256677.0,256703.0,40 41 42 43 44 45 46 47 48 49 50 51 52 53 54 55 56 57 58 59 60 61 62 63 64 65 66 67 68 69 70 71,35655.0,False
base,active,,256703.0,256744.0,40 41 42 43 44 45 46 47 48 49 50 51 52 53 54 55,-1.0,
base,active,,256703.0,256918.0,56 57 58 59 60 61 62 63 64 65 66 67 68 69 70 71,-1.0,
base,active,256744.0,256744.0,256769.0,40 41 42 43 44 45 46 47 48 49 50 51 52 53 54 55,35657.0,False
base,active,,256769.0,256918.0,40 41 42 43 44 45 46 47 48 49 50 51 52 53 54 55,-1.0,
base,active,256918.0,256918.0,256944.0,40 41 42 43 44 45 46 47 48 49 50 51 52 53 54 55 56 57 58 59 60 61 62 63 64 65 66 67 68 69 70 71,35658.0,False
base,active,,256944.0,257115.0,40 41 42 43 44 45 46 47 48 49 50 51 52 53 54 55 56 57 58 59 60 61 62 63 64 65 66 67 68 69 70 71,-1.0,
base,active,257115.0,257115.0,257146.0,40 41 42 43 44 45 46 47 48 49 50 51 52 53 54 55 56 57 58 59 60 61 62 63 64 65 66 67 68 69 70 71,35661.0,False
base,active,,257146.0,257215.0,40 41 42 43 44 45 46 47 48 49 50 51 52 53 54 55,-1.0,
base,active,,257146.0,257704.0,56 57 58 59,-1.0,
base,active,,257146.0,257798.0,60 61 62 63 64 65 66 67 68 69 70 71,-1.0,
base,active,257215.0,257215.0,257241.0,40 41 42 43 44 45 46 47 48 49 50 51 52 53 54 55,35664.0,False
base,active,,257241.0,257432.0,40 41 42 43 44 45 46 47 48 49 50 51 52 53 54 55,-1.0,
base,active,257432.0,257432.0,257459.0,40 41 42 43 44 45 46 47 48 49 50 51 52 53 54 55,35668.0,False
base,active,,257459.0,257568.0,40 41 42 43 44 45 46 47 48 49 50 51 52 53 54 55,-1.0,
base,active,257568.0,257568.0,257594.0,40 41 42 43 44 45 46 47 48 49 50 51 52 53 54 55,35669.0,False
base,active,,257594.0,257648.0,40 41 42 43 44 45 46 47,-1.0,
base,active,,257594.0,257664.0,48 49 50 51,-1.0,
base,active,,257594.0,257704.0,52 53 54 55,-1.0,
base,active,257648.0,257648.0,257707.0,40 41 42 43 44 45 46 47,35670.0,False
base,active,257664.0,257664.0,257813.0,48 49 50 51,35671.0,False
base,active,257704.0,257704.0,257730.0,52 53 54 55 56 57 58 59,35672.0,False
base,active,,257707.0,257798.0,40 41 42 43 44 45 46 47,-1.0,
base,active,,257730.0,257798.0,52 53 54 55 56 57 58 59,-1.0,
base,active,257798.0,257798.0,257976.0,40 41 42 43 44 45 46 47 52 53 54 55 56 57 58 59 60 61 62 63 64 65 66 67 68 69 70 71 72 73 74 75 76 77 78 79 80 81 82 83 84 85 86 87 88 89 90 91 92 93 94 95 96 97 98 99 100 101 102 103 104 105 106 107,35673.0,False
base,active,,257813.0,257818.0,48 49 50 51,-1.0,
base,active,257818.0,257818.0,257848.0,48 49 50 51 108 109 110 111,35674.0,False
base,active,,257848.0,258066.0,48 49 50 51,-1.0,
base,active,,257848.0,258378.0,108 109 110 111,-1.0,
base,active,,257976.0,258013.0,40 41 42 43 44 45 46 47,-1.0,
base,active,,257976.0,258066.0,52 53 54 55 56 57 58 59 60 61 62 63 64 65 66 67 68 69 70 71,-1.0,
base,active,,257976.0,258069.0,72 73 74 75 76 77 78 79,-1.0,
base,active,,257976.0,258378.0,80 81 82 83 84 85 86 87 88 89 90 91 92 93 94 95 96 97 98 99 100 101 102 103 104 105 106 107,-1.0,
base,active,258013.0,258013.0,258056.0,40 41 42 43 44 45 46 47,35676.0,False
base,active,,258056.0,258066.0,40 41 42 43 44 45 46 47,-1.0,
base,active,258066.0,258066.0,258193.0,40 41 42 43 44 45 46 47 48 49 50 51 52 53 54 55 56 57 58 59 60 61 62 63 64 65 66 67 68 69 70 71,35677.0,False
base,active,258069.0,258069.0,258100.0,72 73 74 75 76 77 78 79,35678.0,False
base,active,,258100.0,258378.0,72 73 74 75 76 77 78 79,-1.0,
base,active,,258193.0,258229.0,40 41 42 43 44 45 46 47,-1.0,
base,active,,258193.0,258278.0,48 49 50 51 52 53 54 55,-1.0,
base,active,,258193.0,258378.0,56 57 58 59 60 61 62 63 64 65 66 67 68 69 70 71,-1.0,
base,active,258229.0,258229.0,258283.0,40 41 42 43 44 45 46 47,35679.0,False
base,active,258278.0,258278.0,258305.0,48 49 50 51 52 53 54 55,35680.0,False
base,active,,258283.0,258330.0,40 41 42 43 44 45 46 47,-1.0,
base,switching_off,,258301.0,260101.0,112 113 114 115 116 117 118 119 120 121 122 123 124 125 126 127,-2.0,
base,active,,258305.0,258378.0,48 49 50 51 52 53 54 55,-1.0,
base,active,258330.0,258330.0,258654.0,40 41 42 43 44 45 46 47,35681.0,False
base,active,258378.0,258378.0,258407.0,48 49 50 51 52 53 54 55 56 57 58 59 60 61 62 63 64 65 66 67 68 69 70 71 72 73 74 75 76 77 78 79 80 81 82 83 84 85 86 87 88 89 90 91 92 93 94 95 96 97 98 99 100 101 102 103 104 105 106 107 108 109 110 111,35683.0,False
base,active,,258407.0,258423.0,52 53 54 55 56 57 58 59 60 61 62 63 64 65 66 67 68 69 70 71 72 73 74 75 76 77 78 79 80 81 82 83,-1.0,
base,active,,258407.0,258430.0,84 85 86 87 88 89 90 91 92 93 94 95 96 97 98 99,-1.0,
base,active,258383.0,258407.0,258492.0,48 49 50 51,35684.0,False
base,active,,258407.0,258492.0,100 101 102 103 104 105 106 107 108 109 110 111,-1.0,
base,active,258423.0,258423.0,258662.0,52 53 54 55 56 57 58 59 60 61 62 63 64 65 66 67 68 69 70 71 72 73 74 75 76 77 78 79 80 81 82 83,35685.0,False
base,active,258430.0,258430.0,258451.0,84 85 86 87 88 89 90 91 92 93 94 95 96 97 98 99,35686.0,False
base,active,,258451.0,258492.0,84 85 86 87 88 89 90 91 92 93 94 95 96 97 98 99,-1.0,
base,active,258457.0,258492.0,258533.0,48 49 50 51 84 85 86 87 88 89 90 91 92 93 94 95 96 97 98 99 100 101 102 103 104 105 106 107 108 109 110 111,35687.0,False
base,active,,258533.0,258540.0,48 49 50 51 84 85 86 87 88 89 90 91 92 93 94 95,-1.0,
base,active,,258533.0,258710.0,96 97 98 99 100 101 102 103,-1.0,
base,active,,258533.0,260095.0,104,-1.0,
base,active,,258533.0,260474.0,105 106 107 108 109 110 111,-1.0,
base,active,258540.0,258540.0,258557.0,48 49 50 51 84 85 86 87 88 89 90 91 92 93 94 95,35688.0,False
base,active,,258557.0,258710.0,48 49 50 51 84 85 86 87 88 89 90 91 92 93 94 95,-1.0,
base,active,,258654.0,258710.0,40 41 42 43 44 45 46 47,-1.0,
base,active,,258662.0,258710.0,52 53 54 55 56 57 58 59 60 61 62 63 64 65 66 67 68 69 70 71 72 73 74 75 76 77 78 79 80 81 82 83,-1.0,
base,active,258710.0,258710.0,258722.0,40 41 42 43 44 45 46 47 48 49 50 51 52 53 54 55 56 57 58 59 60 61 62 63 64 65 66 67 68 69 70 71 72 73 74 75 76 77 78 79 80 81 82 83 84 85 86 87 88 89 90 91 92 93 94 95 96 97 98 99 100 101 102 103,35690.0,False
base,active,,258722.0,258733.0,40 41 42 43 44 45 46 47 48 49 50 51 52 53 54 55 56 57 58 59 60 61 62 63 64 65 66 67 68 69 70 71,-1.0,
base,active,,258722.0,258742.0,72 73 74 75 76 77 78 79 80 81 82 83 84 85 86 87 88 89 90 91 92 93 94 95 96 97 98 99 100 101 102 103,-1.0,
base,active,258733.0,258733.0,258743.0,40 41 42 43 44 45 46 47 48 49 50 51 52 53 54 55 56 57 58 59 60 61 62 63 64 65 66 67 68 69 70 71,35691.0,False
base,active,258742.0,258742.0,258764.0,72 73 74 75 76 77 78 79 80 81 82 83 84 85 86 87 88 89 90 91 92 93 94 95 96 97 98 99 100 101 102 103,35692.0,False
base,active,,258743.0,258750.0,40 41 42 43 44 45 46 47 48 49 50 51 52 53 54 55,-1.0,
base,active,,258743.0,258805.0,56 57 58 59 60 61 62 63 64 65 66 67 68 69 70 71,-1.0,
base,active,258750.0,258750.0,258764.0,40 41 42 43 44 45 46 47 48 49 50 51 52 53 54 55,35693.0,False
base,active,,258764.0,258805.0,40 41 42 43 44 45 46 47 48 49 50 51 52 53 54 55,-1.0,
base,active,,258764.0,258924.0,72 73 74 75 76 77 78 79 80 81 82 83 84 85 86 87,-1.0,
base,active,,258764.0,258974.0,88 89 90 91 92 93 94 95 96 97 98 99 100 101 102 103,-1.0,
base,active,258805.0,258805.0,259851.0,40 41 42 43 44 45 46 47 48 49 50 51 52 53 54 55 56 57 58 59 60 61 62 63 64 65 66 67 68 69 70 71,35695.0,False
base,active,258924.0,258924.0,258956.0,72 73 74 75 76 77 78 79 80 81 82 83 84 85 86 87,35697.0,False
base,active,,258956.0,258974.0,72 73 74 75 76 77 78 79 80 81 82 83 84 85 86 87,-1.0,
base,active,258974.0,258974.0,259019.0,72 73 74 75 76 77 78 79 80 81 82 83 84 85 86 87 88 89 90 91 92 93 94 95 96 97 98 99 100 101 102 103,35699.0,False
base,active,,259019.0,259309.0,72 73 74 75 76 77 78 79,-1.0,
base,active,,259019.0,260003.0,80 81 82 83 84 85 86 87 88 89 90 91 92 93 94 95 96 97 98 99 100 101 102 103,-1.0,
base,active,259309.0,259309.0,259396.0,72 73 74 75 76 77 78 79,35701.0,False
base,active,,259396.0,260003.0,72 73 74 75 76 77 78 79,-1.0,
base,active,,259851.0,259855.0,40 41 42 43 44 45 46 47 48 49 50 51 52 53 54 55 56 57 58 59 60 61 62 63 64 65 66 67 68 69 70 71,-1.0,
base,active,259855.0,259855.0,260954.0,40 41 42 43 44 45 46 47 48 49 50 51 52 53 54 55 56 57 58 59 60 61 62 63 64 65 66 67 68 69 70 71,35703.0,False
base,active,260003.0,260003.0,260121.0,72 73 74 75 76 77 78 79 80 81 82 83 84 85 86 87 88 89 90 91 92 93 94 95 96 97 98 99 100 101 102 103,35704.0,False
base,active,260095.0,260095.0,260119.0,104,35705.0,False
base,sleeping,,260101.0,295575.0,112 113 114 115 116 117 118 119 120 121 122 123 124 125 126 127,-4.0,
base,active,,260119.0,260474.0,104,-1.0,
base,active,,260121.0,260189.0,72 73 74 75 76 77 78 79 80 81 82 83 84 85 86 87 88 89 90 91 92 93 94 95 96 97 98 99 100 101 102 103,-1.0,
base,active,260189.0,260189.0,260658.0,72 73 74 75 76 77 78 79 80 81 82 83 84 85 86 87 88 89 90 91 92 93 94 95 96 97 98 99 100 101 102 103,35707.0,False
base,active,260474.0,260474.0,260563.0,104 105 106 107 108 109 110 111,35709.0,False
base,active,,260563.0,260916.0,104,-1.0,
base,active,,260563.0,261316.0,105,-1.0,
base,active,,260563.0,261451.0,106 107 108,-1.0,
base,active,,260563.0,261473.0,109 110,-1.0,
base,active,,260563.0,264163.0,111,-1.0,
base,active,,260658.0,260660.0,88,-1.0,
base,active,260272.0,260658.0,260745.0,72 73 74 75 76 77 78 79 80 81 82 83 84 85 86 87,35708.0,False
base,active,,260658.0,260809.0,89 90 91 92 93 94 95 96 97 98 99 100 101 102 103,-1.0,
base,active,260660.0,260660.0,260675.0,88,35711.0,False
base,active,,260675.0,260738.0,88,-1.0,
base,active,260738.0,260738.0,260760.0,88,35712.0,False
base,active,,260745.0,260763.0,72,-1.0,
base,active,,260745.0,260809.0,73 74 75 76 77 78 79 80 81 82 83 84 85 86 87,-1.0,
base,active,,260760.0,260809.0,88,-1.0,
base,active,260763.0,260763.0,260772.0,72,35713.0,False
base,active,,260772.0,260809.0,72,-1.0,
base,active,260809.0,260809.0,260940.0,72 73 74 75 76 77 78 79 80 81 82 83 84 85 86 87 88 89 90 91 92 93 94 95 96 97 98 99 100 101 102 103,35714.0,False
base,active,260916.0,260916.0,260937.0,104,35715.0,False
base,active,,260937.0,261188.0,104,-1.0,
base,active,,260940.0,261043.0,72,-1.0,
base,active,,260940.0,261173.0,73 74 75 76 77 78 79 80 81 82 83 84 85 86 87 88 89 90 91 92 93 94 95 96 97 98 99 100 101 102 103,-1.0,
base,active,,260954.0,260967.0,40 41 42 43 44 45 46 47 48 49 50 51 52 53 54 55 56 57 58 59 60 61 62 63 64 65 66 67 68 69 70 71,-1.0,
base,active,260967.0,260967.0,261635.0,40 41 42 43 44 45 46 47 48 49 50 51 52 53 54 55 56 57 58 59 60 61 62 63 64 65 66 67 68 69 70 71,35716.0,False
base,active,261043.0,261043.0,261072.0,72,35717.0,False
base,active,,261072.0,261110.0,72,-1.0,
base,active,261110.0,261110.0,261142.0,72,35719.0,False
base,active,,261142.0,261173.0,72,-1.0,
base,active,261173.0,261173.0,263067.0,72 73 74 75 76 77 78 79 80 81 82 83 84 85 86 87 88 89 90 91 92 93 94 95 96 97 98 99 100 101 102 103,35720.0,False
base,active,261188.0,261188.0,261572.0,104,35721.0,False
base,active,261316.0,261316.0,261391.0,105,35722.0,False
base,active,,261391.0,261415.0,105,-1.0,
base,active,261415.0,261415.0,261443.0,105,35723.0,False
base,active,,261443.0,261451.0,105,-1.0,
base,active,261451.0,261451.0,261588.0,105 106 107 108,35724.0,False
base,active,261473.0,261473.0,262655.0,109 110,35726.0,False
base,active,,261572.0,262757.0,104,-1.0,
base,active,,261588.0,262757.0,105 106 107,-1.0,
base,active,,261588.0,262778.0,108,-1.0,
base,active,,261635.0,261721.0,40 41 42 43,-1.0,
base,active,,261635.0,261735.0,44 45 46 47 48 49 50 51,-1.0,
base,active,,261635.0,262207.0,52 53 54 55 56 57 58 59 60 61 62 63 64 65 66 67 68 69 70 71,-1.0,
base,active,261721.0,261721.0,262095.0,40 41 42 43,35730.0,False
base,active,261735.0,261735.0,261757.0,44 45 46 47 48 49 50 51,35731.0,False
base,active,,261757.0,262207.0,44 45 46 47 48 49 50 51,-1.0,
base,active,,262095.0,262125.0,40 41 42 43,-1.0,
base,active,262125.0,262125.0,262193.0,40 41 42 43,35733.0,False
base,active,,262193.0,262207.0,40 41 42 43,-1.0,
base,active,262207.0,262207.0,262879.0,40 41 42 43 44 45 46 47 48 49 50 51 52 53 54 55 56 57 58 59 60 61 62 63 64 65 66 67 68 69 70 71,35734.0,False
base,active,,262655.0,262778.0,109,-1.0,
base,active,,262655.0,264208.0,110,-1.0,
base,active,262757.0,262757.0,262907.0,104 105 106 107,35737.0,False
base,active,262778.0,262778.0,262910.0,108 109,35738.0,False
base,active,,262879.0,262882.0,40 41 42 43 44 45 46 47 48 49 50 51 52 53 54 55 56 57 58 59 60 61 62 63 64 65 66 67 68 69 70 71,-1.0,
base,active,262882.0,262882.0,265703.0,40 41 42 43 44 45 46 47 48 49 50 51 52 53 54 55 56 57 58 59 60 61 62 63 64 65 66 67 68 69 70 71,35739.0,False
base,active,,262907.0,264208.0,104 105 106 107,-1.0,
base,active,,262910.0,264208.0,108 109,-1.0,
base,active,,263067.0,263767.0,72 73 74 75,-1.0,
base,active,,263067.0,263788.0,76 77,-1.0,
base,active,,263067.0,263864.0,78 79 80 81,-1.0,
base,active,,263067.0,264208.0,82 83 84 85 86 87 88 89 90 91 92 93 94 95 96 97 98 99 100 101 102 103,-1.0,
base,active,263767.0,263767.0,263942.0,72 73 74 75,35745.0,False
base,active,263788.0,263788.0,264216.0,76 77,35747.0,False
base,active,263864.0,263864.0,263908.0,78 79 80 81,35748.0,False
base,active,,263908.0,264068.0,78,-1.0,
base,active,,263908.0,264133.0,79,-1.0,
base,active,,263908.0,264208.0,80 81,-1.0,
base,active,,263942.0,264023.0,72 73 74 75,-1.0,
base,active,264023.0,264023.0,264221.0,72 73 74 75,35749.0,False
base,active,264068.0,264068.0,264098.0,78,35750.0,False
base,active,,264098.0,264106.0,78,-1.0,
base,active,264106.0,264106.0,264150.0,78,35751.0,False
base,active,264133.0,264133.0,264164.0,79,35752.0,False
base,active,,264150.0,264178.0,78,-1.0,
base,switching_off,,264163.0,265963.0,111,-2.0,
base,active,,264164.0,264208.0,79,-1.0,
base,active,264178.0,264178.0,264214.0,78,35753.0,False
base,active,264208.0,264208.0,266106.0,79 80 81 82 83 84 85 86 87 88 89 90 91 92 93 94 95 96 97 98 99 100 101 102 103 104 105 106 107 108 109 110,35754.0,False
base,active,,264214.0,264322.0,78,-1.0,
base,active,,264216.0,264248.0,76 77,-1.0,
base,active,264218.0,264221.0,264391.0,72 73 74 75,35755.0,False
base,active,264248.0,264248.0,264387.0,76 77,35756.0,False
base,active,264322.0,264322.0,264349.0,78,35758.0,False
base,active,,264349.0,266128.0,78,-1.0,
base,active,,264387.0,264625.0,76 77,-1.0,
base,active,264267.0,264391.0,264458.0,72 73 74 75,35757.0,False
base,active,,264458.0,264604.0,72 73 74 75,-1.0,
base,active,264604.0,264604.0,264720.0,72 73 74 75,35760.0,False
base,active,264625.0,264625.0,264723.0,76 77,35761.0,False
base,active,,264720.0,264956.0,72,-1.0,
base,active,,264720.0,265031.0,73 74 75,-1.0,
base,active,,264723.0,266128.0,76 77,-1.0,
base,active,264956.0,264956.0,264978.0,72,35767.0,False
base,active,,264978.0,264983.0,72,-1.0,
base,active,264983.0,264983.0,264991.0,72,35768.0,False
base,active,,264991.0,265031.0,72,-1.0,
base,active,265031.0,265031.0,265051.0,72 73 74 75,35770.0,False
base,active,,265051.0,265106.0,72 73 74 75,-1.0,
base,active,265106.0,265106.0,265127.0,72 73 74 75,35771.0,False
base,active,,265127.0,265165.0,72 73 74 75,-1.0,
base,active,265165.0,265165.0,265185.0,72 73 74 75,35772.0,False
base,active,,265185.0,265211.0,72,-1.0,
base,active,,265185.0,266128.0,73 74 75,-1.0,
base,active,265211.0,265211.0,265228.0,72,35773.0,False
base,active,,265228.0,265230.0,72,-1.0,
base,active,265230.0,265230.0,265252.0,72,35774.0,False
base,active,,265252.0,265355.0,72,-1.0,
base,active,265355.0,265355.0,265362.0,72,35776.0,False
base,active,,265362.0,266128.0,72,-1.0,
base,active,264801.0,265703.0,265725.0,40 41 42 43 44 45 46 47,35764.0,False
base,active,265284.0,265703.0,265788.0,48 49 50 51 52 53 54 55,35775.0,False
base,active,,265703.0,265832.0,56 57 58 59 60 61 62 63 64 65 66 67 68 69 70 71,-1.0,
base,active,,265725.0,265832.0,40 41 42 43 44 45 46 47,-1.0,
base,active,,265788.0,265832.0,48 49 50 51 52 53 54 55,-1.0,
base,active,265832.0,265832.0,268792.0,40 41 42 43 44 45 46 47 48 49 50 51 52 53 54 55 56 57 58 59 60 61 62 63 64 65 66 67 68 69 70 71,35778.0,False
base,sleeping,,265963.0,295575.0,111,-4.0,
base,active,,266106.0,266128.0,79,-1.0,
base,active,,266106.0,266459.0,80 81 82 83 84 85 86 87 88 89 90 91 92 93 94 95 96 97 98 99 100 101 102 103 104,-1.0,
base,active,,266106.0,266529.0,105,-1.0,
base,active,,266106.0,269706.0,106 107 108 109 110,-1.0,
base,active,266128.0,266128.0,266216.0,72 73 74 75 76 77 78 79,35780.0,False
base,active,,266216.0,266277.0,72 73 74 75 76 77 78 79,-1.0,
base,active,266277.0,266277.0,266382.0,72 73 74 75 76 77 78 79,35781.0,False
base,active,,266382.0,266458.0,72,-1.0,
base,active,,266382.0,266459.0,73 74 75 76 77 78 79,-1.0,
base,active,266458.0,266458.0,266470.0,72,35785.0,False
base,active,266459.0,266459.0,268026.0,73 74 75 76 77 78 79 80 81 82 83 84 85 86 87 88 89 90 91 92 93 94 95 96 97 98 99 100 101 102 103 104,35786.0,False
base,active,,266470.0,266514.0,72,-1.0,
base,active,266514.0,266514.0,266542.0,72,35788.0,False
base,active,266529.0,266529.0,266591.0,105,35789.0,False
base,active,,266542.0,266648.0,72,-1.0,
base,active,,266591.0,269832.0,105,-1.0,
base,active,266648.0,266648.0,266669.0,72,35791.0,False
base,active,,266669.0,266693.0,72,-1.0,
base,active,266693.0,266693.0,266708.0,72,35792.0,False
base,active,,266708.0,266726.0,72,-1.0,
base,active,266726.0,266726.0,266741.0,72,35793.0,False
base,active,,266741.0,266776.0,72,-1.0,
base,active,266776.0,266776.0,266791.0,72,35794.0,False
base,active,,266791.0,268026.0,72,-1.0,
base,active,,267548.0,268026.0,0 1 2 3 4 5 6 7 8 9 10 11 12 13 14 15 16 17 18 19 20 21 22 23 24 25 26 27 28 29 30 31,-1.0,
base,active,,267550.0,268026.0,32 33 34 35 36 37 38 39,-1.0,
base,active,267968.0,268026.0,268047.0,0 1 2 3 4 5 6 7 8 9 10 11 12 13 14 15 16 17 18 19 20 21 22 23 24 25 26 27 28 29 30 31 32 33 34 35 36 37 38 39 72 73 74 75 76 77 78 79 80 81 82 83 84 85 86 87 88 89 90 91 92 93 94 95,35799.0,False
base,active,,268026.0,268905.0,96 97 98 99 100 101 102 103,-1.0,
base,active,,268026.0,269661.0,104,-1.0,
base,active,268001.0,268047.0,268094.0,0 1 2 3 4 5 6 7 8 9 10 11 12 13 14 15 16 17 18 19 20 21 22 23 24 25 26 27 28 29 30 31 32 33 34 35 36 37 38 39 72 73 74 75 76 77 78 79 80 81 82 83 84 85 86 87 88 89 90 91 92 93 94 95,35800.0,False
base,active,268055.0,268094.0,268145.0,32 33 34 35 36 37 38 39 72 73 74 75 76 77 78 79 80 81 82 83 84 85 86 87 88 89 90 91 92 93 94 95,35802.0,False
base,active,268054.0,268094.0,270778.0,0 1 2 3 4 5 6 7 8 9 10 11 12 13 14 15 16 17 18 19 20 21 22 23 24 25 26 27 28 29 30 31,35801.0,False
base,active,,268145.0,268635.0,32 33 34 35 36 37 38 39 72 73 74 75 76 77 78 79 80 81 82 83 84 85 86 87 88 89 90 91 92 93 94 95,-1.0,
base,active,268635.0,268635.0,268719.0,32 33 34 35 36 37 38 39 72 73 74 75 76 77 78 79 80 81 82 83 84 85 86 87 88 89 90 91 92 93 94 95,35805.0,False
base,active,,268719.0,268808.0,32 33 34 35 36 37 38 39,-1.0,
base,active,,268719.0,268905.0,72 73 74 75 76 77 78 79 80 81 82 83 84 85 86 87 88 89 90 91 92 93 94 95,-1.0,
base,active,,268792.0,268808.0,40 41 42 43 44 45 46 47 48 49 50 51 52 53 54 55 56 57 58 59 60 61 62 63,-1.0,
base,active,,268792.0,268890.0,64 65 66 67 68 69 70 71,-1.0,
base,active,268808.0,268808.0,271487.0,32 33 34 35 36 37 38 39 40 41 42 43 44 45 46 47 48 49 50 51 52 53 54 55 56 57 58 59 60 61 62 63,35806.0,False
base,active,268890.0,268890.0,269035.0,64 65 66 67 68 69 70 71,35807.0,False
base,active,268905.0,268905.0,268989.0,72 73 74 75 76 77 78 79 80 81 82 83 84 85 86 87 88 89 90 91 92 93 94 95 96 97 98 99 100 101 102 103,35808.0,False
base,active,,268989.0,269450.0,72 73 74 75 76 77 78 79,-1.0,
base,active,,268989.0,269660.0,80 81 82 83 84 85 86 87 88 89 90 91 92 93 94 95 96 97 98 99 100 101 102 103,-1.0,
base,active,,269035.0,269450.0,64 65 66 67 68 69 70 71,-1.0,
base,active,269450.0,269450.0,269540.0,64 65 66 67 68 69 70 71 72 73 74 75 76 77 78 79,35812.0,False
base,active,,269540.0,269627.0,64 65 66 67 68 69 70 71,-1.0,
base,active,,269540.0,269660.0,72 73 74 75 76 77 78 79,-1.0,
base,active,269627.0,269627.0,269739.0,64 65 66 67 68 69 70 71,35816.0,False
base,active,269660.0,269660.0,280649.0,72 73 74 75 76 77 78 79 80 81 82 83 84 85 86 87 88 89 90 91 92 93 94 95 96 97 98 99 100 101 102 103,35817.0,False
base,active,269661.0,269661.0,269758.0,104,35818.0,False
base,switching_off,,269706.0,271506.0,106 107 108 109 110,-2.0,
base,active,269711.0,269739.0,280678.0,64 65 66 67 68 69 70 71,35819.0,False
base,active,,269758.0,269832.0,104,-1.0,
base,active,269832.0,269832.0,269905.0,104 105,35821.0,False
base,active,,269905.0,270742.0,104,-1.0,
base,active,,269905.0,273505.0,105,-1.0,
base,active,270742.0,270742.0,270762.0,104,35830.0,False
base,active,,270762.0,272452.0,104,-1.0,
base,active,270674.0,270778.0,270829.0,20 21 22 23 24 25 26 27,35828.0,False
base,active,270054.0,270778.0,270848.0,0 1 2 3,35822.0,False
base,active,,270778.0,270848.0,28 29 30 31,-1.0,
base,active,270192.0,270778.0,270857.0,4 5 6 7 8 9 10 11,35823.0,False
base,active,270419.0,270778.0,272452.0,12 13 14 15 16 17 18 19,35826.0,False
base,active,,270829.0,270848.0,20 21 22 23 24 25 26 27,-1.0,
base,active,270391.0,270848.0,270898.0,0 1 2 3 20 21 22 23 24 25 26 27 28 29 30 31,35825.0,False
base,active,,270857.0,270898.0,4 5 6 7 8 9 10 11,-1.0,
base,active,270449.0,270898.0,270992.0,0 1 2 3 4 5 6 7 8 9 10 11 20 21 22 23,35827.0,False
base,active,,270898.0,271487.0,24 25 26 27 28 29 30 31,-1.0,
base,active,270751.0,270992.0,271092.0,0 1 2 3 4 5 6 7 8 9 10 11 20 21 22 23,35831.0,False
base,active,,271092.0,271346.0,0 1 2 3 4 5 6 7 8 9 10 11 20 21 22 23,-1.0,
base,active,271346.0,271346.0,271457.0,0 1 2 3 4 5 6 7 8 9 10 11 20 21 22 23,35832.0,False
base,active,271387.0,271457.0,271528.0,0 1 2 3 4 5 6 7 8 9 10 11 20 21 22 23,35833.0,False
base,active,,271487.0,271608.0,40 41 42 43 44 45 46 47 48 49 50 51 52 53 54 55,-1.0,
base,active,271478.0,271487.0,271694.0,24 25 26 27 28 29 30 31 32 33 34 35 36 37 38 39,35835.0,False
base,active,,271487.0,272452.0,56 57 58 59 60 61 62 63,-1.0,
base,sleeping,,271506.0,295575.0,106 107 108 109 110,-4.0,
base,active,,271528.0,271608.0,0 1 2 3 4 5 6 7 8 9 10 11 20 21 22 23,-1.0,
base,active,271608.0,271608.0,271616.0,0 1 2 3 4 5 6 7 8 9 10 11 20 21 22 23 40 41 42 43 44 45 46 47 48 49 50 51 52 53 54 55,35837.0,False
base,active,,271616.0,271741.0,0 1 2 3 4 5 6 7 8 9 10 11 20 21 22 23,-1.0,
base,active,,271616.0,272452.0,40 41 42 43 44 45 46 47 48 49 50 51 52 53 54 55,-1.0,
base,active,,271694.0,272246.0,24,-1.0,
base,active,,271694.0,272452.0,25 26 27 28 29 30 31 32 33 34 35 36 37 38 39,-1.0,
base,active,271741.0,271741.0,271980.0,0 1 2 3 4 5 6 7 8 9 10 11 20 21 22 23,35838.0,False
base,active,,271980.0,272018.0,0 1 2 3 4 5 6 7 8 9 10 11 20 21 22 23,-1.0,
base,active,272018.0,272018.0,272310.0,0 1 2 3 4 5 6 7 8 9 10 11 20 21 22 23,35842.0,False
base,active,272246.0,272246.0,273888.0,24,35845.0,False
base,active,,272310.0,272452.0,0 1 2 3 4 5 6 7 8 9 10 11 20 21 22 23,-1.0,
base,active,269103.0,272452.0,272486.0,0 1 2 3 4 5 6 7 8 9 10 11 12 13 14 15 16 17 18 19 20 21 22 23 25 26 27 28 29 30 31 32 33 34 35 36 37 38 39 40 41 42 43 44 45 46 47 48 49 50 51 52 53 54 55 56 57 58 59 60 61 62 63 104,35810.0,False
base,active,271581.0,272486.0,272497.0,0 1 2 3 4 5 6 7 8 9 10 11 12 13 14 15 16 17 18 19 20 21 22 23 25 26 27 28 29 30 31 32 33 34 35 36 37 38 39 40 41 42 43 44 45 46 47 48 49 50 51 52 53 54 55 56 57 58 59 60 61 62 63 104,35836.0,False
base,active,,272497.0,272578.0,0 1 2 3 4 5 6 7 8 9 10 11 12 13 14 15,-1.0,
base,active,,272497.0,272637.0,16 17 18 19 20 21 22 23 25 26 27 28 29 30 31 32 33 34 35 36 37 38 39 40 41 42 43 44 45 46 47 48,-1.0,
base,active,,272497.0,273798.0,49 50 51 52 53 54 55 56 57 58 59 60 61 62 63 104,-1.0,
base,active,272578.0,272578.0,272706.0,0 1 2 3 4 5 6 7 8 9 10 11 12 13 14 15,35846.0,False
base,active,272637.0,272637.0,272655.0,16 17 18 19 20 21 22 23 25 26 27 28 29 30 31 32 33 34 35 36 37 38 39 40 41 42 43 44 45 46 47 48,35847.0,False
base,active,,272655.0,272670.0,16 17 18 19 20 21 22 23 25 26 27 28 29 30 31 32 33 34 35 36 37 38 39 40 41 42 43 44 45 46 47 48,-1.0,
base,active,272670.0,272670.0,272691.0,16 17 18 19 20 21 22 23 25 26 27 28 29 30 31 32 33 34 35 36 37 38 39 40 41 42 43 44 45 46 47 48,35849.0,False
base,active,,272691.0,272849.0,16 17 18 19 20 21 22 23 25 26 27 28 29 30 31 32,-1.0,
base,active,,272691.0,273798.0,33 34 35 36 37 38 39 40 41 42 43 44 45 46 47 48,-1.0,
base,active,,272706.0,272849.0,0 1 2 3 4 5 6 7 8 9 10 11 12 13 14 15,-1.0,
base,active,272849.0,272849.0,273005.0,0 1 2 3 4 5 6 7 8 9 10 11 12 13 14 15 16 17 18 19 20 21 22 23 25 26 27 28 29 30 31 32,35850.0,False
base,active,,273005.0,273009.0,0 1 2 3 4 5 6 7 8 9 10 11 12 13 14 15 16 17 18 19 20 21 22 23 25 26 27 28 29 30 31 32,-1.0,
base,active,273009.0,273009.0,273498.0,0 1 2 3 4 5 6 7 8 9 10 11 12 13 14 15 16 17 18 19 20 21 22 23 25 26 27 28 29 30 31 32,35851.0,False
base,active,,273498.0,273508.0,0 1 2 3,-1.0,
base,active,,273498.0,273798.0,4 5 6 7 8 9 10 11 12 13 14 15 16 17 18 19 20 21 22 23 25 26 27 28 29 30 31 32,-1.0,
base,switching_off,,273505.0,275305.0,105,-2.0,
base,active,273508.0,273508.0,273563.0,0 1 2 3,35853.0,False
base,active,,273563.0,273798.0,0 1 2 3,-1.0,
base,active,273798.0,273798.0,274003.0,0 1 2 3 4 5 6 7 8 9 10 11 12 13 14 15 16 17 18 19 20 21 22 23 25 26 27 28 29 30 31 32 33 34 35 36 37 38 39 40 41 42 43 44 45 46 47 48 49 50 51 52 53 54 55 56 57 58 59 60 61 62 63 104,35858.0,False
base,active,273818.0,273888.0,273926.0,24,35860.0,False
base,active,,273926.0,274015.0,24,-1.0,
base,active,,274003.0,274015.0,0 1 2 3 4 5 6 7 8 9 10 11 12 13 14 15 16 17 18 19 20 21 22 23 25 26 27 28 29 30 31 32,-1.0,
base,active,,274003.0,274047.0,33 34 35 36 37 38 39 40 41 42 43 44 45 46 47 48 49 50 51 52 53 54 55 56 57 58 59 60 61 62 63 104,-1.0,
base,active,274015.0,274015.0,274057.0,1 2 3 4 5 6 7 8 9 10 11 12 13 14 15 16 17 18 19 20 21 22 23 24 25 26 27 28 29 30 31 32,35861.0,False
base,active,274015.0,274015.0,274135.0,0,35862.0,False
base,active,274047.0,274047.0,274194.0,33 34 35 36 37 38 39 40 41 42 43 44 45 46 47 48 49 50 51 52 53 54 55 56 57 58 59 60 61 62 63 104,35863.0,False
base,active,,274057.0,274188.0,1 2 3 4 5 6 7,-1.0,
base,active,,274057.0,274192.0,8,-1.0,
base,active,,274057.0,274205.0,9 10 11 12 13 14 15 16 17 18 19 20 21 22 23 24 25 26 27 28 29 30 31 32,-1.0,
base,active,,274135.0,274188.0,0,-1.0,
base,active,274188.0,274188.0,274329.0,0 1 2 3 4 5 6 7,35864.0,False
base,active,274192.0,274192.0,274209.0,8,35865.0,False
base,active,,274194.0,274205.0,33 34 35 36 37 38 39 40,-1.0,
base,active,,274194.0,274536.0,41 42 43 44 45 46 47 48 49 50 51 52 53 54 55 56 57 58 59 60 61 62 63,-1.0,
base,active,,274194.0,277429.0,104,-1.0,
base,active,274205.0,274205.0,274215.0,9 10 11 12 13 14 15 16 17 18 19 20 21 22 23 24 25 26 27 28 29 30 31 32 33 34 35 36 37 38 39 40,35866.0,False
base,active,,274209.0,274225.0,8,-1.0,
base,active,,274215.0,274237.0,9 10 11 12 13 14 15 16 17 18 19 20 21 22 23 24 25 26 27 28 29 30 31 32 33 34 35 36 37 38 39 40,-1.0,
base,active,274225.0,274225.0,274362.0,8,35867.0,False
base,active,274237.0,274237.0,274280.0,9 10 11 12 13 14 15 16 17 18 19 20 21 22 23 24 25 26 27 28 29 30 31 32 33 34 35 36 37 38 39 40,35868.0,False
base,active,,274280.0,274325.0,9 10 11 12 13 14 15 16 17 18 19 20 21 22 23 24 25 26 27 28 29 30 31 32 33 34 35 36 37 38 39 40,-1.0,
base,active,274325.0,274325.0,274348.0,9 10 11 12 13 14 15 16 17 18 19 20 21 22 23 24 25 26 27 28 29 30 31 32 33 34 35 36 37 38 39 40,35870.0,False
base,active,,274329.0,274369.0,0 1 2 3 4 5 6 7,-1.0,
base,active,,274348.0,274369.0,9 10 11 12 13 14 15 16 17 18 19 20 21 22 23 24 25 26 27 28 29 30 31,-1.0,
base,active,,274348.0,274536.0,32 33 34 35 36 37 38 39 40,-1.0,
base,active,,274362.0,274369.0,8,-1.0,
base,active,274369.0,274369.0,274370.0,0 1 2 3 4 5 6 7 8 9 10 11 12 13 14 15 16 17 18 19 20 21 22 23 24 25 26 27 28 29 30 31,35871.0,False
base,active,,274370.0,274378.0,0 1 2 3 4 5 6 7 8 9 10 11 12 13 14 15 16 17 18 19 20 21 22 23 24 25 26 27 28 29 30 31,-1.0,
base,active,274378.0,274378.0,274398.0,0 1 2 3 4 5 6 7 8 9 10 11 12 13 14 15 16 17 18 19 20 21 22 23 24 25 26 27 28 29 30 31,35872.0,False
base,active,,274398.0,274451.0,0 1 2 3,-1.0,
base,active,,274398.0,274536.0,4 5 6 7 8 9 10 11 12 13 14 15 16 17 18 19 20 21 22 23 24 25 26 27 28 29 30 31,-1.0,
base,active,274451.0,274451.0,274497.0,0 1 2 3,35873.0,False
base,active,,274497.0,274536.0,0 1 2 3,-1.0,
base,active,274536.0,274536.0,274600.0,0 1 2 3 4 5 6 7 8 9 10 11 12 13 14 15 16 17 18 19 20 21 22 23 24 25 26 27 28 29 30 31 32 33 34 35 36 37 38 39 40 41 42 43 44 45 46 47 48 49 50 51 52 53 54 55 56 57 58 59 60 61 62 63,35875.0,False
base,active,,274600.0,274671.0,0 1 2 3 4 5 6 7 8 9 10 11 12 13 14 15 16 17 18 19 20 21 22 23 24 25 26 27 28 29 30 31,-1.0,
base,active,,274600.0,274682.0,32 33 34 35,-1.0,
base,active,,274600.0,277159.0,36 37 38 39 40 41 42,-1.0,
base,active,,274600.0,277429.0,43 44 45 46 47 48 49 50 51 52 53 54 55 56 57 58 59 60 61 62 63,-1.0,
base,active,274671.0,274671.0,274695.0,0 1 2 3 4 5 6 7 8 9 10 11 12 13 14 15 16 17 18 19 20 21 22 23 24 25 26 27 28 29 30 31,35876.0,False
base,active,274682.0,274682.0,274721.0,32 33 34 35,35877.0,False
base,active,,274695.0,274797.0,0,-1.0,
base,active,,274695.0,274826.0,1 2 3 4,-1.0,
base,active,,274695.0,275018.0,5 6 7 8 9 10 11 12 13 14 15 16,-1.0,
base,active,,274695.0,276787.0,17 18 19 20 21 22,-1.0,
base,active,,274695.0,277159.0,23 24 25 26 27 28 29 30 31,-1.0,
base,active,,274721.0,277159.0,32 33 34 35,-1.0,
base,active,274797.0,274797.0,275069.0,0,35879.0,False
base,active,274826.0,274826.0,274868.0,1 2 3 4,35880.0,False
base,active,,274868.0,275018.0,1 2 3 4,-1.0,
base,active,275018.0,275018.0,275085.0,1 2 3 4 5 6 7 8 9 10 11 12 13 14 15 16,35881.0,False
base,active,,275069.0,275234.0,0,-1.0,
base,active,,275085.0,275485.0,1 2 3,-1.0,
base,active,,275085.0,275725.0,4 5,-1.0,
base,active,,275085.0,275741.0,6 7 8,-1.0,
base,active,,275085.0,276787.0,9 10 11 12 13 14 15 16,-1.0,
base,active,275234.0,275234.0,275266.0,0,35885.0,False
base,active,,275266.0,275485.0,0,-1.0,
base,sleeping,,275305.0,295575.0,105,-4.0,
base,active,275485.0,275485.0,275523.0,0 1 2 3,35888.0,False
base,active,,275523.0,275544.0,0,-1.0,
base,active,,275523.0,275634.0,1,-1.0,
base,active,,275523.0,275725.0,2 3,-1.0,
base,active,275544.0,275544.0,278405.0,0,35889.0,False
base,active,275634.0,275634.0,275675.0,1,35890.0,False
base,active,,275675.0,275689.0,1,-1.0,
base,active,275689.0,275689.0,275734.0,1,35891.0,False
base,active,275725.0,275725.0,275763.0,2 3 4 5,35892.0,False
base,active,,275734.0,275741.0,1,-1.0,
base,active,275741.0,275741.0,275892.0,1 6 7 8,35893.0,False
base,active,,275763.0,275764.0,2 3,-1.0,
base,active,,275763.0,275966.0,4,-1.0,
base,active,,275763.0,276671.0,5,-1.0,
base,active,275764.0,275764.0,275892.0,2 3,35894.0,False
base,active,,275892.0,275966.0,1 2 3,-1.0,
base,active,,275892.0,276671.0,6,-1.0,
base,active,,275892.0,276787.0,7 8,-1.0,
base,active,275966.0,275966.0,276007.0,1 2 3 4,35896.0,False
base,active,,276007.0,276232.0,1 2 3 4,-1.0,
base,active,276232.0,276232.0,276269.0,1 2 3 4,35897.0,False
base,active,,276269.0,276295.0,1 2 3 4,-1.0,
base,active,276295.0,276295.0,276335.0,1 2 3 4,35898.0,False
base,active,,276335.0,276558.0,1,-1.0,
base,active,,276335.0,276649.0,2 3 4,-1.0,
base,active,276558.0,276558.0,276596.0,1,35900.0,False
base,active,,276596.0,276612.0,1,-1.0,
base,active,276612.0,276612.0,276645.0,1,35901.0,False
base,active,,276645.0,276649.0,1,-1.0,
base,active,276649.0,276649.0,276958.0,1 2 3 4,35902.0,False
base,active,276671.0,276671.0,276958.0,5 6,35903.0,False
base,active,276787.0,276787.0,276868.0,7 8 9 10 11 12 13 14 15 16 17 18 19 20 21 22,35904.0,False
base,active,,276868.0,277130.0,7 8,-1.0,
base,active,,276868.0,277152.0,9 10,-1.0,
base,active,,276868.0,277159.0,11 12 13 14 15 16 17 18 19 20 21 22,-1.0,
base,active,,276958.0,277068.0,1 2 3 4,-1.0,
base,active,,276958.0,277130.0,5 6,-1.0,
base,active,277068.0,277068.0,277089.0,1 2 3 4,35905.0,False
base,active,,277089.0,277098.0,1 2 3 4,-1.0,
base,active,277098.0,277098.0,277161.0,1 2 3 4,35906.0,False
base,active,277130.0,277130.0,277236.0,5 6 7 8,35907.0,False
base,active,277152.0,277152.0,277236.0,9 10,35908.0,False
base,active,277159.0,277159.0,277295.0,11 12 13 14 15 16 17 18 19 20 21 22 23 24 25 26 27 28 29 30 31 32 33 34 35 36 37 38 39 40 41 42,35909.0,False
base,active,,277161.0,277218.0,1 2 3 4,-1.0,
base,active,277218.0,277218.0,277259.0,1 2 3 4,35910.0,False
base,active,,277236.0,277429.0,5 6 7 8 9 10,-1.0,
base,active,,277259.0,277429.0,1 2 3 4,-1.0,
base,active,,277295.0,277429.0,11 12 13 14 15 16 17 18 19 20 21 22 23 24 25 26 27 28 29 30 31 32 33 34 35 36 37 38 39 40 41 42,-1.0,
base,active,277429.0,277429.0,277652.0,1 2 3 4 5 6 7 8 9 10 11 12 13 14 15 16 17 18 19 20 21 22 23 24 25 26 27 28 29 30 31 32 33 34 35 36 37 38 39 40 41 42 43 44 45 46 47 48 49 50 51 52 53 54 55 56 57 58 59 60 61 62 63 104,35911.0,False
base,active,,277652.0,277658.0,7 8 9 10,-1.0,
base,active,,277652.0,277982.0,11 12 13 14,-1.0,
base,active,277584.0,277652.0,278014.0,1 2,35913.0,False
base,active,277562.0,277652.0,278037.0,3 4 5 6,35912.0,False
base,active,,277652.0,278115.0,15 16,-1.0,
base,active,,277652.0,278315.0,17 18 19 20 21 22 23 24 25 26 27 28 29 30 31 32 33 34 35 36 37 38 39 40 41 42 43 44 45 46 47 48,-1.0,
base,active,,277652.0,280161.0,49 50 51 52 53 54 55 56 57 58 59 60 61 62 63,-1.0,
base,active,,277652.0,281252.0,104,-1.0,
base,active,277658.0,277658.0,277696.0,7 8 9 10,35914.0,False
base,active,,277696.0,277710.0,7 8 9 10,-1.0,
base,active,277710.0,277710.0,277748.0,7 8 9 10,35915.0,False
base,active,,277748.0,277791.0,7 8 9 10,-1.0,
base,active,277791.0,277791.0,277843.0,7 8 9 10,35916.0,False
base,active,,277843.0,277891.0,7 8 9 10,-1.0,
base,active,277891.0,277891.0,277928.0,7 8 9 10,35917.0,False
base,active,,277928.0,277982.0,7 8 9 10,-1.0,
base,active,277982.0,277982.0,278030.0,7 8 9 10 11 12 13 14,35918.0,False
base,active,,278014.0,278115.0,1 2,-1.0,
base,active,,278030.0,278115.0,7 8 9 10 11 12 13 14,-1.0,
base,active,,278037.0,278115.0,3 4 5 6,-1.0,
base,active,278115.0,278115.0,278536.0,1 2 3 4 5 6 7 8 9 10 11 12 13 14 15 16,35919.0,False
base,active,278315.0,278315.0,278546.0,17 18 19 20 21 22 23 24 25 26 27 28 29 30 31 32 33 34 35 36 37 38 39 40 41 42 43 44 45 46 47 48,35920.0,False
base,active,,278405.0,278541.0,0,-1.0,
base,active,,278536.0,278541.0,1 2 3,-1.0,
base,active,,278536.0,278594.0,4 5 6 7 8 9 10 11 12 13 14 15,-1.0,
base,active,,278536.0,278768.0,16,-1.0,
base,active,278541.0,278541.0,278579.0,0 1 2 3,35921.0,False
base,active,,278546.0,278768.0,17 18 19 20 21 22 23 24 25 26 27 28 29 30 31,-1.0,
base,active,,278546.0,279611.0,32 33 34 35 36 37 38 39,-1.0,
base,active,,278546.0,279695.0,40 41 42 43,-1.0,
base,active,,278546.0,280161.0,44 45 46 47 48,-1.0,
base,active,,278579.0,278594.0,0 1 2 3,-1.0,
base,active,278594.0,278594.0,278653.0,0 1 2 3 4 5 6 7 8 9 10 11 12 13 14 15,35922.0,False
base,active,,278653.0,278686.0,0 1 2 3 4 5 6 7 8 9 10 11 12 13 14 15,-1.0,
base,active,278686.0,278686.0,278692.0,0 1 2 3 4 5 6 7 8 9 10 11 12 13 14 15,35923.0,False
base,active,,278692.0,278693.0,0 1 2 3 4 5 6 7 8 9 10 11 12 13 14 15,-1.0,
base,active,278693.0,278693.0,278781.0,0 1 2 3 4 5 6 7 8 9 10 11 12 13 14 15,35924.0,False
base,active,278768.0,278768.0,279208.0,16 17 18 19 20 21 22 23 24 25 26 27 28 29 30 31,35925.0,False
base,active,,278781.0,279222.0,0 1 2 3 4 5 6 7 8 9 10 11 12 13 14 15,-1.0,
base,active,,279208.0,279266.0,16 17 18 19 20 21 22 23,-1.0,
base,active,,279208.0,279601.0,24 25 26 27 28 29 30 31,-1.0,
base,active,279222.0,279222.0,279290.0,0 1 2 3 4 5 6 7 8 9 10 11 12 13 14 15,35926.0,False
base,active,279266.0,279266.0,279295.0,16 17 18 19 20 21 22 23,35927.0,False
base,active,,279290.0,279295.0,0 1 2 3 4 5 6 7 8 9 10 11 12 13 14 15,-1.0,
base,active,279295.0,279295.0,279343.0,0 1 2 3 4 5 6 7 8 9 10 11 12 13 14 15,35928.0,False
base,active,,279295.0,279349.0,16 17 18 19,-1.0,
base,active,,279295.0,279372.0,20,-1.0,
base,active,,279295.0,279601.0,21 22 23,-1.0,
base,active,,279343.0,279345.0,0 1 2 3,-1.0,
base,active,,279343.0,279349.0,4 5 6 7 8 9 10 11 12 13 14 15,-1.0,
base,active,279345.0,279345.0,279383.0,0 1 2 3,35929.0,False
base,active,279349.0,279349.0,279355.0,4 5 6 7 8 9 10 11 12 13 14 15 16 17 18 19,35930.0,False
base,active,,279355.0,279357.0,4 5 6 7 8 9 10 11 12 13 14 15 16 17 18 19,-1.0,
base,active,279357.0,279357.0,279363.0,4 5 6 7 8 9 10 11 12 13 14 15 16 17 18 19,35931.0,False
base,active,,279363.0,279364.0,4 5 6 7 8 9 10 11 12 13 14 15 16 17 18 19,-1.0,
base,active,279364.0,279364.0,279438.0,4 5 6 7 8 9 10 11 12 13 14 15 16 17 18 19,35932.0,False
base,active,279372.0,279372.0,279375.0,20,35933.0,False
base,active,,279375.0,279601.0,20,-1.0,
base,active,,279383.0,279601.0,0 1 2 3,-1.0,
base,active,,279438.0,279601.0,4 5 6 7 8 9 10 11 12 13 14 15 16 17 18 19,-1.0,
base,active,279601.0,279601.0,282795.0,0 1 2 3 4 5 6 7 8 9 10 11 12 13 14 15 16 17 18 19 20 21 22 23 24 25 26 27 28 29 30 31,35934.0,False
base,active,279611.0,279611.0,280107.0,32 33 34 35 36 37 38 39,35935.0,False
base,active,279695.0,279695.0,279762.0,40 41 42 43,35936.0,False
base,active,,279762.0,279856.0,40 41 42 43,-1.0,
base,active,279856.0,279856.0,279929.0,40 41 42 43,35937.0,False
base,active,,279929.0,279934.0,40 41 42 43,-1.0,
base,active,279934.0,279934.0,280157.0,40 41 42 43,35938.0,False
base,active,,280107.0,280161.0,32 33 34 35 36 37 38 39,-1.0,
base,active,,280157.0,280161.0,40 41 42 43,-1.0,
base,active,280161.0,280161.0,280247.0,32 33 34 35 36 37 38 39 40 41 42 43 44 45 46 47 48 49 50 51 52 53 54 55 56 57 58 59 60 61 62 63,35939.0,False
base,active,280228.0,280247.0,280290.0,32 33 34 35,35940.0,False
base,active,,280247.0,280290.0,36 37 38 39 40 41 42 43 44 45 46 47 48 49 50 51 52 53 54 55 56 57 58 59 60 61 62 63,-1.0,
base,active,280272.0,280290.0,287557.0,32 33 34 35 36 37 38 39 40 41 42 43 44 45 46 47 48 49 50 51 52 53 54 55 56 57 58 59 60 61 62 63,35941.0,False
base,active,,280649.0,280666.0,92 93 94 95 96 97 98 99,-1.0,
base,active,280436.0,280649.0,280696.0,76 77 78 79 80 81 82 83 84 85 86 87 88 89 90 91,35943.0,False
base,active,,280649.0,284249.0,100 101 102 103,-1.0,
base,active,280337.0,280649.0,287852.0,72 73 74 75,35942.0,False
base,active,280666.0,280666.0,281774.0,92 93 94 95 96 97 98 99,35946.0,False
base,active,,280678.0,280696.0,64 65 66 67 68 69 70 71,-1.0,
base,active,280488.0,280696.0,280788.0,64 65 66 67 68 69 70 71 76 77 78 79 80 81 82 83,35944.0,False
base,active,,280696.0,281774.0,84 85 86 87 88 89 90 91,-1.0,
base,active,280584.0,280788.0,280900.0,64 65 66 67 68 69 70 71 76 77 78 79 80 81 82 83,35945.0,False
base,active,,280900.0,281146.0,64 65 66 67 68 69 70 71,-1.0,
base,active,,280900.0,281774.0,76 77 78 79 80 81 82 83,-1.0,
base,active,281146.0,281146.0,281259.0,64 65 66 67 68 69 70 71,35947.0,False
base,switching_off,,281252.0,283052.0,104,-2.0,
base,active,,281259.0,281774.0,64 65 66 67 68 69 70 71,-1.0,
base,active,281265.0,281774.0,281898.0,64 65 66 67 68 69 70 71 76 77 78 79 80 81 82 83 84 85 86 87 88 89 90 91 92 93 94 95 96 97 98 99,35948.0,False
base,active,,281898.0,282764.0,64,-1.0,
base,active,,281898.0,285498.0,65 66 67 68 69 70 71 76 77 78 79 80 81 82 83 84 85 86 87 88 89 90 91 92 93 94 95 96 97 98 99,-1.0,
base,active,282764.0,282764.0,283808.0,64,35949.0,False
base,active,,282795.0,282805.0,0 1 2 3 4 5 6 7 8 9 10 11 12 13 14 15 16 17 18 19 20 21 22 23 24 25 26 27 28 29 30 31,-1.0,
base,active,282805.0,282805.0,282887.0,0 1 2 3 4 5 6 7 8 9 10 11 12 13 14 15 16 17 18 19 20 21 22 23 24 25 26 27 28 29 30 31,35950.0,False
base,active,,282887.0,282892.0,0 1 2 3 4 5 6 7 8 9 10 11 12 13 14 15 16 17 18 19 20 21 22 23 24 25 26 27 28 29 30 31,-1.0,
base,active,282892.0,282892.0,283008.0,0 1 2 3 4 5 6 7 8 9 10 11 12 13 14 15 16 17 18 19 20 21 22 23 24 25 26 27 28 29 30 31,35951.0,False
base,active,,283008.0,283325.0,0 1 2 3 4 5 6 7 8 9 10 11 12 13 14 15,-1.0,
base,active,,283008.0,283446.0,16 17 18 19 20 21 22 23 24 25 26 27 28 29 30 31,-1.0,
base,sleeping,,283052.0,295575.0,104,-4.0,
base,active,283325.0,283325.0,283331.0,0 1 2 3 4 5 6 7 8 9 10 11 12 13 14 15,35952.0,False
base,active,,283331.0,283446.0,0 1 2 3 4 5 6 7 8 9 10 11 12 13 14 15,-1.0,
base,active,283446.0,283446.0,284591.0,0 1 2 3 4 5 6 7 8 9 10 11 12 13 14 15 16 17 18 19 20 21 22 23 24 25 26 27 28 29 30 31,35953.0,False
base,active,,283808.0,283835.0,64,-1.0,
base,active,283835.0,283835.0,283943.0,64,35954.0,False
base,active,,283943.0,284026.0,64,-1.0,
base,active,284026.0,284026.0,284039.0,64,35955.0,False
base,active,,284039.0,285002.0,64,-1.0,
base,switching_off,,284249.0,286049.0,100 101 102 103,-2.0,
base,active,,284591.0,284617.0,0 1 2 3 4 5 6 7 8 9 10 11 12 13 14 15 16 17 18 19 20 21 22 23 24 25 26 27 28 29 30 31,-1.0,
base,active,284617.0,284617.0,287538.0,0 1 2 3 4 5 6 7 8 9 10 11 12 13 14 15 16 17 18 19 20 21 22 23 24 25 26 27 28 29 30 31,35956.0,False
base,active,285002.0,285002.0,285097.0,64,35957.0,False
base,active,,285097.0,285120.0,64,-1.0,
base,active,285120.0,285120.0,285246.0,64,35958.0,False
base,active,,285246.0,285440.0,64,-1.0,
base,active,285440.0,285440.0,285549.0,64,35959.0,False
base,switching_off,,285498.0,287298.0,65 66 67 68 69 70 71 76 77 78 79 80 81 82 83 84 85 86 87 88 89 90 91 92 93 94 95 96 97 98 99,-2.0,
base,active,,285549.0,285681.0,64,-1.0,
base,active,285681.0,285681.0,285786.0,64,35960.0,False
base,active,,285786.0,286184.0,64,-1.0,
base,sleeping,,286049.0,295575.0,100 101 102 103,-4.0,
base,active,286184.0,286184.0,286290.0,64,35961.0,False
base,active,,286290.0,286842.0,64,-1.0,
base,active,286842.0,286842.0,286982.0,64,35962.0,False
base,active,,286982.0,287174.0,64,-1.0,
base,active,287174.0,287174.0,287421.0,64,35963.0,False
base,sleeping,,287298.0,292774.0,65 66 67 68,-4.0,
base,sleeping,,287298.0,292783.0,69 70 71 76 77 78 79 80,-4.0,
base,sleeping,,287298.0,292945.0,81 82 83 84 85 86 87 88 89 90 91 92 93 94 95,-4.0,
base,sleeping,,287298.0,295575.0,96 97 98 99,-4.0,
base,active,,287421.0,287447.0,64,-1.0,
base,active,287447.0,287447.0,287539.0,64,35964.0,False
base,active,,287538.0,287546.0,0,-1.0,
base,active,,287538.0,288449.0,1 2 3 4 5 6 7 8 9 10 11 12 13 14 15 16 17 18 19 20 21 22 23 24 25 26 27 28 29 30 31,-1.0,
base,active,,287539.0,291139.0,64,-1.0,
base,active,287546.0,287546.0,287566.0,0,35965.0,False
base,active,,287557.0,288504.0,32 33 34 35,-1.0,
base,active,,287557.0,288510.0,36 37 38 39,-1.0,
base,active,,287557.0,288529.0,40,-1.0,
base,active,,287557.0,291157.0,41 42 43 44 45 46 47 48 49 50 51 52 53 54 55 56 57 58 59 60 61 62 63,-1.0,
base,active,,287566.0,288449.0,0,-1.0,
base,active,,287852.0,291452.0,72 73 74 75,-1.0,
base,active,288449.0,288449.0,288627.0,0 1 2 3 4 5 6 7 8 9 10 11 12 13 14 15 16 17 18 19 20 21 22 23 24 25 26 27 28 29 30 31,35966.0,False
base,active,288504.0,288504.0,288583.0,32 33 34 35,35967.0,False
base,active,288510.0,288510.0,288636.0,36 37 38 39,35968.0,False
base,active,288529.0,288529.0,288536.0,40,35969.0,False
base,active,,288536.0,292136.0,40,-1.0,
base,active,,288583.0,288588.0,32,-1.0,
base,active,,288583.0,288985.0,33 34 35,-1.0,
base,active,288588.0,288588.0,288671.0,32,35970.0,False
base,active,,288627.0,288651.0,0 1 2 3,-1.0,
base,active,,288627.0,288709.0,4,-1.0,
base,active,,288627.0,288928.0,5 6 7 8 9 10 11 12 13 14 15 16 17 18 19 20 21 22 23 24 25 26 27 28 29 30 31,-1.0,
base,active,,288636.0,289046.0,36,-1.0,
base,active,,288636.0,292236.0,37 38 39,-1.0,
base,active,288651.0,288651.0,288679.0,0 1 2 3,35971.0,False
base,active,,288671.0,288985.0,32,-1.0,
base,active,,288679.0,288688.0,0,-1.0,
base,active,,288679.0,288709.0,1 2 3,-1.0,
base,active,288688.0,288688.0,288722.0,0,35972.0,False
base,active,288709.0,288709.0,288733.0,1 2 3 4,35973.0,False
base,active,,288722.0,288928.0,0,-1.0,
base,active,,288733.0,288928.0,1 2 3 4,-1.0,
base,active,288928.0,288928.0,289147.0,0 1 2 3 4 5 6 7 8 9 10 11 12 13 14 15 16 17 18 19 20 21 22 23 24 25 26 27 28 29 30 31,35974.0,False
base,active,288985.0,288985.0,289152.0,32 33 34 35,35975.0,False
base,active,289046.0,289046.0,289051.0,36,35976.0,False
base,active,,289051.0,289062.0,36,-1.0,
base,active,289062.0,289062.0,289068.0,36,35977.0,False
base,active,,289068.0,292668.0,36,-1.0,
base,active,,289147.0,292412.0,0 1 2 3,-1.0,
base,active,,289147.0,292747.0,4 5 6 7 8 9 10 11 12 13 14 15 16 17 18 19 20 21 22 23 24 25 26 27 28 29 30 31,-1.0,
base,active,,289152.0,292752.0,32 33 34 35,-1.0,
base,switching_off,,291139.0,292939.0,64,-2.0,
base,switching_off,,291157.0,292957.0,41 42 43 44 45 46 47 48 49 50 51 52 53 54 55 56 57 58 59 60 61 62 63,-2.0,
base,switching_off,,291452.0,293252.0,72 73 74 75,-2.0,
base,switching_off,,292136.0,293936.0,40,-2.0,
base,switching_off,,292236.0,294036.0,37 38 39,-2.0,
base,active,292412.0,292412.0,292447.0,0 1 2 3,35978.0,False
base,active,,292447.0,292742.0,0 1 2 3,-1.0,
base,switching_off,,292668.0,294468.0,36,-2.0,
base,active,292742.0,292742.0,292767.0,0 1 2 3,35979.0,False
base,switching_off,,292747.0,294547.0,4 5 6 7 8 9 10 11 12 13 14 15 16 17 18 19 20 21 22 23 24 25 26 27 28 29 30 31,-2.0,
base,switching_off,,292752.0,294552.0,32 33 34 35,-2.0,
base,active,,292767.0,292968.0,0,-1.0,
base,active,,292767.0,293002.0,1 2 3,-1.0,
base,switching_on,,292774.0,295474.0,65 66 67 68,-3.0,
base,switching_on,,292783.0,295483.0,69 70 71 76 77 78 79 80,-3.0,
base,sleeping,,292939.0,292945.0,64,-4.0,
base,switching_on,,292945.0,295645.0,64 81 82 83 84 85 86 87 88 89 90 91 92 93 94 95,-3.0,
base,sleeping,,292957.0,295575.0,41 42 43 44 45 46 47 48 49 50 51 52 53 54 55 56 57 58 59 60 61 62 63,-4.0,
base,active,292968.0,292968.0,292972.0,0,35984.0,False
base,active,,292972.0,293002.0,0,-1.0,
base,active,293002.0,293002.0,293053.0,0 1 2 3,35985.0,False
base,active,293028.0,293053.0,293057.0,0,35986.0,False
base,active,293041.0,293053.0,293059.0,1,35987.0,False
base,active,,293053.0,295474.0,2 3,-1.0,
base,active,,293057.0,293058.0,0,-1.0,
base,active,293058.0,293058.0,293061.0,0,35988.0,False
base,active,,293059.0,295474.0,1,-1.0,
base,active,,293061.0,293304.0,0,-1.0,
base,sleeping,,293252.0,295575.0,72 73 74 75,-4.0,
base,active,293304.0,293304.0,293307.0,0,35989.0,False
base,active,,293307.0,295474.0,0,-1.0,
base,sleeping,,293936.0,295575.0,40,-4.0,
base,sleeping,,294036.0,295575.0,37 38 39,-4.0,
base,sleeping,,294468.0,295575.0,36,-4.0,
base,sleeping,,294547.0,295575.0,4 5 6 7 8 9 10 11 12 13 14 15 16 17 18 19 20 21 22 23 24 25 26 27 28 29 30 31,-4.0,
base,sleeping,,294552.0,295575.0,32 33 34 35,-4.0,
base,active,292774.0,295474.0,295580.0,0 1 2 3 65 66 67 68,35980.0,False
base,active,292783.0,295483.0,295581.0,69 70 71 76 77 78 79 80,35981.0,False
base,switching_on,,295575.0,298275.0,4 5 6 7 8 9 10 11 12 13 14 15 16 17 18 19 20 21 22 23 24 25 26 27 28 29 30 31 32 33 34 35 36 37 38 39 40 41 42 43 44 45 46 47 48 49 50 51 52 53 54 55 56 57 58 59 60 61 62 63 72 73 74 75 96 97 98 99 100 101 102 103 104 105 106 107 108 109 110 111 112 113 114 115 116 117 118 119 120 121 122 123 124 125 126 127,-3.0,
base,active,292950.0,295580.0,295622.0,0 1 2 3 65 66 67 68,35983.0,False
base,active,,295581.0,295645.0,69 70 71 76 77 78 79 80,-1.0,
base,active,,295622.0,295645.0,0 1 2 3 65 66 67 68,-1.0,
base,active,292945.0,295645.0,295745.0,0 1 2 3 64 65 66 67 68 69 70 71 76 77 78 79 80 81 82 83 84 85 86 87 88 89 90 91 92 93 94 95,35982.0,False
base,active,,295745.0,298131.0,0 1 2 3 64 65 66 67 68 69 70 71 76 77 78 79 80 81 82 83 84 85 86 87 88 89 90 91 92 93 94 95,-1.0,
base,active,298131.0,298131.0,298504.0,0 1 2 3 64 65 66 67 68 69 70 71 76 77 78 79 80 81 82 83 84 85 86 87 88 89 90 91 92 93 94 95,35994.0,False
base,active,,298275.0,298320.0,97 98 99 100 101 102 103 104,-1.0,
base,active,298176.0,298275.0,298339.0,4,35995.0,False
base,active,,298275.0,298490.0,105 106 107 108 109 110 111 112 113 114 115 116 117 118 119 120 121 122 123 124 125 126 127,-1.0,
base,active,297112.0,298275.0,304460.0,5 6 7 8 9 10 11 12 13 14 15 16 17 18 19 20 21 22 23 24 25 26 27 28 29 30 31 32 33 34 35 36 37 38 39 40 41 42 43 44 45 46 47 48 49 50 51 52 53 54 55 56 57 58 59 60 61 62 63 72 73 74 75 96,35992.0,False
base,active,298320.0,298320.0,298443.0,97 98 99 100 101 102 103 104,35996.0,False
base,active,,298339.0,298490.0,4,-1.0,
base,active,,298443.0,298490.0,97 98 99 100 101 102 103 104,-1.0,
base,active,298490.0,298490.0,298562.0,4 97 98 99 100 101 102 103 104 105 106 107 108 109 110 111 112 113 114 115 116 117 118 119 120 121 122 123 124 125 126 127,35997.0,False
base,active,,298504.0,298562.0,0 1 2 3 64 65 66 67 68 69 70 71 76 77 78 79 80 81 82 83 84 85 86 87 88 89 90 91 92 93 94 95,-1.0,
base,active,297505.0,298562.0,299034.0,0 1 2 3 4 64 65 66 67 68 69 70 71 76 77 78 79 80 81 82 83 84 85 86 87 88 89 90 91 92 93 94 95 97 98 99 100 101 102 103 104 105 106 107 108 109 110 111 112 113 114 115 116 117 118 119 120 121 122 123 124 125 126 127,35993.0,False
base,active,298649.0,299034.0,299086.0,79 80 81 82 83 84 85 86 87 88 89 90 91 92 93 94 95 97 98 99 100 101 102 103 104 105 106 107 108 109 110 111,35999.0,False
base,active,298627.0,299034.0,299894.0,0 1 2 3 4 64 65 66 67 68 69 70 71 76 77 78,35998.0,False
base,active,,299034.0,303397.0,112 113 114 115 116 117 118 119 120 121 122 123 124 125 126 127,-1.0,
base,active,298762.0,299086.0,299367.0,79 80 81 82 83 84 85 86 87 88 89 90 91 92 93 94 95 97 98 99 100 101 102 103 104 105 106 107 108 109 110 111,36000.0,False
base,active,299106.0,299367.0,299372.0,79 80 81 82 83 84 85 86 87 88 89 90 91 92 93 94 95 97 98 99 100 101 102 103 104 105 106 107 108 109 110 111,36001.0,False
base,active,,299372.0,303397.0,79 80 81 82 83 84 85 86 87 88 89 90 91 92 93 94 95 97 98 99 100 101 102 103 104 105 106 107 108 109 110 111,-1.0,
base,active,,299894.0,303397.0,0 1 2 3 4 64 65 66 67 68 69 70 71 76 77 78,-1.0,
base,active,303397.0,303397.0,314322.0,0 1 2 3 4 64 65 66 67 68 69 70 71 76 77 78 79 80 81 82 83 84 85 86 87 88 89 90 91 92 93 94 95 97 98 99 100 101 102 103 104 105 106 107 108 109 110 111 112 113 114 115 116 117 118 119 120 121 122 123 124 125 126 127,36003.0,False
base,active,,304460.0,304596.0,5,-1.0,
base,active,,304460.0,308060.0,6 7 8 9 10 11 12 13 14 15 16 17 18 19 20 21 22 23 24 25 26 27 28 29 30 31 32 33 34 35 36 37 38 39 40 41 42 43 44 45 46 47 48 49 50 51 52 53 54 55 56 57 58 59 60 61 62 63 72 73 74 75 96,-1.0,
base,active,304596.0,304596.0,304624.0,5,36005.0,False
base,active,,304624.0,304653.0,5,-1.0,
base,active,304653.0,304653.0,304749.0,5,36006.0,False
base,active,,304749.0,304822.0,5,-1.0,
base,active,304822.0,304822.0,304832.0,5,36008.0,False
base,active,,304832.0,304857.0,5,-1.0,
base,active,304857.0,304857.0,304955.0,5,36009.0,False
base,active,,304955.0,305026.0,5,-1.0,
base,active,305026.0,305026.0,305125.0,5,36010.0,False
base,active,,305125.0,305178.0,5,-1.0,
base,active,305178.0,305178.0,305290.0,5,36011.0,False
base,active,,305290.0,305442.0,5,-1.0,
base,active,305442.0,305442.0,305530.0,5,36013.0,False
base,active,,305530.0,306437.0,5,-1.0,
base,active,306437.0,306437.0,306544.0,5,36020.0,False
base,active,,306544.0,306649.0,5,-1.0,
base,active,306649.0,306649.0,306737.0,5,36021.0,False
base,active,,306737.0,306808.0,5,-1.0,
base,active,306808.0,306808.0,306903.0,5,36023.0,False
base,active,,306903.0,307013.0,5,-1.0,
base,active,307013.0,307013.0,307103.0,5,36024.0,False
base,active,,307103.0,310240.0,5,-1.0,
base,switching_off,,308060.0,309860.0,6 7 8 9 10 11 12 13 14 15 16 17 18 19 20 21 22 23 24 25 26 27 28 29 30 31 32 33 34 35 36 37 38 39 40 41 42 43 44 45 46 47 48 49 50 51 52 53 54 55 56 57 58 59 60 61 62 63 72 73 74 75 96,-2.0,
base,sleeping,,309860.0,311622.0,6 7 8 9 10 11 12 13 14 15 16 17 18 19 20 21 22 23 24 25 26 27 28 29 30 31 32 33 34 35 36 37 38 39 40 41 42 43 44 45 46 47 48 49 50 51 52 53 54 55 56 57 58 59 60 61 62 63 72 73 74 75 96,-4.0,
base,active,310240.0,310240.0,310475.0,5,36044.0,False
base,active,,310475.0,310504.0,5,-1.0,
base,active,310504.0,310504.0,310752.0,5,36045.0,False
base,active,,310752.0,310785.0,5,-1.0,
base,active,310785.0,310785.0,310866.0,5,36047.0,False
base,active,,310866.0,311000.0,5,-1.0,
base,active,311000.0,311000.0,311121.0,5,36048.0,False
base,active,,311121.0,314076.0,5,-1.0,
base,switching_on,,311622.0,314322.0,6 7 8 9 10 11 12 13 14 15 16 17 18 19 20 21 22 23 24 25 26 27 28 29 30 31 32 33 34 35 36 37 38 39 40 41 42 43 44 45 46 47 48 49 50 51 52 53 54 55 56 57 58 59 60 61 62 63 72 73 74 75 96,-3.0,
base,active,314076.0,314076.0,314188.0,5,36063.0,False
base,active,,314188.0,314322.0,5,-1.0,
base,active,295575.0,314322.0,315065.0,0 1 2 3 4 5 6 7 8 9 10 11 12 13 14 15 16 17 18 19 20 21 22 23 24 25 26 27 28 29 30 31 32 33 34 35 36 37 38 39 40 41 42 43 44 45 46 47 48 49 50 51 52 53 54 55 56 57 58 59 60 61 62 63 64 65 66 67 68 69 70 71 72 73 74 75 76 77 78 79 80 81 82 83 84 85 86 87 88 89 90 91 92 93 94 95 96 97 98 99 100 101 102 103 104 105 106 107 108 109 110 111 112 113 114 115 116 117 118 119 120 121 122 123 124 125 126 127,35990.0,False
base,active,296608.0,315065.0,315565.0,0 1 2 3 4 5 6 7 8 9 10 11 12 13 14 15 16 17 18 19 20 21 22 23 24 25 26 27 28 29 30 31 32 33 34 35 36 37 38 39 40 41 42 43 44 45 46 47 48 49 50 51 52 53 54 55 56 57 58 59 60 61 62 63 64 65 66 67 68 69 70 71 72 73 74 75 76 77 78 79 80 81 82 83 84 85 86 87 88 89 90 91 92 93 94 95 96 97 98 99 100 101 102 103 104 105 106 107 108 109 110 111 112 113 114 115 116 117 118 119 120 121 122 123 124 125 126 127,35991.0,False
base,active,303302.0,315565.0,315656.0,0 1 2 3 4 5 6 7 8 9 10 11 12 13 14 15 16 17 18 19 20 21 22 23 24 25 26 27 28 29 30 31 32 33 34 35 36 37 38 39 40 41 42 43 44 45 46 47 48 49 50 51 52 53 54 55 56 57 58 59 60 61 62 63 64 65 66 67 68 69 70 71 72 73 74 75 76 77 78 79 80 81 82 83 84 85 86 87 88 89 90 91 92 93 94 95 96 97 98 99 100 101 102 103 104 105 106 107 108 109 110 111 112 113 114 115 116 117 118 119 120 121 122 123 124 125 126 127,36002.0,False
base,active,,315656.0,319096.0,0,-1.0,
base,active,,315656.0,319256.0,1 2 3 4 5 6 7 8 9 10 11 12 13 14 15 16 17 18 19 20 21 22 23 24 25 26 27 28 29 30 31 32 33 34 35 36 37 38 39 40 41 42 43 44 45 46 47 48 49 50 51 52 53 54 55 56 57 58 59 60 61 62 63 64 65 66 67 68 69 70 71 72 73 74 75 76 77 78 79 80 81 82 83 84 85 86 87 88 89 90 91 92 93 94 95 96 97 98 99 100 101 102 103 104 105 106 107 108 109 110 111 112 113 114 115 116 117 118 119 120 121 122 123 124 125 126 127,-1.0,
base,active,319096.0,319096.0,319201.0,0,36091.0,False
base,active,,319201.0,319266.0,0,-1.0,
base,switching_off,,319256.0,321056.0,1 2 3 4 5 6 7 8 9 10 11 12 13 14 15 16 17 18 19 20 21 22 23 24 25 26 27 28 29 30 31 32 33 34 35 36 37 38 39 40 41 42 43 44 45 46 47 48 49 50 51 52 53 54 55 56 57 58 59 60 61 62 63 64 65 66 67 68 69 70 71 72 73 74 75 76 77 78 79 80 81 82 83 84 85 86 87 88 89 90 91 92 93 94 95 96 97 98 99 100 101 102 103 104 105 106 107 108 109 110 111 112 113 114 115 116 117 118 119 120 121 122 123 124 125 126 127,-2.0,
base,active,319266.0,319266.0,319350.0,0,36092.0,False
base,active,,319350.0,319490.0,0,-1.0,
base,active,319490.0,319490.0,319517.0,0,36094.0,False
base,active,,319517.0,319526.0,0,-1.0,
base,active,319526.0,319526.0,319623.0,0,36095.0,False
base,active,,319623.0,321523.0,0,-1.0,
base,sleeping,,321056.0,324685.0,1 2 3 4 5 6 7 8 9 10 11 12 13 14 15 16 17 18 19 20 21 22 23 24 25 26 27 28 29 30 31 32 33 34 35 36 37 38 39 40 41 42 43 44 45 46 47 48 49 50 51 52 53 54 55 56 57 58 59 60 61 62 63 64 65 66 67 68 69 70 71 72 73 74 75 76 77 78 79 80 81 82 83 84 85 86 87 88 89 90 91 92 93 94 95 96 97 98 99 100 101 102 103 104 105 106 107 108 109 110 111 112 113 114 115 116 117 118 119 120 121 122 123 124 125 126 127,-4.0,
base,active,321523.0,321523.0,321662.0,0,36104.0,False
base,active,,321662.0,321820.0,0,-1.0,
base,active,321820.0,321820.0,321928.0,0,36108.0,False
base,active,,321928.0,322246.0,0,-1.0,
base,active,322246.0,322246.0,322363.0,0,36111.0,False
base,active,,322363.0,322449.0,0,-1.0,
base,active,322449.0,322449.0,322559.0,0,36113.0,False
base,active,,322559.0,322628.0,0,-1.0,
base,active,322628.0,322628.0,322729.0,0,36114.0,False
base,active,,322729.0,322817.0,0,-1.0,
base,active,322817.0,322817.0,322920.0,0,36116.0,False
base,active,,322920.0,323017.0,0,-1.0,
base,active,323017.0,323017.0,323113.0,0,36117.0,False
base,active,,323113.0,323236.0,0,-1.0,
base,active,323236.0,323236.0,323354.0,0,36120.0,False
base,active,,323354.0,324524.0,0,-1.0,
base,active,324524.0,324524.0,324624.0,0,36126.0,False
base,active,,324624.0,325894.0,0,-1.0,
base,switching_on,,324685.0,327385.0,1 2 3 4 5 6 7 8 9 10 11 12 13 14 15 16 17 18 19 20 21 22 23 24 25 26 27 28 29 30 31 32 33 34 35 36 37 38 39 40 41 42 43 44 45 46 47 48 49 50 51 52 53 54 55 56 57 58 59 60 61 62 63 64 65 66 67 68 69 70 71 72 73 74 75 76 77 78 79 80 81 82 83 84 85 86 87 88 89 90 91 92 93 94 95 96 97 98 99 100 101 102 103 104 105 106 107 108 109 110 111 112 113 114 115 116 117 118 119 120 121 122 123 124 125 126 127,-3.0,
base,active,325894.0,325894.0,325901.0,0,36131.0,False
base,active,,325901.0,325915.0,0,-1.0,
base,active,325915.0,325915.0,327016.0,0,36132.0,False
base,active,326988.0,327016.0,327024.0,0,36142.0,False
base,active,327007.0,327024.0,327028.0,0,36143.0,False
base,active,,327028.0,327385.0,0,-1.0,
base,active,326658.0,327385.0,327396.0,16 17 18 19 20 21 22 23,36141.0,False
base,active,326599.0,327385.0,327400.0,8 9 10 11 12 13 14 15,36139.0,False
base,active,326279.0,327385.0,327407.0,0 1 2 3 4 5 6 7,36134.0,False
base,active,,327385.0,327407.0,24 25 26 27 28 29 30 31 32 33 34 35 36 37 38 39 40 41 42 43 44 45 46 47 48 49 50 51 52 53 54 55 56 57 58 59 60 61 62 63 64 65 66 67 68 69 70 71 72 73 74 75 76 77 78 79 80 81 82 83 84 85 86 87 88 89 90 91 92 93 94 95 96 97 98 99 100 101 102 103 104 105 106 107 108 109 110 111 112 113 114 115 116 117 118 119 120 121 122 123 124 125 126 127,-1.0,
base,active,,327396.0,327407.0,16 17 18 19 20 21 22 23,-1.0,
base,active,,327400.0,327407.0,8 9 10 11 12 13 14 15,-1.0,
base,active,324685.0,327407.0,328154.0,0 1 2 3 4 5 6 7 8 9 10 11 12 13 14 15 16 17 18 19 20 21 22 23 24 25 26 27 28 29 30 31 32 33 34 35 36 37 38 39 40 41 42 43 44 45 46 47 48 49 50 51 52 53 54 55 56 57 58 59 60 61 62 63 64 65 66 67 68 69 70 71 72 73 74 75 76 77 78 79 80 81 82 83 84 85 86 87 88 89 90 91 92 93 94 95 96 97 98 99 100 101 102 103 104 105 106 107 108 109 110 111 112 113 114 115 116 117 118 119 120 121 122 123 124 125 126 127,36129.0,False
base,active,327409.0,328154.0,328160.0,0,36146.0,False
base,active,327437.0,328154.0,328167.0,1,36147.0,False
base,active,,328154.0,328167.0,2 3 4 5 6 7 8 9 10 11 12 13 14 15 16 17 18 19 20 21 22 23 24 25 26 27 28 29 30 31 32 33 34 35 36 37 38 39 40 41 42 43 44 45 46 47 48 49 50 51 52 53 54 55 56 57 58 59 60 61 62 63 64 65 66 67 68 69 70 71 72 73 74 75 76 77 78 79 80 81 82 83 84 85 86 87 88 89 90 91 92 93 94 95 96 97 98 99 100 101 102 103 104 105 106 107 108 109 110 111 112 113 114 115 116 117 118 119 120 121 122 123 124 125 126 127,-1.0,
base,active,,328160.0,328167.0,0,-1.0,
base,active,327355.0,328167.0,328195.0,0 1 2 3 4 5 6 7 8 9 10 11 12 13 14 15 16 17 18 19 20 21 22 23 24 25 26 27 28 29 30 31 32 33 34 35 36 37 38 39 40 41 42 43 44 45 46 47 48 49 50 51 52 53 54 55 56 57 58 59 60 61 62 63 64 65 66 67 68 69 70 71 72 73 74 75 76 77 78 79 80 81 82 83 84 85 86 87 88 89 90 91 92 93 94 95 96 97 98 99 100 101 102 103 104 105 106 107 108 109 110 111 112 113 114 115 116 117 118 119 120 121 122 123 124 125 126 127,36145.0,False
base,active,327512.0,328195.0,328539.0,0 1 2 3 4 5 6 7 8 9 10 11 12 13 14 15 16 17 18 19 20 21 22 23 24 25 26 27 28 29 30 31 32 33 34 35 36 37 38 39 40 41 42 43 44 45 46 47 48 49 50 51 52 53 54 55 56 57 58 59 60 61 62 63 64 65 66 67 68 69 70 71 72 73 74 75 76 77 78 79 80 81 82 83 84 85 86 87 88 89 90 91 92 93 94 95 96 97 98 99 100 101 102 103 104 105 106 107 108 109 110 111 112 113 114 115 116 117 118 119 120 121 122 123 124 125 126 127,36148.0,False
base,active,328184.0,328539.0,329280.0,0 1 2 3 4 5 6 7 8 9 10 11 12 13 14 15 16 17 18 19 20 21 22 23 24 25 26 27 28 29 30 31 32 33 34 35 36 37 38 39 40 41 42 43 44 45 46 47 48 49 50 51 52 53 54 55 56 57 58 59 60 61 62 63 64 65 66 67 68 69 70 71 72 73 74 75 76 77 78 79 80 81 82 83 84 85 86 87 88 89 90 91 92 93 94 95 96 97 98 99 100 101 102 103 104 105 106 107 108 109 110 111 112 113 114 115 116 117 118 119 120 121 122 123 124 125 126 127,36154.0,False
base,active,,329280.0,331014.0,32,-1.0,
base,active,,329280.0,332543.0,33 34 35 36 37 38 39 40 41 42 43 44 45 46 47 48 49 50 51 52 53 54 55 56 57 58 59 60 61 62 63,-1.0,
base,active,,329280.0,332680.0,64,-1.0,
base,active,,329280.0,332799.0,65 66 67 68 69 70 71 72 73 74 75 76 77 78 79 80 81 82 83 84 85 86 87 88 89 90 91 92 93 94 95,-1.0,
base,active,,329280.0,332880.0,96 97 98 99 100 101 102 103 104 105 106 107 108 109 110 111 112 113 114 115 116 117 118 119 120 121 122 123 124 125 126 127,-1.0,
base,active,329076.0,329280.0,333001.0,0 1 2 3 4 5 6 7 8 9 10 11 12 13 14 15 16 17 18 19 20 21 22 23 24 25 26 27 28 29 30 31,36156.0,False
base,active,331014.0,331014.0,331019.0,32,36165.0,False
base,active,,331019.0,331068.0,32,-1.0,
base,active,331068.0,331068.0,331073.0,32,36166.0,False
base,active,,331073.0,331435.0,32,-1.0,
base,active,331435.0,331435.0,331446.0,32,36168.0,False
base,active,,331446.0,331521.0,32,-1.0,
base,active,331521.0,331521.0,331526.0,32,36169.0,False
base,active,,331526.0,331551.0,32,-1.0,
base,active,331551.0,331551.0,331567.0,32,36170.0,False
base,active,,331567.0,331623.0,32,-1.0,
base,active,331623.0,331623.0,331627.0,32,36171.0,False
base,active,,331627.0,331809.0,32,-1.0,
base,active,331809.0,331809.0,331828.0,32,36176.0,False
base,active,,331828.0,332041.0,32,-1.0,
base,active,332041.0,332041.0,332046.0,32,36178.0,False
base,active,,332046.0,332299.0,32,-1.0,
base,active,332299.0,332299.0,332307.0,32,36179.0,False
base,active,,332307.0,332543.0,32,-1.0,
base,active,332543.0,332543.0,333446.0,32 33 34 35 36 37 38 39 40 41 42 43 44 45 46 47 48 49 50 51 52 53 54 55 56 57 58 59 60 61 62 63,36181.0,False
base,active,332680.0,332680.0,332729.0,64,36182.0,False
base,active,,332729.0,332799.0,64,-1.0,
base,active,332799.0,332799.0,336527.0,64 65 66 67 68 69 70 71 72 73 74 75 76 77 78 79 80 81 82 83 84 85 86 87 88 89 90 91 92 93 94 95,36183.0,False
base,switching_off,,332880.0,334680.0,96 97 98 99 100 101 102 103 104 105 106 107 108 109 110 111 112 113 114 115 116 117 118 119 120 121 122 123 124 125 126 127,-2.0,
base,active,,333001.0,333056.0,0 1 2 3 4 5 6 7 8 9 10 11 12 13 14 15 16 17 18 19 20 21 22 23 24 25 26 27 28 29 30 31,-1.0,
base,active,333056.0,333056.0,333087.0,0 1 2 3 4 5 6 7 8 9 10 11 12 13 14 15 16 17 18 19 20 21 22 23 24 25 26 27 28 29 30 31,36185.0,False
base,active,,333087.0,333125.0,0 1 2 3 4 5 6 7 8 9 10 11 12 13 14 15 16 17 18 19 20 21 22 23 24 25 26 27 28 29 30 31,-1.0,
base,active,333125.0,333125.0,333147.0,0 1 2 3 4 5 6 7 8 9 10 11 12 13 14 15 16 17 18 19 20 21 22 23 24 25 26 27 28 29 30 31,36186.0,False
base,active,,333147.0,333217.0,0 1 2 3,-1.0,
base,active,,333147.0,333380.0,4,-1.0,
base,active,,333147.0,333402.0,5 6 7 8 9 10 11 12 13 14 15 16 17 18 19 20 21 22 23 24 25 26 27 28 29 30 31,-1.0,
base,active,333217.0,333217.0,333402.0,0 1 2 3,36187.0,False
base,active,333380.0,333380.0,333392.0,4,36192.0,False
base,active,,333392.0,333402.0,4,-1.0,
base,active,333334.0,333402.0,333437.0,0 1 2 3 4 5 6 7 8 9 10 11 12 13 14 15 16 17 18 19 20 21 22 23 24 25 26 27 28 29 30 31,36190.0,False
base,active,,333437.0,333457.0,0,-1.0,
base,active,,333437.0,333469.0,1,-1.0,
base,active,,333437.0,333474.0,2 3 4 5,-1.0,
base,active,,333437.0,334105.0,6 7 8 9 10 11 12 13 14 15 16 17 18 19 20 21 22 23 24 25 26 27 28 29 30 31,-1.0,
base,active,,333446.0,334130.0,32,-1.0,
base,active,,333446.0,334143.0,33 34 35 36 37 38 39 40,-1.0,
base,active,,333446.0,334378.0,41 42 43,-1.0,
base,active,,333446.0,334657.0,44 45 46 47 48 49 50 51 52 53 54 55 56 57 58 59 60 61 62 63,-1.0,
base,active,333457.0,333457.0,333637.0,0,36194.0,False
base,active,333469.0,333469.0,333538.0,1,36195.0,False
base,active,333474.0,333474.0,333608.0,2 3 4 5,36196.0,False
base,active,,333538.0,334105.0,1,-1.0,
base,active,,333608.0,334105.0,2 3 4 5,-1.0,
base,active,,333637.0,333896.0,0,-1.0,
base,active,333896.0,333896.0,333909.0,0,36198.0,False
base,active,,333909.0,333961.0,0,-1.0,
base,active,333961.0,333961.0,333973.0,0,36199.0,False
base,active,,333973.0,334105.0,0,-1.0,
base,active,334105.0,334105.0,334392.0,0 1 2 3 4 5 6 7 8 9 10 11 12 13 14 15 16 17 18 19 20 21 22 23 24 25 26 27 28 29 30 31,36201.0,False
base,active,334130.0,334130.0,334149.0,32,36202.0,False
base,active,334143.0,334143.0,334392.0,33 34 35 36 37 38 39 40,36203.0,False
base,active,,334149.0,334266.0,32,-1.0,
base,active,334266.0,334266.0,334280.0,32,36206.0,False
base,active,,334280.0,334378.0,32,-1.0,
base,active,334378.0,334378.0,334432.0,32 41 42 43,36208.0,False
base,active,334203.0,334392.0,334418.0,0 1 2 3 4 5 6 7 8 9 10 11 12 13 14 15 16 17 18 19 20 21 22 23 24 25 26 27 28 29 30 31,36205.0,False
base,active,,334392.0,334657.0,33 34 35 36 37 38 39 40,-1.0,
base,active,334270.0,334418.0,334444.0,0 1 2 3 4 5 6 7 8 9 10 11 12 13 14 15 16 17 18 19 20 21 22 23 24 25 26 27 28 29 30 31,36207.0,False
base,active,,334432.0,334657.0,32 41 42 43,-1.0,
base,active,,334444.0,334471.0,0,-1.0,
base,active,,334444.0,334612.0,1 2 3 4 5 6 7 8 9 10 11 12 13 14 15 16 17 18 19 20 21 22 23 24 25 26 27 28 29 30 31,-1.0,
base,active,334471.0,334471.0,334484.0,0,36209.0,False
base,active,,334484.0,334612.0,0,-1.0,
base,active,334612.0,334612.0,334834.0,0 1 2 3 4 5 6 7 8 9 10 11 12 13 14 15 16 17 18 19 20 21 22 23 24 25 26 27 28 29 30 31,36211.0,False
base,active,334657.0,334657.0,334692.0,32 33 34 35 36 37 38 39 40 41 42 43 44 45 46 47 48 49 50 51 52 53 54 55 56 57 58 59 60 61 62 63,36212.0,False
base,sleeping,,334680.0,359316.0,96 97,-4.0,
base,sleeping,,334680.0,377917.0,98 99 100 101 102 103 104 105 106 107 108 109 110 111 112 113 114 115 116 117 118 119 120 121 122 123 124 125 126 127,-4.0,
base,active,334672.0,334692.0,334718.0,32,36213.0,False
base,active,,334692.0,334718.0,33 34 35 36 37 38 39 40 41 42 43 44 45 46 47 48 49 50 51 52 53 54 55 56 57 58 59 60 61 62 63,-1.0,
base,active,334714.0,334718.0,334747.0,32 33 34 35 36 37 38 39 40 41 42 43 44 45 46 47 48 49 50 51 52 53 54 55 56 57 58 59 60 61 62 63,36215.0,False
base,active,,334747.0,334774.0,32,-1.0,
base,active,,334747.0,334817.0,33 34 35,-1.0,
base,active,,334747.0,334889.0,36 37 38 39 40 41 42 43 44 45 46 47 48 49 50 51 52 53 54 55 56 57 58 59 60 61 62 63,-1.0,
base,active,334774.0,334774.0,334779.0,32,36216.0,False
base,active,,334779.0,334817.0,32,-1.0,
base,active,334817.0,334817.0,334867.0,32 33 34 35,36217.0,False
base,active,,334834.0,334889.0,0 1 2 3 4 5 6 7 8 9 10 11 12 13 14 15 16 17 18 19 20 21 22 23 24 25 26 27 28 29 30 31,-1.0,
base,active,,334867.0,334889.0,32 33 34 35,-1.0,
base,active,334889.0,334889.0,334929.0,0 1 2 3 4 5 6 7 8 9 10 11 12 13 14 15 16 17 18 19 20 21 22 23 24 25 26 27 28 29 30 31 32 33 34 35 36 37 38 39 40 41 42 43 44 45 46 47 48 49 50 51 52 53 54 55 56 57 58 59 60 61 62 63,36220.0,False
base,active,,334929.0,334958.0,0 1 2 3 4 5 6 7 8 9 10 11 12 13 14 15 16 17 18 19 20 21 22 23 24 25 26 27 28 29 30 31 32 33 34 35 36 37 38 39 40 41 42 43 44 45 46 47 48 49 50 51 52 53 54 55 56 57 58 59 60 61 62 63,-1.0,
base,active,334958.0,334958.0,335186.0,0 1 2 3 4 5 6 7 8 9 10 11 12 13 14 15 16 17 18 19 20 21 22 23 24 25 26 27 28 29 30 31 32 33 34 35 36 37 38 39 40 41 42 43 44 45 46 47 48 49 50 51 52 53 54 55 56 57 58 59 60 61 62 63,36223.0,False
base,active,,335186.0,335219.0,0 1 2 3,-1.0,
base,active,,335186.0,335266.0,4 5 6 7 8 9 10 11 12 13 14 15 16 17 18 19 20 21 22 23 24 25 26 27 28 29 30 31 32 33 34 35 36 37 38 39 40 41 42 43 44 45 46 47 48 49 50 51 52 53 54 55 56 57 58 59 60 61 62 63,-1.0,
base,active,335219.0,335219.0,335266.0,0 1 2 3,36225.0,False
base,active,335231.0,335266.0,335411.0,0 1 2 3 4 5 6 7 8 9 10 11 12 13 14 15 16 17 18 19 20 21 22 23 24 25 26 27 28 29 30 31 32 33 34 35 36 37 38 39 40 41 42 43 44 45 46 47 48 49 50 51 52 53 54 55 56 57 58 59 60 61 62 63,36226.0,False
base,active,335400.0,335411.0,335426.0,0,36227.0,False
base,active,,335411.0,335504.0,1 2 3,-1.0,
base,active,,335411.0,335550.0,4 5 6 7 8 9 10 11 12 13 14 15 16 17 18 19 20 21 22 23 24 25 26 27 28 29 30 31 32 33 34 35 36 37 38 39 40 41 42 43 44 45 46 47 48 49 50 51 52 53 54 55 56 57 58 59 60 61 62 63,-1.0,
base,active,,335426.0,335504.0,0,-1.0,
base,active,335504.0,335504.0,335550.0,0 1 2 3,36228.0,False
base,active,335540.0,335550.0,335677.0,0 1 2 3 4 5 6 7 8 9 10 11 12 13 14 15 16 17 18 19 20 21 22 23 24 25 26 27 28 29 30 31 32 33 34 35 36 37 38 39 40 41 42 43 44 45 46 47 48 49 50 51 52 53 54 55 56 57 58 59 60 61 62 63,36229.0,False
base,active,,335677.0,335690.0,0 1 2 3,-1.0,
base,active,,335677.0,335717.0,4,-1.0,
base,active,,335677.0,335915.0,5 6 7 8 9 10 11 12 13 14 15 16 17 18 19 20 21 22 23 24 25 26 27 28 29 30 31,-1.0,
base,active,,335677.0,335948.0,32 33 34 35 36 37 38 39,-1.0,
base,active,,335677.0,336089.0,40 41 42 43,-1.0,
base,active,,335677.0,336236.0,44 45 46 47,-1.0,
base,active,,335677.0,336943.0,48 49 50 51 52 53 54 55 56 57 58 59 60 61 62 63,-1.0,
base,active,335690.0,335690.0,335736.0,0 1 2 3,36230.0,False
base,active,335717.0,335717.0,335729.0,4,36231.0,False
base,active,,335729.0,335915.0,4,-1.0,
base,active,,335736.0,335836.0,0,-1.0,
base,active,,335736.0,335915.0,1 2 3,-1.0,
base,active,335836.0,335836.0,335841.0,0,36232.0,False
base,active,,335841.0,335899.0,0,-1.0,
base,active,335899.0,335899.0,335910.0,0,36233.0,False
base,active,,335910.0,335915.0,0,-1.0,
base,active,335915.0,335915.0,336578.0,0 1 2 3 4 5 6 7 8 9 10 11 12 13 14 15 16 17 18 19 20 21 22 23 24 25 26 27 28 29 30 31,36234.0,False
base,active,335948.0,335948.0,336580.0,32 33 34 35 36 37 38 39,36235.0,False
base,active,336089.0,336089.0,336116.0,40 41 42 43,36237.0,False
base,active,,336116.0,336153.0,40 41 42 43,-1.0,
base,active,336153.0,336153.0,336293.0,40 41 42 43,36238.0,False
base,active,336236.0,336236.0,336297.0,44 45 46 47,36239.0,False
base,active,,336293.0,336572.0,40 41 42 43,-1.0,
base,active,,336297.0,336943.0,44 45 46 47,-1.0,
base,active,,336527.0,336960.0,64 65 66 67 68 69 70 71 72 73 74 75 76 77 78 79 80 81 82 83 84 85 86 87 88 89 90 91 92 93 94 95,-1.0,
base,active,336572.0,336572.0,336620.0,40 41 42 43,36241.0,False
base,active,,336578.0,336689.0,0,-1.0,
base,active,,336578.0,336943.0,1 2 3 4 5 6 7 8 9 10 11 12 13 14 15 16 17 18 19 20 21 22 23 24 25 26 27 28 29 30 31,-1.0,
base,active,,336580.0,336943.0,32 33 34 35 36 37 38 39,-1.0,
base,active,,336620.0,336943.0,40 41 42 43,-1.0,
base,active,336689.0,336689.0,336698.0,0,36242.0,False
base,active,,336698.0,336917.0,0,-1.0,
base,active,336917.0,336917.0,336939.0,0,36243.0,False
base,active,,336939.0,336943.0,0,-1.0,
base,active,336943.0,336943.0,337198.0,0 1 2 3 4 5 6 7 8 9 10 11 12 13 14 15 16 17 18 19 20 21 22 23 24 25 26 27 28 29 30 31 32 33 34 35 36 37 38 39 40 41 42 43 44 45 46 47 48 49 50 51 52 53 54 55 56 57 58 59 60 61 62 63,36244.0,False
base,active,336960.0,336960.0,339589.0,64 65 66 67 68 69 70 71 72 73 74 75 76 77 78 79 80 81 82 83 84 85 86 87 88 89 90 91 92 93 94 95,36245.0,False
base,active,337017.0,337198.0,337324.0,0 1 2 3,36246.0,False
base,active,,337198.0,337561.0,4 5 6 7 8 9 10 11 12 13 14 15 16 17 18 19 20 21 22 23 24 25 26 27 28 29 30 31 32 33 34 35 36 37 38 39 40 41 42 43 44 45 46 47 48 49 50 51 52 53 54 55 56 57 58 59 60 61 62 63,-1.0,
base,active,,337324.0,337339.0,0 1 2 3,-1.0,
base,active,337339.0,337339.0,337392.0,0 1 2 3,36248.0,False
base,active,,337392.0,337519.0,0 1 2 3,-1.0,
base,active,337519.0,337519.0,337561.0,0 1 2 3,36251.0,False
base,active,337536.0,337561.0,337786.0,0 1 2 3 4 5 6 7 8 9 10 11 12 13 14 15 16 17 18 19 20 21 22 23 24 25 26 27 28 29 30 31 32 33 34 35 36 37 38 39 40 41 42 43 44 45 46 47 48 49 50 51 52 53 54 55 56 57 58 59 60 61 62 63,36252.0,False
base,active,337569.0,337786.0,337802.0,0,36253.0,False
base,active,,337786.0,337872.0,5 6 7,-1.0,
base,active,337621.0,337786.0,337882.0,1 2 3 4,36255.0,False
base,active,,337786.0,338877.0,8 9 10 11 12 13 14 15 16,-1.0,
base,active,,337786.0,339255.0,17 18 19 20 21 22 23 24 25 26 27 28 29 30 31 32 33 34 35 36 37 38 39 40 41 42 43 44 45 46 47 48 49 50 51 52 53 54 55 56 57 58 59 60 61 62 63,-1.0,
base,active,,337802.0,337872.0,0,-1.0,
base,active,337872.0,337872.0,338018.0,0 5 6 7,36258.0,False
base,active,,337882.0,338000.0,1,-1.0,
base,active,,337882.0,338877.0,2 3 4,-1.0,
base,active,338000.0,338000.0,339255.0,1,36259.0,False
base,active,,338018.0,338038.0,0,-1.0,
base,active,,338018.0,338877.0,5 6 7,-1.0,
base,active,338038.0,338038.0,338070.0,0,36260.0,False
base,active,,338070.0,338877.0,0,-1.0,
base,active,338877.0,338877.0,338951.0,0 2 3 4 5 6 7 8 9 10 11 12 13 14 15 16,36264.0,False
base,active,,338951.0,338958.0,0 2 3 4 5 6 7 8 9 10 11 12 13 14 15 16,-1.0,
base,active,338958.0,338958.0,339015.0,0 2 3 4 5 6 7 8 9 10 11 12 13 14 15 16,36266.0,False
base,active,,339015.0,339179.0,0,-1.0,
base,active,,339015.0,339255.0,2 3 4 5 6 7 8 9 10 11 12 13 14 15 16,-1.0,
base,active,339179.0,339179.0,339207.0,0,36268.0,False
base,active,,339207.0,339255.0,0,-1.0,
base,active,338809.0,339255.0,339382.0,0 1 2 3 4 5 6 7 8 9 10 11 12 13 14 15 16 17 18 19 20 21 22 23 24 25 26 27 28 29 30 31 32 33 34 35 36 37 38 39 40 41 42 43 44 45 46 47 48 49 50 51 52 53 54 55 56 57 58 59 60 61 62 63,36263.0,False
base,active,338945.0,339382.0,339503.0,0 1 2 3 4 5 6 7 8 9 10 11 12 13 14 15 16 17 18 19 20 21 22 23 24 25 26 27 28 29 30 31 32 33 34 35 36 37 38 39 40 41 42 43 44 45 46 47 48 49 50 51 52 53 54 55 56 57 58 59 60 61 62 63,36265.0,False
base,active,339397.0,339503.0,339572.0,0 1 2 3 4 5 6 7 8 9 10 11 12 13 14 15 16 17 18 19 20 21 22 23 24 25 26 27 28 29 30 31,36274.0,False
base,active,,339503.0,339572.0,32 33 34 35 36 37 38 39 40 41 42 43 44 45 46 47 48 49 50 51 52 53 54 55 56 57 58 59 60 61 62 63,-1.0,
base,active,339389.0,339572.0,339685.0,0 1 2 3 4 5 6 7 8 9 10 11 12 13 14 15 16 17 18 19 20 21 22 23 24 25 26 27 28 29 30 31 32 33 34 35 36 37 38 39 40 41 42 43 44 45 46 47 48 49 50 51 52 53 54 55 56 57 58 59 60 61 62 63,36273.0,False
base,active,,339589.0,339600.0,64,-1.0,
base,active,,339589.0,339652.0,65 66 67 68 69 70 71 72 73 74 75 76 77 78 79 80 81 82 83 84 85 86 87 88 89 90 91 92 93 94 95,-1.0,
base,active,339600.0,339600.0,339620.0,64,36276.0,False
base,active,,339620.0,339652.0,64,-1.0,
base,active,339652.0,339652.0,339821.0,64 65 66 67 68 69 70 71 72 73 74 75 76 77 78 79 80 81 82 83 84 85 86 87 88 89 90 91 92 93 94 95,36277.0,False
base,active,339508.0,339685.0,339793.0,0 1 2 3 4 5 6 7 8 9 10 11 12 13 14 15 16 17 18 19 20 21 22 23 24 25 26 27 28 29 30 31 32 33 34 35 36 37 38 39 40 41 42 43 44 45 46 47 48 49 50 51 52 53 54 55 56 57 58 59 60 61 62 63,36275.0,False
base,active,,339793.0,339803.0,0 1 2 3 4 5 6 7 8 9 10 11 12 13 14 15 16 17 18 19 20 21 22 23 24 25 26 27 28 29 30 31 32 33 34 35 36 37 38 39 40 41 42 43 44 45 46 47 48 49 50 51 52 53 54 55 56 57 58 59 60 61 62 63,-1.0,
base,active,339803.0,339803.0,339840.0,0 1 2 3 4 5 6 7 8 9 10 11 12 13 14 15 16 17 18 19 20 21 22 23 24 25 26 27 28 29 30 31 32 33 34 35 36 37 38 39 40 41 42 43 44 45 46 47 48 49 50 51 52 53 54 55 56 57 58 59 60 61 62 63,36278.0,False
base,active,,339821.0,339899.0,64 65 66 67 68 69 70 71 72 73 74 75 76 77 78 79 80 81 82 83 84 85 86 87 88 89 90 91 92 93 94 95,-1.0,
base,active,,339840.0,339863.0,0 1 2 3 4 5 6 7 8 9 10 11 12 13 14 15 16 17 18 19 20 21 22 23 24 25 26 27 28 29 30 31 32 33 34 35 36 37 38 39 40 41 42 43 44 45 46 47 48 49 50 51 52 53 54 55 56 57 58 59 60 61 62 63,-1.0,
base,active,339863.0,339863.0,339902.0,0 1 2 3 4 5 6 7 8 9 10 11 12 13 14 15 16 17 18 19 20 21 22 23 24 25 26 27 28 29 30 31 32 33 34 35 36 37 38 39 40 41 42 43 44 45 46 47 48 49 50 51 52 53 54 55 56 57 58 59 60 61 62 63,36280.0,False
base,active,339899.0,339899.0,340337.0,64 65 66 67 68 69 70 71 72 73 74 75 76 77 78 79 80 81 82 83 84 85 86 87 88 89 90 91 92 93 94 95,36281.0,False
base,active,,339902.0,340191.0,0 1 2 3 4 5 6 7 8 9 10 11 12 13 14 15,-1.0,
base,active,,339902.0,340339.0,16,-1.0,
base,active,,339902.0,340512.0,17 18 19 20 21 22 23 24 25 26 27 28 29 30 31 32 33 34 35 36 37 38 39 40 41 42 43 44 45 46 47,-1.0,
base,active,,339902.0,342295.0,48,-1.0,
base,active,,339902.0,342494.0,49 50 51 52 53 54 55 56 57 58 59 60 61 62 63,-1.0,
base,active,340191.0,340191.0,340418.0,0 1 2 3 4 5 6 7 8 9 10 11 12 13 14 15,36282.0,False
base,active,,340337.0,342494.0,64 65 66 67,-1.0,
base,active,,340337.0,342498.0,68 69,-1.0,
base,active,,340337.0,343332.0,70 71,-1.0,
base,active,,340337.0,343730.0,72 73 74 75 76 77 78 79 80 81 82 83 84 85 86 87 88 89 90 91 92 93 94 95,-1.0,
base,active,340339.0,340339.0,340356.0,16,36284.0,False
base,active,,340356.0,340372.0,16,-1.0,
base,active,340372.0,340372.0,340383.0,16,36285.0,False
base,active,,340383.0,340512.0,16,-1.0,
base,active,,340418.0,340448.0,0 1 2 3 4 5 6 7 8 9 10 11 12 13 14 15,-1.0,
base,active,340448.0,340448.0,340676.0,0 1 2 3 4 5 6 7 8 9 10 11 12 13 14 15,36286.0,False
base,active,340512.0,340512.0,341300.0,16 17 18 19 20 21 22 23 24 25 26 27 28 29 30 31 32 33 34 35 36 37 38 39 40 41 42 43 44 45 46 47,36287.0,False
base,active,,340676.0,341235.0,0 1 2 3 4 5 6 7 8 9 10 11 12 13 14 15,-1.0,
base,active,341235.0,341235.0,341317.0,0 1 2 3 4 5 6 7 8 9 10 11 12 13 14 15,36293.0,False
base,active,,341300.0,341302.0,16,-1.0,
base,active,,341300.0,341382.0,17 18 19 20 21 22 23 24 25 26 27 28 29 30 31,-1.0,
base,active,,341300.0,341935.0,32 33 34 35 36 37 38 39 40 41 42 43 44 45 46 47,-1.0,
base,active,341302.0,341302.0,341318.0,16,36294.0,False
base,active,,341317.0,341328.0,0,-1.0,
base,active,,341317.0,341382.0,1 2 3 4 5 6 7 8 9 10 11 12 13 14 15,-1.0,
base,active,,341318.0,341382.0,16,-1.0,
base,active,341328.0,341328.0,341338.0,0,36295.0,False
base,active,,341338.0,341382.0,0,-1.0,
base,active,341382.0,341382.0,342173.0,0 1 2 3 4 5 6 7 8 9 10 11 12 13 14 15 16 17 18 19 20 21 22 23 24 25 26 27 28 29 30 31,36297.0,False
base,active,341935.0,341935.0,342009.0,32 33 34 35 36 37 38 39 40 41 42 43 44 45 46 47,36299.0,False
base,active,,342009.0,342105.0,32,-1.0,
base,active,,342009.0,342170.0,33 34 35 36 37 38 39 40 41 42 43 44 45 46 47,-1.0,
base,active,342105.0,342105.0,342145.0,32,36300.0,False
base,active,,342145.0,342170.0,32,-1.0,
base,active,342170.0,342170.0,342218.0,32 33 34 35 36 37 38 39 40 41 42 43 44 45 46 47,36302.0,False
base,active,,342173.0,342178.0,0,-1.0,
base,active,,342173.0,342180.0,1,-1.0,
base,active,,342173.0,342243.0,2 3 4 5 6 7 8 9 10 11 12 13 14 15 16,-1.0,
base,active,,342173.0,342295.0,17 18 19 20 21 22 23 24 25 26 27 28 29 30 31,-1.0,
base,active,342178.0,342178.0,342203.0,0,36303.0,False
base,active,342180.0,342180.0,342193.0,1,36304.0,False
base,active,,342193.0,342243.0,1,-1.0,
base,active,,342203.0,342231.0,0,-1.0,
base,active,,342218.0,342295.0,32 33 34 35 36 37 38 39 40 41 42 43 44 45 46 47,-1.0,
base,active,342231.0,342231.0,342391.0,0,36306.0,False
base,active,342243.0,342243.0,342296.0,1 2 3 4 5 6 7 8 9 10 11 12 13 14 15 16,36307.0,False
base,active,342295.0,342295.0,343244.0,17 18 19 20 21 22 23 24 25 26 27 28 29 30 31 32 33 34 35 36 37 38 39 40 41 42 43 44 45 46 47 48,36309.0,False
base,active,,342296.0,342375.0,1,-1.0,
base,active,,342296.0,342471.0,2 3 4,-1.0,
base,active,,342296.0,342494.0,5 6 7 8 9 10 11 12 13 14 15 16,-1.0,
base,active,342375.0,342375.0,342420.0,1,36311.0,False
base,active,,342391.0,342440.0,0,-1.0,
base,active,,342420.0,342449.0,1,-1.0,
base,active,342440.0,342440.0,342464.0,0,36312.0,False
base,active,342449.0,342449.0,342456.0,1,36314.0,False
base,active,,342456.0,342471.0,1,-1.0,
base,active,,342464.0,342471.0,0,-1.0,
base,active,342471.0,342471.0,342488.0,0,36315.0,False
base,active,342471.0,342471.0,342684.0,1 2 3 4,36316.0,False
base,active,,342488.0,342494.0,0,-1.0,
base,active,342494.0,342494.0,343730.0,0 5 6 7 8 9 10 11 12 13 14 15 16 49 50 51 52 53 54 55 56 57 58 59 60 61 62 63 64 65 66 67,36317.0,False
base,active,342498.0,342498.0,342684.0,68 69,36318.0,False
base,active,,342684.0,342781.0,1,-1.0,
base,active,,342684.0,343213.0,2 3 4,-1.0,
base,active,,342684.0,343235.0,68 69,-1.0,
base,active,342781.0,342781.0,342841.0,1,36319.0,False
base,active,,342841.0,342898.0,1,-1.0,
base,active,342898.0,342898.0,342946.0,1,36320.0,False
base,active,,342946.0,343133.0,1,-1.0,
base,active,343133.0,343133.0,343173.0,1,36322.0,False
base,active,,343173.0,343190.0,1,-1.0,
base,active,343190.0,343190.0,343209.0,1,36323.0,False
base,active,,343209.0,343213.0,1,-1.0,
base,active,343213.0,343213.0,343357.0,1 2 3 4,36324.0,False
base,active,343235.0,343235.0,343359.0,68 69,36325.0,False
base,active,,343244.0,343309.0,17 18,-1.0,
base,active,,343244.0,343332.0,19 20 21 22 23 24 25 26 27 28 29 30 31 32 33 34 35 36 37 38 39 40 41 42 43 44 45 46 47 48,-1.0,
base,active,343309.0,343309.0,343343.0,17 18,36326.0,False
base,active,343332.0,343332.0,343926.0,19 20 21 22 23 24 25 26 27 28 29 30 31 32 33 34 35 36 37 38 39 40 41 42 43 44 45 46 47 48 70 71,36327.0,False
base,active,,343343.0,343545.0,17 18,-1.0,
base,active,,343357.0,343431.0,1,-1.0,
base,active,,343357.0,343500.0,2 3,-1.0,
base,active,,343357.0,343522.0,4,-1.0,
base,active,,343359.0,343730.0,68 69,-1.0,
base,active,343431.0,343431.0,343475.0,1,36328.0,False
base,active,,343475.0,343492.0,1,-1.0,
base,active,343492.0,343492.0,343519.0,1,36330.0,False
base,active,343500.0,343500.0,343517.0,2 3,36331.0,False
base,active,,343517.0,343522.0,2 3,-1.0,
base,active,,343519.0,343522.0,1,-1.0,
base,active,343522.0,343522.0,343655.0,1 2 3 4,36332.0,False
base,active,343545.0,343545.0,343658.0,17 18,36333.0,False
base,active,,343655.0,343730.0,1 2 3 4,-1.0,
base,active,,343658.0,343730.0,17 18,-1.0,
base,active,343677.0,343730.0,343864.0,0 1 2 3 4 5 6 7 8 9 10 11 12 13 14 15 16 17 18 49 50 51 52 53 54 55 56 57 58 59 60 61 62 63 64 65 66 67 68 69 72 73 74 75 76 77 78 79 80 81 82 83 84 85 86 87 88 89 90 91 92 93 94 95,36334.0,False
base,active,343828.0,343864.0,343910.0,0,36336.0,False
base,active,,343864.0,344127.0,63 64 65 66 67 68 69,-1.0,
base,active,343806.0,343864.0,345650.0,1 2 3 4 5 6 7 8 9 10 11 12 13 14 15 16 17 18 49 50 51 52 53 54 55 56 57 58 59 60 61 62,36335.0,False
base,active,,343864.0,347464.0,72 73 74 75 76 77 78 79 80 81 82 83 84 85 86 87 88 89 90 91 92 93 94 95,-1.0,
base,active,,343910.0,343941.0,0,-1.0,
base,active,,343926.0,343941.0,19,-1.0,
base,active,,343926.0,343955.0,20,-1.0,
base,active,,343926.0,343957.0,21,-1.0,
base,active,,343926.0,344116.0,22 23,-1.0,
base,active,,343926.0,344127.0,24 25 26 27 28 29 30 31 32 33 34 35 36 37 38 39 40 41 42 43 44 45 46 47 48,-1.0,
base,active,,343926.0,344256.0,70 71,-1.0,
base,active,343941.0,343941.0,343988.0,0 19,36337.0,False
base,active,343955.0,343955.0,344010.0,20,36338.0,False
base,active,343957.0,343957.0,343997.0,21,36339.0,False
base,active,,343988.0,344087.0,0 19,-1.0,
base,active,,343997.0,344087.0,21,-1.0,
base,active,,344010.0,344087.0,20,-1.0,
base,active,344087.0,344087.0,344547.0,0 19 20 21,36341.0,False
base,active,344116.0,344116.0,344549.0,22 23,36342.0,False
base,active,344127.0,344127.0,344879.0,24 25 26 27 28 29 30 31 32 33 34 35 36 37 38 39 40 41 42 43 44 45 46 47 48 63 64 65 66 67 68 69,36343.0,False
base,active,344256.0,344256.0,344281.0,70 71,36344.0,False
base,active,,344281.0,344317.0,70,-1.0,
base,active,,344281.0,344840.0,71,-1.0,
base,active,344317.0,344317.0,344357.0,70,36345.0,False
base,active,,344357.0,344840.0,70,-1.0,
base,active,,344547.0,344733.0,0 19 20 21,-1.0,
base,active,,344549.0,344756.0,22 23,-1.0,
base,active,344733.0,344733.0,344869.0,0 19 20 21,36347.0,False
base,active,344756.0,344756.0,345130.0,22 23,36348.0,False
base,active,344840.0,344840.0,344878.0,70 71,36349.0,False
base,active,,344869.0,344886.0,0,-1.0,
base,active,,344869.0,344890.0,19,-1.0,
base,active,,344869.0,345097.0,20,-1.0,
base,active,,344869.0,345132.0,21,-1.0,
base,active,,344878.0,347931.0,70 71,-1.0,
base,active,,344879.0,345443.0,24 25,-1.0,
base,active,,344879.0,345595.0,26 27 28 29 30 31 32 33 34 35 36 37 38 39 40 41 42 43 44 45 46 47 48 63 64 65,-1.0,
base,active,,344879.0,346337.0,66 67,-1.0,
base,active,,344879.0,347931.0,68 69,-1.0,
base,active,344886.0,344886.0,344918.0,0,36350.0,False
base,active,344890.0,344890.0,344908.0,19,36351.0,False
base,active,,344908.0,344996.0,19,-1.0,
base,active,,344918.0,344996.0,0,-1.0,
base,active,344996.0,344996.0,345026.0,0 19,36352.0,False
base,active,,345026.0,345095.0,0 19,-1.0,
base,active,345095.0,345095.0,345119.0,0 19,36354.0,False
base,active,345097.0,345097.0,345128.0,20,36355.0,False
base,active,,345119.0,345132.0,0 19,-1.0,
base,active,,345128.0,345132.0,20,-1.0,
base,active,,345130.0,345157.0,22 23,-1.0,
base,active,345132.0,345132.0,345255.0,0 19 20 21,36356.0,False
base,active,345157.0,345157.0,345255.0,22 23,36357.0,False
base,active,,345255.0,345310.0,0 19 20 21,-1.0,
base,active,,345255.0,345332.0,22 23,-1.0,
base,active,345310.0,345310.0,345507.0,0 19 20 21,36358.0,False
base,active,345332.0,345332.0,347931.0,22 23,36359.0,False
base,active,345443.0,345443.0,345487.0,24 25,36361.0,False
base,active,,345487.0,345595.0,24 25,-1.0,
base,active,,345507.0,345549.0,0 19,-1.0,
base,active,,345507.0,345595.0,20 21,-1.0,
base,active,345549.0,345549.0,345594.0,0 19,36364.0,False
base,active,,345594.0,345595.0,0 19,-1.0,
base,active,345595.0,345595.0,347396.0,0 19 20 21 24 25 26 27 28 29 30 31 32 33 34 35 36 37 38 39 40 41 42 43 44 45 46 47 48 63 64 65,36365.0,False
base,active,,345650.0,345866.0,1 2,-1.0,
base,active,,345650.0,346337.0,3 4 5 6 7 8 9 10 11 12 13 14 15 16 17 18 49 50 51 52 53 54 55 56 57 58 59 60 61 62,-1.0,
base,active,345866.0,345866.0,345900.0,1 2,36368.0,False
base,active,,345900.0,345920.0,1 2,-1.0,
base,active,345920.0,345920.0,345938.0,1 2,36369.0,False
base,active,,345938.0,345981.0,1 2,-1.0,
base,active,345981.0,345981.0,346018.0,1 2,36370.0,False
base,active,,346018.0,346147.0,1 2,-1.0,
base,active,346147.0,346147.0,346164.0,1 2,36371.0,False
base,active,,346164.0,346191.0,1 2,-1.0,
base,active,346191.0,346191.0,346211.0,1 2,36372.0,False
base,active,,346211.0,346263.0,1 2,-1.0,
base,active,346263.0,346263.0,346286.0,1 2,36373.0,False
base,active,,346286.0,346329.0,1 2,-1.0,
base,active,346329.0,346329.0,346430.0,1 2,36374.0,False
base,active,346337.0,346337.0,346451.0,3 4 5 6 7 8 9 10 11 12 13 14 15 16 17 18 49 50 51 52 53 54 55 56 57 58 59 60 61 62 66 67,36375.0,False
base,active,,346430.0,346447.0,1 2,-1.0,
base,active,346447.0,346447.0,346550.0,1 2,36377.0,False
base,active,,346451.0,346453.0,3,-1.0,
base,active,,346451.0,346641.0,4 5 6 7 8 9 10 11 12 13 14 15 16 17 18 49 50 51 52 53 54 55 56 57 58 59 60 61 62 66 67,-1.0,
base,active,346453.0,346453.0,346472.0,3,36378.0,False
base,active,,346472.0,346641.0,3,-1.0,
base,active,,346550.0,346611.0,1 2,-1.0,
base,active,346611.0,346611.0,346717.0,1 2,36379.0,False
base,active,346641.0,346641.0,346746.0,3 4 5 6 7 8 9 10 11 12 13 14 15 16 17 18 49 50 51 52 53 54 55 56 57 58 59 60 61 62 66 67,36380.0,False
base,active,,346717.0,346753.0,1 2,-1.0,
base,active,,346746.0,346858.0,3 4 5 6 7 8 9 10 11 12 13 14 15 16 17 18 49 50 51 52 53 54 55 56 57 58 59 60 61 62 66 67,-1.0,
base,active,346753.0,346753.0,346863.0,1 2,36381.0,False
base,active,346858.0,346858.0,346955.0,3 4 5 6 7 8 9 10 11 12 13 14 15 16 17 18 49 50 51 52 53 54 55 56 57 58 59 60 61 62 66 67,36383.0,False
base,active,,346863.0,346957.0,1,-1.0,
base,active,,346863.0,346984.0,2,-1.0,
base,active,,346955.0,347409.0,3 4 5 6 7 8 9 10 11 12 13 14 15 16 17 18,-1.0,
base,active,,346955.0,347480.0,49 50 51 52 53 54 55 56 57 58 59 60 61 62,-1.0,
base,active,,346955.0,347541.0,66,-1.0,
base,active,,346955.0,347931.0,67,-1.0,
base,active,346957.0,346957.0,346977.0,1,36384.0,False
base,active,,346977.0,346984.0,1,-1.0,
base,active,346984.0,346984.0,347081.0,1 2,36385.0,False
base,active,,347081.0,347226.0,1 2,-1.0,
base,active,347226.0,347226.0,347329.0,1 2,36387.0,False
base,active,,347329.0,347409.0,1 2,-1.0,
base,active,,347396.0,347409.0,0 19 20 21 24 25 26 27 28 29 30 31 32 33,-1.0,
base,active,,347396.0,347480.0,34 35 36 37 38 39 40 41 42 43 44 45 46 47 48 63 64 65,-1.0,
base,active,347409.0,347409.0,347604.0,0 1 2 3 4 5 6 7 8 9 10 11 12 13 14 15 16 17 18 19 20 21 24 25 26 27 28 29 30 31 32 33,36391.0,False
base,switching_off,,347464.0,349264.0,72 73 74 75 76 77 78 79 80 81 82 83 84 85 86 87 88 89 90 91 92 93 94 95,-2.0,
base,active,347480.0,347480.0,348094.0,34 35 36 37 38 39 40 41 42 43 44 45 46 47 48 49 50 51 52 53 54 55 56 57 58 59 60 61 62 63 64 65,36393.0,False
base,active,347541.0,347541.0,347575.0,66,36394.0,False
base,active,,347575.0,347897.0,66,-1.0,
base,active,,347604.0,347610.0,0 1 2 3 4 5 6 7 8 9 10 11 12 13 14 15 16 17 18 19 20 21 24 25 26 27 28 29 30 31 32 33,-1.0,
base,active,347610.0,347610.0,353052.0,0 1 2 3 4 5 6 7 8 9 10 11 12 13 14 15 16 17 18 19 20 21 24 25 26 27 28 29 30 31 32 33,36395.0,False
base,active,347897.0,347897.0,347928.0,66,36398.0,False
base,active,,347928.0,347931.0,66,-1.0,
base,active,347848.0,347931.0,348078.0,22 23 66 67 68 69 70 71,36397.0,False
base,active,,348078.0,348098.0,68,-1.0,
base,active,347941.0,348078.0,348110.0,22 23 66 67,36399.0,False
base,active,,348078.0,351678.0,69 70 71,-1.0,
base,active,347759.0,348094.0,348323.0,34 35 36 37 38 39 40 41 42 43 44 45 46 47 48 49 50 51 52 53 54 55 56 57 58 59 60 61 62 63 64 65,36396.0,False
base,active,348098.0,348098.0,348118.0,68,36401.0,False
base,active,,348110.0,348850.0,22 23,-1.0,
base,active,,348110.0,351710.0,66 67,-1.0,
base,active,,348118.0,351718.0,68,-1.0,
base,active,,348323.0,348850.0,34 35,-1.0,
base,active,,348323.0,348871.0,36 37,-1.0,
base,active,,348323.0,349203.0,38 39 40 41 42 43 44 45 46 47 48 49 50 51 52 53 54 55 56 57 58 59 60 61 62 63 64 65,-1.0,
base,active,348850.0,348850.0,349014.0,22 23 34 35,36404.0,False
base,active,348871.0,348871.0,351197.0,36 37,36406.0,False
base,active,,349014.0,349203.0,22 23 34 35,-1.0,
base,active,349203.0,349203.0,349306.0,22 23 34 35 38 39 40 41 42 43 44 45 46 47 48 49 50 51 52 53 54 55 56 57 58 59 60 61 62 63 64 65,36410.0,False
base,sleeping,,349264.0,359316.0,72 73 74 75 76 77 78 79 80 81 82 83 84 85 86 87 88 89 90 91 92 93 94 95,-4.0,
base,active,,349306.0,349309.0,22,-1.0,
base,active,,349306.0,349530.0,23 34 35 38 39 40 41 42 43 44 45 46 47 48 49 50 51 52 53 54 55 56 57 58 59 60 61 62 63 64 65,-1.0,
base,active,349309.0,349309.0,349327.0,22,36411.0,False
base,active,,349327.0,349530.0,22,-1.0,
base,active,349530.0,349530.0,349629.0,22 23 34 35 38 39 40 41 42 43 44 45 46 47 48 49 50 51 52 53 54 55 56 57 58 59 60 61 62 63 64 65,36413.0,False
base,active,,349629.0,349632.0,22,-1.0,
base,active,,349629.0,350129.0,23 34 35 38 39 40 41 42 43 44 45 46 47 48 49 50 51 52 53 54 55 56 57 58 59 60 61 62 63 64 65,-1.0,
base,active,349632.0,349632.0,349649.0,22,36414.0,False
base,active,,349649.0,350129.0,22,-1.0,
base,active,350129.0,350129.0,350241.0,22 23 34 35 38 39 40 41 42 43 44 45 46 47 48 49 50 51 52 53 54 55 56 57 58 59 60 61 62 63 64 65,36416.0,False
base,active,,350241.0,350243.0,22,-1.0,
base,active,,350241.0,350579.0,23 34 35 38 39 40 41 42 43 44 45 46 47 48 49,-1.0,
base,active,,350241.0,350585.0,50,-1.0,
base,active,,350241.0,352084.0,51 52 53 54 55 56 57 58 59 60 61 62 63 64 65,-1.0,
base,active,350243.0,350243.0,350262.0,22,36417.0,False
base,active,,350262.0,350541.0,22,-1.0,
base,active,350541.0,350541.0,350543.0,22,36423.0,False
base,active,,350543.0,350579.0,22,-1.0,
base,active,350579.0,350579.0,350955.0,22 23 34 35 38 39 40 41 42 43 44 45 46 47 48 49,36424.0,False
base,active,350585.0,350585.0,350608.0,50,36425.0,False
base,active,,350608.0,351396.0,50,-1.0,
base,active,,350955.0,351171.0,22,-1.0,
base,active,,350955.0,351198.0,23 34 35,-1.0,
base,active,,350955.0,351396.0,38 39 40 41 42 43 44 45 46 47 48 49,-1.0,
base,active,351171.0,351171.0,351196.0,22,36427.0,False
base,active,,351196.0,351198.0,22,-1.0,
base,active,,351197.0,351222.0,36 37,-1.0,
base,active,351198.0,351198.0,351367.0,22 23 34 35,36428.0,False
base,active,351222.0,351222.0,351616.0,36 37,36429.0,False
base,active,,351367.0,351386.0,22,-1.0,
base,active,,351367.0,351396.0,23 34 35,-1.0,
base,active,351386.0,351386.0,351427.0,22,36430.0,False
base,active,351396.0,351396.0,351455.0,23 34 35 38 39 40 41 42 43 44 45 46 47 48 49 50,36431.0,False
base,active,,351427.0,351592.0,22,-1.0,
base,active,,351455.0,351617.0,23 34 35,-1.0,
base,active,,351455.0,351971.0,38,-1.0,
base,active,,351455.0,352084.0,39 40 41 42 43 44 45 46 47 48 49 50,-1.0,
base,active,351592.0,351592.0,351614.0,22,36433.0,False
base,active,,351614.0,351617.0,22,-1.0,
base,active,,351616.0,351640.0,36 37,-1.0,
base,active,351617.0,351617.0,351790.0,22 23 34 35,36434.0,False
base,active,351640.0,351640.0,351854.0,36 37,36435.0,False
base,switching_off,,351678.0,353478.0,69 70 71,-2.0,
base,switching_off,,351710.0,353510.0,66 67,-2.0,
base,switching_off,,351718.0,353518.0,68,-2.0,
base,active,,351790.0,351856.0,22 23 34 35,-1.0,
base,active,,351854.0,351882.0,36 37,-1.0,
base,active,351856.0,351856.0,352084.0,22 23 34 35,36437.0,False
base,active,351882.0,351882.0,352285.0,36 37,36439.0,False
base,active,351971.0,351971.0,352005.0,38,36441.0,False
base,active,,352005.0,352035.0,38,-1.0,
base,active,352035.0,352035.0,352068.0,38,36442.0,False
base,active,,352068.0,352084.0,38,-1.0,
base,active,351919.0,352084.0,352666.0,22 23 34 35 38 39 40 41 42 43 44 45 46 47 48 49 50 51 52 53 54 55 56 57 58 59 60 61 62 63 64 65,36440.0,False
base,active,352114.0,352285.0,352327.0,36,36444.0,False
base,active,352115.0,352285.0,352352.0,37,36445.0,False
base,active,352261.0,352327.0,352349.0,36,36447.0,False
base,active,352322.0,352349.0,352459.0,36,36450.0,False
base,active,,352352.0,352459.0,37,-1.0,
base,active,352307.0,352459.0,377667.0,36 37,36449.0,False
base,active,352525.0,352666.0,352674.0,35,36454.0,False
base,active,352505.0,352666.0,352676.0,23,36452.0,False
base,active,352506.0,352666.0,352686.0,34,36453.0,False
base,active,352471.0,352666.0,352697.0,22,36451.0,False
base,active,352286.0,352666.0,352828.0,38 39 40 41,36448.0,False
base,active,,352666.0,352828.0,42 43 44 45 46 47 48 49 50 51 52 53 54 55 56 57 58 59 60 61 62 63 64 65,-1.0,
base,active,,352674.0,352828.0,35,-1.0,
base,active,,352676.0,352828.0,23,-1.0,
base,active,,352686.0,352828.0,34,-1.0,
base,active,,352697.0,352828.0,22,-1.0,
base,active,352614.0,352828.0,353348.0,22 23 34 35 38 39 40 41 42 43 44 45 46 47 48 49 50 51 52 53 54 55 56 57 58 59 60 61 62 63 64 65,36455.0,False
base,active,352943.0,353052.0,353062.0,0,36457.0,False
base,active,,353052.0,353180.0,1 2 3 4 5 6 7 8 9 10 11 12 13 14 15 16 17 18 19 20 21 24 25 26 27 28 29 30 31 32 33,-1.0,
base,active,,353062.0,353148.0,0,-1.0,
base,active,353148.0,353148.0,353151.0,0,36459.0,False
base,active,,353151.0,353180.0,0,-1.0,
base,active,353180.0,353180.0,354897.0,0 1 2 3 4 5 6 7 8 9 10 11 12 13 14 15 16 17 18 19 20 21 24 25 26 27 28 29 30 31 32 33,36460.0,False
base,active,,353348.0,353462.0,22,-1.0,
base,active,,353348.0,353821.0,23 34 35 38 39 40 41 42 43 44 45 46 47 48 49 50 51 52 53 54 55 56 57 58 59 60 61 62 63 64 65,-1.0,
base,active,353462.0,353462.0,353473.0,22,36462.0,False
base,active,,353473.0,353519.0,22,-1.0,
base,sleeping,,353478.0,359316.0,69 70 71,-4.0,
base,sleeping,,353510.0,359316.0,66 67,-4.0,
base,sleeping,,353518.0,359316.0,68,-4.0,
base,active,353519.0,353519.0,353532.0,22,36464.0,False
base,active,,353532.0,353821.0,22,-1.0,
base,active,353821.0,353821.0,354523.0,22 23 34 35 38 39 40 41 42 43 44 45 46 47 48 49 50 51 52 53 54 55 56 57 58 59 60 61 62 63 64 65,36468.0,False
base,active,,354523.0,354536.0,51 52 53 54,-1.0,
base,active,,354523.0,354601.0,55,-1.0,
base,active,354437.0,354523.0,354671.0,22,36471.0,False
base,active,,354523.0,354728.0,56 57 58 59 60 61 62 63 64 65,-1.0,
base,active,354042.0,354523.0,355080.0,23 34 35 38 39 40 41 42 43 44 45 46 47 48 49 50,36469.0,False
base,active,354536.0,354536.0,354604.0,51 52 53 54,36473.0,False
base,active,354601.0,354601.0,354728.0,55,36474.0,False
base,active,,354604.0,354728.0,51 52 53 54,-1.0,
base,active,,354671.0,354728.0,22,-1.0,
base,active,354532.0,354728.0,354819.0,22 51 52 53 54 55 56 57 58 59 60 61 62 63 64 65,36472.0,False
base,active,354776.0,354819.0,355008.0,22,36476.0,False
base,active,,354819.0,355008.0,51 52 53 54 55 56 57 58 59 60 61 62 63 64 65,-1.0,
base,active,354838.0,354897.0,354979.0,16 17 18 19 20 21 24 25 26 27 28 29 30 31 32 33,36478.0,False
base,active,354827.0,354897.0,355026.0,0 1 2 3 4 5 6 7 8 9 10 11 12 13 14 15,36477.0,False
base,active,354957.0,354979.0,355174.0,16 17 18 19 20 21 24 25 26 27 28 29 30 31 32 33,36480.0,False
base,active,354973.0,355008.0,355220.0,22 51 52 53 54 55 56 57 58 59 60 61 62 63 64 65,36481.0,False
base,active,,355026.0,355202.0,0 1 2 3 4 5 6 7 8 9 10 11 12 13 14 15,-1.0,
base,active,,355080.0,355202.0,23,-1.0,
base,active,,355080.0,355211.0,34 35 38 39 40 41 42 43 44 45 46 47 48 49 50,-1.0,
base,active,,355174.0,355202.0,16 17 18 19 20 21 24 25 26 27 28 29 30 31 32,-1.0,
base,active,,355174.0,355211.0,33,-1.0,
base,active,355202.0,355202.0,356382.0,0 1 2 3 4 5 6 7 8 9 10 11 12 13 14 15 16 17 18 19 20 21 23 24 25 26 27 28 29 30 31 32,36484.0,False
base,active,355211.0,355211.0,355435.0,33 34 35 38 39 40 41 42 43 44 45 46 47 48 49 50,36485.0,False
base,active,,355220.0,356382.0,22 51 52 53 54 55 56 57 58 59 60 61 62 63 64 65,-1.0,
base,active,,355435.0,356382.0,33 34 35 38 39 40 41 42 43 44 45 46 47 48 49 50,-1.0,
base,active,354930.0,356382.0,358037.0,0 1 2 3 4 5 6 7 8 9 10 11 12 13 14 15 16 17 18 19 20 21 22 23 24 25 26 27 28 29 30 31 32 33 34 35 38 39 40 41 42 43 44 45 46 47 48 49 50 51 52 53 54 55 56 57 58 59 60 61 62 63 64 65,36479.0,False
base,active,356595.0,358037.0,358046.0,0,36491.0,False
base,active,357349.0,358037.0,358069.0,2 3 4 5,36501.0,False
base,active,357280.0,358037.0,358075.0,1,36499.0,False
base,active,357542.0,358037.0,358092.0,6 7 8 9 10 11 12 13,36502.0,False
base,active,,358037.0,358092.0,48 49 50 51 52 53 54 55 56 57 58 59 60 61 62 63 64 65,-1.0,
base,active,356391.0,358037.0,358477.0,14 15 16 17 18 19 20 21 22 23 24 25 26 27 28 29 30 31 32 33 34 35 38 39 40 41 42 43 44 45 46 47,36490.0,False
base,active,,358046.0,358092.0,0,-1.0,
base,active,,358069.0,358092.0,2 3 4 5,-1.0,
base,active,,358075.0,358092.0,1,-1.0,
base,active,357155.0,358092.0,358691.0,0 1 2 3 4 5 6 7 8 9 10 11 12 13 48 49 50 51 52 53 54 55 56 57 58 59 60 61 62 63 64 65,36497.0,False
base,active,,358477.0,358578.0,18 19 20 21,-1.0,
base,active,,358477.0,358691.0,22 23 24 25 26 27 28 29 30 31 32 33 34 35,-1.0,
base,active,358200.0,358477.0,358743.0,14 15 16 17,36507.0,False
base,active,,358477.0,359316.0,38 39 40 41 42 43 44 45 46 47,-1.0,
base,active,358578.0,358578.0,358599.0,18 19 20 21,36511.0,False
base,active,,358599.0,358691.0,18 19 20 21,-1.0,
base,active,,358691.0,359316.0,48 49 50 51 52 53 54 55 56 57 58 59 60 61 62 63 64 65,-1.0,
base,active,358105.0,358691.0,359893.0,0 1 2 3 4 5 6 7 8 9 10 11 12 13 18 19 20 21 22 23 24 25 26 27 28 29 30 31 32 33 34 35,36506.0,False
base,active,,358743.0,358779.0,14 15 16 17,-1.0,
base,active,358779.0,358779.0,358810.0,14 15 16 17,36515.0,False
base,active,,358810.0,358957.0,14 15 16 17,-1.0,
base,active,358957.0,358957.0,359099.0,14 15 16 17,36519.0,False
base,active,,359099.0,359316.0,14 15 16 17,-1.0,
base,switching_on,,359316.0,362016.0,66 67 68 69 70 71 72 73 74 75 76 77 78 79 80 81 82 83 84 85 86 87 88 89 90 91 92 93 94 95 96 97,-3.0,
base,active,359316.0,359316.0,375235.0,14 15 16 17 38 39 40 41 42 43 44 45 46 47 48 49 50 51 52 53 54 55 56 57 58 59 60 61 62 63 64 65,36520.0,False
base,active,359715.0,359893.0,359962.0,0 1 2 3,36522.0,False
base,active,,359893.0,362016.0,4 5 6 7 8 9 10 11 12 13 18 19 20 21 22 23 24 25 26 27 28 29 30 31 32 33 34 35,-1.0,
base,active,,359962.0,362016.0,0 1 2 3,-1.0,
base,active,356606.0,362016.0,362190.0,0 1 2 3 4 5 6 7 8 9 10 11 12 13 18 19 20 21 22 23 24 25 26 27 28 29 30 31 32 33 34 35 66 67 68 69 70 71 72 73 74 75 76 77 78 79 80 81 82 83 84 85 86 87 88 89 90 91 92 93 94 95 96 97,36492.0,False
base,active,357625.0,362190.0,362289.0,0 1 2 3 4 5 6 7 8 9 10 11 12 13 18 19 20 21 22 23 24 25 26 27 28 29 30 31 32 33 34 35 66 67 68 69 70 71 72 73 74 75 76 77 78 79 80 81 82 83 84 85 86 87 88 89 90 91 92 93 94 95 96 97,36503.0,False
base,active,357980.0,362289.0,362464.0,0 1 2 3 4 5 6 7 8 9 10 11 12 13 18 19 20 21 22 23 24 25 26 27 28 29 30 31 32 33 34 35 66 67 68 69 70 71 72 73 74 75 76 77 78 79 80 81 82 83 84 85 86 87 88 89 90 91 92 93 94 95 96 97,36505.0,False
base,active,358236.0,362464.0,362670.0,0 1 2 3 4 5 6 7 8 9 10 11 12 13 18 19 20 21 22 23 24 25 26 27 28 29 30 31 32 33 34 35 66 67 68 69 70 71 72 73 74 75 76 77 78 79 80 81 82 83 84 85 86 87 88 89 90 91 92 93 94 95 96 97,36508.0,False
base,active,358455.0,362670.0,362851.0,0 1 2 3 4 5 6 7 8 9 10 11 12 13 18 19 20 21 22 23 24 25 26 27 28 29 30 31 32 33 34 35 66 67 68 69 70 71 72 73 74 75 76 77 78 79 80 81 82 83 84 85 86 87 88 89 90 91 92 93 94 95 96 97,36510.0,False
base,active,358647.0,362851.0,363053.0,0 1 2 3 4 5 6 7 8 9 10 11 12 13 18 19 20 21 22 23 24 25 26 27 28 29 30 31 32 33 34 35 66 67 68 69 70 71 72 73 74 75 76 77 78 79 80 81 82 83 84 85 86 87 88 89 90 91 92 93 94 95 96 97,36512.0,False
base,active,361185.0,363053.0,363245.0,0 1 2 3 4 5 6 7 8 9 10 11 12 13 18 19 20 21 22 23 24 25 26 27 28 29 30 31 32 33 34 35 66 67 68 69 70 71 72 73 74 75 76 77 78 79 80 81 82 83 84 85 86 87 88 89 90 91 92 93 94 95 96 97,36532.0,False
base,active,363229.0,363245.0,363248.0,1,36548.0,False
base,active,363212.0,363245.0,363255.0,0,36547.0,False
base,active,363234.0,363245.0,363259.0,2,36549.0,False
base,active,,363245.0,363259.0,3 4 5 6 7 8 9 10 11 12 13 18 19 20 21 22 23 24 25 26 27 28 29 30 31 32 33 34 35 66 67 68 69 70 71 72 73 74 75 76 77 78 79 80 81 82 83 84 85 86 87 88 89 90 91 92 93 94 95 96 97,-1.0,
base,active,,363248.0,363259.0,1,-1.0,
base,active,,363255.0,363259.0,0,-1.0,
base,active,361392.0,363259.0,363458.0,0 1 2 3 4 5 6 7 8 9 10 11 12 13 18 19 20 21 22 23 24 25 26 27 28 29 30 31 32 33 34 35 66 67 68 69 70 71 72 73 74 75 76 77 78 79 80 81 82 83 84 85 86 87 88 89 90 91 92 93 94 95 96 97,36534.0,False
base,active,362044.0,363458.0,364624.0,0 1 2 3 4 5 6 7 8 9 10 11 12 13 18 19 20 21 22 23 24 25 26 27 28 29 30 31 32 33 34 35 66 67 68 69 70 71 72 73 74 75 76 77 78 79 80 81 82 83 84 85 86 87 88 89 90 91 92 93 94 95 96 97,36539.0,False
base,active,364413.0,364624.0,364759.0,1 2 3 4 5 6 7 8,36555.0,False
base,active,364073.0,364624.0,364789.0,0,36552.0,False
base,active,,364624.0,364789.0,75 76 77 78 79 80 81 82 83 84 85 86 87 88 89 90 91 92 93 94 95 96 97,-1.0,
base,active,363603.0,364624.0,365743.0,9 10 11 12 13 18 19 20 21 22 23 24 25 26 27 28 29 30 31 32 33 34 35 66 67 68 69 70 71 72 73 74,36550.0,False
base,active,,364759.0,364789.0,1 2 3 4 5 6 7 8,-1.0,
base,active,364394.0,364789.0,364939.0,0 1 2 3 4 5 6 7 8 75 76 77 78 79 80 81 82 83 84 85 86 87 88 89 90 91 92 93 94 95 96 97,36554.0,False
base,active,364808.0,364939.0,365098.0,0 1 2 3 4 5 6 7 8 75 76 77 78 79 80 81 82 83 84 85 86 87 88 89 90 91 92 93 94 95 96 97,36561.0,False
base,active,365054.0,365098.0,365279.0,0 1 2 3 4 5 6 7 8 75 76 77 78 79 80 81 82 83 84 85 86 87 88 89 90 91 92 93 94 95 96 97,36562.0,False
base,active,365261.0,365279.0,365668.0,0 1 2 3 4 5 6 7 8 75 76 77 78 79 80 81 82 83 84 85 86 87 88 89 90 91 92 93 94 95 96 97,36564.0,False
base,active,,365668.0,365784.0,0 1 2 3 4 5 6 7 8,-1.0,
base,active,,365668.0,368800.0,75 76 77 78 79 80 81 82 83 84 85 86 87 88 89 90 91 92 93 94 95 96 97,-1.0,
base,active,,365743.0,365784.0,9 10 11 12 13 18 19 20 21 22 23 24 25 26 27 28 29 30 31 32 33 34 35,-1.0,
base,active,,365743.0,365883.0,66,-1.0,
base,active,,365743.0,368707.0,67 68 69 70 71 72 73 74,-1.0,
base,active,365784.0,365784.0,366040.0,0 1 2 3 4 5 6 7 8 9 10 11 12 13 18 19 20 21 22 23 24 25 26 27 28 29 30 31 32 33 34 35,36566.0,False
base,active,365883.0,365883.0,365912.0,66,36567.0,False
base,active,,365912.0,366914.0,66,-1.0,
base,active,,366040.0,366707.0,0,-1.0,
base,active,,366040.0,366914.0,1 2 3 4 5 6 7 8 9 10 11 12 13 18 19 20 21 22 23 24 25 26 27 28 29 30 31 32 33 34 35,-1.0,
base,active,366707.0,366707.0,366816.0,0,36573.0,False
base,active,,366816.0,366912.0,0,-1.0,
base,active,366912.0,366912.0,367040.0,0,36575.0,False
base,active,366914.0,366914.0,367116.0,1 2 3 4 5 6 7 8 9 10 11 12 13 18 19 20 21 22 23 24 25 26 27 28 29 30 31 32 33 34 35 66,36576.0,False
base,active,,367040.0,367466.0,0,-1.0,
base,active,,367116.0,367466.0,1 2 3 4 5 6 7 8 9 10 11 12 13 18 19 20 21 22 23 24 25 26 27 28 29 30 31 32 33 34 35,-1.0,
base,active,,367116.0,367731.0,66,-1.0,
base,active,367466.0,367466.0,367669.0,0 1 2 3 4 5 6 7 8 9 10 11 12 13 18 19 20 21 22 23 24 25 26 27 28 29 30 31 32 33 34 35,36578.0,False
base,active,,367669.0,367676.0,0,-1.0,
base,active,,367669.0,367731.0,1 2 3 4 5 6 7 8 9 10 11 12 13 18 19 20 21 22 23 24 25 26 27 28 29 30 31 32 33 34 35,-1.0,
base,active,367676.0,367676.0,367834.0,0,36580.0,False
base,active,367731.0,367731.0,367913.0,1 2 3 4 5 6 7 8 9 10 11 12 13 18 19 20 21 22 23 24 25 26 27 28 29 30 31 32 33 34 35 66,36582.0,False
base,active,,367834.0,367915.0,0,-1.0,
base,active,,367913.0,368173.0,1 2 3 4 5 6 7 8 9 10 11 12 13 18 19 20 21 22 23 24 25 26 27 28 29 30 31 32 33 34 35,-1.0,
base,active,,367913.0,368381.0,66,-1.0,
base,active,367915.0,367915.0,367934.0,0,36585.0,False
base,active,,367934.0,367947.0,0,-1.0,
base,active,367947.0,367947.0,368040.0,0,36587.0,False
base,active,,368040.0,368173.0,0,-1.0,
base,active,368173.0,368173.0,368506.0,0 1 2 3 4 5 6 7 8 9 10 11 12 13 18 19 20 21 22 23 24 25 26 27 28 29 30 31 32 33 34 35,36588.0,False
base,active,368381.0,368381.0,368484.0,66,36589.0,False
base,active,,368484.0,368630.0,66,-1.0,
base,active,,368506.0,368508.0,0,-1.0,
base,active,,368506.0,368510.0,1,-1.0,
base,active,,368506.0,368593.0,2 3 4 5 6 7 8 9 10 11 12 13 18 19 20 21 22 23 24 25 26 27 28 29 30 31 32 33 34 35,-1.0,
base,active,368508.0,368508.0,368529.0,0,36591.0,False
base,active,368510.0,368510.0,368519.0,1,36592.0,False
base,active,,368519.0,368593.0,1,-1.0,
base,active,,368529.0,368593.0,0,-1.0,
base,active,368593.0,368593.0,373086.0,0 1 2 3 4 5 6 7 8 9 10 11 12 13 18 19 20 21 22 23 24 25 26 27 28 29 30 31 32 33 34 35,36593.0,False
base,active,368630.0,368630.0,368779.0,66,36594.0,False
base,active,368707.0,368707.0,368800.0,67 68 69 70 71 72 73 74,36596.0,False
base,active,,368779.0,368800.0,66,-1.0,
base,active,368641.0,368800.0,368954.0,66 67 68 69 70 71 72 73 74 75 76 77 78 79 80 81 82 83 84 85 86 87 88 89 90 91 92 93 94 95 96 97,36595.0,False
base,active,368858.0,368954.0,369064.0,66,36597.0,False
base,active,,368954.0,369919.0,67 68 69,-1.0,
base,active,,368954.0,370081.0,70,-1.0,
base,active,,368954.0,370397.0,71 72 73 74,-1.0,
base,active,,368954.0,370428.0,75,-1.0,
base,active,,368954.0,371143.0,76 77 78 79 80 81,-1.0,
base,active,,368954.0,372373.0,82,-1.0,
base,active,,368954.0,372554.0,83 84 85 86 87 88 89 90 91 92 93 94 95 96 97,-1.0,
base,active,,369064.0,369919.0,66,-1.0,
base,active,369919.0,369919.0,369997.0,66 67 68 69,36604.0,False
base,active,,369997.0,370056.0,66,-1.0,
base,active,,369997.0,370081.0,67 68 69,-1.0,
base,active,370056.0,370056.0,370308.0,66,36606.0,False
base,active,370081.0,370081.0,370157.0,67 68 69 70,36607.0,False
base,active,,370157.0,370397.0,67 68 69 70,-1.0,
base,active,,370308.0,370336.0,66,-1.0,
base,active,370336.0,370336.0,370475.0,66,36608.0,False
base,active,370397.0,370397.0,370463.0,67 68 69 70 71 72 73 74,36609.0,False
base,active,370428.0,370428.0,370449.0,75,36610.0,False
base,active,,370449.0,371143.0,75,-1.0,
base,active,,370463.0,371143.0,67 68 69 70 71 72 73 74,-1.0,
base,active,,370475.0,370918.0,66,-1.0,
base,active,370918.0,370918.0,371044.0,66,36615.0,False
base,active,,371044.0,371143.0,66,-1.0,
base,active,371143.0,371143.0,371159.0,66 67 68 69 70 71 72 73 74 75 76 77 78 79 80 81,36618.0,False
base,active,,371159.0,371172.0,66 67 68 69 70 71 72 73 74 75 76 77 78 79 80 81,-1.0,
base,active,371172.0,371172.0,371278.0,66 67 68 69 70 71 72 73 74 75 76 77 78 79 80 81,36619.0,False
base,active,,371278.0,371399.0,66 67 68 69 70 71 72 73 74 75 76 77 78 79 80 81,-1.0,
base,active,371399.0,371399.0,371528.0,66 67 68 69 70 71 72 73 74 75 76 77 78 79 80 81,36620.0,False
base,active,,371528.0,371547.0,66 67 68 69 70 71 72 73,-1.0,
base,active,,371528.0,372010.0,74 75 76 77 78 79 80 81,-1.0,
base,active,371547.0,371547.0,371605.0,66 67 68 69 70 71 72 73,36622.0,False
base,active,,371605.0,371654.0,66 67 68 69,-1.0,
base,active,,371605.0,371829.0,70,-1.0,
base,active,,371605.0,371918.0,71 72 73,-1.0,
base,active,371654.0,371654.0,371724.0,66 67 68 69,36623.0,False
base,active,,371724.0,371725.0,66,-1.0,
base,active,,371724.0,371829.0,67 68 69,-1.0,
base,active,371725.0,371725.0,371849.0,66,36624.0,False
base,active,371829.0,371829.0,371907.0,67 68 69 70,36625.0,False
base,active,,371849.0,371918.0,66,-1.0,
base,active,,371907.0,371918.0,67 68 69 70,-1.0,
base,active,371918.0,371918.0,371985.0,66 67 68 69 70 71 72 73,36626.0,False
base,active,,371985.0,372010.0,66 67 68 69 70 71 72 73,-1.0,
base,active,372010.0,372010.0,372106.0,66 67 68 69 70 71 72 73 74 75 76 77 78 79 80 81,36628.0,False
base,active,,372106.0,372284.0,66 67 68 69 70 71 72 73,-1.0,
base,active,,372106.0,372346.0,74 75 76 77 78 79 80 81,-1.0,
base,active,372284.0,372284.0,372341.0,66 67 68 69 70 71 72 73,36629.0,False
base,active,,372341.0,372346.0,66 67 68 69 70 71 72 73,-1.0,
base,active,372346.0,372346.0,372410.0,66 67 68 69 70 71 72 73 74 75 76 77 78 79 80 81,36631.0,False
base,active,372373.0,372373.0,372517.0,82,36632.0,False
base,active,,372410.0,372623.0,66,-1.0,
base,active,,372410.0,375141.0,67 68 69 70 71 72 73,-1.0,
base,active,,372410.0,376010.0,74 75 76 77 78 79 80 81,-1.0,
base,active,,372517.0,376117.0,82,-1.0,
base,switching_off,,372554.0,374354.0,83 84 85 86 87 88 89 90 91 92 93 94 95 96 97,-2.0,
base,active,372623.0,372623.0,372744.0,66,36637.0,False
base,active,,372744.0,372868.0,66,-1.0,
base,active,372868.0,372868.0,372982.0,66,36638.0,False
base,active,,372982.0,374394.0,66,-1.0,
base,active,,373086.0,373163.0,0,-1.0,
base,active,,373086.0,373265.0,1 2 3 4,-1.0,
base,active,,373086.0,373354.0,5 6 7,-1.0,
base,active,,373086.0,373470.0,8 9 10 11 12 13 18 19,-1.0,
base,active,,373086.0,374356.0,20 21 22 23 24 25 26 27 28 29 30 31 32 33 34 35,-1.0,
base,active,373163.0,373163.0,373277.0,0,36640.0,False
base,active,373265.0,373265.0,373334.0,1 2 3 4,36641.0,False
base,active,,373277.0,373354.0,0,-1.0,
base,active,,373334.0,373354.0,1 2 3 4,-1.0,
base,active,373354.0,373354.0,373416.0,0 1 2 3 4 5 6 7,36642.0,False
base,active,,373416.0,373470.0,0 1 2 3 4 5 6 7,-1.0,
base,active,373470.0,373470.0,373530.0,0 1 2 3 4 5 6 7 8 9 10 11 12 13 18 19,36644.0,False
base,active,,373530.0,373539.0,0,-1.0,
base,active,,373530.0,374356.0,1 2 3 4 5 6 7 8 9 10 11 12 13 18 19,-1.0,
base,active,373539.0,373539.0,373650.0,0,36645.0,False
base,active,,373650.0,373800.0,0,-1.0,
base,active,373800.0,373800.0,373916.0,0,36646.0,False
base,active,,373916.0,373928.0,0,-1.0,
base,active,373928.0,373928.0,374057.0,0,36650.0,False
base,active,,374057.0,374356.0,0,-1.0,
base,sleeping,,374354.0,377917.0,83 84 85 86 87 88 89 90 91 92 93 94 95 96 97,-4.0,
base,active,374356.0,374356.0,374854.0,0 1 2 3 4 5 6 7 8 9 10 11 12 13 18 19 20 21 22 23 24 25 26 27 28 29 30 31 32 33 34 35,36653.0,False
base,active,374394.0,374394.0,374568.0,66,36654.0,False
base,active,,374568.0,374667.0,66,-1.0,
base,active,374667.0,374667.0,374776.0,66,36656.0,False
base,active,,374776.0,374961.0,66,-1.0,
base,active,,374854.0,374937.0,0 1 2 3 4 5 6 7 8 9 10 11 12 13 18 19 20 21 22 23 24 25 26 27 28 29 30 31 32 33 34 35,-1.0,
base,active,374937.0,374937.0,376204.0,0 1 2 3 4 5 6 7 8 9 10 11 12 13 18 19 20 21 22 23 24 25 26 27 28 29 30 31 32 33 34 35,36657.0,False
base,active,374961.0,374961.0,375129.0,66,36658.0,False
base,active,,375129.0,375141.0,66,-1.0,
base,active,375141.0,375141.0,377520.0,66 67 68 69 70 71 72 73,36660.0,False
base,active,,375235.0,375246.0,14,-1.0,
base,active,,375235.0,377331.0,15 16 17 38 39 40 41 42 43 44 45 46 47 48 49 50 51 52 53 54 55 56 57 58 59 60 61 62 63 64 65,-1.0,
base,active,375246.0,375246.0,375400.0,14,36661.0,False
base,active,,375400.0,375536.0,14,-1.0,
base,active,375536.0,375536.0,375664.0,14,36664.0,False
base,active,,375664.0,375815.0,14,-1.0,
base,active,375815.0,375815.0,375929.0,14,36668.0,False
base,active,,375929.0,376032.0,14,-1.0,
base,switching_off,,376010.0,377810.0,74 75 76 77 78 79 80 81,-2.0,
base,active,376032.0,376032.0,376159.0,14,36669.0,False
base,switching_off,,376117.0,377917.0,82,-2.0,
base,active,,376159.0,377331.0,14,-1.0,
base,active,,376204.0,376206.0,0,-1.0,
base,active,,376204.0,377331.0,1 2 3 4 5 6 7 8 9 10 11 12 13 18 19 20 21 22 23 24 25 26 27 28 29 30 31 32 33 34 35,-1.0,
base,active,376206.0,376206.0,376219.0,0,36671.0,False
base,active,,376219.0,376226.0,0,-1.0,
base,active,376226.0,376226.0,376352.0,0,36672.0,False
base,active,,376352.0,377331.0,0,-1.0,
base,active,377331.0,377331.0,383909.0,0 1 2 3 4 5 6 7 8 9 10 11 12 13 14 15 16 17 18 19 20 21 22 23 24 25 26 27 28 29 30 31 32 33 34 35 38 39 40 41 42 43 44 45 46 47 48 49 50 51 52 53 54 55 56 57 58 59 60 61 62 63 64 65,36679.0,False
base,active,377360.0,377520.0,377527.0,66,36680.0,False
base,active,377371.0,377520.0,377529.0,67,36681.0,False
base,active,,377520.0,380617.0,68 69 70 71 72 73,-1.0,
base,active,,377527.0,380617.0,66,-1.0,
base,active,,377529.0,380617.0,67,-1.0,
base,active,,377667.0,380617.0,36 37,-1.0,
base,sleeping,,377810.0,377917.0,74 75 76 77 78 79 80 81,-4.0,
base,switching_on,,377917.0,380617.0,74 75 76 77 78 79 80 81 82 83 84 85 86 87 88 89 90 91 92 93 94 95 96 97 98 99 100 101 102 103 104 105 106 107 108 109 110 111 112 113 114 115 116 117 118 119 120 121 122 123 124 125 126 127,-3.0,
base,active,377527.0,380617.0,387485.0,36 37 66 67 68 69 70 71 72 73 74 75 76 77 78 79 80 81 82 83 84 85 86 87 88 89 90 91 92 93 94 95 96 97 98 99 100 101 102 103 104 105 106 107 108 109 110 111 112 113 114 115 116 117 118 119 120 121 122 123 124 125 126 127,36682.0,False
base,active,,383909.0,384513.0,0 1 2 3 4 5 6 7 8 9 10 11 12 13 14 15 16 17 18 19 20 21 22 23 24 25 26 27 28 29 30 31 32 33 34 35 38 39 40 41 42 43 44 45 46 47 48 49 50 51 52 53 54 55 56 57 58 59 60 61 62 63 64 65,-1.0,
base,active,384513.0,384513.0,395437.0,0 1 2 3 4 5 6 7 8 9 10 11 12 13 14 15 16 17 18 19 20 21 22 23 24 25 26 27 28 29 30 31 32 33 34 35 38 39 40 41 42 43 44 45 46 47 48 49 50 51 52 53 54 55 56 57 58 59 60 61 62 63 64 65,36685.0,False
base,active,384718.0,387485.0,387641.0,36 37 66 67 68 69 70 71 72 73 74 75 76 77 78 79 80 81 82 83 84 85 86 87 88 89 90 91 92 93 94 95 96 97 98 99 100 101 102 103 104 105 106 107 108 109 110 111 112 113 114 115 116 117 118 119 120 121 122 123 124 125 126 127,36687.0,False
base,active,,387641.0,395437.0,36 37 66 67 68 69 70 71 72 73 74 75 76 77 78 79 80 81 82 83 84 85 86 87 88 89 90 91 92 93 94 95 96 97 98 99 100 101 102 103 104 105 106 107 108 109 110 111 112 113 114 115 116 117 118 119 120 121 122 123 124 125 126 127,-1.0,
base,active,384404.0,395437.0,395542.0,0 1 2 3 4 5 6 7 8 9 10 11 12 13 14 15 16 17 18 19 20 21 22 23 24 25 26 27 28 29 30 31 32 33 34 35 36 37 38 39 40 41 42 43 44 45 46 47 48 49 50 51 52 53 54 55 56 57 58 59 60 61 62 63 64 65 66 67 68 69 70 71 72 73 74 75 76 77 78 79 80 81 82 83 84 85 86 87 88 89 90 91 92 93 94 95 96 97 98 99 100 101 102 103 104 105 106 107 108 109 110 111 112 113 114 115 116 117 118 119 120 121 122 123 124 125 126 127,36684.0,False
base,active,395445.0,395542.0,395631.0,0 1 2 3 4 5 6 7 8 9 10 11 12 13 14 15 16 17 18 19 20 21 22 23 24 25 26 27 28 29 30 31 32 33 34 35 36 37 38 39 40 41 42 43 44 45 46 47 48 49 50 51 52 53 54 55 56 57 58 59 60 61 62 63 64 65 66 67 68 69 70 71 72 73 74 75 76 77 78 79 80 81 82 83 84 85 86 87 88 89 90 91 92 93 94 95 96 97 98 99 100 101 102 103 104 105 106 107 108 109 110 111 112 113 114 115 116 117 118 119 120 121 122 123 124 125 126 127,36762.0,False
base,active,395538.0,395631.0,406555.0,0 1 2 3 4 5 6 7 8 9 10 11 12 13 14 15 16 17 18 19 20 21 22 23 24 25 26 27 28 29 30 31 32 33 34 35 36 37 38 39 40 41 42 43 44 45 46 47 48 49 50 51 52 53 54 55 56 57 58 59 60 61 62 63 64 65 66 67 68 69 70 71 72 73 74 75 76 77 78 79 80 81 82 83 84 85 86 87 88 89 90 91 92 93 94 95 96 97 98 99 100 101 102 103 104 105 106 107 108 109 110 111 112 113 114 115 116 117 118 119 120 121 122 123 124 125 126 127,36763.0,False
base,active,,406555.0,410112.0,0 1,-1.0,
base,active,,406555.0,410155.0,2 3 4 5 6 7 8 9 10 11 12 13 14 15 16 17 18 19 20 21 22 23 24 25 26 27 28 29 30 31 32 33 34 35 36 37 38 39 40 41 42 43 44 45 46 47 48 49 50 51 52 53 54 55 56 57 58 59 60 61 62 63 64 65 66 67 68 69 70 71 72 73 74 75 76 77 78 79 80 81 82 83 84 85 86 87 88 89 90 91 92 93 94 95 96 97 98 99 100 101 102 103 104 105 106 107 108 109 110 111 112 113 114 115 116 117 118 119 120 121 122 123 124 125 126 127,-1.0,
base,active,410112.0,410112.0,410166.0,0 1,36804.0,False
base,switching_off,,410155.0,411955.0,2 3 4 5 6 7 8 9 10 11 12 13 14 15 16 17 18 19 20 21 22 23 24 25 26 27 28 29 30 31 32 33 34 35 36 37 38 39 40 41 42 43 44 45 46 47 48 49 50 51 52 53 54 55 56 57 58 59 60 61 62 63 64 65 66 67 68 69 70 71 72 73 74 75 76 77 78 79 80 81 82 83 84 85 86 87 88 89 90 91 92 93 94 95 96 97 98 99 100 101 102 103 104 105 106 107 108 109 110 111 112 113 114 115 116 117 118 119 120 121 122 123 124 125 126 127,-2.0,
base,active,,410166.0,410206.0,0 1,-1.0,
base,active,410206.0,410206.0,410277.0,0 1,36805.0,False
base,active,410270.0,410277.0,410280.0,0,36806.0,False
base,active,,410277.0,410351.0,1,-1.0,
base,active,,410280.0,410291.0,0,-1.0,
base,active,410291.0,410291.0,410308.0,0,36807.0,False
base,active,,410308.0,410351.0,0,-1.0,
base,active,410351.0,410351.0,410386.0,0 1,36810.0,False
base,active,,410386.0,410955.0,0 1,-1.0,
base,active,410955.0,410955.0,410972.0,0 1,36816.0,False
base,active,,410972.0,410980.0,0 1,-1.0,
base,active,410980.0,410980.0,410997.0,0 1,36817.0,False
base,active,,410997.0,411101.0,0 1,-1.0,
base,active,411101.0,411101.0,411119.0,0 1,36821.0,False
base,active,,411119.0,413270.0,0 1,-1.0,
base,sleeping,,411955.0,412237.0,76 77 78 79 80 81 82 83 84 85 86 87 88 89 90 91 92 93 94 95 96 97 98 99 100 101 102 103 104 105 106 107 108 109 110 111 112 113 114 115 116 117 118 119 120 121 122 123 124 125 126 127,-4.0,
base,switching_on,,411955.0,414655.0,2 3 4 5 6 7 8 9 10 11 12 13 14 15 16 17 18 19 20 21 22 23 24 25 26 27 28 29 30 31 32 33 34 35 36 37 38 39 40 41 42 43 44 45 46 47 48 49 50 51 52 53 54 55 56 57 58 59 60 61 62 63 64 65 66 67 68 69 70 71 72 73 74 75,-3.0,
base,switching_on,,412237.0,414937.0,76 77 78 79 80 81 82 83 84 85 86 87 88 89 90 91 92 93 94 95 96 97 98 99 100 101 102 103 104 105 106 107 108 109 110 111 112 113 114 115 116 117 118 119 120 121 122 123 124 125 126 127,-3.0,
base,active,413270.0,413270.0,413300.0,0 1,36845.0,False
base,active,,413300.0,413938.0,0,-1.0,
base,active,,413300.0,414655.0,1,-1.0,
base,active,413938.0,413938.0,413954.0,0,36855.0,False
base,active,,413954.0,414655.0,0,-1.0,
base,active,411010.0,414655.0,414677.0,0 1 2 3,36818.0,False
base,active,411052.0,414655.0,414692.0,4 5 6 7 8 9 10 11,36819.0,False
base,active,413329.0,414655.0,414711.0,60 61 62 63 64 65 66 67 68 69 70 71 72 73 74 75,36847.0,False
base,active,414544.0,414655.0,414716.0,20 21 22 23 24 25 26 27,36867.0,False
base,active,414126.0,414655.0,414725.0,12 13 14 15 16 17 18 19,36861.0,False
base,active,411141.0,414655.0,414763.0,44 45 46 47 48 49 50 51 52 53 54 55 56 57 58 59,36824.0,False
base,active,411123.0,414655.0,414771.0,28 29 30 31 32 33 34 35 36 37 38 39 40 41 42 43,36822.0,False
base,active,,414677.0,414711.0,0 1 2 3,-1.0,
base,active,,414692.0,414711.0,4 5 6 7 8 9 10 11,-1.0,
base,active,,414711.0,414716.0,64 65 66 67 68 69 70 71,-1.0,
base,active,413414.0,414711.0,414815.0,0 1 2 3 4 5 6 7 8 9 10 11 60 61 62 63,36848.0,False
base,active,,414711.0,414937.0,72 73 74 75,-1.0,
base,active,413422.0,414716.0,414817.0,20 21 22 23 24 25 26 27 64 65 66 67 68 69 70 71,36849.0,False
base,active,,414725.0,414771.0,12 13 14 15 16 17 18 19,-1.0,
base,active,,414763.0,414771.0,44 45 46 47 48 49 50 51,-1.0,
base,active,,414763.0,414817.0,52 53 54 55 56 57 58 59,-1.0,
base,active,411438.0,414771.0,415053.0,12 13 14 15 16 17 18 19 28 29 30 31 32 33 34 35 36 37 38 39 40 41 42 43 44 45 46 47 48 49 50 51,36827.0,False
base,active,,414815.0,414817.0,0 1 2 3 4 5 6 7 8 9 10 11 60 61 62 63,-1.0,
base,active,414103.0,414817.0,414909.0,0 1 2 3 4 5 6 7 8 9 10 11 20 21 22 23 24 25 26 27 52 53 54 55 56 57 58 59 60 61 62 63,36860.0,False
base,active,,414817.0,414937.0,64 65 66 67 68 69 70 71,-1.0,
base,active,414516.0,414909.0,414996.0,0 1 2 3 4 5 6 7 8 9 10 11 20 21 22 23 24 25 26 27 52 53 54 55 56 57 58 59 60 61 62 63,36866.0,False
base,active,413661.0,414937.0,415211.0,64 65 66 67 68 69 70 71 72 73 74 75 76 77 78 79 80 81 82 83 84 85 86 87 88 89 90 91 92 93 94 95 96 97 98 99 100 101 102 103 104 105 106 107 108 109 110 111 112 113 114 115 116 117 118 119 120 121 122 123 124 125 126 127,36853.0,False
base,active,,414996.0,415211.0,0 1 2 3 4 5 6 7 8 9 10 11 20 21 22 23 24 25 26 27 52 53 54 55 56 57 58 59 60 61 62 63,-1.0,
base,active,,415053.0,415211.0,12 13 14 15 16 17 18 19 28 29 30 31 32 33 34 35 36 37 38 39 40 41 42 43 44 45 46 47 48 49 50 51,-1.0,
base,active,411996.0,415211.0,415239.0,0 1 2 3 4 5 6 7 8 9 10 11 12 13 14 15 16 17 18 19 20 21 22 23 24 25 26 27 28 29 30 31 32 33 34 35 36 37 38 39 40 41 42 43 44 45 46 47 48 49 50 51 52 53 54 55 56 57 58 59 60 61 62 63 64 65 66 67 68 69 70 71 72 73 74 75 76 77 78 79 80 81 82 83 84 85 86 87 88 89 90 91 92 93 94 95 96 97 98 99 100 101 102 103 104 105 106 107 108 109 110 111 112 113 114 115 116 117 118 119 120 121 122 123 124 125 126 127,36836.0,False
base,active,412106.0,415239.0,415691.0,0 1 2 3 4 5 6 7 8 9 10 11 12 13 14 15 16 17 18 19 20 21 22 23 24 25 26 27 28 29 30 31 32 33 34 35 36 37 38 39 40 41 42 43 44 45 46 47 48 49 50 51 52 53 54 55 56 57 58 59 60 61 62 63 64 65 66 67 68 69 70 71 72 73 74 75 76 77 78 79 80 81 82 83 84 85 86 87 88 89 90 91 92 93 94 95 96 97 98 99 100 101 102 103 104 105 106 107 108 109 110 111 112 113 114 115 116 117 118 119 120 121 122 123 124 125 126 127,36837.0,False
base,active,415552.0,415691.0,415765.0,0 1 2 3 4 5 6 7,36874.0,False
base,active,415528.0,415691.0,415787.0,8 9 10 11 12 13 14 15 16 17 18 19 20 21 22 23 24 25 26 27 28 29 30 31 32 33 34 35 36 37 38 39,36873.0,False
base,active,,415691.0,415787.0,40 41 42 43 44 45 46 47 48 49 50 51 52 53 54 55 56 57 58 59 60 61 62 63 64 65 66 67 68 69 70 71 72 73 74 75 76 77 78 79 80 81 82 83 84 85 86 87 88 89 90 91 92 93 94 95 96 97 98 99 100 101 102 103 104 105 106 107 108 109 110 111 112 113 114 115 116 117 118 119 120 121 122 123 124 125 126 127,-1.0,
base,active,,415765.0,415787.0,0 1 2 3 4 5 6 7,-1.0,
base,active,414711.0,415787.0,415865.0,0 1 2 3 4 5 6 7 8 9 10 11 12 13 14 15 16 17 18 19 20 21 22 23 24 25 26 27 28 29 30 31 32 33 34 35 36 37 38 39 40 41 42 43 44 45 46 47 48 49 50 51 52 53 54 55 56 57 58 59 60 61 62 63 64 65 66 67 68 69 70 71 72 73 74 75 76 77 78 79 80 81 82 83 84 85 86 87 88 89 90 91 92 93 94 95 96 97 98 99 100 101 102 103 104 105 106 107 108 109 110 111 112 113 114 115 116 117 118 119 120 121 122 123 124 125 126 127,36868.0,False
base,active,415811.0,415865.0,415879.0,0,36875.0,False
base,active,,415865.0,415879.0,1 2 3 4 5 6 7 8 9 10 11 12 13 14 15 16 17 18 19 20 21 22 23 24 25 26 27 28 29 30 31 32 33 34 35 36 37 38 39 40 41 42 43 44 45 46 47 48 49 50 51 52 53 54 55 56 57 58 59 60 61 62 63 64 65 66 67 68 69 70 71 72 73 74 75 76 77 78 79 80 81 82 83 84 85 86 87 88 89 90 91 92 93 94 95 96 97 98 99 100 101 102 103 104 105 106 107 108 109 110 111 112 113 114 115 116 117 118 119 120 121 122 123 124 125 126 127,-1.0,
base,active,414857.0,415879.0,415965.0,0 1 2 3 4 5 6 7 8 9 10 11 12 13 14 15 16 17 18 19 20 21 22 23 24 25 26 27 28 29 30 31 32 33 34 35 36 37 38 39 40 41 42 43 44 45 46 47 48 49 50 51 52 53 54 55 56 57 58 59 60 61 62 63 64 65 66 67 68 69 70 71 72 73 74 75 76 77 78 79 80 81 82 83 84 85 86 87 88 89 90 91 92 93 94 95 96 97 98 99 100 101 102 103 104 105 106 107 108 109 110 111 112 113 114 115 116 117 118 119 120 121 122 123 124 125 126 127,36869.0,False
base,active,,415965.0,416101.0,0 1 2 3 4 5 6 7 8 9 10 11 12 13 14 15 16 17 18 19 20 21 22 23 24 25 26 27 28 29 30 31,-1.0,
base,active,,415965.0,416120.0,32 33 34 35 36 37 38 39,-1.0,
base,active,,415965.0,417971.0,40 41 42 43 44 45,-1.0,
base,active,,415965.0,419565.0,46 47 48 49 50 51 52 53 54 55 56 57 58 59 60 61 62 63 64 65 66 67 68 69 70 71 72 73 74 75 76 77 78 79 80 81 82 83 84 85 86 87 88 89 90 91 92 93 94 95 96 97 98 99 100 101 102 103 104 105 106 107 108 109 110 111 112 113 114 115 116 117 118 119 120 121 122 123 124 125 126 127,-1.0,
base,active,416101.0,416101.0,416187.0,0 1 2 3 4 5 6 7 8 9 10 11 12 13 14 15 16 17 18 19 20 21 22 23 24 25 26 27 28 29 30 31,36876.0,False
base,active,416120.0,416120.0,416189.0,32 33 34 35 36 37 38 39,36877.0,False
base,active,,416187.0,416888.0,0 1 2 3 4 5 6 7 8 9 10 11 12 13 14 15 16 17 18 19 20 21 22 23 24 25 26 27 28 29 30 31,-1.0,
base,active,,416189.0,416907.0,32 33 34 35 36 37 38 39,-1.0,
base,active,416888.0,416888.0,416977.0,0 1 2 3 4 5 6 7 8 9 10 11 12 13 14 15 16 17 18 19 20 21 22 23 24 25 26 27 28 29 30 31,36878.0,False
base,active,416907.0,416907.0,416980.0,32 33 34 35 36 37 38 39,36879.0,False
base,active,,416977.0,417273.0,0 1 2 3 4 5 6 7 8 9 10 11 12 13 14 15 16 17 18 19 20 21 22 23 24 25 26 27 28 29 30 31,-1.0,
base,active,,416980.0,417303.0,32 33 34 35 36 37 38 39,-1.0,
base,active,417273.0,417273.0,417383.0,0 1 2 3 4 5 6 7 8 9 10 11 12 13 14 15 16 17 18 19 20 21 22 23 24 25 26 27 28 29 30 31,36880.0,False
base,active,417303.0,417303.0,417385.0,32 33 34 35 36 37 38 39,36881.0,False
base,active,,417383.0,417602.0,0,-1.0,
base,active,,417383.0,417740.0,1 2 3,-1.0,
base,active,,417383.0,417763.0,4 5,-1.0,
base,active,,417383.0,417769.0,6 7 8 9 10 11 12 13 14 15 16 17 18 19 20 21 22 23 24 25 26 27 28 29 30 31,-1.0,
base,active,,417385.0,417769.0,32 33 34 35 36 37,-1.0,
base,active,,417385.0,417772.0,38,-1.0,
base,active,,417385.0,417971.0,39,-1.0,
base,active,417602.0,417602.0,417623.0,0,36882.0,False
base,active,,417623.0,417650.0,0,-1.0,
base,active,417650.0,417650.0,417687.0,0,36883.0,False
base,active,,417687.0,417697.0,0,-1.0,
base,active,417697.0,417697.0,417736.0,0,36884.0,False
base,active,,417736.0,417740.0,0,-1.0,
base,active,417740.0,417740.0,417844.0,0 1 2 3,36885.0,False
base,active,417763.0,417763.0,417843.0,4 5,36886.0,False
base,active,417769.0,417769.0,417908.0,6 7 8 9 10 11 12 13 14 15 16 17 18 19 20 21 22 23 24 25 26 27 28 29 30 31 32 33 34 35 36 37,36887.0,False
base,active,417772.0,417772.0,417808.0,38,36888.0,False
base,active,,417808.0,417971.0,38,-1.0,
base,active,,417843.0,417908.0,4 5,-1.0,
base,active,,417844.0,417847.0,0 1 2 3,-1.0,
base,active,417847.0,417847.0,417863.0,0 1 2 3,36889.0,False
base,active,,417863.0,417886.0,0 1 2 3,-1.0,
base,active,417886.0,417886.0,418736.0,0 1 2 3,36890.0,False
base,active,,417908.0,417927.0,6 7 8 9 10 11 12 13 14 15 16 17 18 19 20 21 22 23 24 25 26 27 28 29 30 31 32 33 34 35 36 37,-1.0,
base,active,417908.0,417908.0,418739.0,4 5,36891.0,False
base,active,417927.0,417927.0,418125.0,6 7 8 9 10 11 12 13 14 15 16 17 18 19 20 21 22 23 24 25 26 27 28 29 30 31 32 33 34 35 36 37,36892.0,False
base,active,417971.0,417971.0,418130.0,38 39 40 41 42 43 44 45,36893.0,False
base,active,,418125.0,418469.0,6 7 8 9,-1.0,
base,active,,418125.0,418559.0,10 11 12 13 14 15 16 17 18 19 20 21 22 23 24 25 26 27 28 29 30 31 32 33 34 35 36 37,-1.0,
base,active,,418130.0,419879.0,38,-1.0,
base,active,,418130.0,420395.0,39,-1.0,
base,active,,418130.0,424065.0,40 41 42 43 44 45,-1.0,
base,active,418469.0,418469.0,418530.0,6 7 8 9,36894.0,False
base,active,,418530.0,418559.0,6 7 8 9,-1.0,
base,active,418559.0,418559.0,418620.0,6 7 8 9 10 11 12 13 14 15 16 17 18 19 20 21 22 23 24 25 26 27 28 29 30 31 32 33 34 35 36 37,36895.0,False
base,active,,418620.0,419429.0,6 7 8 9 10 11 12 13 14 15 16 17 18 19 20 21 22 23 24 25 26 27 28 29 30 31 32 33 34 35 36 37,-1.0,
base,active,,418736.0,419068.0,0,-1.0,
base,active,,418736.0,419111.0,1 2 3,-1.0,
base,active,,418739.0,419132.0,4 5,-1.0,
base,active,419068.0,419068.0,419102.0,0,36896.0,False
base,active,,419102.0,419111.0,0,-1.0,
base,active,419111.0,419111.0,419226.0,0 1 2 3,36897.0,False
base,active,419132.0,419132.0,419227.0,4 5,36898.0,False
base,active,,419226.0,419228.0,0 1 2 3,-1.0,
base,active,,419227.0,419348.0,4 5,-1.0,
base,active,419228.0,419228.0,419233.0,0 1 2 3,36899.0,False
base,active,,419233.0,419272.0,0,-1.0,
base,active,,419233.0,419326.0,1 2 3,-1.0,
base,active,419272.0,419272.0,419291.0,0,36900.0,False
base,active,,419291.0,419326.0,0,-1.0,
base,active,419326.0,419326.0,420162.0,0 1 2 3,36901.0,False
base,active,419348.0,419348.0,420165.0,4 5,36902.0,False
base,active,419429.0,419429.0,419464.0,6 7 8 9 10 11 12 13 14 15 16 17 18 19 20 21 22 23 24 25 26 27 28 29 30 31 32 33 34 35 36 37,36903.0,False
base,active,,419464.0,419528.0,6,-1.0,
base,active,,419464.0,419673.0,7 8 9 10 11 12 13 14 15 16 17 18 19 20 21 22 23 24 25 26 27 28 29 30 31 32 33 34 35 36 37,-1.0,
base,active,419528.0,419528.0,419537.0,6,36904.0,False
base,active,,419537.0,419587.0,6,-1.0,
base,switching_off,,419565.0,421365.0,46 47 48 49 50 51 52 53 54 55 56 57 58 59 60 61 62 63 64 65 66 67 68 69 70 71 72 73 74 75 76 77 78 79 80 81 82 83 84 85 86 87 88 89 90 91 92 93 94 95 96 97 98 99 100 101 102 103 104 105 106 107 108 109 110 111 112 113 114 115 116 117 118 119 120 121 122 123 124 125 126 127,-2.0,
base,active,419587.0,419587.0,419597.0,6,36905.0,False
base,active,,419597.0,419673.0,6,-1.0,
base,active,419673.0,419673.0,419735.0,6 7 8 9 10 11 12 13 14 15 16 17 18 19 20 21 22 23 24 25 26 27 28 29 30 31 32 33 34 35 36 37,36907.0,False
base,active,,419735.0,419827.0,6 7 8 9 10 11 12 13 14 15 16 17 18 19 20 21 22 23 24 25 26 27 28 29 30 31 32 33 34 35 36 37,-1.0,
base,active,419827.0,419827.0,420085.0,6 7 8 9 10 11 12 13 14 15 16 17 18 19 20 21 22 23 24 25 26 27 28 29 30 31 32 33 34 35 36 37,36908.0,False
base,active,419879.0,419879.0,419904.0,38,36909.0,False
base,active,,419904.0,419985.0,38,-1.0,
base,active,419985.0,419985.0,419995.0,38,36910.0,False
base,active,,419995.0,419999.0,38,-1.0,
base,active,419999.0,419999.0,420010.0,38,36911.0,False
base,active,,420010.0,420395.0,38,-1.0,
base,active,,420085.0,420235.0,6 7 8 9 10 11 12 13 14 15 16 17 18 19 20 21 22 23 24 25 26 27 28 29 30 31,-1.0,
base,active,,420085.0,420309.0,32,-1.0,
base,active,,420085.0,420395.0,33 34 35 36 37,-1.0,
base,active,,420162.0,420235.0,0 1 2 3,-1.0,
base,active,,420165.0,420235.0,4 5,-1.0,
base,active,420235.0,420235.0,422239.0,0 1 2 3 4 5 6 7 8 9 10 11 12 13 14 15 16 17 18 19 20 21 22 23 24 25 26 27 28 29 30 31,36913.0,False
base,active,420309.0,420309.0,420330.0,32,36914.0,False
base,active,,420330.0,420395.0,32,-1.0,
base,active,420395.0,420395.0,420553.0,32 33 34 35 36 37 38 39,36916.0,False
base,active,,420553.0,420572.0,32,-1.0,
base,active,,420553.0,420767.0,33 34 35,-1.0,
base,active,,420553.0,420792.0,36 37,-1.0,
base,active,,420553.0,420884.0,38,-1.0,
base,active,,420553.0,421225.0,39,-1.0,
base,active,420572.0,420572.0,420587.0,32,36917.0,False
base,active,,420587.0,420767.0,32,-1.0,
base,active,420767.0,420767.0,421604.0,32 33 34 35,36919.0,False
base,active,420792.0,420792.0,421605.0,36 37,36920.0,False
base,active,420884.0,420884.0,420914.0,38,36921.0,False
base,active,,420914.0,420952.0,38,-1.0,
base,active,420952.0,420952.0,420962.0,38,36923.0,False
base,active,,420962.0,421224.0,38,-1.0,
base,active,421224.0,421224.0,421235.0,38,36925.0,False
base,active,421225.0,421225.0,421247.0,39,36926.0,False
base,active,,421235.0,421298.0,38,-1.0,
base,active,,421247.0,424065.0,39,-1.0,
base,active,421298.0,421298.0,421327.0,38,36928.0,False
base,active,,421327.0,421505.0,38,-1.0,
base,switching_on,,421365.0,424065.0,46 47 48 49 50 51 52 53 54 55 56 57 58 59 60 61 62 63 64 65 66 67 68 69 70 71 72 73 74 75 76 77 78 79 80 81 82 83 84 85 86 87 88 89 90 91 92 93 94 95 96 97 98 99 100 101 102 103 104 105 106 107 108 109 110 111 112 113 114 115 116 117 118 119 120 121 122 123 124 125 126 127,-3.0,
base,active,421505.0,421505.0,421519.0,38,36931.0,False
base,active,,421519.0,424065.0,38,-1.0,
base,active,,421604.0,421776.0,32,-1.0,
base,active,,421604.0,421824.0,33,-1.0,
base,active,,421604.0,423457.0,34 35,-1.0,
base,active,,421605.0,423457.0,36 37,-1.0,
base,active,421776.0,421776.0,422407.0,32,36933.0,False
base,active,421824.0,421824.0,421853.0,33,36935.0,False
base,active,,421853.0,422013.0,33,-1.0,
base,active,422013.0,422013.0,422032.0,33,36938.0,False
base,active,,422032.0,422745.0,33,-1.0,
base,active,420358.0,422239.0,422432.0,0 1 2 3 4 5 6 7 8 9 10 11 12 13 14 15 16 17 18 19 20 21 22 23 24 25 26 27 28 29 30 31,36915.0,False
base,active,,422407.0,422444.0,32,-1.0,
base,active,421621.0,422432.0,422584.0,0 1 2 3 4 5 6 7 8 9 10 11 12 13 14 15 16 17 18 19 20 21 22 23 24 25 26 27 28 29 30 31,36932.0,False
base,active,422444.0,422444.0,422505.0,32,36943.0,False
base,active,,422505.0,422525.0,32,-1.0,
base,active,422525.0,422525.0,422880.0,32,36945.0,False
base,active,422250.0,422584.0,422764.0,0 1 2 3 4 5 6 7 8 9 10 11 12 13 14 15 16 17 18 19 20 21 22 23 24 25 26 27 28 29 30 31,36941.0,False
base,active,422745.0,422745.0,422769.0,33,36947.0,False
base,active,,422764.0,423232.0,0,-1.0,
base,active,,422764.0,423280.0,1 2 3,-1.0,
base,active,,422764.0,423302.0,4 5,-1.0,
base,active,,422764.0,423374.0,6,-1.0,
base,active,,422764.0,423457.0,7 8 9 10 11 12 13 14 15 16 17 18 19 20 21 22 23 24 25 26 27 28 29 30 31,-1.0,
base,active,,422769.0,423457.0,33,-1.0,
base,active,,422880.0,423457.0,32,-1.0,
base,active,423232.0,423232.0,423243.0,0,36955.0,False
base,active,,423243.0,423245.0,0,-1.0,
base,active,423245.0,423245.0,423274.0,0,36957.0,False
base,active,,423274.0,423280.0,0,-1.0,
base,active,423280.0,423280.0,423704.0,0 1 2 3,36958.0,False
base,active,423302.0,423302.0,423704.0,4 5,36960.0,False
base,active,423374.0,423374.0,423400.0,6,36962.0,False
base,active,,423400.0,423457.0,6,-1.0,
base,active,423457.0,423457.0,423832.0,6 7 8 9 10 11 12 13 14 15 16 17 18 19 20 21 22 23 24 25 26 27 28 29 30 31 32 33 34 35 36 37,36964.0,False
base,active,,423704.0,423802.0,0 1 2 3,-1.0,
base,active,,423704.0,423824.0,4 5,-1.0,
base,active,423802.0,423802.0,426403.0,0 1 2 3,36972.0,False
base,active,423824.0,423824.0,426404.0,4 5,36973.0,False
base,active,,423832.0,423833.0,6,-1.0,
base,active,,423832.0,423992.0,7 8 9 10 11 12 13 14 15 16 17 18 19 20 21 22 23 24 25 26 27 28 29 30 31 32 33 34 35 36 37,-1.0,
base,active,423833.0,423833.0,423853.0,6,36974.0,False
base,active,,423853.0,423910.0,6,-1.0,
base,active,423910.0,423910.0,423920.0,6,36976.0,False
base,active,,423920.0,423992.0,6,-1.0,
base,active,423992.0,423992.0,424577.0,6 7 8 9 10 11 12 13 14 15 16 17 18 19 20 21 22 23 24 25 26 27 28 29 30 31 32 33 34 35 36 37,36980.0,False
base,active,419651.0,424065.0,424289.0,38 39 40 41 42 43 44 45 46 47 48 49 50 51 52 53 54 55 56 57 58 59 60 61 62 63 64 65 66 67 68 69 70 71 72 73 74 75 76 77 78 79 80 81 82 83 84 85 86 87 88 89 90 91 92 93 94 95 96 97 98 99 100 101,36906.0,False
base,active,,424065.0,424424.0,102,-1.0,
base,active,,424065.0,424649.0,103 104 105 106 107 108 109,-1.0,
base,active,,424065.0,424700.0,110,-1.0,
base,active,,424065.0,427467.0,111 112 113 114 115 116 117 118,-1.0,
base,active,,424065.0,428367.0,119 120 121 122 123 124 125 126 127,-1.0,
base,active,420061.0,424289.0,424532.0,38 39 40 41 42 43 44 45 46 47 48 49 50 51 52 53 54 55 56 57 58 59 60 61 62 63 64 65 66 67 68 69 70 71 72 73 74 75 76 77 78 79 80 81 82 83 84 85 86 87 88 89 90 91 92 93 94 95 96 97 98 99 100 101,36912.0,False
base,active,424424.0,424424.0,424439.0,102,36985.0,False
base,active,,424439.0,424605.0,102,-1.0,
base,active,420667.0,424532.0,424743.0,38 39 40 41 42 43 44 45 46 47 48 49 50 51 52 53 54 55 56 57 58 59 60 61 62 63 64 65 66 67 68 69 70 71 72 73 74 75 76 77 78 79 80 81 82 83 84 85 86 87 88 89 90 91 92 93 94 95 96 97 98 99 100 101,36918.0,False
base,active,,424577.0,424580.0,6,-1.0,
base,active,,424577.0,424581.0,7,-1.0,
base,active,,424577.0,424605.0,8 9 10 11 12 13 14 15 16 17 18 19 20 21 22 23 24 25 26 27 28 29 30 31 32 33 34 35 36 37,-1.0,
base,active,424580.0,424580.0,424624.0,6,36987.0,False
base,active,424581.0,424581.0,424596.0,7,36988.0,False
base,active,,424596.0,424605.0,7,-1.0,
base,active,424605.0,424605.0,424762.0,7 8 9 10 11 12 13 14 15 16 17 18 19 20 21 22 23 24 25 26 27 28 29 30 31 32 33 34 35 36 37 102,36989.0,False
base,active,,424624.0,424649.0,6,-1.0,
base,active,424649.0,424649.0,424764.0,6 103 104 105 106 107 108 109,36990.0,False
base,active,424700.0,424700.0,424722.0,110,36993.0,False
base,active,,424722.0,427463.0,110,-1.0,
base,active,420896.0,424743.0,424857.0,38 39 40 41 42 43 44 45 46 47 48 49 50 51 52 53 54 55 56 57 58 59 60 61 62 63 64 65 66 67 68 69 70 71 72 73 74 75 76 77 78 79 80 81 82 83 84 85 86 87 88 89 90 91 92 93 94 95 96 97 98 99 100 101,36922.0,False
base,active,,424762.0,424779.0,7 8 9 10 11 12 13 14 15 16 17 18 19 20 21 22 23 24 25 26 27 28 29 30 31 32 33 34 35 36 37,-1.0,
base,active,,424762.0,427321.0,102,-1.0,
base,active,,424764.0,424779.0,6,-1.0,
base,active,,424764.0,427321.0,103 104 105,-1.0,
base,active,,424764.0,427398.0,106 107 108 109,-1.0,
base,active,424779.0,424779.0,425791.0,6 7 8 9 10 11 12 13 14 15 16 17 18 19 20 21 22 23 24 25 26 27 28 29 30 31 32 33 34 35 36 37,36994.0,False
base,active,421016.0,424857.0,425063.0,38 39 40 41 42 43 44 45 46 47 48 49 50 51 52 53 54 55 56 57 58 59 60 61 62 63 64 65 66 67 68 69 70 71 72 73 74 75 76 77 78 79 80 81 82 83 84 85 86 87 88 89 90 91 92 93 94 95 96 97 98 99 100 101,36924.0,False
base,active,421275.0,425063.0,425107.0,38 39 40 41 42 43 44 45 46 47 48 49 50 51 52 53 54 55 56 57 58 59 60 61 62 63 64 65 66 67 68 69 70 71 72 73 74 75 76 77 78 79 80 81 82 83 84 85 86 87 88 89 90 91 92 93 94 95 96 97 98 99 100 101,36927.0,False
base,active,421350.0,425107.0,425210.0,38 39 40 41 42 43 44 45 46 47 48 49 50 51 52 53 54 55 56 57 58 59 60 61 62 63 64 65 66 67 68 69 70 71 72 73 74 75 76 77 78 79 80 81 82 83 84 85 86 87 88 89 90 91 92 93 94 95 96 97 98 99 100 101,36929.0,False
base,active,421480.0,425210.0,425318.0,38 39 40 41 42 43 44 45 46 47 48 49 50 51 52 53 54 55 56 57 58 59 60 61 62 63 64 65 66 67 68 69 70 71 72 73 74 75 76 77 78 79 80 81 82 83 84 85 86 87 88 89 90 91 92 93 94 95 96 97 98 99 100 101,36930.0,False
base,active,421801.0,425318.0,425364.0,38 39 40 41 42 43 44 45 46 47 48 49 50 51 52 53 54 55 56 57 58 59 60 61 62 63 64 65 66 67 68 69 70 71 72 73 74 75 76 77 78 79 80 81 82 83 84 85 86 87 88 89 90 91 92 93 94 95 96 97 98 99 100 101,36934.0,False
base,active,421876.0,425364.0,425402.0,38 39 40 41 42 43 44 45 46 47 48 49 50 51 52 53 54 55 56 57 58 59 60 61 62 63 64 65 66 67 68 69 70 71 72 73 74 75 76 77 78 79 80 81 82 83 84 85 86 87 88 89 90 91 92 93 94 95 96 97 98 99 100 101,36936.0,False
base,active,421937.0,425402.0,425509.0,38 39 40 41 42 43 44 45 46 47 48 49 50 51 52 53 54 55 56 57 58 59 60 61 62 63 64 65 66 67 68 69 70 71 72 73 74 75 76 77 78 79 80 81 82 83 84 85 86 87 88 89 90 91 92 93 94 95 96 97 98 99 100 101,36937.0,False
base,active,422069.0,425509.0,425615.0,38 39 40 41 42 43 44 45 46 47 48 49 50 51 52 53 54 55 56 57 58 59 60 61 62 63 64 65 66 67 68 69 70 71 72 73 74 75 76 77 78 79 80 81 82 83 84 85 86 87 88 89 90 91 92 93 94 95 96 97 98 99 100 101,36939.0,False
base,active,422203.0,425615.0,425685.0,38 39 40 41 42 43 44 45 46 47 48 49 50 51 52 53 54 55 56 57 58 59 60 61 62 63 64 65 66 67 68 69 70 71 72 73 74 75 76 77 78 79 80 81 82 83 84 85 86 87 88 89 90 91 92 93 94 95 96 97 98 99 100 101,36940.0,False
base,active,422362.0,425685.0,425812.0,38 39 40 41 42 43 44 45 46 47 48 49 50 51 52 53 54 55 56 57 58 59 60 61 62 63 64 65 66 67 68 69 70 71 72 73 74 75 76 77 78 79 80 81 82 83 84 85 86 87 88 89 90 91 92 93 94 95 96 97 98 99 100 101,36942.0,False
base,active,,425791.0,425811.0,6,-1.0,
base,active,,425791.0,425812.0,7 8 9 10 11 12 13 14 15 16 17 18 19 20 21 22 23 24 25 26 27 28 29 30 31 32 33 34 35 36 37,-1.0,
base,active,425811.0,425811.0,425820.0,6,37006.0,False
base,active,,425812.0,425907.0,71 72 73 74 75 76 77 78 79 80 81 82 83 84 85 86 87 88 89 90 91 92 93 94 95 96 97 98 99 100 101,-1.0,
base,active,422491.0,425812.0,426063.0,7 8 9 10 11 12 13 14 15 16 17 18 19 20 21 22 23 24 25 26 27 28 29 30 31 32 33 34 35 36 37 38 39 40 41 42 43 44 45 46 47 48 49 50 51 52 53 54 55 56 57 58 59 60 61 62 63 64 65 66 67 68 69 70,36944.0,False
base,active,,425820.0,425824.0,6,-1.0,
base,active,425824.0,425824.0,425840.0,6,37007.0,False
base,active,,425840.0,425907.0,6,-1.0,
base,active,425907.0,425907.0,426960.0,6 71 72 73 74 75 76 77 78 79 80 81 82 83 84 85 86 87 88 89 90 91 92 93 94 95 96 97 98 99 100 101,37008.0,False
base,active,425936.0,426063.0,426300.0,7 8 9 10 11 12 13 14 15 16 17 18 19 20 21 22 23 24 25 26 27 28 29 30 31 32 33 34 35 36 37 38,37009.0,False
base,active,,426063.0,426300.0,39 40 41 42 43 44 45 46 47 48 49 50 51 52 53 54 55 56 57 58 59 60 61 62 63 64 65 66 67 68 69 70,-1.0,
base,active,422800.0,426300.0,426721.0,7 8 9 10 11 12 13 14 15 16 17 18 19 20 21 22 23 24 25 26 27 28 29 30 31 32 33 34 35 36 37 38 39 40 41 42 43 44 45 46 47 48 49 50 51 52 53 54 55 56 57 58 59 60 61 62 63 64 65 66 67 68 69 70,36948.0,False
base,active,,426403.0,426405.0,0 1 2 3,-1.0,
base,active,,426404.0,426433.0,4 5,-1.0,
base,active,426405.0,426405.0,427540.0,0 1 2 3,37011.0,False
base,active,426433.0,426433.0,427541.0,4 5,37012.0,False
base,active,422893.0,426721.0,426780.0,7 8 9 10 11 12 13 14 15 16 17 18 19 20 21 22 23 24 25 26 27 28 29 30 31 32 33 34 35 36 37 38 39 40 41 42 43 44 45 46 47 48 49 50 51 52 53 54 55 56 57 58 59 60 61 62 63 64 65 66 67 68 69 70,36949.0,False
base,active,422966.0,426780.0,426832.0,7 8 9 10 11 12 13 14 15 16 17 18 19 20 21 22 23 24 25 26 27 28 29 30 31 32 33 34 35 36 37 38 39 40 41 42 43 44 45 46 47 48 49 50 51 52 53 54 55 56 57 58 59 60 61 62 63 64 65 66 67 68 69 70,36950.0,False
base,active,423036.0,426832.0,426878.0,7 8 9 10 11 12 13 14 15 16 17 18 19 20 21 22 23 24 25 26 27 28 29 30 31 32 33 34 35 36 37 38 39 40 41 42 43 44 45 46 47 48 49 50 51 52 53 54 55 56 57 58 59 60 61 62 63 64 65 66 67 68 69 70,36951.0,False
base,active,423096.0,426878.0,426914.0,7 8 9 10 11 12 13 14 15 16 17 18 19 20 21 22 23 24 25 26 27 28 29 30 31 32 33 34 35 36 37 38 39 40 41 42 43 44 45 46 47 48 49 50 51 52 53 54 55 56 57 58 59 60 61 62 63 64 65 66 67 68 69 70,36952.0,False
base,active,423146.0,426914.0,426947.0,7 8 9 10 11 12 13 14 15 16 17 18 19 20 21 22 23 24 25 26 27 28 29 30 31 32 33 34 35 36 37 38 39 40 41 42 43 44 45 46 47 48 49 50 51 52 53 54 55 56 57 58 59 60 61 62 63 64 65 66 67 68 69 70,36953.0,False
base,active,423190.0,426947.0,426985.0,7 8 9 10 11 12 13 14 15 16 17 18 19 20 21 22 23 24 25 26 27 28 29 30 31 32 33 34 35 36 37 38 39 40 41 42 43 44 45 46 47 48 49 50 51 52 53 54 55 56 57 58 59 60 61 62 63 64 65 66 67 68 69 70,36954.0,False
base,active,,426960.0,426962.0,6,-1.0,
base,active,,426960.0,427176.0,71 72 73 74 75 76 77 78 79 80 81 82 83 84 85 86 87 88 89 90 91 92 93 94 95 96 97 98 99 100 101,-1.0,
base,active,426962.0,426962.0,426979.0,6,37014.0,False
base,active,,426979.0,426985.0,6,-1.0,
base,active,423244.0,426985.0,427019.0,6 7 8 9 10 11 12 13 14 15 16 17 18 19 20 21 22 23 24 25 26 27 28 29 30 31 32 33 34 35 36 37 38 39 40 41 42 43 44 45 46 47 48 49 50 51 52 53 54 55 56 57 58 59 60 61 62 63 64 65 66 67 68 69,36956.0,False
base,active,,426985.0,427122.0,70,-1.0,
base,active,423295.0,427019.0,427057.0,6 7 8 9 10 11 12 13 14 15 16 17 18 19 20 21 22 23 24 25 26 27 28 29 30 31 32 33 34 35 36 37 38 39 40 41 42 43 44 45 46 47 48 49 50 51 52 53 54 55 56 57 58 59 60 61 62 63 64 65 66 67 68 69,36959.0,False
base,active,423350.0,427057.0,427103.0,6 7 8 9 10 11 12 13 14 15 16 17 18 19 20 21 22 23 24 25 26 27 28 29 30 31 32 33 34 35 36 37 38 39 40 41 42 43 44 45 46 47 48 49 50 51 52 53 54 55 56 57 58 59 60 61 62 63 64 65 66 67 68 69,36961.0,False
base,active,423409.0,427103.0,427144.0,6 7 8 9 10 11 12 13 14 15 16 17 18 19 20 21 22 23 24 25 26 27 28 29 30 31 32 33 34 35 36 37 38 39 40 41 42 43 44 45 46 47 48 49 50 51 52 53 54 55 56 57 58 59 60 61 62 63 64 65 66 67 68 69,36963.0,False
base,active,427122.0,427122.0,427132.0,70,37016.0,False
base,active,,427132.0,427176.0,70,-1.0,
base,active,423474.0,427144.0,427190.0,6 7 8 9 10 11 12 13 14 15 16 17 18 19 20 21 22 23 24 25 26 27 28 29 30 31 32 33 34 35 36 37 38 39 40 41 42 43 44 45 46 47 48 49 50 51 52 53 54 55 56 57 58 59 60 61 62 63 64 65 66 67 68 69,36965.0,False
base,active,427176.0,427176.0,428253.0,70 71 72 73 74 75 76 77 78 79 80 81 82 83 84 85 86 87 88 89 90 91 92 93 94 95 96 97 98 99 100 101,37017.0,False
base,active,423537.0,427190.0,427239.0,6 7 8 9 10 11 12 13 14 15 16 17 18 19 20 21 22 23 24 25 26 27 28 29 30 31 32 33 34 35 36 37 38 39 40 41 42 43 44 45 46 47 48 49 50 51 52 53 54 55 56 57 58 59 60 61 62 63 64 65 66 67 68 69,36966.0,False
base,active,423598.0,427239.0,427276.0,6 7 8 9 10 11 12 13 14 15 16 17 18 19 20 21 22 23 24 25 26 27 28 29 30 31 32 33 34 35 36 37 38 39 40 41 42 43 44 45 46 47 48 49 50 51 52 53 54 55 56 57 58 59 60 61 62 63 64 65 66 67 68 69,36968.0,False
base,active,423651.0,427276.0,427307.0,6 7 8 9 10 11 12 13 14 15 16 17 18 19 20 21 22 23 24 25 26 27 28 29 30 31 32 33 34 35 36 37 38 39 40 41 42 43 44 45 46 47 48 49 50 51 52 53 54 55 56 57 58 59 60 61 62 63 64 65 66 67 68 69,36969.0,False
base,active,423692.0,427307.0,427340.0,6 7 8 9 10 11 12 13 14 15 16 17 18 19 20 21 22 23 24 25 26 27 28 29 30 31 32 33 34 35 36 37 38 39 40 41 42 43 44 45 46 47 48 49 50 51 52 53 54 55 56 57 58 59 60 61 62 63 64 65 66 67 68 69,36970.0,False
base,active,427321.0,427321.0,427397.0,102 103 104 105,37019.0,False
base,active,423744.0,427340.0,427373.0,6 7 8 9 10 11 12 13 14 15 16 17 18 19 20 21 22 23 24 25 26 27 28 29 30 31 32 33 34 35 36 37 38 39 40 41 42 43 44 45 46 47 48 49 50 51 52 53 54 55 56 57 58 59 60 61 62 63 64 65 66 67 68 69,36971.0,False
base,active,423846.0,427373.0,427487.0,6 7 8 9 10 11 12 13 14 15 16 17 18 19 20 21 22 23 24 25 26 27 28 29 30 31 32 33 34 35 36 37 38 39 40 41 42 43 44 45 46 47 48 49 50 51 52 53 54 55 56 57 58 59 60 61 62 63 64 65 66 67 68 69,36975.0,False
base,active,,427397.0,427398.0,102 103 104 105,-1.0,
base,active,427398.0,427398.0,427465.0,102 103 104 105 106 107 108 109,37021.0,False
base,active,427463.0,427463.0,427506.0,110,37023.0,False
base,active,,427465.0,427467.0,102 103 104 105 106 107 108 109,-1.0,
base,active,427467.0,427467.0,427549.0,102 103 104 105 106 107 108 109 111 112 113 114 115 116 117 118,37024.0,False
base,active,423982.0,427487.0,427604.0,6 7 8 9 10 11 12 13 14 15 16 17 18 19 20 21 22 23 24 25 26 27 28 29 30 31 32 33 34 35 36 37 38 39 40 41 42 43 44 45 46 47 48 49 50 51 52 53 54 55 56 57 58 59 60 61 62 63 64 65 66 67 68 69,36979.0,False
base,active,,427506.0,427520.0,110,-1.0,
base,active,427520.0,427520.0,427538.0,110,37026.0,False
base,active,,427538.0,427791.0,110,-1.0,
base,active,,427540.0,427544.0,0 1 2 3,-1.0,
base,active,,427541.0,427565.0,4 5,-1.0,
base,active,427544.0,427544.0,428526.0,0 1 2 3,37027.0,False
base,active,,427549.0,427634.0,102 103 104 105,-1.0,
base,active,,427549.0,427722.0,106 107 108 109,-1.0,
base,active,,427549.0,427791.0,111 112 113 114 115 116 117,-1.0,
base,active,,427549.0,431149.0,118,-1.0,
base,active,427565.0,427565.0,428529.0,4 5,37028.0,False
base,active,424115.0,427604.0,427715.0,6 7 8 9 10 11 12 13 14 15 16 17 18 19 20 21 22 23 24 25 26 27 28 29 30 31 32 33 34 35 36 37 38 39 40 41 42 43 44 45 46 47 48 49 50 51 52 53 54 55 56 57 58 59 60 61 62 63 64 65 66 67 68 69,36981.0,False
base,active,427634.0,427634.0,427718.0,102 103 104 105,37029.0,False
base,active,424239.0,427715.0,427826.0,6 7 8 9 10 11 12 13 14 15 16 17 18 19 20 21 22 23 24 25 26 27 28 29 30 31 32 33 34 35 36 37 38 39 40 41 42 43 44 45 46 47 48 49 50 51 52 53 54 55 56 57 58 59 60 61 62 63 64 65 66 67 68 69,36983.0,False
base,active,,427718.0,427722.0,102 103 104 105,-1.0,
base,active,427722.0,427722.0,427789.0,102 103 104 105 106 107 108 109,37030.0,False
base,active,,427789.0,427791.0,102 103 104 105 106 107 108 109,-1.0,
base,active,427791.0,427791.0,427859.0,102 103 104 105 106 107 108 109 110 111 112 113 114 115 116 117,37031.0,False
base,active,424369.0,427826.0,427932.0,6 7 8 9 10 11 12 13 14 15 16 17 18 19 20 21 22 23 24 25 26 27 28 29 30 31 32 33 34 35 36 37 38 39 40 41 42 43 44 45 46 47 48 49 50 51 52 53 54 55 56 57 58 59 60 61 62 63 64 65 66 67 68 69,36984.0,False
base,active,,427859.0,427946.0,102 103 104 105,-1.0,
base,active,,427859.0,428033.0,106 107 108 109 110 111 112 113 114 115 116 117,-1.0,
base,active,424493.0,427932.0,428065.0,6 7 8 9 10 11 12 13 14 15 16 17 18 19 20 21 22 23 24 25 26 27 28 29 30 31 32 33 34 35 36 37 38 39 40 41 42 43 44 45 46 47 48 49 50 51 52 53 54 55 56 57 58 59 60 61 62 63 64 65 66 67 68 69,36986.0,False
base,active,427946.0,427946.0,427991.0,102 103 104 105,37033.0,False
base,active,,427991.0,428033.0,102 103 104 105,-1.0,
base,active,428033.0,428033.0,428102.0,102 103 104 105 106 107 108 109 110 111 112 113 114 115 116 117,37035.0,False
base,active,427991.0,428065.0,428075.0,6 7 8 9 10 11 12 13 14 15 16 17 18 19 20 21 22 23 24 25 26 27 28 29 30 31 32 33 34 35 36 37,37034.0,False
base,active,,428065.0,428075.0,38 39 40 41 42 43 44 45 46 47 48 49 50 51 52 53 54 55 56 57 58 59 60 61 62 63 64 65 66 67 68 69,-1.0,
base,active,424668.0,428075.0,428205.0,6 7 8 9 10 11 12 13 14 15 16 17 18 19 20 21 22 23 24 25 26 27 28 29 30 31 32 33 34 35 36 37 38 39 40 41 42 43 44 45 46 47 48 49 50 51 52 53 54 55 56 57 58 59 60 61 62 63 64 65 66 67 68 69,36991.0,False
base,active,,428102.0,428109.0,102 103 104 105 106 107 108 109 110 111 112 113 114 115 116 117,-1.0,
base,active,428109.0,428109.0,428167.0,102 103 104 105 106 107 108 109 110 111 112 113 114 115 116 117,37036.0,False
base,active,,428167.0,428215.0,102 103 104 105 106 107 108 109 110 111 112 113 114 115 116 117,-1.0,
base,active,424813.0,428205.0,428328.0,6 7 8 9 10 11 12 13 14 15 16 17 18 19 20 21 22 23 24 25 26 27 28 29 30 31 32 33 34 35 36 37 38 39 40 41 42 43 44 45 46 47 48 49 50 51 52 53 54 55 56 57 58 59 60 61 62 63 64 65 66 67 68 69,36995.0,False
base,active,428215.0,428215.0,428292.0,102 103 104 105 106 107 108 109 110 111 112 113 114 115 116 117,37037.0,False
base,active,,428253.0,428258.0,70,-1.0,
base,active,,428253.0,428260.0,71,-1.0,
base,active,,428253.0,428367.0,72 73 74 75 76 77 78 79 80 81 82 83 84 85 86 87 88 89 90 91 92 93 94 95 96 97 98 99 100 101,-1.0,
base,active,428258.0,428258.0,428289.0,70,37038.0,False
base,active,428260.0,428260.0,428276.0,71,37039.0,False
base,active,,428276.0,428367.0,71,-1.0,
base,active,,428289.0,428367.0,70,-1.0,
base,active,,428292.0,428513.0,102 103 104 105 106 107 108 109,-1.0,
base,active,,428292.0,428713.0,110 111,-1.0,
base,active,,428292.0,431892.0,112 113 114 115 116 117,-1.0,
base,active,424956.0,428328.0,428443.0,6 7 8 9 10 11 12 13 14 15 16 17 18 19 20 21 22 23 24 25 26 27 28 29 30 31 32 33 34 35 36 37 38 39 40 41 42 43 44 45 46 47 48 49 50 51 52 53 54 55 56 57 58 59 60 61 62 63 64 65 66 67 68 69,36996.0,False
base,active,428367.0,428367.0,429095.0,70 71 72 73 74 75 76 77 78 79 80 81 82 83 84 85 86 87 88 89 90 91 92 93 94 95 96 97 98 99 100 101,37041.0,False
base,switching_off,,428367.0,430167.0,119 120 121 122 123 124 125 126 127,-2.0,
base,active,425104.0,428443.0,428554.0,6 7 8 9 10 11 12 13 14 15 16 17 18 19 20 21 22 23 24 25 26 27 28 29 30 31 32 33 34 35 36 37 38 39 40 41 42 43 44 45 46 47 48 49 50 51 52 53 54 55 56 57 58 59 60 61 62 63 64 65 66 67 68 69,36997.0,False
base,active,428513.0,428513.0,428589.0,102 103 104 105 106 107 108 109,37043.0,False
base,active,,428526.0,428554.0,0 1 2 3,-1.0,
base,active,,428529.0,428554.0,4 5,-1.0,
base,active,428479.0,428554.0,428663.0,0 1 2 3 4 5 6 7 8 9 10 11 12 13 14 15 16 17 18 19 20 21 22 23 24 25 26 27 28 29 30 31,37042.0,False
base,active,,428554.0,428663.0,32 33 34 35 36 37 38 39 40 41 42 43 44 45 46 47 48 49 50 51 52 53 54 55 56 57 58 59 60 61 62 63,-1.0,
base,active,,428554.0,428713.0,64 65 66 67 68 69,-1.0,
base,active,,428589.0,428713.0,102 103 104 105 106 107 108 109,-1.0,
base,active,425228.0,428663.0,428768.0,0 1 2 3 4 5 6 7 8 9 10 11 12 13 14 15 16 17 18 19 20 21 22 23 24 25 26 27 28 29 30 31 32 33 34 35 36 37 38 39 40 41 42 43 44 45 46 47 48 49 50 51 52 53 54 55 56 57 58 59 60 61 62 63,36999.0,False
base,active,428713.0,428713.0,428776.0,64 65 66 67 68 69 102 103 104 105 106 107 108 109 110 111,37044.0,False
base,active,425354.0,428768.0,428875.0,0 1 2 3 4 5 6 7 8 9 10 11 12 13 14 15 16 17 18 19 20 21 22 23 24 25 26 27 28 29 30 31 32 33 34 35 36 37 38 39 40 41 42 43 44 45 46 47 48 49 50 51 52 53 54 55 56 57 58 59 60 61 62 63,37000.0,False
base,active,,428776.0,428849.0,64 65 66 67 68 69 102 103 104 105 106 107 108 109 110 111,-1.0,
base,active,428849.0,428849.0,428905.0,64 65 66 67 68 69 102 103 104 105 106 107 108 109 110 111,37046.0,False
base,active,425483.0,428875.0,428981.0,0 1 2 3 4 5 6 7 8 9 10 11 12 13 14 15 16 17 18 19 20 21 22 23 24 25 26 27 28 29 30 31 32 33 34 35 36 37 38 39 40 41 42 43 44 45 46 47 48 49 50 51 52 53 54 55 56 57 58 59 60 61 62 63,37002.0,False
base,active,,428905.0,432505.0,64 65 66 67 68 69 102 103 104 105 106 107 108 109 110 111,-1.0,
base,active,,428981.0,429125.0,0 1 2 3 4 5 6 7 8 9 10 11 12 13 14 15 16 17 18 19 20 21 22 23 24 25 26 27 28 29 30 31,-1.0,
base,active,,428981.0,430273.0,32 33 34 35 36 37 38 39,-1.0,
base,active,,428981.0,430380.0,40 41 42 43 44 45 46 47 48 49 50 51 52 53 54 55,-1.0,
base,active,,428981.0,430796.0,56 57 58 59 60 61 62 63,-1.0,
base,active,,429095.0,432695.0,70 71 72 73 74 75 76 77 78 79 80 81 82 83 84 85 86 87 88 89 90 91 92 93 94 95 96 97 98 99 100 101,-1.0,
base,active,429125.0,429125.0,429603.0,0 1 2 3 4 5 6 7 8 9 10 11 12 13 14 15 16 17 18 19 20 21 22 23 24 25 26 27 28 29 30 31,37047.0,False
base,active,,429603.0,429605.0,0,-1.0,
base,active,,429603.0,429808.0,1 2 3,-1.0,
base,active,,429603.0,429829.0,4 5,-1.0,
base,active,,429603.0,430248.0,6 7 8 9 10 11 12 13 14 15 16 17 18 19 20 21 22 23 24 25 26 27 28 29 30 31,-1.0,
base,active,429605.0,429605.0,429622.0,0,37053.0,False
base,active,,429622.0,429668.0,0,-1.0,
base,active,429668.0,429668.0,429677.0,0,37054.0,False
base,active,,429677.0,429808.0,0,-1.0,
base,active,429808.0,429808.0,429836.0,0 1 2 3,37056.0,False
base,active,429829.0,429829.0,429850.0,4 5,37057.0,False
base,active,,429836.0,430248.0,0 1 2 3,-1.0,
base,active,,429850.0,430248.0,4 5,-1.0,
base,sleeping,,430167.0,444111.0,119 120 121 122 123 124 125 126 127,-4.0,
base,active,430248.0,430248.0,430478.0,0 1 2 3 4 5 6 7 8 9 10 11 12 13 14 15 16 17 18 19 20 21 22 23 24 25 26 27 28 29 30 31,37059.0,False
base,active,430273.0,430273.0,430481.0,32 33 34 35 36 37 38 39,37060.0,False
base,active,430380.0,430380.0,430533.0,40 41 42 43 44 45 46 47 48 49 50 51 52 53 54 55,37061.0,False
base,active,,430478.0,430553.0,0 1 2 3 4 5 6 7 8 9 10 11 12 13 14 15,-1.0,
base,active,,430478.0,430592.0,16 17 18 19 20 21 22 23 24 25 26 27 28 29 30 31,-1.0,
base,active,,430481.0,430592.0,32 33 34 35 36 37 38 39,-1.0,
base,active,,430533.0,430592.0,40 41 42 43 44 45 46 47,-1.0,
base,active,,430533.0,430796.0,48 49 50 51 52 53 54 55,-1.0,
base,active,430553.0,430553.0,430799.0,0 1 2 3 4 5 6 7 8 9 10 11 12 13 14 15,37063.0,False
base,active,430592.0,430592.0,431358.0,16 17 18 19 20 21 22 23 24 25 26 27 28 29 30 31 32 33 34 35 36 37 38 39 40 41 42 43 44 45 46 47,37064.0,False
base,active,430796.0,430796.0,430818.0,48 49 50 51 52 53 54 55 56 57 58 59 60 61 62 63,37065.0,False
base,active,,430799.0,430845.0,0,-1.0,
base,active,,430799.0,430857.0,1 2 3 4,-1.0,
base,active,,430799.0,430891.0,5 6,-1.0,
base,active,,430799.0,430965.0,7 8 9 10 11 12 13 14 15,-1.0,
base,active,,430818.0,430965.0,48 49 50 51 52 53 54,-1.0,
base,active,,430818.0,434418.0,55 56 57 58 59 60 61 62 63,-1.0,
base,active,430845.0,430845.0,431005.0,0,37066.0,False
base,active,430857.0,430857.0,431863.0,1 2 3 4,37067.0,False
base,active,430891.0,430891.0,431865.0,5 6,37068.0,False
base,active,430965.0,430965.0,431039.0,7 8 9 10 11 12 13 14 15 48 49 50 51 52 53 54,37069.0,False
base,active,,431005.0,431212.0,0,-1.0,
base,active,,431039.0,431212.0,7 8 9 10 11 12 13 14 15 48 49 50 51 52 53,-1.0,
base,active,,431039.0,434639.0,54,-1.0,
base,switching_off,,431149.0,432949.0,118,-2.0,
base,active,431212.0,431212.0,431268.0,0 7 8 9 10 11 12 13 14 15 48 49 50 51 52 53,37071.0,False
base,active,,431268.0,431347.0,0 7 8 9 10 11 12 13 14 15 48 49 50 51 52 53,-1.0,
base,active,431347.0,431347.0,431415.0,0 7 8 9 10 11 12 13 14 15 48 49 50 51 52 53,37072.0,False
base,active,,431358.0,432508.0,16,-1.0,
base,active,,431358.0,432866.0,17 18 19 20 21 22 23 24 25 26 27 28 29 30 31 32,-1.0,
base,active,,431358.0,433124.0,33 34 35 36,-1.0,
base,active,,431358.0,433147.0,37 38,-1.0,
base,active,,431358.0,433268.0,39,-1.0,
base,active,,431358.0,434958.0,40 41 42 43 44 45 46 47,-1.0,
base,active,,431415.0,431746.0,0,-1.0,
base,active,,431415.0,432508.0,7 8 9 10 11 12 13 14 15,-1.0,
base,active,,431415.0,435015.0,48 49 50 51 52 53,-1.0,
base,active,431746.0,431746.0,431892.0,0,37078.0,False
base,active,,431863.0,432508.0,1 2 3 4,-1.0,
base,active,,431865.0,432508.0,5 6,-1.0,
base,active,,431892.0,432163.0,0,-1.0,
base,switching_off,,431892.0,433692.0,112 113 114 115 116 117,-2.0,
base,active,432163.0,432163.0,432245.0,0,37080.0,False
base,active,,432245.0,432399.0,0,-1.0,
base,active,432399.0,432399.0,432573.0,0,37081.0,False
base,switching_off,,432505.0,434305.0,64 65 66 67 68 69 102 103 104 105 106 107 108 109 110 111,-2.0,
base,active,432508.0,432508.0,432568.0,1 2 3 4 5 6 7 8 9 10 11 12 13 14 15 16,37083.0,False
base,active,,432568.0,432866.0,1 2 3 4 5 6 7 8 9 10 11 12 13 14 15 16,-1.0,
base,active,,432573.0,432723.0,0,-1.0,
base,switching_off,,432695.0,434495.0,70 71 72 73 74 75 76 77 78 79 80 81 82 83 84 85 86 87 88 89 90 91 92 93 94 95 96 97 98 99 100 101,-2.0,
base,active,432723.0,432723.0,433983.0,0,37084.0,False
base,active,432866.0,432866.0,433332.0,1 2 3 4 5 6 7 8 9 10 11 12 13 14 15 16 17 18 19 20 21 22 23 24 25 26 27 28 29 30 31 32,37086.0,False
base,sleeping,,432949.0,444111.0,118,-4.0,
base,active,433124.0,433124.0,434099.0,33 34 35 36,37090.0,False
base,active,433147.0,433147.0,434101.0,37 38,37092.0,False
base,active,433268.0,433268.0,433984.0,39,37093.0,False
base,active,,433332.0,433337.0,1,-1.0,
base,active,,433332.0,433341.0,2,-1.0,
base,active,,433332.0,433447.0,3 4 5 6 7 8 9 10 11 12 13 14 15 16 17 18 19 20 21 22 23 24 25 26 27 28 29 30 31 32,-1.0,
base,active,433337.0,433337.0,433360.0,1,37094.0,False
base,active,433341.0,433341.0,433355.0,2,37095.0,False
base,active,,433355.0,433447.0,2,-1.0,
base,active,,433360.0,433447.0,1,-1.0,
base,active,433447.0,433447.0,433940.0,1 2 3 4 5 6 7 8 9 10 11 12 13 14 15 16 17 18 19 20 21 22 23 24 25 26 27 28 29 30 31 32,37096.0,False
base,sleeping,,433692.0,444111.0,112 113 114 115 116 117,-4.0,
base,active,,433940.0,433985.0,1 2 3 4 5 6 7 8 9 10 11 12 13 14 15 16 17 18 19 20 21 22 23 24 25 26 27 28 29 30 31,-1.0,
base,active,,433940.0,434072.0,32,-1.0,
base,active,,433983.0,433985.0,0,-1.0,
base,active,,433984.0,435583.0,39,-1.0,
base,active,433985.0,433985.0,434546.0,0 1 2 3 4 5 6 7 8 9 10 11 12 13 14 15 16 17 18 19 20 21 22 23 24 25 26 27 28 29 30 31,37098.0,False
base,active,434072.0,434072.0,434173.0,32,37099.0,False
base,active,,434099.0,434301.0,33 34 35,-1.0,
base,active,,434099.0,434324.0,36,-1.0,
base,active,,434101.0,434324.0,37,-1.0,
base,active,,434101.0,434964.0,38,-1.0,
base,active,,434173.0,434301.0,32,-1.0,
base,active,434301.0,434301.0,435261.0,32 33 34 35,37101.0,False
base,sleeping,,434305.0,438512.0,64 65 66 67,-4.0,
base,sleeping,,434305.0,438540.0,68 69,-4.0,
base,sleeping,,434305.0,439923.0,102 103 104 105 106 107 108 109,-4.0,
base,sleeping,,434305.0,444111.0,110 111,-4.0,
base,active,434324.0,434324.0,435263.0,36 37,37102.0,False
base,switching_off,,434418.0,436218.0,55 56 57 58 59 60 61 62 63,-2.0,
base,sleeping,,434495.0,439893.0,70 71 72 73 74 75 76 77 78 79 80 81 82 83 84 85 86 87 88 89 90 91 92 93 94 95 96 97 98 99 100 101,-4.0,
base,active,,434546.0,434564.0,0,-1.0,
base,active,,434546.0,434569.0,1,-1.0,
base,active,,434546.0,434658.0,2 3 4 5 6 7 8 9 10 11 12 13 14 15 16 17 18 19 20 21 22 23 24 25 26 27 28 29 30 31,-1.0,
base,active,434564.0,434564.0,434599.0,0,37103.0,False
base,active,434569.0,434569.0,434593.0,1,37104.0,False
base,active,,434593.0,434658.0,1,-1.0,
base,active,,434599.0,434658.0,0,-1.0,
base,switching_off,,434639.0,436439.0,54,-2.0,
base,active,434658.0,434658.0,436062.0,0 1 2 3 4 5 6 7 8 9 10 11 12 13 14 15 16 17 18 19 20 21 22 23 24 25 26 27 28 29 30 31,37106.0,False
base,switching_off,,434958.0,436758.0,40 41 42 43 44 45 46 47,-2.0,
base,active,434964.0,434964.0,434985.0,38,37111.0,False
base,active,,434985.0,435014.0,38,-1.0,
base,active,435014.0,435014.0,435021.0,38,37113.0,False
base,switching_off,,435015.0,436815.0,48 49 50 51 52 53,-2.0,
base,active,,435021.0,435028.0,38,-1.0,
base,active,435028.0,435028.0,435152.0,38,37114.0,False
base,active,,435152.0,435583.0,38,-1.0,
base,active,,435261.0,435583.0,32 33 34 35,-1.0,
base,active,,435263.0,435583.0,36 37,-1.0,
base,active,435583.0,435583.0,435709.0,32 33 34 35 36 37 38 39,37116.0,False
base,active,,435709.0,435718.0,34 35 36 37,-1.0,
base,active,435695.0,435709.0,435727.0,33,37118.0,False
base,active,,435709.0,435739.0,38,-1.0,
base,active,435631.0,435709.0,435758.0,32,37117.0,False
base,active,,435709.0,435915.0,39,-1.0,
base,active,435718.0,435718.0,435743.0,34 35 36 37,37119.0,False
base,active,,435727.0,435739.0,33,-1.0,
base,active,435739.0,435739.0,435743.0,33 38,37120.0,False
base,active,,435743.0,435774.0,33 34 35,-1.0,
base,active,,435743.0,435796.0,36 37,-1.0,
base,active,,435743.0,435915.0,38,-1.0,
base,active,,435758.0,435774.0,32,-1.0,
base,active,435774.0,435774.0,435800.0,32 33 34 35,37121.0,False
base,active,435796.0,435796.0,435799.0,36 37,37122.0,False
base,active,,435799.0,435887.0,36 37,-1.0,
base,active,435800.0,435800.0,435826.0,32 33 34 35,37123.0,False
base,active,,435826.0,435849.0,32 33 34 35,-1.0,
base,active,435849.0,435849.0,435852.0,32 33 34 35,37125.0,False
base,active,,435852.0,435859.0,32 33 34 35,-1.0,
base,active,435859.0,435859.0,435890.0,32 33 34 35,37126.0,False
base,active,435887.0,435887.0,435890.0,36 37,37127.0,False
base,active,,435890.0,435915.0,32 33 34 35 36 37,-1.0,
base,active,435915.0,435915.0,435918.0,32 33 34 35 36 37 38 39,37128.0,False
base,active,,435918.0,435935.0,32 33 34 35,-1.0,
base,active,,435918.0,435940.0,36 37 38 39,-1.0,
base,active,435935.0,435935.0,435939.0,32 33 34 35,37131.0,False
base,active,,435939.0,435940.0,32 33 34 35,-1.0,
base,active,435940.0,435940.0,435943.0,32 33 34 35 36 37 38 39,37132.0,False
base,active,,435943.0,435950.0,32 33 34 35,-1.0,
base,active,,435943.0,435982.0,36 37 38 39,-1.0,
base,active,435950.0,435950.0,435953.0,32 33 34 35,37133.0,False
base,active,,435953.0,435982.0,32 33 34 35,-1.0,
base,active,435982.0,435982.0,435985.0,32 33 34 35 36 37 38 39,37134.0,False
base,active,,435985.0,435995.0,32 33,-1.0,
base,active,,435985.0,438450.0,34 35 36 37 38 39,-1.0,
base,active,435995.0,435995.0,435998.0,32 33,37135.0,False
base,active,,435998.0,438450.0,32 33,-1.0,
base,active,,436062.0,436070.0,16 17 18 19 20 21 22 23 24 25 26 27 28 29 30 31,-1.0,
base,active,435833.0,436062.0,436297.0,0 1 2 3 4 5 6 7 8 9 10 11 12 13 14 15,37124.0,False
base,active,436070.0,436070.0,436073.0,16 17 18 19 20 21 22 23 24 25 26 27 28 29 30 31,37137.0,False
base,active,,436073.0,436265.0,16,-1.0,
base,active,,436073.0,436297.0,17 18 19 20 21 22 23 24 25 26 27 28 29 30 31,-1.0,
base,sleeping,,436218.0,438162.0,55 56 57 58 59 60 61 62 63,-4.0,
base,active,436265.0,436265.0,436268.0,16,37138.0,False
base,active,,436268.0,436297.0,16,-1.0,
base,active,434726.0,436297.0,436560.0,0 1 2 3 4 5 6 7 8 9 10 11 12 13 14 15 16 17 18 19 20 21 22 23 24 25 26 27 28 29 30 31,37108.0,False
base,sleeping,,436439.0,438162.0,54,-4.0,
base,active,435928.0,436560.0,436563.0,0 1 2 3 4 5 6 7 8 9 10 11 12 13 14 15 16 17 18 19 20 21 22 23 24 25 26 27 28 29 30 31,37129.0,False
base,active,436064.0,436563.0,436566.0,0 1 2 3 4 5 6 7 8 9 10 11 12 13 14 15 16 17 18 19 20 21 22 23 24 25 26 27 28 29 30 31,37136.0,False
base,active,,436566.0,438103.0,0 1 2 3,-1.0,
base,active,,436566.0,438132.0,4 5,-1.0,
base,active,,436566.0,438135.0,6 7 8 9,-1.0,
base,active,,436566.0,438390.0,10 11 12 13 14 15 16 17 18 19 20 21 22 23 24 25 26 27 28 29 30 31,-1.0,
base,sleeping,,436758.0,438162.0,40 41 42 43 44 45 46 47,-4.0,
base,sleeping,,436815.0,438162.0,48 49 50 51 52 53,-4.0,
base,active,438103.0,438103.0,438158.0,0 1 2 3,37141.0,False
base,active,438132.0,438132.0,438157.0,4 5,37142.0,False
base,active,438135.0,438135.0,438194.0,6 7 8 9,37143.0,False
base,active,,438157.0,438254.0,4 5,-1.0,
base,active,,438158.0,438182.0,0 1 2 3,-1.0,
base,switching_on,,438162.0,440862.0,40 41 42 43 44 45 46 47 48 49 50 51 52 53 54 55 56 57 58 59 60 61 62 63,-3.0,
base,active,438182.0,438182.0,438211.0,0 1 2 3,37145.0,False
base,active,,438194.0,438254.0,6 7,-1.0,
base,active,,438194.0,438299.0,8 9,-1.0,
base,active,,438211.0,438241.0,0 1 2 3,-1.0,
base,active,438241.0,438241.0,438353.0,0 1 2 3,37146.0,False
base,active,438254.0,438254.0,438310.0,4 5 6 7,37147.0,False
base,active,438299.0,438299.0,438342.0,8 9,37148.0,False
base,active,,438310.0,438390.0,4 5 6 7,-1.0,
base,active,,438342.0,438390.0,8 9,-1.0,
base,active,,438353.0,438390.0,0 1 2 3,-1.0,
base,active,438390.0,438390.0,438690.0,0 1 2 3 4 5 6 7 8 9 10 11 12 13 14 15 16 17 18 19 20 21 22 23 24 25 26 27 28 29 30 31,37149.0,False
base,active,438450.0,438450.0,438692.0,32 33 34 35 36 37 38 39,37150.0,False
base,switching_on,,438512.0,441212.0,64 65 66 67,-3.0,
base,switching_on,,438540.0,441240.0,68 69,-3.0,
base,active,438490.0,438690.0,439036.0,2 3 4 5,37151.0,False
base,active,,438690.0,439486.0,10,-1.0,
base,active,,438690.0,439893.0,11 12 13 14 15 16 17 18 19 20 21 22 23 24 25 26 27 28 29 30 31,-1.0,
base,active,438540.0,438690.0,445776.0,0 1,37153.0,False
base,active,438512.0,438690.0,445804.0,6 7 8 9,37152.0,False
base,active,,438692.0,439893.0,32 33 34 35 36 37 38,-1.0,
base,active,,438692.0,440517.0,39,-1.0,
base,active,,439036.0,439343.0,2,-1.0,
base,active,,439036.0,439486.0,3 4 5,-1.0,
base,active,439343.0,439343.0,439358.0,2,37156.0,False
base,active,,439358.0,439444.0,2,-1.0,
base,active,439444.0,439444.0,439705.0,2,37157.0,False
base,active,439486.0,439486.0,439776.0,3 4 5 10,37158.0,False
base,active,,439705.0,439829.0,2,-1.0,
base,active,,439776.0,439893.0,3 4 5 10,-1.0,
base,active,439829.0,439829.0,439959.0,2,37160.0,False
base,switching_on,,439893.0,442593.0,70 71 72 73 74 75 76 77 78 79 80 81 82 83 84 85 86 87 88 89 90 91 92 93 94 95 96 97 98 99 100 101,-3.0,
base,active,439893.0,439893.0,445871.0,3 4 5 10 11 12 13 14 15 16 17 18 19 20 21 22 23 24 25 26 27 28 29 30 31 32 33 34 35 36 37 38,37161.0,False
base,switching_on,,439923.0,442623.0,102 103 104 105 106 107 108 109,-3.0,
base,active,,439959.0,440295.0,2,-1.0,
base,active,440295.0,440295.0,440422.0,2,37168.0,False
base,active,,440422.0,440516.0,2,-1.0,
base,active,440516.0,440516.0,440729.0,2,37169.0,False
base,active,440517.0,440517.0,440532.0,39,37170.0,False
base,active,,440532.0,440579.0,39,-1.0,
base,active,440579.0,440579.0,440602.0,39,37171.0,False
base,active,,440602.0,440862.0,39,-1.0,
base,active,,440729.0,440862.0,2,-1.0,
base,active,,440862.0,440884.0,46 47 48 49,-1.0,
base,active,,440862.0,440993.0,50 51 52 53 54,-1.0,
base,active,,440862.0,442623.0,55 56 57 58 59 60 61 62 63,-1.0,
base,active,439923.0,440862.0,446811.0,2 39 40 41 42 43 44 45,37162.0,False
base,active,440884.0,440884.0,440950.0,46 47 48 49,37174.0,False
base,active,,440950.0,440951.0,46,-1.0,
base,active,,440950.0,440993.0,47 48 49,-1.0,
base,active,440951.0,440951.0,441110.0,46,37175.0,False
base,active,440993.0,440993.0,441352.0,47 48 49 50 51 52 53 54,37176.0,False
base,active,,441110.0,441187.0,46,-1.0,
base,active,441187.0,441187.0,441342.0,46,37178.0,False
base,active,,441212.0,442623.0,64 65 66 67,-1.0,
base,active,,441240.0,442623.0,68 69,-1.0,
base,active,,441342.0,441684.0,46,-1.0,
base,active,,441352.0,441684.0,47 48 49 50 51 52 53,-1.0,
base,active,,441352.0,442344.0,54,-1.0,
base,active,441684.0,441684.0,441969.0,46 47 48 49 50 51 52 53,37182.0,False
base,active,,441969.0,442199.0,46 47 48 49 50 51 52 53,-1.0,
base,active,442199.0,442199.0,442393.0,46 47 48 49 50 51 52 53,37185.0,False
base,active,442344.0,442344.0,442461.0,54,37187.0,False
base,active,,442393.0,442623.0,46 47 48 49 50 51 52 53,-1.0,
base,active,,442461.0,442623.0,54,-1.0,
base,active,,442593.0,442623.0,70 71 72 73 74 75 76 77 78 79 80 81 82 83 84 85 86 87 88 89 90 91 92 93 94 95 96 97 98 99 100 101,-1.0,
base,active,438162.0,442623.0,444973.0,46 47 48 49 50 51 52 53 54 55 56 57 58 59 60 61 62 63 64 65 66 67 68 69 70 71 72 73 74 75 76 77 78 79 80 81 82 83 84 85 86 87 88 89 90 91 92 93 94 95 96 97 98 99 100 101 102 103 104 105 106 107 108 109,37144.0,False
base,switching_on,,444111.0,446811.0,110 111 112 113 114 115 116 117 118 119 120 121 122 123 124 125 126 127,-3.0,
base,active,443357.0,444973.0,444975.0,55 56 57 58,37199.0,False
base,active,444307.0,444973.0,444982.0,54,37210.0,False
base,active,443709.0,444973.0,444988.0,50,37203.0,False
base,active,444297.0,444973.0,444989.0,53,37209.0,False
base,active,443710.0,444973.0,444995.0,51,37204.0,False
base,active,442711.0,444973.0,445001.0,47,37189.0,False
base,active,442705.0,444973.0,445004.0,46,37188.0,False
base,active,444008.0,444973.0,445013.0,52,37208.0,False
base,active,444703.0,444973.0,445016.0,59 60 61 62,37214.0,False
base,active,443237.0,444973.0,445044.0,49,37196.0,False
base,active,444890.0,444973.0,445048.0,63 64 65 66,37217.0,False
base,active,444932.0,444973.0,445093.0,99 100 101 102 103 104 105 106,37219.0,False
base,active,444597.0,444973.0,445125.0,91 92 93 94 95 96 97 98,37213.0,False
base,active,443002.0,444973.0,445141.0,48,37193.0,False
base,active,,444973.0,445141.0,107 108 109,-1.0,
base,active,443654.0,444973.0,445154.0,75 76 77 78 79 80 81 82,37202.0,False
base,active,442914.0,444973.0,445182.0,67 68 69 70 71 72 73 74,37192.0,False
base,active,443872.0,444973.0,445238.0,83 84 85 86 87 88 89 90,37206.0,False
base,active,,444975.0,445125.0,55 56 57 58,-1.0,
base,active,,444982.0,445125.0,54,-1.0,
base,active,,444988.0,445125.0,50,-1.0,
base,active,,444989.0,445125.0,53,-1.0,
base,active,,444995.0,445125.0,51,-1.0,
base,active,,445001.0,445125.0,47,-1.0,
base,active,,445004.0,445125.0,46,-1.0,
base,active,,445013.0,445125.0,52,-1.0,
base,active,,445016.0,445125.0,59 60 61 62,-1.0,
base,active,,445044.0,445125.0,49,-1.0,
base,active,,445048.0,445125.0,63 64 65 66,-1.0,
base,active,,445093.0,445125.0,99 100 101 102,-1.0,
base,active,,445093.0,445141.0,103 104 105 106,-1.0,
base,active,443311.0,445125.0,445519.0,46 47 49 50 51 52 53 54 55 56 57 58 59 60 61 62 63 64 65 66 91 92 93 94 95 96 97 98 99 100 101 102,37198.0,False
base,active,445130.0,445141.0,445222.0,48 103 104 105 106 107 108 109,37222.0,False
base,active,,445154.0,445249.0,75 76 77 78 79 80 81 82,-1.0,
base,active,,445182.0,445203.0,67 68 69 70,-1.0,
base,active,,445182.0,445249.0,71 72 73 74,-1.0,
base,active,445203.0,445203.0,445249.0,67 68 69 70,37223.0,False
base,active,,445222.0,445249.0,48 103 104 105 106 107 108 109,-1.0,
base,active,,445238.0,445249.0,83 84 85 86 87 88 89 90,-1.0,
base,active,443787.0,445249.0,445757.0,48 67 68 69 70 71 72 73 74 75 76 77 78 79 80 81 82 83 84 85 86 87 88 89 90 103 104 105 106 107 108 109,37205.0,False
base,active,445465.0,445519.0,445661.0,51 52 53 54 55 56 57 58,37226.0,False
base,active,,445519.0,445871.0,59 60 61 62 63 64 65 66,-1.0,
base,active,,445519.0,446061.0,91 92 93 94 95 96 97 98 99 100 101 102,-1.0,
base,active,445433.0,445519.0,446299.0,46 47 49 50,37225.0,False
base,active,,445661.0,445683.0,51 52 53 54,-1.0,
base,active,,445661.0,445706.0,55 56,-1.0,
base,active,,445661.0,445871.0,57 58,-1.0,
base,active,445683.0,445683.0,446058.0,51 52 53 54,37228.0,False
base,active,445706.0,445706.0,446057.0,55 56,37229.0,False
base,active,,445757.0,445871.0,48 67 68 69 70 71 72 73 74 75 76 77 78 79 80 81,-1.0,
base,active,,445757.0,446061.0,82 83 84 85 86 87 88 89 90 103 104 105 106 107,-1.0,
base,active,,445757.0,446122.0,108 109,-1.0,
base,active,,445776.0,445871.0,0 1,-1.0,
base,active,,445804.0,445871.0,6 7 8 9,-1.0,
base,active,440718.0,445871.0,447860.0,0 1 3 4 5 6 7 8 9 10 11 12 13 14 15 16 17 18 19 20 21 22 23 24 25 26 27 28 29 30 31 32 33 34 35 36 37 38 48 57 58 59 60 61 62 63 64 65 66 67 68 69 70 71 72 73 74 75 76 77 78 79 80 81,37172.0,False
base,active,,446057.0,446061.0,55 56,-1.0,
base,active,,446058.0,446061.0,51 52 53 54,-1.0,
base,active,446061.0,446061.0,457113.0,51 52 53 54 55 56 82 83 84 85 86 87 88 89 90 91 92 93 94 95 96 97 98 99 100 101 102 103 104 105 106 107,37230.0,False
base,active,446122.0,446122.0,446294.0,108 109,37233.0,False
base,active,446196.0,446294.0,446313.0,109,37236.0,False
base,active,446193.0,446294.0,446318.0,108,37235.0,False
base,active,446086.0,446299.0,446507.0,46 47 49 50,37231.0,False
base,active,,446313.0,446369.0,109,-1.0,
base,active,,446318.0,446369.0,108,-1.0,
base,active,446369.0,446369.0,446854.0,108 109,37241.0,False
base,active,446224.0,446507.0,446571.0,46 47 49 50,37237.0,False
base,active,446343.0,446571.0,446985.0,46 47 49 50,37239.0,False
base,active,,446811.0,446824.0,114,-1.0,
base,active,,446811.0,446827.0,115 116 117 118 119 120 121 122,-1.0,
base,active,446760.0,446811.0,446833.0,2 39 40 41,37246.0,False
base,active,,446811.0,446911.0,123 124 125,-1.0,
base,active,,446811.0,447612.0,126,-1.0,
base,active,,446811.0,447717.0,127,-1.0,
base,active,446093.0,446811.0,457833.0,42 43 44 45 110 111 112 113,37232.0,False
base,active,446824.0,446824.0,446885.0,114,37248.0,False
base,active,446827.0,446827.0,447354.0,115 116 117 118 119 120 121 122,37249.0,False
base,active,,446833.0,446863.0,2 39 40 41,-1.0,
base,active,,446854.0,446889.0,108 109,-1.0,
base,active,446863.0,446863.0,447435.0,2 39 40 41,37250.0,False
base,active,,446885.0,446911.0,114,-1.0,
base,active,446889.0,446889.0,447435.0,108 109,37251.0,False
base,active,446911.0,446911.0,446998.0,114 123 124 125,37252.0,False
base,active,,446985.0,447029.0,46 47 49 50,-1.0,
base,active,,446998.0,447029.0,114 123 124 125,-1.0,
base,active,447029.0,447029.0,447089.0,46 47 49 50 114 123 124 125,37253.0,False
base,active,,447089.0,447145.0,46,-1.0,
base,active,,447089.0,447147.0,47,-1.0,
base,active,,447089.0,447354.0,49 50 114 123 124 125,-1.0,
base,active,447145.0,447145.0,447183.0,46,37254.0,False
base,active,447147.0,447147.0,447173.0,47,37255.0,False
base,active,,447173.0,447354.0,47,-1.0,
base,active,,447183.0,447354.0,46,-1.0,
base,active,446307.0,447354.0,447853.0,46 47 49 50 114 115 116 117 118 119 120 121 122 123 124 125,37238.0,False
base,active,,447435.0,447524.0,2 39 40 41,-1.0,
base,active,,447435.0,447548.0,108 109,-1.0,
base,active,447524.0,447524.0,448574.0,2 39 40 41,37260.0,False
base,active,447548.0,447548.0,448574.0,108 109,37261.0,False
base,active,447612.0,447612.0,447724.0,126,37263.0,False
base,active,447717.0,447717.0,447770.0,127,37265.0,False
base,active,,447724.0,447770.0,126,-1.0,
base,active,447751.0,447770.0,447889.0,126 127,37266.0,False
base,active,447186.0,447853.0,447965.0,46 47 49 50 114 115 116 117 118 119 120 121 122 123 124 125,37256.0,False
base,active,447485.0,447860.0,447877.0,0 1 3 4 5 6 7 8 9 10 11 12 13 14 15 16,37259.0,False
base,active,447553.0,447860.0,447887.0,17 18 19 20 21 22 23 24 25 26 27 28 29 30 31 32,37262.0,False
base,active,,447860.0,447887.0,33 34 35 36 37 38 48 57 58 59 60 61 62 63 64 65 66 67 68 69 70 71 72 73 74 75 76 77 78 79 80 81,-1.0,
base,active,,447877.0,447887.0,0 1 3 4 5 6 7 8 9 10 11 12 13 14 15 16,-1.0,
base,active,442814.0,447887.0,448303.0,0 1 3 4 5 6 7 8 9 10 11 12 13 14 15 16 17 18 19 20 21 22 23 24 25 26 27 28 29 30 31 32 33 34 35 36 37 38 48 57 58 59 60 61 62 63 64 65 66 67 68 69 70 71 72 73 74 75 76 77 78 79 80 81,37191.0,False
base,active,,447889.0,447931.0,126,-1.0,
base,active,,447889.0,451489.0,127,-1.0,
base,active,447931.0,447931.0,447946.0,126,37269.0,False
base,active,,447946.0,451546.0,126,-1.0,
base,active,,447965.0,447991.0,114 115 116 117 118 119 120 121,-1.0,
base,active,447893.0,447965.0,448047.0,46 47 49 50,37268.0,False
base,active,,447965.0,448086.0,122 123 124 125,-1.0,
base,active,447991.0,447991.0,448072.0,114 115 116 117 118 119 120 121,37270.0,False
base,active,,448047.0,448086.0,46 47 49 50,-1.0,
base,active,,448072.0,448086.0,114 115 116 117 118 119 120 121,-1.0,
base,active,448086.0,448086.0,448165.0,46 47 49 50 114 115 116 117 118 119 120 121 122 123 124 125,37271.0,False
base,active,,448165.0,448471.0,46 47 49 50,-1.0,
base,active,,448165.0,448918.0,114 115 116 117 118 119 120 121 122 123 124 125,-1.0,
base,active,,448303.0,448354.0,33 34,-1.0,
base,active,,448303.0,448369.0,35,-1.0,
base,active,,448303.0,448471.0,36 37 38 48 57 58 59 60 61 62 63 64 65 66 67 68 69 70 71 72 73 74 75 76 77,-1.0,
base,active,,448303.0,448502.0,78,-1.0,
base,active,,448303.0,448609.0,79,-1.0,
base,active,,448303.0,448628.0,80 81,-1.0,
base,active,448176.0,448303.0,448710.0,0 1 3 4 5 6 7 8 9 10 11 12 13 14 15 16 17 18 19 20 21 22 23 24 25 26 27 28 29 30 31 32,37272.0,False
base,active,448354.0,448354.0,448470.0,33 34,37273.0,False
base,active,448369.0,448369.0,448390.0,35,37274.0,False
base,active,,448390.0,448471.0,35,-1.0,
base,active,,448470.0,448471.0,33 34,-1.0,
base,active,448471.0,448471.0,448640.0,33 34 35 36 37 38 46 47 48 49 50 57 58 59 60 61 62 63 64 65 66 67 68 69 70 71 72 73 74 75 76 77,37275.0,False
base,active,448502.0,448502.0,448543.0,78,37276.0,False
base,active,,448543.0,448609.0,78,-1.0,
base,active,,448574.0,448586.0,2 39 40 41,-1.0,
base,active,,448574.0,448628.0,108 109,-1.0,
base,active,448586.0,448586.0,451115.0,2 39 40 41,37277.0,False
base,active,448609.0,448609.0,451127.0,78 79,37279.0,False
base,active,448628.0,448628.0,448661.0,80 81 108 109,37280.0,False
base,active,448588.0,448640.0,449071.0,33 34 35 36 37 38 46 47 48 49 50 57 58 59 60 61 62 63 64 65 66 67 68 69 70 71 72 73 74 75 76 77,37278.0,False
base,active,,448661.0,448918.0,80 81 108 109,-1.0,
base,active,,448710.0,448716.0,0 1 3 4,-1.0,
base,active,,448710.0,448757.0,5 6 7 8,-1.0,
base,active,,448710.0,448830.0,9,-1.0,
base,active,,448710.0,448890.0,10 11 12 13 14 15 16 17 18 19 20 21 22 23 24 25 26 27 28 29 30 31 32,-1.0,
base,active,448716.0,448716.0,448751.0,0 1 3 4,37281.0,False
base,active,,448751.0,448757.0,0 1 3 4,-1.0,
base,active,448757.0,448757.0,448881.0,0 1 3 4 5 6 7 8,37282.0,False
base,active,448830.0,448830.0,448854.0,9,37283.0,False
base,active,,448854.0,448890.0,9,-1.0,
base,active,,448881.0,448890.0,0 1 3 4 5 6 7 8,-1.0,
base,active,448890.0,448890.0,449141.0,0 1 3 4 5 6 7 8 9 10 11 12 13 14 15 16 17 18 19 20 21 22 23 24 25 26 27 28 29 30 31 32,37284.0,False
base,active,448918.0,448918.0,449090.0,80 81 108 109 114 115 116 117 118 119 120 121 122 123 124 125,37285.0,False
base,active,449031.0,449071.0,449426.0,33 34 35 36 37 38 46 47 48 49 50 57 58 59 60 61 62 63 64 65 66 67 68 69 70 71 72 73 74 75 76 77,37286.0,False
base,active,,449090.0,449112.0,80 81 108 109 114 115 116 117 118 119 120 121 122 123 124 125,-1.0,
base,active,449112.0,449112.0,460278.0,80 81 108 109 114 115 116 117 118 119 120 121 122 123 124 125,37287.0,False
base,active,,449141.0,449147.0,0,-1.0,
base,active,,449141.0,449303.0,1 3 4 5 6 7 8 9 10 11 12 13 14 15 16 17 18 19 20 21 22 23 24 25 26 27 28 29 30 31 32,-1.0,
base,active,449147.0,449147.0,449169.0,0,37288.0,False
base,active,,449169.0,449175.0,0,-1.0,
base,active,449175.0,449175.0,449182.0,0,37289.0,False
base,active,,449182.0,449188.0,0,-1.0,
base,active,449188.0,449188.0,449196.0,0,37290.0,False
base,active,,449196.0,449303.0,0,-1.0,
base,active,449303.0,449303.0,449468.0,0 1 3 4 5 6 7 8 9 10 11 12 13 14 15 16 17 18 19 20 21 22 23 24 25 26 27 28 29 30 31 32,37291.0,False
base,active,449401.0,449426.0,460303.0,33 34 35 36 37 38 46 47 48 49 50 57 58 59 60 61 62 63 64 65 66 67 68 69 70 71 72 73 74 75 76 77,37292.0,False
base,active,,449468.0,450448.0,0 1 3 4 5 6 7 8 9 10 11 12 13 14 15 16 17 18 19 20 21 22 23 24 25 26 27 28 29 30 31 32,-1.0,
base,active,450448.0,450448.0,450672.0,0 1 3 4 5 6 7 8 9 10 11 12 13 14 15 16 17 18 19 20 21 22 23 24 25 26 27 28 29 30 31 32,37295.0,False
base,active,,450672.0,451282.0,0 1 3 4 5 6 7 8 9 10 11 12 13 14 15 16 17 18 19 20 21 22 23 24 25 26 27 28 29 30 31,-1.0,
base,active,,450672.0,452341.0,32,-1.0,
base,active,,451115.0,451282.0,2,-1.0,
base,active,,451115.0,454715.0,39 40 41,-1.0,
base,active,,451127.0,454727.0,78 79,-1.0,
base,active,451282.0,451282.0,452690.0,0 1 2 3 4 5 6 7 8 9 10 11 12 13 14 15 16 17 18 19 20 21 22 23 24 25 26 27 28 29 30 31,37300.0,False
base,switching_off,,451489.0,453289.0,127,-2.0,
base,switching_off,,451546.0,453346.0,126,-2.0,
base,active,452341.0,452341.0,452360.0,32,37304.0,False
base,active,,452360.0,455960.0,32,-1.0,
base,active,,452690.0,452695.0,0,-1.0,
base,active,,452690.0,452696.0,1,-1.0,
base,active,,452690.0,452835.0,2 3 4 5 6 7 8 9 10 11 12 13 14 15 16 17 18 19 20 21 22 23 24 25 26 27 28 29 30 31,-1.0,
base,active,452695.0,452695.0,452718.0,0,37306.0,False
base,active,452696.0,452696.0,452707.0,1,37307.0,False
base,active,,452707.0,452835.0,1,-1.0,
base,active,,452718.0,452835.0,0,-1.0,
base,active,452835.0,452835.0,453162.0,0 1 2 3 4 5 6 7 8 9 10 11 12 13 14 15 16 17 18 19 20 21 22 23 24 25 26 27 28 29 30 31,37310.0,False
base,active,,453162.0,453454.0,0 1 2 3 4 5 6 7 8 9 10 11 12 13 14 15 16 17 18 19 20 21 22 23 24 25 26 27 28 29 30 31,-1.0,
base,sleeping,,453289.0,473581.0,127,-4.0,
base,sleeping,,453346.0,473581.0,126,-4.0,
base,active,453454.0,453454.0,454775.0,0 1 2 3 4 5 6 7 8 9 10 11 12 13 14 15 16 17 18 19 20 21 22 23 24 25 26 27 28 29 30 31,37314.0,False
base,switching_off,,454715.0,456515.0,39 40 41,-2.0,
base,switching_off,,454727.0,456527.0,78 79,-2.0,
base,active,,454775.0,454776.0,0,-1.0,
base,active,,454775.0,455961.0,1 2 3 4 5 6 7 8 9 10 11 12 13 14 15 16 17 18 19 20 21 22 23 24 25 26 27 28 29 30 31,-1.0,
base,active,454776.0,454776.0,454794.0,0,37322.0,False
base,active,,454794.0,455961.0,0,-1.0,
base,switching_off,,455960.0,457760.0,32,-2.0,
base,active,455961.0,455961.0,456009.0,0 1 2 3 4 5 6 7 8 9 10 11 12 13 14 15 16 17 18 19 20 21 22 23 24 25 26 27 28 29 30 31,37326.0,False
base,active,,456009.0,456038.0,0 1 2 3 4 5 6 7 8 9 10 11 12 13 14 15 16 17 18 19 20 21 22 23 24 25 26 27 28 29 30 31,-1.0,
base,active,456038.0,456038.0,456180.0,0 1 2 3 4 5 6 7 8 9 10 11 12 13 14 15 16 17 18 19 20 21 22 23 24 25 26 27 28 29 30 31,37329.0,False
base,active,,456180.0,456643.0,0,-1.0,
base,active,,456180.0,456743.0,1 2 3 4 5 6 7 8 9 10 11 12 13 14 15,-1.0,
base,active,,456180.0,456822.0,16,-1.0,
base,active,,456180.0,457113.0,17 18 19 20 21 22 23 24 25 26 27 28 29 30 31,-1.0,
base,sleeping,,456515.0,467042.0,39 40 41,-4.0,
base,sleeping,,456527.0,473581.0,78 79,-4.0,
base,active,456643.0,456643.0,456691.0,0,37339.0,False
base,active,,456691.0,456743.0,0,-1.0,
base,active,456743.0,456743.0,456929.0,0 1 2 3 4 5 6 7 8 9 10 11 12 13 14 15,37342.0,False
base,active,456822.0,456822.0,456842.0,16,37344.0,False
base,active,,456842.0,457113.0,16,-1.0,
base,active,,456929.0,457113.0,0 1 2 3 4 5 6 7 8 9 10 11 12 13 14 15,-1.0,
base,active,444416.0,457113.0,457985.0,0 1 2 3 4 5 6 7 8 9 10 11 12 13 14 15 16 17 18 19 20 21 22 23 24 25 26 27 28 29 30 31 51 52 53 54 55 56 82 83 84 85 86 87 88 89 90 91 92 93 94 95 96 97 98 99 100 101 102 103 104 105 106 107,37211.0,False
base,sleeping,,457760.0,467042.0,32,-4.0,
base,active,457635.0,457833.0,457925.0,42,37350.0,False
base,active,457751.0,457833.0,457938.0,43,37352.0,False
base,active,,457833.0,457985.0,44 45,-1.0,
base,active,,457833.0,461433.0,110 111 112 113,-1.0,
base,active,,457925.0,457985.0,42,-1.0,
base,active,,457938.0,457985.0,43,-1.0,
base,active,,457985.0,458012.0,104 105,-1.0,
base,active,445386.0,457985.0,458781.0,0 1 2 3 4 5 6 7 8 9 10 11 12 13 14 15 16 17 18 19 20 21 22 23 24 25 26 27 28 29 30 31 42 43 44 45 51 52 53 54 55 56 82 83 84 85 86 87 88 89 90 91 92 93 94 95 96 97 98 99 100 101 102 103,37224.0,False
base,active,,457985.0,461585.0,106 107,-1.0,
base,active,458012.0,458012.0,458103.0,104 105,37357.0,False
base,active,,458103.0,461703.0,104 105,-1.0,
base,active,458628.0,458781.0,458997.0,0 1 2 3 4 5 6 7 8 9 10 11 12 13 14 15 16 17 18 19 20 21 22 23 24 25 26 27 28 29 30 31,37363.0,False
base,active,,458781.0,458997.0,42 43 44 45 51 52 53 54 55 56 82 83 84 85 86 87 88 89 90 91 92 93 94 95 96 97 98 99 100 101 102 103,-1.0,
base,active,446367.0,458997.0,459763.0,0 1 2 3 4 5 6 7 8 9 10 11 12 13 14 15 16 17 18 19 20 21 22 23 24 25 26 27 28 29 30 31 42 43 44 45 51 52 53 54 55 56 82 83 84 85 86 87 88 89 90 91 92 93 94 95 96 97 98 99 100 101 102 103,37240.0,False
base,active,447307.0,459763.0,460023.0,0 1 2 3 4 5 6 7 8 9 10 11 12 13 14 15 16 17 18 19 20 21 22 23 24 25 26 27 28 29 30 31 42 43 44 45 51 52 53 54 55 56 82 83 84 85 86 87 88 89 90 91 92 93 94 95 96 97 98 99 100 101 102 103,37257.0,False
base,active,447665.0,460023.0,460532.0,0 1 2 3 4 5 6 7 8 9 10 11 12 13 14 15 16 17 18 19 20 21 22 23 24 25 26 27 28 29 30 31 42 43 44 45 51 52 53 54 55 56 82 83 84 85 86 87 88 89 90 91 92 93 94 95 96 97 98 99 100 101 102 103,37264.0,False
base,active,,460278.0,463878.0,80 81 108 109 114 115 116 117 118 119 120 121 122 123 124 125,-1.0,
base,active,,460303.0,463903.0,33 34 35 36 37 38 46 47 48 49 50 57 58 59 60 61 62 63 64 65 66 67 68 69 70 71 72 73 74 75 76 77,-1.0,
base,active,,460532.0,464132.0,0 1 2 3 4 5 6 7 8 9 10 11 12 13 14 15 16 17 18 19 20 21 22 23 24 25 26 27 28 29 30 31 42 43 44 45 51 52 53 54 55 56 82 83 84 85 86 87 88 89 90 91 92 93 94 95 96 97 98 99 100 101 102 103,-1.0,
base,switching_off,,461433.0,463233.0,110 111 112 113,-2.0,
base,switching_off,,461585.0,463385.0,106 107,-2.0,
base,switching_off,,461703.0,463503.0,104 105,-2.0,
base,sleeping,,463233.0,473581.0,110 111 112 113,-4.0,
base,sleeping,,463385.0,473581.0,106 107,-4.0,
base,sleeping,,463503.0,473581.0,104 105,-4.0,
base,switching_off,,463878.0,465678.0,80 81 108 109 114 115 116 117 118 119 120 121 122 123 124 125,-2.0,
base,switching_off,,463903.0,465703.0,33 34 35 36 37 38 46 47 48 49 50 57 58 59 60 61 62 63 64 65 66 67 68 69 70 71 72 73 74 75 76 77,-2.0,
base,switching_off,,464132.0,465932.0,0 1 2 3 4 5 6 7 8 9 10 11 12 13 14 15 16 17 18 19 20 21 22 23 24 25 26 27 28 29 30 31 42 43 44 45 51 52 53 54 55 56 82 83 84 85 86 87 88 89 90 91 92 93 94 95 96 97 98 99 100 101 102 103,-2.0,
base,sleeping,,465678.0,473581.0,80 81 108 109 114 115 116 117 118 119 120 121 122 123 124 125,-4.0,
base,sleeping,,465703.0,467042.0,33 34 35 36 37 38 46 47 48 49 50 57 58 59 60 61 62 63,-4.0,
base,sleeping,,465703.0,467927.0,64 65 66 67,-4.0,
base,sleeping,,465703.0,467949.0,68 69,-4.0,
base,sleeping,,465703.0,473581.0,70 71 72 73 74 75 76 77,-4.0,
base,sleeping,,465932.0,467042.0,0 1 2 3 4 5 6 7 8 9 10 11 12 13 14 15 16 17 18 19 20 21 22 23 24 25 26 27 28 29 30 31 42 43 44 45 51 52 53 54 55 56,-4.0,
base,sleeping,,465932.0,473581.0,82 83 84 85 86 87 88 89 90 91 92 93 94 95 96 97 98 99 100 101 102 103,-4.0,
base,switching_on,,467042.0,469742.0,0 1 2 3 4 5 6 7 8 9 10 11 12 13 14 15 16 17 18 19 20 21 22 23 24 25 26 27 28 29 30 31 32 33 34 35 36 37 38 39 40 41 42 43 44 45 46 47 48 49 50 51 52 53 54 55 56 57 58 59 60 61 62 63,-3.0,
base,switching_on,,467927.0,470627.0,64 65 66 67,-3.0,
base,switching_on,,467949.0,470649.0,68 69,-3.0,
base,active,,469742.0,470041.0,6 7 8 9,-1.0,
base,active,,469742.0,470062.0,10 11,-1.0,
base,active,,469742.0,471666.0,12 13 14 15 16 17 18 19 20 21 22 23 24 25 26 27 28 29 30 31 32 33 34 35 36 37 38 39 40 41 42 43 44 45 46 47 48 49 50 51 52 53 54 55 56 57 58 59 60 61 62 63,-1.0,
base,active,467949.0,469742.0,471759.0,0 1,37379.0,False
base,active,467927.0,469742.0,471779.0,2 3 4 5,37378.0,False
base,active,470041.0,470041.0,471666.0,6 7 8 9,37380.0,False
base,active,470062.0,470062.0,471663.0,10 11,37381.0,False
base,active,,470627.0,471666.0,64 65 66 67,-1.0,
base,active,,470649.0,471666.0,68 69,-1.0,
base,active,,471663.0,471666.0,10 11,-1.0,
base,active,467042.0,471666.0,476281.0,6 7 8 9 10 11 12 13 14 15 16 17 18 19 20 21 22 23 24 25 26 27 28 29 30 31 32 33 34 35 36 37 38 39 40 41 42 43 44 45 46 47 48 49 50 51 52 53 54 55 56 57 58 59 60 61 62 63 64 65 66 67 68 69,37377.0,False
base,active,,471759.0,476281.0,0 1,-1.0,
base,active,,471779.0,476281.0,2 3 4 5,-1.0,
base,switching_on,,473581.0,476281.0,70 71 72 73 74 75 76 77 78 79 80 81 82 83 84 85 86 87 88 89 90 91 92 93 94 95 96 97 98 99 100 101 102 103 104 105 106 107 108 109 110 111 112 113 114 115 116 117 118 119 120 121 122 123 124 125 126 127,-3.0,
base,active,471669.0,476281.0,476367.0,0 1 2 3 4 5 6 7 8 9 10 11 12 13 14 15 16 17 18 19 20 21 22 23 24 25 26 27 28 29 30 31 32 33 34 35 36 37 38 39 40 41 42 43 44 45 46 47 48 49 50 51 52 53 54 55 56 57 58 59 60 61 62 63 64 65 66 67 68 69 70 71 72 73 74 75 76 77 78 79 80 81 82 83 84 85 86 87 88 89 90 91 92 93 94 95 96 97 98 99 100 101 102 103 104 105 106 107 108 109 110 111 112 113 114 115 116 117 118 119 120 121 122 123 124 125 126 127,37382.0,False
base,active,471765.0,476367.0,487302.0,0 1 2 3 4 5 6 7 8 9 10 11 12 13 14 15 16 17 18 19 20 21 22 23 24 25 26 27 28 29 30 31 32 33 34 35 36 37 38 39 40 41 42 43 44 45 46 47 48 49 50 51 52 53 54 55 56 57 58 59 60 61 62 63 64 65 66 67 68 69 70 71 72 73 74 75 76 77 78 79 80 81 82 83 84 85 86 87 88 89 90 91 92 93 94 95 96 97 98 99 100 101 102 103 104 105 106 107 108 109 110 111 112 113 114 115 116 117 118 119 120 121 122 123 124 125 126 127,37383.0,False
base,active,,487302.0,490902.0,64 65 66 67 68 69 70 71 72 73 74 75 76 77 78 79 80 81 82 83 84 85 86 87 88 89 90 91 92 93 94 95 96 97 98 99 100 101 102 103 104 105 106 107 108 109 110 111 112 113 114 115 116 117 118 119 120 121 122 123 124 125 126 127,-1.0,
base,active,482706.0,487302.0,498226.0,0 1 2 3 4 5 6 7 8 9 10 11 12 13 14 15 16 17 18 19 20 21 22 23 24 25 26 27 28 29 30 31 32 33 34 35 36 37 38 39 40 41 42 43 44 45 46 47 48 49 50 51 52 53 54 55 56 57 58 59 60 61 62 63,37384.0,False
base,switching_off,,490902.0,492702.0,64 65 66 67 68 69 70 71 72 73 74 75 76 77 78 79 80 81 82 83 84 85 86 87 88 89 90 91 92 93 94 95 96 97 98 99 100 101 102 103 104 105 106 107 108 109 110 111 112 113 114 115 116 117 118 119 120 121 122 123 124 125 126 127,-2.0,
base,sleeping,,492702.0,503649.0,64 65 66 67 68 69 70 71,-4.0,
base,sleeping,,492702.0,506726.0,72 73 74 75 76 77 78 79 80 81 82 83 84 85 86 87 88 89 90 91 92 93 94 95 96 97 98 99 100 101 102 103 104 105 106 107 108 109 110 111 112 113 114 115 116 117 118 119 120 121 122 123 124 125 126 127,-4.0,
base,active,,498226.0,499301.0,0 1 2 3 4 5 6 7 8 9 10 11 12 13 14 15 16 17 18 19 20 21 22 23 24 25 26 27 28 29 30 31,-1.0,
base,active,,498226.0,501826.0,32 33 34 35 36 37 38 39 40 41 42 43 44 45 46 47 48 49 50 51 52 53 54 55 56 57 58 59 60 61 62 63,-1.0,
base,active,499301.0,499301.0,499389.0,0 1 2 3 4 5 6 7 8 9 10 11 12 13 14 15 16 17 18 19 20 21 22 23 24 25 26 27 28 29 30 31,37587.0,False
base,active,,499389.0,500168.0,0 1 2 3 4 5 6 7 8 9 10 11 12 13 14 15 16 17 18 19 20 21 22 23 24 25 26 27 28 29 30 31,-1.0,
base,active,500168.0,500168.0,500188.0,0 1 2 3 4 5 6 7 8 9 10 11 12 13 14 15 16 17 18 19 20 21 22 23 24 25 26 27 28 29 30 31,37595.0,False
base,active,,500188.0,500720.0,0 1 2 3 4 5 6 7 8 9 10 11 12 13 14 15,-1.0,
base,active,,500188.0,500947.0,16 17 18 19 20 21 22 23 24 25 26 27 28 29 30 31,-1.0,
base,active,500720.0,500720.0,500792.0,0 1 2 3 4 5 6 7 8 9 10 11 12 13 14 15,37602.0,False
base,active,,500792.0,500947.0,0 1 2 3 4 5 6 7 8 9 10 11 12 13 14 15,-1.0,
base,active,500947.0,500947.0,501025.0,0 1 2 3 4 5 6 7 8 9 10 11 12 13 14 15 16 17 18 19 20 21 22 23 24 25 26 27 28 29 30 31,37604.0,False
base,active,,501025.0,501071.0,0 1 2 3 4 5 6 7,-1.0,
base,active,,501025.0,501400.0,8 9 10 11 12 13 14 15 16 17 18 19 20 21 22 23 24 25 26 27 28 29 30 31,-1.0,
base,active,501071.0,501071.0,501133.0,0 1 2 3 4 5 6 7,37605.0,False
base,active,,501133.0,501211.0,0 1 2 3,-1.0,
base,active,,501133.0,501295.0,4 5 6 7,-1.0,
base,active,501211.0,501211.0,501255.0,0 1 2 3,37608.0,False
base,active,,501255.0,501295.0,0 1 2 3,-1.0,
base,active,501295.0,501295.0,501347.0,0 1 2 3 4 5 6 7,37610.0,False
base,active,,501347.0,501400.0,0 1 2 3 4 5 6 7,-1.0,
base,active,501400.0,501400.0,501512.0,0 1 2 3 4 5 6 7 8 9 10 11 12 13 14 15 16 17 18 19 20 21 22 23 24 25 26 27 28 29 30 31,37613.0,False
base,active,,501512.0,501565.0,0 1 2 3 4 5 6 7 8 9 10 11 12 13 14 15 16 17 18 19 20 21 22 23 24 25 26 27 28 29 30 31,-1.0,
base,active,501565.0,501565.0,501585.0,0 1 2 3 4 5 6 7 8 9 10 11 12 13 14 15 16 17 18 19 20 21 22 23 24 25 26 27 28 29 30 31,37615.0,False
base,active,,501585.0,501708.0,0 1 2 3 4 5 6 7 8 9 10 11 12 13 14 15 16 17 18 19 20 21 22 23 24 25 26 27 28 29 30 31,-1.0,
base,active,501708.0,501708.0,501749.0,0 1 2 3 4 5 6 7 8 9 10 11 12 13 14 15 16 17 18 19 20 21 22 23 24 25 26 27 28 29 30 31,37616.0,False
base,active,,501749.0,501965.0,0 1 2 3 4 5 6 7 8 9 10 11 12 13 14 15 16 17 18 19 20 21 22 23 24 25 26 27 28 29 30 31,-1.0,
base,switching_off,,501826.0,503626.0,32 33 34 35 36 37 38 39 40 41 42 43 44 45 46 47 48 49 50 51 52 53 54 55 56 57 58 59 60 61 62 63,-2.0,
base,active,501965.0,501965.0,502056.0,0 1 2 3 4 5 6 7 8 9 10 11 12 13 14 15 16 17 18 19 20 21 22 23 24 25 26 27 28 29 30 31,37622.0,False
base,active,,502056.0,502079.0,0 1 2 3 4 5 6 7 8 9 10 11 12 13 14 15 16 17 18 19 20 21 22 23 24 25 26 27 28 29 30 31,-1.0,
base,active,502079.0,502079.0,502372.0,0 1 2 3 4 5 6 7 8 9 10 11 12 13 14 15 16 17 18 19 20 21 22 23 24 25 26 27 28 29 30 31,37623.0,False
base,active,,502372.0,502547.0,0,-1.0,
base,active,,502372.0,502684.0,1 2 3 4 5 6 7 8 9 10 11 12 13 14 15 16 17 18 19 20 21 22 23 24 25 26 27 28 29 30 31,-1.0,
base,active,502547.0,502547.0,502587.0,0,37630.0,False
base,active,,502587.0,502684.0,0,-1.0,
base,active,502684.0,502684.0,502690.0,0 1 2 3 4 5 6 7 8 9 10 11 12 13 14 15 16 17 18 19 20 21 22 23 24 25 26 27 28 29 30 31,37631.0,False
base,active,,502690.0,502729.0,0 1 2 3 4 5 6 7 8 9 10 11 12 13 14 15 16 17 18 19 20 21 22 23 24 25 26 27 28 29 30 31,-1.0,
base,active,502729.0,502729.0,502872.0,0 1 2 3 4 5 6 7 8 9 10 11 12 13 14 15 16 17 18 19 20 21 22 23 24 25 26 27 28 29 30 31,37633.0,False
base,active,502773.0,502872.0,502899.0,0,37634.0,False
base,active,,502872.0,503164.0,1 2 3 4 5 6 7 8 9 10 11 12 13 14 15 16 17 18 19 20 21 22 23 24 25 26 27 28 29 30 31,-1.0,
base,active,,502899.0,503164.0,0,-1.0,
base,active,503164.0,503164.0,505645.0,0 1 2 3 4 5 6 7 8 9 10 11 12 13 14 15 16 17 18 19 20 21 22 23 24 25 26 27 28 29 30 31,37640.0,False
base,sleeping,,503626.0,503649.0,32 33 34 35 36 37 38 39 40 41 42 43 44 45 46 47 48 49 50 51 52 53 54 55 56 57 58 59 60 61 62 63,-4.0,
base,switching_on,,503649.0,506349.0,32 33 34 35 36 37 38 39 40 41 42 43 44 45 46 47 48 49 50 51 52 53 54 55 56 57 58 59 60 61 62 63 64 65 66 67 68 69 70 71,-3.0,
base,active,503274.0,505645.0,505649.0,0,37642.0,False
base,active,503337.0,505645.0,505665.0,2,37644.0,False
base,active,503278.0,505645.0,505666.0,1,37643.0,False
base,active,504637.0,505645.0,505668.0,5,37661.0,False
base,active,503417.0,505645.0,505669.0,3,37645.0,False
base,active,504705.0,505645.0,505717.0,6 7 8 9,37662.0,False
base,active,503789.0,505645.0,505780.0,4,37650.0,False
base,active,,505645.0,505780.0,26 27 28 29 30 31,-1.0,
base,active,505499.0,505645.0,506110.0,18 19 20 21 22 23 24 25,37667.0,False
base,active,503186.0,505645.0,508104.0,10 11 12 13 14 15 16 17,37641.0,False
base,active,,505649.0,505780.0,0,-1.0,
base,active,,505665.0,505780.0,2,-1.0,
base,active,,505666.0,505780.0,1,-1.0,
base,active,,505668.0,505780.0,5,-1.0,
base,active,,505669.0,505780.0,3,-1.0,
base,active,,505717.0,505780.0,6 7 8 9,-1.0,
base,active,505076.0,505780.0,506186.0,0 1 2 3 4 5 6 7 8 9 26 27 28 29 30 31,37664.0,False
base,active,505890.0,506110.0,506560.0,18 19 20 21 22 23 24 25,37674.0,False
base,active,506112.0,506186.0,506602.0,0 1 2 3 4 5 6 7 8 9 26 27 28 29 30 31,37676.0,False
base,active,506333.0,506349.0,506367.0,34,37681.0,False
base,active,506262.0,506349.0,506378.0,33,37680.0,False
base,active,506248.0,506349.0,506402.0,32,37678.0,False
base,active,,506349.0,506602.0,67 68 69 70 71,-1.0,
base,active,505868.0,506349.0,506821.0,35 36 37 38 39 40 41 42 43 44 45 46 47 48 49 50 51 52 53 54 55 56 57 58 59 60 61 62 63 64 65 66,37673.0,False
base,active,,506367.0,506375.0,34,-1.0,
base,active,506375.0,506375.0,506393.0,34,37682.0,False
base,active,,506378.0,506602.0,33,-1.0,
base,active,,506393.0,506602.0,34,-1.0,
base,active,,506402.0,506602.0,32,-1.0,
base,active,,506560.0,506602.0,18 19 20 21 22 23 24 25,-1.0,
base,active,506249.0,506602.0,506847.0,0 1 2 3 4 5 6 7 8 9 18 19 20 21 22 23 24 25 26 27 28 29 30 31 32 33 34 67 68 69 70 71,37679.0,False
base,switching_on,,506726.0,509426.0,72 73 74 75 76 77 78 79 80 81 82 83 84 85 86 87 88 89 90 91 92 93 94 95 96 97 98 99 100 101 102 103 104 105 106 107 108 109 110 111 112 113 114 115 116 117 118 119 120 121 122 123 124 125 126 127,-3.0,
base,active,,506821.0,506847.0,44 45 46 47 48,-1.0,
base,active,506614.0,506821.0,506866.0,35,37688.0,False
base,active,506603.0,506821.0,507391.0,36 37 38 39 40 41 42 43,37687.0,False
base,active,,506821.0,507446.0,49 50 51 52 53 54 55 56 57 58 59 60 61 62 63 64 65 66,-1.0,
base,active,506573.0,506847.0,507446.0,0 1 2 3 4 5 6 7 8 9 18 19 20 21 22 23 24 25 26 27 28 29 30 31 32 33 34 44 45 46 47 48,37685.0,False
base,active,,506847.0,507446.0,67 68 69 70 71,-1.0,
base,active,,506866.0,507446.0,35,-1.0,
base,active,,507391.0,507446.0,36 37 38 39 40 41 42 43,-1.0,
base,active,503649.0,507446.0,510040.0,0 1 2 3 4 5 6 7 8 9 18 19 20 21 22 23 24 25 26 27 28 29 30 31 32 33 34 35 36 37 38 39 40 41 42 43 44 45 46 47 48 49 50 51 52 53 54 55 56 57 58 59 60 61 62 63 64 65 66 67 68 69 70 71,37648.0,False
base,active,507794.0,508104.0,508370.0,10 11 12 13 14 15 16 17,37699.0,False
base,active,508159.0,508370.0,508384.0,10,37701.0,False
base,active,,508370.0,508384.0,11 12 13 14 15 16 17,-1.0,
base,active,508352.0,508384.0,508584.0,10 11 12 13 14 15 16 17,37705.0,False
base,active,,508584.0,508610.0,10,-1.0,
base,active,,508584.0,509269.0,11 12 13,-1.0,
base,active,,508584.0,509332.0,14 15 16 17,-1.0,
base,active,508610.0,508610.0,508617.0,10,37707.0,False
base,active,,508617.0,508620.0,10,-1.0,
base,active,508620.0,508620.0,508632.0,10,37708.0,False
base,active,,508632.0,509269.0,10,-1.0,
base,active,509269.0,509269.0,509670.0,10 11 12 13,37714.0,False
base,active,509332.0,509332.0,510017.0,14 15 16 17,37715.0,False
base,active,509391.0,509426.0,509518.0,72 73 74 75 76 77 78 79,37717.0,False
base,active,508012.0,509426.0,509565.0,96 97 98 99 100 101 102 103 104 105 106 107 108 109 110 111,37700.0,False
base,active,507554.0,509426.0,509581.0,80 81 82 83 84 85 86 87 88 89 90 91 92 93 94 95,37695.0,False
base,active,508284.0,509426.0,509775.0,112 113 114 115 116 117 118 119 120 121 122 123 124 125 126 127,37703.0,False
base,active,,509518.0,509580.0,72 73 74 75,-1.0,
base,active,,509518.0,509581.0,76 77 78 79,-1.0,
base,active,,509565.0,509581.0,96 97 98 99 100 101 102 103 104 105 106 107,-1.0,
base,active,,509565.0,509603.0,108 109,-1.0,
base,active,,509565.0,509823.0,110 111,-1.0,
base,active,509580.0,509580.0,511775.0,72 73 74 75,37718.0,False
base,active,507620.0,509581.0,509613.0,76 77 78 79 80 81 82 83 84 85 86 87 88 89 90 91 92 93 94 95 96 97 98 99 100 101 102 103 104 105 106 107,37696.0,False
base,active,509603.0,509603.0,511778.0,108 109,37719.0,False
base,active,507756.0,509613.0,509915.0,76 77 78 79 80 81 82 83 84 85 86 87 88 89 90 91 92 93 94 95 96 97 98 99 100 101 102 103 104 105 106 107,37697.0,False
base,active,,509670.0,509823.0,10 11 12 13,-1.0,
base,active,,509775.0,509823.0,112 113,-1.0,
base,active,,509775.0,510952.0,114 115 116 117,-1.0,
base,active,,509775.0,513679.0,118 119 120 121 122 123 124 125 126 127,-1.0,
base,active,509823.0,509823.0,509910.0,10 11 12 13 110 111 112 113,37721.0,False
base,active,,509910.0,509915.0,10 11 12 13,-1.0,
base,active,,509910.0,510756.0,110,-1.0,
base,active,,509910.0,510952.0,111 112 113,-1.0,
base,active,,509915.0,509945.0,104 105 106 107,-1.0,
base,active,508324.0,509915.0,510141.0,10 11 12 13 76 77 78 79 80 81 82 83 84 85 86 87 88 89 90 91 92 93 94 95 96 97 98 99 100 101 102 103,37704.0,False
base,active,509945.0,509945.0,510334.0,104 105 106 107,37722.0,False
base,active,,510017.0,510040.0,14 15 16 17,-1.0,
base,active,,510040.0,510134.0,36 37 38 39 40 41 42 43 44 45 46 47 48 49 50 51 52 53 54 55 56 57 58 59 60 61 62 63 64 65 66 67,-1.0,
base,active,,510040.0,510155.0,68 69 70 71,-1.0,
base,active,509339.0,510040.0,510182.0,0 1 2 3 4 5 6 7 8 9 14 15 16 17 18 19 20 21 22 23 24 25 26 27 28 29 30 31 32 33 34 35,37716.0,False
base,active,510134.0,510134.0,510155.0,36 37 38 39 40 41 42 43 44 45 46 47 48 49 50 51 52 53 54 55 56 57 58 59 60 61 62 63 64 65 66 67,37723.0,False
base,active,,510141.0,510148.0,10,-1.0,
base,active,,510141.0,510155.0,11 12 13 76 77 78 79 80 81 82 83 84 85 86 87 88 89 90 91 92 93 94 95 96 97 98 99 100,-1.0,
base,active,,510141.0,510349.0,101,-1.0,
base,active,,510141.0,510620.0,102 103,-1.0,
base,active,510148.0,510148.0,510172.0,10,37724.0,False
base,active,506726.0,510155.0,511584.0,11 12 13 36 37 38 39 40 41 42 43 44 45 46 47 48 49 50 51 52 53 54 55 56 57 58 59 60 61 62 63 64 65 66 67 68 69 70 71 76 77 78 79 80 81 82 83 84 85 86 87 88 89 90 91 92 93 94 95 96 97 98 99 100,37691.0,False
base,active,,510172.0,510257.0,10,-1.0,
base,active,,510182.0,510216.0,0,-1.0,
base,active,,510182.0,510257.0,1 2 3 4 5 6 7 8 9 14 15 16 17 18 19 20 21 22 23 24 25 26 27 28 29 30 31 32 33 34,-1.0,
base,active,,510182.0,510317.0,35,-1.0,
base,active,510216.0,510216.0,510237.0,0,37726.0,False
base,active,,510237.0,510257.0,0,-1.0,
base,active,510257.0,510257.0,510417.0,0 1 2 3 4 5 6 7 8 9 10 14 15 16 17 18 19 20 21 22 23 24 25 26 27 28 29 30 31 32 33 34,37728.0,False
base,active,510317.0,510317.0,510375.0,35,37731.0,False
base,active,,510334.0,510620.0,104 105 106 107,-1.0,
base,active,510349.0,510349.0,510418.0,101,37732.0,False
base,active,,510375.0,510380.0,35,-1.0,
base,active,510380.0,510380.0,510426.0,35,37734.0,False
base,active,,510417.0,510434.0,0 1 2 3 4 5 6 7,-1.0,
base,active,,510417.0,510620.0,8 9 10 14 15 16 17 18 19 20 21 22 23 24 25 26 27 28 29 30 31 32 33 34,-1.0,
base,active,,510418.0,510620.0,101,-1.0,
base,active,,510426.0,510620.0,35,-1.0,
base,active,510434.0,510434.0,510878.0,0 1 2 3 4 5 6 7,37735.0,False
base,active,510620.0,510620.0,511018.0,8 9 10 14 15 16 17 18 19 20 21 22 23 24 25 26 27 28 29 30 31 32 33 34 35 101 102 103 104 105 106 107,37740.0,False
base,active,510756.0,510756.0,510792.0,110,37745.0,False
base,active,,510792.0,510823.0,110,-1.0,
base,active,510823.0,510823.0,510848.0,110,37748.0,False
base,active,,510848.0,510952.0,110,-1.0,
base,active,,510878.0,510952.0,0 1 2 3 4 5 6 7,-1.0,
base,active,510952.0,510952.0,511453.0,0 1 2 3 4 5 6 7 110 111 112 113 114 115 116 117,37752.0,False
base,active,,511018.0,511144.0,8 9 10 14 15 16 17 18 19 20 21 22 23 24 25 26 27 28 29 30 31 32 33 34 35 101 102 103 104 105 106 107,-1.0,
base,active,511144.0,511144.0,513679.0,8 9 10 14 15 16 17 18 19 20 21 22 23 24 25 26 27 28 29 30 31 32 33 34 35 101 102 103 104 105 106 107,37754.0,False
base,active,,511453.0,511561.0,0,-1.0,
base,active,,511453.0,511584.0,1 2 3 4 5 6 7,-1.0,
base,active,,511453.0,513679.0,110 111 112 113 114 115 116 117,-1.0,
base,active,511561.0,511561.0,511881.0,0,37757.0,False
base,active,508522.0,511584.0,511710.0,1 2 3 4 5 6 7 11 12 13 36 37 38 39 40 41 42 43 44 45 46 47 48 49 50 51 52 53 54 55 56 57 58 59 60 61 62 63 64 65 66 67 68 69 70 71 76 77 78 79 80 81 82 83 84 85 86 87 88 89 90 91 92 93,37706.0,False
base,active,,511584.0,512173.0,94,-1.0,
base,active,,511584.0,513679.0,95 96 97 98 99 100,-1.0,
base,active,508711.0,511710.0,513145.0,1 2 3 4 5 6 7 11 12 13 36 37 38 39 40 41 42 43 44 45 46 47 48 49 50 51 52 53 54 55 56 57 58 59 60 61 62 63 64 65 66 67 68 69 70 71 76 77 78 79 80 81 82 83 84 85 86 87 88 89 90 91 92 93,37709.0,False
base,active,,511775.0,512152.0,72 73 74,-1.0,
base,active,,511775.0,512173.0,75,-1.0,
base,active,,511778.0,513679.0,108 109,-1.0,
base,active,,511881.0,512152.0,0,-1.0,
base,active,512152.0,512152.0,512189.0,0 72 73 74,37767.0,False
base,active,512173.0,512173.0,512202.0,75 94,37769.0,False
base,active,,512189.0,512744.0,0,-1.0,
base,active,,512189.0,513145.0,72 73 74,-1.0,
base,active,,512202.0,513145.0,75,-1.0,
base,active,,512202.0,513679.0,94,-1.0,
base,active,512744.0,512744.0,512759.0,0,37781.0,False
base,active,,512759.0,513145.0,0,-1.0,
base,active,508716.0,513145.0,513290.0,0 1 2 3 4 5 6 7 11 12 13 36 37 38 39 40 41 42 43 44 45 46 47 48 49 50 51 52 53 54 55 56 57 58 59 60 61 62 63 64 65 66 67 68 69 70 71 72 73 74 75 76 77 78 79 80 81 82 83 84 85 86 87 88,37710.0,False
base,active,,513145.0,513660.0,89,-1.0,
base,active,,513145.0,513679.0,90 91 92 93,-1.0,
base,active,508885.0,513290.0,513403.0,0 1 2 3 4 5 6 7 11 12 13 36 37 38 39 40 41 42 43 44 45 46 47 48 49 50 51 52 53 54 55 56 57 58 59 60 61 62 63 64 65 66 67 68 69 70 71 72 73 74 75 76 77 78 79 80 81 82 83 84 85 86 87 88,37711.0,False
base,active,509027.0,513403.0,513510.0,0 1 2 3 4 5 6 7 11 12 13 36 37 38 39 40 41 42 43 44 45 46 47 48 49 50 51 52 53 54 55 56 57 58 59 60 61 62 63 64 65 66 67 68 69 70 71 72 73 74 75 76 77 78 79 80 81 82 83 84 85 86 87 88,37712.0,False
base,active,509154.0,513510.0,513615.0,0 1 2 3 4 5 6 7 11 12 13 36 37 38 39 40 41 42 43 44 45 46 47 48 49 50 51 52 53 54 55 56 57 58 59 60 61 62 63 64 65 66 67 68 69 70 71 72 73 74 75 76 77 78 79 80 81 82 83 84 85 86 87 88,37713.0,False
base,active,510162.0,513615.0,513659.0,0 1 2 3 4 5 6 7 11 12 13 36 37 38 39 40 41 42 43 44 45 46 47 48 49 50 51 52 53 54 55 56 57 58 59 60 61 62 63 64 65 66 67 68 69 70 71 72 73 74 75 76 77 78 79 80 81 82 83 84 85 86 87 88,37725.0,False
base,active,510218.0,513659.0,513716.0,0 1 2 3 4 5 6 7 11 12 13 36 37 38 39 40 41 42 43 44 45 46 47 48 49 50 51 52 53 54 55 56 57 58 59 60 61 62 63 64 65 66 67 68 69 70 71 72 73 74 75 76 77 78 79 80 81 82 83 84 85 86 87 88,37727.0,False
base,active,513660.0,513660.0,513668.0,89,37788.0,False
base,active,,513668.0,513679.0,89,-1.0,
base,active,510291.0,513679.0,513746.0,8 9 10 14 15 16 17 18 19 20 21 22 23 24 25 26 27 28 29 30 31 32 33 34 35 89 90 91 92 93 94 95 96 97 98 99 100 101 102 103 104 105 106 107 108 109 110 111 112 113 114 115 116 117 118 119 120 121 122 123 124 125 126 127,37730.0,False
base,active,510372.0,513716.0,513783.0,0 1 2 3 4 5 6 7 11 12 13 36 37 38 39 40 41 42 43 44 45 46 47 48 49 50 51 52 53 54 55 56 57 58 59 60 61 62 63 64 65 66 67 68 69 70 71 72 73 74 75 76 77 78 79 80 81 82 83 84 85 86 87 88,37733.0,False
base,active,,513746.0,513804.0,96 97 98 99,-1.0,
base,active,,513746.0,513831.0,100 101,-1.0,
base,active,,513746.0,515110.0,102,-1.0,
base,active,,513746.0,515113.0,103 104 105 106 107 108 109 110,-1.0,
base,active,,513746.0,515869.0,111 112 113 114 115 116 117,-1.0,
base,active,513728.0,513746.0,516278.0,8 9 10 14 15 16 17 18 19 20 21 22 23 24 25 26 27 28 29 30 31 32 33 34 35 89 90 91 92 93 94 95,37789.0,False
base,active,,513746.0,517346.0,118 119 120 121 122 123 124 125 126 127,-1.0,
base,active,510459.0,513783.0,513819.0,0 1 2 3 4 5 6 7 11 12 13 36 37 38 39 40 41 42 43 44 45 46 47 48 49 50 51 52 53 54 55 56 57 58 59 60 61 62 63 64 65 66 67 68 69 70 71 72 73 74 75 76 77 78 79 80 81 82 83 84 85 86 87 88,37736.0,False
base,active,513804.0,513804.0,515877.0,96 97 98 99,37790.0,False
base,active,510507.0,513819.0,513850.0,0 1 2 3 4 5 6 7 11 12 13 36 37 38 39 40 41 42 43 44 45 46 47 48 49 50 51 52 53 54 55 56 57 58 59 60 61 62 63 64 65 66 67 68 69 70 71 72 73 74 75 76 77 78 79 80 81 82 83 84 85 86 87 88,37737.0,False
base,active,513831.0,513831.0,515879.0,100 101,37791.0,False
base,active,510547.0,513850.0,513880.0,0 1 2 3 4 5 6 7 11 12 13 36 37 38 39 40 41 42 43 44 45 46 47 48 49 50 51 52 53 54 55 56 57 58 59 60 61 62 63 64 65 66 67 68 69 70 71 72 73 74 75 76 77 78 79 80 81 82 83 84 85 86 87 88,37738.0,False
base,active,510591.0,513880.0,513919.0,0 1 2 3 4 5 6 7 11 12 13 36 37 38 39 40 41 42 43 44 45 46 47 48 49 50 51 52 53 54 55 56 57 58 59 60 61 62 63 64 65 66 67 68 69 70 71 72 73 74 75 76 77 78 79 80 81 82 83 84 85 86 87 88,37739.0,False
base,active,510652.0,513919.0,513989.0,0 1 2 3 4 5 6 7 11 12 13 36 37 38 39 40 41 42 43 44 45 46 47 48 49 50 51 52 53 54 55 56 57 58 59 60 61 62 63 64 65 66 67 68 69 70 71 72 73 74 75 76 77 78 79 80 81 82 83 84 85 86 87 88,37741.0,False
base,active,510734.0,513989.0,514033.0,0 1 2 3 4 5 6 7 11 12 13 36 37 38 39 40 41 42 43 44 45 46 47 48 49 50 51 52 53 54 55 56 57 58 59 60 61 62 63 64 65 66 67 68 69 70 71 72 73 74 75 76 77 78 79 80 81 82 83 84 85 86 87 88,37743.0,False
base,active,510795.0,514033.0,514142.0,0 1 2 3 4 5 6 7 11 12 13 36 37 38 39 40 41 42 43 44 45 46 47 48 49 50 51 52 53 54 55 56 57 58 59 60 61 62 63 64 65 66 67 68 69 70 71 72 73 74 75 76 77 78 79 80 81 82 83 84 85 86 87 88,37747.0,False
base,active,514051.0,514142.0,514166.0,0 1 2 3 4 5 6 7 11 12 13 36 37 38 39 40 41 42 43 44 45 46 47 48 49 50 51 52 53 54 55 56,37793.0,False
base,active,514138.0,514142.0,514168.0,57 58 59 60 61 62 63 64 65 66 67 68 69 70 71 72 73 74 75 76 77 78 79 80 81 82 83 84 85 86 87 88,37794.0,False
base,active,,514166.0,514168.0,0 1 2 3 4 5 6 7 11 12 13 36 37 38 39 40 41 42 43 44 45 46 47 48 49 50 51 52 53 54 55 56,-1.0,
base,active,510915.0,514168.0,514274.0,0 1 2 3 4 5 6 7 11 12 13 36 37 38 39 40 41 42 43 44 45 46 47 48 49 50 51 52 53 54 55 56 57 58 59 60 61 62 63 64 65 66 67 68 69 70 71 72 73 74 75 76 77 78 79 80 81 82 83 84 85 86 87 88,37750.0,False
base,active,511034.0,514274.0,514376.0,0 1 2 3 4 5 6 7 11 12 13 36 37 38 39 40 41 42 43 44 45 46 47 48 49 50 51 52 53 54 55 56 57 58 59 60 61 62 63 64 65 66 67 68 69 70 71 72 73 74 75 76 77 78 79 80 81 82 83 84 85 86 87 88,37753.0,False
base,active,511154.0,514376.0,514486.0,0 1 2 3 4 5 6 7 11 12 13 36 37 38 39 40 41 42 43 44 45 46 47 48 49 50 51 52 53 54 55 56 57 58 59 60 61 62 63 64 65 66 67 68 69 70 71 72 73 74 75 76 77 78 79 80 81 82 83 84 85 86 87 88,37755.0,False
base,active,,514486.0,514725.0,57 58 59 60 61 62 63 64,-1.0,
base,active,514381.0,514486.0,514804.0,0 1 2 3 4 5 6 7 11 12 13 36 37 38 39 40 41 42 43 44 45 46 47 48 49 50 51 52 53 54 55 56,37798.0,False
base,active,,514486.0,514804.0,65 66 67 68 69 70 71 72 73 74 75 76 77 78 79 80 81 82 83 84 85 86 87 88,-1.0,
base,active,514725.0,514725.0,514798.0,57 58 59 60 61 62 63 64,37800.0,False
base,active,,514798.0,514804.0,57 58 59 60 61 62 63 64,-1.0,
base,active,511797.0,514804.0,514836.0,0 1 2 3 4 5 6 7 11 12 13 36 37 38 39 40 41 42 43 44 45 46 47 48 49 50 51 52 53 54 55 56 57 58 59 60 61 62 63 64 65 66 67 68 69 70 71 72 73 74 75 76 77 78 79 80 81 82 83 84 85 86 87 88,37758.0,False
base,active,511860.0,514836.0,514837.0,0 1 2 3 4 5 6 7 11 12 13 36 37 38 39 40 41 42 43 44 45 46 47 48 49 50 51 52 53 54 55 56 57 58 59 60 61 62 63 64 65 66 67 68 69 70 71 72 73 74 75 76 77 78 79 80 81 82 83 84 85 86 87 88,37759.0,False
base,active,511867.0,514837.0,514871.0,0 1 2 3 4 5 6 7 11 12 13 36 37 38 39 40 41 42 43 44 45 46 47 48 49 50 51 52 53 54 55 56 57 58 59 60 61 62 63 64 65 66 67 68 69 70 71 72 73 74 75 76 77 78 79 80 81 82 83 84 85 86 87 88,37760.0,False
base,active,511943.0,514871.0,514914.0,0 1 2 3 4 5 6 7 11 12 13 36 37 38 39 40 41 42 43 44 45 46 47 48 49 50 51 52 53 54 55 56 57 58 59 60 61 62 63 64 65 66 67 68 69 70 71 72 73 74 75 76 77 78 79 80 81 82 83 84 85 86 87 88,37762.0,False
base,active,512007.0,514914.0,514944.0,0 1 2 3 4 5 6 7 11 12 13 36 37 38 39 40 41 42 43 44 45 46 47 48 49 50 51 52 53 54 55 56 57 58 59 60 61 62 63 64 65 66 67 68 69 70 71 72 73 74 75 76 77 78 79 80 81 82 83 84 85 86 87 88,37764.0,False
base,active,512065.0,514944.0,514976.0,0 1 2 3 4 5 6 7 11 12 13 36 37 38 39 40 41 42 43 44 45 46 47 48 49 50 51 52 53 54 55 56 57 58 59 60 61 62 63 64 65 66 67 68 69 70 71 72 73 74 75 76 77 78 79 80 81 82 83 84 85 86 87 88,37765.0,False
base,active,512113.0,514976.0,515008.0,0 1 2 3 4 5 6 7 11 12 13 36 37 38 39 40 41 42 43 44 45 46 47 48 49 50 51 52 53 54 55 56 57 58 59 60 61 62 63 64 65 66 67 68 69 70 71 72 73 74 75 76 77 78 79 80 81 82 83 84 85 86 87 88,37766.0,False
base,active,512160.0,515008.0,515039.0,0 1 2 3 4 5 6 7 11 12 13 36 37 38 39 40 41 42 43 44 45 46 47 48 49 50 51 52 53 54 55 56 57 58 59 60 61 62 63 64 65 66 67 68 69 70 71 72 73 74 75 76 77 78 79 80 81 82 83 84 85 86 87 88,37768.0,False
base,active,512206.0,515039.0,515070.0,0 1 2 3 4 5 6 7 11 12 13 36 37 38 39 40 41 42 43 44 45 46 47 48 49 50 51 52 53 54 55 56 57 58 59 60 61 62 63 64 65 66 67 68 69 70 71 72 73 74 75 76 77 78 79 80 81 82 83 84 85 86 87 88,37770.0,False
base,active,512252.0,515070.0,515180.0,0 1 2 3 4 5 6 7 11 12 13 36 37 38 39 40 41 42 43 44 45 46 47 48 49 50 51 52 53 54 55 56 57 58 59 60 61 62 63 64 65 66 67 68 69 70 71 72 73 74 75 76 77 78 79 80 81 82 83 84 85 86 87 88,37771.0,False
base,active,515110.0,515110.0,515127.0,102,37804.0,False
base,active,515113.0,515113.0,515162.0,103 104 105 106 107 108 109 110,37805.0,False
base,active,,515127.0,515211.0,102,-1.0,
base,active,,515162.0,515211.0,103 104 105 106 107 108 109,-1.0,
base,active,,515162.0,515869.0,110,-1.0,
base,active,512372.0,515180.0,515285.0,0 1 2 3 4 5 6 7 11 12 13 36 37 38 39 40 41 42 43 44 45 46 47 48 49 50 51 52 53 54 55 56 57 58 59 60 61 62 63 64 65 66 67 68 69 70 71 72 73 74 75 76 77 78 79 80 81 82 83 84 85 86 87 88,37774.0,False
base,active,515211.0,515211.0,515674.0,102 103 104 105 106 107 108 109,37806.0,False
base,active,512491.0,515285.0,515390.0,0 1 2 3 4 5 6 7 11 12 13 36 37 38 39 40 41 42 43 44 45 46 47 48 49 50 51 52 53 54 55 56 57 58 59 60 61 62 63 64 65 66 67 68 69 70 71 72 73 74 75 76 77 78 79 80 81 82 83 84 85 86 87 88,37777.0,False
base,active,512611.0,515390.0,515490.0,0 1 2 3 4 5 6 7 11 12 13 36 37 38 39 40 41 42 43 44 45 46 47 48 49 50 51 52 53 54 55 56 57 58 59 60 61 62 63 64 65 66 67 68 69 70 71 72 73 74 75 76 77 78 79 80 81 82 83 84 85 86 87 88,37779.0,False
base,active,512725.0,515490.0,515590.0,0 1 2 3 4 5 6 7 11 12 13 36 37 38 39 40 41 42 43 44 45 46 47 48 49 50 51 52 53 54 55 56 57 58 59 60 61 62 63 64 65 66 67 68 69 70 71 72 73 74 75 76 77 78 79 80 81 82 83 84 85 86 87 88,37780.0,False
base,active,512837.0,515590.0,515691.0,0 1 2 3 4 5 6 7 11 12 13 36 37 38 39 40 41 42 43 44 45 46 47 48 49 50 51 52 53 54 55 56 57 58 59 60 61 62 63 64 65 66 67 68 69 70 71 72 73 74 75 76 77 78 79 80 81 82 83 84 85 86 87 88,37782.0,False
base,active,,515674.0,515725.0,102 103 104 105 106 107 108 109,-1.0,
base,active,512948.0,515691.0,515733.0,0 1 2 3 4 5 6 7 11 12 13 36 37 38 39 40 41 42 43 44 45 46 47 48 49 50 51 52 53 54 55 56 57 58 59 60 61 62 63 64 65 66 67 68 69 70 71 72 73 74 75 76 77 78 79 80 81 82 83 84 85 86 87 88,37783.0,False
base,active,515725.0,515725.0,516202.0,102 103 104 105 106 107 108 109,37809.0,False
base,active,512995.0,515733.0,515834.0,0 1 2 3 4 5 6 7 11 12 13 36 37 38 39 40 41 42 43 44 45 46 47 48 49 50 51 52 53 54 55 56 57 58 59 60 61 62 63 64 65 66 67 68 69 70 71 72 73 74 75 76 77 78 79 80 81 82 83 84 85 86 87 88,37784.0,False
base,active,513112.0,515834.0,515935.0,0 1 2 3 4 5 6 7 11 12 13 36 37 38 39 40 41 42 43 44 45 46 47 48 49 50 51 52 53 54 55 56 57 58 59 60 61 62 63 64 65 66 67 68 69 70 71 72 73 74 75 76 77 78 79 80 81 82 83 84 85 86 87 88,37786.0,False
base,active,515869.0,515869.0,515978.0,110 111 112 113 114 115 116 117,37811.0,False
base,active,,515877.0,517820.0,96,-1.0,
base,active,,515877.0,518532.0,97 98 99,-1.0,
base,active,,515879.0,518532.0,100 101,-1.0,
base,active,514741.0,515935.0,515977.0,0 1 2 3 4 5 6 7 11 12 13 36 37 38 39 40 41 42 43 44 45 46 47 48 49 50 51 52 53 54 55 56 57 58 59 60 61 62 63 64 65 66 67 68 69 70 71 72 73 74 75 76 77 78 79 80 81 82 83 84 85 86 87 88,37801.0,False
base,active,515090.0,515977.0,516079.0,0 1 2 3 4 5 6 7 11 12 13 36 37 38 39 40 41 42 43 44 45 46 47 48 49 50 51 52 53 54 55 56 57 58 59 60 61 62 63 64 65 66 67 68 69 70 71 72 73 74 75 76 77 78 79 80 81 82 83 84 85 86 87 88,37803.0,False
base,active,,515978.0,518532.0,110 111 112,-1.0,
base,active,,515978.0,519578.0,113 114 115 116 117,-1.0,
base,active,515281.0,516079.0,516165.0,0 1 2 3 4 5 6 7 11 12 13 36 37 38 39 40 41 42 43 44 45 46 47 48 49 50 51 52 53 54 55 56 57 58 59 60 61 62 63 64 65 66 67 68 69 70 71 72 73 74 75 76 77 78 79 80 81 82 83 84 85 86 87 88,37807.0,False
base,active,,516165.0,516262.0,0,-1.0,
base,active,,516165.0,516314.0,1 2 3 4 5 6 7 11 12 13,-1.0,
base,active,,516165.0,516595.0,36 37 38 39 40 41 42 43 44 45 46 47 48 49 50 51 52 53 54 55 56 57 58 59 60 61 62 63,-1.0,
base,active,,516165.0,516786.0,64 65 66 67 68 69 70 71,-1.0,
base,active,,516165.0,517747.0,72 73 74 75 76 77 78 79 80 81 82 83 84 85 86 87 88,-1.0,
base,active,,516202.0,518532.0,102 103 104 105 106 107 108 109,-1.0,
base,active,516262.0,516262.0,516271.0,0,37816.0,False
base,active,,516271.0,516314.0,0,-1.0,
base,active,,516278.0,516314.0,8 9 10 14 15 16 17 18 19 20 21 22 23 24 25 26 27 28 29 30 31,-1.0,
base,active,,516278.0,516545.0,32 33 34 35,-1.0,
base,active,,516278.0,517747.0,89 90 91 92 93 94 95,-1.0,
base,active,516314.0,516314.0,516729.0,0 1 2 3 4 5 6 7 8 9 10 11 12 13 14 15 16 17 18 19 20 21 22 23 24 25 26 27 28 29 30 31,37817.0,False
base,active,516545.0,516545.0,516582.0,32 33 34 35,37818.0,False
base,active,,516582.0,516595.0,32 33 34 35,-1.0,
base,active,516595.0,516595.0,516622.0,32 33 34 35 36 37 38 39 40 41 42 43 44 45 46 47 48 49 50 51 52 53 54 55 56 57 58 59 60 61 62 63,37819.0,False
base,active,,516622.0,516786.0,32 33 34 35 36 37 38 39 40 41 42 43 44 45 46 47 48 49 50 51 52 53 54 55 56 57 58 59 60 61 62 63,-1.0,
base,active,,516729.0,516785.0,0 1 2 3 4 5 6 7,-1.0,
base,active,,516729.0,516786.0,8 9 10 11 12 13 14 15 16 17 18 19 20 21 22 23 24 25 26 27 28 29 30 31,-1.0,
base,active,516785.0,516785.0,517271.0,0 1 2 3 4 5 6 7,37821.0,False
base,active,516786.0,516786.0,520112.0,8 9 10 11 12 13 14 15 16 17 18 19 20 21 22 23 24 25 26 27 28 29 30 31 32 33 34 35 36 37 38 39 40 41 42 43 44 45 46 47 48 49 50 51 52 53 54 55 56 57 58 59 60 61 62 63 64 65 66 67 68 69 70 71,37822.0,False
base,active,,517271.0,517428.0,0 1 2 3 4 5 6 7,-1.0,
base,switching_off,,517346.0,519146.0,118 119 120 121 122 123 124 125 126 127,-2.0,
base,active,517428.0,517428.0,517463.0,0 1 2 3 4 5 6 7,37824.0,False
base,active,,517463.0,517747.0,0 1 2 3 4 5 6 7,-1.0,
base,active,517747.0,517747.0,519380.0,0 1 2 3 4 5 6 7 72 73 74 75 76 77 78 79 80 81 82 83 84 85 86 87 88 89 90 91 92 93 94 95,37829.0,False
base,active,517820.0,517820.0,519380.0,96,37831.0,False
base,active,518532.0,518532.0,518888.0,97 98 99 100 101 102 103 104 105 106 107 108 109 110 111 112,37833.0,False
base,active,518736.0,518888.0,518929.0,105 106 107 108 109 110 111 112,37835.0,False
base,active,518579.0,518888.0,518932.0,97 98 99 100 101 102 103 104,37834.0,False
base,active,,518929.0,521743.0,105 106 107 108 109 110 111,-1.0,
base,active,,518929.0,522529.0,112,-1.0,
base,active,,518932.0,521743.0,97 98 99 100 101 102 103 104,-1.0,
base,sleeping,,519146.0,549709.0,118 119 120 121 122 123 124 125 126 127,-4.0,
base,active,,519380.0,519449.0,0 1 2 3 4 5 6 7 72 73 74 75 76 77 78 79 80 81 82 83 84 85 86 87 88 89 90 91 92 93 94 95,-1.0,
base,active,,519380.0,519519.0,96,-1.0,
base,active,519449.0,519449.0,519606.0,0 1 2 3 4 5 6 7 72 73 74 75 76 77 78 79 80 81 82 83 84 85 86 87 88 89 90 91 92 93 94 95,37842.0,False
base,active,519519.0,519519.0,519608.0,96,37843.0,False
base,switching_off,,519578.0,521378.0,113 114 115 116 117,-2.0,
base,active,,519606.0,520041.0,0,-1.0,
base,active,,519606.0,520072.0,1 2 3 4 5 6 7 72 73 74 75 76 77 78 79,-1.0,
base,active,,519606.0,521743.0,80 81 82 83 84 85 86 87 88 89 90 91 92 93 94 95,-1.0,
base,active,,519608.0,521743.0,96,-1.0,
base,active,520041.0,520041.0,520069.0,0,37845.0,False
base,active,,520069.0,520072.0,0,-1.0,
base,active,520072.0,520072.0,520417.0,0 1 2 3 4 5 6 7 72 73 74 75 76 77 78 79,37846.0,False
base,active,,520112.0,520292.0,8 9 10 11 12 13 14 15 16 17 18 19 20 21 22 23 24 25 26 27 28 29 30 31 32 33 34 35 36 37 38 39 40 41 42 43 44 45 46 47 48 49 50 51 52 53 54 55 56 57 58 59 60 61 62 63 64 65 66 67 68 69 70 71,-1.0,
base,active,520292.0,520292.0,520651.0,8 9 10 11 12 13 14 15 16 17 18 19 20 21 22 23 24 25 26 27 28 29 30 31 32 33 34 35 36 37 38 39 40 41 42 43 44 45 46 47 48 49 50 51 52 53 54 55 56 57 58 59 60 61 62 63 64 65 66 67 68 69 70 71,37847.0,False
base,active,,520417.0,520652.0,0,-1.0,
base,active,,520417.0,520813.0,1 2 3 4 5 6 7,-1.0,
base,active,,520417.0,521066.0,72 73 74 75 76 77 78 79,-1.0,
base,active,,520651.0,520813.0,8 9 10 11 12 13 14 15 16 17 18 19 20 21 22 23 24 25 26 27 28 29 30 31 32 33 34 35 36 37 38 39 40 41 42 43 44 45 46 47 48 49 50 51 52 53 54 55 56 57 58 59 60 61 62 63,-1.0,
base,active,,520651.0,521066.0,64 65 66 67 68 69 70 71,-1.0,
base,active,520652.0,520652.0,520674.0,0,37849.0,False
base,active,,520674.0,520813.0,0,-1.0,
base,active,520813.0,520813.0,522250.0,0 1 2 3 4 5 6 7 8 9 10 11 12 13 14 15 16 17 18 19 20 21 22 23 24 25 26 27 28 29 30 31 32 33 34 35 36 37 38 39 40 41 42 43 44 45 46 47 48 49 50 51 52 53 54 55 56 57 58 59 60 61 62 63,37852.0,False
base,active,521066.0,521066.0,521211.0,64 65 66 67 68 69 70 71 72 73 74 75 76 77 78 79,37856.0,False
base,active,,521211.0,521548.0,64 65 66 67 68 69 70 71 72 73 74 75 76 77 78 79,-1.0,
base,sleeping,,521378.0,549709.0,113 114 115 116 117,-4.0,
base,active,521548.0,521548.0,522053.0,64 65 66 67 68 69 70 71 72 73 74 75 76 77 78 79,37858.0,False
base,active,521743.0,521743.0,521822.0,80 81 82 83 84 85 86 87 88 89 90 91 92 93 94 95 96 97 98 99 100 101 102 103 104 105 106 107 108 109 110 111,37859.0,False
base,active,,521822.0,521985.0,80 81 82 83,-1.0,
base,active,,521822.0,522007.0,84 85,-1.0,
base,active,,521822.0,522131.0,86 87 88 89 90 91 92 93 94 95 96 97 98 99 100 101,-1.0,
base,active,,521822.0,522152.0,102 103 104 105 106 107 108 109,-1.0,
base,active,,521822.0,525422.0,110 111,-1.0,
base,active,521985.0,521985.0,524081.0,80 81 82 83,37860.0,False
base,active,522007.0,522007.0,524083.0,84 85,37861.0,False
base,active,,522053.0,522131.0,64 65 66 67 68 69 70 71 72 73 74 75 76 77 78 79,-1.0,
base,active,522131.0,522131.0,522263.0,64 65 66 67 68 69 70 71 72 73 74 75 76 77 78 79 86 87 88 89 90 91 92 93 94 95 96 97 98 99 100 101,37863.0,False
base,active,522152.0,522152.0,522265.0,102 103 104 105 106 107 108 109,37864.0,False
base,active,,522250.0,522254.0,0,-1.0,
base,active,,522250.0,522306.0,1 2 3 4 5 6 7 8 9 10 11 12 13 14 15 16 17 18 19 20 21 22 23 24 25 26 27 28 29 30 31 32 33 34 35 36 37 38 39 40 41 42 43 44 45 46 47 48 49 50 51 52 53 54 55 56 57 58 59 60 61 62 63,-1.0,
base,active,522254.0,522254.0,522280.0,0,37865.0,False
base,active,,522263.0,522881.0,64 65 66 67 68 69 70 71 72 73 74 75 76 77 78 79,-1.0,
base,active,,522263.0,522935.0,86,-1.0,
base,active,,522263.0,523330.0,87 88 89 90 91 92 93,-1.0,
base,active,,522263.0,523384.0,94 95 96 97 98 99 100 101,-1.0,
base,active,,522265.0,523384.0,102 103 104 105 106 107 108 109,-1.0,
base,active,,522280.0,522306.0,0,-1.0,
base,active,522306.0,522306.0,523736.0,0 1 2 3 4 5 6 7 8 9 10 11 12 13 14 15 16 17 18 19 20 21 22 23 24 25 26 27 28 29 30 31 32 33 34 35 36 37 38 39 40 41 42 43 44 45 46 47 48 49 50 51 52 53 54 55 56 57 58 59 60 61 62 63,37866.0,False
base,switching_off,,522529.0,524329.0,112,-2.0,
base,active,522881.0,522881.0,523061.0,64 65 66 67 68 69 70 71 72 73 74 75 76 77 78 79,37872.0,False
base,active,522935.0,522935.0,522953.0,86,37873.0,False
base,active,,522953.0,523330.0,86,-1.0,
base,active,,523061.0,523083.0,64 65 66 67 68 69 70 71 72 73 74 75 76 77 78 79,-1.0,
base,active,523083.0,523083.0,523384.0,64 65 66 67 68 69 70 71 72 73 74 75 76 77 78 79,37874.0,False
base,active,523330.0,523330.0,523426.0,86 87 88 89 90 91 92 93,37877.0,False
base,active,523309.0,523384.0,523499.0,64 65 66 67 68 69 70 71 72 73 74 75 76 77 78 79 94 95 96 97 98 99 100 101 102 103 104 105 106 107 108 109,37876.0,False
base,active,,523426.0,525745.0,86 87 88 89,-1.0,
base,active,,523426.0,527026.0,90 91 92 93,-1.0,
base,active,,523499.0,524582.0,64 65 66 67 68 69 70 71,-1.0,
base,active,,523499.0,524711.0,72 73 74 75 76 77 78 79,-1.0,
base,active,,523499.0,527099.0,94 95 96 97 98 99 100 101 102 103 104 105 106 107 108 109,-1.0,
base,active,,523736.0,523740.0,0,-1.0,
base,active,,523736.0,523824.0,1 2 3 4 5 6 7 8 9 10 11 12 13 14 15 16 17 18 19 20 21 22 23 24 25 26 27 28 29 30 31,-1.0,
base,active,,523736.0,523850.0,32 33 34 35 36 37 38 39,-1.0,
base,active,,523736.0,524521.0,40 41 42 43 44 45 46 47 48 49 50 51 52 53 54 55 56 57 58 59 60 61 62 63,-1.0,
base,active,523740.0,523740.0,523754.0,0,37879.0,False
base,active,,523754.0,523824.0,0,-1.0,
base,active,523824.0,523824.0,523940.0,0 1 2 3 4 5 6 7 8 9 10 11 12 13 14 15 16 17 18 19 20 21 22 23 24 25 26 27 28 29 30 31,37880.0,False
base,active,523850.0,523850.0,523942.0,32 33 34 35 36 37 38 39,37881.0,False
base,active,,523940.0,524207.0,0 1 2 3 4 5 6 7,-1.0,
base,active,,523940.0,524521.0,8 9 10 11 12 13 14 15 16 17 18 19 20 21 22 23 24 25 26 27 28 29 30 31,-1.0,
base,active,,523942.0,524521.0,32 33 34 35 36 37 38 39,-1.0,
base,active,,524081.0,524797.0,80 81 82 83,-1.0,
base,active,,524083.0,525344.0,84 85,-1.0,
base,active,524207.0,524207.0,524235.0,0 1 2 3 4 5 6 7,37886.0,False
base,active,,524235.0,524244.0,0 1 2 3 4 5 6 7,-1.0,
base,active,524244.0,524244.0,524326.0,0 1 2 3 4 5 6 7,37888.0,False
base,active,524326.0,524326.0,524335.0,0,37889.0,False
base,active,,524326.0,524521.0,1 2 3 4 5 6 7,-1.0,
base,sleeping,,524329.0,549709.0,112,-4.0,
base,active,,524335.0,524521.0,0,-1.0,
base,active,524521.0,524521.0,526140.0,0 1 2 3 4 5 6 7 8 9 10 11 12 13 14 15 16 17 18 19 20 21 22 23 24 25 26 27 28 29 30 31 32 33 34 35 36 37 38 39 40 41 42 43 44 45 46 47 48 49 50 51 52 53 54 55 56 57 58 59 60 61 62 63,37890.0,False
base,active,524582.0,524582.0,524703.0,64 65 66 67 68 69 70 71,37891.0,False
base,active,,524703.0,524711.0,64 65 66 67 68 69 70 71,-1.0,
base,active,524711.0,524711.0,525368.0,64 65 66 67 68 69 70 71 72 73 74 75 76 77 78 79,37892.0,False
base,active,524797.0,524797.0,524829.0,80 81 82 83,37893.0,False
base,active,,524829.0,524837.0,80 81 82 83,-1.0,
base,active,524837.0,524837.0,524908.0,80 81 82 83,37894.0,False
base,active,,524908.0,524993.0,80 81 82 83,-1.0,
base,active,524993.0,524993.0,525056.0,80 81 82 83,37896.0,False
base,active,,525056.0,525245.0,80,-1.0,
base,active,,525056.0,525321.0,81 82 83,-1.0,
base,active,525245.0,525245.0,525287.0,80,37897.0,False
base,active,,525287.0,525299.0,80,-1.0,
base,active,525299.0,525299.0,525317.0,80,37898.0,False
base,active,,525317.0,525321.0,80,-1.0,
base,active,525321.0,525321.0,528449.0,80 81 82 83,37899.0,False
base,active,525344.0,525344.0,528452.0,84 85,37901.0,False
base,active,,525368.0,525414.0,64 65 66 67 68 69 70 71 72 73 74 75 76 77 78 79,-1.0,
base,active,525414.0,525414.0,525600.0,64 65 66 67 68 69 70 71 72 73 74 75 76 77 78 79,37902.0,False
base,switching_off,,525422.0,527222.0,110 111,-2.0,
base,active,,525600.0,525649.0,64 65 66 67,-1.0,
base,active,,525600.0,525745.0,68 69 70 71 72 73 74 75 76 77 78 79,-1.0,
base,active,525649.0,525649.0,525749.0,64 65 66 67,37903.0,False
base,active,525745.0,525745.0,526111.0,68 69 70 71 72 73 74 75 76 77 78 79 86 87 88 89,37905.0,False
base,active,,525749.0,526118.0,64 65 66 67,-1.0,
base,active,,526111.0,526118.0,68 69 70 71 72 73 74 75 76 77 78 79,-1.0,
base,active,,526111.0,529711.0,86 87 88 89,-1.0,
base,active,526118.0,526118.0,526517.0,64 65 66 67 68 69 70 71 72 73 74 75 76 77 78 79,37910.0,False
base,active,,526140.0,526147.0,0,-1.0,
base,active,,526140.0,526209.0,1 2 3 4 5 6 7 8 9 10 11 12 13 14 15 16 17 18 19 20 21 22 23 24 25 26 27 28 29 30 31 32 33 34 35 36 37 38 39 40 41 42 43 44 45 46 47 48 49 50 51 52 53 54 55 56 57 58 59 60 61 62 63,-1.0,
base,active,526147.0,526147.0,526163.0,0,37911.0,False
base,active,,526163.0,526166.0,0,-1.0,
base,active,526166.0,526166.0,526177.0,0,37912.0,False
base,active,,526177.0,526209.0,0,-1.0,
base,active,526209.0,526209.0,527629.0,0 1 2 3 4 5 6 7 8 9 10 11 12 13 14 15 16 17 18 19 20 21 22 23 24 25 26 27 28 29 30 31 32 33 34 35 36 37 38 39 40 41 42 43 44 45 46 47 48 49 50 51 52 53 54 55 56 57 58 59 60 61 62 63,37913.0,False
base,active,,526517.0,526827.0,64 65 66 67 68 69 70 71 72 73 74 75 76 77 78 79,-1.0,
base,active,526827.0,526827.0,526934.0,64 65 66 67 68 69 70 71 72 73 74 75 76 77 78 79,37915.0,False
base,active,,526934.0,527078.0,64 65 66 67 68 69 70 71 72 73 74 75 76 77 78 79,-1.0,
base,switching_off,,527026.0,528826.0,90 91 92 93,-2.0,
base,active,527078.0,527078.0,527214.0,64 65 66 67 68 69 70 71 72 73 74 75 76 77 78 79,37917.0,False
base,switching_off,,527099.0,528899.0,94 95 96 97 98 99 100 101 102 103 104 105 106 107 108 109,-2.0,
base,active,,527214.0,527477.0,64 65 66 67 68 69 70 71 72 73 74 75 76 77 78 79,-1.0,
base,sleeping,,527222.0,549709.0,110 111,-4.0,
base,active,527477.0,527477.0,527570.0,64 65 66 67 68 69 70 71 72 73 74 75 76 77 78 79,37921.0,False
base,active,,527570.0,527683.0,64,-1.0,
base,active,,527570.0,527821.0,65 66 67 68 69 70 71 72 73 74 75 76 77 78 79,-1.0,
base,active,,527629.0,527633.0,0,-1.0,
base,active,,527629.0,527674.0,1 2 3 4 5 6 7 8 9 10 11 12 13 14 15 16 17 18 19 20 21 22 23 24 25 26 27 28 29 30 31 32 33 34 35 36 37 38 39 40 41 42 43 44 45 46 47 48 49 50 51 52 53 54 55 56 57 58 59 60 61 62 63,-1.0,
base,active,527633.0,527633.0,527648.0,0,37924.0,False
base,active,,527648.0,527665.0,0,-1.0,
base,active,527665.0,527665.0,527671.0,0,37925.0,False
base,active,,527671.0,527674.0,0,-1.0,
base,active,527674.0,527674.0,529111.0,0 1 2 3 4 5 6 7 8 9 10 11 12 13 14 15 16 17 18 19 20 21 22 23 24 25 26 27 28 29 30 31 32 33 34 35 36 37 38 39 40 41 42 43 44 45 46 47 48 49 50 51 52 53 54 55 56 57 58 59 60 61 62 63,37926.0,False
base,active,527683.0,527683.0,527697.0,64,37927.0,False
base,active,,527697.0,527821.0,64,-1.0,
base,active,527821.0,527821.0,527879.0,64 65 66 67 68 69 70 71 72 73 74 75 76 77 78 79,37928.0,False
base,active,,527879.0,527884.0,64 65 66 67 68 69 70 71 72 73 74 75 76 77 78 79,-1.0,
base,active,527884.0,527884.0,528020.0,64 65 66 67 68 69 70 71 72 73 74 75 76 77 78 79,37929.0,False
base,active,,528020.0,528300.0,64 65 66 67 68 69 70 71 72 73 74 75 76 77 78 79,-1.0,
base,active,528300.0,528300.0,528377.0,64 65 66 67 68 69 70 71 72 73 74 75 76 77 78 79,37931.0,False
base,active,,528377.0,528959.0,64,-1.0,
base,active,,528377.0,529043.0,65 66 67,-1.0,
base,active,,528377.0,529066.0,68 69,-1.0,
base,active,,528377.0,529358.0,70,-1.0,
base,active,,528377.0,529479.0,71 72 73 74 75 76 77 78 79,-1.0,
base,active,,528449.0,529479.0,80 81 82 83,-1.0,
base,active,,528452.0,529479.0,84 85,-1.0,
base,sleeping,,528826.0,549709.0,90 91 92 93,-4.0,
base,sleeping,,528899.0,549709.0,94 95 96 97 98 99 100 101 102 103 104 105 106 107 108 109,-4.0,
base,active,528959.0,528959.0,529005.0,64,37935.0,False
base,active,,529005.0,529018.0,64,-1.0,
base,active,529018.0,529018.0,529037.0,64,37937.0,False
base,active,,529037.0,529043.0,64,-1.0,
base,active,529043.0,529043.0,532156.0,64 65 66 67,37938.0,False
base,active,529066.0,529066.0,532158.0,68 69,37940.0,False
base,active,,529111.0,529129.0,32,-1.0,
base,active,,529111.0,529132.0,33,-1.0,
base,active,528853.0,529111.0,529285.0,0 1 2 3 4 5 6 7 8 9 10 11 12 13 14 15 16 17 18 19 20 21 22 23 24 25 26 27 28 29 30 31,37933.0,False
base,active,,529111.0,529285.0,34 35 36 37 38 39 40 41 42 43 44 45 46 47 48 49 50 51 52 53 54 55 56 57 58 59 60 61 62 63,-1.0,
base,active,529129.0,529129.0,529165.0,32,37941.0,False
base,active,529132.0,529132.0,529158.0,33,37942.0,False
base,active,,529158.0,529285.0,33,-1.0,
base,active,,529165.0,529285.0,32,-1.0,
base,active,529209.0,529285.0,530002.0,0 1 2 3 4 5 6 7 8 9 10 11 12 13 14 15 16 17 18 19 20 21 22 23 24 25 26 27 28 29 30 31 32 33 34 35 36 37 38 39 40 41 42 43 44 45 46 47 48 49 50 51 52 53 54 55 56 57 58 59 60 61 62 63,37944.0,False
base,active,529358.0,529358.0,529382.0,70,37945.0,False
base,active,,529382.0,529479.0,70,-1.0,
base,active,529479.0,529479.0,529562.0,70 71 72 73 74 75 76 77 78 79 80 81 82 83 84 85,37947.0,False
base,active,,529562.0,530126.0,70 71 72 73 74 75 76 77,-1.0,
base,active,,529562.0,530225.0,78 79 80 81 82 83 84 85,-1.0,
base,switching_off,,529711.0,531511.0,86 87 88 89,-2.0,
base,active,,530002.0,530101.0,32 33 34 35 36 37 38 39 40 41 42 43 44 45 46 47 48 49 50 51 52 53 54 55 56 57 58 59 60 61 62 63,-1.0,
base,active,529475.0,530002.0,530157.0,0 1 2 3 4 5 6 7 8 9 10 11 12 13 14 15 16 17 18 19 20 21 22 23 24 25 26 27 28 29 30 31,37946.0,False
base,active,530101.0,530101.0,530223.0,32 33 34 35 36 37 38 39 40 41 42 43 44 45 46 47 48 49 50 51 52 53 54 55 56 57 58 59 60 61 62 63,37950.0,False
base,active,530126.0,530126.0,530225.0,70 71 72 73 74 75 76 77,37951.0,False
base,active,,530157.0,530158.0,0 1 2 3 4 5 6 7 8 9 10 11 12 13 14 15,-1.0,
base,active,,530157.0,530225.0,16 17 18 19 20 21 22 23 24 25 26 27 28 29 30 31,-1.0,
base,active,530158.0,530158.0,530632.0,0 1 2 3 4 5 6 7 8 9 10 11 12 13 14 15,37952.0,False
base,active,,530223.0,530225.0,32 33 34 35 36 37 38 39 40 41 42 43 44 45 46 47 48 49 50 51 52 53 54 55 56 57 58 59 60 61 62 63,-1.0,
base,active,529947.0,530225.0,531635.0,16 17 18 19 20 21 22 23 24 25 26 27 28 29 30 31 32 33 34 35 36 37 38 39 40 41 42 43 44 45 46 47 48 49 50 51 52 53 54 55 56 57 58 59 60 61 62 63 70 71 72 73 74 75 76 77 78 79 80 81 82 83 84 85,37949.0,False
base,active,530493.0,530632.0,530683.0,0 1 2 3,37954.0,False
base,active,,530632.0,531175.0,4 5 6 7,-1.0,
base,active,,530632.0,531635.0,8 9 10 11 12 13 14 15,-1.0,
base,active,,530683.0,531175.0,0 1 2 3,-1.0,
base,active,531175.0,531175.0,531269.0,0 1 2 3 4 5 6 7,37961.0,False
base,active,,531269.0,531361.0,0,-1.0,
base,active,,531269.0,531635.0,1 2 3 4 5 6 7,-1.0,
base,active,531361.0,531361.0,531374.0,0,37963.0,False
base,active,,531374.0,531388.0,0,-1.0,
base,active,531388.0,531388.0,531397.0,0,37964.0,False
base,active,,531397.0,531635.0,0,-1.0,
base,sleeping,,531511.0,549709.0,86 87 88 89,-4.0,
base,active,531149.0,531635.0,531753.0,0 1 2 3 4 5 6 7 8 9 10 11 12 13 14 15 16 17 18 19 20 21 22 23 24 25 26 27 28 29 30 31,37960.0,False
base,active,,531635.0,531753.0,32 33 34 35 36 37 38 39 40 41 42 43 44 45 46 47 48 49 50 51 52 53 54 55 56 57 58 59 60 61 62 63,-1.0,
base,active,,531635.0,531879.0,70 71 72 73 74 75 76 77 78 79 80 81 82 83 84 85,-1.0,
base,active,531443.0,531753.0,533194.0,0 1 2 3 4 5 6 7 8 9 10 11 12 13 14 15 16 17 18 19 20 21 22 23 24 25 26 27 28 29 30 31 32 33 34 35 36 37 38 39 40 41 42 43 44 45 46 47 48 49 50 51 52 53 54 55 56 57 58 59 60 61 62 63,37965.0,False
base,active,531879.0,531879.0,531932.0,70 71 72 73 74 75 76 77 78 79 80 81 82 83 84 85,37967.0,False
base,active,,531932.0,532042.0,70 71 72 73 74 75 76 77,-1.0,
base,active,,531932.0,535532.0,78 79 80 81 82 83 84 85,-1.0,
base,active,532042.0,532042.0,532132.0,70 71 72 73 74 75 76 77,37969.0,False
base,active,,532132.0,533580.0,70 71,-1.0,
base,active,,532132.0,535732.0,72 73 74 75 76 77,-1.0,
base,active,,532156.0,532887.0,64,-1.0,
base,active,,532156.0,533130.0,65 66 67,-1.0,
base,active,,532158.0,533580.0,68 69,-1.0,
base,active,532887.0,532887.0,532901.0,64,37975.0,False
base,active,,532901.0,532919.0,64,-1.0,
base,active,532919.0,532919.0,532926.0,64,37976.0,False
base,active,,532926.0,532928.0,64,-1.0,
base,active,532928.0,532928.0,532939.0,64,37977.0,False
base,active,,532939.0,533130.0,64,-1.0,
base,active,533130.0,533130.0,533176.0,64 65 66 67,37979.0,False
base,active,,533176.0,533580.0,64 65 66 67,-1.0,
base,active,532017.0,533194.0,533307.0,0 1 2 3 4 5 6 7 8 9 10 11 12 13 14 15 16 17 18 19 20 21 22 23 24 25 26 27 28 29 30 31,37968.0,False
base,active,,533194.0,533307.0,32 33 34 35 36 37 38 39 40 41 42 43 44 45 46 47 48 49 50 51 52 53 54 55 56 57 58 59 60 61 62 63,-1.0,
base,active,532974.0,533307.0,534716.0,0 1 2 3 4 5 6 7 8 9 10 11 12 13 14 15 16 17 18 19 20 21 22 23 24 25 26 27 28 29 30 31 32 33 34 35 36 37 38 39 40 41 42 43 44 45 46 47 48 49 50 51 52 53 54 55 56 57 58 59 60 61 62 63,37978.0,False
base,active,533580.0,533580.0,533670.0,64 65 66 67 68 69 70 71,37981.0,False
base,active,,533670.0,533781.0,64,-1.0,
base,active,,533670.0,535625.0,65 66 67,-1.0,
base,active,,533670.0,535646.0,68 69,-1.0,
base,active,,533670.0,535894.0,70,-1.0,
base,active,,533670.0,535895.0,71,-1.0,
base,active,533781.0,533781.0,533795.0,64,37982.0,False
base,active,,533795.0,534088.0,64,-1.0,
base,active,534088.0,534088.0,534106.0,64,37984.0,False
base,active,,534106.0,534124.0,64,-1.0,
base,active,534124.0,534124.0,534140.0,64,37985.0,False
base,active,,534140.0,534386.0,64,-1.0,
base,active,534386.0,534386.0,534401.0,64,37986.0,False
base,active,,534401.0,534427.0,64,-1.0,
base,active,534427.0,534427.0,534436.0,64,37987.0,False
base,active,,534436.0,534591.0,64,-1.0,
base,active,534591.0,534591.0,534611.0,64,37989.0,False
base,active,,534611.0,534741.0,64,-1.0,
base,active,533552.0,534716.0,534832.0,0 1 2 3 4 5 6 7 8 9 10 11 12 13 14 15 16 17 18 19 20 21 22 23 24 25 26 27 28 29 30 31,37980.0,False
base,active,534675.0,534716.0,534872.0,32 33 34 35 36 37 38 39 40 41 42 43 44 45 46 47 48 49 50 51 52 53 54 55 56 57 58 59 60 61 62 63,37990.0,False
base,active,534741.0,534741.0,534833.0,64,37991.0,False
base,active,,534832.0,534872.0,0 1 2 3 4 5 6 7 8 9 10 11 12 13 14 15 16 17 18 19 20 21 22 23 24 25 26 27 28 29 30 31,-1.0,
base,active,,534833.0,535547.0,64,-1.0,
base,active,533917.0,534872.0,535037.0,0 1 2 3 4 5 6 7 8 9 10 11 12 13 14 15 16 17 18 19 20 21 22 23 24 25 26 27 28 29 30 31 32 33 34 35 36 37 38 39 40 41 42 43 44 45 46 47 48 49 50 51 52 53 54 55 56 57 58 59 60 61 62 63,37983.0,False
base,active,534480.0,535037.0,536448.0,0 1 2 3 4 5 6 7 8 9 10 11 12 13 14 15 16 17 18 19 20 21 22 23 24 25 26 27 28 29 30 31 32 33 34 35 36 37 38 39 40 41 42 43 44 45 46 47 48 49 50 51 52 53 54 55 56 57 58 59 60 61 62 63,37988.0,False
base,switching_off,,535532.0,537332.0,78 79 80 81 82 83 84 85,-2.0,
base,active,535547.0,535547.0,535587.0,64,37992.0,False
base,active,,535587.0,535600.0,64,-1.0,
base,active,535600.0,535600.0,535620.0,64,37993.0,False
base,active,,535620.0,535625.0,64,-1.0,
base,active,535625.0,535625.0,536436.0,64 65 66 67,37994.0,False
base,active,535646.0,535646.0,536439.0,68 69,37995.0,False
base,switching_off,,535732.0,537532.0,72 73 74 75 76 77,-2.0,
base,active,535894.0,535894.0,535907.0,70,37996.0,False
base,active,535895.0,535895.0,535917.0,71,37997.0,False
base,active,,535907.0,536434.0,70,-1.0,
base,active,,535917.0,536440.0,71,-1.0,
base,active,536434.0,536434.0,536440.0,70,38000.0,False
base,active,,536436.0,536440.0,64 65 66 67,-1.0,
base,active,,536439.0,536440.0,68 69,-1.0,
base,active,536007.0,536440.0,536969.0,64 65 66 67 68 69 70 71,37999.0,False
base,active,535951.0,536448.0,537927.0,0 1 2 3 4 5 6 7 8 9 10 11 12 13 14 15 16 17 18 19 20 21 22 23 24 25 26 27 28 29 30 31 32 33 34 35 36 37 38 39 40 41 42 43 44 45 46 47 48 49 50 51 52 53 54 55 56 57 58 59 60 61 62 63,37998.0,False
base,active,536952.0,536969.0,537000.0,64,38003.0,False
base,active,,536969.0,537000.0,65 66 67 68 69 70 71,-1.0,
base,active,536899.0,537000.0,537147.0,64 65 66 67 68 69 70 71,38002.0,False
base,active,,537147.0,537434.0,64,-1.0,
base,active,,537147.0,538945.0,65,-1.0,
base,active,,537147.0,539019.0,66 67,-1.0,
base,active,,537147.0,540719.0,68 69 70 71,-1.0,
base,sleeping,,537332.0,549709.0,78 79 80 81 82 83 84 85,-4.0,
base,active,537434.0,537434.0,537447.0,64,38004.0,False
base,active,,537447.0,538936.0,64,-1.0,
base,sleeping,,537532.0,549709.0,72 73 74 75 76 77,-4.0,
base,active,,537927.0,538094.0,32,-1.0,
base,active,536833.0,537927.0,538138.0,0 1 2 3 4 5 6 7 8 9 10 11 12 13 14 15 16 17 18 19 20 21 22 23 24 25 26 27 28 29 30 31,38001.0,False
base,active,,537927.0,538138.0,33 34 35 36 37 38 39 40 41 42 43 44 45 46 47 48 49 50 51 52 53 54 55 56 57 58 59 60 61 62 63,-1.0,
base,active,538094.0,538094.0,538115.0,32,38007.0,False
base,active,,538115.0,538138.0,32,-1.0,
base,active,537624.0,538138.0,538560.0,0 1 2 3 4 5 6 7 8 9 10 11 12 13 14 15 16 17 18 19 20 21 22 23 24 25 26 27 28 29 30 31 32 33 34 35 36 37 38 39 40 41 42 43 44 45 46 47 48 49 50 51 52 53 54 55 56 57 58 59 60 61 62 63,38005.0,False
base,active,538253.0,538560.0,538777.0,0 1 2 3 4 5 6 7 8 9 10 11 12 13 14 15 16 17 18 19 20 21 22 23 24 25 26 27 28 29 30 31,38008.0,False
base,active,,538560.0,538777.0,32 33 34 35 36 37 38 39 40 41 42 43 44 45 46 47 48 49 50 51 52 53 54 55 56 57 58 59 60 61 62 63,-1.0,
base,active,538070.0,538777.0,539748.0,0 1 2 3 4 5 6 7 8 9 10 11 12 13 14 15 16 17 18 19 20 21 22 23 24 25 26 27 28 29 30 31 32 33 34 35 36 37 38 39 40 41 42 43 44 45 46 47 48 49 50 51 52 53 54 55 56 57 58 59 60 61 62 63,38006.0,False
base,active,538936.0,538936.0,538981.0,64,38010.0,False
base,active,538945.0,538945.0,538967.0,65,38011.0,False
base,active,,538967.0,539019.0,65,-1.0,
base,active,,538981.0,538993.0,64,-1.0,
base,active,538993.0,538993.0,539014.0,64,38012.0,False
base,active,,539014.0,539019.0,64,-1.0,
base,active,539019.0,539019.0,539041.0,64 65 66 67,38013.0,False
base,active,,539041.0,540414.0,64,-1.0,
base,active,,539041.0,540719.0,65 66 67,-1.0,
base,active,538884.0,539748.0,539880.0,0 1 2 3 4 5 6 7 8 9 10 11 12 13 14 15 16 17 18 19 20 21 22 23 24 25 26 27 28 29 30 31,38009.0,False
base,active,,539748.0,540324.0,32 33 34 35 36 37 38 39 40 41 42 43 44 45 46 47 48 49 50 51 52 53 54 55 56 57 58 59 60 61 62 63,-1.0,
base,active,,539880.0,540256.0,0,-1.0,
base,active,,539880.0,540324.0,1 2 3 4 5 6 7 8 9 10 11 12 13 14 15 16 17 18 19 20 21 22 23 24 25 26 27 28 29 30 31,-1.0,
base,active,540256.0,540256.0,540262.0,0,38015.0,False
base,active,,540262.0,540324.0,0,-1.0,
base,active,540324.0,540324.0,542101.0,0 1 2 3 4 5 6 7 8 9 10 11 12 13 14 15 16 17 18 19 20 21 22 23 24 25 26 27 28 29 30 31 32 33 34 35 36 37 38 39 40 41 42 43 44 45 46 47 48 49 50 51 52 53 54 55 56 57 58 59 60 61 62 63,38016.0,False
base,active,540414.0,540414.0,540434.0,64,38017.0,False
base,active,,540434.0,540719.0,64,-1.0,
base,active,540719.0,540719.0,540760.0,64 65 66 67 68 69 70 71,38018.0,False
base,active,,540760.0,540769.0,64 65 66 67 68 69 70 71,-1.0,
base,active,540769.0,540769.0,540811.0,64 65 66 67 68 69 70 71,38019.0,False
base,active,,540811.0,540906.0,64 65,-1.0,
base,active,,540811.0,540914.0,66 67,-1.0,
base,active,,540811.0,540922.0,68 69,-1.0,
base,active,,540811.0,540930.0,70 71,-1.0,
base,active,540906.0,540906.0,540998.0,64 65,38020.0,False
base,active,540914.0,540914.0,541001.0,66 67,38021.0,False
base,active,540922.0,540922.0,541004.0,68 69,38022.0,False
base,active,540930.0,540930.0,541007.0,70 71,38023.0,False
base,active,540940.0,540998.0,541161.0,64,38024.0,False
base,active,,540998.0,543271.0,65,-1.0,
base,active,,541001.0,543271.0,66 67,-1.0,
base,active,,541004.0,543271.0,68 69,-1.0,
base,active,,541007.0,543271.0,70 71,-1.0,
base,active,,541161.0,543222.0,64,-1.0,
base,active,541153.0,542101.0,542931.0,0 1 2 3 4 5 6 7 8 9 10 11 12 13 14 15 16 17 18 19 20 21 22 23 24 25 26 27 28 29 30 31 32 33 34 35 36 37 38 39 40 41 42 43 44 45 46 47 48 49 50 51 52 53 54 55 56 57 58 59 60 61 62 63,38025.0,False
base,active,542793.0,542931.0,542989.0,16 17 18 19 20 21 22 23 24 25 26 27 28 29 30 31,38028.0,False
base,active,542535.0,542931.0,542994.0,0 1 2 3 4 5 6 7 8 9 10 11 12 13 14 15,38027.0,False
base,active,,542931.0,542994.0,32 33 34 35 36 37 38 39 40 41 42 43 44 45 46 47 48 49 50 51 52 53 54 55 56 57 58 59 60 61 62 63,-1.0,
base,active,,542989.0,542994.0,16 17 18 19 20 21 22 23 24 25 26 27 28 29 30 31,-1.0,
base,active,542189.0,542994.0,544753.0,0 1 2 3 4 5 6 7 8 9 10 11 12 13 14 15 16 17 18 19 20 21 22 23 24 25 26 27 28 29 30 31 32 33 34 35 36 37 38 39 40 41 42 43 44 45 46 47 48 49 50 51 52 53 54 55 56 57 58 59 60 61 62 63,38026.0,False
base,active,543222.0,543222.0,543246.0,64,38029.0,False
base,active,,543246.0,543271.0,64,-1.0,
base,active,543271.0,543271.0,543377.0,64 65 66 67 68 69 70 71,38030.0,False
base,active,,543377.0,543380.0,65,-1.0,
base,active,543371.0,543377.0,543383.0,64,38032.0,False
base,active,,543377.0,543392.0,66 67 68,-1.0,
base,active,,543377.0,543492.0,69 70 71,-1.0,
base,active,543380.0,543380.0,543492.0,65,38033.0,False
base,active,,543383.0,543392.0,64,-1.0,
base,active,543392.0,543392.0,543468.0,64 66 67 68,38034.0,False
base,active,,543468.0,543492.0,64 66 67 68,-1.0,
base,active,543296.0,543492.0,543564.0,64 65 66 67 68 69 70 71,38031.0,False
base,active,,543564.0,543950.0,64,-1.0,
base,active,,543564.0,543975.0,65 66 67,-1.0,
base,active,,543564.0,544011.0,68,-1.0,
base,active,,543564.0,547164.0,69 70 71,-1.0,
base,active,543950.0,543950.0,543966.0,64,38035.0,False
base,active,,543966.0,543975.0,64,-1.0,
base,active,543975.0,543975.0,544309.0,64 65 66 67,38036.0,False
base,active,544011.0,544011.0,544148.0,68,38037.0,False
base,active,,544148.0,544234.0,68,-1.0,
base,active,544234.0,544234.0,544308.0,68,38039.0,False
base,active,,544308.0,547908.0,68,-1.0,
base,active,,544309.0,544411.0,64,-1.0,
base,active,,544309.0,547909.0,65 66 67,-1.0,
base,active,544411.0,544411.0,545849.0,64,38040.0,False
base,active,544053.0,544753.0,547338.0,0 1 2 3 4 5 6 7 8 9 10 11 12 13 14 15 16 17 18 19 20 21 22 23 24 25 26 27 28 29 30 31 32 33 34 35 36 37 38 39 40 41 42 43 44 45 46 47 48 49 50 51 52 53 54 55 56 57 58 59 60 61 62 63,38038.0,False
base,active,,545849.0,545865.0,64,-1.0,
base,active,545865.0,545865.0,545973.0,64,38041.0,False
base,active,,545973.0,546025.0,64,-1.0,
base,active,546025.0,546025.0,546151.0,64,38044.0,False
base,active,,546151.0,546257.0,64,-1.0,
base,active,546257.0,546257.0,546323.0,64,38045.0,False
base,active,,546323.0,546338.0,64,-1.0,
base,active,546338.0,546338.0,546639.0,64,38047.0,False
base,active,,546639.0,546650.0,64,-1.0,
base,active,546650.0,546650.0,546666.0,64,38050.0,False
base,active,,546666.0,552409.0,64,-1.0,
base,switching_off,,547164.0,548964.0,69 70 71,-2.0,
base,active,546474.0,547338.0,547373.0,32 33 34 35 36 37 38 39 40 41 42 43 44 45 46 47,38049.0,False
base,active,,547338.0,547373.0,48 49 50 51 52 53 54 55 56 57 58 59 60 61 62 63,-1.0,
base,active,545941.0,547338.0,547374.0,0 1 2 3 4 5 6 7 8 9 10 11 12 13 14 15,38043.0,False
base,active,546428.0,547338.0,547379.0,16 17 18 19 20 21 22 23 24 25 26 27 28 29 30 31,38048.0,False
base,active,545886.0,547373.0,547411.0,32 33 34 35 36 37 38 39 40 41 42 43 44 45 46 47 48 49 50 51 52 53 54 55 56 57 58 59 60 61 62 63,38042.0,False
base,active,,547374.0,547379.0,0 1 2 3 4 5 6 7 8 9 10 11 12 13 14 15,-1.0,
base,active,546319.0,547379.0,547415.0,0 1 2 3 4 5 6 7 8 9 10 11 12 13 14 15 16 17 18 19 20 21 22 23 24 25 26 27 28 29 30 31,38046.0,False
base,active,547387.0,547411.0,547447.0,32 33 34 35 36 37 38 39 40 41 42 43 44 45 46 47,38052.0,False
base,active,,547411.0,548910.0,48 49 50 51 52 53 54 55 56 57 58 59 60 61 62 63,-1.0,
base,active,,547415.0,547426.0,0 1 2 3,-1.0,
base,active,,547415.0,547575.0,4 5 6 7,-1.0,
base,active,,547415.0,547691.0,8 9 10 11 12 13 14 15,-1.0,
base,active,,547415.0,548258.0,16 17 18 19,-1.0,
base,active,,547415.0,548446.0,20 21 22 23,-1.0,
base,active,,547415.0,548910.0,24 25 26 27 28 29 30 31,-1.0,
base,active,547426.0,547426.0,547458.0,0 1 2 3,38053.0,False
base,active,,547447.0,548910.0,32 33 34 35 36 37 38 39 40 41 42 43 44 45 46 47,-1.0,
base,active,,547458.0,547461.0,0 1 2 3,-1.0,
base,active,547461.0,547461.0,547537.0,0 1 2 3,38054.0,False
base,active,,547537.0,547575.0,0 1 2 3,-1.0,
base,active,547575.0,547575.0,548533.0,0 1 2 3 4 5 6 7,38055.0,False
base,active,547691.0,547691.0,547726.0,8 9 10 11 12 13 14 15,38056.0,False
base,active,,547726.0,547743.0,8 9 10 11,-1.0,
base,active,,547726.0,548090.0,12,-1.0,
base,active,,547726.0,548258.0,13 14 15,-1.0,
base,active,547743.0,547743.0,547801.0,8 9 10 11,38057.0,False
base,active,,547801.0,547806.0,8 9 10 11,-1.0,
base,active,547806.0,547806.0,548549.0,8 9 10 11,38058.0,False
base,switching_off,,547908.0,549708.0,68,-2.0,
base,switching_off,,547909.0,549709.0,65 66 67,-2.0,
base,active,548090.0,548090.0,548104.0,12,38059.0,False
base,active,,548104.0,548258.0,12,-1.0,
base,active,548258.0,548258.0,548577.0,12 13 14 15 16 17 18 19,38060.0,False
base,active,548446.0,548446.0,548493.0,20 21 22 23,38061.0,False
base,active,,548493.0,548910.0,20 21 22 23,-1.0,
base,active,,548533.0,548603.0,0 1 2 3,-1.0,
base,active,,548533.0,548744.0,4 5 6 7,-1.0,
base,active,,548549.0,548856.0,8 9 10 11,-1.0,
base,active,,548577.0,548910.0,12 13 14 15 16 17 18 19,-1.0,
base,active,548603.0,548603.0,548910.0,0 1 2 3,38062.0,False
base,active,548744.0,548744.0,548777.0,4 5 6 7,38064.0,False
base,active,,548777.0,548783.0,4 5 6 7,-1.0,
base,active,548783.0,548783.0,548815.0,4 5 6 7,38065.0,False
base,active,,548815.0,548819.0,4 5 6 7,-1.0,
base,active,548819.0,548819.0,548854.0,4 5 6 7,38066.0,False
base,active,,548854.0,548856.0,4 5 6 7,-1.0,
base,active,548856.0,548856.0,548888.0,4 5 6 7 8 9 10 11,38067.0,False
base,active,,548888.0,548910.0,4 5 6 7 8 9 10 11,-1.0,
base,active,548704.0,548910.0,548946.0,0 1 2 3 4 5 6 7 8 9 10 11 12 13 14 15 16 17 18 19 20 21 22 23 24 25 26 27 28 29 30 31 32 33 34 35 36 37 38 39 40 41 42 43 44 45 46 47 48 49 50 51 52 53 54 55 56 57 58 59 60 61 62 63,38063.0,False
base,active,,548946.0,551668.0,0,-1.0,
base,active,,548946.0,552409.0,1 2 3 4 5 6 7 8 9 10 11 12 13 14 15 16 17 18 19 20 21 22 23 24 25 26 27 28 29 30 31 32 33 34 35 36 37 38 39 40 41 42 43 44 45 46 47 48 49 50 51 52 53 54 55 56 57 58 59 60 61 62 63,-1.0,
base,sleeping,,548964.0,549709.0,69 70 71,-4.0,
base,sleeping,,549708.0,549709.0,68,-4.0,
base,switching_on,,549709.0,552409.0,65 66 67 68 69 70 71 72 73 74 75 76 77 78 79 80 81 82 83 84 85 86 87 88 89 90 91 92 93 94 95 96 97 98 99 100 101 102 103 104 105 106 107 108 109 110 111 112 113 114 115 116 117 118 119 120 121 122 123 124 125 126 127,-3.0,
base,active,551668.0,551668.0,551699.0,0,38069.0,False
base,active,,551699.0,551710.0,0,-1.0,
base,active,551710.0,551710.0,551764.0,0,38070.0,False
base,active,,551764.0,552409.0,0,-1.0,
base,active,547254.0,552409.0,552531.0,0 1 2 3 4 5 6 7 8 9 10 11 12 13 14 15 16 17 18 19 20 21 22 23 24 25 26 27 28 29 30 31 32 33 34 35 36 37 38 39 40 41 42 43 44 45 46 47 48 49 50 51 52 53 54 55 56 57 58 59 60 61 62 63 64 65 66 67 68 69 70 71 72 73 74 75 76 77 78 79 80 81 82 83 84 85 86 87 88 89 90 91 92 93 94 95 96 97 98 99 100 101 102 103 104 105 106 107 108 109 110 111 112 113 114 115 116 117 118 119 120 121 122 123 124 125 126 127,38051.0,False
base,active,,552531.0,554797.0,0 1 2 3 4 5 6 7 8 9 10 11 12 13 14 15 16 17 18 19 20 21 22 23 24 25 26 27 28 29 30 31 32 33 34 35 36 37 38 39 40 41 42 43 44 45 46 47 48 49 50 51 52 53 54 55 56 57 58 59 60 61 62 63 64 65 66 67 68 69 70 71 72 73 74 75 76 77 78 79 80 81 82 83 84 85 86 87 88 89 90 91 92 93 94 95 96 97 98 99 100 101 102 103 104 105 106 107 108 109 110 111 112 113 114 115 116 117 118 119 120 121 122 123 124 125 126 127,-1.0,
base,active,554797.0,554797.0,554968.0,0 1 2 3 4 5 6 7 8 9 10 11 12 13 14 15 16 17 18 19 20 21 22 23 24 25 26 27 28 29 30 31 32 33 34 35 36 37 38 39 40 41 42 43 44 45 46 47 48 49 50 51 52 53 54 55 56 57 58 59 60 61 62 63 64 65 66 67 68 69 70 71 72 73 74 75 76 77 78 79 80 81 82 83 84 85 86 87 88 89 90 91 92 93 94 95 96 97 98 99 100 101 102 103 104 105 106 107 108 109 110 111 112 113 114 115 116 117 118 119 120 121 122 123 124 125 126 127,38074.0,False
base,active,,554968.0,554978.0,0 1 2 3 4 5 6 7 8 9 10 11 12 13 14 15 16 17 18 19 20 21 22 23 24 25 26 27 28 29 30 31 32 33 34 35 36 37 38 39 40 41 42 43 44 45 46 47 48 49 50 51 52 53 54 55 56 57 58 59 60 61 62 63 64 65 66 67 68 69 70 71 72 73 74 75 76 77 78 79 80 81 82 83 84 85 86 87 88 89 90 91 92 93 94 95 96 97 98 99 100 101 102 103 104 105 106 107 108 109 110 111 112 113 114 115 116 117 118 119 120 121 122 123 124 125 126 127,-1.0,
base,active,554978.0,554978.0,565910.0,0 1 2 3 4 5 6 7 8 9 10 11 12 13 14 15 16 17 18 19 20 21 22 23 24 25 26 27 28 29 30 31 32 33 34 35 36 37 38 39 40 41 42 43 44 45 46 47 48 49 50 51 52 53 54 55 56 57 58 59 60 61 62 63 64 65 66 67 68 69 70 71 72 73 74 75 76 77 78 79 80 81 82 83 84 85 86 87 88 89 90 91 92 93 94 95 96 97 98 99 100 101 102 103 104 105 106 107 108 109 110 111 112 113 114 115 116 117 118 119 120 121 122 123 124 125 126 127,38075.0,False
base,active,,565910.0,565931.0,0 1 2 3 4 5 6 7 8 9 10 11 12 13 14 15 16 17 18 19 20 21 22 23 24 25 26 27 28 29 30 31 32 33 34 35 36 37 38 39 40 41 42 43 44 45 46 47 48 49 50 51 52 53 54 55 56 57 58 59 60 61 62 63 64 65 66 67 68 69 70 71 72 73 74 75 76 77 78 79 80 81 82 83 84 85 86 87 88 89 90 91 92 93 94 95 96 97 98 99 100 101 102 103 104 105 106 107 108 109 110 111 112 113 114 115 116 117 118 119 120 121 122 123 124 125 126 127,-1.0,
base,active,565931.0,565931.0,566014.0,0 1 2 3 4 5 6 7 8 9 10 11 12 13 14 15 16 17 18 19 20 21 22 23 24 25 26 27 28 29 30 31 32 33 34 35 36 37 38 39 40 41 42 43 44 45 46 47 48 49 50 51 52 53 54 55 56 57 58 59 60 61 62 63 64 65 66 67 68 69 70 71 72 73 74 75 76 77 78 79 80 81 82 83 84 85 86 87 88 89 90 91 92 93 94 95 96 97 98 99 100 101 102 103 104 105 106 107 108 109 110 111 112 113 114 115 116 117 118 119 120 121 122 123 124 125 126 127,38076.0,False
base,active,,566014.0,566017.0,0 1 2 3 4 5 6 7 8 9 10 11 12 13 14 15 16 17 18 19 20 21 22 23 24 25 26 27 28 29 30 31 32 33 34 35 36 37 38 39 40 41 42 43 44 45 46 47 48 49 50 51 52 53 54 55 56 57 58 59 60 61 62 63,-1.0,
base,active,,566014.0,569614.0,64 65 66 67 68 69 70 71 72 73 74 75 76 77 78 79 80 81 82 83 84 85 86 87 88 89 90 91 92 93 94 95 96 97 98 99 100 101 102 103 104 105 106 107 108 109 110 111 112 113 114 115 116 117 118 119 120 121 122 123 124 125 126 127,-1.0,
base,active,566017.0,566017.0,576944.0,0 1 2 3 4 5 6 7 8 9 10 11 12 13 14 15 16 17 18 19 20 21 22 23 24 25 26 27 28 29 30 31 32 33 34 35 36 37 38 39 40 41 42 43 44 45 46 47 48 49 50 51 52 53 54 55 56 57 58 59 60 61 62 63,38077.0,False
base,switching_off,,569614.0,571414.0,64 65 66 67 68 69 70 71 72 73 74 75 76 77 78 79 80 81 82 83 84 85 86 87 88 89 90 91 92 93 94 95 96 97 98 99 100 101 102 103 104 105 106 107 108 109 110 111 112 113 114 115 116 117 118 119 120 121 122 123 124 125 126 127,-2.0,
base,sleeping,,571414.0,592838.0,64 65 66 67 68 69 70 71 72 73 74 75 76 77 78 79 80 81 82 83 84 85 86 87 88 89 90 91 92 93 94 95 96 97 98 99 100 101 102 103 104 105 106 107 108 109 110 111 112 113 114 115 116 117 118 119 120 121 122 123 124 125 126 127,-4.0,
base,active,,576944.0,580544.0,0 1 2 3 4 5 6 7 8 9 10 11 12 13 14 15 16 17 18 19 20 21 22 23 24 25 26 27 28 29 30 31 32 33 34 35 36 37 38 39 40 41 42 43 44 45 46 47 48 49 50 51 52 53 54 55 56 57 58 59 60 61 62 63,-1.0,
base,switching_off,,580544.0,582344.0,0 1 2 3 4 5 6 7 8 9 10 11 12 13 14 15 16 17 18 19 20 21 22 23 24 25 26 27 28 29 30 31 32 33 34 35 36 37 38 39 40 41 42 43 44 45 46 47 48 49 50 51 52 53 54 55 56 57 58 59 60 61 62 63,-2.0,
base,sleeping,,582344.0,584697.0,0 1 2 3 4 5 6 7,-4.0,
base,sleeping,,582344.0,584734.0,8,-4.0,
base,sleeping,,582344.0,589220.0,9 10 11 12 13 14 15 16 17 18 19 20 21 22 23 24 25 26 27 28 29 30 31,-4.0,
base,sleeping,,582344.0,592838.0,32 33 34 35 36 37 38 39 40 41 42 43 44 45 46 47 48 49 50 51 52 53 54 55 56 57 58 59 60 61 62 63,-4.0,
base,switching_on,,584697.0,587397.0,0 1 2 3 4 5 6 7,-3.0,
base,switching_on,,584734.0,587434.0,8,-3.0,
base,active,586790.0,587397.0,587400.0,3 4 5 6,38125.0,False
base,active,584795.0,587397.0,587440.0,1,38120.0,False
base,active,584734.0,587397.0,587446.0,0,38119.0,False
base,active,,587397.0,587446.0,7,-1.0,
base,active,585173.0,587397.0,587447.0,2,38122.0,False
base,active,587107.0,587400.0,587403.0,3 4 5 6,38126.0,False
base,active,587122.0,587403.0,587406.0,3 4 5 6,38127.0,False
base,active,,587406.0,587446.0,3 4 5 6,-1.0,
base,active,,587434.0,587446.0,8,-1.0,
base,active,,587440.0,587446.0,1,-1.0,
base,active,584697.0,587446.0,587558.0,0 1 3 4 5 6 7 8,38118.0,False
base,active,,587447.0,587964.0,2,-1.0,
base,active,,587558.0,587964.0,0 1 3,-1.0,
base,active,,587558.0,590953.0,4,-1.0,
base,active,,587558.0,591032.0,5 6 7,-1.0,
base,active,,587558.0,591920.0,8,-1.0,
base,active,587964.0,587964.0,587967.0,0 1 2 3,38128.0,False
base,active,,587967.0,590822.0,0 1 2 3,-1.0,
base,switching_on,,589220.0,591920.0,9 10 11 12 13 14 15 16 17 18 19 20 21 22 23 24 25 26 27 28 29 30 31,-3.0,
base,active,590822.0,590822.0,591004.0,0 1 2 3,38138.0,False
base,active,590953.0,590953.0,590957.0,4,38139.0,False
base,active,,590957.0,591032.0,4,-1.0,
base,active,,591004.0,591032.0,0 1 2 3,-1.0,
base,active,591032.0,591032.0,591096.0,0 1 2 3 4 5 6 7,38140.0,False
base,active,,591096.0,591129.0,0 1 2 3,-1.0,
base,active,,591096.0,591656.0,4 5 6 7,-1.0,
base,active,591129.0,591129.0,591170.0,0 1 2 3,38141.0,False
base,active,,591170.0,591182.0,0,-1.0,
base,active,,591170.0,591656.0,1 2 3,-1.0,
base,active,591182.0,591182.0,591187.0,0,38142.0,False
base,active,,591187.0,591656.0,0,-1.0,
base,active,591656.0,591656.0,591714.0,0 1 2 3 4 5 6 7,38144.0,False
base,active,,591714.0,591795.0,0 1 2 3 4 5 6 7,-1.0,
base,active,591795.0,591795.0,591900.0,0 1 2 3 4 5 6 7,38146.0,False
base,active,,591900.0,591920.0,0 1 2 3 4 5 6 7,-1.0,
base,active,,591920.0,592057.0,16 17 18 19 20 21 22 23,-1.0,
base,active,591883.0,591920.0,592088.0,0 1 2 3 4 5 6 7 8 9 10 11 12 13 14 15,38147.0,False
base,active,,591920.0,592398.0,24 25 26 27 28 29 30 31,-1.0,
base,active,592057.0,592057.0,592398.0,16 17 18 19 20 21 22 23,38149.0,False
base,active,,592088.0,592109.0,0 1 2 3 4 5 6 7 8 9 10 11 12 13 14 15,-1.0,
base,active,592109.0,592109.0,592245.0,0 1 2 3 4 5 6 7 8 9 10 11 12 13 14 15,38150.0,False
base,active,,592245.0,592398.0,0 1 2 3 4 5 6 7 8 9 10 11 12 13 14 15,-1.0,
base,active,589220.0,592398.0,592401.0,0 1 2 3 4 5 6 7 8 9 10 11 12 13 14 15 16 17 18 19 20 21 22 23 24 25 26 27 28 29 30 31,38129.0,False
base,active,589262.0,592401.0,592404.0,0 1 2 3 4 5 6 7 8 9 10 11 12 13 14 15 16 17 18 19 20 21 22 23 24 25 26 27 28 29 30 31,38130.0,False
base,active,589283.0,592404.0,592407.0,0 1 2 3 4 5 6 7 8 9 10 11 12 13 14 15 16 17 18 19 20 21 22 23 24 25 26 27 28 29 30 31,38131.0,False
base,active,591634.0,592407.0,592486.0,0 1 2 3 4 5 6 7 8 9 10 11 12 13 14 15 16 17 18 19 20 21 22 23 24 25 26 27 28 29 30 31,38143.0,False
base,active,591775.0,592486.0,592611.0,0 1 2 3 4 5 6 7 8 9 10 11 12 13 14 15 16 17 18 19 20 21 22 23 24 25 26 27 28 29 30 31,38145.0,False
base,active,592034.0,592611.0,592974.0,0 1 2 3 4 5 6 7 8 9 10 11 12 13 14 15 16 17 18 19 20 21 22 23 24 25 26 27 28 29 30 31,38148.0,False
base,switching_on,,592838.0,595538.0,32 33 34 35 36 37 38 39 40 41 42 43 44 45 46 47 48 49 50 51 52 53 54 55 56 57 58 59 60 61 62 63 64 65 66 67 68 69 70 71 72 73 74 75 76 77 78 79 80 81 82 83 84 85 86 87 88 89 90 91 92 93 94 95 96 97 98 99 100 101 102 103 104 105 106 107 108 109 110 111 112 113 114 115 116 117 118 119 120 121 122 123 124 125 126 127,-3.0,
base,active,592963.0,592974.0,592991.0,0,38155.0,False
base,active,592659.0,592974.0,593015.0,1 2 3 4 5 6 7 8,38153.0,False
base,active,592612.0,592974.0,593151.0,9 10 11 12 13 14 15 16 17 18 19 20 21 22 23 24,38151.0,False
base,active,,592974.0,593151.0,25 26 27 28 29 30 31,-1.0,
base,active,,592991.0,593151.0,0,-1.0,
base,active,,593015.0,593151.0,1 2 3 4 5 6 7 8,-1.0,
base,active,592614.0,593151.0,593237.0,0 1 2 3 4 5 6 7 8 9 10 11 12 13 14 15 16 17 18 19 20 21 22 23 24 25 26 27 28 29 30 31,38152.0,False
base,active,,593237.0,593292.0,24,-1.0,
base,active,593184.0,593237.0,593371.0,0 1 2 3 4 5 6 7,38158.0,False
base,active,593196.0,593237.0,593425.0,8 9 10 11 12 13 14 15 16 17 18 19 20 21 22 23,38159.0,False
base,active,,593237.0,593425.0,25 26 27 28 29 30 31,-1.0,
base,active,593292.0,593292.0,593312.0,24,38160.0,False
base,active,,593312.0,593425.0,24,-1.0,
base,active,,593371.0,593425.0,0 1 2 3 4 5 6 7,-1.0,
base,active,593111.0,593425.0,593630.0,0 1 2 3 4 5 6 7 8 9 10 11 12 13 14 15 16 17 18 19 20 21 22 23 24 25 26 27 28 29 30 31,38157.0,False
base,active,593488.0,593630.0,593655.0,0,38163.0,False
base,active,593440.0,593630.0,593770.0,1 2 3 4 5 6 7 8 9 10 11 12 13 14 15 16,38161.0,False
base,active,,593630.0,594796.0,17 18 19,-1.0,
base,active,,593630.0,595538.0,20 21 22 23 24 25 26 27 28 29 30 31,-1.0,
base,active,,593655.0,594004.0,0,-1.0,
base,active,,593770.0,594004.0,1 2 3 4 5 6 7 8 9 10 11 12 13 14 15,-1.0,
base,active,,593770.0,594796.0,16,-1.0,
base,active,594004.0,594004.0,594177.0,0 1 2 3 4 5 6 7 8 9 10 11 12 13 14 15,38166.0,False
base,active,,594177.0,594226.0,0 1 2 3,-1.0,
base,active,,594177.0,594308.0,4,-1.0,
base,active,,594177.0,594796.0,5 6 7 8 9 10 11 12 13 14 15,-1.0,
base,active,594226.0,594226.0,594815.0,0 1 2 3,38167.0,False
base,active,594308.0,594308.0,594314.0,4,38169.0,False
base,active,,594314.0,594796.0,4,-1.0,
base,active,594796.0,594796.0,595171.0,4 5 6 7 8 9 10 11 12 13 14 15 16 17 18 19,38174.0,False
base,active,,594815.0,595225.0,0 1 2 3,-1.0,
base,active,,595171.0,595343.0,4,-1.0,
base,active,,595171.0,595538.0,5 6 7 8 9 10 11 12 13 14 15 16 17 18 19,-1.0,
base,active,595225.0,595225.0,598654.0,0 1 2 3,38176.0,False
base,active,595343.0,595343.0,595345.0,4,38177.0,False
base,active,,595345.0,595538.0,4,-1.0,
base,active,,595538.0,596169.0,100 101 102 103 104 105 106 107 108 109 110 111 112 113 114 115,-1.0,
base,active,,595538.0,598880.0,116 117 118 119 120 121 122 123 124 125 126 127,-1.0,
base,active,595364.0,595538.0,599925.0,4 5 6 7 8 9 10 11 12 13 14 15 16 17 18 19 20 21 22 23 24 25 26 27 28 29 30 31 32 33 34 35,38178.0,False
base,active,593514.0,595538.0,600884.0,36 37 38 39 40 41 42 43 44 45 46 47 48 49 50 51 52 53 54 55 56 57 58 59 60 61 62 63 64 65 66 67 68 69 70 71 72 73 74 75 76 77 78 79 80 81 82 83 84 85 86 87 88 89 90 91 92 93 94 95 96 97 98 99,38164.0,False
base,active,596169.0,596169.0,596182.0,100 101 102 103 104 105 106 107 108 109 110 111 112 113 114 115,38185.0,False
base,active,,596182.0,596209.0,100 101 102 103 104 105 106 107 108 109 110 111 112 113 114 115,-1.0,
base,active,596209.0,596209.0,596222.0,100 101 102 103 104 105 106 107 108 109 110 111 112 113 114 115,38186.0,False
base,active,,596222.0,596455.0,100 101 102 103 104 105 106 107 108 109 110 111 112 113 114 115,-1.0,
base,active,596455.0,596455.0,596456.0,100 101 102 103 104 105 106 107 108 109 110 111 112 113 114 115,38187.0,False
base,active,,596456.0,596461.0,100 101 102 103 104 105 106 107,-1.0,
base,active,,596456.0,596630.0,108 109 110 111 112 113 114 115,-1.0,
base,active,596461.0,596461.0,596470.0,100 101 102 103 104 105 106 107,38188.0,False
base,active,,596470.0,596509.0,100 101 102 103 104 105 106 107,-1.0,
base,active,596509.0,596509.0,596519.0,100 101 102 103 104 105 106 107,38190.0,False
base,active,,596519.0,596630.0,100 101 102 103 104 105 106 107,-1.0,
base,active,596630.0,596630.0,596643.0,100 101 102 103 104 105 106 107 108 109 110 111 112 113 114 115,38191.0,False
base,active,,596643.0,596713.0,100 101 102 103 104 105 106 107 108 109 110 111 112 113 114 115,-1.0,
base,active,596713.0,596713.0,596724.0,100 101 102 103 104 105 106 107 108 109 110 111 112 113 114 115,38192.0,False
base,active,,596724.0,597149.0,100 101 102 103 104 105 106 107 108 109 110 111 112 113 114 115,-1.0,
base,active,597149.0,597149.0,597165.0,100 101 102 103 104 105 106 107 108 109 110 111 112 113 114 115,38195.0,False
base,active,,597165.0,597176.0,100 101 102 103 104 105 106 107 108 109 110 111 112 113 114 115,-1.0,
base,active,597176.0,597176.0,597178.0,100 101 102 103 104 105 106 107 108 109 110 111 112 113 114 115,38196.0,False
base,active,,597178.0,597184.0,100 101 102 103 104 105 106 107 108 109 110 111 112 113 114 115,-1.0,
base,active,597184.0,597184.0,597199.0,100 101 102 103 104 105 106 107 108 109 110 111 112 113 114 115,38197.0,False
base,active,,597199.0,597234.0,100,-1.0,
base,active,,597199.0,597582.0,101 102 103,-1.0,
base,active,,597199.0,598880.0,104 105 106 107 108 109 110 111 112 113 114 115,-1.0,
base,active,597234.0,597234.0,597253.0,100,38198.0,False
base,active,,597253.0,597582.0,100,-1.0,
base,active,597582.0,597582.0,597631.0,100 101 102 103,38203.0,False
base,active,,597631.0,598003.0,100 101 102 103,-1.0,
base,active,598003.0,598003.0,598022.0,100 101 102 103,38205.0,False
base,active,,598022.0,598880.0,100 101 102 103,-1.0,
base,active,,598654.0,598863.0,0,-1.0,
base,active,,598654.0,598880.0,1 2 3,-1.0,
base,active,598863.0,598863.0,598880.0,0,38208.0,False
base,active,598870.0,598880.0,599375.0,0 1 2 3 100 101 102 103 104 105 106 107 108 109 110 111 112 113 114 115 116 117 118 119 120 121 122 123 124 125 126 127,38209.0,False
base,active,598985.0,599375.0,599382.0,112 113 114 115 116 117 118 119 120 121 122 123 124 125 126 127,38211.0,False
base,active,598940.0,599375.0,599396.0,0 1 2 3 100 101 102 103 104 105 106 107 108 109 110 111,38210.0,False
base,active,598997.0,599382.0,599397.0,112 113 114 115 116 117 118 119 120 121 122 123 124 125 126 127,38213.0,False
base,active,,599396.0,599437.0,0,-1.0,
base,active,,599396.0,599713.0,1 2 3,-1.0,
base,active,,599396.0,599762.0,100 101 102 103 104 105 106 107 108 109 110 111,-1.0,
base,active,,599397.0,599762.0,112 113 114 115 116 117 118 119 120 121 122 123 124 125 126 127,-1.0,
base,active,599437.0,599437.0,599589.0,0,38218.0,False
base,active,,599589.0,599713.0,0,-1.0,
base,active,599713.0,599713.0,599726.0,0 1 2 3,38221.0,False
base,active,,599726.0,599762.0,0 1 2 3,-1.0,
base,active,599762.0,599762.0,599830.0,0 1 2 3 100 101 102 103 104 105 106 107 108 109 110 111 112 113 114 115 116 117 118 119 120 121 122 123 124 125 126 127,38222.0,False
base,active,,599830.0,599925.0,0 1 2 3 100 101 102 103 104 105 106 107 108 109 110 111 112 113 114 115 116 117 118 119 120 121 122 123 124 125 126 127,-1.0,
base,active,599459.0,599925.0,602716.0,0 1 2 3 4 5 6 7 8 9 10 11 12 13 14 15 16 17 18 19 20 21 22 23 24 25 26 27 28 29 30 31 32 33 34 35 100 101 102 103 104 105 106 107 108 109 110 111 112 113 114 115 116 117 118 119 120 121 122 123 124 125 126 127,38219.0,False
base,active,600373.0,600884.0,600896.0,36 37 38 39,38224.0,False
base,active,600433.0,600884.0,600899.0,40 41 42 43,38225.0,False
base,active,,600884.0,601210.0,44 45 46 47 48 49 50 51 52 53 54 55 56 57 58 59 60 61 62 63 64 65 66 67,-1.0,
base,active,,600884.0,601983.0,68 69 70 71,-1.0,
base,active,,600884.0,602011.0,72 73 74 75,-1.0,
base,active,,600884.0,602170.0,76 77,-1.0,
base,active,,600884.0,602260.0,78,-1.0,
base,active,,600884.0,604180.0,79 80 81 82 83 84 85 86 87 88 89 90 91 92 93 94 95 96,-1.0,
base,active,,600884.0,604484.0,97 98 99,-1.0,
base,active,,600896.0,601210.0,36 37 38 39,-1.0,
base,active,,600899.0,601210.0,40 41 42 43,-1.0,
base,active,601210.0,601210.0,601334.0,36 37 38 39 40 41 42 43 44 45 46 47 48 49 50 51 52 53 54 55 56 57 58 59 60 61 62 63 64 65 66 67,38232.0,False
base,active,,601334.0,601524.0,36 37 38 39,-1.0,
base,active,,601334.0,601559.0,40 41 42 43 44 45 46 47 48 49 50 51 52 53 54 55 56 57 58 59 60 61 62 63 64 65 66 67,-1.0,
base,active,601524.0,601524.0,601555.0,36 37 38 39,38233.0,False
base,active,,601555.0,601559.0,36 37 38 39,-1.0,
base,active,601559.0,601559.0,601704.0,36 37 38 39 40 41 42 43 44 45 46 47 48 49 50 51 52 53 54 55 56 57 58 59 60 61 62 63 64 65 66 67,38234.0,False
base,active,,601704.0,601847.0,36 37 38 39,-1.0,
base,active,,601704.0,601937.0,40 41 42 43 44 45 46 47 48 49 50 51 52 53 54 55 56 57 58 59 60 61 62 63 64 65 66 67,-1.0,
base,active,601847.0,601847.0,601903.0,36 37 38 39,38236.0,False
base,active,,601903.0,601937.0,36 37 38 39,-1.0,
base,active,601937.0,601937.0,602395.0,36 37 38 39 40 41 42 43 44 45 46 47 48 49 50 51 52 53 54 55 56 57 58 59 60 61 62 63 64 65 66 67,38237.0,False
base,active,601983.0,601983.0,602018.0,68 69 70 71,38238.0,False
base,active,602011.0,602011.0,602045.0,72 73 74 75,38239.0,False
base,active,,602018.0,602047.0,68,-1.0,
base,active,,602018.0,602070.0,69 70 71,-1.0,
base,active,,602045.0,602070.0,72,-1.0,
base,active,,602045.0,602147.0,73 74 75,-1.0,
base,active,602047.0,602047.0,602109.0,68,38240.0,False
base,active,602070.0,602070.0,602116.0,69 70 71 72,38242.0,False
base,active,,602109.0,602120.0,68,-1.0,
base,active,,602116.0,602135.0,69 70 71 72,-1.0,
base,active,602120.0,602120.0,602142.0,68,38243.0,False
base,active,602135.0,602135.0,602181.0,69 70 71 72,38244.0,False
base,active,,602142.0,602147.0,68,-1.0,
base,active,602147.0,602147.0,603772.0,68 73 74 75,38245.0,False
base,active,602170.0,602170.0,603775.0,76 77,38247.0,False
base,active,,602181.0,602236.0,69 70 71 72,-1.0,
base,active,602236.0,602236.0,602317.0,69 70 71 72,38248.0,False
base,active,602260.0,602260.0,602304.0,78,38250.0,False
base,active,,602304.0,604180.0,78,-1.0,
base,active,,602317.0,602598.0,69 70 71 72,-1.0,
base,active,602264.0,602395.0,602615.0,36 37 38 39 40 41 42 43 44 45 46 47 48 49 50 51 52 53 54 55 56 57 58 59 60 61 62 63 64 65 66 67,38251.0,False
base,active,602598.0,602598.0,602612.0,69 70 71 72,38255.0,False
base,active,,602612.0,602688.0,69 70 71 72,-1.0,
base,active,602397.0,602615.0,604856.0,36 37 38 39 40 41 42 43 44 45 46 47 48 49 50 51 52 53 54 55 56 57 58 59 60 61 62 63 64 65 66 67,38252.0,False
base,active,602688.0,602688.0,602734.0,69 70 71 72,38256.0,False
base,active,602549.0,602716.0,602748.0,0 1 2 3 4 5 6 7 8 9 10 11 12 13 14 15 16 17 18 19 20 21 22 23 24 25 26 27 28 29 30 31,38254.0,False
base,active,,602716.0,603298.0,32 33 34 35,-1.0,
base,active,,602716.0,605783.0,100 101 102 103 104 105 106,-1.0,
base,active,,602716.0,605886.0,107 108 109 110,-1.0,
base,active,,602716.0,606316.0,111 112 113 114 115 116 117 118 119 120 121 122 123 124 125 126 127,-1.0,
base,active,,602734.0,604180.0,69 70 71 72,-1.0,
base,active,,602748.0,602826.0,0 1 2 3,-1.0,
base,active,,602748.0,602988.0,4,-1.0,
base,active,,602748.0,603143.0,5 6 7 8 9 10 11 12 13 14 15 16 17 18 19 20 21 22 23 24 25 26 27 28 29 30 31,-1.0,
base,active,602826.0,602826.0,603101.0,0 1 2 3,38257.0,False
base,active,602988.0,602988.0,603022.0,4,38259.0,False
base,active,,603022.0,603143.0,4,-1.0,
base,active,,603101.0,603143.0,0 1 2 3,-1.0,
base,active,603143.0,603143.0,603154.0,0 1 2 3 4 5 6 7 8 9 10 11 12 13 14 15 16 17 18 19 20 21 22 23 24 25 26 27 28 29 30 31,38260.0,False
base,active,,603154.0,603168.0,0 1 2 3,-1.0,
base,active,,603154.0,603235.0,4 5 6 7,-1.0,
base,active,,603154.0,603298.0,8 9 10 11 12 13 14 15 16 17 18 19 20 21 22 23 24 25 26 27 28 29 30 31,-1.0,
base,active,603168.0,603168.0,603477.0,0 1 2 3,38261.0,False
base,active,603235.0,603235.0,603294.0,4 5 6 7,38262.0,False
base,active,,603294.0,603298.0,4 5 6 7,-1.0,
base,active,603298.0,603298.0,603313.0,4 5 6 7 8 9 10 11 12 13 14 15 16 17 18 19 20 21 22 23 24 25 26 27 28 29 30 31 32 33 34 35,38263.0,False
base,active,,603313.0,603349.0,4 5 6 7,-1.0,
base,active,,603313.0,603386.0,8,-1.0,
base,active,,603313.0,603467.0,9 10 11 12 13 14 15 16 17 18 19 20 21 22 23 24 25 26 27 28 29 30 31 32 33 34 35,-1.0,
base,active,603349.0,603349.0,603393.0,4 5 6 7,38264.0,False
base,active,603386.0,603386.0,603406.0,8,38266.0,False
base,active,,603393.0,603467.0,4 5 6 7,-1.0,
base,active,,603406.0,603467.0,8,-1.0,
base,active,603467.0,603467.0,612348.0,4 5 6 7 8 9 10 11 12 13 14 15 16 17 18 19 20 21 22 23 24 25 26 27 28 29 30 31 32 33 34 35,38267.0,False
base,active,,603477.0,603617.0,0,-1.0,
base,active,,603477.0,603696.0,1 2 3,-1.0,
base,active,603617.0,603617.0,603657.0,0,38268.0,False
base,active,,603657.0,603696.0,0,-1.0,
base,active,603696.0,603696.0,603744.0,0 1 2 3,38269.0,False
base,active,,603744.0,603838.0,0,-1.0,
base,active,,603744.0,604180.0,1 2 3,-1.0,
base,active,,603772.0,604180.0,68 73 74 75,-1.0,
base,active,,603775.0,604180.0,76 77,-1.0,
base,active,603838.0,603838.0,603864.0,0,38272.0,False
base,active,,603864.0,604142.0,0,-1.0,
base,active,604142.0,604142.0,604241.0,0,38276.0,False
base,active,604180.0,604180.0,604352.0,1 2 3 68 69 70 71 72 73 74 75 76 77 78 79 80 81 82 83 84 85 86 87 88 89 90 91 92 93 94 95 96,38277.0,False
base,active,,604241.0,604367.0,0,-1.0,
base,active,,604352.0,604441.0,1 2 3 68,-1.0,
base,active,,604352.0,604643.0,69 70 71,-1.0,
base,active,,604352.0,604692.0,72,-1.0,
base,active,,604352.0,605783.0,73 74 75 76 77 78 79 80 81 82 83 84 85 86 87 88 89 90 91 92 93 94 95 96,-1.0,
base,active,604367.0,604367.0,604408.0,0,38278.0,False
base,active,,604408.0,604441.0,0,-1.0,
base,active,604441.0,604441.0,604467.0,1 2 3 68,38280.0,False
base,active,604441.0,604441.0,604609.0,0,38279.0,False
base,active,,604467.0,604643.0,1 2 3 68,-1.0,
base,switching_off,,604484.0,606284.0,97 98 99,-2.0,
base,active,,604609.0,604643.0,0,-1.0,
base,active,604643.0,604643.0,605252.0,0 1 2 3 68 69 70 71,38282.0,False
base,active,604692.0,604692.0,604717.0,72,38283.0,False
base,active,,604717.0,605783.0,72,-1.0,
base,active,,604856.0,605244.0,36 37 38 39 40 41 42 43 44 45 46 47 48 49 50 51 52 53 54 55 56 57 58 59 60 61 62 63 64 65 66 67,-1.0,
base,active,605244.0,605244.0,608269.0,36 37 38 39 40 41 42 43 44 45 46 47 48 49 50 51 52 53 54 55 56 57 58 59 60 61 62 63 64 65 66 67,38285.0,False
base,active,,605252.0,605302.0,0 1 2 3 68 69 70 71,-1.0,
base,active,605302.0,605302.0,605974.0,0 1 2 3 68 69 70 71,38286.0,False
base,active,605783.0,605783.0,605972.0,72 73 74 75 76 77 78 79 80 81 82 83 84 85 86 87 88 89 90 91 92 93 94 95 96 100 101 102 103 104 105 106,38292.0,False
base,active,605886.0,605886.0,605904.0,107 108 109 110,38293.0,False
base,active,,605904.0,605938.0,107 108 109 110,-1.0,
base,active,605938.0,605938.0,605964.0,107 108 109 110,38294.0,False
base,active,,605964.0,610964.0,107 108 109 110,-1.0,
base,active,,605972.0,606110.0,72 73 74 75,-1.0,
base,active,,605972.0,606833.0,76 77 78 79 80 81 82 83 84 85 86 87,-1.0,
base,active,,605972.0,607807.0,88 89 90 91 92 93 94 95,-1.0,
base,active,,605972.0,610910.0,96 100 101 102,-1.0,
base,active,,605972.0,610964.0,103 104 105 106,-1.0,
base,active,,605974.0,605987.0,0 1 2 3,-1.0,
base,active,,605974.0,606110.0,68 69 70 71,-1.0,
base,active,605987.0,605987.0,606011.0,0 1 2 3,38295.0,False
base,active,,606011.0,606074.0,0 1 2 3,-1.0,
base,active,606074.0,606074.0,606126.0,0 1 2 3,38296.0,False
base,active,606110.0,606110.0,606377.0,68 69 70 71 72 73 74 75,38298.0,False
base,active,,606126.0,606167.0,0 1 2 3,-1.0,
base,active,606167.0,606167.0,606209.0,0 1 2 3,38299.0,False
base,active,,606209.0,606245.0,0 1 2 3,-1.0,
base,active,606245.0,606245.0,606257.0,0 1 2 3,38300.0,False
base,active,,606257.0,606425.0,0 1 2 3,-1.0,
base,sleeping,,606284.0,609648.0,97 98 99,-4.0,
base,switching_off,,606316.0,608116.0,111 112 113 114 115 116 117 118 119 120 121 122 123 124 125 126 127,-2.0,
base,active,,606377.0,606425.0,68 69 70 71,-1.0,
base,active,,606377.0,606540.0,72 73 74 75,-1.0,
base,active,606425.0,606425.0,607028.0,0 1 2 3 68 69 70 71,38301.0,False
base,active,606540.0,606540.0,606556.0,72 73 74 75,38303.0,False
base,active,,606556.0,606833.0,72 73 74 75,-1.0,
base,active,606833.0,606833.0,606893.0,72 73 74 75 76 77 78 79 80 81 82 83 84 85 86 87,38304.0,False
base,active,,606893.0,607061.0,72 73 74 75 76 77 78 79,-1.0,
base,active,,606893.0,607111.0,80 81 82 83 84 85 86 87,-1.0,
base,active,,607028.0,607061.0,0 1 2 3 68 69 70 71,-1.0,
base,active,607061.0,607061.0,607320.0,0 1 2 3 68 69 70 71 72 73 74 75 76 77 78 79,38309.0,False
base,active,607111.0,607111.0,607727.0,80 81 82 83 84 85 86 87,38310.0,False
base,active,,607320.0,607807.0,0 1 2 3 68 69 70 71 72 73 74 75 76 77 78 79,-1.0,
base,active,,607727.0,607807.0,80 81 82 83 84 85 86 87,-1.0,
base,active,607807.0,607807.0,607952.0,0 1 2 3 68 69 70 71 72 73 74 75 76 77 78 79 80 81 82 83 84 85 86 87 88 89 90 91 92 93 94 95,38313.0,False
base,active,,607952.0,608011.0,0 1 2 3 68 69 70 71 72 73 74 75 76 77 78 79 80 81 82 83 84 85 86 87 88 89 90 91 92 93 94 95,-1.0,
base,active,608011.0,608011.0,608147.0,0 1 2 3 68 69 70 71 72 73 74 75 76 77 78 79 80 81 82 83 84 85 86 87 88 89 90 91 92 93 94 95,38314.0,False
base,sleeping,,608116.0,609648.0,111 112 113 114 115 116 117 118 119 120 121 122 123 124 125 126 127,-4.0,
base,active,,608147.0,608285.0,0 1 2 3,-1.0,
base,active,,608147.0,609334.0,68,-1.0,
base,active,,608147.0,610910.0,69 70 71 72 73 74 75 76 77 78 79 80 81 82 83 84 85 86 87 88 89 90 91 92 93 94 95,-1.0,
base,active,,608269.0,608285.0,36 37 38 39 40 41 42 43 44 45 46 47 48 49 50 51 52 53 54 55 56 57 58 59 60 61 62 63,-1.0,
base,active,,608269.0,609332.0,64 65 66 67,-1.0,
base,active,608285.0,608285.0,608424.0,0 1 2 3 36 37 38 39 40 41 42 43 44 45 46 47 48 49 50 51 52 53 54 55 56 57 58 59 60 61 62 63,38316.0,False
base,active,,608424.0,608440.0,0 1 2 3 36 37 38 39 40 41 42 43 44 45 46 47 48 49 50 51 52 53 54 55 56 57 58 59 60 61 62 63,-1.0,
base,active,608440.0,608440.0,608582.0,0 1 2 3 36 37 38 39 40 41 42 43 44 45 46 47 48 49 50 51 52 53 54 55 56 57 58 59 60 61 62 63,38317.0,False
base,active,,608582.0,608844.0,0 1 2 3 36 37 38 39 40 41 42 43 44 45 46 47 48 49 50 51 52 53 54 55 56 57 58 59 60 61 62 63,-1.0,
base,active,608844.0,608844.0,608979.0,0 1 2 3 36 37 38 39 40 41 42 43 44 45 46 47 48 49 50 51 52 53 54 55 56 57 58 59 60 61 62 63,38323.0,False
base,active,,608979.0,608999.0,0 1 2 3 36 37 38 39 40 41 42 43 44 45 46 47 48 49 50 51 52 53 54 55 56 57 58 59 60 61 62 63,-1.0,
base,active,608999.0,608999.0,609132.0,0 1 2 3 36 37 38 39 40 41 42 43 44 45 46 47 48 49 50 51 52 53 54 55 56 57 58 59 60 61 62 63,38324.0,False
base,active,,609132.0,609215.0,0 1 2 3,-1.0,
base,active,,609132.0,609332.0,36 37 38 39 40 41 42 43 44 45 46 47 48 49 50 51 52 53 54 55 56 57 58 59 60 61 62 63,-1.0,
base,active,609215.0,609215.0,609512.0,0 1 2 3,38326.0,False
base,active,609332.0,609332.0,612347.0,36 37 38 39 40 41 42 43 44 45 46 47 48 49 50 51 52 53 54 55 56 57 58 59 60 61 62 63 64 65 66 67,38327.0,False
base,active,609334.0,609334.0,609350.0,68,38328.0,False
base,active,,609350.0,610910.0,68,-1.0,
base,active,,609512.0,609533.0,0 1 2 3,-1.0,
base,active,609533.0,609533.0,609830.0,0 1 2 3,38329.0,False
base,switching_on,,609648.0,612348.0,97 98 99 111 112 113 114 115 116 117 118 119 120 121 122 123 124 125 126 127,-3.0,
base,active,,609830.0,609904.0,0 1 2 3,-1.0,
base,active,609904.0,609904.0,610210.0,0 1 2 3,38331.0,False
base,active,,610210.0,610286.0,0 1 2 3,-1.0,
base,active,610286.0,610286.0,610556.0,0 1 2 3,38336.0,False
base,active,,610556.0,610767.0,0 1,-1.0,
base,active,,610556.0,610888.0,2 3,-1.0,
base,active,610767.0,610767.0,610864.0,0 1,38338.0,False
base,active,,610864.0,610888.0,0 1,-1.0,
base,active,610888.0,610888.0,610986.0,0 1 2 3,38339.0,False
base,active,610910.0,610910.0,610949.0,68 69 70 71 72 73 74 75 76 77 78 79 80 81 82 83 84 85 86 87 88 89 90 91 92 93 94 95 96 100 101 102,38340.0,False
base,active,,610949.0,610964.0,68 69 70 71 72 73 74 75 76 77 78 79 80 81 82 83 84 85 86 87 88 89 90 91 92 93 94 95 96 100 101 102,-1.0,
base,switching_off,,610964.0,612764.0,103 104 105 106 107 108 109 110,-2.0,
base,active,610964.0,610964.0,616781.0,68 69 70 71 72 73 74 75 76 77 78 79 80 81 82 83 84 85 86 87 88 89 90 91 92 93 94 95 96 100 101 102,38342.0,False
base,active,610982.0,610986.0,611046.0,0 1 2 3,38343.0,False
base,active,,611046.0,611118.0,0 1 2 3,-1.0,
base,active,611118.0,611118.0,611161.0,0 1 2 3,38346.0,False
base,active,,611161.0,611295.0,0 1 2 3,-1.0,
base,active,611295.0,611295.0,612960.0,0 1 2 3,38347.0,False
base,active,,612347.0,612355.0,66 67,-1.0,
base,active,611711.0,612347.0,612365.0,38 39 40 41,38352.0,False
base,active,612151.0,612347.0,612392.0,46 47 48 49,38359.0,False
base,active,611839.0,612347.0,612395.0,42 43 44 45,38355.0,False
base,active,611000.0,612347.0,612419.0,58 59 60 61 62 63 64 65,38345.0,False
base,active,611322.0,612347.0,613988.0,36 37,38348.0,False
base,active,610994.0,612347.0,618141.0,50 51 52 53 54 55 56 57,38344.0,False
base,active,,612348.0,612355.0,20 21 22 23 24 25 26 27 28 29 30 31 32 33 34 35 97 98 99 111 112 113 114 115 116 117 118 119 120 121,-1.0,
base,active,611496.0,612348.0,612418.0,12 13 14 15 16 17 18 19,38351.0,False
base,active,611383.0,612348.0,612438.0,4 5 6 7 8 9 10 11,38349.0,False
base,active,,612348.0,613277.0,122 123 124 125,-1.0,
base,active,,612348.0,618141.0,126 127,-1.0,
base,active,612355.0,612355.0,612597.0,20 21 22 23 24 25 26 27 28 29 30 31 32 33 34 35 66 67 97 98 99 111 112 113 114 115 116 117 118 119 120 121,38360.0,False
base,active,,612365.0,612839.0,38 39 40 41,-1.0,
base,active,,612392.0,613128.0,46 47 48 49,-1.0,
base,active,,612395.0,612839.0,42 43 44 45,-1.0,
base,active,,612418.0,612599.0,12 13 14 15 16 17 18 19,-1.0,
base,active,,612419.0,613128.0,58 59 60 61 62 63 64 65,-1.0,
base,active,,612438.0,612599.0,4 5 6 7 8 9 10 11,-1.0,
base,active,,612597.0,612599.0,20 21 22 23 24 25 26 27 28 29 30 31 32 33 34 35,-1.0,
base,active,,612597.0,613128.0,66 67 97 98 99 111 112 113 114 115 116 117 118 119 120 121,-1.0,
base,active,612599.0,612599.0,612768.0,4 5 6 7 8 9 10 11 12 13 14 15 16 17 18 19 20 21 22 23 24 25 26 27 28 29 30 31 32 33 34 35,38362.0,False
base,sleeping,,612764.0,615441.0,103 104 105 106 107 108 109 110,-4.0,
base,active,,612768.0,612769.0,4 5 6 7 8 9 10 11 12 13 14 15 16 17 18 19 20 21 22 23 24 25 26 27 28 29 30 31 32 33 34 35,-1.0,
base,active,612769.0,612769.0,613007.0,4 5 6 7 8 9 10 11 12 13 14 15 16 17 18 19 20 21 22 23 24 25 26 27 28 29 30 31 32 33 34 35,38363.0,False
base,active,612839.0,612839.0,613416.0,38 39 40 41 42 43 44 45,38364.0,False
base,active,,612960.0,613012.0,0 1 2 3,-1.0,
base,active,,613007.0,613012.0,4 5 6 7 8 9 10 11 12 13 14 15 16 17 18 19 20 21 22 23 24 25 26 27 28 29 30 31,-1.0,
base,active,,613007.0,613128.0,32 33 34 35,-1.0,
base,active,613012.0,613012.0,613213.0,0 1 2 3 4 5 6 7 8 9 10 11 12 13 14 15 16 17 18 19 20 21 22 23 24 25 26 27 28 29 30 31,38365.0,False
base,active,613128.0,613128.0,613164.0,32 33 34 35 46 47 48 49 58 59 60 61 62 63 64 65 66 67 97 98 99 111 112 113 114 115 116 117 118 119 120 121,38367.0,False
base,active,,613164.0,613189.0,32 33 34 35 46 47 48 49 58 59 60 61 62 63 64 65 66 67 97 98 99 111 112 113 114 115 116 117 118 119 120 121,-1.0,
base,active,613189.0,613189.0,613190.0,32 33 34 35 46 47 48 49 58 59 60 61 62 63 64 65 66 67 97 98 99 111 112 113 114 115 116 117 118 119 120 121,38368.0,False
base,active,,613190.0,613245.0,32 33 34 35 46 47 48 49 58 59 60 61 62 63 64 65 66 67 97 98 99 111 112 113 114 115 116 117 118 119 120 121,-1.0,
base,active,,613213.0,613216.0,0 1 2 3 4 5 6 7 8 9 10 11 12 13 14 15 16 17 18 19 20 21 22 23 24 25 26 27 28 29 30 31,-1.0,
base,active,613216.0,613216.0,613509.0,0 1 2 3 4 5 6 7 8 9 10 11 12 13 14 15 16 17 18 19 20 21 22 23 24 25 26 27 28 29 30 31,38369.0,False
base,active,613245.0,613245.0,613282.0,32 33 34 35 46 47 48 49 58 59 60 61 62 63 64 65 66 67 97 98 99 111 112 113 114 115 116 117 118 119 120 121,38370.0,False
base,active,613277.0,613277.0,614935.0,122 123 124 125,38371.0,False
base,active,,613282.0,613298.0,32 33,-1.0,
base,active,,613282.0,616611.0,34 35,-1.0,
base,active,,613282.0,618141.0,46 47 48 49 58 59 60 61 62 63 64 65 66 67 97 98 99 111 112 113 114 115 116 117 118 119 120 121,-1.0,
base,active,613298.0,613298.0,614938.0,32 33,38372.0,False
base,active,,613416.0,617368.0,38 39 40 41 42 43 44 45,-1.0,
base,active,,613509.0,613510.0,0 1 2 3 4 5 6 7 8 9 10 11 12 13 14 15 16 17 18 19 20 21 22 23 24 25 26 27 28 29 30 31,-1.0,
base,active,613510.0,613510.0,613718.0,0 1 2 3 4 5 6 7 8 9 10 11 12 13 14 15 16 17 18 19 20 21 22 23 24 25 26 27 28 29 30 31,38374.0,False
base,active,,613718.0,613722.0,0 1 2 3 4 5 6 7 8 9 10 11 12 13 14 15 16 17 18 19 20 21 22 23 24 25 26 27 28 29 30 31,-1.0,
base,active,613722.0,613722.0,613892.0,0 1 2 3 4 5 6 7 8 9 10 11 12 13 14 15 16 17 18 19 20 21 22 23 24 25 26 27 28 29 30 31,38378.0,False
base,active,,613892.0,613894.0,0 1 2 3 4 5 6 7 8 9 10 11 12 13 14 15 16 17 18 19 20 21 22 23 24 25 26 27 28 29 30 31,-1.0,
base,active,613894.0,613894.0,614046.0,0 1 2 3 4 5 6 7 8 9 10 11 12 13 14 15 16 17 18 19 20 21 22 23 24 25 26 27 28 29 30 31,38380.0,False
base,active,,613988.0,616649.0,36 37,-1.0,
base,active,,614046.0,614047.0,0 1 2 3 4 5 6 7 8 9 10 11 12 13 14 15 16 17 18 19 20 21 22 23 24 25 26 27 28 29 30 31,-1.0,
base,active,614047.0,614047.0,614231.0,0 1 2 3 4 5 6 7 8 9 10 11 12 13 14 15 16 17 18 19 20 21 22 23 24 25 26 27 28 29 30 31,38381.0,False
base,active,,614231.0,614233.0,0 1 2 3 4 5 6 7 8 9 10 11 12 13 14 15 16 17 18 19 20 21 22 23 24 25 26 27 28 29 30 31,-1.0,
base,active,614233.0,614233.0,614414.0,0 1 2 3 4 5 6 7 8 9 10 11 12 13 14 15 16 17 18 19 20 21 22 23 24 25 26 27 28 29 30 31,38382.0,False
base,active,,614414.0,614417.0,0 1 2 3 4 5 6 7 8 9 10 11 12 13 14 15 16 17 18 19 20 21 22 23 24 25 26 27 28 29 30 31,-1.0,
base,active,614417.0,614417.0,614472.0,0 1 2 3 4 5 6 7 8 9 10 11 12 13 14 15 16 17 18 19 20 21 22 23 24 25 26 27 28 29 30 31,38384.0,False
base,active,,614472.0,614657.0,0 1 2 3 4 5 6 7,-1.0,
base,active,,614472.0,615050.0,8 9 10 11,-1.0,
base,active,,614472.0,616525.0,12 13 14 15 16 17 18 19 20 21 22 23 24 25 26 27 28 29 30 31,-1.0,
base,active,614657.0,614657.0,614710.0,0 1 2 3 4 5 6 7,38385.0,False
base,active,,614710.0,614858.0,0 1 2 3 4 5 6 7,-1.0,
base,active,614858.0,614858.0,616001.0,0 1 2 3 4 5 6 7,38387.0,False
base,active,,614935.0,618141.0,122 123 124 125,-1.0,
base,active,,614938.0,616611.0,32 33,-1.0,
base,active,615050.0,615050.0,615108.0,8 9 10 11,38388.0,False
base,active,,615108.0,616525.0,8 9 10 11,-1.0,
base,switching_on,,615441.0,618141.0,103 104 105 106 107 108 109 110,-3.0,
base,active,,616001.0,616343.0,0,-1.0,
base,active,,616001.0,616525.0,1 2 3 4 5 6 7,-1.0,
base,active,616343.0,616343.0,616430.0,0,38394.0,False
base,active,,616430.0,616525.0,0,-1.0,
base,active,616525.0,616525.0,617915.0,0 1 2 3 4 5 6 7 8 9 10 11 12 13 14 15 16 17 18 19 20 21 22 23 24 25 26 27 28 29 30 31,38395.0,False
base,active,616611.0,616611.0,617915.0,32 33 34 35,38397.0,False
base,active,616649.0,616649.0,617915.0,36 37,38398.0,False
base,active,,616781.0,618141.0,68 69 70 71 72 73 74 75 76 77 78 79 80 81 82 83 84 85 86 87 88 89 90 91 92 93 94 95 96 100 101 102,-1.0,
base,active,617368.0,617368.0,617415.0,38 39 40 41 42 43 44 45,38404.0,False
base,active,,617415.0,617615.0,38 39 40 41 42 43 44 45,-1.0,
base,active,617615.0,617615.0,617661.0,38 39 40 41 42 43 44 45,38405.0,False
base,active,,617661.0,617909.0,38 39 40 41 42 43 44 45,-1.0,
base,active,617909.0,617909.0,617915.0,38 39 40 41 42 43 44 45,38407.0,False
base,active,,617915.0,618141.0,0 1 2 3 4 5 6 7 8 9 10 11 12 13 14 15 16 17 18 19 20 21 22 23 24 25 26 27 28 29 30 31 32 33 34 35 36 37 38 39 40 41 42 43 44 45,-1.0,
base,active,592838.0,618141.0,618241.0,0 1 2 3 4 5 6 7 8 9 10 11 12 13 14 15 16 17 18 19 20 21 22 23 24 25 26 27 28 29 30 31 32 33 34 35 36 37 38 39 40 41 42 43 44 45 46 47 48 49 50 51 52 53 54 55 56 57 58 59 60 61 62 63 64 65 66 67 68 69 70 71 72 73 74 75 76 77 78 79 80 81 82 83 84 85 86 87 88 89 90 91 92 93 94 95 96 97 98 99 100 101 102 103 104 105 106 107 108 109 110 111 112 113 114 115 116 117 118 119 120 121 122 123 124 125 126 127,38154.0,False
base,active,,618241.0,618525.0,0 1 2 3,-1.0,
base,active,,618241.0,618538.0,4 5 6 7 8 9 10 11 12 13 14 15 16 17 18 19 20 21 22 23 24 25 26 27 28 29 30 31 32 33 34 35,-1.0,
base,active,,618241.0,618546.0,36 37 38 39 40 41 42 43,-1.0,
base,active,,618241.0,618766.0,44 45 46 47 48 49 50 51 52 53 54 55 56 57 58 59 60 61 62 63,-1.0,
base,active,,618241.0,618798.0,64 65 66 67 68 69 70 71,-1.0,
base,active,,618241.0,618799.0,72 73 74 75 76 77 78 79,-1.0,
base,active,,618241.0,618854.0,80 81 82 83,-1.0,
base,active,,618241.0,618862.0,84 85 86 87,-1.0,
base,active,,618241.0,619203.0,88 89 90 91 92 93 94 95 96 97 98 99 100 101 102 103 104 105 106 107 108 109 110 111,-1.0,
base,active,,618241.0,620792.0,112 113 114 115 116 117 118 119 120 121,-1.0,
base,active,,618241.0,621841.0,122 123 124 125 126 127,-1.0,
base,active,618525.0,618525.0,618598.0,0 1 2 3,38408.0,False
base,active,618538.0,618538.0,619440.0,4 5 6 7 8 9 10 11 12 13 14 15 16 17 18 19 20 21 22 23 24 25 26 27 28 29 30 31 32 33 34 35,38409.0,False
base,active,618546.0,618546.0,618658.0,36 37 38 39 40 41 42 43,38410.0,False
base,active,,618598.0,618766.0,0 1 2 3,-1.0,
base,active,,618658.0,618766.0,36 37 38 39 40 41 42 43,-1.0,
base,active,618766.0,618766.0,625640.0,0 1 2 3 36 37 38 39 40 41 42 43 44 45 46 47 48 49 50 51 52 53 54 55 56 57 58 59 60 61 62 63,38411.0,False
base,active,618798.0,618798.0,618931.0,64 65 66 67 68 69 70 71,38412.0,False
base,active,618799.0,618799.0,625641.0,72 73 74 75 76 77 78 79,38413.0,False
base,active,618854.0,618854.0,618910.0,80 81 82 83,38415.0,False
base,active,618862.0,618862.0,618985.0,84 85 86 87,38416.0,False
base,active,,618910.0,619106.0,80,-1.0,
base,active,,618910.0,619128.0,81 82 83,-1.0,
base,active,,618931.0,618963.0,64 65 66 67 68 69 70 71,-1.0,
base,active,618963.0,618963.0,619996.0,64 65 66 67 68 69 70 71,38417.0,False
base,active,,618985.0,619128.0,84,-1.0,
base,active,,618985.0,619203.0,85 86 87,-1.0,
base,active,619106.0,619106.0,619130.0,80,38418.0,False
base,active,619128.0,619128.0,619202.0,81 82 83 84,38419.0,False
base,active,,619130.0,619136.0,80,-1.0,
base,active,619136.0,619136.0,619149.0,80,38420.0,False
base,active,,619149.0,619203.0,80,-1.0,
base,active,,619202.0,619203.0,81 82 83 84,-1.0,
base,active,619203.0,619203.0,619438.0,80 81 82 83 84 85 86 87 88 89 90 91 92 93 94 95 96 97 98 99 100 101 102 103 104 105 106 107 108 109 110 111,38421.0,False
base,active,,619438.0,619800.0,80,-1.0,
base,active,,619438.0,620642.0,81 82 83 84 85 86,-1.0,
base,active,,619438.0,620713.0,87 88 89,-1.0,
base,active,,619438.0,620792.0,90 91 92 93 94 95 96 97 98 99 100 101 102 103 104 105 106 107 108 109 110 111,-1.0,
base,active,,619440.0,619644.0,4 5 6 7,-1.0,
base,active,,619440.0,619688.0,8,-1.0,
base,active,,619440.0,619735.0,9 10 11 12 13 14 15 16 17 18 19 20 21 22 23 24 25 26 27 28 29 30 31 32 33 34 35,-1.0,
base,active,619644.0,619644.0,619712.0,4 5 6 7,38424.0,False
base,active,619688.0,619688.0,619722.0,8,38425.0,False
base,active,,619712.0,619735.0,4 5 6 7,-1.0,
base,active,,619722.0,619735.0,8,-1.0,
base,active,619735.0,619735.0,620046.0,4 5 6 7 8 9 10 11 12 13 14 15 16 17 18 19 20 21 22 23 24 25 26 27 28 29 30 31 32 33 34 35,38426.0,False
base,active,619800.0,619800.0,620662.0,80,38428.0,False
base,active,,619996.0,620003.0,64 65 66 67,-1.0,
base,active,,619996.0,620027.0,68 69,-1.0,
base,active,,619996.0,620642.0,70 71,-1.0,
base,active,620003.0,620003.0,625853.0,64 65 66 67,38432.0,False
base,active,620027.0,620027.0,625853.0,68 69,38434.0,False
base,active,,620046.0,620362.0,4 5 6 7,-1.0,
base,active,,620046.0,620521.0,8 9 10 11,-1.0,
base,active,,620046.0,620642.0,12 13 14 15 16 17 18 19 20 21 22 23 24 25 26 27 28 29 30 31 32 33 34 35,-1.0,
base,active,620362.0,620362.0,620406.0,4 5 6 7,38436.0,False
base,active,,620406.0,620521.0,4 5 6 7,-1.0,
base,active,620521.0,620521.0,621327.0,4 5 6 7 8 9 10 11,38437.0,False
base,active,620642.0,620642.0,622923.0,12 13 14 15 16 17 18 19 20 21 22 23 24 25 26 27 28 29 30 31 32 33 34 35 70 71 81 82 83 84 85 86,38439.0,False
base,active,,620662.0,620713.0,80,-1.0,
base,active,620713.0,620713.0,620803.0,80 87 88 89,38440.0,False
base,active,620792.0,620792.0,621702.0,90 91 92 93 94 95 96 97 98 99 100 101 102 103 104 105 106 107 108 109 110 111 112 113 114 115 116 117 118 119 120 121,38441.0,False
base,active,,620803.0,622113.0,80,-1.0,
base,active,,620803.0,622544.0,87 88 89,-1.0,
base,active,,621327.0,621744.0,4 5 6 7 8 9 10 11,-1.0,
base,active,,621702.0,622544.0,90 91 92 93 94 95 96 97 98 99 100 101 102 103 104 105 106 107 108 109 110 111 112 113 114 115 116 117 118,-1.0,
base,active,,621702.0,622641.0,119 120 121,-1.0,
base,active,621744.0,621744.0,622065.0,4 5 6 7 8 9 10 11,38447.0,False
base,switching_off,,621841.0,623641.0,122 123 124 125 126 127,-2.0,
base,active,,622065.0,622068.0,4,-1.0,
base,active,,622065.0,622113.0,5 6 7 8 9 10 11,-1.0,
base,active,622068.0,622068.0,622624.0,4,38449.0,False
base,active,622113.0,622113.0,631241.0,5 6 7 8 9 10 11 80,38450.0,False
base,active,622544.0,622544.0,622789.0,87 88 89 90 91 92 93 94 95 96 97 98 99 100 101 102 103 104 105 106 107 108 109 110 111 112 113 114 115 116 117 118,38452.0,False
base,active,,622624.0,622641.0,4,-1.0,
base,active,622641.0,622641.0,622787.0,4 119 120 121,38453.0,False
base,active,,622787.0,622849.0,4,-1.0,
base,active,,622787.0,626387.0,119 120 121,-1.0,
base,active,,622789.0,622849.0,87 88 89,-1.0,
base,active,,622789.0,622994.0,90 91 92 93 94 95 96 97 98 99 100 101,-1.0,
base,active,,622789.0,623002.0,102 103 104 105,-1.0,
base,active,,622789.0,625147.0,106 107 108 109 110 111 112 113 114 115 116 117 118,-1.0,
base,active,622849.0,622849.0,622896.0,4 87 88 89,38456.0,False
base,active,,622896.0,622932.0,4,-1.0,
base,active,,622896.0,622994.0,87 88 89,-1.0,
base,active,,622923.0,622932.0,12 13 14 15 16 17 18 19 20 21 22 23 24 25 26 27 28 29 30 31 32 33 34 35 70 71 81 82 83 84 85,-1.0,
base,active,,622923.0,622994.0,86,-1.0,
base,active,622932.0,622932.0,623115.0,4 12 13 14 15 16 17 18 19 20 21 22 23 24 25 26 27 28 29 30 31 32 33 34 35 70 71 81 82 83 84 85,38458.0,False
base,active,622994.0,622994.0,623079.0,86 87 88 89 90 91 92 93 94 95 96 97 98 99 100 101,38460.0,False
base,active,623002.0,623002.0,623115.0,102 103 104 105,38461.0,False
base,active,,623079.0,623273.0,86 87 88 89 90 91 92 93,-1.0,
base,active,,623079.0,625147.0,94 95 96 97 98 99 100 101,-1.0,
base,active,,623115.0,623170.0,4 12 13 14,-1.0,
base,active,,623115.0,623264.0,15 16 17 18,-1.0,
base,active,,623115.0,623273.0,19 20 21 22 23 24 25 26 27 28 29 30 31 32 33 34 35 70 71 81 82 83 84 85,-1.0,
base,active,,623115.0,625147.0,102 103 104 105,-1.0,
base,active,623170.0,623170.0,623225.0,4 12 13 14,38463.0,False
base,active,,623225.0,623264.0,4 12 13 14,-1.0,
base,active,623264.0,623264.0,623329.0,4 12 13 14 15 16 17 18,38464.0,False
base,active,623273.0,623273.0,623389.0,19 20 21 22 23 24 25 26 27 28 29 30 31 32 33 34 35 70 71 81 82 83 84 85 86 87 88 89 90 91 92 93,38465.0,False
base,active,,623329.0,623391.0,4,-1.0,
base,active,,623329.0,623450.0,12 13 14 15 16 17 18,-1.0,
base,active,,623389.0,624268.0,19,-1.0,
base,active,,623389.0,624498.0,20 21 22 23 24 25 26 27 28 29 30 31 32 33 34 35 70 71 81 82 83 84 85 86,-1.0,
base,active,,623389.0,625147.0,87 88 89 90 91 92 93,-1.0,
base,active,623391.0,623391.0,623410.0,4,38466.0,False
base,active,,623410.0,623450.0,4,-1.0,
base,active,623450.0,623450.0,623515.0,4 12 13 14 15 16 17 18,38467.0,False
base,active,,623515.0,623641.0,4,-1.0,
base,active,,623515.0,624268.0,12 13 14 15 16 17 18,-1.0,
base,active,623641.0,623641.0,632873.0,4,38469.0,False
base,sleeping,,623641.0,640169.0,122 123 124 125 126 127,-4.0,
base,active,624268.0,624268.0,624331.0,12 13 14 15 16 17 18 19,38471.0,False
base,active,,624331.0,624347.0,12 13 14 15 16 17 18 19,-1.0,
base,active,624347.0,624347.0,624431.0,12 13 14 15 16 17 18 19,38472.0,False
base,active,,624431.0,624498.0,12 13 14 15 16 17 18 19,-1.0,
base,active,624498.0,624498.0,627548.0,12 13 14 15 16 17 18 19 20 21 22 23 24 25 26 27 28 29 30 31 32 33 34 35 70 71 81 82 83 84 85 86,38474.0,False
base,active,625147.0,625147.0,625216.0,87 88 89 90 91 92 93 94 95 96 97 98 99 100 101 102 103 104 105 106 107 108 109 110 111 112 113 114 115 116 117 118,38479.0,False
base,active,,625216.0,625242.0,87 88 89 90 91 92 93 94 95 96 97 98 99 100 101 102 103 104 105 106 107 108 109 110 111 112 113 114 115 116 117 118,-1.0,
base,active,625242.0,625242.0,625308.0,87 88 89 90 91 92 93 94 95 96 97 98 99 100 101 102 103 104 105 106 107 108 109 110 111 112 113 114 115 116 117 118,38480.0,False
base,active,,625308.0,625481.0,87 88 89 90 91 92 93 94 95 96 97 98 99 100 101 102 103 104 105 106 107 108 109 110 111 112 113 114 115 116 117 118,-1.0,
base,active,625481.0,625481.0,625546.0,87 88 89 90 91 92 93 94 95 96 97 98 99 100 101 102 103 104 105 106 107 108 109 110 111 112 113 114 115 116 117 118,38482.0,False
base,active,,625546.0,625594.0,87 88 89 90 91 92 93 94 95 96 97 98 99 100 101 102 103 104 105 106 107 108 109 110 111 112 113 114 115 116 117 118,-1.0,
base,active,625594.0,625594.0,625783.0,87 88 89 90 91 92 93 94 95 96 97 98 99 100 101 102 103 104 105 106 107 108 109 110 111 112 113 114 115 116 117 118,38483.0,False
base,active,,625640.0,625661.0,0 1 2 3,-1.0,
base,active,,625640.0,626313.0,36 37,-1.0,
base,active,,625640.0,626329.0,38 39 40 41 42 43 44 45 46 47 48 49 50 51 52 53 54 55 56 57 58 59 60 61 62 63,-1.0,
base,active,,625641.0,626521.0,72 73 74 75,-1.0,
base,active,,625641.0,627149.0,76 77 78 79,-1.0,
base,active,625661.0,625661.0,625786.0,0 1 2 3,38484.0,False
base,active,,625783.0,627214.0,87,-1.0,
base,active,,625783.0,629383.0,88 89 90 91 92 93 94 95 96 97 98 99 100 101 102 103 104 105 106 107 108 109 110 111 112 113 114 115 116 117 118,-1.0,
base,active,,625786.0,625970.0,0,-1.0,
base,active,,625786.0,626292.0,1 2 3,-1.0,
base,active,,625853.0,626329.0,64 65 66 67 68 69,-1.0,
base,active,625970.0,625970.0,625987.0,0,38486.0,False
base,active,,625987.0,626292.0,0,-1.0,
base,active,626292.0,626292.0,627916.0,0 1 2 3,38489.0,False
base,active,626313.0,626313.0,627919.0,36 37,38490.0,False
base,active,626329.0,626329.0,626421.0,38 39 40 41 42 43 44 45 46 47 48 49 50 51 52 53 54 55 56 57 58 59 60 61 62 63 64 65 66 67 68 69,38491.0,False
base,switching_off,,626387.0,628187.0,119 120 121,-2.0,
base,active,,626421.0,626425.0,38 39 40 41,-1.0,
base,active,,626421.0,626449.0,42 43 44 45 46 47 48 49 50 51 52 53 54 55 56 57 58 59 60 61 62 63 64 65 66 67 68 69,-1.0,
base,active,626425.0,626425.0,626442.0,38 39 40 41,38493.0,False
base,active,,626442.0,626449.0,38 39 40 41,-1.0,
base,active,626449.0,626449.0,626629.0,38 39 40 41 42 43 44 45 46 47 48 49 50 51 52 53 54 55 56 57 58 59 60 61 62 63 64 65 66 67 68 69,38495.0,False
base,active,626521.0,626521.0,626629.0,72 73 74 75,38496.0,False
base,active,,626629.0,627123.0,38 39 40 41 42 43 44 45 46 47 48 49 50 51 52 53 54 55 56 57 58 59 60 61 62 63 64 65 66 67 68 69,-1.0,
base,active,,626629.0,627149.0,72 73 74 75,-1.0,
base,active,627123.0,627123.0,627441.0,38 39 40 41 42 43 44 45 46 47 48 49 50 51 52 53 54 55 56 57 58 59 60 61 62 63 64 65 66 67 68 69,38499.0,False
base,active,627149.0,627149.0,627444.0,72 73 74 75 76 77 78 79,38500.0,False
base,active,627214.0,627214.0,627240.0,87,38501.0,False
base,active,,627240.0,630840.0,87,-1.0,
base,active,,627441.0,627512.0,38 39 40 41 42 43 44 45 46 47 48 49 50 51 52 53 54 55 56 57 58 59 60 61 62 63 64 65 66 67 68 69,-1.0,
base,active,,627444.0,630955.0,72 73 74 75 76 77,-1.0,
base,active,,627444.0,631012.0,78 79,-1.0,
base,active,627512.0,627512.0,627627.0,38 39 40 41 42 43 44 45 46 47 48 49 50 51 52 53 54 55 56 57 58 59 60 61 62 63 64 65 66 67 68 69,38502.0,False
base,active,,627548.0,627561.0,12,-1.0,
base,active,,627548.0,627562.0,13 14 15 16 17 18 19 20,-1.0,
base,active,,627548.0,628531.0,21 22 23 24 25 26 27 28 29 30 31 32 33 34 35,-1.0,
base,active,,627548.0,630955.0,70 71,-1.0,
base,active,,627548.0,631012.0,81 82 83 84 85 86,-1.0,
base,active,627561.0,627561.0,627601.0,12,38503.0,False
base,active,627562.0,627562.0,627626.0,13 14 15 16 17 18 19 20,38504.0,False
base,active,,627601.0,628531.0,12,-1.0,
base,active,,627626.0,628531.0,13 14 15 16 17 18 19 20,-1.0,
base,active,,627627.0,628531.0,38 39,-1.0,
base,active,,627627.0,628696.0,40,-1.0,
base,active,,627627.0,628747.0,41 42 43 44 45 46 47,-1.0,
base,active,,627627.0,630955.0,48 49 50 51 52 53 54 55 56 57 58 59 60 61 62 63 64 65 66 67 68 69,-1.0,
base,active,,627916.0,628190.0,0,-1.0,
base,active,,627916.0,628531.0,1 2 3,-1.0,
base,active,,627919.0,628531.0,36 37,-1.0,
base,sleeping,,628187.0,640169.0,119 120 121,-4.0,
base,active,628190.0,628190.0,628206.0,0,38510.0,False
base,active,,628206.0,628531.0,0,-1.0,
base,active,628531.0,628531.0,628687.0,0 1 2 3 12 13 14 15 16 17 18 19 20 21 22 23 24 25 26 27 28 29 30 31 32 33 34 35 36 37 38 39,38512.0,False
base,active,,628687.0,628692.0,0 1 2 3 12 13 14 15 16 17 18 19 20 21 22 23 24 25 26 27 28 29 30 31 32 33 34 35 36 37 38 39,-1.0,
base,active,628692.0,628692.0,628804.0,0 1 2 3 12 13 14 15 16 17 18 19 20 21 22 23 24 25 26 27 28 29 30 31 32 33 34 35 36 37 38 39,38513.0,False
base,active,628696.0,628696.0,628735.0,40,38514.0,False
base,active,,628735.0,628747.0,40,-1.0,
base,active,628747.0,628747.0,628804.0,40 41 42 43 44 45 46 47,38515.0,False
base,active,,628804.0,628847.0,0 1 2 3 12 13 14 15 16 17 18 19 20 21 22 23 24 25 26 27 28 29 30 31 32 33 34 35 36 37 38 39,-1.0,
base,active,,628804.0,628893.0,40 41 42 43,-1.0,
base,active,,628804.0,628917.0,44 45,-1.0,
base,active,,628804.0,629628.0,46,-1.0,
base,active,,628804.0,630955.0,47,-1.0,
base,active,628847.0,628847.0,629132.0,0 1 2 3 12 13 14 15 16 17 18 19 20 21 22 23 24 25 26 27 28 29 30 31 32 33 34 35 36 37 38 39,38517.0,False
base,active,628893.0,628893.0,630539.0,40 41 42 43,38518.0,False
base,active,628917.0,628917.0,630544.0,44 45,38519.0,False
base,active,,629132.0,629143.0,0 1 2 3 12 13 14 15 16 17 18 19 20 21 22 23 24 25 26 27 28 29 30 31 32 33 34 35 36 37 38 39,-1.0,
base,active,629143.0,629143.0,629318.0,0 1 2 3 12 13 14 15 16 17 18 19 20 21 22 23 24 25 26 27 28 29 30 31 32 33 34 35 36 37 38 39,38520.0,False
base,active,,629318.0,629537.0,0 1 2 3 12 13 14 15 16 17 18 19 20 21 22 23 24 25 26 27 28 29 30 31 32 33 34 35 36 37 38 39,-1.0,
base,switching_off,,629383.0,631183.0,88 89 90 91 92 93 94 95 96 97 98 99 100 101 102 103 104 105 106 107 108 109 110 111 112 113 114 115 116 117 118,-2.0,
base,active,629537.0,629537.0,629651.0,0 1 2 3 12 13 14 15 16 17 18 19 20 21 22 23 24 25 26 27 28 29 30 31 32 33 34 35 36 37 38 39,38522.0,False
base,active,629628.0,629628.0,629658.0,46,38523.0,False
base,active,,629651.0,629741.0,0 1 2 3 12 13 14 15 16 17 18 19 20 21 22 23 24 25 26 27 28 29 30 31 32 33 34 35 36 37 38 39,-1.0,
base,active,,629658.0,630955.0,46,-1.0,
base,active,629741.0,629741.0,630100.0,0 1 2 3 12 13 14 15 16 17 18 19 20 21 22 23 24 25 26 27 28 29 30 31 32 33 34 35 36 37 38 39,38525.0,False
base,active,,630100.0,630138.0,0 1 2 3 12 13 14 15 16 17 18 19 20 21 22 23 24 25 26 27 28 29 30 31 32 33 34 35 36 37 38 39,-1.0,
base,active,630138.0,630138.0,632873.0,0 1 2 3 12 13 14 15 16 17 18 19 20 21 22 23 24 25 26 27 28 29 30 31 32 33 34 35 36 37 38 39,38530.0,False
base,active,,630539.0,630814.0,40,-1.0,
base,active,,630539.0,630910.0,41 42 43,-1.0,
base,active,,630544.0,630931.0,44 45,-1.0,
base,active,630814.0,630814.0,630862.0,40,38532.0,False
base,switching_off,,630840.0,632640.0,87,-2.0,
base,active,,630862.0,630888.0,40,-1.0,
base,active,630888.0,630888.0,630906.0,40,38533.0,False
base,active,,630906.0,630910.0,40,-1.0,
base,active,630910.0,630910.0,632622.0,40 41 42 43,38534.0,False
base,active,630931.0,630931.0,632624.0,44 45,38535.0,False
base,active,630955.0,630955.0,631084.0,46 47 48 49 50 51 52 53 54 55 56 57 58 59 60 61 62 63 64 65 66 67 68 69 70 71 72 73 74 75 76 77,38536.0,False
base,active,631012.0,631012.0,631084.0,78 79 81 82 83 84 85 86,38537.0,False
base,active,,631084.0,634684.0,46 47 48 49 50 51 52 53 54 55 56 57 58 59 60 61 62 63 64 65 66 67 68 69 70 71 72 73 74 75 76 77 78 79 81 82 83 84 85 86,-1.0,
base,sleeping,,631183.0,640169.0,88 89 90 91 92 93 94 95 96 97 98 99 100 101 102 103 104 105 106 107 108 109 110 111 112 113 114 115 116 117 118,-4.0,
base,active,,631241.0,632657.0,5,-1.0,
base,active,,631241.0,632751.0,6,-1.0,
base,active,,631241.0,632760.0,7 8,-1.0,
base,active,,631241.0,632769.0,9 10,-1.0,
base,active,,631241.0,632782.0,11,-1.0,
base,active,,631241.0,634841.0,80,-1.0,
base,active,,632622.0,632782.0,40,-1.0,
base,active,,632622.0,632793.0,41 42,-1.0,
base,active,,632622.0,636222.0,43,-1.0,
base,active,,632624.0,636224.0,44 45,-1.0,
base,sleeping,,632640.0,640169.0,87,-4.0,
base,active,632657.0,632657.0,632673.0,5,38546.0,False
base,active,,632673.0,632751.0,5,-1.0,
base,active,632751.0,632751.0,632866.0,5 6,38547.0,False
base,active,632760.0,632760.0,632869.0,7 8,38548.0,False
base,active,632769.0,632769.0,632870.0,9 10,38549.0,False
base,active,632782.0,632782.0,632872.0,11 40,38550.0,False
base,active,632793.0,632793.0,632873.0,41 42,38551.0,False
base,active,,632866.0,636466.0,5 6,-1.0,
base,active,,632869.0,636469.0,7 8,-1.0,
base,active,,632870.0,636470.0,9 10,-1.0,
base,active,,632872.0,636472.0,11 40,-1.0,
base,active,,632873.0,636473.0,0 1 2 3 4 12 13 14 15 16 17 18 19 20 21 22 23 24 25 26 27 28 29 30 31 32 33 34 35 36 37 38 39 41 42,-1.0,
base,switching_off,,634684.0,636484.0,46 47 48 49 50 51 52 53 54 55 56 57 58 59 60 61 62 63 64 65 66 67 68 69 70 71 72 73 74 75 76 77 78 79 81 82 83 84 85 86,-2.0,
base,switching_off,,634841.0,636641.0,80,-2.0,
base,switching_off,,636222.0,638022.0,43,-2.0,
base,switching_off,,636224.0,638024.0,44 45,-2.0,
base,switching_off,,636466.0,638266.0,5 6,-2.0,
base,switching_off,,636469.0,638269.0,7 8,-2.0,
base,switching_off,,636470.0,638270.0,9 10,-2.0,
base,switching_off,,636472.0,638272.0,11 40,-2.0,
base,switching_off,,636473.0,638273.0,0 1 2 3 4 12 13 14 15 16 17 18 19 20 21 22 23 24 25 26 27 28 29 30 31 32 33 34 35 36 37 38 39 41 42,-2.0,
base,sleeping,,636484.0,640142.0,46 47 48 49 50 51 52 53 54 55 56 57 58 59 60 61 62 63,-4.0,
base,sleeping,,636484.0,640169.0,64 65 66 67 68 69 70 71 72 73 74 75 76 77 78 79 81 82 83 84 85 86,-4.0,
base,sleeping,,636641.0,640169.0,80,-4.0,
base,sleeping,,638022.0,640142.0,43,-4.0,
base,sleeping,,638024.0,640142.0,44 45,-4.0,
base,sleeping,,638266.0,640142.0,5 6,-4.0,
base,sleeping,,638269.0,640142.0,7 8,-4.0,
base,sleeping,,638270.0,640142.0,9 10,-4.0,
base,sleeping,,638272.0,640142.0,11 40,-4.0,
base,sleeping,,638273.0,640142.0,0 1 2 3 4 12 13 14 15 16 17 18 19 20 21 22 23 24 25 26 27 28 29 30 31 32 33 34 35 36 37 38 39 41 42,-4.0,
base,switching_on,,640142.0,642842.0,0 1 2 3 4 5 6 7 8 9 10 11 12 13 14 15 16 17 18 19 20 21 22 23 24 25 26 27 28 29 30 31 32 33 34 35 36 37 38 39 40 41 42 43 44 45 46 47 48 49 50 51 52 53 54 55 56 57 58 59 60 61 62 63,-3.0,
base,switching_on,,640169.0,642869.0,64 65 66 67 68 69 70 71 72 73 74 75 76 77 78 79 80 81 82 83 84 85 86 87 88 89 90 91 92 93 94 95 96 97 98 99 100 101 102 103 104 105 106 107 108 109 110 111 112 113 114 115 116 117 118 119 120 121 122 123 124 125 126 127,-3.0,
base,active,,642842.0,642869.0,48 49 50 51 52 53 54 55 56 57 58 59 60 61 62 63,-1.0,
base,active,640464.0,642842.0,642947.0,14 15,38561.0,False
base,active,640456.0,642842.0,642953.0,12 13,38560.0,False
base,active,640440.0,642842.0,642966.0,8 9,38558.0,False
base,active,640429.0,642842.0,642976.0,6 7,38557.0,False
base,active,640421.0,642842.0,642982.0,4 5,38556.0,False
base,active,640412.0,642842.0,642990.0,2 3,38555.0,False
base,active,640404.0,642842.0,642996.0,0 1,38554.0,False
base,active,640448.0,642842.0,643045.0,10 11,38559.0,False
base,active,640694.0,642842.0,643058.0,16 17 18 19 20 21 22 23 24 25 26 27 28 29 30 31 32 33 34 35 36 37 38 39 40 41 42 43 44 45 46 47,38562.0,False
base,active,,642869.0,643058.0,112 113 114 115 116 117 118 119 120 121 122 123 124 125 126 127,-1.0,
base,active,640142.0,642869.0,646493.0,48 49 50 51 52 53 54 55 56 57 58 59 60 61 62 63 64 65 66 67 68 69 70 71 72 73 74 75 76 77 78 79 80 81 82 83 84 85 86 87 88 89 90 91 92 93 94 95 96 97 98 99 100 101 102 103 104 105 106 107 108 109 110 111,38552.0,False
base,active,,642947.0,643058.0,14 15,-1.0,
base,active,,642953.0,643058.0,12 13,-1.0,
base,active,,642966.0,643058.0,8 9,-1.0,
base,active,,642976.0,643058.0,6 7,-1.0,
base,active,,642982.0,643058.0,4 5,-1.0,
base,active,,642990.0,643058.0,2 3,-1.0,
base,active,,642996.0,643058.0,0 1,-1.0,
base,active,,643045.0,643058.0,10 11,-1.0,
base,active,640169.0,643058.0,643225.0,0 1 2 3 4 5 6 7 8 9 10 11 12 13 14 15 16 17 18 19 20 21 22 23 24 25 26 27 28 29 30 31 32 33 34 35 36 37 38 39 40 41 42 43 44 45 46 47 112 113 114 115 116 117 118 119 120 121 122 123 124 125 126 127,38553.0,False
base,active,,643225.0,643694.0,0 1 2 3 4 5 6 7 8 9 10 11 12 13 14 15 16 17 18 19 20 21 22 23 24 25 26 27 28 29 30 31 32 33 34 35 36 37 38 39 40 41 42 43 44 45 46 47 112 113 114 115 116 117 118 119 120 121 122 123 124 125 126 127,-1.0,
base,active,643694.0,643694.0,653908.0,0 1 2 3 4 5 6 7 8 9 10 11 12 13 14 15 16 17 18 19 20 21 22 23 24 25 26 27 28 29 30 31 32 33 34 35 36 37 38 39 40 41 42 43 44 45 46 47 112 113 114 115 116 117 118 119 120 121 122 123 124 125 126 127,38564.0,False
base,active,646100.0,646493.0,646505.0,48,38576.0,False
base,active,646163.0,646493.0,646505.0,49,38577.0,False
base,active,,646493.0,646505.0,82 83 84 85 86 87 88 89 90 91 92 93 94 95 96 97 98 99 100 101 102 103 104 105 106 107 108 109 110 111,-1.0,
base,active,644214.0,646493.0,647023.0,50 51 52 53 54 55 56 57 58 59 60 61 62 63 64 65 66 67 68 69 70 71 72 73 74 75 76 77 78 79 80 81,38566.0,False
base,active,644820.0,646505.0,647783.0,48 49 82 83 84 85 86 87 88 89 90 91 92 93 94 95 96 97 98 99 100 101 102 103 104 105 106 107 108 109 110 111,38569.0,False
base,active,,647023.0,650623.0,50 51 52 53 54 55 56 57 58 59 60 61 62 63 64 65 66 67 68 69 70 71 72 73 74 75 76 77 78 79 80 81,-1.0,
base,active,,647783.0,651383.0,48 49 82 83 84 85 86 87 88 89 90 91 92 93 94 95 96 97 98 99 100 101 102 103 104 105 106 107 108 109 110 111,-1.0,
base,switching_off,,650623.0,652423.0,50 51 52 53 54 55 56 57 58 59 60 61 62 63 64 65 66 67 68 69 70 71 72 73 74 75 76 77 78 79 80 81,-2.0,
base,switching_off,,651383.0,653183.0,48 49 82 83 84 85 86 87 88 89 90 91 92 93 94 95 96 97 98 99 100 101 102 103 104 105 106 107 108 109 110 111,-2.0,
base,sleeping,,652423.0,653912.0,50 51 52 53 54 55 56 57 58 59 60 61 62 63 64 65 66 67 68 69 70 71 72 73 74 75 76 77 78 79 80 81,-4.0,
base,sleeping,,653183.0,653912.0,48 49 82 83 84 85 86 87 88 89 90 91 92 93 94 95 96 97 98 99 100 101 102 103 104 105 106 107 108 109 110 111,-4.0,
base,active,,653908.0,656612.0,0 1 2 3 4 5 6 7 8 9 10 11 12 13 14 15 16 17 18 19 20 21 22 23 24 25 26 27 28 29 30 31 32 33 34 35 36 37 38 39 40 41 42 43 44 45 46 47 112 113 114 115 116 117 118 119 120 121 122 123 124 125 126 127,-1.0,
base,switching_on,,653912.0,656612.0,48 49 50 51 52 53 54 55 56 57 58 59 60 61 62 63 64 65 66 67 68 69 70 71 72 73 74 75 76 77 78 79 80 81 82 83 84 85 86 87 88 89 90 91 92 93 94 95 96 97 98 99 100 101 102 103 104 105 106 107 108 109 110 111,-3.0,
base,active,653912.0,656612.0,656710.0,0 1 2 3 4 5 6 7 8 9 10 11 12 13 14 15 16 17 18 19 20 21 22 23 24 25 26 27 28 29 30 31 32 33 34 35 36 37 38 39 40 41 42 43 44 45 46 47 48 49 50 51 52 53 54 55 56 57 58 59 60 61 62 63 64 65 66 67 68 69 70 71 72 73 74 75 76 77 78 79 80 81 82 83 84 85 86 87 88 89 90 91 92 93 94 95 96 97 98 99 100 101 102 103 104 105 106 107 108 109 110 111 112 113 114 115 116 117 118 119 120 121 122 123 124 125 126 127,38652.0,False
base,active,,656710.0,660310.0,0 1 2 3 4 5 6 7 8 9 10 11 12 13 14 15 16 17 18 19 20 21 22 23 24 25 26 27 28 29 30 31 32 33 34 35 36 37 38 39 40 41 42 43 44 45 46 47 48 49 50 51 52 53 54 55 56 57 58 59 60 61 62 63 64 65 66 67 68 69 70 71 72 73 74 75 76 77 78 79 80 81 82 83 84 85 86 87 88 89 90 91 92 93 94 95 96 97 98 99 100 101 102 103 104 105 106 107 108 109 110 111 112 113 114 115 116 117 118 119 120 121 122 123 124 125 126 127,-1.0,
base,switching_off,,660310.0,662110.0,0 1 2 3 4 5 6 7 8 9 10 11 12 13 14 15 16 17 18 19 20 21 22 23 24 25 26 27 28 29 30 31 32 33 34 35 36 37 38 39 40 41 42 43 44 45 46 47 48 49 50 51 52 53 54 55 56 57 58 59 60 61 62 63 64 65 66 67 68 69 70 71 72 73 74 75 76 77 78 79 80 81 82 83 84 85 86 87 88 89 90 91 92 93 94 95 96 97 98 99 100 101 102 103 104 105 106 107 108 109 110 111 112 113 114 115 116 117 118 119 120 121 122 123 124 125 126 127,-2.0,
base,sleeping,,662110.0,666483.0,0,-4.0,
base,sleeping,,662110.0,678361.0,1 2 3 4 5 6 7 8 9 10 11 12 13 14 15 16 17 18 19 20 21 22 23 24 25 26 27 28 29 30 31 32 33 34 35 36 37 38 39 40 41 42 43 44 45 46 47 48 49 50 51 52 53 54 55 56 57 58 59 60 61 62 63,-4.0,
base,sleeping,,662110.0,683622.0,64,-4.0,
base,sleeping,,662110.0,690104.0,65 66 67 68 69 70 71 72 73 74 75 76 77 78 79 80 81 82 83 84 85 86 87 88 89 90 91 92 93 94 95 96 97 98 99 100 101 102 103 104 105 106 107 108 109 110 111 112 113 114 115 116 117 118 119 120 121 122 123 124 125 126 127,-4.0,
base,switching_on,,666483.0,669183.0,0,-3.0,
base,active,666483.0,669183.0,669186.0,0,38654.0,False
base,active,,669186.0,672786.0,0,-1.0,
base,switching_off,,672786.0,674586.0,0,-2.0,
base,sleeping,,674586.0,678129.0,0,-4.0,
base,switching_on,,678129.0,680829.0,0,-3.0,
base,switching_on,,678361.0,681061.0,1 2 3 4 5 6 7 8 9 10 11 12 13 14 15 16 17 18 19 20 21 22 23 24 25 26 27 28 29 30 31 32 33 34 35 36 37 38 39 40 41 42 43 44 45 46 47 48 49 50 51 52 53 54 55 56 57 58 59 60 61 62 63,-3.0,
base,active,678129.0,680829.0,680845.0,0,38761.0,False
base,active,,680845.0,681061.0,0,-1.0,
base,active,678361.0,681061.0,691189.0,0 1 2 3 4 5 6 7 8 9 10 11 12 13 14 15 16 17 18 19 20 21 22 23 24 25 26 27 28 29 30 31 32 33 34 35 36 37 38 39 40 41 42 43 44 45 46 47 48 49 50 51 52 53 54 55 56 57 58 59 60 61 62 63,38762.0,False
base,switching_on,,683622.0,686322.0,64,-3.0,
base,active,683622.0,686322.0,686345.0,64,38807.0,False
base,active,,686345.0,688492.0,64,-1.0,
base,active,688492.0,688492.0,688508.0,64,38835.0,False
base,active,,688508.0,690268.0,64,-1.0,
base,switching_on,,690104.0,692804.0,65 66 67 68 69 70 71 72 73 74 75 76 77 78 79 80 81 82 83 84 85 86 87 88 89 90 91 92 93 94 95 96 97 98 99 100 101 102 103 104 105 106 107 108 109 110 111 112 113 114 115 116 117 118 119 120 121 122 123 124 125 126 127,-3.0,
base,active,690268.0,690268.0,690284.0,64,38845.0,False
base,active,,690284.0,694300.0,64,-1.0,
base,active,,691189.0,692176.0,0,-1.0,
base,active,,691189.0,692226.0,1 2 3 4 5 6 7 8 9 10 11 12 13 14 15 16 17 18 19 20 21 22 23 24 25 26 27 28 29 30 31 32 33 34 35 36 37 38 39 40 41 42 43 44 45 46 47 48 49 50 51 52 53 54 55 56 57 58 59 60 61 62 63,-1.0,
base,active,692176.0,692176.0,692188.0,0,38855.0,False
base,active,,692188.0,692226.0,0,-1.0,
base,active,692226.0,692226.0,692723.0,0 1 2 3 4 5 6 7 8 9 10 11 12 13 14 15 16 17 18 19 20 21 22 23 24 25 26 27 28 29 30 31 32 33 34 35 36 37 38 39 40 41 42 43 44 45 46 47 48 49 50 51 52 53 54 55 56 57 58 59 60 61 62 63,38856.0,False
base,active,,692723.0,692731.0,0,-1.0,
base,active,,692723.0,692786.0,1 2 3 4 5 6 7 8 9 10 11 12 13 14 15 16 17 18 19 20 21 22 23 24 25 26 27 28 29 30 31 32 33 34 35 36 37 38 39 40 41 42 43 44 45 46 47 48 49 50 51 52 53 54 55 56 57 58 59 60 61 62 63,-1.0,
base,active,692731.0,692731.0,692753.0,0,38858.0,False
base,active,,692753.0,692786.0,0,-1.0,
base,active,692786.0,692786.0,694300.0,0 1 2 3 4 5 6 7 8 9 10 11 12 13 14 15 16 17 18 19 20 21 22 23 24 25 26 27 28 29 30 31 32 33 34 35 36 37 38 39 40 41 42 43 44 45 46 47 48 49 50 51 52 53 54 55 56 57 58 59 60 61 62 63,38859.0,False
base,active,,692804.0,694300.0,65 66 67 68 69 70 71 72 73 74 75 76 77 78 79 80 81 82 83 84 85 86 87 88 89 90 91 92 93 94 95 96 97 98 99 100 101 102 103 104 105 106 107 108 109 110 111 112 113 114 115 116 117 118 119 120 121 122 123 124 125 126 127,-1.0,
base,active,690104.0,694300.0,694395.0,0 1 2 3 4 5 6 7 8 9 10 11 12 13 14 15 16 17 18 19 20 21 22 23 24 25 26 27 28 29 30 31 32 33 34 35 36 37 38 39 40 41 42 43 44 45 46 47 48 49 50 51 52 53 54 55 56 57 58 59 60 61 62 63 64 65 66 67 68 69 70 71 72 73 74 75 76 77 78 79 80 81 82 83 84 85 86 87 88 89 90 91 92 93 94 95 96 97 98 99 100 101 102 103 104 105 106 107 108 109 110 111 112 113 114 115 116 117 118 119 120 121 122 123 124 125 126 127,38844.0,False
base,active,,694395.0,697995.0,64 65 66 67 68 69 70 71 72 73 74 75 76 77 78 79 80 81 82 83 84 85 86 87 88 89 90 91 92 93 94 95 96 97 98 99 100 101 102 103 104 105 106 107 108 109 110 111 112 113 114 115 116 117 118 119 120 121 122 123 124 125 126 127,-1.0,
base,active,694322.0,694395.0,704496.0,0 1 2 3 4 5 6 7 8 9 10 11 12 13 14 15 16 17 18 19 20 21 22 23 24 25 26 27 28 29 30 31 32 33 34 35 36 37 38 39 40 41 42 43 44 45 46 47 48 49 50 51 52 53 54 55 56 57 58 59 60 61 62 63,38867.0,False
base,switching_off,,697995.0,699795.0,64 65 66 67 68 69 70 71 72 73 74 75 76 77 78 79 80 81 82 83 84 85 86 87 88 89 90 91 92 93 94 95 96 97 98 99 100 101 102 103 104 105 106 107 108 109 110 111 112 113 114 115 116 117 118 119 120 121 122 123 124 125 126 127,-2.0,
base,sleeping,,699795.0,700923.0,64,-4.0,
base,sleeping,,699795.0,701796.0,65 66 67 68 69 70 71 72 73 74 75 76 77 78 79 80 81 82 83 84 85 86 87 88 89 90 91 92 93 94 95 96 97 98 99 100 101 102 103 104 105 106 107 108 109 110 111 112 113 114 115 116 117 118 119 120 121 122 123 124 125 126 127,-4.0,
base,switching_on,,700923.0,703623.0,64,-3.0,
base,switching_on,,701796.0,704496.0,65 66 67 68 69 70 71 72 73 74 75 76 77 78 79 80 81 82 83 84 85 86 87 88 89 90 91 92 93 94 95 96 97 98 99 100 101 102 103 104 105 106 107 108 109 110 111 112 113 114 115 116 117 118 119 120 121 122 123 124 125 126 127,-3.0,
base,active,700923.0,703623.0,703626.0,64,38895.0,False
base,active,,703626.0,703692.0,64,-1.0,
base,active,703692.0,703692.0,703714.0,64,38907.0,False
base,active,,703714.0,704425.0,64,-1.0,
base,active,704425.0,704425.0,704442.0,64,38913.0,False
base,active,,704442.0,704507.0,64,-1.0,
base,active,,704496.0,704507.0,40 41 42 43 44 45 46 47 48 49 50 51 52 53 54 55 56 57 58 59 60 61 62 63 65 66 67 68 69 70 71 72 73 74 75 76 77 78 79 80 81 82 83 84 85 86 87 88 89 90 91 92 93 94 95 96 97 98 99 100 101 102 103,-1.0,
base,active,703321.0,704496.0,704566.0,0 1 2 3 4 5 6 7,38906.0,False
base,active,703293.0,704496.0,704593.0,8 9 10 11 12 13 14 15 16 17 18 19 20 21 22 23 24 25 26 27 28 29 30 31 32 33 34 35 36 37 38 39,38905.0,False
base,active,,704496.0,708096.0,104 105 106 107 108 109 110 111 112 113 114 115 116 117 118 119 120 121 122 123 124 125 126 127,-1.0,
base,active,704507.0,704507.0,719566.0,40 41 42 43 44 45 46 47 48 49 50 51 52 53 54 55 56 57 58 59 60 61 62 63 64 65 66 67 68 69 70 71 72 73 74 75 76 77 78 79 80 81 82 83 84 85 86 87 88 89 90 91 92 93 94 95 96 97 98 99 100 101 102 103,38915.0,False
base,active,,704566.0,705635.0,0,-1.0,
base,active,,704566.0,708166.0,1 2 3 4 5 6 7,-1.0,
base,active,,704593.0,708193.0,8 9 10 11 12 13 14 15 16 17 18 19 20 21 22 23 24 25 26 27 28 29 30 31 32 33 34 35 36 37 38 39,-1.0,
base,active,705635.0,705635.0,705639.0,0,38918.0,False
base,active,,705639.0,706522.0,0,-1.0,
base,active,706522.0,706522.0,706526.0,0,38920.0,False
base,active,,706526.0,710056.0,0,-1.0,
base,switching_off,,708096.0,709896.0,104 105 106 107 108 109 110 111 112 113 114 115 116 117 118 119 120 121 122 123 124 125 126 127,-2.0,
base,switching_off,,708166.0,709966.0,1 2 3 4 5 6 7,-2.0,
base,switching_off,,708193.0,709993.0,8 9 10 11 12 13 14 15 16 17 18 19 20 21 22 23 24 25 26 27 28 29 30 31 32 33 34 35 36 37 38 39,-2.0,
base,sleeping,,709896.0,710036.0,104 105 106 107,-4.0,
base,sleeping,,709896.0,716866.0,108 109 110 111 112 113 114 115 116 117 118 119 120 121 122 123 124 125 126 127,-4.0,
base,sleeping,,709966.0,710029.0,1 2 3 4 5 6 7,-4.0,
base,sleeping,,709993.0,710029.0,8 9 10 11 12 13 14 15,-4.0,
base,sleeping,,709993.0,710031.0,16 17 18 19,-4.0,
base,sleeping,,709993.0,710032.0,20 21 22 23,-4.0,
base,sleeping,,709993.0,710035.0,24 25 26 27,-4.0,
base,sleeping,,709993.0,710036.0,28 29 30 31 32 33 34 35 36 37 38 39,-4.0,
base,switching_on,,710029.0,712729.0,1 2 3 4 5 6 7 8 9 10 11 12 13 14 15,-3.0,
base,switching_on,,710031.0,712731.0,16 17 18 19,-3.0,
base,switching_on,,710032.0,712732.0,20 21 22 23,-3.0,
base,switching_on,,710035.0,712735.0,24 25 26 27,-3.0,
base,switching_on,,710036.0,712736.0,28 29 30 31 32 33 34 35 36 37 38 39 104 105 106 107,-3.0,
base,active,710056.0,710056.0,710060.0,0,38941.0,False
base,active,,710060.0,712729.0,0,-1.0,
base,active,710035.0,712729.0,712737.0,8 9 10 11,38938.0,False
base,active,710032.0,712729.0,712739.0,4 5 6 7,38937.0,False
base,active,710031.0,712729.0,712740.0,0 1 2 3,38936.0,False
base,active,710283.0,712729.0,712778.0,12 13 14 15,38943.0,False
base,active,710285.0,712731.0,712778.0,16 17 18 19,38944.0,False
base,active,710287.0,712732.0,712777.0,20 21 22 23,38945.0,False
base,active,,712735.0,712736.0,24 25 26 27,-1.0,
base,active,,712736.0,712737.0,104 105 106 107,-1.0,
base,active,710038.0,712736.0,712742.0,24 25 26 27 28 29 30 31,38940.0,False
base,active,710292.0,712736.0,712777.0,32 33 34 35 36 37 38 39,38947.0,False
base,active,711119.0,712737.0,713286.0,8 9 10 11 104 105 106 107,38951.0,False
base,active,,712739.0,712740.0,4 5 6 7,-1.0,
base,active,711734.0,712740.0,712838.0,0 1 2 3 4 5 6 7,38958.0,False
base,active,,712742.0,712777.0,24 25 26 27 28 29 30 31,-1.0,
base,active,710029.0,712777.0,712790.0,20 21 22 23 24 25 26 27 28 29 30 31 32 33 34 35,38935.0,False
base,active,,712777.0,713890.0,36 37 38 39,-1.0,
base,active,,712778.0,712790.0,12 13 14 15 16 17 18 19,-1.0,
base,active,710036.0,712790.0,712797.0,12 13 14 15 16 17 18 19 20 21 22 23 24 25 26 27,38939.0,False
base,active,,712790.0,712838.0,28 29 30 31 32 33 34 35,-1.0,
base,active,710282.0,712797.0,712846.0,12 13 14 15 16 17 18 19 20 21 22 23 24 25 26 27,38942.0,False
base,active,710290.0,712838.0,712881.0,0 1 2 3 4 5 6 7 28 29 30 31 32 33 34 35,38946.0,False
base,active,,712846.0,712881.0,12 13 14 15 16 17 18 19 20 21 22 23 24 25 26 27,-1.0,
base,active,711090.0,712881.0,713458.0,0 1 2 3 4 5 6 7 12 13 14 15 16 17 18 19 20 21 22 23 24 25 26 27 28 29 30 31 32 33 34 35,38950.0,False
base,active,,713286.0,713458.0,8 9 10 11,-1.0,
base,active,,713286.0,714955.0,104 105 106 107,-1.0,
base,active,711689.0,713458.0,713602.0,0 1 2 3 4 5 6 7 8 9 10 11 12 13 14 15 16 17 18 19 20 21 22 23 24 25 26 27 28 29 30 31,38957.0,False
base,active,,713458.0,713890.0,32 33 34 35,-1.0,
base,active,,713602.0,713833.0,0 1 2 3 4 5 6 7 8 9 10 11 12 13 14 15 16 17 18 19 20 21 22 23 24 25 26 27 28 29 30 31,-1.0,
base,active,713833.0,713833.0,713995.0,0 1 2 3 4 5 6 7 8 9 10 11 12 13 14 15 16 17 18 19 20 21 22 23 24 25 26 27 28 29 30 31,38966.0,False
base,active,713890.0,713890.0,713996.0,32 33 34 35 36 37 38 39,38967.0,False
base,active,,713995.0,714949.0,0 1 2 3 4 5 6 7 8 9 10 11 12 13 14 15,-1.0,
base,active,,713995.0,714950.0,16 17 18 19,-1.0,
base,active,,713995.0,714952.0,20 21 22 23,-1.0,
base,active,,713995.0,714954.0,24 25 26 27,-1.0,
base,active,,713995.0,714955.0,28 29 30 31,-1.0,
base,active,,713996.0,714955.0,32 33 34 35 36 37 38 39,-1.0,
base,active,714949.0,714949.0,714961.0,0 1 2 3 4 5 6 7 8 9 10 11 12 13 14 15,38972.0,False
base,active,714950.0,714950.0,714962.0,16 17 18 19,38973.0,False
base,active,714952.0,714952.0,714960.0,20 21 22 23,38974.0,False
base,active,714954.0,714954.0,714960.0,24 25 26 27,38975.0,False
base,active,714955.0,714955.0,714961.0,28 29 30 31 32 33 34 35 36 37 38 39 104 105 106 107,38976.0,False
base,active,714957.0,714960.0,714964.0,20 21 22 23 24 25 26 27,38977.0,False
base,active,,714961.0,715244.0,0 1 2 3 4 5 6 7 8 9 10 11 12 13 14 15,-1.0,
base,active,,714961.0,715251.0,28 29 30 31 32 33 34 35 36 37 38 39 104 105 106 107,-1.0,
base,active,,714962.0,715246.0,16 17 18 19,-1.0,
base,active,,714964.0,715247.0,20 21 22 23,-1.0,
base,active,,714964.0,715249.0,24 25 26 27,-1.0,
base,active,715244.0,715244.0,715343.0,0 1 2 3 4 5 6 7 8 9 10 11 12 13 14 15,38981.0,False
base,active,715246.0,715246.0,715340.0,16 17 18 19,38982.0,False
base,active,715247.0,715247.0,715341.0,20 21 22 23,38983.0,False
base,active,715249.0,715249.0,715342.0,24 25 26 27,38984.0,False
base,active,715251.0,715251.0,715342.0,28 29 30 31 32 33 34 35 36 37 38 39 104 105 106 107,38985.0,False
base,active,,715340.0,715341.0,16 17 18 19,-1.0,
base,active,715252.0,715341.0,715432.0,16 17 18 19 20 21 22 23,38986.0,False
base,active,,715342.0,715360.0,24 25 26 27 28 29 30 31 32 33 34 35 36 37 38 39,-1.0,
base,active,,715342.0,719566.0,104 105 106 107,-1.0,
base,active,,715343.0,715360.0,0 1 2 3 4 5 6 7 8 9 10 11 12 13 14 15,-1.0,
base,active,715360.0,715360.0,715495.0,0 1 2 3 4 5 6 7 8 9 10 11 12 13 14 15 24 25 26 27 28 29 30 31 32 33 34 35 36 37 38 39,38987.0,False
base,active,715385.0,715432.0,715542.0,16 17 18 19 20 21 22 23,38988.0,False
base,active,,715495.0,716022.0,0,-1.0,
base,active,,715495.0,717272.0,1 2 3 4 5 6 7 8 9 10 11 12 13 14 15 24 25 26 27 28 29 30 31,-1.0,
base,active,,715495.0,717302.0,32 33 34 35 36 37 38 39,-1.0,
base,active,,715542.0,717272.0,16 17 18 19 20 21 22 23,-1.0,
base,active,716022.0,716022.0,716036.0,0,38990.0,False
base,active,,716036.0,717272.0,0,-1.0,
base,switching_on,,716866.0,719566.0,108 109 110 111 112 113 114 115 116 117 118 119 120 121 122 123 124 125 126 127,-3.0,
base,active,717272.0,717272.0,717411.0,0 1 2 3 4 5 6 7 8 9 10 11 12 13 14 15 16 17 18 19 20 21 22 23 24 25 26 27 28 29 30 31,38997.0,False
base,active,717302.0,717302.0,717410.0,32 33 34 35 36 37 38 39,38998.0,False
base,active,,717410.0,718305.0,32 33 34 35 36 37 38 39,-1.0,
base,active,,717411.0,718276.0,0 1 2 3 4 5 6 7 8 9 10 11 12 13 14 15 16 17 18 19 20 21 22 23 24 25 26 27 28 29 30 31,-1.0,
base,active,718276.0,718276.0,718427.0,0 1 2 3 4 5 6 7 8 9 10 11 12 13 14 15 16 17 18 19 20 21 22 23 24 25 26 27 28 29 30 31,39002.0,False
base,active,718305.0,718305.0,718428.0,32 33 34 35 36 37 38 39,39003.0,False
base,active,,718427.0,718577.0,0 1 2 3 4 5 6 7 8 9 10 11 12 13 14 15 16 17 18 19 20 21 22 23 24 25 26 27 28 29 30 31,-1.0,
base,active,,718428.0,718610.0,32 33 34 35 36 37 38 39,-1.0,
base,active,718577.0,718577.0,718900.0,0 1 2 3 4 5 6 7 8 9 10 11 12 13 14 15 16 17 18 19 20 21 22 23 24 25 26 27 28 29 30 31,39007.0,False
base,active,718610.0,718610.0,718901.0,32 33 34 35 36 37 38 39,39009.0,False
base,active,,718900.0,719566.0,0 1 2 3 4 5 6 7 8 9 10 11 12 13 14 15 16 17 18 19 20 21 22 23 24 25 26 27 28 29 30 31,-1.0,
base,active,,718901.0,719566.0,32 33 34 35 36 37 38 39,-1.0,
base,active,690409.0,719566.0,719658.0,0 1 2 3 4 5 6 7 8 9 10 11 12 13 14 15 16 17 18 19 20 21 22 23 24 25 26 27 28 29 30 31 32 33 34 35 36 37 38 39 40 41 42 43 44 45 46 47 48 49 50 51 52 53 54 55 56 57 58 59 60 61 62 63 64 65 66 67 68 69 70 71 72 73 74 75 76 77 78 79 80 81 82 83 84 85 86 87 88 89 90 91 92 93 94 95 96 97 98 99 100 101 102 103 104 105 106 107 108 109 110 111 112 113 114 115 116 117 118 119 120 121 122 123 124 125 126 127,38846.0,False
base,active,719569.0,719658.0,719672.0,0,39011.0,False
base,active,,719658.0,722929.0,1 2 3 4 5 6 7 8 9 10 11 12 13 14 15,-1.0,
base,active,,719658.0,722931.0,16 17 18 19 20 21 22 23 24 25 26 27 28 29 30 31 32 33 34 35 36 37 38 39 40 41 42 43 44 45 46 47 48 49 50 51 52 53 54 55 56 57 58 59 60 61 62 63 64 65 66 67 68 69 70 71 72 73 74 75 76 77 78 79,-1.0,
base,active,,719658.0,723258.0,80 81 82 83 84 85 86 87 88 89 90 91 92 93 94 95 96 97 98 99 100 101 102 103 104 105 106 107 108 109 110 111 112 113 114 115 116 117 118 119 120 121 122 123 124 125 126 127,-1.0,
base,active,,719672.0,722929.0,0,-1.0,
base,active,722929.0,722929.0,727474.0,0 1 2 3 4 5 6 7 8 9 10 11 12 13 14 15,39026.0,False
base,active,722931.0,722931.0,733129.0,16 17 18 19 20 21 22 23 24 25 26 27 28 29 30 31 32 33 34 35 36 37 38 39 40 41 42 43 44 45 46 47 48 49 50 51 52 53 54 55 56 57 58 59 60 61 62 63 64 65 66 67 68 69 70 71 72 73 74 75 76 77 78 79,39027.0,False
base,switching_off,,723258.0,725058.0,80 81 82 83 84 85 86 87 88 89 90 91 92 93 94 95 96 97 98 99 100 101 102 103 104 105 106 107 108 109 110 111 112 113 114 115 116 117 118 119 120 121 122 123 124 125 126 127,-2.0,
base,sleeping,,725058.0,783368.0,80 81 82 83 84 85 86 87 88 89 90 91 92 93 94 95 96 97 98 99 100 101 102 103 104 105 106 107 108 109 110 111 112 113 114 115 116 117 118 119 120 121 122 123 124 125 126 127,-4.0,
base,active,726962.0,727474.0,727489.0,0,39043.0,False
base,active,,727474.0,731074.0,1 2 3 4 5 6 7 8 9 10 11 12 13 14 15,-1.0,
base,active,,727489.0,731089.0,0,-1.0,
base,switching_off,,731074.0,732874.0,1 2 3 4 5 6 7 8 9 10 11 12 13 14 15,-2.0,
base,switching_off,,731089.0,732889.0,0,-2.0,
base,sleeping,,732874.0,759205.0,1 2 3 4 5 6 7 8 9 10 11 12 13 14 15,-4.0,
base,sleeping,,732889.0,739281.0,0,-4.0,
base,active,,733129.0,733130.0,16 17 18 19 20 21 22 23 24 25 26 27 28 29 30 31 32 33 34 35 36 37 38 39 40 41 42 43 44 45 46 47 48 49 50 51 52 53 54 55 56 57 58 59 60 61 62 63 64 65 66 67 68 69 70 71 72 73 74 75 76 77 78 79,-1.0,
base,active,733130.0,733130.0,737965.0,16 17 18 19 20 21 22 23 24 25 26 27 28 29 30 31 32 33 34 35 36 37 38 39 40 41 42 43 44 45 46 47 48 49 50 51 52 53 54 55 56 57 58 59 60 61 62 63 64 65 66 67 68 69 70 71 72 73 74 75 76 77 78 79,39070.0,False
base,active,737849.0,737965.0,737977.0,16,39093.0,False
base,active,,737965.0,737977.0,17 18 19 20 21 22 23 24 25 26 27 28 29 30 31 32 33 34 35 36 37 38 39 40 41 42 43 44 45 46 47 48 49 50 51 52 53 54 55 56 57 58 59 60 61 62 63 64 65 66 67 68 69 70 71 72 73 74 75 76 77 78 79,-1.0,
base,active,737974.0,737977.0,748153.0,16 17 18 19 20 21 22 23 24 25 26 27 28 29 30 31 32 33 34 35 36 37 38 39 40 41 42 43 44 45 46 47 48 49 50 51 52 53 54 55 56 57 58 59 60 61 62 63 64 65 66 67 68 69 70 71 72 73 74 75 76 77 78 79,39094.0,False
base,switching_on,,739281.0,741981.0,0,-3.0,
base,active,739281.0,741981.0,742082.0,0,39095.0,False
base,active,739459.0,742082.0,742221.0,0,39096.0,False
base,active,,742221.0,745821.0,0,-1.0,
base,switching_off,,745821.0,747621.0,0,-2.0,
base,sleeping,,747621.0,759205.0,0,-4.0,
base,active,,748153.0,751753.0,16 17 18 19 20 21 22 23 24 25 26 27 28 29 30 31 32 33 34 35 36 37 38 39 40 41 42 43 44 45 46 47 48 49 50 51 52 53 54 55 56 57 58 59 60 61 62 63 64 65 66 67 68 69 70 71 72 73 74 75 76 77 78 79,-1.0,
base,switching_off,,751753.0,753553.0,16 17 18 19 20 21 22 23 24 25 26 27 28 29 30 31 32 33 34 35 36 37 38 39 40 41 42 43 44 45 46 47 48 49 50 51 52 53 54 55 56 57 58 59 60 61 62 63 64 65 66 67 68 69 70 71 72 73 74 75 76 77 78 79,-2.0,
base,sleeping,,753553.0,759205.0,16 17 18 19 20 21 22 23 24 25 26 27 28 29 30 31 32 33 34 35 36 37 38 39 40 41 42 43 44 45 46 47 48 49 50 51 52 53 54 55 56 57 58 59 60 61 62 63,-4.0,
base,sleeping,,753553.0,768592.0,64,-4.0,
base,sleeping,,753553.0,772580.0,65 66 67 68 69 70 71,-4.0,
base,sleeping,,753553.0,783368.0,72 73 74 75 76 77 78 79,-4.0,
base,switching_on,,759205.0,761905.0,0 1 2 3 4 5 6 7 8 9 10 11 12 13 14 15 16 17 18 19 20 21 22 23 24 25 26 27 28 29 30 31 32 33 34 35 36 37 38 39 40 41 42 43 44 45 46 47 48 49 50 51 52 53 54 55 56 57 58 59 60 61 62 63,-3.0,
base,active,759607.0,761905.0,762003.0,8 9 10 11 12 13 14 15,39101.0,False
base,active,760981.0,761905.0,762004.0,24 25 26 27 28 29 30 31,39105.0,False
base,active,759370.0,761905.0,762010.0,0 1 2 3 4 5 6 7,39099.0,False
base,active,759341.0,761905.0,762038.0,32 33 34 35 36 37 38 39 40 41 42 43 44 45 46 47 48 49 50 51 52 53 54 55 56 57 58 59 60 61 62 63,39098.0,False
base,active,760439.0,761905.0,762054.0,16 17 18 19 20 21 22 23,39103.0,False
base,active,,762003.0,762038.0,8 9 10 11 12 13 14 15,-1.0,
base,active,,762004.0,762038.0,24 25 26 27 28 29 30 31,-1.0,
base,active,,762010.0,762038.0,0 1 2 3 4 5 6 7,-1.0,
base,active,,762038.0,762054.0,40 41 42 43 44 45 46 47 48 49 50 51 52 53 54 55 56 57 58 59 60 61 62 63,-1.0,
base,active,759584.0,762038.0,762159.0,0 1 2 3 4 5 6 7 8 9 10 11 12 13 14 15 24 25 26 27 28 29 30 31 32 33 34 35 36 37 38 39,39100.0,False
base,active,760407.0,762054.0,762235.0,16 17 18 19 20 21 22 23 40 41 42 43 44 45 46 47 48 49 50 51 52 53 54 55 56 57 58 59 60 61 62 63,39102.0,False
base,active,760955.0,762159.0,762283.0,0 1 2 3 4 5 6 7 8 9 10 11 12 13 14 15 24 25 26 27 28 29 30 31 32 33 34 35 36 37 38 39,39104.0,False
base,active,,762235.0,762283.0,16 17 18 19 20 21 22 23 40 41 42 43 44 45 46 47 48 49 50 51 52 53 54 55 56 57 58 59 60 61 62 63,-1.0,
base,active,759205.0,762283.0,777360.0,0 1 2 3 4 5 6 7 8 9 10 11 12 13 14 15 16 17 18 19 20 21 22 23 24 25 26 27 28 29 30 31 32 33 34 35 36 37 38 39 40 41 42 43 44 45 46 47 48 49 50 51 52 53 54 55 56 57 58 59 60 61 62 63,39097.0,False
base,switching_on,,768592.0,771292.0,64,-3.0,
base,active,768592.0,771292.0,771308.0,64,39124.0,False
base,active,770021.0,771308.0,771323.0,64,39131.0,False
base,active,,771323.0,772248.0,64,-1.0,
base,active,772248.0,772248.0,772355.0,64,39140.0,False
base,active,,772355.0,772407.0,64,-1.0,
base,active,772407.0,772407.0,772428.0,64,39144.0,False
base,active,,772428.0,772496.0,64,-1.0,
base,active,772496.0,772496.0,772514.0,64,39146.0,False
base,active,,772514.0,773183.0,64,-1.0,
base,switching_on,,772580.0,775280.0,65 66 67 68 69 70 71,-3.0,
base,active,773183.0,773183.0,773203.0,64,39151.0,False
base,active,,773203.0,773489.0,64,-1.0,
base,active,773489.0,773489.0,773523.0,64,39153.0,False
base,active,,773523.0,774184.0,64,-1.0,
base,active,774184.0,774184.0,774216.0,64,39162.0,False
base,active,,774216.0,774266.0,64,-1.0,
base,active,774266.0,774266.0,774292.0,64,39163.0,False
base,active,774291.0,774292.0,774308.0,64,39165.0,False
base,active,,774308.0,774320.0,64,-1.0,
base,active,774320.0,774320.0,774362.0,64,39166.0,False
base,active,,774362.0,774624.0,64,-1.0,
base,active,774624.0,774624.0,774629.0,64,39169.0,False
base,active,,774629.0,774951.0,64,-1.0,
base,active,774951.0,774951.0,774954.0,64,39172.0,False
base,active,,774954.0,774962.0,64,-1.0,
base,active,774962.0,774962.0,774966.0,64,39173.0,False
base,active,,774966.0,775006.0,64,-1.0,
base,active,775006.0,775006.0,775009.0,64,39174.0,False
base,active,,775009.0,775280.0,64,-1.0,
base,active,772580.0,775280.0,775300.0,64 65 66 67 68 69 70 71,39148.0,False
base,active,773113.0,775300.0,775339.0,64 65 66 67 68 69 70 71,39150.0,False
base,active,773356.0,775339.0,775441.0,64 65 66 67 68 69 70 71,39152.0,False
base,active,773759.0,775441.0,775487.0,64 65 66 67 68 69 70 71,39155.0,False
base,active,775483.0,775487.0,775494.0,64,39178.0,False
base,active,,775487.0,775494.0,65 66 67 68 69 70 71,-1.0,
base,active,773890.0,775494.0,775634.0,64 65 66 67 68 69 70 71,39156.0,False
base,active,775562.0,775634.0,775638.0,64,39179.0,False
base,active,,775634.0,775638.0,65 66 67 68 69 70 71,-1.0,
base,active,774428.0,775638.0,775659.0,64 65 66 67 68 69 70 71,39167.0,False
base,active,774515.0,775659.0,775683.0,64 65 66 67 68 69 70 71,39168.0,False
base,active,774647.0,775683.0,775713.0,64 65 66 67 68 69 70 71,39170.0,False
base,active,775055.0,775713.0,775776.0,64 65 66 67 68 69 70 71,39175.0,False
base,active,775140.0,775776.0,775869.0,64 65 66 67 68 69 70 71,39176.0,False
base,active,,775869.0,777961.0,64,-1.0,
base,active,,775869.0,779469.0,65 66 67 68 69 70 71,-1.0,
base,active,,777360.0,777936.0,0,-1.0,
base,active,,777360.0,777961.0,1 2 3 4 5 6 7 8 9 10 11 12 13 14 15 16 17 18 19 20 21 22 23 24 25 26 27 28 29 30 31 32 33 34 35 36 37 38 39 40 41 42 43 44 45 46 47 48 49 50 51 52 53 54 55 56 57 58 59 60 61 62 63,-1.0,
base,active,777936.0,777936.0,777963.0,0,39195.0,False
base,active,777961.0,777961.0,780657.0,1 2 3 4 5 6 7 8 9 10 11 12 13 14 15 16 17 18 19 20 21 22 23 24 25 26 27 28 29 30 31 32 33 34 35 36 37 38 39 40 41 42 43 44 45 46 47 48 49 50 51 52 53 54 55 56 57 58 59 60 61 62 63 64,39196.0,False
base,active,,777963.0,778064.0,0,-1.0,
base,active,778064.0,778064.0,778081.0,0,39197.0,False
base,active,,778081.0,780659.0,0,-1.0,
base,switching_off,,779469.0,781269.0,65 66 67 68 69 70 71,-2.0,
base,active,,780657.0,784048.0,1 2 3 4 5 6 7 8 9 10 11 12 13 14 15 16 17 18 19 20 21 22 23 24 25 26 27 28 29 30 31 32 33 34 35 36 37 38 39 40 41 42 43 44 45 46 47 48 49 50 51 52 53 54 55 56 57 58 59 60 61 62 63,-1.0,
base,active,,780657.0,786806.0,64,-1.0,
base,active,780659.0,780659.0,780673.0,0,39207.0,False
base,active,,780673.0,784048.0,0,-1.0,
base,sleeping,,781269.0,783368.0,65 66 67 68 69 70 71,-4.0,
base,switching_on,,783368.0,786068.0,65 66 67 68 69 70 71 72 73 74 75 76 77 78 79 80 81 82 83 84 85 86 87 88 89 90 91 92 93 94 95 96 97 98 99 100 101 102 103 104 105 106 107 108 109 110 111 112 113 114 115 116 117 118 119 120 121 122 123 124 125 126 127,-3.0,
base,active,784048.0,784048.0,785376.0,0 1 2 3 4 5 6 7 8 9 10 11 12 13 14 15 16 17 18 19 20 21 22 23 24 25 26 27 28 29 30 31 32 33 34 35 36 37 38 39 40 41 42 43 44 45 46 47 48 49 50 51 52 53 54 55 56 57 58 59 60 61 62 63,39222.0,False
base,active,,785376.0,785403.0,0 1 2 3 4 5 6 7 8 9 10 11 12 13 14 15 16 17 18 19 20 21 22 23 24 25 26 27 28 29 30 31 32 33 34 35 36 37 38 39 40 41 42 43 44 45 46 47 48 49 50 51 52 53 54 55 56 57 58 59 60 61 62 63,-1.0,
base,active,785403.0,785403.0,786806.0,0 1 2 3 4 5 6 7 8 9 10 11 12 13 14 15 16 17 18 19 20 21 22 23 24 25 26 27 28 29 30 31 32 33 34 35 36 37 38 39 40 41 42 43 44 45 46 47 48 49 50 51 52 53 54 55 56 57 58 59 60 61 62 63,39229.0,False
base,active,,786068.0,786806.0,65 66 67 68 69 70 71 72 73 74 75 76 77 78 79 80 81 82 83 84 85 86 87 88 89 90 91 92 93 94 95 96 97 98 99 100 101 102 103 104 105 106 107 108 109 110 111 112 113 114 115 116 117 118 119 120 121 122 123 124 125 126 127,-1.0,
base,active,783368.0,786806.0,786902.0,0 1 2 3 4 5 6 7 8 9 10 11 12 13 14 15 16 17 18 19 20 21 22 23 24 25 26 27 28 29 30 31 32 33 34 35 36 37 38 39 40 41 42 43 44 45 46 47 48 49 50 51 52 53 54 55 56 57 58 59 60 61 62 63 64 65 66 67 68 69 70 71 72 73 74 75 76 77 78 79 80 81 82 83 84 85 86 87 88 89 90 91 92 93 94 95 96 97 98 99 100 101 102 103 104 105 106 107 108 109 110 111 112 113 114 115 116 117 118 119 120 121 122 123 124 125 126 127,39220.0,False
base,active,786808.0,786902.0,786917.0,0,39237.0,False
base,active,,786902.0,787724.0,1 2 3 4 5 6 7 8 9 10 11 12 13 14 15 16 17 18 19 20 21 22 23 24 25 26 27 28 29 30 31 32 33 34 35 36 37 38 39 40 41 42 43 44 45 46 47 48 49 50 51 52 53 54 55 56 57 58 59 60 61 62 63 64 65 66 67 68 69 70 71 72 73 74 75 76 77 78 79 80 81 82 83 84 85 86 87 88 89 90 91 92 93 94 95 96 97 98 99 100 101 102 103 104 105 106 107 108 109 110 111 112 113 114 115 116 117 118 119 120 121 122 123 124 125 126 127,-1.0,
base,active,,786917.0,787724.0,0,-1.0,
base,active,787724.0,787724.0,787815.0,0 1 2 3 4 5 6 7 8 9 10 11 12 13 14 15 16 17 18 19 20 21 22 23 24 25 26 27 28 29 30 31 32 33 34 35 36 37 38 39 40 41 42 43 44 45 46 47 48 49 50 51 52 53 54 55 56 57 58 59 60 61 62 63 64 65 66 67 68 69 70 71 72 73 74 75 76 77 78 79 80 81 82 83 84 85 86 87 88 89 90 91 92 93 94 95 96 97 98 99 100 101 102 103 104 105 106 107 108 109 110 111 112 113 114 115 116 117 118 119 120 121 122 123 124 125 126 127,39240.0,False
base,active,,787815.0,788165.0,0 1 2 3 4 5 6 7 8 9 10 11 12 13 14 15 16 17 18 19 20 21 22 23 24 25 26 27 28 29 30 31 32 33 34 35 36 37 38 39 40 41 42 43 44 45 46 47 48 49 50 51 52 53 54 55 56 57 58 59 60 61 62 63,-1.0,
base,active,,787815.0,789267.0,64,-1.0,
base,active,,787815.0,791415.0,65 66 67 68 69 70 71 72 73 74 75 76 77 78 79 80 81 82 83 84 85 86 87 88 89 90 91 92 93 94 95 96 97 98 99 100 101 102 103 104 105 106 107 108 109 110 111 112 113 114 115 116 117 118 119 120 121 122 123 124 125 126 127,-1.0,
base,active,788165.0,788165.0,790565.0,0 1 2 3 4 5 6 7 8 9 10 11 12 13 14 15 16 17 18 19 20 21 22 23 24 25 26 27 28 29 30 31 32 33 34 35 36 37 38 39 40 41 42 43 44 45 46 47 48 49 50 51 52 53 54 55 56 57 58 59 60 61 62 63,39243.0,False
base,active,789267.0,789267.0,789327.0,64,39251.0,False
base,active,,789327.0,792927.0,64,-1.0,
base,active,,790565.0,790592.0,0 1 2 3 4 5 6 7 8 9 10 11 12 13 14 15 16 17 18 19 20 21 22 23 24 25 26 27 28 29 30 31 32 33 34 35 36 37 38 39 40 41 42 43 44 45 46 47 48 49 50 51 52 53 54 55 56 57 58 59 60 61 62 63,-1.0,
base,active,790592.0,790592.0,791146.0,0 1 2 3 4 5 6 7 8 9 10 11 12 13 14 15 16 17 18 19 20 21 22 23 24 25 26 27 28 29 30 31 32 33 34 35 36 37 38 39 40 41 42 43 44 45 46 47 48 49 50 51 52 53 54 55 56 57 58 59 60 61 62 63,39260.0,False
base,active,,791146.0,792016.0,0 1 2 3 4 5 6 7 8 9 10 11 12 13 14 15 16 17 18 19 20 21 22 23 24 25 26 27 28 29 30 31 32 33 34 35 36 37 38 39 40 41 42 43 44 45 46 47 48 49 50 51 52 53 54 55 56 57 58 59 60 61 62 63,-1.0,
base,switching_off,,791415.0,793215.0,65 66 67 68 69 70 71 72 73 74 75 76 77 78 79 80 81 82 83 84 85 86 87 88 89 90 91 92 93 94 95 96 97 98 99 100 101 102 103 104 105 106 107 108 109 110 111 112 113 114 115 116 117 118 119 120 121 122 123 124 125 126 127,-2.0,
base,active,792016.0,792016.0,796318.0,0 1 2 3 4 5 6 7 8 9 10 11 12 13 14 15 16 17 18 19 20 21 22 23 24 25 26 27 28 29 30 31 32 33 34 35 36 37 38 39 40 41 42 43 44 45 46 47 48 49 50 51 52 53 54 55 56 57 58 59 60 61 62 63,39265.0,False
base,switching_off,,792927.0,794727.0,64,-2.0,
base,sleeping,,793215.0,809329.0,65 66 67 68 69 70 71 72 73 74 75 76 77 78 79,-4.0,
base,sleeping,,793215.0,822566.0,80 81 82 83 84 85 86 87 88 89 90 91 92 93 94 95 96 97 98 99 100 101 102 103 104 105 106 107 108 109 110 111 112 113 114 115 116 117 118 119 120 121 122 123 124 125 126 127,-4.0,
base,sleeping,,794727.0,802422.0,64,-4.0,
base,active,,796318.0,796319.0,0,-1.0,
base,active,,796318.0,796400.0,1 2 3 4 5 6 7 8 9 10 11 12 13 14 15 16 17 18 19 20 21 22 23 24 25 26 27 28 29 30 31 32 33 34 35 36 37 38 39 40 41 42 43 44 45 46 47 48 49 50 51 52 53 54 55 56 57 58 59 60 61 62 63,-1.0,
base,active,796319.0,796319.0,796334.0,0,39266.0,False
base,active,,796334.0,796400.0,0,-1.0,
base,active,796400.0,796400.0,808299.0,0 1 2 3 4 5 6 7 8 9 10 11 12 13 14 15 16 17 18 19 20 21 22 23 24 25 26 27 28 29 30 31 32 33 34 35 36 37 38 39 40 41 42 43 44 45 46 47 48 49 50 51 52 53 54 55 56 57 58 59 60 61 62 63,39267.0,False
base,switching_on,,802422.0,805122.0,64,-3.0,
base,active,802422.0,805122.0,805146.0,64,39268.0,False
base,active,,805146.0,808168.0,64,-1.0,
base,active,808168.0,808168.0,808183.0,64,39269.0,False
base,active,,808183.0,812029.0,64,-1.0,
base,active,,808299.0,808302.0,0,-1.0,
base,active,,808299.0,809328.0,1 2 3 4 5 6 7 8 9 10 11 12 13 14 15,-1.0,
base,active,,808299.0,810919.0,16,-1.0,
base,active,,808299.0,812029.0,17 18 19 20 21 22 23 24 25 26 27 28 29 30 31 32 33 34 35 36 37 38 39 40 41 42 43 44 45 46 47 48 49 50 51 52 53 54 55 56 57 58 59 60 61 62 63,-1.0,
base,active,808302.0,808302.0,808321.0,0,39270.0,False
base,active,,808321.0,809328.0,0,-1.0,
base,active,809328.0,809328.0,820252.0,0 1 2 3 4 5 6 7 8 9 10 11 12 13 14 15,39271.0,False
base,switching_on,,809329.0,812029.0,65 66 67 68 69 70 71 72 73 74 75 76 77 78 79,-3.0,
base,active,810919.0,810919.0,810924.0,16,39273.0,False
base,active,,810924.0,812029.0,16,-1.0,
base,active,809329.0,812029.0,822953.0,16 17 18 19 20 21 22 23 24 25 26 27 28 29 30 31 32 33 34 35 36 37 38 39 40 41 42 43 44 45 46 47 48 49 50 51 52 53 54 55 56 57 58 59 60 61 62 63 64 65 66 67 68 69 70 71 72 73 74 75 76 77 78 79,39272.0,False
base,active,,820252.0,825266.0,0 1 2 3 4 5 6 7 8 9 10 11 12 13 14 15,-1.0,
base,switching_on,,822566.0,825266.0,80 81 82 83 84 85 86 87 88 89 90 91 92 93 94 95 96 97 98 99 100 101 102 103 104 105 106 107 108 109 110 111 112 113 114 115 116 117 118 119 120 121 122 123 124 125 126 127,-3.0,
base,active,,822953.0,825266.0,16 17 18 19 20 21 22 23 24 25 26 27 28 29 30 31 32 33 34 35 36 37 38 39 40 41 42 43 44 45 46 47 48 49 50 51 52 53 54 55 56 57 58 59 60 61 62 63 64 65 66 67 68 69 70 71 72 73 74 75 76 77 78 79,-1.0,
base,active,822566.0,825266.0,825353.0,0 1 2 3 4 5 6 7 8 9 10 11 12 13 14 15 16 17 18 19 20 21 22 23 24 25 26 27 28 29 30 31 32 33 34 35 36 37 38 39 40 41 42 43 44 45 46 47 48 49 50 51 52 53 54 55 56 57 58 59 60 61 62 63 64 65 66 67 68 69 70 71 72 73 74 75 76 77 78 79 80 81 82 83 84 85 86 87 88 89 90 91 92 93 94 95 96 97 98 99 100 101 102 103 104 105 106 107 108 109 110 111 112 113 114 115 116 117 118 119 120 121 122 123 124 125 126 127,39279.0,False
base,active,,825353.0,828953.0,0 1 2 3 4 5 6 7 8 9 10 11 12 13 14 15 16 17 18 19 20 21 22 23 24 25 26 27 28 29 30 31 32 33 34 35 36 37 38 39 40 41 42 43 44 45 46 47 48 49 50 51 52 53 54 55 56 57 58 59 60 61 62 63 64 65 66 67 68 69 70 71 72 73 74 75 76 77 78 79 80 81 82 83 84 85 86 87 88 89 90 91 92 93 94 95 96 97 98 99 100 101 102 103 104 105 106 107 108 109 110 111 112 113 114 115 116 117 118 119 120 121 122 123 124 125 126 127,-1.0,
base,switching_off,,828953.0,830753.0,0 1 2 3 4 5 6 7 8 9 10 11 12 13 14 15 16 17 18 19 20 21 22 23 24 25 26 27 28 29 30 31 32 33 34 35 36 37 38 39 40 41 42 43 44 45 46 47 48 49 50 51 52 53 54 55 56 57 58 59 60 61 62 63 64 65 66 67 68 69 70 71 72 73 74 75 76 77 78 79 80 81 82 83 84 85 86 87 88 89 90 91 92 93 94 95 96 97 98 99 100 101 102 103 104 105 106 107 108 109 110 111 112 113 114 115 116 117 118 119 120 121 122 123 124 125 126 127,-2.0,
base,sleeping,,830753.0,851460.0,0 1 2 3,-4.0,
base,sleeping,,830753.0,851760.0,4 5 6 7,-4.0,
base,sleeping,,830753.0,852323.0,8 9 10 11 12 13 14 15,-4.0,
base,sleeping,,830753.0,852779.0,16 17 18 19 20 21 22 23 24 25 26 27 28 29 30 31,-4.0,
base,sleeping,,830753.0,853137.0,32 33 34 35 36 37 38 39 40 41 42 43 44 45 46 47 48 49 50 51 52 53 54 55 56 57 58 59 60 61 62 63,-4.0,
base,sleeping,,830753.0,854258.0,64 65 66 67 68 69 70 71 72 73 74 75 76 77 78 79 80 81 82 83 84 85 86 87 88 89 90 91 92 93 94 95,-4.0,
base,sleeping,,830753.0,854334.0,96 97 98 99 100 101 102 103,-4.0,
base,sleeping,,830753.0,857879.0,104 105 106 107 108 109 110 111 112 113 114 115 116 117 118 119 120 121 122 123 124 125 126 127,-4.0,
base,switching_on,,851460.0,854160.0,0 1 2 3,-3.0,
base,switching_on,,851760.0,854460.0,4 5 6 7,-3.0,
base,switching_on,,852323.0,855023.0,8 9 10 11 12 13 14 15,-3.0,
base,switching_on,,852779.0,855479.0,16 17 18 19 20 21 22 23 24 25 26 27 28 29 30 31,-3.0,
base,switching_on,,853137.0,855837.0,32 33 34 35 36 37 38 39 40 41 42 43 44 45 46 47 48 49 50 51 52 53 54 55 56 57 58 59 60 61 62 63,-3.0,
base,active,851945.0,854160.0,854207.0,0 1,39519.0,False
base,active,,854160.0,854207.0,2 3,-1.0,
base,active,851460.0,854207.0,854257.0,0 1 2 3,39514.0,False
base,active,853287.0,854257.0,854631.0,0 1 2 3,39530.0,False
base,switching_on,,854258.0,856958.0,64 65 66 67 68 69 70 71 72 73 74 75 76 77 78 79 80 81 82 83 84 85 86 87 88 89 90 91 92 93 94 95,-3.0,
base,switching_on,,854334.0,857034.0,96 97 98 99 100 101 102 103,-3.0,
base,active,853694.0,854460.0,856075.0,4 5 6 7,39532.0,False
base,active,,854631.0,854874.0,0 1 2 3,-1.0,
base,active,854874.0,854874.0,854885.0,0 1 2 3,39538.0,False
base,active,854877.0,854885.0,854894.0,0 1 2 3,39539.0,False
base,active,854879.0,854894.0,854898.0,0 1 2 3,39540.0,False
base,active,,854898.0,855023.0,0 1 2 3,-1.0,
base,active,851760.0,855023.0,855084.0,0 1 2 3 8 9 10 11,39516.0,False
base,active,,855023.0,855246.0,12 13 14 15,-1.0,
base,active,853160.0,855084.0,855670.0,0 1 2 3 8 9 10 11,39529.0,False
base,active,855246.0,855246.0,855252.0,12 13 14 15,39545.0,False
base,active,855247.0,855252.0,855258.0,12 13 14 15,39546.0,False
base,active,855249.0,855258.0,855263.0,12 13 14 15,39547.0,False
base,active,,855263.0,855360.0,12 13 14 15,-1.0,
base,active,855360.0,855360.0,855389.0,12 13 14 15,39550.0,False
base,active,855362.0,855389.0,855416.0,12 13 14 15,39551.0,False
base,active,855363.0,855416.0,855442.0,12 13 14 15,39552.0,False
base,active,,855442.0,855479.0,12 13 14 15,-1.0,
base,active,855366.0,855479.0,855503.0,20 21 22 23 24 25 26 27,39554.0,False
base,active,,855479.0,855613.0,28 29 30 31,-1.0,
base,active,854334.0,855479.0,860579.0,12 13 14 15 16 17 18 19,39535.0,False
base,active,,855503.0,855609.0,20 21 22 23,-1.0,
base,active,,855503.0,855611.0,24 25 26 27,-1.0,
base,active,855609.0,855609.0,855679.0,20 21 22 23,39556.0,False
base,active,855611.0,855611.0,855679.0,24 25 26 27,39557.0,False
base,active,855613.0,855613.0,855680.0,28 29 30 31,39558.0,False
base,active,855617.0,855670.0,855734.0,0 1 2 3 8 9 10 11,39560.0,False
base,active,,855679.0,855719.0,20,-1.0,
base,active,,855679.0,855734.0,21 22 23 24 25 26 27,-1.0,
base,active,,855680.0,855734.0,28,-1.0,
base,active,,855680.0,855837.0,29 30 31,-1.0,
base,active,855719.0,855719.0,855744.0,20,39561.0,False
base,active,852323.0,855734.0,856092.0,0 1 2 3 8 9 10 11 21 22 23 24 25 26 27 28,39523.0,False
base,active,,855744.0,855837.0,20,-1.0,
base,active,855782.0,855837.0,855843.0,36 37 38 39 40 41 42 43,39565.0,False
base,active,855783.0,855837.0,855843.0,44 45 46 47 48 49 50 51,39566.0,False
base,active,855780.0,855837.0,855844.0,20 29 30 31 32 33 34 35,39564.0,False
base,active,,855837.0,855844.0,52 53 54 55 56 57 58 59,-1.0,
base,active,,855837.0,856958.0,60 61 62 63,-1.0,
base,active,854873.0,855843.0,855854.0,36 37 38 39 40 41 42 43 44 45 46 47 48 49 50 51,39537.0,False
base,active,854881.0,855844.0,855846.0,20 29 30 31 32 33 34 35 52 53 54 55 56 57 58 59,39541.0,False
base,active,855244.0,855846.0,855858.0,20 29 30 31 32 33 34 35 52 53 54 55 56 57 58 59,39544.0,False
base,active,855250.0,855854.0,855859.0,36 37 38 39 40 41 42 43 44 45 46 47 48 49 50 51,39548.0,False
base,active,855359.0,855858.0,855890.0,20 29 30 31 32 33 34 35 52 53 54 55 56 57 58 59,39549.0,False
base,active,855365.0,855859.0,855884.0,36 37 38 39 40 41 42 43 44 45 46 47 48 49 50 51,39553.0,False
base,active,855607.0,855884.0,855959.0,36 37 38 39 40 41 42 43 44 45 46 47 48 49 50 51,39555.0,False
base,active,855615.0,855890.0,855956.0,20 29 30 31 32 33 34 35 52 53 54 55 56 57 58 59,39559.0,False
base,active,855912.0,855956.0,855963.0,52 53 54 55 56 57 58 59,39571.0,False
base,active,855910.0,855956.0,855964.0,20 29 30 31 32 33 34 35,39570.0,False
base,active,855915.0,855959.0,855964.0,36 37 38 39 40 41 42 43,39572.0,False
base,active,,855959.0,855964.0,44 45 46 47 48 49 50 51,-1.0,
base,active,,855963.0,855964.0,52 53 54 55 56 57 58 59,-1.0,
base,active,852779.0,855964.0,857215.0,20 29 30 31 32 33 34 35 36 37 38 39 40 41 42 43 44 45 46 47 48 49 50 51 52 53 54 55 56 57 58 59,39526.0,False
base,active,,856075.0,856816.0,4 5 6 7,-1.0,
base,active,,856092.0,856427.0,0,-1.0,
base,active,,856092.0,856814.0,1 2 3,-1.0,
base,active,,856092.0,856816.0,8 9 10 11,-1.0,
base,active,,856092.0,856818.0,21 22 23 24 25 26 27 28,-1.0,
base,active,856427.0,856427.0,856453.0,0,39578.0,False
base,active,,856453.0,856814.0,0,-1.0,
base,active,856814.0,856814.0,856876.0,0 1 2 3,39581.0,False
base,active,856816.0,856816.0,856822.0,4 5 6 7 8 9 10 11,39582.0,False
base,active,856818.0,856818.0,856823.0,21 22 23 24 25 26 27 28,39583.0,False
base,active,,856822.0,856958.0,4 5 6 7 8 9 10 11,-1.0,
base,active,,856823.0,856958.0,21 22 23 24 25 26 27 28,-1.0,
base,active,,856876.0,856958.0,0 1 2 3,-1.0,
base,active,,856958.0,857034.0,72 73 74 75 76 77 78 79 80 81 82 83 84 85 86 87 88 89 90 91 92 93 94 95,-1.0,
base,active,853137.0,856958.0,857566.0,0 1 2 3 4 5 6 7 8 9 10 11 21 22 23 24 25 26 27 28 60 61 62 63 64 65 66 67 68 69 70 71,39528.0,False
base,active,854199.0,857034.0,857724.0,72 73 74 75 76 77 78 79 80 81 82 83 84 85 86 87 88 89 90 91 92 93 94 95 96 97 98 99 100 101 102 103,39533.0,False
base,active,857135.0,857215.0,857219.0,48 49 50 51 52 53 54 55,39589.0,False
base,active,857132.0,857215.0,857220.0,32 33 34 35 36 37 38 39,39587.0,False
base,active,857133.0,857215.0,857220.0,40 41 42 43 44 45 46 47,39588.0,False
base,active,857057.0,857215.0,857264.0,20 29 30 31,39585.0,False
base,active,,857215.0,857264.0,56 57 58 59,-1.0,
base,active,,857219.0,857264.0,48 49 50 51 52 53 54 55,-1.0,
base,active,,857220.0,857264.0,32 33 34 35 36 37 38 39 40 41 42 43 44 45 46 47,-1.0,
base,active,854258.0,857264.0,862440.0,20 29 30 31 32 33 34 35 36 37 38 39 40 41 42 43 44 45 46 47 48 49 50 51 52 53 54 55 56 57 58 59,39534.0,False
base,active,857456.0,857566.0,857569.0,25 26 27 28 60 61 62 63,39593.0,False
base,active,857454.0,857566.0,857570.0,8 9 10 11 21 22 23 24,39592.0,False
base,active,857452.0,857566.0,857574.0,0 1 2 3 4 5 6 7,39591.0,False
base,active,,857566.0,857574.0,64 65 66 67 68 69 70 71,-1.0,
base,active,,857569.0,857574.0,25 26 27 28 60 61 62 63,-1.0,
base,active,,857570.0,857574.0,8 9 10 11 21 22 23 24,-1.0,
base,active,854967.0,857574.0,858315.0,0 1 2 3 4 5 6 7 8 9 10 11 21 22 23 24 25 26 27 28 60 61 62 63 64 65 66 67 68 69 70 71,39542.0,False
base,active,855779.0,857724.0,857732.0,72 73 74 75 76 77 78 79 80 81 82 83 84 85 86 87 88 89 90 91 92 93 94 95 96 97 98 99 100 101 102 103,39563.0,False
base,active,855785.0,857732.0,857737.0,72 73 74 75 76 77 78 79 80 81 82 83 84 85 86 87 88 89 90 91 92 93 94 95 96 97 98 99 100 101 102 103,39567.0,False
base,active,855808.0,857737.0,861363.0,72 73 74 75 76 77 78 79 80 81 82 83 84 85 86 87 88 89 90 91 92 93 94 95 96 97 98 99 100 101 102 103,39568.0,False
base,switching_on,,857879.0,860579.0,104 105 106 107 108 109 110 111 112 113 114 115 116 117 118 119 120 121 122 123 124 125 126 127,-3.0,
base,active,857812.0,858315.0,858336.0,1,39596.0,False
base,active,857748.0,858315.0,858359.0,0,39595.0,False
base,active,857861.0,858315.0,859888.0,2 3,39598.0,False
base,active,857838.0,858315.0,859911.0,4 5 6 7,39597.0,False
base,active,,858315.0,859911.0,8 9 10 11 21 22 23 24 25 26 27 28 60 61 62 63 64 65 66 67 68 69 70 71,-1.0,
base,active,,858336.0,859911.0,1,-1.0,
base,active,,858359.0,859911.0,0,-1.0,
base,active,,859888.0,859911.0,2 3,-1.0,
base,active,855907.0,859911.0,859922.0,0 1 2 3 4 5 6 7 8 9 10 11 21 22 23 24 25 26 27 28 60 61 62 63 64 65 66 67 68 69 70 71,39569.0,False
base,active,855996.0,859922.0,860653.0,0 1 2 3 4 5 6 7 8 9 10 11 21 22 23 24 25 26 27 28 60 61 62 63 64 65 66 67 68 69 70 71,39573.0,False
base,active,856812.0,860579.0,860588.0,12 13 14 15 16 17 18 19 104 105 106 107 108 109 110 111 112 113 114 115 116 117 118 119 120 121 122 123 124 125 126 127,39580.0,False
base,active,857130.0,860588.0,860595.0,12 13 14 15 16 17 18 19 104 105 106 107 108 109 110 111 112 113 114 115 116 117 118 119 120 121 122 123 124 125 126 127,39586.0,False
base,active,857451.0,860595.0,860604.0,12 13 14 15 16 17 18 19 104 105 106 107 108 109 110 111 112 113 114 115 116 117 118 119 120 121 122 123 124 125 126 127,39590.0,False
base,active,857882.0,860604.0,861026.0,12 13 14 15 16 17 18 19 104 105 106 107 108 109 110 111 112 113 114 115 116 117 118 119 120 121 122 123 124 125 126 127,39599.0,False
base,active,,860653.0,863188.0,0,-1.0,
base,active,,860653.0,863202.0,1 2 3 4 5 6 7 8 9 10 11 21 22 23 24 25 26 27 28,-1.0,
base,active,,860653.0,863289.0,60 61 62 63,-1.0,
base,active,,860653.0,863609.0,64 65 66 67 68 69 70 71,-1.0,
base,active,,861026.0,863202.0,12 13 14 15 16 17 18 19,-1.0,
base,active,,861026.0,863644.0,104 105 106 107,-1.0,
base,active,,861026.0,863647.0,108 109 110 111 112 113 114 115,-1.0,
base,active,,861026.0,863831.0,116 117 118 119 120 121 122 123,-1.0,
base,active,,861026.0,864626.0,124 125 126 127,-1.0,
base,active,,861363.0,863609.0,72 73 74 75 76 77 78 79,-1.0,
base,active,,861363.0,863615.0,80 81 82 83,-1.0,
base,active,,861363.0,863632.0,84 85 86 87,-1.0,
base,active,,861363.0,863639.0,88 89 90 91,-1.0,
base,active,,861363.0,863644.0,92 93 94 95 96 97 98 99 100 101 102 103,-1.0,
base,active,,862440.0,863202.0,20 29 30 31 32,-1.0,
base,active,,862440.0,863289.0,33 34 35 36 37 38 39 40 41 42 43 44 45 46 47 48 49 50 51 52 53 54 55 56 57 58 59,-1.0,
base,active,863188.0,863188.0,863220.0,0,39607.0,False
base,active,863202.0,863202.0,863204.0,1 2 3 4 5 6 7 8 9 10 11 12 13 14 15 16 17 18 19 20 21 22 23 24 25 26 27 28 29 30 31 32,39608.0,False
base,active,,863204.0,863218.0,1 2 3 4 5 6 7 8 9 10 11 12 13 14 15 16 17 18 19 20 21 22 23 24 25 26 27 28 29 30 31 32,-1.0,
base,active,863218.0,863218.0,866939.0,1 2 3 4 5 6 7 8 9 10 11 12 13 14 15 16 17 18 19 20 21 22 23 24 25 26 27 28 29 30 31 32,39609.0,False
base,active,,863220.0,863289.0,0,-1.0,
base,active,863289.0,863289.0,864290.0,0 33 34 35 36 37 38 39 40 41 42 43 44 45 46 47 48 49 50 51 52 53 54 55 56 57 58 59 60 61 62 63,39610.0,False
base,active,863609.0,863609.0,864094.0,64 65 66 67 68 69 70 71 72 73 74 75 76 77 78 79,39611.0,False
base,active,863615.0,863615.0,864094.0,80 81 82 83,39612.0,False
base,active,863632.0,863632.0,864092.0,84 85 86 87,39613.0,False
base,active,863639.0,863639.0,864092.0,88 89 90 91,39614.0,False
base,active,863644.0,863644.0,864093.0,92 93 94 95 96 97 98 99 100 101 102 103 104 105 106 107,39615.0,False
base,active,863647.0,863647.0,864093.0,108 109 110 111 112 113 114 115,39616.0,False
base,active,863831.0,863831.0,864023.0,116 117 118 119 120 121 122 123,39618.0,False
base,active,,864023.0,866171.0,116 117 118 119,-1.0,
base,active,,864023.0,867623.0,120 121 122 123,-1.0,
base,active,,864092.0,864875.0,84 85 86 87,-1.0,
base,active,,864092.0,864881.0,88 89 90 91,-1.0,
base,active,,864093.0,864881.0,92 93 94 95,-1.0,
base,active,,864093.0,864883.0,96 97 98 99 100 101 102 103,-1.0,
base,active,,864093.0,866171.0,104 105 106 107 108 109 110 111 112 113 114 115,-1.0,
base,active,,864094.0,864873.0,64 65 66 67 68 69 70 71 72 73 74 75 76 77 78 79,-1.0,
base,active,,864094.0,864875.0,80 81 82 83,-1.0,
base,active,,864290.0,864739.0,0 33 34 35 36 37 38 39 40 41 42 43 44 45 46 47,-1.0,
base,active,,864290.0,864873.0,48 49 50 51 52 53 54 55 56 57 58 59 60 61 62 63,-1.0,
base,switching_off,,864626.0,866426.0,124 125 126 127,-2.0,
base,active,864739.0,864739.0,864891.0,0 33 34 35 36 37 38 39 40 41 42 43 44 45 46 47,39620.0,False
base,active,864873.0,864873.0,864916.0,48 49 50 51 52 53 54 55 56 57 58 59 60 61 62 63 64 65 66 67 68 69 70 71 72 73 74 75 76 77 78 79,39622.0,False
base,active,864875.0,864875.0,864916.0,80 81 82 83 84 85 86 87,39623.0,False
base,active,864881.0,864881.0,864917.0,88 89 90 91 92 93 94 95,39624.0,False
base,active,864883.0,864883.0,864917.0,96 97 98 99 100 101 102 103,39625.0,False
base,active,,864891.0,864911.0,0 33 34 35 36 37 38 39 40 41 42 43 44 45 46 47,-1.0,
base,active,864911.0,864911.0,864918.0,0 33 34 35 36 37 38 39 40 41 42 43 44 45 46 47,39626.0,False
base,active,,864916.0,865129.0,48 49 50 51 52 53 54 55 56 57 58 59 60 61 62 63 64 65 66 67 68 69 70 71 72 73 74 75 76 77 78 79,-1.0,
base,active,,864916.0,865131.0,80 81 82 83 84 85 86 87,-1.0,
base,active,,864917.0,865133.0,88 89 90 91 92 93 94 95,-1.0,
base,active,,864917.0,865135.0,96 97 98 99 100 101 102 103,-1.0,
base,active,,864918.0,864923.0,0 33 34 35 36 37 38 39 40 41 42 43 44 45 46 47,-1.0,
base,active,864923.0,864923.0,866947.0,0 33 34 35 36 37 38 39 40 41 42 43 44 45 46 47,39627.0,False
base,active,865129.0,865129.0,865218.0,48 49 50 51 52 53 54 55 56 57 58 59 60 61 62 63 64 65 66 67 68 69 70 71 72 73 74 75 76 77 78 79,39628.0,False
base,active,865131.0,865131.0,865217.0,80 81 82 83 84 85 86 87,39629.0,False
base,active,865133.0,865133.0,865217.0,88 89 90 91 92 93 94 95,39630.0,False
base,active,865135.0,865135.0,865218.0,96 97 98 99 100 101 102 103,39631.0,False
base,active,,865217.0,865685.0,80 81 82 83 84 85 86 87,-1.0,
base,active,,865217.0,866171.0,88 89 90 91 92 93 94 95,-1.0,
base,active,,865218.0,865656.0,48 49 50 51 52 53 54 55 56 57 58 59 60 61 62 63 64 65 66 67 68 69 70 71 72 73 74 75 76 77 78 79,-1.0,
base,active,,865218.0,866171.0,96 97 98 99 100 101 102 103,-1.0,
base,active,865656.0,865656.0,865738.0,48 49 50 51 52 53 54 55 56 57 58 59 60 61 62 63 64 65 66 67 68 69 70 71 72 73 74 75 76 77 78 79,39633.0,False
base,active,865685.0,865685.0,865739.0,80 81 82 83 84 85 86 87,39634.0,False
base,active,,865738.0,865785.0,48 49 50 51 52 53 54 55 56 57 58 59 60 61 62 63 64 65 66 67 68 69 70 71 72 73 74 75 76 77 78 79,-1.0,
base,active,,865739.0,865810.0,80 81 82 83 84 85 86 87,-1.0,
base,active,865785.0,865785.0,874466.0,48 49 50 51 52 53 54 55 56 57 58 59 60 61 62 63 64 65 66 67 68 69 70 71 72 73 74 75 76 77 78 79,39635.0,False
base,active,865810.0,865810.0,874467.0,80 81 82 83 84 85 86 87,39636.0,False
base,active,866171.0,866171.0,866232.0,88 89 90 91 92 93 94 95 96 97 98 99 100 101 102 103 104 105 106 107 108 109 110 111 112 113 114 115 116 117 118 119,39638.0,False
base,active,,866232.0,866251.0,88,-1.0,
base,active,,866232.0,866698.0,89 90 91 92 93 94 95 96 97 98 99 100 101 102 103 104 105 106 107 108 109 110 111 112 113 114 115 116 117 118 119,-1.0,
base,active,866251.0,866251.0,866256.0,88,39639.0,False
base,active,,866256.0,866698.0,88,-1.0,
base,sleeping,,866426.0,891206.0,124 125 126 127,-4.0,
base,active,866698.0,866698.0,866742.0,88 89 90 91 92 93 94 95 96 97 98 99 100 101 102 103 104 105 106 107 108 109 110 111 112 113 114 115 116 117 118 119,39641.0,False
base,active,,866742.0,870342.0,88 89 90 91 92 93 94 95 96 97 98 99 100 101 102 103 104 105 106 107 108 109 110 111 112 113 114 115 116 117 118 119,-1.0,
base,active,,866939.0,866971.0,1 2 3 4 5 6 7 8 9 10 11 12 13 14 15,-1.0,
base,active,,866939.0,867000.0,16 17 18 19 20 21 22 23 24 25 26 27 28 29 30 31 32,-1.0,
base,active,,866947.0,866971.0,0,-1.0,
base,active,,866947.0,867000.0,33 34 35 36 37 38 39 40 41 42 43 44 45 46 47,-1.0,
base,active,866971.0,866971.0,867371.0,0 1 2 3 4 5 6 7 8 9 10 11 12 13 14 15,39642.0,False
base,active,867000.0,867000.0,867124.0,16 17 18 19 20 21 22 23 24 25 26 27 28 29 30 31 32 33 34 35 36 37 38 39 40 41 42 43 44 45 46 47,39643.0,False
base,active,,867124.0,867688.0,16,-1.0,
base,active,,867124.0,867857.0,17 18 19 20 21 22 23 24 25 26 27 28 29 30 31,-1.0,
base,active,,867124.0,868219.0,32,-1.0,
base,active,,867124.0,868233.0,33,-1.0,
base,active,,867124.0,868284.0,34 35 36,-1.0,
base,active,,867124.0,868381.0,37 38 39,-1.0,
base,active,,867124.0,868406.0,40 41,-1.0,
base,active,,867124.0,870724.0,42 43 44 45 46 47,-1.0,
base,active,,867371.0,867380.0,0 1 2 3 4 5 6 7 8 9 10 11 12 13 14 15,-1.0,
base,active,867380.0,867380.0,867792.0,0 1 2 3 4 5 6 7 8 9 10 11 12 13 14 15,39645.0,False
base,switching_off,,867623.0,869423.0,120 121 122 123,-2.0,
base,active,867688.0,867688.0,867793.0,16,39647.0,False
base,active,,867792.0,867857.0,0 1 2 3 4 5 6 7 8 9 10 11 12 13 14 15,-1.0,
base,active,,867793.0,867857.0,16,-1.0,
base,active,867857.0,867857.0,867972.0,0 1 2 3 4 5 6 7 8 9 10 11 12 13 14 15 16 17 18 19 20 21 22 23 24 25 26 27 28 29 30 31,39648.0,False
base,active,,867972.0,868213.0,0 1 2 3 4 5 6 7 8 9 10 11 12 13 14 15 16 17 18 19 20 21 22 23 24 25 26 27 28 29 30 31,-1.0,
base,active,868213.0,868213.0,868640.0,0 1 2 3 4 5 6 7 8 9 10 11 12 13 14 15 16 17 18 19 20 21 22 23 24 25 26 27 28 29 30 31,39650.0,False
base,active,868219.0,868219.0,868238.0,32,39651.0,False
base,active,868233.0,868233.0,868327.0,33,39652.0,False
base,active,,868238.0,868284.0,32,-1.0,
base,active,868284.0,868284.0,868641.0,32 34 35 36,39653.0,False
base,active,,868327.0,868348.0,33,-1.0,
base,active,868348.0,868348.0,868374.0,33,39654.0,False
base,active,,868374.0,868381.0,33,-1.0,
base,active,868381.0,868381.0,870001.0,33 37 38 39,39655.0,False
base,active,868406.0,868406.0,870003.0,40 41,39656.0,False
base,active,,868640.0,868649.0,0 1 2 3 4 5 6 7 8 9 10 11 12 13 14 15 16 17 18 19 20 21 22 23 24 25 26 27 28 29 30 31,-1.0,
base,active,,868641.0,872241.0,32 34 35 36,-1.0,
base,active,868649.0,868649.0,868679.0,0 1 2 3 4 5 6 7 8 9 10 11 12 13 14 15 16 17 18 19 20 21 22 23 24 25 26 27 28 29 30 31,39658.0,False
base,active,,868679.0,869037.0,0 1 2 3 4 5 6 7 8 9 10 11 12 13 14 15 16 17 18 19 20 21 22 23 24 25 26 27 28 29 30 31,-1.0,
base,active,869037.0,869037.0,869141.0,0 1 2 3 4 5 6 7 8 9 10 11 12 13 14 15 16 17 18 19 20 21 22 23 24 25 26 27 28 29 30 31,39659.0,False
base,active,,869141.0,869613.0,0 1 2 3 4 5 6 7 8 9 10 11 12 13 14 15 16 17 18 19 20 21 22 23 24 25 26 27 28 29 30 31,-1.0,
base,sleeping,,869423.0,891206.0,120 121 122 123,-4.0,
base,active,869613.0,869613.0,869656.0,0 1 2 3 4 5 6 7 8 9 10 11 12 13 14 15 16 17 18 19 20 21 22 23 24 25 26 27 28 29 30 31,39664.0,False
base,active,,869656.0,869826.0,0 1 2 3 4 5 6 7 8 9 10 11 12 13 14 15,-1.0,
base,active,,869656.0,872615.0,16 17 18 19 20 21,-1.0,
base,active,,869656.0,872842.0,22,-1.0,
base,active,,869656.0,873256.0,23 24 25 26 27 28 29 30 31,-1.0,
base,active,869826.0,869826.0,870078.0,0 1 2 3 4 5 6 7 8 9 10 11 12 13 14 15,39667.0,False
base,active,,870001.0,873601.0,33 37 38 39,-1.0,
base,active,,870003.0,873603.0,40 41,-1.0,
base,active,,870078.0,870199.0,0 1 2 3 4 5 6 7 8 9 10 11 12 13 14 15,-1.0,
base,active,870199.0,870199.0,870689.0,0 1 2 3 4 5 6 7 8 9 10 11 12 13 14 15,39668.0,False
base,switching_off,,870342.0,872142.0,88 89 90 91 92 93 94 95 96 97 98 99 100 101 102 103 104 105 106 107 108 109 110 111 112 113 114 115 116 117 118 119,-2.0,
base,active,,870689.0,870903.0,0 1 2 3 4 5 6 7 8 9 10 11 12 13 14 15,-1.0,
base,switching_off,,870724.0,872524.0,42 43 44 45 46 47,-2.0,
base,active,870903.0,870903.0,871151.0,0 1 2 3 4 5 6 7 8 9 10 11 12 13 14 15,39671.0,False
base,active,,871151.0,871626.0,0,-1.0,
base,active,,871151.0,871706.0,1 2 3,-1.0,
base,active,,871151.0,871728.0,4 5,-1.0,
base,active,,871151.0,872615.0,6 7 8 9 10 11 12 13 14 15,-1.0,
base,active,871626.0,871626.0,871670.0,0,39677.0,False
base,active,,871670.0,871682.0,0,-1.0,
base,active,871682.0,871682.0,871700.0,0,39678.0,False
base,active,,871700.0,871706.0,0,-1.0,
base,active,871706.0,871706.0,871735.0,0 1 2 3,39679.0,False
base,active,871728.0,871728.0,871748.0,4 5,39680.0,False
base,active,,871735.0,872015.0,0 1 2 3,-1.0,
base,active,,871748.0,872036.0,4 5,-1.0,
base,active,872015.0,872015.0,872948.0,0 1 2 3,39682.0,False
base,active,872036.0,872036.0,872949.0,4 5,39683.0,False
base,sleeping,,872142.0,878538.0,88 89 90 91 92 93 94 95 96,-4.0,
base,sleeping,,872142.0,880051.0,97 98 99 100 101 102 103 104,-4.0,
base,sleeping,,872142.0,886374.0,105 106 107,-4.0,
base,sleeping,,872142.0,889222.0,108,-4.0,
base,sleeping,,872142.0,891206.0,109 110 111 112 113 114 115 116 117 118 119,-4.0,
base,switching_off,,872241.0,874041.0,32 34 35 36,-2.0,
base,sleeping,,872524.0,878538.0,42 43 44 45 46 47,-4.0,
base,active,872615.0,872615.0,872996.0,6 7 8 9 10 11 12 13 14 15 16 17 18 19 20 21,39685.0,False
base,active,872842.0,872842.0,872906.0,22,39686.0,False
base,active,,872906.0,872926.0,22,-1.0,
base,active,872926.0,872926.0,872947.0,22,39688.0,False
base,active,,872947.0,874508.0,22,-1.0,
base,active,,872948.0,872951.0,0 1 2 3,-1.0,
base,active,,872949.0,872978.0,4 5,-1.0,
base,active,872951.0,872951.0,873791.0,0 1 2 3,39690.0,False
base,active,872978.0,872978.0,873792.0,4 5,39691.0,False
base,active,,872996.0,873871.0,6 7 8 9,-1.0,
base,active,,872996.0,874073.0,10,-1.0,
base,active,,872996.0,874500.0,11 12 13 14 15,-1.0,
base,active,,872996.0,874508.0,16 17 18 19 20 21,-1.0,
base,switching_off,,873256.0,875056.0,23 24 25 26 27 28 29 30 31,-2.0,
base,switching_off,,873601.0,875401.0,33 37 38 39,-2.0,
base,switching_off,,873603.0,875403.0,40 41,-2.0,
base,active,,873791.0,873793.0,0 1 2 3,-1.0,
base,active,,873792.0,873814.0,4 5,-1.0,
base,active,873793.0,873793.0,874387.0,0 1 2 3,39695.0,False
base,active,873814.0,873814.0,874388.0,4 5,39697.0,False
base,active,873871.0,873871.0,873916.0,6 7 8 9,39698.0,False
base,active,,873916.0,874019.0,6,-1.0,
base,active,,873916.0,874056.0,7 8 9,-1.0,
base,active,874019.0,874019.0,874050.0,6,39699.0,False
base,sleeping,,874041.0,874313.0,32,-4.0,
base,sleeping,,874041.0,878538.0,34 35 36,-4.0,
base,active,,874050.0,874056.0,6,-1.0,
base,active,874056.0,874056.0,874170.0,6 7 8 9,39700.0,False
base,active,874073.0,874073.0,874102.0,10,39701.0,False
base,active,,874102.0,874110.0,10,-1.0,
base,active,874110.0,874110.0,874235.0,10,39702.0,False
base,active,,874170.0,874303.0,6,-1.0,
base,active,,874170.0,874500.0,7 8 9,-1.0,
base,active,,874235.0,874500.0,10,-1.0,
base,active,874303.0,874303.0,874335.0,6,39703.0,False
base,switching_on,,874313.0,877013.0,32,-3.0,
base,active,,874335.0,874378.0,6,-1.0,
base,active,874378.0,874378.0,874410.0,6,39705.0,False
base,active,,874387.0,874500.0,0 1 2 3,-1.0,
base,active,,874388.0,874500.0,4 5,-1.0,
base,active,,874410.0,874500.0,6,-1.0,
base,active,,874466.0,874508.0,48 49 50 51 52 53 54 55 56 57 58 59 60 61 62 63 64 65 66 67 68 69 70 71 72,-1.0,
base,active,,874466.0,874538.0,73,-1.0,
base,active,,874466.0,874806.0,74 75 76 77,-1.0,
base,active,,874466.0,874831.0,78 79,-1.0,
base,active,,874467.0,874904.0,80 81 82,-1.0,
base,active,,874467.0,880051.0,83 84 85,-1.0,
base,active,,874467.0,881238.0,86 87,-1.0,
base,active,874500.0,874500.0,874873.0,0 1 2 3 4 5 6 7 8 9 10 11 12 13 14 15,39707.0,False
base,active,874508.0,874508.0,876345.0,16 17 18 19 20 21 22 48 49 50 51 52 53 54 55 56 57 58 59 60 61 62 63 64 65 66 67 68 69 70 71 72,39708.0,False
base,active,874538.0,874538.0,874587.0,73,39709.0,False
base,active,,874587.0,874677.0,73,-1.0,
base,active,874677.0,874677.0,874709.0,73,39710.0,False
base,active,,874709.0,874803.0,73,-1.0,
base,active,874803.0,874803.0,874837.0,73,39713.0,False
base,active,874806.0,874806.0,875627.0,74 75 76 77,39714.0,False
base,active,874831.0,874831.0,875630.0,78 79,39716.0,False
base,active,,874837.0,874904.0,73,-1.0,
base,active,,874873.0,874877.0,0 1 2 3 4 5 6 7 8 9 10 11 12 13 14 15,-1.0,
base,active,874877.0,874877.0,875222.0,0 1 2 3 4 5 6 7 8 9 10 11 12 13 14 15,39717.0,False
base,active,874904.0,874904.0,874923.0,73 80 81 82,39718.0,False
base,active,,874923.0,874929.0,73,-1.0,
base,active,,874923.0,875013.0,80 81 82,-1.0,
base,active,874929.0,874929.0,874960.0,73,39719.0,False
base,active,,874960.0,875013.0,73,-1.0,
base,active,875013.0,875013.0,875063.0,73 80 81 82,39722.0,False
base,sleeping,,875056.0,876304.0,23,-4.0,
base,sleeping,,875056.0,878538.0,24 25 26 27 28 29 30 31,-4.0,
base,active,,875063.0,875301.0,73 80 81 82,-1.0,
base,active,,875222.0,875262.0,0 1 2 3,-1.0,
base,active,,875222.0,875301.0,4 5 6 7 8 9 10 11 12 13 14 15,-1.0,
base,active,875262.0,875262.0,875394.0,0 1 2 3,39725.0,False
base,active,875301.0,875301.0,875556.0,4 5 6 7 8 9 10 11 12 13 14 15 73 80 81 82,39726.0,False
base,active,,875394.0,875588.0,0 1 2 3,-1.0,
base,sleeping,,875401.0,878538.0,33 37 38 39,-4.0,
base,sleeping,,875403.0,878538.0,40 41,-4.0,
base,active,,875556.0,875588.0,4 5 6 7 8 9 10 11 12 13 14 15,-1.0,
base,active,,875556.0,875631.0,73,-1.0,
base,active,,875556.0,875899.0,80,-1.0,
base,active,,875556.0,879908.0,81,-1.0,
base,active,,875556.0,879922.0,82,-1.0,
base,active,875588.0,875588.0,875975.0,0 1 2 3 4 5 6 7 8 9 10 11 12 13 14 15,39728.0,False
base,active,,875627.0,875631.0,74 75 76,-1.0,
base,active,,875627.0,875769.0,77,-1.0,
base,active,,875630.0,875790.0,78 79,-1.0,
base,active,875631.0,875631.0,875697.0,73 74 75 76,39729.0,False
base,active,,875697.0,875736.0,73,-1.0,
base,active,,875697.0,875769.0,74 75 76,-1.0,
base,active,875736.0,875736.0,875847.0,73,39730.0,False
base,active,875769.0,875769.0,877691.0,74 75 76 77,39732.0,False
base,active,875790.0,875790.0,877691.0,78 79,39733.0,False
base,active,,875847.0,875885.0,73,-1.0,
base,active,875885.0,875885.0,875910.0,73,39735.0,False
base,active,875899.0,875899.0,875983.0,80,39736.0,False
base,active,,875910.0,876304.0,73,-1.0,
base,active,875740.0,875975.0,876272.0,0 1 2 3 4 5 6 7 8 9 10 11 12 13 14 15,39731.0,False
base,active,,875983.0,876617.0,80,-1.0,
base,active,876022.0,876272.0,876646.0,0 1 2 3 4 5 6 7 8 9 10 11 12 13 14 15,39737.0,False
base,switching_on,,876304.0,879004.0,23,-3.0,
base,active,876304.0,876304.0,888314.0,73,39740.0,False
base,active,,876345.0,876350.0,57,-1.0,
base,active,,876345.0,876404.0,58 59 60 61 62 63 64 65 66 67 68 69 70 71 72,-1.0,
base,active,876263.0,876345.0,876635.0,16 17 18 19 20 21 22 48 49 50 51 52 53 54 55 56,39739.0,False
base,active,876350.0,876350.0,876370.0,57,39741.0,False
base,active,,876370.0,876404.0,57,-1.0,
base,active,876404.0,876404.0,876805.0,57 58 59 60 61 62 63 64 65 66 67 68 69 70 71 72,39743.0,False
base,active,876617.0,876617.0,876627.0,80,39746.0,False
base,active,,876627.0,876718.0,80,-1.0,
base,active,,876635.0,876646.0,16 17 18 19 20 21 22 48 49 50 51 52 53 54 55 56,-1.0,
base,active,876437.0,876646.0,878703.0,0 1 2 3 4 5 6 7 8 9 10 11 12 13 14 15 16 17 18 19 20 21 22 48 49 50 51 52 53 54 55 56,39744.0,False
base,active,876718.0,876718.0,876726.0,80,39748.0,False
base,active,,876726.0,879908.0,80,-1.0,
base,active,,876805.0,876808.0,57 58 59 60 61 62 63 64 65 66 67 68 69 70 71 72,-1.0,
base,active,876808.0,876808.0,877092.0,57 58 59 60 61 62 63 64 65 66 67 68 69 70 71 72,39751.0,False
base,active,,877013.0,877092.0,32,-1.0,
base,active,876809.0,877092.0,877425.0,32 57 58 59 60 61 62 63 64 65 66 67 68 69 70 71,39752.0,False
base,active,,877092.0,877613.0,72,-1.0,
base,active,877176.0,877425.0,877737.0,32 57 58 59 60 61 62 63 64 65 66 67 68 69 70 71,39754.0,False
base,active,877613.0,877613.0,877651.0,72,39760.0,False
base,active,,877651.0,877670.0,72,-1.0,
base,active,877670.0,877670.0,877689.0,72,39761.0,False
base,active,,877689.0,877693.0,72,-1.0,
base,active,,877691.0,877693.0,74 75 76,-1.0,
base,active,,877691.0,877714.0,77 78,-1.0,
base,active,,877691.0,877873.0,79,-1.0,
base,active,877693.0,877693.0,878719.0,72 74 75 76,39762.0,False
base,active,877714.0,877714.0,878719.0,77 78,39763.0,False
base,active,877509.0,877737.0,877905.0,32 57 58 59 60 61 62 63 64 65 66 67 68 69 70 71,39758.0,False
base,active,877873.0,877873.0,877889.0,79,39764.0,False
base,active,,877889.0,879908.0,79,-1.0,
base,active,877516.0,877905.0,878197.0,32 57 58 59 60 61 62 63 64 65 66 67 68 69 70 71,39759.0,False
base,active,878039.0,878197.0,878515.0,32 57 58 59 60 61 62 63 64 65 66 67 68 69 70 71,39766.0,False
base,active,878147.0,878515.0,878875.0,32 57 58 59 60 61 62 63 64 65 66 67 68 69 70 71,39767.0,False
base,switching_on,,878538.0,881238.0,24 25 26 27 28 29 30 31 33 34 35 36 37 38 39 40 41 42 43 44 45 46 47 88 89 90 91 92 93 94 95 96,-3.0,
base,active,,878703.0,878721.0,16 17 18 19,-1.0,
base,active,,878703.0,878743.0,20 21,-1.0,
base,active,,878703.0,878834.0,22 48 49 50 51 52 53 54 55 56,-1.0,
base,active,878538.0,878703.0,878933.0,0 1 2 3 4 5 6 7 8 9 10 11 12 13 14 15,39770.0,False
base,active,,878719.0,878834.0,72 74 75 76 77 78,-1.0,
base,active,878721.0,878721.0,879801.0,16 17 18 19,39772.0,False
base,active,878743.0,878743.0,879801.0,20 21,39773.0,False
base,active,878834.0,878834.0,879097.0,22 48 49 50 51 52 53 54 55 56 72 74 75 76 77 78,39774.0,False
base,active,,878875.0,878933.0,32 57 58 59 60 61 62 63 64 65 66 67 68 69 70 71,-1.0,
base,active,876554.0,878933.0,878991.0,0 1 2 3 4 5 6 7 8 9 10 11 12 13 14 15 32 57 58 59 60 61 62 63 64 65 66 67 68 69 70 71,39745.0,False
base,active,876689.0,878991.0,879154.0,0 1 2 3 4 5 6 7 8 9 10 11 12 13 14 15 32 57 58 59 60 61 62 63 64 65 66 67 68 69 70 71,39747.0,False
base,active,,879004.0,879100.0,23,-1.0,
base,active,,879097.0,879100.0,22 48 49,-1.0,
base,active,,879097.0,879154.0,50 51 52 53 54 55 56,-1.0,
base,active,,879097.0,879583.0,72 74 75 76 77,-1.0,
base,active,,879097.0,879908.0,78,-1.0,
base,active,879100.0,879100.0,879560.0,22 23 48 49,39778.0,False
base,active,877306.0,879154.0,879433.0,0 1 2 3 4 5 6 7 8 9 10 11 12 13 14 15 32 50 51 52 53 54 55 56 57 58 59 60 61 62 63 64,39756.0,False
base,active,,879154.0,879583.0,65 66 67 68 69 70 71,-1.0,
base,active,878393.0,879433.0,879564.0,0 1 2 3 4 5 6 7 8 9 10 11 12 13 14 15 32 50 51 52 53 54 55 56 57 58 59 60 61 62 63 64,39768.0,False
base,active,,879560.0,879564.0,22 23 48 49,-1.0,
base,active,,879564.0,879583.0,61 62 63 64,-1.0,
base,active,878508.0,879564.0,881613.0,0 1 2 3 4 5 6 7 8 9 10 11 12 13 14 15 22 23 32 48 49 50 51 52 53 54 55 56 57 58 59 60,39769.0,False
base,active,879583.0,879583.0,879756.0,61 62 63 64 65 66 67 68 69 70 71 72 74 75 76 77,39782.0,False
base,active,,879756.0,879795.0,61 62 63 64 65 66 67 68 69 70 71 72 74 75 76 77,-1.0,
base,active,879795.0,879795.0,880077.0,61 62 63 64 65 66 67 68 69 70 71 72 74 75 76 77,39784.0,False
base,active,,879801.0,879803.0,16 17 18 19,-1.0,
base,active,,879801.0,879826.0,20 21,-1.0,
base,active,879803.0,879803.0,880704.0,16 17 18 19,39785.0,False
base,active,879826.0,879826.0,880710.0,20 21,39786.0,False
base,active,879908.0,879908.0,880013.0,78 79 80 81,39787.0,False
base,active,879922.0,879922.0,879943.0,82,39788.0,False
base,active,,879943.0,880051.0,82,-1.0,
base,active,,880013.0,880051.0,78 79 80 81,-1.0,
base,switching_on,,880051.0,882751.0,97 98 99 100 101 102 103 104,-3.0,
base,active,880051.0,880051.0,883438.0,78 79 80 81 82 83 84 85,39790.0,False
base,active,,880077.0,880354.0,61 62 63 64 65 66 67 68 69 70 71 72 74 75 76 77,-1.0,
base,active,880354.0,880354.0,880641.0,61 62 63 64 65 66 67 68 69 70 71 72 74 75 76 77,39793.0,False
base,active,,880641.0,880648.0,61,-1.0,
base,active,,880641.0,880660.0,62 63 64 65,-1.0,
base,active,,880641.0,881159.0,66 67 68 69 70 71 72 74 75,-1.0,
base,active,,880641.0,881170.0,76 77,-1.0,
base,active,880648.0,880648.0,880701.0,61,39795.0,False
base,active,880660.0,880660.0,880733.0,62 63 64 65,39796.0,False
base,active,,880701.0,881159.0,61,-1.0,
base,active,,880704.0,881149.0,16 17 18 19,-1.0,
base,active,,880710.0,881159.0,20 21,-1.0,
base,active,,880733.0,881159.0,62 63 64 65,-1.0,
base,active,881149.0,881149.0,882428.0,16 17 18 19,39799.0,False
base,active,881159.0,881159.0,881448.0,20 21 61 62 63 64 65 66 67 68 69 70 71 72 74 75,39800.0,False
base,active,881170.0,881170.0,882428.0,76 77,39801.0,False
base,active,879032.0,881238.0,881766.0,24 25 26 27 28 29 30 31 33 34 35 36 37 38 39 40 41 42 43 44 45 46 47 86 87 88 89 90 91 92 93 94,39776.0,False
base,active,,881238.0,882010.0,95,-1.0,
base,active,,881238.0,883395.0,96,-1.0,
base,active,,881448.0,881613.0,20 21,-1.0,
base,active,,881448.0,881766.0,61 62 63 64 65 66 67,-1.0,
base,active,,881448.0,881844.0,68 69 70 71 72 74 75,-1.0,
base,active,,881613.0,881766.0,59 60,-1.0,
base,active,879257.0,881613.0,881790.0,0 1 2 3 4 5 6 7 8 9 10 11 12 13 14 15 20 21 22 23 32 48 49 50 51 52 53 54 55 56 57 58,39780.0,False
base,active,,881766.0,881844.0,86 87 88 89 90 91 92 93 94,-1.0,
base,active,880012.0,881766.0,885191.0,24 25 26 27 28 29 30 31 33 34 35 36 37 38 39 40 41 42 43 44 45 46 47 59 60 61 62 63 64 65 66 67,39789.0,False
base,active,880296.0,881790.0,881873.0,0 1 2 3 4 5 6 7 8 9 10 11 12 13 14 15 20 21 22 23 32 48 49 50 51 52 53 54 55 56 57 58,39792.0,False
base,active,881844.0,881844.0,882134.0,68 69 70 71 72 74 75 86 87 88 89 90 91 92 93 94,39806.0,False
base,active,880571.0,881873.0,883856.0,0 1 2 3 4 5 6 7 8 9 10 11 12 13 14 15 20 21 22 23 32 48 49 50 51 52 53 54 55 56 57 58,39794.0,False
base,active,882010.0,882010.0,882041.0,95,39808.0,False
base,active,,882041.0,882306.0,95,-1.0,
base,active,,882134.0,882289.0,68,-1.0,
base,active,,882134.0,882306.0,69 70 71 72 74 75 86 87 88 89 90 91 92 93 94,-1.0,
base,active,882289.0,882289.0,882355.0,68,39809.0,False
base,active,882306.0,882306.0,882646.0,69 70 71 72 74 75 86 87 88 89 90 91 92 93 94 95,39810.0,False
base,active,,882355.0,882395.0,68,-1.0,
base,active,882395.0,882395.0,882427.0,68,39811.0,False
base,active,,882427.0,882451.0,68,-1.0,
base,active,,882428.0,882430.0,16 17 18 19,-1.0,
base,active,,882428.0,882451.0,76,-1.0,
base,active,,882428.0,882790.0,77,-1.0,
base,active,882430.0,882430.0,883393.0,16 17 18 19,39812.0,False
base,active,882451.0,882451.0,883395.0,68 76,39813.0,False
base,active,,882646.0,882790.0,69 70 71 72 74 75 86 87 88 89 90 91 92 93 94,-1.0,
base,active,,882646.0,883104.0,95,-1.0,
base,active,,882751.0,883395.0,97 98 99 100 101 102 103 104,-1.0,
base,active,882790.0,882790.0,883158.0,69 70 71 72 74 75 77 86 87 88 89 90 91 92 93 94,39816.0,False
base,active,883104.0,883104.0,883134.0,95,39818.0,False
base,active,,883134.0,883395.0,95,-1.0,
base,active,,883158.0,883395.0,69 70 71 72 74 75 77 86 87 88 89 90 91 92 93 94,-1.0,
base,active,,883393.0,883395.0,16 17 18 19,-1.0,
base,active,881999.0,883395.0,883469.0,16 17 18 19 68 69 70 71 72 74 75 76 77 86 87 88 89 90 91 92 93 94 95 96 97 98 99 100 101 102 103 104,39807.0,False
base,active,,883438.0,883469.0,78 79 80 81 82 83 84 85,-1.0,
base,active,,883469.0,883473.0,97 98 99 100,-1.0,
base,active,882553.0,883469.0,883671.0,16 17 18 19 68 69 70 71 72 74 75 76 77 78 79 80 81 82 83 84 85 86 87 88 89 90 91 92 93 94 95 96,39814.0,False
base,active,,883469.0,889130.0,101 102 103 104,-1.0,
base,active,883473.0,883473.0,883542.0,97 98 99 100,39821.0,False
base,active,,883542.0,883623.0,97 98 99 100,-1.0,
base,active,883623.0,883623.0,883939.0,97 98 99 100,39823.0,False
base,active,882631.0,883671.0,884262.0,16 17 18 19 68 69 70 71 72 74 75 76 77 78 79 80 81 82 83 84 85 86 87 88 89 90 91 92 93 94 95 96,39815.0,False
base,active,,883856.0,883991.0,20 21 22 23 32 48 49 50,-1.0,
base,active,,883856.0,884083.0,51 52 53 54,-1.0,
base,active,,883856.0,884105.0,55 56,-1.0,
base,active,883765.0,883856.0,884208.0,0 1 2 3 4 5 6 7 8 9 10 11 12 13 14 15,39824.0,False
base,active,,883856.0,884262.0,57 58,-1.0,
base,active,,883939.0,889130.0,97 98 99 100,-1.0,
base,active,883991.0,883991.0,892158.0,20 21 22 23 32 48 49 50,39826.0,False
base,active,884083.0,884083.0,885016.0,51 52 53 54,39827.0,False
base,active,884105.0,884105.0,885018.0,55 56,39828.0,False
base,active,,884208.0,884262.0,0 1 2 3 4 5 6 7 8 9 10 11 12 13 14 15,-1.0,
base,active,883005.0,884262.0,884336.0,0 1 2 3 4 5 6 7 8 9 10 11 12 13 14 15 16 17 18 19 57 58 68 69 70 71 72 74 75 76 77 78,39817.0,False
base,active,,884262.0,884366.0,79 80 81 82,-1.0,
base,active,,884262.0,885956.0,83 84 85 86,-1.0,
base,active,,884262.0,889130.0,87 88 89 90 91 92 93 94 95 96,-1.0,
base,active,883293.0,884336.0,886601.0,0 1 2 3 4 5 6 7 8 9 10 11 12 13 14 15 16 17 18 19 57 58 68 69 70 71 72 74 75 76 77 78,39819.0,False
base,active,884366.0,884366.0,884388.0,79 80 81 82,39830.0,False
base,active,,884388.0,884499.0,79 80 81 82,-1.0,
base,active,884499.0,884499.0,884524.0,79 80 81 82,39832.0,False
base,active,,884524.0,884664.0,79,-1.0,
base,active,,884524.0,884896.0,80 81 82,-1.0,
base,active,884664.0,884664.0,884683.0,79,39833.0,False
base,active,,884683.0,884896.0,79,-1.0,
base,active,884896.0,884896.0,886003.0,79 80 81 82,39835.0,False
base,active,,885016.0,885191.0,51 52 53 54,-1.0,
base,active,,885018.0,885191.0,55 56,-1.0,
base,active,883400.0,885191.0,885332.0,24 25 26 27 28 29 30 31 33 34 35 36 37 38 39 40 41 42 43 44 45 46 47 51 52 53 54 55 56 59 60 61,39820.0,False
base,active,,885191.0,885561.0,62,-1.0,
base,active,,885191.0,885602.0,63 64 65,-1.0,
base,active,,885191.0,885623.0,66 67,-1.0,
base,active,883564.0,885332.0,885708.0,24 25 26 27 28 29 30 31 33 34 35 36 37 38 39 40 41 42 43 44 45 46 47 51 52 53 54 55 56 59 60 61,39822.0,False
base,active,885561.0,885561.0,885581.0,62,39836.0,False
base,active,,885581.0,885602.0,62,-1.0,
base,active,885602.0,885602.0,886525.0,62 63 64 65,39837.0,False
base,active,885623.0,885623.0,886527.0,66 67,39838.0,False
base,active,883959.0,885708.0,893906.0,24 25 26 27 28 29 30 31 33 34 35 36 37 38 39 40 41 42 43 44 45 46 47 51 52 53 54 55 56 59 60 61,39825.0,False
base,active,885956.0,885956.0,886325.0,83 84 85 86,39839.0,False
base,active,,886003.0,886091.0,79 80 81 82,-1.0,
base,active,886091.0,886091.0,892157.0,79 80 81 82,39841.0,False
base,active,,886325.0,886338.0,83 84 85 86,-1.0,
base,active,886338.0,886338.0,886505.0,83 84 85 86,39842.0,False
base,switching_on,,886374.0,889074.0,105 106 107,-3.0,
base,active,,886505.0,889130.0,83 84 85 86,-1.0,
base,active,,886525.0,886601.0,62 63 64 65,-1.0,
base,active,,886527.0,886601.0,66 67,-1.0,
base,active,884300.0,886601.0,886688.0,0 1 2 3 4 5 6 7 8 9 10 11 12 13 14 15 16 17 18 19 57 58 62 63 64 65 66 67 68 69 70 71,39829.0,False
base,active,,886601.0,888823.0,72,-1.0,
base,active,,886601.0,889130.0,74 75 76 77 78,-1.0,
base,active,884440.0,886688.0,886771.0,0 1 2 3 4 5 6 7 8 9 10 11 12 13 14 15 16 17 18 19 57 58 62 63 64 65 66 67 68 69 70 71,39831.0,False
base,active,884823.0,886771.0,887953.0,0 1 2 3 4 5 6 7 8 9 10 11 12 13 14 15 16 17 18 19 57 58 62 63 64 65 66 67 68 69 70 71,39834.0,False
base,active,886028.0,887953.0,894081.0,0 1 2 3 4 5 6 7 8 9 10 11 12 13 14 15 16 17 18 19 57 58 62 63 64 65 66 67 68 69 70 71,39840.0,False
base,active,,888314.0,889130.0,73,-1.0,
base,active,888823.0,888823.0,888839.0,72,39844.0,False
base,active,,888839.0,888856.0,72,-1.0,
base,active,888856.0,888856.0,888873.0,72,39845.0,False
base,active,,888873.0,888906.0,72,-1.0,
base,active,888906.0,888906.0,889130.0,72,39846.0,False
base,active,,889074.0,889130.0,105 106 107,-1.0,
base,active,886374.0,889130.0,894913.0,72 73 74 75 76 77 78 83 84 85 86 87 88 89 90 91 92 93 94 95 96 97 98 99 100 101 102 103 104 105 106 107,39843.0,False
base,switching_on,,889222.0,891922.0,108,-3.0,
base,switching_on,,891206.0,893906.0,109 110 111 112 113 114 115 116 117 118 119 120 121 122 123 124 125 126 127,-3.0,
base,active,889222.0,891922.0,892018.0,108,39847.0,False
base,active,889669.0,892018.0,892098.0,108,39848.0,False
base,active,,892098.0,895143.0,108,-1.0,
base,active,,892157.0,892916.0,79 80 81 82,-1.0,
base,active,890858.0,892158.0,892237.0,20 21 22 23 32 48 49 50,39849.0,False
base,active,890941.0,892237.0,892271.0,20 21 22 23 32 48 49 50,39850.0,False
base,active,890994.0,892271.0,892305.0,20 21 22 23 32 48 49 50,39851.0,False
base,active,891059.0,892305.0,892351.0,20 21 22 23 32 48 49 50,39852.0,False
base,active,,892351.0,892789.0,20 21 22 23,-1.0,
base,active,,892351.0,892877.0,32 48 49 50,-1.0,
base,active,892789.0,892789.0,892832.0,20 21 22 23,39854.0,False
base,active,892832.0,892832.0,895143.0,20 21 22 23,39855.0,False
base,active,892877.0,892877.0,892913.0,32 48 49 50,39856.0,False
base,active,,892913.0,892916.0,32 48 49 50,-1.0,
base,active,892916.0,892916.0,893055.0,32 48 49 50 79 80 81 82,39857.0,False
base,active,,893055.0,893063.0,32 48 49 50 79 80 81 82,-1.0,
base,active,893063.0,893063.0,893097.0,32 48 49 50 79 80 81 82,39858.0,False
base,active,,893097.0,893155.0,32,-1.0,
base,active,,893097.0,893265.0,48 49 50 79 80 81 82,-1.0,
base,active,893155.0,893155.0,893174.0,32,39859.0,False
base,active,,893174.0,893265.0,32,-1.0,
base,active,893265.0,893265.0,893300.0,32 48 49 50 79 80 81 82,39860.0,False
base,active,,893300.0,893304.0,32 48 49 50 79 80 81 82,-1.0,
base,active,893304.0,893304.0,893337.0,32 48 49 50 79 80 81 82,39861.0,False
base,active,,893337.0,893906.0,32 48 49 50,-1.0,
base,active,,893337.0,894913.0,79 80 81 82,-1.0,
base,active,,893906.0,894081.0,56 59 60 61,-1.0,
base,active,,893906.0,895143.0,109 110 111 112 113 114 115 116 117 118 119 120 121 122 123 124 125 126 127,-1.0,
base,active,892759.0,893906.0,896290.0,24 25 26 27 28 29 30 31 32 33 34 35 36 37 38 39 40 41 42 43 44 45 46 47 48 49 50 51 52 53 54 55,39853.0,False
base,active,893351.0,894081.0,894122.0,0 1 2 3 4 5 6 7 8 9 10 11 12 13 14 15 16 17 18 19 56 57 58 59 60 61 62 63 64 65 66 67,39862.0,False
base,active,,894081.0,894647.0,68,-1.0,
base,active,,894081.0,894913.0,69 70 71,-1.0,
base,active,893374.0,894122.0,895266.0,0 1 2 3 4 5 6 7 8 9 10 11 12 13 14 15 16 17 18 19 56 57 58 59 60 61 62 63 64 65 66 67,39863.0,False
base,active,894647.0,894647.0,894676.0,68,39865.0,False
base,active,,894676.0,894913.0,68,-1.0,
base,active,893403.0,894913.0,894939.0,68 69 70 71 72 73 74 75 76 77 78 79 80 81 82 83 84 85 86 87 88 89 90 91 92 93 94 95 96 97 98 99,39864.0,False
base,active,,894913.0,895143.0,100 101 102 103 104 105 106 107,-1.0,
base,active,,894939.0,895143.0,68 69 70 71 72 73 74 75 76 77 78 79 80 81 82 83 84 85 86 87 88 89 90 91 92 93 94 95 96 97 98 99,-1.0,
base,active,874313.0,895143.0,895324.0,20 21 22 23 68 69 70 71 72 73 74 75 76 77 78 79 80 81 82 83 84 85 86 87 88 89 90 91 92 93 94 95 96 97 98 99 100 101 102 103 104 105 106 107 108 109 110 111 112 113 114 115 116 117 118 119 120 121 122 123 124 125 126 127,39704.0,False
base,active,,895266.0,895324.0,0 1 2 3 4 5 6 7 8 9 10 11 12 13 14 15 16 17 18 19 56 57 58 59 60 61 62 63 64 65 66 67,-1.0,
base,active,874801.0,895324.0,895468.0,0 1 2 3 4 5 6 7 8 9 10 11 12 13 14 15 16 17 18 19 20 21 22 23 56 57 58 59 60 61 62 63 64 65 66 67 68 69 70 71 72 73 74 75 76 77 78 79 80 81 82 83 84 85 86 87 88 89 90 91 92 93 94 95,39712.0,False
base,active,,895324.0,895745.0,96 97 98 99 100 101 102 103 104 105 106 107 108 109 110 111 112 113 114 115 116 117 118 119 120 121 122 123 124 125 126 127,-1.0,
base,active,875018.0,895468.0,895598.0,0 1 2 3 4 5 6 7 8 9 10 11 12 13 14 15 16 17 18 19 20 21 22 23 56 57 58 59 60 61 62 63 64 65 66 67 68 69 70 71 72 73 74 75 76 77 78 79 80 81 82 83 84 85 86 87 88 89 90 91 92 93 94 95,39723.0,False
base,active,875340.0,895598.0,895734.0,0 1 2 3 4 5 6 7 8 9 10 11 12 13 14 15 16 17 18 19 20 21 22 23 56 57 58 59 60 61 62 63 64 65 66 67 68 69 70 71 72 73 74 75 76 77 78 79 80 81 82 83 84 85 86 87 88 89 90 91 92 93 94 95,39727.0,False
base,active,876067.0,895734.0,895880.0,0 1 2 3 4 5 6 7 8 9 10 11 12 13 14 15 16 17 18 19 20 21 22 23 56 57 58 59 60 61 62 63 64 65 66 67 68 69 70 71 72 73 74 75 76 77 78 79 80 81 82 83 84 85 86 87 88 89 90 91 92 93 94 95,39738.0,False
base,active,895745.0,895745.0,906015.0,96 97 98 99 100 101 102 103 104 105 106 107 108 109 110 111 112 113 114 115 116 117 118 119 120 121 122 123 124 125 126 127,39867.0,False
base,active,,895880.0,896290.0,4 5 6 7 8 9 10 11 12 13 14 15 16 17 18 19 20 21 22 23 56 57 58 59 60 61 62 63 64 65 66 67,-1.0,
base,active,,895880.0,899480.0,68 69 70 71 72 73 74 75 76 77 78 79 80 81 82 83 84 85 86 87 88 89 90 91 92 93 94 95,-1.0,
base,active,895844.0,895880.0,906055.0,0 1 2 3,39868.0,False
base,active,895730.0,896290.0,906568.0,4 5 6 7 8 9 10 11 12 13 14 15 16 17 18 19 20 21 22 23 24 25 26 27 28 29 30 31 32 33 34 35 36 37 38 39 40 41 42 43 44 45 46 47 48 49 50 51 52 53 54 55 56 57 58 59 60 61 62 63 64 65 66 67,39866.0,False
base,switching_off,,899480.0,901280.0,68 69 70 71 72 73 74 75 76 77 78 79 80 81 82 83 84 85 86 87 88 89 90 91 92 93 94 95,-2.0,
base,sleeping,,901280.0,906024.0,68 69 70 71 72 73 74 75 76 77 78 79 80 81 82 83 84 85 86 87 88 89 90 91 92 93 94 95,-4.0,
base,active,,906015.0,906317.0,96 97 98 99 100 101 102 103 104 105 106 107 108 109 110 111 112 113 114 115 116 117 118 119 120 121 122 123,-1.0,
base,active,,906015.0,906382.0,124 125 126 127,-1.0,
base,switching_on,,906024.0,908724.0,68 69 70 71 72 73 74 75 76 77 78 79 80 81 82 83 84 85 86 87 88 89 90 91 92 93 94 95,-3.0,
base,active,,906055.0,906317.0,0 1 2 3,-1.0,
base,active,906317.0,906317.0,908360.0,0 1 2 3 96 97 98 99 100 101 102 103 104 105 106 107 108 109 110 111 112 113 114 115 116 117 118 119 120 121 122 123,39871.0,False
base,active,906382.0,906382.0,908360.0,124 125 126 127,39872.0,False
base,active,906131.0,906568.0,916745.0,4 5 6 7 8 9 10 11 12 13 14 15 16 17 18 19 20 21 22 23 24 25 26 27 28 29 30 31 32 33 34 35 36 37 38 39 40 41 42 43 44 45 46 47 48 49 50 51 52 53 54 55 56 57 58 59 60 61 62 63 64 65 66 67,39870.0,False
base,active,,908360.0,908803.0,0 1 2 3,-1.0,
base,active,,908360.0,908878.0,96 97 98 99,-1.0,
base,active,,908360.0,911960.0,100 101 102 103 104 105 106 107 108 109 110 111 112 113 114 115 116 117 118 119 120 121 122 123 124 125 126 127,-1.0,
base,active,,908724.0,908803.0,68 69 70 71 72 73 74 75 76 77 78 79 80 81 82 83 84 85 86 87 88 89 90 91 92 93 94 95,-1.0,
base,active,908803.0,908803.0,916313.0,0 1 2 3 68 69 70 71 72 73 74 75 76 77 78 79 80 81 82 83 84 85 86 87 88 89 90 91 92 93 94 95,39881.0,False
base,active,908878.0,908878.0,916316.0,96 97 98 99,39882.0,False
base,switching_off,,911960.0,913760.0,100 101 102 103 104 105 106 107 108 109 110 111 112 113 114 115 116 117 118 119 120 121 122 123 124 125 126 127,-2.0,
base,sleeping,,913760.0,914045.0,100 101 102 103 104 105 106 107 108 109 110 111 112 113 114 115 116 117 118 119 120 121 122 123 124 125 126 127,-4.0,
base,switching_on,,914045.0,916745.0,100 101 102 103 104 105 106 107 108 109 110 111 112 113 114 115 116 117 118 119 120 121 122 123 124 125 126 127,-3.0,
base,active,913339.0,916313.0,916417.0,0,39915.0,False
base,active,913517.0,916313.0,916445.0,1,39916.0,False
base,active,913673.0,916313.0,916579.0,2,39917.0,False
base,active,,916313.0,916619.0,3 68 69 70 71 72 73 74 75 76 77 78 79 80 81 82 83 84 85 86 87 88 89 90 91 92 93 94 95,-1.0,
base,active,,916316.0,916688.0,96 97 98 99,-1.0,
base,active,,916417.0,916619.0,0,-1.0,
base,active,,916445.0,916619.0,1,-1.0,
base,active,,916579.0,916619.0,2,-1.0,
base,active,916619.0,916619.0,945225.0,0 1 2 3 68 69 70 71 72 73 74 75 76 77 78 79 80 81 82 83 84 85 86 87 88 89 90 91 92 93 94 95,39940.0,False
base,active,916688.0,916688.0,945226.0,96 97 98 99,39941.0,False
base,active,,916745.0,920345.0,100 101 102 103 104 105 106 107 108 109 110 111 112 113 114 115 116 117 118 119 120 121 122 123 124 125 126 127,-1.0,
base,active,916439.0,916745.0,926911.0,4 5 6 7 8 9 10 11 12 13 14 15 16 17 18 19 20 21 22 23 24 25 26 27 28 29 30 31 32 33 34 35 36 37 38 39 40 41 42 43 44 45 46 47 48 49 50 51 52 53 54 55 56 57 58 59 60 61 62 63 64 65 66 67,39939.0,False
base,switching_off,,920345.0,922145.0,100 101 102 103 104 105 106 107 108 109 110 111 112 113 114 115 116 117 118 119 120 121 122 123 124 125 126 127,-2.0,
base,sleeping,,922145.0,929854.0,100 101 102 103 104 105 106 107,-4.0,
base,sleeping,,922145.0,933568.0,108 109 110 111 112 113 114 115,-4.0,
base,sleeping,,922145.0,945986.0,116 117 118 119 120 121 122 123 124 125 126 127,-4.0,
base,active,,926911.0,927712.0,4 5 6 7 8 9 10 11 12 13 14 15 16 17 18 19 20 21 22 23 24 25 26 27 28 29 30 31 32 33 34 35,-1.0,
base,active,,926911.0,927735.0,36 37 38 39 40 41 42 43,-1.0,
base,active,,926911.0,929674.0,44,-1.0,
base,active,,926911.0,932554.0,45 46 47 48 49 50 51 52 53 54 55 56 57 58 59 60 61 62 63 64 65 66 67,-1.0,
base,active,927712.0,927712.0,943329.0,4 5 6 7 8 9 10 11 12 13 14 15 16 17 18 19 20 21 22 23 24 25 26 27 28 29 30 31 32 33 34 35,40030.0,False
base,active,927735.0,927735.0,943330.0,36 37 38 39 40 41 42 43,40031.0,False
base,active,929674.0,929674.0,929697.0,44,40046.0,False
base,active,,929697.0,932554.0,44,-1.0,
base,switching_on,,929854.0,932554.0,100 101 102 103 104 105 106 107,-3.0,
base,active,929854.0,932554.0,933492.0,44 45 46 47 48 49 50 51 52 53 54 55 56 57 58 59 60 61 62 63 64 65 66 67 100 101 102 103 104 105 106 107,40051.0,False
base,active,930827.0,933492.0,936939.0,44 45 46 47 48 49 50 51 52 53 54 55 56 57 58 59 60 61 62 63 64 65 66 67 100 101 102 103 104 105 106 107,40060.0,False
base,switching_on,,933568.0,936268.0,108 109 110 111 112 113 114 115,-3.0,
base,active,935898.0,936268.0,936293.0,108,40098.0,False
base,active,935071.0,936268.0,936375.0,109 110 111 112,40093.0,False
base,active,,936268.0,936375.0,113 114 115,-1.0,
base,active,,936293.0,936375.0,108,-1.0,
base,active,933568.0,936375.0,936936.0,108 109 110 111 112 113 114 115,40082.0,False
base,active,936510.0,936936.0,936994.0,108 109 110 111,40101.0,False
base,active,,936936.0,940536.0,112 113 114 115,-1.0,
base,active,934298.0,936939.0,940082.0,44 45 46 47 48 49 50 51 52 53 54 55 56 57 58 59 60 61 62 63 64 65 66 67 100 101 102 103 104 105 106 107,40090.0,False
base,active,,936994.0,937040.0,108,-1.0,
base,active,,936994.0,940591.0,109 110 111,-1.0,
base,active,937040.0,937040.0,937061.0,108,40103.0,False
base,active,,937061.0,940591.0,108,-1.0,
base,active,938904.0,940082.0,940137.0,60 61 62 63 64 65 66 67 100 101 102 103 104 105 106 107,40115.0,False
base,active,938527.0,940082.0,940274.0,44 45 46 47 48 49 50 51 52 53 54 55 56 57 58 59,40112.0,False
base,active,939015.0,940137.0,940172.0,60 61 62 63 64 65 66 67 100 101 102 103 104 105 106 107,40116.0,False
base,active,,940172.0,940274.0,60 61 62 63 64 65 66 67 100 101 102 103 104 105 106 107,-1.0,
base,active,937478.0,940274.0,941641.0,44 45 46 47 48 49 50 51 52 53 54 55 56 57 58 59 60 61 62 63 64 65 66 67 100 101 102 103 104 105 106 107,40105.0,False
base,switching_off,,940536.0,942336.0,112 113 114 115,-2.0,
base,active,940591.0,940591.0,940613.0,108 109 110 111,40121.0,False
base,active,,940613.0,940630.0,108 109 110 111,-1.0,
base,active,940630.0,940630.0,940651.0,108 109 110 111,40122.0,False
base,active,,940651.0,940764.0,108 109 110 111,-1.0,
base,active,940764.0,940764.0,940785.0,108 109 110 111,40124.0,False
base,active,,940785.0,940979.0,108 109 110 111,-1.0,
base,active,940979.0,940979.0,941034.0,108 109 110 111,40125.0,False
base,active,941008.0,941034.0,941056.0,108 109 110 111,40126.0,False
base,active,,941056.0,941070.0,108 109 110 111,-1.0,
base,active,941070.0,941070.0,941126.0,108 109 110 111,40127.0,False
base,active,941102.0,941126.0,941148.0,108,40128.0,False
base,active,,941126.0,941148.0,109 110 111,-1.0,
base,active,941145.0,941148.0,941172.0,108 109 110 111,40129.0,False
base,active,941171.0,941172.0,941242.0,108 109 110 111,40130.0,False
base,active,,941242.0,941244.0,108 109 110 111,-1.0,
base,active,941244.0,941244.0,941323.0,108 109 110 111,40132.0,False
base,active,941266.0,941323.0,941344.0,108 109 110 111,40133.0,False
base,active,,941344.0,941401.0,108 109 110 111,-1.0,
base,active,941401.0,941401.0,941453.0,108 109 110 111,40134.0,False
base,active,,941453.0,941462.0,108 109 110 111,-1.0,
base,active,941462.0,941462.0,941517.0,108 109 110 111,40136.0,False
base,active,,941517.0,941531.0,108,-1.0,
base,active,,941517.0,941551.0,109 110 111,-1.0,
base,active,941531.0,941531.0,941551.0,108,40137.0,False
base,active,941549.0,941551.0,941572.0,108 109 110 111,40138.0,False
base,active,,941572.0,941633.0,108 109 110 111,-1.0,
base,active,941633.0,941633.0,941677.0,108 109 110 111,40139.0,False
base,active,,941641.0,941678.0,60 61 62 63,-1.0,
base,active,940710.0,941641.0,941687.0,44 45 46 47 48 49 50 51,40123.0,False
base,active,941446.0,941641.0,941819.0,52 53 54 55 56 57 58 59,40135.0,False
base,active,,941641.0,941819.0,64 65 66 67 100 101 102 103 104 105 106 107,-1.0,
base,active,,941677.0,941819.0,108 109 110 111,-1.0,
base,active,941678.0,941678.0,941996.0,60 61 62 63,40140.0,False
base,active,,941687.0,941753.0,44 45 46 47,-1.0,
base,active,,941687.0,941819.0,48 49 50 51,-1.0,
base,active,941753.0,941753.0,941775.0,44 45 46 47,40141.0,False
base,active,,941775.0,941819.0,44 45 46 47,-1.0,
base,active,938882.0,941819.0,948686.0,44 45 46 47 48 49 50 51 52 53 54 55 56 57 58 59 64 65 66 67 100 101 102 103 104 105 106 107 108 109 110 111,40114.0,False
base,active,,941996.0,942008.0,60 61 62 63,-1.0,
base,active,942008.0,942008.0,942030.0,60 61 62 63,40144.0,False
base,active,,942030.0,942066.0,60 61 62 63,-1.0,
base,active,942066.0,942066.0,942127.0,60 61 62 63,40145.0,False
base,active,942072.0,942127.0,942174.0,60 61 62 63,40146.0,False
base,active,,942174.0,942218.0,60 61 62 63,-1.0,
base,active,942218.0,942218.0,942754.0,60 61 62 63,40147.0,False
base,sleeping,,942336.0,945986.0,112 113 114 115,-4.0,
base,active,942652.0,942754.0,942772.0,60,40150.0,False
base,active,,942754.0,942772.0,61 62 63,-1.0,
base,active,942556.0,942772.0,942817.0,60 61 62 63,40149.0,False
base,active,,942817.0,942825.0,60,-1.0,
base,active,,942817.0,942878.0,61 62 63,-1.0,
base,active,942825.0,942825.0,942846.0,60,40155.0,False
base,active,,942846.0,942878.0,60,-1.0,
base,active,942878.0,942878.0,943022.0,60 61 62 63,40157.0,False
base,active,942959.0,943022.0,943068.0,60 61 62 63,40159.0,False
base,active,,943068.0,945441.0,60 61 62 63,-1.0,
base,active,942712.0,943329.0,943330.0,4 5 6 7 8 9 10 11,40151.0,False
base,active,942724.0,943329.0,943378.0,12 13 14 15 16 17 18 19,40152.0,False
base,active,941965.0,943329.0,943391.0,20 21 22 23 24 25 26 27 28 29 30 31 32 33 34 35,40143.0,False
base,active,,943330.0,943779.0,4,-1.0,
base,active,,943330.0,943783.0,5 6 7 8,-1.0,
base,active,,943330.0,943990.0,9 10 11,-1.0,
base,active,,943330.0,944968.0,36,-1.0,
base,active,,943330.0,945013.0,37 38 39 40 41 42 43,-1.0,
base,active,,943378.0,943990.0,12 13 14 15 16 17 18 19,-1.0,
base,active,,943391.0,943990.0,20 21 22 23 24 25 26 27 28 29 30 31 32 33 34 35,-1.0,
base,active,943779.0,943779.0,943800.0,4,40162.0,False
base,active,943783.0,943783.0,943825.0,5 6 7 8,40163.0,False
base,active,,943800.0,943849.0,4,-1.0,
base,active,,943825.0,943849.0,5 6 7,-1.0,
base,active,,943825.0,943990.0,8,-1.0,
base,active,943849.0,943849.0,943891.0,4 5 6 7,40164.0,False
base,active,,943891.0,943896.0,4 5 6 7,-1.0,
base,active,943896.0,943896.0,943943.0,4 5 6 7,40165.0,False
base,active,,943943.0,943990.0,4 5 6 7,-1.0,
base,active,943990.0,943990.0,944112.0,4 5 6 7 8 9 10 11 12 13 14 15 16 17 18 19 20 21 22 23 24 25 26 27 28 29 30 31 32 33 34 35,40166.0,False
base,active,,944112.0,944184.0,20 21 22 23,-1.0,
base,active,944045.0,944112.0,944270.0,4 5 6 7 8 9 10 11 12 13 14 15 16 17 18 19,40167.0,False
base,active,,944112.0,944968.0,24 25 26 27 28 29 30 31 32 33 34 35,-1.0,
base,active,944184.0,944184.0,944317.0,20 21 22 23,40169.0,False
base,active,,944270.0,944275.0,4 5 6 7 8 9 10 11 12 13 14 15 16 17 18 19,-1.0,
base,active,944275.0,944275.0,944417.0,4 5 6 7 8 9 10 11 12 13 14 15 16 17 18 19,40170.0,False
base,active,,944317.0,944513.0,20 21 22 23,-1.0,
base,active,,944417.0,944456.0,4 5 6 7 8 9 10 11 12 13 14 15 16 17 18 19,-1.0,
base,active,944456.0,944456.0,944837.0,4 5 6 7 8 9 10 11 12 13 14 15 16 17 18 19,40171.0,False
base,active,944513.0,944513.0,944583.0,20 21 22 23,40172.0,False
base,active,,944583.0,944968.0,20 21 22 23,-1.0,
base,active,,944837.0,944967.0,4,-1.0,
base,active,,944837.0,944968.0,5 6 7 8 9 10 11 12 13 14 15 16 17 18 19,-1.0,
base,active,944967.0,944967.0,944990.0,4,40178.0,False
base,active,944968.0,944968.0,946149.0,5 6 7 8 9 10 11 12 13 14 15 16 17 18 19 20 21 22 23 24 25 26 27 28 29 30 31 32 33 34 35 36,40179.0,False
base,active,,944990.0,945013.0,4,-1.0,
base,active,945013.0,945013.0,946151.0,4 37 38 39 40 41 42 43,40180.0,False
base,active,,945225.0,945413.0,0 1 2 3,-1.0,
base,active,,945225.0,945441.0,68 69 70 71 72 73 74 75 76 77 78 79 80 81 82 83 84 85 86 87 88 89 90 91 92 93 94 95,-1.0,
base,active,,945226.0,945659.0,96 97 98 99,-1.0,
base,active,945413.0,945413.0,945458.0,0 1 2 3,40182.0,False
base,active,945441.0,945441.0,947630.0,60 61 62 63 68 69 70 71 72 73 74 75 76 77 78 79 80 81 82 83 84 85 86 87 88 89 90 91 92 93 94 95,40183.0,False
base,active,,945458.0,945514.0,0 1 2 3,-1.0,
base,active,945514.0,945514.0,947629.0,0 1 2 3,40184.0,False
base,active,945659.0,945659.0,945698.0,96 97 98 99,40185.0,False
base,active,,945698.0,945754.0,96,-1.0,
base,active,,945698.0,945870.0,97 98 99,-1.0,
base,active,945754.0,945754.0,945800.0,96,40186.0,False
base,active,,945800.0,945870.0,96,-1.0,
base,active,945870.0,945870.0,945915.0,96 97 98 99,40188.0,False
base,active,,945915.0,952314.0,96 97 98 99,-1.0,
base,switching_on,,945986.0,948686.0,112 113 114 115 116 117 118 119 120 121 122 123 124 125 126 127,-3.0,
base,active,945786.0,946149.0,946215.0,5 6 7 8 9 10 11 12 13 14 15 16 17 18 19 20 21 22 23 24 25 26 27 28 29 30 31 32 33 34 35 36,40187.0,False
base,active,,946151.0,946561.0,4,-1.0,
base,active,,946151.0,946790.0,37 38 39,-1.0,
base,active,,946151.0,946812.0,40 41,-1.0,
base,active,,946151.0,947630.0,42 43,-1.0,
base,active,,946215.0,946561.0,5 6 7 8 9 10 11 12 13 14 15 16 17 18 19 20 21 22 23 24 25 26 27 28 29 30 31 32 33 34 35,-1.0,
base,active,,946215.0,946790.0,36,-1.0,
base,active,946561.0,946561.0,950286.0,4 5 6 7 8 9 10 11 12 13 14 15 16 17 18 19 20 21 22 23 24 25 26 27 28 29 30 31 32 33 34 35,40195.0,False
base,active,946790.0,946790.0,947685.0,36 37 38 39,40197.0,False
base,active,946812.0,946812.0,947688.0,40 41,40198.0,False
base,active,,947629.0,947630.0,0 1 2 3,-1.0,
base,active,946682.0,947630.0,947687.0,0 1 2 3 42 43 60 61 62 63 68 69 70 71 72 73 74 75 76 77 78 79 80 81 82 83 84 85 86 87 88 89,40196.0,False
base,active,,947630.0,952314.0,90 91 92 93 94 95,-1.0,
base,active,,947685.0,947687.0,36 37 38 39,-1.0,
base,active,947337.0,947687.0,947751.0,0 1 2 3 36 37 38 39 42 43 60 61 62 63 68 69 70 71 72 73 74 75 76 77 78 79 80 81 82 83 84 85,40200.0,False
base,active,,947687.0,952314.0,86 87 88 89,-1.0,
base,active,,947688.0,947819.0,40 41,-1.0,
base,active,,947751.0,947819.0,0 1 2 3 36 37 38 39 42 43 60 61 62 63 68 69 70 71 72 73 74 75 76 77 78 79 80 81 82 83,-1.0,
base,active,,947751.0,952314.0,84 85,-1.0,
base,active,947819.0,947819.0,947874.0,0 1 2 3 36 37 38 39 40 41 42 43 60 61 62 63 68 69 70 71 72 73 74 75 76 77 78 79 80 81 82 83,40204.0,False
base,active,,947874.0,948138.0,0,-1.0,
base,active,,947874.0,948980.0,1 2 3,-1.0,
base,active,,947874.0,949002.0,36 37,-1.0,
base,active,,947874.0,949937.0,38,-1.0,
base,active,,947874.0,952314.0,39 40 41 42 43 60 61 62 63 68 69 70 71 72 73 74 75 76 77 78 79 80 81 82 83,-1.0,
base,active,948138.0,948138.0,948153.0,0,40210.0,False
base,active,,948153.0,948890.0,0,-1.0,
base,active,,948686.0,952314.0,44 45 46 47 48 49 50 51 52 53 54 55 56 57 58 59 64 65 66 67 100 101 102 103 104 105 106 107 108 109 110 111 112 113 114 115 116 117 118 119 120 121 122 123 124 125 126 127,-1.0,
base,active,948890.0,948890.0,948930.0,0,40212.0,False
base,active,,948930.0,948952.0,0,-1.0,
base,active,948952.0,948952.0,948974.0,0,40213.0,False
base,active,,948974.0,948980.0,0,-1.0,
base,active,948980.0,948980.0,949035.0,0 1 2 3,40214.0,False
base,active,949002.0,949002.0,949032.0,36 37,40215.0,False
base,active,,949032.0,949716.0,36,-1.0,
base,active,,949032.0,949918.0,37,-1.0,
base,active,,949035.0,949099.0,0,-1.0,
base,active,,949035.0,949621.0,1 2 3,-1.0,
base,active,949099.0,949099.0,949116.0,0,40216.0,False
base,active,,949116.0,949347.0,0,-1.0,
base,active,949347.0,949347.0,949352.0,0,40218.0,False
base,active,,949352.0,949429.0,0,-1.0,
base,active,949429.0,949429.0,949439.0,0,40219.0,False
base,active,,949439.0,949476.0,0,-1.0,
base,active,949476.0,949476.0,949485.0,0,40220.0,False
base,active,,949485.0,949621.0,0,-1.0,
base,active,949621.0,949621.0,949877.0,0 1 2 3,40224.0,False
base,active,949716.0,949716.0,949752.0,36,40226.0,False
base,active,,949752.0,949757.0,36,-1.0,
base,active,949757.0,949757.0,949784.0,36,40228.0,False
base,active,,949784.0,949918.0,36,-1.0,
base,active,,949877.0,949896.0,0 1 2 3,-1.0,
base,active,949896.0,949896.0,952241.0,0 1 2 3,40229.0,False
base,active,949918.0,949918.0,952242.0,36 37,40230.0,False
base,active,949937.0,949937.0,949938.0,38,40231.0,False
base,active,,949938.0,950167.0,38,-1.0,
base,active,950167.0,950167.0,950195.0,38,40232.0,False
base,active,,950195.0,952314.0,38,-1.0,
base,active,,950286.0,950407.0,4,-1.0,
base,active,,950286.0,950458.0,5 6 7 8 9 10 11 12,-1.0,
base,active,,950286.0,952126.0,13 14 15 16 17 18 19 20,-1.0,
base,active,,950286.0,952314.0,21 22 23 24 25 26 27 28 29 30 31 32 33 34 35,-1.0,
base,active,950407.0,950407.0,950546.0,4,40234.0,False
base,active,950458.0,950458.0,950622.0,5 6 7 8 9 10 11 12,40235.0,False
base,active,,950546.0,950621.0,4,-1.0,
base,active,950621.0,950621.0,950622.0,4,40236.0,False
base,active,,950622.0,950629.0,4,-1.0,
base,active,,950622.0,952126.0,5 6 7 8 9 10 11 12,-1.0,
base,active,950629.0,950629.0,951004.0,4,40237.0,False
base,active,,951004.0,951305.0,4,-1.0,
base,active,951305.0,951305.0,951326.0,4,40244.0,False
base,active,,951326.0,951674.0,4,-1.0,
base,active,951674.0,951674.0,951695.0,4,40246.0,False
base,active,,951695.0,951767.0,4,-1.0,
base,active,951767.0,951767.0,951814.0,4,40247.0,False
base,active,,951814.0,951834.0,4,-1.0,
base,active,951834.0,951834.0,951923.0,4,40249.0,False
base,active,,951923.0,952106.0,4,-1.0,
base,active,952106.0,952106.0,952314.0,4,40250.0,False
base,active,952126.0,952126.0,952171.0,5 6 7 8 9 10 11 12 13 14 15 16 17 18 19 20,40251.0,False
base,active,,952171.0,952314.0,5 6 7 8 9 10 11 12 13 14 15 16 17 18 19 20,-1.0,
base,active,,952241.0,952314.0,0 1 2 3,-1.0,
base,active,,952242.0,952314.0,36 37,-1.0,
base,active,906024.0,952314.0,952417.0,0 1 2 3 4 5 6 7 8 9 10 11 12 13 14 15 16 17 18 19 20 21 22 23 24 25 26 27 28 29 30 31 32 33 34 35 36 37 38 39 40 41 42 43 44 45 46 47 48 49 50 51 52 53 54 55 56 57 58 59 60 61 62 63 64 65 66 67 68 69 70 71 72 73 74 75 76 77 78 79 80 81 82 83 84 85 86 87 88 89 90 91 92 93 94 95 96 97 98 99 100 101 102 103 104 105 106 107 108 109 110 111 112 113 114 115 116 117 118 119 120 121 122 123 124 125 126 127,39869.0,False
base,active,916319.0,952417.0,952532.0,0 1 2 3 4 5 6 7 8 9 10 11 12 13 14 15 16 17 18 19 20 21 22 23 24 25 26 27 28 29 30 31 32 33 34 35 36 37 38 39 40 41 42 43 44 45 46 47 48 49 50 51 52 53 54 55 56 57 58 59 60 61 62 63 64 65 66 67 68 69 70 71 72 73 74 75 76 77 78 79 80 81 82 83 84 85 86 87 88 89 90 91 92 93 94 95 96 97 98 99 100 101 102 103 104 105 106 107 108 109 110 111 112 113 114 115 116 117 118 119 120 121 122 123 124 125 126 127,39938.0,False
base,active,,952532.0,955042.0,0 1 2 3,-1.0,
base,active,,952532.0,955060.0,4 5 6 7 8 9 10 11 12 13 14 15 16 17 18 19 20 21 22 23 24 25 26 27 28 29 30 31 32 33 34 35,-1.0,
base,active,,952532.0,955065.0,36 37,-1.0,
base,active,,952532.0,955119.0,38 39 40 41 42 43 44 45 46 47 48 49 50 51 52 53 54 55 56 57 58 59 60 61 62 63 64 65 66 67 68 69,-1.0,
base,active,,952532.0,955188.0,70 71 72 73 74 75 76 77,-1.0,
base,active,,952532.0,955189.0,78 79 80 81 82 83 84 85 86 87 88 89 90 91 92 93 94 95 96 97 98 99 100 101 102 103 104 105 106 107 108 109,-1.0,
base,active,,952532.0,955209.0,110,-1.0,
base,active,,952532.0,955569.0,111 112 113,-1.0,
base,active,,952532.0,955790.0,114 115 116 117 118 119 120 121,-1.0,
base,active,,952532.0,956132.0,122 123 124 125 126 127,-1.0,
base,active,955042.0,955042.0,956051.0,0 1 2 3,40259.0,False
base,active,955060.0,955060.0,957439.0,4 5 6 7 8 9 10 11 12 13 14 15 16 17 18 19 20 21 22 23 24 25 26 27 28 29 30 31 32 33 34 35,40260.0,False
base,active,955065.0,955065.0,956052.0,36 37,40261.0,False
base,active,955119.0,955119.0,956814.0,38 39 40 41 42 43 44 45 46 47 48 49 50 51 52 53 54 55 56 57 58 59 60 61 62 63 64 65 66 67 68 69,40262.0,False
base,active,955188.0,955188.0,956815.0,70 71 72 73 74 75 76 77,40263.0,False
base,active,955189.0,955189.0,955220.0,78 79 80 81 82 83 84 85 86 87 88 89 90 91 92 93 94 95 96 97 98 99 100 101 102 103 104 105 106 107 108 109,40264.0,False
base,active,955209.0,955209.0,955252.0,110,40265.0,False
base,active,,955220.0,955389.0,78,-1.0,
base,active,,955220.0,955507.0,79 80 81 82 83 84 85 86 87 88 89 90 91 92 93 94 95 96 97 98 99 100 101 102 103 104 105 106 107 108 109,-1.0,
base,active,,955252.0,955507.0,110,-1.0,
base,active,955389.0,955389.0,955399.0,78,40266.0,False
base,active,,955399.0,955459.0,78,-1.0,
base,active,955459.0,955459.0,955508.0,78,40268.0,False
base,active,955507.0,955507.0,965682.0,79 80 81 82 83 84 85 86 87 88 89 90 91 92 93 94 95 96 97 98 99 100 101 102 103 104 105 106 107 108 109 110,40269.0,False
base,active,,955508.0,955569.0,78,-1.0,
base,active,955569.0,955569.0,965680.0,78 111 112 113,40270.0,False
base,active,955790.0,955790.0,955826.0,114 115 116 117 118 119 120 121,40271.0,False
base,active,,955826.0,959426.0,114 115 116 117 118 119 120 121,-1.0,
base,active,,956051.0,956831.0,0 1 2 3,-1.0,
base,active,,956052.0,956831.0,36 37,-1.0,
base,switching_off,,956132.0,957932.0,122 123 124 125 126 127,-2.0,
base,active,,956814.0,956831.0,38 39 40 41 42 43 44 45 46 47 48 49 50 51 52 53 54 55 56 57 58 59 60 61 62 63,-1.0,
base,active,,956814.0,959324.0,64 65 66 67 68 69,-1.0,
base,active,,956815.0,959353.0,70 71 72 73 74 75 76 77,-1.0,
base,active,956831.0,956831.0,956880.0,0 1 2 3 36 37 38 39 40 41 42 43 44 45 46 47 48 49 50 51 52 53 54 55 56 57 58 59 60 61 62 63,40278.0,False
base,active,,956880.0,957344.0,0,-1.0,
base,active,,956880.0,957559.0,1 2 3,-1.0,
base,active,,956880.0,957618.0,36 37,-1.0,
base,active,,956880.0,958204.0,38 39 40 41,-1.0,
base,active,,956880.0,959324.0,42 43 44 45 46 47 48 49 50 51 52 53 54 55 56 57 58 59 60 61 62 63,-1.0,
base,active,957344.0,957344.0,957372.0,0,40280.0,False
base,active,,957372.0,957518.0,0,-1.0,
base,active,,957439.0,957559.0,4 5 6 7 8 9 10 11 12 13 14 15 16 17 18 19 20 21 22 23 24 25 26 27 28 29 30 31,-1.0,
base,active,,957439.0,957570.0,32,-1.0,
base,active,,957439.0,957595.0,33 34 35,-1.0,
base,active,957518.0,957518.0,957555.0,0,40282.0,False
base,active,,957555.0,957559.0,0,-1.0,
base,active,957559.0,957559.0,958858.0,0 1 2 3 4 5 6 7 8 9 10 11 12 13 14 15 16 17 18 19 20 21 22 23 24 25 26 27 28 29 30 31,40283.0,False
base,active,957570.0,957570.0,957591.0,32,40284.0,False
base,active,,957591.0,957595.0,32,-1.0,
base,active,957595.0,957595.0,958512.0,32 33 34 35,40285.0,False
base,active,957618.0,957618.0,958513.0,36 37,40286.0,False
base,sleeping,,957932.0,982648.0,122 123 124 125 126 127,-4.0,
base,active,958204.0,958204.0,958246.0,38 39 40 41,40292.0,False
base,active,,958246.0,958435.0,38,-1.0,
base,active,,958246.0,959324.0,39 40 41,-1.0,
base,active,958435.0,958435.0,958478.0,38,40293.0,False
base,active,,958478.0,958491.0,38,-1.0,
base,active,958491.0,958491.0,958511.0,38,40294.0,False
base,active,,958511.0,958819.0,38,-1.0,
base,active,,958512.0,958514.0,32 33 34 35,-1.0,
base,active,,958513.0,958536.0,36 37,-1.0,
base,active,958514.0,958514.0,959506.0,32 33 34 35,40295.0,False
base,active,958536.0,958536.0,959509.0,36 37,40296.0,False
base,active,958819.0,958819.0,958837.0,38,40298.0,False
base,active,,958837.0,959324.0,38,-1.0,
base,active,,958858.0,958912.0,0 1 2 3 4 5 6 7 8 9 10 11 12 13 14 15 16 17 18 19 20 21 22 23 24 25 26 27 28 29 30 31,-1.0,
base,active,958912.0,958912.0,960036.0,0 1 2 3 4 5 6 7 8 9 10 11 12 13 14 15 16 17 18 19 20 21 22 23 24 25 26 27 28 29 30 31,40299.0,False
base,active,959324.0,959324.0,959783.0,38 39 40 41 42 43 44 45 46 47 48 49 50 51 52 53 54 55 56 57 58 59 60 61 62 63 64 65 66 67 68 69,40301.0,False
base,active,959353.0,959353.0,959783.0,70 71 72 73 74 75 76 77,40302.0,False
base,switching_off,,959426.0,961226.0,114 115 116 117 118 119 120 121,-2.0,
base,active,,959506.0,960066.0,32 33 34 35,-1.0,
base,active,,959509.0,960074.0,36 37,-1.0,
base,active,,959783.0,960827.0,38 39 40 41 42 43 44 45 46 47 48 49 50 51 52 53 54 55 56 57 58 59 60 61 62 63 64 65 66 67 68 69,-1.0,
base,active,,959783.0,960872.0,70 71 72 73 74 75 76 77,-1.0,
base,active,,960036.0,960039.0,0,-1.0,
base,active,,960036.0,960052.0,1 2 3 4,-1.0,
base,active,,960036.0,960066.0,5 6 7 8 9 10 11 12 13 14 15 16 17 18 19 20 21 22 23 24 25 26 27 28 29 30 31,-1.0,
base,active,960039.0,960039.0,960060.0,0,40308.0,False
base,active,960052.0,960052.0,960090.0,1 2 3 4,40309.0,False
base,active,,960060.0,960066.0,0,-1.0,
base,active,960066.0,960066.0,960510.0,0 5 6 7 8 9 10 11 12 13 14 15 16 17 18 19 20 21 22 23 24 25 26 27 28 29 30 31 32 33 34 35,40310.0,False
base,active,960074.0,960074.0,960078.0,36 37,40311.0,False
base,active,,960078.0,960767.0,36 37,-1.0,
base,active,,960090.0,960557.0,1 2 3 4,-1.0,
base,active,,960510.0,960557.0,0 5 6 7 8 9 10 11 12 13 14 15 16 17 18 19 20 21 22 23 24 25 26 27 28 29 30 31,-1.0,
base,active,,960510.0,960743.0,32 33 34 35,-1.0,
base,active,960557.0,960557.0,963499.0,0 1 2 3 4 5 6 7 8 9 10 11 12 13 14 15 16 17 18 19 20 21 22 23 24 25 26 27 28 29 30 31,40313.0,False
base,active,960743.0,960743.0,961744.0,32 33 34 35,40314.0,False
base,active,960767.0,960767.0,961746.0,36 37,40315.0,False
base,active,960827.0,960827.0,961065.0,38 39 40 41 42 43 44 45 46 47 48 49 50 51 52 53 54 55 56 57 58 59 60 61 62 63 64 65 66 67 68 69,40316.0,False
base,active,960872.0,960872.0,961066.0,70 71 72 73 74 75 76 77,40317.0,False
base,active,,961065.0,961087.0,38 39 40 41 42 43 44 45 46 47 48 49 50 51 52 53 54 55 56 57 58 59 60 61 62 63 64 65 66 67 68 69,-1.0,
base,active,,961066.0,961103.0,70 71 72 73 74 75 76 77,-1.0,
base,active,961087.0,961087.0,961843.0,38 39 40 41 42 43 44 45 46 47 48 49 50 51 52 53 54 55 56 57 58 59 60 61 62 63 64 65 66 67 68 69,40319.0,False
base,active,961103.0,961103.0,961220.0,70 71 72 73 74 75 76 77,40320.0,False
base,active,,961220.0,961370.0,74 75 76 77,-1.0,
base,active,961188.0,961220.0,961501.0,70 71 72 73,40322.0,False
base,sleeping,,961226.0,982648.0,114 115 116 117 118 119 120 121,-4.0,
base,active,961370.0,961370.0,961389.0,74 75 76 77,40325.0,False
base,active,,961389.0,961396.0,74 75 76 77,-1.0,
base,active,961396.0,961396.0,961477.0,74 75 76 77,40326.0,False
base,active,,961477.0,961490.0,74 75 76 77,-1.0,
base,active,961490.0,961490.0,961712.0,74 75 76 77,40327.0,False
base,active,,961501.0,961626.0,70,-1.0,
base,active,,961501.0,961646.0,71 72 73,-1.0,
base,active,961626.0,961626.0,961644.0,70,40330.0,False
base,active,,961644.0,961646.0,70,-1.0,
base,active,961646.0,961646.0,961734.0,70 71 72 73,40331.0,False
base,active,,961712.0,961734.0,74 75 76 77,-1.0,
base,active,961142.0,961734.0,962437.0,70 71 72 73 74 75 76 77,40321.0,False
base,active,,961744.0,961843.0,32 33 34 35,-1.0,
base,active,,961746.0,961843.0,36 37,-1.0,
base,active,,961843.0,961873.0,40 41 42 43,-1.0,
base,active,,961843.0,961894.0,44 45,-1.0,
base,active,961749.0,961843.0,961912.0,32 33 34 35 36 37 38 39,40332.0,False
base,active,,961843.0,962902.0,46 47 48 49 50 51 52 53 54 55 56 57 58 59 60 61 62 63 64 65 66 67 68 69,-1.0,
base,active,961873.0,961873.0,962818.0,40 41 42 43,40333.0,False
base,active,961894.0,961894.0,962820.0,44 45,40334.0,False
base,active,,961912.0,962095.0,32 33 34 35 36 37 38 39,-1.0,
base,active,962095.0,962095.0,962171.0,32 33 34 35 36 37 38 39,40336.0,False
base,active,,962171.0,962183.0,32 33 34 35 36 37 38 39,-1.0,
base,active,962183.0,962183.0,962251.0,32 33 34 35 36 37 38 39,40337.0,False
base,active,,962251.0,962302.0,32 33 34 35 36 37 38 39,-1.0,
base,active,962302.0,962302.0,962360.0,32 33 34 35 36 37 38 39,40338.0,False
base,active,,962360.0,962367.0,32 33 34 35 36 37 38 39,-1.0,
base,active,962367.0,962367.0,962429.0,32 33 34 35 36 37 38 39,40339.0,False
base,active,,962429.0,962438.0,32 33 34 35 36 37 38 39,-1.0,
base,active,,962437.0,962902.0,70 71,-1.0,
base,active,,962437.0,963502.0,72,-1.0,
base,active,,962437.0,964085.0,73 74 75,-1.0,
base,active,,962437.0,964107.0,76 77,-1.0,
base,active,962438.0,962438.0,962500.0,32 33 34 35 36 37 38 39,40340.0,False
base,active,,962500.0,962509.0,32 33 34 35 36 37 38 39,-1.0,
base,active,962509.0,962509.0,962582.0,32 33 34 35 36 37 38 39,40341.0,False
base,active,,962582.0,962627.0,32 33 34 35 36 37 38 39,-1.0,
base,active,962627.0,962627.0,962689.0,32 33 34 35 36 37 38 39,40343.0,False
base,active,,962689.0,962732.0,32,-1.0,
base,active,,962689.0,962795.0,33 34 35 36 37 38 39,-1.0,
base,active,962732.0,962732.0,962747.0,32,40344.0,False
base,active,,962747.0,962795.0,32,-1.0,
base,active,962795.0,962795.0,962855.0,32 33 34 35 36 37 38 39,40345.0,False
base,active,,962818.0,962902.0,40 41 42 43,-1.0,
base,active,,962820.0,962902.0,44 45,-1.0,
base,active,,962855.0,962861.0,32 33 34 35 36 37 38 39,-1.0,
base,active,962861.0,962861.0,962930.0,32 33 34 35 36 37 38 39,40346.0,False
base,active,962902.0,962902.0,963546.0,40 41 42 43 44 45 46 47 48 49 50 51 52 53 54 55 56 57 58 59 60 61 62 63 64 65 66 67 68 69 70 71,40347.0,False
base,active,,962930.0,962938.0,32 33 34 35 36 37 38 39,-1.0,
base,active,962938.0,962938.0,963545.0,32 33 34 35 36 37 38 39,40348.0,False
base,active,962962.0,963499.0,963556.0,0 1 2 3 4 5 6 7,40349.0,False
base,active,963231.0,963499.0,963569.0,24 25 26 27 28 29 30 31,40354.0,False
base,active,963116.0,963499.0,963587.0,8 9 10 11 12 13 14 15,40351.0,False
base,active,963136.0,963499.0,963906.0,16 17 18 19 20 21 22 23,40352.0,False
base,active,963502.0,963502.0,963520.0,72,40359.0,False
base,active,,963520.0,964050.0,72,-1.0,
base,active,963478.0,963545.0,963673.0,32 33 34 35 36 37 38 39,40358.0,False
base,active,963536.0,963546.0,964798.0,40 41 42 43 44 45 46 47 48 49 50 51 52 53 54 55 56 57 58 59 60 61 62 63 64 65 66 67 68 69 70 71,40360.0,False
base,active,,963556.0,963675.0,0,-1.0,
base,active,,963556.0,963835.0,1 2 3 4 5 6 7,-1.0,
base,active,,963569.0,963835.0,24 25 26 27 28 29 30 31,-1.0,
base,active,,963587.0,963835.0,8 9 10 11 12 13 14 15,-1.0,
base,active,,963673.0,963835.0,32 33 34 35 36 37 38 39,-1.0,
base,active,963675.0,963675.0,963718.0,0,40361.0,False
base,active,,963718.0,963731.0,0,-1.0,
base,active,963731.0,963731.0,963770.0,0,40362.0,False
base,active,,963770.0,963835.0,0,-1.0,
base,active,963835.0,963835.0,964531.0,0 1 2 3 4 5 6 7 8 9 10 11 12 13 14 15 24 25 26 27 28 29 30 31 32 33 34 35 36 37 38 39,40363.0,False
base,active,963866.0,963906.0,964573.0,16 17 18 19 20 21 22 23,40364.0,False
base,active,964050.0,964050.0,964078.0,72,40366.0,False
base,active,,964078.0,964085.0,72,-1.0,
base,active,964085.0,964085.0,965183.0,72 73 74 75,40367.0,False
base,active,964107.0,964107.0,965185.0,76 77,40368.0,False
base,active,,964531.0,964807.0,0,-1.0,
base,active,,964531.0,964876.0,1 2 3 4 5 6 7 8 9 10 11 12 13 14 15 24 25 26 27 28 29 30 31,-1.0,
base,active,,964531.0,965057.0,32 33 34 35 36 37 38 39,-1.0,
base,active,,964573.0,964876.0,16 17 18 19 20 21 22 23,-1.0,
base,active,,964798.0,965388.0,40 41 42 43 44 45 46 47,-1.0,
base,active,,964798.0,965548.0,48 49 50 51 52 53 54 55 56 57 58 59 60 61 62 63,-1.0,
base,active,,964798.0,965552.0,64 65 66 67 68 69 70 71,-1.0,
base,active,964807.0,964807.0,964827.0,0,40372.0,False
base,active,,964827.0,964876.0,0,-1.0,
base,active,964876.0,964876.0,967738.0,0 1 2 3 4 5 6 7 8 9 10 11 12 13 14 15 16 17 18 19 20 21 22 23 24 25 26 27 28 29 30 31,40374.0,False
base,active,965057.0,965057.0,965132.0,32 33 34 35 36 37 38 39,40377.0,False
base,active,,965132.0,965376.0,32 33 34 35 36 37 38 39,-1.0,
base,active,,965183.0,965680.0,72 73 74 75,-1.0,
base,active,,965185.0,965680.0,76 77,-1.0,
base,active,965376.0,965376.0,965442.0,32 33 34 35 36 37 38 39,40378.0,False
base,active,965388.0,965388.0,965443.0,40 41 42 43 44 45 46 47,40379.0,False
base,active,,965442.0,965477.0,32 33 34 35 36 37 38 39,-1.0,
base,active,,965443.0,965548.0,40 41 42 43 44 45 46 47,-1.0,
base,active,965477.0,965477.0,965539.0,32 33 34 35 36 37 38 39,40381.0,False
base,active,,965539.0,965548.0,32 33 34 35 36 37 38 39,-1.0,
base,active,965548.0,965548.0,965721.0,32 33 34 35 36 37 38 39 40 41 42 43 44 45 46 47 48 49 50 51 52 53 54 55 56 57 58 59 60 61 62 63,40382.0,False
base,active,965552.0,965552.0,965609.0,64 65 66 67 68 69 70 71,40383.0,False
base,active,965583.0,965609.0,965746.0,64 65 66 67 68 69 70 71,40384.0,False
base,active,965601.0,965680.0,965740.0,72 73 74 75 76 77 78 111,40385.0,False
base,active,,965680.0,966724.0,112 113,-1.0,
base,active,965672.0,965682.0,965734.0,87 88 89 90 91 92 93 94,40387.0,False
base,active,965665.0,965682.0,965736.0,79 80 81 82 83 84 85 86,40386.0,False
base,active,,965682.0,966451.0,95 96 97 98 99,-1.0,
base,active,,965682.0,966491.0,100 101 102 103 104 105 106 107,-1.0,
base,active,,965682.0,966699.0,108 109 110,-1.0,
base,active,,965721.0,965748.0,40 41 42 43 44 45 46 47 48 49 50 51 52 53 54 55 56 57 58 59 60 61 62 63,-1.0,
base,active,965721.0,965721.0,965815.0,32 33 34 35 36 37 38 39,40388.0,False
base,active,,965734.0,966451.0,87 88 89 90 91 92 93 94,-1.0,
base,active,,965736.0,965933.0,79 80 81 82 83,-1.0,
base,active,,965736.0,966451.0,84 85 86,-1.0,
base,active,,965740.0,965840.0,72 73 74 75,-1.0,
base,active,,965740.0,965933.0,76 77 78,-1.0,
base,active,,965740.0,966699.0,111,-1.0,
base,active,,965746.0,965748.0,64 65 66 67 68 69 70 71,-1.0,
base,active,965748.0,965748.0,968021.0,40 41 42 43 44 45 46 47 48 49 50 51 52 53 54 55 56 57 58 59 60 61 62 63 64 65 66 67 68 69 70 71,40389.0,False
base,active,,965815.0,965830.0,32 33 34 35,-1.0,
base,active,,965815.0,965840.0,36 37 38 39,-1.0,
base,active,965830.0,965830.0,968021.0,32 33 34 35,40390.0,False
base,active,965840.0,965840.0,965942.0,36 37 38 39 72 73 74 75,40391.0,False
base,active,965933.0,965933.0,966004.0,76 77 78 79 80 81 82 83,40392.0,False
base,active,,965942.0,965945.0,36 37 38 39 72 73 74 75,-1.0,
base,active,965945.0,965945.0,966035.0,36 37 38 39 72 73 74 75,40393.0,False
base,active,,966004.0,966015.0,76 77 78 79 80 81 82 83,-1.0,
base,active,966015.0,966015.0,966081.0,76 77 78 79 80 81 82 83,40396.0,False
base,active,,966035.0,966050.0,36 37 38 39 72 73 74 75,-1.0,
base,active,966050.0,966050.0,966130.0,36 37 38 39 72 73 74 75,40397.0,False
base,active,,966081.0,966107.0,76 77 78 79 80 81 82 83,-1.0,
base,active,966107.0,966107.0,966165.0,76 77 78 79 80 81 82 83,40398.0,False
base,active,,966130.0,966146.0,36 37 38 39 72 73 74 75,-1.0,
base,active,966146.0,966146.0,966154.0,36 37 38 39 72 73 74 75,40399.0,False
base,active,,966154.0,966174.0,36 37 38 39 72 73 74 75,-1.0,
base,active,,966165.0,966451.0,76 77 78 79 80 81 82 83,-1.0,
base,active,966174.0,966174.0,966180.0,36 37 38 39 72 73 74 75,40400.0,False
base,active,,966180.0,966194.0,36 37 38 39 72 73 74 75,-1.0,
base,active,966194.0,966194.0,966248.0,36 37 38 39 72 73 74 75,40401.0,False
base,active,,966248.0,966451.0,36 37 38 39 72 73 74 75,-1.0,
base,active,966451.0,966451.0,967141.0,36 37 38 39 72 73 74 75 76 77 78 79 80 81 82 83 84 85 86 87 88 89 90 91 92 93 94 95 96 97 98 99,40403.0,False
base,active,966491.0,966491.0,967144.0,100 101 102 103 104 105 106 107,40404.0,False
base,active,966699.0,966699.0,967806.0,108 109 110 111,40407.0,False
base,active,966724.0,966724.0,967808.0,112 113,40408.0,False
base,active,966932.0,967141.0,967204.0,36 37 38 39 72 73 74 75,40409.0,False
base,active,967013.0,967141.0,967247.0,76 77 78 79 80 81 82 83,40411.0,False
base,active,,967141.0,970597.0,84 85 86 87 88 89 90 91 92 93 94 95 96 97 98 99,-1.0,
base,active,,967144.0,970628.0,100 101 102 103 104 105 106 107,-1.0,
base,active,,967204.0,967228.0,36 37 38 39 72 73 74 75,-1.0,
base,active,967228.0,967228.0,967534.0,36 37 38 39 72 73 74 75,40415.0,False
base,active,,967247.0,970597.0,76 77 78 79 80 81 82 83,-1.0,
base,active,,967534.0,967713.0,36 37 38 39,-1.0,
base,active,,967534.0,970597.0,72 73 74 75,-1.0,
base,active,967713.0,967713.0,967767.0,36 37 38 39,40417.0,False
base,active,,967738.0,967743.0,0,-1.0,
base,active,,967738.0,967874.0,1 2 3 4 5 6 7,-1.0,
base,active,,967738.0,968051.0,8 9 10 11 12 13 14 15 16 17 18 19 20 21 22 23 24 25 26 27 28 29 30 31,-1.0,
base,active,967743.0,967743.0,967763.0,0,40419.0,False
base,active,,967763.0,967874.0,0,-1.0,
base,active,,967767.0,968051.0,36 37 38 39,-1.0,
base,active,,967806.0,970732.0,108,-1.0,
base,active,,967806.0,971406.0,109 110 111,-1.0,
base,active,,967808.0,971408.0,112 113,-1.0,
base,active,967874.0,967874.0,967936.0,0 1 2 3 4 5 6 7,40420.0,False
base,active,,967936.0,968050.0,0 1 2 3 4 5 6 7,-1.0,
base,active,,968021.0,968051.0,32 33 34 35,-1.0,
base,active,,968021.0,968128.0,40 41 42 43,-1.0,
base,active,,968021.0,968236.0,44 45 46 47 48 49 50 51 52 53 54 55 56 57 58 59 60 61 62 63 64 65 66 67,-1.0,
base,active,,968021.0,968378.0,68 69 70 71,-1.0,
base,active,968050.0,968050.0,968166.0,0 1 2 3 4 5 6 7,40422.0,False
base,active,968051.0,968051.0,979627.0,8 9 10 11 12 13 14 15 16 17 18 19 20 21 22 23 24 25 26 27 28 29 30 31 32 33 34 35 36 37 38 39,40423.0,False
base,active,968128.0,968128.0,979627.0,40 41 42 43,40424.0,False
base,active,,968166.0,968236.0,0 1 2 3 4 5 6 7,-1.0,
base,active,968236.0,968236.0,971047.0,0 1 2 3 4 5 6 7 44 45 46 47 48 49 50 51 52 53 54 55 56 57 58 59 60 61 62 63 64 65 66 67,40426.0,False
base,active,968378.0,968378.0,968733.0,68 69 70 71,40427.0,False
base,active,,968733.0,968977.0,68 69 70 71,-1.0,
base,active,968977.0,968977.0,969167.0,68 69 70 71,40433.0,False
base,active,,969167.0,969330.0,68,-1.0,
base,active,,969167.0,970597.0,69 70 71,-1.0,
base,active,969330.0,969330.0,969351.0,68,40435.0,False
base,active,,969351.0,970597.0,68,-1.0,
base,active,970597.0,970597.0,971144.0,68 69 70 71 72 73 74 75 76 77 78 79 80 81 82 83 84 85 86 87 88 89 90 91 92 93 94 95 96 97 98 99,40439.0,False
base,active,970628.0,970628.0,971144.0,100 101 102 103 104 105 106 107,40440.0,False
base,active,970732.0,970732.0,970752.0,108,40441.0,False
base,active,,970752.0,974352.0,108,-1.0,
base,active,,971047.0,971049.0,0,-1.0,
base,active,,971047.0,971086.0,1 2 3,-1.0,
base,active,,971047.0,971314.0,4 5 6 7 44 45 46 47 48 49 50 51 52 53 54 55 56 57 58 59 60 61 62 63 64 65 66 67,-1.0,
base,active,971049.0,971049.0,971066.0,0,40443.0,False
base,active,,971066.0,971086.0,0,-1.0,
base,active,971086.0,971086.0,971126.0,0 1 2 3,40444.0,False
base,active,,971126.0,971240.0,0,-1.0,
base,active,,971126.0,971314.0,1 2 3,-1.0,
base,active,,971144.0,971509.0,68 69 70 71,-1.0,
base,active,,971144.0,971531.0,72 73,-1.0,
base,active,,971144.0,971930.0,74 75 76 77 78 79 80 81 82 83 84 85 86 87 88 89 90 91 92 93 94 95 96 97 98 99 100 101 102 103 104 105,-1.0,
base,active,,971144.0,972752.0,106 107,-1.0,
base,active,971240.0,971240.0,971247.0,0,40445.0,False
base,active,,971247.0,971314.0,0,-1.0,
base,active,971314.0,971314.0,974195.0,0 1 2 3 4 5 6 7 44 45 46 47 48 49 50 51 52 53 54 55 56 57 58 59 60 61 62 63 64 65 66 67,40446.0,False
base,switching_off,,971406.0,973206.0,109 110 111,-2.0,
base,switching_off,,971408.0,973208.0,112 113,-2.0,
base,active,971509.0,971509.0,972569.0,68 69 70 71,40450.0,False
base,active,971531.0,971531.0,972572.0,72 73,40451.0,False
base,active,971930.0,971930.0,972448.0,74 75 76 77 78 79 80 81 82 83 84 85 86 87 88 89 90 91 92 93 94 95 96 97 98 99 100 101 102 103 104 105,40454.0,False
base,active,,972448.0,972506.0,82 83 84 85 86 87 88 89,-1.0,
base,active,,972448.0,972752.0,90 91 92 93 94 95 96 97 98 99 100 101 102 103 104 105,-1.0,
base,active,971962.0,972448.0,972935.0,74 75 76 77 78 79 80 81,40455.0,False
base,active,972506.0,972506.0,972752.0,82 83 84 85 86 87 88 89,40459.0,False
base,active,,972569.0,972752.0,68 69 70 71,-1.0,
base,active,,972572.0,972752.0,72 73,-1.0,
base,active,972459.0,972752.0,972758.0,68 69 70 71 72 73 82 83 84 85 86 87 88 89 90 91 92 93 94 95 96 97 98 99 100 101 102 103 104 105 106 107,40457.0,False
base,active,972471.0,972758.0,973038.0,68 69 70 71 72 73 82 83 84 85 86 87 88 89 90 91 92 93 94 95 96 97 98 99 100 101 102 103 104 105 106 107,40458.0,False
base,active,,972935.0,973157.0,74 75 76 77 78 79 80 81,-1.0,
base,active,,973038.0,973157.0,68 69 70 71 72 73 82 83 84 85 86 87 88 89 90 91 92 93 94 95 96 97 98 99,-1.0,
base,active,,973038.0,973886.0,100 101 102 103 104 105 106 107,-1.0,
base,active,973157.0,973157.0,973383.0,68 69 70 71 72 73 74 75 76 77 78 79 80 81 82 83 84 85 86 87 88 89 90 91 92 93 94 95 96 97 98 99,40466.0,False
base,sleeping,,973206.0,982648.0,109 110 111,-4.0,
base,sleeping,,973208.0,982648.0,112 113,-4.0,
base,active,,973383.0,973426.0,68 69 70 71 72 73 74 75 76 77 78 79 80 81 82 83,-1.0,
base,active,,973383.0,973469.0,84,-1.0,
base,active,,973383.0,973862.0,85 86 87 88 89 90 91 92 93 94 95 96 97 98 99,-1.0,
base,active,973426.0,973426.0,973605.0,68 69 70 71 72 73 74 75 76 77 78 79 80 81 82 83,40467.0,False
base,active,973469.0,973469.0,973486.0,84,40468.0,False
base,active,,973486.0,973862.0,84,-1.0,
base,active,,973605.0,973862.0,68 69 70 71 72 73 74 75 76 77 78 79 80 81 82 83,-1.0,
base,active,973862.0,973862.0,974159.0,68 69 70 71 72 73 74 75 76 77 78 79 80 81 82 83 84 85 86 87 88 89 90 91 92 93 94 95 96 97 98 99,40470.0,False
base,active,973886.0,973886.0,974160.0,100 101 102 103 104 105 106 107,40471.0,False
base,active,,974159.0,974317.0,68 69 70 71 72 73 74 75,-1.0,
base,active,,974159.0,974352.0,76 77 78 79 80 81 82 83 84 85 86 87 88 89 90 91 92 93 94 95 96 97 98 99,-1.0,
base,active,,974160.0,974352.0,100 101 102 103 104 105 106 107,-1.0,
base,active,,974195.0,974198.0,0,-1.0,
base,active,,974195.0,974275.0,1 2 3 4 5 6 7 44 45 46 47 48 49 50 51 52 53 54 55 56 57 58 59 60 61 62 63 64 65 66 67,-1.0,
base,active,974198.0,974198.0,974221.0,0,40472.0,False
base,active,,974221.0,974275.0,0,-1.0,
base,active,974275.0,974275.0,974444.0,0 1 2 3 4 5 6 7 44 45 46 47 48 49 50 51 52 53 54 55 56 57 58 59 60 61 62 63 64 65 66 67,40475.0,False
base,active,974317.0,974317.0,974442.0,68 69 70 71 72 73 74 75,40476.0,False
base,switching_off,,974352.0,976152.0,108,-2.0,
base,active,974352.0,974352.0,977248.0,76 77 78 79 80 81 82 83 84 85 86 87 88 89 90 91 92 93 94 95 96 97 98 99 100 101 102 103 104 105 106 107,40477.0,False
base,active,974362.0,974442.0,974463.0,68,40478.0,False
base,active,,974442.0,975178.0,69 70 71 72 73 74 75,-1.0,
base,active,,974444.0,975131.0,0 1 2 3 4 5 6 7 44 45 46 47 48 49 50 51 52 53 54 55 56 57 58 59 60 61 62 63 64 65 66 67,-1.0,
base,active,,974463.0,975178.0,68,-1.0,
base,active,975131.0,975131.0,975773.0,0 1 2 3 4 5 6 7 44 45 46 47 48 49 50 51 52 53 54 55 56 57 58 59 60 61 62 63 64 65 66 67,40484.0,False
base,active,975178.0,975178.0,975775.0,68 69 70 71 72 73 74 75,40485.0,False
base,active,975223.0,975773.0,975792.0,0,40486.0,False
base,active,975452.0,975773.0,975796.0,2,40488.0,False
base,active,975226.0,975773.0,975803.0,1,40487.0,False
base,active,,975773.0,976440.0,45 46 47 48 49 50 51 52 53 54 55 56 57 58 59 60 61 62 63 64 65 66 67,-1.0,
base,active,975655.0,975773.0,976813.0,3 4,40490.0,False
base,active,975634.0,975773.0,976832.0,5 6 7 44,40489.0,False
base,active,,975775.0,976440.0,68 69 70 71 72 73,-1.0,
base,active,,975775.0,976608.0,74,-1.0,
base,active,,975775.0,976832.0,75,-1.0,
base,active,,975792.0,976141.0,0,-1.0,
base,active,,975796.0,976440.0,2,-1.0,
base,active,,975803.0,976440.0,1,-1.0,
base,active,976141.0,976141.0,976161.0,0,40491.0,False
base,sleeping,,976152.0,982648.0,108,-4.0,
base,active,,976161.0,976440.0,0,-1.0,
base,active,976440.0,976440.0,982139.0,0 1 2 45 46 47 48 49 50 51 52 53 54 55 56 57 58 59 60 61 62 63 64 65 66 67 68 69 70 71 72 73,40492.0,False
base,active,976608.0,976608.0,976626.0,74,40494.0,False
base,active,,976626.0,976832.0,74,-1.0,
base,active,,976813.0,976832.0,3 4,-1.0,
base,active,976466.0,976832.0,982505.0,3 4 5 6 7 44 74 75,40493.0,False
base,active,,977248.0,977251.0,76,-1.0,
base,active,,977248.0,979881.0,77 78 79,-1.0,
base,active,,977248.0,979903.0,80 81,-1.0,
base,active,,977248.0,980848.0,82 83 84 85 86 87 88 89 90 91 92 93 94 95 96 97 98 99 100 101 102 103 104 105 106 107,-1.0,
base,active,977251.0,977251.0,977268.0,76,40495.0,False
base,active,,977268.0,979500.0,76,-1.0,
base,active,979500.0,979500.0,979514.0,76,40497.0,False
base,active,,979514.0,979802.0,76,-1.0,
base,active,,979627.0,979721.0,8 9 10 11 12 13 14 15 16 17 18 19 20 21 22 23 24 25 26 27 28 29 30 31 32 33 34 35 36 37 38 39,-1.0,
base,active,,979627.0,979785.0,40 41 42 43,-1.0,
base,active,979721.0,979721.0,979959.0,8 9 10 11 12 13 14 15 16 17 18 19 20 21 22 23 24 25 26 27 28 29 30 31 32 33 34 35 36 37 38 39,40499.0,False
base,active,979785.0,979785.0,979961.0,40 41 42 43,40500.0,False
base,active,979802.0,979802.0,979845.0,76,40501.0,False
base,active,,979845.0,979857.0,76,-1.0,
base,active,979857.0,979857.0,979876.0,76,40502.0,False
base,active,,979876.0,979881.0,76,-1.0,
base,active,979881.0,979881.0,981978.0,76 77 78 79,40503.0,False
base,active,979903.0,979903.0,981980.0,80 81,40504.0,False
base,active,,979959.0,979988.0,8 9 10 11 12 13 14 15 16 17 18 19 20 21 22 23 24 25 26 27 28 29 30 31 32 33 34 35 36 37 38 39,-1.0,
base,active,,979961.0,980064.0,40 41 42 43,-1.0,
base,active,979988.0,979988.0,980583.0,8 9 10 11 12 13 14 15 16 17 18 19 20 21 22 23 24 25 26 27 28 29 30 31 32 33 34 35 36 37 38 39,40505.0,False
base,active,980064.0,980064.0,980584.0,40 41 42 43,40506.0,False
base,active,,980583.0,980611.0,8 9 10 11 12 13 14 15 16 17 18 19 20 21 22 23 24 25 26 27 28 29 30 31 32 33 34 35 36 37 38 39,-1.0,
base,active,,980584.0,980676.0,40 41 42 43,-1.0,
base,active,980611.0,980611.0,982172.0,8 9 10 11 12 13 14 15 16 17 18 19 20 21 22 23 24 25 26 27 28 29 30 31 32 33 34 35 36 37 38 39,40510.0,False
base,active,980676.0,980676.0,982161.0,40 41 42 43,40512.0,False
base,switching_off,,980848.0,982648.0,82 83 84 85 86 87 88 89 90 91 92 93 94 95 96 97 98 99 100 101 102 103 104 105 106 107,-2.0,
base,active,,981978.0,982070.0,76 77 78 79,-1.0,
base,active,,981980.0,982092.0,80 81,-1.0,
base,active,982070.0,982070.0,982150.0,76 77 78 79,40518.0,False
base,active,982092.0,982092.0,982144.0,80 81,40519.0,False
base,active,,982139.0,982172.0,0 1 2 45 46 47 48 49 50 51 52 53 54 55 56 57 58 59 60 61 62 63 64 65 66 67 68 69,-1.0,
base,active,,982139.0,985348.0,70 71 72 73,-1.0,
base,active,,982144.0,985348.0,80 81,-1.0,
base,active,,982150.0,985348.0,76 77 78 79,-1.0,
base,active,,982161.0,982172.0,40 41 42 43,-1.0,
base,active,982148.0,982172.0,992071.0,0 1 2 8 9 10 11 12 13 14 15 16 17 18 19 20 21 22 23 24 25 26 27 28 29 30 31 32 33 34 35 36 37 38 39 40 41 42 43 45 46 47 48 49 50 51 52 53 54 55 56 57 58 59 60 61 62 63 64 65 66 67 68 69,40521.0,False
base,active,,982505.0,985348.0,3 4 5 6 7 44 74 75,-1.0,
base,switching_on,,982648.0,985348.0,82 83 84 85 86 87 88 89 90 91 92 93 94 95 96 97 98 99 100 101 102 103 104 105 106 107 108 109 110 111 112 113 114 115 116 117 118 119 120 121 122 123 124 125 126 127,-3.0,
base,active,982195.0,985348.0,991081.0,3 4 5 6 7 44 70 71 72 73 74 75 76 77 78 79 80 81 82 83 84 85 86 87 88 89 90 91 92 93 94 95 96 97 98 99 100 101 102 103 104 105 106 107 108 109 110 111 112 113 114 115 116 117 118 119 120 121 122 123 124 125 126 127,40522.0,False
base,active,990666.0,991081.0,991090.0,3,40537.0,False
base,active,,991081.0,992417.0,107 108 109,-1.0,
base,active,987965.0,991081.0,993059.0,4 5,40524.0,False
base,active,987941.0,991081.0,993080.0,6 7 44 70,40523.0,False
base,active,,991081.0,994681.0,110 111 112 113 114 115 116 117 118 119 120 121 122 123 124 125 126 127,-1.0,
base,active,988257.0,991081.0,994879.0,71 72 73 74,40527.0,False
base,active,988203.0,991081.0,994930.0,75 76 77 78 79 80 81 82 83 84 85 86 87 88 89 90 91 92 93 94 95 96 97 98 99 100 101 102 103 104 105 106,40526.0,False
base,active,,991090.0,992171.0,3,-1.0,
base,active,,992071.0,992171.0,0 1 2 8 9 10 11 12 13 14 15 16 17 18 19 20 21 22 23 24 25 26 27 28 29 30 31 32 33 34 35 36 37 38 39 40 41 42 43 45 46 47 48 49 50 51 52 53 54 55 56 57 58 59 60 61 62 63 64 65 66 67 68,-1.0,
base,active,,992071.0,992417.0,69,-1.0,
base,active,992171.0,992171.0,1002006.0,0 1 2 3 8 9 10 11 12 13 14 15 16 17 18 19 20 21 22 23 24 25 26 27 28 29 30 31 32 33 34 35 36 37 38 39 40 41 42 43 45 46 47 48 49 50 51 52 53 54 55 56 57 58 59 60 61 62 63 64 65 66 67 68,40546.0,False
base,active,992417.0,992417.0,1002012.0,69 107 108 109,40552.0,False
base,active,,993059.0,994930.0,4 5,-1.0,
base,active,,993080.0,994930.0,6 7 44 70,-1.0,
base,switching_off,,994681.0,996481.0,110 111 112 113 114 115 116 117 118 119 120 121 122 123 124 125 126 127,-2.0,
base,active,,994879.0,994930.0,71 72 73 74,-1.0,
base,active,,994930.0,998530.0,97 98 99 100 101 102 103 104 105 106,-1.0,
base,active,992354.0,994930.0,1004583.0,4 5 6 7 44 70 71 72 73 74 75 76 77 78 79 80 81 82 83 84 85 86 87 88 89 90 91 92 93 94 95 96,40550.0,False
base,sleeping,,996481.0,1001883.0,110 111 112 113 114 115 116 117 118 119 120 121 122 123 124 125 126 127,-4.0,
base,switching_off,,998530.0,1000330.0,97 98 99 100 101 102 103 104 105 106,-2.0,
base,sleeping,,1000330.0,1001883.0,97 98 99 100 101 102 103 104 105 106,-4.0,
base,switching_on,,1001883.0,1004583.0,97 98 99 100 101 102 103 104 105 106 110 111 112 113 114 115 116 117 118 119 120 121 122 123 124 125 126 127,-3.0,
base,active,,1002006.0,1002023.0,0 1 2 3 8 9 10 11 12 13 14 15 16 17 18 19 20 21 22 23 24 25 26 27 28 29 30 31 32 33 34 35 36 37 38 39 40 41 42 43 45 46 47 48 49 50 51 52 53 54 55 56 57 58 59 60 61 62 63 64 65 66 67 68,-1.0,
base,active,,1002012.0,1002374.0,69 107 108 109,-1.0,
base,active,1002023.0,1002023.0,1011850.0,0 1 2 3 8 9 10 11 12 13 14 15 16 17 18 19 20 21 22 23 24 25 26 27 28 29 30 31 32 33 34 35 36 37 38 39 40 41 42 43 45 46 47 48 49 50 51 52 53 54 55 56 57 58 59 60 61 62 63 64 65 66 67 68,40624.0,False
base,active,1002374.0,1002374.0,1031414.0,69 107 108 109,40627.0,False
base,active,,1004583.0,1008183.0,97 98 99 100 101 102 103 104 105 106 110 111 112 113 114 115 116 117 118 119 120 121 122 123 124 125 126 127,-1.0,
base,active,1002309.0,1004583.0,1033687.0,4 5 6 7 44 70 71 72 73 74 75 76 77 78 79 80 81 82 83 84 85 86 87 88 89 90 91 92 93 94 95 96,40626.0,False
base,switching_off,,1008183.0,1009983.0,97 98 99 100 101 102 103 104 105 106 110 111 112 113 114 115 116 117 118 119 120 121 122 123 124 125 126 127,-2.0,
base,sleeping,,1009983.0,1019485.0,97 98 99 100 101 102 103,-4.0,
base,sleeping,,1009983.0,1023320.0,104,-4.0,
base,sleeping,,1009983.0,1027550.0,105 106 110 111 112 113 114 115,-4.0,
base,sleeping,,1009983.0,1037457.0,116 117 118 119 120 121 122 123 124 125 126 127,-4.0,
base,active,,1011850.0,1014484.0,0 1 2 3 8 9 10 11 12 13 14 15 16 17 18 19 20 21 22 23 24 25 26 27 28 29 30 31 32 33 34 35,-1.0,
base,active,,1011850.0,1015450.0,36 37 38 39 40 41 42 43 45 46 47 48 49 50 51 52 53 54 55 56 57 58 59 60 61 62 63 64 65 66 67 68,-1.0,
base,active,1014484.0,1014484.0,1014514.0,0 1 2 3 8 9 10 11 12 13 14 15 16 17 18 19 20 21 22 23 24 25 26 27 28 29 30 31 32 33 34 35,40630.0,False
base,active,,1014514.0,1016070.0,0,-1.0,
base,active,,1014514.0,1018114.0,1 2 3 8 9 10 11 12 13 14 15 16 17 18 19 20 21 22 23 24 25 26 27 28 29 30 31 32 33 34 35,-1.0,
base,switching_off,,1015450.0,1017250.0,36 37 38 39 40 41 42 43 45 46 47 48 49 50 51 52 53 54 55 56 57 58 59 60 61 62 63 64 65 66 67 68,-2.0,
base,active,1016070.0,1016070.0,1016940.0,0,40638.0,False
base,active,,1016940.0,1016966.0,0,-1.0,
base,active,1016966.0,1016966.0,1016996.0,0,40648.0,False
base,active,,1016996.0,1022161.0,0,-1.0,
base,sleeping,,1017250.0,1019461.0,36 37 38 39 40 41 42 43 45 46 47 48 49 50 51 52 53 54 55 56 57 58 59 60 61 62 63 64 65 66 67,-4.0,
base,sleeping,,1017250.0,1019485.0,68,-4.0,
base,switching_off,,1018114.0,1019914.0,1 2 3 8 9 10 11 12 13 14 15 16 17 18 19 20 21 22 23 24 25 26 27 28 29 30 31 32 33 34 35,-2.0,
base,switching_on,,1019461.0,1022161.0,36 37 38 39 40 41 42 43 45 46 47 48 49 50 51 52 53 54 55 56 57 58 59 60 61 62 63 64 65 66 67,-3.0,
base,switching_on,,1019485.0,1022185.0,68 97 98 99 100 101 102 103,-3.0,
base,sleeping,,1019914.0,1022962.0,1 2 3 8 9 10 11 12 13 14 15 16 17 18 19 20,-4.0,
base,sleeping,,1019914.0,1023320.0,21 22 23 24 25 26 27 28 29 30 31 32 33 34 35,-4.0,
base,active,,1022161.0,1022185.0,43 45 46 47 48 49 50 51 52 53 54 55 56 57 58 59 60 61 62 63 64 65 66 67,-1.0,
base,active,1019485.0,1022161.0,1040113.0,0 36 37 38 39 40 41 42,40653.0,False
base,active,1019461.0,1022185.0,1040157.0,43 45 46 47 48 49 50 51 52 53 54 55 56 57 58 59 60 61 62 63 64 65 66 67 68 97 98 99 100 101 102 103,40652.0,False
base,switching_on,,1022962.0,1025662.0,1 2 3 8 9 10 11 12 13 14 15 16 17 18 19 20,-3.0,
base,switching_on,,1023320.0,1026020.0,21 22 23 24 25 26 27 28 29 30 31 32 33 34 35 104,-3.0,
base,active,1024876.0,1025662.0,1025678.0,1,40669.0,False
base,active,1025042.0,1025662.0,1025724.0,2 3 8 9,40670.0,False
base,active,,1025662.0,1025724.0,10 11 12 13 14 15 16 17 18 19 20,-1.0,
base,active,,1025678.0,1025724.0,1,-1.0,
base,active,1022962.0,1025724.0,1025781.0,1 2 3 8 9 10 11 12 13 14 15 16 17 18 19 20,40665.0,False
base,active,1023228.0,1025781.0,1025855.0,1 2 3 8 9 10 11 12 13 14 15 16 17 18 19 20,40666.0,False
base,active,1025800.0,1025855.0,1025874.0,1,40674.0,False
base,active,,1025855.0,1025874.0,2 3 8 9 10 11 12 13 14 15 16 17 18 19 20,-1.0,
base,active,1024858.0,1025874.0,1026065.0,1 2 3 8 9 10 11 12 13 14 15 16 17 18 19 20,40668.0,False
base,active,,1026020.0,1026065.0,21 22 23 24 25 26 27 28 29 30 31 32 33 34 35 104,-1.0,
base,active,1023320.0,1026065.0,1026148.0,1 2 3 8 9 10 11 12 13 14 15 16 17 18 19 20 21 22 23 24 25 26 27 28 29 30 31 32 33 34 35 104,40667.0,False
base,active,1025142.0,1026148.0,1026220.0,1 2 3 8 9 10 11 12 13 14 15 16 17 18 19 20 21 22 23 24 25 26 27 28 29 30 31 32 33 34 35 104,40671.0,False
base,active,1025339.0,1026220.0,1026249.0,1 2 3 8 9 10 11 12 13 14 15 16 17 18 19 20 21 22 23 24 25 26 27 28 29 30 31 32 33 34 35 104,40672.0,False
base,active,1026026.0,1026249.0,1035487.0,1 2 3 8 9 10 11 12 13 14 15 16 17 18 19 20 21 22 23 24 25 26 27 28 29 30 31 32 33 34 35 104,40676.0,False
base,switching_on,,1027550.0,1030250.0,105 106 110 111 112 113 114 115,-3.0,
base,active,1029735.0,1030250.0,1030254.0,113,40707.0,False
base,active,1029967.0,1030250.0,1030255.0,114,40708.0,False
base,active,1030008.0,1030250.0,1030266.0,115,40710.0,False
base,active,1029137.0,1030250.0,1030271.0,106,40702.0,False
base,active,1029222.0,1030250.0,1030271.0,111,40704.0,False
base,active,1029668.0,1030250.0,1030271.0,112,40706.0,False
base,active,1028988.0,1030250.0,1030274.0,105,40699.0,False
base,active,1029202.0,1030250.0,1030276.0,110,40703.0,False
base,active,1030011.0,1030254.0,1030275.0,113,40711.0,False
base,active,1030041.0,1030255.0,1030277.0,114,40712.0,False
base,active,,1030266.0,1030271.0,115,-1.0,
base,active,1027669.0,1030271.0,1030313.0,106 111 112 115,40692.0,False
base,active,,1030274.0,1030277.0,105,-1.0,
base,active,,1030275.0,1030277.0,113,-1.0,
base,active,,1030276.0,1030277.0,110,-1.0,
base,active,1028367.0,1030277.0,1030331.0,105 110 113 114,40694.0,False
base,active,,1030313.0,1030331.0,106 111 112 115,-1.0,
base,active,1027550.0,1030331.0,1030383.0,105 106 110 111 112 113 114 115,40689.0,False
base,active,1030205.0,1030383.0,1031058.0,105 106 110 111 112 113 114 115,40714.0,False
base,active,1030440.0,1031058.0,1031067.0,105,40716.0,False
base,active,,1031058.0,1031067.0,113 114 115,-1.0,
base,active,1030645.0,1031058.0,1031102.0,106 110 111 112,40720.0,False
base,active,1030796.0,1031067.0,1031093.0,105 113 114 115,40722.0,False
base,active,1030919.0,1031093.0,1031140.0,105 113 114 115,40723.0,False
base,active,1031095.0,1031102.0,1031131.0,106 110 111 112,40726.0,False
base,active,,1031131.0,1031140.0,106 110 111 112,-1.0,
base,active,1030930.0,1031140.0,1031776.0,105 106 110 111 112 113 114 115,40724.0,False
base,active,,1031414.0,1031526.0,69,-1.0,
base,active,,1031414.0,1031755.0,107 108 109,-1.0,
base,active,1031526.0,1031526.0,1031542.0,69,40731.0,False
base,active,,1031542.0,1031563.0,69,-1.0,
base,active,1031563.0,1031563.0,1031582.0,69,40732.0,False
base,active,,1031582.0,1031755.0,69,-1.0,
base,active,1031755.0,1031755.0,1031791.0,69 107 108 109,40734.0,False
base,active,1031624.0,1031776.0,1032429.0,105 106 110 111 112 113 114 115,40733.0,False
base,active,,1031791.0,1031867.0,69 107 108 109,-1.0,
base,active,1031867.0,1031867.0,1031893.0,69 107 108 109,40736.0,False
base,active,,1031893.0,1031901.0,69 107 108 109,-1.0,
base,active,1031901.0,1031901.0,1031927.0,69 107 108 109,40737.0,False
base,active,,1031927.0,1031972.0,69 107 108 109,-1.0,
base,active,1031972.0,1031972.0,1032010.0,69 107 108 109,40738.0,False
base,active,,1032010.0,1032026.0,69 107 108 109,-1.0,
base,active,1032026.0,1032026.0,1032064.0,69 107 108 109,40739.0,False
base,active,,1032064.0,1032499.0,69 107 108 109,-1.0,
base,active,,1032429.0,1032499.0,105 106 110 111,-1.0,
base,active,,1032429.0,1032696.0,112,-1.0,
base,active,,1032429.0,1032746.0,113 114 115,-1.0,
base,active,1032499.0,1032499.0,1033136.0,69 105 106 107 108 109 110 111,40744.0,False
base,active,1032696.0,1032696.0,1032713.0,112,40747.0,False
base,active,,1032713.0,1032746.0,112,-1.0,
base,active,1032746.0,1032746.0,1032787.0,112 113 114 115,40748.0,False
base,active,,1032787.0,1033091.0,112,-1.0,
base,active,,1032787.0,1035276.0,113,-1.0,
base,active,,1032787.0,1036519.0,114 115,-1.0,
base,active,1033091.0,1033091.0,1033097.0,112,40750.0,False
base,active,,1033097.0,1034586.0,112,-1.0,
base,active,1032661.0,1033136.0,1033224.0,69 105 106 107 108 109 110 111,40746.0,False
base,active,,1033224.0,1033575.0,69 105 106 107,-1.0,
base,active,,1033224.0,1033580.0,108 109 110 111,-1.0,
base,active,1033575.0,1033575.0,1033594.0,69 105 106 107,40751.0,False
base,active,1033580.0,1033580.0,1033926.0,108 109 110 111,40752.0,False
base,active,,1033594.0,1034151.0,69,-1.0,
base,active,,1033594.0,1034479.0,105 106 107,-1.0,
base,active,,1033687.0,1033724.0,4 5 6 7,-1.0,
base,active,,1033687.0,1034151.0,44 70 71,-1.0,
base,active,,1033687.0,1034217.0,72,-1.0,
base,active,,1033687.0,1034393.0,73 74 75 76 77 78 79 80 81 82 83 84 85 86 87 88 89 90 91 92 93 94 95,-1.0,
base,active,,1033687.0,1034479.0,96,-1.0,
base,active,1033724.0,1033724.0,1033767.0,4 5 6 7,40754.0,False
base,active,,1033767.0,1033827.0,4 5 6 7,-1.0,
base,active,1033827.0,1033827.0,1033878.0,4 5 6 7,40755.0,False
base,active,,1033878.0,1033977.0,4 5 6 7,-1.0,
base,active,,1033926.0,1034485.0,108 109 110 111,-1.0,
base,active,1033977.0,1033977.0,1034339.0,4 5 6 7,40756.0,False
base,active,1034151.0,1034151.0,1034204.0,44 69 70 71,40757.0,False
base,active,,1034204.0,1034213.0,44 69 70 71,-1.0,
base,active,1034213.0,1034213.0,1034265.0,44 69 70 71,40759.0,False
base,active,1034217.0,1034217.0,1034244.0,72,40760.0,False
base,active,,1034244.0,1034393.0,72,-1.0,
base,active,,1034265.0,1034393.0,44 69 70 71,-1.0,
base,active,,1034339.0,1034393.0,4 5 6 7,-1.0,
base,active,1034393.0,1034393.0,1036157.0,4 5 6 7 44 69 70 71 72 73 74 75 76 77 78 79 80 81 82 83 84 85 86 87 88 89 90 91 92 93 94 95,40764.0,False
base,active,1034479.0,1034479.0,1036152.0,96 105 106 107,40766.0,False
base,active,1034485.0,1034485.0,1034505.0,108 109 110 111,40767.0,False
base,active,,1034505.0,1034576.0,108,-1.0,
base,active,,1034505.0,1034586.0,109 110 111,-1.0,
base,active,1034576.0,1034576.0,1034597.0,108,40768.0,False
base,active,1034586.0,1034586.0,1034590.0,109 110 111 112,40769.0,False
base,active,,1034590.0,1034618.0,109 110 111,-1.0,
base,active,,1034590.0,1034808.0,112,-1.0,
base,active,,1034597.0,1034618.0,108,-1.0,
base,active,1034618.0,1034618.0,1034930.0,108 109 110 111,40770.0,False
base,active,1034808.0,1034808.0,1034815.0,112,40771.0,False
base,active,,1034815.0,1035267.0,112,-1.0,
base,active,,1034930.0,1034966.0,108 109 110 111,-1.0,
base,active,1034966.0,1034966.0,1034969.0,108 109 110 111,40772.0,False
base,active,,1034969.0,1035144.0,108 109 110 111,-1.0,
base,active,1035144.0,1035144.0,1035487.0,108 109 110 111,40774.0,False
base,active,1035267.0,1035267.0,1035292.0,112,40775.0,False
base,active,1035276.0,1035276.0,1035294.0,113,40776.0,False
base,active,,1035292.0,1036519.0,112,-1.0,
base,active,,1035294.0,1036519.0,113,-1.0,
base,active,,1035487.0,1035508.0,1 2 3 8 9 10 11 12 13 14 15 16 17 18 19 20 21 22 23 24 25 26 27 28 29 30 31 32 33 34 35 104,-1.0,
base,active,,1035487.0,1035862.0,108,-1.0,
base,active,,1035487.0,1036118.0,109 110 111,-1.0,
base,active,1035508.0,1035508.0,1037075.0,1 2 3 8 9 10 11 12 13 14 15 16 17 18 19 20 21 22 23 24 25 26 27 28 29 30 31 32 33 34 35 104,40777.0,False
base,active,1035862.0,1035862.0,1035871.0,108,40780.0,False
base,active,,1035871.0,1036118.0,108,-1.0,
base,active,1036118.0,1036118.0,1036266.0,108 109 110 111,40784.0,False
base,active,,1036152.0,1036272.0,96 105 106 107,-1.0,
base,active,,1036157.0,1036178.0,4 5 6 7 44 69 70 71 72 73 74 75 76 77 78 79 80 81 82 83 84 85 86 87 88 89 90 91 92 93 94 95,-1.0,
base,active,1036178.0,1036178.0,1038603.0,4 5 6 7 44 69 70 71 72 73 74 75 76 77 78 79 80 81 82 83 84 85 86 87 88 89 90 91 92 93 94 95,40785.0,False
base,active,,1036266.0,1036311.0,108 109 110 111,-1.0,
base,active,1036272.0,1036272.0,1038904.0,96 105 106 107,40787.0,False
base,active,1036311.0,1036311.0,1036352.0,108 109 110 111,40788.0,False
base,active,,1036352.0,1036390.0,108 109 110 111,-1.0,
base,active,1036390.0,1036390.0,1036435.0,108 109 110 111,40789.0,False
base,active,,1036435.0,1036508.0,108 109 110 111,-1.0,
base,active,1036508.0,1036508.0,1036570.0,108 109 110 111,40790.0,False
base,active,1036519.0,1036519.0,1036606.0,112 113 114 115,40791.0,False
base,active,,1036570.0,1036734.0,108 109 110 111,-1.0,
base,active,,1036606.0,1036734.0,112 113 114 115,-1.0,
base,active,1036734.0,1036734.0,1036802.0,108 109 110 111 112 113 114 115,40793.0,False
base,active,,1036802.0,1036928.0,108,-1.0,
base,active,,1036802.0,1037101.0,109,-1.0,
base,active,,1036802.0,1037242.0,110 111,-1.0,
base,active,,1036802.0,1037287.0,112 113 114 115,-1.0,
base,active,1036928.0,1036928.0,1036944.0,108,40795.0,False
base,active,,1036944.0,1037079.0,108,-1.0,
base,active,1036854.0,1037075.0,1037147.0,1 2 3 8 9 10 11 12 13 14 15 16 17 18 19 20,40794.0,False
base,active,1037006.0,1037075.0,1037227.0,21 22 23 24 25 26 27 28 29 30 31 32 33 34 35 104,40796.0,False
base,active,1037079.0,1037079.0,1037120.0,108,40797.0,False
base,active,1037101.0,1037101.0,1037107.0,109,40798.0,False
base,active,,1037107.0,1037242.0,109,-1.0,
base,active,,1037120.0,1037242.0,108,-1.0,
base,active,,1037147.0,1037227.0,1 2 3 8 9 10 11 12 13 14 15 16 17 18 19 20,-1.0,
base,active,1037162.0,1037227.0,1039419.0,1 2 3 8 9 10 11 12 13 14 15 16 17 18 19 20 21 22 23 24 25 26 27 28 29 30 31 32 33 34 35 104,40799.0,False
base,active,1037242.0,1037242.0,1037287.0,108 109 110 111,40801.0,False
base,active,1037281.0,1037287.0,1037346.0,108 109 110 111 112 113 114 115,40802.0,False
base,active,,1037346.0,1037391.0,108 109 110 111 112 113 114 115,-1.0,
base,active,1037391.0,1037391.0,1037457.0,108 109 110 111 112 113 114 115,40803.0,False
base,active,1037412.0,1037457.0,1037516.0,108 109 110 111,40804.0,False
base,active,,1037457.0,1037516.0,112 113 114 115,-1.0,
base,switching_on,,1037457.0,1040157.0,116 117 118 119 120 121 122 123 124 125 126 127,-3.0,
base,active,1037510.0,1037516.0,1037571.0,108 109 110 111 112 113 114 115,40805.0,False
base,active,,1037571.0,1037652.0,108 109 110 111 112 113 114 115,-1.0,
base,active,1037652.0,1037652.0,1037724.0,108 109 110 111 112 113 114 115,40808.0,False
base,active,1037718.0,1037724.0,1037786.0,108 109 110 111,40811.0,False
base,active,,1037724.0,1037786.0,112 113 114 115,-1.0,
base,active,1037715.0,1037786.0,1037858.0,108 109 110 111 112 113 114 115,40810.0,False
base,active,,1037858.0,1037966.0,108,-1.0,
base,active,,1037858.0,1038007.0,109,-1.0,
base,active,,1037858.0,1038391.0,110 111 112 113 114 115,-1.0,
base,active,1037966.0,1037966.0,1037972.0,108,40814.0,False
base,active,,1037972.0,1038007.0,108,-1.0,
base,active,1038007.0,1038007.0,1038149.0,108 109,40815.0,False
base,active,,1038149.0,1038351.0,108,-1.0,
base,active,,1038149.0,1038391.0,109,-1.0,
base,active,1038351.0,1038351.0,1038368.0,108,40819.0,False
base,active,,1038368.0,1038391.0,108,-1.0,
base,active,1038391.0,1038391.0,1044822.0,108 109 110 111 112 113 114 115,40820.0,False
base,active,1038535.0,1038603.0,1038625.0,4,40821.0,False
base,active,1038583.0,1038603.0,1038675.0,5 6 7 44 69 70 71 72,40822.0,False
base,active,,1038603.0,1038675.0,73 74 75 76 77 78 79 80 81 82 83 84 85 86 87 88 89 90 91 92 93 94 95,-1.0,
base,active,,1038625.0,1038675.0,4,-1.0,
base,active,1038198.0,1038675.0,1038794.0,4 5 6 7 44 69 70 71 72 73 74 75 76 77 78 79 80 81 82 83 84 85 86 87 88 89 90 91 92 93 94 95,40816.0,False
base,active,,1038794.0,1038904.0,6 7 44 69 70 71 72 73 74 75 76 77 78 79 80 81 82 83 84 85 86 87 88 89 90 91 92 93 94 95,-1.0,
base,active,1038698.0,1038794.0,1038987.0,4 5,40823.0,False
base,active,,1038904.0,1039027.0,106 107,-1.0,
base,active,1038343.0,1038904.0,1045381.0,6 7 44 69 70 71 72 73 74 75 76 77 78 79 80 81 82 83 84 85 86 87 88 89 90 91 92 93 94 95 96 105,40818.0,False
base,active,,1038987.0,1039027.0,4 5,-1.0,
base,active,1039027.0,1039027.0,1039057.0,4 5 106 107,40826.0,False
base,active,1039038.0,1039057.0,1039080.0,4 5 106 107,40827.0,False
base,active,1039046.0,1039080.0,1039298.0,4 5 106 107,40828.0,False
base,active,,1039298.0,1039419.0,4 5,-1.0,
base,active,,1039298.0,1040398.0,106 107,-1.0,
base,active,,1039419.0,1039425.0,19 20 21 22,-1.0,
base,active,1039284.0,1039419.0,1039633.0,11 12 13 14 15 16 17 18,40832.0,False
base,active,,1039419.0,1040113.0,23 24 25 26 27 28 29 30 31 32 33 34 35,-1.0,
base,active,1039226.0,1039419.0,1040325.0,1 2 3 4 5 8 9 10,40830.0,False
base,active,,1039419.0,1040398.0,104,-1.0,
base,active,1039425.0,1039425.0,1039464.0,19 20 21 22,40836.0,False
base,active,,1039464.0,1039571.0,19 20 21 22,-1.0,
base,active,1039571.0,1039571.0,1039614.0,19 20 21 22,40839.0,False
base,active,,1039614.0,1040113.0,19 20 21 22,-1.0,
base,active,,1039633.0,1039851.0,11 12 13 14,-1.0,
base,active,,1039633.0,1040113.0,15 16 17 18,-1.0,
base,active,1039851.0,1039851.0,1039878.0,11 12 13 14,40842.0,False
base,active,,1039878.0,1040003.0,11 12 13 14,-1.0,
base,active,1040003.0,1040003.0,1040051.0,11 12 13 14,40843.0,False
base,active,,1040051.0,1040113.0,11 12 13 14,-1.0,
base,active,,1040113.0,1040157.0,42,-1.0,
base,active,1038909.0,1040113.0,1040233.0,0 11 12 13 14 15 16 17 18 19 20 21 22 23 24 25 26 27 28 29 30 31 32 33 34 35 36 37 38 39 40 41,40825.0,False
base,active,1039329.0,1040157.0,1040282.0,42 43 45 46 47 48 49 50 51 52 53 54 55 56 57 58 59 60 61 62 63 64 65 66 67 68 97 98 99 100 101 102,40833.0,False
base,active,,1040157.0,1040398.0,103,-1.0,
base,active,,1040157.0,1040427.0,116 117,-1.0,
base,active,,1040157.0,1040635.0,118,-1.0,
base,active,,1040157.0,1043351.0,119 120,-1.0,
base,active,,1040157.0,1043397.0,121 122 123,-1.0,
base,active,,1040157.0,1046546.0,124,-1.0,
base,active,,1040157.0,1048754.0,125 126 127,-1.0,
base,active,1039370.0,1040233.0,1042201.0,0 11 12 13 14 15 16 17 18 19 20 21 22 23 24 25 26 27 28 29 30 31 32 33 34 35 36 37 38 39 40 41,40835.0,False
base,active,1039751.0,1040282.0,1040662.0,42 43 45 46 47 48 49 50 51 52 53 54 55 56 57 58 59 60 61 62 63 64 65 66 67 68 97 98 99 100 101 102,40840.0,False
base,active,,1040325.0,1040395.0,1 2 3 4 5 8 9 10,-1.0,
base,active,1040395.0,1040395.0,1040600.0,1 2 3 4 5 8 9 10,40846.0,False
base,active,1040398.0,1040398.0,1042602.0,103 104 106 107,40847.0,False
base,active,1040427.0,1040427.0,1042607.0,116 117,40848.0,False
base,active,,1040600.0,1040616.0,1,-1.0,
base,active,,1040600.0,1040635.0,2 3 4 5 8 9 10,-1.0,
base,active,1040616.0,1040616.0,1040661.0,1,40849.0,False
base,active,1040635.0,1040635.0,1040672.0,2 3 4 5 8 9 10 118,40850.0,False
base,active,,1040661.0,1040713.0,1,-1.0,
base,active,,1040662.0,1041343.0,42,-1.0,
base,active,,1040662.0,1041375.0,43 45 46 47 48 49 50 51 52 53 54 55 56 57 58 59 60 61 62 63 64 65 66 67 68 97 98 99 100 101 102,-1.0,
base,active,,1040672.0,1040713.0,2 3 4 5 8 9 10,-1.0,
base,active,,1040672.0,1043351.0,118,-1.0,
base,active,1040713.0,1040713.0,1040843.0,1 2 3 4 5 8 9 10,40852.0,False
base,active,,1040843.0,1041000.0,1 2 3 4 5 8 9 10,-1.0,
base,active,1041000.0,1041000.0,1041048.0,1 2 3 4 5 8 9 10,40853.0,False
base,active,,1041048.0,1041061.0,1 2 3 4 5 8 9 10,-1.0,
base,active,1041061.0,1041061.0,1041187.0,1 2 3 4 5 8 9 10,40855.0,False
base,active,,1041187.0,1041242.0,1 2 3 4 5 8 9 10,-1.0,
base,active,1041242.0,1041242.0,1041458.0,1 2 3 4 5 8 9 10,40858.0,False
base,active,1041343.0,1041343.0,1041369.0,42,40860.0,False
base,active,,1041369.0,1041375.0,42,-1.0,
base,active,1041375.0,1041375.0,1043399.0,42 43 45 46 47 48 49 50 51 52 53 54 55 56 57 58 59 60 61 62 63 64 65 66 67 68 97 98 99 100 101 102,40861.0,False
base,active,,1041458.0,1042511.0,1 2 3 4 5 8 9,-1.0,
base,active,,1041458.0,1042933.0,10,-1.0,
base,active,,1042201.0,1042511.0,0,-1.0,
base,active,,1042201.0,1043013.0,11 12 13,-1.0,
base,active,,1042201.0,1043018.0,14,-1.0,
base,active,,1042201.0,1043049.0,15,-1.0,
base,active,,1042201.0,1043154.0,16 17 18 19 20 21 22 23 24 25 26 27 28 29 30 31 32 33 34 35 36 37 38 39 40 41,-1.0,
base,active,1042511.0,1042511.0,1043425.0,0 1 2 3 4 5 8 9,40865.0,False
base,active,,1042602.0,1043220.0,103 104 106 107,-1.0,
base,active,,1042607.0,1043230.0,116,-1.0,
base,active,,1042607.0,1043351.0,117,-1.0,
base,active,1042933.0,1042933.0,1042940.0,10,40870.0,False
base,active,,1042940.0,1043013.0,10,-1.0,
base,active,1043013.0,1043013.0,1043071.0,10 11 12 13,40872.0,False
base,active,1043018.0,1043018.0,1043060.0,14,40873.0,False
base,active,1043049.0,1043049.0,1043125.0,15,40874.0,False
base,active,,1043060.0,1043154.0,14,-1.0,
base,active,,1043071.0,1043093.0,10 11 12 13,-1.0,
base,active,1043093.0,1043093.0,1043138.0,10 11 12 13,40875.0,False
base,active,,1043125.0,1043154.0,15,-1.0,
base,active,,1043138.0,1043154.0,10 11 12 13,-1.0,
base,active,1043154.0,1043154.0,1047796.0,10 11 12 13 14 15 16 17 18 19 20 21 22 23 24 25 26 27 28 29 30 31 32 33 34 35 36 37 38 39 40 41,40876.0,False
base,active,1043220.0,1043220.0,1047797.0,103 104 106 107,40877.0,False
base,active,1043230.0,1043230.0,1043377.0,116,40878.0,False
base,active,1043351.0,1043351.0,1043435.0,117 118 119 120,40879.0,False
base,active,,1043377.0,1043397.0,116,-1.0,
base,active,1043397.0,1043397.0,1045771.0,116 121 122 123,40880.0,False
base,active,,1043399.0,1043404.0,42,-1.0,
base,active,,1043399.0,1043437.0,43 45 46 47 48 49 50 51 52 53 54 55 56 57 58 59 60 61 62 63 64 65 66 67 68 97,-1.0,
base,active,,1043399.0,1043718.0,98 99 100 101 102,-1.0,
base,active,1043404.0,1043404.0,1043478.0,42,40881.0,False
base,active,,1043425.0,1043429.0,0 1,-1.0,
base,active,,1043425.0,1043437.0,2 3 4 5 8 9,-1.0,
base,active,1043429.0,1043429.0,1045774.0,0 1,40882.0,False
base,active,,1043435.0,1043718.0,117 118,-1.0,
base,active,,1043435.0,1046495.0,119 120,-1.0,
base,active,1043437.0,1043437.0,1044912.0,2 3 4 5 8 9 43 45 46 47 48 49 50 51 52 53 54 55 56 57 58 59 60 61 62 63 64 65 66 67 68 97,40883.0,False
base,active,,1043478.0,1043527.0,42,-1.0,
base,active,1043527.0,1043527.0,1043558.0,42,40884.0,False
base,active,,1043558.0,1043602.0,42,-1.0,
base,active,1043602.0,1043602.0,1043713.0,42,40885.0,False
base,active,,1043713.0,1043718.0,42,-1.0,
base,active,1043718.0,1043718.0,1043786.0,42 98 99 100 101 102 117 118,40886.0,False
base,active,,1043786.0,1043933.0,42 98 99 100,-1.0,
base,active,,1043786.0,1044075.0,101 102 117 118,-1.0,
base,active,1043933.0,1043933.0,1043983.0,42 98 99 100,40887.0,False
base,active,,1043983.0,1044005.0,42 98 99 100,-1.0,
base,active,1044005.0,1044005.0,1044065.0,42 98 99 100,40888.0,False
base,active,,1044065.0,1044075.0,42 98 99 100,-1.0,
base,active,1044075.0,1044075.0,1044153.0,42 98 99 100 101 102 117 118,40889.0,False
base,active,,1044153.0,1044157.0,42 98 99 100,-1.0,
base,active,,1044153.0,1045708.0,101 102,-1.0,
base,active,,1044153.0,1045743.0,117 118,-1.0,
base,active,1044157.0,1044157.0,1044345.0,42 98 99 100,40890.0,False
base,active,,1044345.0,1044466.0,42,-1.0,
base,active,,1044345.0,1044496.0,98 99 100,-1.0,
base,active,1044466.0,1044466.0,1044475.0,42,40891.0,False
base,active,,1044475.0,1044496.0,42,-1.0,
base,active,1044496.0,1044496.0,1044558.0,42 98 99 100,40893.0,False
base,active,,1044558.0,1044597.0,42 98 99 100,-1.0,
base,active,1044597.0,1044597.0,1044682.0,42 98 99 100,40894.0,False
base,active,,1044682.0,1044688.0,42 98 99 100,-1.0,
base,active,1044688.0,1044688.0,1044751.0,42 98 99 100,40895.0,False
base,active,,1044751.0,1044849.0,42,-1.0,
base,active,,1044751.0,1044870.0,98 99,-1.0,
base,active,,1044751.0,1045708.0,100,-1.0,
base,active,,1044822.0,1045708.0,108 109,-1.0,
base,active,,1044822.0,1045743.0,110 111 112 113 114 115,-1.0,
base,active,1044849.0,1044849.0,1045343.0,42,40898.0,False
base,active,1044870.0,1044870.0,1045012.0,98 99,40899.0,False
base,active,,1044912.0,1044921.0,2,-1.0,
base,active,,1044912.0,1045106.0,3 4 5 8 9 43 45 46 47 48 49 50 51 52 53,-1.0,
base,active,,1044912.0,1045263.0,54 55 56 57 58 59 60 61 62 63 64 65 66 67 68 97,-1.0,
base,active,1044921.0,1044921.0,1044947.0,2,40900.0,False
base,active,,1044947.0,1045067.0,2,-1.0,
base,active,,1045012.0,1045295.0,98,-1.0,
base,active,,1045012.0,1045708.0,99,-1.0,
base,active,1045067.0,1045067.0,1045074.0,2,40902.0,False
base,active,,1045074.0,1045106.0,2,-1.0,
base,active,1045106.0,1045106.0,1045200.0,2 3 4 5 8 9 43 45 46 47 48 49 50 51 52 53,40903.0,False
base,active,,1045200.0,1045263.0,2 3 4 5 8 9 43 45 46 47 48 49 50 51 52 53,-1.0,
base,active,1045263.0,1045263.0,1045406.0,2 3 4 5 8 9 43 45 46 47 48 49 50 51 52 53 54 55 56 57 58 59 60 61 62 63 64 65 66 67 68 97,40904.0,False
base,active,1045295.0,1045295.0,1045330.0,98,40905.0,False
base,active,,1045330.0,1045381.0,98,-1.0,
base,active,,1045343.0,1045379.0,42,-1.0,
base,active,1045379.0,1045379.0,1045387.0,42,40907.0,False
base,active,,1045381.0,1045708.0,105,-1.0,
base,active,1045363.0,1045381.0,1048413.0,6 7 44 69 70 71 72 73 74 75 76 77 78 79 80 81 82 83 84 85 86 87 88 89 90 91 92 93 94 95 96 98,40906.0,False
base,active,,1045387.0,1045413.0,42,-1.0,
base,active,,1045406.0,1045413.0,2 3 4 5 8 9 43,-1.0,
base,active,,1045406.0,1045422.0,45,-1.0,
base,active,,1045406.0,1045650.0,46 47 48 49 50 51 52,-1.0,
base,active,,1045406.0,1045708.0,53 54 55 56 57 58 59 60 61 62 63 64 65 66 67 68 97,-1.0,
base,active,1045413.0,1045413.0,1048396.0,2 3 4 5 8 9 42 43,40908.0,False
base,active,1045422.0,1045422.0,1045496.0,45,40909.0,False
base,active,,1045496.0,1045650.0,45,-1.0,
base,active,1045650.0,1045650.0,1045688.0,45 46 47 48 49 50 51 52,40911.0,False
base,active,,1045688.0,1045708.0,45 46 47 48 49 50 51 52,-1.0,
base,active,1045708.0,1045708.0,1045749.0,45 46 47 48 49 50 51 52 53 54 55 56 57 58 59 60 61 62 63 64 65 66 67 68 97 99 100 101 102 105 108 109,40912.0,False
base,active,1045743.0,1045743.0,1046097.0,110 111 112 113 114 115 117 118,40913.0,False
base,active,,1045749.0,1045768.0,45 46 47 48 49 50 51 52 53 54 55 56 57 58 59 60 61 62 63 64 65 66 67 68 97 99 100 101 102 105 108 109,-1.0,
base,active,1045768.0,1045768.0,1045800.0,45 46 47 48 49 50 51 52 53 54 55 56 57 58 59 60 61 62 63 64 65 66 67 68 97 99 100 101 102 105 108 109,40914.0,False
base,active,,1045771.0,1046235.0,116,-1.0,
base,active,,1045771.0,1046495.0,121 122 123,-1.0,
base,active,,1045774.0,1045844.0,0 1,-1.0,
base,active,,1045800.0,1045844.0,45 46 47 48 49 50 51 52 53 54 55 56 57 58 59 60 61 62 63 64 65 66 67 68 97 99 100 101 102 105,-1.0,
base,active,,1045800.0,1045948.0,108,-1.0,
base,active,,1045800.0,1046051.0,109,-1.0,
base,active,1045844.0,1045844.0,1045893.0,0 1 45 46 47 48 49 50 51 52 53 54 55 56 57 58 59 60 61 62 63 64 65 66 67 68 97 99 100 101 102 105,40915.0,False
base,active,,1045893.0,1045897.0,0 1 45 46 47 48 49 50 51 52 53 54 55 56 57 58 59 60 61 62 63 64 65 66 67 68 97 99 100 101 102 105,-1.0,
base,active,1045897.0,1045897.0,1047835.0,0 1 45 46 47 48 49 50 51 52 53 54 55 56 57 58 59 60 61 62 63 64 65 66 67 68 97 99 100 101 102 105,40916.0,False
base,active,1045948.0,1045948.0,1046047.0,108,40917.0,False
base,active,,1046047.0,1046051.0,108,-1.0,
base,active,1046051.0,1046051.0,1046350.0,108 109,40918.0,False
base,active,,1046097.0,1046138.0,110,-1.0,
base,active,,1046097.0,1046235.0,111 112 113 114 115 117 118,-1.0,
base,active,1046138.0,1046138.0,1046142.0,110,40920.0,False
base,active,,1046142.0,1046176.0,110,-1.0,
base,active,1046176.0,1046176.0,1046342.0,110,40921.0,False
base,active,1046235.0,1046235.0,1046307.0,111 112 113 114 115 116 117 118,40922.0,False
base,active,,1046307.0,1046491.0,111 112 113 114 115,-1.0,
base,active,,1046307.0,1046495.0,116 117 118,-1.0,
base,active,,1046342.0,1046491.0,110,-1.0,
base,active,,1046350.0,1046491.0,108 109,-1.0,
base,active,1046491.0,1046491.0,1048741.0,108 109 110 111 112 113 114 115,40924.0,False
base,active,1046495.0,1046495.0,1046615.0,116 117 118 119 120 121 122 123,40926.0,False
base,active,1046546.0,1046546.0,1046617.0,124,40927.0,False
base,active,,1046615.0,1046669.0,116,-1.0,
base,active,,1046615.0,1046753.0,117 118 119 120,-1.0,
base,active,,1046615.0,1046992.0,121,-1.0,
base,active,,1046615.0,1047416.0,122 123,-1.0,
base,active,,1046617.0,1047427.0,124,-1.0,
base,active,1046669.0,1046669.0,1046697.0,116,40929.0,False
base,active,,1046697.0,1046751.0,116,-1.0,
base,active,1046751.0,1046751.0,1046802.0,116,40931.0,False
base,active,1046753.0,1046753.0,1046765.0,117 118 119 120,40932.0,False
base,active,,1046765.0,1046969.0,117 118 119,-1.0,
base,active,,1046765.0,1046992.0,120,-1.0,
base,active,,1046802.0,1046957.0,116,-1.0,
base,active,1046957.0,1046957.0,1046965.0,116,40933.0,False
base,active,,1046965.0,1046969.0,116,-1.0,
base,active,1046969.0,1046969.0,1047078.0,116 117 118 119,40934.0,False
base,active,1046992.0,1046992.0,1047080.0,120 121,40935.0,False
base,active,,1047078.0,1047295.0,116,-1.0,
base,active,,1047078.0,1047416.0,117 118 119,-1.0,
base,active,,1047080.0,1047416.0,120 121,-1.0,
base,active,1047295.0,1047295.0,1047347.0,116,40937.0,False
base,active,,1047347.0,1047416.0,116,-1.0,
base,active,1047416.0,1047416.0,1047509.0,116 117 118 119 120 121 122 123,40938.0,False
base,active,1047427.0,1047427.0,1047492.0,124,40939.0,False
base,active,,1047492.0,1051092.0,124,-1.0,
base,active,,1047509.0,1047528.0,116 117 118 119,-1.0,
base,active,,1047509.0,1047549.0,120 121,-1.0,
base,active,,1047509.0,1051109.0,122 123,-1.0,
base,active,1047528.0,1047528.0,1049677.0,116 117 118 119,40940.0,False
base,active,1047549.0,1047549.0,1049680.0,120 121,40941.0,False
base,active,,1047796.0,1047866.0,10 11 12 13 14 15 16,-1.0,
base,active,,1047796.0,1048033.0,17 18 19 20 21 22 23 24 25 26 27 28 29 30 31 32 33 34 35 36 37 38 39,-1.0,
base,active,,1047796.0,1048055.0,40 41,-1.0,
base,active,,1047797.0,1048055.0,103,-1.0,
base,active,,1047797.0,1048385.0,104 106 107,-1.0,
base,active,,1047835.0,1047837.0,0,-1.0,
base,active,,1047835.0,1047866.0,1,-1.0,
base,active,,1047835.0,1048055.0,45 46 47 48 49 50 51 52 53 54 55 56 57 58 59 60 61 62 63 64 65 66 67 68 97 99 100 101 102,-1.0,
base,active,,1047835.0,1048385.0,105,-1.0,
base,active,1047837.0,1047837.0,1047870.0,0,40942.0,False
base,active,1047866.0,1047866.0,1047944.0,1 10 11 12 13 14 15 16,40943.0,False
base,active,,1047870.0,1048033.0,0,-1.0,
base,active,,1047944.0,1048033.0,1 10 11 12 13 14 15 16,-1.0,
base,active,1048033.0,1048033.0,1048077.0,0 1 10 11 12 13 14 15 16 17 18 19 20 21 22 23 24 25 26 27 28 29 30 31 32 33 34 35 36 37 38 39,40944.0,False
base,active,1048055.0,1048055.0,1050533.0,40 41 45 46 47 48 49 50 51 52 53 54 55 56 57 58 59 60 61 62 63 64 65 66 67 68 97 99 100 101 102 103,40946.0,False
base,active,,1048077.0,1048099.0,0 1 10 11 12 13 14 15 16 17 18 19 20 21 22 23 24 25 26 27 28 29 30 31 32 33 34 35 36 37 38 39,-1.0,
base,active,1048099.0,1048099.0,1048103.0,0 1 10 11 12 13 14 15 16 17 18 19 20 21 22 23 24 25 26 27 28 29 30 31 32 33 34 35 36 37 38 39,40947.0,False
base,active,,1048103.0,1048200.0,0 1 10 11 12 13 14 15 16 17 18 19 20 21 22 23 24 25 26 27 28 29 30 31 32 33 34 35 36 37 38 39,-1.0,
base,active,1048200.0,1048200.0,1048272.0,0 1 10 11 12 13 14 15 16 17 18 19 20 21 22 23 24 25 26 27 28 29 30 31 32 33 34 35 36 37 38 39,40950.0,False
base,active,,1048272.0,1048313.0,0 1 10 11 12 13 14 15 16 17 18 19 20 21 22 23 24 25 26 27 28 29 30 31 32 33 34 35 36 37 38 39,-1.0,
base,active,1048313.0,1048313.0,1052027.0,0 1 10 11 12 13 14 15 16 17 18 19 20 21 22 23 24 25 26 27 28 29 30 31 32 33 34 35 36 37 38 39,40952.0,False
base,active,1048385.0,1048385.0,1052027.0,104 105 106 107,40954.0,False
base,active,,1048396.0,1048546.0,2 3 4 5 8 9 42 43,-1.0,
base,active,,1048413.0,1048546.0,6 7 44 69 70 71 72 73 74 75 76 77 78 79 80 81 82 83 84 85 86 87 88 89,-1.0,
base,active,,1048413.0,1048795.0,90 91 92 93 94 95 96 98,-1.0,
base,active,1048546.0,1048546.0,1048583.0,2 3 4 5 6 7 8 9 42 43 44 69 70 71 72 73 74 75 76 77 78 79 80 81 82 83 84 85 86 87 88 89,40955.0,False
base,active,,1048583.0,1048754.0,2 3 4 5 6 7 8 9 42 43 44 69 70 71 72 73 74 75 76 77 78 79 80 81 82 83 84 85 86 87 88 89,-1.0,
base,active,,1048741.0,1048856.0,108 109 110 111 112 113 114 115,-1.0,
base,switching_off,,1048754.0,1050554.0,125 126 127,-2.0,
base,active,1048754.0,1048754.0,1061300.0,2 3 4 5 6 7 8 9 42 43 44 69 70 71 72 73 74 75 76 77 78 79 80 81 82 83 84 85 86 87 88 89,40956.0,False
base,active,1048795.0,1048795.0,1061301.0,90 91 92 93 94 95 96 98,40957.0,False
base,active,1048856.0,1048856.0,1051115.0,108 109 110 111 112 113 114 115,40958.0,False
base,active,,1049677.0,1050262.0,116,-1.0,
base,active,,1049677.0,1052674.0,117 118 119,-1.0,
base,active,,1049680.0,1053280.0,120 121,-1.0,
base,active,1050262.0,1050262.0,1050298.0,116,40964.0,False
base,active,,1050298.0,1050370.0,116,-1.0,
base,active,1050370.0,1050370.0,1050407.0,116,40965.0,False
base,active,,1050407.0,1050743.0,116,-1.0,
base,active,,1050533.0,1050537.0,40,-1.0,
base,active,,1050533.0,1050687.0,41 45 46 47 48 49 50 51 52 53 54 55 56 57 58 59 60 61 62 63 64 65 66 67 68 97 99 100 101 102 103,-1.0,
base,active,1050537.0,1050537.0,1050584.0,40,40966.0,False
base,sleeping,,1050554.0,1058601.0,125 126 127,-4.0,
base,active,,1050584.0,1050594.0,40,-1.0,
base,active,1050594.0,1050594.0,1050612.0,40,40967.0,False
base,active,,1050612.0,1050617.0,40,-1.0,
base,active,1050617.0,1050617.0,1050663.0,40,40968.0,False
base,active,,1050663.0,1050687.0,40,-1.0,
base,active,1050687.0,1050687.0,1053153.0,40 41 45 46 47 48 49 50 51 52 53 54 55 56 57 58 59 60 61 62 63 64 65 66 67 68 97 99 100 101 102 103,40969.0,False
base,active,1050743.0,1050743.0,1050785.0,116,40971.0,False
base,active,,1050785.0,1050914.0,116,-1.0,
base,active,1050914.0,1050914.0,1050952.0,116,40972.0,False
base,active,,1050952.0,1051040.0,116,-1.0,
base,active,1051040.0,1051040.0,1051079.0,116,40973.0,False
base,active,,1051079.0,1052674.0,116,-1.0,
base,switching_off,,1051092.0,1052892.0,124,-2.0,
base,switching_off,,1051109.0,1052909.0,122 123,-2.0,
base,active,,1051115.0,1051241.0,108,-1.0,
base,active,,1051115.0,1051462.0,109,-1.0,
base,active,,1051115.0,1052128.0,110 111,-1.0,
base,active,,1051115.0,1052674.0,112 113 114 115,-1.0,
base,active,1051241.0,1051241.0,1051281.0,108,40975.0,False
base,active,,1051281.0,1051325.0,108,-1.0,
base,active,1051325.0,1051325.0,1051419.0,108,40976.0,False
base,active,,1051419.0,1051462.0,108,-1.0,
base,active,1051462.0,1051462.0,1051606.0,108 109,40977.0,False
base,active,,1051606.0,1051654.0,108,-1.0,
base,active,,1051606.0,1052128.0,109,-1.0,
base,active,1051654.0,1051654.0,1051701.0,108,40980.0,False
base,active,,1051701.0,1051936.0,108,-1.0,
base,active,1051936.0,1051936.0,1051974.0,108,40984.0,False
base,active,,1051974.0,1052128.0,108,-1.0,
base,active,,1052027.0,1052046.0,0 1 10 11,-1.0,
base,active,,1052027.0,1052053.0,12 13 14 15 16 17 18 19 20 21 22 23 24 25 26 27 28 29 30 31 32 33 34 35 36 37 38 39 104 105 106 107,-1.0,
base,active,1052046.0,1052046.0,1058398.0,0 1 10 11,40985.0,False
base,active,1052053.0,1052053.0,1054641.0,12 13 14 15 16 17 18 19 20 21 22 23 24 25 26 27 28 29 30 31 32 33 34 35 36 37 38 39 104 105 106 107,40986.0,False
base,active,1052128.0,1052128.0,1054642.0,108 109 110 111,40987.0,False
base,active,1052674.0,1052674.0,1052705.0,112 113 114 115 116 117 118 119,40989.0,False
base,active,,1052705.0,1052709.0,112 113 114 115 116 117 118 119,-1.0,
base,active,1052709.0,1052709.0,1052746.0,112 113 114 115 116 117 118 119,40990.0,False
base,active,,1052746.0,1052869.0,112 113 114 115,-1.0,
base,active,,1052746.0,1052890.0,116 117,-1.0,
base,active,,1052746.0,1056346.0,118 119,-1.0,
base,active,1052869.0,1052869.0,1052965.0,112 113 114 115,40992.0,False
base,active,1052890.0,1052890.0,1052966.0,116 117,40993.0,False
base,sleeping,,1052892.0,1058601.0,124,-4.0,
base,sleeping,,1052909.0,1058601.0,122 123,-4.0,
base,active,,1052965.0,1054147.0,112 113 114 115,-1.0,
base,active,,1052966.0,1054147.0,116 117,-1.0,
base,active,,1053153.0,1053156.0,40,-1.0,
base,active,,1053153.0,1053308.0,41 45 46,-1.0,
base,active,,1053153.0,1053334.0,47 48,-1.0,
base,active,,1053153.0,1054147.0,49 50 51 52 53 54 55 56 57 58 59 60 61 62 63 64 65 66 67 68 97 99 100 101 102 103,-1.0,
base,active,1053156.0,1053156.0,1053178.0,40,40995.0,False
base,active,,1053178.0,1053308.0,40,-1.0,
base,switching_off,,1053280.0,1055080.0,120 121,-2.0,
base,active,1053308.0,1053308.0,1055881.0,40 41 45 46,40999.0,False
base,active,1053334.0,1053334.0,1055885.0,47 48,41000.0,False
base,active,1054147.0,1054147.0,1054597.0,49 50 51 52 53 54 55 56 57 58 59 60 61 62 63 64 65 66 67 68 97 99 100 101 102 103 112 113 114 115 116 117,41003.0,False
base,active,,1054597.0,1054627.0,49 50 51 52 53 54 55 56 57 58 59 60 61 62 63 64 65 66 67 68 97 99 100 101 102 103 112 113 114 115 116 117,-1.0,
base,active,1054627.0,1054627.0,1055975.0,49 50 51 52 53 54 55 56 57 58 59 60 61 62 63 64 65 66 67 68 97 99 100 101 102 103 112 113 114 115 116 117,41004.0,False
base,active,,1054641.0,1054804.0,12 13 14 15 16 17 18 19 20 21 22 23 24 25 26 27 28 29 30 31 32 33 34 35 36 37 38 39 104 105 106 107,-1.0,
base,active,,1054642.0,1054869.0,108 109 110 111,-1.0,
base,active,1054804.0,1054804.0,1056146.0,12 13 14 15 16 17 18 19 20 21 22 23 24 25 26 27 28 29 30 31 32 33 34 35 36 37 38 39 104 105 106 107,41005.0,False
base,active,1054869.0,1054869.0,1056146.0,108 109 110 111,41006.0,False
base,sleeping,,1055080.0,1058601.0,120 121,-4.0,
base,active,,1055881.0,1056018.0,40 41 45 46,-1.0,
base,active,,1055885.0,1056018.0,47 48,-1.0,
base,active,,1055975.0,1056018.0,49 50 51 52 53 54 55 56 57 58 59 60 61 62 63 64 65 66 67 68 97 99 100 101 102 103,-1.0,
base,active,,1055975.0,1056304.0,112 113 114 115,-1.0,
base,active,,1055975.0,1056326.0,116 117,-1.0,
base,active,1056018.0,1056018.0,1058406.0,40 41 45 46 47 48 49 50 51 52 53 54 55 56 57 58 59 60 61 62 63 64 65 66 67 68 97 99 100 101 102 103,41007.0,False
base,active,,1056146.0,1056151.0,12 13 14 15 16 17 18 19 20 21 22 23 24 25 26 27 28 29 30 31 32 33 34 35 36 37 38 39 104 105 106 107,-1.0,
base,active,,1056146.0,1056214.0,108 109 110 111,-1.0,
base,active,1056151.0,1056151.0,1061239.0,12 13 14 15 16 17 18 19 20 21 22 23 24 25 26 27 28 29 30 31 32 33 34 35 36 37 38 39 104 105 106 107,41008.0,False
base,active,1056214.0,1056214.0,1061239.0,108 109 110 111,41009.0,False
base,active,1056304.0,1056304.0,1058362.0,112 113 114 115,41010.0,False
base,active,1056326.0,1056326.0,1058365.0,116 117,41011.0,False
base,switching_off,,1056346.0,1058146.0,118 119,-2.0,
base,sleeping,,1058146.0,1058601.0,118 119,-4.0,
base,active,,1058362.0,1061962.0,112 113 114 115,-1.0,
base,active,,1058365.0,1061965.0,116 117,-1.0,
base,active,,1058398.0,1058411.0,0,-1.0,
base,active,,1058398.0,1058427.0,1 10 11,-1.0,
base,active,,1058406.0,1058427.0,40,-1.0,
base,active,,1058406.0,1058626.0,41 45 46 47 48 49 50 51 52 53 54 55 56 57 58 59 60 61 62 63 64 65 66 67 68 97 99 100 101 102 103,-1.0,
base,active,1058411.0,1058411.0,1058433.0,0,41012.0,False
base,active,1058427.0,1058427.0,1058753.0,1 10 11 40,41013.0,False
base,active,,1058433.0,1058626.0,0,-1.0,
base,switching_on,,1058601.0,1061301.0,118 119 120 121 122 123 124 125 126 127,-3.0,
base,active,1058626.0,1058626.0,1059365.0,0 41 45 46 47 48 49 50 51 52 53 54 55 56 57 58 59 60 61 62 63 64 65 66 67 68 97 99 100 101 102 103,41014.0,False
base,active,,1058753.0,1058783.0,1,-1.0,
base,active,,1058753.0,1059077.0,10 11 40,-1.0,
base,active,1058783.0,1058783.0,1058792.0,1,41015.0,False
base,active,,1058792.0,1059019.0,1,-1.0,
base,active,1059019.0,1059019.0,1059024.0,1,41016.0,False
base,active,,1059024.0,1059077.0,1,-1.0,
base,active,1059077.0,1059077.0,1059798.0,1 10 11 40,41017.0,False
base,active,,1059365.0,1059390.0,0 41 45 46 47 48 49 50 51 52 53 54 55 56 57 58 59 60 61 62 63 64 65 66 67 68 97 99 100 101 102 103,-1.0,
base,active,1059390.0,1059390.0,1060036.0,0 41 45 46 47 48 49 50 51 52 53 54 55 56 57 58 59 60 61 62 63 64 65 66 67 68 97 99 100 101 102 103,41018.0,False
base,active,,1059798.0,1059896.0,1,-1.0,
base,active,,1059798.0,1060063.0,10 11 40,-1.0,
base,active,1059896.0,1059896.0,1059949.0,1,41019.0,False
base,active,,1059949.0,1059981.0,1,-1.0,
base,active,1059981.0,1059981.0,1060015.0,1,41020.0,False
base,active,,1060015.0,1060063.0,1,-1.0,
base,active,,1060036.0,1060063.0,0 41 45 46 47 48 49 50 51 52 53 54 55 56 57 58 59 60 61 62 63 64 65 66 67 68 97 99,-1.0,
base,active,,1060036.0,1060064.0,100,-1.0,
base,active,,1060036.0,1061558.0,101 102 103,-1.0,
base,active,1060063.0,1060063.0,1068530.0,0 1 10 11 40 41 45 46 47 48 49 50 51 52 53 54 55 56 57 58 59 60 61 62 63 64 65 66 67 68 97 99,41021.0,False
base,active,1060064.0,1060064.0,1060107.0,100,41022.0,False
base,active,,1060107.0,1060134.0,100,-1.0,
base,active,1060134.0,1060134.0,1060172.0,100,41023.0,False
base,active,,1060172.0,1061558.0,100,-1.0,
base,active,,1061239.0,1061327.0,12 13 14 15 16 17 18 19 20 21 22 23 24 25 26 27 28 29 30 31 32 33 34 35,-1.0,
base,active,,1061239.0,1061387.0,36 37 38 39,-1.0,
base,active,,1061239.0,1061558.0,104 105 106 107,-1.0,
base,active,,1061239.0,1061626.0,108,-1.0,
base,active,,1061239.0,1064839.0,109 110 111,-1.0,
base,active,,1061300.0,1061327.0,2 3 4 5 6 7 8 9,-1.0,
base,active,,1061300.0,1061532.0,42 43 44 69 70 71 72 73 74 75 76 77 78 79 80 81 82 83 84 85 86 87 88 89,-1.0,
base,active,,1061301.0,1061532.0,90 91 92 93 94 95 96 98,-1.0,
base,active,,1061301.0,1064901.0,118 119 120 121 122 123 124 125 126 127,-1.0,
base,active,1061327.0,1061327.0,1062213.0,2 3 4 5 6 7 8 9 12 13 14 15 16 17 18 19 20 21 22 23 24 25 26 27 28 29 30 31 32 33 34 35,41024.0,False
base,active,1061387.0,1061387.0,1062214.0,36 37 38 39,41025.0,False
base,active,1061532.0,1061532.0,1061784.0,42 43 44 69 70 71 72 73 74 75 76 77 78 79 80 81 82 83 84 85 86 87 88 89 90 91 92 93 94 95 96 98,41026.0,False
base,active,1061558.0,1061558.0,1061786.0,100 101 102 103 104 105 106 107,41027.0,False
base,active,1061626.0,1061626.0,1061645.0,108,41028.0,False
base,active,,1061645.0,1065245.0,108,-1.0,
base,active,,1061784.0,1062512.0,42 43 44 69 70 71 72 73 74 75 76 77 78 79 80 81 82 83 84 85 86 87 88 89 90 91 92 93 94 95 96 98,-1.0,
base,active,,1061786.0,1062920.0,100 101 102 103 104 105 106 107,-1.0,
base,switching_off,,1061962.0,1063762.0,112 113 114 115,-2.0,
base,switching_off,,1061965.0,1063765.0,116 117,-2.0,
base,active,,1062213.0,1062222.0,2 3 4 5 6 7 8 9 12 13 14 15 16 17 18 19 20 21 22 23 24 25 26 27 28 29 30 31 32 33 34 35,-1.0,
base,active,,1062214.0,1062294.0,36 37 38 39,-1.0,
base,active,1062222.0,1062222.0,1068536.0,2 3 4 5 6 7 8 9 12 13 14 15 16 17 18 19 20 21 22 23 24 25 26 27 28 29 30 31 32 33 34 35,41029.0,False
base,active,1062294.0,1062294.0,1068836.0,36 37 38 39,41030.0,False
base,active,1062512.0,1062512.0,1062882.0,42 43 44 69 70 71 72 73 74 75 76 77 78 79 80 81 82 83 84 85 86 87 88 89 90 91 92 93 94 95 96 98,41031.0,False
base,active,,1062882.0,1062896.0,42 43 44 69 70 71 72 73 74 75 76 77 78 79 80 81 82 83 84 85 86 87 88 89 90 91 92 93 94 95 96 98,-1.0,
base,active,1062896.0,1062896.0,1072513.0,42 43 44 69 70 71 72 73 74 75 76 77 78 79 80 81 82 83 84 85 86 87 88 89 90 91 92 93 94 95 96 98,41032.0,False
base,active,1062920.0,1062920.0,1072513.0,100 101 102 103 104 105 106 107,41033.0,False
base,sleeping,,1063762.0,1077453.0,112 113 114 115,-4.0,
base,sleeping,,1063765.0,1077453.0,116 117,-4.0,
base,switching_off,,1064839.0,1066639.0,109 110 111,-2.0,
base,switching_off,,1064901.0,1066701.0,118 119 120 121 122 123 124 125 126 127,-2.0,
base,switching_off,,1065245.0,1067045.0,108,-2.0,
base,sleeping,,1066639.0,1077453.0,109 110 111,-4.0,
base,sleeping,,1066701.0,1077453.0,118 119 120 121 122 123 124 125 126 127,-4.0,
base,sleeping,,1067045.0,1077453.0,108,-4.0,
base,active,,1068530.0,1068539.0,0,-1.0,
base,active,,1068530.0,1068580.0,1 10 11 40 41 45 46 47 48 49 50 51 52 53 54 55 56 57 58 59 60 61 62 63 64 65 66 67 68 97 99,-1.0,
base,active,,1068536.0,1068580.0,2 3 4 5 6 7 8 9 12 13 14 15 16 17 18 19 20 21 22 23 24 25 26 27 28 29 30 31 32 33 34 35,-1.0,
base,active,1068539.0,1068539.0,1068580.0,0,41034.0,False
base,active,1068541.0,1068580.0,1079515.0,0 1 2 3 4 5 6 7 8 9 10 11 12 13 14 15 16 17 18 19 20 21 22 23 24 25 26 27 28 29 30 31 32 33 34 35 40 41 45 46 47 48 49 50 51 52 53 54 55 56 57 58 59 60 61 62 63 64 65 66 67 68 97 99,41035.0,False
base,active,,1068836.0,1072436.0,36 37 38 39,-1.0,
base,switching_off,,1072436.0,1074236.0,36 37 38 39,-2.0,
base,active,,1072513.0,1072544.0,42 43 44 69 70 71 72 73 74 75 76 77 78 79 80 81 82 83 84 85 86 87 88 89 90 91 92 93 94 95 96 98,-1.0,
base,active,,1072513.0,1072573.0,100 101 102 103 104 105 106 107,-1.0,
base,active,1072544.0,1072544.0,1080153.0,42 43 44 69 70 71 72 73 74 75 76 77 78 79 80 81 82 83 84 85 86 87 88 89 90 91 92 93 94 95 96 98,41036.0,False
base,active,1072573.0,1072573.0,1080153.0,100 101 102 103 104 105 106 107,41037.0,False
base,sleeping,,1074236.0,1077453.0,36 37 38 39,-4.0,
base,switching_on,,1077453.0,1080153.0,36 37 38 39 108 109 110 111 112 113 114 115 116 117 118 119 120 121 122 123 124 125 126 127,-3.0,
base,active,,1079515.0,1079691.0,0 1 2 3 4 5 6 7 8 9 10 11 12 13 14 15 16 17 18 19 20 21 22 23 24 25 26 27 28 29 30 31,-1.0,
base,active,,1079515.0,1079754.0,32 33 34 35,-1.0,
base,active,,1079515.0,1086563.0,40 41 45 46 47 48 49 50 51 52 53 54 55 56 57 58 59 60 61 62 63 64 65 66 67 68 97 99,-1.0,
base,active,1079691.0,1079691.0,1086560.0,0 1 2 3 4 5 6 7 8 9 10 11 12 13 14 15 16 17 18 19 20 21 22 23 24 25 26 27 28 29 30 31,41038.0,False
base,active,1079754.0,1079754.0,1086563.0,32 33 34 35,41039.0,False
base,active,,1080153.0,1080492.0,36,-1.0,
base,active,,1080153.0,1086563.0,37 38 39 42 43 44 69 70 71 72 73 74 75 76 77 78 79 80 81 82 83 84 85 86 87 88 89 90 91 92 93 94 95 96 98 100 101 102 103 104 105 106 107 108 109 110 111 112 113 114 115 116 117 118 119 120 121 122 123 124 125 126 127,-1.0,
base,active,1080492.0,1080492.0,1080502.0,36,41041.0,False
base,active,,1080502.0,1080707.0,36,-1.0,
base,active,1080707.0,1080707.0,1080712.0,36,41042.0,False
base,active,,1080712.0,1086546.0,36,-1.0,
base,active,1086546.0,1086546.0,1086555.0,36,41087.0,False
base,active,,1086555.0,1086563.0,36,-1.0,
base,active,,1086560.0,1086563.0,0 1 2 3 4 5 6 7 8 9 10 11 12 13 14 15 16 17 18 19 20 21 22 23 24 25 26 27 28 29 30 31,-1.0,
base,active,992059.0,1086563.0,1086669.0,0 1 2 3 4 5 6 7 8 9 10 11 12 13 14 15 16 17 18 19 20 21 22 23 24 25 26 27 28 29 30 31 32 33 34 35 36 37 38 39 40 41 42 43 44 45 46 47 48 49 50 51 52 53 54 55 56 57 58 59 60 61 62 63 64 65 66 67 68 69 70 71 72 73 74 75 76 77 78 79 80 81 82 83 84 85 86 87 88 89 90 91 92 93 94 95 96 97 98 99 100 101 102 103 104 105 106 107 108 109 110 111 112 113 114 115 116 117 118 119 120 121 122 123 124 125 126 127,40545.0,False
base,active,,1086669.0,1086862.0,64 65 66 67 68 69 70 71 72 73 74 75 76 77 78 79 80 81 82 83 84 85 86 87 88 89 90 91 92 93 94 95,-1.0,
base,active,,1086669.0,1086930.0,96 97 98 99,-1.0,
base,active,,1086669.0,1090269.0,100 101 102 103 104 105 106 107 108 109 110 111 112 113 114 115 116 117 118 119 120 121 122 123 124 125 126 127,-1.0,
base,active,1086575.0,1086669.0,1097608.0,0 1 2 3 4 5 6 7 8 9 10 11 12 13 14 15 16 17 18 19 20 21 22 23 24 25 26 27 28 29 30 31 32 33 34 35 36 37 38 39 40 41 42 43 44 45 46 47 48 49 50 51 52 53 54 55 56 57 58 59 60 61 62 63,41088.0,False
base,active,1086862.0,1086862.0,1116710.0,64 65 66 67 68 69 70 71 72 73 74 75 76 77 78 79 80 81 82 83 84 85 86 87 88 89 90 91 92 93 94 95,41091.0,False
base,active,1086930.0,1086930.0,1116709.0,96 97 98 99,41092.0,False
base,switching_off,,1090269.0,1092069.0,100 101 102 103 104 105 106 107 108 109 110 111 112 113 114 115 116 117 118 119 120 121 122 123 124 125 126 127,-2.0,
base,sleeping,,1092069.0,1101506.0,100 101 102 103 104 105 106 107,-4.0,
base,sleeping,,1092069.0,1121170.0,108 109 110 111 112 113 114,-4.0,
base,sleeping,,1092069.0,1121821.0,115 116 117 118,-4.0,
base,sleeping,,1092069.0,1761488.0,119 120 121 122 123 124 125 126 127,-4.0,
base,active,,1097608.0,1101208.0,0 1 2 3 4 5 6 7 8 9 10 11 12 13 14 15 16 17 18 19 20 21 22 23 24 25 26 27 28 29 30 31 32 33 34 35 36 37 38 39 40 41 42 43 44 45 46 47 48 49 50 51 52 53 54 55 56 57 58 59 60 61 62 63,-1.0,
base,switching_off,,1101208.0,1103008.0,0 1 2 3 4 5 6 7 8 9 10 11 12 13 14 15 16 17 18 19 20 21 22 23 24 25 26 27 28 29 30 31 32 33 34 35 36 37 38 39 40 41 42 43 44 45 46 47 48 49 50 51 52 53 54 55 56 57 58 59 60 61 62 63,-2.0,
base,switching_on,,1101506.0,1104206.0,100 101 102 103 104 105 106 107,-3.0,
base,switching_on,,1103008.0,1105708.0,0 1 2 3 4 5 6 7 8 9 10 11 12 13 14 15 16 17 18 19 20 21 22 23 24 25 26 27 28 29 30 31 32 33 34 35 36 37 38 39 40 41 42 43 44 45 46 47 48 49 50 51 52 53 54 55,-3.0,
base,sleeping,,1103008.0,1121170.0,56 57 58 59 60 61 62 63,-4.0,
base,active,1101506.0,1104206.0,1104275.0,100 101 102 103 104 105 106 107,41249.0,False
base,active,,1104275.0,1105708.0,100 101 102 103 104 105 106 107,-1.0,
base,active,1105390.0,1105708.0,1105764.0,32 33 34 35 36 37 38 39 40 41 42 43 44 45 46 47,41325.0,False
base,active,1105555.0,1105708.0,1105770.0,48 49 50 51 52 53 54 55 100 101 102 103 104 105 106 107,41328.0,False
base,active,1105294.0,1105708.0,1105778.0,16 17 18 19 20 21 22 23 24 25 26 27 28 29 30 31,41321.0,False
base,active,1105152.0,1105708.0,1105800.0,0 1 2 3 4 5 6 7 8 9 10 11 12 13 14 15,41318.0,False
base,active,1105627.0,1105764.0,1105834.0,32 33 34 35 36 37 38 39 40 41 42 43 44 45 46 47,41330.0,False
base,active,1105758.0,1105770.0,1105851.0,48 49 50 51 52 53 54 55 100 101 102 103 104 105 106 107,41337.0,False
base,active,,1105778.0,1105800.0,16 17 18 19 20 21 22 23 24 25 26 27 28 29 30 31,-1.0,
base,active,1101582.0,1105800.0,1106091.0,0 1 2 3 4 5 6 7 8 9 10 11 12 13 14 15 16 17 18 19 20 21 22 23 24 25 26 27 28 29 30 31,41250.0,False
base,active,,1105834.0,1105851.0,32 33 34 35 36 37 38 39 40 41 42 43 44 45 46 47,-1.0,
base,active,1102032.0,1105851.0,1106305.0,32 33 34 35 36 37 38 39 40 41 42 43 44 45 46 47 48 49 50 51 52 53 54 55 100 101 102 103 104 105 106 107,41259.0,False
base,active,1105855.0,1106091.0,1106115.0,0,41340.0,False
base,active,,1106091.0,1106115.0,17 18 19 20 21 22 23 24 25 26 27 28 29 30 31,-1.0,
base,active,1105864.0,1106091.0,1106164.0,1 2 3 4 5 6 7 8 9 10 11 12 13 14 15 16,41341.0,False
base,active,1106049.0,1106115.0,1106187.0,0 17 18 19 20 21 22 23 24 25 26 27 28 29 30 31,41345.0,False
base,active,1106148.0,1106164.0,1106237.0,1 2 3 4 5 6 7 8 9 10 11 12 13 14 15 16,41348.0,False
base,active,,1106187.0,1106237.0,0 17 18 19 20 21 22 23 24 25 26 27 28 29 30 31,-1.0,
base,active,1105881.0,1106237.0,1113471.0,0 1 2 3 4 5 6 7 8 9 10 11 12 13 14 15 16 17 18 19 20 21 22 23 24 25 26 27 28 29 30 31,41342.0,False
base,active,1106303.0,1106305.0,1106317.0,32 33 34 35 36 37 38 39 40 41 42 43 44 45 46 47,41351.0,False
base,active,,1106305.0,1107372.0,48 49 50 51 52 53 54 55 100 101 102 103 104 105 106 107,-1.0,
base,active,,1106317.0,1106413.0,32 33 34 35 36 37 38 39 40 41 42 43 44 45 46 47,-1.0,
base,active,1106413.0,1106413.0,1106448.0,32 33 34 35 36 37 38 39 40 41 42 43 44 45 46 47,41352.0,False
base,active,,1106448.0,1106511.0,32 33 34 35 36 37 38 39 40 41 42 43 44 45 46 47,-1.0,
base,active,1106511.0,1106511.0,1106571.0,32 33 34 35 36 37 38 39 40 41 42 43 44 45 46 47,41354.0,False
base,active,,1106571.0,1106572.0,32 33 34 35 36 37 38 39 40 41 42 43 44 45 46 47,-1.0,
base,active,1106572.0,1106572.0,1107233.0,32 33 34 35 36 37 38 39 40 41 42 43 44 45 46 47,41355.0,False
base,active,,1107233.0,1107268.0,32,-1.0,
base,active,,1107233.0,1107372.0,33 34 35 36 37 38 39 40 41 42 43 44 45 46 47,-1.0,
base,active,1107268.0,1107268.0,1107272.0,32,41361.0,False
base,active,,1107272.0,1107372.0,32,-1.0,
base,active,1107372.0,1107372.0,1109318.0,32 33 34 35 36 37 38 39 40 41 42 43 44 45 46 47 48 49 50 51 52 53 54 55 100 101 102 103 104 105 106 107,41365.0,False
base,active,1108017.0,1109318.0,1109382.0,40 41 42 43 44 45 46 47 48 49 50 51 52 53 54 55,41371.0,False
base,active,1107412.0,1109318.0,1111226.0,32 33 34 35 36 37 38 39,41366.0,False
base,active,,1109318.0,1111226.0,100 101 102 103 104 105 106 107,-1.0,
base,active,1108492.0,1109382.0,1109402.0,40 41 42 43 44 45 46 47 48 49 50 51 52 53 54 55,41374.0,False
base,active,1108527.0,1109402.0,1109753.0,40 41 42 43 44 45 46 47 48 49 50 51 52 53 54 55,41375.0,False
base,active,,1109753.0,1111226.0,40 41 42 43 44 45 46 47 48 49 50 51 52 53 54 55,-1.0,
base,active,1109491.0,1111226.0,1111362.0,32 33 34 35 36 37 38 39 40 41 42 43 44 45 46 47 48 49 50 51 52 53 54 55 100 101 102 103 104 105 106 107,41384.0,False
base,active,1110410.0,1111362.0,1111394.0,32 33 34 35 36 37 38 39 40 41 42 43 44 45 46 47 48 49 50 51 52 53 54 55 100 101 102 103 104 105 106 107,41392.0,False
base,active,1110496.0,1111394.0,1111584.0,32 33 34 35 36 37 38 39 40 41 42 43 44 45 46 47 48 49 50 51 52 53 54 55 100 101 102 103 104 105 106 107,41395.0,False
base,active,1111112.0,1111584.0,1112050.0,32 33 34 35 36 37 38 39 40 41 42 43 44 45 46 47 48 49 50 51 52 53 54 55 100 101 102 103 104 105 106 107,41400.0,False
base,active,1111945.0,1112050.0,1112113.0,32 33 34 35 36 37 38 39 40 41 42 43 44 45 46 47,41405.0,False
base,active,,1112050.0,1112493.0,48 49 50 51 52 53 54 55 100 101 102 103 104 105 106 107,-1.0,
base,active,,1112113.0,1112231.0,32 33 34 35 36 37 38 39 40 41 42 43 44 45 46 47,-1.0,
base,active,1112231.0,1112231.0,1112493.0,32 33 34 35 36 37 38 39 40 41 42 43 44 45 46 47,41410.0,False
base,active,1112252.0,1112493.0,1112795.0,32 33 34 35 36 37 38 39 40 41 42 43 44 45 46 47 48 49 50 51 52 53 54 55 100 101 102 103 104 105 106 107,41411.0,False
base,active,1112738.0,1112795.0,1113107.0,32 33 34 35 36 37 38 39 40 41 42 43 44 45 46 47 48 49 50 51 52 53 54 55 100 101 102 103 104 105 106 107,41414.0,False
base,active,,1113107.0,1113228.0,48,-1.0,
base,active,1112796.0,1113107.0,1113356.0,32 33 34 35 36 37 38 39 40 41 42 43 44 45 46 47,41415.0,False
base,active,,1113107.0,1113356.0,49 50 51 52 53 54 55 100 101 102 103 104 105 106 107,-1.0,
base,active,1113228.0,1113228.0,1113250.0,48,41421.0,False
base,active,,1113250.0,1113295.0,48,-1.0,
base,active,1113295.0,1113295.0,1113310.0,48,41422.0,False
base,active,,1113310.0,1113356.0,48,-1.0,
base,active,1113311.0,1113356.0,1114105.0,32 33 34 35 36 37 38 39 40 41 42 43 44 45 46 47 48 49 50 51 52 53 54 55 100 101 102 103 104 105 106 107,41423.0,False
base,active,1113389.0,1113471.0,1113567.0,0 1 2 3 4 5 6 7 8 9 10 11 12 13 14 15,41425.0,False
base,active,,1113471.0,1113568.0,16 17 18 19 20 21 22 23 24 25 26 27 28 29 30 31,-1.0,
base,active,,1113567.0,1113568.0,0 1 2 3 4 5 6 7 8 9 10 11 12 13 14 15,-1.0,
base,active,1113568.0,1113568.0,1113899.0,0 1 2 3 4 5 6 7 8 9 10 11 12 13 14 15 16 17 18 19 20 21 22 23 24 25 26 27 28 29 30 31,41428.0,False
base,active,,1113899.0,1113909.0,16 17 18 19 20 21 22 23 24 25 26 27 28 29 30 31,-1.0,
base,active,1113801.0,1113899.0,1114064.0,0 1 2 3 4 5 6 7 8 9 10 11 12 13 14 15,41431.0,False
base,active,1113909.0,1113909.0,1114103.0,16 17 18 19 20 21 22 23 24 25 26 27 28 29 30 31,41432.0,False
base,active,1114047.0,1114064.0,1114141.0,0 1 2 3 4 5 6 7 8 9 10 11 12 13 14 15,41433.0,False
base,active,,1114103.0,1114133.0,16,-1.0,
base,active,,1114103.0,1114152.0,17 18 19 20 21 22 23 24 25 26 27 28 29 30 31,-1.0,
base,active,,1114105.0,1114152.0,32 33 34 35 36 37 38 39 40 41 42 43 44 45 46 47 48 49 50 51 52 53 54 55 100 101 102 103 104 105 106 107,-1.0,
base,active,1114133.0,1114133.0,1114152.0,16,41434.0,False
base,active,,1114141.0,1114152.0,0 1 2 3 4 5 6 7 8 9 10 11 12 13 14 15,-1.0,
base,active,1104211.0,1114152.0,1114199.0,0 1 2 3 4 5 6 7 8 9 10 11 12 13 14 15 16 17 18 19 20 21 22 23 24 25 26 27 28 29 30 31 32 33 34 35 36 37 38 39 40 41 42 43 44 45 46 47 48 49 50 51 52 53 54 55 100 101 102 103 104 105 106 107,41301.0,False
base,active,,1114199.0,1114220.0,32 33 34 35 36 37 38 39 40 41 42 43 44 45 46 47,-1.0,
base,active,,1114199.0,1115636.0,48,-1.0,
base,active,,1114199.0,1116710.0,49 50 51 52 53 54 55 100 101 102 103,-1.0,
base,active,1114155.0,1114199.0,1117195.0,0 1 2 3 4 5 6 7 8 9 10 11 12 13 14 15 16 17 18 19 20 21 22 23 24 25 26 27 28 29 30 31,41435.0,False
base,active,,1114199.0,1117799.0,104 105 106 107,-1.0,
base,active,1114220.0,1114220.0,1114249.0,32 33 34 35 36 37 38 39 40 41 42 43 44 45 46 47,41436.0,False
base,active,,1114249.0,1114304.0,32,-1.0,
base,active,,1114249.0,1115466.0,33 34 35 36 37 38 39 40 41 42 43 44 45 46 47,-1.0,
base,active,1114304.0,1114304.0,1114310.0,32,41438.0,False
base,active,,1114310.0,1115466.0,32,-1.0,
base,active,1115466.0,1115466.0,1115495.0,32 33 34 35 36 37 38 39 40 41 42 43 44 45 46 47,41444.0,False
base,active,,1115495.0,1115544.0,32 33 34 35 36 37 38 39 40 41 42 43 44 45 46 47,-1.0,
base,active,1115544.0,1115544.0,1115672.0,32 33 34 35 36 37 38 39 40 41 42 43 44 45 46 47,41445.0,False
base,active,1115636.0,1115636.0,1115655.0,48,41446.0,False
base,active,,1115655.0,1116710.0,48,-1.0,
base,active,,1115672.0,1116710.0,32 33 34 35 36 37 38 39 40 41 42 43 44 45 46 47,-1.0,
base,active,,1116709.0,1116710.0,96 97 98 99,-1.0,
base,active,1104325.0,1116710.0,1116895.0,32 33 34 35 36 37 38 39 40 41 42 43 44 45 46 47 48 49 50 51 52 53 54 55 64 65 66 67 68 69 70 71 72 73 74 75 76 77 78 79 80 81 82 83 84 85 86 87 88 89 90 91 92 93 94 95 96 97 98 99 100 101 102 103,41305.0,False
base,active,,1116895.0,1116915.0,32 33 34 35 36 37 38 39 40 41 42 43 44 45 46 47 48 49 50 51 52 53 54 55 64 65 66 67 68 69 70 71,-1.0,
base,active,,1116895.0,1117184.0,72,-1.0,
base,active,,1116895.0,1118286.0,73 74 75 76 77 78 79,-1.0,
base,active,,1116895.0,1118302.0,80 81 82 83,-1.0,
base,active,,1116895.0,1119696.0,84 85 86 87,-1.0,
base,active,,1116895.0,1119906.0,88,-1.0,
base,active,,1116895.0,1120495.0,89 90 91 92 93 94 95 96 97 98 99 100 101 102 103,-1.0,
base,active,1116915.0,1116915.0,1116940.0,32 33 34 35 36 37 38 39 40 41 42 43 44 45 46 47 48 49 50 51 52 53 54 55 64 65 66 67 68 69 70 71,41454.0,False
base,active,,1116940.0,1116944.0,32 33 34 35,-1.0,
base,active,,1116940.0,1117095.0,36 37 38 39 40 41 42 43 44 45 46 47 48 49 50 51 52 53 54 55 64 65 66 67 68 69 70 71,-1.0,
base,active,1116944.0,1116944.0,1117016.0,32 33 34 35,41455.0,False
base,active,,1117016.0,1117095.0,32 33 34 35,-1.0,
base,active,1117095.0,1117095.0,1117421.0,32 33 34 35 36 37 38 39 40 41 42 43 44 45 46 47 48 49 50 51 52 53 54 55 64 65 66 67 68 69 70 71,41456.0,False
base,active,1117184.0,1117184.0,1117228.0,72,41457.0,False
base,active,,1117195.0,1117298.0,0,-1.0,
base,active,,1117195.0,1117319.0,1 2 3 4 5 6 7 8 9 10 11 12 13 14 15 16 17 18 19 20 21 22 23 24 25 26 27 28 29 30 31,-1.0,
base,active,,1117228.0,1118286.0,72,-1.0,
base,active,1117298.0,1117298.0,1117318.0,0,41459.0,False
base,active,,1117318.0,1117319.0,0,-1.0,
base,active,1117319.0,1117319.0,1119053.0,0 1 2 3 4 5 6 7 8 9 10 11 12 13 14 15 16 17 18 19 20 21 22 23 24 25 26 27 28 29 30 31,41460.0,False
base,active,,1117421.0,1118067.0,32 33 34 35 36 37 38 39,-1.0,
base,active,,1117421.0,1118215.0,40 41 42 43 44 45 46 47 48 49 50 51 52 53 54 55 64 65 66 67 68 69 70 71,-1.0,
base,switching_off,,1117799.0,1119599.0,104 105 106 107,-2.0,
base,active,1118067.0,1118067.0,1118120.0,32 33 34 35 36 37 38 39,41466.0,False
base,active,,1118120.0,1118148.0,32,-1.0,
base,active,,1118120.0,1118215.0,33 34 35 36 37 38 39,-1.0,
base,active,1118148.0,1118148.0,1118166.0,32,41467.0,False
base,active,,1118166.0,1118215.0,32,-1.0,
base,active,1118215.0,1118215.0,1124084.0,32 33 34 35 36 37 38 39 40 41 42 43 44 45 46 47 48 49 50 51 52 53 54 55 64 65 66 67 68 69 70 71,41468.0,False
base,active,1118286.0,1118286.0,1118349.0,72 73 74 75 76 77 78 79,41469.0,False
base,active,1118302.0,1118302.0,1124084.0,80 81 82 83,41470.0,False
base,active,,1118349.0,1118565.0,72 73 74 75 76 77 78 79,-1.0,
base,active,1118565.0,1118565.0,1118618.0,72 73 74 75 76 77 78 79,41473.0,False
base,active,,1118618.0,1118831.0,72 73,-1.0,
base,active,,1118618.0,1118976.0,74 75 76 77 78 79,-1.0,
base,active,1118831.0,1118831.0,1118961.0,72 73,41474.0,False
base,active,,1118961.0,1118976.0,72 73,-1.0,
base,active,1118976.0,1118976.0,1119042.0,72 73 74 75 76 77 78 79,41476.0,False
base,active,,1119042.0,1119083.0,72,-1.0,
base,active,,1119042.0,1119132.0,73,-1.0,
base,active,,1119042.0,1119391.0,74 75,-1.0,
base,active,,1119042.0,1119689.0,76 77 78 79,-1.0,
base,active,1118411.0,1119053.0,1119177.0,0 1 2 3 4 5 6 7 8 9 10 11 12 13 14 15 16 17 18 19 20 21 22 23 24 25 26 27 28 29 30 31,41472.0,False
base,active,1119083.0,1119083.0,1119096.0,72,41477.0,False
base,active,,1119096.0,1119132.0,72,-1.0,
base,active,1119132.0,1119132.0,1119325.0,72 73,41479.0,False
base,active,1119098.0,1119177.0,1119932.0,0 1 2 3 4 5 6 7 8 9 10 11 12 13 14 15 16 17 18 19 20 21 22 23 24 25 26 27 28 29 30 31,41478.0,False
base,active,,1119325.0,1119391.0,72 73,-1.0,
base,active,1119391.0,1119391.0,1119614.0,72 73 74 75,41484.0,False
base,sleeping,,1119599.0,1121170.0,104 105 106 107,-4.0,
base,active,,1119614.0,1119689.0,72 73 74 75,-1.0,
base,active,1119689.0,1119689.0,1119745.0,72 73 74 75 76 77 78 79,41488.0,False
base,active,1119696.0,1119696.0,1119984.0,84 85 86 87,41489.0,False
base,active,,1119745.0,1119769.0,72 73 74 75 76 77 78 79,-1.0,
base,active,1119769.0,1119769.0,1119830.0,72 73 74 75 76 77 78 79,41490.0,False
base,active,,1119830.0,1119901.0,72,-1.0,
base,active,,1119830.0,1119906.0,73 74 75 76 77 78 79,-1.0,
base,active,1119901.0,1119901.0,1119938.0,72,41491.0,False
base,active,1119906.0,1119906.0,1119956.0,73 74 75 76 77 78 79 88,41492.0,False
base,active,1119354.0,1119932.0,1120070.0,0 1 2 3 4 5 6 7 8 9 10 11 12 13 14 15 16 17 18 19 20 21 22 23 24 25 26 27 28 29 30 31,41482.0,False
base,active,,1119938.0,1120009.0,72,-1.0,
base,active,,1119956.0,1120009.0,73 74 75 76 77 78 79,-1.0,
base,active,,1119956.0,1123464.0,88,-1.0,
base,active,,1119984.0,1121194.0,84 85 86 87,-1.0,
base,active,1120009.0,1120009.0,1120067.0,72 73 74 75 76 77 78 79,41493.0,False
base,active,,1120067.0,1120238.0,72 73 74 75 76 77 78 79,-1.0,
base,active,1119559.0,1120070.0,1120621.0,0 1 2 3 4 5 6 7 8 9 10 11 12 13 14 15 16 17 18 19 20 21 22 23 24 25 26 27 28 29 30 31,41487.0,False
base,active,1120238.0,1120238.0,1120320.0,72 73 74 75 76 77 78 79,41496.0,False
base,active,,1120320.0,1120494.0,72 73 74 75 76 77 78 79,-1.0,
base,active,1120494.0,1120494.0,1120580.0,72 73 74 75 76 77 78 79,41497.0,False
base,switching_off,,1120495.0,1122295.0,89 90 91 92 93 94 95 96 97 98 99 100 101 102 103,-2.0,
base,active,,1120580.0,1120615.0,72 73 74 75 76 77 78 79,-1.0,
base,active,1120615.0,1120615.0,1120673.0,72 73 74 75 76 77 78 79,41499.0,False
base,active,1120025.0,1120621.0,1127844.0,0 1 2 3 4 5 6 7 8 9 10 11 12 13 14 15 16 17 18 19 20 21 22 23 24 25 26 27 28 29 30 31,41494.0,False
base,active,,1120673.0,1120813.0,72 73 74 75 76 77 78 79,-1.0,
base,active,1120813.0,1120813.0,1120876.0,72 73 74 75 76 77 78 79,41500.0,False
base,active,,1120876.0,1120891.0,72 73 74 75,-1.0,
base,active,,1120876.0,1121194.0,76 77 78 79,-1.0,
base,active,1120891.0,1120891.0,1121337.0,72 73 74 75,41501.0,False
base,switching_on,,1121170.0,1123870.0,56 57 58 59 60 61 62 63 104 105 106 107 108 109 110 111 112 113 114,-3.0,
base,active,1121194.0,1121194.0,1121336.0,76 77 78 79 84 85 86 87,41508.0,False
base,active,,1121336.0,1121821.0,76 77 78 79 84 85 86 87,-1.0,
base,active,,1121337.0,1121706.0,72 73 74 75,-1.0,
base,active,1121706.0,1121706.0,1121989.0,72 73 74 75,41512.0,False
base,switching_on,,1121821.0,1124521.0,115 116 117 118,-3.0,
base,active,1121821.0,1121821.0,1129084.0,76 77 78 79 84 85 86 87,41515.0,False
base,active,,1121989.0,1122218.0,72 73 74 75,-1.0,
base,active,1122218.0,1122218.0,1122383.0,72 73 74 75,41517.0,False
base,sleeping,,1122295.0,1124189.0,89 90 91 92,-4.0,
base,sleeping,,1122295.0,1161140.0,93 94 95 96,-4.0,
base,sleeping,,1122295.0,1718127.0,97 98 99 100 101 102 103,-4.0,
base,active,,1122383.0,1123420.0,72 73 74 75,-1.0,
base,active,1123420.0,1123420.0,1123443.0,72 73 74 75,41527.0,False
base,active,,1123443.0,1123455.0,72 73 74 75,-1.0,
base,active,1123455.0,1123455.0,1123475.0,72 73 74 75,41528.0,False
base,active,1123464.0,1123464.0,1123471.0,88,41529.0,False
base,active,,1123471.0,1123870.0,88,-1.0,
base,active,,1123475.0,1123479.0,72,-1.0,
base,active,,1123475.0,1123560.0,73 74 75,-1.0,
base,active,1123479.0,1123479.0,1123500.0,72,41530.0,False
base,active,,1123500.0,1123560.0,72,-1.0,
base,active,1123560.0,1123560.0,1123584.0,72 73 74 75,41532.0,False
base,active,,1123584.0,1123615.0,72 73 74 75,-1.0,
base,active,1123615.0,1123615.0,1123658.0,72 73 74 75,41533.0,False
base,active,,1123658.0,1123863.0,72 73 74 75,-1.0,
base,active,1123863.0,1123863.0,1123957.0,72 73 74 75,41535.0,False
base,active,1122625.0,1123870.0,1123910.0,56 57 58 59 60 61 62 63,41522.0,False
base,active,1122891.0,1123870.0,1123910.0,88 104 105 106 107 108 109 110,41524.0,False
base,active,,1123870.0,1123957.0,111 112 113 114,-1.0,
base,active,1123047.0,1123910.0,1123969.0,56 57 58 59 60 61 62 63,41525.0,False
base,active,1123507.0,1123910.0,1123985.0,88 104 105 106 107 108 109 110,41531.0,False
base,active,1123940.0,1123957.0,1123998.0,72 73 74 75 111 112 113 114,41536.0,False
base,active,,1123969.0,1123985.0,56 57 58 59 60 61 62 63,-1.0,
base,active,1121503.0,1123985.0,1124175.0,56 57 58 59 60 61 62 63 88 104 105 106 107 108 109 110,41510.0,False
base,active,1123996.0,1123998.0,1124060.0,72 73 74 75 111 112 113 114,41537.0,False
base,active,,1124060.0,1124098.0,72 73,-1.0,
base,active,,1124060.0,1124433.0,74 75,-1.0,
base,active,,1124060.0,1127178.0,111 112 113 114,-1.0,
base,active,1121170.0,1124084.0,1124249.0,32 33 34 35 36 37 38 39 40 41 42 43 44 45 46 47 48 49 50 51 52 53 54 55 64 65 66 67 68 69 70 71,41507.0,False
base,active,,1124084.0,1127178.0,80 81 82 83,-1.0,
base,active,1124098.0,1124098.0,1124267.0,72 73,41539.0,False
base,active,,1124175.0,1124189.0,56 57 58 59,-1.0,
base,active,,1124175.0,1124249.0,60 61 62 63,-1.0,
base,active,,1124175.0,1127178.0,88 104 105 106 107 108 109 110,-1.0,
base,switching_on,,1124189.0,1126889.0,89 90 91 92,-3.0,
base,active,1124189.0,1124189.0,1129084.0,56 57 58 59,41542.0,False
base,active,,1124249.0,1124433.0,68 69 70 71,-1.0,
base,active,1121405.0,1124249.0,1124589.0,32 33 34 35 36 37 38 39 40 41 42 43 44 45 46 47 48 49 50 51 52 53 54 55 60 61 62 63 64 65 66 67,41509.0,False
base,active,,1124267.0,1124433.0,72 73,-1.0,
base,active,1124433.0,1124433.0,1125131.0,68 69 70 71 72 73 74 75,41545.0,False
base,active,,1124521.0,1127178.0,115 116 117 118,-1.0,
base,active,1121756.0,1124589.0,1124600.0,32 33 34 35 36 37 38 39 40 41 42 43 44 45 46 47 48 49 50 51 52 53 54 55 60 61 62 63 64 65 66 67,41513.0,False
base,active,1121791.0,1124600.0,1131893.0,32 33 34 35 36 37 38 39 40 41 42 43 44 45 46 47 48 49 50 51 52 53 54 55 60 61 62 63 64 65 66 67,41514.0,False
base,active,,1125131.0,1125648.0,68 69 70 71,-1.0,
base,active,,1125131.0,1125656.0,72 73 74 75,-1.0,
base,active,1125648.0,1125648.0,1126156.0,68 69 70 71,41548.0,False
base,active,1125656.0,1125656.0,1126685.0,72 73 74 75,41549.0,False
base,active,,1126156.0,1126732.0,68 69 70 71,-1.0,
base,active,,1126685.0,1127063.0,72 73 74 75,-1.0,
base,active,1126732.0,1126732.0,1127178.0,68 69 70 71,41555.0,False
base,active,,1126889.0,1127178.0,89 90 91 92,-1.0,
base,active,1127063.0,1127063.0,1127085.0,72 73 74 75,41557.0,False
base,active,,1127085.0,1127178.0,72 73 74 75,-1.0,
base,active,1124118.0,1127178.0,1132144.0,68 69 70 71 72 73 74 75 80 81 82 83 88 89 90 91 92 104 105 106 107 108 109 110 111 112 113 114 115 116 117 118,41541.0,False
base,active,,1127844.0,1127894.0,5,-1.0,
base,active,1127250.0,1127844.0,1127900.0,0,41559.0,False
base,active,1127211.0,1127844.0,1128925.0,1 2 3 4,41558.0,False
base,active,,1127844.0,1128925.0,6 7 8 9 10 11 12 13 14 15 16 17 18 19 20 21 22 23 24 25 26 27 28 29 30 31,-1.0,
base,active,1127894.0,1127894.0,1127920.0,5,41566.0,False
base,active,,1127900.0,1128873.0,0,-1.0,
base,active,,1127920.0,1128925.0,5,-1.0,
base,active,1128873.0,1128873.0,1128894.0,0,41569.0,False
base,active,,1128894.0,1128925.0,0,-1.0,
base,active,1127375.0,1128925.0,1130016.0,0 1 2 3 4 5 6 7 8 9 10 11 12 13 14 15 16 17 18 19 20 21 22 23 24 25 26 27 28 29 30 31,41562.0,False
base,active,1129076.0,1129084.0,1129092.0,56 57 58 59,41571.0,False
base,active,,1129084.0,1129854.0,76 77 78 79,-1.0,
base,active,,1129084.0,1129864.0,84 85 86 87,-1.0,
base,active,,1129092.0,1129854.0,56 57 58 59,-1.0,
base,active,1129854.0,1129854.0,1130286.0,56 57 58 59 76 77 78 79,41574.0,False
base,active,1129864.0,1129864.0,1129887.0,84 85 86 87,41575.0,False
base,active,1129885.0,1129887.0,1135028.0,84 85 86 87,41576.0,False
base,active,,1130016.0,1130041.0,4 5 6 7,-1.0,
base,active,1129907.0,1130016.0,1130052.0,0 1 2 3,41577.0,False
base,active,,1130016.0,1130158.0,8 9 10 11 12 13 14 15 16 17 18 19 20 21 22 23 24 25 26 27 28 29 30 31,-1.0,
base,active,1130041.0,1130041.0,1130158.0,4 5 6 7,41579.0,False
base,active,,1130052.0,1130158.0,0 1 2 3,-1.0,
base,active,1128506.0,1130158.0,1130736.0,0 1 2 3 4 5 6 7 8 9 10 11 12 13 14 15 16 17 18 19 20 21 22 23 24 25 26 27 28 29 30 31,41568.0,False
base,active,1130173.0,1130286.0,1130307.0,57 58 59 76,41581.0,False
base,active,1130244.0,1130286.0,1130315.0,56,41583.0,False
base,active,,1130286.0,1130315.0,77 78 79,-1.0,
base,active,1130226.0,1130307.0,1130483.0,57 58 59 76,41582.0,False
base,active,1130247.0,1130315.0,1130392.0,56 77 78 79,41584.0,False
base,active,,1130392.0,1130483.0,56 77 78 79,-1.0,
base,active,1130353.0,1130483.0,1137330.0,56 57 58 59 76 77 78 79,41586.0,False
base,active,1129766.0,1130736.0,1135995.0,0 1 2 3 4 5 6 7 8 9 10 11 12 13 14 15 16 17 18 19 20 21 22 23 24 25 26 27 28 29 30 31,41572.0,False
base,active,1131566.0,1131893.0,1131915.0,32,41593.0,False
base,active,1130903.0,1131893.0,1131968.0,33 34 35 36,41588.0,False
base,active,,1131893.0,1131968.0,37 38 39 40 41 42 43 44 45 46 47 48 49 50 51 52 53 54 55 60 61 62 63 64 65 66 67,-1.0,
base,active,,1131915.0,1131968.0,32,-1.0,
base,active,1129789.0,1131968.0,1132465.0,32 33 34 35 36 37 38 39 40 41 42 43 44 45 46 47 48 49 50 51 52 53 54 55 60 61 62 63 64 65 66 67,41573.0,False
base,active,1129910.0,1132144.0,1134601.0,68 69 70 71 72 73 74 75 80 81 82 83 88 89 90 91 92 104 105 106 107 108 109 110 111 112 113 114 115 116 117 118,41578.0,False
base,active,1132369.0,1132465.0,1132484.0,32,41595.0,False
base,active,,1132465.0,1132484.0,33 34 35 36 37 38 39 40 41 42 43 44 45 46 47 48 49 50 51 52 53 54 55 60 61 62 63 64 65 66 67,-1.0,
base,active,1130316.0,1132484.0,1139365.0,32 33 34 35 36 37 38 39 40 41 42 43 44 45 46 47 48 49 50 51 52 53 54 55 60 61 62 63 64 65 66 67,41585.0,False
base,active,1134260.0,1134601.0,1134715.0,68,41605.0,False
base,active,,1134601.0,1134715.0,69 70 71 72 73 74 75 80 81 82 83 88 89 90 91 92 104 105 106 107 108 109 110 111 112 113 114 115 116 117 118,-1.0,
base,active,1132446.0,1134715.0,1135491.0,68 69 70 71 72 73 74 75 80 81 82 83 88 89 90 91 92 104 105 106 107 108 109 110 111 112 113 114 115 116 117 118,41597.0,False
base,active,1134731.0,1135028.0,1135050.0,84,41607.0,False
base,active,1135009.0,1135028.0,1135053.0,85,41608.0,False
base,active,,1135028.0,1135190.0,86 87,-1.0,
base,active,,1135050.0,1135075.0,84,-1.0,
base,active,,1135053.0,1135190.0,85,-1.0,
base,active,1135075.0,1135075.0,1135190.0,84,41610.0,False
base,active,1135135.0,1135190.0,1135717.0,84 85 86 87,41611.0,False
base,active,1133346.0,1135491.0,1139103.0,68 69 70 71 72 73 74 75 80 81 82 83 88 89 90 91 92 104 105 106 107 108 109 110 111 112 113 114 115 116 117 118,41599.0,False
base,active,,1135717.0,1135748.0,84 85 86 87,-1.0,
base,active,1135748.0,1135748.0,1140347.0,84 85 86 87,41615.0,False
base,active,1135927.0,1135995.0,1136015.0,0,41619.0,False
base,active,,1135995.0,1136015.0,1 2 3 4 5 6 7 8 9 10 11 12 13 14 15 16 17 18 19 20 21 22 23 24 25 26 27 28 29 30 31,-1.0,
base,active,1135066.0,1136015.0,1136610.0,0 1 2 3 4 5 6 7 8 9 10 11 12 13 14 15 16 17 18 19 20 21 22 23 24 25 26 27 28 29 30 31,41609.0,False
base,active,1135682.0,1136610.0,1141274.0,0 1 2 3 4 5 6 7 8 9 10 11 12 13 14 15 16 17 18 19 20 21 22 23 24 25 26 27 28 29 30 31,41613.0,False
base,active,1136939.0,1137330.0,1137335.0,56,41622.0,False
base,active,1137016.0,1137330.0,1137347.0,58,41624.0,False
base,active,1136960.0,1137330.0,1137358.0,57,41623.0,False
base,active,1137050.0,1137330.0,1137429.0,59,41625.0,False
base,active,,1137330.0,1139103.0,76 77 78 79,-1.0,
base,active,,1137335.0,1138606.0,56,-1.0,
base,active,,1137347.0,1139103.0,58,-1.0,
base,active,,1137358.0,1139103.0,57,-1.0,
base,active,,1137429.0,1139103.0,59,-1.0,
base,active,1138606.0,1138606.0,1138623.0,56,41629.0,False
base,active,,1138623.0,1138683.0,56,-1.0,
base,active,1138683.0,1138683.0,1138700.0,56,41630.0,False
base,active,,1138700.0,1139103.0,56,-1.0,
base,active,1137079.0,1139103.0,1140706.0,56 57 58 59 68 69 70 71 72 73 74 75 76 77 78 79 80 81 82 83 88 89 90 91 92 104 105 106 107 108 109 110,41626.0,False
base,active,,1139103.0,1140739.0,111 112 113 114 115 116 117 118,-1.0,
base,active,1138729.0,1139365.0,1140240.0,32 33 34 35 36 37 38 39 40 41 42 43 44 45 46 47 48 49 50 51 52 53 54 55 60 61 62 63 64 65 66 67,41631.0,False
base,active,1139648.0,1140240.0,1142616.0,32 33 34 35 36 37 38 39 40 41 42 43 44 45 46 47 48 49 50 51 52 53 54 55 60 61 62 63 64 65 66 67,41632.0,False
base,active,,1140347.0,1140428.0,84 85 86 87,-1.0,
base,active,1140428.0,1140428.0,1164534.0,84 85 86 87,41635.0,False
base,active,1139994.0,1140706.0,1140718.0,56 57 58 59 68 69 70 71 72 73 74 75 76 77 78 79 80 81 82 83 88 89 90 91 92 104 105 106 107 108 109 110,41633.0,False
base,active,1140363.0,1140718.0,1155280.0,56 57 58 59 68 69 70 71 72 73 74 75 76 77 78 79 80 81 82 83 88 89 90 91 92 104 105 106 107 108 109 110,41634.0,False
base,active,1140739.0,1140739.0,1164529.0,111 112 113 114 115 116 117 118,41637.0,False
base,active,1140707.0,1141274.0,1165096.0,0 1 2 3 4 5 6 7 8 9 10 11 12 13 14 15 16 17 18 19 20 21 22 23 24 25 26 27 28 29 30 31,41636.0,False
base,active,1142035.0,1142616.0,1142626.0,33,41639.0,False
base,active,1142029.0,1142616.0,1142637.0,32,41638.0,False
base,active,,1142616.0,1142637.0,34 35 36 37 38 39 40 41 42 43 44 45 46 47 48 49 50 51 52 53 54 55 60 61 62 63 64 65 66 67,-1.0,
base,active,,1142626.0,1142637.0,33,-1.0,
base,active,1142079.0,1142637.0,1145017.0,32 33 34 35 36 37 38 39 40 41 42 43 44 45 46 47 48 49 50 51 52 53 54 55 60 61 62 63 64 65 66 67,41640.0,False
base,active,1144465.0,1145017.0,1145025.0,33,41642.0,False
base,active,1144461.0,1145017.0,1145037.0,32,41641.0,False
base,active,,1145017.0,1145037.0,34 35 36 37 38 39 40 41 42 43 44 45 46 47 48 49 50 51 52 53 54 55 60 61 62 63 64 65 66 67,-1.0,
base,active,,1145025.0,1145037.0,33,-1.0,
base,active,1144510.0,1145037.0,1147430.0,32 33 34 35 36 37 38 39 40 41 42 43 44 45 46 47 48 49 50 51 52 53 54 55 60 61 62 63 64 65 66 67,41643.0,False
base,active,1146905.0,1147430.0,1147456.0,32,41644.0,False
base,active,,1147430.0,1147456.0,33 34 35 36 37 38 39 40 41 42 43 44 45 46 47 48 49 50 51 52 53 54 55 60 61 62 63 64 65 66 67,-1.0,
base,active,1147227.0,1147456.0,1149787.0,32 33 34 35 36 37 38 39 40 41 42 43 44 45 46 47 48 49 50 51 52 53 54 55 60 61 62 63 64 65 66 67,41645.0,False
base,active,1148023.0,1149787.0,1149804.0,32,41646.0,False
base,active,1149560.0,1149787.0,1149812.0,33,41647.0,False
base,active,,1149787.0,1150790.0,34 35 36 37 38 39 40 41 42 43 44 45 46 47 48 49 50 51 52 53 54 55 60 61 62 63 64 65 66 67,-1.0,
base,active,,1149804.0,1150679.0,32,-1.0,
base,active,,1149812.0,1150790.0,33,-1.0,
base,active,1150679.0,1150679.0,1150688.0,32,41648.0,False
base,active,,1150688.0,1150790.0,32,-1.0,
base,active,1150790.0,1150790.0,1151624.0,32 33 34 35 36 37 38 39 40 41 42 43 44 45 46 47 48 49 50 51 52 53 54 55 60 61 62 63 64 65 66 67,41649.0,False
base,active,,1151624.0,1155280.0,32 33 34 35 36 37 38 39 40 41 42 43 44 45 46 47 48 49 50 51 52 53 54 55 60 61 62 63 64 65 66 67,-1.0,
base,active,1154931.0,1155280.0,1164876.0,32 33 34 35 36 37 38 39 40 41 42 43 44 45 46 47 48 49 50 51 52 53 54 55 56 57 58 59 60 61 62 63 64 65 66 67 68 69 70 71 72 73 74 75 76 77 78 79 80 81 82 83 88 89 90 91 92 104 105 106 107 108 109 110,41650.0,False
base,switching_on,,1161140.0,1163840.0,93 94 95 96,-3.0,
base,active,1163198.0,1163840.0,1163862.0,93 94,41656.0,False
base,active,,1163840.0,1163862.0,95 96,-1.0,
base,active,1161140.0,1163862.0,1164037.0,93 94 95 96,41651.0,False
base,active,1162001.0,1164037.0,1164475.0,93 94 95 96,41652.0,False
base,active,1162757.0,1164475.0,1164613.0,93 94 95 96,41653.0,False
base,active,1163021.0,1164529.0,1164552.0,115 116 117 118,41655.0,False
base,active,1162935.0,1164529.0,1164554.0,111 112 113 114,41654.0,False
base,active,,1164534.0,1164876.0,84 85 86 87,-1.0,
base,active,,1164552.0,1168152.0,115 116 117 118,-1.0,
base,active,,1164554.0,1168154.0,111 112 113 114,-1.0,
base,active,,1164613.0,1164876.0,93 94 95,-1.0,
base,active,,1164613.0,1168213.0,96,-1.0,
base,active,,1164876.0,1168476.0,104 105 106 107 108 109 110,-1.0,
base,active,1164538.0,1164876.0,1170013.0,32 33 34 35 36 37 38 39 40 41 42 43 44 45 46 47 48 49 50 51 52 53 54 55 56 57 58 59 60 61 62 63 64 65 66 67 68 69 70 71 72 73 74 75 76 77 78 79 80 81 82 83 84 85 86 87 88 89 90 91 92 93 94 95,41657.0,False
base,active,,1165096.0,1168696.0,0 1 2 3 4 5 6 7 8 9 10 11 12 13 14 15 16 17 18 19 20 21 22 23 24 25 26 27 28 29 30 31,-1.0,
base,switching_off,,1168152.0,1169952.0,115 116 117 118,-2.0,
base,switching_off,,1168154.0,1169954.0,111 112 113 114,-2.0,
base,switching_off,,1168213.0,1170013.0,96,-2.0,
base,switching_off,,1168476.0,1170276.0,104 105 106 107 108 109 110,-2.0,
base,switching_off,,1168696.0,1170496.0,0 1 2 3 4 5 6 7 8 9 10 11 12 13 14 15 16 17 18 19 20 21 22 23 24 25 26 27 28 29 30 31,-2.0,
base,sleeping,,1169952.0,1761488.0,115 116 117 118,-4.0,
base,sleeping,,1169954.0,1761488.0,111 112 113 114,-4.0,
base,active,,1170013.0,1173613.0,32 33 34 35 36 37 38 39 40 41 42 43 44 45 46 47 48 49 50 51 52 53 54 55 56 57 58 59 60 61 62 63 64 65 66 67 68 69 70 71 72 73 74 75 76 77 78 79 80 81 82 83 84 85 86 87 88 89 90 91 92 93 94 95,-1.0,
base,sleeping,,1170013.0,1718127.0,96,-4.0,
base,sleeping,,1170276.0,1752438.0,104 105 106 107,-4.0,
base,sleeping,,1170276.0,1761488.0,108 109 110,-4.0,
base,sleeping,,1170496.0,1682786.0,0 1 2 3 4 5 6 7 8 9 10 11 12 13 14 15 16 17 18 19 20 21 22 23 24 25 26 27 28 29 30 31,-4.0,
base,switching_off,,1173613.0,1175413.0,32 33 34 35 36 37 38 39 40 41 42 43 44 45 46 47 48 49 50 51 52 53 54 55 56 57 58 59 60 61 62 63 64 65 66 67 68 69 70 71 72 73 74 75 76 77 78 79 80 81 82 83 84 85 86 87 88 89 90 91 92 93 94 95,-2.0,
base,sleeping,,1175413.0,1682786.0,32 33 34 35 36 37 38 39 40 41 42 43 44 45 46 47 48 49 50 51 52 53 54 55 56 57 58 59 60 61 62 63,-4.0,
base,sleeping,,1175413.0,1690717.0,64 65 66 67 68 69 70 71,-4.0,
base,sleeping,,1175413.0,1709237.0,72 73 74 75 76 77 78 79 80 81 82 83 84 85 86 87 88 89 90 91 92 93 94 95,-4.0,
base,switching_on,,1682786.0,1685486.0,0 1 2 3 4 5 6 7 8 9 10 11 12 13 14 15 16 17 18 19 20 21 22 23 24 25 26 27 28 29 30 31 32 33 34 35 36 37 38 39 40 41 42 43 44 45 46 47 48 49 50 51 52 53 54 55 56 57 58 59 60 61 62 63,-3.0,
base,active,1682786.0,1685486.0,1685792.0,0 1 2 3 4 5 6 7 8 9 10 11 12 13 14 15 16 17 18 19 20 21 22 23 24 25 26 27 28 29 30 31 32 33 34 35 36 37 38 39 40 41 42 43 44 45 46 47 48 49 50 51 52 53 54 55 56 57 58 59 60 61 62 63,41679.0,False
base,active,1683107.0,1685792.0,1695361.0,0 1 2 3 4 5 6 7 8 9 10 11 12 13 14 15 16 17 18 19 20 21 22 23 24 25 26 27 28 29 30 31 32 33 34 35 36 37 38 39 40 41 42 43 44 45 46 47 48 49 50 51 52 53 54 55 56 57 58 59 60 61 62 63,41680.0,False
base,switching_on,,1690717.0,1693417.0,64 65 66 67 68 69 70 71,-3.0,
base,active,1690717.0,1693417.0,1694718.0,64 65 66 67 68 69 70 71,41702.0,False
base,active,,1694718.0,1698318.0,64 65 66 67 68 69 70 71,-1.0,
base,active,1692675.0,1695361.0,1705014.0,0 1 2 3 4 5 6 7 8 9 10 11 12 13 14 15 16 17 18 19 20 21 22 23 24 25 26 27 28 29 30 31 32 33 34 35 36 37 38 39 40 41 42 43 44 45 46 47 48 49 50 51 52 53 54 55 56 57 58 59 60 61 62 63,41709.0,False
base,switching_off,,1698318.0,1700118.0,64 65 66 67 68 69 70 71,-2.0,
base,sleeping,,1700118.0,1709237.0,64 65 66 67 68 69 70 71,-4.0,
base,active,,1705014.0,1708614.0,0 1 2 3 4 5 6 7 8 9 10 11 12 13 14 15 16 17 18 19 20 21 22 23 24 25 26 27 28 29 30 31 32 33 34 35 36 37 38 39 40 41 42 43 44 45 46 47 48 49 50 51 52 53 54 55 56 57 58 59 60 61 62 63,-1.0,
base,switching_off,,1708614.0,1710414.0,0 1 2 3 4 5 6 7 8 9 10 11 12 13 14 15 16 17 18 19 20 21 22 23 24 25 26 27 28 29 30 31 32 33 34 35 36 37 38 39 40 41 42 43 44 45 46 47 48 49 50 51 52 53 54 55 56 57 58 59 60 61 62 63,-2.0,
base,switching_on,,1709237.0,1711937.0,64 65 66 67 68 69 70 71 72 73 74 75 76 77 78 79 80 81 82 83 84 85 86 87 88 89 90 91 92 93 94 95,-3.0,
base,sleeping,,1710414.0,1712272.0,0,-4.0,
base,sleeping,,1710414.0,1713050.0,1 2 3 4 5 6 7,-4.0,
base,sleeping,,1710414.0,1717909.0,8 9 10 11 12 13 14 15 16 17 18 19 20 21 22 23 24 25 26 27 28 29 30 31,-4.0,
base,sleeping,,1710414.0,1718002.0,32 33 34 35 36 37 38 39 40 41 42 43 44 45 46 47 48 49 50 51 52 53 54 55 56 57 58 59 60 61 62 63,-4.0,
base,active,1709237.0,1711937.0,1720787.0,64 65 66 67 68 69 70 71 72 73 74 75 76 77 78 79 80 81 82 83 84 85 86 87 88 89 90 91 92 93 94 95,41770.0,False
base,switching_on,,1712272.0,1714972.0,0,-3.0,
base,switching_on,,1713050.0,1715750.0,1 2 3 4 5 6 7,-3.0,
base,active,1712272.0,1714972.0,1714975.0,0,41780.0,False
base,active,1712887.0,1714975.0,1714992.0,0,41786.0,False
base,active,,1714992.0,1715750.0,0,-1.0,
base,active,1713050.0,1715750.0,1715818.0,0 1 2 3 4 5 6 7,41787.0,False
base,active,1714067.0,1715818.0,1715888.0,0 1 2 3 4 5 6 7,41790.0,False
base,active,1715030.0,1715888.0,1715940.0,0 1 2 3 4 5 6 7,41796.0,False
base,active,,1715940.0,1716148.0,0 1 2 3 4 5 6 7,-1.0,
base,active,1716148.0,1716148.0,1716231.0,0 1 2 3 4 5 6 7,41799.0,False
base,active,,1716231.0,1717936.0,0 1 2 3 4 5 6 7,-1.0,
base,switching_on,,1717909.0,1720609.0,8 9 10 11 12 13 14 15 16 17 18 19 20 21 22 23 24 25 26 27 28 29 30 31,-3.0,
base,active,1717936.0,1717936.0,1717957.0,0 1 2 3 4 5 6 7,41804.0,False
base,active,,1717957.0,1718127.0,0 1 2 3 4 5 6 7,-1.0,
base,switching_on,,1718002.0,1720702.0,32 33 34 35 36 37 38 39 40 41 42 43 44 45 46 47 48 49 50 51 52 53 54 55 56 57 58 59 60 61 62 63,-3.0,
base,switching_on,,1718127.0,1720827.0,96 97 98 99 100 101 102 103,-3.0,
base,active,1718127.0,1718127.0,1742086.0,0 1 2 3 4 5 6 7,41808.0,False
base,active,1720423.0,1720609.0,1720631.0,8,41823.0,False
base,active,1718745.0,1720609.0,1720670.0,9 10 11 12 13 14 15 16,41815.0,False
base,active,,1720609.0,1720702.0,17 18 19 20 21 22 23 24 25 26 27 28 29 30 31,-1.0,
base,active,,1720631.0,1720702.0,8,-1.0,
base,active,,1720670.0,1720702.0,9 10 11 12 13 14 15 16,-1.0,
base,active,1717909.0,1720702.0,1720749.0,8 9 10 11 12 13 14 15 16 17 18 19 20 21 22 23 24 25 26 27 28 29 30 31 32 33 34 35 36 37 38 39,41803.0,False
base,active,,1720702.0,1720827.0,40 41 42 43 44 45 46 47 48 49 50 51 52 53 54 55 56 57 58 59 60 61 62 63,-1.0,
base,active,1718013.0,1720749.0,1720783.0,8 9 10 11 12 13 14 15 16 17 18 19 20 21 22 23 24 25 26 27 28 29 30 31 32 33 34 35 36 37 38 39,41806.0,False
base,active,1718095.0,1720783.0,1744774.0,8 9 10 11 12 13 14 15 16 17 18 19 20 21 22 23 24 25 26 27 28 29 30 31 32 33 34 35 36 37 38 39,41807.0,False
base,active,,1720787.0,1720827.0,64 65 66 67 68 69 70 71 72 73 74 75 76 77 78 79 80 81 82 83 84 85 86 87 88 89 90 91 92 93 94 95,-1.0,
base,active,1718002.0,1720827.0,1720928.0,40 41 42 43 44 45 46 47 48 49 50 51 52 53 54 55 56 57 58 59 60 61 62 63 64 65 66 67 68 69 70 71 72 73 74 75 76 77 78 79 80 81 82 83 84 85 86 87 88 89 90 91 92 93 94 95 96 97 98 99 100 101 102 103,41805.0,False
base,active,1718682.0,1720928.0,1720952.0,40 41 42 43 44 45 46 47 48 49 50 51 52 53 54 55 56 57 58 59 60 61 62 63 64 65 66 67 68 69 70 71 72 73 74 75 76 77 78 79 80 81 82 83 84 85 86 87 88 89 90 91 92 93 94 95 96 97 98 99 100 101 102 103,41814.0,False
base,active,,1720952.0,1721049.0,40,-1.0,
base,active,,1720952.0,1721169.0,41 42 43 44 45 46 47 48 49 50 51 52 53 54 55 56 57 58 59 60 61 62 63 64 65 66 67 68 69 70 71,-1.0,
base,active,,1720952.0,1722162.0,72 73 74 75 76 77 78 79,-1.0,
base,active,,1720952.0,1722662.0,80 81 82 83 84 85 86 87 88 89 90 91 92 93 94 95 96 97 98 99 100 101 102 103,-1.0,
base,active,1721049.0,1721049.0,1721062.0,40,41825.0,False
base,active,,1721062.0,1721169.0,40,-1.0,
base,active,1721169.0,1721169.0,1721358.0,40 41 42 43 44 45 46 47 48 49 50 51 52 53 54 55 56 57 58 59 60 61 62 63 64 65 66 67 68 69 70 71,41826.0,False
base,active,,1721358.0,1721463.0,40 41 42 43 44 45 46 47 48 49 50 51 52 53 54 55 56 57 58 59 60 61 62 63 64 65 66 67 68 69 70 71,-1.0,
base,active,1721463.0,1721463.0,1726227.0,40 41 42 43 44 45 46 47 48 49 50 51 52 53 54 55 56 57 58 59 60 61 62 63 64 65 66 67 68 69 70 71,41827.0,False
base,active,1722162.0,1722162.0,1722221.0,72 73 74 75 76 77 78 79,41832.0,False
base,active,,1722221.0,1722662.0,72 73 74 75 76 77 78 79,-1.0,
base,active,1722662.0,1722662.0,1722887.0,72 73 74 75 76 77 78 79 80 81 82 83 84 85 86 87 88 89 90 91 92 93 94 95 96 97 98 99 100 101 102 103,41835.0,False
base,active,1722831.0,1722887.0,1722925.0,72 73 74 75 76 77 78 79,41837.0,False
base,active,,1722887.0,1726487.0,80 81 82 83 84 85 86 87 88 89 90 91 92 93 94 95 96 97 98 99 100 101 102 103,-1.0,
base,active,,1722925.0,1723331.0,72 73 74 75 76 77 78 79,-1.0,
base,active,1723331.0,1723331.0,1723355.0,72 73 74 75 76 77 78 79,41838.0,False
base,active,,1723355.0,1726187.0,72,-1.0,
base,active,,1723355.0,1726571.0,73,-1.0,
base,active,,1723355.0,1726646.0,74 75,-1.0,
base,active,,1723355.0,1726763.0,76 77 78 79,-1.0,
base,active,1726187.0,1726187.0,1726203.0,72,41852.0,False
base,active,,1726203.0,1726463.0,72,-1.0,
base,active,,1726227.0,1726391.0,40 41 42 43 44 45 46 47 48 49 50 51 52 53 54 55 56 57 58 59 60 61 62 63 64 65 66 67 68 69 70 71,-1.0,
base,active,1726391.0,1726391.0,1726655.0,40 41 42 43 44 45 46 47 48 49 50 51 52 53 54 55 56 57 58 59 60 61 62 63 64 65 66 67 68 69 70 71,41853.0,False
base,active,1726463.0,1726463.0,1726543.0,72,41854.0,False
base,switching_off,,1726487.0,1728287.0,80 81 82 83 84 85 86 87 88 89 90 91 92 93 94 95 96 97 98 99 100 101 102 103,-2.0,
base,active,,1726543.0,1726571.0,72,-1.0,
base,active,1726571.0,1726571.0,1726634.0,72 73,41856.0,False
base,active,,1726634.0,1726646.0,72 73,-1.0,
base,active,1726646.0,1726646.0,1726751.0,72 73 74 75,41857.0,False
base,active,,1726655.0,1726738.0,40 41 42 43 44 45 46 47 48 49 50 51 52 53 54 55 56 57 58 59 60 61 62 63 64 65 66 67 68 69 70 71,-1.0,
base,active,1726738.0,1726738.0,1727755.0,40 41 42 43 44 45 46 47 48 49 50 51 52 53 54 55 56 57 58 59 60 61 62 63 64 65 66 67 68 69 70 71,41858.0,False
base,active,,1726751.0,1726763.0,72 73 74 75,-1.0,
base,active,1726763.0,1726763.0,1726873.0,72 73 74 75 76 77 78 79,41859.0,False
base,active,,1726873.0,1727285.0,72,-1.0,
base,active,,1726873.0,1727303.0,73 74 75,-1.0,
base,active,,1726873.0,1727366.0,76 77 78 79,-1.0,
base,active,1727285.0,1727285.0,1727294.0,72,41862.0,False
base,active,,1727294.0,1727303.0,72,-1.0,
base,active,1727303.0,1727303.0,1727422.0,72 73 74 75,41863.0,False
base,active,1727366.0,1727366.0,1727400.0,76 77 78 79,41864.0,False
base,active,,1727400.0,1727420.0,76,-1.0,
base,active,,1727400.0,1727601.0,77 78 79,-1.0,
base,active,1727420.0,1727420.0,1727447.0,76,41865.0,False
base,active,,1727422.0,1727463.0,72 73,-1.0,
base,active,,1727422.0,1727505.0,74 75,-1.0,
base,active,,1727447.0,1727546.0,76,-1.0,
base,active,1727463.0,1727463.0,1727492.0,72 73,41866.0,False
base,active,,1727492.0,1727505.0,72 73,-1.0,
base,active,1727505.0,1727505.0,1727601.0,72 73 74 75,41867.0,False
base,active,1727546.0,1727546.0,1727558.0,76,41869.0,False
base,active,,1727558.0,1727601.0,76,-1.0,
base,active,1727536.0,1727601.0,1727719.0,72 73 74 75 76 77 78 79,41868.0,False
base,active,1727616.0,1727719.0,1727799.0,72 73 74 75 76 77 78 79,41870.0,False
base,active,1727714.0,1727755.0,1727842.0,56 57 58 59 60 61 62 63 64 65 66 67 68 69 70 71,41871.0,False
base,active,1726884.0,1727755.0,1727845.0,40 41 42 43 44 45 46 47 48 49 50 51 52 53 54 55,41860.0,False
base,active,,1727799.0,1729746.0,72 73 74 75,-1.0,
base,active,,1727799.0,1729859.0,76 77 78 79,-1.0,
base,active,,1727842.0,1727845.0,56 57 58 59 60 61 62 63 64 65 66 67 68 69 70 71,-1.0,
base,active,1726990.0,1727845.0,1727955.0,40 41 42 43 44 45 46 47 48 49 50 51 52 53 54 55 56 57 58 59 60 61 62 63 64 65 66 67 68 69 70 71,41861.0,False
base,active,1727812.0,1727955.0,1728070.0,40 41 42 43 44 45 46 47 48 49 50 51 52 53 54 55 56 57 58 59 60 61 62 63 64 65 66 67 68 69 70 71,41872.0,False
base,active,,1728070.0,1728714.0,40,-1.0,
base,active,,1728070.0,1728753.0,41,-1.0,
base,active,,1728070.0,1728795.0,42 43,-1.0,
base,active,,1728070.0,1728896.0,44 45 46 47,-1.0,
base,active,,1728070.0,1728991.0,48 49 50 51 52 53 54 55,-1.0,
base,active,,1728070.0,1729113.0,56 57 58 59 60 61 62 63 64 65 66 67 68 69 70 71,-1.0,
base,sleeping,,1728287.0,1730255.0,80 81 82 83 84 85 86 87 88 89 90 91 92 93 94 95 96 97 98 99 100 101 102 103,-4.0,
base,active,1728714.0,1728714.0,1728740.0,40,41873.0,False
base,active,,1728740.0,1728753.0,40,-1.0,
base,active,1728753.0,1728753.0,1728785.0,40 41,41874.0,False
base,active,,1728785.0,1728795.0,40 41,-1.0,
base,active,1728795.0,1728795.0,1728884.0,40 41 42 43,41875.0,False
base,active,,1728884.0,1728896.0,40 41 42 43,-1.0,
base,active,1728896.0,1728896.0,1728972.0,40 41 42 43 44 45 46 47,41876.0,False
base,active,,1728972.0,1728991.0,40 41 42 43 44 45 46 47,-1.0,
base,active,1728991.0,1728991.0,1729099.0,40 41 42 43 44 45 46 47 48 49 50 51 52 53 54 55,41877.0,False
base,active,,1729099.0,1729113.0,40 41 42 43 44 45 46 47 48 49 50 51 52 53 54 55,-1.0,
base,active,1729113.0,1729113.0,1729245.0,40 41 42 43 44 45 46 47 48 49 50 51 52 53 54 55 56 57 58 59 60 61 62 63 64 65 66 67 68 69 70 71,41878.0,False
base,active,1729234.0,1729245.0,1729614.0,40 41 42 43 44 45 46 47 48 49 50 51 52 53 54 55 56 57 58 59 60 61 62 63 64 65 66 67 68 69 70 71,41879.0,False
base,active,,1729614.0,1729645.0,40 41 42 43 44 45 46 47 48 49 50 51 52 53 54 55 56 57 58 59 60 61 62 63 64 65 66 67 68 69 70 71,-1.0,
base,active,1729645.0,1729645.0,1730048.0,40 41 42 43 44 45 46 47 48 49 50 51 52 53 54 55 56 57 58 59 60 61 62 63 64 65 66 67 68 69 70 71,41880.0,False
base,active,1729746.0,1729746.0,1729853.0,72 73 74 75,41881.0,False
base,active,,1729853.0,1729859.0,72 73 74 75,-1.0,
base,active,1729859.0,1729859.0,1729950.0,72 73 74 75 76 77 78 79,41882.0,False
base,active,,1729950.0,1730851.0,72,-1.0,
base,active,,1729950.0,1730908.0,73,-1.0,
base,active,,1729950.0,1730998.0,74 75,-1.0,
base,active,,1729950.0,1731152.0,76 77 78 79,-1.0,
base,active,1730030.0,1730048.0,1730267.0,40 41 42 43 44 45 46 47 48 49 50 51 52 53 54 55 56 57 58 59 60 61 62 63 64 65 66 67 68 69 70 71,41883.0,False
base,switching_on,,1730255.0,1732955.0,80 81 82 83 84 85 86 87 88 89 90 91 92 93 94 95 96 97 98 99 100 101 102 103,-3.0,
base,active,,1730267.0,1730488.0,40 41 42 43 44 45 46 47 48 49 50 51 52 53 54 55,-1.0,
base,active,,1730267.0,1730505.0,56 57 58 59 60 61 62 63,-1.0,
base,active,,1730267.0,1730851.0,64 65 66 67 68 69 70 71,-1.0,
base,active,1730488.0,1730488.0,1730666.0,40 41 42 43 44 45 46 47 48 49 50 51 52 53 54 55,41885.0,False
base,active,1730505.0,1730505.0,1730851.0,56 57 58 59 60 61 62 63,41886.0,False
base,active,,1730666.0,1730839.0,40,-1.0,
base,active,,1730666.0,1730851.0,41 42 43 44 45 46 47 48 49 50 51 52 53 54 55,-1.0,
base,active,1730839.0,1730839.0,1730893.0,40,41887.0,False
base,active,1730848.0,1730851.0,1731206.0,41 42 43 44 45 46 47 48 49 50 51 52 53 54 55 56 57 58 59 60 61 62 63 64 65 66 67 68 69 70 71 72,41888.0,False
base,active,,1730893.0,1730908.0,40,-1.0,
base,active,1730908.0,1730908.0,1730971.0,40 73,41889.0,False
base,active,,1730971.0,1730998.0,40 73,-1.0,
base,active,1730998.0,1730998.0,1731130.0,40 73 74 75,41890.0,False
base,active,,1731130.0,1731152.0,40 73 74 75,-1.0,
base,active,1731152.0,1731152.0,1731235.0,40 73 74 75 76 77 78 79,41891.0,False
base,active,,1731206.0,1731244.0,41 42 43 44 45 46 47 48 49 50 51 52 53 54 55,-1.0,
base,active,,1731206.0,1731336.0,56 57 58 59 60 61 62 63 64 65 66 67 68 69 70 71,-1.0,
base,active,,1731206.0,1731771.0,72,-1.0,
base,active,,1731235.0,1731244.0,40,-1.0,
base,active,,1731235.0,1731771.0,73 74 75,-1.0,
base,active,,1731235.0,1732172.0,76 77 78 79,-1.0,
base,active,1731244.0,1731244.0,1731336.0,40 41 42 43 44 45 46 47 48 49 50 51 52 53 54 55,41892.0,False
base,active,1731251.0,1731336.0,1731762.0,40 41 42 43 44 45 46 47 48 49 50 51 52 53 54 55 56 57 58 59 60 61 62 63 64 65 66 67 68 69 70 71,41893.0,False
base,active,1731353.0,1731762.0,1731867.0,40 41 42 43 44 45 46 47 48 49 50 51 52 53 54 55 56 57 58 59 60 61 62 63 64 65 66 67 68 69 70 71,41894.0,False
base,active,1731771.0,1731771.0,1731799.0,72 73 74 75,41895.0,False
base,active,,1731799.0,1732025.0,72 73 74 75,-1.0,
base,active,,1731867.0,1731982.0,40 41 42 43 44 45 46 47 48 49 50 51 52 53 54 55 56 57 58 59 60 61 62 63 64 65 66 67 68 69 70 71,-1.0,
base,active,1731982.0,1731982.0,1732550.0,40 41 42 43 44 45 46 47 48 49 50 51 52 53 54 55 56 57 58 59 60 61 62 63 64 65 66 67 68 69 70 71,41896.0,False
base,active,1732025.0,1732025.0,1732160.0,72 73 74 75,41897.0,False
base,active,,1732160.0,1732172.0,72 73 74 75,-1.0,
base,active,1732172.0,1732172.0,1732398.0,72 73 74 75 76 77 78 79,41898.0,False
base,active,1732387.0,1732398.0,1732426.0,72,41899.0,False
base,active,,1732398.0,1732435.0,73,-1.0,
base,active,,1732398.0,1732473.0,74 75,-1.0,
base,active,,1732398.0,1732643.0,76 77 78 79,-1.0,
base,active,,1732426.0,1732435.0,72,-1.0,
base,active,1732435.0,1732435.0,1732462.0,72 73,41900.0,False
base,active,,1732462.0,1732473.0,72 73,-1.0,
base,active,1732473.0,1732473.0,1732567.0,72 73 74 75,41901.0,False
base,active,,1732550.0,1732552.0,40,-1.0,
base,active,,1732550.0,1732582.0,41 42 43 44 45 46 47 48,-1.0,
base,active,,1732550.0,1732643.0,49 50 51 52 53 54 55 56 57 58 59 60 61 62 63 64 65 66 67 68 69 70 71,-1.0,
base,active,1732552.0,1732552.0,1732568.0,40,41902.0,False
base,active,,1732567.0,1732643.0,72 73 74 75,-1.0,
base,active,,1732568.0,1732571.0,40,-1.0,
base,active,1732571.0,1732571.0,1732584.0,40,41903.0,False
base,active,1732582.0,1732582.0,1732671.0,41 42 43 44 45 46 47 48,41904.0,False
base,active,,1732584.0,1732643.0,40,-1.0,
base,active,1732643.0,1732643.0,1739508.0,40 49 50 51 52 53 54 55 56 57 58 59 60 61 62 63 64 65 66 67 68 69 70 71 72 73 74 75 76 77 78 79,41905.0,False
base,active,,1732671.0,1732955.0,41 42 43 44 45 46 47 48,-1.0,
base,active,1732684.0,1732955.0,1733079.0,41 42 43 44 45 46 47 48 80 81 82 83 84 85 86 87,41906.0,False
base,active,,1732955.0,1733079.0,88 89 90 91 92 93 94 95 96 97 98 99 100 101 102 103,-1.0,
base,active,1732824.0,1733079.0,1733108.0,41 42 43 44 45 46 47 48 80 81 82 83 84 85 86 87 88 89 90 91 92 93 94 95 96 97 98 99 100 101 102 103,41907.0,False
base,active,1732912.0,1733108.0,1733140.0,41 42 43 44 45 46 47 48 80 81 82 83 84 85 86 87 88 89 90 91 92 93 94 95 96 97 98 99 100 101 102 103,41908.0,False
base,active,1733033.0,1733140.0,1733243.0,41 42 43 44 45 46 47 48 80 81 82 83 84 85 86 87 88 89 90 91 92 93 94 95 96 97 98 99 100 101 102 103,41909.0,False
base,active,,1733243.0,1733391.0,41 42 43 44 45 46 47 48,-1.0,
base,active,,1733243.0,1733395.0,80,-1.0,
base,active,,1733243.0,1733466.0,81,-1.0,
base,active,,1733243.0,1733770.0,82 83 84 85 86 87,-1.0,
base,active,,1733243.0,1733837.0,88 89 90 91 92 93 94 95 96 97 98 99 100 101 102 103,-1.0,
base,active,1733391.0,1733391.0,1733509.0,41 42 43 44 45 46 47 48,41910.0,False
base,active,1733395.0,1733395.0,1733449.0,80,41911.0,False
base,active,,1733449.0,1733466.0,80,-1.0,
base,active,1733466.0,1733466.0,1733472.0,80 81,41912.0,False
base,active,,1733472.0,1733770.0,80 81,-1.0,
base,active,,1733509.0,1733549.0,41,-1.0,
base,active,,1733509.0,1733617.0,42,-1.0,
base,active,,1733509.0,1733668.0,43 44,-1.0,
base,active,,1733509.0,1733721.0,45 46 47 48,-1.0,
base,active,1733549.0,1733549.0,1733606.0,41,41913.0,False
base,active,,1733606.0,1733617.0,41,-1.0,
base,active,1733617.0,1733617.0,1733657.0,41 42,41914.0,False
base,active,,1733657.0,1733668.0,41 42,-1.0,
base,active,1733668.0,1733668.0,1733711.0,41 42 43 44,41915.0,False
base,active,,1733711.0,1733721.0,41 42 43 44,-1.0,
base,active,1733721.0,1733721.0,1733759.0,41 42 43 44 45 46 47 48,41916.0,False
base,active,,1733759.0,1733770.0,41 42 43 44 45 46 47 48,-1.0,
base,active,1733770.0,1733770.0,1733822.0,41 42 43 44 45 46 47 48 80 81 82 83 84 85 86 87,41917.0,False
base,active,,1733822.0,1733837.0,41 42 43 44 45 46 47 48 80 81 82 83 84 85 86 87,-1.0,
base,active,1733837.0,1733837.0,1733927.0,41 42 43 44 45 46 47 48 80 81 82 83 84 85 86 87 88 89 90 91 92 93 94 95 96 97 98 99 100 101 102 103,41918.0,False
base,active,,1733927.0,1734187.0,41,-1.0,
base,active,,1733927.0,1734242.0,42 43 44 45 46 47 48 80 81 82 83 84 85 86 87 88 89 90 91 92 93 94 95 96 97 98 99 100 101 102 103,-1.0,
base,active,1734187.0,1734187.0,1734242.0,41,41919.0,False
base,active,1734192.0,1734242.0,1734285.0,41 42 43 44 45 46 47 48 80 81 82 83 84 85 86 87 88 89 90 91 92 93 94 95 96 97 98 99 100 101 102 103,41920.0,False
base,active,,1734285.0,1734756.0,41,-1.0,
base,active,,1734285.0,1735265.0,42 43 44 45 46 47 48 80 81 82 83 84 85 86 87 88 89 90 91 92 93 94 95 96 97 98 99 100 101 102 103,-1.0,
base,active,1734756.0,1734756.0,1735265.0,41,41921.0,False
base,active,1734911.0,1735265.0,1735301.0,41 42 43 44 45 46 47 48 80 81 82 83 84 85 86 87 88 89 90 91 92 93 94 95 96 97 98 99 100 101 102 103,41922.0,False
base,active,,1735301.0,1735336.0,41,-1.0,
base,active,,1735301.0,1735415.0,42,-1.0,
base,active,,1735301.0,1735582.0,43 44,-1.0,
base,active,,1735301.0,1736370.0,45,-1.0,
base,active,,1735301.0,1736406.0,46,-1.0,
base,active,,1735301.0,1736473.0,47 48 80 81,-1.0,
base,active,,1735301.0,1736567.0,82 83,-1.0,
base,active,,1735301.0,1736650.0,84 85 86 87 88 89 90 91,-1.0,
base,active,,1735301.0,1736822.0,92 93 94 95 96 97 98 99 100 101 102 103,-1.0,
base,active,1735336.0,1735336.0,1735406.0,41,41923.0,False
base,active,,1735406.0,1735415.0,41,-1.0,
base,active,1735415.0,1735415.0,1735572.0,41 42,41924.0,False
base,active,,1735572.0,1735582.0,41 42,-1.0,
base,active,1735582.0,1735582.0,1735613.0,41 42 43 44,41925.0,False
base,active,,1735613.0,1735796.0,41,-1.0,
base,active,,1735613.0,1736370.0,42 43 44,-1.0,
base,active,1735796.0,1735796.0,1735816.0,41,41926.0,False
base,active,,1735816.0,1736301.0,41,-1.0,
base,active,1736301.0,1736301.0,1736389.0,41,41927.0,False
base,active,1736370.0,1736370.0,1736483.0,42 43 44 45,41928.0,False
base,active,,1736389.0,1736406.0,41,-1.0,
base,active,1736406.0,1736406.0,1736486.0,41 46,41929.0,False
base,active,1736473.0,1736473.0,1736822.0,47 48 80 81,41930.0,False
base,active,,1736483.0,1736495.0,42 43 44,-1.0,
base,active,,1736483.0,1736567.0,45,-1.0,
base,active,,1736486.0,1736495.0,41,-1.0,
base,active,,1736486.0,1736567.0,46,-1.0,
base,active,1736495.0,1736495.0,1736551.0,41 42 43 44,41931.0,False
base,active,,1736551.0,1736567.0,41 42 43 44,-1.0,
base,active,1736567.0,1736567.0,1736633.0,41 42 43 44 45 46 82 83,41932.0,False
base,active,,1736633.0,1736650.0,41 42 43 44 45 46 82 83,-1.0,
base,active,1736650.0,1736650.0,1736715.0,41 42 43 44 45 46 82 83 84 85 86 87 88 89 90 91,41933.0,False
base,active,,1736715.0,1736822.0,41 42 43 44 45 46 82 83 84 85 86 87 88 89 90 91,-1.0,
base,active,1736731.0,1736822.0,1736922.0,41 42 43 44 45 46 47 48 80 81 82 83 84 85 86 87 88 89 90 91 92 93 94 95 96 97 98 99 100 101 102 103,41934.0,False
base,active,,1736922.0,1737072.0,41,-1.0,
base,active,,1736922.0,1737409.0,42,-1.0,
base,active,,1736922.0,1737510.0,43 44,-1.0,
base,active,,1736922.0,1737579.0,45 46 47 48,-1.0,
base,active,,1736922.0,1737655.0,80 81 82 83 84 85 86 87,-1.0,
base,active,,1736922.0,1737742.0,88 89 90 91 92 93 94 95 96 97 98 99 100 101 102 103,-1.0,
base,active,1737072.0,1737072.0,1737154.0,41,41935.0,False
base,active,,1737154.0,1737408.0,41,-1.0,
base,active,1737408.0,1737408.0,1737429.0,41,41936.0,False
base,active,1737409.0,1737409.0,1737436.0,42,41937.0,False
base,active,,1737429.0,1737446.0,41,-1.0,
base,active,,1737436.0,1737446.0,42,-1.0,
base,active,1737446.0,1737446.0,1737499.0,41 42,41938.0,False
base,active,,1737499.0,1737510.0,41 42,-1.0,
base,active,1737510.0,1737510.0,1737569.0,41 42 43 44,41939.0,False
base,active,,1737569.0,1737579.0,41 42 43 44,-1.0,
base,active,1737579.0,1737579.0,1737641.0,41 42 43 44 45 46 47 48,41940.0,False
base,active,,1737641.0,1737655.0,41 42 43 44 45 46 47 48,-1.0,
base,active,1737655.0,1737655.0,1737723.0,41 42 43 44 45 46 47 48 80 81 82 83 84 85 86 87,41941.0,False
base,active,,1737723.0,1737742.0,41 42 43 44 45 46 47 48 80 81 82 83 84 85 86 87,-1.0,
base,active,1737742.0,1737742.0,1737778.0,41 42 43 44 45 46 47 48 80 81 82 83 84 85 86 87 88 89 90 91 92 93 94 95 96 97 98 99 100 101 102 103,41942.0,False
base,active,,1737778.0,1738480.0,41,-1.0,
base,active,,1737778.0,1738972.0,42,-1.0,
base,active,,1737778.0,1739034.0,43 44,-1.0,
base,active,,1737778.0,1739096.0,45 46 47 48,-1.0,
base,active,,1737778.0,1739157.0,80 81 82 83 84 85 86 87,-1.0,
base,active,,1737778.0,1739236.0,88 89 90 91 92 93 94 95 96 97 98 99 100 101 102 103,-1.0,
base,active,1738480.0,1738480.0,1738500.0,41,41943.0,False
base,active,,1738500.0,1738591.0,41,-1.0,
base,active,1738591.0,1738591.0,1738612.0,41,41944.0,False
base,active,,1738612.0,1738733.0,41,-1.0,
base,active,1738733.0,1738733.0,1738765.0,41,41945.0,False
base,active,,1738765.0,1738927.0,41,-1.0,
base,active,1738927.0,1738927.0,1738956.0,41,41946.0,False
base,active,,1738956.0,1738972.0,41,-1.0,
base,active,1738972.0,1738972.0,1739018.0,41 42,41947.0,False
base,active,,1739018.0,1739034.0,41 42,-1.0,
base,active,1739034.0,1739034.0,1739085.0,41 42 43 44,41948.0,False
base,active,,1739085.0,1739096.0,41 42 43 44,-1.0,
base,active,1739096.0,1739096.0,1739147.0,41 42 43 44 45 46 47 48,41949.0,False
base,active,,1739147.0,1739157.0,41 42 43 44 45 46 47 48,-1.0,
base,active,1739157.0,1739157.0,1739225.0,41 42 43 44 45 46 47 48 80 81 82 83 84 85 86 87,41950.0,False
base,active,,1739225.0,1739236.0,41 42 43 44 45 46 47 48 80 81 82 83 84 85 86 87,-1.0,
base,active,1739236.0,1739236.0,1739331.0,41 42 43 44 45 46 47 48 80 81 82 83 84 85 86 87 88 89 90 91 92 93 94 95 96 97 98 99 100 101 102 103,41951.0,False
base,active,,1739331.0,1739508.0,41 42 43 44 45 46 47 48 80 81 82 83 84 85 86 87 88 89 90 91 92 93 94 95 96 97 98 99 100 101 102 103,-1.0,
base,active,1730255.0,1739508.0,1739670.0,40 41 42 43 44 45 46 47 48 49 50 51 52 53 54 55 56 57 58 59 60 61 62 63 64 65 66 67 68 69 70 71 72 73 74 75 76 77 78 79 80 81 82 83 84 85 86 87 88 89 90 91 92 93 94 95 96 97 98 99 100 101 102 103,41884.0,False
base,active,1739510.0,1739670.0,1739684.0,40,41952.0,False
base,active,,1739670.0,1739976.0,41 42 43 44 45 46 47 48 49 50 51 52 53 54 55 56 57 58 59 60 61 62 63 64 65 66 67 68 69 70 71 72,-1.0,
base,active,,1739670.0,1740034.0,73,-1.0,
base,active,,1739670.0,1740116.0,74 75,-1.0,
base,active,,1739670.0,1740167.0,76 77 78 79,-1.0,
base,active,,1739670.0,1740222.0,80 81 82 83 84 85 86 87,-1.0,
base,active,,1739670.0,1740295.0,88 89 90 91 92 93 94 95 96 97 98 99 100 101 102 103,-1.0,
base,active,,1739684.0,1739966.0,40,-1.0,
base,active,1739966.0,1739966.0,1740020.0,40,41953.0,False
base,active,1739976.0,1739976.0,1741268.0,41 42 43 44 45 46 47 48 49 50 51 52 53 54 55 56 57 58 59 60 61 62 63 64 65 66 67 68 69 70 71 72,41954.0,False
base,active,,1740020.0,1740034.0,40,-1.0,
base,active,1740034.0,1740034.0,1740097.0,40 73,41955.0,False
base,active,,1740097.0,1740116.0,40 73,-1.0,
base,active,1740116.0,1740116.0,1740152.0,40 73 74 75,41956.0,False
base,active,,1740152.0,1740167.0,40 73 74 75,-1.0,
base,active,1740167.0,1740167.0,1740210.0,40 73 74 75 76 77 78 79,41957.0,False
base,active,,1740210.0,1740222.0,40 73 74 75 76 77 78 79,-1.0,
base,active,1740222.0,1740222.0,1740282.0,40 73 74 75 76 77 78 79 80 81 82 83 84 85 86 87,41958.0,False
base,active,,1740282.0,1740295.0,40 73 74 75 76 77 78 79 80 81 82 83 84 85 86 87,-1.0,
base,active,1740295.0,1740295.0,1740383.0,40 73 74 75 76 77 78 79 80 81 82 83 84 85 86 87 88 89 90 91 92 93 94 95 96 97 98 99 100 101 102 103,41959.0,False
base,active,1740373.0,1740383.0,1740394.0,40,41960.0,False
base,active,,1740383.0,1741024.0,73 74 75 76 77 78 79 80 81 82 83 84 85 86 87 88 89 90 91 92 93 94 95 96 97 98 99 100 101 102 103,-1.0,
base,active,,1740394.0,1740960.0,40,-1.0,
base,active,1740960.0,1740960.0,1741001.0,40,41961.0,False
base,active,,1741001.0,1741024.0,40,-1.0,
base,active,1741024.0,1741024.0,1741111.0,40 73 74 75 76 77 78 79 80 81 82 83 84 85 86 87 88 89 90 91 92 93 94 95 96 97 98 99 100 101 102 103,41962.0,False
base,active,1741026.0,1741111.0,1741113.0,40 73,41963.0,False
base,active,1741094.0,1741111.0,1741116.0,78 79 80 81,41965.0,False
base,active,,1741111.0,1741120.0,82 83 84 85 86 87 88 89 90 91,-1.0,
base,active,1741087.0,1741111.0,1741134.0,74 75 76 77,41964.0,False
base,active,,1741111.0,1741223.0,92 93 94 95 96 97 98 99 100 101 102 103,-1.0,
base,active,,1741113.0,1741120.0,40 73,-1.0,
base,active,,1741116.0,1741120.0,78 79 80 81,-1.0,
base,active,1741120.0,1741120.0,1741206.0,40 73 78 79 80 81 82 83 84 85 86 87 88 89 90 91,41966.0,False
base,active,,1741134.0,1741223.0,74 75 76 77,-1.0,
base,active,,1741206.0,1741223.0,40 73 78 79 80 81 82 83 84 85 86 87 88 89 90 91,-1.0,
base,active,1741223.0,1741223.0,1741359.0,40 73 74 75 76 77 78 79 80 81 82 83 84 85 86 87 88 89 90 91 92 93 94 95 96 97 98 99 100 101 102 103,41967.0,False
base,active,,1741268.0,1741270.0,41,-1.0,
base,active,,1741268.0,1741413.0,42 43 44 45 46 47 48 49 50 51 52 53 54 55 56 57 58 59 60 61 62 63 64 65 66 67 68 69 70 71 72,-1.0,
base,active,1741270.0,1741270.0,1741288.0,41,41968.0,False
base,active,,1741288.0,1741410.0,41,-1.0,
base,active,,1741359.0,1741410.0,40,-1.0,
base,active,,1741359.0,1741413.0,73,-1.0,
base,active,,1741359.0,1741421.0,74,-1.0,
base,active,,1741359.0,1741488.0,75,-1.0,
base,active,,1741359.0,1741506.0,76 77 78 79,-1.0,
base,active,,1741359.0,1741532.0,80 81 82 83,-1.0,
base,active,,1741359.0,1742086.0,84 85 86 87 88 89 90 91 92 93 94 95 96 97 98 99,-1.0,
base,active,,1741359.0,1742137.0,100 101 102 103,-1.0,
base,active,1741410.0,1741410.0,1741436.0,40 41,41969.0,False
base,active,1741413.0,1741413.0,1750595.0,42 43 44 45 46 47 48 49 50 51 52 53 54 55 56 57 58 59 60 61 62 63 64 65 66 67 68 69 70 71 72 73,41970.0,False
base,active,1741421.0,1741421.0,1741457.0,74,41971.0,False
base,active,,1741436.0,1741488.0,40 41,-1.0,
base,active,,1741457.0,1741488.0,74,-1.0,
base,active,1741488.0,1741488.0,1741520.0,40 41 74 75,41972.0,False
base,active,1741506.0,1741506.0,1750896.0,76 77 78 79,41973.0,False
base,active,,1741520.0,1741532.0,40 41 74 75,-1.0,
base,active,1741532.0,1741532.0,1741558.0,40 41 74 75 80 81 82 83,41974.0,False
base,active,,1741558.0,1741612.0,40 41 74 75 80 81 82 83,-1.0,
base,active,1741612.0,1741612.0,1741633.0,40 41 74 75 80 81 82 83,41975.0,False
base,active,,1741633.0,1741745.0,40 41 74 75,-1.0,
base,active,,1741633.0,1742086.0,80 81 82 83,-1.0,
base,active,1741745.0,1741745.0,1741766.0,40 41 74 75,41977.0,False
base,active,,1741766.0,1742086.0,40 41 74 75,-1.0,
base,active,1741654.0,1742086.0,1742273.0,0 1 2 3 4 5 6 7 40 41 74 75 80 81 82 83 84 85 86 87 88 89 90 91 92 93 94 95 96 97 98 99,41976.0,False
base,active,1742137.0,1742137.0,1742159.0,100 101 102 103,41981.0,False
base,active,,1742159.0,1742274.0,100 101 102 103,-1.0,
base,active,1741876.0,1742273.0,1742403.0,0 1 2 3 4 5 6 7 40 41 74 75 80 81 82 83 84 85 86 87 88 89 90 91 92 93 94 95 96 97 98 99,41978.0,False
base,active,1742274.0,1742274.0,1742295.0,100 101 102 103,41982.0,False
base,active,,1742295.0,1742879.0,100 101 102 103,-1.0,
base,active,1742313.0,1742403.0,1742425.0,0 1 2 3 4 5 6 7 40 41 74 75 80 81 82 83,41983.0,False
base,active,,1742403.0,1742425.0,84 85 86 87 88 89 90 91 92 93 94 95 96 97 98 99,-1.0,
base,active,1742027.0,1742425.0,1742513.0,0 1 2 3 4 5 6 7 40 41 74 75 80 81 82 83 84 85 86 87 88 89 90 91 92 93 94 95 96 97 98 99,41979.0,False
base,active,1742097.0,1742513.0,1752587.0,0 1 2 3 4 5 6 7 40 41 74 75 80 81 82 83 84 85 86 87 88 89 90 91 92 93 94 95 96 97 98 99,41980.0,False
base,active,1742879.0,1742879.0,1745760.0,100 101 102 103,41984.0,False
base,active,1743315.0,1744774.0,1744789.0,8,41988.0,False
base,active,1743411.0,1744774.0,1744789.0,9,41989.0,False
base,active,1744441.0,1744774.0,1744811.0,22 23 24 25 26 27 28 29,41991.0,False
base,active,1743221.0,1744774.0,1744839.0,12 13,41987.0,False
base,active,1743186.0,1744774.0,1744871.0,10 11,41986.0,False
base,active,1743878.0,1744774.0,1745285.0,14 15 16 17 18 19 20 21,41990.0,False
base,active,1744496.0,1744774.0,1745917.0,30 31 32 33 34 35 36 37,41992.0,False
base,active,,1744774.0,1745917.0,38 39,-1.0,
base,active,,1744789.0,1745742.0,8,-1.0,
base,active,,1744789.0,1745917.0,9,-1.0,
base,active,,1744811.0,1745917.0,22 23 24 25 26 27 28 29,-1.0,
base,active,,1744839.0,1745917.0,12 13,-1.0,
base,active,,1744871.0,1745917.0,10 11,-1.0,
base,active,,1745285.0,1745917.0,14 15 16 17 18 19 20 21,-1.0,
base,active,1745742.0,1745742.0,1745766.0,8,41994.0,False
base,active,,1745760.0,1749360.0,100 101 102 103,-1.0,
base,active,,1745766.0,1745917.0,8,-1.0,
base,active,1742937.0,1745917.0,1745947.0,8 9 10 11 12 13 14 15 16 17 18 19 20 21 22 23 24 25 26 27 28 29 30 31 32 33 34 35 36 37 38 39,41985.0,False
base,active,1745935.0,1745947.0,1746690.0,8 9 10 11 12 13 14 15,41995.0,False
base,active,,1745947.0,1746690.0,16 17 18 19 20 21 22 23 24 25 26 27 28 29 30 31 32 33 34 35 36 37 38 39,-1.0,
base,active,1745397.0,1746690.0,1746721.0,8 9 10 11 12 13 14 15 16 17 18 19 20 21 22 23 24 25 26 27 28 29 30 31 32 33 34 35 36 37 38 39,41993.0,False
base,active,1746558.0,1746721.0,1746757.0,8 9 10 11 12 13 14 15 16 17 18 19 20 21 22 23 24 25 26 27 28 29 30 31 32 33 34 35 36 37 38 39,41996.0,False
base,active,,1746757.0,1746775.0,8 9 10 11 12 13 14 15,-1.0,
base,active,,1746757.0,1746966.0,16 17 18 19 20 21 22 23 24 25 26 27 28 29 30 31 32 33 34 35 36 37 38 39,-1.0,
base,active,1746775.0,1746775.0,1746950.0,8 9 10 11 12 13 14 15,41997.0,False
base,active,,1746950.0,1746966.0,8 9 10 11 12 13 14 15,-1.0,
base,active,1746966.0,1746966.0,1747010.0,8 9 10 11 12 13 14 15 16 17 18 19 20 21 22 23 24 25 26 27 28 29 30 31 32 33 34 35 36 37 38 39,41998.0,False
base,active,,1747010.0,1747035.0,16 17 18 19 20 21 22 23,-1.0,
base,active,1746968.0,1747010.0,1747055.0,8 9 10 11 12 13 14 15,41999.0,False
base,active,,1747010.0,1747715.0,24 25 26 27 28 29 30 31 32 33 34 35 36 37 38 39,-1.0,
base,active,1747035.0,1747035.0,1747425.0,16 17 18 19 20 21 22 23,42000.0,False
base,active,,1747055.0,1747715.0,8 9 10 11 12 13 14 15,-1.0,
base,active,,1747425.0,1747715.0,16 17 18 19 20 21 22 23,-1.0,
base,active,1747715.0,1747715.0,1747937.0,8 9 10 11 12 13 14 15 16 17 18 19 20 21 22 23 24 25 26 27 28 29 30 31 32 33 34 35 36 37 38 39,42001.0,False
base,active,,1747937.0,1747947.0,16 17 18 19 20 21 22 23 24 25 26 27 28 29 30 31,-1.0,
base,active,1747895.0,1747937.0,1748066.0,8 9 10 11 12 13 14 15,42002.0,False
base,active,,1747937.0,1750595.0,32 33 34 35 36 37 38 39,-1.0,
base,active,1747947.0,1747947.0,1748129.0,16 17 18 19 20 21 22 23 24 25 26 27 28 29 30 31,42003.0,False
base,active,,1748066.0,1748165.0,8 9 10 11 12 13 14 15,-1.0,
base,active,,1748129.0,1749903.0,16 17 18 19 20 21 22 23,-1.0,
base,active,,1748129.0,1750547.0,24,-1.0,
base,active,,1748129.0,1750595.0,25 26 27 28 29 30 31,-1.0,
base,active,1748165.0,1748165.0,1752044.0,8 9 10 11 12 13 14 15,42004.0,False
base,switching_off,,1749360.0,1751160.0,100 101 102 103,-2.0,
base,active,1749903.0,1749903.0,1759730.0,16 17 18 19 20 21 22 23,42006.0,False
base,active,1750547.0,1750547.0,1750552.0,24,42007.0,False
base,active,,1750552.0,1750595.0,24,-1.0,
base,active,,1750595.0,1751557.0,58 59 60 61,-1.0,
base,active,,1750595.0,1752587.0,62 63 64 65 66 67 68 69 70 71 72 73,-1.0,
base,active,1749875.0,1750595.0,1760450.0,24 25 26 27 28 29 30 31 32 33 34 35 36 37 38 39 42 43 44 45 46 47 48 49 50 51 52 53 54 55 56 57,42005.0,False
base,active,,1750896.0,1752823.0,76,-1.0,
base,active,,1750896.0,1755138.0,77 78 79,-1.0,
base,sleeping,,1751160.0,1752438.0,100 101 102 103,-4.0,
base,active,1751557.0,1751557.0,1760034.0,58 59 60 61,42011.0,False
base,active,,1752044.0,1752175.0,8,-1.0,
base,active,,1752044.0,1752587.0,9 10 11 12 13 14 15,-1.0,
base,active,1752175.0,1752175.0,1752189.0,8,42012.0,False
base,active,,1752189.0,1752587.0,8,-1.0,
base,switching_on,,1752438.0,1755138.0,100 101 102 103 104 105 106 107,-3.0,
base,active,1750616.0,1752587.0,1752618.0,0 1 2 3 4 5 6 7 8 9 10 11 12 13 14 15 40 41 62 63 64 65 66 67 68 69 70 71 72 73 74 75,42008.0,False
base,active,,1752587.0,1755138.0,80 81 82 83 84 85 86 87 88 89 90 91 92 93 94 95 96 97 98 99,-1.0,
base,active,1750883.0,1752618.0,1753035.0,0 1 2 3 4 5 6 7 8 9 10 11 12 13 14 15 40 41 62 63 64 65 66 67 68 69 70 71 72 73 74 75,42009.0,False
base,active,1752823.0,1752823.0,1752840.0,76,42014.0,False
base,active,,1752840.0,1755138.0,76,-1.0,
base,active,1751501.0,1753035.0,1761268.0,0 1 2 3 4 5 6 7 8 9 10 11 12 13 14 15 40 41 62 63 64 65 66 67 68 69 70 71 72 73 74 75,42010.0,False
base,active,1752438.0,1755138.0,1765187.0,76 77 78 79 80 81 82 83 84 85 86 87 88 89 90 91 92 93 94 95 96 97 98 99 100 101 102 103 104 105 106 107,42013.0,False
base,active,,1759730.0,1760450.0,16 17 18 19 20 21 22 23,-1.0,
base,active,,1760034.0,1761268.0,58 59 60 61,-1.0,
base,active,1760036.0,1760450.0,1760512.0,16 17 18 19 20 21 22 23 24 25 26 27 28 29 30 31 32 33 34 35 36 37 38 39 42 43 44 45 46 47 48 49,42016.0,False
base,active,,1760450.0,1761268.0,50 51 52 53 54 55 56 57,-1.0,
base,active,1760400.0,1760512.0,1760575.0,16 17 18 19 20 21 22 23 24 25 26 27 28 29 30 31 32 33 34 35 36 37 38 39 42 43 44 45 46 47 48 49,42017.0,False
base,active,,1760575.0,1760764.0,16 17 18 19 20 21 22 23 24 25 26 27 28 29 30 31 32 33 34 35 36 37 38 39 42 43 44 45 46 47 48 49,-1.0,
base,active,1760764.0,1760764.0,1760823.0,16 17 18 19 20 21 22 23 24 25 26 27 28 29 30 31 32 33 34 35 36 37 38 39 42 43 44 45 46 47 48 49,42018.0,False
base,active,,1760823.0,1761126.0,16 17 18 19 20 21 22 23 24 25 26 27 28 29 30 31 32 33 34 35 36 37 38 39 42 43 44 45 46 47 48 49,-1.0,
base,active,1761126.0,1761126.0,1761187.0,16 17 18 19 20 21 22 23 24 25 26 27 28 29 30 31 32 33 34 35 36 37 38 39 42 43 44 45 46 47 48 49,42019.0,False
base,active,,1761187.0,1761268.0,16 17 18 19 20 21 22 23 24 25 26 27 28 29 30 31 32 33 34 35 36 37 38 39 42 43 44 45 46 47 48 49,-1.0,
base,active,,1761268.0,1762489.0,64,-1.0,
base,active,,1761268.0,1762635.0,65 66 67,-1.0,
base,active,,1761268.0,1764868.0,68 69 70 71 72 73 74 75,-1.0,
base,active,1759737.0,1761268.0,1772201.0,0 1 2 3 4 5 6 7 8 9 10 11 12 13 14 15 16 17 18 19 20 21 22 23 24 25 26 27 28 29 30 31 32 33 34 35 36 37 38 39 40 41 42 43 44 45 46 47 48 49 50 51 52 53 54 55 56 57 58 59 60 61 62 63,42015.0,False
base,switching_on,,1761488.0,1764188.0,108 109 110 111 112 113 114 115 116 117 118 119 120 121 122 123 124 125 126 127,-3.0,
base,active,1762489.0,1762489.0,1762502.0,64,42023.0,False
base,active,,1762502.0,1762635.0,64,-1.0,
base,active,1762635.0,1762635.0,1770678.0,64 65 66 67,42025.0,False
base,active,,1764188.0,1767788.0,108 109 110 111 112 113 114 115 116 117 118 119 120 121 122 123 124 125 126 127,-1.0,
base,switching_off,,1764868.0,1766668.0,68 69 70 71 72 73 74 75,-2.0,
base,active,1761488.0,1765187.0,1765253.0,76 77 78 79 80 81 82 83 84 85 86 87 88 89 90 91 92 93 94 95 96 97 98 99 100 101 102 103 104 105 106 107,42020.0,False
base,active,1761855.0,1765253.0,1765311.0,76 77 78 79 80 81 82 83 84 85 86 87 88 89 90 91 92 93 94 95 96 97 98 99 100 101 102 103 104 105 106 107,42021.0,False
base,active,1762214.0,1765311.0,1765368.0,76 77 78 79 80 81 82 83 84 85 86 87 88 89 90 91 92 93 94 95 96 97 98 99 100 101 102 103 104 105 106 107,42022.0,False
base,active,1762572.0,1765368.0,1773471.0,76 77 78 79 80 81 82 83 84 85 86 87 88 89 90 91 92 93 94 95 96 97 98 99 100 101 102 103 104 105 106 107,42024.0,False
base,sleeping,,1766668.0,1770771.0,68 69 70 71 72 73 74 75,-4.0,
base,switching_off,,1767788.0,1769588.0,108 109 110 111 112 113 114 115 116 117 118 119 120 121 122 123 124 125 126 127,-2.0,
base,sleeping,,1769588.0,1770771.0,108 109 110 111 112 113 114 115 116 117 118 119 120 121 122 123 124 125 126 127,-4.0,
base,active,,1770678.0,1771039.0,64 65 66 67,-1.0,
base,switching_on,,1770771.0,1773471.0,68 69 70 71 72 73 74 75 108 109 110 111 112 113 114 115 116 117 118 119 120 121 122 123 124 125 126 127,-3.0,
base,active,1771039.0,1771039.0,1833620.0,64 65 66 67,42028.0,False
base,active,,1772201.0,1775801.0,32 33 34 35 36 37 38 39 40 41 42 43 44 45 46 47 48 49 50 51 52 53 54 55 56 57 58 59 60 61 62 63,-1.0,
base,active,1770977.0,1772201.0,1834844.0,0 1 2 3 4 5 6 7 8 9 10 11 12 13 14 15 16 17 18 19 20 21 22 23 24 25 26 27 28 29 30 31,42027.0,False
base,active,,1773471.0,1777071.0,68 69 70 71 72 73 74 75 76 77 78 79 80 81 82 83 84 85 86 87 88 89 90 91 92 93 94 95 96 97 98 99 100 101 102 103 104 105 106 107 108 109 110 111 112 113 114 115 116 117 118 119 120 121 122 123 124 125 126 127,-1.0,
base,switching_off,,1775801.0,1777601.0,32 33 34 35 36 37 38 39 40 41 42 43 44 45 46 47 48 49 50 51 52 53 54 55 56 57 58 59 60 61 62 63,-2.0,
base,switching_off,,1777071.0,1778871.0,68 69 70 71 72 73 74 75 76 77 78 79 80 81 82 83 84 85 86 87 88 89 90 91 92 93 94 95 96 97 98 99 100 101 102 103 104 105 106 107 108 109 110 111 112 113 114 115 116 117 118 119 120 121 122 123 124 125 126 127,-2.0,
base,sleeping,,1777601.0,1778076.0,32 33 34 35 36 37 38 39 40 41 42 43 44 45 46 47 48 49 50 51 52 53 54 55 56 57 58 59 60 61 62 63,-4.0,
base,switching_on,,1778076.0,1780776.0,32 33 34 35 36 37 38 39 40 41 42 43 44 45 46 47 48 49 50 51 52 53 54 55 56 57 58 59 60 61 62 63,-3.0,
base,switching_on,,1778871.0,1781571.0,68 69 70 71 72 73 74 75,-3.0,
base,sleeping,,1778871.0,1795649.0,76 77 78 79 80 81 82 83 84 85 86 87 88 89 90 91 92 93 94 95 96 97 98 99 100 101 102 103 104 105 106 107,-4.0,
base,sleeping,,1778871.0,1805005.0,108 109,-4.0,
base,sleeping,,1778871.0,1835402.0,110 111 112 113 114 115 116 117 118 119 120 121 122 123 124 125 126 127,-4.0,
base,active,,1780776.0,1781571.0,40 41 42 43 44 45 46 47 48 49 50 51 52 53 54 55 56 57 58 59 60 61 62 63,-1.0,
base,active,1778106.0,1780776.0,1813442.0,32 33 34 35 36 37 38 39,42045.0,False
base,active,1778076.0,1781571.0,1814265.0,40 41 42 43 44 45 46 47 48 49 50 51 52 53 54 55 56 57 58 59 60 61 62 63 68 69 70 71 72 73 74 75,42044.0,False
base,switching_on,,1795649.0,1798349.0,76 77 78 79 80 81 82 83 84 85 86 87 88 89 90 91 92 93 94 95 96 97 98 99 100 101 102 103 104 105 106 107,-3.0,
base,active,1795649.0,1798349.0,1808452.0,76 77 78 79 80 81 82 83 84 85 86 87 88 89 90 91 92 93 94 95 96 97 98 99 100 101 102 103 104 105 106 107,42122.0,False
base,switching_on,,1805005.0,1807705.0,108 109,-3.0,
base,active,1805754.0,1807705.0,1807722.0,108,42160.0,False
base,active,1806823.0,1807705.0,1807731.0,109,42165.0,False
base,active,,1807722.0,1807731.0,108,-1.0,
base,active,1805005.0,1807731.0,1807751.0,108 109,42154.0,False
base,active,1805065.0,1807751.0,1807779.0,108 109,42155.0,False
base,active,,1807779.0,1811379.0,108 109,-1.0,
base,active,1806441.0,1808452.0,1818532.0,76 77 78 79 80 81 82 83 84 85 86 87 88 89 90 91 92 93 94 95 96 97 98 99 100 101 102 103 104 105 106 107,42163.0,False
base,switching_off,,1811379.0,1813179.0,108 109,-2.0,
base,sleeping,,1813179.0,1835402.0,108 109,-4.0,
base,active,,1813442.0,1816523.0,32,-1.0,
base,active,,1813442.0,1817042.0,33 34 35 36 37 38 39,-1.0,
base,active,,1814265.0,1817234.0,40 41 42 43 44 45 46 47 48 49 50 51 52 53 54 55 56 57 58 59 60 61 62 63 68 69 70 71 72 73 74,-1.0,
base,active,,1814265.0,1817865.0,75,-1.0,
base,active,1816523.0,1816523.0,1816536.0,32,42201.0,False
base,active,,1816536.0,1817234.0,32,-1.0,
base,switching_off,,1817042.0,1818842.0,33 34 35 36 37 38 39,-2.0,
base,active,1817234.0,1817234.0,1827305.0,32 40 41 42 43 44 45 46 47 48 49 50 51 52 53 54 55 56 57 58 59 60 61 62 63 68 69 70 71 72 73 74,42206.0,False
base,switching_off,,1817865.0,1819665.0,75,-2.0,
base,active,,1818532.0,1818705.0,76 77 78 79,-1.0,
base,active,,1818532.0,1818829.0,80 81 82 83,-1.0,
base,active,,1818532.0,1822132.0,84 85 86 87 88 89 90 91 92 93 94 95 96 97 98 99 100 101 102 103 104 105 106 107,-1.0,
base,active,1818705.0,1818705.0,1818819.0,76 77 78 79,42212.0,False
base,active,,1818819.0,1818829.0,76 77 78 79,-1.0,
base,active,1818829.0,1818829.0,1818987.0,76 77 78 79 80 81 82 83,42214.0,False
base,sleeping,,1818842.0,1835402.0,33 34 35 36 37 38 39,-4.0,
base,active,,1818987.0,1819037.0,76 77 78 79,-1.0,
base,active,,1818987.0,1822587.0,80 81 82 83,-1.0,
base,active,1819037.0,1819037.0,1819095.0,76 77 78 79,42215.0,False
base,active,,1819095.0,1822695.0,76 77 78 79,-1.0,
base,sleeping,,1819665.0,1835402.0,75,-4.0,
base,switching_off,,1822132.0,1823932.0,84 85 86 87 88 89 90 91 92 93 94 95 96 97 98 99 100 101 102 103 104 105 106 107,-2.0,
base,switching_off,,1822587.0,1824387.0,80 81 82 83,-2.0,
base,switching_off,,1822695.0,1824495.0,76 77 78 79,-2.0,
base,sleeping,,1823932.0,1835402.0,84 85 86 87 88 89 90 91 92 93 94 95 96 97 98 99 100 101 102 103 104 105 106 107,-4.0,
base,sleeping,,1824387.0,1835402.0,80 81 82 83,-4.0,
base,sleeping,,1824495.0,1835402.0,76 77 78 79,-4.0,
base,active,,1827305.0,1827306.0,32,-1.0,
base,active,,1827305.0,1828033.0,40 41 42 43 44 45 46 47 48 49 50 51 52 53 54 55 56 57 58 59 60 61 62 63 68 69 70 71 72 73 74,-1.0,
base,active,1827306.0,1827306.0,1827320.0,32,42248.0,False
base,active,,1827320.0,1828033.0,32,-1.0,
base,active,1828033.0,1828033.0,1838102.0,32 40 41 42 43 44 45 46 47 48 49 50 51 52 53 54 55 56 57 58 59 60 61 62 63 68 69 70 71 72 73 74,42253.0,False
base,active,,1833620.0,1838102.0,64 65 66 67,-1.0,
base,active,,1834844.0,1838102.0,0 1 2 3 4 5 6 7 8 9 10 11 12 13 14 15 16 17 18 19 20 21 22 23 24 25 26 27 28 29 30 31,-1.0,
base,switching_on,,1835402.0,1838102.0,33 34 35 36 37 38 39 75 76 77 78 79 80 81 82 83 84 85 86 87 88 89 90 91 92 93 94 95 96 97 98 99 100 101 102 103 104 105 106 107 108 109 110 111 112 113 114 115 116 117 118 119 120 121 122 123 124 125 126 127,-3.0,
base,active,1770683.0,1838102.0,1838206.0,0 1 2 3 4 5 6 7 8 9 10 11 12 13 14 15 16 17 18 19 20 21 22 23 24 25 26 27 28 29 30 31 32 33 34 35 36 37 38 39 40 41 42 43 44 45 46 47 48 49 50 51 52 53 54 55 56 57 58 59 60 61 62 63 64 65 66 67 68 69 70 71 72 73 74 75 76 77 78 79 80 81 82 83 84 85 86 87 88 89 90 91 92 93 94 95 96 97 98 99 100 101 102 103 104 105 106 107 108 109 110 111 112 113 114 115 116 117 118 119 120 121 122 123 124 125 126 127,42026.0,False
base,active,1838104.0,1838206.0,1838219.0,0,42256.0,False
base,active,,1838206.0,1838834.0,1 2 3 4 5 6 7 8 9 10 11 12 13 14 15 16 17 18 19 20 21 22 23 24 25 26 27 28 29 30 31,-1.0,
base,active,,1838206.0,1839223.0,32,-1.0,
base,active,,1838206.0,1840146.0,33 34 35 36 37 38 39 40 41 42 43 44 45 46 47 48 49 50 51 52 53 54 55 56 57 58 59 60 61 62 63 64 65 66 67 68 69 70 71 72 73 74 75 76 77 78 79 80 81 82 83 84 85 86 87 88 89 90 91 92 93 94 95,-1.0,
base,active,,1838206.0,1840162.0,96 97 98 99 100 101 102 103 104 105 106 107 108 109 110 111 112 113 114 115 116 117 118 119 120 121 122 123 124 125 126 127,-1.0,
base,active,,1838219.0,1838834.0,0,-1.0,
base,active,1838834.0,1838834.0,1845551.0,0 1 2 3 4 5 6 7 8 9 10 11 12 13 14 15 16 17 18 19 20 21 22 23 24 25 26 27 28 29 30 31,42257.0,False
base,active,1839223.0,1839223.0,1839237.0,32,42258.0,False
base,active,,1839237.0,1840146.0,32,-1.0,
base,active,1840146.0,1840146.0,1840306.0,32 33 34 35 36 37 38 39 40 41 42 43 44 45 46 47 48 49 50 51 52 53 54 55 56 57 58 59 60 61 62 63 64 65 66 67 68 69 70 71 72 73 74 75 76 77 78 79 80 81 82 83 84 85 86 87 88 89 90 91 92 93 94 95,42259.0,False
base,active,1840162.0,1840162.0,1840379.0,96 97 98 99 100 101 102 103 104 105 106 107 108 109 110 111 112 113 114 115 116 117 118 119 120 121 122 123 124 125 126 127,42260.0,False
base,active,,1840306.0,1840332.0,32,-1.0,
base,active,,1840306.0,1843906.0,33 34 35 36 37 38 39 40 41 42 43 44 45 46 47 48 49 50 51 52 53 54 55 56 57 58 59 60 61 62 63 64 65 66 67 68 69 70 71 72 73 74 75 76 77 78 79 80 81 82 83 84 85 86 87 88 89 90 91 92 93 94 95,-1.0,
base,active,1840332.0,1840332.0,1840349.0,32,42261.0,False
base,active,,1840349.0,1843949.0,32,-1.0,
base,active,,1840379.0,1843979.0,96 97 98 99 100 101 102 103 104 105 106 107 108 109 110 111 112 113 114 115 116 117 118 119 120 121 122 123 124 125 126 127,-1.0,
base,switching_off,,1843906.0,1845706.0,33 34 35 36 37 38 39 40 41 42 43 44 45 46 47 48 49 50 51 52 53 54 55 56 57 58 59 60 61 62 63 64 65 66 67 68 69 70 71 72 73 74 75 76 77 78 79 80 81 82 83 84 85 86 87 88 89 90 91 92 93 94 95,-2.0,
base,switching_off,,1843949.0,1845749.0,32,-2.0,
base,switching_off,,1843979.0,1845779.0,96 97 98 99 100 101 102 103 104 105 106 107 108 109 110 111 112 113 114 115 116 117 118 119 120 121 122 123 124 125 126 127,-2.0,
base,active,,1845551.0,1845553.0,0,-1.0,
base,active,,1845551.0,1848828.0,1 2 3 4 5 6 7 8 9 10 11 12 13 14 15 16 17 18 19 20 21 22 23 24 25 26 27 28 29 30 31,-1.0,
base,active,1845553.0,1845553.0,1845566.0,0,42262.0,False
base,active,,1845566.0,1848828.0,0,-1.0,
base,sleeping,,1845706.0,1846128.0,33 34 35 36 37 38 39 40 41 42 43 44 45 46 47 48 49 50 51 52 53 54 55 56 57 58 59 60 61 62 63,-4.0,
base,sleeping,,1845706.0,1857058.0,64 65 66 67 68 69 70 71 72 73 74 75 76 77 78 79 80 81 82 83 84 85 86 87 88 89 90 91 92 93 94 95,-4.0,
base,sleeping,,1845749.0,1846128.0,32,-4.0,
base,sleeping,,1845779.0,1857058.0,96 97 98 99 100 101 102 103 104 105 106 107 108 109 110 111 112 113 114 115 116 117 118 119 120 121 122 123 124 125 126 127,-4.0,
base,switching_on,,1846128.0,1848828.0,32 33 34 35 36 37 38 39 40 41 42 43 44 45 46 47 48 49 50 51 52 53 54 55 56 57 58 59 60 61 62 63,-3.0,
base,active,1846128.0,1848828.0,1859751.0,0 1 2 3 4 5 6 7 8 9 10 11 12 13 14 15 16 17 18 19 20 21 22 23 24 25 26 27 28 29 30 31 32 33 34 35 36 37 38 39 40 41 42 43 44 45 46 47 48 49 50 51 52 53 54 55 56 57 58 59 60 61 62 63,42263.0,False
base,switching_on,,1857058.0,1859758.0,64 65 66 67 68 69 70 71 72 73 74 75 76 77 78 79 80 81 82 83 84 85 86 87 88 89 90 91 92 93 94 95 96 97 98 99 100 101 102 103 104 105 106 107 108 109 110 111 112 113 114 115 116 117 118 119 120 121 122 123 124 125 126 127,-3.0,
base,active,,1859751.0,1859758.0,0 1 2 3 4 5 6 7 8 9 10 11 12 13 14 15 16 17 18 19 20 21 22 23 24 25 26 27 28 29 30 31 32 33 34 35 36 37 38 39 40 41 42 43 44 45 46 47 48 49 50 51 52 53 54 55 56 57 58 59 60 61 62 63,-1.0,
base,active,1857058.0,1859758.0,1859844.0,0 1 2 3 4 5 6 7 8 9 10 11 12 13 14 15 16 17 18 19 20 21 22 23 24 25 26 27 28 29 30 31 32 33 34 35 36 37 38 39 40 41 42 43 44 45 46 47 48 49 50 51 52 53 54 55 56 57 58 59 60 61 62 63 64 65 66 67 68 69 70 71 72 73 74 75 76 77 78 79 80 81 82 83 84 85 86 87 88 89 90 91 92 93 94 95 96 97 98 99 100 101 102 103 104 105 106 107 108 109 110 111 112 113 114 115 116 117 118 119 120 121 122 123 124 125 126 127,42264.0,False
