dvfs_mode,state,submission_time,start_time,finish_time,nodes,job_id,terminated
base,active,0.0,0.0,132.0,0 1 2 3,34036.0,False
base,active,,0.0,297.0,4,-1.0,
base,active,,0.0,300.0,5 6 7 8 9 10 11 12 13 14 15 16 17 18 19 20 21 22 23 24 25 26 27 28 29 30 31 32 33 34 35 36 37 38 39 40 41 42 43 44 45 46 47 48 49 50 51 52 53 54 55 56 57 58 59 60 61 62 63 64 65 66 67 68 69 70 71 72 73 74 75 76 77 78 79 80 81 82 83 84 85 86 87 88 89 90 91 92 93 94 95 96 97 98 99 100 101 102 103 104 105 106 107 108 109 110 111 112 113 114 115 116 117 118 119 120 121 122 123 124 125 126 127,-1.0,
base,active,,132.0,256.0,0,-1.0,
base,active,,132.0,297.0,1 2 3,-1.0,
base,active,256.0,256.0,367.0,0,34039.0,False
base,active,297.0,297.0,321.0,1 2 3 4,34040.0,False
base,switching_off,,300.0,2100.0,5 6 7 8 9 10 11 12 13 14 15 16 17 18 19 20 21 22 23 24 25 26 27 28 29 30 31 32 33 34 35 36 37 38 39 40 41 42 43 44 45 46 47 48 49 50 51 52 53 54 55 56 57 58 59 60 61 62 63 64 65 66 67 68 69 70 71 72 73 74 75 76 77 78 79 80 81 82 83 84 85 86 87 88 89 90 91 92 93 94 95 96 97 98 99 100 101 102 103 104 105 106 107 108 109 110 111 112 113 114 115 116 117 118 119 120 121 122 123 124 125 126 127,-2.0,
base,active,,321.0,328.0,1,-1.0,
base,active,,321.0,621.0,2 3 4,-1.0,
base,active,328.0,328.0,337.0,1,34041.0,False
base,active,,337.0,637.0,1,-1.0,
base,active,,367.0,455.0,0,-1.0,
base,active,455.0,455.0,571.0,0,34042.0,False
base,active,,571.0,871.0,0,-1.0,
base,switching_off,,621.0,2421.0,2 3 4,-2.0,
base,switching_off,,637.0,2437.0,1,-2.0,
base,switching_off,,871.0,2671.0,0,-2.0,
base,sleeping,,2100.0,2290.0,125 126,-4.0,
base,switching_on,,2100.0,4800.0,5 6 7 8 9 10 11 12 13 14 15 16 17 18 19 20 21 22 23 24 25 26 27 28 29 30 31 32 33 34 35 36 37 38 39 40 41 42 43 44 45 46 47 48 49 50 51 52 53 54 55 56 57 58 59 60 61 62 63 64 65 66 67 68 69 70 71 72 73 74 75 76 77 78 79 80 81 82 83 84 85 86 87 88 89 90 91 92 93 94 95 96 97 98 99 100 101 102 103 104 105 106 107 108 109 110 111 112 113 114 115 116 117 118 119 120 121 122 123 124,-3.0,
base,sleeping,,2100.0,25378.0,127,-4.0,
base,switching_on,,2290.0,4990.0,125 126,-3.0,
base,sleeping,,2421.0,2846.0,2 3,-4.0,
base,sleeping,,2421.0,2953.0,4,-4.0,
base,sleeping,,2437.0,2846.0,1,-4.0,
base,sleeping,,2671.0,2846.0,0,-4.0,
base,switching_on,,2846.0,5546.0,0 1 2 3,-3.0,
base,switching_on,,2953.0,5653.0,4,-3.0,
base,active,1326.0,4800.0,4834.0,90,34051.0,False
base,active,1307.0,4800.0,4868.0,73,34049.0,False
base,active,871.0,4800.0,4945.0,61 62 63 64 65 66 67 68,34047.0,False
base,active,576.0,4800.0,4953.0,53 54 55 56 57 58 59 60,34045.0,False
base,active,1316.0,4800.0,4990.0,74 75 76 77 78 79 80 81 82 83 84 85 86 87 88 89,34050.0,False
base,active,1300.0,4800.0,5000.0,69 70 71 72,34048.0,False
base,active,1343.0,4800.0,5138.0,91 92,34052.0,False
base,active,1535.0,4800.0,5140.0,93 94 95 96 97 98 99 100 101 102 103 104 105 106 107 108 109 110 111 112 113 114 115 116 117 118 119 120 121 122 123 124,34056.0,False
base,active,494.0,4800.0,5555.0,21 22 23 24 25 26 27 28 29 30 31 32 33 34 35 36 37 38 39 40 41 42 43 44 45 46 47 48 49 50 51 52,34044.0,False
base,active,490.0,4800.0,5921.0,5 6 7 8 9 10 11 12 13 14 15 16 17 18 19 20,34043.0,False
base,active,,4834.0,4990.0,90,-1.0,
base,active,,4868.0,4990.0,73,-1.0,
base,active,,4945.0,4990.0,61 62 63 64 65 66 67 68,-1.0,
base,active,,4953.0,4990.0,53 54 55 56 57 58 59 60,-1.0,
base,active,1795.0,4990.0,5028.0,67 68 73 90,34060.0,False
base,active,1651.0,4990.0,8443.0,53 54 55 56 57 58 59 60 61 62 63 64 65 66 74 75 76 77 78 79 80 81 82 83 84 85 86 87 88 89 125 126,34058.0,False
base,active,1817.0,5000.0,5028.0,69 70,34061.0,False
base,active,,5000.0,5546.0,71 72,-1.0,
base,active,,5028.0,5140.0,73 90,-1.0,
base,active,1906.0,5028.0,6056.0,67 68 69 70,34062.0,False
base,active,,5138.0,5140.0,91 92,-1.0,
base,active,2349.0,5140.0,5217.0,90,34070.0,False
base,active,2030.0,5140.0,5294.0,73,34065.0,False
base,active,1924.0,5140.0,5532.0,93 94 95 96 97 98 99 100 101 102 103 104 105 106 107 108 109 110 111 112 113 114 115 116 117 118 119 120 121 122 123 124,34063.0,False
base,active,1927.0,5140.0,6151.0,91 92,34064.0,False
base,active,,5217.0,5546.0,90,-1.0,
base,active,,5294.0,5546.0,73,-1.0,
base,active,2800.0,5532.0,7839.0,93 94 95 96 97 98 99 100 101 102 103 104 105 106 107 108 109 110 111 112 113 114 115 116 117 118 119 120 121 122 123 124,34072.0,False
base,active,2846.0,5546.0,7813.0,0 1 2 3 71 72 73 90,34073.0,False
base,active,2889.0,5555.0,5834.0,21 22 23 24 25 26 27 28 29 30 31 32 33 34 35 36 37 38 39 40 41 42 43 44 45 46 47 48 49 50 51 52,34074.0,False
base,active,2953.0,5653.0,5672.0,4,34075.0,False
base,active,,5672.0,5972.0,4,-1.0,
base,active,3239.0,5834.0,6542.0,21 22 23 24 25 26 27 28 29 30 31 32 33 34 35 36 37 38 39 40 41 42 43 44 45 46 47 48 49 50 51 52,34078.0,False
base,active,3252.0,5921.0,5929.0,5 6 7 8 9 10 11 12 13 14 15 16 17 18 19 20,34079.0,False
base,active,3267.0,5929.0,7055.0,5 6 7 8 9 10 11 12 13 14 15 16 17 18 19 20,34080.0,False
base,switching_off,,5972.0,7772.0,4,-2.0,
base,active,,6056.0,6356.0,69 70,-1.0,
base,active,,6056.0,6628.0,67 68,-1.0,
base,active,,6151.0,6628.0,91 92,-1.0,
base,switching_off,,6356.0,8156.0,69 70,-2.0,
base,active,4150.0,6542.0,6567.0,37 38,34088.0,False
base,active,3968.0,6542.0,6628.0,21 22 23 24 25 26 27 28 29 30 31 32 33 34 35 36,34086.0,False
base,active,,6542.0,6628.0,39 40 41 42 43 44 45 46 47 48 49 50 51 52,-1.0,
base,active,,6567.0,6628.0,37 38,-1.0,
base,active,4297.0,6628.0,6669.0,67 68 91 92,34092.0,False
base,active,4161.0,6628.0,7504.0,21 22 23 24 25 26 27 28 29 30 31 32 33 34 35 36 37 38 39 40 41 42 43 44 45 46 47 48 49 50 51 52,34089.0,False
base,active,,6669.0,7839.0,67 68 91 92,-1.0,
base,active,,7055.0,7730.0,5 6 7 8 9 10 11 12 13 14 15 16 17 18 19 20,-1.0,
base,active,5044.0,7504.0,7730.0,21 22 23 24 25 26 27 28 29 30 31 32 33 34 35 36 37 38 39 40 41 42 43 44 45 46 47 48 49 50 51 52,34101.0,False
base,active,5274.0,7730.0,7806.0,13 14 15 16 17 18 19 20,34105.0,False
base,active,5175.0,7730.0,7808.0,5 6 7 8 9 10 11 12,34104.0,False
base,active,5114.0,7730.0,11267.0,21 22 23 24 25 26 27 28 29 30 31 32 33 34 35 36 37 38 39 40 41 42 43 44 45 46 47 48 49 50 51 52,34103.0,False
base,sleeping,,7772.0,12277.0,4,-4.0,
base,active,5450.0,7806.0,7875.0,13 14 15 16 17 18 19 20,34106.0,False
base,active,5587.0,7808.0,7850.0,5 6 7 8 9 10 11 12,34109.0,False
base,active,5731.0,7813.0,7900.0,0 1 2 3 71 72 73 90,34111.0,False
base,active,6193.0,7839.0,7884.0,67 68 91 92,34115.0,False
base,active,5815.0,7839.0,8065.0,93 94 95 96 97 98 99 100 101 102 103 104 105 106 107 108 109 110 111 112 113 114 115 116 117 118 119 120 121 122 123 124,34112.0,False
base,active,,7850.0,8150.0,11 12,-1.0,
base,active,,7850.0,8443.0,5 6 7 8,-1.0,
base,active,,7850.0,8516.0,9 10,-1.0,
base,active,,7875.0,8181.0,13 14 15 16,-1.0,
base,active,,7875.0,8443.0,17 18 19 20,-1.0,
base,active,,7884.0,8181.0,67 68 91 92,-1.0,
base,active,,7900.0,8065.0,0 1 2 3 71 72 73 90,-1.0,
base,active,6928.0,8065.0,8151.0,0 1 2 3 71 72 73 90,34123.0,False
base,active,6675.0,8065.0,8181.0,93 94 95 96 97 98 99 100 101 102 103 104 105 106 107 108 109 110 111 112 113 114 115 116 117 118 119 120 121 122 123 124,34121.0,False
base,switching_off,,8150.0,9950.0,11 12,-2.0,
base,active,,8151.0,8181.0,0 1 2 3 71 72 73 90,-1.0,
base,sleeping,,8156.0,12277.0,69 70,-4.0,
base,active,7007.0,8181.0,8273.0,0 1 2 3 71 72 73 90,34125.0,False
base,active,7067.0,8181.0,8310.0,13 14 15 16 67 68 91 92,34127.0,False
base,active,6935.0,8181.0,8463.0,93 94 95 96 97 98 99 100 101 102 103 104 105 106 107 108 109 110 111 112 113 114 115 116 117 118 119 120 121 122 123 124,34124.0,False
base,active,,8273.0,8443.0,0 1 2 3 71 72 73 90,-1.0,
base,active,,8310.0,8443.0,13 14 15 16 67 68 91 92,-1.0,
base,active,7161.0,8443.0,8516.0,13 14 15 16 67 68 91 92,34130.0,False
base,active,7224.0,8443.0,8540.0,5 6 7 8 17 18 19 20,34132.0,False
base,active,7168.0,8443.0,19410.0,0 1 2 3 71 72 73 90,34131.0,False
base,active,7125.0,8443.0,19450.0,53 54 55 56 57 58 59 60 61 62 63 64 65 66 74 75 76 77 78 79 80 81 82 83 84 85 86 87 88 89 125 126,34128.0,False
base,active,7388.0,8463.0,8479.0,109 110 111 112 113 114 115 116,34136.0,False
base,active,7451.0,8463.0,8515.0,117 118 119 120 121 122 123 124,34137.0,False
base,active,7267.0,8463.0,8522.0,93 94 95 96 97 98 99 100,34133.0,False
base,active,7385.0,8463.0,8553.0,101 102 103 104 105 106 107 108,34135.0,False
base,active,7556.0,8479.0,8587.0,109 110 111 112 113 114 115 116,34138.0,False
base,active,7558.0,8515.0,8576.0,117 118 119 120 121 122 123 124,34139.0,False
base,active,7892.0,8516.0,8541.0,10,34146.0,False
base,active,7822.0,8516.0,8571.0,9,34144.0,False
base,active,7698.0,8516.0,8615.0,13 14 15 16 67 68 91 92,34141.0,False
base,active,8010.0,8522.0,8525.0,99,34151.0,False
base,active,7945.0,8522.0,8624.0,97 98,34149.0,False
base,active,7923.0,8522.0,8644.0,93 94 95 96,34148.0,False
base,active,,8522.0,8822.0,100,-1.0,
base,active,,8525.0,8825.0,99,-1.0,
base,active,8466.0,8540.0,8623.0,5 6 7 8 17 18 19 20,34154.0,False
base,active,,8541.0,8841.0,10,-1.0,
base,active,,8553.0,8853.0,101 102 103 104 105 106 107 108,-1.0,
base,active,,8571.0,8871.0,9,-1.0,
base,active,,8576.0,8876.0,117 118 119 120 121 122 123 124,-1.0,
base,active,,8587.0,8887.0,109 110 111 112 113 114 115 116,-1.0,
base,active,,8615.0,8915.0,13 14 15 16 67 68 91 92,-1.0,
base,active,,8623.0,8923.0,5 6 7 8 17 18 19 20,-1.0,
base,active,,8624.0,8795.0,97 98,-1.0,
base,active,,8644.0,8772.0,93 94 95 96,-1.0,
base,active,8772.0,8772.0,8811.0,93 94 95 96,34158.0,False
base,active,8795.0,8795.0,8811.0,97 98,34159.0,False
base,active,,8811.0,8831.0,93 94 95 96,-1.0,
base,active,,8811.0,8852.0,97 98,-1.0,
base,switching_off,,8822.0,10622.0,100,-2.0,
base,switching_off,,8825.0,10625.0,99,-2.0,
base,active,8831.0,8831.0,8928.0,93 94 95 96,34160.0,False
base,switching_off,,8841.0,10641.0,10,-2.0,
base,active,8852.0,8852.0,8928.0,97 98,34161.0,False
base,switching_off,,8853.0,10653.0,101 102 103 104 105 106 107 108,-2.0,
base,switching_off,,8871.0,10671.0,9,-2.0,
base,switching_off,,8876.0,10676.0,117 118 119 120 121 122 123 124,-2.0,
base,switching_off,,8887.0,10687.0,109 110 111 112 113 114 115 116,-2.0,
base,switching_off,,8915.0,10715.0,13 14 15 16 67 68 91 92,-2.0,
base,switching_off,,8923.0,10723.0,5 6 7 8 17 18 19 20,-2.0,
base,active,,8928.0,9003.0,93 94,-1.0,
base,active,,8928.0,9047.0,95 96,-1.0,
base,active,,8928.0,9121.0,97 98,-1.0,
base,active,9003.0,9003.0,9023.0,93 94,34163.0,False
base,active,,9023.0,9047.0,93 94,-1.0,
base,active,9047.0,9047.0,9085.0,93 94 95 96,34164.0,False
base,active,,9085.0,9098.0,93 94 95 96,-1.0,
base,active,9098.0,9098.0,9144.0,93 94 95 96,34166.0,False
base,active,9121.0,9121.0,9144.0,97 98,34168.0,False
base,active,,9144.0,9444.0,93 94 95 96 97 98,-1.0,
base,switching_off,,9444.0,11244.0,93 94 95 96 97 98,-2.0,
base,sleeping,,9950.0,12277.0,11 12,-4.0,
base,sleeping,,10622.0,12277.0,100,-4.0,
base,sleeping,,10625.0,12277.0,99,-4.0,
base,sleeping,,10641.0,12277.0,10,-4.0,
base,sleeping,,10653.0,12277.0,101,-4.0,
base,sleeping,,10653.0,25378.0,102 103 104 105 106 107 108,-4.0,
base,sleeping,,10671.0,12277.0,9,-4.0,
base,sleeping,,10676.0,25378.0,117 118 119 120 121 122 123 124,-4.0,
base,sleeping,,10687.0,25378.0,109 110 111 112 113 114 115 116,-4.0,
base,sleeping,,10715.0,12277.0,13 14 15 16 67 68 91 92,-4.0,
base,sleeping,,10723.0,12277.0,5 6 7 8 17 18 19 20,-4.0,
base,sleeping,,11244.0,12277.0,93 94 95 96 97 98,-4.0,
base,active,9381.0,11267.0,11307.0,45 46 47 48 49 50 51 52,34177.0,False
base,active,9137.0,11267.0,11312.0,21 22 23 24 25 26 27 28,34169.0,False
base,active,9196.0,11267.0,11336.0,29 30,34172.0,False
base,active,9240.0,11267.0,11354.0,37 38 39 40 41 42 43 44,34175.0,False
base,active,9233.0,11267.0,11622.0,35 36,34174.0,False
base,active,9208.0,11267.0,11640.0,31 32 33 34,34173.0,False
base,active,9451.0,11307.0,11386.0,45 46 47 48 49 50 51 52,34178.0,False
base,active,9541.0,11312.0,11316.0,21,34179.0,False
base,active,,11312.0,11316.0,22 23 24 25 26 27 28,-1.0,
base,active,9565.0,11316.0,11419.0,21 22 23 24 25 26 27 28,34180.0,False
base,active,,11336.0,11386.0,29,-1.0,
base,active,,11336.0,11428.0,30,-1.0,
base,active,,11354.0,11386.0,37 38 39 40 41 42 43 44,-1.0,
base,active,9572.0,11386.0,11428.0,29,34182.0,False
base,active,9569.0,11386.0,11636.0,37 38 39 40 41 42 43 44 45 46 47 48 49 50 51 52,34181.0,False
base,active,,11419.0,11428.0,27 28,-1.0,
base,active,9632.0,11419.0,11448.0,25 26,34185.0,False
base,active,9594.0,11419.0,11461.0,21 22 23 24,34183.0,False
base,active,9750.0,11428.0,11565.0,27 28 29 30,34188.0,False
base,active,9758.0,11448.0,11465.0,25,34189.0,False
base,active,,11448.0,11565.0,26,-1.0,
base,active,,11461.0,11565.0,23 24,-1.0,
base,active,9780.0,11461.0,11578.0,21 22,34190.0,False
base,active,,11465.0,11565.0,25,-1.0,
base,active,9892.0,11565.0,11570.0,23 24 25 26 27 28 29 30,34192.0,False
base,active,,11570.0,11636.0,23 24 25 26 27 28,-1.0,
base,active,,11570.0,11640.0,29 30,-1.0,
base,active,,11578.0,11636.0,21 22,-1.0,
base,active,,11622.0,11636.0,35 36,-1.0,
base,active,10231.0,11636.0,11660.0,28,34197.0,False
base,active,10175.0,11636.0,11677.0,27,34196.0,False
base,active,10146.0,11636.0,11717.0,21 22 23 24 25 26 35 36,34195.0,False
base,active,9899.0,11636.0,11732.0,37 38 39 40 41 42 43 44 45 46 47 48 49 50 51 52,34193.0,False
base,active,10290.0,11640.0,11717.0,29 30,34200.0,False
base,active,10265.0,11640.0,11743.0,31 32 33 34,34198.0,False
base,active,,11660.0,11732.0,28,-1.0,
base,active,,11677.0,11732.0,27,-1.0,
base,active,,11717.0,11732.0,35 36,-1.0,
base,active,10369.0,11717.0,11810.0,21 22 23 24 25 26 29 30,34202.0,False
base,active,10509.0,11732.0,11816.0,37 38 39 40 41 42 43 44,34205.0,False
base,active,10847.0,11732.0,11836.0,49 50,34208.0,False
base,active,10826.0,11732.0,11857.0,45 46 47 48,34207.0,False
base,active,11050.0,11732.0,12692.0,27 28,34213.0,False
base,active,11028.0,11732.0,12714.0,35 36 51 52,34211.0,False
base,active,,11743.0,11810.0,31 32 33 34,-1.0,
base,active,11327.0,11810.0,11859.0,31 32 33 34,34217.0,False
base,active,11136.0,11810.0,12229.0,21 22 23 24 25 26 29 30,34215.0,False
base,active,11441.0,11816.0,11833.0,37 38,34218.0,False
base,active,11479.0,11816.0,11853.0,39 40 41 42,34219.0,False
base,active,,11816.0,12714.0,43 44,-1.0,
base,active,,11833.0,11853.0,37 38,-1.0,
base,active,,11836.0,11853.0,49 50,-1.0,
base,active,11536.0,11853.0,11896.0,37 38 39 40 41 42 49 50,34220.0,False
base,active,,11857.0,11896.0,45 46 47 48,-1.0,
base,active,,11859.0,11896.0,31 32 33 34,-1.0,
base,active,11598.0,11896.0,11958.0,31 32 33 34 37 38 39 40 41 42 45 46 47 48 49 50,34222.0,False
base,active,,11958.0,12714.0,31 32 33 34 37 38 39 40 41 42 45 46 47 48 49 50,-1.0,
base,active,,12229.0,12714.0,21 22 23 24 25 26 29 30,-1.0,
base,switching_on,,12277.0,14977.0,4 5 6 7 8 9 10 11 12 13 14 15 16 17 18 19 20 67 68 69 70 91 92 93 94 95 96 97 98 99 100 101,-3.0,
base,active,,12692.0,12714.0,27 28,-1.0,
base,active,11692.0,12714.0,12864.0,21 22 23 24 25 26 27 28 29 30 31 32 33 34 35 36 37 38 39 40 41 42 43 44 45 46 47 48 49 50 51 52,34224.0,False
base,active,11739.0,12864.0,12987.0,21 22 23 24 25 26 27 28 29 30 31 32 33 34 35 36 37 38 39 40 41 42 43 44 45 46 47 48 49 50 51 52,34226.0,False
base,active,11883.0,12987.0,13042.0,21 22 23 24,34228.0,False
base,active,12135.0,12987.0,13526.0,29 30,34231.0,False
base,active,12110.0,12987.0,13550.0,25 26 27 28,34230.0,False
base,active,,12987.0,13550.0,31 32 33 34 35 36 37 38 39 40 41 42 43 44 45 46 47 48 49 50 51 52,-1.0,
base,active,,13042.0,13550.0,21 22 23 24,-1.0,
base,active,,13526.0,13550.0,29 30,-1.0,
base,active,12208.0,13550.0,13600.0,21 22 23 24 25 26 27 28 29 30 31 32 33 34 35 36 37 38 39 40 41 42 43 44 45 46 47 48 49 50 51 52,34232.0,False
base,active,,13600.0,14977.0,21 22 23 24 25 26 27 28 29 30 31 32 33 34 35 36 37 38 39 40 41 42 43 44 45 46 47 48 49 50 51 52,-1.0,
base,active,12277.0,14977.0,15035.0,4 5 6 7 8 9 10 11 12 13 14 15 16 17 18 19 20 21 22 23 24 25 26 27 28 29 30 31 32 33 34 35 36 37 38 39 40 41 42 43 44 45 46 47 48 49 50 51 52 67 68 69 70 91 92 93 94 95 96 97 98 99 100 101,34234.0,False
base,active,12554.0,15035.0,15038.0,4,34239.0,False
base,active,14639.0,15035.0,15040.0,41 42,34266.0,False
base,active,12983.0,15035.0,15053.0,6,34245.0,False
base,active,12908.0,15035.0,15092.0,5,34243.0,False
base,active,14687.0,15035.0,15095.0,43 44,34267.0,False
base,active,14392.0,15035.0,15134.0,39 40,34261.0,False
base,active,14129.0,15035.0,15213.0,37 38,34257.0,False
base,active,,15035.0,15235.0,45 46 47 48 49,-1.0,
base,active,,15035.0,15273.0,50 51,-1.0,
base,active,13548.0,15035.0,15419.0,13 14 15 16 17 18 19 20,34250.0,False
base,active,13032.0,15035.0,15978.0,11 12,34248.0,False
base,active,13009.0,15035.0,15998.0,7 8 9 10,34246.0,False
base,active,13947.0,15035.0,16248.0,21 22 23 24 25 26 27 28 29 30 31 32 33 34 35 36,34256.0,False
base,active,,15035.0,16248.0,52 67 68 69 70 91 92 93 94 95 96 97 98 99 100 101,-1.0,
base,active,,15038.0,15235.0,4,-1.0,
base,active,,15040.0,15235.0,41 42,-1.0,
base,active,,15053.0,15235.0,6,-1.0,
base,active,,15092.0,15235.0,5,-1.0,
base,active,,15095.0,15235.0,43 44,-1.0,
base,active,,15134.0,15235.0,39 40,-1.0,
base,active,,15213.0,15235.0,37 38,-1.0,
base,active,15235.0,15235.0,16181.0,4 5 6 37 38 39 40 41 42 43 44 45 46 47 48 49,34273.0,False
base,active,15273.0,15273.0,15334.0,50 51,34274.0,False
base,active,,15334.0,16248.0,50 51,-1.0,
base,active,,15419.0,16248.0,13 14 15 16 17 18 19 20,-1.0,
base,active,,15978.0,16248.0,11 12,-1.0,
base,active,,15998.0,16248.0,7 8 9 10,-1.0,
base,active,,16181.0,16248.0,4 5 6 37 38 39 40 41 42 43 44 45 46 47 48 49,-1.0,
base,active,15281.0,16248.0,16273.0,4 5 6 7 8 9 10 11 12 13 14 15 16 17 18 19 20 21 22 23 24 25 26 27 28 29 30 31 32 33 34 35 36 37 38 39 40 41 42 43 44 45 46 47 48 49 50 51 52 67 68 69 70 91 92 93 94 95 96 97 98 99 100 101,34275.0,False
base,active,15356.0,16273.0,16290.0,4 5 6 7 8 9 10 11 12 13 14 15 16 17 18 19 20 21 22 23 24 25 26 27 28 29 30 31 32 33 34 35 36 37 38 39 40 41 42 43 44 45 46 47 48 49 50 51 52 67 68 69 70 91 92 93 94 95 96 97 98 99 100 101,34276.0,False
base,active,15445.0,16290.0,16351.0,4 5,34277.0,False
base,active,,16290.0,16351.0,6 7 8 9 10 11 12 13 14 15 16 17 18 19 20 21 22 23 24 25 26 27 28 29 30 31 32 33 34 35 36 37 38 39 40 41 42 43 44 45 46 47 48 49 50 51 52 67 68 69 70 91 92 93 94 95 96 97 98 99 100 101,-1.0,
base,active,15500.0,16351.0,16363.0,4 5 6 7 8 9 10 11 12 13 14 15 16 17 18 19 20 21 22 23 24 25 26 27 28 29 30 31 32 33 34 35 36 37 38 39 40 41 42 43 44 45 46 47 48 49 50 51 52 67 68 69 70 91 92 93 94 95 96 97 98 99 100 101,34278.0,False
base,active,15528.0,16363.0,16370.0,4 5 6 7 8 9 10 11 12 13 14 15 16 17 18 19 20 21 22 23 24 25 26 27 28 29 30 31 32 33 34 35,34279.0,False
base,active,15572.0,16363.0,16373.0,36 37 38 39 40 41 42 43 44 45 46 47 48 49 50 51 52 67 68 69 70 91 92 93 94 95 96 97 98 99 100 101,34280.0,False
base,active,15596.0,16370.0,16381.0,4 5 6 7 8 9 10 11 12 13 14 15 16 17 18 19,34282.0,False
base,active,15894.0,16370.0,16431.0,20 21,34287.0,False
base,active,,16370.0,16431.0,22 23 24 25 26 27 28 29 30 31 32 33 34 35,-1.0,
base,active,15920.0,16373.0,16386.0,36 37 38 39 40 41 42 43 44 45 46 47 48 49 50 51,34288.0,False
base,active,,16373.0,16431.0,52 67 68 69 70 91 92 93 94 95 96 97 98 99 100 101,-1.0,
base,active,,16381.0,16431.0,4 5 6 7 8 9 10 11 12 13 14 15 16 17 18 19,-1.0,
base,active,,16386.0,16431.0,36 37 38 39 40 41 42 43 44 45 46 47 48 49 50 51,-1.0,
base,active,15948.0,16431.0,16450.0,4 5 6 7 8 9 10 11 12 13 14 15 16 17 18 19 20 21 22 23 24 25 26 27 28 29 30 31 32 33 34 35 36 37 38 39 40 41 42 43 44 45 46 47 48 49 50 51 52 67 68 69 70 91 92 93 94 95 96 97 98 99 100 101,34289.0,False
base,active,15962.0,16450.0,16468.0,4,34290.0,False
base,active,,16450.0,16626.0,5 6 7 8 9 10 11 12 13 14 15 16 17 18 19 20 21 22 23 24 25 26 27 28 29 30 31 32 33 34 35,-1.0,
base,active,,16450.0,16684.0,36 37,-1.0,
base,active,,16450.0,16750.0,38 39 40 41 42 43 44 45 46 47 48 49 50 51 52 67 68 69 70 91 92 93 94 95 96 97 98 99 100 101,-1.0,
base,active,,16468.0,16626.0,4,-1.0,
base,active,16626.0,16626.0,16878.0,4 5 6 7 8 9 10 11 12 13 14 15 16 17 18 19 20 21 22 23 24 25 26 27 28 29 30 31 32 33 34 35,34296.0,False
base,active,16684.0,16684.0,16769.0,36 37,34297.0,False
base,switching_off,,16750.0,18550.0,38 39 40 41 42 43 44 45 46 47 48 49 50 51 52 67 68 69 70 91 92 93 94 95 96 97 98 99 100 101,-2.0,
base,active,,16769.0,16798.0,36,-1.0,
base,active,,16769.0,16985.0,37,-1.0,
base,active,16798.0,16798.0,16828.0,36,34298.0,False
base,active,,16828.0,16985.0,36,-1.0,
base,active,,16878.0,16961.0,4 5 6 7 8 9 10 11 12 13 14 15 16 17 18 19 20 21 22 23 24 25 26 27 28 29 30 31 32 33 34 35,-1.0,
base,active,16961.0,16961.0,17204.0,4 5 6 7 8 9 10 11 12 13 14 15 16 17 18 19 20 21 22 23 24 25 26 27 28 29 30 31 32 33 34 35,34302.0,False
base,active,16985.0,16985.0,17160.0,36 37,34303.0,False
base,active,,17160.0,17460.0,36 37,-1.0,
base,active,17070.0,17204.0,17258.0,4 5 6 7 8 9 10 11 12 13 14 15 16 17 18 19,34305.0,False
base,active,17083.0,17204.0,17361.0,20 21 22 23 24 25 26 27 28 29 30 31 32 33 34 35,34306.0,False
base,active,,17258.0,17361.0,4 5 6 7 8 9 10 11 12 13 14 15 16 17 18 19,-1.0,
base,active,17256.0,17361.0,20824.0,4 5 6 7 8 9 10 11 12 13 14 15 16 17 18 19 20 21 22 23 24 25 26 27 28 29 30 31 32 33 34 35,34308.0,False
base,switching_off,,17460.0,19260.0,36 37,-2.0,
base,sleeping,,18550.0,20174.0,38 39 40 41 42 43 44 45 46 47 48 49 50 51,-4.0,
base,sleeping,,18550.0,25378.0,52 67 68 69 70 91 92 93 94 95 96 97 98 99 100 101,-4.0,
base,sleeping,,19260.0,20174.0,36 37,-4.0,
base,active,,19410.0,19450.0,0 1 2 3,-1.0,
base,active,,19410.0,20824.0,71 72 73 90,-1.0,
base,active,17834.0,19450.0,19509.0,2 3,34317.0,False
base,active,17575.0,19450.0,19648.0,0 1,34313.0,False
base,active,17276.0,19450.0,19723.0,53 54 55 56 57 58 59 60 61 62 63 64 65 66 74 75,34309.0,False
base,active,17538.0,19450.0,20378.0,76 77 78 79 80 81 82 83 84 85 86 87 88 89 125 126,34311.0,False
base,active,,19509.0,20824.0,2 3,-1.0,
base,active,,19648.0,20824.0,0 1,-1.0,
base,active,17972.0,19723.0,20023.0,53 54 55 56 57 58 59 60 61 62 63 64 65 66 74 75,34318.0,False
base,active,18115.0,20023.0,20210.0,53 54 55 56 57 58 59 60 61 62 63 64 65 66 74 75,34319.0,False
base,switching_on,,20174.0,22874.0,36 37 38 39 40 41 42 43 44 45 46 47 48 49 50 51,-3.0,
base,active,,20210.0,20378.0,53 54 55 56 57 58 59 60 61 62 63 64 65 66 74 75,-1.0,
base,active,18394.0,20378.0,20572.0,53 54 55 56 57 58 59 60 61 62 63 64 65 66 74 75 76 77 78 79 80 81 82 83 84 85 86 87 88 89 125 126,34324.0,False
base,active,18542.0,20572.0,20744.0,53 54 55 56 57 58 59 60 61 62 63 64 65 66 74 75,34326.0,False
base,active,18547.0,20572.0,21372.0,76 77 78 79 80 81 82 83 84 85 86 87 88 89 125 126,34327.0,False
base,active,,20744.0,20824.0,53 54 55 56 57 58 59 60 61 62 63 64 65 66 74 75,-1.0,
base,active,18742.0,20824.0,20905.0,0 1 2 3 71 72 73 90,34330.0,False
base,active,18681.0,20824.0,21079.0,4 5 6 7 8 9 10 11 12 13 14 15 16 17 18 19 20 21 22 23 24 25 26 27 28 29 30 31 32 33 34 35,34328.0,False
base,active,18736.0,20824.0,21192.0,53 54 55 56 57 58 59 60 61 62 63 64 65 66 74 75,34329.0,False
base,active,,20905.0,21079.0,0 1 2,-1.0,
base,active,,20905.0,21192.0,3 71 72 73 90,-1.0,
base,active,19241.0,21079.0,21087.0,2,34340.0,False
base,active,18950.0,21079.0,21093.0,1,34335.0,False
base,active,18846.0,21079.0,21099.0,4 5 6 7 8 9 10 11 12 13 14 15 16 17 18 19,34331.0,False
base,active,18944.0,21079.0,21115.0,0,34334.0,False
base,active,18872.0,21079.0,21276.0,20 21 22 23 24 25 26 27 28 29 30 31 32 33 34 35,34332.0,False
base,active,,21087.0,21192.0,2,-1.0,
base,active,,21093.0,21192.0,1,-1.0,
base,active,,21099.0,21192.0,4 5 6 7 8 9 10 11 12 13 14 15 16 17 18 19,-1.0,
base,active,,21115.0,21192.0,0,-1.0,
base,active,19293.0,21192.0,22907.0,1 2 3 19 71 72 73 90,34342.0,False
base,active,19252.0,21192.0,22948.0,0 4 5 6 7 8 9 10 11 12 13 14 15 16 17 18 53 54 55 56 57 58 59 60 61 62 63 64 65 66 74 75,34341.0,False
base,active,19419.0,21276.0,21295.0,20,34343.0,False
base,active,,21276.0,21295.0,21 22 23 24 25 26 27 28 29 30 31 32 33 34 35,-1.0,
base,active,19530.0,21295.0,21513.0,20 21 22 23 24 25 26 27 28 29 30 31 32 33 34 35,34345.0,False
base,active,19578.0,21372.0,21695.0,76 77 78 79 80 81 82 83 84 85 86 87 88 89 125 126,34346.0,False
base,active,19684.0,21513.0,21590.0,21,34349.0,False
base,active,19657.0,21513.0,21599.0,20,34348.0,False
base,active,,21513.0,21695.0,28 29 30 31 32 33 34 35,-1.0,
base,active,19788.0,21513.0,22733.0,26 27,34353.0,False
base,active,19766.0,21513.0,22755.0,22 23 24 25,34352.0,False
base,active,,21590.0,21695.0,21,-1.0,
base,active,,21599.0,21695.0,20,-1.0,
base,active,19895.0,21695.0,21718.0,20 21,34356.0,False
base,active,19961.0,21695.0,21739.0,28 29 30 31 32 33 34 35,34357.0,False
base,active,19802.0,21695.0,21904.0,76 77 78 79 80 81 82 83 84 85 86 87 88 89 125 126,34354.0,False
base,active,19996.0,21718.0,21739.0,20,34358.0,False
base,active,,21718.0,22755.0,21,-1.0,
base,active,20108.0,21739.0,21782.0,20 28 29 30 31 32 33 34,34359.0,False
base,active,,21739.0,22755.0,35,-1.0,
base,active,,21782.0,22755.0,20 28 29 30 31 32 33 34,-1.0,
base,active,,21904.0,22755.0,76 77 78 79 80 81 82 83 84 85 86 87 88 89 125 126,-1.0,
base,active,,22733.0,22755.0,26 27,-1.0,
base,active,20128.0,22755.0,22962.0,20 21 22 23 24 25 26 27 28 29 30 31 32 33 34 35 76 77 78 79 80 81 82 83 84 85 86 87 88 89 125 126,34360.0,False
base,active,20174.0,22874.0,22940.0,36 37 38 39 40 41 42 43 44 45 46 47 48 49 50 51,34361.0,False
base,active,,22907.0,22948.0,1 2,-1.0,
base,active,,22907.0,23006.0,3 19 71 72 73,-1.0,
base,active,,22907.0,23229.0,90,-1.0,
base,active,20386.0,22940.0,23006.0,36 37 38 39 40 41 42 43 44 45 46 47 48 49 50 51,34365.0,False
base,active,20481.0,22948.0,23027.0,1 2,34368.0,False
base,active,20467.0,22948.0,23254.0,0 4 5 6 7 8 9 10 11 12 13 14 15 16 17 18 53 54 55 56 57 58 59 60 61 62 63 64 65 66 74 75,34367.0,False
base,active,20556.0,22962.0,22983.0,20 21 22 23 24 25 26 27 28 29 30 31 32 33 34 35,34370.0,False
base,active,,22962.0,23006.0,89 125 126,-1.0,
base,active,22088.0,22962.0,23010.0,88,34374.0,False
base,active,20895.0,22962.0,23012.0,84 85 86 87,34372.0,False
base,active,20883.0,22962.0,23087.0,76 77 78 79 80 81 82 83,34371.0,False
base,active,,22983.0,23006.0,20 21 22 23 24 25 26 27 28 29 30 31 32 33 34 35,-1.0,
base,active,22151.0,23006.0,23066.0,89,34376.0,False
base,active,22327.0,23006.0,23075.0,73,34379.0,False
base,active,22238.0,23006.0,23125.0,71 72,34378.0,False
base,active,22216.0,23006.0,23138.0,3 19 125 126,34377.0,False
base,active,22101.0,23006.0,23229.0,20 21 22 23 24 25 26 27 28 29 30 31 32 33 34 35 36 37 38 39 40 41 42 43 44 45 46 47 48 49 50 51,34375.0,False
base,active,,23010.0,23229.0,88,-1.0,
base,active,,23012.0,23229.0,84 85 86 87,-1.0,
base,active,,23027.0,23229.0,1 2,-1.0,
base,active,,23066.0,23229.0,89,-1.0,
base,active,,23075.0,23229.0,73,-1.0,
base,active,,23087.0,23229.0,76 77 78 79 80 81 82 83,-1.0,
base,active,,23125.0,23229.0,71 72,-1.0,
base,active,,23138.0,23229.0,3 19 125 126,-1.0,
base,active,22503.0,23229.0,23235.0,125,34382.0,False
base,active,22554.0,23229.0,23243.0,81,34384.0,False
base,active,22557.0,23229.0,23259.0,82,34385.0,False
base,active,22626.0,23229.0,23292.0,83,34387.0,False
base,active,22515.0,23229.0,23307.0,71 72 76 77 78 79 80 126,34383.0,False
base,active,22413.0,23229.0,23311.0,3 19,34381.0,False
base,active,22724.0,23229.0,23326.0,88 90,34389.0,False
base,active,22374.0,23229.0,23404.0,20 21 22 23 24 25 26 27 28 29 30 31 32 33 34 35 36 37 38 39 40 41 42 43 44 45 46 47 48 49 50 51,34380.0,False
base,active,22703.0,23229.0,24025.0,1 2 73 84 85 86 87 89,34388.0,False
base,active,22763.0,23235.0,23307.0,125,34390.0,False
base,active,,23243.0,23254.0,81,-1.0,
base,active,22857.0,23254.0,23278.0,81,34392.0,False
base,active,22840.0,23254.0,23405.0,0 4 5 6 7 8 9 10 11 12 13 14 15 16 17 18 53 54 55 56 57 58 59 60 61 62 63 64 65 66 74 75,34391.0,False
base,active,,23259.0,23559.0,82,-1.0,
base,active,,23278.0,23578.0,81,-1.0,
base,active,,23292.0,23592.0,83,-1.0,
base,active,,23307.0,23607.0,80 125 126,-1.0,
base,active,22908.0,23307.0,26366.0,78 79,34394.0,False
base,active,22886.0,23307.0,26384.0,71 72 76 77,34393.0,False
base,active,,23311.0,23611.0,3 19,-1.0,
base,active,,23326.0,23405.0,88,-1.0,
base,active,,23326.0,23429.0,90,-1.0,
base,active,23067.0,23404.0,23475.0,20 21 22 23 24 25 26 27 28 29 30 31 32 33 34 35 36 37 38 39 40 41 42 43 44 45 46 47 48 49 50 51,34396.0,False
base,active,23295.0,23405.0,23466.0,88,34398.0,False
base,active,23194.0,23405.0,23724.0,0 4 5 6 7 8 9 10 11 12 13 14 15 16 17 18 53 54 55 56 57 58 59 60 61 62 63 64 65 66 74 75,34397.0,False
base,active,23429.0,23429.0,23517.0,90,34400.0,False
base,active,,23466.0,23766.0,88,-1.0,
base,active,,23475.0,23521.0,20 21 22 23 24 25 26,-1.0,
base,active,,23475.0,23573.0,27,-1.0,
base,active,,23475.0,23775.0,28 29 30 31 32 33 34 35 36 37 38 39 40 41 42 43 44 45 46 47 48 49 50 51,-1.0,
base,active,,23517.0,23521.0,90,-1.0,
base,active,23521.0,23521.0,23857.0,20 21 22 23 24 25 26 90,34402.0,False
base,switching_off,,23559.0,25359.0,82,-2.0,
base,active,23573.0,23573.0,23693.0,27,34404.0,False
base,switching_off,,23578.0,25378.0,81,-2.0,
base,switching_off,,23592.0,25392.0,83,-2.0,
base,switching_off,,23607.0,25407.0,80 125 126,-2.0,
base,switching_off,,23611.0,25411.0,3 19,-2.0,
base,active,,23693.0,23993.0,27,-1.0,
base,active,,23724.0,24024.0,0 4 5 6 7 8 9 10 11 12 13 14 15 16 17 18 53 54 55 56 57 58 59 60 61 62 63 64 65 66 74 75,-1.0,
base,switching_off,,23766.0,25566.0,88,-2.0,
base,switching_off,,23775.0,25575.0,28 29 30 31 32 33 34 35 36 37 38 39 40 41 42 43 44 45 46 47 48 49 50 51,-2.0,
base,active,,23857.0,23865.0,20 21 22 23 24 25 26 90,-1.0,
base,active,23865.0,23865.0,23946.0,20 21 22 23 24 25 26 90,34407.0,False
base,active,,23946.0,28078.0,20 21 22 23 24 25 26 90,-1.0,
base,switching_off,,23993.0,25793.0,27,-2.0,
base,switching_off,,24024.0,25824.0,0 4 5 6 7 8 9 10 11 12 13 14 15 16 17 18 53 54 55 56 57 58 59 60 61 62 63 64 65 66 74 75,-2.0,
base,active,,24025.0,28078.0,1 2 73 84 85 86 87 89,-1.0,
base,sleeping,,25359.0,25378.0,82,-4.0,
base,switching_on,,25378.0,28078.0,52 67 68 69 70 81 82 91 92 93 94 95 96 97 98 99 100 101 102 103 104 105 106 107 108 109 110 111 112 113 114 115 116 117 118 119 120 121 122 123 124 127,-3.0,
base,sleeping,,25392.0,26092.0,83,-4.0,
base,sleeping,,25407.0,26092.0,80 125 126,-4.0,
base,sleeping,,25411.0,25601.0,3,-4.0,
base,sleeping,,25411.0,26092.0,19,-4.0,
base,sleeping,,25566.0,26092.0,88,-4.0,
base,sleeping,,25575.0,26092.0,28 29 30 31 32 33 34 35 36 37 38 39 40 41 42 43 44 45 46 47 48 49 50 51,-4.0,
base,switching_on,,25601.0,28301.0,3,-3.0,
base,sleeping,,25793.0,26092.0,27,-4.0,
base,sleeping,,25824.0,26092.0,0 4 5 6 7 8 9 10 11 12 13 14 15 16 17 18 53 54 55 56 57 58 59 60 61 62 63 64 65 66 74 75,-4.0,
base,switching_on,,26092.0,28792.0,0 4 5 6 7 8 9 10 11 12 13 14 15 16 17 18 19 27 28 29 30 31 32 33 34 35 36 37 38 39 40 41 42 43 44 45 46 47 48 49 50 51 53 54 55 56 57 58 59 60 61 62 63 64 65 66 74 75 80 83 88 125 126,-3.0,
base,active,,26366.0,28078.0,78 79,-1.0,
base,active,,26384.0,28078.0,71 72 76 77,-1.0,
base,active,24089.0,28078.0,28106.0,1 2 20 21 22 23 24 25 26 52 67 68 69 70 71 72 73 76 77 78 79 81 82 84 85 86 87 89 90 91 92 93 94 95 96 97 98 99 100 101 102 103 104 105 106 107 108 109 110 111 112 113 114 115 116 117 118 119 120 121 122 123 124 127,34408.0,False
base,active,24194.0,28106.0,28301.0,1 2 20 21 22 23 24 25 26 52 67 68 69 70 71 72 73 76 77 78 79 81 82 84 85 86 87 89 90 91 92 93 94 95 96 97 98 99 100 101 102 103 104 105 106 107 108 109 110 111 112 113 114 115 116 117 118 119 120 121 122 123 124 127,34410.0,False
base,active,24822.0,28301.0,28314.0,93,34413.0,False
base,active,24954.0,28301.0,28342.0,94 95 96 97 98 99 100 101 102 103 104 105 106 107 108 109 110 111 112 113 114 115 116 117 118 119 120 121 122 123 124 127,34415.0,False
base,active,24535.0,28301.0,28513.0,1 2 3 20 21 22 23 24 25 26 52 67 68 69 70 71 72 73 76 77 78 79 81 82 84 85 86 87 89 90 91 92,34411.0,False
base,active,,28314.0,28478.0,93,-1.0,
base,active,25095.0,28342.0,28382.0,94 95 96 97 98 99 100 101 102 103 104 105 106 107 108 109 110 111 112 113 114 115 116 117 118 119 120 121 122 123 124 127,34419.0,False
base,active,25250.0,28382.0,28478.0,94 95 96 97 98 99 100 101 102 103 104 105 106 107 108 109 110 111 112 113 114 115 116 117 118 119 120 121 122 123 124 127,34421.0,False
base,active,25808.0,28478.0,28496.0,93,34424.0,False
base,active,25424.0,28478.0,28756.0,94 95 96 97 98 99 100 101 102 103 104 105 106 107 108 109 110 111 112 113 114 115 116 117 118 119 120 121 122 123 124 127,34422.0,False
base,active,,28496.0,28792.0,93,-1.0,
base,active,,28513.0,28792.0,1 2 3 20 21 22 23 24 25 26 52 67 68 69 70 71 72 73 76 77 78 79 81 82 84 85 86 87 89 90 91 92,-1.0,
base,active,,28756.0,28792.0,94 95 96 97 98 99 100 101 102 103 104 105 106 107 108 109 110 111 112 113 114 115 116 117 118 119 120 121 122 123 124 127,-1.0,
base,active,26092.0,28792.0,29238.0,0 1 2 3 4 5 6 7 8 9 10 11 12 13 14 15 16 17 18 19 20 21 22 23 24 25 26 27 28 29 30 31 32 33 34 35 36 37 38 39 40 41 42 43 44 45 46 47 48 49 50 51 52 53 54 55 56 57 58 59 60 61 62 63 64 65 66 67 68 69 70 71 72 73 74 75 76 77 78 79 80 81 82 83 84 85 86 87 88 89 90 91 92 93 94 95 96 97 98 99 100 101 102 103 104 105 106 107 108 109 110 111 112 113 114 115 116 117 118 119 120 121 122 123 124 125 126 127,34426.0,False
base,active,27374.0,29238.0,29257.0,2 3,34430.0,False
base,active,27447.0,29238.0,29257.0,4 5,34431.0,False
base,active,27527.0,29238.0,29259.0,6 7,34432.0,False
base,active,27102.0,29238.0,29261.0,0 1,34428.0,False
base,active,27555.0,29238.0,29261.0,8 9 10 11,34433.0,False
base,active,27599.0,29238.0,29342.0,12 13 14 15 16 17 18 19 20 21 22 23 24 25 26 27 28 29 30 31 32 33 34 35 36 37 38 39 40 41 42 43,34434.0,False
base,active,,29238.0,29342.0,44 45 46 47 48 49 50 51 52 53 54 55 56 57 58 59 60 61 62 63 64 65 66 67 68 69 70 71 72 73 74 75 76 77 78 79 80 81 82 83 84 85 86 87 88 89 90 91 92 93 94 95 96 97 98 99 100 101 102 103 104 105 106 107 108 109 110 111 112 113 114 115 116 117 118 119 120 121 122 123 124 125 126 127,-1.0,
base,active,,29257.0,29342.0,2 3 4 5,-1.0,
base,active,,29259.0,29342.0,6 7,-1.0,
base,active,,29261.0,29342.0,0 1 8 9 10 11,-1.0,
base,active,27750.0,29342.0,29802.0,0 1 2 3 4 5 6 7 8 9 10 11 12 13 14 15 16 17 18 19 20 21 22 23 24 25 26 27 28 29 30 31 32 33 34 35 36 37 38 39 40 41 42 43 44 45 46 47 48 49 50 51 52 53 54 55 56 57 58 59 60 61 62 63 64 65 66 67 68 69 70 71 72 73 74 75 76 77 78 79 80 81 82 83 84 85 86 87 88 89 90 91 92 93 94 95 96 97 98 99 100 101 102 103 104 105 106 107 108 109 110 111 112 113 114 115 116 117 118 119 120 121 122 123 124 125 126 127,34436.0,False
base,active,28356.0,29802.0,30271.0,0 1 2 3 4 5 6 7 8 9 10 11 12 13 14 15 16 17 18 19 20 21 22 23 24 25 26 27 28 29 30 31 32 33 34 35 36 37 38 39 40 41 42 43 44 45 46 47 48 49 50 51 52 53 54 55 56 57 58 59 60 61 62 63 64 65 66 67 68 69 70 71 72 73 74 75 76 77 78 79 80 81 82 83 84 85 86 87 88 89 90 91 92 93 94 95 96 97 98 99 100 101 102 103 104 105 106 107 108 109 110 111 112 113 114 115 116 117 118 119 120 121 122 123 124 125 126 127,34438.0,False
base,active,,30271.0,30568.0,0 1 2 3 4 5 6 7 8 9 10 11 12 13 14 15 16 17 18 19 20 21 22 23 24 25 26 27 28 29 30 31,-1.0,
base,active,,30271.0,30571.0,32 33 34 35 36 37 38 39 40 41 42 43 44 45 46 47 48 49 50 51 52 53 54 55 56 57 58 59 60 61 62 63 64 65 66 67 68 69 70 71 72 73 74 75 76 77 78 79 80 81 82 83 84 85 86 87 88 89 90 91 92 93 94 95 96 97 98 99 100 101 102 103 104 105 106 107 108 109 110 111 112 113 114 115 116 117 118 119 120 121 122 123 124 125 126 127,-1.0,
base,active,30568.0,30568.0,30787.0,0 1 2 3 4 5 6 7 8 9 10 11 12 13 14 15 16 17 18 19 20 21 22 23 24 25 26 27 28 29 30 31,34446.0,False
base,switching_off,,30571.0,32371.0,32 33 34 35 36 37 38 39 40 41 42 43 44 45 46 47 48 49 50 51 52 53 54 55 56 57 58 59 60 61 62 63 64 65 66 67 68 69 70 71 72 73 74 75 76 77 78 79 80 81 82 83 84 85 86 87 88 89 90 91 92 93 94 95 96 97 98 99 100 101 102 103 104 105 106 107 108 109 110 111 112 113 114 115 116 117 118 119 120 121 122 123 124 125 126 127,-2.0,
base,active,,30787.0,31087.0,0 1 2 3 4 5 6 7 8 9 10 11 12 13 14 15 16 17 18 19 20 21 22 23 24 25 26 27 28 29 30 31,-1.0,
base,switching_off,,31087.0,32887.0,0 1 2 3 4 5 6 7 8 9 10 11 12 13 14 15 16 17 18 19 20 21 22 23 24 25 26 27 28 29 30 31,-2.0,
base,sleeping,,32371.0,32887.0,32 33 34 35 36 37 38 39 40 41 42 43 44 45 46 47 48 49 50 51 52 53 54 55 56 57 58 59 60 61 62 63 64 65 66 67 68 69 70 71 72 73 74 75 76 77 78 79 80 81 82 83 84 85 86 87 88 89 90 91 92 93 94 95 96 97 98 99 100 101 102 103 104 105 106 107 108 109 110 111 112 113 114 115 116 117 118 119 120 121 122 123 124 125 126 127,-4.0,
base,switching_on,,32887.0,35587.0,0 1 2 3 4 5 6 7 8 9 10 11 12 13 14 15 16 17 18 19 20 21 22 23 24 25 26 27 28 29 30 31 32 33 34 35 36 37 38 39 40 41 42 43 44 45 46 47 48 49 50 51 52 53 54 55 56 57 58 59 60 61 62 63 64 65 66 67 68 69 70 71 72 73 74 75 76 77 78 79 80 81 82 83 84 85 86 87 88 89 90 91 92 93 94 95 96 97 98 99 100 101 102 103 104 105 106 107 108 109 110 111 112 113 114 115 116 117 118 119 120 121 122 123 124 125 126 127,-3.0,
base,active,31727.0,35587.0,46513.0,0 1 2 3 4 5 6 7 8 9 10 11 12 13 14 15 16 17 18 19 20 21 22 23 24 25 26 27 28 29 30 31 32 33 34 35 36 37 38 39 40 41 42 43 44 45 46 47 48 49 50 51 52 53 54 55 56 57 58 59 60 61 62 63 64 65 66 67 68 69 70 71 72 73 74 75 76 77 78 79 80 81 82 83 84 85 86 87 88 89 90 91 92 93 94 95 96 97 98 99 100 101 102 103 104 105 106 107 108 109 110 111 112 113 114 115 116 117 118 119 120 121 122 123 124 125 126 127,34454.0,False
base,active,42658.0,46513.0,46598.0,0 1 2 3 4 5 6 7 8 9 10 11 12 13 14 15 16 17 18 19 20 21 22 23 24 25 26 27 28 29 30 31 32 33 34 35 36 37 38 39 40 41 42 43 44 45 46 47 48 49 50 51 52 53 54 55 56 57 58 59 60 61 62 63 64 65 66 67 68 69 70 71 72 73 74 75 76 77 78 79 80 81 82 83 84 85 86 87 88 89 90 91 92 93 94 95 96 97 98 99 100 101 102 103 104 105 106 107 108 109 110 111 112 113 114 115 116 117 118 119 120 121 122 123 124 125 126 127,34455.0,False
base,active,44124.0,46598.0,46622.0,0,34463.0,False
base,active,,46598.0,46898.0,1 2 3 4 5 6 7 8 9 10 11 12 13 14 15 16 17 18 19 20 21 22 23 24 25 26 27 28 29 30 31 32 33 34 35 36 37 38 39 40 41 42 43 44 45 46 47 48 49 50 51 52 53 54 55 56 57 58 59 60 61 62 63 64 65 66 67 68 69 70 71 72 73 74 75 76 77 78 79 80 81 82 83 84 85 86 87 88 89 90 91 92 93 94 95 96 97 98 99 100 101 102 103 104 105 106 107 108 109 110 111 112 113 114 115 116 117 118 119 120 121 122 123 124 125 126 127,-1.0,
base,active,,46622.0,46922.0,0,-1.0,
base,switching_off,,46898.0,48698.0,1 2 3 4 5 6 7 8 9 10 11 12 13 14 15 16 17 18 19 20 21 22 23 24 25 26 27 28 29 30 31 32 33 34 35 36 37 38 39 40 41 42 43 44 45 46 47 48 49 50 51 52 53 54 55 56 57 58 59 60 61 62 63 64 65 66 67 68 69 70 71 72 73 74 75 76 77 78 79 80 81 82 83 84 85 86 87 88 89 90 91 92 93 94 95 96 97 98 99 100 101 102 103 104 105 106 107 108 109 110 111 112 113 114 115 116 117 118 119 120 121 122 123 124 125 126 127,-2.0,
base,switching_off,,46922.0,48722.0,0,-2.0,
base,sleeping,,48698.0,48781.0,2 3 4 5 6 7 8 9 10 11 12 13 14 15 16 17 18 19 20 21 22 23 24 25 26 27 28 29 30 31 32 33 34 35 36 37 38 39 40 41 42 43 44 45 46 47 48 49 50 51 52 53 54 55 56 57 58 59 60 61 62 63 64 65 66 67 68 69 70 71 72 73 74 75 76 77 78 79 80 81 82 83 84 85 86 87 88 89 90 91 92 93 94 95 96 97 98 99 100 101 102 103 104 105 106 107 108 109 110 111 112 113 114 115 116 117 118 119 120 121 122 123 124 125 126 127,-4.0,
base,switching_on,,48698.0,51398.0,1,-3.0,
base,sleeping,,48722.0,48781.0,0,-4.0,
base,switching_on,,48781.0,51481.0,0 2 3 4 5 6 7 8 9 10 11 12 13 14 15 16 17 18 19 20 21 22 23 24 25 26 27 28 29 30 31 32 33 34 35 36 37 38 39 40 41 42 43 44 45 46 47 48 49 50 51 52 53 54 55 56 57 58 59 60 61 62 63 64 65 66 67 68 69 70 71 72 73 74 75 76 77 78 79 80 81 82 83 84 85 86 87 88 89 90 91 92 93 94 95 96 97 98 99 100 101 102 103 104 105 106 107 108 109 110 111 112 113 114 115 116 117 118 119 120 121 122 123 124 125 126 127,-3.0,
base,active,47990.0,51398.0,51481.0,1,34473.0,False
base,active,48084.0,51481.0,51837.0,0 1 2 3 4 5 6 7 8 9 10 11 12 13 14 15 16 17 18 19 20 21 22 23 24 25 26 27 28 29 30 31 32 33 34 35 36 37 38 39 40 41 42 43 44 45 46 47 48 49 50 51 52 53 54 55 56 57 58 59 60 61 62 63 64 65 66 67 68 69 70 71 72 73 74 75 76 77 78 79 80 81 82 83 84 85 86 87 88 89 90 91 92 93 94 95 96 97 98 99 100 101 102 103 104 105 106 107 108 109 110 111 112 113 114 115 116 117 118 119 120 121 122 123 124 125 126 127,34474.0,False
base,active,48441.0,51837.0,51885.0,0,34475.0,False
base,active,48659.0,51837.0,51954.0,1,34476.0,False
base,active,,51837.0,51954.0,2 3 4 5 6 7 8 9 10 11 12 13 14 15 16 17 18 19 20 21 22 23 24 25 26 27 28 29 30 31 32 33 34 35 36 37 38 39 40 41 42 43 44 45 46 47 48 49 50 51 52 53 54 55 56 57 58 59 60 61 62 63 64 65 66 67 68 69 70 71 72 73 74 75 76 77 78 79 80 81 82 83 84 85 86 87 88 89 90 91 92 93 94 95 96 97 98 99 100 101 102 103 104 105 106 107 108 109 110 111 112 113 114 115 116 117 118 119 120 121 122 123 124 125 126 127,-1.0,
base,active,,51885.0,51954.0,0,-1.0,
base,active,48784.0,51954.0,52044.0,0 1 2 3 4 5 6 7 8 9 10 11 12 13 14 15 16 17 18 19 20 21 22 23 24 25 26 27 28 29 30 31 32 33 34 35 36 37 38 39 40 41 42 43 44 45 46 47 48 49 50 51 52 53 54 55 56 57 58 59 60 61 62 63 64 65 66 67 68 69 70 71 72 73 74 75 76 77 78 79 80 81 82 83 84 85 86 87 88 89 90 91 92 93 94 95 96 97 98 99 100 101 102 103 104 105 106 107 108 109 110 111 112 113 114 115 116 117 118 119 120 121 122 123 124 125 126 127,34478.0,False
base,active,48923.0,52044.0,52061.0,0 1 2 3,34480.0,False
base,active,51180.0,52044.0,52215.0,4,34489.0,False
base,active,,52044.0,52344.0,5 6 7 8 9 10 11 12 13 14 15 16 17 18 19 20 21 22 23 24 25 26 27 28 29 30 31 32 33 34 35 36 37 38 39 40 41 42 43 44 45 46 47 48 49 50 51 52 53 54 55 56 57 58 59 60 61 62 63 64 65 66 67 68 69 70 71 72 73 74 75 76 77 78 79 80 81 82 83 84 85 86 87 88 89 90 91 92 93 94 95 96 97 98 99 100 101 102 103 104 105 106 107 108 109 110 111 112 113 114 115 116 117 118 119 120 121 122 123 124 125 126 127,-1.0,
base,active,,52061.0,52361.0,0 1 2 3,-1.0,
base,active,,52215.0,52303.0,4,-1.0,
base,active,52303.0,52303.0,52589.0,4,34496.0,False
base,switching_off,,52344.0,54144.0,5 6 7 8 9 10 11 12 13 14 15 16 17 18 19 20 21 22 23 24 25 26 27 28 29 30 31 32 33 34 35 36 37 38 39 40 41 42 43 44 45 46 47 48 49 50 51 52 53 54 55 56 57 58 59 60 61 62 63 64 65 66 67 68 69 70 71 72 73 74 75 76 77 78 79 80 81 82 83 84 85 86 87 88 89 90 91 92 93 94 95 96 97 98 99 100 101 102 103 104 105 106 107 108 109 110 111 112 113 114 115 116 117 118 119 120 121 122 123 124 125 126 127,-2.0,
base,switching_off,,52361.0,54161.0,0 1 2 3,-2.0,
base,active,,52589.0,52889.0,4,-1.0,
base,switching_off,,52889.0,54689.0,4,-2.0,
base,switching_on,,54144.0,56844.0,5 6,-3.0,
base,sleeping,,54144.0,72143.0,7,-4.0,
base,sleeping,,54144.0,72201.0,8 9 10 11 12 13 14 15 16 17 18 19 20 21 22 23 24 25 26 27 28 29 30 31,-4.0,
base,sleeping,,54144.0,72437.0,32 33,-4.0,
base,sleeping,,54144.0,76254.0,34 35,-4.0,
base,sleeping,,54144.0,76323.0,36,-4.0,
base,sleeping,,54144.0,77914.0,37 38 39 40 41 42 43 44 45 46 47 48 49 50 51 52 53 54 55 56 57 58 59 60 61 62 63 64 65 66 67 68 69 70 71 72 73 74 75 76 77 78 79 80 81 82 83 84 85 86 87 88 89 90 91 92 93 94 95 96 97 98 99 100 101 102 103 104 105 106 107 108 109 110 111 112 113 114 115 116 117 118 119 120 121 122 123 124 125 126 127,-4.0,
base,sleeping,,54161.0,62489.0,0,-4.0,
base,sleeping,,54161.0,70008.0,1,-4.0,
base,sleeping,,54161.0,72143.0,2 3,-4.0,
base,sleeping,,54689.0,72143.0,4,-4.0,
base,active,53039.0,56844.0,56965.0,5,34499.0,False
base,active,53376.0,56844.0,56984.0,6,34505.0,False
base,active,54553.0,56965.0,57249.0,5,34508.0,False
base,active,54927.0,56984.0,57236.0,6,34514.0,False
base,active,55952.0,57236.0,59153.0,6,34517.0,False
base,active,,57249.0,57549.0,5,-1.0,
base,switching_off,,57549.0,59349.0,5,-2.0,
base,active,57895.0,59153.0,60096.0,6,34530.0,False
base,sleeping,,59349.0,72143.0,5,-4.0,
base,active,58847.0,60096.0,60824.0,6,34533.0,False
base,active,59631.0,60824.0,60951.0,6,34539.0,False
base,active,60245.0,60951.0,61361.0,6,34542.0,False
base,active,60663.0,61361.0,61464.0,6,34546.0,False
base,active,60778.0,61464.0,61578.0,6,34548.0,False
base,active,61128.0,61578.0,61701.0,6,34550.0,False
base,active,61376.0,61701.0,61789.0,6,34552.0,False
base,active,61592.0,61789.0,61915.0,6,34553.0,False
base,active,,61915.0,62215.0,6,-1.0,
base,switching_off,,62215.0,64015.0,6,-2.0,
base,switching_on,,62489.0,65189.0,0,-3.0,
base,sleeping,,64015.0,72143.0,6,-4.0,
base,active,62489.0,65189.0,65305.0,0,34560.0,False
base,active,62765.0,65305.0,65417.0,0,34562.0,False
base,active,63954.0,65417.0,65633.0,0,34569.0,False
base,active,64245.0,65633.0,65756.0,0,34571.0,False
base,active,64403.0,65756.0,65863.0,0,34572.0,False
base,active,64559.0,65863.0,65983.0,0,34573.0,False
base,active,,65983.0,66283.0,0,-1.0,
base,switching_off,,66283.0,68083.0,0,-2.0,
base,sleeping,,68083.0,70008.0,0,-4.0,
base,switching_on,,70008.0,72708.0,0 1,-3.0,
base,switching_on,,72143.0,74843.0,2 3 4 5 6 7,-3.0,
base,switching_on,,72201.0,74901.0,8 9 10 11 12 13 14 15 16 17 18 19 20 21 22 23 24 25 26 27 28 29 30 31,-3.0,
base,switching_on,,72437.0,75137.0,32 33,-3.0,
base,active,70008.0,72708.0,72729.0,0 1,34602.0,False
base,active,70141.0,72729.0,72749.0,0 1,34603.0,False
base,active,70340.0,72749.0,72789.0,0 1,34604.0,False
base,active,70430.0,72789.0,72843.0,0 1,34605.0,False
base,active,70831.0,72843.0,72905.0,0 1,34608.0,False
base,active,71099.0,72905.0,73051.0,0 1,34613.0,False
base,active,71444.0,73051.0,73116.0,0 1,34614.0,False
base,active,71846.0,73116.0,73186.0,0 1,34616.0,False
base,active,71941.0,73186.0,73203.0,0,34617.0,False
base,active,,73186.0,73203.0,1,-1.0,
base,active,71964.0,73203.0,73286.0,0 1,34618.0,False
base,active,71972.0,73286.0,73331.0,0 1,34619.0,False
base,active,72033.0,73331.0,73351.0,0,34621.0,False
base,active,,73331.0,73351.0,1,-1.0,
base,active,72062.0,73351.0,73367.0,0 1,34622.0,False
base,active,72106.0,73367.0,73390.0,0 1,34623.0,False
base,active,,73390.0,74843.0,0 1,-1.0,
base,active,72143.0,74843.0,74881.0,0 1 2 3 4 5 6 7,34624.0,False
base,active,,74881.0,74901.0,0 1 2 3 4 5 6 7,-1.0,
base,active,72201.0,74901.0,74998.0,0 1 2 3 4 5 6 7 8 9 10 11 12 13 14 15 16 17 18 19 20 21 22 23 24 25 26 27 28 29 30 31,34625.0,False
base,active,,74998.0,75137.0,2 3 4 5 6 7 8 9 10 11 12 13 14 15 16 17 18 19 20 21 22 23 24 25 26 27 28 29 30 31,-1.0,
base,active,72369.0,74998.0,75164.0,0 1,34627.0,False
base,active,72437.0,75137.0,75254.0,2 3 4 5 6 7 8 9 10 11 12 13 14 15 16 17 18 19 20 21 22 23 24 25 26 27 28 29 30 31 32 33,34629.0,False
base,active,,75164.0,75339.0,0 1,-1.0,
base,active,72852.0,75254.0,75289.0,2 3 4 5,34633.0,False
base,active,73129.0,75254.0,75295.0,8 9 10 11,34636.0,False
base,active,73234.0,75254.0,75295.0,12 13 14 15,34637.0,False
base,active,73308.0,75254.0,75323.0,16 17 18 19,34638.0,False
base,active,72949.0,75254.0,75339.0,6 7,34634.0,False
base,active,,75254.0,75339.0,22 23 24 25 26 27 28 29 30 31 32 33,-1.0,
base,active,73328.0,75254.0,75374.0,20 21,34639.0,False
base,active,,75289.0,75339.0,2 3 4 5,-1.0,
base,active,,75295.0,75339.0,8 9 10 11 12 13 14 15,-1.0,
base,active,,75323.0,75339.0,16 17 18 19,-1.0,
base,active,73706.0,75339.0,75442.0,0 1 2 3 4 5 6 7 8 9 10 11 12 13 14 15 16 17 18 19 22 23 24 25 26 27 28 29 30 31 32 33,34641.0,False
base,active,,75374.0,75442.0,20 21,-1.0,
base,active,73921.0,75442.0,75543.0,20 21,34645.0,False
base,active,73858.0,75442.0,75579.0,0 1 2 3 4 5 6 7 8 9 10 11 12 13 14 15 16 17 18 19 22 23 24 25 26 27 28 29 30 31 32 33,34643.0,False
base,active,,75543.0,75579.0,20 21,-1.0,
base,active,74239.0,75579.0,75662.0,20 21,34649.0,False
base,active,74031.0,75579.0,75671.0,0 1 2 3 4 5 6 7 8 9 10 11 12 13 14 15 16 17 18 19 22 23 24 25 26 27 28 29 30 31 32 33,34648.0,False
base,active,74690.0,75662.0,75802.0,20 21,34650.0,False
base,active,74929.0,75671.0,75748.0,0 1,34651.0,False
base,active,75254.0,75671.0,75749.0,2 3,34652.0,False
base,active,75540.0,75671.0,75814.0,4 5,34653.0,False
base,active,,75671.0,75971.0,6 7 8 9 10 11 12 13 14 15 16 17 18 19 22 23 24 25 26 27 28 29 30 31 32 33,-1.0,
base,active,,75748.0,76048.0,0 1,-1.0,
base,active,,75749.0,76049.0,2 3,-1.0,
base,active,,75802.0,76102.0,20 21,-1.0,
base,active,,75814.0,76114.0,4 5,-1.0,
base,switching_off,,75971.0,77771.0,6 7 8 9 10 11 12 13 14 15 16 17 18 19 22 23 24 25 26 27 28 29 30 31 32 33,-2.0,
base,switching_off,,76048.0,77848.0,0 1,-2.0,
base,switching_off,,76049.0,77849.0,2 3,-2.0,
base,switching_off,,76102.0,77902.0,20 21,-2.0,
base,switching_off,,76114.0,77914.0,4 5,-2.0,
base,switching_on,,76254.0,78954.0,34 35,-3.0,
base,switching_on,,76323.0,79023.0,36,-3.0,
base,sleeping,,77771.0,77914.0,6 7 8 9 10 11 12 13 14 15 16 17 18 19 22 23 24 25 26 27 28 29 30 31 32 33,-4.0,
base,sleeping,,77848.0,77914.0,0 1,-4.0,
base,sleeping,,77849.0,77914.0,2 3,-4.0,
base,sleeping,,77902.0,77914.0,20 21,-4.0,
base,switching_on,,77914.0,80614.0,0 1 2 3 4 5 6 7 8 9 10 11 12 13 14 15 16 17 18 19 20 21 22 23 24 25 26 27 28 29 30 31 32 33 37 38 39 40 41 42 43 44 45 46 47 48 49 50 51 52 53 54 55 56 57 58 59 60 61 62 63 64 65 66 67 68 69 70 71 72 73 74 75 76 77 78 79 80 81 82 83 84 85 86 87 88 89 90 91 92 93 94 95 96 97 98 99 100 101 102 103 104 105 106 107 108 109 110 111 112 113 114 115 116 117 118 119 120 121 122 123 124 125 126 127,-3.0,
base,active,76254.0,78954.0,79087.0,34 35,34654.0,False
base,active,76323.0,79023.0,79040.0,36,34655.0,False
base,active,,79040.0,80614.0,36,-1.0,
base,active,,79087.0,80614.0,34 35,-1.0,
base,active,76444.0,80614.0,80711.0,0 1 2 3 4 5 6 7 8 9 10 11 12 13 14 15 16 17 18 19 20 21 22 23 24 25 26 27 28 29 30 31 32 33 34 35 36 37 38 39 40 41 42 43 44 45 46 47 48 49 50 51 52 53 54 55 56 57 58 59 60 61 62 63 64 65 66 67 68 69 70 71 72 73 74 75 76 77 78 79 80 81 82 83 84 85 86 87 88 89 90 91 92 93 94 95 96 97 98 99 100 101 102 103 104 105 106 107 108 109 110 111 112 113 114 115 116 117 118 119 120 121 122 123 124 125 126 127,34656.0,False
base,active,76559.0,80711.0,80791.0,32 33,34658.0,False
base,active,76546.0,80711.0,80932.0,0 1 2 3 4 5 6 7 8 9 10 11 12 13 14 15 16 17 18 19 20 21 22 23 24 25 26 27 28 29 30 31,34657.0,False
base,active,,80711.0,80932.0,34 35 36 37 38 39 40 41 42 43 44 45 46 47 48 49 50 51 52 53 54 55 56 57 58 59 60 61 62 63 64 65 66 67 68 69 70 71 72 73 74 75 76 77 78 79 80 81 82 83 84 85 86 87 88 89 90 91 92 93 94 95 96 97 98 99 100 101 102 103 104 105 106 107 108 109 110 111 112 113 114 115 116 117 118 119 120 121 122 123 124 125 126 127,-1.0,
base,active,,80791.0,80932.0,32 33,-1.0,
base,active,76771.0,80932.0,81026.0,0 1 2 3 4 5 6 7 8 9 10 11 12 13 14 15 16 17 18 19 20 21 22 23 24 25 26 27 28 29 30 31 32 33 34 35 36 37 38 39 40 41 42 43 44 45 46 47 48 49 50 51 52 53 54 55 56 57 58 59 60 61 62 63 64 65 66 67 68 69 70 71 72 73 74 75 76 77 78 79 80 81 82 83 84 85 86 87 88 89 90 91 92 93 94 95 96 97 98 99 100 101 102 103 104 105 106 107 108 109 110 111 112 113 114 115 116 117 118 119 120 121 122 123 124 125 126 127,34659.0,False
base,active,78824.0,81026.0,81039.0,6,34665.0,False
base,active,76892.0,81026.0,81095.0,0 1,34660.0,False
base,active,78949.0,81026.0,81120.0,7 8,34666.0,False
base,active,78558.0,81026.0,81135.0,4 5,34663.0,False
base,active,77147.0,81026.0,81167.0,2 3,34661.0,False
base,active,80827.0,81026.0,81169.0,17 18,34679.0,False
base,active,79476.0,81026.0,81176.0,11 12,34669.0,False
base,active,80531.0,81026.0,81184.0,15 16,34677.0,False
base,active,79279.0,81026.0,81203.0,9 10,34668.0,False
base,active,,81026.0,81326.0,19 20 21 22 23 24 25 26 27 28 29 30 31 32 33 34 35 36 37 38 39 40 41 42 43 44 45 46 47 48 49 50 51 52 53 54 55 56 57 58 59 60 61 62 63 64 65 66 67 68 69 70 71 72 73 74 75 76 77 78 79 80 81 82 83 84 85 86 87 88 89 90 91 92 93 94 95 96 97 98 99 100 101 102 103 104 105 106 107 108 109 110 111 112 113 114 115 116 117 118 119 120 121 122 123 124 125 126 127,-1.0,
base,active,80027.0,81026.0,81504.0,13 14,34675.0,False
base,active,,81039.0,81339.0,6,-1.0,
base,active,,81095.0,81395.0,0 1,-1.0,
base,active,,81120.0,81420.0,7 8,-1.0,
base,active,,81135.0,81435.0,4 5,-1.0,
base,active,,81167.0,81467.0,2 3,-1.0,
base,active,,81169.0,81469.0,17 18,-1.0,
base,active,,81176.0,81476.0,11 12,-1.0,
base,active,,81184.0,81484.0,15 16,-1.0,
base,active,,81203.0,81503.0,9 10,-1.0,
base,switching_off,,81326.0,83126.0,19 20 21 22 23 24 25 26 27 28 29 30 31 32 33 34 35 36 37 38 39 40 41 42 43 44 45 46 47 48 49 50 51 52 53 54 55 56 57 58 59 60 61 62 63 64 65 66 67 68 69 70 71 72 73 74 75 76 77 78 79 80 81 82 83 84 85 86 87 88 89 90 91 92 93 94 95 96 97 98 99 100 101 102 103 104 105 106 107 108 109 110 111 112 113 114 115 116 117 118 119 120 121 122 123 124 125 126 127,-2.0,
base,switching_off,,81339.0,83139.0,6,-2.0,
base,switching_off,,81395.0,83195.0,0 1,-2.0,
base,switching_off,,81420.0,83220.0,7 8,-2.0,
base,switching_off,,81435.0,83235.0,4 5,-2.0,
base,switching_off,,81467.0,83267.0,2 3,-2.0,
base,switching_off,,81469.0,83269.0,17 18,-2.0,
base,switching_off,,81476.0,83276.0,11 12,-2.0,
base,switching_off,,81484.0,83284.0,15 16,-2.0,
base,switching_off,,81503.0,83303.0,9 10,-2.0,
base,active,,81504.0,81804.0,13 14,-1.0,
base,switching_off,,81804.0,83604.0,13 14,-2.0,
base,switching_on,,83126.0,85826.0,19 20 21 22 23 24 25 26,-3.0,
base,sleeping,,83126.0,89123.0,27 28 29 30 31 32 33 34 35 36 37,-4.0,
base,sleeping,,83126.0,89766.0,38 39 40 41 42 43 44 45 46 47 48 49 50 51 52 53 54 55 56 57 58 59 60 61 62 63 64 65 66 67 68 69,-4.0,
base,sleeping,,83126.0,95079.0,70 71 72 73 74 75 76 77 78 79,-4.0,
base,sleeping,,83126.0,96478.0,80 81 82 83 84 85 86 87 88 89 90 91 92 93 94 95 96 97 98 99 100 101 102 103 104 105 106 107 108 109 110 111 112 113 114 115 116 117 118 119 120 121 122 123 124 125 126 127,-4.0,
base,sleeping,,83139.0,89123.0,6,-4.0,
base,sleeping,,83195.0,88999.0,0 1,-4.0,
base,sleeping,,83220.0,89123.0,7 8,-4.0,
base,sleeping,,83235.0,89123.0,4 5,-4.0,
base,sleeping,,83267.0,89123.0,2 3,-4.0,
base,sleeping,,83269.0,89123.0,17 18,-4.0,
base,sleeping,,83276.0,89123.0,11 12,-4.0,
base,sleeping,,83284.0,89123.0,15 16,-4.0,
base,sleeping,,83303.0,89123.0,9 10,-4.0,
base,sleeping,,83604.0,89123.0,13 14,-4.0,
base,active,81884.0,85826.0,85844.0,20,34687.0,False
base,active,81836.0,85826.0,85861.0,19,34686.0,False
base,active,81929.0,85826.0,87824.0,25 26,34689.0,False
base,active,81907.0,85826.0,87843.0,21 22 23 24,34688.0,False
base,active,,85844.0,86144.0,20,-1.0,
base,active,,85861.0,86161.0,19,-1.0,
base,switching_off,,86144.0,87944.0,20,-2.0,
base,switching_off,,86161.0,87961.0,19,-2.0,
base,active,,87824.0,88124.0,25 26,-1.0,
base,active,,87843.0,88143.0,21 22 23 24,-1.0,
base,sleeping,,87944.0,89123.0,20,-4.0,
base,sleeping,,87961.0,89123.0,19,-4.0,
base,switching_off,,88124.0,89924.0,25 26,-2.0,
base,switching_off,,88143.0,89943.0,21 22 23 24,-2.0,
base,switching_on,,88999.0,91699.0,0 1,-3.0,
base,switching_on,,89123.0,91823.0,2 3 4 5 6 7 8 9 10 11 12 13 14 15 16 17 18 19 20 27 28 29 30 31 32 33 34 35 36 37,-3.0,
base,switching_on,,89766.0,92466.0,38 39 40 41 42 43 44 45 46 47 48 49 50 51 52 53 54 55 56 57 58 59 60 61 62 63 64 65 66 67 68 69,-3.0,
base,sleeping,,89924.0,95079.0,25 26,-4.0,
base,sleeping,,89943.0,95070.0,21,-4.0,
base,sleeping,,89943.0,95079.0,22 23 24,-4.0,
base,active,88999.0,91699.0,91793.0,0 1,34724.0,False
base,active,,91793.0,91823.0,0 1,-1.0,
base,active,89123.0,91823.0,91906.0,0 1 2 3 4 5 6 7 8 9 10 11 12 13 14 15 16 17 18 19 20 27 28 29 30 31 32 33 34 35 36 37,34726.0,False
base,active,89458.0,91906.0,92836.0,0 1 2 3 4 5 6 7 8 9 10 11 12 13 14 15 16 17 18 19 20 27 28 29 30 31 32 33 34 35 36 37,34727.0,False
base,active,89766.0,92466.0,92672.0,38 39 40 41 42 43 44 45 46 47 48 49 50 51 52 53 54 55 56 57 58 59 60 61 62 63 64 65 66 67 68 69,34729.0,False
base,active,90544.0,92672.0,92830.0,38 39 40 41 42 43 44 45 46 47 48 49 50 51 52 53 54 55 56 57 58 59 60 61 62 63 64 65 66 67 68 69,34735.0,False
base,active,90780.0,92830.0,92897.0,38 39 40 41 42 43 44 45 46 47 48 49 50 51 52 53 54 55 56 57 58 59 60 61 62 63 64 65 66 67 68 69,34737.0,False
base,active,91111.0,92836.0,92876.0,0 1,34739.0,False
base,active,,92836.0,92876.0,2 3 4 5 6 7 8 9 10 11 12 13 14 15 16 17 18 19 20 27 28 29 30 31 32 33 34 35 36 37,-1.0,
base,active,91393.0,92876.0,93040.0,0 1 2 3 4 5 6 7 8 9 10 11 12 13 14 15 16 17 18 19 20 27 28 29 30 31 32 33 34 35 36 37,34740.0,False
base,active,91682.0,92897.0,93078.0,38 39 40 41 42 43 44 45 46 47 48 49 50 51 52 53 54 55 56 57 58 59 60 61 62 63 64 65 66 67 68 69,34745.0,False
base,active,,93040.0,93078.0,4 5 6 7,-1.0,
base,active,91713.0,93040.0,93105.0,0 1,34747.0,False
base,active,92227.0,93040.0,93117.0,2 3,34749.0,False
base,active,,93040.0,93340.0,8 9 10 11 12 13 14 15 16 17 18 19 20 27 28 29 30 31 32 33 34 35 36 37,-1.0,
base,active,92776.0,93078.0,93181.0,6 7,34753.0,False
base,active,92446.0,93078.0,93202.0,4 5,34751.0,False
base,active,92393.0,93078.0,93281.0,38 39 40 41 42 43 44 45 46 47 48 49 50 51 52 53 54 55 56 57 58 59 60 61 62 63 64 65 66 67 68 69,34750.0,False
base,active,,93105.0,93405.0,0 1,-1.0,
base,active,,93117.0,93417.0,2 3,-1.0,
base,active,,93181.0,93481.0,6 7,-1.0,
base,active,,93202.0,93231.0,4 5,-1.0,
base,active,93231.0,93231.0,93272.0,4 5,34758.0,False
base,active,,93272.0,93572.0,4 5,-1.0,
base,active,,93281.0,93363.0,38 39,-1.0,
base,active,,93281.0,93491.0,40 41 42 43 44 45 46 47 48 49 50 51 52 53 54 55 56 57 58 59 60 61 62 63 64 65 66 67 68 69,-1.0,
base,switching_off,,93340.0,95140.0,8 9 10 11 12 13 14 15 16 17 18 19 20 27 28 29 30 31 32 33 34 35 36 37,-2.0,
base,active,93363.0,93363.0,93403.0,38 39,34760.0,False
base,active,,93403.0,93446.0,38 39,-1.0,
base,switching_off,,93405.0,95205.0,0 1,-2.0,
base,switching_off,,93417.0,95217.0,2 3,-2.0,
base,active,93446.0,93446.0,93487.0,38 39,34761.0,False
base,switching_off,,93481.0,95281.0,6 7,-2.0,
base,active,,93487.0,93491.0,38 39,-1.0,
base,active,93491.0,93491.0,94077.0,38 39 40 41 42 43 44 45 46 47 48 49 50 51 52 53 54 55 56 57 58 59 60 61 62 63 64 65 66 67 68 69,34762.0,False
base,switching_off,,93572.0,95372.0,4 5,-2.0,
base,active,93768.0,94077.0,94102.0,42 43,34767.0,False
base,active,93848.0,94077.0,94106.0,46 47,34771.0,False
base,active,93687.0,94077.0,94108.0,40 41,34764.0,False
base,active,93808.0,94077.0,94111.0,44 45,34769.0,False
base,active,93961.0,94077.0,94113.0,48 49,34772.0,False
base,active,93630.0,94077.0,94126.0,38 39,34763.0,False
base,active,94049.0,94077.0,94135.0,50 51,34773.0,False
base,active,,94077.0,94377.0,52 53 54 55 56 57 58 59 60 61 62 63 64 65 66 67 68 69,-1.0,
base,active,,94102.0,94402.0,42 43,-1.0,
base,active,,94106.0,94406.0,46 47,-1.0,
base,active,,94108.0,94408.0,40 41,-1.0,
base,active,,94111.0,94411.0,44 45,-1.0,
base,active,,94113.0,94413.0,48 49,-1.0,
base,active,,94126.0,94288.0,38,-1.0,
base,active,,94126.0,94426.0,39,-1.0,
base,active,,94135.0,94215.0,50 51,-1.0,
base,active,94215.0,94215.0,94299.0,50 51,34776.0,False
base,active,94288.0,94288.0,94290.0,38,34777.0,False
base,active,,94290.0,94590.0,38,-1.0,
base,active,,94299.0,94315.0,50 51,-1.0,
base,active,94315.0,94315.0,94335.0,50 51,34778.0,False
base,active,,94335.0,94343.0,50 51,-1.0,
base,active,94343.0,94343.0,94378.0,50 51,34779.0,False
base,switching_off,,94377.0,96177.0,52 53 54 55 56 57 58 59 60 61 62 63 64 65 66 67 68 69,-2.0,
base,active,,94378.0,94678.0,50 51,-1.0,
base,switching_off,,94402.0,96202.0,42 43,-2.0,
base,switching_off,,94406.0,96206.0,46 47,-2.0,
base,switching_off,,94408.0,96208.0,40 41,-2.0,
base,switching_off,,94411.0,96211.0,44 45,-2.0,
base,switching_off,,94413.0,96213.0,48 49,-2.0,
base,switching_off,,94426.0,96226.0,39,-2.0,
base,switching_off,,94590.0,96390.0,38,-2.0,
base,switching_off,,94678.0,96478.0,50 51,-2.0,
base,switching_on,,95070.0,97770.0,21,-3.0,
base,switching_on,,95079.0,97779.0,22 23 24 25 26 70 71 72 73 74 75 76 77 78 79,-3.0,
base,sleeping,,95140.0,95142.0,8 9 10 11 12 13 14 15 16 17 18 19 20 27 28 29,-4.0,
base,sleeping,,95140.0,96478.0,30 31 32 33 34 35 36 37,-4.0,
base,switching_on,,95142.0,97842.0,8 9 10 11 12 13 14 15 16 17 18 19 20 27 28 29,-3.0,
base,sleeping,,95205.0,96478.0,0 1,-4.0,
base,sleeping,,95217.0,96478.0,2 3,-4.0,
base,sleeping,,95281.0,96478.0,6 7,-4.0,
base,sleeping,,95372.0,96478.0,4 5,-4.0,
base,sleeping,,96177.0,96478.0,52 53 54 55 56 57 58 59 60 61 62 63 64 65 66 67 68 69,-4.0,
base,sleeping,,96202.0,96478.0,42 43,-4.0,
base,sleeping,,96206.0,96478.0,46 47,-4.0,
base,sleeping,,96208.0,96478.0,40 41,-4.0,
base,sleeping,,96211.0,96478.0,44 45,-4.0,
base,sleeping,,96213.0,96478.0,48 49,-4.0,
base,sleeping,,96226.0,96478.0,39,-4.0,
base,sleeping,,96390.0,96478.0,38,-4.0,
base,switching_on,,96478.0,99178.0,0 1 2 3 4 5 6 7 30 31 32 33 34 35 36 37 38 39 40 41 42 43 44 45 46 47 48 49 50 51 52 53 54 55 56 57 58 59 60 61 62 63 64 65 66 67 68 69 80 81 82 83 84 85 86 87 88 89 90 91 92 93 94 95 96 97 98 99 100 101 102 103 104 105 106 107 108 109 110 111 112 113 114 115 116 117 118 119 120 121 122 123 124 125 126 127,-3.0,
base,active,95070.0,97770.0,97774.0,21,34781.0,False
base,active,,97774.0,97779.0,21,-1.0,
base,active,95079.0,97779.0,97789.0,21 22 23 24 25 26 70 71 72 73 74 75 76 77 78 79,34782.0,False
base,active,,97789.0,97842.0,21 22 23 24 25 26 70 71 72 73 74 75 76 77 78 79,-1.0,
base,active,95142.0,97842.0,98004.0,8 9 10 11 12 13 14 15 16 17 18 19 20 21 22 23 24 25 26 27 28 29 70 71 72 73 74 75 76 77 78 79,34784.0,False
base,active,96101.0,98004.0,98010.0,24,34796.0,False
base,active,95936.0,98004.0,98019.0,20 21,34794.0,False
base,active,95995.0,98004.0,98025.0,22 23,34795.0,False
base,active,95570.0,98004.0,98029.0,16 17,34791.0,False
base,active,95427.0,98004.0,98034.0,10 11,34788.0,False
base,active,95335.0,98004.0,98035.0,8 9,34787.0,False
base,active,95462.0,98004.0,98036.0,12 13,34789.0,False
base,active,95601.0,98004.0,98036.0,18 19,34792.0,False
base,active,95509.0,98004.0,98350.0,14 15,34790.0,False
base,active,,98004.0,99178.0,25 26 27 28 29 70 71 72 73 74 75 76 77 78 79,-1.0,
base,active,,98010.0,99178.0,24,-1.0,
base,active,,98019.0,99178.0,20 21,-1.0,
base,active,,98025.0,99178.0,22 23,-1.0,
base,active,,98029.0,99178.0,16 17,-1.0,
base,active,,98034.0,99178.0,10 11,-1.0,
base,active,,98035.0,99178.0,8 9,-1.0,
base,active,,98036.0,99178.0,12 13 18 19,-1.0,
base,active,,98350.0,99178.0,14 15,-1.0,
base,active,96116.0,99178.0,99183.0,0 1 2 3 4 5 6 7 8 9 10 11 12 13 14 15 16 17 18 19 20 21 22 23 24 25 26 27 28 29 30 31 32 33 34 35 36 37 38 39 40 41 42 43 44 45 46 47 48 49 50 51 52 53 54 55 56 57 58 59 60 61 62 63 64 65 66 67 68 69 70 71 72 73 74 75 76 77 78 79 80 81 82 83 84 85 86 87 88 89 90 91 92 93 94 95 96 97 98 99 100 101 102 103 104 105 106 107 108 109 110 111 112 113 114 115 116 117 118 119 120 121 122 123 124 125 126 127,34797.0,False
base,active,96242.0,99183.0,99186.0,1 2 3 4,34800.0,False
base,active,96302.0,99183.0,99186.0,5 6 7 8,34801.0,False
base,active,96333.0,99183.0,99186.0,9 10,34802.0,False
base,active,96451.0,99183.0,99186.0,11 12,34803.0,False
base,active,96548.0,99183.0,99186.0,13 14 15 16 17 18 19 20 21 22 23 24 25 26 27 28,34807.0,False
base,active,96610.0,99183.0,99186.0,29 30,34810.0,False
base,active,96805.0,99183.0,99186.0,31,34812.0,False
base,active,96865.0,99183.0,99186.0,32,34814.0,False
base,active,97533.0,99183.0,99187.0,33,34816.0,False
base,active,96187.0,99183.0,99197.0,0,34799.0,False
base,active,,99183.0,99197.0,34 35 36 37 38 39 40 41 42 43 44 45 46 47 48 49 50 51 52 53 54 55 56 57 58 59 60 61 62 63 64 65 66 67 68 69 70 71 72 73 74 75 76 77 78 79 80 81 82 83 84 85 86 87 88 89 90 91 92 93 94 95 96 97 98 99 100 101 102 103 104 105 106 107 108 109 110 111 112 113 114 115 116 117 118 119 120 121 122 123 124 125 126 127,-1.0,
base,active,,99186.0,99197.0,1 2 3 4 5 6 7 8 9 10 11 12 13 14 15 16 17 18 19 20 21 22 23 24 25 26 27 28 29 30 31 32,-1.0,
base,active,,99187.0,99197.0,33,-1.0,
base,active,97626.0,99197.0,99521.0,0 1 2 3 4 5 6 7 8 9 10 11 12 13 14 15 16 17 18 19 20 21 22 23 24 25 26 27 28 29 30 31 32 33 34 35 36 37 38 39 40 41 42 43 44 45 46 47 48 49 50 51 52 53 54 55 56 57 58 59 60 61 62 63 64 65 66 67 68 69 70 71 72 73 74 75 76 77 78 79 80 81 82 83 84 85 86 87 88 89 90 91 92 93 94 95 96 97 98 99 100 101 102 103 104 105 106 107 108 109 110 111 112 113 114 115 116 117 118 119 120 121 122 123 124 125 126 127,34818.0,False
base,active,97978.0,99521.0,99526.0,0,34819.0,False
base,active,,99521.0,99526.0,1 2 3 4 5 6 7 8 9 10 11 12 13 14 15 16 17 18 19 20 21 22 23 24 25 26 27 28 29 30 31 32 33 34 35 36 37 38 39 40 41 42 43 44 45 46 47 48 49 50 51 52 53 54 55 56 57 58 59 60 61 62 63 64 65 66 67 68 69 70 71 72 73 74 75 76 77 78 79 80 81 82 83 84 85 86 87 88 89 90 91 92 93 94 95 96 97 98 99 100 101 102 103 104 105 106 107 108 109 110 111 112 113 114 115 116 117 118 119 120 121 122 123 124 125 126 127,-1.0,
base,active,98012.0,99526.0,99720.0,0 1 2 3 4 5 6 7 8 9 10 11 12 13 14 15 16 17 18 19 20 21 22 23 24 25 26 27 28 29 30 31 32 33 34 35 36 37 38 39 40 41 42 43 44 45 46 47 48 49 50 51 52 53 54 55 56 57 58 59 60 61 62 63 64 65 66 67 68 69 70 71 72 73 74 75 76 77 78 79 80 81 82 83 84 85 86 87 88 89 90 91 92 93 94 95 96 97 98 99 100 101 102 103 104 105 106 107 108 109 110 111 112 113 114 115 116 117 118 119 120 121 122 123 124 125 126 127,34820.0,False
base,active,98516.0,99720.0,99849.0,32 33 34 35 36 37 38 39 40 41 42 43 44 45 46 47 48 49 50 51 52 53 54 55 56 57 58 59 60 61 62 63,34823.0,False
base,active,98239.0,99720.0,99985.0,0 1 2 3 4 5 6 7 8 9 10 11 12 13 14 15 16 17 18 19 20 21 22 23 24 25 26 27 28 29 30 31,34821.0,False
base,active,,99720.0,99985.0,64 65 66 67 68 69 70 71 72 73 74 75 76 77 78 79 80 81 82 83 84 85 86 87 88 89 90 91 92 93 94 95 96 97 98 99 100 101 102 103 104 105 106 107 108 109 110 111 112 113 114 115 116 117 118 119 120 121 122 123 124 125 126 127,-1.0,
base,active,,99849.0,99985.0,32 33 34 35 36 37 38 39 40 41 42 43 44 45 46 47 48 49 50 51 52 53 54 55 56 57 58 59 60 61 62 63,-1.0,
base,active,98749.0,99985.0,100223.0,0 1 2 3 4 5 6 7 8 9 10 11 12 13 14 15 16 17 18 19 20 21 22 23 24 25 26 27 28 29 30 31 32 33 34 35 36 37 38 39 40 41 42 43 44 45 46 47 48 49 50 51 52 53 54 55 56 57 58 59 60 61 62 63 64 65 66 67 68 69 70 71 72 73 74 75 76 77 78 79 80 81 82 83 84 85 86 87 88 89 90 91 92 93 94 95 96 97 98 99 100 101 102 103 104 105 106 107 108 109 110 111 112 113 114 115 116 117 118 119 120 121 122 123 124 125 126 127,34824.0,False
base,active,99464.0,100223.0,100230.0,65 66 67 68 69 70 71 72 73 74 75 76 77 78 79 80,34829.0,False
base,active,100102.0,100223.0,100237.0,114,34834.0,False
base,active,99324.0,100223.0,100246.0,32,34826.0,False
base,active,99717.0,100223.0,100247.0,81,34830.0,False
base,active,98992.0,100223.0,100534.0,0 1 2 3 4 5 6 7 8 9 10 11 12 13 14 15 16 17 18 19 20 21 22 23 24 25 26 27 28 29 30 31,34825.0,False
base,active,99744.0,100223.0,100580.0,82 83 84 85 86 87 88 89 90 91 92 93 94 95 96 97 98 99 100 101 102 103 104 105 106 107 108 109 110 111 112 113,34831.0,False
base,active,99345.0,100223.0,100592.0,33 34 35 36 37 38 39 40 41 42 43 44 45 46 47 48 49 50 51 52 53 54 55 56 57 58 59 60 61 62 63 64,34827.0,False
base,active,,100223.0,100592.0,115 116 117 118 119 120 121 122 123 124 125 126 127,-1.0,
base,active,,100230.0,100592.0,65 66 67 68 69 70 71 72 73 74 75 76 77 78 79 80,-1.0,
base,active,,100237.0,100592.0,114,-1.0,
base,active,,100246.0,100592.0,32,-1.0,
base,active,,100247.0,100592.0,81,-1.0,
base,active,,100534.0,100592.0,0 1 2 3 4 5 6 7 8 9 10 11 12 13 14 15 16 17 18 19 20 21 22 23 24 25 26 27 28 29 30 31,-1.0,
base,active,,100580.0,100592.0,82 83 84 85 86 87 88 89 90 91 92 93 94 95 96 97 98 99 100 101 102 103 104 105 106 107 108 109 110 111 112 113,-1.0,
base,active,100231.0,100592.0,100759.0,0 1 2 3 4 5 6 7 8 9 10 11 12 13 14 15 16 17 18 19 20 21 22 23 24 25 26 27 28 29 30 31 32 33 34 35 36 37 38 39 40 41 42 43 44 45 46 47 48 49 50 51 52 53 54 55 56 57 58 59 60 61 62 63 64 65 66 67 68 69 70 71 72 73 74 75 76 77 78 79 80 81 82 83 84 85 86 87 88 89 90 91 92 93 94 95 96 97 98 99 100 101 102 103 104 105 106 107 108 109 110 111 112 113 114 115 116 117 118 119 120 121 122 123 124 125 126 127,34835.0,False
base,active,,100759.0,101059.0,32 33 34 35 36 37 38 39 40 41 42 43 44 45 46 47 48 49 50 51 52 53 54 55 56 57 58 59 60 61 62 63 64 65 66 67 68 69 70 71 72 73 74 75 76 77 78 79 80 81 82 83 84 85 86 87 88 89 90 91 92 93 94 95 96 97 98 99 100 101 102 103 104 105 106 107 108 109 110 111 112 113 114 115 116 117 118 119 120 121 122 123 124 125 126 127,-1.0,
base,active,100461.0,100759.0,101305.0,0 1 2 3 4 5 6 7 8 9 10 11 12 13 14 15 16 17 18 19 20 21 22 23 24 25 26 27 28 29 30 31,34836.0,False
base,switching_off,,101059.0,102859.0,32 33 34 35 36 37 38 39 40 41 42 43 44 45 46 47 48 49 50 51 52 53 54 55 56 57 58 59 60 61 62 63 64 65 66 67 68 69 70 71 72 73 74 75 76 77 78 79 80 81 82 83 84 85 86 87 88 89 90 91 92 93 94 95 96 97 98 99 100 101 102 103 104 105 106 107 108 109 110 111 112 113 114 115 116 117 118 119 120 121 122 123 124 125 126 127,-2.0,
base,active,101060.0,101305.0,101888.0,0 1 2 3 4 5 6 7 8 9 10 11 12 13 14 15 16 17 18 19 20 21 22 23 24 25 26 27 28 29 30 31,34838.0,False
base,active,101644.0,101888.0,101905.0,0,34844.0,False
base,active,,101888.0,101905.0,1 2 3 4 5 6 7 8 9 10 11 12 13 14 15 16 17 18 19 20 21 22 23 24 25 26 27 28 29 30 31,-1.0,
base,active,101690.0,101905.0,102400.0,0 1 2 3 4 5 6 7 8 9 10 11 12 13 14 15 16 17 18 19 20 21 22 23 24 25 26 27 28 29 30 31,34845.0,False
base,active,102047.0,102400.0,102681.0,0 1 2 3 4 5 6 7 8 9 10 11 12 13 14 15 16 17 18 19 20 21 22 23 24 25 26 27 28 29 30 31,34848.0,False
base,active,102192.0,102681.0,102690.0,1,34850.0,False
base,active,102189.0,102681.0,102705.0,0,34849.0,False
base,active,102678.0,102681.0,102761.0,2,34853.0,False
base,active,,102681.0,102981.0,3 4 5 6 7 8 9 10 11 12 13 14 15 16 17 18 19 20 21 22 23 24 25 26 27 28 29 30 31,-1.0,
base,active,,102690.0,102990.0,1,-1.0,
base,active,,102705.0,103005.0,0,-1.0,
base,active,,102761.0,102958.0,2,-1.0,
base,sleeping,,102859.0,103956.0,32,-4.0,
base,sleeping,,102859.0,104033.0,33 34 35 36 37 38 39 40 41 42 43 44 45 46 47 48 49 50 51 52 53 54 55 56 57 58 59 60 61 62 63 64,-4.0,
base,sleeping,,102859.0,108870.0,65 66 67 68 69 70 71 72 73 74 75 76 77 78 79 80 81 82 83 84 85 86 87 88 89 90 91 92 93 94 95,-4.0,
base,sleeping,,102859.0,115955.0,96 97 98 99 100 101 102 103 104 105 106 107 108 109 110 111 112 113 114 115 116 117 118 119 120 121 122 123 124 125 126 127,-4.0,
base,active,102958.0,102958.0,103208.0,2,34855.0,False
base,switching_off,,102981.0,104781.0,3 4 5 6 7 8 9 10 11 12 13 14 15 16 17 18 19 20 21 22 23 24 25 26 27 28 29 30 31,-2.0,
base,switching_off,,102990.0,104790.0,1,-2.0,
base,switching_off,,103005.0,104805.0,0,-2.0,
base,active,,103208.0,103229.0,2,-1.0,
base,active,103229.0,103229.0,103315.0,2,34857.0,False
base,active,,103315.0,103428.0,2,-1.0,
base,active,103428.0,103428.0,103554.0,2,34861.0,False
base,active,,103554.0,103854.0,2,-1.0,
base,switching_off,,103854.0,105654.0,2,-2.0,
base,switching_on,,103956.0,106656.0,32,-3.0,
base,switching_on,,104033.0,106733.0,33 34 35 36 37 38 39 40 41 42 43 44 45 46 47 48 49 50 51 52 53 54 55 56 57 58 59 60 61 62 63 64,-3.0,
base,sleeping,,104781.0,108716.0,3 4 5 6 7 8 9 10 11 12 13 14 15 16 17 18 19 20 21 22 23 24 25 26 27 28 29 30,-4.0,
base,sleeping,,104781.0,108870.0,31,-4.0,
base,sleeping,,104790.0,108716.0,1,-4.0,
base,sleeping,,104805.0,108716.0,0,-4.0,
base,sleeping,,105654.0,108716.0,2,-4.0,
base,active,103956.0,106656.0,107329.0,32,34864.0,False
base,active,104033.0,106733.0,106911.0,33 34 35 36 37 38 39 40 41 42 43 44 45 46 47 48 49 50 51 52 53 54 55 56 57 58 59 60 61 62 63 64,34865.0,False
base,active,104250.0,106911.0,107347.0,33 34 35 36 37 38 39 40 41 42 43 44 45 46 47 48 49 50 51 52 53 54 55 56 57 58 59 60 61 62 63 64,34866.0,False
base,active,104688.0,107329.0,107348.0,32,34868.0,False
base,active,,107347.0,107348.0,34 35 36 37 38 39 40 41 42 43 44 45 46 47 48 49 50 51 52 53 54 55 56 57 58 59 60 61 62 63 64,-1.0,
base,active,104692.0,107347.0,107354.0,33,34869.0,False
base,active,104794.0,107348.0,108315.0,32 34 35 36 37 38 39 40 41 42 43 44 45 46 47 48 49 50 51 52 53 54 55 56 57 58 59 60 61 62 63 64,34871.0,False
base,active,105062.0,107354.0,107741.0,33,34876.0,False
base,active,105678.0,107741.0,107914.0,33,34878.0,False
base,active,,107914.0,108315.0,33,-1.0,
base,active,106054.0,108315.0,108458.0,33,34881.0,False
base,active,105812.0,108315.0,108486.0,32 34 35 36 37 38 39 40 41 42 43 44 45 46 47 48 49 50 51 52 53 54 55 56 57 58 59 60 61 62 63 64,34879.0,False
base,active,,108458.0,108486.0,33,-1.0,
base,active,106499.0,108486.0,108631.0,33,34887.0,False
base,active,106310.0,108486.0,109158.0,32 34 35 36 37 38 39 40 41 42 43 44 45 46 47 48 49 50 51 52 53 54 55 56 57 58 59 60 61 62 63 64,34883.0,False
base,active,106820.0,108631.0,108826.0,33,34889.0,False
base,switching_on,,108716.0,111416.0,0 1 2 3 4 5 6 7 8 9 10 11 12 13 14 15 16 17 18 19 20 21 22 23 24 25 26 27 28 29 30,-3.0,
base,active,106987.0,108826.0,108848.0,33,34891.0,False
base,active,107013.0,108848.0,108853.0,33,34892.0,False
base,active,107024.0,108853.0,108860.0,33,34893.0,False
base,active,,108860.0,109158.0,33,-1.0,
base,switching_on,,108870.0,111570.0,31 65 66 67 68 69 70 71 72 73 74 75 76 77 78 79 80 81 82 83 84 85 86 87 88 89 90 91 92 93 94 95,-3.0,
base,active,107503.0,109158.0,109356.0,32 34 35 36 37 38 39 40 41 42 43 44 45 46 47 48 49 50 51 52 53 54 55 56 57 58 59 60 61 62 63 64,34895.0,False
base,active,107979.0,109158.0,109397.0,33,34901.0,False
base,active,108061.0,109356.0,109873.0,32 34 35 36 37 38 39 40 41 42 43 44 45 46 47 48 49 50 51 52 53 54 55 56 57 58 59 60 61 62 63 64,34902.0,False
base,active,108580.0,109397.0,109419.0,33,34904.0,False
base,active,108588.0,109419.0,109425.0,33,34905.0,False
base,active,108597.0,109425.0,109434.0,33,34906.0,False
base,active,108628.0,109434.0,109695.0,33,34907.0,False
base,active,,109695.0,111416.0,33,-1.0,
base,active,,109873.0,111416.0,32 34 35 36 37 38 39 40 41 42 43 44 45 46 47 48 49 50 51 52 53 54 55 56 57 58 59 60 61 62 63 64,-1.0,
base,active,108716.0,111416.0,111871.0,0 1 2 3 4 5 6 7 8 9 10 11 12 13 14 15 16 17 18 19 20 21 22 23 24 25 26 27 28 29 30 32 33 34 35 36 37 38 39 40 41 42 43 44 45 46 47 48 49 50 51 52 53 54 55 56 57 58 59 60 61 62 63 64,34908.0,False
base,active,108870.0,111570.0,111802.0,31 65 66 67 68 69 70 71 72 73 74 75 76 77 78 79 80 81 82 83 84 85 86 87 88 89 90 91 92 93 94 95,34909.0,False
base,active,,111802.0,111871.0,31,-1.0,
base,active,,111802.0,112102.0,65 66 67 68 69 70 71 72 73 74 75 76 77 78 79 80 81 82 83 84 85 86 87 88 89 90 91 92 93 94 95,-1.0,
base,active,109566.0,111871.0,111973.0,31,34917.0,False
base,active,109337.0,111871.0,112154.0,0 1 2 3 4 5 6 7 8 9 10 11 12 13 14 15 16 17 18 19 20 21 22 23 24 25 26 27 28 29 30 32 33 34 35 36 37 38 39 40 41 42 43 44 45 46 47 48 49 50 51 52 53 54 55 56 57 58 59 60 61 62 63 64,34913.0,False
base,active,,111973.0,112614.0,31,-1.0,
base,switching_off,,112102.0,113902.0,65 66 67 68 69 70 71 72 73 74 75 76 77 78 79 80 81 82 83 84 85 86 87 88 89 90 91 92 93 94 95,-2.0,
base,active,109815.0,112154.0,112614.0,0 1 2 3 4 5 6 7 8 9 10 11 12 13 14 15 16 17 18 19 20 21 22 23 24 25 26 27 28 29 30 32 33 34 35 36 37 38 39 40 41 42 43 44 45 46 47 48 49 50 51 52 53 54 55 56 57 58 59 60 61 62 63 64,34918.0,False
base,active,111224.0,112614.0,112632.0,31,34927.0,False
base,active,110725.0,112614.0,113032.0,0 1 2 3 4 5 6 7 8 9 10 11 12 13 14 15 16 17 18 19 20 21 22 23 24 25 26 27 28 29 30 32 33 34 35 36 37 38 39 40 41 42 43 44 45 46 47 48 49 50 51 52 53 54 55 56 57 58 59 60 61 62 63 64,34921.0,False
base,active,,112632.0,113032.0,31,-1.0,
base,active,111550.0,113032.0,113169.0,31,34930.0,False
base,active,111235.0,113032.0,113233.0,0 1 2 3 4 5 6 7 8 9 10 11 12 13 14 15 16 17 18 19 20 21 22 23 24 25 26 27 28 29 30 32 33 34 35 36 37 38 39 40 41 42 43 44 45 46 47 48 49 50 51 52 53 54 55 56 57 58 59 60 61 62 63 64,34928.0,False
base,active,112418.0,113169.0,113229.0,31,34936.0,False
base,active,,113229.0,113529.0,31,-1.0,
base,active,112766.0,113233.0,113326.0,0 1,34938.0,False
base,active,,113233.0,113447.0,35 36 37 38 39 40 41 42 43 44 45 46 47 48 49 50 51 52 53 54 55 56 57 58 59 60 61 62 63 64,-1.0,
base,active,113036.0,113233.0,113450.0,2 3 4 5 6 7 8 9 10 11 12 13 14 15 16 17 18 19 20 21 22 23 24 25 26 27 28 29 30 32 33 34,34940.0,False
base,active,,113326.0,113447.0,0 1,-1.0,
base,active,113447.0,113447.0,113855.0,0 1 35 36 37 38 39 40 41 42 43 44 45 46 47 48 49 50 51 52 53 54 55 56 57 58 59 60 61 62 63 64,34942.0,False
base,active,,113450.0,113750.0,2 3 4 5 6 7 8 9 10 11 12 13 14 15 16 17 18 19 20 21 22 23 24 25 26 27 28 29 30 32 33 34,-1.0,
base,switching_off,,113529.0,115329.0,31,-2.0,
base,switching_off,,113750.0,115550.0,2 3 4 5 6 7 8 9 10 11 12 13 14 15 16 17 18 19 20 21 22 23 24 25 26 27 28 29 30 32 33 34,-2.0,
base,active,,113855.0,114155.0,0 1 35 36 37 38 39 40 41 42 43 44 45 46 47 48 49 50 51 52 53 54 55 56 57 58 59 60 61 62 63 64,-1.0,
base,sleeping,,113902.0,115955.0,65 66 67 68 69 70 71 72 73 74 75 76 77 78 79 80 81 82 83 84 85 86 87 88 89 90 91 92 93 94 95,-4.0,
base,switching_off,,114155.0,115955.0,0 1 35 36 37 38 39 40 41 42 43 44 45 46 47 48 49 50 51 52 53 54 55 56 57 58 59 60 61 62 63 64,-2.0,
base,sleeping,,115329.0,115955.0,31,-4.0,
base,sleeping,,115550.0,115955.0,2 3 4 5 6 7 8 9 10 11 12 13 14 15 16 17 18 19 20 21 22 23 24 25 26 27 28 29 30 32 33 34,-4.0,
base,switching_on,,115955.0,118655.0,0 1 2 3 4 5 6 7 8 9 10 11 12 13 14 15 16 17 18 19 20 21 22 23 24 25 26 27 28 29 30 31 32 33 34 35 36 37 38 39 40 41 42 43 44 45 46 47 48 49 50 51 52 53 54 55 56 57 58 59 60 61 62 63 64 65 66 67 68 69 70 71 72 73 74 75 76 77 78 79 80 81 82 83 84 85 86 87 88 89 90 91 92 93 94 95 96 97 98 99 100 101 102 103 104 105 106 107 108 109 110 111 112 113 114 115 116 117 118 119 120 121 122 123 124 125 126 127,-3.0,
base,active,115330.0,118655.0,118711.0,0 1 2 3 4 5 6 7 8 9 10 11 12 13 14 15 16 17 18 19 20 21 22 23 24 25 26 27 28 29 30 31 32 33 34 35 36 37 38 39 40 41 42 43 44 45 46 47 48 49 50 51 52 53 54 55 56 57 58 59 60 61 62 63 64 65 66 67 68 69 70 71 72 73 74 75 76 77 78 79 80 81 82 83 84 85 86 87 88 89 90 91 92 93 94 95 96 97 98 99 100 101 102 103 104 105 106 107 108 109 110 111 112 113 114 115 116 117 118 119 120 121 122 123 124 125 126 127,34954.0,False
base,active,115454.0,118711.0,119478.0,0 1 2 3 4 5 6 7 8 9 10 11 12 13 14 15 16 17 18 19 20 21 22 23 24 25 26 27 28 29 30 31 32 33 34 35 36 37 38 39 40 41 42 43 44 45 46 47 48 49 50 51 52 53 54 55 56 57 58 59 60 61 62 63 64 65 66 67 68 69 70 71 72 73 74 75 76 77 78 79 80 81 82 83 84 85 86 87 88 89 90 91 92 93 94 95 96 97 98 99 100 101 102 103 104 105 106 107 108 109 110 111 112 113 114 115 116 117 118 119 120 121 122 123 124 125 126 127,34955.0,False
base,active,116555.0,119478.0,119750.0,0 1 2 3 4 5 6 7 8 9 10 11 12 13 14 15 16 17 18 19 20 21 22 23 24 25 26 27 28 29 30 31 32 33 34 35 36 37 38 39 40 41 42 43 44 45 46 47 48 49 50 51 52 53 54 55 56 57 58 59 60 61 62 63,34957.0,False
base,active,116876.0,119478.0,119869.0,64 65 66 67 68 69 70 71 72 73 74 75 76 77 78 79 80 81 82 83 84 85 86 87 88 89 90 91 92 93 94 95 96 97 98 99 100 101 102 103 104 105 106 107 108 109 110 111 112 113 114 115 116 117 118 119 120 121 122 123 124 125 126 127,34959.0,False
base,active,117269.0,119750.0,119758.0,0,34961.0,False
base,active,117663.0,119750.0,119769.0,33,34966.0,False
base,active,,119750.0,119769.0,34 35 36 37 38 39 40 41 42 43 44 45 46 47 48 49 50 51 52 53 54 55 56 57 58 59 60 61 62 63,-1.0,
base,active,117474.0,119750.0,119839.0,1 2 3 4 5 6 7 8 9 10 11 12 13 14 15 16 17 18 19 20 21 22 23 24 25 26 27 28 29 30 31 32,34962.0,False
base,active,,119758.0,119769.0,0,-1.0,
base,active,117950.0,119769.0,119773.0,0 33 34 35 36 37 38 39 40 41 42 43 44 45 46 47 48 49 50 51 52 53 54 55 56 57 58 59 60 61 62 63,34969.0,False
base,active,118066.0,119773.0,119789.0,0,34970.0,False
base,active,,119773.0,119789.0,33 34 35 36 37 38 39 40 41 42 43 44 45 46 47 48 49 50 51 52 53 54 55 56 57 58 59 60 61 62 63,-1.0,
base,active,118127.0,119789.0,120303.0,0 33 34 35 36 37 38 39 40 41 42 43 44 45 46 47 48 49 50 51 52 53 54 55 56 57 58 59 60 61 62 63,34971.0,False
base,active,,119839.0,119869.0,1 2 3 4 5 6 7 8 9 10 11 12 13 14 15 16 17 18 19 20 21 22 23 24 25 26 27 28 29 30 31 32,-1.0,
base,active,119151.0,119869.0,120262.0,1 2 3 4 5 6 7 8 9 10 11 12 13 14 15 16 17 18 19 20 21 22 23 24 25 26 27 28 29 30 31 32,34979.0,False
base,active,118130.0,119869.0,129065.0,64 65 66 67 68 69 70 71 72 73 74 75 76 77 78 79 80 81 82 83 84 85 86 87 88 89 90 91 92 93 94 95 96 97 98 99 100 101 102 103 104 105 106 107 108 109 110 111 112 113 114 115 116 117 118 119 120 121 122 123 124 125 126 127,34972.0,False
base,active,,120262.0,120562.0,1 2 3 4 5 6 7 8 9 10 11 12 13 14 15 16 17 18 19 20 21 22 23 24 25 26 27 28 29 30 31 32,-1.0,
base,active,,120303.0,120603.0,0 33 34 35 36 37 38 39 40 41 42 43 44 45 46 47 48 49 50 51 52 53 54 55 56 57 58 59 60 61 62 63,-1.0,
base,switching_off,,120562.0,122362.0,1 2 3 4 5 6 7 8 9 10 11 12 13 14 15 16 17 18 19 20 21 22 23 24 25 26 27 28 29 30 31 32,-2.0,
base,switching_off,,120603.0,122403.0,0 33 34 35 36 37 38 39 40 41 42 43 44 45 46 47 48 49 50 51 52 53 54 55 56 57 58 59 60 61 62 63,-2.0,
base,sleeping,,122362.0,127339.0,1 2 3 4 5 6 7 8 9 10 11 12 13 14 15 16 17 18 19 20 21 22 23 24 25 26 27 28 29 30 31 32,-4.0,
base,sleeping,,122403.0,127339.0,0 33 34 35 36 37 38 39 40 41 42 43 44 45 46 47 48 49 50 51 52 53 54 55 56 57 58 59 60 61 62 63,-4.0,
base,switching_on,,127339.0,130039.0,0 1 2 3 4 5 6 7 8 9 10 11 12 13 14 15 16 17 18 19 20 21 22 23 24 25 26 27 28 29 30 31 32 33 34 35 36 37 38 39 40 41 42 43 44 45 46 47 48 49 50 51 52 53 54 55 56 57 58 59 60 61 62 63,-3.0,
base,active,126975.0,129065.0,129115.0,64,35017.0,False
base,active,127058.0,129065.0,129339.0,65 66 67 68 69 70 71 72,35018.0,False
base,active,,129065.0,130039.0,73 74 75 76 77 78 79 80 81 82 83 84 85 86 87 88 89 90 91 92 93 94 95 96 97 98 99 100 101 102 103 104 105 106 107 108 109 110 111 112 113 114 115 116 117 118 119 120 121 122 123 124 125 126 127,-1.0,
base,active,,129115.0,130039.0,64,-1.0,
base,active,,129339.0,130039.0,65 66 67 68 69 70 71 72,-1.0,
base,active,127339.0,130039.0,140969.0,0 1 2 3 4 5 6 7 8 9 10 11 12 13 14 15 16 17 18 19 20 21 22 23 24 25 26 27 28 29 30 31 32 33 34 35 36 37 38 39 40 41 42 43 44 45 46 47 48 49 50 51 52 53 54 55 56 57 58 59 60 61 62 63 64 65 66 67 68 69 70 71 72 73 74 75 76 77 78 79 80 81 82 83 84 85 86 87 88 89 90 91 92 93 94 95 96 97 98 99 100 101 102 103 104 105 106 107 108 109 110 111 112 113 114 115 116 117 118 119 120 121 122 123 124 125 126 127,35019.0,False
base,active,,140969.0,141269.0,64 65 66 67 68 69 70 71 72 73 74 75 76 77 78 79 80 81 82 83 84 85 86 87 88 89 90 91 92 93 94 95 96 97 98 99 100 101 102 103 104 105 106 107 108 109 110 111 112 113 114 115 116 117 118 119 120 121 122 123 124 125 126 127,-1.0,
base,active,138273.0,140969.0,151893.0,0 1 2 3 4 5 6 7 8 9 10 11 12 13 14 15 16 17 18 19 20 21 22 23 24 25 26 27 28 29 30 31 32 33 34 35 36 37 38 39 40 41 42 43 44 45 46 47 48 49 50 51 52 53 54 55 56 57 58 59 60 61 62 63,35020.0,False
base,switching_off,,141269.0,143069.0,64 65 66 67 68 69 70 71 72 73 74 75 76 77 78 79 80 81 82 83 84 85 86 87 88 89 90 91 92 93 94 95 96 97 98 99 100 101 102 103 104 105 106 107 108 109 110 111 112 113 114 115 116 117 118 119 120 121 122 123 124 125 126 127,-2.0,
base,sleeping,,143069.0,152781.0,64 65 66 67 68 69 70 71 72 73 74 75 76 77 78 79,-4.0,
base,sleeping,,143069.0,158950.0,80 81 82 83 84 85 86 87 88 89 90 91 92 93 94 95,-4.0,
base,sleeping,,143069.0,169034.0,96 97 98 99 100 101 102 103 104 105 106 107 108 109 110 111 112 113 114 115 116 117 118 119 120 121 122 123 124 125 126 127,-4.0,
base,active,151501.0,151893.0,151960.0,16 17 18 19 20 21 22 23 24 25 26 27 28 29 30 31,35069.0,False
base,active,150853.0,151893.0,152079.0,0 1 2 3 4 5 6 7 8 9 10 11 12 13 14 15,35068.0,False
base,active,,151893.0,152193.0,32 33 34 35 36 37 38 39 40 41 42 43 44 45 46 47 48 49 50 51 52 53 54 55 56 57 58 59 60 61 62 63,-1.0,
base,active,,151960.0,152260.0,16 17 18 19 20 21 22 23 24 25 26 27 28 29 30 31,-1.0,
base,active,,152079.0,152379.0,0 1 2 3 4 5 6 7 8 9 10 11 12 13 14 15,-1.0,
base,switching_off,,152193.0,153993.0,32 33 34 35 36 37 38 39 40 41 42 43 44 45 46 47 48 49 50 51 52 53 54 55 56 57 58 59 60 61 62 63,-2.0,
base,switching_off,,152260.0,154060.0,16 17 18 19 20 21 22 23 24 25 26 27 28 29 30 31,-2.0,
base,switching_off,,152379.0,154179.0,0 1 2 3 4 5 6 7 8 9 10 11 12 13 14 15,-2.0,
base,switching_on,,152781.0,155481.0,64 65 66 67 68 69 70 71 72 73 74 75 76 77 78 79,-3.0,
base,sleeping,,153993.0,158950.0,32 33 34 35 36 37 38 39 40 41 42 43 44 45 46 47 48 49 50 51 52 53 54 55 56 57 58 59 60 61 62 63,-4.0,
base,sleeping,,154060.0,158950.0,16 17 18 19 20 21 22 23 24 25 26 27 28 29 30 31,-4.0,
base,sleeping,,154179.0,155047.0,0 1 2 3 4 5 6 7 8 9 10 11 12 13 14 15,-4.0,
base,switching_on,,155047.0,157747.0,0 1 2 3 4 5 6 7 8 9 10 11 12 13 14 15,-3.0,
base,active,152781.0,155481.0,155678.0,64 65 66 67 68 69 70 71 72 73 74 75 76 77 78 79,35070.0,False
base,active,153105.0,155678.0,155900.0,64 65 66 67 68 69 70 71 72 73 74 75 76 77 78 79,35071.0,False
base,active,153425.0,155900.0,156025.0,64 65 66 67 68 69 70 71 72 73 74 75 76 77 78 79,35072.0,False
base,active,154165.0,156025.0,156231.0,64 65 66 67 68 69 70 71 72 73 74 75 76 77 78 79,35073.0,False
base,active,154608.0,156231.0,156404.0,64 65 66 67 68 69 70 71 72 73 74 75 76 77 78 79,35074.0,False
base,active,,156404.0,157747.0,64 65 66 67 68 69 70 71 72 73 74 75 76 77 78 79,-1.0,
base,active,155047.0,157747.0,158143.0,0 1 2 3 4 5 6 7 8 9 10 11 12 13 14 15 64 65 66 67 68 69 70 71 72 73 74 75 76 77 78 79,35075.0,False
base,active,157831.0,158143.0,158563.0,0 1 2 3 4 5 6 7 8 9 10 11 12 13 14 15 64 65 66 67 68 69 70 71 72 73 74 75 76 77 78 79,35076.0,False
base,active,,158563.0,158863.0,0 1 2 3 4 5 6 7 8 9 10 11 12 13 14 15 64 65 66 67 68 69 70 71 72 73 74 75 76 77 78 79,-1.0,
base,switching_off,,158863.0,160663.0,0 1 2 3 4 5 6 7 8 9 10 11 12 13 14 15 64 65 66 67 68 69 70 71 72 73 74 75 76 77 78 79,-2.0,
base,switching_on,,158950.0,161650.0,16 17 18 19 20 21 22 23 24 25 26 27 28 29 30 31 32 33 34 35 36 37 38 39 40 41 42 43 44 45 46 47 48 49 50 51 52 53 54 55 56 57 58 59 60 61 62 63 80 81 82 83 84 85 86 87 88 89 90 91 92 93 94 95,-3.0,
base,sleeping,,160663.0,161478.0,0 1 2 3 4 5 6 7 8 9 10 11 12 13 14 15 64 65 66 67 68 69 70 71 72 73 74 75 76 77 78 79,-4.0,
base,switching_on,,161478.0,164178.0,0 1 2 3 4 5 6 7 8 9 10 11 12 13 14 15 64 65 66 67 68 69 70 71 72 73 74 75 76 77 78 79,-3.0,
base,active,158950.0,161650.0,166628.0,16 17 18 19 20 21 22 23 24 25 26 27 28 29 30 31 32 33 34 35 36 37 38 39 40 41 42 43 44 45 46 47 48 49 50 51 52 53 54 55 56 57 58 59 60 61 62 63 80 81 82 83 84 85 86 87 88 89 90 91 92 93 94 95,35077.0,False
base,active,161478.0,164178.0,164275.0,0 1 2 3 4 5 6 7 8 9 10 11 12 13 14 15 64 65 66 67 68 69 70 71 72 73 74 75 76 77 78 79,35088.0,False
base,active,161850.0,164275.0,164352.0,0 1 2 3 4 5 6 7 8 9 10 11 12 13 14 15,35089.0,False
base,active,162011.0,164275.0,164746.0,64 65 66 67 68 69 70 71 72 73 74 75 76 77 78 79,35091.0,False
base,active,162089.0,164352.0,164370.0,0,35092.0,False
base,active,,164352.0,164370.0,1 2 3 4 5 6 7 8 9 10 11 12 13 14 15,-1.0,
base,active,162665.0,164370.0,164823.0,0 1 2 3 4 5 6 7 8 9 10 11 12 13 14 15,35098.0,False
base,active,,164746.0,164823.0,64 65 66 67 68 69 70 71 72 73 74 75 76 77 78 79,-1.0,
base,active,162773.0,164823.0,165042.0,0 1 2 3 4 5 6 7 8 9 10 11 12 13 14 15 64 65 66 67 68 69 70 71 72 73 74 75 76 77 78 79,35099.0,False
base,active,163448.0,165042.0,165063.0,64,35103.0,False
base,active,163265.0,165042.0,165280.0,0 1 2 3 4 5 6 7 8 9 10 11 12 13 14 15,35101.0,False
base,active,,165042.0,165280.0,65 66 67 68 69 70 71 72 73 74 75 76 77 78 79,-1.0,
base,active,,165063.0,165280.0,64,-1.0,
base,active,163648.0,165280.0,165634.0,0 1 2 3 4 5 6 7 8 9 10 11 12 13 14 15 64 65 66 67 68 69 70 71 72 73 74 75 76 77 78 79,35104.0,False
base,active,163980.0,165634.0,165642.0,1,35111.0,False
base,active,163931.0,165634.0,165647.0,0,35110.0,False
base,active,,165634.0,165647.0,2 3 4 5 6 7 8 9 10 11 12 13 14 15 64 65 66 67 68 69 70 71 72 73 74 75 76 77 78 79,-1.0,
base,active,,165642.0,165647.0,1,-1.0,
base,active,164169.0,165647.0,166040.0,0 1 2 3 4 5 6 7 8 9 10 11 12 13 14 15 64 65 66 67 68 69 70 71 72 73 74 75 76 77 78 79,35112.0,False
base,active,,166040.0,166340.0,3 4 5 6 7 8 9 10 11 12 13 14 15 64 65 66 67 68 69 70 71 72 73 74 75 76 77 78 79,-1.0,
base,active,,166040.0,166628.0,0 1,-1.0,
base,active,,166040.0,166914.0,2,-1.0,
base,switching_off,,166340.0,168140.0,3 4 5 6 7 8 9 10 11 12 13 14 15 64 65 66 67 68 69 70 71 72 73 74 75 76 77 78 79,-2.0,
base,active,164743.0,166628.0,166643.0,0,35115.0,False
base,active,164750.0,166628.0,166651.0,1,35116.0,False
base,active,164460.0,166628.0,166914.0,16 17 18 19 20 21 22 23 24 25 26 27 28 29 30 31 32 33 34 35 36 37 38 39 40 41 42 43 44 45 46 47 48 49 50 51 52 53 54 55 56 57 58 59 60 61 62 63 80 81 82 83 84 85 86 87 88 89 90 91 92 93 94 95,35114.0,False
base,active,,166643.0,166914.0,0,-1.0,
base,active,,166651.0,166914.0,1,-1.0,
base,active,165208.0,166914.0,166926.0,0,35122.0,False
base,active,165226.0,166914.0,166931.0,2,35123.0,False
base,active,165180.0,166914.0,166934.0,1,35121.0,False
base,active,164903.0,166914.0,167189.0,16 17 18 19 20 21 22 23 24 25 26 27 28 29 30 31 32 33 34 35 36 37 38 39 40 41 42 43 44 45 46 47 48 49 50 51 52 53 54 55 56 57 58 59 60 61 62 63 80 81 82 83 84 85 86 87 88 89 90 91 92 93 94 95,35118.0,False
base,active,,166926.0,167226.0,0,-1.0,
base,active,,166931.0,167231.0,2,-1.0,
base,active,,166934.0,167234.0,1,-1.0,
base,active,165285.0,167189.0,167396.0,16 17 18 19 20 21 22 23 24 25 26 27 28 29 30 31 32 33 34 35 36 37 38 39 40 41 42 43 44 45 46 47 48 49 50 51 52 53 54 55 56 57 58 59 60 61 62 63 80 81 82 83 84 85 86 87 88 89 90 91 92 93 94 95,35125.0,False
base,switching_off,,167226.0,169026.0,0,-2.0,
base,switching_off,,167231.0,169031.0,2,-2.0,
base,switching_off,,167234.0,169034.0,1,-2.0,
base,active,,167396.0,167696.0,16 17 18 19 20 21 22 23 24 25 26 27 28 29 30 31 32 33 34 35 36 37 38 39 40 41 42 43 44 45 46 47 48 49 50 51 52 53 54 55 56 57 58 59 60 61 62 63 80 81 82 83 84 85 86 87 88 89 90 91 92 93 94 95,-1.0,
base,switching_off,,167696.0,169496.0,16 17 18 19 20 21 22 23 24 25 26 27 28 29 30 31 32 33 34 35 36 37 38 39 40 41 42 43 44 45 46 47 48 49 50 51 52 53 54 55 56 57 58 59 60 61 62 63 80 81 82 83 84 85 86 87 88 89 90 91 92 93 94 95,-2.0,
base,sleeping,,168140.0,169034.0,3 4 5 6 7 8 9 10 11 12 13 14 15 64 65 66 67 68 69 70 71 72 73 74 75 76 77 78 79,-4.0,
base,sleeping,,169026.0,169034.0,0,-4.0,
base,sleeping,,169031.0,169034.0,2,-4.0,
base,switching_on,,169034.0,171734.0,0 1 2 3 4 5 6 7 8 9 10 11 12 13 14 15 64 65 66 67 68 69 70 71 72 73 74 75 76 77 78 79 96 97 98 99 100 101 102 103 104 105 106 107 108 109 110 111 112 113 114 115 116 117 118 119 120 121 122 123 124 125 126 127,-3.0,
base,sleeping,,169496.0,169511.0,18 19 20 21 22 23 24 25 26 27 28 29 30 31 32 33 34 35 36 37 38 39 40 41 42 43 44 45 46 47 48 49 50 51 52 53 54 55 56 57 58 59 60 61 62 63 80 81 82 83 84 85 86 87 88 89 90 91 92 93 94 95,-4.0,
base,switching_on,,169496.0,172196.0,16 17,-3.0,
base,switching_on,,169511.0,172211.0,18 19 20 21 22 23 24 25 26 27 28 29 30 31 32 33 34 35 36 37 38 39 40 41 42 43 44 45 46 47 48 49 50 51 52 53 54 55 56 57 58 59 60 61 62 63 80 81 82 83 84 85 86 87 88 89 90 91 92 93 94 95,-3.0,
base,active,167845.0,171734.0,171943.0,0 1 2 3 4 5 6 7 8 9 10 11 12 13 14 15 64 65 66 67 68 69 70 71 72 73 74 75 76 77 78 79 96 97 98 99 100 101 102 103 104 105 106 107 108 109 110 111 112 113 114 115 116 117 118 119 120 121 122 123 124 125 126 127,35137.0,False
base,active,168077.0,171943.0,172241.0,0 1 2 3 4 5 6 7 8 9 10 11 12 13 14 15 64 65 66 67 68 69 70 71 72 73 74 75 76 77 78 79 96 97 98 99 100 101 102 103 104 105 106 107 108 109 110 111 112 113 114 115 116 117 118 119 120 121 122 123 124 125 126 127,35140.0,False
base,active,168372.0,172196.0,172208.0,16,35144.0,False
base,active,168377.0,172196.0,172211.0,17,35145.0,False
base,active,,172208.0,172211.0,16,-1.0,
base,active,168432.0,172211.0,172498.0,16 17 18 19 20 21 22 23 24 25 26 27 28 29 30 31 32 33 34 35 36 37 38 39 40 41 42 43 44 45 46 47 48 49 50 51 52 53 54 55 56 57 58 59 60 61 62 63 80 81 82 83 84 85 86 87 88 89 90 91 92 93 94 95,35146.0,False
base,active,168856.0,172241.0,172786.0,0 1 2 3 4 5 6 7 8 9 10 11 12 13 14 15 64 65 66 67 68 69 70 71 72 73 74 75 76 77 78 79 96 97 98 99 100 101 102 103 104 105 106 107 108 109 110 111 112 113 114 115 116 117 118 119 120 121 122 123 124 125 126 127,35148.0,False
base,active,169536.0,172498.0,172906.0,16 17 18 19 20 21 22 23 24 25 26 27 28 29 30 31 32 33 34 35 36 37 38 39 40 41 42 43 44 45 46 47 48 49 50 51 52 53 54 55 56 57 58 59 60 61 62 63 80 81 82 83 84 85 86 87 88 89 90 91 92 93 94 95,35153.0,False
base,active,169941.0,172786.0,172797.0,96,35157.0,False
base,active,169945.0,172786.0,172808.0,97,35158.0,False
base,active,,172786.0,172906.0,98 99 100 101 102 103 104 105 106 107 108 109 110 111 112 113 114 115 116 117 118 119 120 121 122 123 124 125 126 127,-1.0,
base,active,169884.0,172786.0,173020.0,0 1 2 3 4 5 6 7 8 9 10 11 12 13 14 15 64 65 66 67 68 69 70 71 72 73 74 75 76 77 78 79,35156.0,False
base,active,,172797.0,172906.0,96,-1.0,
base,active,,172808.0,172906.0,97,-1.0,
base,active,170027.0,172906.0,173064.0,16 17 18 19 20 21 22 23 24 25 26 27 28 29 30 31 32 33 34 35 36 37 38 39 40 41 42 43 44 45 46 47 48 49 50 51 52 53 54 55 56 57 58 59 60 61 62 63 80 81 82 83 84 85 86 87 88 89 90 91 92 93 94 95,35159.0,False
base,active,170207.0,172906.0,173381.0,96 97 98 99 100 101 102 103 104 105 106 107 108 109 110 111 112 113 114 115 116 117 118 119 120 121 122 123 124 125 126 127,35161.0,False
base,active,,173020.0,173381.0,0 1 2 3 4 5 6 7 8 9 10 11 12 13 14 15 64 65 66 67 68 69 70 71 72 73 74 75 76 77 78 79,-1.0,
base,active,170355.0,173064.0,173387.0,16 17 18 19 20 21 22 23 24 25 26 27 28 29 30 31 32 33 34 35 36 37 38 39 40 41 42 43 44 45 46 47 48 49 50 51 52 53 54 55 56 57 58 59 60 61 62 63 80 81 82 83 84 85 86 87 88 89 90 91 92 93 94 95,35162.0,False
base,active,170933.0,173381.0,173841.0,0 1 2 3 4 5 6 7 8 9 10 11 12 13 14 15 64 65 66 67 68 69 70 71 72 73 74 75 76 77 78 79 96 97 98 99 100 101 102 103 104 105 106 107 108 109 110 111 112 113 114 115 116 117 118 119 120 121 122 123 124 125 126 127,35164.0,False
base,active,170978.0,173387.0,173792.0,16 17 18 19 20 21 22 23 24 25 26 27 28 29 30 31 32 33 34 35 36 37 38 39 40 41 42 43 44 45 46 47,35166.0,False
base,active,,173387.0,173792.0,48 49 50 51 52 53 54 55 56 57 58 59 60 61 62 63 80 81 82 83 84 85 86 87 88 89 90 91 92 93 94 95,-1.0,
base,active,171592.0,173792.0,174050.0,16 17 18 19 20 21 22 23 24 25 26 27 28 29 30 31 32 33 34 35 36 37 38 39 40 41 42 43 44 45 46 47 48 49 50 51 52 53 54 55 56 57 58 59 60 61 62 63 80 81 82 83 84 85 86 87 88 89 90 91 92 93 94 95,35171.0,False
base,active,171852.0,173841.0,173864.0,0,35173.0,False
base,active,171862.0,173841.0,173964.0,1 2 3 4 5 6 7 8 9 10 11 12 13 14 15 64 65 66 67 68 69 70 71 72 73 74 75 76 77 78 79 96,35174.0,False
base,active,,173841.0,174141.0,97 98 99 100 101 102 103 104 105 106 107 108 109 110 111 112 113 114 115 116 117 118 119 120 121 122 123 124 125 126 127,-1.0,
base,active,,173864.0,174164.0,0,-1.0,
base,active,,173964.0,174264.0,1 2 3 4 5 6 7 8 9 10 11 12 13 14 15 64 65 66 67 68 69 70 71 72 73 74 75 76 77 78 79 96,-1.0,
base,active,,174050.0,174350.0,16 17 18 19 20 21 22 23 24 25 26 27 28 29 30 31 32 33 34 35 36 37 38 39 40 41 42 43 44 45 46 47 48 49 50 51 52 53 54 55 56 57 58 59 60 61 62 63 80 81 82 83 84 85 86 87 88 89 90 91 92 93 94 95,-1.0,
base,switching_off,,174141.0,175941.0,97 98 99 100 101 102 103 104 105 106 107 108 109 110 111 112 113 114 115 116 117 118 119 120 121 122 123 124 125 126 127,-2.0,
base,switching_off,,174164.0,175964.0,0,-2.0,
base,switching_off,,174264.0,176064.0,1 2 3 4 5 6 7 8 9 10 11 12 13 14 15 64 65 66 67 68 69 70 71 72 73 74 75 76 77 78 79 96,-2.0,
base,switching_off,,174350.0,176150.0,16 17 18 19 20 21 22 23 24 25 26 27 28 29 30 31 32 33 34 35 36 37 38 39 40 41 42 43 44 45 46 47 48 49 50 51 52 53 54 55 56 57 58 59 60 61 62 63 80 81 82 83 84 85 86 87 88 89 90 91 92 93 94 95,-2.0,
base,sleeping,,175941.0,195022.0,97 98 99 100 101 102 103 104 105 106 107 108 109 110 111 112 113 114 115 116 117 118 119 120 121 122 123 124 125 126 127,-4.0,
base,sleeping,,175964.0,179095.0,0,-4.0,
base,sleeping,,176064.0,179095.0,1 2 3 4 5 6 7 8 9 10 11 12 13 14 15,-4.0,
base,sleeping,,176064.0,184034.0,64 65 66 67 68 69 70 71 72 73 74 75 76 77 78 79,-4.0,
base,sleeping,,176064.0,195022.0,96,-4.0,
base,sleeping,,176150.0,179095.0,16 17 18 19 20 21 22 23 24 25 26 27 28 29 30 31,-4.0,
base,sleeping,,176150.0,179420.0,32 33 34 35 36 37 38 39 40 41 42 43 44 45 46 47 48 49 50 51 52 53 54 55 56 57 58 59 60 61 62 63,-4.0,
base,sleeping,,176150.0,184034.0,80 81 82 83 84 85 86 87 88 89 90 91 92 93 94 95,-4.0,
base,switching_on,,179095.0,181795.0,0 1 2 3 4 5 6 7 8 9 10 11 12 13 14 15 16 17 18 19 20 21 22 23 24 25 26 27 28 29 30 31,-3.0,
base,switching_on,,179420.0,182120.0,32 33 34 35 36 37 38 39 40 41 42 43 44 45 46 47 48 49 50 51 52 53 54 55 56 57 58 59 60 61 62 63,-3.0,
base,active,179095.0,181795.0,182010.0,0 1 2 3 4 5 6 7 8 9 10 11 12 13 14 15 16 17 18 19 20 21 22 23 24 25 26 27 28 29 30 31,35177.0,False
base,active,,182010.0,182120.0,0 1 2 3 4 5 6 7 8 9 10 11 12 13 14 15 16 17 18 19 20 21 22 23 24 25 26 27 28 29 30 31,-1.0,
base,active,179420.0,182120.0,182430.0,0 1 2 3 4 5 6 7 8 9 10 11 12 13 14 15 16 17 18 19 20 21 22 23 24 25 26 27 28 29 30 31 32 33 34 35 36 37 38 39 40 41 42 43 44 45 46 47 48 49 50 51 52 53 54 55 56 57 58 59 60 61 62 63,35178.0,False
base,active,179794.0,182430.0,182724.0,0 1 2 3 4 5 6 7 8 9 10 11 12 13 14 15 16 17 18 19 20 21 22 23 24 25 26 27 28 29 30 31 32 33 34 35 36 37 38 39 40 41 42 43 44 45 46 47 48 49 50 51 52 53 54 55 56 57 58 59 60 61 62 63,35179.0,False
base,active,180315.0,182724.0,183104.0,0 1 2 3 4 5 6 7 8 9 10 11 12 13 14 15 16 17 18 19 20 21 22 23 24 25 26 27 28 29 30 31 32 33 34 35 36 37 38 39 40 41 42 43 44 45 46 47 48 49 50 51 52 53 54 55 56 57 58 59 60 61 62 63,35184.0,False
base,active,180709.0,183104.0,183116.0,1,35186.0,False
base,active,180697.0,183104.0,183127.0,0,35185.0,False
base,active,,183104.0,183127.0,2 3 4 5 6 7 8 9 10 11 12 13 14 15 16 17 18 19 20 21 22 23 24 25 26 27 28 29 30 31 32 33 34 35 36 37 38 39 40 41 42 43 44 45 46 47 48 49 50 51 52 53 54 55 56 57 58 59 60 61 62 63,-1.0,
base,active,,183116.0,183127.0,1,-1.0,
base,active,180766.0,183127.0,183406.0,0 1 2 3 4 5 6 7 8 9 10 11 12 13 14 15 16 17 18 19 20 21 22 23 24 25 26 27 28 29 30 31 32 33 34 35 36 37 38 39 40 41 42 43 44 45 46 47 48 49 50 51 52 53 54 55 56 57 58 59 60 61 62 63,35187.0,False
base,active,181987.0,183406.0,183787.0,0 1 2 3 4 5 6 7 8 9 10 11 12 13 14 15 16 17 18 19 20 21 22 23 24 25 26 27 28 29 30 31 32 33 34 35 36 37 38 39 40 41 42 43 44 45 46 47 48 49 50 51 52 53 54 55 56 57 58 59 60 61 62 63,35192.0,False
base,active,182369.0,183787.0,183802.0,0,35193.0,False
base,active,182517.0,183787.0,183887.0,1,35194.0,False
base,active,,183787.0,183887.0,2 3 4 5 6 7 8 9 10 11 12 13 14 15 16 17 18 19 20 21 22 23 24 25 26 27 28 29 30 31 32 33 34 35 36 37 38 39 40 41 42 43 44 45 46 47 48 49 50 51 52 53 54 55 56 57 58 59 60 61 62 63,-1.0,
base,active,,183802.0,183887.0,0,-1.0,
base,active,182573.0,183887.0,184181.0,0 1 2 3 4 5 6 7 8 9 10 11 12 13 14 15 16 17 18 19 20 21 22 23 24 25 26 27 28 29 30 31 32 33 34 35 36 37 38 39 40 41 42 43 44 45 46 47 48 49 50 51 52 53 54 55 56 57 58 59 60 61 62 63,35195.0,False
base,switching_on,,184034.0,186734.0,64 65 66 67 68 69 70 71 72 73 74 75 76 77 78 79 80 81 82 83 84 85 86 87 88 89 90 91 92 93 94 95,-3.0,
base,active,183135.0,184181.0,184189.0,2,35202.0,False
base,active,182869.0,184181.0,184205.0,1,35200.0,False
base,active,182732.0,184181.0,184325.0,0,35197.0,False
base,active,,184181.0,184325.0,3 4 5 6 7 8 9 10 11 12 13 14 15 16 17 18 19 20 21 22 23 24 25 26 27 28 29 30 31 32 33 34 35 36 37 38 39 40 41 42 43 44 45 46 47 48 49 50 51 52 53 54 55 56 57 58 59 60 61 62 63,-1.0,
base,active,,184189.0,184325.0,2,-1.0,
base,active,,184205.0,184325.0,1,-1.0,
base,active,183212.0,184325.0,199308.0,0 1 2 3 4 5 6 7 8 9 10 11 12 13 14 15 16 17 18 19 20 21 22 23 24 25 26 27 28 29 30 31 32 33 34 35 36 37 38 39 40 41 42 43 44 45 46 47 48 49 50 51 52 53 54 55 56 57 58 59 60 61 62 63,35203.0,False
base,active,184034.0,186734.0,186820.0,64 65 66 67 68 69 70 71 72 73 74 75 76 77 78 79 80 81 82 83 84 85 86 87 88 89 90 91 92 93 94 95,35205.0,False
base,active,184151.0,186820.0,187767.0,64 65 66 67 68 69 70 71 72 73 74 75 76 77 78 79 80 81 82 83 84 85 86 87 88 89 90 91 92 93 94 95,35208.0,False
base,active,187348.0,187767.0,187866.0,65,35219.0,False
base,active,187067.0,187767.0,187891.0,64,35218.0,False
base,active,,187767.0,188067.0,66 67 68 69 70 71 72 73 74 75 76 77 78 79 80 81 82 83 84 85 86 87 88 89 90 91 92 93 94 95,-1.0,
base,active,,187866.0,188166.0,65,-1.0,
base,active,,187891.0,188191.0,64,-1.0,
base,switching_off,,188067.0,189867.0,66 67 68 69 70 71 72 73 74 75 76 77 78 79 80 81 82 83 84 85 86 87 88 89 90 91 92 93 94 95,-2.0,
base,switching_off,,188166.0,189966.0,65,-2.0,
base,switching_off,,188191.0,189991.0,64,-2.0,
base,sleeping,,189867.0,194565.0,66 67 68 69 70 71 72 73 74 75 76 77 78 79 80 81 82 83 84 85 86 87 88 89 90 91 92 93 94 95,-4.0,
base,sleeping,,189966.0,194565.0,65,-4.0,
base,sleeping,,189991.0,194565.0,64,-4.0,
base,switching_on,,194565.0,197265.0,64 65 66 67 68 69 70 71 72 73 74 75 76 77 78 79 80 81 82 83 84 85 86 87 88 89 90 91 92 93 94 95,-3.0,
base,switching_on,,195022.0,197722.0,96 97 98 99 100 101 102 103 104 105 106 107 108 109 110 111 112 113 114 115 116 117 118 119 120 121 122 123 124 125 126 127,-3.0,
base,active,194565.0,197265.0,197686.0,64 65 66 67 68 69 70 71 72 73 74 75 76 77 78 79 80 81 82 83 84 85 86 87 88 89 90 91 92 93 94 95,35224.0,False
base,active,,197686.0,197722.0,64 65 66 67 68 69 70 71 72 73 74 75 76 77 78 79 80 81 82 83 84 85 86 87 88 89 90 91 92 93 94 95,-1.0,
base,active,195022.0,197722.0,198198.0,64 65 66 67 68 69 70 71 72 73 74 75 76 77 78 79 80 81 82 83 84 85 86 87 88 89 90 91 92 93 94 95 96 97 98 99 100 101 102 103 104 105 106 107 108 109 110 111 112 113 114 115 116 117 118 119 120 121 122 123 124 125 126 127,35225.0,False
base,active,195553.0,198198.0,198648.0,64 65 66 67 68 69 70 71 72 73 74 75 76 77 78 79,35226.0,False
base,active,,198198.0,198648.0,80 81 82 83 84 85 86 87 88 89 90 91 92 93 94 95 96 97 98 99 100 101 102 103 104 105 106 107 108 109 110 111 112 113 114 115 116 117 118 119 120 121 122 123 124 125 126 127,-1.0,
base,active,196201.0,198648.0,199101.0,64 65 66 67 68 69 70 71 72 73 74 75 76 77 78 79 80 81 82 83 84 85 86 87 88 89 90 91 92 93 94 95 96 97 98 99 100 101 102 103 104 105 106 107 108 109 110 111 112 113 114 115 116 117 118 119 120 121 122 123 124 125 126 127,35227.0,False
base,active,197623.0,199101.0,199117.0,112,35230.0,False
base,active,,199101.0,199401.0,113 114 115 116 117 118 119 120 121 122 123 124 125 126 127,-1.0,
base,active,196702.0,199101.0,199473.0,64 65 66 67 68 69 70 71 72 73 74 75 76 77 78 79 80 81 82 83 84 85 86 87 88 89 90 91 92 93 94 95,35228.0,False
base,active,197118.0,199101.0,199688.0,96 97 98 99 100 101 102 103 104 105 106 107 108 109 110 111,35229.0,False
base,active,,199117.0,199417.0,112,-1.0,
base,active,,199308.0,199608.0,0 1 2 3 4 5 6 7 8 9 10 11 12 13 14 15 16 17 18 19 20 21 22 23 24 25 26 27 28 29 30 31 32 33 34 35 36 37 38 39 40 41 42 43 44 45 46 47 48 49 50 51 52 53 54 55 56 57 58 59 60 61 62 63,-1.0,
base,switching_off,,199401.0,201201.0,113 114 115 116 117 118 119 120 121 122 123 124 125 126 127,-2.0,
base,switching_off,,199417.0,201217.0,112,-2.0,
base,active,,199473.0,199773.0,64 65 66 67 68 69 70 71 72 73 74 75 76 77 78 79 80 81 82 83 84 85 86 87 88 89 90 91 92 93 94 95,-1.0,
base,switching_off,,199608.0,201408.0,0 1 2 3 4 5 6 7 8 9 10 11 12 13 14 15 16 17 18 19 20 21 22 23 24 25 26 27 28 29 30 31 32 33 34 35 36 37 38 39 40 41 42 43 44 45 46 47 48 49 50 51 52 53 54 55 56 57 58 59 60 61 62 63,-2.0,
base,active,,199688.0,199988.0,96 97 98 99 100 101 102 103 104 105 106 107 108 109 110 111,-1.0,
base,switching_off,,199773.0,201573.0,64 65 66 67 68 69 70 71 72 73 74 75 76 77 78 79 80 81 82 83 84 85 86 87 88 89 90 91 92 93 94 95,-2.0,
base,switching_off,,199988.0,201788.0,96 97 98 99 100 101 102 103 104 105 106 107 108 109 110 111,-2.0,
base,sleeping,,201201.0,204527.0,113 114 115 116 117 118 119 120 121 122 123 124 125 126 127,-4.0,
base,sleeping,,201217.0,204527.0,112,-4.0,
base,sleeping,,201408.0,204527.0,0 1 2 3 4 5 6 7 8 9 10 11 12 13 14 15 16 17 18 19 20 21 22 23 24 25 26 27 28 29 30 31 32 33 34 35 36 37 38 39 40 41 42 43 44 45 46 47 48 49 50 51 52 53 54 55 56 57 58 59 60 61 62 63,-4.0,
base,sleeping,,201573.0,204527.0,64 65 66 67 68 69 70 71 72 73 74 75 76 77 78 79 80 81 82 83 84 85 86 87 88 89 90 91 92 93 94 95,-4.0,
base,sleeping,,201788.0,204527.0,96 97 98 99 100 101 102 103 104 105 106 107 108 109 110 111,-4.0,
base,switching_on,,204527.0,207227.0,0 1 2 3 4 5 6 7 8 9 10 11 12 13 14 15 16 17 18 19 20 21 22 23 24 25 26 27 28 29 30 31 32 33 34 35 36 37 38 39 40 41 42 43 44 45 46 47 48 49 50 51 52 53 54 55 56 57 58 59 60 61 62 63 64 65 66 67 68 69 70 71 72 73 74 75 76 77 78 79 80 81 82 83 84 85 86 87 88 89 90 91 92 93 94 95 96 97 98 99 100 101 102 103 104 105 106 107 108 109 110 111 112 113 114 115 116 117 118 119 120 121 122 123 124 125 126 127,-3.0,
base,active,204527.0,207227.0,218152.0,0 1 2 3 4 5 6 7 8 9 10 11 12 13 14 15 16 17 18 19 20 21 22 23 24 25 26 27 28 29 30 31 32 33 34 35 36 37 38 39 40 41 42 43 44 45 46 47 48 49 50 51 52 53 54 55 56 57 58 59 60 61 62 63 64 65 66 67 68 69 70 71 72 73 74 75 76 77 78 79 80 81 82 83 84 85 86 87 88 89 90 91 92 93 94 95 96 97 98 99 100 101 102 103 104 105 106 107 108 109 110 111 112 113 114 115 116 117 118 119 120 121 122 123 124 125 126 127,35231.0,False
base,active,215458.0,218152.0,218239.0,0 1 2 3 4 5 6 7 8 9 10 11 12 13 14 15 16 17 18 19 20 21 22 23 24 25 26 27 28 29 30 31 32 33 34 35 36 37 38 39 40 41 42 43 44 45 46 47 48 49 50 51 52 53 54 55 56 57 58 59 60 61 62 63 64 65 66 67 68 69 70 71 72 73 74 75 76 77 78 79 80 81 82 83 84 85 86 87 88 89 90 91 92 93 94 95 96 97 98 99 100 101 102 103 104 105 106 107 108 109 110 111 112 113 114 115 116 117 118 119 120 121 122 123 124 125 126 127,35232.0,False
base,active,,218239.0,218476.0,0 1 2 3 4 5 6 7 8 9 10 11 12 13 14 15 16 17 18 19 20 21 22 23 24 25 26 27 28 29 30 31 32 33 34 35 36 37 38 39 40 41 42 43 44 45 46 47 48 49 50 51 52 53 54 55 56 57 58 59 60 61 62 63,-1.0,
base,active,,218239.0,218539.0,64 65 66 67 68 69 70 71 72 73 74 75 76 77 78 79 80 81 82 83 84 85 86 87 88 89 90 91 92 93 94 95 96 97 98 99 100 101 102 103 104 105 106 107 108 109 110 111 112 113 114 115 116 117 118 119 120 121 122 123 124 125 126 127,-1.0,
base,active,218476.0,218476.0,218871.0,0 1 2 3 4 5 6 7 8 9 10 11 12 13 14 15 16 17 18 19 20 21 22 23 24 25 26 27 28 29 30 31 32 33 34 35 36 37 38 39 40 41 42 43 44 45 46 47 48 49 50 51 52 53 54 55 56 57 58 59 60 61 62 63,35255.0,False
base,switching_off,,218539.0,220339.0,64 65 66 67 68 69 70 71 72 73 74 75 76 77 78 79 80 81 82 83 84 85 86 87 88 89 90 91 92 93 94 95 96 97 98 99 100 101 102 103 104 105 106 107 108 109 110 111 112 113 114 115 116 117 118 119 120 121 122 123 124 125 126 127,-2.0,
base,active,,218871.0,218873.0,0,-1.0,
base,active,,218871.0,218948.0,1 2 3 4 5 6 7 8 9 10 11 12 13 14 15 16 17 18 19 20 21 22 23 24 25 26 27 28 29 30 31 32 33 34 35 36 37 38 39 40 41 42 43 44 45 46 47 48 49 50 51 52 53 54 55 56 57 58 59 60 61 62 63,-1.0,
base,active,218873.0,218873.0,218899.0,0,35258.0,False
base,active,,218899.0,218948.0,0,-1.0,
base,active,218948.0,218948.0,229875.0,0 1 2 3 4 5 6 7 8 9 10 11 12 13 14 15 16 17 18 19 20 21 22 23 24 25 26 27 28 29 30 31 32 33 34 35 36 37 38 39 40 41 42 43 44 45 46 47 48 49 50 51 52 53 54 55 56 57 58 59 60 61 62 63,35261.0,False
base,switching_on,,220339.0,223039.0,64,-3.0,
base,sleeping,,220339.0,224822.0,65,-4.0,
base,sleeping,,220339.0,246356.0,66 67 68 69 70 71 72 73 74 75 76 77 78 79 80 81 82 83 84 85 86 87 88 89 90 91 92 93 94 95 96 97 98 99 100 101 102 103 104 105 106 107 108 109 110 111 112 113 114 115 116 117 118 119 120 121 122 123 124 125 126 127,-4.0,
base,active,218950.0,223039.0,223055.0,64,35262.0,False
base,active,221165.0,223055.0,223151.0,64,35284.0,False
base,active,221312.0,223151.0,223297.0,64,35285.0,False
base,active,221545.0,223297.0,223424.0,64,35288.0,False
base,active,,223424.0,223724.0,64,-1.0,
base,switching_off,,223724.0,225524.0,64,-2.0,
base,switching_on,,224822.0,227522.0,65,-3.0,
base,sleeping,,225524.0,230770.0,64,-4.0,
base,active,224822.0,227522.0,227644.0,65,35312.0,False
base,active,224974.0,227644.0,227749.0,65,35313.0,False
base,active,,227749.0,228049.0,65,-1.0,
base,switching_off,,228049.0,229849.0,65,-2.0,
base,sleeping,,229849.0,246356.0,65,-4.0,
base,active,,229875.0,230175.0,0 1 2 3 4 5 6 7 8 9 10 11 12 13 14 15 16 17 18 19 20 21 22 23 24 25 26 27 28 29 30 31 32 33 34 35 36 37 38 39 40 41 42 43 44 45 46 47 48 49 50 51 52 53 54 55 56 57 58 59 60 61 62 63,-1.0,
base,switching_off,,230175.0,231975.0,0 1 2 3 4 5 6 7 8 9 10 11 12 13 14 15 16 17 18 19 20 21 22 23 24 25 26 27 28 29 30 31 32 33 34 35 36 37 38 39 40 41 42 43 44 45 46 47 48 49 50 51 52 53 54 55 56 57 58 59 60 61 62 63,-2.0,
base,switching_on,,230770.0,233470.0,64,-3.0,
base,sleeping,,231975.0,236883.0,0,-4.0,
base,sleeping,,231975.0,244640.0,1 2 3 4 5 6 7 8 9 10 11 12 13 14 15 16 17 18 19 20 21 22 23 24 25 26 27 28 29 30 31 32 33 34 35 36 37 38 39 40 41 42 43 44 45 46 47 48 49 50 51 52 53 54 55 56 57 58 59 60 61 62 63,-4.0,
base,active,230770.0,233470.0,233597.0,64,35366.0,False
base,active,230968.0,233597.0,233715.0,64,35368.0,False
base,active,231339.0,233715.0,233813.0,64,35374.0,False
base,active,231472.0,233813.0,233924.0,64,35375.0,False
base,active,,233924.0,234224.0,64,-1.0,
base,switching_off,,234224.0,236024.0,64,-2.0,
base,sleeping,,236024.0,246356.0,64,-4.0,
base,switching_on,,236883.0,239583.0,0,-3.0,
base,active,236883.0,239583.0,239742.0,0,35421.0,False
base,active,237128.0,239742.0,239838.0,0,35428.0,False
base,active,237403.0,239838.0,239955.0,0,35429.0,False
base,active,238040.0,239955.0,240065.0,0,35434.0,False
base,active,,240065.0,240365.0,0,-1.0,
base,switching_off,,240365.0,242165.0,0,-2.0,
base,sleeping,,242165.0,244640.0,0,-4.0,
base,switching_on,,244640.0,247340.0,0 1 2 3 4 5 6 7 8 9 10 11 12 13 14 15 16 17 18 19 20 21 22 23 24 25 26 27 28 29 30 31 32 33 34 35 36 37 38 39 40 41 42 43 44 45 46 47 48 49 50 51 52 53 54 55 56 57 58 59 60 61 62 63,-3.0,
base,switching_on,,246356.0,249056.0,64 65 66 67 68 69 70 71 72 73 74 75 76 77 78 79 80 81 82 83 84 85 86 87 88 89 90 91 92 93 94 95 96 97 98 99 100 101 102 103 104 105 106 107 108 109 110 111 112 113 114 115 116 117 118 119 120 121 122 123 124 125 126 127,-3.0,
base,active,244640.0,247340.0,252502.0,0 1 2 3 4 5 6 7 8 9 10 11 12 13 14 15 16 17 18 19 20 21 22 23 24 25 26 27 28 29 30 31 32 33 34 35 36 37 38 39 40 41 42 43 44 45 46 47 48 49 50 51 52 53 54 55 56 57 58 59 60 61 62 63,35493.0,False
base,active,246356.0,249056.0,249167.0,64 65 66 67 68 69 70 71 72 73 74 75 76 77 78 79 80 81 82 83 84 85 86 87 88 89 90 91 92 93 94 95 96 97 98 99 100 101 102 103 104 105 106 107 108 109 110 111 112 113 114 115 116 117 118 119 120 121 122 123 124 125 126 127,35509.0,False
base,active,246573.0,249167.0,249273.0,64 65 66 67 68 69 70 71 72 73 74 75 76 77 78 79 80 81 82 83 84 85 86 87 88 89 90 91 92 93 94 95 96 97 98 99 100 101 102 103 104 105 106 107 108 109 110 111 112 113 114 115 116 117 118 119 120 121 122 123 124 125 126 127,35512.0,False
base,active,246773.0,249273.0,249379.0,64 65 66 67 68 69 70 71 72 73 74 75 76 77 78 79 80 81 82 83 84 85 86 87 88 89 90 91 92 93 94 95 96 97 98 99 100 101 102 103 104 105 106 107 108 109 110 111 112 113 114 115 116 117 118 119 120 121 122 123 124 125 126 127,35514.0,False
base,active,246963.0,249379.0,249486.0,64 65 66 67 68 69 70 71 72 73 74 75 76 77 78 79 80 81 82 83 84 85 86 87 88 89 90 91 92 93 94 95 96 97 98 99 100 101 102 103 104 105 106 107 108 109 110 111 112 113 114 115 116 117 118 119 120 121 122 123 124 125 126 127,35517.0,False
base,active,247147.0,249486.0,249597.0,64 65 66 67 68 69 70 71 72 73 74 75 76 77 78 79 80 81 82 83 84 85 86 87 88 89 90 91 92 93 94 95 96 97 98 99 100 101 102 103 104 105 106 107 108 109 110 111 112 113 114 115 116 117 118 119 120 121 122 123 124 125 126 127,35518.0,False
base,active,247351.0,249597.0,249598.0,64 65 66 67 68 69 70 71 72 73 74 75 76 77 78 79 80 81 82 83 84 85 86 87 88 89 90 91 92 93 94 95 96 97 98 99 100 101 102 103 104 105 106 107 108 109 110 111 112 113 114 115 116 117 118 119 120 121 122 123 124 125 126 127,35521.0,False
base,active,247363.0,249598.0,249705.0,64 65 66 67 68 69 70 71 72 73 74 75 76 77 78 79 80 81 82 83 84 85 86 87 88 89 90 91 92 93 94 95 96 97 98 99 100 101 102 103 104 105 106 107 108 109 110 111 112 113 114 115 116 117 118 119 120 121 122 123 124 125 126 127,35522.0,False
base,active,247488.0,249705.0,249761.0,64 65 66 67,35523.0,False
base,active,,249705.0,249761.0,68 69 70 71 72 73 74 75 76 77 78 79 80 81 82 83 84 85 86 87 88 89 90 91 92 93 94 95 96 97 98 99 100 101 102 103 104 105 106 107 108 109 110 111 112 113 114 115 116 117 118 119 120 121 122 123 124 125 126 127,-1.0,
base,active,247578.0,249761.0,249866.0,64 65 66 67 68 69 70 71 72 73 74 75 76 77 78 79 80 81 82 83 84 85 86 87 88 89 90 91 92 93 94 95 96 97 98 99 100 101 102 103 104 105 106 107 108 109 110 111 112 113 114 115 116 117 118 119 120 121 122 123 124 125 126 127,35525.0,False
base,active,247747.0,249866.0,249922.0,64 65 66 67,35526.0,False
base,active,,249866.0,249922.0,68 69 70 71 72 73 74 75 76 77 78 79 80 81 82 83 84 85 86 87 88 89 90 91 92 93 94 95 96 97 98 99 100 101 102 103 104 105 106 107 108 109 110 111 112 113 114 115 116 117 118 119 120 121 122 123 124 125 126 127,-1.0,
base,active,247844.0,249922.0,250045.0,64 65 66 67 68 69 70 71 72 73 74 75 76 77 78 79 80 81 82 83 84 85 86 87 88 89 90 91 92 93 94 95 96 97 98 99 100 101 102 103 104 105 106 107 108 109 110 111 112 113 114 115 116 117 118 119 120 121 122 123 124 125 126 127,35527.0,False
base,active,248045.0,250045.0,250152.0,64 65 66 67 68 69 70 71 72 73 74 75 76 77 78 79 80 81 82 83 84 85 86 87 88 89 90 91 92 93 94 95 96 97 98 99 100 101 102 103 104 105 106 107 108 109 110 111 112 113 114 115 116 117 118 119 120 121 122 123 124 125 126 127,35529.0,False
base,active,248268.0,250152.0,250259.0,64 65 66 67 68 69 70 71 72 73 74 75 76 77 78 79 80 81 82 83 84 85 86 87 88 89 90 91 92 93 94 95 96 97 98 99 100 101 102 103 104 105 106 107 108 109 110 111 112 113 114 115 116 117 118 119 120 121 122 123 124 125 126 127,35531.0,False
base,active,248445.0,250259.0,250315.0,64 65 66 67,35532.0,False
base,active,,250259.0,250315.0,68 69 70 71 72 73 74 75 76 77 78 79 80 81 82 83 84 85 86 87 88 89 90 91 92 93 94 95 96 97 98 99 100 101 102 103 104 105 106 107 108 109 110 111 112 113 114 115 116 117 118 119 120 121 122 123 124 125 126 127,-1.0,
base,active,248530.0,250315.0,250421.0,64 65 66 67 68 69 70 71 72 73 74 75 76 77 78 79 80 81 82 83 84 85 86 87 88 89 90 91 92 93 94 95 96 97 98 99 100 101 102 103 104 105 106 107 108 109 110 111 112 113 114 115 116 117 118 119 120 121 122 123 124 125 126 127,35533.0,False
base,active,248681.0,250421.0,250529.0,64 65 66 67 68 69 70 71 72 73 74 75 76 77 78 79 80 81 82 83 84 85 86 87 88 89 90 91 92 93 94 95 96 97 98 99 100 101 102 103 104 105 106 107 108 109 110 111 112 113 114 115 116 117 118 119 120 121 122 123 124 125 126 127,35534.0,False
base,active,248964.0,250529.0,250550.0,96 97 98 99 100 101 102 103,35536.0,False
base,active,249194.0,250529.0,250585.0,112 113 114 115,35538.0,False
base,active,248824.0,250529.0,250752.0,64 65 66 67 68 69 70 71 72 73 74 75 76 77 78 79 80 81 82 83 84 85 86 87 88 89 90 91 92 93 94 95,35535.0,False
base,active,249018.0,250529.0,251194.0,104 105 106 107 108 109 110 111,35537.0,False
base,active,,250529.0,251194.0,116 117 118 119 120 121 122 123 124 125 126 127,-1.0,
base,active,,250550.0,251194.0,96 97 98 99 100 101 102 103,-1.0,
base,active,,250585.0,251194.0,112 113 114 115,-1.0,
base,active,,250752.0,251194.0,64 65 66 67 68 69 70 71 72 73 74 75 76 77 78 79 80 81 82 83 84 85 86 87 88 89 90 91 92 93 94 95,-1.0,
base,active,249724.0,251194.0,251312.0,64 65 66 67 68 69 70 71 72 73 74 75 76 77 78 79 80 81 82 83 84 85 86 87 88 89 90 91 92 93 94 95 96 97 98 99 100 101 102 103 104 105 106 107 108 109 110 111 112 113 114 115 116 117 118 119 120 121 122 123 124 125 126 127,35540.0,False
base,active,249888.0,251312.0,251433.0,64 65 66 67 68 69 70 71 72 73 74 75 76 77 78 79 80 81 82 83 84 85 86 87 88 89 90 91 92 93 94 95 96 97 98 99 100 101 102 103 104 105 106 107 108 109 110 111 112 113 114 115 116 117 118 119 120 121 122 123 124 125 126 127,35542.0,False
base,active,249992.0,251433.0,251626.0,64 65 66 67 68 69 70 71 72 73 74 75 76 77 78 79 80 81 82 83 84 85 86 87 88 89 90 91 92 93 94 95 96 97 98 99 100 101 102 103 104 105 106 107 108 109 110 111 112 113 114 115 116 117 118 119 120 121 122 123 124 125 126 127,35543.0,False
base,active,250074.0,251626.0,251748.0,64 65 66 67 68 69 70 71 72 73 74 75 76 77 78 79 80 81 82 83 84 85 86 87 88 89 90 91 92 93 94 95 96 97 98 99 100 101 102 103 104 105 106 107 108 109 110 111 112 113 114 115 116 117 118 119 120 121 122 123 124 125 126 127,35544.0,False
base,active,250247.0,251748.0,251869.0,64 65 66 67 68 69 70 71 72 73 74 75 76 77 78 79 80 81 82 83 84 85 86 87 88 89 90 91 92 93 94 95 96 97 98 99 100 101 102 103 104 105 106 107 108 109 110 111 112 113 114 115 116 117 118 119 120 121 122 123 124 125 126 127,35546.0,False
base,active,250344.0,251869.0,252020.0,80 81 82 83,35548.0,False
base,active,250255.0,251869.0,252143.0,64 65 66 67 68 69 70 71 72 73 74 75 76 77 78 79,35547.0,False
base,active,,251869.0,252143.0,84 85 86 87 88 89 90 91 92 93 94 95 96 97 98 99 100 101 102 103 104 105 106 107 108 109 110 111 112 113 114 115 116 117 118 119 120 121 122 123 124 125 126 127,-1.0,
base,active,,252020.0,252143.0,80 81 82 83,-1.0,
base,active,250413.0,252143.0,252273.0,64 65 66 67 68 69 70 71 72 73 74 75 76 77 78 79 80 81 82 83 84 85 86 87 88 89 90 91 92 93 94 95 96 97 98 99 100 101 102 103 104 105 106 107 108 109 110 111 112 113 114 115 116 117 118 119 120 121 122 123 124 125 126 127,35550.0,False
base,active,250528.0,252273.0,252296.0,64,35551.0,False
base,active,250553.0,252273.0,252450.0,65 66 67 68 69 70 71 72 73 74 75 76 77 78 79 80 81 82 83 84 85 86 87 88 89 90 91 92 93 94 95 96,35552.0,False
base,active,,252273.0,252450.0,97 98 99 100 101 102 103 104 105 106 107 108 109 110 111 112 113 114 115 116 117 118 119 120 121 122 123 124 125 126 127,-1.0,
base,active,,252296.0,252450.0,64,-1.0,
base,active,250581.0,252450.0,252577.0,64 65 66 67 68 69 70 71 72 73 74 75 76 77 78 79 80 81 82 83 84 85 86 87 88 89 90 91 92 93 94 95 96 97 98 99 100 101 102 103 104 105 106 107 108 109 110 111 112 113 114 115 116 117 118 119 120 121 122 123 124 125 126 127,35553.0,False
base,active,,252502.0,252577.0,24 25 26 27 28 29 30 31 32 33 34 35 36 37 38 39 40 41 42 43 44 45 46 47 48 49 50 51 52 53 54 55 56 57 58 59,-1.0,
base,active,,252502.0,252699.0,60 61 62 63,-1.0,
base,active,250674.0,252502.0,252828.0,8 9 10 11 12 13 14 15 16 17 18 19 20 21 22 23,35555.0,False
base,active,250668.0,252502.0,252964.0,0 1 2 3 4 5 6 7,35554.0,False
base,active,250760.0,252577.0,252699.0,64 65 66 67 68 69 70 71 72 73 74 75 76 77 78 79 80 81 82 83 84 85 86 87 88 89 90 91 92 93 94 95 96 97 98 99 100 101 102 103 104 105 106 107 108 109 110 111 112 113 114 115 116 117 118 119 120 121 122 123 124 125 126 127,35556.0,False
base,active,250885.0,252577.0,252749.0,56 57 58 59,35560.0,False
base,active,250786.0,252577.0,253333.0,24 25 26 27 28 29 30 31 32 33 34 35 36 37 38 39 40 41 42 43 44 45 46 47 48 49 50 51 52 53 54 55,35558.0,False
base,active,250944.0,252699.0,252774.0,64 65 66 67 68 69 70 71 72 73 74 75 76 77 78 79 80 81 82 83 84 85 86 87 88 89 90 91 92 93 94 95 96 97 98 99 100 101 102 103 104 105 106 107 108 109 110 111 112 113 114 115 116 117 118 119 120 121 122 123 124 125 126 127,35562.0,False
base,active,251060.0,252699.0,252972.0,60 61 62 63,35564.0,False
base,active,,252749.0,252972.0,56 57 58 59,-1.0,
base,active,251065.0,252774.0,252814.0,64 65 66 67 68 69 70 71 72 73 74 75 76 77 78 79 80 81 82 83 84 85 86 87 88 89 90 91 92 93 94 95 96 97 98 99 100 101 102 103 104 105 106 107 108 109 110 111 112 113 114 115 116 117 118 119 120 121 122 123 124 125 126 127,35565.0,False
base,active,251141.0,252814.0,252853.0,64 65 66 67 68 69 70 71 72 73 74 75 76 77 78 79 80 81 82 83 84 85 86 87 88 89 90 91 92 93 94 95 96 97 98 99 100 101 102 103 104 105 106 107 108 109 110 111 112 113 114 115 116 117 118 119 120 121 122 123 124 125 126 127,35567.0,False
base,active,251173.0,252828.0,253094.0,8 9 10 11 12 13 14 15 16 17 18 19 20 21 22 23,35568.0,False
base,active,251225.0,252853.0,252884.0,64 65 66 67 68 69 70 71 72 73 74 75 76 77 78 79 80 81 82 83 84 85 86 87 88 89 90 91 92 93 94 95 96 97 98 99 100 101 102 103 104 105 106 107 108 109 110 111 112 113 114 115 116 117 118 119 120 121 122 123 124 125 126 127,35569.0,False
base,active,251287.0,252884.0,252916.0,64 65 66 67 68 69 70 71 72 73 74 75 76 77 78 79 80 81 82 83 84 85 86 87 88 89 90 91 92 93 94 95 96 97 98 99 100 101 102 103 104 105 106 107 108 109 110 111 112 113 114 115 116 117 118 119 120 121 122 123 124 125 126 127,35570.0,False
base,active,251353.0,252916.0,252952.0,64 65 66 67 68 69 70 71 72 73 74 75 76 77 78 79 80 81 82 83 84 85 86 87 88 89 90 91 92 93 94 95 96 97 98 99 100 101 102 103 104 105 106 107 108 109 110 111 112 113 114 115 116 117 118 119 120 121 122 123 124 125 126 127,35571.0,False
base,active,251420.0,252952.0,252989.0,64 65 66 67 68 69 70 71 72 73 74 75 76 77 78 79 80 81 82 83 84 85 86 87 88 89 90 91 92 93 94 95 96 97 98 99 100 101 102 103 104 105 106 107 108 109 110 111 112 113 114 115 116 117 118 119 120 121 122 123 124 125 126 127,35572.0,False
base,active,,252964.0,252972.0,0 1 2 3 4 5 6 7,-1.0,
base,active,251471.0,252972.0,253251.0,0 1 2 3 4 5 6 7 56 57 58 59 60 61 62 63,35573.0,False
base,active,251511.0,252989.0,253030.0,64 65 66 67 68 69 70 71 72 73 74 75 76 77 78 79 80 81 82 83 84 85 86 87 88 89 90 91 92 93 94 95 96 97 98 99 100 101 102 103 104 105 106 107 108 109 110 111 112 113 114 115 116 117 118 119 120 121 122 123 124 125 126 127,35574.0,False
base,active,251598.0,253030.0,253053.0,64 65 66 67 68 69 70 71 72 73 74 75 76 77 78 79 80 81 82 83 84 85 86 87 88 89 90 91 92 93 94 95 96 97 98 99 100 101 102 103 104 105 106 107 108 109 110 111 112 113 114 115 116 117 118 119 120 121 122 123 124 125 126 127,35576.0,False
base,active,251624.0,253053.0,253080.0,64,35577.0,False
base,active,251661.0,253053.0,253136.0,65 66 67 68,35578.0,False
base,active,,253053.0,253251.0,101 102 103 104 105 106 107 108 109 110 111 112 113 114 115 116 117 118 119 120 121 122 123 124 125 126 127,-1.0,
base,active,251726.0,253053.0,253487.0,69 70 71 72 73 74 75 76 77 78 79 80 81 82 83 84 85 86 87 88 89 90 91 92 93 94 95 96 97 98 99 100,35579.0,False
base,active,,253080.0,253251.0,64,-1.0,
base,active,,253094.0,253251.0,8 9 10 11 12 13 14 15 16 17 18 19 20 21 22 23,-1.0,
base,active,,253136.0,253251.0,65 66 67 68,-1.0,
base,active,251809.0,253251.0,253288.0,0 1 2 3 4 5 6 7 8 9 10 11 12 13 14 15 16 17 18 19 20 21 22 23 56 57 58 59 60 61 62 63 64 65 66 67 68 101 102 103 104 105 106 107 108 109 110 111 112 113 114 115 116 117 118 119 120 121 122 123 124 125 126 127,35580.0,False
base,active,,253288.0,253333.0,16 17 18 19 20 21 22 23 56 57 58 59 60 61 62 63 64 65 66 67 68 101 102 103 104 105 106 107 108 109 110 111,-1.0,
base,active,,253288.0,253423.0,112 113 114 115,-1.0,
base,active,251810.0,253288.0,253561.0,0 1 2 3 4 5 6 7 8 9 10 11 12 13 14 15,35581.0,False
base,active,,253288.0,253773.0,116 117 118 119 120 121 122 123 124 125 126 127,-1.0,
base,active,251912.0,253333.0,253382.0,16 17 18 19 20 21 22 23 24 25 26 27 28 29 30 31 32 33 34 35 36 37 38 39 40 41 42 43 44 45 46 47 48 49 50 51 52 53 54 55 56 57 58 59 60 61 62 63 64 65 66 67 68 101 102 103 104 105 106 107 108 109 110 111,35582.0,False
base,active,251980.0,253382.0,253423.0,16 17 18 19 20 21 22 23 24 25 26 27 28 29 30 31 32 33 34 35 36 37 38 39 40 41 42 43 44 45 46 47 48 49 50 51 52 53 54 55 56 57 58 59 60 61 62 63 64 65 66 67 68 101 102 103 104 105 106 107 108 109 110 111,35583.0,False
base,active,252070.0,253423.0,253462.0,16 17 18 19 20 21 22 23 24 25 26 27 28 29 30 31 32 33 34 35 36 37 38 39 40 41 42 43 44 45 46 47 48 49 50 51 52 53 54 55 56 57 58 59 60 61 62 63 64 65 66 67 68 101 102 103 104 105 106 107 108 109 110 111,35584.0,False
base,active,252088.0,253423.0,253548.0,112 113 114 115,35585.0,False
base,active,,253462.0,253487.0,32 33 34 35 36 37 38 39 40 41 42 43 44 45 46 47 48 49 50 51 52 53 54 55 56 57 58 59 60 61 62 63 64 65 66 67 68,-1.0,
base,active,252132.0,253462.0,253736.0,16 17 18 19 20 21 22 23 24 25 26 27 28 29 30 31,35587.0,False
base,active,,253462.0,253773.0,101 102 103 104 105 106 107 108 109 110 111,-1.0,
base,active,252173.0,253487.0,253515.0,64,35589.0,False
base,active,252171.0,253487.0,253547.0,32 33 34 35 36 37 38 39 40 41 42 43 44 45 46 47 48 49 50 51 52 53 54 55 56 57 58 59 60 61 62 63 69 70 71 72 73 74 75 76 77 78 79 80 81 82 83 84 85 86 87 88 89 90 91 92 93 94 95 96 97 98 99 100,35588.0,False
base,active,252216.0,253487.0,253563.0,65 66 67 68,35590.0,False
base,active,,253515.0,253773.0,64,-1.0,
base,active,252273.0,253547.0,253583.0,32 33 34 35 36 37 38 39 40 41 42 43 44 45 46 47 48 49 50 51 52 53 54 55 56 57 58 59 60 61 62 63 69 70 71 72 73 74 75 76 77 78 79 80 81 82 83 84 85 86 87 88 89 90 91 92 93 94 95 96 97 98 99 100,35591.0,False
base,active,,253548.0,253773.0,112 113 114 115,-1.0,
base,active,,253561.0,253621.0,0 1 2 3 4 5 6 7 8 9 10 11,-1.0,
base,active,,253561.0,253698.0,12,-1.0,
base,active,,253561.0,253773.0,13 14 15,-1.0,
base,active,,253563.0,253621.0,65 66 67 68,-1.0,
base,active,252350.0,253583.0,253620.0,32 33 34 35 36 37 38 39 40 41 42 43 44 45 46 47 48 49 50 51 52 53 54 55 56 57 58 59 60 61 62 63 69 70 71 72 73 74 75 76 77 78 79 80 81 82 83 84 85 86 87 88 89 90 91 92 93 94 95 96 97 98 99 100,35592.0,False
base,active,252410.0,253620.0,253621.0,32 33 34 35 36 37 38 39 40 41 42 43 44 45 46 47 48 49 50 51 52 53 54 55 56 57 58 59 60 61 62 63 69 70 71 72 73 74 75 76 77 78 79 80 81 82 83 84 85 86 87 88 89 90 91 92 93 94 95 96 97 98 99 100,35593.0,False
base,active,252418.0,253621.0,253652.0,32 33 34 35 36 37 38 39 40 41 42 43 44 45 46 47 48 49 50 51 52 53 54 55 56 57 58 59 60 61 62 63 69 70 71 72 73 74 75 76 77 78 79 80 81 82 83 84 85 86 87 88 89 90 91 92 93 94 95 96 97 98 99 100,35594.0,False
base,active,252476.0,253621.0,253897.0,0 1 2 3 4 5 6 7 8 9 10 11 65 66 67 68,35596.0,False
base,active,252489.0,253652.0,253698.0,32 33 34 35 36 37 38 39 40 41 42 43 44 45 46 47 48 49 50 51 52 53 54 55 56 57 58 59 60 61 62 63 69 70 71 72 73 74 75 76 77 78 79 80 81 82 83 84 85 86 87 88 89 90 91 92 93 94 95 96 97 98 99 100,35597.0,False
base,active,252607.0,253698.0,253708.0,12,35601.0,False
base,active,252565.0,253698.0,253732.0,32 33 34 35 36 37 38 39 40 41 42 43 44 45 46 47 48 49 50 51 52 53 54 55 56 57 58 59 60 61 62 63 69 70 71 72 73 74 75 76 77 78 79 80 81 82 83 84 85 86 87 88 89 90 91 92 93 94 95 96 97 98 99 100,35599.0,False
base,active,,253708.0,253773.0,12,-1.0,
base,active,252633.0,253732.0,253773.0,32 33 34 35 36 37 38 39 40 41 42 43 44 45 46 47 48 49 50 51 52 53 54 55 56 57 58 59 60 61 62 63 69 70 71 72 73 74 75 76 77 78 79 80 81 82 83 84 85 86 87 88 89 90 91 92 93 94 95 96 97 98 99 100,35603.0,False
base,active,,253736.0,253773.0,16 17 18 19 20 21 22 23 24 25 26 27 28 29 30 31,-1.0,
base,active,252720.0,253773.0,253826.0,32 33 34 35 36 37 38 39 40 41 42 43 44 45 46 47 48 49 50 51 52 53 54 55 56 57 58 59 60 61 62 63 69 70 71 72 73 74 75 76 77 78 79 80 81 82 83 84 85 86 87 88 89 90 91 92 93 94 95 96 97 98 99 100,35605.0,False
base,active,252721.0,253773.0,253977.0,12 13 14 15 16 17 18 19 20 21 22 23 24 25 26 27 28 29 30 31 64 101 102 103 104 105 106 107 112 113 114 115,35606.0,False
base,active,252806.0,253773.0,254058.0,108 109 110 111 116 117 118 119 120 121 122 123 124 125 126 127,35608.0,False
base,active,252858.0,253826.0,253887.0,32 33 34 35 36 37 38 39 40 41 42 43 44 45 46 47 48 49 50 51 52 53 54 55 56 57 58 59 60 61 62 63 69 70 71 72 73 74 75 76 77 78 79 80 81 82 83 84 85 86 87 88 89 90 91 92 93 94 95 96 97 98 99 100,35609.0,False
base,active,253633.0,253887.0,253895.0,78,35615.0,False
base,active,,253887.0,253897.0,79 80 81 82 83 84 85 86 87 88 89 90 91 92 93,-1.0,
base,active,253465.0,253887.0,253901.0,73,35613.0,False
base,active,252897.0,253887.0,253959.0,32 33 34 35,35610.0,False
base,active,253567.0,253887.0,254076.0,74 75 76 77,35614.0,False
base,active,,253887.0,254187.0,94 95 96 97 98 99 100,-1.0,
base,active,253053.0,253887.0,254298.0,36 37 38 39 40 41 42 43 44 45 46 47 48 49 50 51 52 53 54 55 56 57 58 59 60 61 62 63 69 70 71 72,35611.0,False
base,active,,253895.0,253897.0,78,-1.0,
base,active,253694.0,253897.0,254153.0,0 1 2 3 4 5 6 7 8 9 10 11 65 66 67 68 78 79 80 81 82 83 84 85 86 87 88 89 90 91 92 93,35617.0,False
base,active,,253901.0,254201.0,73,-1.0,
base,active,,253959.0,254259.0,32 33 34 35,-1.0,
base,active,253765.0,253977.0,254065.0,12 13 14 15 16 17 18 19 20 21 22 23 24 25 26 27,35618.0,False
base,active,,253977.0,254277.0,28 29 30 31 64 101 102 103 104 105 106 107 112 113 114 115,-1.0,
base,active,,254058.0,254076.0,108 109 110 111 116 117 118 119 120 121 122 123,-1.0,
base,active,,254058.0,254358.0,124 125 126 127,-1.0,
base,active,,254065.0,254076.0,12 13 14 15 16 17 18 19 20 21 22 23 24 25 26 27,-1.0,
base,active,254076.0,254076.0,254532.0,12 13 14 15 16 17 18 19 20 21 22 23 24 25 26 27 74 75 76 77 108 109 110 111 116 117 118 119 120 121 122 123,35620.0,False
base,active,,254153.0,254298.0,0 1 2 3 4 5 6 7 8 9 10 11 65 66 67 68 78 79 80 81 82 83 84 85 86 87 88 89 90 91 92 93,-1.0,
base,switching_off,,254187.0,255987.0,94 95 96 97 98 99 100,-2.0,
base,switching_off,,254201.0,256001.0,73,-2.0,
base,switching_off,,254259.0,256059.0,32 33 34 35,-2.0,
base,switching_off,,254277.0,256077.0,28 29 30 31 64 101 102 103 104 105 106 107 112 113 114 115,-2.0,
base,active,254279.0,254298.0,254414.0,0 1 2 3 4 5 6 7 8 9 10 11 36 37 38 39 40 41 42 43 44 45 46 47 48 49 50 51 52 53 54 55 56 57 58 59 60 61 62 63 65 66 67 68 69 70 71 72 78 79 80 81 82 83 84 85 86 87 88 89 90 91 92 93,35624.0,False
base,switching_off,,254358.0,256158.0,124 125 126 127,-2.0,
base,active,,254414.0,254467.0,4,-1.0,
base,active,254364.0,254414.0,254500.0,0 1 2 3,35626.0,False
base,active,,254414.0,254714.0,5 6 7 8 9 10 11 36 37 38 39 40 41 42 43 44 45 46 47 48 49 50 51 52 53 54 55 56 57 58 59 60 61 62 63 65 66 67 68 69 70 71 72 78 79 80 81 82 83 84 85 86 87 88 89 90 91 92 93,-1.0,
base,active,254467.0,254467.0,254488.0,4,35627.0,False
base,active,,254488.0,254788.0,4,-1.0,
base,active,,254500.0,254513.0,0 1 2 3,-1.0,
base,active,254513.0,254513.0,254541.0,0 1 2 3,35628.0,False
base,active,,254532.0,254534.0,12,-1.0,
base,active,,254532.0,254554.0,13 14 15,-1.0,
base,active,,254532.0,254832.0,16 17 18 19 20 21 22 23 24 25 26 27 74 75 76 77 108 109 110 111 116 117 118 119 120 121 122 123,-1.0,
base,active,254534.0,254534.0,254552.0,12,35629.0,False
base,active,,254541.0,254554.0,0 1 2 3,-1.0,
base,active,,254552.0,254554.0,12,-1.0,
base,active,254554.0,254554.0,254589.0,0 1 2 3 12 13 14 15,35630.0,False
base,active,,254589.0,254711.0,0 1 2 3,-1.0,
base,active,,254589.0,254889.0,12 13 14 15,-1.0,
base,active,254711.0,254711.0,254734.0,0 1 2 3,35631.0,False
base,switching_off,,254714.0,256514.0,5 6 7 8 9 10 11 36 37 38 39 40 41 42 43 44 45 46 47 48 49 50 51 52 53 54 55 56 57 58 59 60 61 62 63 65 66 67 68 69 70 71 72 78 79 80 81 82 83 84 85 86 87 88 89 90 91 92 93,-2.0,
base,active,,254734.0,254906.0,0 1 2 3,-1.0,
base,switching_off,,254788.0,256588.0,4,-2.0,
base,switching_off,,254832.0,256632.0,16 17 18 19 20 21 22 23 24 25 26 27 74 75 76 77 108 109 110 111 116 117 118 119 120 121 122 123,-2.0,
base,switching_off,,254889.0,256689.0,12 13 14 15,-2.0,
base,active,254906.0,254906.0,255137.0,0 1 2 3,35633.0,False
base,active,255136.0,255137.0,255144.0,1,35635.0,False
base,active,255060.0,255137.0,255145.0,0,35634.0,False
base,active,,255137.0,255437.0,2 3,-1.0,
base,active,,255144.0,255444.0,1,-1.0,
base,active,,255145.0,258687.0,0,-1.0,
base,switching_off,,255437.0,257237.0,2 3,-2.0,
base,switching_off,,255444.0,257244.0,1,-2.0,
base,switching_on,,255987.0,258687.0,94 95 96 97 98 99 100,-3.0,
base,sleeping,,256001.0,256158.0,73,-4.0,
base,sleeping,,256059.0,256158.0,32 33 34 35,-4.0,
base,sleeping,,256077.0,256158.0,28 29 30 31 64 101 102 103 104 105 106 107 112 113 114 115,-4.0,
base,switching_on,,256158.0,258858.0,28 29 30 31 32 33 34 35 64 73 101 102 103 104 105 106 107 112 113 114 115 124 125 126,-3.0,
base,sleeping,,256158.0,269103.0,127,-4.0,
base,sleeping,,256514.0,256614.0,5 6 7 8 9 10 11,-4.0,
base,sleeping,,256514.0,256617.0,36 37 38 39 40 41 42 43 44 45 46 47 48 49 50 51 52 53 54 55 56 57 58 59 60 61 62 63 65 66 67 68,-4.0,
base,sleeping,,256514.0,257798.0,69 70 71 72 78 79 80 81 82,-4.0,
base,sleeping,,256514.0,257818.0,83 84 85 86 87 88 89 90,-4.0,
base,sleeping,,256514.0,269103.0,91 92 93,-4.0,
base,sleeping,,256588.0,256614.0,4,-4.0,
base,switching_on,,256614.0,259314.0,4 5 6 7 8 9 10 11,-3.0,
base,switching_on,,256617.0,259317.0,36 37 38 39 40 41 42 43 44 45 46 47 48 49 50 51 52 53 54 55 56 57 58 59 60 61 62 63 65 66 67 68,-3.0,
base,sleeping,,256632.0,257798.0,16 17 18 19 20 21 22 23 24 25 26 27 74 75 76 77,-4.0,
base,sleeping,,256632.0,269103.0,108 109 110 111 116 117 118 119 120 121 122 123,-4.0,
base,sleeping,,256689.0,257798.0,12 13 14 15,-4.0,
base,sleeping,,257237.0,257798.0,2 3,-4.0,
base,sleeping,,257244.0,257798.0,1,-4.0,
base,switching_on,,257798.0,260498.0,1 2 3 12 13 14 15 16 17 18 19 20 21 22 23 24 25 26 27 69 70 71 72 74 75 76 77 78 79 80 81 82,-3.0,
base,switching_on,,257818.0,260518.0,83 84 85 86 87 88 89 90,-3.0,
base,active,255391.0,258687.0,258689.0,0 94 95 96 97 98 99 100,35637.0,False
base,active,255419.0,258689.0,258717.0,0 94 95 96 97 98 99 100,35638.0,False
base,active,255447.0,258717.0,258787.0,0 94 95 96 97 98 99 100,35639.0,False
base,active,,258787.0,258858.0,0 94 95 96 97 98 99 100,-1.0,
base,active,255724.0,258858.0,258887.0,0 28 29 30 31 32 33 34 35 64 73 94 95 96 97 98 99 100 101 102 103 104 105 106 107 112 113 114 115 124 125 126,35644.0,False
base,active,255773.0,258887.0,258912.0,0 28 29 30 31 32 33 34 35 64 73 94 95 96 97 98 99 100 101 102 103 104 105 106 107 112 113 114 115 124 125 126,35646.0,False
base,active,255806.0,258912.0,258938.0,0 28 29 30 31 32 33 34 35 64 73 94 95 96 97 98 99 100 101 102 103 104 105 106 107 112 113 114 115 124 125 126,35647.0,False
base,active,255884.0,258938.0,258964.0,0 28 29 30 31 32 33 34 35 64 73 94 95 96 97 98 99 100 101 102 103 104 105 106 107 112 113 114 115 124 125 126,35648.0,False
base,active,255940.0,258964.0,258991.0,0 28 29 30,35649.0,False
base,active,,258964.0,258991.0,31 32 33 34 35 64 73 94 95 96 97 98 99 100 101 102 103 104 105 106 107 112 113 114 115 124 125 126,-1.0,
base,active,256372.0,258991.0,259017.0,0 28 29 30 31 32 33 34 35 64 73 94 95 96 97 98 99 100 101 102 103 104 105 106 107 112 113 114 115 124 125 126,35651.0,False
base,active,256576.0,259017.0,269989.0,0 28 29 30 31 32 33 34 35 64 73 94 95 96 97 98 99 100 101 102 103 104 105 106 107 112 113 114 115 124 125 126,35652.0,False
base,active,256614.0,259314.0,270250.0,4 5 6 7 8 9 10 11,35653.0,False
base,active,256617.0,259317.0,259345.0,36 37 38 39 40 41 42 43 44 45 46 47 48 49 50 51 52 53 54 55 56 57 58 59 60 61 62 63 65 66 67 68,35654.0,False
base,active,256677.0,259345.0,259371.0,36 37 38 39 40 41 42 43 44 45 46 47 48 49 50 51 52 53 54 55 56 57 58 59 60 61 62 63 65 66 67 68,35655.0,False
base,active,256744.0,259371.0,259396.0,36 37 38 39 40 41 42 43 44 45 46 47 48 49 50 51,35657.0,False
base,active,,259371.0,259396.0,52 53 54 55 56 57 58 59 60 61 62 63 65 66 67 68,-1.0,
base,active,256918.0,259396.0,259422.0,36 37 38 39 40 41 42 43 44 45 46 47 48 49 50 51 52 53 54 55 56 57 58 59 60 61 62 63 65 66 67 68,35658.0,False
base,active,257115.0,259422.0,259453.0,36 37 38 39 40 41 42 43 44 45 46 47 48 49 50 51 52 53 54 55 56 57 58 59 60 61 62 63 65 66 67 68,35661.0,False
base,active,257215.0,259453.0,259479.0,36 37 38 39 40 41 42 43 44 45 46 47 48 49 50 51,35664.0,False
base,active,257432.0,259453.0,259480.0,52 53 54 55 56 57 58 59 60 61 62 63 65 66 67 68,35668.0,False
base,active,257568.0,259479.0,259505.0,36 37 38 39 40 41 42 43 44 45 46 47 48 49 50 51,35669.0,False
base,active,257648.0,259480.0,259539.0,52 53 54 55 56 57 58 59,35670.0,False
base,active,257664.0,259480.0,259629.0,60 61 62 63,35671.0,False
base,active,,259480.0,260498.0,65 66 67 68,-1.0,
base,active,257704.0,259505.0,259531.0,36 37 38 39 40 41 42 43,35672.0,False
base,active,,259505.0,260498.0,44 45 46 47 48 49 50 51,-1.0,
base,active,,259531.0,260498.0,36 37 38 39 40 41 42 43,-1.0,
base,active,,259539.0,260498.0,52 53 54 55 56 57 58 59,-1.0,
base,active,,259629.0,260498.0,60 61 62 63,-1.0,
base,active,257798.0,260498.0,260676.0,1 2 3 12 13 14 15 16 17 18 19 20 21 22 23 24 25 26 27 36 37 38 39 40 41 42 43 44 45 46 47 48 49 50 51 52 53 54 55 56 57 58 59 60 61 62 63 65 66 67 68 69 70 71 72 74 75 76 77 78 79 80 81 82,35673.0,False
base,active,257818.0,260518.0,260548.0,83 84 85 86 87 88 89 90,35674.0,False
base,active,258013.0,260548.0,260591.0,83 84 85 86 87 88 89 90,35676.0,False
base,active,,260591.0,260803.0,83 84 85 86 87 88 89 90,-1.0,
base,active,258278.0,260676.0,260703.0,66 67 68 69 70 71 72 74,35680.0,False
base,active,258069.0,260676.0,260707.0,49 50 51 52 53 54 55 56,35678.0,False
base,active,258229.0,260676.0,260730.0,57 58 59 60 61 62 63 65,35679.0,False
base,active,258066.0,260676.0,260803.0,1 2 3 12 13 14 15 16 17 18 19 20 21 22 23 24 25 26 27 36 37 38 39 40 41 42 43 44 45 46 47 48,35677.0,False
base,active,258330.0,260676.0,261000.0,75 76 77 78 79 80 81 82,35681.0,False
base,active,,260703.0,260803.0,66 67 68 69 70 71 72 74,-1.0,
base,active,,260707.0,260803.0,49 50 51 52 53 54 55 56,-1.0,
base,active,,260730.0,260803.0,57 58 59 60 61 62 63 65,-1.0,
base,active,258378.0,260803.0,260832.0,1 2 3 12 13 14 15 16 17 18 19 20 21 22 23 24 25 26 27 36 37 38 39 40 41 42 43 44 45 46 47 48 49 50 51 52 53 54 55 56 57 58 59 60 61 62 63 65 66 67 68 69 70 71 72 74 83 84 85 86 87 88 89 90,35683.0,False
base,active,258430.0,260832.0,260853.0,53 54 55 56 57 58 59 60 61 62 63 65 66 67 68 69,35686.0,False
base,active,258383.0,260832.0,260917.0,1 2 3 12,35684.0,False
base,active,,260832.0,260917.0,70 71 72 74 83 84 85 86 87 88 89 90,-1.0,
base,active,258423.0,260832.0,261071.0,13 14 15 16 17 18 19 20 21 22 23 24 25 26 27 36 37 38 39 40 41 42 43 44 45 46 47 48 49 50 51 52,35685.0,False
base,active,,260853.0,260917.0,53 54 55 56 57 58 59 60 61 62 63 65 66 67 68 69,-1.0,
base,active,258457.0,260917.0,260958.0,1 2 3 12 53 54 55 56 57 58 59 60 61 62 63 65 66 67 68 69 70 71 72 74 83 84 85 86 87 88 89 90,35687.0,False
base,active,258540.0,260958.0,260975.0,1 2 3 12 53 54 55 56 57 58 59 60 61 62 63 65,35688.0,False
base,active,,260958.0,261071.0,66 67 68 69 70 71 72 74,-1.0,
base,active,,260958.0,261137.0,83 84 85 86 87 88 89 90,-1.0,
base,active,,260975.0,261071.0,1 2 3 12 53 54 55 56 57 58 59 60 61 62 63 65,-1.0,
base,active,,261000.0,261071.0,75 76 77 78 79 80 81 82,-1.0,
base,active,258710.0,261071.0,261083.0,1 2 3 12 13 14 15 16 17 18 19 20 21 22 23 24 25 26 27 36 37 38 39 40 41 42 43 44 45 46 47 48 49 50 51 52 53 54 55 56 57 58 59 60 61 62 63 65 66 67 68 69 70 71 72 74 75 76 77 78 79 80 81 82,35690.0,False
base,active,258733.0,261083.0,261093.0,1 2 3 12 13 14 15 16 17 18 19 20 21 22 23 24 25 26 27 36 37 38 39 40 41 42 43 44 45 46 47 48,35691.0,False
base,active,258742.0,261083.0,261105.0,49 50 51 52 53 54 55 56 57 58 59 60 61 62 63 65 66 67 68 69 70 71 72 74 75 76 77 78 79 80 81 82,35692.0,False
base,active,,261093.0,261105.0,25 26 27 36 37 38 39 40 41 42 43 44 45 46 47 48,-1.0,
base,active,258750.0,261093.0,261107.0,1 2 3 12 13 14 15 16 17 18 19 20 21 22 23 24,35693.0,False
base,active,258924.0,261105.0,261137.0,25 26 27 36 37 38 39 40 41 42 43 44 45 46 47 48,35697.0,False
base,active,258805.0,261105.0,262151.0,49 50 51 52 53 54 55 56 57 58 59 60 61 62 63 65 66 67 68 69 70 71 72 74 75 76 77 78 79 80 81 82,35695.0,False
base,active,,261107.0,261137.0,1 2 3 12 13 14 15 16 17 18 19 20 21 22 23 24,-1.0,
base,active,258974.0,261137.0,261182.0,1 2 3 12 13 14 15 16 17 18 19 20 21 22 23 24 25 26 27 36 37 38 39 40 41 42 43 44 45 46 47 48,35699.0,False
base,active,259309.0,261137.0,261224.0,83 84 85 86 87 88 89 90,35701.0,False
base,active,259855.0,261182.0,262281.0,1 2 3 12 13 14 15 16 17 18 19 20 21 22 23 24 25 26 27 36 37 38 39 40 41 42 43 44 45 46 47 48,35703.0,False
base,active,,261224.0,262151.0,83,-1.0,
base,active,,261224.0,262368.0,84 85 86 87 88 89 90,-1.0,
base,active,260095.0,262151.0,262175.0,83,35705.0,False
base,active,260003.0,262151.0,262269.0,49 50 51 52 53 54 55 56 57 58 59 60 61 62 63 65 66 67 68 69 70 71 72 74 75 76 77 78 79 80 81 82,35704.0,False
base,active,,262175.0,262368.0,83,-1.0,
base,active,260189.0,262269.0,262738.0,49 50 51 52 53 54 55 56 57 58 59 60 61 62 63 65 66 67 68 69 70 71 72 74 75 76 77 78 79 80 81 82,35707.0,False
base,active,260763.0,262281.0,262290.0,43,35713.0,False
base,active,260660.0,262281.0,262296.0,41,35711.0,False
base,active,260738.0,262281.0,262303.0,42,35712.0,False
base,active,260272.0,262281.0,262368.0,1 2 3 12 13 14 15 16 17 18 19 20 21 22 23 24,35708.0,False
base,active,,262281.0,262368.0,44 45 46 47 48,-1.0,
base,active,260474.0,262281.0,262370.0,25 26 27 36 37 38 39 40,35709.0,False
base,active,,262290.0,262368.0,43,-1.0,
base,active,,262296.0,262368.0,41,-1.0,
base,active,,262303.0,262368.0,42,-1.0,
base,active,260809.0,262368.0,262499.0,1 2 3 12 13 14 15 16 17 18 19 20 21 22 23 24 41 42 43 44 45 46 47 48 83 84 85 86 87 88 89 90,35714.0,False
base,active,260916.0,262370.0,262391.0,25,35715.0,False
base,active,,262370.0,262499.0,26,-1.0,
base,active,,262370.0,262738.0,27 36 37 38 39,-1.0,
base,active,,262370.0,262766.0,40,-1.0,
base,active,,262391.0,262499.0,25,-1.0,
base,active,261043.0,262499.0,262528.0,25,35717.0,False
base,active,261110.0,262499.0,262531.0,26,35719.0,False
base,active,260967.0,262499.0,263167.0,1 2 3 12 13 14 15 16 17 18 19 20 21 22 23 24 41 42 43 44 45 46 47 48 83 84 85 86 87 88 89 90,35716.0,False
base,active,,262528.0,262738.0,25,-1.0,
base,active,,262531.0,262738.0,26,-1.0,
base,active,261415.0,262738.0,262766.0,27,35723.0,False
base,active,261316.0,262738.0,262813.0,25,35722.0,False
base,active,261451.0,262738.0,262875.0,36 37 38 39,35724.0,False
base,active,261188.0,262738.0,263122.0,26,35721.0,False
base,active,261173.0,262738.0,264632.0,49 50 51 52 53 54 55 56 57 58 59 60 61 62 63 65 66 67 68 69 70 71 72 74 75 76 77 78 79 80 81 82,35720.0,False
base,active,261473.0,262766.0,263948.0,27 40,35726.0,False
base,active,,262813.0,263249.0,25,-1.0,
base,active,261721.0,262875.0,263249.0,36 37 38 39,35730.0,False
base,active,,263122.0,263249.0,26,-1.0,
base,active,261735.0,263167.0,263189.0,1 2 3 12 13 14 15 16,35731.0,False
base,active,262125.0,263167.0,263235.0,17 18 19 20,35733.0,False
base,active,,263167.0,263235.0,21 22 23 24 41 42 43 44 45 46 47 48 83 84 85 86 87 88 89 90,-1.0,
base,active,,263189.0,263235.0,1 2 3 12 13 14 15 16,-1.0,
base,active,262207.0,263235.0,263907.0,1 2 3 12 13 14 15 16 17 18 19 20 21 22 23 24 41 42 43 44 45 46 47 48 83 84 85 86 87 88 89 90,35734.0,False
base,active,262778.0,263249.0,263381.0,25 26,35738.0,False
base,active,262757.0,263249.0,263399.0,36 37 38 39,35737.0,False
base,active,,263381.0,263681.0,25 26,-1.0,
base,active,,263399.0,263699.0,36 37 38 39,-1.0,
base,switching_off,,263681.0,265481.0,25 26,-2.0,
base,switching_off,,263699.0,265499.0,36 37 38 39,-2.0,
base,active,262882.0,263907.0,266728.0,1 2 3 12 13 14 15 16 17 18 19 20 21 22 23 24 41 42 43 44 45 46 47 48 83 84 85 86 87 88 89 90,35739.0,False
base,active,,263948.0,264830.0,27 40,-1.0,
base,active,264068.0,264632.0,264662.0,63,35750.0,False
base,active,264133.0,264632.0,264663.0,66,35752.0,False
base,active,264178.0,264632.0,264668.0,67,35753.0,False
base,active,263864.0,264632.0,264676.0,55 56 57 58,35748.0,False
base,active,264106.0,264632.0,264676.0,65,35751.0,False
base,active,263767.0,264632.0,264807.0,49 50 51 52,35745.0,False
base,active,264023.0,264632.0,264830.0,59 60 61 62,35749.0,False
base,active,,264632.0,264830.0,68 69 70 71 72 74 75 76 77 78 79 80 81 82,-1.0,
base,active,263788.0,264632.0,265060.0,53 54,35747.0,False
base,active,,264662.0,264830.0,63,-1.0,
base,active,,264663.0,264830.0,66,-1.0,
base,active,,264668.0,264830.0,67,-1.0,
base,active,,264676.0,264830.0,55 56 57 58 65,-1.0,
base,active,,264807.0,264830.0,49 50 51 52,-1.0,
base,active,264208.0,264830.0,266728.0,27 40 49 50 51 52 55 56 57 58 59 60 61 62 63 65 66 67 68 69 70 71 72 74 75 76 77 78 79 80 81 82,35754.0,False
base,active,,265060.0,265360.0,53 54,-1.0,
base,switching_off,,265360.0,267160.0,53 54,-2.0,
base,sleeping,,265481.0,269103.0,25 26,-4.0,
base,sleeping,,265499.0,269103.0,36 37 38 39,-4.0,
base,active,265355.0,266728.0,266735.0,76,35776.0,False
base,active,264983.0,266728.0,266736.0,49,35768.0,False
base,active,265211.0,266728.0,266745.0,65,35773.0,False
base,active,265031.0,266728.0,266748.0,50 51 52 55,35770.0,False
base,active,265165.0,266728.0,266748.0,60 61 62 63,35772.0,False
base,active,265106.0,266728.0,266749.0,56 57 58 59,35771.0,False
base,active,264801.0,266728.0,266750.0,40 41 42 43 44 45 46 47,35764.0,False
base,active,264956.0,266728.0,266750.0,48,35767.0,False
base,active,265230.0,266728.0,266750.0,66,35774.0,False
base,active,,266728.0,266750.0,77 78 79 80 81 82 83,-1.0,
base,active,264322.0,266728.0,266755.0,19,35758.0,False
base,active,,266728.0,266755.0,84 85 86 87 88 89 90,-1.0,
base,active,264267.0,266728.0,266795.0,15 16 17 18,35757.0,False
base,active,265284.0,266728.0,266813.0,67 68 69 70 71 72 74 75,35775.0,False
base,active,264625.0,266728.0,266826.0,24 27,35761.0,False
base,active,264604.0,266728.0,266844.0,20 21 22 23,35760.0,False
base,active,264248.0,266728.0,266867.0,13 14,35756.0,False
base,active,264218.0,266728.0,266898.0,1 2 3 12,35755.0,False
base,active,,266735.0,266750.0,76,-1.0,
base,active,,266736.0,266750.0,49,-1.0,
base,active,,266745.0,266750.0,65,-1.0,
base,active,,266748.0,266750.0,50 51 52 55 60 61 62 63,-1.0,
base,active,,266749.0,266750.0,56 57 58 59,-1.0,
base,active,265832.0,266750.0,269710.0,40 41 42 43 44 45 46 47 48 49 50 51 52 55 56 57 58 59 60 61 62 63 65 66 76 77 78 79 80 81 82 83,35778.0,False
base,active,266128.0,266755.0,266843.0,19 84 85 86 87 88 89 90,35780.0,False
base,active,,266795.0,266813.0,15,-1.0,
base,active,,266795.0,266918.0,16 17 18,-1.0,
base,active,266458.0,266813.0,266825.0,15,35785.0,False
base,active,266277.0,266813.0,266918.0,67 68 69 70 71 72 74 75,35781.0,False
base,active,,266825.0,266918.0,15,-1.0,
base,active,,266826.0,266918.0,24 27,-1.0,
base,active,,266843.0,266918.0,19 84 85 86 87 88 89 90,-1.0,
base,active,,266844.0,266918.0,20 21 22 23,-1.0,
base,active,,266867.0,266918.0,13 14,-1.0,
base,active,,266898.0,266918.0,1 2 3 12,-1.0,
base,active,266459.0,266918.0,268485.0,1 2 3 12 13 14 15 16 17 18 19 20 21 22 23 24 27 67 68 69 70 71 72 74 75 84 85 86 87 88 89 90,35786.0,False
base,sleeping,,267160.0,269103.0,53 54,-4.0,
base,active,266693.0,268485.0,268500.0,12,35792.0,False
base,active,266726.0,268485.0,268500.0,13,35793.0,False
base,active,266776.0,268485.0,268500.0,14,35794.0,False
base,active,266648.0,268485.0,268506.0,3,35791.0,False
base,active,266514.0,268485.0,268513.0,1,35788.0,False
base,active,266529.0,268485.0,268547.0,2,35789.0,False
base,active,,268485.0,269710.0,15 16 17 18 19 20 21 22 23 24 27 67 68 69 70 71 72 74 75 84 85 86 87 88 89 90,-1.0,
base,active,,268500.0,269710.0,12 13 14,-1.0,
base,active,,268506.0,269710.0,3,-1.0,
base,active,,268513.0,269710.0,1,-1.0,
base,active,,268547.0,269710.0,2,-1.0,
base,switching_on,,269103.0,271803.0,25 26 36 37 38 39 53 54 91 92 93 108 109 110 111 116 117 118 119 120 121 122 123 127,-3.0,
base,active,267968.0,269710.0,269731.0,1 2 3 12 13 14 15 16 17 18 19 20 21 22 23 24 27 40 41 42 43 44 45 46 47 48 49 50 51 52 55 56 57 58 59 60 61 62 63 65 66 67 68 69 70 71 72 74 75 76 77 78 79 80 81 82 83 84 85 86 87 88 89 90,35799.0,False
base,active,268001.0,269731.0,269778.0,1 2 3 12 13 14 15 16 17 18 19 20 21 22 23 24 27 40 41 42 43 44 45 46 47 48 49 50 51 52 55 56 57 58 59 60 61 62 63 65 66 67 68 69 70 71 72 74 75 76 77 78 79 80 81 82 83 84 85 86 87 88 89 90,35800.0,False
base,active,268055.0,269778.0,269829.0,57 58 59 60 61 62 63 65 66 67 68 69 70 71 72 74 75 76 77 78 79 80 81 82 83 84 85 86 87 88 89 90,35802.0,False
base,active,268054.0,269778.0,272462.0,1 2 3 12 13 14 15 16 17 18 19 20 21 22 23 24 27 40 41 42 43 44 45 46 47 48 49 50 51 52 55 56,35801.0,False
base,active,268635.0,269829.0,269913.0,57 58 59 60 61 62 63 65 66 67 68 69 70 71 72 74 75 76 77 78 79 80 81 82 83 84 85 86 87 88 89 90,35805.0,False
base,active,268808.0,269913.0,272592.0,57 58 59 60 61 62 63 65 66 67 68 69 70 71 72 74 75 76 77 78 79 80 81 82 83 84 85 86 87 88 89 90,35806.0,False
base,active,268890.0,269989.0,270134.0,0 28 29 30 31 32 33 34,35807.0,False
base,active,,269989.0,270134.0,35 64 73 94 95 96 97 98 99 100 101 102 103 104 105 106 107 112 113 114 115 124 125 126,-1.0,
base,active,268905.0,270134.0,270218.0,0 28 29 30 31 32 33 34 35 64 73 94 95 96 97 98 99 100 101 102 103 104 105 106 107 112 113 114 115 124 125 126,35808.0,False
base,active,,270218.0,271803.0,0 28 29 30 31 32 33 34 35 64 73 94 95 96 97 98 99 100 101 102 103 104 105 106 107 112 113 114 115 124 125 126,-1.0,
base,active,,270250.0,271803.0,4 5 6 7 8 9 10 11,-1.0,
base,active,269103.0,271803.0,271837.0,0 4 5 6 7 8 9 10 11 25 26 28 29 30 31 32 33 34 35 36 37 38 39 53 54 64 73 91 92 93 94 95 96 97 98 99 100 101 102 103 104 105 106 107 108 109 110 111 112 113 114 115 116 117 118 119 120 121 122 123 124 125 126 127,35810.0,False
base,active,269450.0,271837.0,271927.0,0 4 5 6 7 8 9 10 11 25 26 28 29 30 31 32,35812.0,False
base,active,,271837.0,271927.0,121 122 123 124 125 126,-1.0,
base,active,269661.0,271837.0,271934.0,120,35818.0,False
base,active,269627.0,271837.0,271949.0,33 34 35 36 37 38 39 53,35816.0,False
base,active,,271837.0,272000.0,127,-1.0,
base,active,269660.0,271837.0,282826.0,54 64 73 91 92 93 94 95 96 97 98 99 100 101 102 103 104 105 106 107 108 109 110 111 112 113 114 115 116 117 118 119,35817.0,False
base,active,270054.0,271927.0,271997.0,26 28 29 30,35822.0,False
base,active,269832.0,271927.0,272000.0,11 25,35821.0,False
base,active,270192.0,271927.0,272006.0,31 32 121 122 123 124 125 126,35823.0,False
base,active,269711.0,271927.0,282866.0,0 4 5 6 7 8 9 10,35819.0,False
base,active,,271934.0,272000.0,120,-1.0,
base,active,,271949.0,272000.0,33 34 35 36 37 38 39 53,-1.0,
base,active,,271997.0,272000.0,26 28 29 30,-1.0,
base,active,270391.0,272000.0,272050.0,11 25 26 28 29 30 33 34 35 36 37 38 39 53 120 127,35825.0,False
base,active,270419.0,272006.0,273680.0,31 32 121 122 123 124 125 126,35826.0,False
base,active,270449.0,272050.0,272144.0,11 25 26 28 29 30 33 34 35 36 37 38 39 53 120 127,35827.0,False
base,active,270742.0,272144.0,272164.0,35,35830.0,False
base,active,270674.0,272144.0,272195.0,11 25 26 28 29 30 33 34,35828.0,False
base,active,,272144.0,272195.0,36 37 38 39 53 120 127,-1.0,
base,active,,272164.0,272195.0,35,-1.0,
base,active,270751.0,272195.0,272295.0,11 25 26 28 29 30 33 34 35 36 37 38 39 53 120 127,35831.0,False
base,active,271346.0,272295.0,272406.0,11 25 26 28 29 30 33 34 35 36 37 38 39 53 120 127,35832.0,False
base,active,271387.0,272406.0,272477.0,11 25 26 28 29 30 33 34 35 36 37 38 39 53 120 127,35833.0,False
base,active,,272462.0,272592.0,27 40 41 42 43 44 45 46 47 48 49 50 51 52 55 56,-1.0,
base,active,271478.0,272462.0,272669.0,1 2 3 12 13 14 15 16 17 18 19 20 21 22 23 24,35835.0,False
base,active,,272477.0,272592.0,11 25 26 28 29 30 33 34 35 36 37 38 39 53 120 127,-1.0,
base,active,271581.0,272592.0,272603.0,11 25 26 27 28 29 30 33 34 35 36 37 38 39 40 41 42 43 44 45 46 47 48 49 50 51 52 53 55 56 57 58 59 60 61 62 63 65 66 67 68 69 70 71 72 74 75 76 77 78 79 80 81 82 83 84 85 86 87 88 89 90 120 127,35836.0,False
base,active,271608.0,272603.0,272611.0,11 25 26 27 28 29 30 33 34 35 36 37 38 39 40 41 42 43 44 45 46 47 48 49 50 51 52 53 55 56 57 58,35837.0,False
base,active,271741.0,272603.0,272842.0,59 60 61 62 63 65 66 67 68 69 70 71 72 74 75 76,35838.0,False
base,active,272018.0,272603.0,272895.0,77 78 79 80 81 82 83 84 85 86 87 88 89 90 120 127,35842.0,False
base,active,272578.0,272611.0,272739.0,25 26 27 28 29 30 33 34 35 36 37 38 39 40 41 42,35846.0,False
base,active,,272611.0,272911.0,43 44 45 46 47 48 49 50 51 52 53 55 56 57 58,-1.0,
base,active,272246.0,272611.0,274253.0,11,35845.0,False
base,active,,272669.0,272739.0,1 2 3 12 13 14 15 16 17 18 19 20 21 22 23 24,-1.0,
base,active,272637.0,272739.0,272757.0,1 2 3 12 13 14 15 16 17 18 19 20 21 22 23 24 25 26 27 28 29 30 33 34 35 36 37 38 39 40 41 42,35847.0,False
base,active,272670.0,272757.0,272778.0,1 2 3 12 13 14 15 16 17 18 19 20 21 22 23 24 25 26 27 28 29 30 33 34 35 36 37 38 39 40 41 42,35849.0,False
base,active,,272778.0,272849.0,1 2 3 12 13 14 15 16 17 18 19 20 21 22 23 24,-1.0,
base,active,,272778.0,273078.0,25 26 27 28 29 30 33 34 35 36 37 38 39 40 41 42,-1.0,
base,active,,272842.0,272849.0,59 60 61 62 63 65 66 67 68 69 70 71 72 74 75 76,-1.0,
base,active,272849.0,272849.0,273005.0,1 2 3 12 13 14 15 16 17 18 19 20 21 22 23 24 59 60 61 62 63 65 66 67 68 69 70 71 72 74 75 76,35850.0,False
base,active,,272895.0,273195.0,77 78 79 80 81 82 83 84 85 86 87 88 89 90 120 127,-1.0,
base,switching_off,,272911.0,274711.0,43 44 45 46 47 48 49 50 51 52 53 55 56 57 58,-2.0,
base,active,,273005.0,273009.0,1 2 3 12 13 14 15 16 17 18 19 20 21 22 23 24 59 60 61 62 63 65 66 67 68 69 70 71 72 74 75 76,-1.0,
base,active,273009.0,273009.0,273498.0,1 2 3 12 13 14 15 16 17 18 19 20 21 22 23 24 59 60 61 62 63 65 66 67 68 69 70 71 72 74 75 76,35851.0,False
base,switching_off,,273078.0,274878.0,25 26 27 28 29 30 33 34 35 36 37 38 39 40 41 42,-2.0,
base,switching_off,,273195.0,274995.0,77 78 79 80 81 82 83 84 85 86 87 88 89 90 120 127,-2.0,
base,active,,273498.0,273508.0,1 2 3 12,-1.0,
base,active,,273498.0,273798.0,68 69 70 71 72 74 75 76,-1.0,
base,active,,273498.0,277578.0,13 14 15 16 17 18 19 20 21 22 23 24 59 60 61 62 63 65 66 67,-1.0,
base,active,273508.0,273508.0,273563.0,1 2 3 12,35853.0,False
base,active,,273563.0,277578.0,1 2 3 12,-1.0,
base,active,,273680.0,277578.0,31 32 121 122 123 124 125 126,-1.0,
base,switching_off,,273798.0,275598.0,68 69 70 71 72 74 75 76,-2.0,
base,active,,274253.0,277578.0,11,-1.0,
base,sleeping,,274711.0,274878.0,43 44 45 46 47 48 49 50 51 52 53 55 56 57 58,-4.0,
base,switching_on,,274878.0,277578.0,25 26 27 28 29 30 33 34 35 36 37 38 39 40 41 42 43 44 45 46 47 48 49 50 51 52 53 55 56 57 58,-3.0,
base,sleeping,,274995.0,275083.0,78 79 80 81 82 83 84 85 86,-4.0,
base,sleeping,,274995.0,275202.0,87 88 89 90,-4.0,
base,switching_on,,274995.0,277695.0,77,-3.0,
base,sleeping,,274995.0,280126.0,120 127,-4.0,
base,switching_on,,275083.0,277783.0,78 79 80 81 82 83 84 85 86,-3.0,
base,switching_on,,275202.0,277902.0,87 88 89 90,-3.0,
base,sleeping,,275598.0,280126.0,68 69 70 71 72 74 75 76,-4.0,
base,active,273798.0,277578.0,277783.0,1 2 3 11 12 13 14 15 16 17 18 19 20 21 22 23 24 25 26 27 28 29 30 31 32 33 34 35 36 37 38 39 40 41 42 43 44 45 46 47 48 49 50 51 52 53 55 56 57 58 59 60 61 62 63 65 66 67 121 122 123 124 125 126,35858.0,False
base,active,273818.0,277695.0,277733.0,77,35860.0,False
base,active,,277733.0,277783.0,77,-1.0,
base,active,274192.0,277783.0,277800.0,77,35865.0,False
base,active,274015.0,277783.0,277825.0,1 2 3 11 12 13 14 15 16 17 18 19 20 21 22 23 24 25 26 27 28 29 30 31 32 33 34 35 36 37 38 39,35861.0,False
base,active,274015.0,277783.0,277903.0,40,35862.0,False
base,active,274188.0,277783.0,277924.0,85 86 121 122 123 124 125 126,35864.0,False
base,active,274047.0,277783.0,277930.0,41 42 43 44 45 46 47 48 49 50 51 52 53 55 56 57 58 59 60 61 62 63 65 66 67 78 79 80 81 82 83 84,35863.0,False
base,active,,277800.0,277825.0,77,-1.0,
base,active,274205.0,277825.0,277835.0,1 2 3 11 12 13 14 15 16 17 18 19 20 21 22 23 24 25 26 27 28 29 30 31 32 33 34 35 36 37 38 39,35866.0,False
base,active,274225.0,277825.0,277962.0,77,35867.0,False
base,active,274237.0,277835.0,277878.0,1 2 3 11 12 13 14 15 16 17 18 19 20 21 22 23 24 25 26 27 28 29 30 31 32 33 34 35 36 37 38 39,35868.0,False
base,active,274325.0,277878.0,277901.0,1 2 3 11 12 13 14 15 16 17 18 19 20 21 22 23 24 25 26 27 28 29 30 31 32 33 34 35 36 37 38 39,35870.0,False
base,active,274369.0,277901.0,277902.0,1 2 3 11 12 13 14 15 16 17 18 19 20 21 22 23 24 25 26 27 28 29 30 31 32 33 34 35 36 37 38 39,35871.0,False
base,active,274378.0,277902.0,277922.0,1 2 3 11 12 13 14 15 16 17 18 19 20 21 22 23 24 25 26 27 28 29 30 31 32 33 34 35 36 37 38 39,35872.0,False
base,active,274451.0,277902.0,277948.0,87 88 89 90,35873.0,False
base,active,,277903.0,278026.0,40,-1.0,
base,active,,277922.0,277930.0,1 2 3 11 12 13 14 15 16 17 18 19 20 21 22 23 24 25 26 27 28 29 30 31,-1.0,
base,active,,277922.0,277994.0,32 33 34 35 36 37,-1.0,
base,active,,277922.0,278026.0,38 39,-1.0,
base,active,,277924.0,277930.0,85 86 121 122 123 124 125 126,-1.0,
base,active,274536.0,277930.0,277994.0,1 2 3 11 12 13 14 15 16 17 18 19 20 21 22 23 24 25 26 27 28 29 30 31 41 42 43 44 45 46 47 48 49 50 51 52 53 55 56 57 58 59 60 61 62 63 65 66 67 78 79 80 81 82 83 84 85 86 121 122 123 124 125 126,35875.0,False
base,active,,277948.0,277994.0,87 88 89 90,-1.0,
base,active,,277962.0,277994.0,77,-1.0,
base,active,274671.0,277994.0,278018.0,1 2 3 11 12 13 14 15 16 17 18 19 20 21 22 23 24 25 26 27 28 29 30 31 41 42 43 44 45 46 47 48,35876.0,False
base,active,275234.0,277994.0,278026.0,86,35885.0,False
base,active,275485.0,277994.0,278032.0,121 122 123 124,35888.0,False
base,active,275725.0,277994.0,278032.0,87 88 89 90,35892.0,False
base,active,274682.0,277994.0,278033.0,49 50 51 52,35877.0,False
base,active,275634.0,277994.0,278035.0,126,35890.0,False
base,active,274826.0,277994.0,278036.0,55 56 57 58,35880.0,False
base,active,275689.0,277994.0,278039.0,77,35891.0,False
base,active,275018.0,277994.0,278061.0,59 60 61 62 63 65 66 67 78 79 80 81 82 83 84 85,35881.0,False
base,active,275764.0,277994.0,278122.0,36 37,35894.0,False
base,active,275741.0,277994.0,278145.0,32 33 34 35,35893.0,False
base,active,274797.0,277994.0,278266.0,53,35879.0,False
base,active,275544.0,277994.0,280855.0,125,35889.0,False
base,active,,278018.0,278026.0,28 29 30 31 41 42 43 44 45 46 47 48,-1.0,
base,active,276612.0,278018.0,278051.0,21,35901.0,False
base,active,276232.0,278018.0,278055.0,12 13 14 15,35897.0,False
base,active,276558.0,278018.0,278056.0,20,35900.0,False
base,active,276295.0,278018.0,278058.0,16 17 18 19,35898.0,False
base,active,275966.0,278018.0,278059.0,1 2 3 11,35896.0,False
base,active,276671.0,278018.0,278305.0,26 27,35903.0,False
base,active,276649.0,278018.0,278327.0,22 23 24 25,35902.0,False
base,active,276787.0,278026.0,278107.0,28 29 30 31 38 39 40 41 42 43 44 45 46 47 48 86,35904.0,False
base,active,277068.0,278032.0,278053.0,87 88 89 90,35905.0,False
base,active,277098.0,278032.0,278095.0,121 122 123 124,35906.0,False
base,active,277130.0,278033.0,278139.0,49 50 51 52,35907.0,False
base,active,,278035.0,278197.0,126,-1.0,
base,active,,278036.0,278061.0,57,-1.0,
base,active,277152.0,278036.0,278120.0,55 56,35908.0,False
base,active,,278036.0,278197.0,58,-1.0,
base,active,,278039.0,278061.0,77,-1.0,
base,active,,278051.0,278061.0,21,-1.0,
base,active,,278053.0,278061.0,87 88 89 90,-1.0,
base,active,,278055.0,278061.0,12 13 14 15,-1.0,
base,active,,278056.0,278061.0,20,-1.0,
base,active,,278058.0,278061.0,16 17 18 19,-1.0,
base,active,,278059.0,278061.0,1 2 3 11,-1.0,
base,active,277218.0,278061.0,278102.0,21 57 77 90,35910.0,False
base,active,277159.0,278061.0,278197.0,1 2 3 11 12 13 14 15 16 17 18 19 20 59 60 61 62 63 65 66 67 78 79 80 81 82 83 84 85 87 88 89,35909.0,False
base,active,,278095.0,278197.0,121 122 123 124,-1.0,
base,active,,278102.0,278197.0,21 57 77 90,-1.0,
base,active,,278107.0,278197.0,28 29 30 31 38 39 40 41 42 43 44 45 46 47 48 86,-1.0,
base,active,,278120.0,278197.0,55 56,-1.0,
base,active,,278122.0,278197.0,36 37,-1.0,
base,active,,278139.0,278197.0,49 50 51 52,-1.0,
base,active,,278145.0,278197.0,32 33 34 35,-1.0,
base,active,277429.0,278197.0,278420.0,1 2 3 11 12 13 14 15 16 17 18 19 20 21 28 29 30 31 32 33 34 35 36 37 38 39 40 41 42 43 44 45 46 47 48 49 50 51 52 55 56 57 59 60 61 62 63 65 66 67 77 78 79 80 81 82 83 84 85 86 87 88 89 90,35911.0,False
base,active,277584.0,278197.0,278559.0,58 126,35913.0,False
base,active,277562.0,278197.0,278582.0,121 122 123 124,35912.0,False
base,active,,278266.0,278566.0,53,-1.0,
base,active,,278305.0,278605.0,26 27,-1.0,
base,active,277658.0,278327.0,278365.0,22 23 24 25,35914.0,False
base,active,277710.0,278365.0,278403.0,22 23 24 25,35915.0,False
base,active,277791.0,278403.0,278455.0,22 23 24 25,35916.0,False
base,active,277891.0,278420.0,278457.0,1 2 3 11,35917.0,False
base,active,277982.0,278420.0,278468.0,12 13 14 15 16 17 18 19,35918.0,False
base,active,278315.0,278420.0,278651.0,42 43 44 45 46 47 48 49 50 51 52 55 56 57 59 60 61 62 63 65 66 67 77 78 79 80 81 82 83 84 85 86,35920.0,False
base,active,,278420.0,278720.0,87 88 89 90,-1.0,
base,active,278115.0,278420.0,278841.0,20 21 28 29 30 31 32 33 34 35 36 37 38 39 40 41,35919.0,False
base,active,,278455.0,278755.0,22 23 24 25,-1.0,
base,active,,278457.0,278594.0,1 2,-1.0,
base,active,,278457.0,278757.0,3 11,-1.0,
base,active,,278468.0,278541.0,12 13 14 15,-1.0,
base,active,,278468.0,278594.0,16 17 18 19,-1.0,
base,active,278541.0,278541.0,278579.0,12 13 14 15,35921.0,False
base,active,,278559.0,278594.0,58 126,-1.0,
base,switching_off,,278566.0,280366.0,53,-2.0,
base,active,,278579.0,278594.0,12 13 14 15,-1.0,
base,active,,278582.0,278594.0,121 122 123 124,-1.0,
base,active,278594.0,278594.0,278653.0,1 2 12 13 14 15 16 17 18 19 58 121 122 123 124 126,35922.0,False
base,switching_off,,278605.0,280405.0,26 27,-2.0,
base,active,,278651.0,278768.0,42 43 44 45 46 47 48 49 50 51 52 55 56 57 59 60,-1.0,
base,active,,278651.0,278951.0,61 62 63 65 66 67 77 78 79 80 81 82 83 84 85 86,-1.0,
base,active,,278653.0,278686.0,1 2 12 13 14 15 16 17 18 19 58 121 122 123 124 126,-1.0,
base,active,278686.0,278686.0,278692.0,1 2 12 13 14 15 16 17 18 19 58 121 122 123 124 126,35923.0,False
base,active,,278692.0,278693.0,1 2 12 13 14 15 16 17 18 19 58 121 122 123 124 126,-1.0,
base,active,278693.0,278693.0,278781.0,1 2 12 13 14 15 16 17 18 19 58 121 122 123 124 126,35924.0,False
base,switching_off,,278720.0,280520.0,87 88 89 90,-2.0,
base,switching_off,,278755.0,280555.0,22 23 24 25,-2.0,
base,switching_off,,278757.0,280557.0,3 11,-2.0,
base,active,278768.0,278768.0,279208.0,42 43 44 45 46 47 48 49 50 51 52 55 56 57 59 60,35925.0,False
base,active,,278781.0,279081.0,1 2 12 13 14 15 16 17 18 19 58 121 122 123 124 126,-1.0,
base,active,,278841.0,279141.0,20 21 28 29 30 31 32 33 34 35 36 37 38 39 40 41,-1.0,
base,switching_off,,278951.0,280751.0,61 62 63 65 66 67 77 78 79 80 81 82 83 84 85 86,-2.0,
base,switching_off,,279081.0,280881.0,1 2 12 13 14 15 16 17 18 19 58 121 122 123 124 126,-2.0,
base,switching_off,,279141.0,280941.0,20 21 28 29 30 31 32 33 34 35 36 37 38 39 40 41,-2.0,
base,active,,279208.0,279222.0,42 43 44 45 46 47 48 49 50 51 52 55 56 57 59 60,-1.0,
base,active,279222.0,279222.0,279290.0,42 43 44 45 46 47 48 49 50 51 52 55 56 57 59 60,35926.0,False
base,active,279266.0,279290.0,279319.0,42 43 44 45 46 47 48 49,35927.0,False
base,active,,279290.0,279319.0,50 51 52 55 56 57 59 60,-1.0,
base,active,279295.0,279319.0,279367.0,42 43 44 45 46 47 48 49 50 51 52 55 56 57 59 60,35928.0,False
base,active,279345.0,279367.0,279405.0,42 43 44 45,35929.0,False
base,active,,279367.0,279405.0,46 47 48 49 50 51 52 55 56 57 59 60,-1.0,
base,active,279349.0,279405.0,279411.0,42 43 44 45 46 47 48 49 50 51 52 55 56 57 59 60,35930.0,False
base,active,279357.0,279411.0,279417.0,42 43 44 45 46 47 48 49 50 51 52 55 56 57 59 60,35931.0,False
base,active,279364.0,279417.0,279491.0,42 43 44 45 46 47 48 49 50 51 52 55 56 57 59 60,35932.0,False
base,active,279372.0,279491.0,279494.0,42,35933.0,False
base,active,,279491.0,279791.0,43 44 45 46 47 48 49 50 51 52 55 56 57 59 60,-1.0,
base,active,,279494.0,282826.0,42,-1.0,
base,switching_off,,279791.0,281591.0,43 44 45 46 47 48 49 50 51 52 55 56 57 59 60,-2.0,
base,switching_on,,280126.0,282826.0,68 69 70 71 72 74 75 76 120 127,-3.0,
base,sleeping,,280366.0,280622.0,53,-4.0,
base,sleeping,,280405.0,280622.0,26 27,-4.0,
base,sleeping,,280520.0,280622.0,87 88 89,-4.0,
base,sleeping,,280520.0,280941.0,90,-4.0,
base,sleeping,,280555.0,280622.0,22 23 24 25,-4.0,
base,sleeping,,280557.0,280622.0,3 11,-4.0,
base,switching_on,,280622.0,283322.0,3 11 22 23 24 25 26 27 53 87 88 89,-3.0,
base,sleeping,,280751.0,280881.0,66 67 77 78 79,-4.0,
base,sleeping,,280751.0,280941.0,80 81 82 83 84 85 86,-4.0,
base,switching_on,,280751.0,283451.0,61 62 63 65,-3.0,
base,active,,280855.0,282826.0,125,-1.0,
base,switching_on,,280881.0,283581.0,1 2 12 13 14 15 16 17 18 19 58 66 67 77 78 79,-3.0,
base,sleeping,,280881.0,295575.0,121 122 123 124 126,-4.0,
base,switching_on,,280941.0,283641.0,20 21 28 29 30 31 32 33 34 35 36 37 38 39 40 41 80 81 82 83 84 85 86 90,-3.0,
base,sleeping,,281591.0,295575.0,43 44 45 46 47 48 49 50 51 52 55 56 57 59 60,-4.0,
base,active,279695.0,282826.0,282893.0,42 120 125 127,35936.0,False
base,active,279611.0,282826.0,283322.0,112 113 114 115 116 117 118 119,35935.0,False
base,active,279601.0,282826.0,286020.0,54 64 68 69 70 71 72 73 74 75 76 91 92 93 94 95 96 97 98 99 100 101 102 103 104 105 106 107 108 109 110 111,35934.0,False
base,active,279856.0,282866.0,282939.0,0 4 5 6,35937.0,False
base,active,279934.0,282866.0,283089.0,7 8 9 10,35938.0,False
base,active,,282893.0,283322.0,42 120 125 127,-1.0,
base,active,,282939.0,283322.0,0 4 5 6,-1.0,
base,active,,283089.0,283322.0,7 8 9 10,-1.0,
base,active,280161.0,283322.0,283408.0,0 3 4 5 6 7 8 9 10 11 22 23 24 25 26 27 42 53 87 88 89 112 113 114 115 116 117 118 119 120 125 127,35939.0,False
base,active,280228.0,283408.0,283451.0,0 3 4 5,35940.0,False
base,active,,283408.0,283451.0,6 7 8 9 10 11 22 23 24 25 26 27 42 53 87 88 89 112 113 114 115 116 117 118 119 120 125 127,-1.0,
base,active,280337.0,283451.0,290654.0,119 120 125 127,35942.0,False
base,active,280272.0,283451.0,290718.0,0 3 4 5 6 7 8 9 10 11 22 23 24 25 26 27 42 53 61 62 63 65 87 88 89 112 113 114 115 116 117 118,35941.0,False
base,active,280436.0,283581.0,283628.0,1 2 12 13 14 15 16 17 18 19 58 66 67 77 78 79,35943.0,False
base,active,280488.0,283628.0,283720.0,1 2 12 13 14 15 16 17 18 19 58 66 67 77 78 79,35944.0,False
base,active,280584.0,283641.0,283753.0,20 21 28 29 30 31 32 33 34 35 36 37 38 39 40 41,35945.0,False
base,active,280666.0,283641.0,284749.0,80 81 82 83 84 85 86 90,35946.0,False
base,active,281146.0,283720.0,283833.0,1 2 12 13 14 15 16 17,35947.0,False
base,active,,283720.0,283833.0,18 19 58 66 67 77 78 79,-1.0,
base,active,,283753.0,283833.0,20 21 28 29 30 31 32 33 34 35 36 37 38 39 40 41,-1.0,
base,active,281265.0,283833.0,283957.0,1 2 12 13 14 15 16 17 18 19 20 21 28 29 30 31 32 33 34 35 36 37 38 39 40 41 58 66 67 77 78 79,35948.0,False
base,active,,283957.0,284257.0,66 67 77 78 79,-1.0,
base,active,,283957.0,284749.0,2 12 13 14 15 16 17 18 19 20 21 28 29 30 31 32 33 34 35 36 37 38 39 40,-1.0,
base,active,,283957.0,284953.0,41 58,-1.0,
base,active,282764.0,283957.0,285001.0,1,35949.0,False
base,switching_off,,284257.0,286057.0,66 67 77 78 79,-2.0,
base,active,282805.0,284749.0,284831.0,2 12 13 14 15 16 17 18 19 20 21 28 29 30 31 32 33 34 35 36 37 38 39 40 80 81 82 83 84 85 86 90,35950.0,False
base,active,282892.0,284831.0,284947.0,2 12 13 14 15 16 17 18 19 20 21 28 29 30 31 32 33 34 35 36 37 38 39 40 80 81 82 83 84 85 86 90,35951.0,False
base,active,283325.0,284947.0,284953.0,2 12 13 14 15 16 17 18 19 20 21 28 29 30 31 32,35952.0,False
base,active,,284947.0,284953.0,33 34 35 36 37 38 39 40 80 81 82 83 84 85 86 90,-1.0,
base,active,284026.0,284953.0,284966.0,58,35955.0,False
base,active,283835.0,284953.0,285061.0,41,35954.0,False
base,active,283446.0,284953.0,286098.0,2 12 13 14 15 16 17 18 19 20 21 28 29 30 31 32 33 34 35 36 37 38 39 40 80 81 82 83 84 85 86 90,35953.0,False
base,active,,284966.0,285266.0,58,-1.0,
base,active,,285001.0,286020.0,1,-1.0,
base,active,,285061.0,286020.0,41,-1.0,
base,switching_off,,285266.0,287066.0,58,-2.0,
base,active,285002.0,286020.0,286115.0,41,35957.0,False
base,active,285120.0,286020.0,286146.0,1,35958.0,False
base,active,284617.0,286020.0,288941.0,54 64 68 69 70 71 72 73 74 75 76 91 92 93 94 95 96 97 98 99 100 101 102 103 104 105 106 107 108 109 110 111,35956.0,False
base,sleeping,,286057.0,295575.0,66 67 77 78 79,-4.0,
base,active,285681.0,286098.0,286203.0,12,35960.0,False
base,active,285440.0,286098.0,286207.0,2,35959.0,False
base,active,,286098.0,286398.0,13 14 15 16 17 18 19 20 21 28 29 30 31 32 33 34 35 36 37 38 39 40 80 81 82 83 84 85 86 90,-1.0,
base,active,,286115.0,286415.0,41,-1.0,
base,active,,286146.0,286184.0,1,-1.0,
base,active,286184.0,286184.0,286290.0,1,35961.0,False
base,active,,286203.0,286503.0,12,-1.0,
base,active,,286207.0,286507.0,2,-1.0,
base,active,,286290.0,286590.0,1,-1.0,
base,switching_off,,286398.0,288198.0,13 14 15 16 17 18 19 20 21 28 29 30 31 32 33 34 35 36 37 38 39 40 80 81 82 83 84 85 86 90,-2.0,
base,switching_off,,286415.0,288215.0,41,-2.0,
base,switching_off,,286503.0,288303.0,12,-2.0,
base,switching_off,,286507.0,288307.0,2,-2.0,
base,switching_off,,286590.0,288390.0,1,-2.0,
base,sleeping,,287066.0,295575.0,58,-4.0,
base,sleeping,,288198.0,292412.0,13,-4.0,
base,sleeping,,288198.0,292774.0,14 15 16 17,-4.0,
base,sleeping,,288198.0,292783.0,18 19 20 21 28 29 30 31,-4.0,
base,sleeping,,288198.0,292950.0,32 33 34 35 36 37 38 39,-4.0,
base,sleeping,,288198.0,292968.0,40,-4.0,
base,sleeping,,288198.0,295575.0,80 81 82 83 84 85 86 90,-4.0,
base,sleeping,,288215.0,295575.0,41,-4.0,
base,sleeping,,288303.0,292412.0,12,-4.0,
base,sleeping,,288307.0,292412.0,2,-4.0,
base,sleeping,,288390.0,292412.0,1,-4.0,
base,active,287546.0,288941.0,288961.0,69,35965.0,False
base,active,287447.0,288941.0,289033.0,68,35964.0,False
base,active,286842.0,288941.0,289081.0,54,35962.0,False
base,active,287174.0,288941.0,289188.0,64,35963.0,False
base,active,,288941.0,289188.0,70 71 72 73 74 75 76 91 92 93 94 95 96 97 98 99 100 101 102 103 104 105 106 107 108 109 110 111,-1.0,
base,active,,288961.0,289188.0,69,-1.0,
base,active,,289033.0,289188.0,68,-1.0,
base,active,,289081.0,289188.0,54,-1.0,
base,active,288449.0,289188.0,289366.0,54 64 68 69 70 71 72 73 74 75 76 91 92 93 94 95 96 97 98 99 100 101 102 103 104 105 106 107 108 109 110 111,35966.0,False
base,active,288529.0,289366.0,289373.0,74,35969.0,False
base,active,288709.0,289366.0,289390.0,95 96 97 98,35973.0,False
base,active,288651.0,289366.0,289394.0,76 91 92 93,35971.0,False
base,active,288688.0,289366.0,289400.0,94,35972.0,False
base,active,288504.0,289366.0,289445.0,54 64 68 69,35967.0,False
base,active,288588.0,289366.0,289449.0,75,35970.0,False
base,active,288510.0,289366.0,289492.0,70 71 72 73,35968.0,False
base,active,,289366.0,289492.0,99 100 101 102 103 104 105 106 107 108 109 110 111,-1.0,
base,active,,289373.0,289492.0,74,-1.0,
base,active,,289390.0,289492.0,95 96 97 98,-1.0,
base,active,,289394.0,289492.0,76 91 92 93,-1.0,
base,active,,289400.0,289492.0,94,-1.0,
base,active,,289445.0,289492.0,54 64 68 69,-1.0,
base,active,,289449.0,289492.0,75,-1.0,
base,active,288928.0,289492.0,289711.0,54 64 68 69 70 71 72 73 74 75 76 91 92 93 94 95 96 97 98 99 100 101 102 103 104 105 106 107 108 109 110 111,35974.0,False
base,active,289046.0,289711.0,289716.0,70,35976.0,False
base,active,289062.0,289711.0,289717.0,71,35977.0,False
base,active,288985.0,289711.0,289878.0,54 64 68 69,35975.0,False
base,active,,289711.0,290011.0,72 73 74 75 76 91 92 93 94 95 96 97 98 99 100 101 102 103 104 105 106 107 108 109 110 111,-1.0,
base,active,,289716.0,290016.0,70,-1.0,
base,active,,289717.0,290017.0,71,-1.0,
base,active,,289878.0,290178.0,54 64 68 69,-1.0,
base,switching_off,,290011.0,291811.0,72 73 74 75 76 91 92 93 94 95 96 97 98 99 100 101 102 103 104 105 106 107 108 109 110 111,-2.0,
base,switching_off,,290016.0,291816.0,70,-2.0,
base,switching_off,,290017.0,291817.0,71,-2.0,
base,switching_off,,290178.0,291978.0,54 64 68 69,-2.0,
base,active,,290654.0,290954.0,119 120 125 127,-1.0,
base,active,,290718.0,291018.0,0 3 4 5 6 7 8 9 10 11 22 23 24 25 26 27 42 53 61 62 63 65 87 88 89 112 113 114 115 116 117 118,-1.0,
base,switching_off,,290954.0,292754.0,119 120 125 127,-2.0,
base,switching_off,,291018.0,292818.0,0 3 4 5 6 7 8 9 10 11 22 23 24 25 26 27 42 53 61 62 63 65 87 88 89 112 113 114 115 116 117 118,-2.0,
base,sleeping,,291811.0,295575.0,72 73 74 75 76 91 92 93 94 95 96 97 98 99 100 101 102 103 104 105 106 107 108 109 110 111,-4.0,
base,sleeping,,291816.0,295575.0,70,-4.0,
base,sleeping,,291817.0,295575.0,71,-4.0,
base,sleeping,,291978.0,295575.0,54 64 68 69,-4.0,
base,switching_on,,292412.0,295112.0,1 2 12 13,-3.0,
base,sleeping,,292754.0,295575.0,119 120 125 127,-4.0,
base,switching_on,,292774.0,295474.0,14 15 16 17,-3.0,
base,switching_on,,292783.0,295483.0,18 19 20 21 28 29 30 31,-3.0,
base,sleeping,,292818.0,292945.0,0 3 4 5 6 7 8 9 10 11 22 23 24 25 26 27,-4.0,
base,sleeping,,292818.0,295575.0,42 53 61 62 63 65 87 88 89 112 113 114 115 116 117 118,-4.0,
base,switching_on,,292945.0,295645.0,0 3 4 5 6 7 8 9 10 11 22 23 24 25 26 27,-3.0,
base,switching_on,,292950.0,295650.0,32 33 34 35 36 37 38 39,-3.0,
base,switching_on,,292968.0,295668.0,40,-3.0,
base,active,292412.0,295112.0,295147.0,1 2 12 13,35978.0,False
base,active,292742.0,295147.0,295172.0,1 2 12 13,35979.0,False
base,active,,295172.0,295474.0,1 2 12 13,-1.0,
base,active,292774.0,295474.0,295580.0,1 2 12 13 14 15 16 17,35980.0,False
base,active,292783.0,295483.0,295581.0,18 19 20 21 28 29 30 31,35981.0,False
base,switching_on,,295575.0,298275.0,41 42 43 44 45 46 47 48 49 50 51 52 53 54 55 56 57 58 59 60 61 62 63 64 65 66 67 68 69 70 71 72 73 74 75 76 77 78 79 80 81 82 83 84 85 86 87 88 89 90 91 92 93 94 95 96 97 98 99 100 101 102 103 104 105 106 107 108 109 110 111 112 113 114 115 116 117 118 119 120 121 122 123 124 125 126 127,-3.0,
base,active,,295580.0,295645.0,1 2 12 13 14 15 16 17,-1.0,
base,active,,295581.0,295645.0,18 19 20 21 28 29 30 31,-1.0,
base,active,292945.0,295645.0,295745.0,0 1 2 3 4 5 6 7 8 9 10 11 12 13 14 15 16 17 18 19 20 21 22 23 24 25 26 27 28 29 30 31,35982.0,False
base,active,292950.0,295650.0,295692.0,32 33 34 35 36 37 38 39,35983.0,False
base,active,292968.0,295668.0,295672.0,40,35984.0,False
base,active,,295672.0,298275.0,40,-1.0,
base,active,293058.0,295692.0,295695.0,38,35988.0,False
base,active,293304.0,295692.0,295695.0,39,35989.0,False
base,active,293028.0,295692.0,295696.0,36,35986.0,False
base,active,293041.0,295692.0,295698.0,37,35987.0,False
base,active,293002.0,295692.0,295743.0,32 33 34 35,35985.0,False
base,active,,295695.0,298275.0,38 39,-1.0,
base,active,,295696.0,298275.0,36,-1.0,
base,active,,295698.0,298275.0,37,-1.0,
base,active,,295743.0,298275.0,32 33 34 35,-1.0,
base,active,,295745.0,298275.0,0 1 2 3 4 5 6 7 8 9 10 11 12 13 14 15 16 17 18 19 20 21 22 23 24 25 26 27 28 29 30 31,-1.0,
base,active,295575.0,298275.0,299018.0,0 1 2 3 4 5 6 7 8 9 10 11 12 13 14 15 16 17 18 19 20 21 22 23 24 25 26 27 28 29 30 31 32 33 34 35 36 37 38 39 40 41 42 43 44 45 46 47 48 49 50 51 52 53 54 55 56 57 58 59 60 61 62 63 64 65 66 67 68 69 70 71 72 73 74 75 76 77 78 79 80 81 82 83 84 85 86 87 88 89 90 91 92 93 94 95 96 97 98 99 100 101 102 103 104 105 106 107 108 109 110 111 112 113 114 115 116 117 118 119 120 121 122 123 124 125 126 127,35990.0,False
base,active,296608.0,299018.0,299518.0,0 1 2 3 4 5 6 7 8 9 10 11 12 13 14 15 16 17 18 19 20 21 22 23 24 25 26 27 28 29 30 31 32 33 34 35 36 37 38 39 40 41 42 43 44 45 46 47 48 49 50 51 52 53 54 55 56 57 58 59 60 61 62 63 64 65 66 67 68 69 70 71 72 73 74 75 76 77 78 79 80 81 82 83 84 85 86 87 88 89 90 91 92 93 94 95 96 97 98 99 100 101 102 103 104 105 106 107 108 109 110 111 112 113 114 115 116 117 118 119 120 121 122 123 124 125 126 127,35991.0,False
base,active,297505.0,299518.0,299990.0,64 65 66 67 68 69 70 71 72 73 74 75 76 77 78 79 80 81 82 83 84 85 86 87 88 89 90 91 92 93 94 95 96 97 98 99 100 101 102 103 104 105 106 107 108 109 110 111 112 113 114 115 116 117 118 119 120 121 122 123 124 125 126 127,35993.0,False
base,active,297112.0,299518.0,305703.0,0 1 2 3 4 5 6 7 8 9 10 11 12 13 14 15 16 17 18 19 20 21 22 23 24 25 26 27 28 29 30 31 32 33 34 35 36 37 38 39 40 41 42 43 44 45 46 47 48 49 50 51 52 53 54 55 56 57 58 59 60 61 62 63,35992.0,False
base,active,298176.0,299990.0,300054.0,96,35995.0,False
base,active,298320.0,299990.0,300113.0,97 98 99 100 101 102 103 104,35996.0,False
base,active,,299990.0,300113.0,105 106 107 108 109 110 111 112 113 114 115 116 117 118 119 120 121 122 123 124 125 126 127,-1.0,
base,active,298131.0,299990.0,300363.0,64 65 66 67 68 69 70 71 72 73 74 75 76 77 78 79 80 81 82 83 84 85 86 87 88 89 90 91 92 93 94 95,35994.0,False
base,active,,300054.0,300113.0,96,-1.0,
base,active,298490.0,300113.0,300185.0,96 97 98 99 100 101 102 103 104 105 106 107 108 109 110 111 112 113 114 115 116 117 118 119 120 121 122 123 124 125 126 127,35997.0,False
base,active,,300185.0,300485.0,112 113 114 115 116 117 118 119 120 121 122 123 124 125 126 127,-1.0,
base,active,298627.0,300185.0,301045.0,96 97 98 99 100 101 102 103 104 105 106 107 108 109 110 111,35998.0,False
base,active,298649.0,300363.0,300415.0,64 65 66 67 68 69 70 71 72 73 74 75 76 77 78 79 80 81 82 83 84 85 86 87 88 89 90 91 92 93 94 95,35999.0,False
base,active,298762.0,300415.0,300696.0,64 65 66 67 68 69 70 71 72 73 74 75 76 77 78 79 80 81 82 83 84 85 86 87 88 89 90 91 92 93 94 95,36000.0,False
base,switching_off,,300485.0,302285.0,112 113 114 115 116 117 118 119 120 121 122 123 124 125 126 127,-2.0,
base,active,299106.0,300696.0,300701.0,64 65 66 67 68 69 70 71 72 73 74 75 76 77 78 79 80 81 82 83 84 85 86 87 88 89 90 91 92 93 94 95,36001.0,False
base,active,,300701.0,301001.0,64 65 66 67 68 69 70 71 72 73 74 75 76 77 78 79 80 81 82 83 84 85 86 87 88 89 90 91 92 93 94 95,-1.0,
base,switching_off,,301001.0,302801.0,64 65 66 67 68 69 70 71 72 73 74 75 76 77 78 79 80 81 82 83 84 85 86 87 88 89 90 91 92 93 94 95,-2.0,
base,active,,301045.0,301345.0,96 97 98 99 100 101 102 103 104 105 106 107 108 109 110 111,-1.0,
base,switching_off,,301345.0,303145.0,96 97 98 99 100 101 102 103 104 105 106 107 108 109 110 111,-2.0,
base,sleeping,,302285.0,303302.0,112 113 114 115 116 117 118 119 120 121 122 123 124 125 126 127,-4.0,
base,sleeping,,302801.0,303302.0,64 65 66 67 68 69 70 71 72 73 74 75 76 77 78 79 80 81 82 83 84 85 86 87 88 89 90 91 92 93 94 95,-4.0,
base,sleeping,,303145.0,303302.0,96 97 98 99 100 101 102 103 104 105 106 107 108 109 110 111,-4.0,
base,switching_on,,303302.0,306002.0,64 65 66 67 68 69 70 71 72 73 74 75 76 77 78 79 80 81 82 83 84 85 86 87 88 89 90 91 92 93 94 95 96 97 98 99 100 101 102 103 104 105 106 107 108 109 110 111 112 113 114 115 116 117 118 119 120 121 122 123 124 125 126 127,-3.0,
base,active,,305703.0,306002.0,0 1 2 3 4 5 6 7 8 9 10 11 12 13 14 15 16 17 18 19 20 21 22 23 24 25 26 27 28 29 30 31 32 33 34 35 36 37 38 39 40 41 42 43 44 45 46 47 48 49 50 51 52 53 54 55 56 57 58 59 60 61 62 63,-1.0,
base,active,303302.0,306002.0,306093.0,0 1 2 3 4 5 6 7 8 9 10 11 12 13 14 15 16 17 18 19 20 21 22 23 24 25 26 27 28 29 30 31 32 33 34 35 36 37 38 39 40 41 42 43 44 45 46 47 48 49 50 51 52 53 54 55 56 57 58 59 60 61 62 63 64 65 66 67 68 69 70 71 72 73 74 75 76 77 78 79 80 81 82 83 84 85 86 87 88 89 90 91 92 93 94 95 96 97 98 99 100 101 102 103 104 105 106 107 108 109 110 111 112 113 114 115 116 117 118 119 120 121 122 123 124 125 126 127,36002.0,False
base,active,304822.0,306093.0,306103.0,66,36008.0,False
base,active,304596.0,306093.0,306121.0,64,36005.0,False
base,active,305442.0,306093.0,306181.0,70,36013.0,False
base,active,304653.0,306093.0,306189.0,65,36006.0,False
base,active,304857.0,306093.0,306191.0,67,36009.0,False
base,active,305026.0,306093.0,306192.0,68,36010.0,False
base,active,305178.0,306093.0,306205.0,69,36011.0,False
base,active,,306093.0,306393.0,71 72 73 74 75 76 77 78 79 80 81 82 83 84 85 86 87 88 89 90 91 92 93 94 95 96 97 98 99 100 101 102 103 104 105 106 107 108 109 110 111 112 113 114 115 116 117 118 119 120 121 122 123 124 125 126 127,-1.0,
base,active,303397.0,306093.0,317018.0,0 1 2 3 4 5 6 7 8 9 10 11 12 13 14 15 16 17 18 19 20 21 22 23 24 25 26 27 28 29 30 31 32 33 34 35 36 37 38 39 40 41 42 43 44 45 46 47 48 49 50 51 52 53 54 55 56 57 58 59 60 61 62 63,36003.0,False
base,active,,306103.0,306403.0,66,-1.0,
base,active,,306121.0,306421.0,64,-1.0,
base,active,,306181.0,306481.0,70,-1.0,
base,active,,306189.0,306489.0,65,-1.0,
base,active,,306191.0,306491.0,67,-1.0,
base,active,,306192.0,306492.0,68,-1.0,
base,active,,306205.0,306437.0,69,-1.0,
base,switching_off,,306393.0,308193.0,71 72 73 74 75 76 77 78 79 80 81 82 83 84 85 86 87 88 89 90 91 92 93 94 95 96 97 98 99 100 101 102 103 104 105 106 107 108 109 110 111 112 113 114 115 116 117 118 119 120 121 122 123 124 125 126 127,-2.0,
base,switching_off,,306403.0,308203.0,66,-2.0,
base,switching_off,,306421.0,308221.0,64,-2.0,
base,active,306437.0,306437.0,306544.0,69,36020.0,False
base,switching_off,,306481.0,308281.0,70,-2.0,
base,switching_off,,306489.0,308289.0,65,-2.0,
base,switching_off,,306491.0,308291.0,67,-2.0,
base,switching_off,,306492.0,308292.0,68,-2.0,
base,active,,306544.0,306649.0,69,-1.0,
base,active,306649.0,306649.0,306737.0,69,36021.0,False
base,active,,306737.0,306808.0,69,-1.0,
base,active,306808.0,306808.0,306903.0,69,36023.0,False
base,active,,306903.0,307013.0,69,-1.0,
base,active,307013.0,307013.0,307103.0,69,36024.0,False
base,active,,307103.0,307403.0,69,-1.0,
base,switching_off,,307403.0,309203.0,69,-2.0,
base,sleeping,,308193.0,325454.0,71 72 73 74 75 76 77 78 79 80 81 82 83 84 85 86 87 88 89 90 91 92 93 94 95 96 97 98 99 100 101 102 103 104 105 106 107 108 109 110 111 112 113 114 115 116 117 118 119 120 121 122 123 124 125 126 127,-4.0,
base,sleeping,,308203.0,325454.0,66,-4.0,
base,sleeping,,308221.0,310240.0,64,-4.0,
base,sleeping,,308281.0,325454.0,70,-4.0,
base,sleeping,,308289.0,314076.0,65,-4.0,
base,sleeping,,308291.0,325454.0,67,-4.0,
base,sleeping,,308292.0,325454.0,68,-4.0,
base,sleeping,,309203.0,325454.0,69,-4.0,
base,switching_on,,310240.0,312940.0,64,-3.0,
base,active,310240.0,312940.0,313175.0,64,36044.0,False
base,active,310504.0,313175.0,313423.0,64,36045.0,False
base,active,310785.0,313423.0,313504.0,64,36047.0,False
base,active,311000.0,313504.0,313625.0,64,36048.0,False
base,active,,313625.0,313925.0,64,-1.0,
base,switching_off,,313925.0,315725.0,64,-2.0,
base,switching_on,,314076.0,316776.0,65,-3.0,
base,sleeping,,315725.0,319096.0,64,-4.0,
base,active,314076.0,316776.0,316888.0,65,36063.0,False
base,active,,316888.0,317188.0,65,-1.0,
base,active,,317018.0,317318.0,0 1 2 3 4 5 6 7 8 9 10 11 12 13 14 15 16 17 18 19 20 21 22 23 24 25 26 27 28 29 30 31 32 33 34 35 36 37 38 39 40 41 42 43 44 45 46 47 48 49 50 51 52 53 54 55 56 57 58 59 60 61 62 63,-1.0,
base,switching_off,,317188.0,318988.0,65,-2.0,
base,switching_off,,317318.0,319118.0,0 1 2 3 4 5 6 7 8 9 10 11 12 13 14 15 16 17 18 19 20 21 22 23 24 25 26 27 28 29 30 31 32 33 34 35 36 37 38 39 40 41 42 43 44 45 46 47 48 49 50 51 52 53 54 55 56 57 58 59 60 61 62 63,-2.0,
base,sleeping,,318988.0,325454.0,65,-4.0,
base,switching_on,,319096.0,321796.0,64,-3.0,
base,sleeping,,319118.0,324524.0,0,-4.0,
base,sleeping,,319118.0,325454.0,1 2 3 4 5 6 7 8 9 10 11 12 13 14 15 16 17 18 19 20 21 22 23 24 25 26 27 28 29 30 31 32 33 34 35 36 37 38 39 40 41 42 43 44 45 46 47 48 49 50 51 52 53 54 55 56 57 58 59 60 61 62 63,-4.0,
base,active,319096.0,321796.0,321901.0,64,36091.0,False
base,active,319266.0,321901.0,321985.0,64,36092.0,False
base,active,319490.0,321985.0,322012.0,64,36094.0,False
base,active,319526.0,322012.0,322109.0,64,36095.0,False
base,active,321523.0,322109.0,322248.0,64,36104.0,False
base,active,321820.0,322248.0,322356.0,64,36108.0,False
base,active,322246.0,322356.0,322473.0,64,36111.0,False
base,active,322449.0,322473.0,322583.0,64,36113.0,False
base,active,,322583.0,322628.0,64,-1.0,
base,active,322628.0,322628.0,322729.0,64,36114.0,False
base,active,,322729.0,322817.0,64,-1.0,
base,active,322817.0,322817.0,322920.0,64,36116.0,False
base,active,,322920.0,323017.0,64,-1.0,
base,active,323017.0,323017.0,323113.0,64,36117.0,False
base,active,,323113.0,323236.0,64,-1.0,
base,active,323236.0,323236.0,323354.0,64,36120.0,False
base,active,,323354.0,323654.0,64,-1.0,
base,switching_off,,323654.0,325454.0,64,-2.0,
base,switching_on,,324524.0,327224.0,0,-3.0,
base,switching_on,,325454.0,328154.0,1 2 3 4 5 6 7 8 9 10 11 12 13 14 15 16 17 18 19 20 21 22 23 24 25 26 27 28 29 30 31 32 33 34 35 36 37 38 39 40 41 42 43 44 45 46 47 48 49 50 51 52 53 54 55 56 57 58 59 60 61 62 63 64 65 66 67 68 69 70 71 72 73 74 75 76 77 78 79 80 81 82 83 84 85 86 87 88 89 90 91 92 93 94 95 96 97 98 99 100 101 102 103 104 105 106 107 108 109 110 111 112 113 114 115 116 117 118 119 120 121 122 123 124 125 126 127,-3.0,
base,active,324524.0,327224.0,327324.0,0,36126.0,False
base,active,,327324.0,328154.0,0,-1.0,
base,active,324685.0,328154.0,328901.0,0 1 2 3 4 5 6 7 8 9 10 11 12 13 14 15 16 17 18 19 20 21 22 23 24 25 26 27 28 29 30 31 32 33 34 35 36 37 38 39 40 41 42 43 44 45 46 47 48 49 50 51 52 53 54 55 56 57 58 59 60 61 62 63 64 65 66 67 68 69 70 71 72 73 74 75 76 77 78 79 80 81 82 83 84 85 86 87 88 89 90 91 92 93 94 95 96 97 98 99 100 101 102 103 104 105 106 107 108 109 110 111 112 113 114 115 116 117 118 119 120 121 122 123 124 125 126 127,36129.0,False
base,active,327007.0,328901.0,328905.0,27,36143.0,False
base,active,325894.0,328901.0,328908.0,0,36131.0,False
base,active,326988.0,328901.0,328909.0,26,36142.0,False
base,active,326658.0,328901.0,328912.0,18 19 20 21 22 23 24 25,36141.0,False
base,active,326599.0,328901.0,328916.0,10 11 12 13 14 15 16 17,36139.0,False
base,active,326279.0,328901.0,328923.0,2 3 4 5 6 7 8 9,36134.0,False
base,active,325915.0,328901.0,330002.0,1,36132.0,False
base,active,,328901.0,330002.0,28 29 30 31 32 33 34 35 36 37 38 39 40 41 42 43 44 45 46 47 48 49 50 51 52 53 54 55 56 57 58 59 60 61 62 63 64 65 66 67 68 69 70 71 72 73 74 75 76 77 78 79 80 81 82 83 84 85 86 87 88 89 90 91 92 93 94 95 96 97 98 99 100 101 102 103 104 105 106 107 108 109 110 111 112 113 114 115 116 117 118 119 120 121 122 123 124 125 126 127,-1.0,
base,active,,328905.0,330002.0,27,-1.0,
base,active,,328908.0,330002.0,0,-1.0,
base,active,,328909.0,330002.0,26,-1.0,
base,active,,328912.0,330002.0,18 19 20 21 22 23 24 25,-1.0,
base,active,,328916.0,330002.0,10 11 12 13 14 15 16 17,-1.0,
base,active,,328923.0,330002.0,2 3 4 5 6 7 8 9,-1.0,
base,active,327355.0,330002.0,330030.0,0 1 2 3 4 5 6 7 8 9 10 11 12 13 14 15 16 17 18 19 20 21 22 23 24 25 26 27 28 29 30 31 32 33 34 35 36 37 38 39 40 41 42 43 44 45 46 47 48 49 50 51 52 53 54 55 56 57 58 59 60 61 62 63 64 65 66 67 68 69 70 71 72 73 74 75 76 77 78 79 80 81 82 83 84 85 86 87 88 89 90 91 92 93 94 95 96 97 98 99 100 101 102 103 104 105 106 107 108 109 110 111 112 113 114 115 116 117 118 119 120 121 122 123 124 125 126 127,36145.0,False
base,active,327409.0,330030.0,330036.0,0,36146.0,False
base,active,327437.0,330030.0,330043.0,1,36147.0,False
base,active,,330030.0,330043.0,2 3 4 5 6 7 8 9 10 11 12 13 14 15 16 17 18 19 20 21 22 23 24 25 26 27 28 29 30 31 32 33 34 35 36 37 38 39 40 41 42 43 44 45 46 47 48 49 50 51 52 53 54 55 56 57 58 59 60 61 62 63 64 65 66 67 68 69 70 71 72 73 74 75 76 77 78 79 80 81 82 83 84 85 86 87 88 89 90 91 92 93 94 95 96 97 98 99 100 101 102 103 104 105 106 107 108 109 110 111 112 113 114 115 116 117 118 119 120 121 122 123 124 125 126 127,-1.0,
base,active,,330036.0,330043.0,0,-1.0,
base,active,327512.0,330043.0,330387.0,0 1 2 3 4 5 6 7 8 9 10 11 12 13 14 15 16 17 18 19 20 21 22 23 24 25 26 27 28 29 30 31 32 33 34 35 36 37 38 39 40 41 42 43 44 45 46 47 48 49 50 51 52 53 54 55 56 57 58 59 60 61 62 63 64 65 66 67 68 69 70 71 72 73 74 75 76 77 78 79 80 81 82 83 84 85 86 87 88 89 90 91 92 93 94 95 96 97 98 99 100 101 102 103 104 105 106 107 108 109 110 111 112 113 114 115 116 117 118 119 120 121 122 123 124 125 126 127,36148.0,False
base,active,328184.0,330387.0,331128.0,0 1 2 3 4 5 6 7 8 9 10 11 12 13 14 15 16 17 18 19 20 21 22 23 24 25 26 27 28 29 30 31 32 33 34 35 36 37 38 39 40 41 42 43 44 45 46 47 48 49 50 51 52 53 54 55 56 57 58 59 60 61 62 63 64 65 66 67 68 69 70 71 72 73 74 75 76 77 78 79 80 81 82 83 84 85 86 87 88 89 90 91 92 93 94 95 96 97 98 99 100 101 102 103 104 105 106 107 108 109 110 111 112 113 114 115 116 117 118 119 120 121 122 123 124 125 126 127,36154.0,False
base,active,331014.0,331128.0,331133.0,32,36165.0,False
base,active,331068.0,331128.0,331133.0,33,36166.0,False
base,active,,331128.0,331428.0,34 35 36 37 38 39 40 41 42 43 44 45 46 47 48 49 50 51 52 53 54 55 56 57 58 59 60 61 62 63 64 65 66 67 68 69 70 71 72 73 74 75 76 77 78 79 80 81 82 83 84 85 86 87 88 89 90 91 92 93 94 95 96 97 98 99 100 101 102 103 104 105 106 107 108 109 110 111 112 113 114 115 116 117 118 119 120 121 122 123 124 125 126 127,-1.0,
base,active,329076.0,331128.0,334849.0,0 1 2 3 4 5 6 7 8 9 10 11 12 13 14 15 16 17 18 19 20 21 22 23 24 25 26 27 28 29 30 31,36156.0,False
base,active,,331133.0,331433.0,32 33,-1.0,
base,switching_off,,331428.0,333228.0,34 35 36 37 38 39 40 41 42 43 44 45 46 47 48 49 50 51 52 53 54 55 56 57 58 59 60 61 62 63 64 65 66 67 68 69 70 71 72 73 74 75 76 77 78 79 80 81 82 83 84 85 86 87 88 89 90 91 92 93 94 95 96 97 98 99 100 101 102 103 104 105 106 107 108 109 110 111 112 113 114 115 116 117 118 119 120 121 122 123 124 125 126 127,-2.0,
base,switching_off,,331433.0,333233.0,32 33,-2.0,
base,switching_on,,333228.0,335928.0,34 35 36 37 38 39 40 41 42 43 44 45 46 47 48 49 50 51 52 53 54 55 56 57 58 59 60 61 62 63 64 65 66 67 68 69 70 71 72 73 74 75 76 77 78 79 80 81 82 83 84 85 86 87 88 89 90 91 92 93 94 95 96 97 98 99 100 101,-3.0,
base,sleeping,,333228.0,355211.0,102 103 104 105 106 107 108 109 110 111 112 113,-4.0,
base,sleeping,,333228.0,377527.0,114 115 116 117 118 119 120 121 122 123 124 125 126 127,-4.0,
base,sleeping,,333233.0,347848.0,32 33,-4.0,
base,active,331623.0,334849.0,334853.0,3,36171.0,False
base,active,331521.0,334849.0,334854.0,1,36169.0,False
base,active,332041.0,334849.0,334854.0,5,36178.0,False
base,active,332299.0,334849.0,334857.0,6,36179.0,False
base,active,331435.0,334849.0,334860.0,0,36168.0,False
base,active,331551.0,334849.0,334865.0,2,36170.0,False
base,active,331809.0,334849.0,334868.0,4,36176.0,False
base,active,,334849.0,334868.0,7 8 9 10 11 12 13 14 15 16 17 18 19 20 21 22 23 24 25 26 27 28 29 30 31,-1.0,
base,active,,334853.0,334868.0,3,-1.0,
base,active,,334854.0,334868.0,1 5,-1.0,
base,active,,334857.0,334868.0,6,-1.0,
base,active,,334860.0,334868.0,0,-1.0,
base,active,,334865.0,334868.0,2,-1.0,
base,active,332543.0,334868.0,335771.0,0 1 2 3 4 5 6 7 8 9 10 11 12 13 14 15 16 17 18 19 20 21 22 23 24 25 26 27 28 29 30 31,36181.0,False
base,active,332680.0,335771.0,335820.0,0,36182.0,False
base,active,,335771.0,335820.0,1 2 3 4 5 6 7 8 9 10 11 12 13 14 15 16 17 18 19 20 21 22 23 24 25 26 27 28 29 30 31,-1.0,
base,active,332799.0,335820.0,339548.0,0 1 2 3 4 5 6 7 8 9 10 11 12 13 14 15 16 17 18 19 20 21 22 23 24 25 26 27 28 29 30 31,36183.0,False
base,active,333125.0,335928.0,335950.0,66 67 68 69 70 71 72 73 74 75 76 77 78 79 80 81 82 83 84 85 86 87 88 89 90 91 92 93 94 95 96 97,36186.0,False
base,active,333056.0,335928.0,335959.0,34 35 36 37 38 39 40 41 42 43 44 45 46 47 48 49 50 51 52 53 54 55 56 57 58 59 60 61 62 63 64 65,36185.0,False
base,active,333217.0,335928.0,336113.0,98 99 100 101,36187.0,False
base,active,333334.0,335950.0,335985.0,66 67 68 69 70 71 72 73 74 75 76 77 78 79 80 81 82 83 84 85 86 87 88 89 90 91 92 93 94 95 96 97,36190.0,False
base,active,333380.0,335959.0,335971.0,34,36192.0,False
base,active,333961.0,335959.0,335971.0,42,36199.0,False
base,active,333896.0,335959.0,335972.0,41,36198.0,False
base,active,,335959.0,335985.0,43 44 45 46 47 48,-1.0,
base,active,333469.0,335959.0,336028.0,36,36195.0,False
base,active,333474.0,335959.0,336093.0,37 38 39 40,36196.0,False
base,active,333457.0,335959.0,336139.0,35,36194.0,False
base,active,,335959.0,336234.0,49 50 51 52 53 54 55 56 57 58 59 60 61 62,-1.0,
base,active,,335959.0,336260.0,63 64 65,-1.0,
base,active,,335971.0,335985.0,34 42,-1.0,
base,active,,335972.0,335985.0,41,-1.0,
base,active,334130.0,335985.0,336004.0,41,36202.0,False
base,active,334143.0,335985.0,336234.0,34 42 43 44 45 46 47 48,36203.0,False
base,active,334105.0,335985.0,336272.0,66 67 68 69 70 71 72 73 74 75 76 77 78 79 80 81 82 83 84 85 86 87 88 89 90 91 92 93 94 95 96 97,36201.0,False
base,active,,336004.0,336234.0,41,-1.0,
base,active,,336028.0,336234.0,36,-1.0,
base,active,,336093.0,336234.0,37 38 39 40,-1.0,
base,active,,336113.0,336234.0,98 99 100 101,-1.0,
base,active,,336139.0,336234.0,35,-1.0,
base,active,334266.0,336234.0,336248.0,62,36206.0,False
base,active,334203.0,336234.0,336260.0,34 35 36 37 38 39 40 41 42 43 44 45 46 47 48 49 50 51 52 53 54 55 56 57 58 59 60 61 98 99 100 101,36205.0,False
base,active,,336248.0,336260.0,62,-1.0,
base,active,334270.0,336260.0,336286.0,34 35 36 37 38 39 40 41 42 43 44 45 46 47 48 49 50 51 52 53 54 55 56 57 58 59 60 61 98 99 100 101,36207.0,False
base,active,334378.0,336260.0,336314.0,62 63 64 65,36208.0,False
base,active,334471.0,336272.0,336285.0,66,36209.0,False
base,active,,336272.0,336285.0,67 68 69 70 71 72 73 74 75 76 77 78 79 80 81 82 83 84 85 86 87 88 89 90 91 92 93 94 95 96 97,-1.0,
base,active,334612.0,336285.0,336507.0,66 67 68 69 70 71 72 73 74 75 76 77 78 79 80 81 82 83 84 85 86 87 88 89 90 91 92 93 94 95 96 97,36211.0,False
base,active,334657.0,336286.0,336321.0,34 35 36 37 38 39 40 41 42 43 44 45 46 47 48 49 50 51 52 53 54 55 56 57 58 59 60 61 98 99 100 101,36212.0,False
base,active,,336314.0,336321.0,63,-1.0,
base,active,334672.0,336314.0,336340.0,62,36213.0,False
base,active,,336314.0,336340.0,64 65,-1.0,
base,active,334774.0,336321.0,336326.0,63,36216.0,False
base,active,334714.0,336321.0,336350.0,34 35 36 37 38 39 40 41 42 43 44 45 46 47 48 49 50 51 52 53 54 55 56 57 58 59 60 61 98 99 100 101,36215.0,False
base,active,,336326.0,336340.0,63,-1.0,
base,active,334817.0,336340.0,336390.0,62 63 64 65,36217.0,False
base,active,,336350.0,336507.0,34 35 36 37 38 39 40 41 42 43 44 45 46 47 48 49 50 51 52 53 54 55 56 57 58 59 60 61,-1.0,
base,active,,336350.0,336547.0,98 99 100 101,-1.0,
base,active,,336390.0,336507.0,62 63 64 65,-1.0,
base,active,334889.0,336507.0,336547.0,34 35 36 37 38 39 40 41 42 43 44 45 46 47 48 49 50 51 52 53 54 55 56 57 58 59 60 61 62 63 64 65 66 67 68 69 70 71 72 73 74 75 76 77 78 79 80 81 82 83 84 85 86 87 88 89 90 91 92 93 94 95 96 97,36220.0,False
base,active,335219.0,336547.0,336594.0,98 99 100 101,36225.0,False
base,active,334958.0,336547.0,336775.0,34 35 36 37 38 39 40 41 42 43 44 45 46 47 48 49 50 51 52 53 54 55 56 57 58 59 60 61 62 63 64 65 66 67 68 69 70 71 72 73 74 75 76 77 78 79 80 81 82 83 84 85 86 87 88 89 90 91 92 93 94 95 96 97,36223.0,False
base,active,,336594.0,336775.0,98,-1.0,
base,active,,336594.0,336790.0,99 100 101,-1.0,
base,active,335400.0,336775.0,336790.0,98,36227.0,False
base,active,335231.0,336775.0,336920.0,34 35 36 37 38 39 40 41 42 43 44 45 46 47 48 49 50 51 52 53 54 55 56 57 58 59 60 61 62 63 64 65 66 67 68 69 70 71 72 73 74 75 76 77 78 79 80 81 82 83 84 85 86 87 88 89 90 91 92 93 94 95 96 97,36226.0,False
base,active,335504.0,336790.0,336836.0,98 99 100 101,36228.0,False
base,active,,336836.0,336920.0,98 99 100 101,-1.0,
base,active,335690.0,336920.0,336966.0,98 99 100 101,36230.0,False
base,active,335540.0,336920.0,337047.0,34 35 36 37 38 39 40 41 42 43 44 45 46 47 48 49 50 51 52 53 54 55 56 57 58 59 60 61 62 63 64 65 66 67 68 69 70 71 72 73 74 75 76 77 78 79 80 81 82 83 84 85 86 87 88 89 90 91 92 93 94 95 96 97,36229.0,False
base,active,335836.0,336966.0,336971.0,99,36232.0,False
base,active,335899.0,336966.0,336977.0,100,36233.0,False
base,active,335717.0,336966.0,336978.0,98,36231.0,False
base,active,,336966.0,337266.0,101,-1.0,
base,active,,336971.0,337271.0,99,-1.0,
base,active,,336977.0,337277.0,100,-1.0,
base,active,,336978.0,337278.0,98,-1.0,
base,active,336689.0,337047.0,337056.0,90,36242.0,False
base,active,336917.0,337047.0,337069.0,91,36243.0,False
base,active,336089.0,337047.0,337074.0,74 75 76 77,36237.0,False
base,active,336572.0,337047.0,337095.0,86 87 88 89,36241.0,False
base,active,336236.0,337047.0,337108.0,82 83 84 85,36239.0,False
base,active,336153.0,337047.0,337187.0,78 79 80 81,36238.0,False
base,active,335948.0,337047.0,337679.0,66 67 68 69 70 71 72 73,36235.0,False
base,active,335915.0,337047.0,337710.0,34 35 36 37 38 39 40 41 42 43 44 45 46 47 48 49 50 51 52 53 54 55 56 57 58 59 60 61 62 63 64 65,36234.0,False
base,active,,337047.0,337710.0,92 93 94 95 96 97,-1.0,
base,active,,337056.0,337710.0,90,-1.0,
base,active,,337069.0,337710.0,91,-1.0,
base,active,,337074.0,337710.0,74 75 76 77,-1.0,
base,active,,337095.0,337710.0,86 87 88 89,-1.0,
base,active,,337108.0,337710.0,82 83 84 85,-1.0,
base,active,,337187.0,337710.0,78 79 80 81,-1.0,
base,switching_off,,337266.0,339066.0,101,-2.0,
base,switching_off,,337271.0,339071.0,99,-2.0,
base,switching_off,,337277.0,339077.0,100,-2.0,
base,switching_off,,337278.0,339078.0,98,-2.0,
base,active,,337679.0,337710.0,66 67 68 69 70 71 72 73,-1.0,
base,active,336943.0,337710.0,337965.0,34 35 36 37 38 39 40 41 42 43 44 45 46 47 48 49 50 51 52 53 54 55 56 57 58 59 60 61 62 63 64 65 66 67 68 69 70 71 72 73 74 75 76 77 78 79 80 81 82 83 84 85 86 87 88 89 90 91 92 93 94 95 96 97,36244.0,False
base,active,337519.0,337965.0,338007.0,74 75 76 77,36251.0,False
base,active,337339.0,337965.0,338018.0,70 71 72 73,36248.0,False
base,active,337017.0,337965.0,338091.0,66 67 68 69,36246.0,False
base,active,,337965.0,339548.0,78 79 80 81 82 83 84 85 86 87 88 89 90 91 92 93 94 95 96 97,-1.0,
base,active,336960.0,337965.0,340594.0,34 35 36 37 38 39 40 41 42 43 44 45 46 47 48 49 50 51 52 53 54 55 56 57 58 59 60 61 62 63 64 65,36245.0,False
base,active,,338007.0,339548.0,74 75 76 77,-1.0,
base,active,,338018.0,339548.0,70 71 72 73,-1.0,
base,active,,338091.0,339548.0,66 67 68 69,-1.0,
base,sleeping,,339066.0,355211.0,101,-4.0,
base,sleeping,,339071.0,355211.0,99,-4.0,
base,sleeping,,339077.0,355211.0,100,-4.0,
base,sleeping,,339078.0,355211.0,98,-4.0,
base,active,337536.0,339548.0,339773.0,0 1 2 3 4 5 6 7 8 9 10 11 12 13 14 15 16 17 18 19 20 21 22 23 24 25 26 27 28 29 30 31 66 67 68 69 70 71 72 73 74 75 76 77 78 79 80 81 82 83 84 85 86 87 88 89 90 91 92 93 94 95 96 97,36252.0,False
base,active,337569.0,339773.0,339789.0,0,36253.0,False
base,active,338038.0,339773.0,339805.0,10,36260.0,False
base,active,337621.0,339773.0,339869.0,1 2 3 4,36255.0,False
base,active,337872.0,339773.0,339919.0,5 6 7 8,36258.0,False
base,active,,339773.0,340594.0,11 12 13 14 15 16 17 18 19 20 21 22 23 24 25 26 27 28 29 30 31 66 67 68 69 70 71 72 73 74 75 76 77 78 79 80 81 82,-1.0,
base,active,,339773.0,340721.0,83,-1.0,
base,active,338000.0,339773.0,341028.0,9,36259.0,False
base,active,,339773.0,341044.0,84 85 86 87 88 89 90 91 92 93 94 95 96 97,-1.0,
base,active,,339789.0,340594.0,0,-1.0,
base,active,,339805.0,340594.0,10,-1.0,
base,active,,339869.0,340594.0,1 2 3 4,-1.0,
base,active,,339919.0,340594.0,5 6 7 8,-1.0,
base,active,338877.0,340594.0,340668.0,67 68 69 70 71 72 73 74 75 76 77 78 79 80 81 82,36264.0,False
base,active,338809.0,340594.0,340721.0,0 1 2 3 4 5 6 7 8 10 11 12 13 14 15 16 17 18 19 20 21 22 23 24 25 26 27 28 29 30 31 34 35 36 37 38 39 40 41 42 43 44 45 46 47 48 49 50 51 52 53 54 55 56 57 58 59 60 61 62 63 64 65 66,36263.0,False
base,active,,340668.0,340721.0,67 68 69 70 71 72 73 74 75 76 77 78 79 80 81 82,-1.0,
base,active,339179.0,340721.0,340749.0,83,36268.0,False
base,active,338958.0,340721.0,340778.0,67 68 69 70 71 72 73 74 75 76 77 78 79 80 81 82,36266.0,False
base,active,338945.0,340721.0,340842.0,0 1 2 3 4 5 6 7 8 10 11 12 13 14 15 16 17 18 19 20 21 22 23 24 25 26 27 28 29 30 31 34 35 36 37 38 39 40 41 42 43 44 45 46 47 48 49 50 51 52 53 54 55 56 57 58 59 60 61 62 63 64 65 66,36265.0,False
base,active,,340749.0,341044.0,83,-1.0,
base,active,,340778.0,341024.0,67,-1.0,
base,active,,340778.0,341044.0,68 69 70 71 72 73 74 75 76 77 78 79 80 81 82,-1.0,
base,active,339389.0,340842.0,340955.0,0 1 2 3 4 5 6 7 8 10 11 12 13 14 15 16 17 18 19 20 21 22 23 24 25 26 27 28 29 30 31 34 35 36 37 38 39 40 41 42 43 44 45 46 47 48 49 50 51 52 53 54 55 56 57 58 59 60 61 62 63 64 65 66,36273.0,False
base,active,339397.0,340955.0,341024.0,0 1 2 3 4 5 6 7 8 10 11 12 13 14 15 16 17 18 19 20 21 22 23 24 25 26 27 28 29 30 31 34,36274.0,False
base,active,,340955.0,341024.0,35 36 37 38 39 40 41 42 43 44 45 46 47 48 49 50 51 52 53 54 55 56 57 58 59 60 61 62 63 64 65 66,-1.0,
base,active,339600.0,341024.0,341044.0,67,36276.0,False
base,active,339508.0,341024.0,341132.0,0 1 2 3 4 5 6 7 8 10 11 12 13 14 15 16 17 18 19 20 21 22 23 24 25 26 27 28 29 30 31 34 35 36 37 38 39 40 41 42 43 44 45 46 47 48 49 50 51 52 53 54 55 56 57 58 59 60 61 62 63 64 65 66,36275.0,False
base,active,,341028.0,341044.0,9,-1.0,
base,active,339652.0,341044.0,341213.0,9 67 68 69 70 71 72 73 74 75 76 77 78 79 80 81 82 83 84 85 86 87 88 89 90 91 92 93 94 95 96 97,36277.0,False
base,active,339803.0,341132.0,341169.0,0 1 2 3 4 5 6 7 8 10 11 12 13 14 15 16 17 18 19 20 21 22 23 24 25 26 27 28 29 30 31 34 35 36 37 38 39 40 41 42 43 44 45 46 47 48 49 50 51 52 53 54 55 56 57 58 59 60 61 62 63 64 65 66,36278.0,False
base,active,339863.0,341169.0,341208.0,0 1 2 3 4 5 6 7 8 10 11 12 13 14 15 16 17 18 19 20 21 22 23 24 25 26 27 28 29 30 31 34 35 36 37 38 39 40 41 42 43 44 45 46 47 48 49 50 51 52 53 54 55 56 57 58 59 60 61 62 63 64 65 66,36280.0,False
base,active,340372.0,341208.0,341219.0,52,36285.0,False
base,active,340339.0,341208.0,341225.0,51,36284.0,False
base,active,,341208.0,341225.0,53 54 55 56 57 58 59 60 61 62 63 64 65 66,-1.0,
base,active,340191.0,341208.0,341435.0,35 36 37 38 39 40 41 42 43 44 45 46 47 48 49 50,36282.0,False
base,active,339899.0,341208.0,341646.0,0 1 2 3 4 5 6 7 8 10 11 12 13 14 15 16 17 18 19 20 21 22 23 24 25 26 27 28 29 30 31 34,36281.0,False
base,active,,341213.0,341225.0,82 83 84 85 86 87 88 89 90 91 92 93 94 95 96 97,-1.0,
base,active,340448.0,341213.0,341441.0,9 67 68 69 70 71 72 73 74 75 76 77 78 79 80 81,36286.0,False
base,active,,341219.0,341225.0,52,-1.0,
base,active,340512.0,341225.0,342013.0,51 52 53 54 55 56 57 58 59 60 61 62 63 64 65 66 82 83 84 85 86 87 88 89 90 91 92 93 94 95 96 97,36287.0,False
base,active,341235.0,341435.0,341517.0,35 36 37 38 39 40 41 42 43 44 45 46 47 48 49 50,36293.0,False
base,active,341328.0,341441.0,341451.0,67,36295.0,False
base,active,341302.0,341441.0,341457.0,9,36294.0,False
base,active,,341441.0,341517.0,68 69 70 71 72 73 74 75 76 77 78 79 80 81,-1.0,
base,active,,341451.0,341517.0,67,-1.0,
base,active,,341457.0,341517.0,9,-1.0,
base,active,341382.0,341517.0,342308.0,9 35 36 37 38 39 40 41 42 43 44 45 46 47 48 49 50 67 68 69 70 71 72 73 74 75 76 77 78 79 80 81,36297.0,False
base,active,,341646.0,341935.0,0 1 2 3 4 5 6 7 8 10 11 12 13 14 15 16,-1.0,
base,active,,341646.0,341946.0,17 18 19 20 21 22 23 24 25 26 27 28 29 30 31 34,-1.0,
base,active,341935.0,341935.0,342009.0,0 1 2 3 4 5 6 7 8 10 11 12 13 14 15 16,36299.0,False
base,switching_off,,341946.0,343746.0,17 18 19 20 21 22 23 24 25 26 27 28 29 30 31 34,-2.0,
base,active,,342009.0,342296.0,0,-1.0,
base,active,,342009.0,342309.0,1 2 3 4 5 6 7 8 10 11 12 13 14 15 16,-1.0,
base,active,,342013.0,342105.0,51,-1.0,
base,active,,342013.0,342170.0,52 53 54 55 56 57 58 59 60 61 62 63 64 65 66,-1.0,
base,active,,342013.0,342178.0,82,-1.0,
base,active,,342013.0,342180.0,83,-1.0,
base,active,,342013.0,342296.0,84 85 86 87 88 89 90 91 92 93 94 95 96 97,-1.0,
base,active,342105.0,342105.0,342145.0,51,36300.0,False
base,active,,342145.0,342170.0,51,-1.0,
base,active,342170.0,342170.0,342218.0,51 52 53 54 55 56 57 58 59 60 61 62 63 64 65 66,36302.0,False
base,active,342178.0,342178.0,342203.0,82,36303.0,False
base,active,342180.0,342180.0,342193.0,83,36304.0,False
base,active,,342193.0,342296.0,83,-1.0,
base,active,,342203.0,342243.0,82,-1.0,
base,active,,342218.0,342231.0,51,-1.0,
base,active,,342218.0,342243.0,52 53 54 55 56 57 58 59 60 61 62 63 64 65 66,-1.0,
base,active,342231.0,342231.0,342391.0,51,36306.0,False
base,active,342243.0,342243.0,342296.0,52 53 54 55 56 57 58 59 60 61 62 63 64 65 66 82,36307.0,False
base,active,342295.0,342296.0,343245.0,0 52 53 54 55 56 57 58 59 60 61 62 63 64 65 66 82 83 84 85 86 87 88 89 90 91 92 93 94 95 96 97,36309.0,False
base,active,,342308.0,342375.0,9,-1.0,
base,active,,342308.0,342471.0,35 36 37,-1.0,
base,active,,342308.0,342608.0,81,-1.0,
base,active,,342308.0,342684.0,38 39 40 41 42 43 44 45 46 47 48 49 50 67 68 69 70 71 72 73 74 75 76 77 78 79 80,-1.0,
base,switching_off,,342309.0,344109.0,1 2 3 4 5 6 7 8 10 11 12 13 14 15 16,-2.0,
base,active,342375.0,342375.0,342420.0,9,36311.0,False
base,active,,342391.0,342449.0,51,-1.0,
base,active,,342420.0,342440.0,9,-1.0,
base,active,342440.0,342440.0,342464.0,9,36312.0,False
base,active,342449.0,342449.0,342456.0,51,36314.0,False
base,active,,342456.0,342471.0,51,-1.0,
base,active,,342464.0,342471.0,9,-1.0,
base,active,342471.0,342471.0,342488.0,9,36315.0,False
base,active,342471.0,342471.0,342684.0,35 36 37 51,36316.0,False
base,active,,342488.0,342684.0,9,-1.0,
base,switching_off,,342608.0,344408.0,81,-2.0,
base,active,342494.0,342684.0,343920.0,9 35 36 37 38 39 40 41 42 43 44 45 46 47 48 49 50 51 67 68 69 70 71 72 73 74 75 76 77 78 79 80,36317.0,False
base,active,343190.0,343245.0,343264.0,56,36323.0,False
base,active,343133.0,343245.0,343285.0,55,36322.0,False
base,active,342898.0,343245.0,343293.0,54,36320.0,False
base,active,342781.0,343245.0,343305.0,53,36319.0,False
base,active,343235.0,343245.0,343369.0,61 62,36325.0,False
base,active,343213.0,343245.0,343389.0,57 58 59 60,36324.0,False
base,active,342498.0,343245.0,343431.0,0 52,36318.0,False
base,active,,343245.0,343431.0,63 64 65 66 82 83 84 85 86 87 88 89 90 91 92 93 94 95 96 97,-1.0,
base,active,,343264.0,343431.0,56,-1.0,
base,active,,343285.0,343431.0,55,-1.0,
base,active,,343293.0,343309.0,54,-1.0,
base,active,,343305.0,343309.0,53,-1.0,
base,active,343309.0,343309.0,343343.0,53 54,36326.0,False
base,active,,343343.0,343431.0,53 54,-1.0,
base,active,,343369.0,343431.0,61 62,-1.0,
base,active,,343389.0,343431.0,57 58 59 60,-1.0,
base,active,343332.0,343431.0,344025.0,0 52 53 54 55 56 57 58 59 60 61 62 63 64 65 66 82 83 84 85 86 87 88 89 90 91 92 93 94 95 96 97,36327.0,False
base,sleeping,,343746.0,347759.0,17 18 19 20 21 22 23 24 25 26 27 28 29,-4.0,
base,sleeping,,343746.0,347848.0,30 31 34,-4.0,
base,active,343500.0,343920.0,343937.0,36 37,36331.0,False
base,active,343492.0,343920.0,343947.0,35,36330.0,False
base,active,343431.0,343920.0,343964.0,9,36328.0,False
base,active,343545.0,343920.0,344033.0,42 43,36333.0,False
base,active,343522.0,343920.0,344053.0,38 39 40 41,36332.0,False
base,active,,343920.0,344053.0,44 45 46 47 48 49 50 51 67 68 69 70 71 72 73 74 75 76 77 78 79 80,-1.0,
base,active,,343937.0,344053.0,36 37,-1.0,
base,active,,343947.0,344053.0,35,-1.0,
base,active,,343964.0,344053.0,9,-1.0,
base,active,,344025.0,344053.0,0 52 53 54 55 56 57 58 59 60 61 62 63 64 65 66 82 83 84 85 86 87 88 89 90 91 92 93 94 95 96 97,-1.0,
base,active,,344033.0,344053.0,42 43,-1.0,
base,active,343677.0,344053.0,344187.0,0 9 35 36 37 38 39 40 41 42 43 44 45 46 47 48 49 50 51 52 53 54 55 56 57 58 59 60 61 62 63 64 65 66 67 68 69 70 71 72 73 74 75 76 77 78 79 80 82 83 84 85 86 87 88 89 90 91 92 93 94 95 96 97,36334.0,False
base,sleeping,,344109.0,347759.0,1 2 3 4 5 6 7 8 10 11 12 13 14 15 16,-4.0,
base,active,343957.0,344187.0,344227.0,69,36339.0,False
base,active,343828.0,344187.0,344233.0,65,36336.0,False
base,active,343941.0,344187.0,344234.0,66 67,36337.0,False
base,active,343955.0,344187.0,344242.0,68,36338.0,False
base,active,344116.0,344187.0,344620.0,74 75,36342.0,False
base,active,344087.0,344187.0,344647.0,70 71 72 73,36341.0,False
base,active,,344187.0,344647.0,76 77 78 79 80 82 83 84 85 86 87 88 89 90 91 92 93 94 95 96 97,-1.0,
base,active,343806.0,344187.0,345973.0,0 9 35 36 37 38 39 40 41 42 43 44 45 46 47 48 49 50 51 52 53 54 55 56 57 58 59 60 61 62 63 64,36335.0,False
base,active,,344227.0,344647.0,69,-1.0,
base,active,,344233.0,344647.0,65,-1.0,
base,active,,344234.0,344647.0,66 67,-1.0,
base,active,,344242.0,344647.0,68,-1.0,
base,sleeping,,344408.0,354042.0,81,-4.0,
base,active,,344620.0,344647.0,74 75,-1.0,
base,active,344127.0,344647.0,345399.0,65 66 67 68 69 70 71 72 73 74 75 76 77 78 79 80 82 83 84 85 86 87 88 89 90 91 92 93 94 95 96 97,36343.0,False
base,active,344890.0,345399.0,345417.0,77,36351.0,False
base,active,345095.0,345399.0,345423.0,80 82,36354.0,False
base,active,344256.0,345399.0,345424.0,65 66,36344.0,False
base,active,344996.0,345399.0,345429.0,78 79,36352.0,False
base,active,345097.0,345399.0,345430.0,83,36355.0,False
base,active,344886.0,345399.0,345431.0,76,36350.0,False
base,active,344840.0,345399.0,345437.0,74 75,36349.0,False
base,active,344317.0,345399.0,345439.0,67,36345.0,False
base,active,345157.0,345399.0,345497.0,88 89,36357.0,False
base,active,345132.0,345399.0,345522.0,84 85 86 87,36356.0,False
base,active,344733.0,345399.0,345535.0,68 69 70 71,36347.0,False
base,active,345310.0,345399.0,345596.0,90 91 92 93,36358.0,False
base,active,,345399.0,345699.0,96 97,-1.0,
base,active,344756.0,345399.0,345773.0,72 73,36348.0,False
base,active,345332.0,345399.0,347998.0,94 95,36359.0,False
base,active,,345417.0,345717.0,77,-1.0,
base,active,,345423.0,345723.0,80 82,-1.0,
base,active,,345424.0,345724.0,65 66,-1.0,
base,active,,345429.0,345729.0,78 79,-1.0,
base,active,,345430.0,345730.0,83,-1.0,
base,active,,345431.0,345731.0,76,-1.0,
base,active,,345437.0,345443.0,74,-1.0,
base,active,,345437.0,345737.0,75,-1.0,
base,active,,345439.0,345443.0,67,-1.0,
base,active,345443.0,345443.0,345487.0,67 74,36361.0,False
base,active,,345487.0,345787.0,67 74,-1.0,
base,active,,345497.0,345797.0,88 89,-1.0,
base,active,,345522.0,345822.0,84 85 86 87,-1.0,
base,active,,345535.0,345549.0,68 69,-1.0,
base,active,,345535.0,345835.0,70 71,-1.0,
base,active,345549.0,345549.0,345594.0,68 69,36364.0,False
base,active,,345594.0,345894.0,68 69,-1.0,
base,active,,345596.0,345896.0,90 91 92 93,-1.0,
base,switching_off,,345699.0,347499.0,96 97,-2.0,
base,switching_off,,345717.0,347517.0,77,-2.0,
base,switching_off,,345723.0,347523.0,80 82,-2.0,
base,switching_off,,345724.0,347524.0,65 66,-2.0,
base,switching_off,,345729.0,347529.0,78 79,-2.0,
base,switching_off,,345730.0,347530.0,83,-2.0,
base,switching_off,,345731.0,347531.0,76,-2.0,
base,switching_off,,345737.0,347537.0,75,-2.0,
base,active,,345773.0,345973.0,72 73,-1.0,
base,switching_off,,345787.0,347587.0,67 74,-2.0,
base,switching_off,,345797.0,347597.0,88 89,-2.0,
base,switching_off,,345822.0,347622.0,84 85 86 87,-2.0,
base,switching_off,,345835.0,347635.0,70 71,-2.0,
base,switching_off,,345894.0,347694.0,68 69,-2.0,
base,switching_off,,345896.0,347696.0,90 91 92 93,-2.0,
base,active,345866.0,345973.0,346007.0,72 73,36368.0,False
base,active,345595.0,345973.0,347774.0,0 9 35 36 37 38 39 40 41 42 43 44 45 46 47 48 49 50 51 52 53 54 55 56 57 58 59 60 61 62 63 64,36365.0,False
base,active,345920.0,346007.0,346025.0,72 73,36369.0,False
base,active,345981.0,346025.0,346062.0,72 73,36370.0,False
base,active,,346062.0,346147.0,72 73,-1.0,
base,active,346147.0,346147.0,346164.0,72 73,36371.0,False
base,active,,346164.0,346191.0,72 73,-1.0,
base,active,346191.0,346191.0,346211.0,72 73,36372.0,False
base,active,,346211.0,346263.0,72 73,-1.0,
base,active,346263.0,346263.0,346286.0,72 73,36373.0,False
base,active,,346286.0,346329.0,72 73,-1.0,
base,active,346329.0,346329.0,346430.0,72 73,36374.0,False
base,active,,346430.0,347774.0,72 73,-1.0,
base,sleeping,,347499.0,355202.0,96 97,-4.0,
base,sleeping,,347517.0,354042.0,77,-4.0,
base,sleeping,,347523.0,354042.0,80,-4.0,
base,sleeping,,347523.0,354437.0,82,-4.0,
base,sleeping,,347524.0,347848.0,65 66,-4.0,
base,sleeping,,347529.0,354042.0,78 79,-4.0,
base,sleeping,,347530.0,355202.0,83,-4.0,
base,sleeping,,347531.0,354042.0,76,-4.0,
base,sleeping,,347537.0,354042.0,75,-4.0,
base,sleeping,,347587.0,347848.0,67,-4.0,
base,sleeping,,347587.0,354042.0,74,-4.0,
base,sleeping,,347597.0,355202.0,88 89,-4.0,
base,sleeping,,347622.0,355202.0,84 85 86 87,-4.0,
base,sleeping,,347635.0,347941.0,70 71,-4.0,
base,sleeping,,347694.0,347897.0,68,-4.0,
base,sleeping,,347694.0,347941.0,69,-4.0,
base,sleeping,,347696.0,355202.0,90 91 92 93,-4.0,
base,switching_on,,347759.0,350459.0,1 2 3 4 5 6 7 8 10 11 12 13 14 15 16 17 18 19 20 21 22 23 24 25 26 27 28 29,-3.0,
base,active,346447.0,347774.0,347877.0,72 73,36377.0,False
base,active,346337.0,347774.0,347888.0,0 9 35 36 37 38 39 40 41 42 43 44 45 46 47 48 49 50 51 52 53 54 55 56 57 58 59 60 61 62 63 64,36375.0,False
base,switching_on,,347848.0,350548.0,30 31 32 33 34 65 66 67,-3.0,
base,active,346453.0,347877.0,347896.0,72,36378.0,False
base,active,,347877.0,347896.0,73,-1.0,
base,active,,347888.0,347896.0,35 36 37 38 39 40 41 42 43 44 45 46 47 48 49 50 51 52 53 54 55 56 57 58 59 60 61 62 63 64,-1.0,
base,active,346611.0,347888.0,347994.0,0 9,36379.0,False
base,active,346641.0,347896.0,348001.0,35 36 37 38 39 40 41 42 43 44 45 46 47 48 49 50 51 52 53 54 55 56 57 58 59 60 61 62 63 64 72 73,36380.0,False
base,switching_on,,347897.0,350597.0,68,-3.0,
base,switching_on,,347941.0,350641.0,69 70 71,-3.0,
base,active,346753.0,347994.0,348104.0,0 9,36381.0,False
base,active,,347998.0,348001.0,94,-1.0,
base,active,,347998.0,348021.0,95,-1.0,
base,active,346957.0,348001.0,348021.0,94,36384.0,False
base,active,346858.0,348001.0,348098.0,35 36 37 38 39 40 41 42 43 44 45 46 47 48 49 50 51 52 53 54 55 56 57 58 59 60 61 62 63 64 72 73,36383.0,False
base,active,346984.0,348021.0,348118.0,94 95,36385.0,False
base,active,,348098.0,348104.0,37 38 39 40 41 42 43 44 45 46 47 48 49 50 51 52 53 54 55 56 57 58 59 60 61 62 63 64 72 73,-1.0,
base,active,347226.0,348098.0,348201.0,35 36,36387.0,False
base,active,347409.0,348104.0,348299.0,0 9 37 38 39 40 41 42 43 44 45 46 47 48 49 50 51 52 53 54 55 56 57 58 59 60 61 62 63 64 72 73,36391.0,False
base,active,,348118.0,350459.0,94 95,-1.0,
base,active,,348201.0,348299.0,35,-1.0,
base,active,,348201.0,350459.0,36,-1.0,
base,active,347541.0,348299.0,348333.0,35,36394.0,False
base,active,347480.0,348299.0,348913.0,0 9 37 38 39 40 41 42 43 44 45 46 47 48 49 50 51 52 53 54 55 56 57 58 59 60 61 62 63 64 72 73,36393.0,False
base,active,,348333.0,350459.0,35,-1.0,
base,active,347610.0,348913.0,354355.0,0 9 37 38 39 40 41 42 43 44 45 46 47 48 49 50 51 52 53 54 55 56 57 58 59 60 61 62 63 64 72 73,36395.0,False
base,active,347759.0,350459.0,350688.0,1 2 3 4 5 6 7 8 10 11 12 13 14 15 16 17 18 19 20 21 22 23 24 25 26 27 28 29 35 36 94 95,36396.0,False
base,active,347848.0,350548.0,350695.0,30 31 32 33 34 65 66 67,36397.0,False
base,active,347897.0,350597.0,350628.0,68,36398.0,False
base,active,,350628.0,350641.0,68,-1.0,
base,active,347941.0,350641.0,350673.0,68 69 70 71,36399.0,False
base,active,348098.0,350673.0,350693.0,68,36401.0,False
base,active,,350673.0,350973.0,69 70 71,-1.0,
base,active,,350688.0,350695.0,7 8 10 11 12 13 14 15 16 17 18 19 20 21 22 23 24 25 26 27 28 29 35 36,-1.0,
base,active,348850.0,350688.0,350852.0,1 2 3 4,36404.0,False
base,active,,350688.0,350988.0,94 95,-1.0,
base,active,348871.0,350688.0,353014.0,5 6,36406.0,False
base,active,,350693.0,350695.0,68,-1.0,
base,active,349309.0,350695.0,350713.0,36,36411.0,False
base,active,349203.0,350695.0,350798.0,7 8 10 11 12 13 14 15 16 17 18 19 20 21 22 23 24 25 26 27 28 29 30 31 32 33 34 35 65 66 67 68,36410.0,False
base,active,,350713.0,350798.0,36,-1.0,
base,active,349632.0,350798.0,350815.0,36,36414.0,False
base,active,349530.0,350798.0,350897.0,7 8 10 11 12 13 14 15 16 17 18 19 20 21 22 23 24 25 26 27 28 29 30 31 32 33 34 35 65 66 67 68,36413.0,False
base,active,,350815.0,351115.0,36,-1.0,
base,active,,350852.0,350897.0,1 2,-1.0,
base,active,,350852.0,351152.0,3 4,-1.0,
base,active,350541.0,350897.0,350899.0,2,36423.0,False
base,active,350243.0,350897.0,350916.0,1,36417.0,False
base,active,350129.0,350897.0,351009.0,7 8 10 11 12 13 14 15 16 17 18 19 20 21 22 23 24 25 26 27 28 29 30 31 32 33 34 35 65 66 67 68,36416.0,False
base,active,,350899.0,351199.0,2,-1.0,
base,active,,350916.0,351216.0,1,-1.0,
base,switching_off,,350973.0,352773.0,69 70 71,-2.0,
base,switching_off,,350988.0,352788.0,94 95,-2.0,
base,active,350585.0,351009.0,351032.0,24,36425.0,False
base,active,,351009.0,351198.0,25 26 27,-1.0,
base,active,,351009.0,351222.0,28 29,-1.0,
base,active,,351009.0,351309.0,30 31 32 33 34 35 65 66 67 68,-1.0,
base,active,350579.0,351009.0,351385.0,7 8 10 11 12 13 14 15 16 17 18 19 20 21 22 23,36424.0,False
base,active,,351032.0,351171.0,24,-1.0,
base,switching_off,,351115.0,352915.0,36,-2.0,
base,switching_off,,351152.0,352952.0,3 4,-2.0,
base,active,351171.0,351171.0,351196.0,24,36427.0,False
base,active,,351196.0,351198.0,24,-1.0,
base,active,351198.0,351198.0,351367.0,24 25 26 27,36428.0,False
base,switching_off,,351199.0,352999.0,2,-2.0,
base,switching_off,,351216.0,353016.0,1,-2.0,
base,active,351222.0,351222.0,351616.0,28 29,36429.0,False
base,switching_off,,351309.0,353109.0,30 31 32 33 34 35 65 66 67 68,-2.0,
base,active,,351367.0,351396.0,24,-1.0,
base,active,,351367.0,351667.0,25 26 27,-1.0,
base,active,,351385.0,351386.0,7,-1.0,
base,active,,351385.0,351396.0,8 10 11 12 13 14 15 16 17 18 19 20 21 22 23,-1.0,
base,active,351386.0,351386.0,351427.0,7,36430.0,False
base,active,351396.0,351396.0,351455.0,8 10 11 12 13 14 15 16 17 18 19 20 21 22 23 24,36431.0,False
base,active,,351427.0,351727.0,7,-1.0,
base,active,,351455.0,351592.0,8,-1.0,
base,active,,351455.0,351617.0,10,-1.0,
base,active,,351455.0,351640.0,11 12,-1.0,
base,active,,351455.0,351755.0,13 14 15 16 17 18 19 20 21 22 23 24,-1.0,
base,active,351592.0,351592.0,351614.0,8,36433.0,False
base,active,,351614.0,351617.0,8,-1.0,
base,active,,351616.0,351617.0,28 29,-1.0,
base,active,351617.0,351617.0,351790.0,8 10 28 29,36434.0,False
base,active,351640.0,351640.0,351854.0,11 12,36435.0,False
base,switching_off,,351667.0,353467.0,25 26 27,-2.0,
base,switching_off,,351727.0,353527.0,7,-2.0,
base,switching_off,,351755.0,353555.0,13 14 15 16 17 18 19 20 21 22 23 24,-2.0,
base,active,,351790.0,351856.0,8 10,-1.0,
base,active,,351790.0,351882.0,28 29,-1.0,
base,active,,351854.0,351856.0,11 12,-1.0,
base,active,351856.0,351856.0,352084.0,8 10 11 12,36437.0,False
base,active,351882.0,351882.0,352285.0,28 29,36439.0,False
base,active,,352084.0,354355.0,8,-1.0,
base,active,,352084.0,354377.0,10 11 12,-1.0,
base,active,,352285.0,354355.0,28 29,-1.0,
base,sleeping,,352773.0,354042.0,69 70 71,-4.0,
base,sleeping,,352788.0,355202.0,94 95,-4.0,
base,sleeping,,352915.0,354042.0,36,-4.0,
base,sleeping,,352952.0,353821.0,3 4,-4.0,
base,sleeping,,352999.0,353821.0,2,-4.0,
base,active,,353014.0,354355.0,5 6,-1.0,
base,sleeping,,353016.0,353821.0,1,-4.0,
base,sleeping,,353109.0,353821.0,30 31 32 33 34 35,-4.0,
base,sleeping,,353109.0,354042.0,65 66 67 68,-4.0,
base,sleeping,,353467.0,353821.0,25 26 27,-4.0,
base,sleeping,,353527.0,353821.0,7,-4.0,
base,sleeping,,353555.0,353821.0,13 14 15 16 17 18 19 20 21 22 23 24,-4.0,
base,switching_on,,353821.0,356521.0,1 2 3 4 7 13 14 15 16 17 18 19 20 21 22 23 24 25 26 27 30 31 32 33 34 35,-3.0,
base,switching_on,,354042.0,356742.0,36 65 66 67 68 69 70 71 74 75 76 77 78 79 80 81,-3.0,
base,active,352261.0,354355.0,354377.0,8,36447.0,False
base,active,352035.0,354355.0,354388.0,6,36442.0,False
base,active,351971.0,354355.0,354389.0,5,36441.0,False
base,active,352114.0,354355.0,354397.0,28,36444.0,False
base,active,352115.0,354355.0,354422.0,29,36445.0,False
base,active,351919.0,354355.0,354937.0,0 9 37 38 39 40 41 42 43 44 45 46 47 48 49 50 51 52 53 54 55 56 57 58 59 60 61 62 63 64 72 73,36440.0,False
base,active,352286.0,354377.0,354539.0,8 10 11 12,36448.0,False
base,active,,354388.0,354389.0,6,-1.0,
base,active,352307.0,354389.0,379597.0,5 6,36449.0,False
base,active,352322.0,354397.0,354507.0,28,36450.0,False
base,active,352471.0,354422.0,354453.0,29,36451.0,False
base,switching_on,,354437.0,357137.0,82,-3.0,
base,active,352505.0,354453.0,354463.0,29,36452.0,False
base,active,352506.0,354463.0,354483.0,29,36453.0,False
base,active,352525.0,354483.0,354491.0,29,36454.0,False
base,active,,354491.0,356521.0,29,-1.0,
base,active,,354507.0,356521.0,28,-1.0,
base,active,,354539.0,354937.0,8 10,-1.0,
base,active,,354539.0,356521.0,11 12,-1.0,
base,active,353148.0,354937.0,354940.0,10,36459.0,False
base,active,352943.0,354937.0,354947.0,8,36457.0,False
base,active,352614.0,354937.0,355457.0,0 9 37 38 39 40 41 42 43 44 45 46 47 48 49 50 51 52 53 54 55 56 57 58 59 60 61 62 63 64 72 73,36455.0,False
base,active,,354940.0,355457.0,10,-1.0,
base,active,,354947.0,355457.0,8,-1.0,
base,switching_on,,355202.0,357902.0,83 84 85 86 87 88 89 90 91 92 93 94 95 96 97,-3.0,
base,switching_on,,355211.0,357911.0,98 99 100 101 102 103 104 105 106 107 108 109 110 111 112 113,-3.0,
base,active,353462.0,355457.0,355468.0,8,36462.0,False
base,active,353519.0,355457.0,355470.0,10,36464.0,False
base,active,353180.0,355457.0,357174.0,0 9 37 38 39 40 41 42 43 44 45 46 47 48 49 50 51 52 53 54 55 56 57 58 59 60 61 62 63 64 72 73,36460.0,False
base,active,,355468.0,356521.0,8,-1.0,
base,active,,355470.0,356521.0,10,-1.0,
base,active,353821.0,356521.0,357223.0,1 2 3 4 7 8 10 11 12 13 14 15 16 17 18 19 20 21 22 23 24 25 26 27 28 29 30 31 32 33 34 35,36468.0,False
base,active,354042.0,356742.0,357299.0,36 65 66 67 68 69 70 71 74 75 76 77 78 79 80 81,36469.0,False
base,active,354437.0,357137.0,357285.0,82,36471.0,False
base,active,354536.0,357174.0,357242.0,51 52 53 54,36473.0,False
base,active,354532.0,357174.0,357265.0,0 9 37 38 39 40 41 42 43 44 45 46 47 48 49 50,36472.0,False
base,active,354601.0,357174.0,357301.0,55,36474.0,False
base,active,,357174.0,357305.0,57 58 59 60 61 62 63 64 72 73,-1.0,
base,active,354776.0,357174.0,357363.0,56,36476.0,False
base,active,354838.0,357223.0,357305.0,20 21 22 23 24 25 26 27 28 29 30 31 32 33 34 35,36478.0,False
base,active,354827.0,357223.0,357352.0,1 2 3 4 7 8 10 11 12 13 14 15 16 17 18 19,36477.0,False
base,active,,357242.0,357305.0,51 52 53 54,-1.0,
base,active,,357265.0,357305.0,0 9 37 38 39 40 41 42 43 44 45 46 47 48 49 50,-1.0,
base,active,,357285.0,357305.0,82,-1.0,
base,active,,357299.0,357305.0,36 65 66 67 68 69 70 71 74 75 76 77 78 79 80 81,-1.0,
base,active,,357301.0,357305.0,55,-1.0,
base,active,354930.0,357305.0,358960.0,0 9 20 21 22 23 24 25 26 27 28 29 30 31 32 33 34 35 36 37 38 39 40 41 42 43 44 45 46 47 48 49 50 51 52 53 54 55 57 58 59 60 61 62 63 64 65 66 67 68 69 70 71 72 73 74 75 76 77 78 79 80 81 82,36479.0,False
base,active,354957.0,357352.0,357547.0,1 2 3 4 7 8 10 11 12 13 14 15 16 17 18 19,36480.0,False
base,active,,357363.0,357902.0,56,-1.0,
base,active,354973.0,357547.0,357759.0,1 2 3 4 7 8 10 11 12 13 14 15 16 17 18 19,36481.0,False
base,active,,357759.0,357902.0,1 2 3 4 7 8 10 11 12 13 14 15 16 17 18 19,-1.0,
base,active,355202.0,357902.0,359082.0,1 2 3 4 7 8 10 11 12 13 14 15 16 17 18 19 56 83 84 85 86 87 88 89 90 91 92 93 94 95 96 97,36484.0,False
base,active,355211.0,357911.0,358135.0,98 99 100 101 102 103 104 105 106 107 108 109 110 111 112 113,36485.0,False
base,active,,358135.0,358435.0,102 103 104 105 106 107 108 109 110 111 112 113,-1.0,
base,active,,358135.0,359855.0,98 99 100 101,-1.0,
base,switching_off,,358435.0,360235.0,102 103 104 105 106 107 108 109 110 111 112 113,-2.0,
base,active,356595.0,358960.0,358969.0,50,36491.0,False
base,active,,358960.0,359082.0,51 52 53 54 55 57 58 59 60 61 62 63 64 65 66 67 68 69 70 71 72 73 74 75 76 77 78 79 80 81 82,-1.0,
base,active,356391.0,358960.0,359400.0,0 9 20 21 22 23 24 25 26 27 28 29 30 31 32 33 34 35 36 37 38 39 40 41 42 43 44 45 46 47 48 49,36490.0,False
base,active,,358969.0,359082.0,50,-1.0,
base,active,356606.0,359082.0,359256.0,1 2 3 4 7 8 10 11 12 13 14 15 16 17 18 19 50 51 52 53 54 55 56 57 58 59 60 61 62 63 64 65 66 67 68 69 70 71 72 73 74 75 76 77 78 79 80 81 82 83 84 85 86 87 88 89 90 91 92 93 94 95 96 97,36492.0,False
base,active,357349.0,359256.0,359288.0,67 68 69 70,36501.0,False
base,active,357280.0,359256.0,359294.0,66,36499.0,False
base,active,357542.0,359256.0,359311.0,71 72 73 74 75 76 77 78,36502.0,False
base,active,,359256.0,359400.0,79 80 81 82 83 84 85 86 87 88 89 90 91 92 93 94 95 96 97,-1.0,
base,active,357155.0,359256.0,359855.0,1 2 3 4 7 8 10 11 12 13 14 15 16 17 18 19 50 51 52 53 54 55 56 57 58 59 60 61 62 63 64 65,36497.0,False
base,active,,359288.0,359400.0,67 68 69 70,-1.0,
base,active,,359294.0,359400.0,66,-1.0,
base,active,,359311.0,359400.0,71 72 73 74 75 76 77 78,-1.0,
base,active,357625.0,359400.0,359499.0,0 9 20 21 22 23 24 25 26 27 28 29 30 31 32 33 34 35 36 37 38 39 40 41 42 43 44 45 46 47 48 49 66 67 68 69 70 71 72 73 74 75 76 77 78 79 80 81 82 83 84 85 86 87 88 89 90 91 92 93 94 95 96 97,36503.0,False
base,active,357980.0,359499.0,359674.0,0 9 20 21 22 23 24 25 26 27 28 29 30 31 32 33 34 35 36 37 38 39 40 41 42 43 44 45 46 47 48 49 66 67 68 69 70 71 72 73 74 75 76 77 78 79 80 81 82 83 84 85 86 87 88 89 90 91 92 93 94 95 96 97,36505.0,False
base,active,,359674.0,359855.0,70 71 72 73 74 75 76 77 78 79 80 81 82 83 84 85 86 87 88 89 90 91 92 93 94 95 96 97,-1.0,
base,active,358200.0,359674.0,359940.0,66 67 68 69,36507.0,False
base,active,358105.0,359674.0,360876.0,0 9 20 21 22 23 24 25 26 27 28 29 30 31 32 33 34 35 36 37 38 39 40 41 42 43 44 45 46 47 48 49,36506.0,False
base,active,358236.0,359855.0,360061.0,1 2 3 4 7 8 10 11 12 13 14 15 16 17 18 19 50 51 52 53 54 55 56 57 58 59 60 61 62 63 64 65 70 71 72 73 74 75 76 77 78 79 80 81 82 83 84 85 86 87 88 89 90 91 92 93 94 95 96 97 98 99 100 101,36508.0,False
base,active,,359940.0,360061.0,66 67 68 69,-1.0,
base,active,358578.0,360061.0,360082.0,66 67 68 69,36511.0,False
base,active,358455.0,360061.0,360242.0,1 2 3 4 7 8 10 11 12 13 14 15 16 17 18 19 50 51 52 53 54 55 56 57 58 59 60 61 62 63 64 65 70 71 72 73 74 75 76 77 78 79 80 81 82 83 84 85 86 87 88 89 90 91 92 93 94 95 96 97 98 99 100 101,36510.0,False
base,active,,360082.0,360242.0,66 67 68 69,-1.0,
base,sleeping,,360235.0,364533.0,102 103 104 105 106,-4.0,
base,sleeping,,360235.0,370397.0,107 108,-4.0,
base,sleeping,,360235.0,370428.0,109,-4.0,
base,sleeping,,360235.0,377527.0,110 111 112 113,-4.0,
base,active,358779.0,360242.0,360273.0,66 67 68 69,36515.0,False
base,active,358647.0,360242.0,360444.0,1 2 3 4 7 8 10 11 12 13 14 15 16 17 18 19 50 51 52 53 54 55 56 57 58 59 60 61 62 63 64 65 70 71 72 73 74 75 76 77 78 79 80 81 82 83 84 85 86 87 88 89 90 91 92 93 94 95 96 97 98 99 100 101,36512.0,False
base,active,358957.0,360273.0,360415.0,66 67 68 69,36519.0,False
base,active,,360415.0,360715.0,66 67 68 69,-1.0,
base,active,359715.0,360444.0,360513.0,70 71 72 73,36522.0,False
base,active,,360444.0,360744.0,74 75 76 77 78 79 80 81 82 83 84 85 86 87 88 89 90 91 92 93 94 95 96 97 98 99 100 101,-1.0,
base,active,359316.0,360444.0,376363.0,1 2 3 4 7 8 10 11 12 13 14 15 16 17 18 19 50 51 52 53 54 55 56 57 58 59 60 61 62 63 64 65,36520.0,False
base,active,,360513.0,360813.0,70 71 72 73,-1.0,
base,switching_off,,360715.0,362515.0,66 67 68 69,-2.0,
base,switching_off,,360744.0,362544.0,74 75 76 77 78 79 80 81 82 83 84 85 86 87 88 89 90 91 92 93 94 95 96 97 98 99 100 101,-2.0,
base,switching_off,,360813.0,362613.0,70 71 72 73,-2.0,
base,active,,360876.0,361176.0,0 9 20 21 22 23 24 25 26 27 28 29 30 31 32 33 34 35 36 37 38 39 40 41 42 43 44 45 46 47 48 49,-1.0,
base,switching_off,,361176.0,362976.0,0 9 20 21 22 23 24 25 26 27 28 29 30 31 32 33 34 35 36 37 38 39 40 41 42 43 44 45 46 47 48 49,-2.0,
base,sleeping,,362515.0,362976.0,66 67 68 69,-4.0,
base,sleeping,,362544.0,362976.0,74 75 76 77 78 79 80 81 82 83 84 85 86 87 88 89 90 91 92 93 94 95 96 97,-4.0,
base,sleeping,,362544.0,363367.0,98 99 100,-4.0,
base,sleeping,,362544.0,364533.0,101,-4.0,
base,sleeping,,362613.0,362976.0,70 71 72 73,-4.0,
base,switching_on,,362976.0,365676.0,0 9 20 21 22 23 24 25 26 27 28 29 30 31 32 33 34 35 36 37 38 39 40 41 42 43 44 45 46 47 48 49 66 67 68 69 70 71 72 73 74 75 76 77 78 79 80 81 82 83 84 85 86 87 88 89 90 91 92 93 94 95 96 97,-3.0,
base,switching_on,,363367.0,366067.0,98 99 100,-3.0,
base,switching_on,,364533.0,367233.0,101 102 103 104 105 106,-3.0,
base,active,361185.0,365676.0,365868.0,0 9 20 21 22 23 24 25 26 27 28 29 30 31 32 33 34 35 36 37 38 39 40 41 42 43 44 45 46 47 48 49 66 67 68 69 70 71 72 73 74 75 76 77 78 79 80 81 82 83 84 85 86 87 88 89 90 91 92 93 94 95 96 97,36532.0,False
base,active,361392.0,365868.0,366067.0,0 9 20 21 22 23 24 25 26 27 28 29 30 31 32 33 34 35 36 37 38 39 40 41 42 43 44 45 46 47 48 49 66 67 68 69 70 71 72 73 74 75 76 77 78 79 80 81 82 83 84 85 86 87 88 89 90 91 92 93 94 95 96 97,36534.0,False
base,active,363229.0,366067.0,366070.0,99,36548.0,False
base,active,363212.0,366067.0,366077.0,98,36547.0,False
base,active,363234.0,366067.0,366081.0,100,36549.0,False
base,active,362044.0,366067.0,367233.0,0 9 20 21 22 23 24 25 26 27 28 29 30 31 32 33 34 35 36 37 38 39 40 41 42 43 44 45 46 47 48 49 66 67 68 69 70 71 72 73 74 75 76 77 78 79 80 81 82 83 84 85 86 87 88 89 90 91 92 93 94 95 96 97,36539.0,False
base,active,,366070.0,367233.0,99,-1.0,
base,active,,366077.0,367233.0,98,-1.0,
base,active,,366081.0,367233.0,100,-1.0,
base,active,364413.0,367233.0,367368.0,98 99 100 102 103 104 105 106,36555.0,False
base,active,364394.0,367233.0,367383.0,67 68 69 70 71 72 73 74 75 76 77 78 79 80 81 82 83 84 85 86 87 88 89 90 91 92 93 94 95 96 97 101,36554.0,False
base,active,364073.0,367233.0,367398.0,66,36552.0,False
base,active,363603.0,367233.0,368352.0,0 9 20 21 22 23 24 25 26 27 28 29 30 31 32 33 34 35 36 37 38 39 40 41 42 43 44 45 46 47 48 49,36550.0,False
base,active,,367368.0,367668.0,100 102 103 104 105 106,-1.0,
base,active,,367368.0,368112.0,98 99,-1.0,
base,active,364808.0,367383.0,367542.0,67 68 69 70 71 72 73 74 75 76 77 78 79 80 81 82 83 84 85 86 87 88 89 90 91 92 93 94 95 96 97 101,36561.0,False
base,active,,367398.0,368112.0,66,-1.0,
base,active,365054.0,367542.0,367723.0,67 68 69 70 71 72 73 74 75 76 77 78 79 80 81 82 83 84 85 86 87 88 89 90 91 92 93 94 95 96 97 101,36562.0,False
base,switching_off,,367668.0,369468.0,100 102 103 104 105 106,-2.0,
base,active,365261.0,367723.0,368112.0,67 68 69 70 71 72 73 74 75 76 77 78 79 80 81 82 83 84 85 86 87 88 89 90 91 92 93 94 95 96 97 101,36564.0,False
base,active,365883.0,368112.0,368141.0,66,36567.0,False
base,active,366707.0,368112.0,368221.0,98,36573.0,False
base,active,366912.0,368112.0,368240.0,99,36575.0,False
base,active,365784.0,368112.0,368368.0,67 68 69 70 71 72 73 74 75 76 77 78 79 80 81 82 83 84 85 86 87 88 89 90 91 92 93 94 95 96 97 101,36566.0,False
base,active,,368141.0,368571.0,66,-1.0,
base,active,,368221.0,368554.0,98,-1.0,
base,active,,368240.0,368368.0,99,-1.0,
base,active,366914.0,368352.0,368554.0,0 9 20 21 22 23 24 25 26 27 28 29 30 31 32 33 34 35 36 37 38 39 40 41 42 43 44 45 46 47 48 49,36576.0,False
base,active,367676.0,368368.0,368526.0,99,36580.0,False
base,active,367466.0,368368.0,368571.0,67 68 69 70 71 72 73 74 75 76 77 78 79 80 81 82 83 84 85 86 87 88 89 90 91 92 93 94 95 96 97 101,36578.0,False
base,active,,368526.0,368554.0,99,-1.0,
base,active,367915.0,368554.0,368573.0,99,36585.0,False
base,active,367947.0,368554.0,368647.0,98,36587.0,False
base,active,367731.0,368554.0,368736.0,0 9 20 21 22 23 24 25 26 27 28 29 30 31 32 33 34 35 36 37 38 39 40 41 42 43 44 45 46 47 48 49,36582.0,False
base,active,368381.0,368571.0,368674.0,66,36589.0,False
base,active,368173.0,368571.0,368904.0,67 68 69 70 71 72 73 74 75 76 77 78 79 80 81 82 83 84 85 86 87 88 89 90 91 92 93 94 95 96 97 101,36588.0,False
base,active,368508.0,368573.0,368594.0,99,36591.0,False
base,active,368510.0,368594.0,368603.0,99,36592.0,False
base,active,,368603.0,368903.0,99,-1.0,
base,active,,368647.0,368947.0,98,-1.0,
base,active,,368674.0,368736.0,66,-1.0,
base,active,368630.0,368736.0,368885.0,66,36594.0,False
base,active,368593.0,368736.0,373229.0,0 9 20 21 22 23 24 25 26 27 28 29 30 31 32 33 34 35 36 37 38 39 40 41 42 43 44 45 46 47 48 49,36593.0,False
base,active,,368885.0,369185.0,66,-1.0,
base,switching_off,,368903.0,370703.0,99,-2.0,
base,active,368641.0,368904.0,369058.0,67 68 69 70 71 72 73 74 75 76 77 78 79 80 81 82 83 84 85 86 87 88 89 90 91 92 93 94 95 96 97 101,36595.0,False
base,switching_off,,368947.0,370747.0,98,-2.0,
base,active,368707.0,369058.0,369151.0,67 68 69 70 71 72 73 74,36596.0,False
base,active,368858.0,369058.0,369168.0,75,36597.0,False
base,active,,369058.0,369358.0,76 77 78 79 80 81 82 83 84 85 86 87 88 89 90 91 92 93 94 95 96 97 101,-1.0,
base,active,,369151.0,369451.0,67 68 69 70 71 72 73 74,-1.0,
base,active,,369168.0,369468.0,75,-1.0,
base,switching_off,,369185.0,370985.0,66,-2.0,
base,switching_off,,369358.0,371158.0,76 77 78 79 80 81 82 83 84 85 86 87 88 89 90 91 92 93 94 95 96 97 101,-2.0,
base,switching_off,,369451.0,371251.0,67 68 69 70 71 72 73 74,-2.0,
base,sleeping,,369468.0,369919.0,100 102 103 104,-4.0,
base,sleeping,,369468.0,370081.0,105,-4.0,
base,sleeping,,369468.0,370397.0,106,-4.0,
base,switching_off,,369468.0,371268.0,75,-2.0,
base,switching_on,,369919.0,372619.0,100 102 103 104,-3.0,
base,switching_on,,370081.0,372781.0,105,-3.0,
base,switching_on,,370397.0,373097.0,106 107 108,-3.0,
base,switching_on,,370428.0,373128.0,109,-3.0,
base,sleeping,,370703.0,377527.0,99,-4.0,
base,sleeping,,370747.0,377527.0,98,-4.0,
base,sleeping,,370985.0,374961.0,66,-4.0,
base,sleeping,,371158.0,377527.0,76 77 78 79 80 81 82 83 84 85 86 87 88 89 90 91 92 93 94 95 96 97 101,-4.0,
base,sleeping,,371251.0,375141.0,67 68 69 70 71 72 73,-4.0,
base,sleeping,,371251.0,375246.0,74,-4.0,
base,sleeping,,371268.0,377527.0,75,-4.0,
base,active,369919.0,372619.0,372697.0,100 102 103 104,36604.0,False
base,active,,372697.0,372781.0,102 103 104,-1.0,
base,active,370056.0,372697.0,372949.0,100,36606.0,False
base,active,370081.0,372781.0,372857.0,102 103 104 105,36607.0,False
base,active,370336.0,372857.0,372996.0,102,36608.0,False
base,active,,372857.0,373097.0,103 104 105,-1.0,
base,active,,372949.0,373097.0,100,-1.0,
base,active,,372996.0,373097.0,102,-1.0,
base,active,370397.0,373097.0,373163.0,100 102 103 104 105 106 107 108,36609.0,False
base,active,370428.0,373128.0,373149.0,109,36610.0,False
base,active,370918.0,373149.0,373275.0,109,36615.0,False
base,active,,373163.0,373245.0,100 102 103 104 105 106 107 108,-1.0,
base,active,371143.0,373229.0,373245.0,0 9 20 21 22 23 24 25 26 27 28 29 30 31 32 33,36618.0,False
base,active,371172.0,373229.0,373335.0,34 35 36 37 38 39 40 41 42 43 44 45 46 47 48 49,36619.0,False
base,active,371547.0,373245.0,373303.0,100 102 103 104 105 106 107 108,36622.0,False
base,active,371399.0,373245.0,373374.0,0 9 20 21 22 23 24 25 26 27 28 29 30 31 32 33,36620.0,False
base,active,,373275.0,373303.0,109,-1.0,
base,active,371654.0,373303.0,373373.0,100 102 103 104,36623.0,False
base,active,371829.0,373303.0,373381.0,106 107 108 109,36625.0,False
base,active,371725.0,373303.0,373427.0,105,36624.0,False
base,active,,373335.0,373374.0,42 43 44 45,-1.0,
base,active,371918.0,373335.0,373402.0,34 35 36 37 38 39 40 41,36626.0,False
base,active,,373335.0,373402.0,46 47 48 49,-1.0,
base,active,,373373.0,373374.0,100 102 103 104,-1.0,
base,active,372284.0,373374.0,373431.0,42 43 44 45 100 102 103 104,36629.0,False
base,active,372010.0,373374.0,373470.0,0 9 20 21 22 23 24 25 26 27 28 29 30 31 32 33,36628.0,False
base,active,,373381.0,373402.0,106 107 108 109,-1.0,
base,active,372346.0,373402.0,373466.0,34 35 36 37 38 39 40 41 46 47 48 49 106 107 108 109,36631.0,False
base,active,372373.0,373427.0,373571.0,105,36632.0,False
base,active,373265.0,373431.0,373500.0,45 100 102 103,36641.0,False
base,active,372868.0,373431.0,373545.0,43,36638.0,False
base,active,373163.0,373431.0,373545.0,44,36640.0,False
base,active,372623.0,373431.0,373552.0,42,36637.0,False
base,active,,373431.0,373731.0,104,-1.0,
base,active,373354.0,373466.0,373528.0,34 35 36 37 38 39 40 41,36642.0,False
base,active,,373466.0,373766.0,46 47 48 49 106 107 108 109,-1.0,
base,active,373470.0,373470.0,373530.0,0 9 20 21 22 23 24 25 26 27 28 29 30 31 32 33,36644.0,False
base,active,,373500.0,373800.0,45 100 102 103,-1.0,
base,active,,373528.0,373828.0,34 35 36 37 38 39 40 41,-1.0,
base,active,,373530.0,373539.0,0,-1.0,
base,active,,373530.0,373830.0,9 20 21 22 23 24 25 26 27 28 29 30 31 32 33,-1.0,
base,active,373539.0,373539.0,373650.0,0,36645.0,False
base,active,,373545.0,373845.0,43 44,-1.0,
base,active,,373552.0,373852.0,42,-1.0,
base,active,,373571.0,373871.0,105,-1.0,
base,active,,373650.0,373800.0,0,-1.0,
base,switching_off,,373731.0,375531.0,104,-2.0,
base,switching_off,,373766.0,375566.0,46 47 48 49 106 107 108 109,-2.0,
base,active,373800.0,373800.0,373916.0,0,36646.0,False
base,switching_off,,373800.0,375600.0,45 100 102 103,-2.0,
base,switching_off,,373828.0,375628.0,34 35 36 37 38 39 40 41,-2.0,
base,switching_off,,373830.0,375630.0,9 20 21 22 23 24 25 26 27 28 29 30 31 32 33,-2.0,
base,switching_off,,373845.0,375645.0,43 44,-2.0,
base,switching_off,,373852.0,375652.0,42,-2.0,
base,switching_off,,373871.0,375671.0,105,-2.0,
base,active,,373916.0,373928.0,0,-1.0,
base,active,373928.0,373928.0,374057.0,0,36650.0,False
base,active,,374057.0,374357.0,0,-1.0,
base,switching_off,,374357.0,376157.0,0,-2.0,
base,switching_on,,374961.0,377661.0,66,-3.0,
base,switching_on,,375141.0,377841.0,67 68 69 70 71 72 73,-3.0,
base,switching_on,,375246.0,377946.0,74,-3.0,
base,sleeping,,375531.0,377527.0,104,-4.0,
base,sleeping,,375566.0,377331.0,46,-4.0,
base,sleeping,,375566.0,377360.0,47,-4.0,
base,sleeping,,375566.0,377527.0,48 49 106 107 108 109,-4.0,
base,sleeping,,375600.0,377331.0,45,-4.0,
base,sleeping,,375600.0,377527.0,100 102 103,-4.0,
base,sleeping,,375628.0,377331.0,34 35 36 37 38 39 40 41,-4.0,
base,sleeping,,375630.0,377331.0,9 20 21 22 23 24 25 26 27 28 29 30 31 32 33,-4.0,
base,sleeping,,375645.0,377331.0,43 44,-4.0,
base,sleeping,,375652.0,377331.0,42,-4.0,
base,sleeping,,375671.0,377527.0,105,-4.0,
base,sleeping,,376157.0,377331.0,0,-4.0,
base,active,374356.0,376363.0,376861.0,1 2 3 4 7 8 10 11 12 13 14 15 16 17 18 19 50 51 52 53 54 55 56 57 58 59 60 61 62 63 64 65,36653.0,False
base,active,374667.0,376861.0,376970.0,2,36656.0,False
base,active,374394.0,376861.0,377035.0,1,36654.0,False
base,active,,376861.0,377035.0,3 4 7 8 10 11 12 13 14 15 16 17 18 19 50 51 52 53 54 55 56 57 58 59 60 61 62 63 64 65,-1.0,
base,active,,376970.0,377035.0,2,-1.0,
base,active,374937.0,377035.0,378302.0,1 2 3 4 7 8 10 11 12 13 14 15 16 17 18 19 50 51 52 53 54 55 56 57 58 59 60 61 62 63 64 65,36657.0,False
base,switching_on,,377331.0,380031.0,0 9 20 21 22 23 24 25 26 27 28 29 30 31 32 33 34 35 36 37 38 39 40 41 42 43 44 45 46,-3.0,
base,switching_on,,377360.0,380060.0,47,-3.0,
base,switching_on,,377527.0,380227.0,48 49 75 76 77 78 79 80 81 82 83 84 85 86 87 88 89 90 91 92 93 94 95 96 97 98 99 100 101 102 103 104 105 106 107 108 109 110 111 112 113 114 115 116 117 118 119 120 121 122 123 124 125 126 127,-3.0,
base,active,374961.0,377661.0,377829.0,66,36658.0,False
base,active,,377829.0,377841.0,66,-1.0,
base,active,375141.0,377841.0,380220.0,66 67 68 69 70 71 72 73,36660.0,False
base,active,375246.0,377946.0,378100.0,74,36661.0,False
base,active,375536.0,378100.0,378228.0,74,36664.0,False
base,active,375815.0,378228.0,378342.0,74,36668.0,False
base,active,376206.0,378302.0,378315.0,2,36671.0,False
base,active,376226.0,378302.0,378428.0,3,36672.0,False
base,active,376032.0,378302.0,378429.0,1,36669.0,False
base,active,,378302.0,380031.0,4 7 8 10 11 12 13 14 15 16 17 18 19 50 51 52 53 54 55 56 57 58 59 60 61 62 63 64 65,-1.0,
base,active,,378315.0,380031.0,2,-1.0,
base,active,,378342.0,380031.0,74,-1.0,
base,active,,378428.0,380031.0,3,-1.0,
base,active,,378429.0,380031.0,1,-1.0,
base,active,,379597.0,380031.0,5 6,-1.0,
base,active,377331.0,380031.0,386609.0,0 1 2 3 4 5 6 7 8 9 10 11 12 13 14 15 16 17 18 19 20 21 22 23 24 25 26 27 28 29 30 31 32 33 34 35 36 37 38 39 40 41 42 43 44 45 46 50 51 52 53 54 55 56 57 58 59 60 61 62 63 64 65 74,36679.0,False
base,active,377360.0,380060.0,380067.0,47,36680.0,False
base,active,377371.0,380067.0,380076.0,47,36681.0,False
base,active,,380076.0,380227.0,47,-1.0,
base,active,,380220.0,380227.0,66 67 68 69 70 71 72 73,-1.0,
base,active,377527.0,380227.0,387095.0,47 48 49 66 67 68 69 70 71 72 73 75 76 77 78 79 80 81 82 83 84 85 86 87 88 89 90 91 92 93 94 95 96 97 98 99 100 101 102 103 104 105 106 107 108 109 110 111 112 113 114 115 116 117 118 119 120 121 122 123 124 125 126 127,36682.0,False
base,active,,386609.0,387095.0,0 1 2 3 4 5 6 7 8 9 10 11 12 13 14 15 16 17 18 19 20 21 22 23 24 25 26 27 28 29 30 31 32 33 34 35 36 37 38 39 40 41 42 43 44 45 46 50 51 52 53 54 55 56 57 58 59 60 61 62 63 64 65 74,-1.0,
base,active,384404.0,387095.0,387200.0,0 1 2 3 4 5 6 7 8 9 10 11 12 13 14 15 16 17 18 19 20 21 22 23 24 25 26 27 28 29 30 31 32 33 34 35 36 37 38 39 40 41 42 43 44 45 46 47 48 49 50 51 52 53 54 55 56 57 58 59 60 61 62 63 64 65 66 67 68 69 70 71 72 73 74 75 76 77 78 79 80 81 82 83 84 85 86 87 88 89 90 91 92 93 94 95 96 97 98 99 100 101 102 103 104 105 106 107 108 109 110 111 112 113 114 115 116 117 118 119 120 121 122 123 124 125 126 127,36684.0,False
base,active,384718.0,387200.0,387356.0,64 65 66 67 68 69 70 71 72 73 74 75 76 77 78 79 80 81 82 83 84 85 86 87 88 89 90 91 92 93 94 95 96 97 98 99 100 101 102 103 104 105 106 107 108 109 110 111 112 113 114 115 116 117 118 119 120 121 122 123 124 125 126 127,36687.0,False
base,active,384513.0,387200.0,398124.0,0 1 2 3 4 5 6 7 8 9 10 11 12 13 14 15 16 17 18 19 20 21 22 23 24 25 26 27 28 29 30 31 32 33 34 35 36 37 38 39 40 41 42 43 44 45 46 47 48 49 50 51 52 53 54 55 56 57 58 59 60 61 62 63,36685.0,False
base,active,,387356.0,387656.0,64 65 66 67 68 69 70 71 72 73 74 75 76 77 78 79 80 81 82 83 84 85 86 87 88 89 90 91 92 93 94 95 96 97 98 99 100 101 102 103 104 105 106 107 108 109 110 111 112 113 114 115 116 117 118 119 120 121 122 123 124 125 126 127,-1.0,
base,switching_off,,387656.0,389456.0,64 65 66 67 68 69 70 71 72 73 74 75 76 77 78 79 80 81 82 83 84 85 86 87 88 89 90 91 92 93 94 95 96 97 98 99 100 101 102 103 104 105 106 107 108 109 110 111 112 113 114 115 116 117 118 119 120 121 122 123 124 125 126 127,-2.0,
base,sleeping,,389456.0,395445.0,64 65 66 67 68 69 70 71 72 73 74 75 76 77 78 79 80 81 82 83 84 85 86 87 88 89 90 91 92 93 94 95 96 97 98 99 100 101 102 103 104 105 106 107 108 109 110 111 112 113 114 115 116 117 118 119 120 121 122 123 124 125 126 127,-4.0,
base,switching_on,,395445.0,398145.0,64 65 66 67 68 69 70 71 72 73 74 75 76 77 78 79 80 81 82 83 84 85 86 87 88 89 90 91 92 93 94 95 96 97 98 99 100 101 102 103 104 105 106 107 108 109 110 111 112 113 114 115 116 117 118 119 120 121 122 123 124 125 126 127,-3.0,
base,active,,398124.0,398145.0,0 1 2 3 4 5 6 7 8 9 10 11 12 13 14 15 16 17 18 19 20 21 22 23 24 25 26 27 28 29 30 31 32 33 34 35 36 37 38 39 40 41 42 43 44 45 46 47 48 49 50 51 52 53 54 55 56 57 58 59 60 61 62 63,-1.0,
base,active,395445.0,398145.0,398234.0,0 1 2 3 4 5 6 7 8 9 10 11 12 13 14 15 16 17 18 19 20 21 22 23 24 25 26 27 28 29 30 31 32 33 34 35 36 37 38 39 40 41 42 43 44 45 46 47 48 49 50 51 52 53 54 55 56 57 58 59 60 61 62 63 64 65 66 67 68 69 70 71 72 73 74 75 76 77 78 79 80 81 82 83 84 85 86 87 88 89 90 91 92 93 94 95 96 97 98 99 100 101 102 103 104 105 106 107 108 109 110 111 112 113 114 115 116 117 118 119 120 121 122 123 124 125 126 127,36762.0,False
base,active,395538.0,398234.0,409158.0,0 1 2 3 4 5 6 7 8 9 10 11 12 13 14 15 16 17 18 19 20 21 22 23 24 25 26 27 28 29 30 31 32 33 34 35 36 37 38 39 40 41 42 43 44 45 46 47 48 49 50 51 52 53 54 55 56 57 58 59 60 61 62 63 64 65 66 67 68 69 70 71 72 73 74 75 76 77 78 79 80 81 82 83 84 85 86 87 88 89 90 91 92 93 94 95 96 97 98 99 100 101 102 103 104 105 106 107 108 109 110 111 112 113 114 115 116 117 118 119 120 121 122 123 124 125 126 127,36763.0,False
base,active,,409158.0,409458.0,0 1 2 3 4 5 6 7 8 9 10 11 12 13 14 15 16 17 18 19 20 21 22 23 24 25 26 27 28 29 30 31 32 33 34 35 36 37 38 39 40 41 42 43 44 45 46 47 48 49 50 51 52 53 54 55 56 57 58 59 60 61 62 63 64 65 66 67 68 69 70 71 72 73 74 75 76 77 78 79 80 81 82 83 84 85 86 87 88 89 90 91 92 93 94 95 96 97 98 99 100 101 102 103 104 105 106 107 108 109 110 111 112 113 114 115 116 117 118 119 120 121 122 123 124 125 126 127,-1.0,
base,switching_off,,409458.0,411258.0,0 1 2 3 4 5 6 7 8 9 10 11 12 13 14 15 16 17 18 19 20 21 22 23 24 25 26 27 28 29 30 31 32 33 34 35 36 37 38 39 40 41 42 43 44 45 46 47 48 49 50 51 52 53 54 55 56 57 58 59 60 61 62 63 64 65 66 67 68 69 70 71 72 73 74 75 76 77 78 79 80 81 82 83 84 85 86 87 88 89 90 91 92 93 94 95 96 97 98 99 100 101 102 103 104 105 106 107 108 109 110 111 112 113 114 115 116 117 118 119 120 121 122 123 124 125 126 127,-2.0,
base,sleeping,,411258.0,411996.0,58 59 60 61 62 63 64 65 66 67 68 69 70 71 72 73 74 75 76 77 78 79 80 81 82 83 84 85 86 87 88 89 90 91 92 93 94 95 96 97 98 99 100 101 102 103 104 105 106 107 108 109 110 111 112 113 114 115 116 117 118 119 120 121 122 123 124 125 126 127,-4.0,
base,switching_on,,411258.0,413958.0,0 1 2 3 4 5 6 7 8 9 10 11 12 13 14 15 16 17 18 19 20 21 22 23 24 25 26 27 28 29 30 31 32 33 34 35 36 37 38 39 40 41 42 43 44 45 46 47 48 49 50 51 52 53 54 55 56 57,-3.0,
base,switching_on,,411996.0,414696.0,58 59 60 61 62 63 64 65 66 67 68 69 70 71 72 73 74 75 76 77 78 79 80 81 82 83 84 85 86 87 88 89 90 91 92 93 94 95 96 97 98 99 100 101 102 103 104 105 106 107 108 109 110 111 112 113 114 115 116 117 118 119 120 121 122 123 124 125 126 127,-3.0,
base,active,410270.0,413958.0,413961.0,4,36806.0,False
base,active,410291.0,413958.0,413975.0,5,36807.0,False
base,active,410955.0,413958.0,413975.0,8 9,36816.0,False
base,active,410980.0,413958.0,413975.0,10 11,36817.0,False
base,active,411101.0,413958.0,413976.0,24 25,36821.0,False
base,active,411010.0,413958.0,413980.0,12 13 14 15,36818.0,False
base,active,410351.0,413958.0,413993.0,6 7,36810.0,False
base,active,411052.0,413958.0,413995.0,16 17 18 19 20 21 22 23,36819.0,False
base,active,410112.0,413958.0,414012.0,0 1,36804.0,False
base,active,410206.0,413958.0,414029.0,2 3,36805.0,False
base,active,411141.0,413958.0,414066.0,42 43 44 45 46 47 48 49 50 51 52 53 54 55 56 57,36824.0,False
base,active,411123.0,413958.0,414074.0,26 27 28 29 30 31 32 33 34 35 36 37 38 39 40 41,36822.0,False
base,active,,413961.0,414696.0,4,-1.0,
base,active,,413975.0,414696.0,5 8 9 10 11,-1.0,
base,active,,413976.0,414696.0,24 25,-1.0,
base,active,,413980.0,414066.0,12 13,-1.0,
base,active,,413980.0,414696.0,14 15,-1.0,
base,active,,413993.0,414066.0,6 7,-1.0,
base,active,,413995.0,414066.0,16 17 18 19 20 21 22 23,-1.0,
base,active,,414012.0,414066.0,0 1,-1.0,
base,active,,414029.0,414066.0,2 3,-1.0,
base,active,411438.0,414066.0,414348.0,0 1 2 3 6 7 12 13 16 17 18 19 20 21 22 23 42 43 44 45 46 47 48 49 50 51 52 53 54 55 56 57,36827.0,False
base,active,,414074.0,414696.0,26 27 28 29 30 31 32 33 34 35 36 37 38 39 40 41,-1.0,
base,active,,414348.0,414696.0,0 1 2 3 6 7 12 13 16 17 18 19 20 21 22 23 42 43 44 45 46 47 48 49 50 51 52 53 54 55 56 57,-1.0,
base,active,411996.0,414696.0,414724.0,0 1 2 3 4 5 6 7 8 9 10 11 12 13 14 15 16 17 18 19 20 21 22 23 24 25 26 27 28 29 30 31 32 33 34 35 36 37 38 39 40 41 42 43 44 45 46 47 48 49 50 51 52 53 54 55 56 57 58 59 60 61 62 63 64 65 66 67 68 69 70 71 72 73 74 75 76 77 78 79 80 81 82 83 84 85 86 87 88 89 90 91 92 93 94 95 96 97 98 99 100 101 102 103 104 105 106 107 108 109 110 111 112 113 114 115 116 117 118 119 120 121 122 123 124 125 126 127,36836.0,False
base,active,412106.0,414724.0,415176.0,0 1 2 3 4 5 6 7 8 9 10 11 12 13 14 15 16 17 18 19 20 21 22 23 24 25 26 27 28 29 30 31 32 33 34 35 36 37 38 39 40 41 42 43 44 45 46 47 48 49 50 51 52 53 54 55 56 57 58 59 60 61 62 63 64 65 66 67 68 69 70 71 72 73 74 75 76 77 78 79 80 81 82 83 84 85 86 87 88 89 90 91 92 93 94 95 96 97 98 99 100 101 102 103 104 105 106 107 108 109 110 111 112 113 114 115 116 117 118 119 120 121 122 123 124 125 126 127,36837.0,False
base,active,413938.0,415176.0,415192.0,114,36855.0,False
base,active,413270.0,415176.0,415206.0,0 1,36845.0,False
base,active,413329.0,415176.0,415232.0,2 3 4 5 6 7 8 9 10 11 12 13 14 15 16 17,36847.0,False
base,active,,415176.0,415232.0,115 116 117 118 119 120 121 122 123 124 125 126 127,-1.0,
base,active,413422.0,415176.0,415277.0,34 35 36 37 38 39 40 41 42 43 44 45 46 47 48 49,36849.0,False
base,active,413414.0,415176.0,415280.0,18 19 20 21 22 23 24 25 26 27 28 29 30 31 32 33,36848.0,False
base,active,413661.0,415176.0,415450.0,50 51 52 53 54 55 56 57 58 59 60 61 62 63 64 65 66 67 68 69 70 71 72 73 74 75 76 77 78 79 80 81 82 83 84 85 86 87 88 89 90 91 92 93 94 95 96 97 98 99 100 101 102 103 104 105 106 107 108 109 110 111 112 113,36853.0,False
base,active,,415192.0,415232.0,114,-1.0,
base,active,,415206.0,415232.0,0 1,-1.0,
base,active,414103.0,415232.0,415324.0,0 1 2 3 4 5 6 7 8 9 10 11 12 13 14 15 16 17 114 115 116 117 118 119 120 121 122 123 124 125 126 127,36860.0,False
base,active,414126.0,415277.0,415347.0,34 35 36 37 38 39 40 41,36861.0,False
base,active,,415277.0,415450.0,42 43 44 45 46 47 48 49,-1.0,
base,active,,415280.0,415324.0,18 19 20 21 22 23 24 25,-1.0,
base,active,,415280.0,415450.0,26 27 28 29 30 31 32 33,-1.0,
base,active,414544.0,415324.0,415385.0,18 19 20 21 22 23 24 25,36867.0,False
base,active,414516.0,415324.0,415411.0,0 1 2 3 4 5 6 7 8 9 10 11 12 13 14 15 16 17 114 115 116 117 118 119 120 121 122 123 124 125 126 127,36866.0,False
base,active,,415347.0,415450.0,34 35 36 37 38 39 40 41,-1.0,
base,active,,415385.0,415450.0,18 19 20 21 22 23 24 25,-1.0,
base,active,,415411.0,415450.0,0 1 2 3 4 5 6 7 8 9 10 11 12 13 14 15 16 17 114 115 116 117 118 119 120 121 122 123 124 125 126 127,-1.0,
base,active,414711.0,415450.0,415528.0,0 1 2 3 4 5 6 7 8 9 10 11 12 13 14 15 16 17 18 19 20 21 22 23 24 25 26 27 28 29 30 31 32 33 34 35 36 37 38 39 40 41 42 43 44 45 46 47 48 49 50 51 52 53 54 55 56 57 58 59 60 61 62 63 64 65 66 67 68 69 70 71 72 73 74 75 76 77 78 79 80 81 82 83 84 85 86 87 88 89 90 91 92 93 94 95 96 97 98 99 100 101 102 103 104 105 106 107 108 109 110 111 112 113 114 115 116 117 118 119 120 121 122 123 124 125 126 127,36868.0,False
base,active,414857.0,415528.0,415614.0,0 1 2 3 4 5 6 7 8 9 10 11 12 13 14 15 16 17 18 19 20 21 22 23 24 25 26 27 28 29 30 31 32 33 34 35 36 37 38 39 40 41 42 43 44 45 46 47 48 49 50 51 52 53 54 55 56 57 58 59 60 61 62 63 64 65 66 67 68 69 70 71 72 73 74 75 76 77 78 79 80 81 82 83 84 85 86 87 88 89 90 91 92 93 94 95 96 97 98 99 100 101 102 103 104 105 106 107 108 109 110 111 112 113 114 115 116 117 118 119 120 121 122 123 124 125 126 127,36869.0,False
base,active,415552.0,415614.0,415688.0,32 33 34 35 36 37 38 39,36874.0,False
base,active,415528.0,415614.0,415710.0,0 1 2 3 4 5 6 7 8 9 10 11 12 13 14 15 16 17 18 19 20 21 22 23 24 25 26 27 28 29 30 31,36873.0,False
base,active,,415614.0,415914.0,40 41 42 43 44 45 46 47 48 49 50 51 52 53 54 55 56 57 58 59 60 61 62 63 64 65 66 67 68 69 70 71 72 73 74 75 76 77 78 79 80 81 82 83 84 85 86 87 88 89 90 91 92 93 94 95 96 97 98 99 100 101 102 103 104 105 106 107 108 109 110 111 112 113 114 115 116 117 118 119 120 121 122 123 124 125 126 127,-1.0,
base,active,,415688.0,415988.0,32 33 34 35 36 37 38 39,-1.0,
base,active,,415710.0,415811.0,0,-1.0,
base,active,,415710.0,416010.0,1 2 3 4 5 6 7 8 9 10 11 12 13 14 15 16 17 18 19 20 21 22 23 24 25 26 27 28 29 30 31,-1.0,
base,active,415811.0,415811.0,415825.0,0,36875.0,False
base,active,,415825.0,416125.0,0,-1.0,
base,switching_off,,415914.0,417714.0,40 41 42 43 44 45 46 47 48 49 50 51 52 53 54 55 56 57 58 59 60 61 62 63 64 65 66 67 68 69 70 71 72 73 74 75 76 77 78 79 80 81 82 83 84 85 86 87 88 89 90 91 92 93 94 95 96 97 98 99 100 101 102 103 104 105 106 107 108 109 110 111 112 113 114 115 116 117 118 119 120 121 122 123 124 125 126 127,-2.0,
base,switching_off,,415988.0,417788.0,32 33 34 35 36 37 38 39,-2.0,
base,switching_off,,416010.0,417810.0,1 2 3 4 5 6 7 8 9 10 11 12 13 14 15 16 17 18 19 20 21 22 23 24 25 26 27 28 29 30 31,-2.0,
base,switching_off,,416125.0,417925.0,0,-2.0,
base,sleeping,,417714.0,417788.0,120 121 122 123 124 125 126 127,-4.0,
base,switching_on,,417714.0,420414.0,40 41 42 43 44 45 46 47 48 49 50 51 52 53 54 55 56 57 58 59 60 61 62 63 64 65 66 67 68 69 70 71 72 73 74 75 76 77 78 79 80 81 82 83 84 85 86 87 88 89 90 91 92 93 94 95 96 97 98 99 100 101 102 103 104 105 106 107 108 109 110 111 112 113 114 115 116 117 118 119,-3.0,
base,switching_on,,417788.0,420488.0,32 33 34 35 36 37 38 39 120 121 122 123 124 125 126 127,-3.0,
base,sleeping,,417810.0,424813.0,1 2 3 4 5,-4.0,
base,sleeping,,417810.0,432508.0,6 7 8 9 10 11 12,-4.0,
base,sleeping,,417810.0,432866.0,13 14 15 16 17 18 19 20 21 22 23 24 25 26 27 28 29,-4.0,
base,sleeping,,417810.0,433124.0,30 31,-4.0,
base,sleeping,,417925.0,424813.0,0,-4.0,
base,active,416120.0,420414.0,420483.0,72 73 74 75 76 77 78 79,36877.0,False
base,active,416907.0,420414.0,420487.0,112 113 114 115 116 117 118 119,36879.0,False
base,active,416101.0,420414.0,420500.0,40 41 42 43 44 45 46 47 48 49 50 51 52 53 54 55 56 57 58 59 60 61 62 63 64 65 66 67 68 69 70 71,36876.0,False
base,active,416888.0,420414.0,420503.0,80 81 82 83 84 85 86 87 88 89 90 91 92 93 94 95 96 97 98 99 100 101 102 103 104 105 106 107 108 109 110 111,36878.0,False
base,active,,420483.0,420488.0,72 73 74 75 76 77 78 79,-1.0,
base,active,,420487.0,420488.0,112 113 114 115 116 117 118 119,-1.0,
base,active,417273.0,420488.0,420598.0,32 33 34 35 36 37 38 39 72 73 74 75 76 77 78 79 112 113 114 115 116 117 118 119 120 121 122 123 124 125 126 127,36880.0,False
base,active,,420500.0,420503.0,57 58 59 60 61 62 63 64 65 66 67,-1.0,
base,active,417602.0,420500.0,420521.0,48,36882.0,False
base,active,417650.0,420500.0,420537.0,49,36883.0,False
base,active,417697.0,420500.0,420539.0,50,36884.0,False
base,active,417763.0,420500.0,420580.0,55 56,36886.0,False
base,active,417303.0,420500.0,420582.0,40 41 42 43 44 45 46 47,36881.0,False
base,active,417740.0,420500.0,420604.0,51 52 53 54,36885.0,False
base,active,,420500.0,420642.0,68 69,-1.0,
base,active,,420500.0,420647.0,70 71,-1.0,
base,active,417847.0,420503.0,420519.0,58 59 60 61,36889.0,False
base,active,417772.0,420503.0,420539.0,57,36888.0,False
base,active,417769.0,420503.0,420642.0,80 81 82 83 84 85 86 87 88 89 90 91 92 93 94 95 96 97 98 99 100 101 102 103 104 105 106 107 108 109 110 111,36887.0,False
base,active,417908.0,420503.0,421334.0,66 67,36891.0,False
base,active,417886.0,420503.0,421353.0,62 63 64 65,36890.0,False
base,active,,420519.0,420642.0,58 59 60 61,-1.0,
base,active,,420521.0,420642.0,48,-1.0,
base,active,,420537.0,420642.0,49,-1.0,
base,active,,420539.0,420598.0,50 57,-1.0,
base,active,,420580.0,420598.0,55 56,-1.0,
base,active,,420582.0,420598.0,40 41 42 43 44 45 46 47,-1.0,
base,active,418469.0,420598.0,420659.0,50 55 56 57,36894.0,False
base,active,417971.0,420598.0,420757.0,40 41 42 43 44 45 46 47,36893.0,False
base,active,417927.0,420598.0,420796.0,32 33 34 35 36 37 38 39 72 73 74 75 76 77 78 79 112 113 114 115 116 117 118 119 120 121 122 123 124 125 126 127,36892.0,False
base,active,,420604.0,420642.0,51 52 53 54,-1.0,
base,active,419228.0,420642.0,420647.0,59 60 61 68,36899.0,False
base,active,419272.0,420642.0,420661.0,69,36900.0,False
base,active,419068.0,420642.0,420676.0,51,36896.0,False
base,active,418559.0,420642.0,420703.0,80 81 82 83 84 85 86 87 88 89 90 91 92 93 94 95 96 97 98 99 100 101 102 103 104 105 106 107 108 109 110 111,36895.0,False
base,active,419132.0,420642.0,420737.0,48 58,36898.0,False
base,active,419111.0,420642.0,420757.0,49 52 53 54,36897.0,False
base,active,419348.0,420647.0,421464.0,70 71,36902.0,False
base,active,419326.0,420647.0,421483.0,59 60 61 68,36901.0,False
base,active,,420659.0,421483.0,50 55 56 57,-1.0,
base,active,,420661.0,420703.0,69,-1.0,
base,active,,420676.0,420703.0,51,-1.0,
base,active,419528.0,420703.0,420712.0,51,36904.0,False
base,active,419587.0,420703.0,420713.0,69,36905.0,False
base,active,419429.0,420703.0,420738.0,80 81 82 83 84 85 86 87 88 89 90 91 92 93 94 95 96 97 98 99 100 101 102 103 104 105 106 107 108 109 110 111,36903.0,False
base,active,,420712.0,421483.0,51,-1.0,
base,active,,420713.0,421483.0,69,-1.0,
base,active,,420737.0,421483.0,48 58,-1.0,
base,active,,420738.0,420796.0,80 81 82 83 84 85 86 87 88 89 90 91 92 93 94 95 96 97 98 99,-1.0,
base,active,,420738.0,421020.0,100 101 102,-1.0,
base,active,,420738.0,421483.0,103 104 105 106 107 108 109 110 111,-1.0,
base,active,,420757.0,420796.0,40 41 42 43 44 45 46 47 49 52 53 54,-1.0,
base,active,419651.0,420796.0,421020.0,32 33 34 35 36 37 38 39 40 41 42 43 44 45 46 47 49 52 53 54 72 73 74 75 76 77 78 79 80 81 82 83 84 85 86 87 88 89 90 91 92 93 94 95 96 97 98 99 112 113 114 115 116 117 118 119 120 121 122 123 124 125 126 127,36906.0,False
base,active,419985.0,421020.0,421030.0,101,36910.0,False
base,active,419999.0,421020.0,421031.0,102,36911.0,False
base,active,419879.0,421020.0,421045.0,100,36909.0,False
base,active,419673.0,421020.0,421082.0,32 33 34 35 36 37 38 39 40 41 42 43 44 45 46 47 49 52 53 54 72 73 74 75 76 77 78 79 80 81 82 83,36907.0,False
base,active,419827.0,421020.0,421278.0,84 85 86 87 88 89 90 91 92 93 94 95 96 97 98 99 112 113 114 115 116 117 118 119 120 121 122 123 124 125 126 127,36908.0,False
base,active,,421030.0,421483.0,101,-1.0,
base,active,,421031.0,421483.0,102,-1.0,
base,active,,421045.0,421483.0,100,-1.0,
base,active,,421082.0,421278.0,32 33 34 35 36 37 38 39 40 41 42 43 44 45 46 47 49 52 53 54 72 73 74 75 76 77 78 79 80 81 82 83,-1.0,
base,active,420061.0,421278.0,421521.0,32 33 34 35 36 37 38 39 40 41 42 43 44 45 46 47 49 52 53 54 72 73 74 75 76 77 78 79 80 81 82 83 84 85 86 87 88 89 90 91 92 93 94 95 96 97 98 99 112 113 114 115 116 117 118 119 120 121 122 123 124 125 126 127,36912.0,False
base,active,,421334.0,421483.0,66 67,-1.0,
base,active,,421353.0,421483.0,62 63 64 65,-1.0,
base,active,,421464.0,421483.0,70 71,-1.0,
base,active,420235.0,421483.0,423487.0,48 50 51 55 56 57 58 59 60 61 62 63 64 65 66 67 68 69 70 71 100 101 102 103 104 105 106 107 108 109 110 111,36913.0,False
base,active,420572.0,421521.0,421536.0,93,36917.0,False
base,active,420309.0,421521.0,421542.0,32,36914.0,False
base,active,420395.0,421521.0,421679.0,85 86 87 88 89 90 91 92,36916.0,False
base,active,420358.0,421521.0,421714.0,33 34 35 36 37 38 39 40 41 42 43 44 45 46 47 49 52 53 54 72 73 74 75 76 77 78 79 80 81 82 83 84,36915.0,False
base,active,,421521.0,421714.0,94 95 96 97 98 99 112 113 114 115 116 117 118 119 120 121 122 123 124 125 126 127,-1.0,
base,active,,421536.0,421714.0,93,-1.0,
base,active,,421542.0,421714.0,32,-1.0,
base,active,,421679.0,421714.0,85 86 87 88 89 90 91 92,-1.0,
base,active,420667.0,421714.0,421925.0,32 33 34 35 36 37 38 39 40 41 42 43 44 45 46 47 49 52 53 54 72 73 74 75 76 77 78 79 80 81 82 83 84 85 86 87 88 89 90 91 92 93 94 95 96 97 98 99 112 113 114 115 116 117 118 119 120 121 122 123 124 125 126 127,36918.0,False
base,active,420884.0,421925.0,421955.0,38,36921.0,False
base,active,420792.0,421925.0,422738.0,36 37,36920.0,False
base,active,420767.0,421925.0,422762.0,32 33 34 35,36919.0,False
base,active,,421925.0,422762.0,39 40 41 42 43 44 45 46 47 49 52 53 54 72 73 74 75 76 77 78 79 80 81 82 83 84 85 86 87 88 89 90 91 92 93 94 95 96 97 98 99 112 113 114 115 116 117 118 119 120 121 122 123 124 125 126 127,-1.0,
base,active,,421955.0,422762.0,38,-1.0,
base,active,,422738.0,422762.0,36 37,-1.0,
base,active,420896.0,422762.0,422876.0,32 33 34 35 36 37 38 39 40 41 42 43 44 45 46 47 49 52 53 54 72 73 74 75 76 77 78 79 80 81 82 83 84 85 86 87 88 89 90 91 92 93 94 95 96 97 98 99 112 113 114 115 116 117 118 119 120 121 122 123 124 125 126 127,36922.0,False
base,active,420952.0,422876.0,422886.0,32,36923.0,False
base,active,,422876.0,422886.0,33 34 35 36 37 38 39 40 41 42 43 44 45 46 47 49 52 53 54 72 73 74 75 76 77 78 79 80 81 82 83 84 85 86 87 88 89 90 91 92 93 94 95 96 97 98 99 112 113 114 115 116 117 118 119 120 121 122 123 124 125 126 127,-1.0,
base,active,421016.0,422886.0,423092.0,32 33 34 35 36 37 38 39 40 41 42 43 44 45 46 47 49 52 53 54 72 73 74 75 76 77 78 79 80 81 82 83 84 85 86 87 88 89 90 91 92 93 94 95 96 97 98 99 112 113 114 115 116 117 118 119 120 121 122 123 124 125 126 127,36924.0,False
base,active,421224.0,423092.0,423103.0,32,36925.0,False
base,active,421225.0,423092.0,423114.0,33,36926.0,False
base,active,,423092.0,423114.0,34 35 36 37 38 39 40 41 42 43 44 45 46 47 49 52 53 54 72 73 74 75 76 77 78 79 80 81 82 83 84 85 86 87 88 89 90 91 92 93 94 95 96 97 98 99 112 113 114 115 116 117 118 119 120 121 122 123 124 125 126 127,-1.0,
base,active,,423103.0,423114.0,32,-1.0,
base,active,421275.0,423114.0,423158.0,32 33 34 35 36 37 38 39 40 41 42 43 44 45 46 47 49 52 53 54 72 73 74 75 76 77 78 79 80 81 82 83 84 85 86 87 88 89 90 91 92 93 94 95 96 97 98 99 112 113 114 115 116 117 118 119 120 121 122 123 124 125 126 127,36927.0,False
base,active,421298.0,423158.0,423187.0,32,36928.0,False
base,active,,423158.0,423187.0,33 34 35 36 37 38 39 40 41 42 43 44 45 46 47 49 52 53 54 72 73 74 75 76 77 78 79 80 81 82 83 84 85 86 87 88 89 90 91 92 93 94 95 96 97 98 99 112 113 114 115 116 117 118 119 120 121 122 123 124 125 126 127,-1.0,
base,active,421350.0,423187.0,423290.0,32 33 34 35 36 37 38 39 40 41 42 43 44 45 46 47 49 52 53 54 72 73 74 75 76 77 78 79 80 81 82 83 84 85 86 87 88 89 90 91 92 93 94 95 96 97 98 99 112 113 114 115 116 117 118 119 120 121 122 123 124 125 126 127,36929.0,False
base,active,421480.0,423290.0,423398.0,32 33 34 35 36 37 38 39 40 41 42 43 44 45 46 47 49 52 53 54 72 73 74 75 76 77 78 79 80 81 82 83 84 85 86 87 88 89 90 91 92 93 94 95 96 97 98 99 112 113 114 115 116 117 118 119 120 121 122 123 124 125 126 127,36930.0,False
base,active,421505.0,423398.0,423412.0,32,36931.0,False
base,active,421621.0,423398.0,423550.0,33 34 35 36 37 38 39 40 41 42 43 44 45 46 47 49 52 53 54 72 73 74 75 76 77 78 79 80 81 82 83 84,36932.0,False
base,active,421776.0,423398.0,424029.0,85,36933.0,False
base,active,,423398.0,424029.0,86 87 88 89 90 91 92 93 94 95 96 97 98 99 112 113 114 115 116 117 118 119 120 121 122 123 124 125 126 127,-1.0,
base,active,,423412.0,423550.0,32,-1.0,
base,active,,423487.0,423550.0,48 50 51 55 56 57 58 59 60 61 62 63 64 65 66 67 68 69 70 71 100 101 102 103 104 105 106 107 108 109 110 111,-1.0,
base,active,421824.0,423550.0,423579.0,32,36935.0,False
base,active,421801.0,423550.0,423596.0,33 34 35 36 37 38 39 40 41 42 43 44 45 46 47 48 49 50 51 52 53 54 55 56 57 58 59 60 61 62 63 64 65 66 67 68 69 70 71 72 73 74 75 76 77 78 79 80 81 82 83 84 100 101 102 103 104 105 106 107 108 109 110 111,36934.0,False
base,active,,423579.0,423634.0,32,-1.0,
base,active,421876.0,423596.0,423634.0,33 34 35 36 37 38 39 40 41 42 43 44 45 46 47 48 49 50 51 52 53 54 55 56 57 58 59 60 61 62 63 64 65 66 67 68 69 70 71 72 73 74 75 76 77 78 79 80 81 82 83 84 100 101 102 103 104 105 106 107 108 109 110 111,36936.0,False
base,active,422013.0,423634.0,423653.0,32,36938.0,False
base,active,421937.0,423634.0,423741.0,33 34 35 36 37 38 39 40 41 42 43 44 45 46 47 48 49 50 51 52 53 54 55 56 57 58 59 60 61 62 63 64 65 66 67 68 69 70 71 72 73 74 75 76 77 78 79 80 81 82 83 84 100 101 102 103 104 105 106 107 108 109 110 111,36937.0,False
base,active,,423653.0,424029.0,32,-1.0,
base,active,422069.0,423741.0,423847.0,33 34 35 36 37 38 39 40 41 42 43 44 45 46 47 48 49 50 51 52 53 54 55 56 57 58 59 60 61 62 63 64 65 66 67 68 69 70 71 72 73 74 75 76 77 78 79 80 81 82 83 84 100 101 102 103 104 105 106 107 108 109 110 111,36939.0,False
base,active,422203.0,423847.0,423917.0,33 34 35 36 37 38 39 40 41 42 43 44 45 46 47 48 49 50 51 52 53 54 55 56 57 58 59 60 61 62 63 64 65 66 67 68 69 70 71 72 73 74 75 76 77 78 79 80 81 82 83 84 100 101 102 103 104 105 106 107 108 109 110 111,36940.0,False
base,active,,423917.0,424029.0,65 66 67 68 69 70 71 72 73 74 75 76 77 78 79 80 81 82 83 84 100 101 102 103 104 105 106 107 108 109 110 111,-1.0,
base,active,422250.0,423917.0,424097.0,33 34 35 36 37 38 39 40 41 42 43 44 45 46 47 48 49 50 51 52 53 54 55 56 57 58 59 60 61 62 63 64,36941.0,False
base,active,422362.0,424029.0,424156.0,32 65 66 67 68 69 70 71 72 73 74 75 76 77 78 79 80 81 82 83 84 85 86 87 88 89 90 91 92 93 94 95 96 97 98 99 100 101 102 103 104 105 106 107 108 109 110 111 112 113 114 115 116 117 118 119 120 121 122 123 124 125 126 127,36942.0,False
base,active,,424097.0,424156.0,34 35,-1.0,
base,active,422444.0,424097.0,424158.0,33,36943.0,False
base,active,,424097.0,425092.0,36 37,-1.0,
base,active,,424097.0,425126.0,38,-1.0,
base,active,,424097.0,425164.0,39,-1.0,
base,active,,424097.0,425528.0,40 41 42 43 44 45 46 47 48 49 50 51 52 53 54 55 56 57 58 59 60 61 62 63 64,-1.0,
base,active,422745.0,424156.0,424180.0,35,36947.0,False
base,active,422491.0,424156.0,424407.0,32 65 66 67 68 69 70 71 72 73 74 75 76 77 78 79 80 81 82 83 84 85 86 87 88 89 90 91 92 93 94 95 96 97 98 99 100 101 102 103 104 105 106 107 108 109 110 111 112 113 114 115 116 117 118 119 120 121 122 123 124 125 126 127,36944.0,False
base,active,422525.0,424156.0,424511.0,34,36945.0,False
base,active,,424158.0,425092.0,33,-1.0,
base,active,,424180.0,425092.0,35,-1.0,
base,active,422800.0,424407.0,424828.0,32 65 66 67 68 69 70 71 72 73 74 75 76 77 78 79 80 81 82 83 84 85 86 87 88 89 90 91 92 93 94 95 96 97 98 99 100 101 102 103 104 105 106 107 108 109 110 111 112 113 114 115 116 117 118 119 120 121 122 123 124 125 126 127,36948.0,False
base,active,,424511.0,425054.0,34,-1.0,
base,switching_on,,424813.0,427513.0,0 1 2 3 4 5,-3.0,
base,active,422893.0,424828.0,424887.0,32 65 66 67 68 69 70 71 72 73 74 75 76 77 78 79 80 81 82 83 84 85 86 87 88 89 90 91 92 93 94 95 96 97 98 99 100 101 102 103 104 105 106 107 108 109 110 111 112 113 114 115 116 117 118 119 120 121 122 123 124 125 126 127,36949.0,False
base,active,422966.0,424887.0,424939.0,32 65 66 67 68 69 70 71 72 73 74 75 76 77 78 79 80 81 82 83 84 85 86 87 88 89 90 91 92 93 94 95 96 97 98 99 100 101 102 103 104 105 106 107 108 109 110 111 112 113 114 115 116 117 118 119 120 121 122 123 124 125 126 127,36950.0,False
base,active,423036.0,424939.0,424985.0,32 65 66 67 68 69 70 71 72 73 74 75 76 77 78 79 80 81 82 83 84 85 86 87 88 89 90 91 92 93 94 95 96 97 98 99 100 101 102 103 104 105 106 107 108 109 110 111 112 113 114 115 116 117 118 119 120 121 122 123 124 125 126 127,36951.0,False
base,active,423096.0,424985.0,425021.0,32 65 66 67 68 69 70 71 72 73 74 75 76 77 78 79 80 81 82 83 84 85 86 87 88 89 90 91 92 93 94 95 96 97 98 99 100 101 102 103 104 105 106 107 108 109 110 111 112 113 114 115 116 117 118 119 120 121 122 123 124 125 126 127,36952.0,False
base,active,423146.0,425021.0,425054.0,32 65 66 67 68 69 70 71 72 73 74 75 76 77 78 79 80 81 82 83 84 85 86 87 88 89 90 91 92 93 94 95 96 97 98 99 100 101 102 103 104 105 106 107 108 109 110 111 112 113 114 115 116 117 118 119 120 121 122 123 124 125 126 127,36953.0,False
base,active,423232.0,425054.0,425065.0,34,36955.0,False
base,active,423190.0,425054.0,425092.0,32 65 66 67 68 69 70 71 72 73 74 75 76 77 78 79 80 81 82 83 84 85 86 87 88 89 90 91 92 93 94 95 96 97 98 99 100 101 102 103 104 105 106 107 108 109 110 111 112 113 114 115 116 117 118 119 120 121 122 123 124 125 126 127,36954.0,False
base,active,,425065.0,425092.0,34,-1.0,
base,active,423245.0,425092.0,425121.0,34,36957.0,False
base,active,423244.0,425092.0,425126.0,32 65 66 67 68 69 70 71 72 73 74 75 76 77 78 79 80 81 82 83 84 85 86 87 88 89 90 91 92 93 94 95 96 97 98 99 100 101 102 103 104 105 106 107 108 109 110 111 112 113 114 115 116 117 118 119 120 121 122 123 124 125 126 127,36956.0,False
base,active,423280.0,425092.0,425516.0,33 35 36 37,36958.0,False
base,active,,425121.0,425126.0,34,-1.0,
base,active,423295.0,425126.0,425164.0,32 65 66 67 68 69 70 71 72 73 74 75 76 77 78 79 80 81 82 83 84 85 86 87 88 89 90 91 92 93 94 95 96 97 98 99 100 101 102 103 104 105 106 107 108 109 110 111 112 113 114 115 116 117 118 119 120 121 122 123 124 125 126 127,36959.0,False
base,active,423302.0,425126.0,425528.0,34 38,36960.0,False
base,active,423374.0,425164.0,425190.0,39,36962.0,False
base,active,423350.0,425164.0,425210.0,32 65 66 67 68 69 70 71 72 73 74 75 76 77 78 79 80 81 82 83 84 85 86 87 88 89 90 91 92 93 94 95 96 97 98 99 100 101 102 103 104 105 106 107 108 109 110 111 112 113 114 115 116 117 118 119 120 121 122 123 124 125 126 127,36961.0,False
base,active,,425190.0,425528.0,39,-1.0,
base,active,423409.0,425210.0,425251.0,32 65 66 67 68 69 70 71 72 73 74 75 76 77 78 79 80 81 82 83 84 85 86 87 88 89 90 91 92 93 94 95 96 97 98 99 100 101 102 103 104 105 106 107 108 109 110 111 112 113 114 115 116 117 118 119 120 121 122 123 124 125 126 127,36963.0,False
base,active,,425251.0,425528.0,96 97 98 99 100 101 102 103 104 105 106 107 108 109 110 111 112 113 114 115 116 117 118 119 120 121 122 123 124 125 126 127,-1.0,
base,active,423457.0,425251.0,425626.0,32 65 66 67 68 69 70 71 72 73 74 75 76 77 78 79 80 81 82 83 84 85 86 87 88 89 90 91 92 93 94 95,36964.0,False
base,active,,425516.0,425528.0,33 35 36 37,-1.0,
base,active,423474.0,425528.0,425574.0,33 34 35 36 37 38 39 40 41 42 43 44 45 46 47 48 49 50 51 52 53 54 55 56 57 58 59 60 61 62 63 64 96 97 98 99 100 101 102 103 104 105 106 107 108 109 110 111 112 113 114 115 116 117 118 119 120 121 122 123 124 125 126 127,36965.0,False
base,active,423537.0,425574.0,425623.0,33 34 35 36 37 38 39 40 41 42 43 44 45 46 47 48 49 50 51 52 53 54 55 56 57 58 59 60 61 62 63 64 96 97 98 99 100 101 102 103 104 105 106 107 108 109 110 111 112 113 114 115 116 117 118 119 120 121 122 123 124 125 126 127,36966.0,False
base,active,423598.0,425623.0,425660.0,33 34 35 36 37 38 39 40 41 42 43 44 45 46 47 48 49 50 51 52 53 54 55 56 57 58 59 60 61 62 63 64 96 97 98 99 100 101 102 103 104 105 106 107 108 109 110 111 112 113 114 115 116 117 118 119 120 121 122 123 124 125 126 127,36968.0,False
base,active,,425626.0,425724.0,32 65 66 67 68 69 70,-1.0,
base,active,,425626.0,426901.0,71,-1.0,
base,active,,425626.0,427513.0,72 73 74 75 76 77 78 79 80 81 82 83 84 85 86 87 88 89 90 91 92 93 94 95,-1.0,
base,active,423651.0,425660.0,425691.0,33 34 35 36 37 38 39 40 41 42 43 44 45 46 47 48 49 50 51 52 53 54 55 56 57 58 59 60 61 62 63 64 96 97 98 99 100 101 102 103 104 105 106 107 108 109 110 111 112 113 114 115 116 117 118 119 120 121 122 123 124 125 126 127,36969.0,False
base,active,423692.0,425691.0,425724.0,33 34 35 36 37 38 39 40 41 42 43 44 45 46 47 48 49 50 51 52 53 54 55 56 57 58 59 60 61 62 63 64 96 97 98 99 100 101 102 103 104 105 106 107 108 109 110 111 112 113 114 115 116 117 118 119 120 121 122 123 124 125 126 127,36970.0,False
base,active,423833.0,425724.0,425744.0,70,36974.0,False
base,active,423744.0,425724.0,425757.0,33 34 35 36 37 38 39 40 41 42 43 44 45 46 47 48 49 50 51 52 53 54 55 56 57 58 59 60 61 62 63 64 96 97 98 99 100 101 102 103 104 105 106 107 108 109 110 111 112 113 114 115 116 117 118 119 120 121 122 123 124 125 126 127,36971.0,False
base,active,423824.0,425724.0,428304.0,68 69,36973.0,False
base,active,423802.0,425724.0,428325.0,32 65 66 67,36972.0,False
base,active,,425744.0,425757.0,70,-1.0,
base,active,423910.0,425757.0,425767.0,70,36976.0,False
base,active,423846.0,425757.0,425871.0,33 34 35 36 37 38 39 40 41 42 43 44 45 46 47 48 49 50 51 52 53 54 55 56 57 58 59 60 61 62 63 64 96 97 98 99 100 101 102 103 104 105 106 107 108 109 110 111 112 113 114 115 116 117 118 119 120 121 122 123 124 125 126 127,36975.0,False
base,active,,425767.0,426795.0,70,-1.0,
base,active,423982.0,425871.0,425988.0,33 34 35 36 37 38 39 40 41 42 43 44 45 46 47 48 49 50 51 52 53 54 55 56 57 58 59 60 61 62 63 64 96 97 98 99 100 101 102 103 104 105 106 107 108 109 110 111 112 113 114 115 116 117 118 119 120 121 122 123 124 125 126 127,36979.0,False
base,active,423992.0,425988.0,426573.0,33 34 35 36 37 38 39 40 41 42 43 44 45 46 47 48 49 50 51 52 53 54 55 56 57 58 59 60 61 62 63 64,36980.0,False
base,active,,425988.0,426573.0,96 97 98 99 100 101 102 103 104 105 106 107 108 109 110 111 112 113 114 115 116 117 118 119 120 121 122 123 124 125 126 127,-1.0,
base,active,424115.0,426573.0,426684.0,33 34 35 36 37 38 39 40 41 42 43 44 45 46 47 48 49 50 51 52 53 54 55 56 57 58 59 60 61 62 63 64 96 97 98 99 100 101 102 103 104 105 106 107 108 109 110 111 112 113 114 115 116 117 118 119 120 121 122 123 124 125 126 127,36981.0,False
base,active,424239.0,426684.0,426795.0,33 34 35 36 37 38 39 40 41 42 43 44 45 46 47 48 49 50 51 52 53 54 55 56 57 58 59 60 61 62 63 64 96 97 98 99 100 101 102 103 104 105 106 107 108 109 110 111 112 113 114 115 116 117 118 119 120 121 122 123 124 125 126 127,36983.0,False
base,active,424424.0,426795.0,426810.0,70,36985.0,False
base,active,424369.0,426795.0,426901.0,33 34 35 36 37 38 39 40 41 42 43 44 45 46 47 48 49 50 51 52 53 54 55 56 57 58 59 60 61 62 63 64 96 97 98 99 100 101 102 103 104 105 106 107 108 109 110 111 112 113 114 115 116 117 118 119 120 121 122 123 124 125 126 127,36984.0,False
base,active,,426810.0,426901.0,70,-1.0,
base,active,424581.0,426901.0,426916.0,71,36988.0,False
base,active,424580.0,426901.0,426945.0,70,36987.0,False
base,active,424493.0,426901.0,427034.0,33 34 35 36 37 38 39 40 41 42 43 44 45 46 47 48 49 50 51 52 53 54 55 56 57 58 59 60 61 62 63 64 96 97 98 99 100 101 102 103 104 105 106 107 108 109 110 111 112 113 114 115 116 117 118 119 120 121 122 123 124 125 126 127,36986.0,False
base,active,,426916.0,427513.0,71,-1.0,
base,active,,426945.0,427191.0,70,-1.0,
base,active,424649.0,427034.0,427149.0,96 97 98 99 100 101 102 103,36990.0,False
base,active,424605.0,427034.0,427191.0,33 34 35 36 37 38 39 40 41 42 43 44 45 46 47 48 49 50 51 52 53 54 55 56 57 58 59 60 61 62 63 64,36989.0,False
base,active,,427034.0,427191.0,104 105 106 107 108 109 110 111 112 113 114 115 116 117 118 119 120 121 122 123 124 125 126 127,-1.0,
base,active,,427149.0,427191.0,96 97 98 99 100 101 102 103,-1.0,
base,active,424700.0,427191.0,427213.0,70,36993.0,False
base,active,424668.0,427191.0,427321.0,33 34 35 36 37 38 39 40 41 42 43 44 45 46 47 48 49 50 51 52 53 54 55 56 57 58 59 60 61 62 63 64 96 97 98 99 100 101 102 103 104 105 106 107 108 109 110 111 112 113 114 115 116 117 118 119 120 121 122 123 124 125 126 127,36991.0,False
base,active,,427213.0,427513.0,70,-1.0,
base,active,,427321.0,427513.0,96 97 98 99 100 101 102 103 104 105 106 107 108 109 110 111 112 113 114 115 116 117 118 119 120 121 122 123 124 125 126 127,-1.0,
base,active,424779.0,427321.0,428333.0,33 34 35 36 37 38 39 40 41 42 43 44 45 46 47 48 49 50 51 52 53 54 55 56 57 58 59 60 61 62 63 64,36994.0,False
base,active,424813.0,427513.0,427636.0,0 1 2 3 4 5 70 71 72 73 74 75 76 77 78 79 80 81 82 83 84 85 86 87 88 89 90 91 92 93 94 95 96 97 98 99 100 101 102 103 104 105 106 107 108 109 110 111 112 113 114 115 116 117 118 119 120 121 122 123 124 125 126 127,36995.0,False
base,active,424956.0,427636.0,427751.0,0 1 2 3 4 5 70 71 72 73 74 75 76 77 78 79 80 81 82 83 84 85 86 87 88 89 90 91 92 93 94 95 96 97 98 99 100 101 102 103 104 105 106 107 108 109 110 111 112 113 114 115 116 117 118 119 120 121 122 123 124 125 126 127,36996.0,False
base,active,425104.0,427751.0,427862.0,0 1 2 3 4 5 70 71 72 73 74 75 76 77 78 79 80 81 82 83 84 85 86 87 88 89 90 91 92 93 94 95 96 97 98 99 100 101 102 103 104 105 106 107 108 109 110 111 112 113 114 115 116 117 118 119 120 121 122 123 124 125 126 127,36997.0,False
base,active,425228.0,427862.0,427967.0,0 1 2 3 4 5 70 71 72 73 74 75 76 77 78 79 80 81 82 83 84 85 86 87 88 89 90 91 92 93 94 95 96 97 98 99 100 101 102 103 104 105 106 107 108 109 110 111 112 113 114 115 116 117 118 119 120 121 122 123 124 125 126 127,36999.0,False
base,active,425354.0,427967.0,428074.0,0 1 2 3 4 5 70 71 72 73 74 75 76 77 78 79 80 81 82 83 84 85 86 87 88 89 90 91 92 93 94 95 96 97 98 99 100 101 102 103 104 105 106 107 108 109 110 111 112 113 114 115 116 117 118 119 120 121 122 123 124 125 126 127,37000.0,False
base,active,425483.0,428074.0,428180.0,0 1 2 3 4 5 70 71 72 73 74 75 76 77 78 79 80 81 82 83 84 85 86 87 88 89 90 91 92 93 94 95 96 97 98 99 100 101 102 103 104 105 106 107 108 109 110 111 112 113 114 115 116 117 118 119 120 121 122 123 124 125 126 127,37002.0,False
base,active,425811.0,428180.0,428189.0,0,37006.0,False
base,active,425824.0,428180.0,428196.0,1,37007.0,False
base,active,,428180.0,428196.0,98 99 100 101 102 103 104 105 106 107 108 109 110 111 112 113 114 115 116 117 118 119 120 121 122 123 124 125 126 127,-1.0,
base,active,425907.0,428180.0,429233.0,2 3 4 5 70 71 72 73 74 75 76 77 78 79 80 81 82 83 84 85 86 87 88 89 90 91 92 93 94 95 96 97,37008.0,False
base,active,,428189.0,428196.0,0,-1.0,
base,active,425936.0,428196.0,428433.0,0 1 98 99 100 101 102 103 104 105 106 107 108 109 110 111 112 113 114 115 116 117 118 119 120 121 122 123 124 125 126 127,37009.0,False
base,active,,428304.0,428325.0,68 69,-1.0,
base,active,426433.0,428325.0,429433.0,68 69,37012.0,False
base,active,426405.0,428325.0,429460.0,32 65 66 67,37011.0,False
base,active,427122.0,428333.0,428343.0,34,37016.0,False
base,active,426962.0,428333.0,428350.0,33,37014.0,False
base,active,,428333.0,428350.0,35 36 37 38 39 40 41 42 43 44 45 46 47 48 49 50 51 52 53 54 55 56 57 58 59 60 61 62 63 64,-1.0,
base,active,,428343.0,428350.0,34,-1.0,
base,active,427176.0,428350.0,429427.0,33 34 35 36 37 38 39 40 41 42 43 44 45 46 47 48 49 50 51 52 53 54 55 56 57 58 59 60 61 62 63 64,37017.0,False
base,active,427520.0,428433.0,428451.0,125,37026.0,False
base,active,427463.0,428433.0,428476.0,108,37023.0,False
base,active,,428433.0,428476.0,126 127,-1.0,
base,active,427398.0,428433.0,428500.0,100 101 102 103 104 105 106 107,37021.0,False
base,active,427321.0,428433.0,428509.0,0 1 98 99,37019.0,False
base,active,427467.0,428433.0,428515.0,109 110 111 112 113 114 115 116 117 118 119 120 121 122 123 124,37024.0,False
base,active,,428451.0,428476.0,125,-1.0,
base,active,427544.0,428476.0,429458.0,108 125 126 127,37027.0,False
base,active,427634.0,428500.0,428584.0,102 103 104 105,37029.0,False
base,active,,428500.0,428800.0,106 107,-1.0,
base,active,427565.0,428500.0,429464.0,100 101,37028.0,False
base,active,,428509.0,428582.0,0 1 98 99,-1.0,
base,active,427722.0,428515.0,428582.0,109 110 111 112 113 114 115 116,37030.0,False
base,active,,428515.0,428582.0,117 118 119 120 121 122 123 124,-1.0,
base,active,427946.0,428582.0,428627.0,0 1 98 99,37033.0,False
base,active,427791.0,428582.0,428650.0,109 110 111 112 113 114 115 116 117 118 119 120 121 122 123 124,37031.0,False
base,active,,428584.0,429427.0,102 103 104 105,-1.0,
base,active,,428627.0,429243.0,0 1,-1.0,
base,active,,428627.0,429427.0,98 99,-1.0,
base,active,,428650.0,429233.0,109 110 111 112 113 114 115 116 117 118 119 120 121 122 123 124,-1.0,
base,switching_off,,428800.0,430600.0,106 107,-2.0,
base,active,427991.0,429233.0,429243.0,2 3 4 5 70 71 72 73 74 75 76 77 78 79 80 81 82 83 84 85 86 87 88 89 90 91 92 93 94 95 96 97,37034.0,False
base,active,428033.0,429233.0,429302.0,109 110 111 112 113 114 115 116 117 118 119 120 121 122 123 124,37035.0,False
base,active,428260.0,429243.0,429259.0,1,37039.0,False
base,active,428258.0,429243.0,429274.0,0,37038.0,False
base,active,428109.0,429243.0,429301.0,2 3 4 5 70 71 72 73 74 75 76 77 78 79 80 81,37036.0,False
base,active,428215.0,429243.0,429320.0,82 83 84 85 86 87 88 89 90 91 92 93 94 95 96 97,37037.0,False
base,active,,429259.0,429427.0,1,-1.0,
base,active,,429274.0,429427.0,0,-1.0,
base,active,,429301.0,429302.0,2 3 4 5 70 71 72 73 74 75 76 77 78 79 80 81,-1.0,
base,active,428367.0,429302.0,430030.0,2 3 4 5 70 71 72 73 74 75 76 77 78 79 80 81 109 110 111 112 113 114 115 116 117 118 119 120 121 122 123 124,37041.0,False
base,active,,429320.0,429427.0,82 83 84 85 86 87 88 89 90 91 92 93 94 95 96 97,-1.0,
base,active,428713.0,429427.0,429490.0,0 1 90 91 92 93 94 95 96 97 98 99 102 103 104 105,37044.0,False
base,active,428513.0,429427.0,429503.0,82 83 84 85 86 87 88 89,37043.0,False
base,active,428479.0,429427.0,429536.0,33 34 35 36 37 38 39 40 41 42 43 44 45 46 47 48 49 50 51 52 53 54 55 56 57 58 59 60 61 62 63 64,37042.0,False
base,active,,429433.0,429733.0,68 69,-1.0,
base,active,,429458.0,429758.0,108 125 126 127,-1.0,
base,active,,429460.0,429760.0,32 65 66 67,-1.0,
base,active,,429464.0,429764.0,100 101,-1.0,
base,active,428849.0,429490.0,429546.0,0 1 90 91 92 93 94 95 96 97 98 99 102 103 104 105,37046.0,False
base,active,,429503.0,429803.0,82 83 84 85 86 87 88 89,-1.0,
base,active,429125.0,429536.0,430014.0,33 34 35 36 37 38 39 40 41 42 43 44 45 46 47 48 49 50 51 52 53 54 55 56 57 58 59 60 61 62 63 64,37047.0,False
base,active,,429546.0,429605.0,0,-1.0,
base,active,,429546.0,429808.0,1 90 91,-1.0,
base,active,,429546.0,429829.0,92 93,-1.0,
base,active,,429546.0,429846.0,94 95 96 97 98 99 102 103 104 105,-1.0,
base,active,429605.0,429605.0,429622.0,0,37053.0,False
base,active,,429622.0,429668.0,0,-1.0,
base,active,429668.0,429668.0,429677.0,0,37054.0,False
base,active,,429677.0,429808.0,0,-1.0,
base,switching_off,,429733.0,431533.0,68 69,-2.0,
base,switching_off,,429758.0,431558.0,108 125 126 127,-2.0,
base,switching_off,,429760.0,431560.0,32 65 66 67,-2.0,
base,switching_off,,429764.0,431564.0,100 101,-2.0,
base,switching_off,,429803.0,431603.0,82 83 84 85 86 87 88 89,-2.0,
base,active,429808.0,429808.0,429836.0,0 1 90 91,37056.0,False
base,active,429829.0,429829.0,429850.0,92 93,37057.0,False
base,active,,429836.0,430136.0,0 1 90 91,-1.0,
base,switching_off,,429846.0,431646.0,94 95 96 97 98 99 102 103 104 105,-2.0,
base,active,,429850.0,430150.0,92 93,-1.0,
base,active,,430014.0,430273.0,33 34 35 36 37 38 39 40,-1.0,
base,active,,430014.0,430314.0,41 42 43 44 45 46 47 48 49 50 51 52 53 54 55 56 57 58 59 60 61 62 63 64,-1.0,
base,active,,430030.0,430248.0,2 3 4 5 70 71 72 73 74 75 76 77 78 79 80 81 109 110 111 112 113 114 115 116 117 118 119 120 121 122 123 124,-1.0,
base,switching_off,,430136.0,431936.0,0 1 90 91,-2.0,
base,switching_off,,430150.0,431950.0,92 93,-2.0,
base,active,430248.0,430248.0,430478.0,2 3 4 5 70 71 72 73 74 75 76 77 78 79 80 81 109 110 111 112 113 114 115 116 117 118 119 120 121 122 123 124,37059.0,False
base,active,430273.0,430273.0,430481.0,33 34 35 36 37 38 39 40,37060.0,False
base,switching_off,,430314.0,432114.0,41 42 43 44 45 46 47 48 49 50 51 52 53 54 55 56 57 58 59 60 61 62 63 64,-2.0,
base,active,,430478.0,430553.0,109 110 111 112 113 114 115 116,-1.0,
base,active,430380.0,430478.0,430631.0,2 3 4 5 70 71 72 73 74 75 76 77 78 79 80 81,37061.0,False
base,active,,430478.0,430778.0,117 118 119 120 121 122 123 124,-1.0,
base,active,,430481.0,430553.0,33 34 35 36 37 38 39 40,-1.0,
base,active,430553.0,430553.0,430799.0,33 34 35 36 37 38 39 40 109 110 111 112 113 114 115 116,37063.0,False
base,sleeping,,430600.0,440718.0,106 107,-4.0,
base,active,,430631.0,430799.0,2 3 4 5 70 71 72 73 74 75 76 77 78 79 80 81,-1.0,
base,switching_off,,430778.0,432578.0,117 118 119 120 121 122 123 124,-2.0,
base,active,430592.0,430799.0,431565.0,2 3 4 5 33 34 35 36 37 38 39 40 70 71 72 73 74 75 76 77 78 79 80 81 109 110 111 112 113 114 115 116,37064.0,False
base,sleeping,,431533.0,440718.0,68 69,-4.0,
base,sleeping,,431558.0,440718.0,108,-4.0,
base,sleeping,,431558.0,471669.0,125 126 127,-4.0,
base,sleeping,,431560.0,433124.0,32,-4.0,
base,sleeping,,431560.0,440718.0,65 66 67,-4.0,
base,sleeping,,431564.0,440718.0,100 101,-4.0,
base,active,430796.0,431565.0,431587.0,2 3 4 5 33 34 35 36 37 38 39 40 70 71 72 73,37065.0,False
base,active,430845.0,431565.0,431725.0,74,37066.0,False
base,active,,431565.0,431865.0,81 109 110 111 112 113 114 115 116,-1.0,
base,active,430891.0,431565.0,432539.0,79 80,37068.0,False
base,active,430857.0,431565.0,432571.0,75 76 77 78,37067.0,False
base,active,430965.0,431587.0,431661.0,2 3 4 5 33 34 35 36 37 38 39 40 70 71 72 73,37069.0,False
base,sleeping,,431603.0,440718.0,82 83 84 85 86 87 88 89,-4.0,
base,sleeping,,431646.0,440718.0,94 95 96 97 98 99 102 103 104 105,-4.0,
base,active,431212.0,431661.0,431717.0,2 3 4 5 33 34 35 36 37 38 39 40 70 71 72 73,37071.0,False
base,active,431347.0,431717.0,431785.0,2 3 4 5 33 34 35 36 37 38 39 40 70 71 72 73,37072.0,False
base,active,,431725.0,431746.0,74,-1.0,
base,active,431746.0,431746.0,431892.0,74,37078.0,False
base,active,,431785.0,432085.0,2 3 4 5 33 34 35 36 37 38 39 40 70 71 72 73,-1.0,
base,switching_off,,431865.0,433665.0,81 109 110 111 112 113 114 115 116,-2.0,
base,active,,431892.0,432163.0,74,-1.0,
base,sleeping,,431936.0,432508.0,0 1,-4.0,
base,sleeping,,431936.0,440718.0,90 91,-4.0,
base,sleeping,,431950.0,440718.0,92 93,-4.0,
base,switching_off,,432085.0,433885.0,2 3 4 5 33 34 35 36 37 38 39 40 70 71 72 73,-2.0,
base,sleeping,,432114.0,433124.0,41,-4.0,
base,sleeping,,432114.0,433147.0,42 43,-4.0,
base,sleeping,,432114.0,433268.0,44,-4.0,
base,sleeping,,432114.0,434726.0,45 46 47 48 49 50 51 52 53 54 55 56 57 58 59 60 61 62,-4.0,
base,sleeping,,432114.0,434964.0,63,-4.0,
base,sleeping,,432114.0,440718.0,64,-4.0,
base,active,432163.0,432163.0,432245.0,74,37080.0,False
base,active,,432245.0,432399.0,74,-1.0,
base,active,432399.0,432399.0,432573.0,74,37081.0,False
base,switching_on,,432508.0,435208.0,0 1 6 7 8 9 10 11 12,-3.0,
base,active,,432539.0,435208.0,79 80,-1.0,
base,active,,432571.0,435208.0,75 76 77 78,-1.0,
base,active,,432573.0,435208.0,74,-1.0,
base,sleeping,,432578.0,440993.0,117 118,-4.0,
base,sleeping,,432578.0,450448.0,119,-4.0,
base,sleeping,,432578.0,471669.0,120 121 122 123 124,-4.0,
base,switching_on,,432866.0,435566.0,13 14 15 16 17 18 19 20 21 22 23 24 25 26 27 28 29,-3.0,
base,switching_on,,433124.0,435824.0,30 31 32 41,-3.0,
base,switching_on,,433147.0,435847.0,42 43,-3.0,
base,switching_on,,433268.0,435968.0,44,-3.0,
base,sleeping,,433665.0,440718.0,81 109 110 111 112 113,-4.0,
base,sleeping,,433665.0,440993.0,114 115 116,-4.0,
base,sleeping,,433885.0,434726.0,2 3 4 5 33 34 35 36 37 38 39 40,-4.0,
base,sleeping,,433885.0,440718.0,70 71 72 73,-4.0,
base,switching_on,,434726.0,437426.0,2 3 4 5 33 34 35 36 37 38 39 40 45 46 47 48 49 50 51 52 53 54 55 56 57 58 59 60 61 62,-3.0,
base,switching_on,,434964.0,437664.0,63,-3.0,
base,active,432508.0,435208.0,435268.0,0 1 6 7 8 9 10 11 12 74 75 76 77 78 79 80,37083.0,False
base,active,,435268.0,435566.0,1 6 7 8 9 10 11 12 74 75 76 77 78 79 80,-1.0,
base,active,432723.0,435268.0,436528.0,0,37084.0,False
base,active,432866.0,435566.0,436032.0,1 6 7 8 9 10 11 12 13 14 15 16 17 18 19 20 21 22 23 24 25 26 27 28 29 74 75 76 77 78 79 80,37086.0,False
base,active,433124.0,435824.0,436799.0,30 31 32 41,37090.0,False
base,active,433147.0,435847.0,436801.0,42 43,37092.0,False
base,active,433268.0,435968.0,436684.0,44,37093.0,False
base,active,433341.0,436032.0,436046.0,6,37095.0,False
base,active,433337.0,436032.0,436055.0,1,37094.0,False
base,active,,436032.0,436055.0,7 8 9 10 11 12 13 14 15 16 17 18 19 20 21 22 23 24 25 26 27 28 29 74 75 76 77 78 79 80,-1.0,
base,active,,436046.0,436055.0,6,-1.0,
base,active,433447.0,436055.0,436548.0,1 6 7 8 9 10 11 12 13 14 15 16 17 18 19 20 21 22 23 24 25 26 27 28 29 74 75 76 77 78 79 80,37096.0,False
base,active,,436528.0,436548.0,0,-1.0,
base,active,434072.0,436548.0,436649.0,0,37099.0,False
base,active,433985.0,436548.0,437109.0,1 6 7 8 9 10 11 12 13 14 15 16 17 18 19 20 21 22 23 24 25 26 27 28 29 74 75 76 77 78 79 80,37098.0,False
base,active,,436649.0,436799.0,0,-1.0,
base,active,,436684.0,436799.0,44,-1.0,
base,active,434324.0,436799.0,437738.0,0 44,37102.0,False
base,active,434301.0,436799.0,437759.0,30 31 32 41,37101.0,False
base,active,434569.0,436801.0,436825.0,43,37104.0,False
base,active,434564.0,436801.0,436836.0,42,37103.0,False
base,active,,436825.0,437426.0,43,-1.0,
base,active,,436836.0,437426.0,42,-1.0,
base,active,434658.0,437109.0,438513.0,1 6 7 8 9 10 11 12 13 14 15 16 17 18 19 20 21 22 23 24 25 26 27 28 29 74 75 76 77 78 79 80,37106.0,False
base,active,434726.0,437426.0,437689.0,2 3 4 5 33 34 35 36 37 38 39 40 42 43 45 46 47 48 49 50 51 52 53 54 55 56 57 58 59 60 61 62,37108.0,False
base,active,434964.0,437664.0,437685.0,63,37111.0,False
base,active,435014.0,437685.0,437692.0,63,37113.0,False
base,active,435796.0,437689.0,437692.0,52 53,37122.0,False
base,active,435739.0,437689.0,437693.0,46 47,37120.0,False
base,active,435695.0,437689.0,437707.0,39,37118.0,False
base,active,435718.0,437689.0,437714.0,40 42 43 45,37119.0,False
base,active,435774.0,437689.0,437715.0,48 49 50 51,37121.0,False
base,active,435800.0,437689.0,437715.0,54 55 56 57,37123.0,False
base,active,,437689.0,437715.0,58 59,-1.0,
base,active,,437689.0,437718.0,60 61,-1.0,
base,active,435631.0,437689.0,437738.0,38,37117.0,False
base,active,435028.0,437689.0,437813.0,2,37114.0,False
base,active,435583.0,437689.0,437815.0,3 4 5 33 34 35 36 37,37116.0,False
base,active,,437689.0,437989.0,62,-1.0,
base,active,,437692.0,437715.0,52 53 63,-1.0,
base,active,,437693.0,437715.0,46 47,-1.0,
base,active,,437707.0,437715.0,39,-1.0,
base,active,,437714.0,437715.0,40 42 43 45,-1.0,
base,active,435849.0,437715.0,437718.0,53 58 59 63,37125.0,False
base,active,435833.0,437715.0,437950.0,39 40 42 43 45 46 47 48 49 50 51 52 54 55 56 57,37124.0,False
base,active,435887.0,437718.0,437721.0,60 61,37127.0,False
base,active,435859.0,437718.0,437749.0,53 58 59 63,37126.0,False
base,active,,437721.0,437749.0,60,-1.0,
base,active,,437721.0,438021.0,61,-1.0,
base,active,,437738.0,437749.0,0 38 44,-1.0,
base,active,435915.0,437749.0,437752.0,0 38 44 53 58 59 60 63,37128.0,False
base,active,,437752.0,437950.0,0 38 44 53 58 59 60,-1.0,
base,active,,437752.0,438052.0,63,-1.0,
base,active,,437759.0,437950.0,30 31 32 41,-1.0,
base,active,,437813.0,437950.0,2,-1.0,
base,active,,437815.0,437950.0,3 4 5 33 34 35 36 37,-1.0,
base,active,435928.0,437950.0,437953.0,0 2 3 4 5 30 31 32 33 34 35 36 37 38 39 40 41 42 43 44 45 46 47 48 49 50 51 52 54 55 56 57,37129.0,False
base,active,435935.0,437950.0,437954.0,53 58 59 60,37131.0,False
base,active,435940.0,437953.0,437956.0,0 2 3 4 5 30 31 32,37132.0,False
base,active,435950.0,437953.0,437956.0,33 34 35 36,37133.0,False
base,active,435982.0,437953.0,437956.0,37 38 39 40 41 42 43 44,37134.0,False
base,active,435995.0,437953.0,437956.0,45 46,37135.0,False
base,active,,437953.0,437956.0,47 48 49 50 51 52,-1.0,
base,active,,437953.0,438513.0,54 55 56 57,-1.0,
base,active,,437954.0,437956.0,53 58 59 60,-1.0,
base,active,436064.0,437956.0,437959.0,0 2 3 4 5 30 31 32 33 34 35 36 37 38 39 40 41 42 43 44 45 46 47 48 49 50 51 52 53 58 59 60,37136.0,False
base,active,436070.0,437959.0,437962.0,0 2 3 4 5 30 31 32 33 34 35 36 37 38 39 40,37137.0,False
base,active,436265.0,437959.0,437962.0,41,37138.0,False
base,active,,437959.0,438513.0,42 43 44 45 46 47 48 49 50 51 52 53 58 59 60,-1.0,
base,active,,437962.0,438103.0,0 2 3 4,-1.0,
base,active,,437962.0,438132.0,5 30,-1.0,
base,active,,437962.0,438135.0,31 32 33 34,-1.0,
base,active,,437962.0,438513.0,35 36 37 38 39 40 41,-1.0,
base,switching_off,,437989.0,439789.0,62,-2.0,
base,switching_off,,438021.0,439821.0,61,-2.0,
base,switching_off,,438052.0,439852.0,63,-2.0,
base,active,438103.0,438103.0,438158.0,0 2 3 4,37141.0,False
base,active,438132.0,438132.0,438157.0,5 30,37142.0,False
base,active,438135.0,438135.0,438194.0,31 32 33 34,37143.0,False
base,active,,438157.0,438513.0,5 30,-1.0,
base,active,,438158.0,438513.0,0 2 3 4,-1.0,
base,active,,438194.0,438513.0,31 32 33 34,-1.0,
base,active,438182.0,438513.0,438542.0,54 55 56 57,37145.0,False
base,active,438162.0,438513.0,440863.0,0 1 2 3 4 5 6 7 8 9 10 11 12 13 14 15 16 17 18 19 20 21 22 23 24 25 26 27 28 29 30 31 32 33 34 35 36 37 38 39 40 41 42 43 44 45 46 47 48 49 50 51 52 53 58 59 60 74 75 76 77 78 79 80,37144.0,False
base,active,438241.0,438542.0,438654.0,54 55 56 57,37146.0,False
base,active,438254.0,438654.0,438710.0,54 55 56 57,37147.0,False
base,active,438299.0,438710.0,438753.0,54 55,37148.0,False
base,active,,438710.0,439010.0,56 57,-1.0,
base,active,,438753.0,439053.0,54 55,-1.0,
base,switching_off,,439010.0,440810.0,56 57,-2.0,
base,switching_off,,439053.0,440853.0,54 55,-2.0,
base,sleeping,,439789.0,440718.0,62,-4.0,
base,sleeping,,439821.0,440718.0,61,-4.0,
base,sleeping,,439852.0,440718.0,63,-4.0,
base,switching_on,,440718.0,443418.0,61 62 63 64 65 66 67 68 69 70 71 72 73 81 82 83 84 85 86 87 88 89 90 91 92 93 94 95 96 97 98 99 100 101 102 103 104 105 106 107 108 109 110 111 112 113,-3.0,
base,sleeping,,440810.0,440884.0,56 57,-4.0,
base,sleeping,,440853.0,440884.0,54 55,-4.0,
base,active,439343.0,440863.0,440878.0,50,37156.0,False
base,active,439829.0,440863.0,440993.0,60,37160.0,False
base,active,438450.0,440863.0,441105.0,32 33 34 35 36 37 38 39,37150.0,False
base,active,439444.0,440863.0,441124.0,51,37157.0,False
base,active,439486.0,440863.0,441153.0,52 53 58 59,37158.0,False
base,active,438390.0,440863.0,441163.0,0 1 2 3 4 5 6 7 8 9 10 11 12 13 14 15 16 17 18 19 20 21 22 23 24 25 26 27 28 29 30 31,37149.0,False
base,active,438490.0,440863.0,441209.0,40 41 42 43,37151.0,False
base,active,,440863.0,443418.0,74 75 76 77 78 79 80,-1.0,
base,active,438540.0,440863.0,447949.0,48 49,37153.0,False
base,active,438512.0,440863.0,447977.0,44 45 46 47,37152.0,False
base,active,,440878.0,443418.0,50,-1.0,
base,switching_on,,440884.0,443584.0,54 55 56 57,-3.0,
base,active,,440993.0,443418.0,60,-1.0,
base,switching_on,,440993.0,443693.0,114 115 116 117 118,-3.0,
base,active,,441105.0,441163.0,32 33 34 35 36 37 38,-1.0,
base,active,,441105.0,443418.0,39,-1.0,
base,active,,441124.0,441163.0,51,-1.0,
base,active,,441153.0,441163.0,52 53 58 59,-1.0,
base,active,440517.0,441163.0,441178.0,37,37170.0,False
base,active,440579.0,441163.0,441186.0,38,37171.0,False
base,active,440295.0,441163.0,441290.0,35,37168.0,False
base,active,440516.0,441163.0,441376.0,36,37169.0,False
base,active,439923.0,441163.0,447112.0,32 33 34 51 52 53 58 59,37162.0,False
base,active,439893.0,441163.0,447141.0,0 1 2 3 4 5 6 7 8 9 10 11 12 13 14 15 16 17 18 19 20 21 22 23 24 25 26 27 28 29 30 31,37161.0,False
base,active,,441178.0,443418.0,37,-1.0,
base,active,,441186.0,443418.0,38,-1.0,
base,active,,441209.0,443418.0,40 41 42 43,-1.0,
base,active,,441290.0,443418.0,35,-1.0,
base,active,,441376.0,443418.0,36,-1.0,
base,active,440718.0,443418.0,445407.0,35 36 37 38 39 40 41 42 43 50 60 61 62 63 64 65 66 67 68 69 70 71 72 73 74 75 76 77 78 79 80 81 82 83 84 85 86 87 88 89 90 91 92 93 94 95 96 97 98 99 100 101 102 103 104 105 106 107 108 109 110 111 112 113,37172.0,False
base,active,440884.0,443584.0,443650.0,54 55 56 57,37174.0,False
base,active,,443650.0,443693.0,55 56 57,-1.0,
base,active,440951.0,443650.0,443809.0,54,37175.0,False
base,active,440993.0,443693.0,444052.0,55 56 57 114 115 116 117 118,37176.0,False
base,active,441187.0,443809.0,443964.0,54,37178.0,False
base,active,,443964.0,444337.0,54,-1.0,
base,active,441684.0,444052.0,444337.0,55 56 57 114 115 116 117 118,37182.0,False
base,active,442344.0,444337.0,444454.0,54,37187.0,False
base,active,442199.0,444337.0,444531.0,55 56 57 114 115 116 117 118,37185.0,False
base,active,442705.0,444454.0,444485.0,54,37188.0,False
base,active,442711.0,444485.0,444513.0,54,37189.0,False
base,active,,444513.0,445407.0,54,-1.0,
base,active,,444531.0,445407.0,55 56 57 114 115 116 117 118,-1.0,
base,active,443002.0,445407.0,445575.0,54,37193.0,False
base,active,442914.0,445407.0,445616.0,55 56 57 114 115 116 117 118,37192.0,False
base,active,442814.0,445407.0,445823.0,35 36 37 38 39 40 41 42 43 50 60 61 62 63 64 65 66 67 68 69 70 71 72 73 74 75 76 77 78 79 80 81 82 83 84 85 86 87 88 89 90 91 92 93 94 95 96 97 98 99 100 101 102 103 104 105 106 107 108 109 110 111 112 113,37191.0,False
base,active,443237.0,445575.0,445646.0,54,37196.0,False
base,active,,445616.0,445838.0,55 56 57 114 115 116 117 118,-1.0,
base,active,,445646.0,445838.0,54,-1.0,
base,active,443357.0,445823.0,445825.0,82 83 84 85,37199.0,False
base,active,443709.0,445823.0,445838.0,94,37203.0,False
base,active,,445823.0,445838.0,96 97 98 99 100 101 102 103 104 105 106 107 108 109 110 111 112 113,-1.0,
base,active,443710.0,445823.0,445845.0,95,37204.0,False
base,active,443654.0,445823.0,446004.0,86 87 88 89 90 91 92 93,37202.0,False
base,active,443311.0,445823.0,446217.0,35 36 37 38 39 40 41 42 43 50 60 61 62 63 64 65 66 67 68 69 70 71 72 73 74 75 76 77 78 79 80 81,37198.0,False
base,active,,445825.0,445838.0,82 83 84 85,-1.0,
base,active,443787.0,445838.0,446346.0,54 55 56 57 82 83 84 85 94 96 97 98 99 100 101 102 103 104 105 106 107 108 109 110 111 112 113 114 115 116 117 118,37205.0,False
base,active,,445845.0,446004.0,95,-1.0,
base,active,444008.0,446004.0,446044.0,95,37208.0,False
base,active,443872.0,446004.0,446269.0,86 87 88 89 90 91 92 93,37206.0,False
base,active,444297.0,446044.0,446060.0,95,37209.0,False
base,active,444307.0,446060.0,446069.0,95,37210.0,False
base,active,,446069.0,446369.0,95,-1.0,
base,active,,446217.0,446346.0,35 36 37 38 39 40 41 42 43 50 60 61 62 63 64 65 66 67 68 69 70 71 72 73 74 75 76 77 78 79 80 81,-1.0,
base,active,,446269.0,446346.0,86 87 88 89 90 91 92 93,-1.0,
base,active,444597.0,446346.0,446498.0,74 75 76 77 78 79 80 81,37213.0,False
base,active,444416.0,446346.0,447218.0,35 36 37 38 39 40 41 42 43 50 54 55 56 57 60 61 62 63 64 65 66 67 68 69 70 71 72 73 82 83 84 85 86 87 88 89 90 91 92 93 94 96 97 98 99 100 101 102 103 104 105 106 107 108 109 110 111 112 113 114 115 116 117 118,37211.0,False
base,switching_off,,446369.0,448169.0,95,-2.0,
base,active,444703.0,446498.0,446541.0,74 75 76 77,37214.0,False
base,active,444890.0,446498.0,446573.0,78 79 80 81,37217.0,False
base,active,,446541.0,446573.0,74 75 76 77,-1.0,
base,active,444932.0,446573.0,446693.0,74 75 76 77 78 79 80 81,37219.0,False
base,active,445130.0,446693.0,446774.0,74 75 76 77 78 79 80 81,37222.0,False
base,active,445203.0,446774.0,446820.0,74 75 76 77,37223.0,False
base,active,,446774.0,447360.0,78 79,-1.0,
base,active,,446774.0,447569.0,80 81,-1.0,
base,active,,446820.0,447360.0,74 75 76 77,-1.0,
base,active,,447112.0,447360.0,32 33 34 51 52 53 58 59,-1.0,
base,active,,447141.0,447218.0,0 1 2 3 4 5 6 7 8 9 10 11 12 13 14 15 16 17,-1.0,
base,active,,447141.0,447360.0,18 19 20 21 22 23 24 25 26 27 28 29 30 31,-1.0,
base,active,445465.0,447218.0,447360.0,4 5 6 7 8 9 10 11,37226.0,False
base,active,445706.0,447218.0,447569.0,16 17,37229.0,False
base,active,445683.0,447218.0,447593.0,12 13 14 15,37228.0,False
base,active,445433.0,447218.0,447998.0,0 1 2 3,37225.0,False
base,active,445386.0,447218.0,448014.0,35 36 37 38 39 40 41 42 43 50 54 55 56 57 60 61 62 63 64 65 66 67 68 69 70 71 72 73 82 83 84 85 86 87 88 89 90 91 92 93 94 96 97 98 99 100 101 102 103 104 105 106 107 108 109 110 111 112 113 114 115 116 117 118,37224.0,False
base,active,446086.0,447360.0,447568.0,76 77 78 79,37231.0,False
base,active,446061.0,447360.0,458412.0,4 5 6 7 8 9 10 11 18 19 20 21 22 23 24 25 26 27 28 29 30 31 32 33 34 51 52 53 58 59 74 75,37230.0,False
base,active,,447568.0,447569.0,76 77 78 79,-1.0,
base,active,446093.0,447569.0,458591.0,16 17 76 77 78 79 80 81,37232.0,False
base,active,446196.0,447593.0,447612.0,15,37236.0,False
base,active,446193.0,447593.0,447617.0,14,37235.0,False
base,active,446122.0,447593.0,447765.0,12 13,37233.0,False
base,active,,447612.0,447765.0,15,-1.0,
base,active,,447617.0,447765.0,14,-1.0,
base,active,446224.0,447765.0,447829.0,12 13 14 15,37237.0,False
base,active,,447829.0,448535.0,12,-1.0,
base,active,,447829.0,448574.0,13 14 15,-1.0,
base,active,,447949.0,448535.0,48 49,-1.0,
base,active,,447977.0,448513.0,44 45 46,-1.0,
base,active,,447977.0,448535.0,47,-1.0,
base,active,,447998.0,448513.0,0 1 2 3,-1.0,
base,active,446343.0,448014.0,448428.0,62 63 64 65,37239.0,False
base,active,446307.0,448014.0,448513.0,35 36 37 38 39 40 41 42 43 50 54 55 56 57 60 61,37238.0,False
base,active,,448014.0,448513.0,66 67 68 69 70 71 72 73 82 83 84 85 86 87 88 89 90 91 92 93 94 96 97 98 99 100 101 102 103 104 105 106 107 108 109 110 111 112 113 114 115 116 117 118,-1.0,
base,sleeping,,448169.0,450448.0,95,-4.0,
base,active,,448428.0,448513.0,62 63 64 65,-1.0,
base,active,446760.0,448513.0,448535.0,2 3 44 45,37246.0,False
base,active,446824.0,448513.0,448574.0,46,37248.0,False
base,active,446369.0,448513.0,448998.0,0 1,37241.0,False
base,active,446367.0,448513.0,449279.0,35 36 37 38 39 40 41 42 43 50 54 55 56 57 60 61 62 63 64 65 66 67 68 69 70 71 72 73 82 83 84 85 86 87 88 89 90 91 92 93 94 96 97 98 99 100 101 102 103 104 105 106 107 108 109 110 111 112 113 114 115 116 117 118,37240.0,False
base,active,446827.0,448535.0,449062.0,2 3 12 44 45 47 48 49,37249.0,False
base,active,446863.0,448574.0,449146.0,13 14 15 46,37250.0,False
base,active,446889.0,448998.0,449544.0,0 1,37251.0,False
base,active,,449062.0,449146.0,45 47 48 49,-1.0,
base,active,446911.0,449062.0,449149.0,2 3 12 44,37252.0,False
base,active,447029.0,449146.0,449206.0,13 14 15 45 46 47 48 49,37253.0,False
base,active,447147.0,449149.0,449175.0,3,37255.0,False
base,active,447145.0,449149.0,449187.0,2,37254.0,False
base,active,,449149.0,449678.0,12 44,-1.0,
base,active,,449175.0,449678.0,3,-1.0,
base,active,,449187.0,449678.0,2,-1.0,
base,active,,449206.0,449678.0,13 14 15 45 46 47 48 49,-1.0,
base,active,447186.0,449279.0,449391.0,35 36 37 38 39 40 41 42 43 50 54 55 56 57 60 61,37256.0,False
base,active,,449279.0,449391.0,62 63 64 65 66 67 68 69 70 71 72 73 82 83 84 85 86 87 88 89 90 91 92 93 94 96 97 98 99 100 101 102 103 104 105 106 107 108 109 110 111 112 113 114 115 116 117 118,-1.0,
base,active,447307.0,449391.0,449651.0,35 36 37 38 39 40 41 42 43 50 54 55 56 57 60 61 62 63 64 65 66 67 68 69 70 71 72 73 82 83 84 85 86 87 88 89 90 91 92 93 94 96 97 98 99 100 101 102 103 104 105 106 107 108 109 110 111 112 113 114 115 116 117 118,37257.0,False
base,active,,449544.0,449678.0,0 1,-1.0,
base,active,447485.0,449651.0,449668.0,35 36 37 38 39 40 41 42 43 50 54 55 56 57 60 61,37259.0,False
base,active,447553.0,449651.0,449678.0,68 69 70 71 72 73 82 83 84 85 86 87 88 89 90 91,37262.0,False
base,active,,449651.0,449678.0,93 94 96 97 98 99 100 101 102 103 104 105 106 107 108 109 110 111 112 113 114 115 116 117 118,-1.0,
base,active,447612.0,449651.0,449763.0,92,37263.0,False
base,active,447548.0,449651.0,450677.0,66 67,37261.0,False
base,active,447524.0,449651.0,450701.0,62 63 64 65,37260.0,False
base,active,,449668.0,449678.0,35 36 37 38 39 40 41 42 43 50 54 55 56 57 60 61,-1.0,
base,active,447717.0,449678.0,449731.0,47,37265.0,False
base,active,447893.0,449678.0,449760.0,2 3 12 44,37268.0,False
base,active,447751.0,449678.0,449797.0,48 49,37266.0,False
base,active,447665.0,449678.0,450187.0,0 1 13 14 15 35 36 37 38 39 40 41 42 43 45 46 50 54 55 56 57 60 61 68 69 70 71 72 73 82 83 84 85 86 87 88 89 90 91 93 94 96 97 98 99 100 101 102 103 104 105 106 107 108 109 110 111 112 113 114 115 116 117 118,37264.0,False
base,active,447931.0,449731.0,449746.0,47,37269.0,False
base,active,,449746.0,449797.0,47,-1.0,
base,active,,449760.0,449797.0,2 3 12 44,-1.0,
base,active,,449763.0,449797.0,92,-1.0,
base,active,447991.0,449797.0,449878.0,2 3 12 44 47 48 49 92,37270.0,False
base,active,,449878.0,450266.0,2 3 12 44 47 48 49,-1.0,
base,active,,449878.0,450701.0,92,-1.0,
base,active,448369.0,450187.0,450208.0,105,37274.0,False
base,active,448086.0,450187.0,450266.0,0 1 13 14 15 35 36 37 38 39 40 41 42 43 45 46,37271.0,False
base,active,,450187.0,450266.0,106 107 108 109 110 111 112 113 114 115 116 117 118,-1.0,
base,active,448354.0,450187.0,450303.0,103 104,37273.0,False
base,active,448176.0,450187.0,450594.0,50 54 55 56 57 60 61 68 69 70 71 72 73 82 83 84 85 86 87 88 89 90 91 93 94 96 97 98 99 100 101 102,37272.0,False
base,active,,450208.0,450266.0,105,-1.0,
base,active,448502.0,450266.0,450307.0,12,37276.0,False
base,active,448471.0,450266.0,450435.0,0 1 2 3 13 14 15 35 36 37 38 39 40 41 42 43 45 46 105 106 107 108 109 110 111 112 113 114 115 116 117 118,37275.0,False
base,active,448586.0,450266.0,452795.0,44 47 48 49,37277.0,False
base,active,,450303.0,450435.0,103,-1.0,
base,active,,450303.0,450701.0,104,-1.0,
base,active,,450307.0,450435.0,12,-1.0,
base,active,448588.0,450435.0,450866.0,0 1 2 3 13 14 15 35 36 37 38 39 40 41 42 43 45 46 105 106 107 108 109 110 111 112 113 114 115 116 117 118,37278.0,False
base,active,448609.0,450435.0,452953.0,12 103,37279.0,False
base,switching_on,,450448.0,453148.0,95 119,-3.0,
base,active,448830.0,450594.0,450618.0,85,37283.0,False
base,active,448628.0,450594.0,450627.0,50 54 55 56,37280.0,False
base,active,448716.0,450594.0,450629.0,57 60 61 68,37281.0,False
base,active,,450594.0,450701.0,86 87 88 89 90 91 93 94 96 97 98 99 100 101 102,-1.0,
base,active,448757.0,450594.0,450718.0,69 70 71 72 73 82 83 84,37282.0,False
base,active,,450618.0,450701.0,85,-1.0,
base,active,,450627.0,450701.0,50 54 55 56,-1.0,
base,active,,450629.0,450701.0,57 60 61 68,-1.0,
base,active,,450677.0,450701.0,66 67,-1.0,
base,active,448890.0,450701.0,450952.0,50 54 55 56 57 60 61 62 63 64 65 66 67 68 85 86 87 88 89 90 91 92 93 94 96 97 98 99 100 101 102 104,37284.0,False
base,active,,450718.0,450952.0,69 70 71,-1.0,
base,active,,450718.0,453148.0,72 73 82 83 84,-1.0,
base,active,,450866.0,450952.0,45 46 105 106 107 108 109 110 111 112 113 114 115 116 117 118,-1.0,
base,active,448918.0,450866.0,451038.0,0 1 2 3 13 14 15 35 36 37 38 39 40 41 42 43,37285.0,False
base,active,449175.0,450952.0,450959.0,70,37289.0,False
base,active,449188.0,450952.0,450960.0,71,37290.0,False
base,active,449147.0,450952.0,450974.0,69,37288.0,False
base,active,449031.0,450952.0,451307.0,50 54 55 56 57 60 61 62 63 64 65 66 67 68 85 86 87 88 89 90 91 92 93 94 96 97 98 99 100 101 102 104,37286.0,False
base,active,449112.0,450952.0,462118.0,45 46 105 106 107 108 109 110 111 112 113 114 115 116 117 118,37287.0,False
base,active,,450959.0,453148.0,70,-1.0,
base,active,,450960.0,453148.0,71,-1.0,
base,active,,450974.0,453148.0,69,-1.0,
base,active,,451038.0,453148.0,0 1 2 3 13 14 15 35 36 37 38 39 40 41 42 43,-1.0,
base,active,449303.0,451307.0,451472.0,50 54 55 56 57 60 61 62 63 64 65 66 67 68 85 86 87 88 89 90 91 92 93 94 96 97 98 99 100 101 102 104,37291.0,False
base,active,449401.0,451472.0,462349.0,50 54 55 56 57 60 61 62 63 64 65 66 67 68 85 86 87 88 89 90 91 92 93 94 96 97 98 99 100 101 102 104,37292.0,False
base,active,,452795.0,453148.0,44 47 48 49,-1.0,
base,active,,452953.0,453148.0,12 103,-1.0,
base,active,450448.0,453148.0,453372.0,0 1 2 3 12 13 14 15 35 36 37 38 39 40 41 42 43 44 47 48 49 69 70 71 72 73 82 83 84 95 103 119,37295.0,False
base,active,451282.0,453372.0,454780.0,0 1 2 3 12 13 14 15 35 36 37 38 39 40 41 42 43 44 47 48 49 69 70 71 72 73 82 83 84 95 103 119,37300.0,False
base,active,452696.0,454780.0,454791.0,2,37307.0,False
base,active,452341.0,454780.0,454799.0,0,37304.0,False
base,active,452695.0,454780.0,454803.0,1,37306.0,False
base,active,,454780.0,454803.0,3 12 13 14 15 35 36 37 38 39 40 41 42 43 44 47 48 49 69 70 71 72 73 82 83 84 95 103 119,-1.0,
base,active,,454791.0,454803.0,2,-1.0,
base,active,,454799.0,454803.0,0,-1.0,
base,active,452835.0,454803.0,455130.0,0 1 2 3 12 13 14 15 35 36 37 38 39 40 41 42 43 44 47 48 49 69 70 71 72 73 82 83 84 95 103 119,37310.0,False
base,active,453454.0,455130.0,456451.0,0 1 2 3 12 13 14 15 35 36 37 38 39 40 41 42 43 44 47 48 49 69 70 71 72 73 82 83 84 95 103 119,37314.0,False
base,active,454776.0,456451.0,456469.0,0,37322.0,False
base,active,,456451.0,456469.0,1 2 3 12 13 14 15 35 36 37 38 39 40 41 42 43 44 47 48 49 69 70 71 72 73 82 83 84 95 103 119,-1.0,
base,active,455961.0,456469.0,456517.0,0 1 2 3 12 13 14 15 35 36 37 38 39 40 41 42 43 44 47 48 49 69 70 71 72 73 82 83 84 95 103 119,37326.0,False
base,active,456038.0,456517.0,456659.0,0 1 2 3 12 13 14 15 35 36 37 38 39 40 41 42 43 44 47 48 49 69 70 71 72 73 82 83 84 95 103 119,37329.0,False
base,active,456643.0,456659.0,456707.0,0,37339.0,False
base,active,,456659.0,456743.0,1 2 3 12 13 14 15 35 36 37 38 39 40 41 42,-1.0,
base,active,,456659.0,456822.0,43,-1.0,
base,active,,456659.0,456959.0,44 47 48 49 69 70 71 72 73 82 83 84 95 103 119,-1.0,
base,active,,456707.0,456743.0,0,-1.0,
base,active,456743.0,456743.0,456929.0,0 1 2 3 12 13 14 15 35 36 37 38 39 40 41 42,37342.0,False
base,active,456822.0,456822.0,456842.0,43,37344.0,False
base,active,,456842.0,457142.0,43,-1.0,
base,active,,456929.0,457229.0,0 1 2 3 12 13 14 15 35 36 37 38 39 40 41 42,-1.0,
base,switching_off,,456959.0,458759.0,44 47 48 49 69 70 71 72 73 82 83 84 95 103 119,-2.0,
base,switching_off,,457142.0,458942.0,43,-2.0,
base,switching_off,,457229.0,459029.0,0 1 2 3 12 13 14 15 35 36 37 38 39 40 41 42,-2.0,
base,active,458012.0,458412.0,458503.0,6 7,37357.0,False
base,active,457635.0,458412.0,458504.0,4,37350.0,False
base,active,457751.0,458412.0,458517.0,5,37352.0,False
base,active,,458412.0,458628.0,8 9 10 11 18 19 20 21 22 23 24 25 26 27 28 29 30 31 32 33,-1.0,
base,active,,458412.0,458712.0,34 51 52 53 58 59 74 75,-1.0,
base,active,,458503.0,458628.0,6 7,-1.0,
base,active,,458504.0,458628.0,4,-1.0,
base,active,,458517.0,458628.0,5,-1.0,
base,active,,458591.0,458628.0,16 17 76 77 78 79 80 81,-1.0,
base,active,458628.0,458628.0,458844.0,4 5 6 7 8 9 10 11 16 17 18 19 20 21 22 23 24 25 26 27 28 29 30 31 32 33 76 77 78 79 80 81,37363.0,False
base,switching_off,,458712.0,460512.0,34 51 52 53 58 59 74 75,-2.0,
base,sleeping,,458759.0,467042.0,44 47 48 49,-4.0,
base,sleeping,,458759.0,467949.0,69,-4.0,
base,sleeping,,458759.0,471669.0,70 71 72 73 82 83 84 95 103 119,-4.0,
base,active,,458844.0,459144.0,4 5 6 7 8 9 10 11 16 17 18 19 20 21 22 23 24 25 26 27 28 29 30 31 32 33 76 77 78 79 80 81,-1.0,
base,sleeping,,458942.0,467042.0,43,-4.0,
base,sleeping,,459029.0,467042.0,0 1 2 3 12 13 14 15 35 36 37 38 39 40 41 42,-4.0,
base,switching_off,,459144.0,460944.0,4 5 6 7 8 9 10 11 16 17 18 19 20 21 22 23 24 25 26 27 28 29 30 31 32 33 76 77 78 79 80 81,-2.0,
base,sleeping,,460512.0,467042.0,34 51 52 53 58 59,-4.0,
base,sleeping,,460512.0,471669.0,74 75,-4.0,
base,sleeping,,460944.0,467042.0,4 5 6 7 8 9 10 11 16 17 18 19 20 21 22 23 24 25 26 27 28 29 30 31 32 33,-4.0,
base,sleeping,,460944.0,471669.0,76 77 78 79 80 81,-4.0,
base,active,,462118.0,462418.0,45 46 105 106 107 108 109 110 111 112 113 114 115 116 117 118,-1.0,
base,active,,462349.0,462649.0,50 54 55 56 57 60 61 62 63 64 65 66 67 68 85 86 87 88 89 90 91 92 93 94 96 97 98 99 100 101 102 104,-1.0,
base,switching_off,,462418.0,464218.0,45 46 105 106 107 108 109 110 111 112 113 114 115 116 117 118,-2.0,
base,switching_off,,462649.0,464449.0,50 54 55 56 57 60 61 62 63 64 65 66 67 68 85 86 87 88 89 90 91 92 93 94 96 97 98 99 100 101 102 104,-2.0,
base,sleeping,,464218.0,467042.0,45 46,-4.0,
base,sleeping,,464218.0,471669.0,105 106 107 108 109 110 111 112 113 114 115 116 117 118,-4.0,
base,sleeping,,464449.0,467042.0,50 54 55 56 57 60 61 62 63,-4.0,
base,sleeping,,464449.0,467927.0,64 65 66 67,-4.0,
base,sleeping,,464449.0,467949.0,68,-4.0,
base,sleeping,,464449.0,471669.0,85 86 87 88 89 90 91 92 93 94 96 97 98 99 100 101 102 104,-4.0,
base,switching_on,,467042.0,469742.0,0 1 2 3 4 5 6 7 8 9 10 11 12 13 14 15 16 17 18 19 20 21 22 23 24 25 26 27 28 29 30 31 32 33 34 35 36 37 38 39 40 41 42 43 44 45 46 47 48 49 50 51 52 53 54 55 56 57 58 59 60 61 62 63,-3.0,
base,switching_on,,467927.0,470627.0,64 65 66 67,-3.0,
base,switching_on,,467949.0,470649.0,68 69,-3.0,
base,active,467042.0,469742.0,474357.0,0 1 2 3 4 5 6 7 8 9 10 11 12 13 14 15 16 17 18 19 20 21 22 23 24 25 26 27 28 29 30 31 32 33 34 35 36 37 38 39 40 41 42 43 44 45 46 47 48 49 50 51 52 53 54 55 56 57 58 59 60 61 62 63,37377.0,False
base,active,467927.0,470627.0,472664.0,64 65 66 67,37378.0,False
base,active,467949.0,470649.0,472666.0,68 69,37379.0,False
base,switching_on,,471669.0,474369.0,70 71 72 73 74 75 76 77 78 79 80 81 82 83 84 85 86 87 88 89 90 91 92 93 94 95 96 97 98 99 100 101 102 103 104 105 106 107 108 109 110 111 112 113 114 115 116 117 118 119 120 121 122 123 124 125 126 127,-3.0,
base,active,470041.0,472664.0,474289.0,64 65 66 67,37380.0,False
base,active,470062.0,472666.0,474267.0,68 69,37381.0,False
base,active,,474267.0,474369.0,68 69,-1.0,
base,active,,474289.0,474369.0,64 65 66 67,-1.0,
base,active,,474357.0,474369.0,0 1 2 3 4 5 6 7 8 9 10 11 12 13 14 15 16 17 18 19 20 21 22 23 24 25 26 27 28 29 30 31 32 33 34 35 36 37 38 39 40 41 42 43 44 45 46 47 48 49 50 51 52 53 54 55 56 57 58 59 60 61 62 63,-1.0,
base,active,471669.0,474369.0,474455.0,0 1 2 3 4 5 6 7 8 9 10 11 12 13 14 15 16 17 18 19 20 21 22 23 24 25 26 27 28 29 30 31 32 33 34 35 36 37 38 39 40 41 42 43 44 45 46 47 48 49 50 51 52 53 54 55 56 57 58 59 60 61 62 63 64 65 66 67 68 69 70 71 72 73 74 75 76 77 78 79 80 81 82 83 84 85 86 87 88 89 90 91 92 93 94 95 96 97 98 99 100 101 102 103 104 105 106 107 108 109 110 111 112 113 114 115 116 117 118 119 120 121 122 123 124 125 126 127,37382.0,False
base,active,471765.0,474455.0,485390.0,0 1 2 3 4 5 6 7 8 9 10 11 12 13 14 15 16 17 18 19 20 21 22 23 24 25 26 27 28 29 30 31 32 33 34 35 36 37 38 39 40 41 42 43 44 45 46 47 48 49 50 51 52 53 54 55 56 57 58 59 60 61 62 63 64 65 66 67 68 69 70 71 72 73 74 75 76 77 78 79 80 81 82 83 84 85 86 87 88 89 90 91 92 93 94 95 96 97 98 99 100 101 102 103 104 105 106 107 108 109 110 111 112 113 114 115 116 117 118 119 120 121 122 123 124 125 126 127,37383.0,False
base,active,,485390.0,485690.0,64 65 66 67 68 69 70 71 72 73 74 75 76 77 78 79 80 81 82 83 84 85 86 87 88 89 90 91 92 93 94 95 96 97 98 99 100 101 102 103 104 105 106 107 108 109 110 111 112 113 114 115 116 117 118 119 120 121 122 123 124 125 126 127,-1.0,
base,active,482706.0,485390.0,496314.0,0 1 2 3 4 5 6 7 8 9 10 11 12 13 14 15 16 17 18 19 20 21 22 23 24 25 26 27 28 29 30 31 32 33 34 35 36 37 38 39 40 41 42 43 44 45 46 47 48 49 50 51 52 53 54 55 56 57 58 59 60 61 62 63,37384.0,False
base,switching_off,,485690.0,487490.0,64 65 66 67 68 69 70 71 72 73 74 75 76 77 78 79 80 81 82 83 84 85 86 87 88 89 90 91 92 93 94 95 96 97 98 99 100 101 102 103 104 105 106 107 108 109 110 111 112 113 114 115 116 117 118 119 120 121 122 123 124 125 126 127,-2.0,
base,sleeping,,487490.0,503649.0,64 65 66 67 68 69 70 71,-4.0,
base,sleeping,,487490.0,503789.0,72,-4.0,
base,sleeping,,487490.0,504705.0,73 74 75,-4.0,
base,sleeping,,487490.0,505076.0,76 77 78 79 80 81 82 83 84 85 86 87,-4.0,
base,sleeping,,487490.0,505868.0,88 89 90 91 92 93 94 95 96 97 98 99 100 101 102 103,-4.0,
base,sleeping,,487490.0,506112.0,104 105 106 107 108 109 110 111 112 113 114 115 116 117 118 119,-4.0,
base,sleeping,,487490.0,508716.0,120 121 122 123 124 125 126 127,-4.0,
base,active,,496314.0,496614.0,0 1 2 3 4 5 6 7 8 9 10 11 12 13 14 15 16 17 18 19 20 21 22 23 24 25 26 27 28 29 30 31 32 33 34 35 36 37 38 39 40 41 42 43 44 45 46 47 48 49 50 51 52 53 54 55 56 57 58 59 60 61 62 63,-1.0,
base,switching_off,,496614.0,498414.0,0 1 2 3 4 5 6 7 8 9 10 11 12 13 14 15 16 17 18 19 20 21 22 23 24 25 26 27 28 29 30 31 32 33 34 35 36 37 38 39 40 41 42 43 44 45 46 47 48 49 50 51 52 53 54 55 56 57 58 59 60 61 62 63,-2.0,
base,sleeping,,498414.0,499301.0,0 1 2 3 4 5 6 7 8 9 10 11 12 13 14 15 16 17 18 19 20 21 22 23 24 25 26 27 28 29 30 31,-4.0,
base,sleeping,,498414.0,503649.0,32 33 34 35 36 37 38 39 40 41 42 43 44 45 46 47 48 49 50 51 52 53 54 55 56 57 58 59 60 61 62 63,-4.0,
base,switching_on,,499301.0,502001.0,0 1 2 3 4 5 6 7 8 9 10 11 12 13 14 15 16 17 18 19 20 21 22 23 24 25 26 27 28 29 30 31,-3.0,
base,active,499301.0,502001.0,502089.0,0 1 2 3 4 5 6 7 8 9 10 11 12 13 14 15 16 17 18 19 20 21 22 23 24 25 26 27 28 29 30 31,37587.0,False
base,active,500168.0,502089.0,502109.0,0 1 2 3 4 5 6 7 8 9 10 11 12 13 14 15 16 17 18 19 20 21 22 23 24 25 26 27 28 29 30 31,37595.0,False
base,active,500720.0,502109.0,502181.0,0 1 2 3 4 5 6 7 8 9 10 11 12 13 14 15,37602.0,False
base,active,,502109.0,502181.0,16 17 18 19 20 21 22 23 24 25 26 27 28 29 30 31,-1.0,
base,active,500947.0,502181.0,502259.0,0 1 2 3 4 5 6 7 8 9 10 11 12 13 14 15 16 17 18 19 20 21 22 23 24 25 26 27 28 29 30 31,37604.0,False
base,active,501211.0,502259.0,502303.0,8 9 10 11,37608.0,False
base,active,501295.0,502259.0,502311.0,12 13 14 15 16 17 18 19,37610.0,False
base,active,501071.0,502259.0,502321.0,0 1 2 3 4 5 6 7,37605.0,False
base,active,,502259.0,502321.0,20 21 22 23 24 25 26 27 28 29 30 31,-1.0,
base,active,,502303.0,502321.0,8 9 10 11,-1.0,
base,active,,502311.0,502321.0,12 13 14 15 16 17 18 19,-1.0,
base,active,501400.0,502321.0,502433.0,0 1 2 3 4 5 6 7 8 9 10 11 12 13 14 15 16 17 18 19 20 21 22 23 24 25 26 27 28 29 30 31,37613.0,False
base,active,501565.0,502433.0,502453.0,0 1 2 3 4 5 6 7 8 9 10 11 12 13 14 15 16 17 18 19 20 21 22 23 24 25 26 27 28 29 30 31,37615.0,False
base,active,501708.0,502453.0,502494.0,0 1 2 3 4 5 6 7 8 9 10 11 12 13 14 15 16 17 18 19 20 21 22 23 24 25 26 27 28 29 30 31,37616.0,False
base,active,501965.0,502494.0,502585.0,0 1 2 3 4 5 6 7 8 9 10 11 12 13 14 15 16 17 18 19 20 21 22 23 24 25 26 27 28 29 30 31,37622.0,False
base,active,502079.0,502585.0,502878.0,0 1 2 3 4 5 6 7 8 9 10 11 12 13 14 15 16 17 18 19 20 21 22 23 24 25 26 27 28 29 30 31,37623.0,False
base,active,502547.0,502878.0,502918.0,0,37630.0,False
base,active,,502878.0,502918.0,1 2 3 4 5 6 7 8 9 10 11 12 13 14 15 16 17 18 19 20 21 22 23 24 25 26 27 28 29 30 31,-1.0,
base,active,502684.0,502918.0,502924.0,0 1 2 3 4 5 6 7 8 9 10 11 12 13 14 15 16 17 18 19 20 21 22 23 24 25 26 27 28 29 30 31,37631.0,False
base,active,502729.0,502924.0,503067.0,0 1 2 3 4 5 6 7 8 9 10 11 12 13 14 15 16 17 18 19 20 21 22 23 24 25 26 27 28 29 30 31,37633.0,False
base,active,502773.0,503067.0,503094.0,0,37634.0,False
base,active,,503067.0,503164.0,1 2 3 4 5 6 7 8 9 10 11 12 13 14 15 16 17 18 19 20 21 22 23 24 25 26 27 28 29 30 31,-1.0,
base,active,,503094.0,503164.0,0,-1.0,
base,active,503164.0,503164.0,505645.0,0 1 2 3 4 5 6 7 8 9 10 11 12 13 14 15 16 17 18 19 20 21 22 23 24 25 26 27 28 29 30 31,37640.0,False
base,switching_on,,503649.0,506349.0,32 33 34 35 36 37 38 39 40 41 42 43 44 45 46 47 48 49 50 51 52 53 54 55 56 57 58 59 60 61 62 63 64 65 66 67 68 69 70 71,-3.0,
base,switching_on,,503789.0,506489.0,72,-3.0,
base,switching_on,,504705.0,507405.0,73 74 75,-3.0,
base,switching_on,,505076.0,507776.0,76 77 78 79 80 81 82 83 84 85 86 87,-3.0,
base,active,503274.0,505645.0,505649.0,8,37642.0,False
base,active,503337.0,505645.0,505665.0,10,37644.0,False
base,active,503278.0,505645.0,505666.0,9,37643.0,False
base,active,503417.0,505645.0,505669.0,11,37645.0,False
base,active,,505645.0,506349.0,12 13 14 15 16 17 18 19 20 21 22 23 24 25 26 27 28 29 30 31,-1.0,
base,active,503186.0,505645.0,508104.0,0 1 2 3 4 5 6 7,37641.0,False
base,active,,505649.0,506349.0,8,-1.0,
base,active,,505665.0,506349.0,10,-1.0,
base,active,,505666.0,506349.0,9,-1.0,
base,active,,505669.0,506349.0,11,-1.0,
base,switching_on,,505868.0,508568.0,88 89 90 91 92 93 94 95 96 97 98 99 100 101 102 103,-3.0,
base,switching_on,,506112.0,508812.0,104 105 106 107 108 109 110 111 112 113 114 115 116 117 118 119,-3.0,
base,active,503649.0,506349.0,508943.0,8 9 10 11 12 13 14 15 16 17 18 19 20 21 22 23 24 25 26 27 28 29 30 31 32 33 34 35 36 37 38 39 40 41 42 43 44 45 46 47 48 49 50 51 52 53 54 55 56 57 58 59 60 61 62 63 64 65 66 67 68 69 70 71,37648.0,False
base,active,503789.0,506489.0,506624.0,72,37650.0,False
base,active,504637.0,506624.0,506647.0,72,37661.0,False
base,active,,506647.0,507405.0,72,-1.0,
base,active,504705.0,507405.0,507477.0,72 73 74 75,37662.0,False
base,active,,507477.0,507776.0,72 73 74 75,-1.0,
base,active,505076.0,507776.0,508182.0,72 73 74 75 76 77 78 79 80 81 82 83 84 85 86 87,37664.0,False
base,active,505499.0,508104.0,508569.0,0 1 2 3 4 5 6 7,37667.0,False
base,active,,508182.0,508568.0,72 73 74 75 76 77 78 79 80 81 82 83 84 85 86 87,-1.0,
base,active,505868.0,508568.0,509040.0,72 73 74 75 76 77 78 79 80 81 82 83 84 85 86 87 88 89 90 91 92 93 94 95 96 97 98 99 100 101 102 103,37673.0,False
base,active,505890.0,508569.0,509019.0,0 1 2 3 4 5 6 7,37674.0,False
base,switching_on,,508716.0,511416.0,120 121 122 123 124 125 126 127,-3.0,
base,active,506112.0,508812.0,509228.0,104 105 106 107 108 109 110 111 112 113 114 115 116 117 118 119,37676.0,False
base,active,506333.0,508943.0,508961.0,42,37681.0,False
base,active,506375.0,508943.0,508961.0,43,37682.0,False
base,active,506262.0,508943.0,508972.0,41,37680.0,False
base,active,506248.0,508943.0,508996.0,8,37678.0,False
base,active,,508943.0,508996.0,44 45 46 47 48 49 50 51 52 53 54 55 56 57 58 59 60 61 62 63 64 65 66 67 68 69 70 71,-1.0,
base,active,506249.0,508943.0,509188.0,9 10 11 12 13 14 15 16 17 18 19 20 21 22 23 24 25 26 27 28 29 30 31 32 33 34 35 36 37 38 39 40,37679.0,False
base,active,,508961.0,508996.0,42 43,-1.0,
base,active,,508972.0,508996.0,41,-1.0,
base,active,506573.0,508996.0,509595.0,8 41 42 43 44 45 46 47 48 49 50 51 52 53 54 55 56 57 58 59 60 61 62 63 64 65 66 67 68 69 70 71,37685.0,False
base,active,506603.0,509019.0,509589.0,0 1 2 3 4 5 6 7,37687.0,False
base,active,506614.0,509040.0,509085.0,72,37688.0,False
base,active,,509040.0,509188.0,73 74 75 76 77 78 79 80 81 82 83 84 85 86 87 88 89 90 91 92 93 94 95 96 97 98 99 100 101 102 103,-1.0,
base,active,,509085.0,509188.0,72,-1.0,
base,active,506726.0,509188.0,510617.0,9 10 11 12 13 14 15 16 17 18 19 20 21 22 23 24 25 26 27 28 29 30 31 32 33 34 35 36 37 38 39 40 72 73 74 75 76 77 78 79 80 81 82 83 84 85 86 87 88 89 90 91 92 93 94 95 96 97 98 99 100 101 102 103,37691.0,False
base,active,507554.0,509228.0,509383.0,104 105 106 107 108 109 110 111 112 113 114 115 116 117 118 119,37695.0,False
base,active,,509383.0,509627.0,104 105 106 107 108 109 110 111 112 113 114 115 116 117 118 119,-1.0,
base,active,,509589.0,509627.0,0 1 2 3 4 5 6 7,-1.0,
base,active,507620.0,509595.0,509627.0,8 41 42 43 44 45 46 47 48 49 50 51 52 53 54 55 56 57 58 59 60 61 62 63 64 65 66 67 68 69 70 71,37696.0,False
base,active,508012.0,509627.0,509766.0,104 105 106 107 108 109 110 111 112 113 114 115 116 117 118 119,37700.0,False
base,active,507794.0,509627.0,509893.0,0 1 2 3 4 5 6 7,37699.0,False
base,active,507756.0,509627.0,509929.0,8 41 42 43 44 45 46 47 48 49 50 51 52 53 54 55 56 57 58 59 60 61 62 63 64 65 66 67 68 69 70 71,37697.0,False
base,active,508159.0,509766.0,509780.0,104,37701.0,False
base,active,,509766.0,509780.0,105 106 107 108 109 110 111 112 113 114 115 116 117 118 119,-1.0,
base,active,508284.0,509780.0,510129.0,104 105 106 107 108 109 110 111 112 113 114 115 116 117 118 119,37703.0,False
base,active,,509893.0,509929.0,0 1 2 3 4 5 6 7,-1.0,
base,active,508352.0,509929.0,510129.0,0 1 2 3 4 5 6 7,37705.0,False
base,active,508324.0,509929.0,510155.0,8 41 42 43 44 45 46 47 48 49 50 51 52 53 54 55 56 57 58 59 60 61 62 63 64 65 66 67 68 69 70 71,37704.0,False
base,active,,510129.0,511416.0,0 1 2 3 4 5 6 7 104 105 106 107 108 109 110 111 112 113 114 115 116 117 118 119,-1.0,
base,active,,510155.0,510617.0,8 41,-1.0,
base,active,,510155.0,511416.0,42 43 44 45 46 47 48 49 50 51 52 53 54 55 56 57 58 59 60 61 62 63 64 65 66 67 68 69 70 71,-1.0,
base,active,508610.0,510617.0,510624.0,8,37707.0,False
base,active,508620.0,510617.0,510629.0,41,37708.0,False
base,active,508522.0,510617.0,510743.0,9 10 11 12 13 14 15 16 17 18 19 20 21 22 23 24 25 26 27 28 29 30 31 32 33 34 35 36 37 38 39 40 72 73 74 75 76 77 78 79 80 81 82 83 84 85 86 87 88 89 90 91 92 93 94 95 96 97 98 99 100 101 102 103,37706.0,False
base,active,,510624.0,511416.0,8,-1.0,
base,active,,510629.0,511416.0,41,-1.0,
base,active,508711.0,510743.0,512178.0,9 10 11 12 13 14 15 16 17 18 19 20 21 22 23 24 25 26 27 28 29 30 31 32 33 34 35 36 37 38 39 40 72 73 74 75 76 77 78 79 80 81 82 83 84 85 86 87 88 89 90 91 92 93 94 95 96 97 98 99 100 101 102 103,37709.0,False
base,active,508716.0,511416.0,511561.0,0 1 2 3 4 5 6 7 8 41 42 43 44 45 46 47 48 49 50 51 52 53 54 55 56 57 58 59 60 61 62 63 64 65 66 67 68 69 70 71 104 105 106 107 108 109 110 111 112 113 114 115 116 117 118 119 120 121 122 123 124 125 126 127,37710.0,False
base,active,508885.0,511561.0,511674.0,0 1 2 3 4 5 6 7 8 41 42 43 44 45 46 47 48 49 50 51 52 53 54 55 56 57 58 59 60 61 62 63 64 65 66 67 68 69 70 71 104 105 106 107 108 109 110 111 112 113 114 115 116 117 118 119 120 121 122 123 124 125 126 127,37711.0,False
base,active,509027.0,511674.0,511781.0,0 1 2 3 4 5 6 7 8 41 42 43 44 45 46 47 48 49 50 51 52 53 54 55 56 57 58 59 60 61 62 63 64 65 66 67 68 69 70 71 104 105 106 107 108 109 110 111 112 113 114 115 116 117 118 119 120 121 122 123 124 125 126 127,37712.0,False
base,active,509154.0,511781.0,511886.0,0 1 2 3 4 5 6 7 8 41 42 43 44 45 46 47 48 49 50 51 52 53 54 55 56 57 58 59 60 61 62 63 64 65 66 67 68 69 70 71 104 105 106 107 108 109 110 111 112 113 114 115 116 117 118 119 120 121 122 123 124 125 126 127,37713.0,False
base,active,509823.0,511886.0,511973.0,118 119 120 121 122 123 124 125,37721.0,False
base,active,509391.0,511886.0,511978.0,104 105 106 107 108 109 110 111,37717.0,False
base,active,509339.0,511886.0,512028.0,8 41 42 43 44 45 46 47 48 49 50 51 52 53 54 55 56 57 58 59 60 61 62 63 64 65 66 67 68 69 70 71,37716.0,False
base,active,,511886.0,512186.0,126 127,-1.0,
base,active,509269.0,511886.0,512287.0,0 1 2 3,37714.0,False
base,active,509332.0,511886.0,512571.0,4 5 6 7,37715.0,False
base,active,509603.0,511886.0,514061.0,116 117,37719.0,False
base,active,509580.0,511886.0,514081.0,112 113 114 115,37718.0,False
base,active,509945.0,511973.0,512362.0,118 119 120 121,37722.0,False
base,active,,511973.0,512772.0,122 123 124 125,-1.0,
base,active,,511978.0,512028.0,104,-1.0,
base,active,,511978.0,512279.0,105,-1.0,
base,active,,511978.0,512346.0,106 107 108 109,-1.0,
base,active,,511978.0,512772.0,110 111,-1.0,
base,active,510134.0,512028.0,512049.0,8 41 42 43 44 45 46 47 48 49 50 51 52 53 54 55 56 57 58 59 60 61 62 63 64 65 66 67 68 69 70 71,37723.0,False
base,active,510148.0,512028.0,512052.0,104,37724.0,False
base,active,,512049.0,512222.0,8 41 42 43 44 45 46 47 48 49 50 51 52 53 54 55 56 57 58 59 60 61 62 63 64 65 66 67 68 69 70,-1.0,
base,active,,512049.0,512279.0,71,-1.0,
base,active,,512052.0,512178.0,104,-1.0,
base,active,510216.0,512178.0,512199.0,104,37726.0,False
base,active,510162.0,512178.0,512222.0,9 10 11 12 13 14 15 16 17 18 19 20 21 22 23 24 25 26 27 28 29 30 31 32 33 34 35 36 37 38 39 40 72 73 74 75 76 77 78 79 80 81 82 83 84 85 86 87 88 89 90 91 92 93 94 95 96 97 98 99 100 101 102 103,37725.0,False
base,switching_off,,512186.0,513986.0,126 127,-2.0,
base,active,,512199.0,512222.0,104,-1.0,
base,active,510218.0,512222.0,512279.0,9 10 11 12 13 14 15 16 17 18 19 20 21 22 23 24 25 26 27 28 29 30 31 32 33 34 35 36 37 38 39 40 72 73 74 75 76 77 78 79 80 81 82 83 84 85 86 87 88 89 90 91 92 93 94 95 96 97 98 99 100 101 102 103,37727.0,False
base,active,510257.0,512222.0,512382.0,8 41 42 43 44 45 46 47 48 49 50 51 52 53 54 55 56 57 58 59 60 61 62 63 64 65 66 67 68 69 70 104,37728.0,False
base,active,510317.0,512279.0,512337.0,71,37731.0,False
base,active,510291.0,512279.0,512346.0,9 10 11 12 13 14 15 16 17 18 19 20 21 22 23 24 25 26 27 28 29 30 31 32 33 34 35 36 37 38 39 40 72 73 74 75 76 77 78 79 80 81 82 83 84 85 86 87 88 89 90 91 92 93 94 95 96 97 98 99 100 101 102 103,37730.0,False
base,active,510349.0,512279.0,512348.0,105,37732.0,False
base,active,,512287.0,512346.0,0 1 2 3,-1.0,
base,active,,512337.0,512346.0,71,-1.0,
base,active,510380.0,512346.0,512392.0,71,37734.0,False
base,active,510372.0,512346.0,512413.0,9 10 11 12 13 14 15 16 17 18 19 20 21 22 23 24 25 26 27 28 29 30 31 32 33 34 35 36 37 38 39 40 72 73 74 75 76 77 78 79 80 81 82 83 84 85 86 87 88 89 90 91 92 93 94 95 96 97 98 99 100 101 102 103,37733.0,False
base,active,510434.0,512346.0,512790.0,0 1 2 3 106 107 108 109,37735.0,False
base,active,,512348.0,512772.0,105,-1.0,
base,active,,512362.0,512772.0,118 119 120 121,-1.0,
base,active,,512382.0,512510.0,8 41 42 43 44 45 46 47 48 49 50 51 52 53 54 55 56 57 58 59 60 61 62 63 64 65 66 67 68 69 70,-1.0,
base,active,,512382.0,512772.0,104,-1.0,
base,active,,512392.0,512510.0,71,-1.0,
base,active,510459.0,512413.0,512449.0,9 10 11 12 13 14 15 16 17 18 19 20 21 22 23 24 25 26 27 28 29 30 31 32 33 34 35 36 37 38 39 40 72 73 74 75 76 77 78 79 80 81 82 83 84 85 86 87 88 89 90 91 92 93 94 95 96 97 98 99 100 101 102 103,37736.0,False
base,active,510507.0,512449.0,512480.0,9 10 11 12 13 14 15 16 17 18 19 20 21 22 23 24 25 26 27 28 29 30 31 32 33 34 35 36 37 38 39 40 72 73 74 75 76 77 78 79 80 81 82 83 84 85 86 87 88 89 90 91 92 93 94 95 96 97 98 99 100 101 102 103,37737.0,False
base,active,510547.0,512480.0,512510.0,9 10 11 12 13 14 15 16 17 18 19 20 21 22 23 24 25 26 27 28 29 30 31 32 33 34 35 36 37 38 39 40 72 73 74 75 76 77 78 79 80 81 82 83 84 85 86 87 88 89 90 91 92 93 94 95 96 97 98 99 100 101 102 103,37738.0,False
base,active,510591.0,512510.0,512549.0,9 10 11 12 13 14 15 16 17 18 19 20 21 22 23 24 25 26 27 28 29 30 31 32 33 34 35 36 37 38 39 40 72 73 74 75 76 77 78 79 80 81 82 83 84 85 86 87 88 89 90 91 92 93 94 95 96 97 98 99 100 101 102 103,37739.0,False
base,active,510620.0,512510.0,512908.0,8 41 42 43 44 45 46 47 48 49 50 51 52 53 54 55 56 57 58 59 60 61 62 63 64 65 66 67 68 69 70 71,37740.0,False
base,active,510652.0,512549.0,512619.0,9 10 11 12 13 14 15 16 17 18 19 20 21 22 23 24 25 26 27 28 29 30 31 32 33 34 35 36 37 38 39 40 72 73 74 75 76 77 78 79 80 81 82 83 84 85 86 87 88 89 90 91 92 93 94 95 96 97 98 99 100 101 102 103,37741.0,False
base,active,,512571.0,512619.0,4,-1.0,
base,active,,512571.0,512772.0,5 6 7,-1.0,
base,active,510756.0,512619.0,512655.0,4,37745.0,False
base,active,510734.0,512619.0,512663.0,9 10 11 12 13 14 15 16 17 18 19 20 21 22 23 24 25 26 27 28 29 30 31 32 33 34 35 36 37 38 39 40 72 73 74 75 76 77 78 79 80 81 82 83 84 85 86 87 88 89 90 91 92 93 94 95 96 97 98 99 100 101 102 103,37743.0,False
base,active,,512655.0,512663.0,4,-1.0,
base,active,510823.0,512663.0,512688.0,4,37748.0,False
base,active,510795.0,512663.0,512772.0,9 10 11 12 13 14 15 16 17 18 19 20 21 22 23 24 25 26 27 28 29 30 31 32 33 34 35 36 37 38 39 40 72 73 74 75 76 77 78 79 80 81 82 83 84 85 86 87 88 89 90 91 92 93 94 95 96 97 98 99 100 101 102 103,37747.0,False
base,active,,512688.0,512772.0,4,-1.0,
base,active,510915.0,512772.0,512878.0,9 10 11 12 13 14 15 16 17 18 19 20 21 22 23 24 25 26 27 28 29 30 31 32 33 34 35 36 37 38 39 40 72 73 74 75 76 77 78 79 80 81 82 83 84 85 86 87 88 89 90 91 92 93 94 95 96 97 98 99 100 101 102 103,37750.0,False
base,active,510952.0,512772.0,513273.0,4 5 6 7 104 105 110 111 118 119 120 121 122 123 124 125,37752.0,False
base,active,,512790.0,512980.0,0,-1.0,
base,active,,512790.0,513090.0,107 108 109,-1.0,
base,active,,512790.0,513262.0,1 2 3 106,-1.0,
base,active,511034.0,512878.0,512980.0,9 10 11 12 13 14 15 16 17 18 19 20 21 22 23 24 25 26 27 28 29 30 31 32 33 34 35 36 37 38 39 40 72 73 74 75 76 77 78 79 80 81 82 83 84 85 86 87 88 89 90 91 92 93 94 95 96 97 98 99 100 101 102 103,37753.0,False
base,active,511144.0,512908.0,515443.0,8 41 42 43 44 45 46 47 48 49 50 51 52 53 54 55 56 57 58 59 60 61 62 63 64 65 66 67 68 69 70 71,37754.0,False
base,active,511154.0,512980.0,513090.0,9 10 11 12 13 14 15 16 17 18 19 20 21 22 23 24 25 26 27 28 29 30 31 32 33 34 35 36 37 38 39 40 72 73 74 75 76 77 78 79 80 81 82 83 84 85 86 87 88 89 90 91 92 93 94 95 96 97 98 99 100 101 102 103,37755.0,False
base,active,511561.0,512980.0,513300.0,0,37757.0,False
base,active,511797.0,513090.0,513122.0,9 10 11 12 13 14 15 16 17 18 19 20 21 22 23 24 25 26 27 28 29 30 31 32 33 34 35 36 37 38 39 40 72 73 74 75 76 77 78 79 80 81 82 83 84 85 86 87 88 89 90 91 92 93 94 95 96 97 98 99 100 101 102 103,37758.0,False
base,switching_off,,513090.0,514890.0,107 108 109,-2.0,
base,active,511860.0,513122.0,513123.0,9 10 11 12 13 14 15 16 17 18 19 20 21 22 23 24 25 26 27 28 29 30 31 32 33 34 35 36 37 38 39 40 72 73 74 75 76 77 78 79 80 81 82 83 84 85 86 87 88 89 90 91 92 93 94 95 96 97 98 99 100 101 102 103,37759.0,False
base,active,511867.0,513123.0,513157.0,9 10 11 12 13 14 15 16 17 18 19 20 21 22 23 24 25 26 27 28 29 30 31 32 33 34 35 36 37 38 39 40 72 73 74 75 76 77 78 79 80 81 82 83 84 85 86 87 88 89 90 91 92 93 94 95 96 97 98 99 100 101 102 103,37760.0,False
base,active,511943.0,513157.0,513200.0,9 10 11 12 13 14 15 16 17 18 19 20 21 22 23 24 25 26 27 28 29 30 31 32 33 34 35 36 37 38 39 40 72 73 74 75 76 77 78 79 80 81 82 83 84 85 86 87 88 89 90 91 92 93 94 95 96 97 98 99 100 101 102 103,37762.0,False
base,active,512007.0,513200.0,513230.0,9 10 11 12 13 14 15 16 17 18 19 20 21 22 23 24 25 26 27 28 29 30 31 32 33 34 35 36 37 38 39 40 72 73 74 75 76 77 78 79 80 81 82 83 84 85 86 87 88 89 90 91 92 93 94 95 96 97 98 99 100 101 102 103,37764.0,False
base,active,512065.0,513230.0,513262.0,9 10 11 12 13 14 15 16 17 18 19 20 21 22 23 24 25 26 27 28 29 30 31 32 33 34 35 36 37 38 39 40 72 73 74 75 76 77 78 79 80 81 82 83 84 85 86 87 88 89 90 91 92 93 94 95 96 97 98 99 100 101 102 103,37765.0,False
base,active,512113.0,513262.0,513294.0,9 10 11 12 13 14 15 16 17 18 19 20 21 22 23 24 25 26 27 28 29 30 31 32 33 34 35 36 37 38 39 40 72 73 74 75 76 77 78 79 80 81 82 83 84 85 86 87 88 89 90 91 92 93 94 95 96 97 98 99 100 101 102 103,37766.0,False
base,active,512152.0,513262.0,513299.0,1 2 3 106,37767.0,False
base,active,,513273.0,513294.0,4 5,-1.0,
base,active,,513273.0,513573.0,6 7 104 105 110 111 118 119 120 121 122 123 124 125,-1.0,
base,active,512173.0,513294.0,513323.0,4 5,37769.0,False
base,active,512160.0,513294.0,513325.0,9 10 11 12 13 14 15 16 17 18 19 20 21 22 23 24 25 26 27 28 29 30 31 32 33 34 35 36 37 38 39 40 72 73 74 75 76 77 78 79 80 81 82 83 84 85 86 87 88 89 90 91 92 93 94 95 96 97 98 99 100 101 102 103,37768.0,False
base,active,,513299.0,513599.0,1 2 3 106,-1.0,
base,active,,513300.0,513600.0,0,-1.0,
base,active,,513323.0,513623.0,5,-1.0,
base,active,,513323.0,513776.0,4,-1.0,
base,active,512206.0,513325.0,513356.0,9 10 11 12 13 14 15 16 17 18 19 20 21 22 23 24 25 26 27 28 29 30 31 32 33 34 35 36 37 38 39 40 72 73 74 75 76 77 78 79 80 81 82 83 84 85 86 87 88 89 90 91 92 93 94 95 96 97 98 99 100 101 102 103,37770.0,False
base,active,512252.0,513356.0,513466.0,9 10 11 12 13 14 15 16 17 18 19 20 21 22 23 24 25 26 27 28 29 30 31 32 33 34 35 36 37 38 39 40 72 73 74 75 76 77 78 79 80 81 82 83 84 85 86 87 88 89 90 91 92 93 94 95 96 97 98 99 100 101 102 103,37771.0,False
base,active,512372.0,513466.0,513571.0,9 10 11 12 13 14 15 16 17 18 19 20 21 22 23 24 25 26 27 28 29 30 31 32 33 34 35 36 37 38 39 40 72 73 74 75 76 77 78 79 80 81 82 83 84 85 86 87 88 89 90 91 92 93 94 95 96 97 98 99 100 101 102 103,37774.0,False
base,active,512491.0,513571.0,513676.0,9 10 11 12 13 14 15 16 17 18 19 20 21 22 23 24 25 26 27 28 29 30 31 32 33 34 35 36 37 38 39 40 72 73 74 75 76 77 78 79 80 81 82 83 84 85 86 87 88 89 90 91 92 93 94 95 96 97 98 99 100 101 102 103,37777.0,False
base,switching_off,,513573.0,515373.0,6 7 104 105 110 111 118 119 120 121 122 123 124 125,-2.0,
base,switching_off,,513599.0,515399.0,1 2 3 106,-2.0,
base,switching_off,,513600.0,515400.0,0,-2.0,
base,switching_off,,513623.0,515423.0,5,-2.0,
base,active,512611.0,513676.0,513776.0,9 10 11 12 13 14 15 16 17 18 19 20 21 22 23 24 25 26 27 28 29 30 31 32 33 34 35 36 37 38 39 40 72 73 74 75 76 77 78 79 80 81 82 83 84 85 86 87 88 89 90 91 92 93 94 95 96 97 98 99 100 101 102 103,37779.0,False
base,active,512744.0,513776.0,513791.0,4,37781.0,False
base,active,512725.0,513776.0,513876.0,9 10 11 12 13 14 15 16 17 18 19 20 21 22 23 24 25 26 27 28 29 30 31 32 33 34 35 36 37 38 39 40 72 73 74 75 76 77 78 79 80 81 82 83 84 85 86 87 88 89 90 91 92 93 94 95 96 97 98 99 100 101 102 103,37780.0,False
base,active,,513791.0,514091.0,4,-1.0,
base,active,512837.0,513876.0,513977.0,9 10 11 12 13 14 15 16 17 18 19 20 21 22 23 24 25 26 27 28 29 30 31 32 33 34 35 36 37 38 39 40 72 73 74 75 76 77 78 79 80 81 82 83 84 85 86 87 88 89 90 91 92 93 94 95 96 97 98 99 100 101 102 103,37782.0,False
base,active,512948.0,513977.0,514019.0,9 10 11 12 13 14 15 16 17 18 19 20 21 22 23 24 25 26 27 28 29 30 31 32 33 34 35 36 37 38 39 40 72 73 74 75 76 77 78 79 80 81 82 83 84 85 86 87 88 89 90 91 92 93 94 95 96 97 98 99 100 101 102 103,37783.0,False
base,sleeping,,513986.0,548919.0,126 127,-4.0,
base,active,512995.0,514019.0,514120.0,9 10 11 12 13 14 15 16 17 18 19 20 21 22 23 24 25 26 27 28 29 30 31 32 33 34 35 36 37 38 39 40 72 73 74 75 76 77 78 79 80 81 82 83 84 85 86 87 88 89 90 91 92 93 94 95 96 97 98 99 100 101 102 103,37784.0,False
base,active,,514061.0,514221.0,116 117,-1.0,
base,active,,514081.0,514120.0,112,-1.0,
base,active,,514081.0,514221.0,113 114 115,-1.0,
base,switching_off,,514091.0,515891.0,4,-2.0,
base,active,513660.0,514120.0,514128.0,112,37788.0,False
base,active,513112.0,514120.0,514221.0,9 10 11 12 13 14 15 16 17 18 19 20 21 22 23 24 25 26 27 28 29 30 31 32 33 34 35 36 37 38 39 40 72 73 74 75 76 77 78 79 80 81 82 83 84 85 86 87 88 89 90 91 92 93 94 95 96 97 98 99 100 101 102 103,37786.0,False
base,active,,514128.0,514221.0,112,-1.0,
base,active,514051.0,514221.0,514245.0,78 79 80 81 82 83 84 85 86 87 88 89 90 91 92 93 94 95 96 97 98 99 100 101 102 103 112 113 114 115 116 117,37793.0,False
base,active,513831.0,514221.0,516269.0,76 77,37791.0,False
base,active,513804.0,514221.0,516294.0,72 73 74 75,37790.0,False
base,active,513728.0,514221.0,516753.0,9 10 11 12 13 14 15 16 17 18 19 20 21 22 23 24 25 26 27 28 29 30 31 32 33 34 35 36 37 38 39 40,37789.0,False
base,active,514138.0,514245.0,514271.0,78 79 80 81 82 83 84 85 86 87 88 89 90 91 92 93 94 95 96 97 98 99 100 101 102 103 112 113 114 115 116 117,37794.0,False
base,active,,514271.0,514381.0,78 79 80 81 82 83 84 85 86 87 88 89 90 91 92 93 94 95 96 97 98 99 100 101 102 103 112 113 114 115 116 117,-1.0,
base,active,514381.0,514381.0,514699.0,78 79 80 81 82 83 84 85 86 87 88 89 90 91 92 93 94 95 96 97 98 99 100 101 102 103 112 113 114 115 116 117,37798.0,False
base,active,,514699.0,514725.0,78 79 80 81 82 83 84 85,-1.0,
base,active,,514699.0,515443.0,86 87 88 89 90 91 92 93 94 95 96 97 98 99 100 101 102 103 112 113 114 115 116 117,-1.0,
base,active,514725.0,514725.0,514798.0,78 79 80 81 82 83 84 85,37800.0,False
base,active,,514798.0,515443.0,78 79 80 81 82 83 84 85,-1.0,
base,sleeping,,514890.0,530101.0,107 108 109,-4.0,
base,sleeping,,515373.0,521066.0,6 7,-4.0,
base,sleeping,,515373.0,530101.0,104 105 110 111,-4.0,
base,sleeping,,515373.0,530126.0,118 119 120 121 122 123 124,-4.0,
base,sleeping,,515373.0,548919.0,125,-4.0,
base,sleeping,,515399.0,521066.0,1 2 3,-4.0,
base,sleeping,,515399.0,530101.0,106,-4.0,
base,sleeping,,515400.0,521066.0,0,-4.0,
base,sleeping,,515423.0,521066.0,5,-4.0,
base,active,514741.0,515443.0,515485.0,8 41 42 43 44 45 46 47 48 49 50 51 52 53 54 55 56 57 58 59 60 61 62 63 64 65 66 67 68 69 70 71 78 79 80 81 82 83 84 85 86 87 88 89 90 91 92 93 94 95 96 97 98 99 100 101 102 103 112 113 114 115 116 117,37801.0,False
base,active,515090.0,515485.0,515587.0,8 41 42 43 44 45 46 47 48 49 50 51 52 53 54 55 56 57 58 59 60 61 62 63 64 65 66 67 68 69 70 71 78 79 80 81 82 83 84 85 86 87 88 89 90 91 92 93 94 95 96 97 98 99 100 101 102 103 112 113 114 115 116 117,37803.0,False
base,active,515110.0,515587.0,515604.0,8,37804.0,False
base,active,515113.0,515587.0,515636.0,41 42 43 44 45 46 47 48,37805.0,False
base,active,515211.0,515587.0,516050.0,49 50 51 52 53 54 55 56,37806.0,False
base,active,,515587.0,516050.0,57 58 59 60 61 62 63 64 65 66 67 68 69 70 71 78 79 80 81 82 83 84 85 86 87 88 89 90 91 92 93 94 95 96 97 98 99 100 101 102 103 112 113 114 115 116 117,-1.0,
base,active,,515604.0,516050.0,8,-1.0,
base,active,,515636.0,516050.0,41 42 43 44 45 46 47 48,-1.0,
base,sleeping,,515891.0,521066.0,4,-4.0,
base,active,515281.0,516050.0,516136.0,8 41 42 43 44 45 46 47 48 49 50 51 52 53 54 55 56 57 58 59 60 61 62 63 64 65 66 67 68 69 70 71 78 79 80 81 82 83 84 85 86 87 88 89 90 91 92 93 94 95 96 97 98 99 100 101 102 103 112 113 114 115 116 117,37807.0,False
base,active,515869.0,516136.0,516245.0,48 49 50 51 52 53 54 55,37811.0,False
base,active,,516136.0,516314.0,56 57 58 59 60 61 62 63 64 65 66 67 68 69 70 71 78 79,-1.0,
base,active,,516136.0,516436.0,80 81 82 83 84 85 86 87 88 89 90 91 92 93 94 95 96 97 98 99 100 101 102 103 112 113 114 115 116 117,-1.0,
base,active,515725.0,516136.0,516613.0,8 41 42 43 44 45 46 47,37809.0,False
base,active,,516245.0,516262.0,48,-1.0,
base,active,,516245.0,516314.0,49 50 51 52 53 54 55,-1.0,
base,active,516262.0,516262.0,516271.0,48,37816.0,False
base,active,,516269.0,516314.0,76 77,-1.0,
base,active,,516271.0,516314.0,48,-1.0,
base,active,,516294.0,516314.0,72 73 74 75,-1.0,
base,active,516314.0,516314.0,516729.0,48 49 50 51 52 53 54 55 56 57 58 59 60 61 62 63 64 65 66 67 68 69 70 71 72 73 74 75 76 77 78 79,37817.0,False
base,switching_off,,516436.0,518236.0,80 81 82 83 84 85 86 87 88 89 90 91 92 93 94 95 96 97 98 99 100 101 102 103 112 113 114 115 116 117,-2.0,
base,active,516545.0,516613.0,516650.0,8 41 42 43,37818.0,False
base,active,,516613.0,516786.0,44 45 46 47,-1.0,
base,active,,516650.0,516786.0,8 41 42 43,-1.0,
base,active,516595.0,516729.0,516756.0,48 49 50 51 52 53 54 55 56 57 58 59 60 61 62 63 64 65 66 67 68 69 70 71 72 73 74 75 76 77 78 79,37819.0,False
base,active,,516753.0,516786.0,9 10 11 12 13 14 15 16 17 18 19 20 21 22 23 24 25 26 27 28 29 30 31 32 33 34 35 36 37 38 39 40,-1.0,
base,active,,516756.0,516785.0,48 49 50 51 52 53 54 55,-1.0,
base,active,,516756.0,516786.0,56 57 58 59 60 61 62 63 64 65 66 67 68 69 70 71 72 73 74 75 76 77 78 79,-1.0,
base,active,516785.0,516785.0,517271.0,48 49 50 51 52 53 54 55,37821.0,False
base,active,516786.0,516786.0,520112.0,8 9 10 11 12 13 14 15 16 17 18 19 20 21 22 23 24 25 26 27 28 29 30 31 32 33 34 35 36 37 38 39 40 41 42 43 44 45 46 47 56 57 58 59 60 61 62 63 64 65 66 67 68 69 70 71 72 73 74 75 76 77 78 79,37822.0,False
base,active,,517271.0,517428.0,48 49 50 51 52 53 54 55,-1.0,
base,active,517428.0,517428.0,517463.0,48 49 50 51 52 53 54 55,37824.0,False
base,active,,517463.0,517763.0,48 49 50 51 52 53 54 55,-1.0,
base,switching_off,,517763.0,519563.0,48 49 50 51 52 53 54 55,-2.0,
base,sleeping,,518236.0,522881.0,80 81 82 83 84 85,-4.0,
base,sleeping,,518236.0,522935.0,86,-4.0,
base,sleeping,,518236.0,530101.0,87 88 89 90 91 92 93 94 95 96 97 98 99 100 101 102 103 112 113 114 115 116,-4.0,
base,sleeping,,518236.0,530126.0,117,-4.0,
base,sleeping,,519563.0,521066.0,48 49 50 51 52 53 54 55,-4.0,
base,active,518579.0,520112.0,520156.0,65 66 67 68 69 70 71 72,37834.0,False
base,active,518532.0,520112.0,520468.0,41 42 43 44 45 46 47 56 57 58 59 60 61 62 63 64,37833.0,False
base,active,517820.0,520112.0,521672.0,40,37831.0,False
base,active,,520112.0,521672.0,73 74 75 76 77 78 79,-1.0,
base,active,517747.0,520112.0,521745.0,8 9 10 11 12 13 14 15 16 17 18 19 20 21 22 23 24 25 26 27 28 29 30 31 32 33 34 35 36 37 38 39,37829.0,False
base,active,518736.0,520156.0,520197.0,65 66 67 68 69 70 71 72,37835.0,False
base,active,,520197.0,521672.0,65 66 67 68 69 70 71 72,-1.0,
base,active,,520468.0,521672.0,41 42 43 44 45 46 47 56 57 58 59 60 61 62 63 64,-1.0,
base,switching_on,,521066.0,523766.0,0 1 2 3 4 5 6 7 48 49 50 51 52 53 54 55,-3.0,
base,active,519449.0,521672.0,521829.0,40 41 42 43 44 45 46 47 56 57 58 59 60 61 62 63 64 65 66 67 68 69 70 71 72 73 74 75 76 77 78 79,37842.0,False
base,active,520041.0,521745.0,521773.0,9,37845.0,False
base,active,519519.0,521745.0,521834.0,8,37843.0,False
base,active,520072.0,521745.0,522090.0,10 11 12 13 14 15 16 17 18 19 20 21 22 23 24 25,37846.0,False
base,active,,521745.0,522090.0,26 27 28 29 30 31 32 33 34 35 36 37 38 39,-1.0,
base,active,,521773.0,522090.0,9,-1.0,
base,active,,521829.0,522090.0,40 41 42 43 44 45 46 47 56 57 58 59 60 61 62 63 64 65 66 67 68 69 70 71 72 73 74 75 76 77 78 79,-1.0,
base,active,,521834.0,522090.0,8,-1.0,
base,active,520292.0,522090.0,522449.0,8 9 10 11 12 13 14 15 16 17 18 19 20 21 22 23 24 25 26 27 28 29 30 31 32 33 34 35 36 37 38 39 40 41 42 43 44 45 46 47 56 57 58 59 60 61 62 63 64 65 66 67 68 69 70 71 72 73 74 75 76 77 78 79,37847.0,False
base,active,520652.0,522449.0,522471.0,8,37849.0,False
base,active,,522449.0,522471.0,9 10 11 12 13 14 15 16 17 18 19 20 21 22 23 24 25 26 27 28 29 30 31 32 33 34 35 36 37 38 39 40 41 42 43 44 45 46 47 56 57 58 59 60 61 62 63 64 65 66 67 68 69 70 71 72 73 74 75 76 77 78 79,-1.0,
base,active,520813.0,522471.0,523908.0,8 9 10 11 12 13 14 15 16 17 18 19 20 21 22 23 24 25 26 27 28 29 30 31 32 33 34 35 36 37 38 39 40 41 42 43 44 45 46 47 56 57 58 59 60 61 62 63 64 65 66 67 68 69 70 71 72 73 74 75 76 77 78 79,37852.0,False
base,switching_on,,522881.0,525581.0,80 81 82 83 84 85,-3.0,
base,switching_on,,522935.0,525635.0,86,-3.0,
base,active,521066.0,523766.0,523911.0,0 1 2 3 4 5 6 7 48 49 50 51 52 53 54 55,37856.0,False
base,active,521743.0,523908.0,523987.0,24 25 26 27 28 29 30 31 32 33 34 35 36 37 38 39 40 41 42 43 44 45 46 47 56 57 58 59 60 61 62 63,37859.0,False
base,active,521548.0,523908.0,524413.0,8 9 10 11 12 13 14 15 16 17 18 19 20 21 22 23,37858.0,False
base,active,,523908.0,525581.0,70 71 72 73 74 75 76 77 78 79,-1.0,
base,active,522007.0,523908.0,525984.0,68 69,37861.0,False
base,active,521985.0,523908.0,526004.0,64 65 66 67,37860.0,False
base,active,,523911.0,523987.0,0 1 2 3 4 5 6 7 48,-1.0,
base,active,,523911.0,524413.0,49 50 51 52 53 54 55,-1.0,
base,active,522254.0,523987.0,524013.0,48,37865.0,False
base,active,522152.0,523987.0,524100.0,0 1 2 3 4 5 6 7,37864.0,False
base,active,522131.0,523987.0,524119.0,24 25 26 27 28 29 30 31 32 33 34 35 36 37 38 39 40 41 42 43 44 45 46 47 56 57 58 59 60 61 62 63,37863.0,False
base,active,,524013.0,524413.0,48,-1.0,
base,active,,524100.0,524413.0,0 1 2 3 4 5 6 7,-1.0,
base,active,,524119.0,524413.0,24 25 26 27 28 29 30 31 32 33 34 35 36 37 38 39 40 41 42 43 44 45 46 47 56 57 58 59 60 61 62 63,-1.0,
base,active,522306.0,524413.0,525843.0,0 1 2 3 4 5 6 7 8 9 10 11 12 13 14 15 16 17 18 19 20 21 22 23 24 25 26 27 28 29 30 31 32 33 34 35 36 37 38 39 40 41 42 43 44 45 46 47 48 49 50 51 52 53 54 55 56 57 58 59 60 61 62 63,37866.0,False
base,active,522881.0,525581.0,525761.0,70 71 72 73 74 75 76 77 78 79 80 81 82 83 84 85,37872.0,False
base,active,522935.0,525635.0,525653.0,86,37873.0,False
base,active,,525653.0,525953.0,86,-1.0,
base,active,523083.0,525761.0,526062.0,70 71 72 73 74 75 76 77 78 79 80 81 82 83 84 85,37874.0,False
base,active,523740.0,525843.0,525857.0,40,37879.0,False
base,active,523330.0,525843.0,525939.0,32 33 34 35 36 37 38 39,37877.0,False
base,active,,525843.0,525939.0,41 42 43 44 45 46 47 48 49 50 51 52 53 54 55 56 57 58 59 60 61 62 63,-1.0,
base,active,523309.0,525843.0,525958.0,0 1 2 3 4 5 6 7 8 9 10 11 12 13 14 15 16 17 18 19 20 21 22 23 24 25 26 27 28 29 30 31,37876.0,False
base,active,,525857.0,525939.0,40,-1.0,
base,active,523824.0,525939.0,526055.0,32 33 34 35 36 37 38 39 40 41 42 43 44 45 46 47 48 49 50 51 52 53 54 55 56 57 58 59 60 61 62 63,37880.0,False
base,switching_off,,525953.0,527753.0,86,-2.0,
base,active,524326.0,525958.0,525967.0,24,37889.0,False
base,active,524207.0,525958.0,525986.0,8 9 10 11 12 13 14 15,37886.0,False
base,active,524244.0,525958.0,526040.0,16 17 18 19 20 21 22 23,37888.0,False
base,active,523850.0,525958.0,526050.0,0 1 2 3 4 5 6 7,37881.0,False
base,active,,525958.0,526055.0,25,-1.0,
base,active,,525958.0,526183.0,26 27 28 29,-1.0,
base,active,,525958.0,526286.0,30 31,-1.0,
base,active,,525967.0,526055.0,24,-1.0,
base,active,,525984.0,526055.0,68 69,-1.0,
base,active,,525986.0,526055.0,8 9 10 11 12 13 14 15,-1.0,
base,active,,526004.0,526055.0,64 65 66 67,-1.0,
base,active,,526040.0,526055.0,16 17 18 19 20 21 22 23,-1.0,
base,active,,526050.0,526055.0,0 1 2 3 4 5 6 7,-1.0,
base,active,524521.0,526055.0,527674.0,0 1 2 3 4 5 6 7 8 9 10 11 12 13 14 15 16 17 18 19 20 21 22 23 24 25 32 33 34 35 36 37 38 39 40 41 42 43 44 45 46 47 48 49 50 51 52 53 54 55 56 57 58 59 60 61 62 63 64 65 66 67 68 69,37890.0,False
base,active,524582.0,526062.0,526183.0,70 71 72 73 74 75 76 77,37891.0,False
base,active,,526062.0,526183.0,78 79 80 81 82 83 84 85,-1.0,
base,active,524797.0,526183.0,526215.0,26 27 28 29,37893.0,False
base,active,524711.0,526183.0,526840.0,70 71 72 73 74 75 76 77 78 79 80 81 82 83 84 85,37892.0,False
base,active,524837.0,526215.0,526286.0,26 27 28 29,37894.0,False
base,active,525299.0,526286.0,526304.0,31,37898.0,False
base,active,525245.0,526286.0,526328.0,30,37897.0,False
base,active,524993.0,526286.0,526349.0,26 27 28 29,37896.0,False
base,active,,526304.0,526349.0,31,-1.0,
base,active,,526328.0,526349.0,30,-1.0,
base,active,525344.0,526349.0,529457.0,30 31,37901.0,False
base,active,525321.0,526349.0,529477.0,26 27 28 29,37899.0,False
base,active,525414.0,526840.0,527026.0,70 71 72 73 74 75 76 77 78 79 80 81 82 83 84 85,37902.0,False
base,active,525649.0,527026.0,527126.0,70 71 72 73,37903.0,False
base,active,,527026.0,527126.0,74 75 76 77 78 79 80 81 82 83 84 85,-1.0,
base,active,525745.0,527126.0,527492.0,70 71 72 73 74 75 76 77 78 79 80 81 82 83 84 85,37905.0,False
base,active,526118.0,527492.0,527891.0,70 71 72 73 74 75 76 77 78 79 80 81 82 83 84 85,37910.0,False
base,active,526166.0,527674.0,527685.0,1,37912.0,False
base,active,526147.0,527674.0,527690.0,0,37911.0,False
base,active,,527674.0,527690.0,2 3 4 5 6 7 8 9 10 11 12 13 14 15 16 17 18 19 20 21 22 23 24 25 32 33 34 35 36 37 38 39 40 41 42 43 44 45 46 47 48 49 50 51 52 53 54 55 56 57 58 59 60 61 62 63 64 65 66 67 68 69,-1.0,
base,active,,527685.0,527690.0,1,-1.0,
base,active,526209.0,527690.0,529110.0,0 1 2 3 4 5 6 7 8 9 10 11 12 13 14 15 16 17 18 19 20 21 22 23 24 25 32 33 34 35 36 37 38 39 40 41 42 43 44 45 46 47 48 49 50 51 52 53 54 55 56 57 58 59 60 61 62 63 64 65 66 67 68 69,37913.0,False
base,sleeping,,527753.0,530101.0,86,-4.0,
base,active,526827.0,527891.0,527998.0,70 71 72 73 74 75 76 77 78 79 80 81 82 83 84 85,37915.0,False
base,active,527078.0,527998.0,528134.0,70 71 72 73 74 75 76 77 78 79 80 81 82 83 84 85,37917.0,False
base,active,527477.0,528134.0,528227.0,70 71 72 73 74 75 76 77 78 79 80 81 82 83 84 85,37921.0,False
base,active,527665.0,528227.0,528233.0,71,37925.0,False
base,active,527633.0,528227.0,528242.0,70,37924.0,False
base,active,,528227.0,529124.0,72 73 74 75 76 77 78 79 80 81 82 83 84 85,-1.0,
base,active,,528233.0,529124.0,71,-1.0,
base,active,,528242.0,529110.0,70,-1.0,
base,active,527683.0,529110.0,529124.0,70,37927.0,False
base,active,527674.0,529110.0,530547.0,0 1 2 3 4 5 6 7 8 9 10 11 12 13 14 15 16 17 18 19 20 21 22 23 24 25 32 33 34 35 36 37 38 39 40 41 42 43 44 45 46 47 48 49 50 51 52 53 54 55 56 57 58 59 60 61 62 63 64 65 66 67 68 69,37926.0,False
base,active,527821.0,529124.0,529182.0,70 71 72 73 74 75 76 77 78 79 80 81 82 83 84 85,37928.0,False
base,active,527884.0,529182.0,529318.0,70 71 72 73 74 75 76 77 78 79 80 81 82 83 84 85,37929.0,False
base,active,528300.0,529318.0,529395.0,70 71 72 73 74 75 76 77 78 79 80 81 82 83 84 85,37931.0,False
base,active,,529395.0,529695.0,71 72 73 74 75 76 77 78 79 80 81 82 83 84 85,-1.0,
base,active,,529395.0,530721.0,70,-1.0,
base,active,,529457.0,530721.0,30 31,-1.0,
base,active,,529477.0,530721.0,26 27 28 29,-1.0,
base,switching_off,,529695.0,531495.0,71 72 73 74 75 76 77 78 79 80 81 82 83 84 85,-2.0,
base,switching_on,,530101.0,532801.0,86 87 88 89 90 91 92 93 94 95 96 97 98 99 100 101 102 103 104 105 106 107 108 109 110 111 112 113 114 115 116,-3.0,
base,switching_on,,530126.0,532826.0,117 118 119 120 121 122 123 124,-3.0,
base,active,529018.0,530547.0,530566.0,39,37937.0,False
base,active,529132.0,530547.0,530573.0,47,37942.0,False
base,active,529129.0,530547.0,530583.0,46,37941.0,False
base,active,528959.0,530547.0,530593.0,38,37935.0,False
base,active,528853.0,530547.0,530721.0,0 1 2 3 4 5 6 7 8 9 10 11 12 13 14 15 16 17 18 19 20 21 22 23 24 25 32 33 34 35 36 37,37933.0,False
base,active,,530547.0,530721.0,48 49 50 51 52 53 54 55 56 57 58 59 60 61 62 63 64 65 66 67 68 69,-1.0,
base,active,529066.0,530547.0,533639.0,44 45,37940.0,False
base,active,529043.0,530547.0,533660.0,40 41 42 43,37938.0,False
base,active,,530566.0,530721.0,39,-1.0,
base,active,,530573.0,530721.0,47,-1.0,
base,active,,530583.0,530721.0,46,-1.0,
base,active,,530593.0,530721.0,38,-1.0,
base,active,529358.0,530721.0,530745.0,70,37945.0,False
base,active,529209.0,530721.0,531438.0,0 1 2 3 4 5 6 7 8 9 10 11 12 13 14 15 16 17 18 19 20 21 22 23 24 25 26 27 28 29 30 31 32 33 34 35 36 37 38 39 46 47 48 49 50 51 52 53 54 55 56 57 58 59 60 61 62 63 64 65 66 67 68 69,37944.0,False
base,active,,530745.0,532801.0,70,-1.0,
base,active,529479.0,531438.0,531521.0,32 33 34 35 36 37 38 39 46 47 48 49 50 51 52 53,37947.0,False
base,active,529475.0,531438.0,531593.0,0 1 2 3 4 5 6 7 8 9 10 11 12 13 14 15 16 17 18 19 20 21 22 23 24 25 26 27 28 29 30 31,37946.0,False
base,active,,531438.0,531593.0,54 55 56 57 58 59 60 61 62 63 64 65 66 67 68 69,-1.0,
base,sleeping,,531495.0,542535.0,71 72 73 74 75 76 77 78 79,-4.0,
base,sleeping,,531495.0,548919.0,80 81 82 83 84 85,-4.0,
base,active,,531521.0,531593.0,32 33 34 35 36 37 38 39 46 47 48 49 50 51 52 53,-1.0,
base,active,529947.0,531593.0,533003.0,0 1 2 3 4 5 6 7 8 9 10 11 12 13 14 15 16 17 18 19 20 21 22 23 24 25 26 27 28 29 30 31 32 33 34 35 36 37 38 39 46 47 48 49 50 51 52 53 54 55 56 57 58 59 60 61 62 63 64 65 66 67 68 69,37949.0,False
base,active,530101.0,532801.0,532923.0,70 86 87 88 89 90 91 92 93 94 95 96 97 98 99 100 101 102 103 104 105 106 107 108 109 110 111 112 113 114 115 116,37950.0,False
base,active,530126.0,532826.0,532925.0,117 118 119 120 121 122 123 124,37951.0,False
base,active,530493.0,532923.0,532974.0,101 102 103 104,37954.0,False
base,active,,532923.0,533121.0,105 106 107 108,-1.0,
base,active,530158.0,532923.0,533397.0,70 86 87 88 89 90 91 92 93 94 95 96 97 98 99 100,37952.0,False
base,active,,532923.0,533397.0,109 110 111 112 113 114 115 116,-1.0,
base,active,,532925.0,533121.0,117 118 119 120 121 122 123 124,-1.0,
base,active,,532974.0,533121.0,101 102 103 104,-1.0,
base,active,531388.0,533003.0,533012.0,47,37964.0,False
base,active,531361.0,533003.0,533016.0,46,37963.0,False
base,active,531175.0,533003.0,533097.0,32 33 34 35 36 37 38 39,37961.0,False
base,active,531149.0,533003.0,533121.0,0 1 2 3 4 5 6 7 8 9 10 11 12 13 14 15 16 17 18 19 20 21 22 23 24 25 26 27 28 29 30 31,37960.0,False
base,active,,533003.0,533121.0,48 49 50 51 52 53 54 55 56 57 58 59 60 61 62 63 64 65 66 67 68 69,-1.0,
base,active,,533012.0,533121.0,47,-1.0,
base,active,,533016.0,533121.0,46,-1.0,
base,active,,533097.0,533121.0,32 33 34 35 36 37 38 39,-1.0,
base,active,531879.0,533121.0,533174.0,101 102 103 104 105 106 107 108 117 118 119 120 121 122 123 124,37967.0,False
base,active,531443.0,533121.0,534562.0,0 1 2 3 4 5 6 7 8 9 10 11 12 13 14 15 16 17 18 19 20 21 22 23 24 25 26 27 28 29 30 31 32 33 34 35 36 37 38 39 46 47 48 49 50 51 52 53 54 55 56 57 58 59 60 61 62 63 64 65 66 67 68 69,37965.0,False
base,active,,533174.0,533397.0,101 102 103 104 105 106 107 108 117 118 119 120 121 122 123 124,-1.0,
base,active,532042.0,533397.0,533487.0,109 110 111 112 113 114 115 116,37969.0,False
base,active,532017.0,533397.0,533510.0,70 86 87 88 89 90 91 92 93 94 95 96 97 98 99 100 101 102 103 104 105 106 107 108 117 118 119 120 121 122 123 124,37968.0,False
base,active,532919.0,533487.0,533494.0,110,37976.0,False
base,active,532928.0,533487.0,533498.0,111,37977.0,False
base,active,532887.0,533487.0,533501.0,109,37975.0,False
base,active,,533487.0,533787.0,116,-1.0,
base,active,,533487.0,534562.0,112 113 114 115,-1.0,
base,active,,533494.0,534562.0,110,-1.0,
base,active,,533498.0,534562.0,111,-1.0,
base,active,,533501.0,534562.0,109,-1.0,
base,active,,533510.0,534562.0,70 86 87 88 89 90 91 92 93 94 95 96 97 98 99 100 101 102 103 104 105 106 107 108 117 118 119 120 121 122 123 124,-1.0,
base,active,,533639.0,534562.0,44 45,-1.0,
base,active,,533660.0,534562.0,40 41 42 43,-1.0,
base,switching_off,,533787.0,535587.0,116,-2.0,
base,active,533781.0,534562.0,534576.0,115,37982.0,False
base,active,533130.0,534562.0,534608.0,40 41 42 43,37979.0,False
base,active,533580.0,534562.0,534652.0,109 110 111 112 113 114 123 124,37981.0,False
base,active,533552.0,534562.0,534678.0,44 45 70 86 87 88 89 90 91 92 93 94 95 96 97 98 99 100 101 102 103 104 105 106 107 108 117 118 119 120 121 122,37980.0,False
base,active,532974.0,534562.0,535971.0,0 1 2 3 4 5 6 7 8 9 10 11 12 13 14 15 16 17 18 19 20 21 22 23 24 25 26 27 28 29 30 31 32 33 34 35 36 37 38 39 46 47 48 49 50 51 52 53 54 55 56 57 58 59 60 61 62 63 64 65 66 67 68 69,37978.0,False
base,active,,534576.0,534876.0,115,-1.0,
base,active,,534608.0,534908.0,40 41 42 43,-1.0,
base,active,,534652.0,534952.0,111 112 113 114 123 124,-1.0,
base,active,,534652.0,536136.0,109 110,-1.0,
base,active,,534678.0,535971.0,44 45 70 86,-1.0,
base,active,,534678.0,536136.0,87 88 89 90 91 92 93 94 95 96 97 98 99 100 101 102 103 104 105 106 107 108 117 118 119 120 121 122,-1.0,
base,switching_off,,534876.0,536676.0,115,-2.0,
base,switching_off,,534908.0,536708.0,40 41 42 43,-2.0,
base,switching_off,,534952.0,536752.0,111 112 113 114 123 124,-2.0,
base,sleeping,,535587.0,548919.0,116,-4.0,
base,active,534427.0,535971.0,535980.0,86,37987.0,False
base,active,534386.0,535971.0,535986.0,70,37986.0,False
base,active,534124.0,535971.0,535987.0,45,37985.0,False
base,active,534088.0,535971.0,535989.0,44,37984.0,False
base,active,533917.0,535971.0,536136.0,0 1 2 3 4 5 6 7 8 9 10 11 12 13 14 15 16 17 18 19 20 21 22 23 24 25 26 27 28 29 30 31 32 33 34 35 36 37 38 39 46 47 48 49 50 51 52 53 54 55 56 57 58 59 60 61 62 63 64 65 66 67 68 69,37983.0,False
base,active,,535980.0,536136.0,86,-1.0,
base,active,,535986.0,536136.0,70,-1.0,
base,active,,535987.0,536136.0,45,-1.0,
base,active,,535989.0,536136.0,44,-1.0,
base,active,534591.0,536136.0,536156.0,44,37989.0,False
base,active,534741.0,536136.0,536228.0,110,37991.0,False
base,active,534675.0,536136.0,536292.0,45 70 86 87 88 89 90 91 92 93 94 95 96 97 98 99 100 101 102 103 104 105 106 107 108 109 117 118 119 120 121 122,37990.0,False
base,active,534480.0,536136.0,537547.0,0 1 2 3 4 5 6 7 8 9 10 11 12 13 14 15 16 17 18 19 20 21 22 23 24 25 26 27 28 29 30 31 32 33 34 35 36 37 38 39 46 47 48 49 50 51 52 53 54 55 56 57 58 59 60 61 62 63 64 65 66 67 68 69,37988.0,False
base,active,535547.0,536156.0,536196.0,44,37992.0,False
base,active,535600.0,536196.0,536216.0,44,37993.0,False
base,active,,536216.0,536516.0,44,-1.0,
base,active,,536228.0,536528.0,110,-1.0,
base,active,535894.0,536292.0,536305.0,90,37996.0,False
base,active,535895.0,536292.0,536314.0,91,37997.0,False
base,active,,536292.0,536592.0,93 94 95 96 97 98 99 100 101 102 103 104 105 106 107 108 109 117 118 119 120 121 122,-1.0,
base,active,535646.0,536292.0,537085.0,88 89,37995.0,False
base,active,535625.0,536292.0,537103.0,45 70 86 87,37994.0,False
base,active,,536292.0,537547.0,92,-1.0,
base,active,,536305.0,537547.0,90,-1.0,
base,active,,536314.0,537547.0,91,-1.0,
base,switching_off,,536516.0,538316.0,44,-2.0,
base,switching_off,,536528.0,538328.0,110,-2.0,
base,switching_off,,536592.0,538392.0,93 94 95 96 97 98 99 100 101 102 103 104 105 106 107 108 109 117 118 119 120 121 122,-2.0,
base,sleeping,,536676.0,548919.0,115,-4.0,
base,sleeping,,536708.0,542535.0,40 41 42 43,-4.0,
base,sleeping,,536752.0,548919.0,111 112 113 114 123 124,-4.0,
base,active,,537085.0,537547.0,88 89,-1.0,
base,active,,537103.0,537547.0,45 70 86 87,-1.0,
base,active,536434.0,537547.0,537553.0,92,38000.0,False
base,active,536007.0,537547.0,538076.0,45 70 86 87 88 89 90 91,37999.0,False
base,active,535951.0,537547.0,539026.0,0 1 2 3 4 5 6 7 8 9 10 11 12 13 14 15 16 17 18 19 20 21 22 23 24 25 26 27 28 29 30 31 32 33 34 35 36 37 38 39 46 47 48 49 50 51 52 53 54 55 56 57 58 59 60 61 62 63 64 65 66 67 68 69,37998.0,False
base,active,,537553.0,537853.0,92,-1.0,
base,switching_off,,537853.0,539653.0,92,-2.0,
base,active,,538076.0,538376.0,70 86 87 88 89 90 91,-1.0,
base,active,,538076.0,539659.0,45,-1.0,
base,sleeping,,538316.0,542535.0,44,-4.0,
base,sleeping,,538328.0,548919.0,110,-4.0,
base,switching_off,,538376.0,540176.0,70 86 87 88 89 90 91,-2.0,
base,sleeping,,538392.0,548919.0,93 94 95 96 97 98 99 100 101 102 103 104 105 106 107 108 109 117 118 119 120 121 122,-4.0,
base,active,537434.0,539026.0,539039.0,47,38004.0,False
base,active,536952.0,539026.0,539057.0,46,38003.0,False
base,active,536899.0,539026.0,539173.0,32 33 34 35 36 37 38 39,38002.0,False
base,active,536833.0,539026.0,539237.0,0 1 2 3 4 5 6 7 8 9 10 11 12 13 14 15 16 17 18 19 20 21 22 23 24 25 26 27 28 29 30 31,38001.0,False
base,active,,539026.0,539237.0,48 49 50 51 52 53 54 55 56 57 58 59 60 61 62 63 64 65 66 67 68 69,-1.0,
base,active,,539039.0,539237.0,47,-1.0,
base,active,,539057.0,539237.0,46,-1.0,
base,active,,539173.0,539237.0,32 33 34 35 36 37 38 39,-1.0,
base,active,537624.0,539237.0,539659.0,0 1 2 3 4 5 6 7 8 9 10 11 12 13 14 15 16 17 18 19 20 21 22 23 24 25 26 27 28 29 30 31 32 33 34 35 36 37 38 39 46 47 48 49 50 51 52 53 54 55 56 57 58 59 60 61 62 63 64 65 66 67 68 69,38005.0,False
base,sleeping,,539653.0,548919.0,92,-4.0,
base,active,538094.0,539659.0,539680.0,45,38007.0,False
base,active,538070.0,539659.0,540630.0,0 1 2 3 4 5 6 7 8 9 10 11 12 13 14 15 16 17 18 19 20 21 22 23 24 25 26 27 28 29 30 31 32 33 34 35 36 37 38 39 46 47 48 49 50 51 52 53 54 55 56 57 58 59 60 61 62 63 64 65 66 67 68 69,38006.0,False
base,active,,539680.0,540630.0,45,-1.0,
base,sleeping,,540176.0,542535.0,70,-4.0,
base,sleeping,,540176.0,548919.0,86 87 88 89 90 91,-4.0,
base,active,538936.0,540630.0,540675.0,45,38010.0,False
base,active,538884.0,540630.0,540762.0,32 33 34 35 36 37 38 39 46 47 48 49 50 51 52 53 54 55 56 57 58 59 60 61 62 63 64 65 66 67 68 69,38009.0,False
base,active,538253.0,540630.0,540847.0,0 1 2 3 4 5 6 7 8 9 10 11 12 13 14 15 16 17 18 19 20 21 22 23 24 25 26 27 28 29 30 31,38008.0,False
base,active,538945.0,540675.0,540697.0,45,38011.0,False
base,active,538993.0,540697.0,540718.0,45,38012.0,False
base,active,,540718.0,540847.0,45,-1.0,
base,active,540256.0,540762.0,540768.0,36,38015.0,False
base,active,539019.0,540762.0,540784.0,32 33 34 35,38013.0,False
base,active,,540762.0,540847.0,37 38 39 46 47 48 49 50 51 52 53 54 55 56 57 58 59 60 61 62 63 64 65 66 67 68 69,-1.0,
base,active,,540768.0,540847.0,36,-1.0,
base,active,,540784.0,540847.0,32 33 34 35,-1.0,
base,active,540414.0,540847.0,540867.0,45,38017.0,False
base,active,540324.0,540847.0,542624.0,0 1 2 3 4 5 6 7 8 9 10 11 12 13 14 15 16 17 18 19 20 21 22 23 24 25 26 27 28 29 30 31 32 33 34 35 36 37 38 39 46 47 48 49 50 51 52 53 54 55 56 57 58 59 60 61 62 63 64 65 66 67 68 69,38016.0,False
base,active,,540867.0,542716.0,45,-1.0,
base,switching_on,,542535.0,545235.0,40 41 42 43 44 70 71 72 73 74 75 76 77 78 79,-3.0,
base,active,540719.0,542624.0,542665.0,0 1 2 3 4 5 6 7,38018.0,False
base,active,540769.0,542624.0,542666.0,8 9 10 11 12 13 14 15,38019.0,False
base,active,540930.0,542624.0,542701.0,22 23,38023.0,False
base,active,540922.0,542624.0,542706.0,20 21,38022.0,False
base,active,540914.0,542624.0,542711.0,18 19,38021.0,False
base,active,540906.0,542624.0,542716.0,16 17,38020.0,False
base,active,,542624.0,542716.0,25 26 27 28 29 30 31 32 33 34 35 36 37 38 39 46 47 48 49 50 51 52 53 54 55 56 57 58 59 60 61 62 63 64 65 66 67 68 69,-1.0,
base,active,540940.0,542624.0,542787.0,24,38024.0,False
base,active,,542665.0,542716.0,0 1 2 3 4 5 6 7,-1.0,
base,active,,542666.0,542716.0,8 9 10 11 12 13 14 15,-1.0,
base,active,,542701.0,542716.0,22 23,-1.0,
base,active,,542706.0,542716.0,20 21,-1.0,
base,active,,542711.0,542716.0,18 19,-1.0,
base,active,541153.0,542716.0,543546.0,0 1 2 3 4 5 6 7 8 9 10 11 12 13 14 15 16 17 18 19 20 21 22 23 25 26 27 28 29 30 31 32 33 34 35 36 37 38 39 45 46 47 48 49 50 51 52 53 54 55 56 57 58 59 60 61 62 63 64 65 66 67 68 69,38025.0,False
base,active,,542787.0,545235.0,24,-1.0,
base,active,542189.0,543546.0,545305.0,0 1 2 3 4 5 6 7 8 9 10 11 12 13 14 15 16 17 18 19 20 21 22 23 25 26 27 28 29 30 31 32 33 34 35 36 37 38 39 45 46 47 48 49 50 51 52 53 54 55 56 57 58 59 60 61 62 63 64 65 66 67 68 69,38026.0,False
base,active,542535.0,545235.0,545298.0,24 40 41 42 43 44 70 71 72 73 74 75 76 77 78 79,38027.0,False
base,active,542793.0,545298.0,545356.0,24 40 41 42 43 44 70 71 72 73 74 75 76 77 78 79,38028.0,False
base,active,543371.0,545305.0,545311.0,17,38032.0,False
base,active,543950.0,545305.0,545321.0,23,38035.0,False
base,active,543222.0,545305.0,545329.0,0,38029.0,False
base,active,543296.0,545305.0,545377.0,9 10 11 12 13 14 15 16,38031.0,False
base,active,543392.0,545305.0,545381.0,19 20 21 22,38034.0,False
base,active,,545305.0,545381.0,30 31 32 33 34 35 36 37 38 39 45 46 47 48 49 50 51 52 53 54 55 56 57 58 59 60 61 62 63 64 65 66 67 68 69,-1.0,
base,active,543271.0,545305.0,545411.0,1 2 3 4 5 6 7 8,38030.0,False
base,active,543380.0,545305.0,545417.0,18,38033.0,False
base,active,544011.0,545305.0,545442.0,29,38037.0,False
base,active,543975.0,545305.0,545639.0,25 26 27 28,38036.0,False
base,active,,545311.0,545381.0,17,-1.0,
base,active,,545321.0,545381.0,23,-1.0,
base,active,,545329.0,545381.0,0,-1.0,
base,active,,545356.0,545381.0,24 40 41 42 43 44 70 71 72 73 74 75 76 77 78 79,-1.0,
base,active,,545377.0,545381.0,9 10 11 12 13 14 15 16,-1.0,
base,active,544234.0,545381.0,545455.0,68,38039.0,False
base,active,544411.0,545381.0,546819.0,69,38040.0,False
base,active,544053.0,545381.0,547966.0,0 9 10 11 12 13 14 15 16 17 19 20 21 22 23 24 30 31 32 33 34 35 36 37 38 39 40 41 42 43 44 45 46 47 48 49 50 51 52 53 54 55 56 57 58 59 60 61 62 63 64 65 66 67 70 71 72 73 74 75 76 77 78 79,38038.0,False
base,active,,545411.0,545711.0,1 2 3 4 5 6 7 8,-1.0,
base,active,,545417.0,545717.0,18,-1.0,
base,active,,545442.0,545742.0,29,-1.0,
base,active,,545455.0,545755.0,68,-1.0,
base,active,,545639.0,545865.0,25,-1.0,
base,active,,545639.0,545939.0,26 27 28,-1.0,
base,switching_off,,545711.0,547511.0,1 2 3 4 5 6 7 8,-2.0,
base,switching_off,,545717.0,547517.0,18,-2.0,
base,switching_off,,545742.0,547542.0,29,-2.0,
base,switching_off,,545755.0,547555.0,68,-2.0,
base,active,545865.0,545865.0,545973.0,25,38041.0,False
base,switching_off,,545939.0,547739.0,26 27 28,-2.0,
base,active,,545973.0,546273.0,25,-1.0,
base,switching_off,,546273.0,548073.0,25,-2.0,
base,active,,546819.0,547119.0,69,-1.0,
base,switching_off,,547119.0,548919.0,69,-2.0,
base,sleeping,,547511.0,548919.0,1 2 3 4 5 6 7 8,-4.0,
base,sleeping,,547517.0,548919.0,18,-4.0,
base,sleeping,,547542.0,548919.0,29,-4.0,
base,sleeping,,547555.0,548919.0,68,-4.0,
base,sleeping,,547739.0,548919.0,26 27 28,-4.0,
base,active,545941.0,547966.0,548002.0,46 47 48 49 50 51 52 53 54 55 56 57 58 59 60 61,38043.0,False
base,active,545886.0,547966.0,548004.0,0 9 10 11 12 13 14 15 16 17 19 20 21 22 23 24 30 31 32 33 34 35 36 37 38 39 40 41 42 43 44 45,38042.0,False
base,active,,547966.0,548004.0,64,-1.0,
base,active,546257.0,547966.0,548032.0,63,38045.0,False
base,active,546025.0,547966.0,548092.0,62,38044.0,False
base,active,,547966.0,551619.0,65 66 67 70 71 72 73 74 75 76 77 78 79,-1.0,
base,active,,548002.0,548004.0,46 47 48 49 50 51 52 53 54 55 56 57 58 59 60 61,-1.0,
base,active,546319.0,548004.0,548040.0,0 9 10 11 12 13 14 15 16 17 19 20 21 22 23 24 30 31 32 33 34 35 36 37 38 39 40 41 42 43 44 45,38046.0,False
base,active,546428.0,548004.0,548045.0,47 48 49 50 51 52 53 54 55 56 57 58 59 60 61 64,38048.0,False
base,active,546338.0,548004.0,548305.0,46,38047.0,False
base,active,,548032.0,551619.0,63,-1.0,
base,active,546650.0,548040.0,548056.0,30,38050.0,False
base,active,546474.0,548040.0,548075.0,0 9 10 11 12 13 14 15 16 17 19 20 21 22 23 24,38049.0,False
base,active,,548040.0,551619.0,31 32 33 34 35 36 37 38 39 40 41 42 43 44 45,-1.0,
base,active,,548045.0,551619.0,47 48 49 50 51 52 53 54 55 56 57 58 59 60 61 64,-1.0,
base,active,,548056.0,551619.0,30,-1.0,
base,sleeping,,548073.0,548919.0,25,-4.0,
base,active,,548075.0,551619.0,0 9 10 11 12 13 14 15 16 17 19 20 21 22 23 24,-1.0,
base,active,,548092.0,551619.0,62,-1.0,
base,active,,548305.0,551619.0,46,-1.0,
base,switching_on,,548919.0,551619.0,1 2 3 4 5 6 7 8 18 25 26 27 28 29 68 69 80 81 82 83 84 85 86 87 88 89 90 91 92 93 94 95 96 97 98 99 100 101 102 103 104 105 106 107 108 109 110 111 112 113 114 115 116 117 118 119 120 121 122 123 124 125 126 127,-3.0,
base,active,547254.0,551619.0,551741.0,0 1 2 3 4 5 6 7 8 9 10 11 12 13 14 15 16 17 18 19 20 21 22 23 24 25 26 27 28 29 30 31 32 33 34 35 36 37 38 39 40 41 42 43 44 45 46 47 48 49 50 51 52 53 54 55 56 57 58 59 60 61 62 63 64 65 66 67 68 69 70 71 72 73 74 75 76 77 78 79 80 81 82 83 84 85 86 87 88 89 90 91 92 93 94 95 96 97 98 99 100 101 102 103 104 105 106 107 108 109 110 111 112 113 114 115 116 117 118 119 120 121 122 123 124 125 126 127,38051.0,False
base,active,548090.0,551741.0,551755.0,48,38059.0,False
base,active,,551741.0,551755.0,65 66 67 68 69 70 71 72 73 74 75 76 77 78 79 80 81 82 83 84 85 86 87 88 89 90 91 92 93 94 95 96 97 98 99 100 101 102 103 104 105 106 107 108 109 110 111 112 113 114 115 116 117 118 119 120 121 122 123 124 125 126 127,-1.0,
base,active,547426.0,551741.0,551773.0,16 17 18 19,38053.0,False
base,active,547691.0,551741.0,551776.0,32 33 34 35 36 37 38 39,38056.0,False
base,active,547387.0,551741.0,551777.0,0 1 2 3 4 5 6 7 8 9 10 11 12 13 14 15,38052.0,False
base,active,548446.0,551741.0,551788.0,57 58 59 60,38061.0,False
base,active,547743.0,551741.0,551799.0,40 41 42 43,38057.0,False
base,active,547461.0,551741.0,551817.0,20 21 22 23,38054.0,False
base,active,548603.0,551741.0,552048.0,61 62 63 64,38062.0,False
base,active,548258.0,551741.0,552060.0,49 50 51 52 53 54 55 56,38060.0,False
base,active,547806.0,551741.0,552484.0,44 45 46 47,38058.0,False
base,active,547575.0,551741.0,552699.0,24 25 26 27 28 29 30 31,38055.0,False
base,active,548704.0,551755.0,551791.0,48 65 66 67 68 69 70 71 72 73 74 75 76 77 78 79 80 81 82 83 84 85 86 87 88 89 90 91 92 93 94 95 96 97 98 99 100 101 102 103 104 105 106 107 108 109 110 111 112 113 114 115 116 117 118 119 120 121 122 123 124 125 126 127,38063.0,False
base,active,548744.0,551773.0,551806.0,16 17 18 19,38064.0,False
base,active,548783.0,551776.0,551808.0,32 33 34 35,38065.0,False
base,active,548819.0,551776.0,551811.0,36 37 38 39,38066.0,False
base,active,551668.0,551777.0,551808.0,8,38069.0,False
base,active,548856.0,551777.0,551809.0,0 1 2 3 4 5 6 7,38067.0,False
base,active,551710.0,551777.0,551831.0,9,38070.0,False
base,active,,551777.0,552077.0,10 11 12 13 14 15,-1.0,
base,active,,551788.0,552088.0,57 58 59 60,-1.0,
base,active,,551791.0,552091.0,48 65 66 67 68 69 70 71 72 73 74 75 76 77 78 79 80 81 82 83 84 85 86 87 88 89 90 91 92 93 94 95 96 97 98 99 100 101 102 103 104 105 106 107 108 109 110 111 112 113 114 115 116 117 118 119 120 121 122 123 124 125 126 127,-1.0,
base,active,,551799.0,552099.0,40 41 42 43,-1.0,
base,active,,551806.0,552106.0,16 17 18 19,-1.0,
base,active,,551808.0,552108.0,8 32 33 34 35,-1.0,
base,active,,551809.0,552109.0,0 1 2 3 4 5 6 7,-1.0,
base,active,,551811.0,552111.0,36 37 38 39,-1.0,
base,active,,551817.0,552117.0,20 21 22 23,-1.0,
base,active,,551831.0,552131.0,9,-1.0,
base,active,,552048.0,552348.0,61 62 63 64,-1.0,
base,active,,552060.0,552360.0,49 50 51 52 53 54 55 56,-1.0,
base,switching_off,,552077.0,553877.0,10 11 12 13 14 15,-2.0,
base,switching_off,,552088.0,553888.0,57 58 59 60,-2.0,
base,switching_off,,552091.0,553891.0,48 65 66 67 68 69 70 71 72 73 74 75 76 77 78 79 80 81 82 83 84 85 86 87 88 89 90 91 92 93 94 95 96 97 98 99 100 101 102 103 104 105 106 107 108 109 110 111 112 113 114 115 116 117 118 119 120 121 122 123 124 125 126 127,-2.0,
base,switching_off,,552099.0,553899.0,40 41 42 43,-2.0,
base,switching_off,,552106.0,553906.0,16 17 18 19,-2.0,
base,switching_off,,552108.0,553908.0,8 32 33 34 35,-2.0,
base,switching_off,,552109.0,553909.0,0 1 2 3 4 5 6 7,-2.0,
base,switching_off,,552111.0,553911.0,36 37 38 39,-2.0,
base,switching_off,,552117.0,553917.0,20 21 22 23,-2.0,
base,switching_off,,552131.0,553931.0,9,-2.0,
base,switching_off,,552348.0,554148.0,61 62 63 64,-2.0,
base,switching_off,,552360.0,554160.0,49 50 51 52 53 54 55 56,-2.0,
base,active,,552484.0,552784.0,44 45 46 47,-1.0,
base,active,,552699.0,552999.0,24 25 26 27 28 29 30 31,-1.0,
base,switching_off,,552784.0,554584.0,44 45 46 47,-2.0,
base,switching_off,,552999.0,554799.0,24 25 26 27 28 29 30 31,-2.0,
base,sleeping,,553877.0,554799.0,10 11 12 13 14 15,-4.0,
base,sleeping,,553888.0,554799.0,57 58 59 60,-4.0,
base,sleeping,,553891.0,554799.0,48 65 66 67 68 69 70 71 72 73 74 75 76 77 78 79 80 81 82 83 84 85 86 87 88 89 90 91 92 93 94 95 96 97 98 99 100 101 102 103 104 105 106 107 108 109 110 111 112 113 114 115 116 117 118 119 120 121 122 123 124 125 126 127,-4.0,
base,sleeping,,553899.0,554799.0,40 41 42 43,-4.0,
base,sleeping,,553906.0,554799.0,16 17 18 19,-4.0,
base,sleeping,,553908.0,554799.0,8 32 33 34 35,-4.0,
base,sleeping,,553909.0,554799.0,0 1 2 3 4 5 6 7,-4.0,
base,sleeping,,553911.0,554799.0,36 37 38 39,-4.0,
base,sleeping,,553917.0,554799.0,20 21 22 23,-4.0,
base,sleeping,,553931.0,554799.0,9,-4.0,
base,sleeping,,554148.0,554799.0,61 62 63 64,-4.0,
base,sleeping,,554160.0,554799.0,49 50 51 52 53 54 55 56,-4.0,
base,sleeping,,554584.0,554799.0,44 45 46 47,-4.0,
base,switching_on,,554799.0,557499.0,0 1 2 3 4 5 6 7 8 9 10 11 12 13 14 15 16 17 18 19 20 21 22 23 24 25 26 27 28 29 30 31 32 33 34 35 36 37 38 39 40 41 42 43 44 45 46 47 48 49 50 51 52 53 54 55 56 57 58 59 60 61 62 63 64 65 66 67 68 69 70 71 72 73 74 75 76 77 78 79 80 81 82 83 84 85 86 87 88 89 90 91 92 93 94 95 96 97 98 99 100 101 102 103 104 105 106 107 108 109 110 111 112 113 114 115 116 117 118 119 120 121 122 123 124 125 126 127,-3.0,
base,active,554797.0,557499.0,557670.0,0 1 2 3 4 5 6 7 8 9 10 11 12 13 14 15 16 17 18 19 20 21 22 23 24 25 26 27 28 29 30 31 32 33 34 35 36 37 38 39 40 41 42 43 44 45 46 47 48 49 50 51 52 53 54 55 56 57 58 59 60 61 62 63 64 65 66 67 68 69 70 71 72 73 74 75 76 77 78 79 80 81 82 83 84 85 86 87 88 89 90 91 92 93 94 95 96 97 98 99 100 101 102 103 104 105 106 107 108 109 110 111 112 113 114 115 116 117 118 119 120 121 122 123 124 125 126 127,38074.0,False
base,active,554978.0,557670.0,568602.0,0 1 2 3 4 5 6 7 8 9 10 11 12 13 14 15 16 17 18 19 20 21 22 23 24 25 26 27 28 29 30 31 32 33 34 35 36 37 38 39 40 41 42 43 44 45 46 47 48 49 50 51 52 53 54 55 56 57 58 59 60 61 62 63 64 65 66 67 68 69 70 71 72 73 74 75 76 77 78 79 80 81 82 83 84 85 86 87 88 89 90 91 92 93 94 95 96 97 98 99 100 101 102 103 104 105 106 107 108 109 110 111 112 113 114 115 116 117 118 119 120 121 122 123 124 125 126 127,38075.0,False
base,active,565931.0,568602.0,568685.0,0 1 2 3 4 5 6 7 8 9 10 11 12 13 14 15 16 17 18 19 20 21 22 23 24 25 26 27 28 29 30 31 32 33 34 35 36 37 38 39 40 41 42 43 44 45 46 47 48 49 50 51 52 53 54 55 56 57 58 59 60 61 62 63 64 65 66 67 68 69 70 71 72 73 74 75 76 77 78 79 80 81 82 83 84 85 86 87 88 89 90 91 92 93 94 95 96 97 98 99 100 101 102 103 104 105 106 107 108 109 110 111 112 113 114 115 116 117 118 119 120 121 122 123 124 125 126 127,38076.0,False
base,active,,568685.0,568985.0,64 65 66 67 68 69 70 71 72 73 74 75 76 77 78 79 80 81 82 83 84 85 86 87 88 89 90 91 92 93 94 95 96 97 98 99 100 101 102 103 104 105 106 107 108 109 110 111 112 113 114 115 116 117 118 119 120 121 122 123 124 125 126 127,-1.0,
base,active,566017.0,568685.0,579612.0,0 1 2 3 4 5 6 7 8 9 10 11 12 13 14 15 16 17 18 19 20 21 22 23 24 25 26 27 28 29 30 31 32 33 34 35 36 37 38 39 40 41 42 43 44 45 46 47 48 49 50 51 52 53 54 55 56 57 58 59 60 61 62 63,38077.0,False
base,switching_off,,568985.0,570785.0,64 65 66 67 68 69 70 71 72 73 74 75 76 77 78 79 80 81 82 83 84 85 86 87 88 89 90 91 92 93 94 95 96 97 98 99 100 101 102 103 104 105 106 107 108 109 110 111 112 113 114 115 116 117 118 119 120 121 122 123 124 125 126 127,-2.0,
base,sleeping,,570785.0,592838.0,64 65 66 67 68 69 70 71 72 73 74 75 76 77 78 79 80 81 82 83 84 85 86 87 88 89 90 91 92 93 94 95 96 97 98 99 100 101 102 103 104 105 106 107 108 109 110 111 112 113 114 115 116 117 118 119 120 121 122 123 124 125 126 127,-4.0,
base,active,,579612.0,579912.0,0 1 2 3 4 5 6 7 8 9 10 11 12 13 14 15 16 17 18 19 20 21 22 23 24 25 26 27 28 29 30 31 32 33 34 35 36 37 38 39 40 41 42 43 44 45 46 47 48 49 50 51 52 53 54 55 56 57 58 59 60 61 62 63,-1.0,
base,switching_off,,579912.0,581712.0,0 1 2 3 4 5 6 7 8 9 10 11 12 13 14 15 16 17 18 19 20 21 22 23 24 25 26 27 28 29 30 31 32 33 34 35 36 37 38 39 40 41 42 43 44 45 46 47 48 49 50 51 52 53 54 55 56 57 58 59 60 61 62 63,-2.0,
base,sleeping,,581712.0,584697.0,0 1 2 3 4 5 6 7,-4.0,
base,sleeping,,581712.0,584734.0,8,-4.0,
base,sleeping,,581712.0,587964.0,9 10 11 12,-4.0,
base,sleeping,,581712.0,589220.0,13 14 15 16 17 18 19 20 21 22 23 24 25 26 27 28 29 30 31 32 33 34 35 36 37 38 39 40,-4.0,
base,sleeping,,581712.0,592838.0,41 42 43 44 45 46 47 48 49 50 51 52 53 54 55 56 57 58 59 60 61 62 63,-4.0,
base,switching_on,,584697.0,587397.0,0 1 2 3 4 5 6 7,-3.0,
base,switching_on,,584734.0,587434.0,8,-3.0,
base,active,584697.0,587397.0,587509.0,0 1 2 3 4 5 6 7,38118.0,False
base,active,584734.0,587434.0,587483.0,8,38119.0,False
base,active,584795.0,587483.0,587526.0,8,38120.0,False
base,active,586790.0,587509.0,587512.0,1 2 3 4,38125.0,False
base,active,585173.0,587509.0,587559.0,0,38122.0,False
base,active,,587509.0,587809.0,5 6 7,-1.0,
base,active,587107.0,587512.0,587515.0,1 2 3 4,38126.0,False
base,active,587122.0,587515.0,587518.0,1 2 3 4,38127.0,False
base,active,,587518.0,587818.0,1 2 3 4,-1.0,
base,active,,587526.0,587826.0,8,-1.0,
base,active,,587559.0,587859.0,0,-1.0,
base,switching_off,,587809.0,589609.0,5 6 7,-2.0,
base,switching_off,,587818.0,589618.0,1 2 3 4,-2.0,
base,switching_off,,587826.0,589626.0,8,-2.0,
base,switching_off,,587859.0,589659.0,0,-2.0,
base,switching_on,,587964.0,590664.0,9 10 11 12,-3.0,
base,switching_on,,589220.0,591920.0,13 14 15 16 17 18 19 20 21 22 23 24 25 26 27 28 29 30 31 32 33 34 35 36 37 38 39 40,-3.0,
base,sleeping,,589609.0,592838.0,5 6 7,-4.0,
base,sleeping,,589618.0,592838.0,1 2 3 4,-4.0,
base,sleeping,,589626.0,592838.0,8,-4.0,
base,sleeping,,589659.0,592838.0,0,-4.0,
base,active,587964.0,590664.0,590667.0,9 10 11 12,38128.0,False
base,active,,590667.0,591920.0,9 10 11 12,-1.0,
base,active,589220.0,591920.0,591923.0,9 10 11 12 13 14 15 16 17 18 19 20 21 22 23 24 25 26 27 28 29 30 31 32 33 34 35 36 37 38 39 40,38129.0,False
base,active,589262.0,591923.0,591926.0,9 10 11 12 13 14 15 16 17 18 19 20 21 22 23 24 25 26 27 28 29 30 31 32 33 34 35 36 37 38 39 40,38130.0,False
base,active,589283.0,591926.0,591929.0,9 10 11 12 13 14 15 16 17 18 19 20 21 22 23 24 25 26 27 28 29 30 31 32 33 34 35 36 37 38 39 40,38131.0,False
base,active,590953.0,591929.0,591933.0,13,38139.0,False
base,active,591182.0,591929.0,591934.0,26,38142.0,False
base,active,591129.0,591929.0,591970.0,22 23 24 25,38141.0,False
base,active,591032.0,591929.0,591993.0,14 15 16 17 18 19 20 21,38140.0,False
base,active,590822.0,591929.0,592111.0,9 10 11 12,38138.0,False
base,active,,591929.0,592111.0,27 28 29 30 31 32 33 34 35 36 37 38 39 40,-1.0,
base,active,,591933.0,592111.0,13,-1.0,
base,active,,591934.0,592111.0,26,-1.0,
base,active,,591970.0,592111.0,22 23 24 25,-1.0,
base,active,,591993.0,592111.0,14 15 16 17 18 19 20 21,-1.0,
base,active,591634.0,592111.0,592190.0,9 10 11 12 13 14 15 16 17 18 19 20 21 22 23 24 25 26 27 28 29 30 31 32 33 34 35 36 37 38 39 40,38143.0,False
base,active,591656.0,592190.0,592248.0,9 10 11 12 13 14 15 16,38144.0,False
base,active,,592190.0,592248.0,17 18 19 20 21 22 23 24 25 26 27 28 29 30 31 32 33 34 35 36 37 38 39 40,-1.0,
base,active,591775.0,592248.0,592373.0,9 10 11 12 13 14 15 16 17 18 19 20 21 22 23 24 25 26 27 28 29 30 31 32 33 34 35 36 37 38 39 40,38145.0,False
base,active,591795.0,592373.0,592478.0,9 10 11 12 13 14 15 16,38146.0,False
base,active,591883.0,592373.0,592541.0,17 18 19 20 21 22 23 24 25 26 27 28 29 30 31 32,38147.0,False
base,active,,592373.0,592541.0,33 34 35 36 37 38 39 40,-1.0,
base,active,,592478.0,592541.0,9 10 11 12 13 14 15 16,-1.0,
base,active,592034.0,592541.0,592904.0,9 10 11 12 13 14 15 16 17 18 19 20 21 22 23 24 25 26 27 28 29 30 31 32 33 34 35 36 37 38 39 40,38148.0,False
base,switching_on,,592838.0,595538.0,0 1 2 3 4 5 6 7 8 41 42 43 44 45 46 47 48 49 50 51 52 53 54 55 56 57 58 59 60 61 62 63 64 65 66 67 68 69 70 71 72 73 74 75 76 77 78 79 80 81 82 83 84 85 86 87 88 89 90 91 92 93 94 95 96 97 98 99 100 101 102 103 104 105 106 107 108 109 110 111 112 113 114 115 116 117 118 119 120 121 122 123 124 125 126 127,-3.0,
base,active,592109.0,592904.0,593040.0,17 18 19 20 21 22 23 24 25 26 27 28 29 30 31 32,38150.0,False
base,active,592057.0,592904.0,593245.0,9 10 11 12 13 14 15 16,38149.0,False
base,active,,592904.0,593245.0,33 34 35 36 37 38 39 40,-1.0,
base,active,592612.0,593040.0,593217.0,17 18 19 20 21 22 23 24 25 26 27 28 29 30 31 32,38151.0,False
base,active,,593217.0,593245.0,17 18 19 20 21 22 23 24 25 26 27 28 29 30 31 32,-1.0,
base,active,592614.0,593245.0,593331.0,9 10 11 12 13 14 15 16 17 18 19 20 21 22 23 24 25 26 27 28 29 30 31 32 33 34 35 36 37 38 39 40,38152.0,False
base,active,592659.0,593331.0,593372.0,9 10 11 12 13 14 15 16,38153.0,False
base,active,,593331.0,595538.0,17 18 19 20 21 22 23 24 25 26 27 28 29 30 31 32 33 34 35 36 37 38 39 40,-1.0,
base,active,,593372.0,595538.0,9 10 11 12 13 14 15 16,-1.0,
base,active,592838.0,595538.0,595638.0,0 1 2 3 4 5 6 7 8 9 10 11 12 13 14 15 16 17 18 19 20 21 22 23 24 25 26 27 28 29 30 31 32 33 34 35 36 37 38 39 40 41 42 43 44 45 46 47 48 49 50 51 52 53 54 55 56 57 58 59 60 61 62 63 64 65 66 67 68 69 70 71 72 73 74 75 76 77 78 79 80 81 82 83 84 85 86 87 88 89 90 91 92 93 94 95 96 97 98 99 100 101 102 103 104 105 106 107 108 109 110 111 112 113 114 115 116 117 118 119 120 121 122 123 124 125 126 127,38154.0,False
base,active,592963.0,595638.0,595655.0,0,38155.0,False
base,active,593292.0,595638.0,595658.0,57,38160.0,False
base,active,593488.0,595638.0,595663.0,74,38163.0,False
base,active,593184.0,595638.0,595772.0,33 34 35 36 37 38 39 40,38158.0,False
base,active,,595638.0,595772.0,75 76 77 78 79 80 81 82 83 84 85 86 87 88 89 90 91 92 93 94 95 96 97 98 99 100 101 102 103 104 105 106 107 108 109 110 111 112 113 114 115 116 117 118 119 120 121 122 123 124 125 126 127,-1.0,
base,active,593440.0,595638.0,595778.0,58 59 60 61 62 63 64 65 66 67 68 69 70 71 72 73,38161.0,False
base,active,593196.0,595638.0,595826.0,41 42 43 44 45 46 47 48 49 50 51 52 53 54 55 56,38159.0,False
base,active,593111.0,595638.0,595843.0,1 2 3 4 5 6 7 8 9 10 11 12 13 14 15 16 17 18 19 20 21 22 23 24 25 26 27 28 29 30 31 32,38157.0,False
base,active,,595655.0,595772.0,0,-1.0,
base,active,,595658.0,595772.0,57,-1.0,
base,active,,595663.0,595772.0,74,-1.0,
base,active,593514.0,595772.0,601118.0,0 33 34 35 36 37 38 39 40 57 74 75 76 77 78 79 80 81 82 83 84 85 86 87 88 89 90 91 92 93 94 95 96 97 98 99 100 101 102 103 104 105 106 107 108 109 110 111 112 113 114 115 116 117 118 119 120 121 122 123 124 125 126 127,38164.0,False
base,active,594004.0,595778.0,595951.0,58 59 60 61 62 63 64 65 66 67 68 69 70 71 72 73,38166.0,False
base,active,594308.0,595826.0,595832.0,45,38169.0,False
base,active,,595826.0,595951.0,46 47 48,-1.0,
base,active,,595826.0,596126.0,49 50 51 52 53 54 55 56,-1.0,
base,active,594226.0,595826.0,596415.0,41 42 43 44,38167.0,False
base,active,,595832.0,595951.0,45,-1.0,
base,active,595343.0,595843.0,595845.0,21,38177.0,False
base,active,,595843.0,595951.0,22 23 24 25 26 27 28 29 30 31 32,-1.0,
base,active,594796.0,595843.0,596218.0,1 2 3 4 5 6 7 8 9 10 11 12 13 14 15 16,38174.0,False
base,active,595225.0,595843.0,599272.0,17 18 19 20,38176.0,False
base,active,,595845.0,595951.0,21,-1.0,
base,active,595364.0,595951.0,600338.0,21 22 23 24 25 26 27 28 29 30 31 32 45 46 47 48 58 59 60 61 62 63 64 65 66 67 68 69 70 71 72 73,38178.0,False
base,switching_off,,596126.0,597926.0,49 50 51 52 53 54 55 56,-2.0,
base,active,596169.0,596218.0,596231.0,1 2 3 4 5 6 7 8 9 10 11 12 13 14 15 16,38185.0,False
base,active,596209.0,596231.0,596244.0,1 2 3 4 5 6 7 8 9 10 11 12 13 14 15 16,38186.0,False
base,active,,596244.0,596455.0,1 2 3 4 5 6 7 8 9 10 11 12,-1.0,
base,active,,596244.0,596544.0,13 14 15 16,-1.0,
base,active,,596415.0,596455.0,41 42 43 44,-1.0,
base,active,596455.0,596455.0,596456.0,1 2 3 4 5 6 7 8 9 10 11 12 41 42 43 44,38187.0,False
base,active,,596456.0,596461.0,1 2 3 4 5 6 7 8,-1.0,
base,active,,596456.0,596630.0,9 10 11 12 41 42 43 44,-1.0,
base,active,596461.0,596461.0,596470.0,1 2 3 4 5 6 7 8,38188.0,False
base,active,,596470.0,596509.0,1 2 3 4 5 6 7 8,-1.0,
base,active,596509.0,596509.0,596519.0,1 2 3 4 5 6 7 8,38190.0,False
base,active,,596519.0,596630.0,1 2 3 4 5 6 7 8,-1.0,
base,switching_off,,596544.0,598344.0,13 14 15 16,-2.0,
base,active,596630.0,596630.0,596643.0,1 2 3 4 5 6 7 8 9 10 11 12 41 42 43 44,38191.0,False
base,active,,596643.0,596713.0,1 2 3 4 5 6 7 8 9 10 11 12 41 42 43 44,-1.0,
base,active,596713.0,596713.0,596724.0,1 2 3 4 5 6 7 8 9 10 11 12 41 42 43 44,38192.0,False
base,active,,596724.0,597024.0,1 2 3 4 5 6 7 8 9 10 11 12 41 42 43 44,-1.0,
base,switching_off,,597024.0,598824.0,1 2 3 4 5 6 7 8 9 10 11 12 41 42 43 44,-2.0,
base,sleeping,,597926.0,605783.0,49 50 51,-4.0,
base,sleeping,,597926.0,605886.0,52 53 54 55,-4.0,
base,sleeping,,597926.0,612839.0,56,-4.0,
base,sleeping,,598344.0,605783.0,13 14 15 16,-4.0,
base,sleeping,,598824.0,605783.0,1 2 3 4 5 6 7 8 9 10 11 12 41 42 43 44,-4.0,
base,active,,599272.0,600340.0,17,-1.0,
base,active,,599272.0,600373.0,18 19 20,-1.0,
base,active,597176.0,600338.0,600340.0,58 59 60 61 62 63 64 65 66 67 68 69 70 71 72 73,38196.0,False
base,active,597149.0,600338.0,600354.0,21 22 23 24 25 26 27 28 29 30 31 32 45 46 47 48,38195.0,False
base,active,597184.0,600340.0,600355.0,58 59 60 61 62 63 64 65 66 67 68 69 70 71 72 73,38197.0,False
base,active,597234.0,600340.0,600359.0,17,38198.0,False
base,active,598863.0,600354.0,600371.0,29,38208.0,False
base,active,598003.0,600354.0,600373.0,25 26 27 28,38205.0,False
base,active,,600354.0,600373.0,30 31 32 45 46 47 48,-1.0,
base,active,597582.0,600354.0,600403.0,21 22 23 24,38203.0,False
base,active,,600355.0,600373.0,58 59 60 61 62 63 64 65 66 67 68 69 70 71 72 73,-1.0,
base,active,,600359.0,600373.0,17,-1.0,
base,active,,600371.0,600373.0,29,-1.0,
base,active,598870.0,600373.0,600868.0,17 18 19 20 25 26 27 28 29 30 31 32 45 46 47 48 58 59 60 61 62 63 64 65 66 67 68 69 70 71 72 73,38209.0,False
base,active,,600403.0,600875.0,21,-1.0,
base,active,,600403.0,601118.0,22 23 24,-1.0,
base,active,598985.0,600868.0,600875.0,58 59 60 61 62 63 64 65 66 67 68 69 70 71 72 73,38211.0,False
base,active,598940.0,600868.0,600889.0,17 18 19 20 25 26 27 28 29 30 31 32 45 46 47 48,38210.0,False
base,active,598997.0,600875.0,600890.0,58 59 60 61 62 63 64 65 66 67 68 69 70 71 72 73,38213.0,False
base,active,599437.0,600875.0,601027.0,21,38218.0,False
base,active,,600889.0,601118.0,17 18 19 20 25 26 27 28 29 30 31 32 45 46 47 48,-1.0,
base,active,,600890.0,601118.0,58 59 60 61 62 63 64 65 66 67 68 69 70 71 72 73,-1.0,
base,active,,601027.0,601118.0,21,-1.0,
base,active,599713.0,601118.0,601131.0,21 58 59 60,38221.0,False
base,active,599762.0,601118.0,601186.0,17 18 19 20 22 23 24 25 26 27 28 29 30 31 32 45 46 47 48 61 62 63 64 65 66 67 68 69 70 71 72 73,38222.0,False
base,active,599459.0,601118.0,603909.0,0 33 34 35 36 37 38 39 40 57 74 75 76 77 78 79 80 81 82 83 84 85 86 87 88 89 90 91 92 93 94 95 96 97 98 99 100 101 102 103 104 105 106 107 108 109 110 111 112 113 114 115 116 117 118 119 120 121 122 123 124 125 126 127,38219.0,False
base,active,600373.0,601131.0,601143.0,21 58 59 60,38224.0,False
base,active,600433.0,601143.0,601158.0,21 58 59 60,38225.0,False
base,active,,601158.0,601458.0,21 58 59 60,-1.0,
base,active,,601186.0,601210.0,17 18 19 20 22 23 24 25 26 27 28 29 30 31 32 45 46 47 48 61 62 63 64 65 66 67 68 69 70 71 72 73,-1.0,
base,active,601210.0,601210.0,601334.0,17 18 19 20 22 23 24 25 26 27 28 29 30 31 32 45 46 47 48 61 62 63 64 65 66 67 68 69 70 71 72 73,38232.0,False
base,active,,601334.0,601524.0,17 18 19 20,-1.0,
base,active,,601334.0,601559.0,22 23 24 25 26 27 28 29 30 31 32 45 46 47 48 61 62 63 64 65 66 67 68 69 70 71 72 73,-1.0,
base,switching_off,,601458.0,603258.0,21 58 59 60,-2.0,
base,active,601524.0,601524.0,601555.0,17 18 19 20,38233.0,False
base,active,,601555.0,601559.0,17 18 19 20,-1.0,
base,active,601559.0,601559.0,601704.0,17 18 19 20 22 23 24 25 26 27 28 29 30 31 32 45 46 47 48 61 62 63 64 65 66 67 68 69 70 71 72 73,38234.0,False
base,active,,601704.0,601847.0,17 18 19 20,-1.0,
base,active,,601704.0,601937.0,22 23 24 25 26 27 28 29 30 31 32 45 46 47 48 61 62 63 64 65 66 67 68 69 70 71 72 73,-1.0,
base,active,601847.0,601847.0,601903.0,17 18 19 20,38236.0,False
base,active,,601903.0,601937.0,17 18 19 20,-1.0,
base,active,601937.0,601937.0,602395.0,17 18 19 20 22 23 24 25 26 27 28 29 30 31 32 45 46 47 48 61 62 63 64 65 66 67 68 69 70 71 72 73,38237.0,False
base,active,602120.0,602395.0,602417.0,31,38243.0,False
base,active,602011.0,602395.0,602429.0,22 23 24 25,38239.0,False
base,active,601983.0,602395.0,602430.0,17 18 19 20,38238.0,False
base,active,602260.0,602395.0,602439.0,70,38250.0,False
base,active,602070.0,602395.0,602441.0,27 28 29 30,38242.0,False
base,active,602135.0,602395.0,602441.0,32 45 46 47,38244.0,False
base,active,602047.0,602395.0,602457.0,26,38240.0,False
base,active,602236.0,602395.0,602476.0,66 67 68 69,38248.0,False
base,active,602170.0,602395.0,604000.0,64 65,38247.0,False
base,active,602147.0,602395.0,604020.0,48 61 62 63,38245.0,False
base,active,,602395.0,604020.0,71 72 73,-1.0,
base,active,,602417.0,604020.0,31,-1.0,
base,active,,602429.0,604020.0,22 23 24 25,-1.0,
base,active,,602430.0,604020.0,17 18 19 20,-1.0,
base,active,,602439.0,604020.0,70,-1.0,
base,active,,602441.0,604020.0,27 28 29 30 32 45 46 47,-1.0,
base,active,,602457.0,604020.0,26,-1.0,
base,active,,602476.0,604020.0,66 67 68 69,-1.0,
base,sleeping,,603258.0,605783.0,21,-4.0,
base,sleeping,,603258.0,613128.0,58 59 60,-4.0,
base,active,602264.0,603909.0,604129.0,0 33 34 35 36 37 38 39 40 57 74 75 76 77 78 79 80 81 82 83 84 85 86 87 88 89 90 91 92 93 94 95,38251.0,False
base,active,602397.0,603909.0,606150.0,96 97 98 99 100 101 102 103 104 105 106 107 108 109 110 111 112 113 114 115 116 117 118 119 120 121 122 123 124 125 126 127,38252.0,False
base,active,,604000.0,604020.0,64 65,-1.0,
base,active,602549.0,604020.0,604052.0,17 18 19 20 22 23 24 25 26 27 28 29 30 31 32 45 46 47 48 61 62 63 64 65 66 67 68 69 70 71 72 73,38254.0,False
base,active,602598.0,604052.0,604066.0,17 18 19 20,38255.0,False
base,active,602988.0,604052.0,604086.0,30,38259.0,False
base,active,602688.0,604052.0,604098.0,22 23 24 25,38256.0,False
base,active,,604052.0,604140.0,31 32 45 46,-1.0,
base,active,,604052.0,604155.0,47 48 61 62 63 64 65,-1.0,
base,active,602826.0,604052.0,604327.0,26 27 28 29,38257.0,False
base,active,,604052.0,604438.0,66 67 68 69 70 71 72 73,-1.0,
base,active,,604066.0,604129.0,17 18 19,-1.0,
base,active,,604066.0,604140.0,20,-1.0,
base,active,,604086.0,604129.0,30,-1.0,
base,active,,604098.0,604129.0,22 23 24 25,-1.0,
base,active,603143.0,604129.0,604140.0,0 33 34 35 36 37 38 39 40 57 74 75 76 77 78 79 80 81 82 83 84 85 86 87 88 89 90 91 92 93 94 95,38260.0,False
base,active,603235.0,604129.0,604188.0,17 18 19 30,38262.0,False
base,active,603168.0,604129.0,604438.0,22 23 24 25,38261.0,False
base,active,603298.0,604140.0,604155.0,0 33 34 35 36 37 38 39 40 57 74 75 76 77 78 79 80 81 82 83 84 85 86 87 88 89 90 91 92 93 94 95,38263.0,False
base,active,603386.0,604140.0,604160.0,46,38266.0,False
base,active,603349.0,604140.0,604184.0,20 31 32 45,38264.0,False
base,active,603838.0,604155.0,604181.0,64,38272.0,False
base,active,603617.0,604155.0,604195.0,47,38268.0,False
base,active,603696.0,604155.0,604203.0,48 61 62 63,38269.0,False
base,active,604142.0,604155.0,604254.0,65,38276.0,False
base,active,603467.0,604155.0,613036.0,0 33 34 35 36 37 38 39 40 57 74 75 76 77 78 79 80 81 82 83 84 85 86 87 88 89 90 91 92 93 94 95,38267.0,False
base,active,,604160.0,604438.0,46,-1.0,
base,active,,604181.0,604438.0,64,-1.0,
base,active,,604184.0,604438.0,20 31 32 45,-1.0,
base,active,,604188.0,604438.0,17 18 19 30,-1.0,
base,active,,604195.0,604438.0,47,-1.0,
base,active,,604203.0,604438.0,48 61 62 63,-1.0,
base,active,,604254.0,604438.0,65,-1.0,
base,active,,604327.0,604438.0,26 27 28 29,-1.0,
base,active,604180.0,604438.0,604610.0,17 18 19 20 22 23 24 25 26 27 28 29 30 31 32 45 46 47 48 61 62 63 64 65 66 67 68 69 70 71 72 73,38277.0,False
base,active,604441.0,604610.0,604636.0,19 20 22 23,38280.0,False
base,active,,604610.0,604643.0,24 25 26 27,-1.0,
base,active,604367.0,604610.0,604651.0,17,38278.0,False
base,active,604441.0,604610.0,604778.0,18,38279.0,False
base,active,,604610.0,604910.0,28 29 30 31 32 45 46 47 48 61 62 63 64 65 66 67 68 69 70 71 72 73,-1.0,
base,active,,604636.0,604643.0,19 20 22 23,-1.0,
base,active,604643.0,604643.0,605252.0,19 20 22 23 24 25 26 27,38282.0,False
base,active,,604651.0,604692.0,17,-1.0,
base,active,604692.0,604692.0,604717.0,17,38283.0,False
base,active,,604717.0,605017.0,17,-1.0,
base,active,,604778.0,605078.0,18,-1.0,
base,switching_off,,604910.0,606710.0,28 29 30 31 32 45 46 47 48 61 62 63 64 65 66 67 68 69 70 71 72 73,-2.0,
base,switching_off,,605017.0,606817.0,17,-2.0,
base,switching_off,,605078.0,606878.0,18,-2.0,
base,active,,605252.0,606150.0,19 20 22 23 24 25 26 27,-1.0,
base,switching_on,,605783.0,608483.0,1 2 3 4 5 6 7 8 9 10 11 12 13 14 15 16 21 41 42 43 44 49 50 51,-3.0,
base,switching_on,,605886.0,608586.0,52 53 54 55,-3.0,
base,active,605302.0,606150.0,606822.0,19 20 22 23 24 25 26 27,38286.0,False
base,active,605244.0,606150.0,609175.0,96 97 98 99 100 101 102 103 104 105 106 107 108 109 110 111 112 113 114 115 116 117 118 119 120 121 122 123 124 125 126 127,38285.0,False
base,sleeping,,606710.0,612355.0,28 29,-4.0,
base,sleeping,,606710.0,612839.0,30 31 32 45 46 47 48,-4.0,
base,sleeping,,606710.0,613128.0,61 62 63 64 65 66 67 68 69 70 71 72 73,-4.0,
base,sleeping,,606817.0,612355.0,17,-4.0,
base,active,,606822.0,608483.0,19 20 22 23 24 25 26 27,-1.0,
base,sleeping,,606878.0,612355.0,18,-4.0,
base,active,605783.0,608483.0,608672.0,1 2 3 4 5 6 7 8 9 10 11 12 13 14 15 16 19 20 21 22 23 24 25 26 27 41 42 43 44 49 50 51,38292.0,False
base,active,605886.0,608586.0,608604.0,52 53 54 55,38293.0,False
base,active,605938.0,608604.0,608630.0,52 53 54 55,38294.0,False
base,active,605987.0,608630.0,608654.0,52 53 54 55,38295.0,False
base,active,606074.0,608654.0,608706.0,52 53 54 55,38296.0,False
base,active,606245.0,608672.0,608684.0,13 14 15 16,38300.0,False
base,active,606540.0,608672.0,608688.0,27 41 42 43,38303.0,False
base,active,,608672.0,608706.0,44 49 50 51,-1.0,
base,active,606167.0,608672.0,608714.0,9 10 11 12,38299.0,False
base,active,606110.0,608672.0,608939.0,1 2 3 4 5 6 7 8,38298.0,False
base,active,606425.0,608672.0,609275.0,19 20 21 22 23 24 25 26,38301.0,False
base,active,,608684.0,608706.0,13 14 15 16,-1.0,
base,active,,608688.0,608706.0,27 41 42 43,-1.0,
base,active,606833.0,608706.0,608766.0,13 14 15 16 27 41 42 43 44 49 50 51 52 53 54 55,38304.0,False
base,active,,608714.0,609014.0,9 10 11 12,-1.0,
base,active,607061.0,608766.0,609025.0,13 14 15 16 27 41 42 43 44 49 50 51 52 53 54 55,38309.0,False
base,active,607111.0,608939.0,609555.0,1 2 3 4 5 6 7 8,38310.0,False
base,switching_off,,609014.0,610814.0,9 10 11 12,-2.0,
base,active,,609025.0,609555.0,13 14 15 16 27 41 42 43 44 49 50 51 52 53 54 55,-1.0,
base,active,607807.0,609175.0,609320.0,96 97 98 99 100 101 102 103 104 105 106 107 108 109 110 111 112 113 114 115 116 117 118 119 120 121 122 123 124 125 126 127,38313.0,False
base,active,,609275.0,609555.0,19 20 21 22 23 24 25 26,-1.0,
base,active,608011.0,609320.0,609456.0,96 97 98 99 100 101 102 103 104 105 106 107 108 109 110 111 112 113 114 115 116 117 118 119 120 121 122 123 124 125 126 127,38314.0,False
base,active,608285.0,609456.0,609595.0,96 97 98 99 100 101 102 103 104 105 106 107 108 109 110 111 112 113 114 115 116 117 118 119 120 121 122 123 124 125 126 127,38316.0,False
base,active,608440.0,609555.0,609697.0,1 2 3 4 5 6 7 8 13 14 15 16 19 20 21 22 23 24 25 26 27 41 42 43 44 49 50 51 52 53 54 55,38317.0,False
base,active,608844.0,609595.0,609730.0,96 97 98 99 100 101 102 103 104 105 106 107 108 109 110 111 112 113 114 115 116 117 118 119 120 121 122 123 124 125 126 127,38323.0,False
base,active,608999.0,609697.0,609830.0,1 2 3 4 5 6 7 8 13 14 15 16 19 20 21 22 23 24 25 26 27 41 42 43 44 49 50 51 52 53 54 55,38324.0,False
base,active,,609730.0,609830.0,100 101 102 103 104,-1.0,
base,active,,609730.0,609904.0,105 106 107,-1.0,
base,active,609215.0,609730.0,610027.0,96 97 98 99,38326.0,False
base,active,,609730.0,610030.0,108 109 110 111 112 113 114 115 116 117 118 119 120 121 122 123 124 125 126 127,-1.0,
base,active,609334.0,609830.0,609846.0,100,38328.0,False
base,active,609533.0,609830.0,610127.0,101 102 103 104,38329.0,False
base,active,609332.0,609830.0,612845.0,1 2 3 4 5 6 7 8 13 14 15 16 19 20 21 22 23 24 25 26 27 41 42 43 44 49 50 51 52 53 54 55,38327.0,False
base,active,,609846.0,609904.0,100,-1.0,
base,active,609904.0,609904.0,610210.0,100 105 106 107,38331.0,False
base,active,,610027.0,610327.0,96 97 98 99,-1.0,
base,switching_off,,610030.0,611830.0,108 109 110 111 112 113 114 115 116 117 118 119 120 121 122 123 124 125 126 127,-2.0,
base,active,,610127.0,610427.0,101 102 103 104,-1.0,
base,active,,610210.0,610286.0,100 105 106 107,-1.0,
base,active,610286.0,610286.0,610556.0,100 105 106 107,38336.0,False
base,switching_off,,610327.0,612127.0,96 97 98 99,-2.0,
base,switching_off,,610427.0,612227.0,101 102 103 104,-2.0,
base,active,,610556.0,610767.0,100 105,-1.0,
base,active,,610556.0,610856.0,106 107,-1.0,
base,active,610767.0,610767.0,610864.0,100 105,38338.0,False
base,sleeping,,610814.0,612355.0,9 10 11 12,-4.0,
base,switching_off,,610856.0,612656.0,106 107,-2.0,
base,active,,610864.0,611164.0,100 105,-1.0,
base,switching_off,,611164.0,612964.0,100 105,-2.0,
base,sleeping,,611830.0,613128.0,108 109 110 111,-4.0,
base,sleeping,,611830.0,619700.0,112 113 114 115 116 117 118 119 120 121 122 123 124 125,-4.0,
base,sleeping,,611830.0,640169.0,126 127,-4.0,
base,sleeping,,612127.0,613128.0,96 97 98 99,-4.0,
base,sleeping,,612227.0,613128.0,101 102 103 104,-4.0,
base,switching_on,,612355.0,615055.0,9 10 11 12 17 18 28 29,-3.0,
base,sleeping,,612656.0,613128.0,106 107,-4.0,
base,switching_on,,612839.0,615539.0,30 31 32 45 46 47 48 56,-3.0,
base,active,610888.0,612845.0,612943.0,1 2 3 4,38339.0,False
base,active,,612845.0,612943.0,5 6 7 8 13 14 15 16 19 20 21 22 23 24 25 26 27 41 42 43 44 49 50 51 52 53 54 55,-1.0,
base,active,610910.0,612943.0,612982.0,1 2 3 4 5 6 7 8 13 14 15 16 19 20 21 22 23 24 25 26 27 41 42 43 44 49 50 51 52 53 54 55,38340.0,False
base,sleeping,,612964.0,613128.0,100 105,-4.0,
base,active,610964.0,612982.0,618799.0,1 2 3 4 5 6 7 8 13 14 15 16 19 20 21 22 23 24 25 26 27 41 42 43 44 49 50 51 52 53 54 55,38342.0,False
base,active,611118.0,613036.0,613079.0,84 85 86 87,38346.0,False
base,active,610982.0,613036.0,613096.0,0 33 34 35,38343.0,False
base,active,611000.0,613036.0,613108.0,76 77 78 79 80 81 82 83,38345.0,False
base,active,611322.0,613036.0,614677.0,92 93,38348.0,False
base,active,611295.0,613036.0,614701.0,88 89 90 91,38347.0,False
base,active,,613036.0,615055.0,94 95,-1.0,
base,active,610994.0,613036.0,618830.0,36 37 38 39 40 57 74 75,38344.0,False
base,active,,613079.0,613096.0,84 85 86 87,-1.0,
base,active,611383.0,613096.0,613186.0,0 33 34 35 84 85 86 87,38349.0,False
base,active,611496.0,613108.0,613178.0,76 77 78 79 80 81 82 83,38351.0,False
base,switching_on,,613128.0,615828.0,58 59 60 61 62 63 64 65 66 67 68 69 70 71 72 73 96 97 98 99 100 101 102 103 104 105 106 107 108 109 110 111,-3.0,
base,active,611711.0,613178.0,613196.0,76 77 78 79,38352.0,False
base,active,611839.0,613178.0,613226.0,80 81 82 83,38355.0,False
base,active,612151.0,613186.0,613231.0,0 33 34 35,38359.0,False
base,active,,613186.0,615055.0,84 85 86 87,-1.0,
base,active,,613196.0,615055.0,76 77 78 79,-1.0,
base,active,,613226.0,615055.0,80 81 82 83,-1.0,
base,active,,613231.0,615055.0,0 33 34 35,-1.0,
base,active,,614677.0,615055.0,92 93,-1.0,
base,active,,614701.0,615055.0,88 89 90 91,-1.0,
base,active,612355.0,615055.0,615297.0,0 9 10 11 12 17 18 28 29 33 34 35 76 77 78 79 80 81 82 83 84 85 86 87 88 89 90 91 92 93 94 95,38360.0,False
base,active,612599.0,615297.0,615466.0,0 9 10 11 12 17 18 28 29 33 34 35 76 77 78 79 80 81 82 83 84 85 86 87 88 89 90 91 92 93 94 95,38362.0,False
base,active,612769.0,615466.0,615704.0,0 9 10 11 12 17 18 28 29 33 34 35 76 77 78 79 80 81 82 83 84 85 86 87 88 89 90 91 92 93 94 95,38363.0,False
base,active,612839.0,615539.0,616116.0,30 31 32 45 46 47 48 56,38364.0,False
base,active,613012.0,615704.0,615905.0,0 9 10 11 12 17 18 28 29 33 34 35 76 77 78 79 80 81 82 83 84 85 86 87 88 89 90 91 92 93 94 95,38365.0,False
base,active,613128.0,615828.0,615864.0,58 59 60 61 62 63 64 65 66 67 68 69 70 71 72 73 96 97 98 99 100 101 102 103 104 105 106 107 108 109 110 111,38367.0,False
base,active,613189.0,615864.0,615865.0,58 59 60 61 62 63 64 65 66 67 68 69 70 71 72 73 96 97 98 99 100 101 102 103 104 105 106 107 108 109 110 111,38368.0,False
base,active,613216.0,615865.0,616158.0,58 59 60 61 62 63 64 65 66 67 68 69 70 71 72 73 96 97 98 99 100 101 102 103 104 105 106 107 108 109 110 111,38369.0,False
base,active,613245.0,615905.0,615942.0,0 9 10 11 12 17 18 28 29 33 34 35 76 77 78 79 80 81 82 83 84 85 86 87 88 89 90 91 92 93 94 95,38370.0,False
base,active,,615942.0,616116.0,18 28 29 33 34 35 76 77 78 79 80 81 82 83 84 85 86 87 88 89 90 91 92 93,-1.0,
base,active,,615942.0,616242.0,94 95,-1.0,
base,active,613298.0,615942.0,617582.0,12 17,38372.0,False
base,active,613277.0,615942.0,617600.0,0 9 10 11,38371.0,False
base,active,613510.0,616116.0,616324.0,18 28 29 30 31 32 33 34 35 45 46 47 48 56 76 77 78 79 80 81 82 83 84 85 86 87 88 89 90 91 92 93,38374.0,False
base,active,613722.0,616158.0,616328.0,58 59 60 61 62 63 64 65 66 67 68 69 70 71 72 73 96 97 98 99 100 101 102 103 104 105 106 107 108 109 110 111,38378.0,False
base,switching_off,,616242.0,618042.0,94 95,-2.0,
base,active,613894.0,616324.0,616476.0,18 28 29 30 31 32 33 34 35 45 46 47 48 56 76 77 78 79 80 81 82 83 84 85 86 87 88 89 90 91 92 93,38380.0,False
base,active,614047.0,616328.0,616512.0,58 59 60 61 62 63 64 65 66 67 68 69 70 71 72 73 96 97 98 99 100 101 102 103 104 105 106 107 108 109 110 111,38381.0,False
base,active,614233.0,616476.0,616657.0,18 28 29 30 31 32 33 34 35 45 46 47 48 56 76 77 78 79 80 81 82 83 84 85 86 87 88 89 90 91 92 93,38382.0,False
base,active,614417.0,616512.0,616567.0,58 59 60 61 62 63 64 65 66 67 68 69 70 71 72 73 96 97 98 99 100 101 102 103 104 105 106 107 108 109 110 111,38384.0,False
base,active,614657.0,616567.0,616620.0,58 59 60 61 62 63 64 65,38385.0,False
base,active,615050.0,616567.0,616625.0,96 97 98 99,38388.0,False
base,active,616343.0,616567.0,616654.0,100,38394.0,False
base,active,,616567.0,616867.0,101 102 103 104 105 106 107 108 109 110 111,-1.0,
base,active,614858.0,616567.0,617710.0,66 67 68 69 70 71 72 73,38387.0,False
base,active,,616620.0,616657.0,58,-1.0,
base,active,,616620.0,616920.0,59 60 61 62 63 64 65,-1.0,
base,active,,616625.0,616657.0,96 97 98 99,-1.0,
base,active,,616654.0,616657.0,100,-1.0,
base,active,616649.0,616657.0,617923.0,58 99,38398.0,False
base,active,616611.0,616657.0,617961.0,96 97 98 100,38397.0,False
base,active,616525.0,616657.0,618047.0,18 28 29 30 31 32 33 34 35 45 46 47 48 56 76 77 78 79 80 81 82 83 84 85 86 87 88 89 90 91 92 93,38395.0,False
base,switching_off,,616867.0,618667.0,101 102 103 104 105 106 107 108 109 110 111,-2.0,
base,switching_off,,616920.0,618720.0,59 60 61 62 63 64 65,-2.0,
base,active,,617582.0,617882.0,12 17,-1.0,
base,active,,617600.0,617900.0,0 9 10 11,-1.0,
base,active,617368.0,617710.0,617757.0,66 67 68 69 70 71 72 73,38404.0,False
base,active,617615.0,617757.0,617803.0,66 67 68 69 70 71 72 73,38405.0,False
base,active,,617803.0,617909.0,66 67 68 69 70 71 72 73,-1.0,
base,switching_off,,617882.0,619682.0,12 17,-2.0,
base,switching_off,,617900.0,619700.0,0 9 10 11,-2.0,
base,active,617909.0,617909.0,617915.0,66 67 68 69 70 71 72 73,38407.0,False
base,active,,617915.0,618215.0,66 67 68 69 70 71 72 73,-1.0,
base,active,,617923.0,618223.0,58 99,-1.0,
base,active,,617961.0,618261.0,96 97 98 100,-1.0,
base,sleeping,,618042.0,618862.0,94,-4.0,
base,sleeping,,618042.0,618963.0,95,-4.0,
base,active,,618047.0,618347.0,18 28 29 30 31 32 33 34 35 45 46 47 48 56 76 77 78 79 80 81 82 83 84 85 86 87 88 89 90 91 92 93,-1.0,
base,switching_off,,618215.0,620015.0,66 67 68 69 70 71 72 73,-2.0,
base,switching_off,,618223.0,620023.0,58 99,-2.0,
base,switching_off,,618261.0,620061.0,96 97 98 100,-2.0,
base,switching_off,,618347.0,620147.0,18 28 29 30 31 32 33 34 35 45 46 47 48 56 76 77 78 79 80 81 82 83 84 85 86 87 88 89 90 91 92 93,-2.0,
base,sleeping,,618667.0,618963.0,101 102 103,-4.0,
base,sleeping,,618667.0,619700.0,104 105 106 107 108 109 110 111,-4.0,
base,sleeping,,618720.0,618854.0,59 60 61 62,-4.0,
base,sleeping,,618720.0,618862.0,63 64 65,-4.0,
base,active,,618799.0,618830.0,5 6 7 8 13 14 15 16 19 20 21 22 23 24 25 26 27 41 42 43 44 49 50 51,-1.0,
base,active,618525.0,618799.0,618872.0,1 2 3 4,38408.0,False
base,active,,618799.0,618872.0,52 53 54 55,-1.0,
base,active,618538.0,618830.0,619732.0,5 6 7 8 13 14 15 16 19 20 21 22 23 24 25 26 27 36 37 38 39 40 41 42 43 44 49 50 51 57 74 75,38409.0,False
base,switching_on,,618854.0,621554.0,59 60 61 62,-3.0,
base,switching_on,,618862.0,621562.0,63 64 65 94,-3.0,
base,active,618546.0,618872.0,618984.0,1 2 3 4 52 53 54 55,38410.0,False
base,switching_on,,618963.0,621663.0,95 101 102 103,-3.0,
base,active,,618984.0,619732.0,1 2 3 4 52 53 54 55,-1.0,
base,sleeping,,619682.0,619700.0,12 17,-4.0,
base,switching_on,,619700.0,622400.0,0 9 10 11 12 17 104 105 106 107 108 109 110 111 112 113 114 115 116 117 118 119 120 121 122 123 124 125,-3.0,
base,active,618798.0,619732.0,619865.0,1 2 3 4 52 53 54 55,38412.0,False
base,active,618766.0,619732.0,626606.0,5 6 7 8 13 14 15 16 19 20 21 22 23 24 25 26 27 36 37 38 39 40 41 42 43 44 49 50 51 57 74 75,38411.0,False
base,active,618799.0,619865.0,626707.0,1 2 3 4 52 53 54 55,38413.0,False
base,sleeping,,620015.0,620792.0,66 67 68 69 70 71 72 73,-4.0,
base,sleeping,,620023.0,620792.0,58,-4.0,
base,sleeping,,620023.0,628531.0,99,-4.0,
base,sleeping,,620061.0,620792.0,96 97,-4.0,
base,sleeping,,620061.0,628531.0,98 100,-4.0,
base,sleeping,,620147.0,620642.0,18 28 29 30 31 32 33,-4.0,
base,sleeping,,620147.0,620713.0,34 35 45 46,-4.0,
base,sleeping,,620147.0,620792.0,47 48 56 76 77 78 79 80 81 82 83 84 85 86 87 88 89 90 91 92 93,-4.0,
base,switching_on,,620642.0,623342.0,18 28 29 30 31 32 33,-3.0,
base,switching_on,,620713.0,623413.0,34 35 45 46,-3.0,
base,switching_on,,620792.0,623492.0,47 48 56 58 66 67 68 69 70 71 72 73 76 77 78 79 80 81 82 83 84 85 86 87 88 89 90 91 92 93 96 97,-3.0,
base,active,618854.0,621554.0,621610.0,59 60 61 62,38415.0,False
base,active,618862.0,621562.0,621685.0,63 64 65 94,38416.0,False
base,active,,621610.0,621663.0,59 60 61 62,-1.0,
base,active,618963.0,621663.0,622696.0,59 60 61 62 95 101 102 103,38417.0,False
base,active,619106.0,621685.0,621709.0,63,38418.0,False
base,active,,621685.0,621709.0,64 65 94,-1.0,
base,active,619128.0,621709.0,621783.0,63 64 65 94,38419.0,False
base,active,619136.0,621783.0,621796.0,63,38420.0,False
base,active,,621783.0,622400.0,64 65 94,-1.0,
base,active,,621796.0,622400.0,63,-1.0,
base,active,619203.0,622400.0,622635.0,0 9 10 11 12 17 63 64 65 94 104 105 106 107 108 109 110 111 112 113 114 115 116 117 118 119 120 121 122 123 124 125,38421.0,False
base,active,619688.0,622635.0,622669.0,12,38425.0,False
base,active,,622635.0,622696.0,17 63 64 65 94 104 105 106 107 108 109 110 111 112 113 114 115 116 117 118 119 120 121 122,-1.0,
base,active,619644.0,622635.0,622703.0,0 9 10 11,38424.0,False
base,active,,622635.0,622703.0,123 124,-1.0,
base,active,,622635.0,623342.0,125,-1.0,
base,active,,622669.0,622696.0,12,-1.0,
base,active,619735.0,622696.0,623007.0,12 17 59 60 61 62 63 64 65 94 95 101 102 103 104 105 106 107 108 109 110 111 112 113 114 115 116 117 118 119 120 121,38426.0,False
base,active,619800.0,622696.0,623558.0,122,38428.0,False
base,active,620027.0,622703.0,628529.0,123 124,38434.0,False
base,active,620003.0,622703.0,628553.0,0 9 10 11,38432.0,False
base,active,620362.0,623007.0,623051.0,12 17 59 60,38436.0,False
base,active,,623007.0,623342.0,102 103 104 105 106 107 108 109 110 111 112 113 114 115 116 117 118 119 120 121,-1.0,
base,active,620521.0,623007.0,623813.0,61 62 63 64 65 94 95 101,38437.0,False
base,active,,623051.0,623342.0,12 17 59 60,-1.0,
base,active,620642.0,623342.0,625623.0,12 17 18 28 29 30 31 32 33 59 60 102 103 104 105 106 107 108 109 110 111 112 113 114 115 116 117 118 119 120 121 125,38439.0,False
base,active,620713.0,623413.0,623503.0,34 35 45 46,38440.0,False
base,active,620792.0,623492.0,624402.0,47 48 56 58 66 67 68 69 70 71 72 73 76 77 78 79 80 81 82 83 84 85 86 87 88 89 90 91 92 93 96 97,38441.0,False
base,active,,623503.0,624402.0,34 35 45,-1.0,
base,active,,623503.0,624915.0,46,-1.0,
base,active,,623558.0,623813.0,122,-1.0,
base,active,621744.0,623813.0,624134.0,61 62 63 64 65 94 95 101,38447.0,False
base,active,622068.0,623813.0,624369.0,122,38449.0,False
base,active,622113.0,624134.0,633262.0,61 62 63 64 65 94 95 101,38450.0,False
base,active,,624369.0,624402.0,122,-1.0,
base,active,622641.0,624402.0,624548.0,34 35 45 122,38453.0,False
base,active,622544.0,624402.0,624647.0,47 48 56 58 66 67 68 69 70 71 72 73 76 77 78 79 80 81 82 83 84 85 86 87 88 89 90 91 92 93 96 97,38452.0,False
base,active,622849.0,624548.0,624595.0,34 35 45 122,38456.0,False
base,active,,624595.0,624915.0,34 35 45 122,-1.0,
base,active,622932.0,624647.0,624830.0,47 48 56 58 66 67 68 69 70 71 72 73 76 77 78 79 80 81 82 83 84 85 86 87 88 89 90 91 92 93 96 97,38458.0,False
base,active,623170.0,624830.0,624885.0,84 85 86 87,38463.0,False
base,active,623264.0,624830.0,624895.0,88 89 90 91 92 93 96 97,38464.0,False
base,active,622994.0,624830.0,624915.0,47 48 56 58 66 67 68 69 70 71 72 73 76 77 78 79,38460.0,False
base,active,623002.0,624830.0,624943.0,80 81 82 83,38461.0,False
base,active,,624885.0,624915.0,84 85 86 87,-1.0,
base,active,,624895.0,624915.0,88 89 90 91 92 93 96 97,-1.0,
base,active,623391.0,624915.0,624934.0,46,38466.0,False
base,active,623273.0,624915.0,625031.0,34 35 45 47 48 56 58 66 67 68 69 70 71 72 73 76 77 78 79 84 85 86 87 88 89 90 91 92 93 96 97 122,38465.0,False
base,active,,624934.0,625234.0,46,-1.0,
base,active,,624943.0,625115.0,80,-1.0,
base,active,,624943.0,625243.0,81 82 83,-1.0,
base,active,624268.0,625031.0,625094.0,68 69 70 71 72 73 76 77,38471.0,False
base,active,623450.0,625031.0,625096.0,34 35 45 47 48 56 58 66,38467.0,False
base,active,624347.0,625031.0,625115.0,78 79 84 85 86 87 88 89,38472.0,False
base,active,,625031.0,625115.0,90 91 92 93 96 97 122,-1.0,
base,active,623641.0,625031.0,634263.0,67,38469.0,False
base,active,,625094.0,625115.0,68 69 70 71 72 73 76 77,-1.0,
base,active,,625096.0,625115.0,34 35 45 47 48 56 58 66,-1.0,
base,active,624498.0,625115.0,628165.0,34 35 45 47 48 56 58 66 68 69 70 71 72 73 76 77 78 79 80 84 85 86 87 88 89 90 91 92 93 96 97 122,38474.0,False
base,switching_off,,625234.0,627034.0,46,-2.0,
base,switching_off,,625243.0,627043.0,81 82 83,-2.0,
base,active,625147.0,625623.0,625692.0,12 17 18 28 29 30 31 32 33 59 60 102 103 104 105 106 107 108 109 110 111 112 113 114 115 116 117 118 119 120 121 125,38479.0,False
base,active,625242.0,625692.0,625758.0,12 17 18 28 29 30 31 32 33 59 60 102 103 104 105 106 107 108 109 110 111 112 113 114 115 116 117 118 119 120 121 125,38480.0,False
base,active,625481.0,625758.0,625823.0,12 17 18 28 29 30 31 32 33 59 60 102 103 104 105 106 107 108 109 110 111 112 113 114 115 116 117 118 119 120 121 125,38482.0,False
base,active,625594.0,625823.0,626012.0,12 17 18 28 29 30 31 32 33 59 60 102 103 104 105 106 107 108 109 110 111 112 113 114 115 116 117 118 119 120 121 125,38483.0,False
base,active,625970.0,626012.0,626029.0,29,38486.0,False
base,active,625661.0,626012.0,626137.0,12 17 18 28,38484.0,False
base,active,,626012.0,626312.0,30 31 32 33 59 60 102 103 104 105 106 107 108 109 110 111 112 113 114 115 116 117 118 119 120 121 125,-1.0,
base,active,,626029.0,626329.0,29,-1.0,
base,active,,626137.0,626292.0,12 17 18 28,-1.0,
base,active,626292.0,626292.0,627916.0,12 17 18 28,38489.0,False
base,switching_off,,626312.0,628112.0,30 31 32 33 59 60 102 103 104 105 106 107 108 109 110 111 112 113 114 115 116 117 118 119 120 121 125,-2.0,
base,switching_off,,626329.0,628129.0,29,-2.0,
base,active,,626606.0,626707.0,7 8 13 14 15 16 19 20 21 22 23 24 25 26 27 36 37 38 39 40 41 42 43 44 49 50 51 57,-1.0,
base,active,,626606.0,626906.0,74 75,-1.0,
base,active,626313.0,626606.0,628212.0,5 6,38490.0,False
base,active,626425.0,626707.0,626724.0,49 50 51 57,38493.0,False
base,active,626329.0,626707.0,626799.0,1 2 3 4 7 8 13 14 15 16 19 20 21 22 23 24 25 26 27 36 37 38 39 40 41 42 43 44 52 53 54 55,38491.0,False
base,active,,626724.0,626799.0,49 50 51 57,-1.0,
base,active,626521.0,626799.0,626907.0,49 50 51 57,38496.0,False
base,active,626449.0,626799.0,626979.0,1 2 3 4 7 8 13 14 15 16 19 20 21 22 23 24 25 26 27 36 37 38 39 40 41 42 43 44 52 53 54 55,38495.0,False
base,switching_off,,626906.0,628706.0,74 75,-2.0,
base,active,,626907.0,627207.0,49 50 51 57,-1.0,
base,active,,626979.0,627123.0,1 2 3 4 7 8 13 14 15 16 19 20 21 22 23 24 25 26 27 36 37 38 39 40 41 42 43 44 52 53 54 55,-1.0,
base,sleeping,,627034.0,628531.0,46,-4.0,
base,sleeping,,627043.0,628531.0,81 82 83,-4.0,
base,active,627123.0,627123.0,627441.0,1 2 3 4 7 8 13 14 15 16 19 20 21 22 23 24 25 26 27 36 37 38 39 40 41 42 43 44 52 53 54 55,38499.0,False
base,switching_off,,627207.0,629007.0,49 50 51 57,-2.0,
base,active,627214.0,627441.0,627467.0,15,38501.0,False
base,active,627149.0,627441.0,627736.0,1 2 3 4 7 8 13 14,38500.0,False
base,active,,627441.0,627736.0,16 19 20 21 22 23 24 25 26 27 36 37 38 39 40 41 42 43 44 52 53 54 55,-1.0,
base,active,,627467.0,627736.0,15,-1.0,
base,active,627512.0,627736.0,627851.0,1 2 3 4 7 8 13 14 15 16 19 20 21 22 23 24 25 26 27 36 37 38 39 40 41 42 43 44 52 53 54 55,38502.0,False
base,active,627561.0,627851.0,627891.0,1,38503.0,False
base,active,627562.0,627851.0,627915.0,2 3 4 7 8 13 14 15,38504.0,False
base,active,,627851.0,628151.0,16 19 20 21 22 23 24 25 26 27 36 37 38 39 40 41 42 43 44 52 53 54 55,-1.0,
base,active,,627891.0,628191.0,1,-1.0,
base,active,,627915.0,628215.0,2 3 4 7 8 13 14 15,-1.0,
base,active,,627916.0,628216.0,12 17 18 28,-1.0,
base,sleeping,,628112.0,628531.0,30 31 32 33 59 60 102 103 104 105 106 107 108 109 110 111 112 113,-4.0,
base,sleeping,,628112.0,628696.0,114,-4.0,
base,sleeping,,628112.0,628747.0,115 116 117 118 119,-4.0,
base,sleeping,,628112.0,640169.0,120 121 125,-4.0,
base,sleeping,,628129.0,628531.0,29,-4.0,
base,switching_off,,628151.0,629951.0,16 19 20 21 22 23 24 25 26 27 36 37 38 39 40 41 42 43 44 52 53 54 55,-2.0,
base,active,,628165.0,628190.0,34,-1.0,
base,active,,628165.0,628465.0,35 45 47 48 56 58 66 68 69 70 71 72 73 76 77 78 79 80 84 85 86 87 88 89 90 91 92 93 96 97 122,-1.0,
base,active,628190.0,628190.0,628206.0,34,38510.0,False
base,switching_off,,628191.0,629991.0,1,-2.0,
base,active,,628206.0,628506.0,34,-1.0,
base,active,,628212.0,628512.0,5 6,-1.0,
base,switching_off,,628215.0,630015.0,2 3 4 7 8 13 14 15,-2.0,
base,switching_off,,628216.0,630016.0,12 17 18 28,-2.0,
base,switching_off,,628465.0,630265.0,35 45 47 48 56 58 66 68 69 70 71 72 73 76 77 78 79 80 84 85 86 87 88 89 90 91 92 93 96 97 122,-2.0,
base,switching_off,,628506.0,630306.0,34,-2.0,
base,switching_off,,628512.0,630312.0,5 6,-2.0,
base,active,,628529.0,631231.0,123 124,-1.0,
base,switching_on,,628531.0,631231.0,29 30 31 32 33 46 59 60 81 82 83 98 99 100 102 103 104 105 106 107 108 109 110 111 112 113,-3.0,
base,active,,628553.0,631231.0,0 9 10 11,-1.0,
base,switching_on,,628696.0,631396.0,114,-3.0,
base,sleeping,,628706.0,628747.0,74 75,-4.0,
base,switching_on,,628747.0,631447.0,74 75 115 116 117 118 119,-3.0,
base,sleeping,,629007.0,640142.0,49 50 51 57,-4.0,
base,sleeping,,629951.0,630955.0,16 19 20 21 22 23 24 25,-4.0,
base,sleeping,,629951.0,631012.0,26 27 36 37 38,-4.0,
base,sleeping,,629951.0,640142.0,39 40 41 42 43 44 52 53 54 55,-4.0,
base,sleeping,,629991.0,630955.0,1,-4.0,
base,sleeping,,630015.0,630955.0,2 3 4 7 8 13 14 15,-4.0,
base,sleeping,,630016.0,630955.0,12 17 18,-4.0,
base,sleeping,,630016.0,631012.0,28,-4.0,
base,sleeping,,630265.0,631012.0,35,-4.0,
base,sleeping,,630265.0,640142.0,45 47 48 56 58,-4.0,
base,sleeping,,630265.0,640169.0,66 68 69 70 71 72 73 76 77 78 79 80 84 85 86 87 88 89 90 91 92 93 96 97 122,-4.0,
base,sleeping,,630306.0,631012.0,34,-4.0,
base,sleeping,,630312.0,630955.0,5 6,-4.0,
base,switching_on,,630955.0,633655.0,1 2 3 4 5 6 7 8 12 13 14 15 16 17 18 19 20 21 22 23 24 25,-3.0,
base,switching_on,,631012.0,633712.0,26 27 28 34 35 36 37 38,-3.0,
base,active,628531.0,631231.0,631387.0,0 9 10 11 29 30 31 32 33 46 59 60 81 82 83 98 99 100 102 103 104 105 106 107 108 109 110 111 112 113 123 124,38512.0,False
base,active,628692.0,631387.0,631499.0,0 9 10 11 29 30 31 32 33 46 59 60 81 82 83 98 99 100 102 103 104 105 106 107 108 109 110 111 112 113 123 124,38513.0,False
base,active,628696.0,631396.0,631435.0,114,38514.0,False
base,active,,631435.0,631447.0,114,-1.0,
base,active,628747.0,631447.0,631504.0,74 75 114 115 116 117 118 119,38515.0,False
base,active,628847.0,631499.0,631784.0,0 9 10 11 29 30 31 32 33 46 59 60 81 82 83 98 99 100 102 103 104 105 106 107 108 109 110 111 112 113 123 124,38517.0,False
base,active,,631504.0,631959.0,118,-1.0,
base,active,,631504.0,632432.0,119,-1.0,
base,active,628917.0,631504.0,633131.0,116 117,38519.0,False
base,active,628893.0,631504.0,633150.0,74 75 114 115,38518.0,False
base,active,629143.0,631784.0,631959.0,0 9 10 11 29 30 31 32 33 46 59 60 81 82 83 98 99 100 102 103 104 105 106 107 108 109 110 111 112 113 123 124,38520.0,False
base,active,629628.0,631959.0,631989.0,118,38523.0,False
base,active,629537.0,631959.0,632073.0,0 9 10 11 29 30 31 32 33 46 59 60 81 82 83 98 99 100 102 103 104 105 106 107 108 109 110 111 112 113 123 124,38522.0,False
base,active,,631989.0,632432.0,118,-1.0,
base,active,629741.0,632073.0,632432.0,0 9 10 11 29 30 31 32 33 46 59 60 81 82 83 98 99 100 102 103 104 105 106 107 108 109 110 111 112 113 123 124,38525.0,False
base,active,630888.0,632432.0,632450.0,119,38533.0,False
base,active,630814.0,632432.0,632480.0,118,38532.0,False
base,active,630138.0,632432.0,635167.0,0 9 10 11 29 30 31 32 33 46 59 60 81 82 83 98 99 100 102 103 104 105 106 107 108 109 110 111 112 113 123 124,38530.0,False
base,active,,632450.0,633131.0,119,-1.0,
base,active,,632480.0,633131.0,118,-1.0,
base,active,630910.0,633131.0,634843.0,116 117 118 119,38534.0,False
base,active,,633150.0,633655.0,114 115,-1.0,
base,active,630931.0,633150.0,634843.0,74 75,38535.0,False
base,active,,633262.0,633655.0,61 62 63 64 65 94 95 101,-1.0,
base,active,630955.0,633655.0,633784.0,1 2 3 4 5 6 7 8 12 13 14 15 16 17 18 19 20 21 22 23 24 25 61 62 63 64 65 94 95 101 114 115,38536.0,False
base,active,631012.0,633712.0,633784.0,26 27 28 34 35 36 37 38,38537.0,False
base,active,632657.0,633784.0,633800.0,1,38546.0,False
base,active,632793.0,633784.0,633864.0,13 14,38551.0,False
base,active,632782.0,633784.0,633874.0,8 12,38550.0,False
base,active,632769.0,633784.0,633885.0,6 7,38549.0,False
base,active,632760.0,633784.0,633893.0,4 5,38548.0,False
base,active,632751.0,633784.0,633899.0,2 3,38547.0,False
base,active,,633784.0,634084.0,15 16 17 18 19 20 21 22 23 24 25 26 27 28 34 35 36 37 38 61 62 63 64 65 94 95 101 114 115,-1.0,
base,active,,633800.0,634100.0,1,-1.0,
base,active,,633864.0,634164.0,13 14,-1.0,
base,active,,633874.0,634174.0,8 12,-1.0,
base,active,,633885.0,634185.0,6 7,-1.0,
base,active,,633893.0,634193.0,4 5,-1.0,
base,active,,633899.0,634199.0,2 3,-1.0,
base,switching_off,,634084.0,635884.0,15 16 17 18 19 20 21 22 23 24 25 26 27 28 34 35 36 37 38 61 62 63 64 65 94 95 101 114 115,-2.0,
base,switching_off,,634100.0,635900.0,1,-2.0,
base,switching_off,,634164.0,635964.0,13 14,-2.0,
base,switching_off,,634174.0,635974.0,8 12,-2.0,
base,switching_off,,634185.0,635985.0,6 7,-2.0,
base,switching_off,,634193.0,635993.0,4 5,-2.0,
base,switching_off,,634199.0,635999.0,2 3,-2.0,
base,active,,634263.0,634563.0,67,-1.0,
base,switching_off,,634563.0,636363.0,67,-2.0,
base,active,,634843.0,635143.0,74 75 116 117 118 119,-1.0,
base,switching_off,,635143.0,636943.0,74 75 116 117 118 119,-2.0,
base,active,,635167.0,635467.0,0 9 10 11 29 30 31 32 33 46 59 60 81 82 83 98 99 100 102 103 104 105 106 107 108 109 110 111 112 113 123 124,-1.0,
base,switching_off,,635467.0,637267.0,0 9 10 11 29 30 31 32 33 46 59 60 81 82 83 98 99 100 102 103 104 105 106 107 108 109 110 111 112 113 123 124,-2.0,
base,sleeping,,635884.0,640142.0,15 16 17 18 19 20 21 22 23 24 25 26 27 28 34 35 36 37 38 61 62 63,-4.0,
base,sleeping,,635884.0,640169.0,64 65 94 95 101 114 115,-4.0,
base,sleeping,,635900.0,640142.0,1,-4.0,
base,sleeping,,635964.0,640142.0,13 14,-4.0,
base,sleeping,,635974.0,640142.0,8 12,-4.0,
base,sleeping,,635985.0,640142.0,6 7,-4.0,
base,sleeping,,635993.0,640142.0,4 5,-4.0,
base,sleeping,,635999.0,640142.0,2 3,-4.0,
base,sleeping,,636363.0,640169.0,67,-4.0,
base,sleeping,,636943.0,640169.0,74 75 116 117 118 119,-4.0,
base,sleeping,,637267.0,640142.0,0 9 10 11 29 30 31 32 33 46 59 60,-4.0,
base,sleeping,,637267.0,640169.0,81 82 83 98 99 100 102 103 104 105 106 107 108 109 110 111 112 113 123 124,-4.0,
base,switching_on,,640142.0,642842.0,0 1 2 3 4 5 6 7 8 9 10 11 12 13 14 15 16 17 18 19 20 21 22 23 24 25 26 27 28 29 30 31 32 33 34 35 36 37 38 39 40 41 42 43 44 45 46 47 48 49 50 51 52 53 54 55 56 57 58 59 60 61 62 63,-3.0,
base,switching_on,,640169.0,642869.0,64 65 66 67 68 69 70 71 72 73 74 75 76 77 78 79 80 81 82 83 84 85 86 87 88 89 90 91 92 93 94 95 96 97 98 99 100 101 102 103 104 105 106 107 108 109 110 111 112 113 114 115 116 117 118 119 120 121 122 123 124 125 126 127,-3.0,
base,active,640142.0,642842.0,646466.0,0 1 2 3 4 5 6 7 8 9 10 11 12 13 14 15 16 17 18 19 20 21 22 23 24 25 26 27 28 29 30 31 32 33 34 35 36 37 38 39 40 41 42 43 44 45 46 47 48 49 50 51 52 53 54 55 56 57 58 59 60 61 62 63,38552.0,False
base,active,640169.0,642869.0,643036.0,64 65 66 67 68 69 70 71 72 73 74 75 76 77 78 79 80 81 82 83 84 85 86 87 88 89 90 91 92 93 94 95 96 97 98 99 100 101 102 103 104 105 106 107 108 109 110 111 112 113 114 115 116 117 118 119 120 121 122 123 124 125 126 127,38553.0,False
base,active,640464.0,643036.0,643141.0,78 79,38561.0,False
base,active,640456.0,643036.0,643147.0,76 77,38560.0,False
base,active,640440.0,643036.0,643160.0,72 73,38558.0,False
base,active,640429.0,643036.0,643170.0,70 71,38557.0,False
base,active,640421.0,643036.0,643176.0,68 69,38556.0,False
base,active,640412.0,643036.0,643184.0,66 67,38555.0,False
base,active,640404.0,643036.0,643190.0,64 65,38554.0,False
base,active,640448.0,643036.0,643239.0,74 75,38559.0,False
base,active,640694.0,643036.0,643252.0,80 81 82 83 84 85 86 87 88 89 90 91 92 93 94 95 96 97 98 99 100 101 102 103 104 105 106 107 108 109 110 111,38562.0,False
base,active,,643036.0,643336.0,112 113 114 115 116 117 118 119 120 121 122 123 124 125 126 127,-1.0,
base,active,,643141.0,643441.0,78 79,-1.0,
base,active,,643147.0,643447.0,76 77,-1.0,
base,active,,643160.0,643460.0,72 73,-1.0,
base,active,,643170.0,643470.0,70 71,-1.0,
base,active,,643176.0,643476.0,68 69,-1.0,
base,active,,643184.0,643484.0,66 67,-1.0,
base,active,,643190.0,643490.0,64 65,-1.0,
base,active,,643239.0,643539.0,74 75,-1.0,
base,active,,643252.0,643552.0,80 81 82 83 84 85 86 87 88 89 90 91 92 93 94 95 96 97 98 99 100 101 102 103 104 105 106 107 108 109 110 111,-1.0,
base,switching_off,,643336.0,645136.0,112 113 114 115 116 117 118 119 120 121 122 123 124 125 126 127,-2.0,
base,switching_off,,643441.0,645241.0,78 79,-2.0,
base,switching_off,,643447.0,645247.0,76 77,-2.0,
base,switching_off,,643460.0,645260.0,72 73,-2.0,
base,switching_off,,643470.0,645270.0,70 71,-2.0,
base,switching_off,,643476.0,645276.0,68 69,-2.0,
base,switching_off,,643484.0,645284.0,66 67,-2.0,
base,switching_off,,643490.0,645290.0,64 65,-2.0,
base,switching_off,,643539.0,645339.0,74 75,-2.0,
base,switching_off,,643552.0,645352.0,80 81 82 83 84 85 86 87 88 89 90 91 92 93 94 95 96 97 98 99 100 101 102 103 104 105 106 107 108 109 110 111,-2.0,
base,sleeping,,645136.0,645339.0,112 113 114 115 116 117 118 119 120 121 122 123 124 125 126 127,-4.0,
base,sleeping,,645241.0,645339.0,78 79,-4.0,
base,sleeping,,645247.0,645339.0,76 77,-4.0,
base,sleeping,,645260.0,645339.0,72 73,-4.0,
base,sleeping,,645270.0,645339.0,70 71,-4.0,
base,sleeping,,645276.0,645339.0,68 69,-4.0,
base,sleeping,,645284.0,645339.0,66 67,-4.0,
base,sleeping,,645290.0,645339.0,64 65,-4.0,
base,switching_on,,645339.0,648039.0,64 65 66 67 68 69 70 71 72 73 74 75 76 77 78 79 112 113 114 115 116 117 118 119 120 121 122 123 124 125 126 127,-3.0,
base,switching_on,,645352.0,648052.0,80 81 82 83 84 85 86 87 88 89 90 91 92 93 94 95 96 97 98 99 100 101 102 103 104 105 106 107 108 109 110 111,-3.0,
base,active,643694.0,646466.0,656680.0,0 1 2 3 4 5 6 7 8 9 10 11 12 13 14 15 16 17 18 19 20 21 22 23 24 25 26 27 28 29 30 31 32 33 34 35 36 37 38 39 40 41 42 43 44 45 46 47 48 49 50 51 52 53 54 55 56 57 58 59 60 61 62 63,38564.0,False
base,active,644214.0,648039.0,648569.0,64 65 66 67 68 69 70 71 72 73 74 75 76 77 78 79 112 113 114 115 116 117 118 119 120 121 122 123 124 125 126 127,38566.0,False
base,active,644820.0,648052.0,649330.0,80 81 82 83 84 85 86 87 88 89 90 91 92 93 94 95 96 97 98 99 100 101 102 103 104 105 106 107 108 109 110 111,38569.0,False
base,active,646100.0,648569.0,648581.0,64,38576.0,False
base,active,646163.0,648569.0,648581.0,65,38577.0,False
base,active,,648569.0,648869.0,66 67 68 69 70 71 72 73 74 75 76 77 78 79 112 113 114 115 116 117 118 119 120 121 122 123 124 125 126 127,-1.0,
base,active,,648581.0,648881.0,64 65,-1.0,
base,switching_off,,648869.0,650669.0,66 67 68 69 70 71 72 73 74 75 76 77 78 79 112 113 114 115 116 117 118 119 120 121 122 123 124 125 126 127,-2.0,
base,switching_off,,648881.0,650681.0,64 65,-2.0,
base,active,,649330.0,649630.0,80 81 82 83 84 85 86 87 88 89 90 91 92 93 94 95 96 97 98 99 100 101 102 103 104 105 106 107 108 109 110 111,-1.0,
base,switching_off,,649630.0,651430.0,80 81 82 83 84 85 86 87 88 89 90 91 92 93 94 95 96 97 98 99 100 101 102 103 104 105 106 107 108 109 110 111,-2.0,
base,sleeping,,650669.0,653980.0,66 67 68 69 70 71 72 73 74 75 76 77 78 79 112 113 114 115 116 117 118 119 120 121 122 123 124 125 126 127,-4.0,
base,sleeping,,650681.0,653980.0,64 65,-4.0,
base,sleeping,,651430.0,653980.0,80 81 82 83 84 85 86 87 88 89 90 91 92 93 94 95 96 97 98 99 100 101 102 103 104 105 106 107 108 109 110 111,-4.0,
base,switching_on,,653980.0,656680.0,64 65 66 67 68 69 70 71 72 73 74 75 76 77 78 79 80 81 82 83 84 85 86 87 88 89 90 91 92 93 94 95 96 97 98 99 100 101 102 103 104 105 106 107 108 109 110 111 112 113 114 115 116 117 118 119 120 121 122 123 124 125 126 127,-3.0,
base,active,653912.0,656680.0,656778.0,0 1 2 3 4 5 6 7 8 9 10 11 12 13 14 15 16 17 18 19 20 21 22 23 24 25 26 27 28 29 30 31 32 33 34 35 36 37 38 39 40 41 42 43 44 45 46 47 48 49 50 51 52 53 54 55 56 57 58 59 60 61 62 63 64 65 66 67 68 69 70 71 72 73 74 75 76 77 78 79 80 81 82 83 84 85 86 87 88 89 90 91 92 93 94 95 96 97 98 99 100 101 102 103 104 105 106 107 108 109 110 111 112 113 114 115 116 117 118 119 120 121 122 123 124 125 126 127,38652.0,False
base,active,,656778.0,657078.0,0 1 2 3 4 5 6 7 8 9 10 11 12 13 14 15 16 17 18 19 20 21 22 23 24 25 26 27 28 29 30 31 32 33 34 35 36 37 38 39 40 41 42 43 44 45 46 47 48 49 50 51 52 53 54 55 56 57 58 59 60 61 62 63 64 65 66 67 68 69 70 71 72 73 74 75 76 77 78 79 80 81 82 83 84 85 86 87 88 89 90 91 92 93 94 95 96 97 98 99 100 101 102 103 104 105 106 107 108 109 110 111 112 113 114 115 116 117 118 119 120 121 122 123 124 125 126 127,-1.0,
base,switching_off,,657078.0,658878.0,0 1 2 3 4 5 6 7 8 9 10 11 12 13 14 15 16 17 18 19 20 21 22 23 24 25 26 27 28 29 30 31 32 33 34 35 36 37 38 39 40 41 42 43 44 45 46 47 48 49 50 51 52 53 54 55 56 57 58 59 60 61 62 63 64 65 66 67 68 69 70 71 72 73 74 75 76 77 78 79 80 81 82 83 84 85 86 87 88 89 90 91 92 93 94 95 96 97 98 99 100 101 102 103 104 105 106 107 108 109 110 111 112 113 114 115 116 117 118 119 120 121 122 123 124 125 126 127,-2.0,
base,sleeping,,658878.0,666483.0,0,-4.0,
base,sleeping,,658878.0,678361.0,1 2 3 4 5 6 7 8 9 10 11 12 13 14 15 16 17 18 19 20 21 22 23 24 25 26 27 28 29 30 31 32 33 34 35 36 37 38 39 40 41 42 43 44 45 46 47 48 49 50 51 52 53 54 55 56 57 58 59 60 61 62 63,-4.0,
base,sleeping,,658878.0,683622.0,64,-4.0,
base,sleeping,,658878.0,690104.0,65 66 67 68 69 70 71 72 73 74 75 76 77 78 79 80 81 82 83 84 85 86 87 88 89 90 91 92 93 94 95 96 97 98 99 100 101 102 103 104 105 106 107 108 109 110 111 112 113 114 115 116 117 118 119 120 121 122 123 124 125 126 127,-4.0,
base,switching_on,,666483.0,669183.0,0,-3.0,
base,active,666483.0,669183.0,669186.0,0,38654.0,False
base,active,,669186.0,669486.0,0,-1.0,
base,switching_off,,669486.0,671286.0,0,-2.0,
base,sleeping,,671286.0,678129.0,0,-4.0,
base,switching_on,,678129.0,680829.0,0,-3.0,
base,switching_on,,678361.0,681061.0,1 2 3 4 5 6 7 8 9 10 11 12 13 14 15 16 17 18 19 20 21 22 23 24 25 26 27 28 29 30 31 32 33 34 35 36 37 38 39 40 41 42 43 44 45 46 47 48 49 50 51 52 53 54 55 56 57 58 59 60 61 62 63,-3.0,
base,active,678129.0,680829.0,680845.0,0,38761.0,False
base,active,,680845.0,681061.0,0,-1.0,
base,active,678361.0,681061.0,691189.0,0 1 2 3 4 5 6 7 8 9 10 11 12 13 14 15 16 17 18 19 20 21 22 23 24 25 26 27 28 29 30 31 32 33 34 35 36 37 38 39 40 41 42 43 44 45 46 47 48 49 50 51 52 53 54 55 56 57 58 59 60 61 62 63,38762.0,False
base,switching_on,,683622.0,686322.0,64,-3.0,
base,active,683622.0,686322.0,686345.0,64,38807.0,False
base,active,,686345.0,686645.0,64,-1.0,
base,switching_off,,686645.0,688445.0,64,-2.0,
base,sleeping,,688445.0,690104.0,64,-4.0,
base,switching_on,,690104.0,692804.0,64 65 66 67 68 69 70 71 72 73 74 75 76 77 78 79 80 81 82 83 84 85 86 87 88 89 90 91 92 93 94 95 96 97 98 99 100 101 102 103 104 105 106 107 108 109 110 111 112 113 114 115 116 117 118 119 120 121 122 123 124 125 126 127,-3.0,
base,active,688492.0,691189.0,691205.0,0,38835.0,False
base,active,,691189.0,692804.0,1 2 3 4 5 6 7 8 9 10 11 12 13 14 15 16 17 18 19 20 21 22 23 24 25 26 27 28 29 30 31 32 33 34 35 36 37 38 39 40 41 42 43 44 45 46 47 48 49 50 51 52 53 54 55 56 57 58 59 60 61 62 63,-1.0,
base,active,,691205.0,692804.0,0,-1.0,
base,active,690104.0,692804.0,692899.0,0 1 2 3 4 5 6 7 8 9 10 11 12 13 14 15 16 17 18 19 20 21 22 23 24 25 26 27 28 29 30 31 32 33 34 35 36 37 38 39 40 41 42 43 44 45 46 47 48 49 50 51 52 53 54 55 56 57 58 59 60 61 62 63 64 65 66 67 68 69 70 71 72 73 74 75 76 77 78 79 80 81 82 83 84 85 86 87 88 89 90 91 92 93 94 95 96 97 98 99 100 101 102 103 104 105 106 107 108 109 110 111 112 113 114 115 116 117 118 119 120 121 122 123 124 125 126 127,38844.0,False
base,active,690268.0,692899.0,692915.0,0,38845.0,False
base,active,,692899.0,692915.0,1 2 3 4 5 6 7 8 9 10 11 12 13 14 15 16 17 18 19 20 21 22 23 24 25 26 27 28 29 30 31 32 33 34 35 36 37 38 39 40 41 42 43 44 45 46 47 48 49 50 51 52 53 54 55 56 57 58 59 60 61 62 63 64 65 66 67 68 69 70 71 72 73 74 75 76 77 78 79 80 81 82 83 84 85 86 87 88 89 90 91 92 93 94 95 96 97 98 99 100 101 102 103 104 105 106 107 108 109 110 111 112 113 114 115 116 117 118 119 120 121 122 123 124 125 126 127,-1.0,
base,active,690409.0,692915.0,693007.0,0 1 2 3 4 5 6 7 8 9 10 11 12 13 14 15 16 17 18 19 20 21 22 23 24 25 26 27 28 29 30 31 32 33 34 35 36 37 38 39 40 41 42 43 44 45 46 47 48 49 50 51 52 53 54 55 56 57 58 59 60 61 62 63 64 65 66 67 68 69 70 71 72 73 74 75 76 77 78 79 80 81 82 83 84 85 86 87 88 89 90 91 92 93 94 95 96 97 98 99 100 101 102 103 104 105 106 107 108 109 110 111 112 113 114 115 116 117 118 119 120 121 122 123 124 125 126 127,38846.0,False
base,active,692176.0,693007.0,693019.0,0,38855.0,False
base,active,692731.0,693007.0,693029.0,65,38858.0,False
base,active,,693007.0,693029.0,66 67 68 69 70 71 72 73 74 75 76 77 78 79 80 81 82 83 84 85 86 87 88 89 90 91 92 93 94 95 96 97 98 99 100 101 102 103 104 105 106 107 108 109 110 111 112 113 114 115 116 117 118 119 120 121 122 123 124 125 126 127,-1.0,
base,active,692226.0,693007.0,693504.0,1 2 3 4 5 6 7 8 9 10 11 12 13 14 15 16 17 18 19 20 21 22 23 24 25 26 27 28 29 30 31 32 33 34 35 36 37 38 39 40 41 42 43 44 45 46 47 48 49 50 51 52 53 54 55 56 57 58 59 60 61 62 63 64,38856.0,False
base,active,,693019.0,693029.0,0,-1.0,
base,active,692786.0,693029.0,694543.0,0 65 66 67 68 69 70 71 72 73 74 75 76 77 78 79 80 81 82 83 84 85 86 87 88 89 90 91 92 93 94 95 96 97 98 99 100 101 102 103 104 105 106 107 108 109 110 111 112 113 114 115 116 117 118 119 120 121 122 123 124 125 126 127,38859.0,False
base,active,,693504.0,693804.0,1 2 3 4 5 6 7 8 9 10 11 12 13 14 15 16 17 18 19 20 21 22 23 24 25 26 27 28 29 30 31 32 33 34 35 36 37 38 39 40 41 42 43 44 45 46 47 48 49 50 51 52 53 54 55 56 57 58 59 60 61 62 63 64,-1.0,
base,switching_off,,693804.0,695604.0,1 2 3 4 5 6 7 8 9 10 11 12 13 14 15 16 17 18 19 20 21 22 23 24 25 26 27 28 29 30 31 32 33 34 35 36 37 38 39 40 41 42 43 44 45 46 47 48 49 50 51 52 53 54 55 56 57 58 59 60 61 62 63 64,-2.0,
base,active,694322.0,694543.0,704644.0,0 65 66 67 68 69 70 71 72 73 74 75 76 77 78 79 80 81 82 83 84 85 86 87 88 89 90 91 92 93 94 95 96 97 98 99 100 101 102 103 104 105 106 107 108 109 110 111 112 113 114 115 116 117 118 119 120 121 122 123 124 125 126 127,38867.0,False
base,sleeping,,695604.0,700923.0,1,-4.0,
base,sleeping,,695604.0,705635.0,2,-4.0,
base,sleeping,,695604.0,710029.0,3 4 5 6 7 8 9 10 11 12 13 14 15 16 17,-4.0,
base,sleeping,,695604.0,710031.0,18 19 20 21,-4.0,
base,sleeping,,695604.0,710032.0,22 23 24 25,-4.0,
base,sleeping,,695604.0,710035.0,26 27 28 29,-4.0,
base,sleeping,,695604.0,710036.0,30 31 32 33 34 35 36 37 38 39 40 41 42 43 44 45,-4.0,
base,sleeping,,695604.0,710038.0,46 47 48 49 50 51 52 53,-4.0,
base,sleeping,,695604.0,715565.0,54 55 56 57 58 59 60 61 62 63 64,-4.0,
base,switching_on,,700923.0,703623.0,1,-3.0,
base,active,700923.0,703623.0,703626.0,1,38895.0,False
base,active,,703626.0,703926.0,1,-1.0,
base,switching_off,,703926.0,705726.0,1,-2.0,
base,active,704425.0,704644.0,704661.0,105,38913.0,False
base,active,703692.0,704644.0,704666.0,104,38907.0,False
base,active,703321.0,704644.0,704714.0,96 97 98 99 100 101 102 103,38906.0,False
base,active,703293.0,704644.0,704741.0,0 65 66 67 68 69 70 71 72 73 74 75 76 77 78 79 80 81 82 83 84 85 86 87 88 89 90 91 92 93 94 95,38905.0,False
base,active,,704644.0,704741.0,106 107 108 109 110 111 112 113 114 115 116 117 118 119 120 121 122 123 124 125 126 127,-1.0,
base,active,,704661.0,704741.0,105,-1.0,
base,active,,704666.0,704741.0,104,-1.0,
base,active,,704714.0,704741.0,96 97 98 99 100 101 102 103,-1.0,
base,active,704507.0,704741.0,719800.0,0 65 66 67 68 69 70 71 72 73 74 75 76 77 78 79 80 81 82 83 84 85 86 87 88 89 90 91 92 93 94 95 96 97 98 99 100 101 102 103 104 105 106 107 108 109 110 111 112 113 114 115 116 117 118 119 120 121 122 123 124 125 126 127,38915.0,False
base,switching_on,,705635.0,708335.0,2,-3.0,
base,sleeping,,705726.0,710029.0,1,-4.0,
base,active,705635.0,708335.0,708339.0,2,38918.0,False
base,active,706522.0,708339.0,708343.0,2,38920.0,False
base,active,,708343.0,708643.0,2,-1.0,
base,switching_off,,708643.0,710443.0,2,-2.0,
base,switching_on,,710029.0,712729.0,1 3 4 5 6 7 8 9 10 11 12 13 14 15 16 17,-3.0,
base,switching_on,,710031.0,712731.0,18 19 20 21,-3.0,
base,switching_on,,710032.0,712732.0,22 23 24 25,-3.0,
base,switching_on,,710035.0,712735.0,26 27 28 29,-3.0,
base,switching_on,,710036.0,712736.0,30 31 32 33 34 35 36 37 38 39 40 41 42 43 44 45,-3.0,
base,switching_on,,710038.0,712738.0,46 47 48 49 50 51 52 53,-3.0,
base,sleeping,,710443.0,715565.0,2,-4.0,
base,active,710029.0,712729.0,712742.0,1 3 4 5 6 7 8 9 10 11 12 13 14 15 16 17,38935.0,False
base,active,710031.0,712731.0,712742.0,18 19 20 21,38936.0,False
base,active,710032.0,712732.0,712742.0,22 23 24 25,38937.0,False
base,active,710035.0,712735.0,712743.0,26 27 28 29,38938.0,False
base,active,710036.0,712736.0,712743.0,30 31 32 33 34 35 36 37 38 39 40 41 42 43 44 45,38939.0,False
base,active,710038.0,712738.0,712744.0,46 47 48 49 50 51 52 53,38940.0,False
base,active,710056.0,712742.0,712746.0,1,38941.0,False
base,active,,712742.0,712746.0,23 24 25,-1.0,
base,active,710282.0,712742.0,712791.0,3 4 5 6 7 8 9 10 11 12 13 14 15 16 17 18,38942.0,False
base,active,710283.0,712742.0,712791.0,19 20 21 22,38943.0,False
base,active,,712743.0,712744.0,34 35 36 37 38 39 40 41,-1.0,
base,active,,712743.0,712746.0,42 43 44 45,-1.0,
base,active,710287.0,712743.0,712788.0,30 31 32 33,38945.0,False
base,active,710285.0,712743.0,712790.0,26 27 28 29,38944.0,False
base,active,710290.0,712744.0,712787.0,34 35 36 37 38 39 40 41 46 47 48 49 50 51 52 53,38946.0,False
base,active,710292.0,712746.0,712787.0,1 23 24 25 42 43 44 45,38947.0,False
base,active,,712787.0,712790.0,1 23 24 25 34 35 36 37 38 39 40 41 42 43 44 45 46 47 48 49 50 51 52 53,-1.0,
base,active,,712788.0,712790.0,30 31 32 33,-1.0,
base,active,711090.0,712790.0,713367.0,1 23 24 25 26 27 28 29 30 31 32 33 34 35 36 37 38 39 40 41 42 43 44 45 46 47 48 49 50 51 52 53,38950.0,False
base,active,,712791.0,713091.0,11 12 13 14 15 16 17 18 19 20 21 22,-1.0,
base,active,711119.0,712791.0,713340.0,3 4 5 6 7 8 9 10,38951.0,False
base,switching_off,,713091.0,714891.0,11 12 13 14 15 16 17 18 19 20 21 22,-2.0,
base,active,,713340.0,713367.0,3 4 5 6 7 8 9 10,-1.0,
base,active,711734.0,713367.0,713465.0,3 4 5 6 7 8 9 10,38958.0,False
base,active,711689.0,713367.0,713511.0,1 23 24 25 26 27 28 29 30 31 32 33 34 35 36 37 38 39 40 41 42 43 44 45 46 47 48 49 50 51 52 53,38957.0,False
base,active,,713465.0,713765.0,3 4 5 6 7 8 9 10,-1.0,
base,active,,713511.0,713811.0,1 23 24 25 26 27 28 29 30 31 32 33 34 35 36 37 38 39 40 41 42 43 44 45 46 47 48 49 50 51 52 53,-1.0,
base,switching_off,,713765.0,715565.0,3 4 5 6 7 8 9 10,-2.0,
base,switching_off,,713811.0,715611.0,1 23 24 25 26 27 28 29 30 31 32 33 34 35 36 37 38 39 40 41 42 43 44 45 46 47 48 49 50 51 52 53,-2.0,
base,sleeping,,714891.0,715565.0,11 12 13 14 15 16 17 18 19 20 21 22,-4.0,
base,switching_on,,715565.0,718265.0,2 3 4 5 6 7 8 9 10 11 12 13 14 15 16 17 18 19 20 21 22 54 55 56 57 58 59 60 61 62 63 64,-3.0,
base,switching_on,,715611.0,718311.0,1 23 24 25 26 27 28 29 30 31 32 33 34 35 36 37 38 39 40 41 42 43 44 45 46 47 48 49 50 51 52 53,-3.0,
base,active,713833.0,718265.0,718427.0,2 3 4 5 6 7 8 9 10 11 12 13 14 15 16 17 18 19 20 21 22 54 55 56 57 58 59 60 61 62 63 64,38966.0,False
base,active,714952.0,718311.0,718319.0,50 51 52 53,38974.0,False
base,active,714949.0,718311.0,718323.0,30 31 32 33 34 35 36 37 38 39 40 41 42 43 44 45,38972.0,False
base,active,714950.0,718311.0,718323.0,46 47 48 49,38973.0,False
base,active,713890.0,718311.0,718417.0,1 23 24 25 26 27 28 29,38967.0,False
base,active,714954.0,718319.0,718325.0,50 51 52 53,38975.0,False
base,active,,718323.0,718325.0,46 47 48 49,-1.0,
base,active,714955.0,718323.0,718329.0,30 31 32 33 34 35 36 37 38 39 40 41 42 43 44 45,38976.0,False
base,active,714957.0,718325.0,718329.0,46 47 48 49 50 51 52 53,38977.0,False
base,active,715246.0,718329.0,718423.0,46 47 48 49,38982.0,False
base,active,715247.0,718329.0,718423.0,50 51 52 53,38983.0,False
base,active,715244.0,718329.0,718428.0,30 31 32 33 34 35 36 37 38 39 40 41 42 43 44 45,38981.0,False
base,active,715249.0,718417.0,718510.0,1 23 24 25,38984.0,False
base,active,,718417.0,718510.0,26 27 28 29,-1.0,
base,active,,718423.0,718428.0,46 47 48 49 50 51 52 53,-1.0,
base,active,,718427.0,718428.0,57 58 59 60 61 62 63 64,-1.0,
base,active,715251.0,718427.0,718518.0,2 3 4 5 6 7 8 9 10 11 12 13 14 15 16 17,38985.0,False
base,active,715252.0,718427.0,718518.0,18 19 20 21 22 54 55 56,38986.0,False
base,active,715360.0,718428.0,718563.0,30 31 32 33 34 35 36 37 38 39 40 41 42 43 44 45 46 47 48 49 50 51 52 53 57 58 59 60 61 62 63 64,38987.0,False
base,active,715385.0,718510.0,718620.0,1 23 24 25 26 27 28 29,38988.0,False
base,active,716022.0,718518.0,718532.0,2,38990.0,False
base,active,,718518.0,718563.0,3 4 5 6 7 8 9,-1.0,
base,active,,718518.0,718671.0,10 11 12 13 14 15 16 17 18 19 20 21 22 54 55 56,-1.0,
base,active,,718532.0,718563.0,2,-1.0,
base,active,717302.0,718563.0,718671.0,2 3 4 5 6 7 8 9,38998.0,False
base,active,717272.0,718563.0,718702.0,30 31 32 33 34 35 36 37 38 39 40 41 42 43 44 45 46 47 48 49 50 51 52 53 57 58 59 60 61 62 63 64,38997.0,False
base,active,,718620.0,718671.0,1 23 24 25 26 27 28 29,-1.0,
base,active,718276.0,718671.0,718822.0,1 2 3 4 5 6 7 8 9 10 11 12 13 14 15 16 17 18 19 20 21 22 23 24 25 26 27 28 29 54 55 56,39002.0,False
base,active,,718702.0,718822.0,38 39 40 41 42 43 44 45,-1.0,
base,active,718305.0,718702.0,718825.0,30 31 32 33 34 35 36 37,39003.0,False
base,active,,718702.0,719002.0,46 47 48 49 50 51 52 53 57 58 59 60 61 62 63 64,-1.0,
base,active,718610.0,718822.0,719113.0,38 39 40 41 42 43 44 45,39009.0,False
base,active,718577.0,718822.0,719145.0,1 2 3 4 5 6 7 8 9 10 11 12 13 14 15 16 17 18 19 20 21 22 23 24 25 26 27 28 29 54 55 56,39007.0,False
base,active,,718825.0,719125.0,30 31 32 33 34 35 36 37,-1.0,
base,switching_off,,719002.0,720802.0,46 47 48 49 50 51 52 53 57 58 59 60 61 62 63 64,-2.0,
base,active,,719113.0,719413.0,38 39 40 41 42 43 44 45,-1.0,
base,switching_off,,719125.0,720925.0,30 31 32 33 34 35 36 37,-2.0,
base,active,,719145.0,719445.0,1 2 3 4 5 6 7 8 9 10 11 12 13 14 15 16 17 18 19 20 21 22 23 24 25 26 27 28 29 54 55 56,-1.0,
base,switching_off,,719413.0,721213.0,38 39 40 41 42 43 44 45,-2.0,
base,switching_off,,719445.0,721245.0,1 2 3 4 5 6 7 8 9 10 11 12 13 14 15 16 17 18 19 20 21 22 23 24 25 26 27 28 29 54 55 56,-2.0,
base,active,719569.0,719800.0,719814.0,0,39011.0,False
base,active,,719800.0,720100.0,65 66 67 68 69 70 71 72 73 74 75 76 77 78 79 80 81 82 83 84 85 86 87 88 89 90 91 92 93 94 95 96 97 98 99 100 101 102 103 104 105 106 107 108 109 110 111 112 113 114 115 116 117 118 119 120 121 122 123 124 125 126 127,-1.0,
base,active,,719814.0,720114.0,0,-1.0,
base,switching_off,,720100.0,721900.0,65 66 67 68 69 70 71 72 73 74 75 76 77 78 79 80 81 82 83 84 85 86 87 88 89 90 91 92 93 94 95 96 97 98 99 100 101 102 103 104 105 106 107 108 109 110 111 112 113 114 115 116 117 118 119 120 121 122 123 124 125 126 127,-2.0,
base,switching_off,,720114.0,721914.0,0,-2.0,
base,sleeping,,720802.0,722931.0,46 47 48 49 50 51 52 53 57 58 59 60 61 62 63 64,-4.0,
base,sleeping,,720925.0,722931.0,30 31 32 33 34 35 36 37,-4.0,
base,sleeping,,721213.0,722931.0,38 39 40 41 42 43 44 45,-4.0,
base,sleeping,,721245.0,722929.0,1 2 3 4 5 6 7 8 9 10 11 12 13 14 15,-4.0,
base,sleeping,,721245.0,722931.0,16 17 18 19 20 21 22 23 24 25 26 27 28 29 54 55 56,-4.0,
base,sleeping,,721900.0,722931.0,65 66 67 68 69 70 71 72 73 74 75 76 77 78 79,-4.0,
base,sleeping,,721900.0,726962.0,80,-4.0,
base,sleeping,,721900.0,759341.0,81 82 83 84 85 86 87 88 89 90 91 92 93 94 95,-4.0,
base,sleeping,,721900.0,759370.0,96 97 98 99 100 101 102 103,-4.0,
base,sleeping,,721900.0,778070.0,104 105 106 107 108 109 110 111 112 113 114 115 116 117 118 119 120 121 122 123 124 125 126 127,-4.0,
base,sleeping,,721914.0,722929.0,0,-4.0,
base,switching_on,,722929.0,725629.0,0 1 2 3 4 5 6 7 8 9 10 11 12 13 14 15,-3.0,
base,switching_on,,722931.0,725631.0,16 17 18 19 20 21 22 23 24 25 26 27 28 29 30 31 32 33 34 35 36 37 38 39 40 41 42 43 44 45 46 47 48 49 50 51 52 53 54 55 56 57 58 59 60 61 62 63 64 65 66 67 68 69 70 71 72 73 74 75 76 77 78 79,-3.0,
base,active,722929.0,725629.0,730174.0,0 1 2 3 4 5 6 7 8 9 10 11 12 13 14 15,39026.0,False
base,active,722931.0,725631.0,735829.0,16 17 18 19 20 21 22 23 24 25 26 27 28 29 30 31 32 33 34 35 36 37 38 39 40 41 42 43 44 45 46 47 48 49 50 51 52 53 54 55 56 57 58 59 60 61 62 63 64 65 66 67 68 69 70 71 72 73 74 75 76 77 78 79,39027.0,False
base,switching_on,,726962.0,729662.0,80,-3.0,
base,active,726962.0,729662.0,729677.0,80,39043.0,False
base,active,,729677.0,729977.0,80,-1.0,
base,switching_off,,729977.0,731777.0,80,-2.0,
base,active,,730174.0,730474.0,0 1 2 3 4 5 6 7 8 9 10 11 12 13 14 15,-1.0,
base,switching_off,,730474.0,732274.0,0 1 2 3 4 5 6 7 8 9 10 11 12 13 14 15,-2.0,
base,sleeping,,731777.0,759341.0,80,-4.0,
base,sleeping,,732274.0,737849.0,0,-4.0,
base,sleeping,,732274.0,759205.0,1 2 3 4 5 6 7 8 9 10 11 12 13 14 15,-4.0,
base,active,733130.0,735829.0,740664.0,16 17 18 19 20 21 22 23 24 25 26 27 28 29 30 31 32 33 34 35 36 37 38 39 40 41 42 43 44 45 46 47 48 49 50 51 52 53 54 55 56 57 58 59 60 61 62 63 64 65 66 67 68 69 70 71 72 73 74 75 76 77 78 79,39070.0,False
base,switching_on,,737849.0,740549.0,0,-3.0,
base,active,737849.0,740549.0,740561.0,0,39093.0,False
base,active,,740561.0,740664.0,0,-1.0,
base,active,739281.0,740664.0,740765.0,0,39095.0,False
base,active,737974.0,740664.0,750840.0,16 17 18 19 20 21 22 23 24 25 26 27 28 29 30 31 32 33 34 35 36 37 38 39 40 41 42 43 44 45 46 47 48 49 50 51 52 53 54 55 56 57 58 59 60 61 62 63 64 65 66 67 68 69 70 71 72 73 74 75 76 77 78 79,39094.0,False
base,active,739459.0,740765.0,740904.0,0,39096.0,False
base,active,,740904.0,741204.0,0,-1.0,
base,switching_off,,741204.0,743004.0,0,-2.0,
base,sleeping,,743004.0,759205.0,0,-4.0,
base,active,,750840.0,751140.0,16 17 18 19 20 21 22 23 24 25 26 27 28 29 30 31 32 33 34 35 36 37 38 39 40 41 42 43 44 45 46 47 48 49 50 51 52 53 54 55 56 57 58 59 60 61 62 63 64 65 66 67 68 69 70 71 72 73 74 75 76 77 78 79,-1.0,
base,switching_off,,751140.0,752940.0,16 17 18 19 20 21 22 23 24 25 26 27 28 29 30 31 32 33 34 35 36 37 38 39 40 41 42 43 44 45 46 47 48 49 50 51 52 53 54 55 56 57 58 59 60 61 62 63 64 65 66 67 68 69 70 71 72 73 74 75 76 77 78 79,-2.0,
base,sleeping,,752940.0,759205.0,16 17 18 19 20 21 22 23 24 25 26 27 28 29 30 31 32 33 34 35 36 37 38 39 40 41 42 43 44 45 46 47 48 49 50 51 52 53 54 55 56 57 58 59 60 61 62 63,-4.0,
base,sleeping,,752940.0,759341.0,64 65 66 67 68 69 70 71 72 73 74 75 76 77 78 79,-4.0,
base,switching_on,,759205.0,761905.0,0 1 2 3 4 5 6 7 8 9 10 11 12 13 14 15 16 17 18 19 20 21 22 23 24 25 26 27 28 29 30 31 32 33 34 35 36 37 38 39 40 41 42 43 44 45 46 47 48 49 50 51 52 53 54 55 56 57 58 59 60 61 62 63,-3.0,
base,switching_on,,759341.0,762041.0,64 65 66 67 68 69 70 71 72 73 74 75 76 77 78 79 80 81 82 83 84 85 86 87 88 89 90 91 92 93 94 95,-3.0,
base,switching_on,,759370.0,762070.0,96 97 98 99 100 101 102 103,-3.0,
base,active,759205.0,761905.0,776982.0,0 1 2 3 4 5 6 7 8 9 10 11 12 13 14 15 16 17 18 19 20 21 22 23 24 25 26 27 28 29 30 31 32 33 34 35 36 37 38 39 40 41 42 43 44 45 46 47 48 49 50 51 52 53 54 55 56 57 58 59 60 61 62 63,39097.0,False
base,active,759341.0,762041.0,762174.0,64 65 66 67 68 69 70 71 72 73 74 75 76 77 78 79 80 81 82 83 84 85 86 87 88 89 90 91 92 93 94 95,39098.0,False
base,active,759370.0,762070.0,762175.0,96 97 98 99 100 101 102 103,39099.0,False
base,active,759584.0,762174.0,762295.0,64 65 66 67 68 69 70 71 72 73 74 75 76 77 78 79 80 81 82 83 84 85 86 87 88 89 90 91 92 93 94 95,39100.0,False
base,active,759607.0,762175.0,762273.0,96 97 98 99 100 101 102 103,39101.0,False
base,active,,762273.0,762295.0,96 97 98 99 100 101 102 103,-1.0,
base,active,760439.0,762295.0,762444.0,96 97 98 99 100 101 102 103,39103.0,False
base,active,760407.0,762295.0,762476.0,64 65 66 67 68 69 70 71 72 73 74 75 76 77 78 79 80 81 82 83 84 85 86 87 88 89 90 91 92 93 94 95,39102.0,False
base,active,,762444.0,762476.0,96 97 98 99 100 101 102 103,-1.0,
base,active,760981.0,762476.0,762575.0,96 97 98 99 100 101 102 103,39105.0,False
base,active,760955.0,762476.0,762600.0,64 65 66 67 68 69 70 71 72 73 74 75 76 77 78 79 80 81 82 83 84 85 86 87 88 89 90 91 92 93 94 95,39104.0,False
base,active,,762575.0,762875.0,96 97 98 99 100 101 102 103,-1.0,
base,active,,762600.0,762900.0,64 65 66 67 68 69 70 71 72 73 74 75 76 77 78 79 80 81 82 83 84 85 86 87 88 89 90 91 92 93 94 95,-1.0,
base,switching_off,,762875.0,764675.0,96 97 98 99 100 101 102 103,-2.0,
base,switching_off,,762900.0,764700.0,64 65 66 67 68 69 70 71 72 73 74 75 76 77 78 79 80 81 82 83 84 85 86 87 88 89 90 91 92 93 94 95,-2.0,
base,sleeping,,764675.0,778070.0,96 97 98 99 100 101 102 103,-4.0,
base,sleeping,,764700.0,768592.0,64,-4.0,
base,sleeping,,764700.0,772248.0,65,-4.0,
base,sleeping,,764700.0,772580.0,66 67 68 69 70 71 72,-4.0,
base,sleeping,,764700.0,778070.0,73 74 75 76 77 78 79 80 81 82 83 84 85 86 87 88 89 90 91 92 93 94 95,-4.0,
base,switching_on,,768592.0,771292.0,64,-3.0,
base,active,768592.0,771292.0,771308.0,64,39124.0,False
base,active,770021.0,771308.0,771323.0,64,39131.0,False
base,active,,771323.0,771623.0,64,-1.0,
base,switching_off,,771623.0,773423.0,64,-2.0,
base,switching_on,,772248.0,774948.0,65,-3.0,
base,switching_on,,772580.0,775280.0,66 67 68 69 70 71 72,-3.0,
base,sleeping,,773423.0,777936.0,64,-4.0,
base,active,772248.0,774948.0,775055.0,65,39140.0,False
base,active,772407.0,775055.0,775076.0,65,39144.0,False
base,active,772496.0,775076.0,775094.0,65,39146.0,False
base,active,,775094.0,775280.0,65,-1.0,
base,active,772580.0,775280.0,775300.0,65 66 67 68 69 70 71 72,39148.0,False
base,active,773113.0,775300.0,775339.0,65 66 67 68 69 70 71 72,39150.0,False
base,active,773183.0,775339.0,775359.0,65,39151.0,False
base,active,,775339.0,775359.0,66 67 68 69 70 71 72,-1.0,
base,active,773356.0,775359.0,775461.0,65 66 67 68 69 70 71 72,39152.0,False
base,active,773489.0,775461.0,775495.0,65,39153.0,False
base,active,,775461.0,775495.0,66 67 68 69 70 71 72,-1.0,
base,active,773759.0,775495.0,775541.0,65 66 67 68 69 70 71 72,39155.0,False
base,active,773890.0,775541.0,775681.0,65 66 67 68 69 70 71 72,39156.0,False
base,active,774291.0,775681.0,775697.0,67,39165.0,False
base,active,774266.0,775681.0,775707.0,66,39163.0,False
base,active,774184.0,775681.0,775713.0,65,39162.0,False
base,active,774320.0,775681.0,775723.0,68,39166.0,False
base,active,,775681.0,775723.0,69 70 71 72,-1.0,
base,active,,775697.0,775723.0,67,-1.0,
base,active,,775707.0,775723.0,66,-1.0,
base,active,,775713.0,775723.0,65,-1.0,
base,active,774428.0,775723.0,775744.0,65 66 67 68 69 70 71 72,39167.0,False
base,active,774515.0,775744.0,775768.0,65 66 67 68 69 70 71 72,39168.0,False
base,active,774624.0,775768.0,775773.0,65,39169.0,False
base,active,,775768.0,775773.0,66 67 68 69 70 71 72,-1.0,
base,active,774647.0,775773.0,775803.0,65 66 67 68 69 70 71 72,39170.0,False
base,active,774951.0,775803.0,775806.0,65,39172.0,False
base,active,775006.0,775803.0,775806.0,67,39174.0,False
base,active,774962.0,775803.0,775807.0,66,39173.0,False
base,active,,775803.0,775807.0,68 69 70 71 72,-1.0,
base,active,,775806.0,775807.0,65 67,-1.0,
base,active,775055.0,775807.0,775870.0,65 66 67 68 69 70 71 72,39175.0,False
base,active,775140.0,775870.0,775963.0,65 66 67 68 69 70 71 72,39176.0,False
base,active,775562.0,775963.0,775967.0,66,39179.0,False
base,active,775483.0,775963.0,775970.0,65,39178.0,False
base,active,,775963.0,776263.0,67 68 69 70 71 72,-1.0,
base,active,,775967.0,776267.0,66,-1.0,
base,active,,775970.0,776270.0,65,-1.0,
base,switching_off,,776263.0,778063.0,67 68 69 70 71 72,-2.0,
base,switching_off,,776267.0,778067.0,66,-2.0,
base,switching_off,,776270.0,778070.0,65,-2.0,
base,active,,776982.0,777282.0,0 1 2 3 4 5 6 7 8 9 10 11 12 13 14 15 16 17 18 19 20 21 22 23 24 25 26 27 28 29 30 31 32 33 34 35 36 37 38 39 40 41 42 43 44 45 46 47 48 49 50 51 52 53 54 55 56 57 58 59 60 61 62 63,-1.0,
base,switching_off,,777282.0,779082.0,0 1 2 3 4 5 6 7 8 9 10 11 12 13 14 15 16 17 18 19 20 21 22 23 24 25 26 27 28 29 30 31 32 33 34 35 36 37 38 39 40 41 42 43 44 45 46 47 48 49 50 51 52 53 54 55 56 57 58 59 60 61 62 63,-2.0,
base,switching_on,,777936.0,780636.0,64,-3.0,
base,sleeping,,778063.0,778070.0,67 68 69 70 71 72,-4.0,
base,sleeping,,778067.0,778070.0,66,-4.0,
base,switching_on,,778070.0,780770.0,65 66 67 68 69 70 71 72 73 74 75 76 77 78 79 80 81 82 83 84 85 86 87 88 89 90 91 92 93 94 95 96 97 98 99 100 101 102 103 104 105 106 107 108 109 110 111 112 113 114 115 116 117 118 119 120 121 122 123 124 125 126 127,-3.0,
base,switching_on,,779082.0,781782.0,0,-3.0,
base,sleeping,,779082.0,783913.0,1 2 3 4 5 6 7 8 9 10 11 12 13 14 15 16 17 18 19 20 21 22 23 24 25 26 27 28 29 30 31 32 33 34 35 36 37 38 39 40 41 42 43 44 45 46 47 48 49 50 51 52 53 54 55 56 57 58 59 60 61 62 63,-4.0,
base,active,777936.0,780636.0,780663.0,64,39195.0,False
base,active,,780663.0,780770.0,64,-1.0,
base,active,777961.0,780770.0,783466.0,64 65 66 67 68 69 70 71 72 73 74 75 76 77 78 79 80 81 82 83 84 85 86 87 88 89 90 91 92 93 94 95 96 97 98 99 100 101 102 103 104 105 106 107 108 109 110 111 112 113 114 115 116 117 118 119 120 121 122 123 124 125 126 127,39196.0,False
base,active,778064.0,781782.0,781799.0,0,39197.0,False
base,active,780659.0,781799.0,781813.0,0,39207.0,False
base,active,,781813.0,782113.0,0,-1.0,
base,switching_off,,782113.0,783913.0,0,-2.0,
base,active,,783466.0,786613.0,64 65 66 67 68 69 70 71 72 73 74 75 76 77 78 79 80 81 82 83 84 85 86 87 88 89 90 91 92 93 94 95 96 97 98 99 100 101 102 103 104 105 106 107 108 109 110 111 112 113 114 115 116 117 118 119 120 121 122 123 124 125 126 127,-1.0,
base,switching_on,,783913.0,786613.0,0 1 2 3 4 5 6 7 8 9 10 11 12 13 14 15 16 17 18 19 20 21 22 23 24 25 26 27 28 29 30 31 32 33 34 35 36 37 38 39 40 41 42 43 44 45 46 47 48 49 50 51 52 53 54 55 56 57 58 59 60 61 62 63,-3.0,
base,active,783368.0,786613.0,786709.0,0 1 2 3 4 5 6 7 8 9 10 11 12 13 14 15 16 17 18 19 20 21 22 23 24 25 26 27 28 29 30 31 32 33 34 35 36 37 38 39 40 41 42 43 44 45 46 47 48 49 50 51 52 53 54 55 56 57 58 59 60 61 62 63 64 65 66 67 68 69 70 71 72 73 74 75 76 77 78 79 80 81 82 83 84 85 86 87 88 89 90 91 92 93 94 95 96 97 98 99 100 101 102 103 104 105 106 107 108 109 110 111 112 113 114 115 116 117 118 119 120 121 122 123 124 125 126 127,39220.0,False
base,active,784048.0,786709.0,788037.0,0 1 2 3 4 5 6 7 8 9 10 11 12 13 14 15 16 17 18 19 20 21 22 23 24 25 26 27 28 29 30 31 32 33 34 35 36 37 38 39 40 41 42 43 44 45 46 47 48 49 50 51 52 53 54 55 56 57 58 59 60 61 62 63,39222.0,False
base,active,785403.0,786709.0,788112.0,64 65 66 67 68 69 70 71 72 73 74 75 76 77 78 79 80 81 82 83 84 85 86 87 88 89 90 91 92 93 94 95 96 97 98 99 100 101 102 103 104 105 106 107 108 109 110 111 112 113 114 115 116 117 118 119 120 121 122 123 124 125 126 127,39229.0,False
base,active,786808.0,788037.0,788052.0,0,39237.0,False
base,active,,788037.0,788112.0,1 2 3 4 5 6 7 8 9 10 11 12 13 14 15 16 17 18 19 20 21 22 23 24 25 26 27 28 29 30 31 32 33 34 35 36 37 38 39 40 41 42 43 44 45 46 47 48 49 50 51 52 53 54 55 56 57 58 59 60 61 62 63,-1.0,
base,active,,788052.0,788112.0,0,-1.0,
base,active,787724.0,788112.0,788203.0,0 1 2 3 4 5 6 7 8 9 10 11 12 13 14 15 16 17 18 19 20 21 22 23 24 25 26 27 28 29 30 31 32 33 34 35 36 37 38 39 40 41 42 43 44 45 46 47 48 49 50 51 52 53 54 55 56 57 58 59 60 61 62 63 64 65 66 67 68 69 70 71 72 73 74 75 76 77 78 79 80 81 82 83 84 85 86 87 88 89 90 91 92 93 94 95 96 97 98 99 100 101 102 103 104 105 106 107 108 109 110 111 112 113 114 115 116 117 118 119 120 121 122 123 124 125 126 127,39240.0,False
base,active,,788203.0,788503.0,64 65 66 67 68 69 70 71 72 73 74 75 76 77 78 79 80 81 82 83 84 85 86 87 88 89 90 91 92 93 94 95 96 97 98 99 100 101 102 103 104 105 106 107 108 109 110 111 112 113 114 115 116 117 118 119 120 121 122 123 124 125 126 127,-1.0,
base,active,788165.0,788203.0,790603.0,0 1 2 3 4 5 6 7 8 9 10 11 12 13 14 15 16 17 18 19 20 21 22 23 24 25 26 27 28 29 30 31 32 33 34 35 36 37 38 39 40 41 42 43 44 45 46 47 48 49 50 51 52 53 54 55 56 57 58 59 60 61 62 63,39243.0,False
base,switching_off,,788503.0,790303.0,64 65 66 67 68 69 70 71 72 73 74 75 76 77 78 79 80 81 82 83 84 85 86 87 88 89 90 91 92 93 94 95 96 97 98 99 100 101 102 103 104 105 106 107 108 109 110 111 112 113 114 115 116 117 118 119 120 121 122 123 124 125 126 127,-2.0,
base,sleeping,,790303.0,792016.0,64 65 66 67 68 69 70 71 72 73 74 75 76 77 78 79 80 81 82 83 84 85 86 87 88 89 90 91 92 93 94 95 96 97 98 99 100 101 102 103 104 105 106 107 108 109 110 111 112 113 114 115 116 117 118 119 120 121 122 123 124 125 126 127,-4.0,
base,active,789267.0,790603.0,790663.0,0,39251.0,False
base,active,,790603.0,790663.0,1 2 3 4 5 6 7 8 9 10 11 12 13 14 15 16 17 18 19 20 21 22 23 24 25 26 27 28 29 30 31 32 33 34 35 36 37 38 39 40 41 42 43 44 45 46 47 48 49 50 51 52 53 54 55 56 57 58 59 60 61 62 63,-1.0,
base,active,790592.0,790663.0,791217.0,0 1 2 3 4 5 6 7 8 9 10 11 12 13 14 15 16 17 18 19 20 21 22 23 24 25 26 27 28 29 30 31 32 33 34 35 36 37 38 39 40 41 42 43 44 45 46 47 48 49 50 51 52 53 54 55 56 57 58 59 60 61 62 63,39260.0,False
base,active,,791217.0,791517.0,0 1 2 3 4 5 6 7 8 9 10 11 12 13 14 15 16 17 18 19 20 21 22 23 24 25 26 27 28 29 30 31 32 33 34 35 36 37 38 39 40 41 42 43 44 45 46 47 48 49 50 51 52 53 54 55 56 57 58 59 60 61 62 63,-1.0,
base,switching_off,,791517.0,793317.0,0 1 2 3 4 5 6 7 8 9 10 11 12 13 14 15 16 17 18 19 20 21 22 23 24 25 26 27 28 29 30 31 32 33 34 35 36 37 38 39 40 41 42 43 44 45 46 47 48 49 50 51 52 53 54 55 56 57 58 59 60 61 62 63,-2.0,
base,switching_on,,792016.0,794716.0,64 65 66 67 68 69 70 71 72 73 74 75 76 77 78 79 80 81 82 83 84 85 86 87 88 89 90 91 92 93 94 95 96 97 98 99 100 101 102 103 104 105 106 107 108 109 110 111 112 113 114 115 116 117 118 119 120 121 122 123 124 125 126 127,-3.0,
base,sleeping,,793317.0,802422.0,0,-4.0,
base,sleeping,,793317.0,809329.0,1 2 3 4 5 6 7 8 9 10 11 12 13 14 15,-4.0,
base,sleeping,,793317.0,810919.0,16,-4.0,
base,sleeping,,793317.0,823956.0,17 18 19 20 21 22 23 24 25 26 27 28 29 30 31 32 33 34 35 36 37 38 39 40 41 42 43 44 45 46 47 48 49 50 51 52 53 54 55 56 57 58 59 60 61 62 63,-4.0,
base,active,792016.0,794716.0,799018.0,64 65 66 67 68 69 70 71 72 73 74 75 76 77 78 79 80 81 82 83 84 85 86 87 88 89 90 91 92 93 94 95 96 97 98 99 100 101 102 103 104 105 106 107 108 109 110 111 112 113 114 115 116 117 118 119 120 121 122 123 124 125 126 127,39265.0,False
base,active,796319.0,799018.0,799033.0,64,39266.0,False
base,active,,799018.0,799033.0,65 66 67 68 69 70 71 72 73 74 75 76 77 78 79 80 81 82 83 84 85 86 87 88 89 90 91 92 93 94 95 96 97 98 99 100 101 102 103 104 105 106 107 108 109 110 111 112 113 114 115 116 117 118 119 120 121 122 123 124 125 126 127,-1.0,
base,active,796400.0,799033.0,810932.0,64 65 66 67 68 69 70 71 72 73 74 75 76 77 78 79 80 81 82 83 84 85 86 87 88 89 90 91 92 93 94 95 96 97 98 99 100 101 102 103 104 105 106 107 108 109 110 111 112 113 114 115 116 117 118 119 120 121 122 123 124 125 126 127,39267.0,False
base,switching_on,,802422.0,805122.0,0,-3.0,
base,active,802422.0,805122.0,805146.0,0,39268.0,False
base,active,,805146.0,805446.0,0,-1.0,
base,switching_off,,805446.0,807246.0,0,-2.0,
base,sleeping,,807246.0,808168.0,0,-4.0,
base,switching_on,,808168.0,810868.0,0,-3.0,
base,switching_on,,809329.0,812029.0,1 2 3 4 5 6 7 8 9 10 11 12 13 14 15,-3.0,
base,active,808168.0,810868.0,810883.0,0,39269.0,False
base,active,808302.0,810883.0,810902.0,0,39270.0,False
base,active,,810902.0,812029.0,0,-1.0,
base,switching_on,,810919.0,813619.0,16,-3.0,
base,active,,810932.0,812029.0,80 81 82 83 84 85 86 87 88 89 90 91 92 93 94 95 96 97 98 99 100 101 102 103 104 105 106 107 108 109 110 111 112 113 114 115 116 117 118 119 120 121 122 123 124 125 126 127,-1.0,
base,active,809328.0,810932.0,821856.0,64 65 66 67 68 69 70 71 72 73 74 75 76 77 78 79,39271.0,False
base,active,809329.0,812029.0,822953.0,0 1 2 3 4 5 6 7 8 9 10 11 12 13 14 15 80 81 82 83 84 85 86 87 88 89 90 91 92 93 94 95 96 97 98 99 100 101 102 103 104 105 106 107 108 109 110 111 112 113 114 115 116 117 118 119 120 121 122 123 124 125 126 127,39272.0,False
base,active,810919.0,813619.0,813624.0,16,39273.0,False
base,active,,813624.0,813924.0,16,-1.0,
base,switching_off,,813924.0,815724.0,16,-2.0,
base,sleeping,,815724.0,823956.0,16,-4.0,
base,active,,821856.0,822156.0,64 65 66 67 68 69 70 71 72 73 74 75 76 77 78 79,-1.0,
base,switching_off,,822156.0,823956.0,64 65 66 67 68 69 70 71 72 73 74 75 76 77 78 79,-2.0,
base,active,,822953.0,826656.0,0 1 2 3 4 5 6 7 8 9 10 11 12 13 14 15 80 81 82 83 84 85 86 87 88 89 90 91 92 93 94 95 96 97 98 99 100 101 102 103 104 105 106 107 108 109 110 111 112 113 114 115 116 117 118 119 120 121 122 123 124 125 126 127,-1.0,
base,switching_on,,823956.0,826656.0,16 17 18 19 20 21 22 23 24 25 26 27 28 29 30 31 32 33 34 35 36 37 38 39 40 41 42 43 44 45 46 47 48 49 50 51 52 53 54 55 56 57 58 59 60 61 62 63 64 65 66 67 68 69 70 71 72 73 74 75 76 77 78 79,-3.0,
base,active,822566.0,826656.0,826743.0,0 1 2 3 4 5 6 7 8 9 10 11 12 13 14 15 16 17 18 19 20 21 22 23 24 25 26 27 28 29 30 31 32 33 34 35 36 37 38 39 40 41 42 43 44 45 46 47 48 49 50 51 52 53 54 55 56 57 58 59 60 61 62 63 64 65 66 67 68 69 70 71 72 73 74 75 76 77 78 79 80 81 82 83 84 85 86 87 88 89 90 91 92 93 94 95 96 97 98 99 100 101 102 103 104 105 106 107 108 109 110 111 112 113 114 115 116 117 118 119 120 121 122 123 124 125 126 127,39279.0,False
base,active,,826743.0,827043.0,0 1 2 3 4 5 6 7 8 9 10 11 12 13 14 15 16 17 18 19 20 21 22 23 24 25 26 27 28 29 30 31 32 33 34 35 36 37 38 39 40 41 42 43 44 45 46 47 48 49 50 51 52 53 54 55 56 57 58 59 60 61 62 63 64 65 66 67 68 69 70 71 72 73 74 75 76 77 78 79 80 81 82 83 84 85 86 87 88 89 90 91 92 93 94 95 96 97 98 99 100 101 102 103 104 105 106 107 108 109 110 111 112 113 114 115 116 117 118 119 120 121 122 123 124 125 126 127,-1.0,
base,switching_off,,827043.0,828843.0,0 1 2 3 4 5 6 7 8 9 10 11 12 13 14 15 16 17 18 19 20 21 22 23 24 25 26 27 28 29 30 31 32 33 34 35 36 37 38 39 40 41 42 43 44 45 46 47 48 49 50 51 52 53 54 55 56 57 58 59 60 61 62 63 64 65 66 67 68 69 70 71 72 73 74 75 76 77 78 79 80 81 82 83 84 85 86 87 88 89 90 91 92 93 94 95 96 97 98 99 100 101 102 103 104 105 106 107 108 109 110 111 112 113 114 115 116 117 118 119 120 121 122 123 124 125 126 127,-2.0,
base,sleeping,,828843.0,851460.0,0 1 2 3,-4.0,
base,sleeping,,828843.0,851760.0,4 5 6 7,-4.0,
base,sleeping,,828843.0,852323.0,8 9 10 11 12 13 14 15,-4.0,
base,sleeping,,828843.0,852779.0,16 17 18 19 20 21 22 23 24 25 26 27 28 29 30 31,-4.0,
base,sleeping,,828843.0,853137.0,32 33 34 35 36 37 38 39 40 41 42 43 44 45 46 47 48 49 50 51 52 53 54 55 56 57 58 59 60 61 62 63,-4.0,
base,sleeping,,828843.0,853160.0,64 65 66 67 68 69 70 71,-4.0,
base,sleeping,,828843.0,853287.0,72 73 74 75,-4.0,
base,sleeping,,828843.0,855907.0,76 77 78 79 80 81 82 83 84 85 86 87 88 89 90 91 92 93 94 95 96 97 98 99 100 101 102 103,-4.0,
base,sleeping,,828843.0,855910.0,104 105 106 107 108 109 110 111,-4.0,
base,sleeping,,828843.0,855912.0,112 113 114 115 116 117 118 119,-4.0,
base,sleeping,,828843.0,855915.0,120 121 122 123 124 125 126 127,-4.0,
base,switching_on,,851460.0,854160.0,0 1 2 3,-3.0,
base,switching_on,,851760.0,854460.0,4 5 6 7,-3.0,
base,switching_on,,852323.0,855023.0,8 9 10 11 12 13 14 15,-3.0,
base,switching_on,,852779.0,855479.0,16 17 18 19 20 21 22 23 24 25 26 27 28 29 30 31,-3.0,
base,switching_on,,853137.0,855837.0,32 33 34 35 36 37 38 39 40 41 42 43 44 45 46 47 48 49 50 51 52 53 54 55 56 57 58 59 60 61 62 63,-3.0,
base,switching_on,,853160.0,855860.0,64 65 66 67 68 69 70 71,-3.0,
base,switching_on,,853287.0,855987.0,72 73 74 75,-3.0,
base,active,851460.0,854160.0,854210.0,0 1 2 3,39514.0,False
base,active,,854210.0,854460.0,0 1 2 3,-1.0,
base,active,851760.0,854460.0,854521.0,0 1 2 3 4 5 6 7,39516.0,False
base,active,851945.0,854521.0,854568.0,0 1,39519.0,False
base,active,,854521.0,855023.0,2 3 4 5 6 7,-1.0,
base,active,,854568.0,855023.0,0 1,-1.0,
base,active,852323.0,855023.0,855381.0,0 1 2 3 4 5 6 7 8 9 10 11 12 13 14 15,39523.0,False
base,active,,855381.0,855479.0,0 1 2 3 4 5 6 7 8 9 10 11 12 13 14 15,-1.0,
base,active,852779.0,855479.0,856730.0,0 1 2 3 4 5 6 7 8 9 10 11 12 13 14 15 16 17 18 19 20 21 22 23 24 25 26 27 28 29 30 31,39526.0,False
base,active,853137.0,855837.0,856445.0,32 33 34 35 36 37 38 39 40 41 42 43 44 45 46 47 48 49 50 51 52 53 54 55 56 57 58 59 60 61 62 63,39528.0,False
base,active,853160.0,855860.0,856446.0,64 65 66 67 68 69 70 71,39529.0,False
base,switching_on,,855907.0,858607.0,76 77 78 79 80 81 82 83 84 85 86 87 88 89 90 91 92 93 94 95 96 97 98 99 100 101 102 103,-3.0,
base,switching_on,,855910.0,858610.0,104 105 106 107 108 109 110 111,-3.0,
base,switching_on,,855912.0,858612.0,112 113 114 115 116 117 118 119,-3.0,
base,switching_on,,855915.0,858615.0,120 121 122 123 124 125 126 127,-3.0,
base,active,853287.0,855987.0,856361.0,72 73 74 75,39530.0,False
base,active,853694.0,856361.0,857976.0,72 73 74 75,39532.0,False
base,active,854199.0,856445.0,857135.0,32 33 34 35 36 37 38 39 40 41 42 43 44 45 46 47 48 49 50 51 52 53 54 55 56 57 58 59 60 61 62 63,39533.0,False
base,active,,856446.0,856730.0,64 65 66 67 68 69 70 71,-1.0,
base,active,854334.0,856730.0,861830.0,64 65 66 67 68 69 70 71,39535.0,False
base,active,854258.0,856730.0,861906.0,0 1 2 3 4 5 6 7 8 9 10 11 12 13 14 15 16 17 18 19 20 21 22 23 24 25 26 27 28 29 30 31,39534.0,False
base,active,854879.0,857135.0,857139.0,56 57 58 59,39540.0,False
base,active,854877.0,857135.0,857144.0,52 53 54 55,39539.0,False
base,active,854873.0,857135.0,857146.0,32 33 34 35 36 37 38 39 40 41 42 43 44 45 46 47,39537.0,False
base,active,854874.0,857135.0,857146.0,48 49 50 51,39538.0,False
base,active,,857135.0,857148.0,60 61 62 63,-1.0,
base,active,,857139.0,857148.0,56 57 58 59,-1.0,
base,active,,857144.0,857148.0,52 53 54 55,-1.0,
base,active,854881.0,857146.0,857148.0,32 33 34 35 36 37 38 39 40 41 42 43 44 45 46 47,39541.0,False
base,active,,857146.0,857148.0,48 49 50 51,-1.0,
base,active,854967.0,857148.0,857889.0,32 33 34 35 36 37 38 39 40 41 42 43 44 45 46 47 48 49 50 51 52 53 54 55 56 57 58 59 60 61 62 63,39542.0,False
base,active,855249.0,857889.0,857894.0,56 57 58 59,39547.0,False
base,active,855246.0,857889.0,857895.0,48 49 50 51,39545.0,False
base,active,855247.0,857889.0,857895.0,52 53 54 55,39546.0,False
base,active,,857889.0,857895.0,60 61 62 63,-1.0,
base,active,855244.0,857889.0,857901.0,32 33 34 35 36 37 38 39 40 41 42 43 44 45 46 47,39544.0,False
base,active,,857894.0,857895.0,56 57 58 59,-1.0,
base,active,855250.0,857895.0,857900.0,48 49 50 51 52 53 54 55 56 57 58 59 60 61 62 63,39548.0,False
base,active,855359.0,857900.0,857932.0,48 49 50 51 52 53 54 55 56 57 58 59 60 61 62 63,39549.0,False
base,active,855363.0,857901.0,857927.0,40 41 42 43,39552.0,False
base,active,855362.0,857901.0,857928.0,36 37 38 39,39551.0,False
base,active,855360.0,857901.0,857930.0,32 33 34 35,39550.0,False
base,active,,857901.0,857930.0,44 45 46 47,-1.0,
base,active,,857927.0,857930.0,40 41 42 43,-1.0,
base,active,,857928.0,857930.0,36 37 38 39,-1.0,
base,active,855365.0,857930.0,857955.0,32 33 34 35 36 37 38 39 40 41 42 43 44 45 46 47,39553.0,False
base,active,,857932.0,857955.0,56 57 58 59 60 61 62 63,-1.0,
base,active,855366.0,857932.0,857956.0,48 49 50 51 52 53 54 55,39554.0,False
base,active,855611.0,857955.0,858023.0,60 61 62 63,39557.0,False
base,active,855609.0,857955.0,858025.0,56 57 58 59,39556.0,False
base,active,855607.0,857955.0,858030.0,32 33 34 35 36 37 38 39 40 41 42 43 44 45 46 47,39555.0,False
base,active,855613.0,857956.0,858023.0,48 49 50 51,39558.0,False
base,active,,857956.0,858023.0,52 53 54 55,-1.0,
base,active,,857976.0,858023.0,72 73 74 75,-1.0,
base,active,855615.0,858023.0,858089.0,48 49 50 51 52 53 54 55 60 61 62 63 72 73 74 75,39559.0,False
base,active,,858025.0,858607.0,56 57 58 59,-1.0,
base,active,855719.0,858030.0,858055.0,40,39561.0,False
base,active,855617.0,858030.0,858094.0,32 33 34 35 36 37 38 39,39560.0,False
base,active,,858030.0,858094.0,41 42 43 44 45 46 47,-1.0,
base,active,,858055.0,858094.0,40,-1.0,
base,active,,858089.0,858094.0,48 49 50 51 52 53 54 55 60 61 62 63 72 73 74 75,-1.0,
base,active,855779.0,858094.0,858102.0,32 33 34 35 36 37 38 39 40 41 42 43 44 45 46 47 48 49 50 51 52 53 54 55 60 61 62 63 72 73 74 75,39563.0,False
base,active,855782.0,858102.0,858108.0,40 41 42 43 44 45 46 47,39565.0,False
base,active,855783.0,858102.0,858108.0,48 49 50 51 52 53 54 55,39566.0,False
base,active,855780.0,858102.0,858109.0,32 33 34 35 36 37 38 39,39564.0,False
base,active,,858102.0,858109.0,60 61 62 63 72 73 74 75,-1.0,
base,active,,858108.0,858109.0,40 41 42 43 44 45 46 47 48 49 50 51 52 53 54 55,-1.0,
base,active,855785.0,858109.0,858114.0,32 33 34 35 36 37 38 39 40 41 42 43 44 45 46 47 48 49 50 51 52 53 54 55 60 61 62 63 72 73 74 75,39567.0,False
base,active,855808.0,858114.0,861740.0,32 33 34 35 36 37 38 39 40 41 42 43 44 45 46 47 48 49 50 51 52 53 54 55 60 61 62 63 72 73 74 75,39568.0,False
base,active,855907.0,858607.0,858618.0,56 57 58 59 76 77 78 79 80 81 82 83 84 85 86 87 88 89 90 91 92 93 94 95 96 97 98 99 100 101 102 103,39569.0,False
base,active,855910.0,858610.0,858618.0,104 105 106 107 108 109 110 111,39570.0,False
base,active,855912.0,858612.0,858619.0,112 113 114 115 116 117 118 119,39571.0,False
base,active,855915.0,858615.0,858620.0,120 121 122 123 124 125 126 127,39572.0,False
base,active,856427.0,858618.0,858644.0,104,39578.0,False
base,active,855996.0,858618.0,859349.0,56 57 58 59 76 77 78 79 80 81 82 83 84 85 86 87 88 89 90 91 92 93 94 95 96 97 98 99 100 101 102 103,39573.0,False
base,active,,858618.0,859349.0,105 106 107 108 109 110 111,-1.0,
base,active,,858619.0,859349.0,112 113 114 115 116 117 118 119,-1.0,
base,active,,858620.0,859349.0,120 121 122 123 124 125 126 127,-1.0,
base,active,,858644.0,859349.0,104,-1.0,
base,active,856818.0,859349.0,859354.0,105 106 107 115 116 117 118 119,39583.0,False
base,active,856816.0,859349.0,859355.0,112 113 114 123 124 125 126 127,39582.0,False
base,active,856812.0,859349.0,859358.0,56 57 58 59 76 77 78 79 80 81 82 83 84 85 86 87 88 89 90 91 92 93 94 95 96 97 98 99 100 101 102 103,39580.0,False
base,active,857057.0,859349.0,859398.0,108 109 110 111,39585.0,False
base,active,856814.0,859349.0,859411.0,104 120 121 122,39581.0,False
base,active,,859354.0,859358.0,105 106 107 115 116 117 118 119,-1.0,
base,active,,859355.0,859358.0,112 113 114 123 124 125 126 127,-1.0,
base,active,857132.0,859358.0,859363.0,112 113 114 123 124 125 126 127,39587.0,False
base,active,857133.0,859358.0,859363.0,105 106 107 115 116 117 118 119,39588.0,False
base,active,857130.0,859358.0,859365.0,56 57 58 59 76 77 78 79 80 81 82 83 84 85 86 87 88 89 90 91 92 93 94 95 96 97 98 99 100 101 102 103,39586.0,False
base,active,,859363.0,859365.0,117 118 119 123 124 125 126 127,-1.0,
base,active,857135.0,859363.0,859367.0,105 106 107 112 113 114 115 116,39589.0,False
base,active,857452.0,859365.0,859373.0,117 118 119 123 124 125 126 127,39591.0,False
base,active,857451.0,859365.0,859374.0,56 57 58 59 76 77 78 79 80 81 82 83 84 85 86 87 88 89 90 91 92 93 94 95 96 97 98 99 100 101 102 103,39590.0,False
base,active,857454.0,859367.0,859371.0,105 106 107 112 113 114 115 116,39592.0,False
base,active,857456.0,859371.0,859374.0,105 106 107 112 113 114 115 116,39593.0,False
base,active,857812.0,859373.0,859394.0,118,39596.0,False
base,active,857748.0,859373.0,859417.0,117,39595.0,False
base,active,857861.0,859373.0,860946.0,126 127,39598.0,False
base,active,857838.0,859373.0,860969.0,119 123 124 125,39597.0,False
base,active,,859374.0,859674.0,105 106 107 112 113 114 115 116,-1.0,
base,active,857882.0,859374.0,859796.0,56 57 58 59 76 77 78 79 80 81 82 83 84 85 86 87 88 89 90 91 92 93 94 95 96 97 98 99 100 101 102 103,39599.0,False
base,active,,859394.0,859694.0,118,-1.0,
base,active,,859398.0,859698.0,108 109 110 111,-1.0,
base,active,,859411.0,859711.0,104 120 121 122,-1.0,
base,active,,859417.0,859717.0,117,-1.0,
base,switching_off,,859674.0,861474.0,105 106 107 112 113 114 115 116,-2.0,
base,switching_off,,859694.0,861494.0,118,-2.0,
base,switching_off,,859698.0,861498.0,108 109 110 111,-2.0,
base,switching_off,,859711.0,861511.0,104 120 121 122,-2.0,
base,switching_off,,859717.0,861517.0,117,-2.0,
base,active,,859796.0,860096.0,56 57 58 59 76 77 78 79 80 81 82 83 84 85 86 87 88 89 90 91 92 93 94 95 96 97 98 99 100 101 102 103,-1.0,
base,switching_off,,860096.0,861896.0,56 57 58 59 76 77 78 79 80 81 82 83 84 85 86 87 88 89 90 91 92 93 94 95 96 97 98 99 100 101 102 103,-2.0,
base,active,,860946.0,861246.0,126 127,-1.0,
base,active,,860969.0,861269.0,119 123 124 125,-1.0,
base,switching_off,,861246.0,863046.0,126 127,-2.0,
base,switching_off,,861269.0,863069.0,119 123 124 125,-2.0,
base,sleeping,,861474.0,863840.0,105 106 107 112 113 114 115 116,-4.0,
base,sleeping,,861494.0,863840.0,118,-4.0,
base,sleeping,,861498.0,863840.0,108 109 110 111,-4.0,
base,sleeping,,861511.0,863202.0,104,-4.0,
base,sleeping,,861511.0,863840.0,120 121 122,-4.0,
base,sleeping,,861517.0,863840.0,117,-4.0,
base,active,,861740.0,862040.0,32 33 34 35 36 37 38 39 40 41 42 43 44 45 46 47 48 49 50 51 52 53 54 55 60 61 62 63 72 73 74 75,-1.0,
base,active,,861830.0,862130.0,64 65 66 67 68 69 70 71,-1.0,
base,sleeping,,861896.0,863188.0,56,-4.0,
base,sleeping,,861896.0,863202.0,57 58 59 76 77 78 79 80 81 82 83 84 85 86 87 88 89 90 91 92 93 94 95 96 97 98 99 100 101 102 103,-4.0,
base,active,,861906.0,862206.0,0 1 2 3 4 5 6 7 8 9 10 11 12 13 14 15 16 17 18 19 20 21 22 23 24 25 26 27 28 29 30 31,-1.0,
base,switching_off,,862040.0,863840.0,32 33 34 35 36 37 38 39 40 41 42 43 44 45 46 47 48 49 50 51 52 53 54 55 60 61 62 63 72 73 74 75,-2.0,
base,switching_off,,862130.0,863930.0,64 65 66 67 68 69 70 71,-2.0,
base,switching_off,,862206.0,864006.0,0 1 2 3 4 5 6 7 8 9 10 11 12 13 14 15 16 17 18 19 20 21 22 23 24 25 26 27 28 29 30 31,-2.0,
base,sleeping,,863046.0,863840.0,126 127,-4.0,
base,sleeping,,863069.0,863840.0,119 123 124 125,-4.0,
base,switching_on,,863188.0,865888.0,56,-3.0,
base,switching_on,,863202.0,865902.0,57 58 59 76 77 78 79 80 81 82 83 84 85 86 87 88 89 90 91 92 93 94 95 96 97 98 99 100 101 102 103 104,-3.0,
base,switching_on,,863840.0,866540.0,32 33 34 35 36 37 38 39 40 41 42 43 44 45 46 47 48 49 50 51 52 53 54 55 60 61 62 63 72 73 74 75 105 106 107 108 109 110 111 112 113 114 115 116 117 118 119 120 121 122 123 124 125 126 127,-3.0,
base,switching_on,,863930.0,866630.0,64 65 66 67,-3.0,
base,sleeping,,863930.0,871706.0,68 69,-4.0,
base,sleeping,,863930.0,874801.0,70 71,-4.0,
base,switching_on,,864006.0,866706.0,0 1 2 3 4 5 6 7 8 9 10 11 12 13 14 15 16 17 18 19 20 21 22 23 24 25 26 27 28 29 30 31,-3.0,
base,active,863188.0,865888.0,865920.0,56,39607.0,False
base,active,863202.0,865902.0,865904.0,57 58 59 76 77 78 79 80 81 82 83 84 85 86 87 88 89 90 91 92 93 94 95 96 97 98 99 100 101 102 103 104,39608.0,False
base,active,863218.0,865904.0,869625.0,57 58 59 76 77 78 79 80 81 82 83 84 85 86 87 88 89 90 91 92 93 94 95 96 97 98 99 100 101 102 103 104,39609.0,False
base,active,,865920.0,866540.0,56,-1.0,
base,active,863632.0,866540.0,867000.0,56 125 126 127,39613.0,False
base,active,863615.0,866540.0,867019.0,121 122 123 124,39612.0,False
base,active,863609.0,866540.0,867025.0,105 106 107 108 109 110 111 112 113 114 115 116 117 118 119 120,39611.0,False
base,active,863289.0,866540.0,867541.0,32 33 34 35 36 37 38 39 40 41 42 43 44 45 46 47 48 49 50 51 52 53 54 55 60 61 62 63 72 73 74 75,39610.0,False
base,active,863639.0,866630.0,867083.0,64 65 66 67,39614.0,False
base,active,863831.0,866706.0,866898.0,24 25 26 27 28 29 30 31,39618.0,False
base,active,863647.0,866706.0,867152.0,16 17 18 19 20 21 22 23,39616.0,False
base,active,863644.0,866706.0,867155.0,0 1 2 3 4 5 6 7 8 9 10 11 12 13 14 15,39615.0,False
base,active,,866898.0,867019.0,24 25 26 27 28 29 30 31,-1.0,
base,active,,867000.0,867019.0,56 125 126 127,-1.0,
base,active,864739.0,867019.0,867171.0,24 25 26 27 28 29 30 31 56 121 122 123 124 125 126 127,39620.0,False
base,active,,867025.0,867155.0,105 106 107 108 109 110 111 112 113 114 115 116,-1.0,
base,active,,867025.0,867325.0,118 119 120,-1.0,
base,active,,867025.0,867541.0,117,-1.0,
base,active,,867083.0,867155.0,64 65 66 67,-1.0,
base,active,,867152.0,867155.0,16 17 18 19 20 21 22 23,-1.0,
base,active,864875.0,867155.0,867196.0,109 110 111 112 113 114 115 116,39623.0,False
base,active,864873.0,867155.0,867198.0,0 1 2 3 4 5 6 7 8 9 10 11 12 13 14 15 16 17 18 19 20 21 22 23 64 65 66 67 105 106 107 108,39622.0,False
base,active,864883.0,867171.0,867205.0,56 121 122 123 124 125 126 127,39625.0,False
base,active,864881.0,867171.0,867207.0,24 25 26 27 28 29 30 31,39624.0,False
base,active,,867196.0,867205.0,109 110 111 112 113 114 115 116,-1.0,
base,active,864911.0,867198.0,867205.0,0 1 2 3 4 5 6 7 8 9 10 11 12 13 14 15,39626.0,False
base,active,864923.0,867198.0,869222.0,16 17 18 19 20 21 22 23 64 65 66 67 105 106 107 108,39627.0,False
base,active,865129.0,867205.0,867294.0,0 1 2 3 4 5 6 7 8 9 10 11 12 13 14 15 56 109 110 111 112 113 114 115 116 121 122 123 124 125 126 127,39628.0,False
base,active,865131.0,867207.0,867293.0,24 25 26 27 28 29 30 31,39629.0,False
base,active,865133.0,867293.0,867377.0,24 25 26 27 28 29 30 31,39630.0,False
base,active,865135.0,867294.0,867377.0,0 1 2 3 4 5 6 7,39631.0,False
base,active,,867294.0,867377.0,8 9 10 11 12 13 14 15 56 109 110 111 112 113 114 115 116 121 122 123 124 125 126 127,-1.0,
base,switching_off,,867325.0,869125.0,118 119 120,-2.0,
base,active,865685.0,867377.0,867431.0,116 121 122 123 124 125 126 127,39634.0,False
base,active,865656.0,867377.0,867459.0,0 1 2 3 4 5 6 7 8 9 10 11 12 13 14 15 24 25 26 27 28 29 30 31 56 109 110 111 112 113 114 115,39633.0,False
base,active,,867431.0,867459.0,116 121 122 123 124 125 126 127,-1.0,
base,active,865810.0,867459.0,876116.0,116 121 122 123 124 125 126 127,39636.0,False
base,active,865785.0,867459.0,876140.0,0 1 2 3 4 5 6 7 8 9 10 11 12 13 14 15 24 25 26 27 28 29 30 31 56 109 110 111 112 113 114 115,39635.0,False
base,active,866251.0,867541.0,867546.0,117,39639.0,False
base,active,866171.0,867541.0,867602.0,32 33 34 35 36 37 38 39 40 41 42 43 44 45 46 47 48 49 50 51 52 53 54 55 60 61 62 63 72 73 74 75,39638.0,False
base,active,,867546.0,867846.0,117,-1.0,
base,active,866698.0,867602.0,867646.0,32 33 34 35 36 37 38 39 40 41 42 43 44 45 46 47 48 49 50 51 52 53 54 55 60 61 62 63 72 73 74 75,39641.0,False
base,active,866971.0,867646.0,868046.0,32 33 34 35 36 37 38 39 40 41 42 43 44 45 46 47,39642.0,False
base,active,,867646.0,868046.0,48 49 50 51 52 53 54 55 60 61 62 63 72 73 74 75,-1.0,
base,switching_off,,867846.0,869646.0,117,-2.0,
base,active,867000.0,868046.0,868170.0,32 33 34 35 36 37 38 39 40 41 42 43 44 45 46 47 48 49 50 51 52 53 54 55 60 61 62 63 72 73 74 75,39643.0,False
base,active,867688.0,868170.0,868275.0,48,39647.0,False
base,active,867380.0,868170.0,868582.0,32 33 34 35 36 37 38 39 40 41 42 43 44 45 46 47,39645.0,False
base,active,,868170.0,868582.0,49 50 51 52 53 54 55 60 61 62 63 72 73 74 75,-1.0,
base,active,,868275.0,868582.0,48,-1.0,
base,active,867857.0,868582.0,868697.0,32 33 34 35 36 37 38 39 40 41 42 43 44 45 46 47 48 49 50 51 52 53 54 55 60 61 62 63 72 73 74 75,39648.0,False
base,active,868213.0,868697.0,869124.0,32 33 34 35 36 37 38 39 40 41 42 43 44 45 46 47 48 49 50 51 52 53 54 55 60 61 62 63 72 73 74 75,39650.0,False
base,active,868219.0,869124.0,869143.0,32,39651.0,False
base,active,868348.0,869124.0,869150.0,38,39654.0,False
base,active,868233.0,869124.0,869218.0,33,39652.0,False
base,active,,869124.0,869222.0,45 46 47 48 49 50 51 52 53 54 55 60 61,-1.0,
base,active,,869124.0,869424.0,62 63 72 73 74 75,-1.0,
base,active,868284.0,869124.0,869481.0,34 35 36 37,39653.0,False
base,active,868406.0,869124.0,870721.0,43 44,39656.0,False
base,active,868381.0,869124.0,870744.0,39 40 41 42,39655.0,False
base,sleeping,,869125.0,897301.0,118 119 120,-4.0,
base,active,,869143.0,869222.0,32,-1.0,
base,active,,869150.0,869222.0,38,-1.0,
base,active,,869218.0,869222.0,33,-1.0,
base,active,868649.0,869222.0,869252.0,16 17 18 19 20 21 22 23 32 33 38 45 46 47 48 49 50 51 52 53 54 55 60 61 64 65 66 67 105 106 107 108,39658.0,False
base,active,869037.0,869252.0,869356.0,16 17 18 19 20 21 22 23 32 33 38 45 46 47 48 49 50 51 52 53 54 55 60 61 64 65 66 67 105 106 107 108,39659.0,False
base,active,,869356.0,869613.0,16 17 18 19 20 21 22 23 32 33 38 45 46 47 48 49 50 51 52 53 54 55 60 61 64 65 66 67,-1.0,
base,active,,869356.0,869656.0,105 106 107 108,-1.0,
base,switching_off,,869424.0,871224.0,62 63 72 73 74 75,-2.0,
base,active,,869481.0,869613.0,34 35 36 37,-1.0,
base,active,869613.0,869613.0,869656.0,16 17 18 19 20 21 22 23 32 33 34 35 36 37 38 45 46 47 48 49 50 51 52 53 54 55 60 61 64 65 66 67,39664.0,False
base,active,,869625.0,869925.0,57 58 59 76 77 78 79 80 81 82 83 84 85 86 87 88 89 90 91 92 93 94 95 96 97 98 99 100 101 102 103 104,-1.0,
base,sleeping,,869646.0,897301.0,117,-4.0,
base,active,,869656.0,869826.0,16 17 18 19 20 21 22 23 32 33 34 35 36 37 38 45,-1.0,
base,active,,869656.0,869956.0,46 47 48 49 50 51 52 53 54 55 60 61 64 65 66 67,-1.0,
base,switching_off,,869656.0,871456.0,105 106 107 108,-2.0,
base,active,869826.0,869826.0,870078.0,16 17 18 19 20 21 22 23 32 33 34 35 36 37 38 45,39667.0,False
base,switching_off,,869925.0,871725.0,57 58 59 76 77 78 79 80 81 82 83 84 85 86 87 88 89 90 91 92 93 94 95 96 97 98 99 100 101 102 103 104,-2.0,
base,switching_off,,869956.0,871756.0,46 47 48 49 50 51 52 53 54 55 60 61 64 65 66 67,-2.0,
base,active,,870078.0,870199.0,16 17 18 19 20 21 22 23 32 33 34 35 36 37 38 45,-1.0,
base,active,870199.0,870199.0,870689.0,16 17 18 19 20 21 22 23 32 33 34 35 36 37 38 45,39668.0,False
base,active,,870689.0,870903.0,16 17 18 19 20 21 22 23 32 33,-1.0,
base,active,,870689.0,870989.0,34 35 36 37 38 45,-1.0,
base,active,,870721.0,870903.0,43 44,-1.0,
base,active,,870744.0,870903.0,39 40 41 42,-1.0,
base,active,870903.0,870903.0,871151.0,16 17 18 19 20 21 22 23 32 33 39 40 41 42 43 44,39671.0,False
base,switching_off,,870989.0,872789.0,34 35 36 37 38 45,-2.0,
base,active,,871151.0,871451.0,16 17 18 19 20 21 22 23 32 33 39 40 41 42 43 44,-1.0,
base,sleeping,,871224.0,871626.0,62,-4.0,
base,sleeping,,871224.0,871706.0,63,-4.0,
base,sleeping,,871224.0,874801.0,72 73 74 75,-4.0,
base,switching_off,,871451.0,873251.0,16 17 18 19 20 21 22 23 32 33 39 40 41 42 43 44,-2.0,
base,sleeping,,871456.0,874904.0,105 106,-4.0,
base,sleeping,,871456.0,897301.0,107 108,-4.0,
base,switching_on,,871626.0,874326.0,62,-3.0,
base,switching_on,,871706.0,874406.0,63 68 69,-3.0,
base,sleeping,,871725.0,871728.0,57 58,-4.0,
base,sleeping,,871725.0,872615.0,59,-4.0,
base,sleeping,,871725.0,874801.0,76 77 78 79 80 81 82 83 84 85 86 87 88 89 90 91 92 93 94 95 96,-4.0,
base,sleeping,,871725.0,874803.0,97,-4.0,
base,sleeping,,871725.0,874806.0,98 99 100 101,-4.0,
base,sleeping,,871725.0,874831.0,102 103,-4.0,
base,sleeping,,871725.0,874904.0,104,-4.0,
base,switching_on,,871728.0,874428.0,57 58,-3.0,
base,sleeping,,871756.0,872615.0,46 47 48 49 50 51 52 53 54 55 60 61 64 65 66,-4.0,
base,sleeping,,871756.0,874801.0,67,-4.0,
base,switching_on,,872615.0,875315.0,46 47 48 49 50 51 52 53 54 55 59 60 61 64 65 66,-3.0,
base,sleeping,,872789.0,874801.0,34 35 36 37 38 45,-4.0,
base,sleeping,,873251.0,874313.0,16 17,-4.0,
base,sleeping,,873251.0,874378.0,18,-4.0,
base,sleeping,,873251.0,874801.0,19 20 21 22 23 32 33 39 40 41 42 43 44,-4.0,
base,switching_on,,874313.0,877013.0,16 17,-3.0,
base,active,871626.0,874326.0,874370.0,62,39677.0,False
base,active,871682.0,874370.0,874388.0,62,39678.0,False
base,switching_on,,874378.0,877078.0,18,-3.0,
base,active,,874388.0,874406.0,62,-1.0,
base,active,871706.0,874406.0,874435.0,62 63 68 69,39679.0,False
base,active,871728.0,874428.0,874448.0,57 58,39680.0,False
base,active,872015.0,874435.0,875368.0,62 63 68 69,39682.0,False
base,active,872036.0,874448.0,875361.0,57 58,39683.0,False
base,switching_on,,874801.0,877501.0,19 20 21 22 23 32 33 34 35 36 37 38 39 40 41 42 43 44 45 67 70 71 72 73 74 75 76 77 78 79 80 81 82 83 84 85 86 87 88 89 90 91 92 93 94 95 96,-3.0,
base,switching_on,,874803.0,877503.0,97,-3.0,
base,switching_on,,874806.0,877506.0,98 99 100 101,-3.0,
base,switching_on,,874831.0,877531.0,102 103,-3.0,
base,switching_on,,874904.0,877604.0,104 105 106,-3.0,
base,active,872615.0,875315.0,875696.0,46 47 48 49 50 51 52 53 54 55 59 60 61 64 65 66,39685.0,False
base,active,872926.0,875361.0,875382.0,58,39688.0,False
base,active,872842.0,875361.0,875425.0,57,39686.0,False
base,active,872951.0,875368.0,876208.0,62 63 68 69,39690.0,False
base,active,,875382.0,875425.0,58,-1.0,
base,active,872978.0,875425.0,876239.0,57 58,39691.0,False
base,active,874073.0,875696.0,875725.0,66,39701.0,False
base,active,874019.0,875696.0,875727.0,59,39699.0,False
base,active,873871.0,875696.0,875741.0,52 53 54 55,39698.0,False
base,active,874056.0,875696.0,875810.0,60 61 64 65,39700.0,False
base,active,873814.0,875696.0,876270.0,50 51,39697.0,False
base,active,873793.0,875696.0,876290.0,46 47 48 49,39695.0,False
base,active,874110.0,875725.0,875850.0,66,39702.0,False
base,active,874303.0,875727.0,875759.0,59,39703.0,False
base,active,,875741.0,877013.0,52 53 54 55,-1.0,
base,active,,875759.0,877013.0,59,-1.0,
base,active,,875810.0,877013.0,60 61 64 65,-1.0,
base,active,,875850.0,877013.0,66,-1.0,
base,active,,876116.0,877013.0,116 121 122 123 124 125 126 127,-1.0,
base,active,,876140.0,877013.0,0 1 2 3 4 5 6 7 8 9 10 11 12 13 14 15 24 25 26 27 28 29 30 31 56 109 110 111 112 113 114 115,-1.0,
base,active,,876208.0,877013.0,62 63 68 69,-1.0,
base,active,,876239.0,877013.0,57 58,-1.0,
base,active,,876270.0,877013.0,50 51,-1.0,
base,active,,876290.0,877013.0,46 47 48 49,-1.0,
base,active,874313.0,877013.0,877194.0,0 1 2 3 4 5 6 7 8 9 10 11 12 13 14 15 16 17 24 25 26 27 28 29 30 31 46 47 48 49 50 51 52 53 54 55 56 57 58 59 60 61 62 63 64 65 66 68 69 109 110 111 112 113 114 115 116 121 122 123 124 125 126 127,39704.0,False
base,active,874378.0,877078.0,877110.0,18,39705.0,False
base,active,,877110.0,877501.0,18,-1.0,
base,active,874677.0,877194.0,877226.0,109,39710.0,False
base,active,874538.0,877194.0,877243.0,69,39709.0,False
base,active,,877194.0,877501.0,110 111 112 113 114 115 116 121 122 123 124 125 126 127,-1.0,
base,active,874500.0,877194.0,877567.0,0 1 2 3 4 5 6 7 8 9 10 11 12 13 14 15,39707.0,False
base,active,874508.0,877194.0,879031.0,16 17 24 25 26 27 28 29 30 31 46 47 48 49 50 51 52 53 54 55 56 57 58 59 60 61 62 63 64 65 66 68,39708.0,False
base,active,,877226.0,877501.0,109,-1.0,
base,active,,877243.0,877501.0,69,-1.0,
base,active,874801.0,877501.0,877645.0,18 19 20 21 22 23 32 33 34 35 36 37 38 39 40 41 42 43 44 45 67 69 70 71 72 73 74 75 76 77 78 79 80 81 82 83 84 85 86 87 88 89 90 91 92 93 94 95 96 109 110 111 112 113 114 115 116 121 122 123 124 125 126 127,39712.0,False
base,active,874803.0,877503.0,877537.0,97,39713.0,False
base,active,874806.0,877506.0,878327.0,98 99 100 101,39714.0,False
base,active,874831.0,877531.0,878330.0,102 103,39716.0,False
base,active,,877537.0,877604.0,97,-1.0,
base,active,874877.0,877567.0,877912.0,0 1 2 3 4 5 6 7 8 9 10 11 12 13 14 15,39717.0,False
base,active,874904.0,877604.0,877623.0,97 104 105 106,39718.0,False
base,active,874929.0,877623.0,877654.0,97,39719.0,False
base,active,,877623.0,877654.0,104 105 106,-1.0,
base,active,,877645.0,877654.0,22 23 32 33 34 35 36 37 38 39 40 41 42 43 44 45 67 69 70 71 72 73 74 75 76 77 78 79 80 81 82 83 84 85 86 87 88 89 90 91 92 93 94 95 96 109 110 111 112 113 114 115 116 121 122 123 124 125 126 127,-1.0,
base,active,875013.0,877645.0,877695.0,18 19 20 21,39722.0,False
base,active,875018.0,877654.0,877784.0,22 23 32 33 34 35 36 37 38 39 40 41 42 43 44 45 67 69 70 71 72 73 74 75 76 77 78 79 80 81 82 83 84 85 86 87 88 89 90 91 92 93 94 95 96 97 104 105 106 109 110 111 112 113 114 115 116 121 122 123 124 125 126 127,39723.0,False
base,active,875262.0,877695.0,877827.0,18 19 20 21,39725.0,False
base,active,,877784.0,877912.0,67 69 70 71 72 73 74 75 76 77 78 79 80 81 82 83 84 85 86 87 88 89 90 91 92 93 94 95 96 97 104 105 106 109 110 111 112 113 114 115 116 121 122 123,-1.0,
base,active,875301.0,877784.0,878039.0,22 23 32 33 34 35 36 37 38 39 40 41 42 43 44 45,39726.0,False
base,active,,877784.0,878039.0,124 125 126 127,-1.0,
base,active,,877827.0,877912.0,18 19 20 21,-1.0,
base,active,875340.0,877912.0,878048.0,0 1 2 3 4 5 6 7 8 9 10 11 12 13 14 15 18 19 20 21 67 69 70 71 72 73 74 75 76 77 78 79 80 81 82 83 84 85 86 87 88 89 90 91 92 93 94 95 96 97 104 105 106 109 110 111 112 113 114 115 116 121 122 123,39727.0,False
base,active,875631.0,878039.0,878105.0,124 125 126 127,39729.0,False
base,active,875588.0,878039.0,878426.0,22 23 32 33 34 35 36 37 38 39 40 41 42 43 44 45,39728.0,False
base,active,875885.0,878048.0,878073.0,71,39735.0,False
base,active,875899.0,878048.0,878132.0,72,39736.0,False
base,active,875736.0,878048.0,878159.0,0,39730.0,False
base,active,875740.0,878048.0,878345.0,1 2 3 4 5 6 7 8 9 10 11 12 13 14 15 18,39731.0,False
base,active,,878048.0,878348.0,123,-1.0,
base,active,876022.0,878048.0,878422.0,73 74 75 76 77 78 79 80 81 82 83 84 85 86 87 88,39737.0,False
base,active,,878048.0,878422.0,89 90 91 92 93 94 95 96 97 104 105 106 109 110 111 112 113 114 115,-1.0,
base,active,,878048.0,878426.0,116 121,-1.0,
base,active,,878048.0,879270.0,122,-1.0,
base,active,875790.0,878048.0,879949.0,69 70,39733.0,False
base,active,875769.0,878048.0,879970.0,19 20 21 67,39732.0,False
base,active,,878073.0,878422.0,71,-1.0,
base,active,,878105.0,878422.0,124 125 126 127,-1.0,
base,active,,878132.0,878422.0,72,-1.0,
base,active,,878159.0,878422.0,0,-1.0,
base,active,,878327.0,878422.0,98 99 100 101,-1.0,
base,active,,878330.0,878422.0,102 103,-1.0,
base,active,,878345.0,878422.0,1 2 3 4 5 6 7 8 9 10 11 12 13 14 15 18,-1.0,
base,switching_off,,878348.0,880148.0,123,-2.0,
base,active,876067.0,878422.0,878568.0,0 1 2 3 4 5 6 7 8 9 10 11 12 13 14 15 18 71 72 73 74 75 76 77 78 79 80 81 82 83 84 85 86 87 88 89 90 91 92 93 94 95 96 97 98 99 100 101 102 103 104 105 106 109 110 111 112 113 114 115 124 125 126 127,39738.0,False
base,active,876350.0,878426.0,878446.0,121,39741.0,False
base,active,876263.0,878426.0,878716.0,22 23 32 33 34 35 36 37 38 39 40 41 42 43 44 45,39739.0,False
base,active,876304.0,878426.0,890436.0,116,39740.0,False
base,active,,878446.0,878716.0,121,-1.0,
base,active,,878568.0,878716.0,102 103 104 105 106 109 110 111 112 113 114 115 124 125 126 127,-1.0,
base,active,876404.0,878568.0,878969.0,0 1 2 3 4 5 6 7 8 9 10 11 12 13 14 15,39743.0,False
base,active,876437.0,878568.0,880625.0,18 71 72 73 74 75 76 77 78 79 80 81 82 83 84 85 86 87 88 89 90 91 92 93 94 95 96 97 98 99 100 101,39744.0,False
base,active,876617.0,878716.0,878726.0,121,39746.0,False
base,active,876554.0,878716.0,878774.0,22 23 32 33 34 35 36 37 38 39 40 41 42 43 44 45 102 103 104 105 106 109 110 111 112 113 114 115 124 125 126 127,39745.0,False
base,active,,878726.0,878774.0,121,-1.0,
base,active,876718.0,878774.0,878782.0,121,39748.0,False
base,active,876689.0,878774.0,878937.0,22 23 32 33 34 35 36 37 38 39 40 41 42 43 44 45 102 103 104 105 106 109 110 111 112 113 114 115 124 125 126 127,39747.0,False
base,active,,878782.0,879270.0,121,-1.0,
base,active,876808.0,878937.0,879221.0,22 23 32 33 34 35 36 37 38 39 40 41 42 43 44 45,39751.0,False
base,active,876809.0,878937.0,879270.0,102 103 104 105 106 109 110 111 112 113 114 115 124 125 126 127,39752.0,False
base,active,877176.0,878969.0,879281.0,0 1 2 3 4 5 6 7 8 9 10 11 12 13 14 15,39754.0,False
base,active,877306.0,879031.0,879310.0,16 17 24 25 26 27 28 29 30 31 46 47 48 49 50 51 52 53 54 55 56 57 58 59 60 61 62 63 64 65 66 68,39756.0,False
base,active,877509.0,879221.0,879389.0,22 23 32 33 34 35 36 37 38 39 40 41 42 43 44 45,39758.0,False
base,active,877670.0,879270.0,879289.0,122,39761.0,False
base,active,877613.0,879270.0,879308.0,121,39760.0,False
base,active,877516.0,879270.0,879562.0,102 103 104 105 106 109 110 111 112 113 114 115 124 125 126 127,39759.0,False
base,active,877873.0,879281.0,879297.0,6,39764.0,False
base,active,,879281.0,879581.0,12 13 14 15,-1.0,
base,active,,879281.0,879693.0,7 8 9,-1.0,
base,active,,879281.0,879956.0,10 11,-1.0,
base,active,877714.0,879281.0,880286.0,4 5,39763.0,False
base,active,877693.0,879281.0,880307.0,0 1 2 3,39762.0,False
base,active,,879289.0,879693.0,122,-1.0,
base,active,,879297.0,879693.0,6,-1.0,
base,active,,879308.0,879693.0,121,-1.0,
base,active,878039.0,879310.0,879628.0,16 17 24 25 26 27 28 29 30 31 46 47 48 49 50 51,39766.0,False
base,active,878147.0,879310.0,879670.0,52 53 54 55 56 57 58 59 60 61 62 63 64 65 66 68,39767.0,False
base,active,,879389.0,879562.0,22 23 32 33 34 35 36 37 38 39 40 41 42 43 44 45,-1.0,
base,active,878393.0,879562.0,879693.0,22 23 32 33 34 35 36 37 38 39 40 41 42 43 44 45 102 103 104 105 106 109 110 111 112 113 114 115 124 125 126 127,39768.0,False
base,switching_off,,879581.0,881381.0,12 13 14 15,-2.0,
base,active,,879628.0,879670.0,16 17 24 25 26 27 28 29 30 31 46 47 48 49 50 51,-1.0,
base,active,878508.0,879670.0,881719.0,16 17 24 25 26 27 28 29 30 31 46 47 48 49 50 51 52 53 54 55 56 57 58 59 60 61 62 63 64 65 66 68,39769.0,False
base,active,878538.0,879693.0,879923.0,22 23 32 33 34 35 36 37 38 39 40 41 42 43 44 45,39770.0,False
base,active,878834.0,879693.0,879956.0,6 7 8 9 110 111 112 113 114 115 121 122 124 125 126 127,39774.0,False
base,active,878743.0,879693.0,880751.0,106 109,39773.0,False
base,active,878721.0,879693.0,880773.0,102 103 104 105,39772.0,False
base,active,,879923.0,879956.0,22 23 32 33 34 35 36 37 38 39 40 41 42 43 44 45,-1.0,
base,active,,879949.0,879956.0,69 70,-1.0,
base,active,879100.0,879956.0,880416.0,10 11 44 45,39778.0,False
base,active,879032.0,879956.0,880484.0,6 7 8 9 22 23 32 33 34 35 36 37 38 39 40 41 42 43 69 70 110 111 112 113 114 115 121 122 124 125 126 127,39776.0,False
base,active,,879970.0,880625.0,19,-1.0,
base,active,,879970.0,880730.0,20 21 67,-1.0,
base,sleeping,,880148.0,897301.0,123,-4.0,
base,active,,880286.0,880625.0,4 5,-1.0,
base,active,,880307.0,880625.0,0 1 2 3,-1.0,
base,active,,880416.0,880625.0,10 11 44 45,-1.0,
base,active,879257.0,880484.0,880661.0,6 7 8 9 22 23 32 33 34 35 36 37 38 39 40 41 42 43 69 70 110 111 112 113 114 115 121 122 124 125 126 127,39780.0,False
base,active,879922.0,880625.0,880646.0,19,39788.0,False
base,active,879908.0,880625.0,880730.0,2 3 4 5,39787.0,False
base,active,879583.0,880625.0,880798.0,18 71 72 73 74 75 76 77 78 79 80 81 82 83 84 85,39782.0,False
base,active,879795.0,880625.0,880907.0,86 87 88 89 90 91 92 93 94 95 96 97 98 99 100 101,39784.0,False
base,active,879826.0,880625.0,881509.0,0 1,39786.0,False
base,active,879803.0,880625.0,881526.0,10 11 44 45,39785.0,False
base,active,,880646.0,880730.0,19,-1.0,
base,active,880012.0,880661.0,884086.0,6 7 8 9 22 23 32 33 34 35 36 37 38 39 40 41 42 43 69 70 110 111 112 113 114 115 121 122 124 125 126 127,39789.0,False
base,active,880051.0,880730.0,884117.0,2 3 4 5 19 20 21 67,39790.0,False
base,active,,880751.0,881051.0,109,-1.0,
base,active,,880751.0,881277.0,106,-1.0,
base,active,,880773.0,881277.0,102 103 104 105,-1.0,
base,active,,880798.0,880907.0,18 71 72 73 74 75 76 77 78 79 80 81 82 83 84 85,-1.0,
base,active,880296.0,880907.0,880990.0,18 71 72 73 74 75 76 77 78 79 80 81 82 83 84 85 86 87 88 89 90 91 92 93 94 95 96 97 98 99 100 101,39792.0,False
base,active,880354.0,880990.0,881277.0,18 71 72 73 74 75 76 77 78 79 80 81 82 83 84 85,39793.0,False
base,active,,880990.0,881277.0,86 87 88 89 90 91 92 93 94 95 96 97 98 99 100 101,-1.0,
base,switching_off,,881051.0,882851.0,109,-2.0,
base,active,880648.0,881277.0,881330.0,102,39795.0,False
base,active,880660.0,881277.0,881350.0,103 104 105 106,39796.0,False
base,active,880571.0,881277.0,883260.0,18 71 72 73 74 75 76 77 78 79 80 81 82 83 84 85 86 87 88 89 90 91 92 93 94 95 96 97 98 99 100 101,39794.0,False
base,active,,881330.0,881630.0,102,-1.0,
base,active,881149.0,881350.0,882629.0,103 104 105 106,39799.0,False
base,sleeping,,881381.0,886374.0,12 13 14 15,-4.0,
base,active,,881509.0,881809.0,0 1,-1.0,
base,active,,881526.0,881826.0,10 11 44 45,-1.0,
base,switching_off,,881630.0,883430.0,102,-2.0,
base,active,881159.0,881719.0,882008.0,16 17 24 25 26 27 28 29 30 31 46 47 48 49 50 51,39800.0,False
base,active,,881719.0,882019.0,68,-1.0,
base,active,,881719.0,882629.0,54 55 56 57 58 59 60 61 62 63 64 65 66,-1.0,
base,active,881170.0,881719.0,882977.0,52 53,39801.0,False
base,switching_off,,881809.0,883609.0,0 1,-2.0,
base,switching_off,,881826.0,883626.0,10 11 44 45,-2.0,
base,active,881844.0,882008.0,882298.0,16 17 24 25 26 27 28 29 30 31 46 47 48 49 50 51,39806.0,False
base,switching_off,,882019.0,883819.0,68,-2.0,
base,active,,882298.0,882629.0,16 17 24 25 26 27 28 29 30 31 46 47 48 49 50 51,-1.0,
base,active,882010.0,882629.0,882660.0,66,39808.0,False
base,active,881999.0,882629.0,882703.0,16 17 24 25 26 27 28 29 30 31 46 47 48 49 50 51 54 55 56 57 58 59 60 61 62 63 64 65 103 104 105 106,39807.0,False
base,active,882289.0,882660.0,882726.0,66,39809.0,False
base,active,882395.0,882703.0,882735.0,54,39811.0,False
base,active,,882703.0,883003.0,61 62 63 64 65 103 104 105 106,-1.0,
base,active,882306.0,882703.0,883043.0,16 17 24 25 26 27 28 29 30 31 46 47 48 49 50 51,39810.0,False
base,active,882451.0,882703.0,883647.0,59 60,39813.0,False
base,active,882430.0,882703.0,883666.0,55 56 57 58,39812.0,False
base,active,,882726.0,883026.0,66,-1.0,
base,active,,882735.0,883035.0,54,-1.0,
base,sleeping,,882851.0,897301.0,109,-4.0,
base,active,,882977.0,883277.0,52 53,-1.0,
base,switching_off,,883003.0,884803.0,61 62 63 64 65 103 104 105 106,-2.0,
base,switching_off,,883026.0,884826.0,66,-2.0,
base,switching_off,,883035.0,884835.0,54,-2.0,
base,active,,883043.0,883462.0,16 17 24 25 26 27 28 29 30 31 46 47 48 49 50 51,-1.0,
base,active,882553.0,883260.0,883462.0,18 71 72 73 74 75 76 77 78 79 80 81 82 83 84 85 86 87 88 89 90 91 92 93 94 95 96 97 98 99 100 101,39814.0,False
base,switching_off,,883277.0,885077.0,52 53,-2.0,
base,sleeping,,883430.0,886374.0,102,-4.0,
base,active,882790.0,883462.0,883830.0,16 17 24 25 26 27 28 29 30 31 46 47 48 49 50 51,39816.0,False
base,active,882631.0,883462.0,884053.0,18 71 72 73 74 75 76 77 78 79 80 81 82 83 84 85 86 87 88 89 90 91 92 93 94 95 96 97 98 99 100 101,39815.0,False
base,sleeping,,883609.0,886338.0,0 1,-4.0,
base,sleeping,,883626.0,886374.0,10 11 44 45,-4.0,
base,active,,883647.0,883947.0,59 60,-1.0,
base,active,,883666.0,883966.0,55 56 57 58,-1.0,
base,sleeping,,883819.0,886374.0,68,-4.0,
base,active,,883830.0,884053.0,16,-1.0,
base,active,,883830.0,884130.0,48 49 50 51,-1.0,
base,active,,883830.0,884268.0,17 24 25 26 27 28 29 30 31 46 47,-1.0,
base,switching_off,,883947.0,885747.0,59 60,-2.0,
base,switching_off,,883966.0,885766.0,55 56 57 58,-2.0,
base,active,883104.0,884053.0,884083.0,16,39818.0,False
base,active,883005.0,884053.0,884127.0,18 71 72 73 74 75 76 77 78 79 80 81 82 83 84 85 86 87 88 89 90 91 92 93 94 95 96 97 98 99 100 101,39817.0,False
base,active,,884083.0,884268.0,16,-1.0,
base,active,883293.0,884086.0,886351.0,6 7 8 9 22 23 32 33 34 35 36 37 38 39 40 41 42 43 69 70 110 111 112 113 114 115 121 122 124 125 126 127,39819.0,False
base,active,,884117.0,884127.0,2 3 4 5,-1.0,
base,active,,884117.0,884268.0,19 20 21 67,-1.0,
base,active,883473.0,884127.0,884196.0,2 3 4 5,39821.0,False
base,active,883400.0,884127.0,884268.0,18 71 72 73 74 75 76 77 78 79 80 81 82 83 84 85 86 87 88 89 90 91 92 93 94 95 96 97 98 99 100 101,39820.0,False
base,switching_off,,884130.0,885930.0,48 49 50 51,-2.0,
base,active,,884196.0,884268.0,2 3 4 5,-1.0,
base,active,883623.0,884268.0,884584.0,2 3 4 5,39823.0,False
base,active,883765.0,884268.0,884620.0,16 17 19 20 21 24 25 26 27 28 29 30 31 46 47 67,39824.0,False
base,active,883564.0,884268.0,884644.0,18 71 72 73 74 75 76 77 78 79 80 81 82 83 84 85 86 87 88 89 90 91 92 93 94 95 96 97 98 99 100 101,39822.0,False
base,active,,884584.0,884884.0,2 3 4 5,-1.0,
base,active,,884620.0,884644.0,16 17 19 20 21 24 25 26 27 28 29 30 31 46,-1.0,
base,active,,884620.0,884920.0,47 67,-1.0,
base,active,884105.0,884644.0,885557.0,31 46,39828.0,False
base,active,884083.0,884644.0,885577.0,27 28 29 30,39827.0,False
base,active,883991.0,884644.0,892811.0,16 17 19 20 21 24 25 26,39826.0,False
base,active,883959.0,884644.0,892842.0,18 71 72 73 74 75 76 77 78 79 80 81 82 83 84 85 86 87 88 89 90 91 92 93 94 95 96 97 98 99 100 101,39825.0,False
base,sleeping,,884803.0,886374.0,61 62 63 64 65 103 104 105,-4.0,
base,sleeping,,884803.0,897301.0,106,-4.0,
base,sleeping,,884826.0,886374.0,66,-4.0,
base,sleeping,,884835.0,886374.0,54,-4.0,
base,switching_off,,884884.0,886684.0,2 3 4 5,-2.0,
base,switching_off,,884920.0,886720.0,47 67,-2.0,
base,sleeping,,885077.0,886374.0,52 53,-4.0,
base,active,,885557.0,886438.0,31,-1.0,
base,active,,885557.0,887628.0,46,-1.0,
base,active,,885577.0,886351.0,27 28 29 30,-1.0,
base,sleeping,,885747.0,886374.0,59 60,-4.0,
base,sleeping,,885766.0,886374.0,55 56 57 58,-4.0,
base,sleeping,,885930.0,886374.0,48 49 50 51,-4.0,
base,switching_on,,886338.0,889038.0,0 1,-3.0,
base,active,884366.0,886351.0,886373.0,27 28 29 30,39830.0,False
base,active,884300.0,886351.0,886438.0,6 7 8 9 22 23 32 33 34 35 36 37 38 39 40 41 42 43 69 70 110 111 112 113 114 115 121 122 124 125 126 127,39829.0,False
base,active,,886373.0,886438.0,27 28 29 30,-1.0,
base,switching_on,,886374.0,889074.0,10 11 12 13 14 15 44 45 48 49 50 51 52 53 54 55 56 57 58 59 60 61 62 63 64 65 66 68 102 103 104 105,-3.0,
base,active,884664.0,886438.0,886457.0,31,39833.0,False
base,active,884499.0,886438.0,886463.0,27 28 29 30,39832.0,False
base,active,884440.0,886438.0,886521.0,6 7 8 9 22 23 32 33 34 35 36 37 38 39 40 41 42 43 69 70 110 111 112 113 114 115 121 122 124 125 126 127,39831.0,False
base,active,,886457.0,886521.0,31,-1.0,
base,active,,886463.0,886521.0,27 28 29 30,-1.0,
base,active,885561.0,886521.0,886541.0,31,39836.0,False
base,active,884896.0,886521.0,887628.0,27 28 29 30,39835.0,False
base,active,884823.0,886521.0,887703.0,6 7 8 9 22 23 32 33 34 35 36 37 38 39 40 41 42 43 69 70 110 111 112 113 114 115 121 122 124 125 126 127,39834.0,False
base,active,,886541.0,887628.0,31,-1.0,
base,sleeping,,886684.0,896983.0,2 3 4 5,-4.0,
base,sleeping,,886720.0,896983.0,47,-4.0,
base,sleeping,,886720.0,897301.0,67,-4.0,
base,active,885623.0,887628.0,888532.0,31 46,39838.0,False
base,active,885602.0,887628.0,888551.0,27 28 29 30,39837.0,False
base,active,885956.0,887703.0,888072.0,6 7 8 9,39839.0,False
base,active,,887703.0,888072.0,22 23 32 33 34 35 36 37 38 39 40 41 42 43 69 70 110 111 112 113 114 115 121 122 124 125 126 127,-1.0,
base,active,886028.0,888072.0,894200.0,6 7 8 9 22 23 32 33 34 35 36 37 38 39 40 41 42 43 69 70 110 111 112 113 114 115 121 122 124 125 126 127,39840.0,False
base,active,,888532.0,889038.0,31 46,-1.0,
base,active,886091.0,888551.0,894617.0,27 28 29 30,39841.0,False
base,active,886338.0,889038.0,889205.0,0 1 31 46,39842.0,False
base,active,886374.0,889074.0,894857.0,10 11 12 13 14 15 44 45 48 49 50 51 52 53 54 55 56 57 58 59 60 61 62 63 64 65 66 68 102 103 104 105,39843.0,False
base,active,888823.0,889205.0,889221.0,0,39844.0,False
base,active,888856.0,889205.0,889222.0,1,39845.0,False
base,active,888906.0,889205.0,889429.0,31,39846.0,False
base,active,,889205.0,889505.0,46,-1.0,
base,active,,889221.0,889521.0,0,-1.0,
base,active,889222.0,889222.0,889318.0,1,39847.0,False
base,active,,889318.0,889618.0,1,-1.0,
base,active,,889429.0,889669.0,31,-1.0,
base,switching_off,,889505.0,891305.0,46,-2.0,
base,switching_off,,889521.0,891321.0,0,-2.0,
base,switching_off,,889618.0,891418.0,1,-2.0,
base,active,889669.0,889669.0,889749.0,31,39848.0,False
base,active,,889749.0,890049.0,31,-1.0,
base,switching_off,,890049.0,891849.0,31,-2.0,
base,active,,890436.0,890736.0,116,-1.0,
base,switching_off,,890736.0,892536.0,116,-2.0,
base,sleeping,,891305.0,896983.0,46,-4.0,
base,sleeping,,891321.0,896983.0,0,-4.0,
base,sleeping,,891418.0,896983.0,1,-4.0,
base,sleeping,,891849.0,896983.0,31,-4.0,
base,sleeping,,892536.0,897301.0,116,-4.0,
base,active,890858.0,892811.0,892890.0,16 17 19 20 21 24 25 26,39849.0,False
base,active,890941.0,892842.0,892876.0,18 71 72 73 74 75 76 77,39850.0,False
base,active,890994.0,892842.0,892876.0,78 79 80 81 82 83 84 85,39851.0,False
base,active,891059.0,892842.0,892888.0,86 87 88 89 90 91 92 93,39852.0,False
base,active,,892842.0,892888.0,94 95 96 97 98 99 100 101,-1.0,
base,active,,892876.0,892888.0,18 71 72 73 74 75 76 77 78 79 80 81 82 83 84 85,-1.0,
base,active,892759.0,892888.0,895272.0,18 71 72 73 74 75 76 77 78 79 80 81 82 83 84 85 86 87 88 89 90 91 92 93 94 95 96 97 98 99 100 101,39853.0,False
base,active,892789.0,892890.0,892933.0,16 17 19 20,39854.0,False
base,active,892832.0,892890.0,895201.0,21 24 25 26,39855.0,False
base,active,892877.0,892933.0,892969.0,16 17 19 20,39856.0,False
base,active,,892969.0,893269.0,16 17 19 20,-1.0,
base,switching_off,,893269.0,895069.0,16 17 19 20,-2.0,
base,active,893155.0,894200.0,894219.0,42,39859.0,False
base,active,,894200.0,894219.0,115 121 122 124 125 126 127,-1.0,
base,active,893063.0,894200.0,894234.0,34 35 36 37 38 39 40 41,39858.0,False
base,active,893265.0,894200.0,894235.0,43 69 70 110 111 112 113 114,39860.0,False
base,active,892916.0,894200.0,894339.0,6 7 8 9 22 23 32 33,39857.0,False
base,active,893304.0,894219.0,894252.0,42 115 121 122 124 125 126 127,39861.0,False
base,active,,894234.0,894339.0,34 35 36 37 38 39 40 41,-1.0,
base,active,,894235.0,894339.0,43 69 70 110 111 112 113 114,-1.0,
base,active,,894252.0,894339.0,42 115 121 122 124 125 126 127,-1.0,
base,active,893351.0,894339.0,894380.0,6 7 8 9 22 23 32 33 34 35 36 37 38 39 40 41 42 43 69 70 110 111 112 113 114 115 121 122 124 125 126 127,39862.0,False
base,active,893374.0,894380.0,895524.0,6 7 8 9 22 23 32 33 34 35 36 37 38 39 40 41 42 43 69 70 110 111 112 113 114 115 121 122 124 125 126 127,39863.0,False
base,active,,894617.0,894857.0,27,-1.0,
base,active,,894617.0,894917.0,28 29 30,-1.0,
base,active,893403.0,894857.0,894883.0,10 11 12 13 14 15 44 45 48 49 50 51 52 53 54 55 56 57 58 59 60 61 62 63 64 65 66 68 102 103 104 105,39864.0,False
base,active,894647.0,894857.0,894886.0,27,39865.0,False
base,active,,894883.0,895183.0,10 11 12 13 14 15 44 45 48 49 50 51 52 53 54 55 56 57 58 59 60 61 62 63 64 65 66 68 102 103 104 105,-1.0,
base,active,,894886.0,895186.0,27,-1.0,
base,switching_off,,894917.0,896717.0,28 29 30,-2.0,
base,sleeping,,895069.0,896983.0,16 17 19 20,-4.0,
base,switching_off,,895183.0,896983.0,10 11 12 13 14 15 44 45 48 49 50 51 52 53 54 55 56 57 58 59 60 61 62 63 64 65 66 68 102 103 104 105,-2.0,
base,switching_off,,895186.0,896986.0,27,-2.0,
base,active,,895201.0,895501.0,21 24 25 26,-1.0,
base,active,,895272.0,895572.0,18 71 72 73 74 75 76 77 78 79 80 81 82 83 84 85 86 87 88 89 90 91 92 93 94 95 96 97 98 99 100 101,-1.0,
base,switching_off,,895501.0,897301.0,21 24 25 26,-2.0,
base,active,,895524.0,899683.0,6 7 8 9 22 23 32 33 34 35 36 37 38 39 40 41 42 43 69 70 110 111 112 113 114 115 121 122 124 125 126 127,-1.0,
base,switching_off,,895572.0,897372.0,18 71 72 73 74 75 76 77 78 79 80 81 82 83 84 85 86 87 88 89 90 91 92 93 94 95 96 97 98 99 100 101,-2.0,
base,sleeping,,896717.0,896983.0,28 29 30,-4.0,
base,sleeping,,896983.0,897301.0,56 57 58 59 60 61 62 63 64 65 66 68 102 103 104 105,-4.0,
base,switching_on,,896983.0,899683.0,0 1 2 3 4 5 10 11 12 13 14 15 16 17 19 20 28 29 30 31 44 45 46 47 48 49 50 51 52 53 54 55,-3.0,
base,sleeping,,896986.0,897301.0,27,-4.0,
base,switching_on,,897301.0,900001.0,21 24 25 26 27 56 57 58 59 60 61 62 63 64 65 66 67 68 102 103 104 105 106 107 108 109 116 117 118 119 120 123,-3.0,
base,switching_on,,897372.0,900072.0,18 71 72 73,-3.0,
base,sleeping,,897372.0,907571.0,74 75 76 77 78 79 80 81 82 83 84 85 86 87 88 89 90 91 92 93 94 95 96 97 98 99 100 101,-4.0,
base,active,895730.0,899683.0,909961.0,0 1 2 3 4 5 6 7 8 9 10 11 12 13 14 15 16 17 19 20 22 23 28 29 30 31 32 33 34 35 36 37 38 39 40 41 42 43 44 45 46 47 48 49 50 51 52 53 54 55 69 70 110 111 112 113 114 115 121 122 124 125 126 127,39866.0,False
base,active,895745.0,900001.0,910271.0,21 24 25 26 27 56 57 58 59 60 61 62 63 64 65 66 67 68 102 103 104 105 106 107 108 109 116 117 118 119 120 123,39867.0,False
base,active,895844.0,900072.0,910247.0,18 71 72 73,39868.0,False
base,switching_on,,907571.0,910271.0,74 75 76 77 78 79 80 81 82 83 84 85 86 87 88 89 90 91 92 93 94 95 96 97 98 99 100 101,-3.0,
base,active,,909961.0,910271.0,0 1 2 3 4 5 6 7 8 9 10 11 12 13 14 15 16 17 19 20 22 23 28 29 30 31 32 33 34 35 36 37 38 39 40 41 42 43 44 45 46 47 48 49 50 51 52 53 54 55 69 70 110 111 112 113 114 115 121 122 124 125 126 127,-1.0,
base,active,,910247.0,910271.0,18 71 72 73,-1.0,
base,active,906024.0,910271.0,910374.0,0 1 2 3 4 5 6 7 8 9 10 11 12 13 14 15 16 17 18 19 20 21 22 23 24 25 26 27 28 29 30 31 32 33 34 35 36 37 38 39 40 41 42 43 44 45 46 47 48 49 50 51 52 53 54 55 56 57 58 59 60 61 62 63 64 65 66 67 68 69 70 71 72 73 74 75 76 77 78 79 80 81 82 83 84 85 86 87 88 89 90 91 92 93 94 95 96 97 98 99 100 101 102 103 104 105 106 107 108 109 110 111 112 113 114 115 116 117 118 119 120 121 122 123 124 125 126 127,39869.0,False
base,active,906382.0,910374.0,912352.0,96 97 98 99,39872.0,False
base,active,,910374.0,912352.0,100 101 102 103 104 105 106 107 108 109 110 111 112 113 114 115 116 117 118 119 120 121 122 123 124 125 126 127,-1.0,
base,active,906317.0,910374.0,912417.0,64 65 66 67 68 69 70 71 72 73 74 75 76 77 78 79 80 81 82 83 84 85 86 87 88 89 90 91 92 93 94 95,39871.0,False
base,active,906131.0,910374.0,920551.0,0 1 2 3 4 5 6 7 8 9 10 11 12 13 14 15 16 17 18 19 20 21 22 23 24 25 26 27 28 29 30 31 32 33 34 35 36 37 38 39 40 41 42 43 44 45 46 47 48 49 50 51 52 53 54 55 56 57 58 59 60 61 62 63,39870.0,False
base,active,908803.0,912352.0,919862.0,96 97 98 99 100 101 102 103 104 105 106 107 108 109 110 111 112 113 114 115 116 117 118 119 120 121 122 123 124 125 126 127,39881.0,False
base,active,,912417.0,912717.0,68 69 70 71 72 73 74 75 76 77 78 79 80 81 82 83 84 85 86 87 88 89 90 91 92 93 94 95,-1.0,
base,active,908878.0,912417.0,919855.0,64 65 66 67,39882.0,False
base,switching_off,,912717.0,914517.0,68 69 70 71 72 73 74 75 76 77 78 79 80 81 82 83 84 85 86 87 88 89 90 91 92 93 94 95,-2.0,
base,switching_on,,914517.0,917217.0,68 69 70,-3.0,
base,sleeping,,914517.0,917851.0,71 72 73 74 75 76 77 78 79 80 81 82 83 84 85 86 87 88 89 90 91 92 93 94 95,-4.0,
base,active,913339.0,917217.0,917321.0,68,39915.0,False
base,active,913517.0,917217.0,917349.0,69,39916.0,False
base,active,913673.0,917217.0,917483.0,70,39917.0,False
base,active,,917321.0,920551.0,68,-1.0,
base,active,,917349.0,920551.0,69,-1.0,
base,active,,917483.0,920551.0,70,-1.0,
base,switching_on,,917851.0,920551.0,71 72 73 74 75 76 77 78 79 80 81 82 83 84 85 86 87 88 89 90 91 92 93 94 95,-3.0,
base,active,,919855.0,920551.0,64 65 66 67,-1.0,
base,active,,919862.0,920551.0,96 97 98 99 100 101 102 103 104 105 106 107 108 109 110 111 112 113 114 115 116 117 118 119 120 121 122 123 124 125 126 127,-1.0,
base,active,916319.0,920551.0,920666.0,0 1 2 3 4 5 6 7 8 9 10 11 12 13 14 15 16 17 18 19 20 21 22 23 24 25 26 27 28 29 30 31 32 33 34 35 36 37 38 39 40 41 42 43 44 45 46 47 48 49 50 51 52 53 54 55 56 57 58 59 60 61 62 63 64 65 66 67 68 69 70 71 72 73 74 75 76 77 78 79 80 81 82 83 84 85 86 87 88 89 90 91 92 93 94 95 96 97 98 99 100 101 102 103 104 105 106 107 108 109 110 111 112 113 114 115 116 117 118 119 120 121 122 123 124 125 126 127,39938.0,False
base,active,,920666.0,920966.0,100 101 102 103 104 105 106 107 108 109 110 111 112 113 114 115 116 117 118 119 120 121 122 123 124 125 126 127,-1.0,
base,active,916439.0,920666.0,930832.0,0 1 2 3 4 5 6 7 8 9 10 11 12 13 14 15 16 17 18 19 20 21 22 23 24 25 26 27 28 29 30 31 32 33 34 35 36 37 38 39 40 41 42 43 44 45 46 47 48 49 50 51 52 53 54 55 56 57 58 59 60 61 62 63,39939.0,False
base,active,916688.0,920666.0,949204.0,96 97 98 99,39941.0,False
base,active,916619.0,920666.0,949272.0,64 65 66 67 68 69 70 71 72 73 74 75 76 77 78 79 80 81 82 83 84 85 86 87 88 89 90 91 92 93 94 95,39940.0,False
base,switching_off,,920966.0,922766.0,100 101 102 103 104 105 106 107 108 109 110 111 112 113 114 115 116 117 118 119 120 121 122 123 124 125 126 127,-2.0,
base,sleeping,,922766.0,929854.0,100 101 102 103 104 105 106 107,-4.0,
base,sleeping,,922766.0,933568.0,108 109 110 111 112 113 114 115,-4.0,
base,sleeping,,922766.0,939146.0,116 117 118 119 120 121 122 123 124,-4.0,
base,sleeping,,922766.0,982195.0,125 126 127,-4.0,
base,switching_on,,929854.0,932554.0,100 101 102 103 104 105 106 107,-3.0,
base,active,929674.0,930832.0,930855.0,40,40046.0,False
base,active,,930832.0,932554.0,41 42 43 44 45 46 47 48 49 50 51 52 53 54 55 56 57 58 59 60 61 62 63,-1.0,
base,active,927735.0,930832.0,946427.0,32 33 34 35 36 37 38 39,40031.0,False
base,active,927712.0,930832.0,946449.0,0 1 2 3 4 5 6 7 8 9 10 11 12 13 14 15 16 17 18 19 20 21 22 23 24 25 26 27 28 29 30 31,40030.0,False
base,active,,930855.0,932554.0,40,-1.0,
base,active,929854.0,932554.0,933492.0,40 41 42 43 44 45 46 47 48 49 50 51 52 53 54 55 56 57 58 59 60 61 62 63 100 101 102 103 104 105 106 107,40051.0,False
base,active,930827.0,933492.0,936939.0,40 41 42 43 44 45 46 47 48 49 50 51 52 53 54 55 56 57 58 59 60 61 62 63 100 101 102 103 104 105 106 107,40060.0,False
base,switching_on,,933568.0,936268.0,108 109 110 111 112 113 114 115,-3.0,
base,active,933568.0,936268.0,936829.0,108 109 110 111 112 113 114 115,40082.0,False
base,active,,936829.0,936939.0,108 109 110 111 112,-1.0,
base,active,,936829.0,936964.0,113 114 115,-1.0,
base,active,935898.0,936939.0,936964.0,112,40098.0,False
base,active,935071.0,936939.0,937046.0,108 109 110 111,40093.0,False
base,active,934298.0,936939.0,940082.0,40 41 42 43 44 45 46 47 48 49 50 51 52 53 54 55 56 57 58 59 60 61 62 63 100 101 102 103 104 105 106 107,40090.0,False
base,active,936510.0,936964.0,937022.0,112 113 114 115,40101.0,False
base,active,,937022.0,937040.0,112,-1.0,
base,active,,937022.0,937322.0,113 114 115,-1.0,
base,active,937040.0,937040.0,937061.0,112,40103.0,False
base,active,,937046.0,937346.0,108 109 110 111,-1.0,
base,active,,937061.0,937361.0,112,-1.0,
base,switching_off,,937322.0,939122.0,113 114 115,-2.0,
base,switching_off,,937346.0,939146.0,108 109 110 111,-2.0,
base,switching_off,,937361.0,939161.0,112,-2.0,
base,sleeping,,939122.0,939146.0,113 114 115,-4.0,
base,switching_on,,939146.0,941846.0,108 109 110 111 113 114 115 116 117 118 119 120 121 122 123 124,-3.0,
base,sleeping,,939161.0,955569.0,112,-4.0,
base,active,937478.0,940082.0,941449.0,40 41 42 43 44 45 46 47 48 49 50 51 52 53 54 55 56 57 58 59 60 61 62 63 100 101 102 103 104 105 106 107,40105.0,False
base,active,938527.0,941449.0,941641.0,40 41 42 43 44 45 46 47 48 49 50 51 52 53 54 55,40112.0,False
base,active,,941449.0,941641.0,56 57 58 59 60 61 62 63 100 101 102 103 104 105 106 107,-1.0,
base,active,938882.0,941641.0,948508.0,40 41 42 43 44 45 46 47 48 49 50 51 52 53 54 55 56 57 58 59 60 61 62 63 100 101 102 103 104 105 106 107,40114.0,False
base,active,938904.0,941846.0,941901.0,108 109 110 111 113 114 115 116 117 118 119 120 121 122 123 124,40115.0,False
base,active,939015.0,941901.0,941936.0,108 109 110 111 113 114 115 116 117 118 119 120 121 122 123 124,40116.0,False
base,active,940630.0,941936.0,941957.0,113 114 115 116,40122.0,False
base,active,940591.0,941936.0,941958.0,108 109 110 111,40121.0,False
base,active,940710.0,941936.0,941982.0,117 118 119 120 121 122 123 124,40123.0,False
base,active,940764.0,941957.0,941978.0,113 114 115 116,40124.0,False
base,active,940979.0,941958.0,942013.0,108 109 110 111,40125.0,False
base,active,941008.0,941978.0,942000.0,113 114 115 116,40126.0,False
base,active,941102.0,941982.0,942004.0,121,40128.0,False
base,active,,941982.0,942004.0,122 123 124,-1.0,
base,active,941070.0,941982.0,942038.0,117 118 119 120,40127.0,False
base,active,941145.0,942000.0,942024.0,113 114 115 116,40129.0,False
base,active,941171.0,942004.0,942074.0,121 122 123 124,40130.0,False
base,active,941244.0,942013.0,942092.0,108 109 110 111,40132.0,False
base,active,941266.0,942024.0,942045.0,113 114 115 116,40133.0,False
base,active,941401.0,942038.0,942090.0,117 118 119 120,40134.0,False
base,active,,942045.0,942074.0,113 114 115 116,-1.0,
base,active,941446.0,942074.0,942252.0,113 114 115 116 121 122 123 124,40135.0,False
base,active,941462.0,942090.0,942145.0,117 118 119 120,40136.0,False
base,active,941531.0,942092.0,942112.0,108,40137.0,False
base,active,,942092.0,942112.0,109 110 111,-1.0,
base,active,941549.0,942112.0,942133.0,108 109 110 111,40138.0,False
base,active,941633.0,942133.0,942177.0,108 109 110 111,40139.0,False
base,active,941678.0,942145.0,942463.0,117 118 119 120,40140.0,False
base,active,941753.0,942177.0,942199.0,108 109 110 111,40141.0,False
base,active,,942199.0,942463.0,108 109 110 111,-1.0,
base,active,,942252.0,942463.0,113 114 115 116 121 122 123 124,-1.0,
base,active,941965.0,942463.0,942525.0,108 109 110 111 113 114 115 116 117 118 119 120 121 122 123 124,40143.0,False
base,active,942008.0,942525.0,942547.0,108 109 110 111,40144.0,False
base,active,942072.0,942525.0,942572.0,117 118 119 120,40146.0,False
base,active,942066.0,942525.0,942586.0,113 114 115 116,40145.0,False
base,active,942218.0,942525.0,943061.0,121 122 123 124,40147.0,False
base,active,,942547.0,942556.0,108 109 110 111,-1.0,
base,active,942556.0,942556.0,942601.0,108 109 110 111,40149.0,False
base,active,,942572.0,942872.0,117 118 119 120,-1.0,
base,active,,942586.0,942712.0,113 114 115 116,-1.0,
base,active,,942601.0,942652.0,108,-1.0,
base,active,,942601.0,942712.0,109 110 111,-1.0,
base,active,942652.0,942652.0,942670.0,108,40150.0,False
base,active,,942670.0,942712.0,108,-1.0,
base,active,942712.0,942712.0,942713.0,108 109 110 111 113 114 115 116,40151.0,False
base,active,,942713.0,942724.0,108 109 110 111 113 114 115 116,-1.0,
base,active,942724.0,942724.0,942773.0,108 109 110 111 113 114 115 116,40152.0,False
base,active,,942773.0,942825.0,108,-1.0,
base,active,,942773.0,942878.0,109 110 111,-1.0,
base,active,,942773.0,942959.0,113 114 115 116,-1.0,
base,active,942825.0,942825.0,942846.0,108,40155.0,False
base,active,,942846.0,942878.0,108,-1.0,
base,switching_off,,942872.0,944672.0,117 118 119 120,-2.0,
base,active,942878.0,942878.0,943022.0,108 109 110 111,40157.0,False
base,active,942959.0,942959.0,943005.0,113 114 115 116,40159.0,False
base,active,,943005.0,943305.0,113 114 115 116,-1.0,
base,active,,943022.0,943322.0,108 109 110 111,-1.0,
base,active,,943061.0,943361.0,121 122 123 124,-1.0,
base,switching_off,,943305.0,945105.0,113 114 115 116,-2.0,
base,switching_off,,943322.0,945122.0,108 109 110 111,-2.0,
base,switching_off,,943361.0,945161.0,121 122 123 124,-2.0,
base,sleeping,,944672.0,955790.0,117 118 119 120,-4.0,
base,sleeping,,945105.0,955569.0,113,-4.0,
base,sleeping,,945105.0,955790.0,114 115 116,-4.0,
base,sleeping,,945122.0,945413.0,108 109 110 111,-4.0,
base,sleeping,,945161.0,955790.0,121,-4.0,
base,sleeping,,945161.0,982195.0,122 123 124,-4.0,
base,switching_on,,945413.0,948113.0,108 109 110 111,-3.0,
base,active,943779.0,946427.0,946448.0,32,40162.0,False
base,active,,946427.0,946448.0,37 38 39,-1.0,
base,active,943783.0,946427.0,946469.0,33 34 35 36,40163.0,False
base,active,943849.0,946448.0,946490.0,32 37 38 39,40164.0,False
base,active,,946449.0,946469.0,4 5 6 7 8 9 10 11 12 13 14 15 16 17 18 19 20 21 22 23 24 25 26 27 28 29 30 31,-1.0,
base,active,943896.0,946449.0,946496.0,0 1 2 3,40165.0,False
base,active,943990.0,946469.0,946591.0,4 5 6 7 8 9 10 11 12 13 14 15 16 17 18 19 20 21 22 23 24 25 26 27 28 29 30 31 33 34 35 36,40166.0,False
base,active,,946490.0,946733.0,32,-1.0,
base,active,,946490.0,947114.0,37 38 39,-1.0,
base,active,,946496.0,946591.0,0 1 2 3,-1.0,
base,active,944184.0,946591.0,946724.0,20 21 22 23,40169.0,False
base,active,944275.0,946591.0,946733.0,0 1 2 3 24 25 26 27 28 29 30 31 33 34 35 36,40170.0,False
base,active,944045.0,946591.0,946749.0,4 5 6 7 8 9 10 11 12 13 14 15 16 17 18 19,40167.0,False
base,active,,946724.0,946733.0,20 21 22 23,-1.0,
base,active,944967.0,946733.0,946756.0,32,40178.0,False
base,active,944513.0,946733.0,946803.0,20 21 22 23,40172.0,False
base,active,944456.0,946733.0,947114.0,0 1 2 3 24 25 26 27 28 29 30 31 33 34 35 36,40171.0,False
base,active,,946749.0,947114.0,4 5 6 7 8 9 10 11 12 13 14 15 16 17 18 19,-1.0,
base,active,,946756.0,947114.0,32,-1.0,
base,active,,946803.0,947114.0,20 21 22 23,-1.0,
base,active,945013.0,947114.0,948252.0,15 16 17 18 19 37 38 39,40180.0,False
base,active,944968.0,947114.0,948295.0,0 1 2 3 4 5 6 7 8 9 10 11 12 13 14 20 21 22 23 24 25 26 27 28 29 30 31 32 33 34 35 36,40179.0,False
base,active,945413.0,948113.0,948158.0,108 109 110 111,40182.0,False
base,active,,948158.0,948295.0,108,-1.0,
base,active,,948158.0,948458.0,109 110 111,-1.0,
base,active,,948252.0,948295.0,15 16 17 18 19 37 38 39,-1.0,
base,active,945659.0,948295.0,948334.0,19 37 38 39,40185.0,False
base,active,945754.0,948295.0,948341.0,108,40186.0,False
base,active,945514.0,948295.0,950410.0,15 16 17 18,40184.0,False
base,active,945441.0,948295.0,950484.0,0 1 2 3 4 5 6 7 8 9 10 11 12 13 14 20 21 22 23 24 25 26 27 28 29 30 31 32 33 34 35 36,40183.0,False
base,active,,948334.0,948508.0,19 37 38,-1.0,
base,active,,948334.0,948634.0,39,-1.0,
base,active,,948341.0,948508.0,108,-1.0,
base,switching_off,,948458.0,950258.0,109 110 111,-2.0,
base,active,945870.0,948508.0,948553.0,19 37 38 108,40188.0,False
base,active,945786.0,948508.0,948574.0,40 41 42 43 44 45 46 47 48 49 50 51 52 53 54 55 56 57 58 59 60 61 62 63 100 101 102 103 104 105 106 107,40187.0,False
base,active,,948553.0,948853.0,108,-1.0,
base,active,,948553.0,949272.0,19 37,-1.0,
base,active,,948553.0,949393.0,38,-1.0,
base,active,946561.0,948574.0,952299.0,40 41 42 43 44 45 46 47 48 49 50 51 52 53 54 55 56 57 58 59 60 61 62 63 100 101 102 103 104 105 106 107,40195.0,False
base,switching_off,,948634.0,950434.0,39,-2.0,
base,switching_off,,948853.0,950653.0,108,-2.0,
base,active,,949204.0,949272.0,96 97 98 99,-1.0,
base,active,946682.0,949272.0,949329.0,64 65 66 67 68 69 70 71 72 73 74 75 76 77 78 79 80 81 82 83 84 85 86 87 88 89 90 91 92 93 94 95,40196.0,False
base,active,946812.0,949272.0,950148.0,19 37,40198.0,False
base,active,946790.0,949272.0,950167.0,96 97 98 99,40197.0,False
base,active,947337.0,949329.0,949393.0,64 65 66 67 68 69 70 71 72 73 74 75 76 77 78 79 80 81 82 83 84 85 86 87 88 89 90 91 92 93 94 95,40200.0,False
base,active,948138.0,949393.0,949408.0,38,40210.0,False
base,active,947819.0,949393.0,949448.0,64 65 66 67 68 69 70 71 72 73 74 75 76 77 78 79 80 81 82 83 84 85 86 87 88 89 90 91 92 93 94 95,40204.0,False
base,active,948890.0,949408.0,949448.0,38,40212.0,False
base,active,949347.0,949448.0,949453.0,71,40218.0,False
base,active,949429.0,949448.0,949458.0,72,40219.0,False
base,active,949099.0,949448.0,949465.0,70,40216.0,False
base,active,948952.0,949448.0,949470.0,38,40213.0,False
base,active,949002.0,949448.0,949478.0,68 69,40215.0,False
base,active,948980.0,949448.0,949503.0,64 65 66 67,40214.0,False
base,active,,949448.0,949748.0,73 74 75 76 77 78 79 80 81 82 83 84 85 86 87 88 89 90 91 92 93 94 95,-1.0,
base,active,,949453.0,949753.0,71,-1.0,
base,active,,949458.0,949758.0,72,-1.0,
base,active,,949465.0,949765.0,70,-1.0,
base,active,,949470.0,949476.0,38,-1.0,
base,active,949476.0,949476.0,949485.0,38,40220.0,False
base,active,,949478.0,949778.0,68 69,-1.0,
base,active,,949485.0,949716.0,38,-1.0,
base,active,,949503.0,949621.0,64 65 66 67,-1.0,
base,active,949621.0,949621.0,949877.0,64 65 66 67,40224.0,False
base,active,949716.0,949716.0,949752.0,38,40226.0,False
base,switching_off,,949748.0,951548.0,73 74 75 76 77 78 79 80 81 82 83 84 85 86 87 88 89 90 91 92 93 94 95,-2.0,
base,active,,949752.0,949757.0,38,-1.0,
base,switching_off,,949753.0,951553.0,71,-2.0,
base,active,949757.0,949757.0,949784.0,38,40228.0,False
base,switching_off,,949758.0,951558.0,72,-2.0,
base,switching_off,,949765.0,951565.0,70,-2.0,
base,switching_off,,949778.0,951578.0,68 69,-2.0,
base,active,,949784.0,950148.0,38,-1.0,
base,active,,949877.0,949896.0,64 65 66 67,-1.0,
base,active,949896.0,949896.0,952241.0,64 65 66 67,40229.0,False
base,active,949937.0,950148.0,950149.0,38,40231.0,False
base,active,949918.0,950148.0,952472.0,19 37,40230.0,False
base,active,,950149.0,950449.0,38,-1.0,
base,active,950167.0,950167.0,950195.0,96,40232.0,False
base,active,,950167.0,950467.0,97 98 99,-1.0,
base,active,,950195.0,950407.0,96,-1.0,
base,sleeping,,950258.0,955189.0,109,-4.0,
base,sleeping,,950258.0,955209.0,110,-4.0,
base,sleeping,,950258.0,955569.0,111,-4.0,
base,active,950407.0,950407.0,950546.0,96,40234.0,False
base,active,,950410.0,950710.0,15 16 17 18,-1.0,
base,sleeping,,950434.0,955119.0,39,-4.0,
base,switching_off,,950449.0,952249.0,38,-2.0,
base,switching_off,,950467.0,952267.0,97 98 99,-2.0,
base,active,950458.0,950484.0,950648.0,0 1 2 3 4 5 6 7,40235.0,False
base,active,,950484.0,950784.0,8 9 10 11 12 13 14 20 21 22 23 24 25 26 27 28 29 30 31 32 33 34 35 36,-1.0,
base,active,,950546.0,950621.0,96,-1.0,
base,active,950621.0,950621.0,950622.0,96,40236.0,False
base,active,,950622.0,950629.0,96,-1.0,
base,active,950629.0,950629.0,951004.0,96,40237.0,False
base,active,,950648.0,950948.0,0 1 2 3 4 5 6 7,-1.0,
base,sleeping,,950653.0,955189.0,108,-4.0,
base,switching_off,,950710.0,952510.0,15 16 17 18,-2.0,
base,switching_off,,950784.0,952584.0,8 9 10 11 12 13 14 20 21 22 23 24 25 26 27 28 29 30 31 32 33 34 35 36,-2.0,
base,switching_off,,950948.0,952748.0,0 1 2 3 4 5 6 7,-2.0,
base,active,,951004.0,951304.0,96,-1.0,
base,switching_off,,951304.0,953104.0,96,-2.0,
base,sleeping,,951548.0,955188.0,73 74 75 76 77,-4.0,
base,sleeping,,951548.0,955189.0,78 79 80 81 82 83 84 85 86 87 88 89 90 91 92 93 94 95,-4.0,
base,sleeping,,951553.0,955188.0,71,-4.0,
base,sleeping,,951558.0,955188.0,72,-4.0,
base,sleeping,,951565.0,955188.0,70,-4.0,
base,sleeping,,951578.0,955119.0,68 69,-4.0,
base,active,951305.0,952241.0,952262.0,64,40244.0,False
base,active,951674.0,952241.0,952262.0,65,40246.0,False
base,active,951767.0,952241.0,952288.0,66,40247.0,False
base,active,951834.0,952241.0,952330.0,67,40249.0,False
base,sleeping,,952249.0,955119.0,38,-4.0,
base,active,952106.0,952262.0,952470.0,64,40250.0,False
base,active,,952262.0,952562.0,65,-1.0,
base,sleeping,,952267.0,955189.0,97 98 99,-4.0,
base,active,,952288.0,952588.0,66,-1.0,
base,active,952126.0,952299.0,952344.0,40 41 42 43 44 45 46 47 48 49 50 51 52 53 54 55,40251.0,False
base,active,,952299.0,952599.0,56 57 58 59 60 61 62 63 100 101 102 103 104 105 106 107,-1.0,
base,active,,952330.0,952630.0,67,-1.0,
base,active,,952344.0,952644.0,40 41 42 43 44 45 46 47 48 49 50 51 52 53 54 55,-1.0,
base,active,,952470.0,952770.0,64,-1.0,
base,active,,952472.0,952772.0,19 37,-1.0,
base,sleeping,,952510.0,955060.0,15 16 17 18,-4.0,
base,switching_off,,952562.0,954362.0,65,-2.0,
base,sleeping,,952584.0,955060.0,8 9 10 11 12 13 14 20 21 22 23 24 25 26 27 28 29 30 31 32 33 34 35,-4.0,
base,sleeping,,952584.0,955065.0,36,-4.0,
base,switching_off,,952588.0,954388.0,66,-2.0,
base,switching_off,,952599.0,954399.0,56 57 58 59 60 61 62 63 100 101 102 103 104 105 106 107,-2.0,
base,switching_off,,952630.0,954430.0,67,-2.0,
base,switching_off,,952644.0,954444.0,40 41 42 43 44 45 46 47 48 49 50 51 52 53 54 55,-2.0,
base,sleeping,,952748.0,955042.0,0 1 2 3,-4.0,
base,sleeping,,952748.0,955060.0,4 5 6 7,-4.0,
base,switching_off,,952770.0,954570.0,64,-2.0,
base,switching_off,,952772.0,954572.0,19 37,-2.0,
base,sleeping,,953104.0,955189.0,96,-4.0,
base,sleeping,,954362.0,955119.0,65,-4.0,
base,sleeping,,954388.0,955119.0,66,-4.0,
base,sleeping,,954399.0,955119.0,56 57 58 59 60 61 62 63,-4.0,
base,sleeping,,954399.0,955189.0,100 101 102 103 104 105 106 107,-4.0,
base,sleeping,,954430.0,955119.0,67,-4.0,
base,sleeping,,954444.0,955119.0,40 41 42 43 44 45 46 47 48 49 50 51 52 53 54 55,-4.0,
base,sleeping,,954570.0,955119.0,64,-4.0,
base,sleeping,,954572.0,955060.0,19,-4.0,
base,sleeping,,954572.0,955065.0,37,-4.0,
base,switching_on,,955042.0,957742.0,0 1 2 3,-3.0,
base,switching_on,,955060.0,957760.0,4 5 6 7 8 9 10 11 12 13 14 15 16 17 18 19 20 21 22 23 24 25 26 27 28 29 30 31 32 33 34 35,-3.0,
base,switching_on,,955065.0,957765.0,36 37,-3.0,
base,switching_on,,955119.0,957819.0,38 39 40 41 42 43 44 45 46 47 48 49 50 51 52 53 54 55 56 57 58 59 60 61 62 63 64 65 66 67 68 69,-3.0,
base,switching_on,,955188.0,957888.0,70 71 72 73 74 75 76 77,-3.0,
base,switching_on,,955189.0,957889.0,78 79 80 81 82 83 84 85 86 87 88 89 90 91 92 93 94 95 96 97 98 99 100 101 102 103 104 105 106 107 108 109,-3.0,
base,switching_on,,955209.0,957909.0,110,-3.0,
base,switching_on,,955569.0,958269.0,111 112 113,-3.0,
base,switching_on,,955790.0,958490.0,114 115 116 117 118 119 120 121,-3.0,
base,active,955042.0,957742.0,958751.0,0 1 2 3,40259.0,False
base,active,955060.0,957760.0,960139.0,4 5 6 7 8 9 10 11 12 13 14 15 16 17 18 19 20 21 22 23 24 25 26 27 28 29 30 31 32 33 34 35,40260.0,False
base,active,955065.0,957765.0,958752.0,36 37,40261.0,False
base,active,955119.0,957819.0,959514.0,38 39 40 41 42 43 44 45 46 47 48 49 50 51 52 53 54 55 56 57 58 59 60 61 62 63 64 65 66 67 68 69,40262.0,False
base,active,955188.0,957888.0,959515.0,70 71 72 73 74 75 76 77,40263.0,False
base,active,955189.0,957889.0,957920.0,78 79 80 81 82 83 84 85 86 87 88 89 90 91 92 93 94 95 96 97 98 99 100 101 102 103 104 105 106 107 108 109,40264.0,False
base,active,955209.0,957909.0,957952.0,110,40265.0,False
base,active,955389.0,957920.0,957930.0,78,40266.0,False
base,active,,957920.0,957952.0,80 81 82 83 84 85 86 87 88 89 90 91 92 93 94 95 96 97 98 99 100 101 102 103 104 105 106 107 108 109,-1.0,
base,active,955459.0,957920.0,957969.0,79,40268.0,False
base,active,,957930.0,957952.0,78,-1.0,
base,active,955507.0,957952.0,968127.0,78 80 81 82 83 84 85 86 87 88 89 90 91 92 93 94 95 96 97 98 99 100 101 102 103 104 105 106 107 108 109 110,40269.0,False
base,active,,957969.0,958269.0,79,-1.0,
base,active,955569.0,958269.0,968380.0,79 111 112 113,40270.0,False
base,active,955790.0,958490.0,958526.0,114 115 116 117 118 119 120 121,40271.0,False
base,active,,958526.0,958826.0,120 121,-1.0,
base,active,,958526.0,959563.0,114 115 116 117 118 119,-1.0,
base,active,,958751.0,959563.0,0 1 2 3,-1.0,
base,active,,958752.0,959514.0,36 37,-1.0,
base,switching_off,,958826.0,960626.0,120 121,-2.0,
base,active,957344.0,959514.0,959542.0,36,40280.0,False
base,active,957518.0,959514.0,959551.0,37,40282.0,False
base,active,956831.0,959514.0,959563.0,38 39 40 41 42 43 44 45 46 47 48 49 50 51 52 53 54 55 56 57 58 59 60 61 62 63 64 65 66 67 68 69,40278.0,False
base,active,,959515.0,959563.0,70 71 72 73 74 75 76 77,-1.0,
base,active,,959542.0,959563.0,36,-1.0,
base,active,,959551.0,959563.0,37,-1.0,
base,active,958819.0,959563.0,959581.0,119,40298.0,False
base,active,958491.0,959563.0,959583.0,2,40294.0,False
base,active,957570.0,959563.0,959584.0,37,40284.0,False
base,active,958204.0,959563.0,959605.0,0 75 76 77,40292.0,False
base,active,958435.0,959563.0,959606.0,1,40293.0,False
base,active,957618.0,959563.0,960458.0,73 74,40286.0,False
base,active,957595.0,959563.0,960480.0,36 70 71 72,40285.0,False
base,active,958536.0,959563.0,960536.0,117 118,40296.0,False
base,active,958514.0,959563.0,960555.0,3 114 115 116,40295.0,False
base,active,957559.0,959563.0,960862.0,38 39 40 41 42 43 44 45 46 47 48 49 50 51 52 53 54 55 56 57 58 59 60 61 62 63 64 65 66 67 68 69,40283.0,False
base,active,,959581.0,959881.0,119,-1.0,
base,active,,959583.0,959883.0,2,-1.0,
base,active,,959584.0,959884.0,37,-1.0,
base,active,,959605.0,959905.0,0 75 76 77,-1.0,
base,active,,959606.0,959906.0,1,-1.0,
base,switching_off,,959881.0,961681.0,119,-2.0,
base,switching_off,,959883.0,961683.0,2,-2.0,
base,switching_off,,959884.0,961684.0,37,-2.0,
base,switching_off,,959905.0,961705.0,0 75 76 77,-2.0,
base,switching_off,,959906.0,961706.0,1,-2.0,
base,active,958912.0,960139.0,961263.0,4 5 6 7 8 9 10 11 12 13 14 15 16 17 18 19 20 21 22 23 24 25 26 27 28 29 30 31 32 33 34 35,40299.0,False
base,active,,960458.0,960883.0,73 74,-1.0,
base,active,,960480.0,960862.0,36 70 71,-1.0,
base,active,,960480.0,960883.0,72,-1.0,
base,active,,960536.0,960862.0,117 118,-1.0,
base,active,,960555.0,960862.0,3 114 115 116,-1.0,
base,sleeping,,960626.0,982195.0,120 121,-4.0,
base,active,960039.0,960862.0,960883.0,71,40308.0,False
base,active,959353.0,960862.0,961292.0,3 36 70 114 115 116 117 118,40302.0,False
base,active,959324.0,960862.0,961321.0,38 39 40 41 42 43 44 45 46 47 48 49 50 51 52 53 54 55 56 57 58 59 60 61 62 63 64 65 66 67 68 69,40301.0,False
base,active,960052.0,960883.0,960921.0,71 72 73 74,40309.0,False
base,active,,960921.0,961263.0,71 72,-1.0,
base,active,,960921.0,962300.0,73 74,-1.0,
base,active,960074.0,961263.0,961267.0,71 72,40311.0,False
base,active,960066.0,961263.0,961707.0,4 5 6 7 8 9 10 11 12 13 14 15 16 17 18 19 20 21 22 23 24 25 26 27 28 29 30 31 32 33 34 35,40310.0,False
base,active,,961267.0,962300.0,71 72,-1.0,
base,active,,961292.0,961321.0,3 36 70 114 115 116,-1.0,
base,active,,961292.0,962300.0,117 118,-1.0,
base,active,960767.0,961321.0,962300.0,115 116,40315.0,False
base,active,960743.0,961321.0,962322.0,3 36 70 114,40314.0,False
base,active,960557.0,961321.0,964263.0,38 39 40 41 42 43 44 45 46 47 48 49 50 51 52 53 54 55 56 57 58 59 60 61 62 63 64 65 66 67 68 69,40313.0,False
base,sleeping,,961681.0,982195.0,119,-4.0,
base,sleeping,,961683.0,971509.0,2,-4.0,
base,sleeping,,961684.0,971930.0,37,-4.0,
base,sleeping,,961705.0,971509.0,0,-4.0,
base,sleeping,,961705.0,971930.0,75 76 77,-4.0,
base,sleeping,,961706.0,971509.0,1,-4.0,
base,active,960827.0,961707.0,961945.0,4 5 6 7 8 9 10 11 12 13 14 15 16 17 18 19 20 21 22 23 24 25 26 27 28 29 30 31 32 33 34 35,40316.0,False
base,active,960872.0,961945.0,962139.0,4 5 6 7 8 9 10 11,40317.0,False
base,active,,961945.0,962139.0,12 13 14 15 16 17 18 19 20 21 22 23 24 25 26 27 28 29 30 31 32 33 34 35,-1.0,
base,active,961087.0,962139.0,962895.0,4 5 6 7 8 9 10 11 12 13 14 15 16 17 18 19 20 21 22 23 24 25 26 27 28 29 30 31 32 33 34 35,40319.0,False
base,active,961103.0,962300.0,962417.0,71 72 73 74 115 116 117 118,40320.0,False
base,active,,962322.0,962417.0,3 36 70 114,-1.0,
base,active,961188.0,962417.0,962698.0,3 36 70 114,40322.0,False
base,active,961142.0,962417.0,963120.0,71 72 73 74 115 116 117 118,40321.0,False
base,active,961370.0,962698.0,962717.0,3 36 70 114,40325.0,False
base,active,961396.0,962717.0,962798.0,3 36 70 114,40326.0,False
base,active,961490.0,962798.0,963020.0,3 36 70 114,40327.0,False
base,active,961626.0,962895.0,962913.0,4,40330.0,False
base,active,961749.0,962895.0,962964.0,9 10 11 12 13 14 15 16,40332.0,False
base,active,962095.0,962895.0,962971.0,23 24 25 26 27 28 29 30,40336.0,False
base,active,961646.0,962895.0,962983.0,5 6 7 8,40331.0,False
base,active,,962895.0,962983.0,31 32 33,-1.0,
base,active,,962895.0,963195.0,34 35,-1.0,
base,active,961894.0,962895.0,963821.0,21 22,40334.0,False
base,active,961873.0,962895.0,963840.0,17 18 19 20,40333.0,False
base,active,,962913.0,962983.0,4,-1.0,
base,active,962183.0,962964.0,963032.0,9 10 11 12 13 14 15 16,40337.0,False
base,active,962302.0,962971.0,963029.0,23 24 25 26 27 28 29 30,40338.0,False
base,active,962367.0,962983.0,963045.0,4 5 6 7 8 31 32 33,40339.0,False
base,active,,963020.0,963045.0,3,-1.0,
base,active,,963020.0,963320.0,70 114,-1.0,
base,active,,963020.0,963840.0,36,-1.0,
base,active,962438.0,963029.0,963091.0,23 24 25 26 27 28 29 30,40340.0,False
base,active,962509.0,963032.0,963105.0,9 10 11 12 13 14 15 16,40341.0,False
base,active,962732.0,963045.0,963060.0,3,40344.0,False
base,active,962627.0,963045.0,963107.0,4 5 6 7 8 31 32 33,40343.0,False
base,active,,963060.0,963840.0,3,-1.0,
base,active,962795.0,963091.0,963151.0,23 24 25 26 27 28 29 30,40345.0,False
base,active,962861.0,963105.0,963174.0,9 10 11 12 13 14 15 16,40346.0,False
base,active,,963107.0,963174.0,4 5 6 7 8 31 32 33,-1.0,
base,active,,963120.0,963174.0,71 72 73 74 115 116 117 118,-1.0,
base,active,,963151.0,963174.0,23 24 25 26 27 28 29 30,-1.0,
base,active,962902.0,963174.0,963818.0,4 5 6 7 8 9 10 11 12 13 14 15 16 23 24 25 26 27 28 29 30 31 32 33 71 72 73 74 115 116 117 118,40347.0,False
base,switching_off,,963195.0,964995.0,34 35,-2.0,
base,switching_off,,963320.0,965120.0,70 114,-2.0,
base,active,962962.0,963818.0,963875.0,12 13 14 15 16 23 24 25,40349.0,False
base,active,963116.0,963818.0,963906.0,26 27 28 29 30 31 32 33,40351.0,False
base,active,963136.0,963818.0,964225.0,71 72 73 74 115 116 117 118,40352.0,False
base,active,962938.0,963818.0,964425.0,4 5 6 7 8 9 10 11,40348.0,False
base,active,,963821.0,963840.0,21 22,-1.0,
base,active,963231.0,963840.0,963910.0,3 17 18 19 20 21 22 36,40354.0,False
base,active,963478.0,963875.0,964003.0,12 13 14 15 16 23 24 25,40358.0,False
base,active,963502.0,963906.0,963924.0,26,40359.0,False
base,active,,963906.0,964225.0,27 28 29 30 31 32 33,-1.0,
base,active,,963910.0,964225.0,3 17 18 19 20 21 22 36,-1.0,
base,active,,963924.0,964225.0,26,-1.0,
base,active,,964003.0,964225.0,12 13 14 15 16 23 24 25,-1.0,
base,active,963536.0,964225.0,965477.0,3 12 13 14 15 16 17 18 19 20 21 22 23 24 25 26 27 28 29 30 31 32 33 36 71 72 73 74 115 116 117 118,40360.0,False
base,active,963731.0,964263.0,964302.0,39,40362.0,False
base,active,963675.0,964263.0,964306.0,38,40361.0,False
base,active,,964263.0,964306.0,40 41 42 43 44 45 46 47 48 49 50 51 52 53 54 55 56 57 58 59 60 61 62 63 64 65 66 67 68 69,-1.0,
base,active,,964302.0,964306.0,39,-1.0,
base,active,963835.0,964306.0,965002.0,38 39 40 41 42 43 44 45 46 47 48 49 50 51 52 53 54 55 56 57 58 59 60 61 62 63 64 65 66 67 68 69,40363.0,False
base,active,963866.0,964425.0,965092.0,4 5 6 7 8 9 10 11,40364.0,False
base,sleeping,,964995.0,971930.0,34 35,-4.0,
base,active,964807.0,965002.0,965022.0,45,40372.0,False
base,active,964050.0,965002.0,965030.0,38,40366.0,False
base,active,,965002.0,965092.0,46 47 48 49 50 51 52 53 54 55 56 57 58 59 60 61 62 63 64 65 66 67,-1.0,
base,active,,965002.0,965302.0,68 69,-1.0,
base,active,964107.0,965002.0,966080.0,43 44,40368.0,False
base,active,964085.0,965002.0,966100.0,39 40 41 42,40367.0,False
base,active,,965022.0,965092.0,45,-1.0,
base,active,,965030.0,965092.0,38,-1.0,
base,active,964876.0,965092.0,967954.0,4 5 6 7 8 9 10 11 38 45 46 47 48 49 50 51 52 53 54 55 56 57 58 59 60 61 62 63 64 65 66 67,40374.0,False
base,sleeping,,965120.0,971930.0,70,-4.0,
base,sleeping,,965120.0,982195.0,114,-4.0,
base,switching_off,,965302.0,967102.0,68 69,-2.0,
base,active,965388.0,965477.0,965532.0,27 28 29 30 31 32 33 36,40379.0,False
base,active,965477.0,965477.0,965539.0,71 72 73 74 115 116 117 118,40381.0,False
base,active,965376.0,965477.0,965543.0,19 20 21 22 23 24 25 26,40378.0,False
base,active,965057.0,965477.0,965552.0,3 12 13 14 15 16 17 18,40377.0,False
base,active,,965532.0,965552.0,27 28 29 30 31 32 33 36,-1.0,
base,active,,965539.0,965552.0,71 72 73 74 115 116 117 118,-1.0,
base,active,,965543.0,965552.0,19 20 21 22 23 24 25 26,-1.0,
base,active,965548.0,965552.0,965725.0,3 12 13 14 15 16 17 18 19 20 21 22 23 24 25 26 27 28 29 30 31 32 33 36 71 72 73 74 115 116 117 118,40382.0,False
base,active,965665.0,965725.0,965779.0,71 72 73 74 115 116 117 118,40386.0,False
base,active,965552.0,965725.0,965782.0,3 12 13 14 15 16 17 18,40383.0,False
base,active,965601.0,965725.0,965785.0,27 28 29 30 31 32 33 36,40385.0,False
base,active,965583.0,965725.0,965862.0,19 20 21 22 23 24 25 26,40384.0,False
base,active,965672.0,965779.0,965831.0,71 72 73 74 115 116 117 118,40387.0,False
base,active,965721.0,965782.0,965876.0,3 12 13 14 15 16 17 18,40388.0,False
base,active,,965785.0,965876.0,27 28 29 30 31 32 33 36,-1.0,
base,active,,965831.0,965876.0,71 72 73 74 115 116 117 118,-1.0,
base,active,,965862.0,965876.0,19 20 21 22 23 24 25 26,-1.0,
base,active,965748.0,965876.0,968149.0,3 12 13 14 15 16 17 18 19 20 21 22 23 24 25 26 27 28 29 30 31 32 33 36 71 72 73 74 115 116 117 118,40389.0,False
base,active,,966080.0,966380.0,43 44,-1.0,
base,active,965830.0,966100.0,968291.0,39 40 41 42,40390.0,False
base,switching_off,,966380.0,968180.0,43 44,-2.0,
base,sleeping,,967102.0,971930.0,68 69,-4.0,
base,active,966015.0,967954.0,968020.0,60 61 62 63 64 65 66 67,40396.0,False
base,active,965933.0,967954.0,968025.0,38 45 46 47 48 49 50 51,40392.0,False
base,active,965945.0,967954.0,968044.0,52 53 54 55 56 57 58 59,40393.0,False
base,active,965840.0,967954.0,968056.0,4 5 6 7 8 9 10 11,40391.0,False
base,active,966050.0,968020.0,968100.0,60 61 62 63 64 65 66 67,40397.0,False
base,active,966107.0,968025.0,968083.0,38 45 46 47 48 49 50 51,40398.0,False
base,active,966146.0,968044.0,968052.0,52 53 54 55 56 57 58 59,40399.0,False
base,active,966174.0,968052.0,968058.0,52 53 54 55 56 57 58 59,40400.0,False
base,active,966194.0,968056.0,968110.0,4 5 6 7 8 9 10 11,40401.0,False
base,active,,968058.0,968110.0,52 53 54 55 56 57 58 59,-1.0,
base,active,,968083.0,968110.0,38 45 46 47 48 49 50 51,-1.0,
base,active,,968100.0,968110.0,60 61 62 63 64 65 66 67,-1.0,
base,active,966451.0,968110.0,968800.0,4 5 6 7 8 9 10 11 38 45 46 47 48 49 50 51 52 53 54 55 56 57 58 59 60 61 62 63 64 65 66 67,40403.0,False
base,active,966932.0,968127.0,968190.0,93 94 95 96 97 98 99 100,40409.0,False
base,active,967013.0,968127.0,968233.0,101 102 103 104 105 106 107 108,40411.0,False
base,active,,968127.0,968427.0,109 110,-1.0,
base,active,966491.0,968127.0,968780.0,78 80 81 82 83 84 85 86,40404.0,False
base,active,966724.0,968127.0,969211.0,91 92,40408.0,False
base,active,966699.0,968127.0,969234.0,87 88 89 90,40407.0,False
base,active,967743.0,968149.0,968169.0,23,40419.0,False
base,active,967713.0,968149.0,968203.0,19 20 21 22,40417.0,False
base,active,967874.0,968149.0,968211.0,24 25 26 27 28 29 30 31,40420.0,False
base,active,,968149.0,968233.0,116 117 118,-1.0,
base,active,968050.0,968149.0,968265.0,32 33 36 71 72 73 74 115,40422.0,False
base,active,967228.0,968149.0,968455.0,3 12 13 14 15 16 17 18,40415.0,False
base,active,,968169.0,968233.0,23,-1.0,
base,sleeping,,968180.0,971930.0,43 44,-4.0,
base,active,,968190.0,968233.0,93 94 95 96 97 98 99 100,-1.0,
base,active,,968203.0,968233.0,19 20 21 22,-1.0,
base,active,,968211.0,968233.0,24 25 26 27 28 29 30 31,-1.0,
base,active,968051.0,968233.0,979809.0,19 20 21 22 23 24 25 26 27 28 29 30 31 93 94 95 96 97 98 99 100 101 102 103 104 105 106 107 108 116 117 118,40423.0,False
base,active,,968265.0,968565.0,72 73 74 115,-1.0,
base,active,968128.0,968265.0,979764.0,32 33 36 71,40424.0,False
base,active,,968291.0,968591.0,39 40 41 42,-1.0,
base,active,,968380.0,968680.0,79 111 112 113,-1.0,
base,switching_off,,968427.0,970227.0,109 110,-2.0,
base,active,,968455.0,968755.0,3 12 13 14 15 16 17 18,-1.0,
base,switching_off,,968565.0,970365.0,72 73 74 115,-2.0,
base,switching_off,,968591.0,970391.0,39 40 41 42,-2.0,
base,switching_off,,968680.0,970480.0,79 111 112 113,-2.0,
base,switching_off,,968755.0,970555.0,3 12 13 14 15 16 17 18,-2.0,
base,active,,968780.0,968800.0,78 80 81 82,-1.0,
base,active,,968780.0,968977.0,83 84 85 86,-1.0,
base,active,968378.0,968800.0,969155.0,78 80 81 82,40427.0,False
base,active,968236.0,968800.0,971611.0,4 5 6 7 8 9 10 11 38 45 46 47 48 49 50 51 52 53 54 55 56 57 58 59 60 61 62 63 64 65 66 67,40426.0,False
base,active,968977.0,968977.0,969167.0,83 84 85 86,40433.0,False
base,active,,969155.0,969455.0,78 80 81 82,-1.0,
base,active,,969167.0,969467.0,83 84 85 86,-1.0,
base,active,,969211.0,969511.0,91 92,-1.0,
base,active,,969234.0,969330.0,87,-1.0,
base,active,,969234.0,969534.0,88 89 90,-1.0,
base,active,969330.0,969330.0,969351.0,87,40435.0,False
base,active,,969351.0,969651.0,87,-1.0,
base,switching_off,,969455.0,971255.0,78 80 81 82,-2.0,
base,switching_off,,969467.0,971267.0,83 84 85 86,-2.0,
base,switching_off,,969511.0,971311.0,91 92,-2.0,
base,switching_off,,969534.0,971334.0,88 89 90,-2.0,
base,switching_off,,969651.0,971451.0,87,-2.0,
base,sleeping,,970227.0,971962.0,109 110,-4.0,
base,sleeping,,970365.0,971930.0,72 73 74,-4.0,
base,sleeping,,970365.0,982195.0,115,-4.0,
base,sleeping,,970391.0,971930.0,39 40 41 42,-4.0,
base,sleeping,,970480.0,971930.0,79,-4.0,
base,sleeping,,970480.0,982195.0,111 112 113,-4.0,
base,sleeping,,970555.0,971509.0,3,-4.0,
base,sleeping,,970555.0,971531.0,12 13,-4.0,
base,sleeping,,970555.0,971930.0,14 15 16 17 18,-4.0,
base,sleeping,,971255.0,971930.0,78 80 81 82,-4.0,
base,sleeping,,971267.0,971930.0,83 84 85 86,-4.0,
base,sleeping,,971311.0,971962.0,91 92,-4.0,
base,sleeping,,971334.0,971962.0,88 89 90,-4.0,
base,sleeping,,971451.0,971962.0,87,-4.0,
base,switching_on,,971509.0,974209.0,0 1 2 3,-3.0,
base,switching_on,,971531.0,974231.0,12 13,-3.0,
base,active,970597.0,971611.0,972158.0,4 5 6 7 8 9 10 11 38 45 46 47 48 49 50 51 52 53 54 55 56 57 58 59 60 61 62 63 64 65 66 67,40439.0,False
base,switching_on,,971930.0,974630.0,14 15 16 17 18 34 35 37 39 40 41 42 43 44 68 69 70 72 73 74 75 76 77 78 79 80 81 82 83 84 85 86,-3.0,
base,switching_on,,971962.0,974662.0,87 88 89 90 91 92 109 110,-3.0,
base,active,971240.0,972158.0,972165.0,50,40445.0,False
base,active,971049.0,972158.0,972175.0,45,40443.0,False
base,active,970732.0,972158.0,972178.0,38,40441.0,False
base,active,971086.0,972158.0,972198.0,46 47 48 49,40444.0,False
base,active,970628.0,972158.0,972674.0,4 5 6 7 8 9 10 11,40440.0,False
base,active,,972158.0,972674.0,51 52 53 54 55 56 57 58 59 60 61 62 63 64 65 66 67,-1.0,
base,active,,972165.0,972674.0,50,-1.0,
base,active,,972175.0,972674.0,45,-1.0,
base,active,,972178.0,972674.0,38,-1.0,
base,active,,972198.0,972674.0,46 47 48 49,-1.0,
base,active,971314.0,972674.0,975555.0,4 5 6 7 8 9 10 11 38 45 46 47 48 49 50 51 52 53 54 55 56 57 58 59 60 61 62 63 64 65 66 67,40446.0,False
base,active,971509.0,974209.0,975269.0,0 1 2 3,40450.0,False
base,active,971531.0,974231.0,975272.0,12 13,40451.0,False
base,active,971930.0,974630.0,975148.0,14 15 16 17 18 34 35 37 39 40 41 42 43 44 68 69 70 72 73 74 75 76 77 78 79 80 81 82 83 84 85 86,40454.0,False
base,active,971962.0,974662.0,975149.0,87 88 89 90 91 92 109 110,40455.0,False
base,active,972459.0,975148.0,975154.0,14 15 16 17 18 34 35 37 39 40 41 42 43 44 68 69 70 72 73 74 75 76 77 78 79 80 81 82 83 84 85 86,40457.0,False
base,active,,975149.0,975154.0,87 88 89 90 91 92 109 110,-1.0,
base,active,972506.0,975154.0,975400.0,87 88 89 90 91 92 109 110,40459.0,False
base,active,972471.0,975154.0,975434.0,14 15 16 17 18 34 35 37 39 40 41 42 43 44 68 69 70 72 73 74 75 76 77 78 79 80 81 82 83 84 85 86,40458.0,False
base,active,,975269.0,975569.0,1 2 3,-1.0,
base,active,,975269.0,976028.0,0,-1.0,
base,active,,975272.0,975934.0,12,-1.0,
base,active,,975272.0,976028.0,13,-1.0,
base,active,,975400.0,975734.0,87 88 89 90 91 92 109 110,-1.0,
base,active,973157.0,975434.0,975660.0,14 15 16 17 18 34 35 37 39 40 41 42 43 44 68 69 70 72 73 74 75 76 77 78 79 80 81 82 83 84 85 86,40466.0,False
base,active,973469.0,975555.0,975572.0,52,40468.0,False
base,active,,975555.0,975660.0,53 54 55 56 57 58 59 60,-1.0,
base,active,973426.0,975555.0,975734.0,4 5 6 7 8 9 10 11 38 45 46 47 48 49 50 51,40467.0,False
base,active,,975555.0,975734.0,61 62 63 64 65 66 67,-1.0,
base,switching_off,,975569.0,977369.0,1 2 3,-2.0,
base,active,,975572.0,975660.0,52,-1.0,
base,active,974198.0,975660.0,975683.0,60,40472.0,False
base,active,973886.0,975660.0,975934.0,52 53 54 55 56 57 58 59,40471.0,False
base,active,973862.0,975660.0,975957.0,14 15 16 17 18 34 35 37 39 40 41 42 43 44 68 69 70 72 73 74 75 76 77 78 79 80 81 82 83 84 85 86,40470.0,False
base,active,,975683.0,975734.0,60,-1.0,
base,active,974275.0,975734.0,975903.0,4 5 6 7 8 9 10 11 38 45 46 47 48 49 50 51 60 61 62 63 64 65 66 67 87 88 89 90 91 92 109 110,40475.0,False
base,active,,975903.0,975934.0,38 45 46 47 48 49 50 51 60 61 62 63 64 65 66 67 87 88 89 90 91 92 109 110,-1.0,
base,active,974317.0,975903.0,976028.0,4 5 6 7 8 9 10 11,40476.0,False
base,active,974362.0,975934.0,975955.0,12,40478.0,False
base,active,974352.0,975934.0,978830.0,38 45 46 47 48 49 50 51 52 53 54 55 56 57 58 59 60 61 62 63 64 65 66 67 87 88 89 90 91 92 109 110,40477.0,False
base,active,,975955.0,976028.0,12,-1.0,
base,active,975131.0,975957.0,976599.0,14 15 16 17 18 34 35 37 39 40 41 42 43 44 68 69 70 72 73 74 75 76 77 78 79 80 81 82 83 84 85 86,40484.0,False
base,active,975223.0,976028.0,976047.0,12,40486.0,False
base,active,975452.0,976028.0,976051.0,0,40488.0,False
base,active,975226.0,976028.0,976058.0,13,40487.0,False
base,active,975178.0,976028.0,976625.0,4 5 6 7 8 9 10 11,40485.0,False
base,active,,976047.0,976347.0,12,-1.0,
base,active,,976051.0,976351.0,0,-1.0,
base,active,,976058.0,976358.0,13,-1.0,
base,switching_off,,976347.0,978147.0,12,-2.0,
base,switching_off,,976351.0,978151.0,0,-2.0,
base,switching_off,,976358.0,978158.0,13,-2.0,
base,active,976141.0,976599.0,976619.0,35,40491.0,False
base,active,,976599.0,976625.0,37 39 40 41 42 43 44 68 69 70 72 73 74 75 76 77 78 79 80 81 82 83 84,-1.0,
base,active,975655.0,976599.0,977639.0,18 34,40490.0,False
base,active,975634.0,976599.0,977658.0,14 15 16 17,40489.0,False
base,active,,976599.0,977658.0,85 86,-1.0,
base,active,,976619.0,976625.0,35,-1.0,
base,active,976440.0,976625.0,982324.0,4 5 6 7 8 9 10 11 35 37 39 40 41 42 43 44 68 69 70 72 73 74 75 76 77 78 79 80 81 82 83 84,40492.0,False
base,sleeping,,977369.0,982195.0,1 2 3,-4.0,
base,active,,977639.0,977658.0,18 34,-1.0,
base,active,976466.0,977658.0,983331.0,14 15 16 17 18 34 85 86,40493.0,False
base,sleeping,,978147.0,982195.0,12,-4.0,
base,sleeping,,978151.0,982195.0,0,-4.0,
base,sleeping,,978158.0,982195.0,13,-4.0,
base,active,977251.0,978830.0,978847.0,45,40495.0,False
base,active,976608.0,978830.0,978848.0,38,40494.0,False
base,active,,978830.0,979130.0,46 47 48 49 50 51 52 53 54 55 56 57 58 59 60 61 62 63 64 65 66 67 87 88 89 90 91 92 109 110,-1.0,
base,active,,978847.0,979147.0,45,-1.0,
base,active,,978848.0,979148.0,38,-1.0,
base,switching_off,,979130.0,980930.0,46 47 48 49 50 51 52 53 54 55 56 57 58 59 60 61 62 63 64 65 66 67 87 88 89 90 91 92 109 110,-2.0,
base,switching_off,,979147.0,980947.0,45,-2.0,
base,switching_off,,979148.0,980948.0,38,-2.0,
base,active,979500.0,979764.0,979778.0,32,40497.0,False
base,active,,979764.0,979809.0,33 36 71,-1.0,
base,active,,979778.0,979809.0,32,-1.0,
base,active,979785.0,979809.0,979985.0,32 33 36 71,40500.0,False
base,active,979721.0,979809.0,980047.0,19 20 21 22 23 24 25 26 27 28 29 30 31 93 94 95 96 97 98 99 100 101 102 103 104 105 106 107 108 116 117 118,40499.0,False
base,active,979857.0,979985.0,980004.0,33,40502.0,False
base,active,979802.0,979985.0,980028.0,32,40501.0,False
base,active,,979985.0,980028.0,36 71,-1.0,
base,active,,980004.0,980028.0,33,-1.0,
base,active,979881.0,980028.0,982125.0,32 33 36 71,40503.0,False
base,active,979903.0,980047.0,982124.0,19 20,40504.0,False
base,active,,980047.0,982124.0,21 22 23 24 25 26 27 28 29 30 31 93 94 95 96 97 98 99 100 101 102 103 104 105 106 107 108 116 117 118,-1.0,
base,sleeping,,980930.0,982195.0,46 47 48 49 50 51 52 53 54 55 56 57 58 59 60 61 62 63 64 65 66 67 87 88 89 90 91 92 109 110,-4.0,
base,sleeping,,980947.0,982195.0,45,-4.0,
base,sleeping,,980948.0,982195.0,38,-4.0,
base,active,979988.0,982124.0,982719.0,19 20 21 22 23 24 25 26 27 28 29 30 31 93 94 95 96 97 98 99 100 101 102 103 104 105 106 107 108 116 117 118,40505.0,False
base,active,980064.0,982125.0,982645.0,32 33 36 71,40506.0,False
base,switching_on,,982195.0,984895.0,0 1 2 3 12 13 38 45 46 47 48 49 50 51 52 53 54 55 56 57 58 59 60 61 62 63 64 65 66 67 87 88 89 90 91 92 109 110 111 112 113 114 115 119 120 121 122 123 124 125 126 127,-3.0,
base,active,980611.0,982324.0,983885.0,4 5 6 7 8 9 10 11 35 37 39 40 41 42 43 44 68 69 70 72 73 74 75 76 77 78 79 80 81 82 83 84,40510.0,False
base,active,980676.0,982645.0,984130.0,32 33 36 71,40512.0,False
base,active,982092.0,982719.0,982771.0,23 24,40519.0,False
base,active,982070.0,982719.0,982799.0,19 20 21 22,40518.0,False
base,active,,982719.0,983885.0,25 26 27 28 29 30 31 93 94 95 96 97 98 99 100 101 102 103,-1.0,
base,active,,982719.0,984895.0,104 105 106 107 108 116 117 118,-1.0,
base,active,,982771.0,983885.0,23 24,-1.0,
base,active,,982799.0,983885.0,19 20 21 22,-1.0,
base,active,,983331.0,983885.0,14 15 16 17 18 34 85 86,-1.0,
base,active,982148.0,983885.0,993784.0,4 5 6 7 8 9 10 11 14 15 16 17 18 19 20 21 22 23 24 25 26 27 28 29 30 31 34 35 37 39 40 41 42 43 44 68 69 70 72 73 74 75 76 77 78 79 80 81 82 83 84 85 86 93 94 95 96 97 98 99 100 101 102 103,40521.0,False
base,active,,984130.0,984895.0,32 33 36 71,-1.0,
base,active,982195.0,984895.0,990628.0,0 1 2 3 12 13 32 33 36 38 45 46 47 48 49 50 51 52 53 54 55 56 57 58 59 60 61 62 63 64 65 66 67 71 87 88 89 90 91 92 104 105 106 107 108 109 110 111 112 113 114 115 116 117 118 119 120 121 122 123 124 125 126 127,40522.0,False
base,active,,990628.0,990666.0,106,-1.0,
base,active,,990628.0,990928.0,107 108 109 110 111 112 113 114 115 116 117 118 119 120 121 122 123 124 125 126 127,-1.0,
base,active,987965.0,990628.0,992606.0,12 13,40524.0,False
base,active,987941.0,990628.0,992627.0,0 1 2 3,40523.0,False
base,active,988257.0,990628.0,994426.0,91 92 104 105,40527.0,False
base,active,988203.0,990628.0,994477.0,32 33 36 38 45 46 47 48 49 50 51 52 53 54 55 56 57 58 59 60 61 62 63 64 65 66 67 71 87 88 89 90,40526.0,False
base,active,990666.0,990666.0,990675.0,106,40537.0,False
base,active,,990675.0,990975.0,106,-1.0,
base,switching_off,,990928.0,992728.0,107 108 109 110 111 112 113 114 115 116 117 118 119 120 121 122 123 124 125 126 127,-2.0,
base,switching_off,,990975.0,992775.0,106,-2.0,
base,active,,992606.0,995475.0,12 13,-1.0,
base,active,,992627.0,995475.0,0 1 2 3,-1.0,
base,sleeping,,992728.0,992775.0,107 108 109 110 111 112 113 114 115 116 117 118 119 120 121 122 123 124 125 126 127,-4.0,
base,switching_on,,992775.0,995475.0,106 107 108 109 110 111 112 113 114 115 116 117 118 119 120 121 122 123 124 125 126 127,-3.0,
base,active,,993784.0,995475.0,4 5 6 7 8 9 10 11 14 15 16 17 18 19 20 21 22 23 24 25 26 27 28 29 30 31 34 35 37 39 40 41 42 43 44 68 69 70 72 73 74 75 76 77 78 79 80 81 82 83 84 85 86 93 94 95 96 97 98 99 100 101 102 103,-1.0,
base,active,,994426.0,995475.0,91 92 104 105,-1.0,
base,active,,994477.0,995475.0,32 33 36 38 45 46 47 48 49 50 51 52 53 54 55 56 57 58 59 60 61 62 63 64 65 66 67 71 87 88 89 90,-1.0,
base,active,992059.0,995475.0,995581.0,0 1 2 3 4 5 6 7 8 9 10 11 12 13 14 15 16 17 18 19 20 21 22 23 24 25 26 27 28 29 30 31 32 33 34 35 36 37 38 39 40 41 42 43 44 45 46 47 48 49 50 51 52 53 54 55 56 57 58 59 60 61 62 63 64 65 66 67 68 69 70 71 72 73 74 75 76 77 78 79 80 81 82 83 84 85 86 87 88 89 90 91 92 93 94 95 96 97 98 99 100 101 102 103 104 105 106 107 108 109 110 111 112 113 114 115 116 117 118 119 120 121 122 123 124 125 126 127,40545.0,False
base,active,,995581.0,995881.0,100 101 102 103 104 105 106 107 108 109 110 111 112 113 114 115 116 117 118 119 120 121 122 123 124 125 126 127,-1.0,
base,active,992417.0,995581.0,1005176.0,96 97 98 99,40552.0,False
base,active,992354.0,995581.0,1005234.0,64 65 66 67 68 69 70 71 72 73 74 75 76 77 78 79 80 81 82 83 84 85 86 87 88 89 90 91 92 93 94 95,40550.0,False
base,active,992171.0,995581.0,1005416.0,0 1 2 3 4 5 6 7 8 9 10 11 12 13 14 15 16 17 18 19 20 21 22 23 24 25 26 27 28 29 30 31 32 33 34 35 36 37 38 39 40 41 42 43 44 45 46 47 48 49 50 51 52 53 54 55 56 57 58 59 60 61 62 63,40546.0,False
base,switching_off,,995881.0,997681.0,100 101 102 103 104 105 106 107 108 109 110 111 112 113 114 115 116 117 118 119 120 121 122 123 124 125 126 127,-2.0,
base,sleeping,,997681.0,1002534.0,100 101 102 103 104 105 106 107 108 109 110 111 112 113 114 115 116 117 118 119 120 121 122 123 124 125 126 127,-4.0,
base,switching_on,,1002534.0,1005234.0,100 101 102 103 104 105 106 107 108 109 110 111 112 113 114 115 116 117 118 119 120 121 122 123 124 125 126 127,-3.0,
base,active,,1005176.0,1005234.0,96 97 98 99,-1.0,
base,active,1002023.0,1005234.0,1015061.0,64 65 66 67 68 69 70 71 72 73 74 75 76 77 78 79 80 81 82 83 84 85 86 87 88 89 90 91 92 93 94 95 96 97 98 99 100 101 102 103 104 105 106 107 108 109 110 111 112 113 114 115 116 117 118 119 120 121 122 123 124 125 126 127,40624.0,False
base,active,,1005416.0,1005716.0,36 37 38 39 40 41 42 43 44 45 46 47 48 49 50 51 52 53 54 55 56 57 58 59 60 61 62 63,-1.0,
base,active,1002374.0,1005416.0,1034456.0,32 33 34 35,40627.0,False
base,active,1002309.0,1005416.0,1034520.0,0 1 2 3 4 5 6 7 8 9 10 11 12 13 14 15 16 17 18 19 20 21 22 23 24 25 26 27 28 29 30 31,40626.0,False
base,switching_off,,1005716.0,1007516.0,36 37 38 39 40 41 42 43 44 45 46 47 48 49 50 51 52 53 54 55 56 57 58 59 60 61 62 63,-2.0,
base,sleeping,,1007516.0,1016070.0,36,-4.0,
base,sleeping,,1007516.0,1019461.0,37 38 39 40 41 42 43 44 45 46 47 48 49 50 51 52 53 54 55 56 57 58 59 60 61 62 63,-4.0,
base,active,1014484.0,1015061.0,1015091.0,64 65 66 67 68 69 70 71 72 73 74 75 76 77 78 79 80 81 82 83 84 85 86 87 88 89 90 91 92 93 94 95,40630.0,False
base,active,,1015061.0,1015361.0,96 97 98 99 100 101 102 103 104 105 106 107 108 109 110 111 112 113 114 115 116 117 118 119 120 121 122 123 124 125 126 127,-1.0,
base,active,,1015091.0,1015391.0,64 65 66 67 68 69 70 71 72 73 74 75 76 77 78 79 80 81 82 83 84 85 86 87 88 89 90 91 92 93 94 95,-1.0,
base,switching_off,,1015361.0,1017161.0,96 97 98 99 100 101 102 103 104 105 106 107 108 109 110 111 112 113 114 115 116 117 118 119 120 121 122 123 124 125 126 127,-2.0,
base,switching_off,,1015391.0,1017191.0,64 65 66 67 68 69 70 71 72 73 74 75 76 77 78 79 80 81 82 83 84 85 86 87 88 89 90 91 92 93 94 95,-2.0,
base,switching_on,,1016070.0,1018770.0,36,-3.0,
base,sleeping,,1017161.0,1023320.0,96 97 98 99 100 101 102 103 104 105 106 107,-4.0,
base,sleeping,,1017161.0,1027550.0,108 109 110 111 112 113 114 115,-4.0,
base,sleeping,,1017161.0,1045948.0,116,-4.0,
base,sleeping,,1017161.0,1046051.0,117,-4.0,
base,sleeping,,1017161.0,1046235.0,118,-4.0,
base,sleeping,,1017161.0,1046495.0,119 120 121 122 123,-4.0,
base,sleeping,,1017161.0,1046546.0,124,-4.0,
base,sleeping,,1017161.0,1730505.0,125 126 127,-4.0,
base,sleeping,,1017191.0,1019461.0,64 65 66 67,-4.0,
base,sleeping,,1017191.0,1019485.0,68 69 70 71 72 73 74 75,-4.0,
base,sleeping,,1017191.0,1022962.0,76 77 78 79 80 81 82 83 84 85 86 87 88 89 90 91,-4.0,
base,sleeping,,1017191.0,1023320.0,92 93 94 95,-4.0,
base,active,1016070.0,1018770.0,1019640.0,36,40638.0,False
base,switching_on,,1019461.0,1022161.0,37 38 39 40 41 42 43 44 45 46 47 48 49 50 51 52 53 54 55 56 57 58 59 60 61 62 63 64 65 66 67,-3.0,
base,switching_on,,1019485.0,1022185.0,68 69 70 71 72 73 74 75,-3.0,
base,active,1016966.0,1019640.0,1019670.0,36,40648.0,False
base,active,,1019670.0,1022161.0,36,-1.0,
base,active,1019461.0,1022161.0,1040133.0,36 37 38 39 40 41 42 43 44 45 46 47 48 49 50 51 52 53 54 55 56 57 58 59 60 61 62 63 64 65 66 67,40652.0,False
base,active,1019485.0,1022185.0,1040137.0,68 69 70 71 72 73 74 75,40653.0,False
base,switching_on,,1022962.0,1025662.0,76 77 78 79 80 81 82 83 84 85 86 87 88 89 90 91,-3.0,
base,switching_on,,1023320.0,1026020.0,92 93 94 95 96 97 98 99 100 101 102 103 104 105 106 107,-3.0,
base,active,1022962.0,1025662.0,1025719.0,76 77 78 79 80 81 82 83 84 85 86 87 88 89 90 91,40665.0,False
base,active,1023228.0,1025719.0,1025793.0,76 77 78 79 80 81 82 83 84 85 86 87 88 89 90 91,40666.0,False
base,active,,1025793.0,1026020.0,76 77 78 79 80 81 82 83 84 85 86 87 88 89 90 91,-1.0,
base,active,1023320.0,1026020.0,1026103.0,76 77 78 79 80 81 82 83 84 85 86 87 88 89 90 91 92 93 94 95 96 97 98 99 100 101 102 103 104 105 106 107,40667.0,False
base,active,1024876.0,1026103.0,1026119.0,92,40669.0,False
base,active,1025042.0,1026103.0,1026165.0,93 94 95 96,40670.0,False
base,active,1024858.0,1026103.0,1026294.0,76 77 78 79 80 81 82 83 84 85 86 87 88 89 90 91,40668.0,False
base,active,,1026103.0,1026294.0,97 98 99 100 101 102 103 104 105 106 107,-1.0,
base,active,,1026119.0,1026294.0,92,-1.0,
base,active,,1026165.0,1026294.0,93 94 95 96,-1.0,
base,active,1025142.0,1026294.0,1026366.0,76 77 78 79 80 81 82 83 84 85 86 87 88 89 90 91 92 93 94 95 96 97 98 99 100 101 102 103 104 105 106 107,40671.0,False
base,active,1025339.0,1026366.0,1026395.0,76 77 78 79 80 81 82 83 84 85 86 87 88 89 90 91 92 93 94 95 96 97 98 99 100 101 102 103 104 105 106 107,40672.0,False
base,active,1025800.0,1026395.0,1026414.0,76,40674.0,False
base,active,,1026395.0,1026414.0,77 78 79 80 81 82 83 84 85 86 87 88 89 90 91 92 93 94 95 96 97 98 99 100 101 102 103 104 105 106 107,-1.0,
base,active,1026026.0,1026414.0,1035652.0,76 77 78 79 80 81 82 83 84 85 86 87 88 89 90 91 92 93 94 95 96 97 98 99 100 101 102 103 104 105 106 107,40676.0,False
base,switching_on,,1027550.0,1030250.0,108 109 110 111 112 113 114 115,-3.0,
base,active,1027550.0,1030250.0,1030302.0,108 109 110 111 112 113 114 115,40689.0,False
base,active,1027669.0,1030302.0,1030344.0,108 109 110 111,40692.0,False
base,active,1028367.0,1030302.0,1030356.0,112 113 114 115,40694.0,False
base,active,1029137.0,1030344.0,1030365.0,109,40702.0,False
base,active,1029222.0,1030344.0,1030365.0,111,40704.0,False
base,active,1028988.0,1030344.0,1030368.0,108,40699.0,False
base,active,1029202.0,1030344.0,1030370.0,110,40703.0,False
base,active,1029735.0,1030356.0,1030360.0,113,40707.0,False
base,active,1029967.0,1030356.0,1030361.0,114,40708.0,False
base,active,1030008.0,1030356.0,1030372.0,115,40710.0,False
base,active,1029668.0,1030356.0,1030377.0,112,40706.0,False
base,active,1030011.0,1030360.0,1030381.0,113,40711.0,False
base,active,1030041.0,1030361.0,1030383.0,114,40712.0,False
base,active,,1030365.0,1030383.0,109 111,-1.0,
base,active,,1030368.0,1030383.0,108,-1.0,
base,active,,1030370.0,1030383.0,110,-1.0,
base,active,,1030372.0,1030383.0,115,-1.0,
base,active,,1030377.0,1030383.0,112,-1.0,
base,active,,1030381.0,1030383.0,113,-1.0,
base,active,1030205.0,1030383.0,1031058.0,108 109 110 111 112 113 114 115,40714.0,False
base,active,1030440.0,1031058.0,1031067.0,108,40716.0,False
base,active,,1031058.0,1031067.0,113 114 115,-1.0,
base,active,1030645.0,1031058.0,1031102.0,109 110 111 112,40720.0,False
base,active,1030796.0,1031067.0,1031093.0,108 113 114 115,40722.0,False
base,active,1030919.0,1031093.0,1031140.0,108 113 114 115,40723.0,False
base,active,,1031102.0,1031140.0,109 110 111 112,-1.0,
base,active,1030930.0,1031140.0,1031776.0,108 109 110 111 112 113 114 115,40724.0,False
base,active,1031526.0,1031776.0,1031792.0,112,40731.0,False
base,active,1031563.0,1031776.0,1031795.0,113,40732.0,False
base,active,1031095.0,1031776.0,1031805.0,108 109 110 111,40726.0,False
base,active,,1031776.0,1031805.0,114 115,-1.0,
base,active,,1031792.0,1031805.0,112,-1.0,
base,active,,1031795.0,1031805.0,113,-1.0,
base,active,1031624.0,1031805.0,1032458.0,108 109 110 111 112 113 114 115,40733.0,False
base,active,1031867.0,1032458.0,1032484.0,112 113 114 115,40736.0,False
base,active,1031755.0,1032458.0,1032494.0,108 109 110 111,40734.0,False
base,active,1031901.0,1032484.0,1032510.0,112 113 114 115,40737.0,False
base,active,1031972.0,1032494.0,1032532.0,108 109 110 111,40738.0,False
base,active,1032026.0,1032510.0,1032548.0,112 113 114 115,40739.0,False
base,active,,1032532.0,1032548.0,108 109 110 111,-1.0,
base,active,1032499.0,1032548.0,1033185.0,108 109 110 111 112 113 114 115,40744.0,False
base,active,1032661.0,1033185.0,1033273.0,108 109 110 111 112 113 114 115,40746.0,False
base,active,1033091.0,1033273.0,1033279.0,113,40750.0,False
base,active,1032696.0,1033273.0,1033290.0,108,40747.0,False
base,active,1032746.0,1033273.0,1033314.0,109 110 111 112,40748.0,False
base,active,,1033273.0,1033573.0,114 115,-1.0,
base,active,,1033279.0,1033579.0,113,-1.0,
base,active,,1033290.0,1033590.0,108,-1.0,
base,active,,1033314.0,1033575.0,109 110 111 112,-1.0,
base,switching_off,,1033573.0,1035373.0,114 115,-2.0,
base,active,1033575.0,1033575.0,1033594.0,109 110 111 112,40751.0,False
base,switching_off,,1033579.0,1035379.0,113,-2.0,
base,switching_off,,1033590.0,1035390.0,108,-2.0,
base,active,1033580.0,1033594.0,1033940.0,109 110 111 112,40752.0,False
base,active,1033724.0,1033940.0,1033983.0,109 110 111 112,40754.0,False
base,active,1033827.0,1033983.0,1034034.0,109 110 111 112,40755.0,False
base,active,1033977.0,1034034.0,1034396.0,109 110 111 112,40756.0,False
base,active,1034151.0,1034396.0,1034449.0,109 110 111 112,40757.0,False
base,active,1034213.0,1034449.0,1034501.0,109 110 111 112,40759.0,False
base,active,1034217.0,1034456.0,1034483.0,32,40760.0,False
base,active,,1034456.0,1034520.0,33 34 35,-1.0,
base,active,,1034483.0,1034520.0,32,-1.0,
base,active,,1034501.0,1034520.0,109 110 111 112,-1.0,
base,active,1034485.0,1034520.0,1034540.0,32 33 34 35,40767.0,False
base,active,1034479.0,1034520.0,1036193.0,109 110 111 112,40766.0,False
base,active,1034393.0,1034520.0,1036284.0,0 1 2 3 4 5 6 7 8 9 10 11 12 13 14 15 16 17 18 19 20 21 22 23 24 25 26 27 28 29 30 31,40764.0,False
base,active,,1034540.0,1034576.0,32,-1.0,
base,active,,1034540.0,1034597.0,33 34 35,-1.0,
base,active,1034576.0,1034576.0,1034597.0,32,40768.0,False
base,active,1034586.0,1034597.0,1034601.0,32 33 34 35,40769.0,False
base,active,,1034601.0,1034618.0,32 33 34 35,-1.0,
base,active,1034618.0,1034618.0,1034930.0,32 33 34 35,40770.0,False
base,active,1034808.0,1034930.0,1034937.0,32,40771.0,False
base,active,,1034930.0,1034966.0,33 34 35,-1.0,
base,active,,1034937.0,1034966.0,32,-1.0,
base,active,1034966.0,1034966.0,1034969.0,32 33 34 35,40772.0,False
base,active,,1034969.0,1035144.0,32 33 34 35,-1.0,
base,active,1035144.0,1035144.0,1035487.0,32 33 34 35,40774.0,False
base,sleeping,,1035373.0,1045743.0,114 115,-4.0,
base,sleeping,,1035379.0,1045743.0,113,-4.0,
base,sleeping,,1035390.0,1045743.0,108,-4.0,
base,active,1035276.0,1035487.0,1035505.0,33,40776.0,False
base,active,1035267.0,1035487.0,1035512.0,32,40775.0,False
base,active,,1035487.0,1035787.0,34 35,-1.0,
base,active,,1035505.0,1035805.0,33,-1.0,
base,active,,1035512.0,1035812.0,32,-1.0,
base,active,1035508.0,1035652.0,1037219.0,76 77 78 79 80 81 82 83 84 85 86 87 88 89 90 91 92 93 94 95 96 97 98 99 100 101 102 103 104 105 106 107,40777.0,False
base,switching_off,,1035787.0,1037587.0,34 35,-2.0,
base,switching_off,,1035805.0,1037605.0,33,-2.0,
base,switching_off,,1035812.0,1037612.0,32,-2.0,
base,active,1035862.0,1036193.0,1036202.0,109,40780.0,False
base,active,,1036193.0,1036202.0,110 111 112,-1.0,
base,active,1036118.0,1036202.0,1036350.0,109 110 111 112,40784.0,False
base,active,1036178.0,1036284.0,1038709.0,0 1 2 3 4 5 6 7 8 9 10 11 12 13 14 15 16 17 18 19 20 21 22 23 24 25 26 27 28 29 30 31,40785.0,False
base,active,1036272.0,1036350.0,1038982.0,109 110 111 112,40787.0,False
base,active,1036311.0,1037219.0,1037260.0,76 77 78 79,40788.0,False
base,active,1036390.0,1037219.0,1037264.0,80 81 82 83,40789.0,False
base,active,,1037219.0,1037264.0,100 101 102 103 104 105 106 107,-1.0,
base,active,1036508.0,1037219.0,1037281.0,84 85 86 87,40790.0,False
base,active,1036734.0,1037219.0,1037287.0,92 93 94 95 96 97 98 99,40793.0,False
base,active,1036519.0,1037219.0,1037306.0,88 89 90 91,40791.0,False
base,active,,1037260.0,1037264.0,76 77 78 79,-1.0,
base,active,1036854.0,1037264.0,1037336.0,76 77 78 79 80 81 82 83 100 101 102 103 104 105 106 107,40794.0,False
base,active,1036928.0,1037281.0,1037297.0,84,40795.0,False
base,active,,1037281.0,1037306.0,85 86 87,-1.0,
base,active,,1037287.0,1037306.0,92 93 94 95 96 97 98 99,-1.0,
base,active,,1037297.0,1037306.0,84,-1.0,
base,active,1037006.0,1037306.0,1037458.0,84 85 86 87 88 89 90 91 92 93 94 95 96 97 98 99,40796.0,False
base,active,1037101.0,1037336.0,1037342.0,77,40798.0,False
base,active,1037079.0,1037336.0,1037377.0,76,40797.0,False
base,active,,1037336.0,1037458.0,78 79 80 81 82 83 100 101 102 103 104 105 106 107,-1.0,
base,active,,1037342.0,1037458.0,77,-1.0,
base,active,,1037377.0,1037458.0,76,-1.0,
base,active,1037162.0,1037458.0,1039650.0,76 77 78 79 80 81 82 83 84 85 86 87 88 89 90 91 92 93 94 95 96 97 98 99 100 101 102 103 104 105 106 107,40799.0,False
base,sleeping,,1037587.0,1043718.0,34 35,-4.0,
base,sleeping,,1037605.0,1043718.0,33,-4.0,
base,sleeping,,1037612.0,1043718.0,32,-4.0,
base,active,1037242.0,1038709.0,1038754.0,0 1 2 3,40801.0,False
base,active,1037510.0,1038709.0,1038764.0,24 25 26 27 28 29 30 31,40805.0,False
base,active,1037281.0,1038709.0,1038768.0,4 5 6 7 8 9 10 11,40802.0,False
base,active,1037412.0,1038709.0,1038768.0,20 21 22 23,40804.0,False
base,active,1037391.0,1038709.0,1038775.0,12 13 14 15 16 17 18 19,40803.0,False
base,active,,1038754.0,1038768.0,0 1 2,-1.0,
base,active,,1038754.0,1038910.0,3,-1.0,
base,active,1037652.0,1038764.0,1038836.0,24 25 26 27 28 29 30 31,40808.0,False
base,active,1037966.0,1038768.0,1038774.0,0,40814.0,False
base,active,1037718.0,1038768.0,1038830.0,20 21 22 23,40811.0,False
base,active,1037715.0,1038768.0,1038840.0,4 5 6 7 8 9 10 11,40810.0,False
base,active,1038007.0,1038768.0,1038910.0,1 2,40815.0,False
base,active,,1038774.0,1038910.0,0,-1.0,
base,active,,1038775.0,1038910.0,12 13 14 15 16 17 18 19,-1.0,
base,active,,1038830.0,1038910.0,20 21 22 23,-1.0,
base,active,,1038836.0,1038910.0,24 25 26 27 28 29 30 31,-1.0,
base,active,,1038840.0,1038910.0,4 5 6 7 8 9 10 11,-1.0,
base,active,1038198.0,1038910.0,1039029.0,0 1 2 3 4 5 6 7 8 9 10 11 12 13 14 15 16 17 18 19 20 21 22 23 24 25 26 27 28 29 30 31,40816.0,False
base,active,,1038982.0,1039029.0,109,-1.0,
base,active,,1038982.0,1039282.0,110 111 112,-1.0,
base,active,1038351.0,1039029.0,1039046.0,109,40819.0,False
base,active,1038343.0,1039029.0,1045506.0,0 1 2 3 4 5 6 7 8 9 10 11 12 13 14 15 16 17 18 19 20 21 22 23 24 25 26 27 28 29 30 31,40818.0,False
base,active,,1039046.0,1039346.0,109,-1.0,
base,switching_off,,1039282.0,1041082.0,110 111 112,-2.0,
base,switching_off,,1039346.0,1041146.0,109,-2.0,
base,active,1038535.0,1039650.0,1039672.0,84,40821.0,False
base,active,1038583.0,1039650.0,1039722.0,85 86 87 88 89 90 91 92,40822.0,False
base,active,1038698.0,1039650.0,1039843.0,93 94,40823.0,False
base,active,,1039650.0,1040133.0,95 96 97 98 99 100 101 102 103,-1.0,
base,active,,1039650.0,1041039.0,104 105 106 107,-1.0,
base,active,1038391.0,1039650.0,1046081.0,76 77 78 79 80 81 82 83,40820.0,False
base,active,,1039672.0,1040133.0,84,-1.0,
base,active,,1039722.0,1040133.0,85 86 87 88 89 90 91 92,-1.0,
base,active,,1039843.0,1040133.0,93 94,-1.0,
base,active,1039038.0,1040133.0,1040156.0,87 88 89 90,40827.0,False
base,active,1039027.0,1040133.0,1040163.0,85 86 93 94,40826.0,False
base,active,1038909.0,1040133.0,1040253.0,36 37 38 39 40 41 42 43 44 45 46 47 48 49 50 51 52 53 54 55 56 57 58 59 60 61 62 63 64 65 66 67,40825.0,False
base,active,1039046.0,1040133.0,1040351.0,84 91 92 95,40828.0,False
base,active,1039226.0,1040133.0,1041039.0,96 97 98 99 100 101 102 103,40830.0,False
base,active,1039284.0,1040137.0,1040351.0,68 69 70 71 72 73 74 75,40832.0,False
base,active,,1040156.0,1041039.0,87 88 89 90,-1.0,
base,active,,1040163.0,1041039.0,85 86 93 94,-1.0,
base,active,1039329.0,1040253.0,1040378.0,36 37 38 39 40 41 42 43 44 45 46 47 48 49 50 51 52 53 54 55 56 57 58 59 60 61 62 63 64 65 66 67,40833.0,False
base,active,,1040351.0,1040378.0,68 69 70 71 72 73 74 75,-1.0,
base,active,,1040351.0,1041039.0,84 91 92 95,-1.0,
base,active,1039425.0,1040378.0,1040417.0,68 69 70 71,40836.0,False
base,active,1039571.0,1040378.0,1040421.0,72 73 74 75,40839.0,False
base,active,1039370.0,1040378.0,1042346.0,36 37 38 39 40 41 42 43 44 45 46 47 48 49 50 51 52 53 54 55 56 57 58 59 60 61 62 63 64 65 66 67,40835.0,False
base,active,,1040417.0,1041039.0,68 69 70 71,-1.0,
base,active,,1040421.0,1041039.0,72 73 74 75,-1.0,
base,active,1039751.0,1041039.0,1041419.0,68 69 70 71 72 73 74 75 84 85 86 87 88 89 90 91 92 93 94 95 96 97 98 99 100 101 102 103 104 105 106 107,40840.0,False
base,sleeping,,1041082.0,1045743.0,110 111 112,-4.0,
base,sleeping,,1041146.0,1045743.0,109,-4.0,
base,active,1039851.0,1041419.0,1041446.0,68 69 70 71,40842.0,False
base,active,1040635.0,1041419.0,1041456.0,99 100 101 102 103 104 105 106,40850.0,False
base,active,1040616.0,1041419.0,1041464.0,98,40849.0,False
base,active,1040003.0,1041419.0,1041467.0,72 73 74 75,40843.0,False
base,active,1040395.0,1041419.0,1041624.0,84 85 86 87 88 89 90 91,40846.0,False
base,active,,1041419.0,1041719.0,107,-1.0,
base,active,1040427.0,1041419.0,1043599.0,96 97,40848.0,False
base,active,1040398.0,1041419.0,1043623.0,92 93 94 95,40847.0,False
base,active,,1041446.0,1041467.0,68 69 70,-1.0,
base,active,,1041446.0,1041586.0,71,-1.0,
base,active,1040713.0,1041456.0,1041586.0,99 100 101 102 103 104 105 106,40852.0,False
base,active,,1041464.0,1041467.0,98,-1.0,
base,active,1041000.0,1041467.0,1041515.0,68 69 70 72 73 74 75 98,40853.0,False
base,active,1041061.0,1041515.0,1041641.0,68 69 70 72 73 74 75 98,40855.0,False
base,active,1041343.0,1041586.0,1041612.0,71,40860.0,False
base,active,1041242.0,1041586.0,1041802.0,99 100 101 102 103 104 105 106,40858.0,False
base,active,,1041612.0,1041912.0,71,-1.0,
base,active,,1041624.0,1041924.0,84 85 86 87 88 89 90 91,-1.0,
base,active,,1041641.0,1041941.0,68 69 70 72 73 74 75 98,-1.0,
base,switching_off,,1041719.0,1043519.0,107,-2.0,
base,active,,1041802.0,1042102.0,99 100 101 102 103 104 105 106,-1.0,
base,switching_off,,1041912.0,1043712.0,71,-2.0,
base,switching_off,,1041924.0,1043724.0,84 85 86 87 88 89 90 91,-2.0,
base,switching_off,,1041941.0,1043741.0,68 69 70 72 73 74 75 98,-2.0,
base,switching_off,,1042102.0,1043902.0,99 100 101 102 103 104 105 106,-2.0,
base,active,1041375.0,1042346.0,1044370.0,36 37 38 39 40 41 42 43 44 45 46 47 48 49 50 51 52 53 54 55 56 57 58 59 60 61 62 63 64 65 66 67,40861.0,False
base,sleeping,,1043519.0,1045708.0,107,-4.0,
base,active,,1043599.0,1045284.0,96,-1.0,
base,active,,1043599.0,1046418.0,97,-1.0,
base,active,,1043623.0,1045284.0,92 93 94 95,-1.0,
base,sleeping,,1043712.0,1045708.0,71,-4.0,
base,switching_on,,1043718.0,1046418.0,32 33 34 35,-3.0,
base,sleeping,,1043724.0,1045708.0,84 85 86 87 88 89 90 91,-4.0,
base,sleeping,,1043741.0,1045650.0,68 69,-4.0,
base,sleeping,,1043741.0,1045708.0,70 72 73 74 75 98,-4.0,
base,sleeping,,1043902.0,1045708.0,99 100 101 102 103 104 105 106,-4.0,
base,active,1042933.0,1044370.0,1044377.0,44,40870.0,False
base,active,1043018.0,1044370.0,1044412.0,49,40873.0,False
base,active,1043093.0,1044370.0,1044415.0,51 52 53 54,40875.0,False
base,active,1043013.0,1044370.0,1044428.0,45 46 47 48,40872.0,False
base,active,1043049.0,1044370.0,1044446.0,50,40874.0,False
base,active,1042511.0,1044370.0,1045284.0,36 37 38 39 40 41 42 43,40865.0,False
base,active,,1044370.0,1045284.0,55 56 57 58 59 60 61 62 63 64 65 66 67,-1.0,
base,active,,1044377.0,1045284.0,44,-1.0,
base,active,,1044412.0,1045284.0,49,-1.0,
base,active,,1044415.0,1045284.0,51 52 53 54,-1.0,
base,active,,1044428.0,1045284.0,45 46 47 48,-1.0,
base,active,,1044446.0,1045284.0,50,-1.0,
base,active,1043230.0,1045284.0,1045431.0,96,40878.0,False
base,active,1043220.0,1045284.0,1049861.0,92 93 94 95,40877.0,False
base,active,1043154.0,1045284.0,1049926.0,36 37 38 39 40 41 42 43 44 45 46 47 48 49 50 51 52 53 54 55 56 57 58 59 60 61 62 63 64 65 66 67,40876.0,False
base,active,,1045431.0,1046418.0,96,-1.0,
base,active,1043404.0,1045506.0,1045580.0,8,40881.0,False
base,active,1043351.0,1045506.0,1045590.0,0 1 2 3,40879.0,False
base,active,,1045506.0,1046081.0,11 12 13 14 15 16 17 18 19 20 21 22 23 24 25 26 27 28 29 30 31,-1.0,
base,active,1043429.0,1045506.0,1047851.0,9 10,40882.0,False
base,active,1043397.0,1045506.0,1047880.0,4 5 6 7,40880.0,False
base,active,,1045580.0,1046081.0,8,-1.0,
base,active,,1045590.0,1046081.0,0 1 2 3,-1.0,
base,switching_on,,1045650.0,1048350.0,68 69,-3.0,
base,switching_on,,1045708.0,1048408.0,70 71 72 73 74 75 84 85 86 87 88 89 90 91 98 99 100 101 102 103 104 105 106 107,-3.0,
base,switching_on,,1045743.0,1048443.0,108 109 110 111 112 113 114 115,-3.0,
base,switching_on,,1045948.0,1048648.0,116,-3.0,
base,switching_on,,1046051.0,1048751.0,117,-3.0,
base,active,1043527.0,1046081.0,1046112.0,30,40884.0,False
base,active,1043602.0,1046081.0,1046192.0,31,40885.0,False
base,active,1043437.0,1046081.0,1047556.0,0 1 2 3 8 11 12 13 14 15 16 17 18 19 20 21 22 23 24 25 26 27 28 29 76 77 78 79 80 81 82 83,40883.0,False
base,active,,1046112.0,1046418.0,30,-1.0,
base,active,,1046192.0,1046418.0,31,-1.0,
base,switching_on,,1046235.0,1048935.0,118,-3.0,
base,active,1043718.0,1046418.0,1046486.0,30 31 32 33 34 35 96 97,40886.0,False
base,active,1043933.0,1046486.0,1046536.0,30 31 32 33,40887.0,False
base,active,1044005.0,1046486.0,1046546.0,34 35 96 97,40888.0,False
base,switching_on,,1046495.0,1049195.0,119 120 121 122 123,-3.0,
base,active,,1046536.0,1046546.0,30 31 32 33,-1.0,
base,active,1044075.0,1046546.0,1046624.0,30 31 32 33 34 35 96 97,40889.0,False
base,switching_on,,1046546.0,1049246.0,124,-3.0,
base,active,1044466.0,1046624.0,1046633.0,34,40891.0,False
base,active,,1046624.0,1046633.0,35 96 97,-1.0,
base,active,1044157.0,1046624.0,1046812.0,30 31 32 33,40890.0,False
base,active,1044496.0,1046633.0,1046695.0,34 35 96 97,40893.0,False
base,active,1044597.0,1046695.0,1046780.0,34 35 96 97,40894.0,False
base,active,1044688.0,1046780.0,1046843.0,34 35 96 97,40895.0,False
base,active,1044921.0,1046812.0,1046838.0,33,40900.0,False
base,active,1044870.0,1046812.0,1046954.0,31 32,40899.0,False
base,active,1044849.0,1046812.0,1047306.0,30,40898.0,False
base,active,1045067.0,1046838.0,1046845.0,33,40902.0,False
base,active,,1046843.0,1047801.0,34 35 96 97,-1.0,
base,active,,1046845.0,1047801.0,33,-1.0,
base,active,,1046954.0,1047801.0,31 32,-1.0,
base,active,,1047306.0,1047650.0,30,-1.0,
base,active,1045106.0,1047556.0,1047650.0,0 1 2 3 8 11 12 13 14 15 16 17 18 19 20 21,40903.0,False
base,active,,1047556.0,1047650.0,22 23 24 25 26 27 28 29 76 77 78 79 80 81 82 83,-1.0,
base,active,1045295.0,1047650.0,1047685.0,30,40905.0,False
base,active,1045263.0,1047650.0,1047793.0,0 1 2 3 8 11 12 13 14 15 16 17 18 19 20 21 22 23 24 25 26 27 28 29 76 77 78 79 80 81 82 83,40904.0,False
base,active,,1047685.0,1047793.0,30,-1.0,
base,active,1045379.0,1047793.0,1047801.0,30,40907.0,False
base,active,1045363.0,1047793.0,1050825.0,0 1 2 3 8 11 12 13 14 15 16 17 18 19 20 21 22 23 24 25 26 27 28 29 76 77 78 79 80 81 82 83,40906.0,False
base,active,1045413.0,1047801.0,1050784.0,30 31 32 33 34 35 96 97,40908.0,False
base,active,1045422.0,1047851.0,1047925.0,9,40909.0,False
base,active,,1047851.0,1048350.0,10,-1.0,
base,active,,1047880.0,1048350.0,4 5 6 7,-1.0,
base,active,,1047925.0,1048350.0,9,-1.0,
base,active,1045650.0,1048350.0,1048388.0,4 5 6 7 9 10 68 69,40911.0,False
base,active,,1048388.0,1048408.0,4 5 6 7 9 10 68 69,-1.0,
base,active,1045708.0,1048408.0,1048449.0,4 5 6 7 9 10 68 69 70 71 72 73 74 75 84 85 86 87 88 89 90 91 98 99 100 101 102 103 104 105 106 107,40912.0,False
base,active,1045743.0,1048443.0,1048797.0,108 109 110 111 112 113 114 115,40913.0,False
base,active,1045768.0,1048449.0,1048481.0,4 5 6 7 9 10 68 69 70 71 72 73 74 75 84 85 86 87 88 89 90 91 98 99 100 101 102 103 104 105 106 107,40914.0,False
base,active,1045844.0,1048481.0,1048530.0,4 5 6 7 9 10 68 69 70 71 72 73 74 75 84 85 86 87 88 89 90 91 98 99 100 101 102 103 104 105 106 107,40915.0,False
base,active,1045897.0,1048530.0,1050468.0,4 5 6 7 9 10 68 69 70 71 72 73 74 75 84 85 86 87 88 89 90 91 98 99 100 101 102 103 104 105 106 107,40916.0,False
base,active,1045948.0,1048648.0,1048747.0,116,40917.0,False
base,active,,1048747.0,1048751.0,116,-1.0,
base,active,1046051.0,1048751.0,1049050.0,116 117,40918.0,False
base,active,1046138.0,1048797.0,1048801.0,108,40920.0,False
base,active,,1048797.0,1048935.0,110 111 112 113 114 115,-1.0,
base,active,1046176.0,1048797.0,1048963.0,109,40921.0,False
base,active,,1048801.0,1048935.0,108,-1.0,
base,active,1046235.0,1048935.0,1049007.0,108 110 111 112 113 114 115 118,40922.0,False
base,active,,1048963.0,1049195.0,109,-1.0,
base,active,1046491.0,1049007.0,1051257.0,108 110 111 112 113 114 115 118,40924.0,False
base,active,,1049050.0,1049195.0,116 117,-1.0,
base,active,1046495.0,1049195.0,1049315.0,109 116 117 119 120 121 122 123,40926.0,False
base,active,1046546.0,1049246.0,1049317.0,124,40927.0,False
base,active,1046957.0,1049315.0,1049323.0,122,40933.0,False
base,active,1046753.0,1049315.0,1049327.0,117 119 120 121,40932.0,False
base,active,,1049315.0,1049327.0,123,-1.0,
base,active,1046669.0,1049315.0,1049343.0,109,40929.0,False
base,active,1046751.0,1049315.0,1049366.0,116,40931.0,False
base,active,,1049317.0,1049327.0,124,-1.0,
base,active,,1049323.0,1049327.0,122,-1.0,
base,active,1047295.0,1049327.0,1049379.0,123,40937.0,False
base,active,1046992.0,1049327.0,1049415.0,122 124,40935.0,False
base,active,1046969.0,1049327.0,1049436.0,117 119 120 121,40934.0,False
base,active,,1049343.0,1049436.0,109,-1.0,
base,active,,1049366.0,1049436.0,116,-1.0,
base,active,,1049379.0,1049436.0,123,-1.0,
base,active,,1049415.0,1049436.0,122 124,-1.0,
base,active,1047427.0,1049436.0,1049501.0,109,40939.0,False
base,active,1047416.0,1049436.0,1049529.0,116 117 119 120 121 122 123 124,40938.0,False
base,active,,1049501.0,1049801.0,109,-1.0,
base,active,1047837.0,1049529.0,1049562.0,123,40942.0,False
base,active,,1049529.0,1049829.0,124,-1.0,
base,active,1047549.0,1049529.0,1051660.0,121 122,40941.0,False
base,active,1047528.0,1049529.0,1051678.0,116 117 119 120,40940.0,False
base,active,,1049562.0,1049862.0,123,-1.0,
base,switching_off,,1049801.0,1051601.0,109,-2.0,
base,switching_off,,1049829.0,1051629.0,124,-2.0,
base,active,,1049861.0,1050544.0,92 93 94 95,-1.0,
base,switching_off,,1049862.0,1051662.0,123,-2.0,
base,active,1047866.0,1049926.0,1050004.0,36 37 38 39 40 41 42 43,40943.0,False
base,active,,1049926.0,1050004.0,44 45 46 47 48 49 50 51 52 53 54 55 56 57 58 59 60 61 62 63 64 65 66 67,-1.0,
base,active,1048033.0,1050004.0,1050048.0,36 37 38 39 40 41 42 43 44 45 46 47 48 49 50 51 52 53 54 55 56 57 58 59 60 61 62 63 64 65 66 67,40944.0,False
base,active,1048055.0,1050048.0,1052526.0,36 37 38 39 40 41 42 43 44 45 46 47 48 49 50 51 52 53 54 55 56 57 58 59 60 61 62 63 64 65 66 67,40946.0,False
base,active,1048099.0,1050468.0,1050472.0,4 5 6 7 9 10 68 69 70 71 72 73 74 75 84 85 86 87 88 89 90 91 98 99 100 101 102 103 104 105 106 107,40947.0,False
base,active,1048200.0,1050472.0,1050544.0,4 5 6 7 9 10 68 69 70 71 72 73 74 75 84 85 86 87 88 89 90 91 98 99 100 101 102 103 104 105 106 107,40950.0,False
base,active,1048385.0,1050544.0,1054186.0,92 93 94 95,40954.0,False
base,active,1048313.0,1050544.0,1054258.0,4 5 6 7 9 10 68 69 70 71 72 73 74 75 84 85 86 87 88 89 90 91 98 99 100 101 102 103 104 105 106 107,40952.0,False
base,active,,1050784.0,1050862.0,30 31 32 33 34 35 96 97,-1.0,
base,active,1048546.0,1050825.0,1050862.0,0 1 2 3 8 11 12 13 14 15 16 17 18 19 20 21 22 23 24 25 26 27 28 29 76 77 78 79 80 81 82 83,40955.0,False
base,active,1048795.0,1050862.0,1063368.0,30 31 32 33 34 35 96 97,40957.0,False
base,active,1048754.0,1050862.0,1063408.0,0 1 2 3 8 11 12 13 14 15 16 17 18 19 20 21 22 23 24 25 26 27 28 29 76 77 78 79 80 81 82 83,40956.0,False
base,active,1048856.0,1051257.0,1053516.0,108 110 111 112 113 114 115 118,40958.0,False
base,sleeping,,1051601.0,1107372.0,109,-4.0,
base,sleeping,,1051629.0,1730505.0,124,-4.0,
base,active,1050262.0,1051660.0,1051696.0,121,40964.0,False
base,active,1050370.0,1051660.0,1051697.0,122,40965.0,False
base,sleeping,,1051662.0,1107412.0,123,-4.0,
base,active,1050594.0,1051678.0,1051696.0,117,40967.0,False
base,active,1050617.0,1051678.0,1051724.0,119,40968.0,False
base,active,1050537.0,1051678.0,1051725.0,116,40966.0,False
base,active,,1051678.0,1052564.0,120,-1.0,
base,active,,1051696.0,1052526.0,117 121,-1.0,
base,active,,1051697.0,1052526.0,122,-1.0,
base,active,,1051724.0,1052526.0,119,-1.0,
base,active,,1051725.0,1052526.0,116,-1.0,
base,active,1050914.0,1052526.0,1052564.0,119,40972.0,False
base,active,1051040.0,1052526.0,1052565.0,122,40973.0,False
base,active,1051241.0,1052526.0,1052566.0,117,40975.0,False
base,active,1050743.0,1052526.0,1052568.0,116,40971.0,False
base,active,1051325.0,1052526.0,1052620.0,121,40976.0,False
base,active,1050687.0,1052526.0,1054992.0,36 37 38 39 40 41 42 43 44 45 46 47 48 49 50 51 52 53 54 55 56 57 58 59 60 61 62 63 64 65 66 67,40969.0,False
base,active,1051462.0,1052564.0,1052708.0,119 120,40977.0,False
base,active,1051654.0,1052565.0,1052612.0,122,40980.0,False
base,active,1051936.0,1052566.0,1052604.0,117,40984.0,False
base,active,,1052568.0,1052620.0,116,-1.0,
base,active,,1052604.0,1052620.0,117,-1.0,
base,active,,1052612.0,1052620.0,122,-1.0,
base,active,1052046.0,1052620.0,1058972.0,116 117 121 122,40985.0,False
base,active,,1052708.0,1053008.0,119 120,-1.0,
base,switching_off,,1053008.0,1054808.0,119 120,-2.0,
base,active,,1053516.0,1054258.0,108 110 111 112 113 114 115 118,-1.0,
base,active,,1054186.0,1054258.0,92 93 94 95,-1.0,
base,active,1052674.0,1054258.0,1054289.0,108 110 111 112 113 114 115 118,40989.0,False
base,active,1052128.0,1054258.0,1056772.0,92 93 94 95,40987.0,False
base,active,1052053.0,1054258.0,1056846.0,4 5 6 7 9 10 68 69 70 71 72 73 74 75 84 85 86 87 88 89 90 91 98 99 100 101 102 103 104 105 106 107,40986.0,False
base,active,1052709.0,1054289.0,1054326.0,108 110 111 112 113 114 115 118,40990.0,False
base,active,1053156.0,1054326.0,1054348.0,115,40995.0,False
base,active,1052890.0,1054326.0,1054402.0,113 114,40993.0,False
base,active,,1054326.0,1054402.0,118,-1.0,
base,active,1052869.0,1054326.0,1054422.0,108 110 111 112,40992.0,False
base,active,,1054348.0,1054402.0,115,-1.0,
base,active,1053308.0,1054402.0,1056975.0,113 114 115 118,40999.0,False
base,active,,1054422.0,1054722.0,111 112,-1.0,
base,active,1053334.0,1054422.0,1056973.0,108 110,41000.0,False
base,switching_off,,1054722.0,1056522.0,111 112,-2.0,
base,sleeping,,1054808.0,1107412.0,119 120,-4.0,
base,active,1054147.0,1054992.0,1055442.0,36 37 38 39 40 41 42 43 44 45 46 47 48 49 50 51 52 53 54 55 56 57 58 59 60 61 62 63 64 65 66 67,41003.0,False
base,active,1054627.0,1055442.0,1056790.0,36 37 38 39 40 41 42 43 44 45 46 47 48 49 50 51 52 53 54 55 56 57 58 59 60 61 62 63 64 65 66 67,41004.0,False
base,sleeping,,1056522.0,1107372.0,111 112,-4.0,
base,active,,1056772.0,1056790.0,92 93 94 95,-1.0,
base,active,1054869.0,1056790.0,1058067.0,92 93 94 95,41006.0,False
base,active,1054804.0,1056790.0,1058132.0,36 37 38 39 40 41 42 43 44 45 46 47 48 49 50 51 52 53 54 55 56 57 58 59 60 61 62 63 64 65 66 67,41005.0,False
base,active,1056018.0,1056846.0,1059234.0,4 5 6 7 9 10 68 69 70 71 72 73 74 75 84 85 86 87 88 89 90 91 98 99 100 101 102 103 104 105 106 107,41007.0,False
base,active,,1056973.0,1058132.0,108 110,-1.0,
base,active,,1056975.0,1058132.0,113 114 115 118,-1.0,
base,active,,1058067.0,1058132.0,92 93 94 95,-1.0,
base,active,1056326.0,1058132.0,1060171.0,108 110,41011.0,False
base,active,1056304.0,1058132.0,1060190.0,113 114 115 118,41010.0,False
base,active,1056214.0,1058132.0,1063157.0,92 93 94 95,41009.0,False
base,active,1056151.0,1058132.0,1063220.0,36 37 38 39 40 41 42 43 44 45 46 47 48 49 50 51 52 53 54 55 56 57 58 59 60 61 62 63 64 65 66 67,41008.0,False
base,active,1058411.0,1058972.0,1058994.0,116,41012.0,False
base,active,,1058972.0,1058994.0,117 121 122,-1.0,
base,active,1058427.0,1058994.0,1059320.0,116 117 121 122,41013.0,False
base,active,1058626.0,1059234.0,1059973.0,4 5 6 7 9 10 68 69 70 71 72 73 74 75 84 85 86 87 88 89 90 91 98 99 100 101 102 103 104 105 106 107,41014.0,False
base,active,1059019.0,1059320.0,1059325.0,117,41016.0,False
base,active,1058783.0,1059320.0,1059329.0,116,41015.0,False
base,active,,1059320.0,1059329.0,121 122,-1.0,
base,active,,1059325.0,1059329.0,117,-1.0,
base,active,1059077.0,1059329.0,1060050.0,116 117 121 122,41017.0,False
base,active,1059390.0,1059973.0,1060619.0,4 5 6 7 9 10 68 69 70 71 72 73 74 75 84 85 86 87 88 89 90 91 98 99 100 101 102 103 104 105 106 107,41018.0,False
base,active,1059981.0,1060050.0,1060084.0,117,41020.0,False
base,active,1059896.0,1060050.0,1060103.0,116,41019.0,False
base,active,,1060050.0,1060350.0,121 122,-1.0,
base,active,,1060084.0,1060384.0,117,-1.0,
base,active,,1060103.0,1060403.0,116,-1.0,
base,active,,1060171.0,1060471.0,108 110,-1.0,
base,active,,1060190.0,1060490.0,115 118,-1.0,
base,active,,1060190.0,1060619.0,113 114,-1.0,
base,switching_off,,1060350.0,1062150.0,121 122,-2.0,
base,switching_off,,1060384.0,1062184.0,117,-2.0,
base,switching_off,,1060403.0,1062203.0,116,-2.0,
base,switching_off,,1060471.0,1062271.0,108 110,-2.0,
base,switching_off,,1060490.0,1062290.0,115 118,-2.0,
base,active,1060134.0,1060619.0,1060657.0,114,41023.0,False
base,active,1060064.0,1060619.0,1060662.0,113,41022.0,False
base,active,1060063.0,1060619.0,1069086.0,4 5 6 7 9 10 68 69 70 71 72 73 74 75 84 85 86 87 88 89 90 91 98 99 100 101 102 103 104 105 106 107,41021.0,False
base,active,,1060657.0,1060957.0,114,-1.0,
base,active,,1060662.0,1060962.0,113,-1.0,
base,switching_off,,1060957.0,1062757.0,114,-2.0,
base,switching_off,,1060962.0,1062762.0,113,-2.0,
base,sleeping,,1062150.0,1107412.0,121 122,-4.0,
base,sleeping,,1062184.0,1107412.0,117,-4.0,
base,sleeping,,1062203.0,1107412.0,116,-4.0,
base,sleeping,,1062271.0,1107372.0,108 110,-4.0,
base,sleeping,,1062290.0,1107372.0,115,-4.0,
base,sleeping,,1062290.0,1107412.0,118,-4.0,
base,sleeping,,1062757.0,1107372.0,114,-4.0,
base,sleeping,,1062762.0,1107372.0,113,-4.0,
base,active,,1063157.0,1063220.0,92 93 94 95,-1.0,
base,active,1061387.0,1063220.0,1064047.0,92 93 94 95,41025.0,False
base,active,1061327.0,1063220.0,1064106.0,36 37 38 39 40 41 42 43 44 45 46 47 48 49 50 51 52 53 54 55 56 57 58 59 60 61 62 63 64 65 66 67,41024.0,False
base,active,,1063368.0,1063408.0,30 31 32 33 34 35 96 97,-1.0,
base,active,1061558.0,1063408.0,1063636.0,30 31 32 33 34 35 96 97,41027.0,False
base,active,1061532.0,1063408.0,1063660.0,0 1 2 3 8 11 12 13 14 15 16 17 18 19 20 21 22 23 24 25 26 27 28 29 76 77 78 79 80 81 82 83,41026.0,False
base,active,1061626.0,1063636.0,1063655.0,30,41028.0,False
base,active,,1063636.0,1063660.0,31 32 33,-1.0,
base,active,,1063636.0,1064476.0,34 35 96 97,-1.0,
base,active,,1063655.0,1063660.0,30,-1.0,
base,active,1062222.0,1063660.0,1069974.0,0 1 2 3 8 11 12 13 14 15 16 17 18 19 20 21 22 23 24 25 26 27 28 29 76 77 78 79 80 81 82 83,41029.0,False
base,active,1062294.0,1063660.0,1070202.0,30 31 32 33,41030.0,False
base,active,,1064047.0,1064476.0,92 93 94 95,-1.0,
base,active,1062512.0,1064106.0,1064476.0,36 37 38 39 40 41 42 43 44 45 46 47 48 49 50 51 52 53 54 55 56 57 58 59 60 61 62 63 64 65 66 67,41031.0,False
base,active,1062920.0,1064476.0,1074069.0,34 35 92 93 94 95 96 97,41033.0,False
base,active,1062896.0,1064476.0,1074093.0,36 37 38 39 40 41 42 43 44 45 46 47 48 49 50 51 52 53 54 55 56 57 58 59 60 61 62 63 64 65 66 67,41032.0,False
base,active,1068539.0,1069086.0,1069127.0,4,41034.0,False
base,active,,1069086.0,1069974.0,5 6 7 9 10 68 69 70 71 72 73 74 75 84 85 86 87 88 89 90 91 98 99 100 101 102 103 104 105 106 107,-1.0,
base,active,,1069127.0,1069974.0,4,-1.0,
base,active,1068541.0,1069974.0,1080909.0,0 1 2 3 4 5 6 7 8 9 10 11 12 13 14 15 16 17 18 19 20 21 22 23 24 25 26 27 28 29 68 69 70 71 72 73 74 75 76 77 78 79 80 81 82 83 84 85 86 87 88 89 90 91 98 99 100 101 102 103 104 105 106 107,41035.0,False
base,active,,1070202.0,1070502.0,30 31 32 33,-1.0,
base,switching_off,,1070502.0,1072302.0,30 31 32 33,-2.0,
base,sleeping,,1072302.0,1086575.0,30 31 32 33,-4.0,
base,active,,1074069.0,1074093.0,34 35 92 93 94 95 96 97,-1.0,
base,active,1072573.0,1074093.0,1081673.0,34 35 92 93 94 95 96 97,41037.0,False
base,active,1072544.0,1074093.0,1081702.0,36 37 38 39 40 41 42 43 44 45 46 47 48 49 50 51 52 53 54 55 56 57 58 59 60 61 62 63 64 65 66 67,41036.0,False
base,active,1080707.0,1080909.0,1080914.0,75,41042.0,False
base,active,1080492.0,1080909.0,1080919.0,74,41041.0,False
base,active,,1080909.0,1081209.0,76 77 78 79 80 81 82 83 84 85 86 87 88 89 90 91 98 99 100 101 102 103 104 105 106 107,-1.0,
base,active,1079754.0,1080909.0,1087718.0,70 71 72 73,41039.0,False
base,active,1079691.0,1080909.0,1087778.0,0 1 2 3 4 5 6 7 8 9 10 11 12 13 14 15 16 17 18 19 20 21 22 23 24 25 26 27 28 29 68 69,41038.0,False
base,active,,1080914.0,1081214.0,75,-1.0,
base,active,,1080919.0,1081219.0,74,-1.0,
base,switching_off,,1081209.0,1083009.0,76 77 78 79 80 81 82 83 84 85 86 87 88 89 90 91 98 99 100 101 102 103 104 105 106 107,-2.0,
base,switching_off,,1081214.0,1083014.0,75,-2.0,
base,switching_off,,1081219.0,1083019.0,74,-2.0,
base,active,,1081673.0,1081973.0,34 35 92 93 94 95 96 97,-1.0,
base,active,,1081702.0,1082002.0,36 37 38 39 40 41 42 43 44 45 46 47 48 49 50 51 52 53 54 55 56 57 58 59 60 61 62 63 64 65 66 67,-1.0,
base,switching_off,,1081973.0,1083773.0,34 35 92 93 94 95 96 97,-2.0,
base,switching_off,,1082002.0,1083802.0,36 37 38 39 40 41 42 43 44 45 46 47 48 49 50 51 52 53 54 55 56 57 58 59 60 61 62 63 64 65 66 67,-2.0,
base,sleeping,,1083009.0,1086862.0,76 77 78 79 80 81 82 83 84 85 86 87 88 89 90 91,-4.0,
base,sleeping,,1083009.0,1086930.0,98 99,-4.0,
base,sleeping,,1083009.0,1101506.0,100 101 102 103 104 105 106 107,-4.0,
base,sleeping,,1083014.0,1086862.0,75,-4.0,
base,sleeping,,1083019.0,1086862.0,74,-4.0,
base,sleeping,,1083773.0,1086575.0,34 35,-4.0,
base,sleeping,,1083773.0,1086862.0,92 93 94 95,-4.0,
base,sleeping,,1083773.0,1086930.0,96 97,-4.0,
base,sleeping,,1083802.0,1086575.0,36 37 38 39 40 41 42 43 44 45 46 47 48 49 50 51 52 53 54 55 56 57,-4.0,
base,sleeping,,1083802.0,1086862.0,58 59 60 61 62 63 64 65 66 67,-4.0,
base,switching_on,,1086575.0,1089275.0,30 31 32 33 34 35 36 37 38 39 40 41 42 43 44 45 46 47 48 49 50 51 52 53 54 55 56 57,-3.0,
base,switching_on,,1086862.0,1089562.0,58 59 60 61 62 63 64 65 66 67 74 75 76 77 78 79 80 81 82 83 84 85 86 87 88 89 90 91 92 93 94 95,-3.0,
base,switching_on,,1086930.0,1089630.0,96 97 98 99,-3.0,
base,active,1086546.0,1087718.0,1087727.0,70,41087.0,False
base,active,,1087718.0,1089275.0,71 72 73,-1.0,
base,active,,1087727.0,1089275.0,70,-1.0,
base,active,,1087778.0,1089275.0,0 1 2 3 4 5 6 7 8 9 10 11 12 13 14 15 16 17 18 19 20 21 22 23 24 25 26 27 28 29 68 69,-1.0,
base,active,1086575.0,1089275.0,1100214.0,0 1 2 3 4 5 6 7 8 9 10 11 12 13 14 15 16 17 18 19 20 21 22 23 24 25 26 27 28 29 30 31 32 33 34 35 36 37 38 39 40 41 42 43 44 45 46 47 48 49 50 51 52 53 54 55 56 57 68 69 70 71 72 73,41088.0,False
base,active,1086862.0,1089562.0,1119410.0,58 59 60 61 62 63 64 65 66 67 74 75 76 77 78 79 80 81 82 83 84 85 86 87 88 89 90 91 92 93 94 95,41091.0,False
base,active,1086930.0,1089630.0,1119409.0,96 97 98 99,41092.0,False
base,active,,1100214.0,1100514.0,0 1 2 3 4 5 6 7 8 9 10 11 12 13 14 15 16 17 18 19 20 21 22 23 24 25 26 27 28 29 30 31 32 33 34 35 36 37 38 39 40 41 42 43 44 45 46 47 48 49 50 51 52 53 54 55 56 57 68 69 70 71 72 73,-1.0,
base,switching_off,,1100514.0,1102314.0,0 1 2 3 4 5 6 7 8 9 10 11 12 13 14 15 16 17 18 19 20 21 22 23 24 25 26 27 28 29 30 31 32 33 34 35 36 37 38 39 40 41 42 43 44 45 46 47 48 49 50 51 52 53 54 55 56 57 68 69 70 71 72 73,-2.0,
base,switching_on,,1101506.0,1104206.0,100 101 102 103 104 105 106 107,-3.0,
base,switching_on,,1102314.0,1105014.0,0 1 2 3 4 5 6 7 8 9 10 11 12 13 14 15 16 17 18 19 20 21 22 23 24 25 26 27 28 29 30 31 32 33 34 35 36 37 38 39 40 41 42 43 44 45 46 47 48 49 50 51 52 53 54 55,-3.0,
base,sleeping,,1102314.0,1107372.0,56 57 68 69 70 71 72 73,-4.0,
base,active,1101506.0,1104206.0,1104275.0,100 101 102 103 104 105 106 107,41249.0,False
base,active,,1104275.0,1105014.0,100 101 102 103 104 105 106 107,-1.0,
base,active,1101582.0,1105014.0,1105305.0,0 1 2 3 4 5 6 7 8 9 10 11 12 13 14 15 16 17 18 19 20 21 22 23 24 25 26 27 28 29 30 31,41250.0,False
base,active,1102032.0,1105014.0,1105468.0,32 33 34 35 36 37 38 39 40 41 42 43 44 45 46 47 48 49 50 51 52 53 54 55 100 101 102 103 104 105 106 107,41259.0,False
base,active,,1105305.0,1105468.0,0 1 2 3 4 5 6 7 8 9 10 11 12 13 14 15 16 17 18 19 20 21 22 23 24 25 26 27 28 29 30 31,-1.0,
base,active,1104211.0,1105468.0,1105515.0,0 1 2 3 4 5 6 7 8 9 10 11 12 13 14 15 16 17 18 19 20 21 22 23 24 25 26 27 28 29 30 31 32 33 34 35 36 37 38 39 40 41 42 43 44 45 46 47 48 49 50 51 52 53 54 55 100 101 102 103 104 105 106 107,41301.0,False
base,active,1104325.0,1105515.0,1105700.0,0 1 2 3 4 5 6 7 8 9 10 11 12 13 14 15 16 17 18 19 20 21 22 23 24 25 26 27 28 29 30 31 32 33 34 35 36 37 38 39 40 41 42 43 44 45 46 47 48 49 50 51 52 53 54 55 100 101 102 103 104 105 106 107,41305.0,False
base,active,1105390.0,1105700.0,1105756.0,32 33 34 35 36 37 38 39 40 41 42 43 44 45 46 47,41325.0,False
base,active,1105555.0,1105700.0,1105762.0,48 49 50 51 52 53 54 55 100 101 102 103 104 105 106 107,41328.0,False
base,active,1105294.0,1105700.0,1105770.0,16 17 18 19 20 21 22 23 24 25 26 27 28 29 30 31,41321.0,False
base,active,1105152.0,1105700.0,1105792.0,0 1 2 3 4 5 6 7 8 9 10 11 12 13 14 15,41318.0,False
base,active,1105627.0,1105756.0,1105826.0,32 33 34 35 36 37 38 39 40 41 42 43 44 45 46 47,41330.0,False
base,active,1105758.0,1105762.0,1105843.0,48 49 50 51 52 53 54 55 100 101 102 103 104 105 106 107,41337.0,False
base,active,,1105770.0,1106070.0,16 17 18 19 20 21 22 23 24 25 26 27 28 29 30 31,-1.0,
base,active,,1105792.0,1105881.0,0 1 2 3 4 5 6 7 8 9 10 11 12 13 14 15,-1.0,
base,active,,1105826.0,1105864.0,32,-1.0,
base,active,,1105826.0,1105881.0,33 34 35 36 37 38 39 40 41 42 43 44 45 46 47,-1.0,
base,active,,1105843.0,1105855.0,48,-1.0,
base,active,,1105843.0,1105864.0,49 50 51 52 53 54 55 100 101 102 103 104 105 106 107,-1.0,
base,active,1105855.0,1105855.0,1105879.0,48,41340.0,False
base,active,1105864.0,1105864.0,1105937.0,32 49 50 51 52 53 54 55 100 101 102 103 104 105 106 107,41341.0,False
base,active,,1105879.0,1105881.0,48,-1.0,
base,active,1105881.0,1105881.0,1113115.0,0 1 2 3 4 5 6 7 8 9 10 11 12 13 14 15 33 34 35 36 37 38 39 40 41 42 43 44 45 46 47 48,41342.0,False
base,active,,1105937.0,1106049.0,32 49 50 51 52 53 54 55 100 101 102 103 104 105 106 107,-1.0,
base,active,1106049.0,1106049.0,1106121.0,32 49 50 51 52 53 54 55 100 101 102 103 104 105 106 107,41345.0,False
base,switching_off,,1106070.0,1107870.0,16 17 18 19 20 21 22 23 24 25 26 27 28 29 30 31,-2.0,
base,active,,1106121.0,1106148.0,32 49 50 51 52 53 54 55 100 101 102 103 104 105 106 107,-1.0,
base,active,1106148.0,1106148.0,1106221.0,32 49 50 51 52 53 54 55 100 101 102 103 104 105 106 107,41348.0,False
base,active,,1106221.0,1106303.0,32 49 50 51 52 53 54 55 100 101 102 103 104 105 106 107,-1.0,
base,active,1106303.0,1106303.0,1106315.0,32 49 50 51 52 53 54 55 100 101 102 103 104 105 106 107,41351.0,False
base,active,,1106315.0,1106413.0,32 49 50 51 52 53 54 55 100 101 102 103 104 105 106 107,-1.0,
base,active,1106413.0,1106413.0,1106448.0,32 49 50 51 52 53 54 55 100 101 102 103 104 105 106 107,41352.0,False
base,active,,1106448.0,1106511.0,32 49 50 51 52 53 54 55 100 101 102 103 104 105 106 107,-1.0,
base,active,1106511.0,1106511.0,1106571.0,32 49 50 51 52 53 54 55 100 101 102 103 104 105 106 107,41354.0,False
base,active,,1106571.0,1106572.0,32 49 50 51 52 53 54 55 100 101 102 103 104 105 106 107,-1.0,
base,active,1106572.0,1106572.0,1107233.0,32 49 50 51 52 53 54 55 100 101 102 103 104 105 106 107,41355.0,False
base,active,,1107233.0,1107268.0,32,-1.0,
base,active,,1107233.0,1110072.0,49 50 51 52 53 54 55 100 101 102 103 104 105 106 107,-1.0,
base,active,1107268.0,1107268.0,1107272.0,32,41361.0,False
base,active,,1107272.0,1110072.0,32,-1.0,
base,switching_on,,1107372.0,1110072.0,56 57 68 69 70 71 72 73 108 109 110 111 112 113 114 115,-3.0,
base,switching_on,,1107412.0,1110112.0,116 117 118 119 120 121 122 123,-3.0,
base,sleeping,,1107870.0,1108017.0,16 17 18 19 20 21 22 23 24 25 26 27 28 29 30 31,-4.0,
base,switching_on,,1108017.0,1110717.0,16 17 18 19 20 21 22 23 24 25 26 27 28 29 30 31,-3.0,
base,active,1107372.0,1110072.0,1112018.0,32 49 50 51 52 53 54 55 56 57 68 69 70 71 72 73 100 101 102 103 104 105 106 107 108 109 110 111 112 113 114 115,41365.0,False
base,active,1107412.0,1110112.0,1112020.0,116 117 118 119 120 121 122 123,41366.0,False
base,active,1108017.0,1110717.0,1110781.0,16 17 18 19 20 21 22 23 24 25 26 27 28 29 30 31,41371.0,False
base,active,1108492.0,1110781.0,1110801.0,16 17 18 19 20 21 22 23 24 25 26 27 28 29 30 31,41374.0,False
base,active,1108527.0,1110801.0,1111152.0,16 17 18 19 20 21 22 23 24 25 26 27 28 29 30 31,41375.0,False
base,active,,1111152.0,1111452.0,16 17 18 19 20 21 22 23 24 25 26 27 28 29 30 31,-1.0,
base,switching_off,,1111452.0,1113252.0,16 17 18 19 20 21 22 23 24 25 26 27 28 29 30 31,-2.0,
base,active,1109491.0,1112018.0,1112154.0,32 49 50 51 52 53 54 55 56 57 68 69 70 71 72 73 100 101 102 103 104 105 106 107 108 109 110 111 112 113 114 115,41384.0,False
base,active,,1112020.0,1112320.0,116 117 118 119 120 121 122 123,-1.0,
base,active,1110410.0,1112154.0,1112186.0,32 49 50 51 52 53 54 55 56 57 68 69 70 71 72 73 100 101 102 103 104 105 106 107 108 109 110 111 112 113 114 115,41392.0,False
base,active,1110496.0,1112186.0,1112376.0,32 49 50 51 52 53 54 55 56 57 68 69 70 71 72 73 100 101 102 103 104 105 106 107 108 109 110 111 112 113 114 115,41395.0,False
base,switching_off,,1112320.0,1114120.0,116 117 118 119 120 121 122 123,-2.0,
base,active,1111112.0,1112376.0,1112842.0,32 49 50 51 52 53 54 55 56 57 68 69 70 71 72 73 100 101 102 103 104 105 106 107 108 109 110 111 112 113 114 115,41400.0,False
base,active,1111945.0,1112842.0,1112905.0,32 49 50 51 52 53 54 55 56 57 68 69 70 71 72 73,41405.0,False
base,active,1112231.0,1112842.0,1113104.0,100 101 102 103 104 105 106 107 108 109 110 111 112 113 114 115,41410.0,False
base,active,,1112905.0,1113104.0,32 49 50 51 52 53 54 55 56 57 68 69 70 71 72 73,-1.0,
base,active,1112252.0,1113104.0,1113406.0,32 49 50 51 52 53 54 55 56 57 68 69 70 71 72 73 100 101 102 103 104 105 106 107 108 109 110 111 112 113 114 115,41411.0,False
base,active,1112738.0,1113115.0,1113427.0,0 1 2 3 4 5 6 7 8 9 10 11 12 13 14 15 33 34 35 36 37 38 39 40 41 42 43 44 45 46 47 48,41414.0,False
base,sleeping,,1113252.0,1120238.0,16 17 18 19 20 21 22,-4.0,
base,sleeping,,1113252.0,1121170.0,23 24 25 26 27 28 29 30 31,-4.0,
base,active,1113295.0,1113406.0,1113421.0,101,41422.0,False
base,active,1113228.0,1113406.0,1113428.0,100,41421.0,False
base,active,,1113406.0,1113428.0,102 103 104 105 106 107 108 109 110 111 112 113 114 115,-1.0,
base,active,1112796.0,1113406.0,1113655.0,32 49 50 51 52 53 54 55 56 57 68 69 70 71 72 73,41415.0,False
base,active,,1113421.0,1113428.0,101,-1.0,
base,active,1113311.0,1113427.0,1114176.0,0 1 2 3 4 5 6 7 8 9 10 11 12 13 14 15 33 34 35 36 37 38 39 40 41 42 43 44 45 46 47 48,41423.0,False
base,active,1113389.0,1113428.0,1113524.0,100 101 102 103 104 105 106 107 108 109 110 111 112 113 114 115,41425.0,False
base,active,,1113524.0,1113655.0,100 101 102 103 104 105 106 107 108 109 110 111 112 113 114 115,-1.0,
base,active,1113568.0,1113655.0,1113986.0,32 49 50 51 52 53 54 55 56 57 68 69 70 71 72 73 100 101 102 103 104 105 106 107 108 109 110 111 112 113 114 115,41428.0,False
base,active,1113801.0,1113986.0,1114151.0,32 49 50 51 52 53 54 55 56 57 68 69 70 71 72 73,41431.0,False
base,active,1113909.0,1113986.0,1114180.0,100 101 102 103 104 105 106 107 108 109 110 111 112 113 114 115,41432.0,False
base,sleeping,,1114120.0,1723531.0,116 117 118 119,-4.0,
base,sleeping,,1114120.0,1730505.0,120 121 122 123,-4.0,
base,active,1114047.0,1114151.0,1114228.0,32 49 50 51 52 53 54 55 56 57 68 69 70 71 72 73,41433.0,False
base,active,,1114176.0,1114180.0,1 2 3 4 5 6 7 8 9 10 11 12 13 14 15 33,-1.0,
base,active,1114133.0,1114176.0,1114195.0,0,41434.0,False
base,active,,1114176.0,1114220.0,34 35 36 37 38 39 40 41 42 43 44 45 46 47 48,-1.0,
base,active,1114155.0,1114180.0,1117176.0,1 2 3 4 5 6 7 8 9 10 11 12 13 14 15 33 100 101 102 103 104 105 106 107 108 109 110 111 112 113 114 115,41435.0,False
base,active,,1114195.0,1114220.0,0,-1.0,
base,active,1114220.0,1114220.0,1114249.0,0 34 35 36 37 38 39 40 41 42 43 44 45 46 47 48,41436.0,False
base,active,,1114228.0,1114528.0,32 49 50 51 52 53 54 55 56 57 68 69 70 71 72 73,-1.0,
base,active,,1114249.0,1114304.0,0,-1.0,
base,active,,1114249.0,1114549.0,34 35 36 37 38 39 40 41 42 43 44 45 46 47 48,-1.0,
base,active,1114304.0,1114304.0,1114310.0,0,41438.0,False
base,active,,1114310.0,1114610.0,0,-1.0,
base,switching_off,,1114528.0,1116328.0,32 49 50 51 52 53 54 55 56 57 68 69 70 71 72 73,-2.0,
base,switching_off,,1114549.0,1116349.0,34 35 36 37 38 39 40 41 42 43 44 45 46 47 48,-2.0,
base,switching_off,,1114610.0,1116410.0,0,-2.0,
base,sleeping,,1116328.0,1121170.0,32,-4.0,
base,sleeping,,1116328.0,1121194.0,49 50 51 52 53 54 55,-4.0,
base,sleeping,,1116328.0,1121503.0,56 57 68 69 70 71 72 73,-4.0,
base,sleeping,,1116349.0,1121170.0,34 35 36 37 38 39 40 41 42 43 44 45 46 47,-4.0,
base,sleeping,,1116349.0,1121194.0,48,-4.0,
base,sleeping,,1116410.0,1120238.0,0,-4.0,
base,active,1115466.0,1117176.0,1117205.0,1 2 3 4 5 6 7 8 9 10 11 12 13 14 15 33,41444.0,False
base,active,1115544.0,1117176.0,1117304.0,100 101 102 103 104 105 106 107 108 109 110 111 112 113 114 115,41445.0,False
base,active,1115636.0,1117205.0,1117224.0,1,41446.0,False
base,active,,1117205.0,1117304.0,2 3 4 5 6 7 8 9 10 11 12 13 14 15 33,-1.0,
base,active,,1117224.0,1117304.0,1,-1.0,
base,active,1116915.0,1117304.0,1117329.0,1 2 3 4 5 6 7 8 9 10 11 12 13 14 15 33 100 101 102 103 104 105 106 107 108 109 110 111 112 113 114 115,41454.0,False
base,active,1116944.0,1117329.0,1117401.0,1 2 3 4,41455.0,False
base,active,,1117329.0,1117401.0,5 6 7 8 9 10 11 12 13 14 15 33 100 101 102 103 104 105 106 107 108 109 110 111 112 113 114 115,-1.0,
base,active,1117095.0,1117401.0,1117727.0,1 2 3 4 5 6 7 8 9 10 11 12 13 14 15 33 100 101 102 103 104 105 106 107 108 109 110 111 112 113 114 115,41456.0,False
base,active,1117298.0,1117727.0,1117747.0,2,41459.0,False
base,active,1117184.0,1117727.0,1117771.0,1,41457.0,False
base,active,,1117727.0,1117771.0,3 4 5 6 7 8 9 10 11 12 13 14 15 33 100 101 102 103 104 105 106 107 108 109 110 111 112 113 114 115,-1.0,
base,active,,1117747.0,1117771.0,2,-1.0,
base,active,1117319.0,1117771.0,1119505.0,1 2 3 4 5 6 7 8 9 10 11 12 13 14 15 33 100 101 102 103 104 105 106 107 108 109 110 111 112 113 114 115,41460.0,False
base,active,,1119409.0,1119568.0,96 97 98 99,-1.0,
base,active,1118148.0,1119410.0,1119428.0,66,41467.0,False
base,active,1118067.0,1119410.0,1119463.0,58 59 60 61 62 63 64 65,41466.0,False
base,active,,1119410.0,1119463.0,67 74 75 76 77 78 79 80 81 82 83 84 85 86 87 88 89 90 91 92 93 94 95,-1.0,
base,active,,1119428.0,1119463.0,66,-1.0,
base,active,1118215.0,1119463.0,1125332.0,58 59 60 61 62 63 64 65 66 67 74 75 76 77 78 79 80 81 82 83 84 85 86 87 88 89 90 91 92 93 94 95,41468.0,False
base,active,1118286.0,1119505.0,1119568.0,1 2 3 4 5 6 7 8,41469.0,False
base,active,,1119505.0,1119568.0,13 14 15 33 100 101 102 103 104 105 106 107 108 109 110 111 112 113 114 115,-1.0,
base,active,1118302.0,1119505.0,1125287.0,9 10 11 12,41470.0,False
base,active,1118411.0,1119568.0,1119692.0,1 2 3 4 5 6 7 8 13 14 15 33 96 97 98 99 100 101 102 103 104 105 106 107 108 109 110 111 112 113 114 115,41472.0,False
base,active,1119083.0,1119692.0,1119705.0,102,41477.0,False
base,active,1118565.0,1119692.0,1119745.0,1 2 3 4 5 6 7 8,41473.0,False
base,active,1118976.0,1119692.0,1119758.0,15 33 96 97 98 99 100 101,41476.0,False
base,active,1118831.0,1119692.0,1119822.0,13 14,41474.0,False
base,active,,1119692.0,1119822.0,103 104 105 106 107 108 109 110 111 112 113 114 115,-1.0,
base,active,,1119705.0,1119822.0,102,-1.0,
base,active,,1119745.0,1119822.0,1 2 3 4 5 6 7 8,-1.0,
base,active,,1119758.0,1119822.0,15 33 96 97 98 99 100 101,-1.0,
base,active,1119098.0,1119822.0,1120577.0,1 2 3 4 5 6 7 8 13 14 15 33 96 97 98 99 100 101 102 103 104 105 106 107 108 109 110 111 112 113 114 115,41478.0,False
base,switching_on,,1120238.0,1122938.0,0 16 17 18 19 20 21 22,-3.0,
base,active,1119132.0,1120577.0,1120770.0,1 2,41479.0,False
base,active,,1120577.0,1120770.0,3 4 5 6 7 8 13 14 15 33 96 97 98 99 100 101 102 103 104 105 106 107 108 109 110 111 112 113 114 115,-1.0,
base,active,1119354.0,1120770.0,1120908.0,1 2 3 4 5 6 7 8 13 14 15 33 96 97 98 99 100 101 102 103 104 105 106 107 108 109 110 111 112 113 114 115,41482.0,False
base,active,1119391.0,1120908.0,1121131.0,1 2 3 4,41484.0,False
base,active,,1120908.0,1121131.0,5 6 7 8 13 14 15 33 96 97 98 99 100 101 102 103 104 105 106 107 108 109 110 111 112 113 114 115,-1.0,
base,active,1119559.0,1121131.0,1121682.0,1 2 3 4 5 6 7 8 13 14 15 33 96 97 98 99 100 101 102 103 104 105 106 107 108 109 110 111 112 113 114 115,41487.0,False
base,switching_on,,1121170.0,1123870.0,23 24 25 26 27 28 29 30 31 32 34 35 36 37 38 39 40 41 42 43 44 45 46 47,-3.0,
base,switching_on,,1121194.0,1123894.0,48 49 50 51 52 53 54 55,-3.0,
base,switching_on,,1121503.0,1124203.0,56 57 68 69 70 71 72 73,-3.0,
base,active,1119901.0,1121682.0,1121719.0,104,41491.0,False
base,active,1119906.0,1121682.0,1121732.0,105 106 107 108 109 110 111 112,41492.0,False
base,active,1119689.0,1121682.0,1121738.0,1 2 3 4 5 6 7 8,41488.0,False
base,active,1119769.0,1121682.0,1121743.0,96 97 98 99 100 101 102 103,41490.0,False
base,active,1119696.0,1121682.0,1121970.0,13 14 15 33,41489.0,False
base,active,,1121682.0,1121970.0,113 114 115,-1.0,
base,active,,1121719.0,1121970.0,104,-1.0,
base,active,1120009.0,1121732.0,1121790.0,105 106 107 108 109 110 111 112,41493.0,False
base,active,,1121738.0,1121970.0,1 2 3 4 5 6 7 8,-1.0,
base,active,,1121743.0,1121970.0,96 97 98 99 100 101 102 103,-1.0,
base,active,,1121790.0,1121970.0,105 106 107 108 109 110 111 112,-1.0,
base,active,1120025.0,1121970.0,1129193.0,1 2 3 4 5 6 7 8 13 14 15 33 96 97 98 99 100 101 102 103 104 105 106 107 108 109 110 111 112 113 114 115,41494.0,False
base,active,1120238.0,1122938.0,1123020.0,0 16 17 18 19 20 21 22,41496.0,False
base,active,1120494.0,1123020.0,1123106.0,0 16 17 18 19 20 21 22,41497.0,False
base,active,1120615.0,1123106.0,1123164.0,0 16 17 18 19 20 21 22,41499.0,False
base,active,1120813.0,1123164.0,1123227.0,0 16 17 18 19 20 21 22,41500.0,False
base,active,1120891.0,1123227.0,1123673.0,0 16 17 18,41501.0,False
base,active,,1123227.0,1123870.0,19 20 21 22,-1.0,
base,active,,1123673.0,1123870.0,0 16 17 18,-1.0,
base,active,1121170.0,1123870.0,1124035.0,0 16 17 18 19 20 21 22 23 24 25 26 27 28 29 30 31 32 34 35 36 37 38 39 40 41 42 43 44 45 46 47,41507.0,False
base,active,1121194.0,1123894.0,1124036.0,48 49 50 51 52 53 54 55,41508.0,False
base,active,1121405.0,1124035.0,1124375.0,0 16 17 18 19 20 21 22 23 24 25 26 27 28 29 30 31 32 34 35 36 37 38 39 40 41 42 43 44 45 46 47,41509.0,False
base,active,,1124036.0,1124203.0,48 49 50 51 52 53 54 55,-1.0,
base,active,1121503.0,1124203.0,1124393.0,48 49 50 51 52 53 54 55 56 57 68 69 70 71 72 73,41510.0,False
base,active,,1124375.0,1124393.0,19 20 21 22 23 24 25 26 27 28 29 30 31 32 34 35,-1.0,
base,active,,1124375.0,1124404.0,36 37 38 39 40 41 42 43 44 45 46 47,-1.0,
base,active,1121706.0,1124375.0,1124658.0,0 16 17 18,41512.0,False
base,active,1121756.0,1124393.0,1124404.0,19 20 21 22 23 24 25 26 27 28 29 30 31 32 34 35 48 49 50 51 52 53 54 55 56 57 68 69 70 71 72 73,41513.0,False
base,active,1122218.0,1124404.0,1124569.0,44 45 46 47,41517.0,False
base,active,1121821.0,1124404.0,1131667.0,36 37 38 39 40 41 42 43,41515.0,False
base,active,1121791.0,1124404.0,1131697.0,19 20 21 22 23 24 25 26 27 28 29 30 31 32 34 35 48 49 50 51 52 53 54 55 56 57 68 69 70 71 72 73,41514.0,False
base,active,,1124569.0,1124658.0,44 45 46 47,-1.0,
base,active,1122625.0,1124658.0,1124698.0,0 16 17 18 44 45 46 47,41522.0,False
base,active,1122891.0,1124698.0,1124738.0,0 16 17 18 44 45 46 47,41524.0,False
base,active,1123047.0,1124738.0,1124797.0,0 16 17 18 44 45 46 47,41525.0,False
base,active,1123455.0,1124797.0,1124817.0,44 45 46 47,41528.0,False
base,active,1123420.0,1124797.0,1124820.0,0 16 17 18,41527.0,False
base,active,1123464.0,1124817.0,1124824.0,44,41529.0,False
base,active,1123479.0,1124817.0,1124838.0,45,41530.0,False
base,active,,1124817.0,1124838.0,46 47,-1.0,
base,active,,1124820.0,1124838.0,0 16 17 18,-1.0,
base,active,,1124824.0,1124838.0,44,-1.0,
base,active,1123507.0,1124838.0,1124913.0,0 16 17 18 44 45 46 47,41531.0,False
base,active,1123560.0,1124913.0,1124937.0,0 16 17 18,41532.0,False
base,active,1123615.0,1124913.0,1124956.0,44 45 46 47,41533.0,False
base,active,1123863.0,1124937.0,1125031.0,0 16 17 18,41535.0,False
base,active,,1124956.0,1125031.0,44 45 46 47,-1.0,
base,active,1123940.0,1125031.0,1125072.0,0 16 17 18 44 45 46 47,41536.0,False
base,active,1123996.0,1125072.0,1125134.0,0 16 17 18 44 45 46 47,41537.0,False
base,active,1124098.0,1125134.0,1125303.0,0 16,41539.0,False
base,active,,1125134.0,1125332.0,17 18 44 45 46 47,-1.0,
base,active,,1125287.0,1125332.0,9 10 11 12,-1.0,
base,active,,1125303.0,1125332.0,0 16,-1.0,
base,active,1124433.0,1125332.0,1126030.0,11 12 17 18 44 45 46 47,41545.0,False
base,active,1124189.0,1125332.0,1130227.0,0 9 10 16,41542.0,False
base,active,1124118.0,1125332.0,1130298.0,58 59 60 61 62 63 64 65 66 67 74 75 76 77 78 79 80 81 82 83 84 85 86 87 88 89 90 91 92 93 94 95,41541.0,False
base,active,1125648.0,1126030.0,1126538.0,11 12 17 18,41548.0,False
base,active,1125656.0,1126030.0,1127059.0,44 45 46 47,41549.0,False
base,active,,1126538.0,1126732.0,11 12 17 18,-1.0,
base,active,1126732.0,1126732.0,1127178.0,11 12 17 18,41555.0,False
base,active,,1127059.0,1127063.0,44 45 46 47,-1.0,
base,active,1127063.0,1127063.0,1127085.0,44 45 46 47,41557.0,False
base,active,,1127085.0,1127250.0,44,-1.0,
base,active,,1127085.0,1127385.0,45 46 47,-1.0,
base,active,,1127178.0,1127211.0,11 12 17 18,-1.0,
base,active,1127211.0,1127211.0,1128292.0,11 12 17 18,41558.0,False
base,active,1127250.0,1127250.0,1127306.0,44,41559.0,False
base,active,,1127306.0,1127606.0,44,-1.0,
base,switching_off,,1127385.0,1129185.0,45 46 47,-2.0,
base,switching_off,,1127606.0,1129406.0,44,-2.0,
base,active,,1128292.0,1128592.0,12 17 18,-1.0,
base,active,,1128292.0,1129193.0,11,-1.0,
base,switching_off,,1128592.0,1130392.0,12 17 18,-2.0,
base,sleeping,,1129185.0,1142079.0,45 46 47,-4.0,
base,active,1127894.0,1129193.0,1129219.0,11,41566.0,False
base,active,1127375.0,1129193.0,1130284.0,1 2 3 4 5 6 7 8 13 14 15 33 96 97 98 99 100 101 102 103 104 105 106 107 108 109 110 111 112 113 114 115,41562.0,False
base,active,,1129219.0,1130284.0,11,-1.0,
base,sleeping,,1129406.0,1130903.0,44,-4.0,
base,active,,1130227.0,1130284.0,0 9 10 16,-1.0,
base,active,1129076.0,1130284.0,1130292.0,9 10 11 16,41571.0,False
base,active,1128873.0,1130284.0,1130305.0,0,41569.0,False
base,active,1128506.0,1130284.0,1130862.0,1 2 3 4 5 6 7 8 13 14 15 33 96 97 98 99 100 101 102 103 104 105 106 107 108 109 110 111 112 113 114 115,41568.0,False
base,active,,1130292.0,1130592.0,16,-1.0,
base,active,,1130292.0,1131667.0,9 10 11,-1.0,
base,active,1129766.0,1130298.0,1135557.0,58 59 60 61 62 63 64 65 66 67 74 75 76 77 78 79 80 81 82 83 84 85 86 87 88 89 90 91 92 93 94 95,41572.0,False
base,active,,1130305.0,1131667.0,0,-1.0,
base,sleeping,,1130392.0,1130903.0,12 17 18,-4.0,
base,switching_off,,1130592.0,1132392.0,16,-2.0,
base,active,1129789.0,1130862.0,1131359.0,1 2 3 4 5 6 7 8 13 14 15 33 96 97 98 99 100 101 102 103 104 105 106 107 108 109 110 111 112 113 114 115,41573.0,False
base,switching_on,,1130903.0,1133603.0,12 17 18 44,-3.0,
base,active,1129864.0,1131359.0,1131382.0,13 14 15 33,41575.0,False
base,active,1129907.0,1131359.0,1131395.0,100 101 102 103,41577.0,False
base,active,,1131359.0,1131667.0,104 105 106 107 108 109 110 111 112 113 114 115,-1.0,
base,active,1129854.0,1131359.0,1131791.0,1 2 3 4 5 6 7 8,41574.0,False
base,active,1129885.0,1131359.0,1136500.0,96 97 98 99,41576.0,False
base,active,,1131382.0,1131667.0,13 14 15 33,-1.0,
base,active,,1131395.0,1131667.0,100 101 102 103,-1.0,
base,active,1129910.0,1131667.0,1134124.0,0 9 10 11 13 14 15 33 36 37 38 39 40 41 42 43 100 101 102 103 104 105 106 107 108 109 110 111 112 113 114 115,41578.0,False
base,active,1130173.0,1131697.0,1131718.0,23 24 25 26,41581.0,False
base,active,1130244.0,1131697.0,1131726.0,31,41583.0,False
base,active,1130247.0,1131697.0,1131774.0,32 34 35 48,41584.0,False
base,active,,1131697.0,1131791.0,49 50 51 52 53 54 55 56 57 68 69 70 71 72 73,-1.0,
base,active,1130041.0,1131697.0,1131814.0,19 20 21 22,41579.0,False
base,active,1130226.0,1131697.0,1131873.0,27 28 29 30,41582.0,False
base,active,,1131718.0,1131791.0,23 24 25 26,-1.0,
base,active,,1131726.0,1131791.0,31,-1.0,
base,active,,1131774.0,1131791.0,32 34 35 48,-1.0,
base,active,1130316.0,1131791.0,1138672.0,1 2 3 4 5 6 7 8 23 24 25 26 31 32 34 35 48 49 50 51 52 53 54 55 56 57 68 69 70 71 72 73,41585.0,False
base,active,,1131814.0,1131873.0,19 20 21 22,-1.0,
base,active,1130353.0,1131873.0,1138720.0,19 20 21 22 27 28 29 30,41586.0,False
base,sleeping,,1132392.0,1142079.0,16,-4.0,
base,active,1130903.0,1133603.0,1133678.0,12 17 18 44,41588.0,False
base,active,1132369.0,1133678.0,1133697.0,17,41595.0,False
base,active,1131566.0,1133678.0,1133700.0,12,41593.0,False
base,active,,1133678.0,1133978.0,18 44,-1.0,
base,active,,1133697.0,1133997.0,17,-1.0,
base,active,,1133700.0,1134000.0,12,-1.0,
base,switching_off,,1133978.0,1135778.0,18 44,-2.0,
base,switching_off,,1133997.0,1135797.0,17,-2.0,
base,switching_off,,1134000.0,1135800.0,12,-2.0,
base,active,1132446.0,1134124.0,1134900.0,0 9 10 11 13 14 15 33 36 37 38 39 40 41 42 43 100 101 102 103 104 105 106 107 108 109 110 111 112 113 114 115,41597.0,False
base,active,1133346.0,1134900.0,1138512.0,0 9 10 11 13 14 15 33 36 37 38 39 40 41 42 43 100 101 102 103 104 105 106 107 108 109 110 111 112 113 114 115,41599.0,False
base,active,1134731.0,1135557.0,1135579.0,59,41607.0,False
base,active,1135009.0,1135557.0,1135582.0,60,41608.0,False
base,active,1134260.0,1135557.0,1135671.0,58,41605.0,False
base,active,,1135557.0,1135671.0,61 62 63 64 65 66 67 74 75 76 77 78 79 80 81 82 83 84 85 86 87 88 89 90 91 92 93 94 95,-1.0,
base,active,,1135579.0,1135671.0,59,-1.0,
base,active,,1135582.0,1135671.0,60,-1.0,
base,active,1135066.0,1135671.0,1136266.0,58 59 60 61 62 63 64 65 66 67 74 75 76 77 78 79 80 81 82 83 84 85 86 87 88 89 90 91 92 93 94 95,41609.0,False
base,sleeping,,1135778.0,1142079.0,18 44,-4.0,
base,sleeping,,1135797.0,1142079.0,17,-4.0,
base,sleeping,,1135800.0,1142079.0,12,-4.0,
base,active,1135075.0,1136266.0,1136381.0,58,41610.0,False
base,active,,1136266.0,1136500.0,63 64 65 66 67 74 75 76 77 78 79 80 81 82 83 84 85 86 87 88 89 90 91 92 93 94 95,-1.0,
base,active,1135135.0,1136266.0,1136793.0,59 60 61 62,41611.0,False
base,active,,1136381.0,1136500.0,58,-1.0,
base,active,1135682.0,1136500.0,1141164.0,58 63 64 65 66 67 74 75 76 77 78 79 80 81 82 83 84 85 86 87 88 89 90 91 92 93 94 95 96 97 98 99,41613.0,False
base,active,1135748.0,1136793.0,1141392.0,59 60 61 62,41615.0,False
base,active,1136939.0,1138512.0,1138517.0,9,41622.0,False
base,active,1137016.0,1138512.0,1138529.0,11,41624.0,False
base,active,1135927.0,1138512.0,1138532.0,0,41619.0,False
base,active,1136960.0,1138512.0,1138540.0,10,41623.0,False
base,active,1137050.0,1138512.0,1138611.0,13,41625.0,False
base,active,,1138512.0,1138611.0,14 15 33 36 37 38 39 40 41 42 43 100 101 102 103 104 105 106 107 108 109 110 111 112 113 114 115,-1.0,
base,active,,1138517.0,1138611.0,9,-1.0,
base,active,,1138529.0,1138611.0,11,-1.0,
base,active,,1138532.0,1138611.0,0,-1.0,
base,active,,1138540.0,1138611.0,10,-1.0,
base,active,1137079.0,1138611.0,1140214.0,0 9 10 11 13 14 15 33 36 37 38 39 40 41 42 43 100 101 102 103 104 105 106 107 108 109 110 111 112 113 114 115,41626.0,False
base,active,,1138672.0,1138683.0,2,-1.0,
base,active,1138606.0,1138672.0,1138689.0,1,41629.0,False
base,active,,1138672.0,1138729.0,3 4 5 6 7 8 23 24 25 26 31 32 34 35 48 49 50 51 52 53 54 55,-1.0,
base,active,,1138672.0,1138972.0,56 57 68 69 70 71 72 73,-1.0,
base,active,1138683.0,1138683.0,1138700.0,2,41630.0,False
base,active,,1138689.0,1138729.0,1,-1.0,
base,active,,1138700.0,1138729.0,2,-1.0,
base,active,,1138720.0,1138729.0,19 20 21 22 27 28 29 30,-1.0,
base,active,1138729.0,1138729.0,1139604.0,1 2 3 4 5 6 7 8 19 20 21 22 23 24 25 26 27 28 29 30 31 32 34 35 48 49 50 51 52 53 54 55,41631.0,False
base,switching_off,,1138972.0,1140772.0,56 57 68 69 70 71 72 73,-2.0,
base,active,,1139604.0,1139648.0,1 2 3 4 5 6 7 8 19 20 21 22 23 24 25 26 27 28 29 30 31 32 34 35 48 49 50 51 52 53 54 55,-1.0,
base,active,1139648.0,1139648.0,1142024.0,1 2 3 4 5 6 7 8 19 20 21 22 23 24 25 26 27 28 29 30 31 32 34 35 48 49 50 51 52 53 54 55,41632.0,False
base,active,1139994.0,1140214.0,1140226.0,0 9 10 11 13 14 15 33 36 37 38 39 40 41 42 43 100 101 102 103 104 105 106 107 108 109 110 111 112 113 114 115,41633.0,False
base,active,,1140226.0,1140363.0,0 9 10 11 13 14 15 33 36 37 38 39 40 41 42 43 100 101 102 103 104 105 106 107 108 109 110 111 112 113 114 115,-1.0,
base,active,1140363.0,1140363.0,1154925.0,0 9 10 11 13 14 15 33 36 37 38 39 40 41 42 43 100 101 102 103 104 105 106 107 108 109 110 111 112 113 114 115,41634.0,False
base,sleeping,,1140772.0,1148023.0,56,-4.0,
base,sleeping,,1140772.0,1161140.0,57 68 69,-4.0,
base,sleeping,,1140772.0,1690717.0,70 71,-4.0,
base,sleeping,,1140772.0,1717936.0,72 73,-4.0,
base,active,,1141164.0,1141392.0,66 67 74 75 76 77 78 79 80 81 82 83 84 85 86 87 88 89 90 91 92 93 94 95 96 97 98 99,-1.0,
base,active,1140428.0,1141164.0,1165270.0,58 63 64 65,41635.0,False
base,active,1140707.0,1141392.0,1165214.0,59 60 61 62 66 67 74 75 76 77 78 79 80 81 82 83 84 85 86 87 88 89 90 91 92 93 94 95 96 97 98 99,41636.0,False
base,active,,1142024.0,1142029.0,19,-1.0,
base,active,,1142024.0,1142035.0,20,-1.0,
base,active,,1142024.0,1144779.0,21 22 23 24 25 26 27 28 29 30 31 32 34 35 48 49 50 51 52 53 54 55,-1.0,
base,active,1140739.0,1142024.0,1165814.0,1 2 3 4 5 6 7 8,41637.0,False
base,active,1142029.0,1142029.0,1142050.0,19,41638.0,False
base,active,1142035.0,1142035.0,1142045.0,20,41639.0,False
base,active,,1142045.0,1144779.0,20,-1.0,
base,active,,1142050.0,1144779.0,19,-1.0,
base,switching_on,,1142079.0,1144779.0,12 16 17 18 44 45 46 47,-3.0,
base,active,1142079.0,1144779.0,1147159.0,12 16 17 18 19 20 21 22 23 24 25 26 27 28 29 30 31 32 34 35 44 45 46 47 48 49 50 51 52 53 54 55,41640.0,False
base,active,1144465.0,1147159.0,1147167.0,16,41642.0,False
base,active,1144461.0,1147159.0,1147179.0,12,41641.0,False
base,active,,1147159.0,1147179.0,17 18 19 20 21 22 23 24 25 26 27 28 29 30 31 32 34 35 44 45 46 47 48 49 50 51 52 53 54 55,-1.0,
base,active,,1147167.0,1147179.0,16,-1.0,
base,active,1144510.0,1147179.0,1149572.0,12 16 17 18 19 20 21 22 23 24 25 26 27 28 29 30 31 32 34 35 44 45 46 47 48 49 50 51 52 53 54 55,41643.0,False
base,switching_on,,1148023.0,1150723.0,56,-3.0,
base,active,1146905.0,1149572.0,1149598.0,12,41644.0,False
base,active,,1149572.0,1149598.0,16 17 18 19 20 21 22 23 24 25 26 27 28 29 30 31 32 34 35 44 45 46 47 48 49 50 51 52 53 54 55,-1.0,
base,active,1147227.0,1149598.0,1151929.0,12 16 17 18 19 20 21 22 23 24 25 26 27 28 29 30 31 32 34 35 44 45 46 47 48 49 50 51 52 53 54 55,41645.0,False
base,active,1148023.0,1150723.0,1150740.0,56,41646.0,False
base,active,1149560.0,1150740.0,1150765.0,56,41647.0,False
base,active,1150679.0,1150765.0,1150774.0,56,41648.0,False
base,active,,1150774.0,1151074.0,56,-1.0,
base,switching_off,,1151074.0,1152874.0,56,-2.0,
base,active,1150790.0,1151929.0,1152763.0,12 16 17 18 19 20 21 22 23 24 25 26 27 28 29 30 31 32 34 35 44 45 46 47 48 49 50 51 52 53 54 55,41649.0,False
base,active,,1152763.0,1153063.0,12 16 17 18 19 20 21 22 23 24 25 26 27 28 29 30 31 32 34 35 44 45 46 47 48 49 50 51 52 53 54 55,-1.0,
base,sleeping,,1152874.0,1161140.0,56,-4.0,
base,switching_off,,1153063.0,1154863.0,12 16 17 18 19 20 21 22 23 24 25 26 27 28 29 30 31 32 34 35 44 45 46 47 48 49 50 51 52 53 54 55,-2.0,
base,sleeping,,1154863.0,1154931.0,12 16 17 18 19 20 21 22 23 24 25 26 27 28 29 30 31 32 34 35 44 45 46 47 48 49 50 51 52 53 54 55,-4.0,
base,active,,1154925.0,1157631.0,0 9 10 11 13 14 15 33 36 37 38 39 40 41 42 43 100 101 102 103 104 105 106 107 108 109 110 111 112 113 114 115,-1.0,
base,switching_on,,1154931.0,1157631.0,12 16 17 18 19 20 21 22 23 24 25 26 27 28 29 30 31 32 34 35 44 45 46 47 48 49 50 51 52 53 54 55,-3.0,
base,active,1154931.0,1157631.0,1167227.0,0 9 10 11 12 13 14 15 16 17 18 19 20 21 22 23 24 25 26 27 28 29 30 31 32 33 34 35 36 37 38 39 40 41 42 43 44 45 46 47 48 49 50 51 52 53 54 55 100 101 102 103 104 105 106 107 108 109 110 111 112 113 114 115,41650.0,False
base,switching_on,,1161140.0,1163840.0,56 57 68 69,-3.0,
base,active,1161140.0,1163840.0,1164015.0,56 57 68 69,41651.0,False
base,active,1162001.0,1164015.0,1164453.0,56 57 68 69,41652.0,False
base,active,1162757.0,1164453.0,1164591.0,56 57 68 69,41653.0,False
base,active,1162935.0,1164591.0,1164616.0,56 57 68 69,41654.0,False
base,active,1163021.0,1164616.0,1164639.0,56 57 68 69,41655.0,False
base,active,1163198.0,1164639.0,1164661.0,56 57,41656.0,False
base,active,,1164639.0,1164939.0,68 69,-1.0,
base,active,,1164661.0,1164961.0,56 57,-1.0,
base,switching_off,,1164939.0,1166739.0,68 69,-2.0,
base,switching_off,,1164961.0,1166761.0,56 57,-2.0,
base,active,,1165214.0,1165514.0,59 60 61 62 66 67 74 75 76 77 78 79 80 81 82 83 84 85 86 87 88 89 90 91 92 93 94 95 96 97 98 99,-1.0,
base,active,,1165270.0,1165570.0,58 63 64 65,-1.0,
base,switching_off,,1165514.0,1167314.0,59 60 61 62 66 67 74 75 76 77 78 79 80 81 82 83 84 85 86 87 88 89 90 91 92 93 94 95 96 97 98 99,-2.0,
base,switching_off,,1165570.0,1167370.0,58 63 64 65,-2.0,
base,active,,1165814.0,1166114.0,1 2 3 4 5 6 7 8,-1.0,
base,switching_off,,1166114.0,1167914.0,1 2 3 4 5 6 7 8,-2.0,
base,sleeping,,1166739.0,1690717.0,68 69,-4.0,
base,sleeping,,1166761.0,1682786.0,56 57,-4.0,
base,active,1164538.0,1167227.0,1172364.0,0 9 10 11 12 13 14 15 16 17 18 19 20 21 22 23 24 25 26 27 28 29 30 31 32 33 34 35 36 37 38 39 40 41 42 43 44 45 46 47 48 49 50 51 52 53 54 55 100 101 102 103 104 105 106 107 108 109 110 111 112 113 114 115,41657.0,False
base,sleeping,,1167314.0,1682786.0,59 60 61 62,-4.0,
base,sleeping,,1167314.0,1690717.0,66 67,-4.0,
base,sleeping,,1167314.0,1717936.0,74 75 76 77 78 79,-4.0,
base,sleeping,,1167314.0,1718002.0,80 81 82 83 84 85 86 87 88 89 90 91 92 93 94 95 96 97 98 99,-4.0,
base,sleeping,,1167370.0,1682786.0,58 63,-4.0,
base,sleeping,,1167370.0,1690717.0,64 65,-4.0,
base,sleeping,,1167914.0,1682786.0,1 2 3 4 5 6 7 8,-4.0,
base,active,,1172364.0,1172664.0,0 9 10 11 12 13 14 15 16 17 18 19 20 21 22 23 24 25 26 27 28 29 30 31 32 33 34 35 36 37 38 39 40 41 42 43 44 45 46 47 48 49 50 51 52 53 54 55 100 101 102 103 104 105 106 107 108 109 110 111 112 113 114 115,-1.0,
base,switching_off,,1172664.0,1174464.0,0 9 10 11 12 13 14 15 16 17 18 19 20 21 22 23 24 25 26 27 28 29 30 31 32 33 34 35 36 37 38 39 40 41 42 43 44 45 46 47 48 49 50 51 52 53 54 55 100 101 102 103 104 105 106 107 108 109 110 111 112 113 114 115,-2.0,
base,sleeping,,1174464.0,1682786.0,0 9 10 11 12 13 14 15 16 17 18 19 20 21 22 23 24 25 26 27 28 29 30 31 32 33 34 35 36 37 38 39 40 41 42 43 44 45 46 47 48 49 50 51 52 53 54 55,-4.0,
base,sleeping,,1174464.0,1718002.0,100 101 102 103,-4.0,
base,sleeping,,1174464.0,1722162.0,104 105 106 107 108 109 110 111,-4.0,
base,sleeping,,1174464.0,1723531.0,112 113 114 115,-4.0,
base,switching_on,,1682786.0,1685486.0,0 1 2 3 4 5 6 7 8 9 10 11 12 13 14 15 16 17 18 19 20 21 22 23 24 25 26 27 28 29 30 31 32 33 34 35 36 37 38 39 40 41 42 43 44 45 46 47 48 49 50 51 52 53 54 55 56 57 58 59 60 61 62 63,-3.0,
base,active,1682786.0,1685486.0,1685792.0,0 1 2 3 4 5 6 7 8 9 10 11 12 13 14 15 16 17 18 19 20 21 22 23 24 25 26 27 28 29 30 31 32 33 34 35 36 37 38 39 40 41 42 43 44 45 46 47 48 49 50 51 52 53 54 55 56 57 58 59 60 61 62 63,41679.0,False
base,active,1683107.0,1685792.0,1695361.0,0 1 2 3 4 5 6 7 8 9 10 11 12 13 14 15 16 17 18 19 20 21 22 23 24 25 26 27 28 29 30 31 32 33 34 35 36 37 38 39 40 41 42 43 44 45 46 47 48 49 50 51 52 53 54 55 56 57 58 59 60 61 62 63,41680.0,False
base,switching_on,,1690717.0,1693417.0,64 65 66 67 68 69 70 71,-3.0,
base,active,1690717.0,1693417.0,1694718.0,64 65 66 67 68 69 70 71,41702.0,False
base,active,,1694718.0,1695018.0,64 65 66 67 68 69 70 71,-1.0,
base,switching_off,,1695018.0,1696818.0,64 65 66 67 68 69 70 71,-2.0,
base,active,1692675.0,1695361.0,1705014.0,0 1 2 3 4 5 6 7 8 9 10 11 12 13 14 15 16 17 18 19 20 21 22 23 24 25 26 27 28 29 30 31 32 33 34 35 36 37 38 39 40 41 42 43 44 45 46 47 48 49 50 51 52 53 54 55 56 57 58 59 60 61 62 63,41709.0,False
base,sleeping,,1696818.0,1717909.0,64 65 66 67 68 69 70 71,-4.0,
base,active,,1705014.0,1705314.0,0 1 2 3 4 5 6 7 8 9 10 11 12 13 14 15 16 17 18 19 20 21 22 23 24 25 26 27 28 29 30 31 32 33 34 35 36 37 38 39 40 41 42 43 44 45 46 47 48 49 50 51 52 53 54 55 56 57 58 59 60 61 62 63,-1.0,
base,switching_off,,1705314.0,1707114.0,0 1 2 3 4 5 6 7 8 9 10 11 12 13 14 15 16 17 18 19 20 21 22 23 24 25 26 27 28 29 30 31 32 33 34 35 36 37 38 39 40 41 42 43 44 45 46 47 48 49 50 51 52 53 54 55 56 57 58 59 60 61 62 63,-2.0,
base,sleeping,,1707114.0,1709237.0,0 1 2 3 4 5 6 7 8 9 10 11 12 13 14 15 16 17 18 19 20 21 22 23 24 25 26 27 28 29 30 31,-4.0,
base,sleeping,,1707114.0,1712272.0,32,-4.0,
base,sleeping,,1707114.0,1713050.0,33 34 35 36 37 38 39,-4.0,
base,sleeping,,1707114.0,1717909.0,40 41 42 43 44 45 46 47 48 49 50 51 52 53 54 55 56 57 58 59 60 61 62 63,-4.0,
base,switching_on,,1709237.0,1711937.0,0 1 2 3 4 5 6 7 8 9 10 11 12 13 14 15 16 17 18 19 20 21 22 23 24 25 26 27 28 29 30 31,-3.0,
base,active,1709237.0,1711937.0,1720787.0,0 1 2 3 4 5 6 7 8 9 10 11 12 13 14 15 16 17 18 19 20 21 22 23 24 25 26 27 28 29 30 31,41770.0,False
base,switching_on,,1712272.0,1714972.0,32,-3.0,
base,switching_on,,1713050.0,1715750.0,33 34 35 36 37 38 39,-3.0,
base,active,1712272.0,1714972.0,1714975.0,32,41780.0,False
base,active,1712887.0,1714975.0,1714992.0,32,41786.0,False
base,active,,1714992.0,1715750.0,32,-1.0,
base,active,1713050.0,1715750.0,1715818.0,32 33 34 35 36 37 38 39,41787.0,False
base,active,1714067.0,1715818.0,1715888.0,32 33 34 35 36 37 38 39,41790.0,False
base,active,1715030.0,1715888.0,1715940.0,32 33 34 35 36 37 38 39,41796.0,False
base,active,,1715940.0,1716148.0,32 33 34 35 36 37 38 39,-1.0,
base,active,1716148.0,1716148.0,1716231.0,32 33 34 35 36 37 38 39,41799.0,False
base,active,,1716231.0,1716531.0,32 33 34 35 36 37 38 39,-1.0,
base,switching_off,,1716531.0,1718331.0,32 33 34 35 36 37 38 39,-2.0,
base,switching_on,,1717909.0,1720609.0,40 41 42 43 44 45 46 47 48 49 50 51 52 53 54 55 56 57 58 59 60 61 62 63 64 65 66 67 68 69 70 71,-3.0,
base,switching_on,,1717936.0,1720636.0,72 73 74 75 76 77 78 79,-3.0,
base,switching_on,,1718002.0,1720702.0,80 81 82 83 84 85 86 87 88 89 90 91 92 93 94 95 96 97 98 99 100 101 102 103,-3.0,
base,sleeping,,1718331.0,1718682.0,32 33 34 35 36 37 38 39,-4.0,
base,switching_on,,1718682.0,1721382.0,32 33 34 35 36 37 38 39,-3.0,
base,active,1717909.0,1720609.0,1720656.0,40 41 42 43 44 45 46 47 48 49 50 51 52 53 54 55 56 57 58 59 60 61 62 63 64 65 66 67 68 69 70 71,41803.0,False
base,active,1717936.0,1720636.0,1720657.0,72 73 74 75 76 77 78 79,41804.0,False
base,active,,1720656.0,1720702.0,40 41 42 43 44 45 46 47 48 49 50 51 52 53 54 55 56 57 58 59 60 61 62 63 64 65 66 67 68 69 70 71,-1.0,
base,active,,1720657.0,1720702.0,72 73 74 75 76 77 78 79,-1.0,
base,active,1718002.0,1720702.0,1720803.0,40 41 42 43 44 45 46 47 48 49 50 51 52 53 54 55 56 57 58 59 60 61 62 63 64 65 66 67 68 69 70 71 72 73 74 75 76 77 78 79 80 81 82 83 84 85 86 87 88 89 90 91 92 93 94 95 96 97 98 99 100 101 102 103,41805.0,False
base,active,1718013.0,1720787.0,1720821.0,0 1 2 3 4 5 6 7 8 9 10 11 12 13 14 15 16 17 18 19 20 21 22 23 24 25 26 27 28 29 30 31,41806.0,False
base,active,,1720803.0,1721382.0,80 81 82 83 84 85 86 87 88 89 90 91 92 93 94 95 96 97 98 99 100 101 102 103,-1.0,
base,active,1718127.0,1720803.0,1744762.0,72 73 74 75 76 77 78 79,41808.0,False
base,active,1718095.0,1720803.0,1744794.0,40 41 42 43 44 45 46 47 48 49 50 51 52 53 54 55 56 57 58 59 60 61 62 63 64 65 66 67 68 69 70 71,41807.0,False
base,active,,1720821.0,1721382.0,0 1 2 3 4 5 6 7 8 9 10 11 12 13 14 15 16 17 18 19 20 21 22 23 24 25 26 27 28 29 30 31,-1.0,
base,active,1718682.0,1721382.0,1721406.0,0 1 2 3 4 5 6 7 8 9 10 11 12 13 14 15 16 17 18 19 20 21 22 23 24 25 26 27 28 29 30 31 32 33 34 35 36 37 38 39 80 81 82 83 84 85 86 87 88 89 90 91 92 93 94 95 96 97 98 99 100 101 102 103,41814.0,False
base,active,1721049.0,1721406.0,1721419.0,9,41825.0,False
base,active,1720423.0,1721406.0,1721428.0,8,41823.0,False
base,active,1718745.0,1721406.0,1721467.0,0 1 2 3 4 5 6 7,41815.0,False
base,active,,1721406.0,1721467.0,82 83 84 85 86 87 88 89 90 91 92 93 94 95 96 97 98 99 100 101 102 103,-1.0,
base,active,1721169.0,1721406.0,1721595.0,10 11 12 13 14 15 16 17 18 19 20 21 22 23 24 25 26 27 28 29 30 31 32 33 34 35 36 37 38 39 80 81,41826.0,False
base,active,,1721419.0,1721467.0,9,-1.0,
base,active,,1721428.0,1721467.0,8,-1.0,
base,active,1721463.0,1721467.0,1726231.0,0 1 2 3 4 5 6 7 8 9 82 83 84 85 86 87 88 89 90 91 92 93 94 95 96 97 98 99 100 101 102 103,41827.0,False
base,active,,1721595.0,1721895.0,10 11 12 13 14 15 16 17 18 19 20 21 22 23 24 25 26 27 28 29 30 31 32 33 34 35 36 37 38 39 80 81,-1.0,
base,switching_off,,1721895.0,1723695.0,10 11 12 13 14 15 16 17 18 19 20 21 22 23 24 25 26 27 28 29 30 31 32 33 34 35 36 37 38 39 80 81,-2.0,
base,switching_on,,1722162.0,1724862.0,104 105 106 107 108 109 110 111,-3.0,
base,switching_on,,1723531.0,1726231.0,112 113 114 115 116 117 118 119,-3.0,
base,sleeping,,1723695.0,1728714.0,10,-4.0,
base,sleeping,,1723695.0,1728753.0,11,-4.0,
base,sleeping,,1723695.0,1728795.0,12 13,-4.0,
base,sleeping,,1723695.0,1728896.0,14 15 16 17,-4.0,
base,sleeping,,1723695.0,1728991.0,18 19 20 21 22 23 24 25,-4.0,
base,sleeping,,1723695.0,1729113.0,26 27 28 29 30 31 32 33 34 35 36 37 38 39 80 81,-4.0,
base,active,1722162.0,1724862.0,1724921.0,104 105 106 107 108 109 110 111,41832.0,False
base,active,,1724921.0,1726231.0,104 105 106 107 108 109 110 111,-1.0,
base,active,1723331.0,1726231.0,1726255.0,104 105 106 107 108 109 110 111,41838.0,False
base,active,1722831.0,1726231.0,1726269.0,112 113 114 115 116 117 118 119,41837.0,False
base,active,1722662.0,1726231.0,1726456.0,0 1 2 3 4 5 6 7 8 9 82 83 84 85 86 87 88 89 90 91 92 93 94 95 96 97 98 99 100 101 102 103,41835.0,False
base,active,1726187.0,1726255.0,1726271.0,104,41852.0,False
base,active,,1726255.0,1726555.0,105 106 107 108 109 110 111,-1.0,
base,active,,1726269.0,1726569.0,112 113 114 115 116 117 118 119,-1.0,
base,active,,1726271.0,1726463.0,104,-1.0,
base,active,1726391.0,1726456.0,1726720.0,0 1 2 3 4 5 6 7 8 9 82 83 84 85 86 87 88 89 90 91 92 93 94 95 96 97 98 99 100 101 102 103,41853.0,False
base,active,1726463.0,1726463.0,1726543.0,104,41854.0,False
base,active,,1726543.0,1726843.0,104,-1.0,
base,switching_off,,1726555.0,1728355.0,105 106 107 108 109 110 111,-2.0,
base,switching_off,,1726569.0,1728369.0,112 113 114 115 116 117 118 119,-2.0,
base,active,1726571.0,1726720.0,1726783.0,0 1,41856.0,False
base,active,1726646.0,1726720.0,1726825.0,2 3 4 5,41857.0,False
base,active,,1726720.0,1726825.0,6 7 8 9 82 83 84 85 86 87 88 89 90 91 92 93 94 95 96 97 98 99 100 101 102 103,-1.0,
base,active,,1726783.0,1726825.0,0 1,-1.0,
base,active,1726738.0,1726825.0,1727842.0,0 1 2 3 4 5 6 7 8 9 82 83 84 85 86 87 88 89 90 91 92 93 94 95 96 97 98 99 100 101 102 103,41858.0,False
base,switching_off,,1726843.0,1728643.0,104,-2.0,
base,active,1726884.0,1727842.0,1727932.0,8 9 82 83 84 85 86 87 88 89 90 91 92 93 94 95,41860.0,False
base,active,1726763.0,1727842.0,1727952.0,0 1 2 3 4 5 6 7,41859.0,False
base,active,,1727842.0,1727952.0,96 97 98 99 100 101 102 103,-1.0,
base,active,,1727932.0,1727952.0,8 9 82 83 84 85 86 87 88 89 90 91 92 93 94 95,-1.0,
base,active,1726990.0,1727952.0,1728062.0,0 1 2 3 4 5 6 7 8 9 82 83 84 85 86 87 88 89 90 91 92 93 94 95 96 97 98 99 100 101 102 103,41861.0,False
base,active,1727285.0,1728062.0,1728071.0,0,41862.0,False
base,active,,1728062.0,1728071.0,97 98 99 100 101 102 103,-1.0,
base,active,1727546.0,1728062.0,1728074.0,96,41869.0,False
base,active,1727420.0,1728062.0,1728089.0,9,41865.0,False
base,active,1727463.0,1728062.0,1728091.0,82 83,41866.0,False
base,active,1727366.0,1728062.0,1728096.0,5 6 7 8,41864.0,False
base,active,1727505.0,1728062.0,1728158.0,84 85 86 87,41867.0,False
base,active,1727536.0,1728062.0,1728180.0,88 89 90 91 92 93 94 95,41868.0,False
base,active,1727303.0,1728062.0,1728181.0,1 2 3 4,41863.0,False
base,active,1727616.0,1728071.0,1728151.0,0 97 98 99 100 101 102 103,41870.0,False
base,active,,1728074.0,1728151.0,96,-1.0,
base,active,,1728089.0,1728151.0,9,-1.0,
base,active,,1728091.0,1728151.0,82 83,-1.0,
base,active,,1728096.0,1728151.0,5 6 7 8,-1.0,
base,active,1727714.0,1728151.0,1728238.0,0 5 6 7 8 9 82 83 96 97 98 99 100 101 102 103,41871.0,False
base,active,,1728158.0,1728238.0,84 85 86 87,-1.0,
base,active,,1728180.0,1728238.0,88 89 90 91 92 93 94 95,-1.0,
base,active,,1728181.0,1728238.0,1 2 3 4,-1.0,
base,active,1727812.0,1728238.0,1728353.0,0 1 2 3 4 5 6 7 8 9 82 83 84 85 86 87 88 89 90 91 92 93 94 95 96 97 98 99 100 101 102 103,41872.0,False
base,active,,1728353.0,1728653.0,0 1 2 3 4 5 6 7 8 9 82 83 84 85 86 87 88 89 90 91 92 93 94 95 96 97 98 99 100 101 102 103,-1.0,
base,sleeping,,1728355.0,1729746.0,105 106 107,-4.0,
base,sleeping,,1728355.0,1729859.0,108 109 110 111,-4.0,
base,sleeping,,1728369.0,1730488.0,112 113 114 115 116 117 118 119,-4.0,
base,sleeping,,1728643.0,1729746.0,104,-4.0,
base,switching_off,,1728653.0,1730453.0,0 1 2 3 4 5 6 7 8 9 82 83 84 85 86 87 88 89 90 91 92 93 94 95 96 97 98 99 100 101 102 103,-2.0,
base,switching_on,,1728714.0,1731414.0,10,-3.0,
base,switching_on,,1728753.0,1731453.0,11,-3.0,
base,switching_on,,1728795.0,1731495.0,12 13,-3.0,
base,switching_on,,1728896.0,1731596.0,14 15 16 17,-3.0,
base,switching_on,,1728991.0,1731691.0,18 19 20 21 22 23 24 25,-3.0,
base,switching_on,,1729113.0,1731813.0,26 27 28 29 30 31 32 33 34 35 36 37 38 39 80 81,-3.0,
base,switching_on,,1729746.0,1732446.0,104 105 106 107,-3.0,
base,switching_on,,1729859.0,1732559.0,108 109 110 111,-3.0,
base,sleeping,,1730453.0,1730488.0,96 97 98 99 100 101 102 103,-4.0,
base,switching_on,,1730453.0,1733153.0,0 1 2 3 4 5 6 7 8 9 82 83 84 85 86 87 88 89 90 91 92 93 94 95,-3.0,
base,switching_on,,1730488.0,1733188.0,96 97 98 99 100 101 102 103 112 113 114 115 116 117 118 119,-3.0,
base,switching_on,,1730505.0,1733205.0,120 121 122 123 124 125 126 127,-3.0,
base,active,1728714.0,1731414.0,1731440.0,10,41873.0,False
base,active,,1731440.0,1731453.0,10,-1.0,
base,active,1728753.0,1731453.0,1731485.0,10 11,41874.0,False
base,active,,1731485.0,1731495.0,10 11,-1.0,
base,active,1728795.0,1731495.0,1731584.0,10 11 12 13,41875.0,False
base,active,,1731584.0,1731596.0,10 11 12 13,-1.0,
base,active,1728896.0,1731596.0,1731672.0,10 11 12 13 14 15 16 17,41876.0,False
base,active,,1731672.0,1731691.0,10 11 12 13 14 15 16 17,-1.0,
base,active,1728991.0,1731691.0,1731799.0,10 11 12 13 14 15 16 17 18 19 20 21 22 23 24 25,41877.0,False
base,active,,1731799.0,1731813.0,10 11 12 13 14 15 16 17 18 19 20 21 22 23 24 25,-1.0,
base,active,1729113.0,1731813.0,1731945.0,10 11 12 13 14 15 16 17 18 19 20 21 22 23 24 25 26 27 28 29 30 31 32 33 34 35 36 37 38 39 80 81,41878.0,False
base,active,1729234.0,1731945.0,1732314.0,10 11 12 13 14 15 16 17 18 19 20 21 22 23 24 25 26 27 28 29 30 31 32 33 34 35 36 37 38 39 80 81,41879.0,False
base,active,1729645.0,1732314.0,1732717.0,10 11 12 13 14 15 16 17 18 19 20 21 22 23 24 25 26 27 28 29 30 31 32 33 34 35 36 37 38 39 80 81,41880.0,False
base,active,1729746.0,1732446.0,1732553.0,104 105 106 107,41881.0,False
base,active,,1732553.0,1732559.0,104 105 106 107,-1.0,
base,active,1729859.0,1732559.0,1732650.0,104 105 106 107 108 109 110 111,41882.0,False
base,active,,1732650.0,1733153.0,104 105 106 107 108 109 110 111,-1.0,
base,active,1730030.0,1732717.0,1732936.0,10 11 12 13 14 15 16 17 18 19 20 21 22 23 24 25 26 27 28 29 30 31 32 33 34 35 36 37 38 39 80 81,41883.0,False
base,active,,1732936.0,1733153.0,10 11 12 13 14 15 16 17 18 19 20 21 22 23 24 25 26 27 28 29 30 31 32 33 34 35 36 37 38 39 80 81,-1.0,
base,active,1730255.0,1733153.0,1733315.0,0 1 2 3 4 5 6 7 8 9 10 11 12 13 14 15 16 17 18 19 20 21 22 23 24 25 26 27 28 29 30 31 32 33 34 35 36 37 38 39 80 81 82 83 84 85 86 87 88 89 90 91 92 93 94 95 104 105 106 107 108 109 110 111,41884.0,False
base,active,1730488.0,1733188.0,1733366.0,96 97 98 99 100 101 102 103 112 113 114 115 116 117 118 119,41885.0,False
base,active,1730505.0,1733205.0,1733551.0,120 121 122 123 124 125 126 127,41886.0,False
base,active,1730839.0,1733315.0,1733369.0,0,41887.0,False
base,active,1730908.0,1733315.0,1733378.0,33 34,41889.0,False
base,active,1731152.0,1733315.0,1733398.0,39 80 81 82 83 84 85 86,41891.0,False
base,active,1731244.0,1733315.0,1733407.0,87 88 89 90 91 92 93 94 95 104 105 106 107 108 109 110,41892.0,False
base,active,1730998.0,1733315.0,1733447.0,35 36 37 38,41890.0,False
base,active,1730848.0,1733315.0,1733670.0,1 2 3 4 5 6 7 8 9 10 11 12 13 14 15 16 17 18 19 20 21 22 23 24 25 26 27 28 29 30 31 32,41888.0,False
base,active,,1733315.0,1733803.0,111,-1.0,
base,active,,1733366.0,1733407.0,96 97 98 99 100,-1.0,
base,active,,1733366.0,1733775.0,101 102 103 112 113 114 115 116 117,-1.0,
base,active,,1733366.0,1733803.0,118 119,-1.0,
base,active,,1733369.0,1733407.0,0,-1.0,
base,active,,1733378.0,1733407.0,33 34,-1.0,
base,active,,1733398.0,1733407.0,39 80 81 82 83 84 85 86,-1.0,
base,active,1731251.0,1733407.0,1733833.0,0 33 34 39 80 81 82 83 84 85 86 87 88 89 90 91 92 93 94 95 96 97 98 99 100 104 105 106 107 108 109 110,41893.0,False
base,active,,1733447.0,1733775.0,35 36 37 38,-1.0,
base,active,,1733551.0,1733670.0,120 121 122 123,-1.0,
base,active,,1733551.0,1733775.0,124 125 126 127,-1.0,
base,active,1731771.0,1733670.0,1733698.0,120 121 122 123,41895.0,False
base,active,1731353.0,1733670.0,1733775.0,1 2 3 4 5 6 7 8 9 10 11 12 13 14 15 16 17 18 19 20 21 22 23 24 25 26 27 28 29 30 31 32,41894.0,False
base,active,,1733698.0,1733775.0,120 121 122 123,-1.0,
base,active,1732571.0,1733775.0,1733788.0,117,41903.0,False
base,active,1732552.0,1733775.0,1733791.0,116,41902.0,False
base,active,1732435.0,1733775.0,1733802.0,102 103,41900.0,False
base,active,1732387.0,1733775.0,1733803.0,101,41899.0,False
base,active,1732473.0,1733775.0,1733869.0,112 113 114 115,41901.0,False
base,active,1732025.0,1733775.0,1733910.0,120 121 122 123,41897.0,False
base,active,1732172.0,1733775.0,1734001.0,35 36 37 38 124 125 126 127,41898.0,False
base,active,1731982.0,1733775.0,1734343.0,1 2 3 4 5 6 7 8 9 10 11 12 13 14 15 16 17 18 19 20 21 22 23 24 25 26 27 28 29 30 31 32,41896.0,False
base,active,,1733788.0,1733803.0,117,-1.0,
base,active,,1733791.0,1733803.0,116,-1.0,
base,active,,1733802.0,1733803.0,102 103,-1.0,
base,active,1732582.0,1733803.0,1733892.0,101 102 103 111 116 117 118 119,41904.0,False
base,active,1732643.0,1733833.0,1740698.0,0 33 34 39 80 81 82 83 84 85 86 87 88 89 90 91 92 93 94 95 96 97 98 99 100 104 105 106 107 108 109 110,41905.0,False
base,active,,1733869.0,1733910.0,112 113 114 115,-1.0,
base,active,,1733892.0,1733910.0,101 102 103 111 116 117 118 119,-1.0,
base,active,1732684.0,1733910.0,1734034.0,101 102 103 111 112 113 114 115 116 117 118 119 120 121 122 123,41906.0,False
base,active,,1734001.0,1734404.0,35 36,-1.0,
base,active,,1734001.0,1734410.0,37 38 124 125 126 127,-1.0,
base,active,,1734034.0,1734404.0,101 102 103 111 112 113 114 115 116 117 118 119 120 121 122 123,-1.0,
base,active,1732824.0,1734343.0,1734372.0,1 2 3 4 5 6 7 8 9 10 11 12 13 14 15 16 17 18 19 20 21 22 23 24 25 26 27 28 29 30 31 32,41907.0,False
base,active,1732912.0,1734372.0,1734404.0,1 2 3 4 5 6 7 8 9 10 11 12 13 14 15 16 17 18 19 20 21 22 23 24 25 26 27 28 29 30 31 32,41908.0,False
base,active,1733466.0,1734404.0,1734410.0,117 118,41912.0,False
base,active,1733617.0,1734404.0,1734444.0,120 121,41914.0,False
base,active,1733668.0,1734404.0,1734447.0,35 36 122 123,41915.0,False
base,active,1733395.0,1734404.0,1734458.0,116,41911.0,False
base,active,1733549.0,1734404.0,1734461.0,119,41913.0,False
base,active,1733033.0,1734404.0,1734507.0,1 2 3 4 5 6 7 8 9 10 11 12 13 14 15 16 17 18 19 20 21 22 23 24 25 26 27 28 29 30 31 32,41909.0,False
base,active,1733391.0,1734404.0,1734522.0,101 102 103 111 112 113 114 115,41910.0,False
base,active,1733721.0,1734410.0,1734448.0,37 38 117 118 124 125 126 127,41916.0,False
base,active,,1734444.0,1734461.0,120 121,-1.0,
base,active,,1734447.0,1734461.0,35 36 122 123,-1.0,
base,active,,1734448.0,1734461.0,37 38 117 118 124 125 126 127,-1.0,
base,active,,1734458.0,1734461.0,116,-1.0,
base,active,1733770.0,1734461.0,1734513.0,35 36 37 38 116 117 118 119 120 121 122 123 124 125 126 127,41917.0,False
base,active,1733837.0,1734507.0,1734597.0,1 2 3 4 5 6 7 8 9 10 11 12 13 14 15 16 17 18 19 20 21 22 23 24 25 26 27 28 29 30 31 32,41918.0,False
base,active,1734187.0,1734513.0,1734568.0,35,41919.0,False
base,active,,1734513.0,1734813.0,36 37 38 116 117 118 119 120 121 122 123 124 125 126 127,-1.0,
base,active,,1734522.0,1734822.0,101 102 103 111 112 113 114 115,-1.0,
base,active,,1734568.0,1734868.0,35,-1.0,
base,active,1734192.0,1734597.0,1734640.0,1 2 3 4 5 6 7 8 9 10 11 12 13 14 15 16 17 18 19 20 21 22 23 24 25 26 27 28 29 30 31 32,41920.0,False
base,active,,1734640.0,1734756.0,1,-1.0,
base,active,,1734640.0,1735265.0,2 3 4 5 6 7 8 9 10 11 12 13 14 15 16 17 18 19 20 21 22 23 24 25 26 27 28 29 30 31 32,-1.0,
base,active,1734756.0,1734756.0,1735265.0,1,41921.0,False
base,switching_off,,1734813.0,1736613.0,36 37 38 116 117 118 119 120 121 122 123 124 125 126 127,-2.0,
base,switching_off,,1734822.0,1736622.0,101 102 103 111 112 113 114 115,-2.0,
base,switching_off,,1734868.0,1736668.0,35,-2.0,
base,active,1734911.0,1735265.0,1735301.0,1 2 3 4 5 6 7 8 9 10 11 12 13 14 15 16 17 18 19 20 21 22 23 24 25 26 27 28 29 30 31 32,41922.0,False
base,active,,1735301.0,1735336.0,1,-1.0,
base,active,,1735301.0,1735415.0,2,-1.0,
base,active,,1735301.0,1735582.0,3 4,-1.0,
base,active,,1735301.0,1735601.0,5 6 7 8 9 10 11 12 13 14 15 16 17 18 19 20 21 22 23 24 25 26 27 28 29 30 31 32,-1.0,
base,active,1735336.0,1735336.0,1735406.0,1,41923.0,False
base,active,,1735406.0,1735415.0,1,-1.0,
base,active,1735415.0,1735415.0,1735572.0,1 2,41924.0,False
base,active,,1735572.0,1735582.0,1 2,-1.0,
base,active,1735582.0,1735582.0,1735613.0,1 2 3 4,41925.0,False
base,switching_off,,1735601.0,1737401.0,5 6 7 8 9 10 11 12 13 14 15 16 17 18 19 20 21 22 23 24 25 26 27 28 29 30 31 32,-2.0,
base,active,,1735613.0,1735796.0,1,-1.0,
base,active,,1735613.0,1735913.0,2 3 4,-1.0,
base,active,1735796.0,1735796.0,1735816.0,1,41926.0,False
base,active,,1735816.0,1736116.0,1,-1.0,
base,switching_off,,1735913.0,1737713.0,2 3 4,-2.0,
base,switching_off,,1736116.0,1737916.0,1,-2.0,
base,switching_on,,1736613.0,1739313.0,36 37 38 116 117 118 119 120 121 122 123 124 125 126 127,-3.0,
base,switching_on,,1736622.0,1739322.0,101 102 103 111 112 113 114 115,-3.0,
base,sleeping,,1736668.0,1736701.0,35,-4.0,
base,switching_on,,1736701.0,1739401.0,35,-3.0,
base,sleeping,,1737401.0,1737408.0,14,-4.0,
base,sleeping,,1737401.0,1737409.0,15,-4.0,
base,switching_on,,1737401.0,1740101.0,5 6 7 8 9 10 11 12 13,-3.0,
base,sleeping,,1737401.0,1741745.0,16 17 18 19,-4.0,
base,sleeping,,1737401.0,1745397.0,20 21 22 23 24 25 26 27 28 29 30 31,-4.0,
base,sleeping,,1737401.0,1750616.0,32,-4.0,
base,switching_on,,1737408.0,1740108.0,14,-3.0,
base,switching_on,,1737409.0,1740109.0,15,-3.0,
base,sleeping,,1737713.0,1741654.0,2 3 4,-4.0,
base,sleeping,,1737916.0,1741654.0,1,-4.0,
base,active,1736495.0,1739313.0,1739369.0,124 125 126 127,41931.0,False
base,active,1736406.0,1739313.0,1739393.0,118 119,41929.0,False
base,active,1736301.0,1739313.0,1739401.0,36,41927.0,False
base,active,1736370.0,1739313.0,1739426.0,37 38 116 117,41928.0,False
base,active,1736473.0,1739313.0,1739662.0,120 121 122 123,41930.0,False
base,active,1736567.0,1739322.0,1739388.0,101 102 103 111 112 113 114 115,41932.0,False
base,active,,1739369.0,1739401.0,124 125 126 127,-1.0,
base,active,,1739388.0,1739401.0,101 102 103 111 112 113 114 115,-1.0,
base,active,,1739393.0,1739401.0,118 119,-1.0,
base,active,1736650.0,1739401.0,1739466.0,35 36 101 102 103 111 112 113 114 115 118 119 124 125 126 127,41933.0,False
base,active,,1739426.0,1740101.0,37 38 116 117,-1.0,
base,active,,1739466.0,1740101.0,35 36 101 102 103 111 112 113 114 115 118 119 124 125 126 127,-1.0,
base,active,,1739662.0,1740101.0,120 121 122 123,-1.0,
base,active,1737072.0,1740101.0,1740183.0,117,41935.0,False
base,active,1736731.0,1740101.0,1740201.0,5 6 7 8 9 10 11 12 13 35 36 37 38 101 102 103 111 112 113 114 115 116 118 119 120 121 122 123 124 125 126 127,41934.0,False
base,active,1737408.0,1740108.0,1740129.0,14,41936.0,False
base,active,1737409.0,1740109.0,1740136.0,15,41937.0,False
base,active,,1740129.0,1740136.0,14,-1.0,
base,active,1737446.0,1740136.0,1740189.0,14 15,41938.0,False
base,active,,1740183.0,1740269.0,117,-1.0,
base,active,,1740189.0,1740269.0,14 15,-1.0,
base,active,1737510.0,1740201.0,1740260.0,5 6 7 8,41939.0,False
base,active,1737579.0,1740201.0,1740263.0,9 10 11 12 13 35 36 37,41940.0,False
base,active,1737655.0,1740201.0,1740269.0,38 101 102 103 111 112 113 114 115 116 118 119 120 121 122 123,41941.0,False
base,active,,1740201.0,1740269.0,124 125 126 127,-1.0,
base,active,,1740260.0,1740269.0,5 6 7 8,-1.0,
base,active,,1740263.0,1740269.0,9 10 11 12 13 35 36 37,-1.0,
base,active,1738480.0,1740269.0,1740289.0,14,41943.0,False
base,active,1738591.0,1740269.0,1740290.0,15,41944.0,False
base,active,1738733.0,1740269.0,1740301.0,117,41945.0,False
base,active,1737742.0,1740269.0,1740305.0,5 6 7 8 9 10 11 12 13 35 36 37 38 101 102 103 111 112 113 114 115 116 118 119 120 121 122 123 124 125 126 127,41942.0,False
base,active,1738927.0,1740289.0,1740318.0,14,41946.0,False
base,active,,1740290.0,1740301.0,15,-1.0,
base,active,1738972.0,1740301.0,1740347.0,15 117,41947.0,False
base,active,1739034.0,1740305.0,1740356.0,5 6 7 8,41948.0,False
base,active,1739096.0,1740305.0,1740356.0,9 10 11 12 13 35 36 37,41949.0,False
base,active,1739157.0,1740305.0,1740373.0,38 101 102 103 111 112 113 114 115 116 118 119 120 121 122 123,41950.0,False
base,active,,1740305.0,1740373.0,124 125 126,-1.0,
base,active,,1740305.0,1740605.0,127,-1.0,
base,active,,1740318.0,1740373.0,14,-1.0,
base,active,,1740347.0,1740373.0,15 117,-1.0,
base,active,,1740356.0,1740373.0,5 6 7 8 9 10 11 12 13 35 36 37,-1.0,
base,active,1739510.0,1740373.0,1740387.0,125,41952.0,False
base,active,1739966.0,1740373.0,1740427.0,126,41953.0,False
base,active,1739236.0,1740373.0,1740468.0,5 6 7 8 9 10 11 12 13 14 15 35 36 37 38 101 102 103 111 112 113 114 115 116 117 118 119 120 121 122 123 124,41951.0,False
base,active,,1740387.0,1740468.0,125,-1.0,
base,active,,1740427.0,1740468.0,126,-1.0,
base,active,1740034.0,1740468.0,1740531.0,125 126,41955.0,False
base,active,1739976.0,1740468.0,1741760.0,5 6 7 8 9 10 11 12 13 14 15 35 36 37 38 101 102 103 111 112 113 114 115 116 117 118 119 120 121 122 123 124,41954.0,False
base,active,,1740531.0,1740758.0,125,-1.0,
base,active,,1740531.0,1740831.0,126,-1.0,
base,switching_off,,1740605.0,1742405.0,127,-2.0,
base,active,1740116.0,1740698.0,1740734.0,0 33 34 39,41956.0,False
base,active,1740167.0,1740698.0,1740741.0,80 81 82 83 84 85 86 87,41957.0,False
base,active,1740222.0,1740698.0,1740758.0,88 89 90 91 92 93 94 95 96 97 98 99 100 104 105 106,41958.0,False
base,active,,1740698.0,1740758.0,107 108 109 110,-1.0,
base,active,,1740734.0,1740758.0,0 33 34 39,-1.0,
base,active,,1740741.0,1740758.0,80 81 82 83 84 85 86 87,-1.0,
base,active,1740373.0,1740758.0,1740769.0,125,41960.0,False
base,active,1740295.0,1740758.0,1740846.0,0 33 34 39 80 81 82 83 84 85 86 87 88 89 90 91 92 93 94 95 96 97 98 99 100 104 105 106 107 108 109 110,41959.0,False
base,active,,1740769.0,1741069.0,125,-1.0,
base,switching_off,,1740831.0,1742631.0,126,-2.0,
base,active,,1740846.0,1740960.0,0,-1.0,
base,active,,1740846.0,1741024.0,33 34 39 80 81 82 83 84 85 86 87 88 89 90 91 92 93 94 95 96 97 98 99 100 104 105 106 107 108 109 110,-1.0,
base,active,1740960.0,1740960.0,1741001.0,0,41961.0,False
base,active,,1741001.0,1741024.0,0,-1.0,
base,active,1741024.0,1741024.0,1741111.0,0 33 34 39 80 81 82 83 84 85 86 87 88 89 90 91 92 93 94 95 96 97 98 99 100 104 105 106 107 108 109 110,41962.0,False
base,switching_off,,1741069.0,1742869.0,125,-2.0,
base,active,1741026.0,1741111.0,1741113.0,0 33,41963.0,False
base,active,1741094.0,1741111.0,1741116.0,82 83 84 85,41965.0,False
base,active,,1741111.0,1741120.0,86 87 88 89 90 91 92 93 94 95,-1.0,
base,active,1741087.0,1741111.0,1741134.0,34 39 80 81,41964.0,False
base,active,,1741111.0,1741223.0,96 97 98 99 100 104 105 106 107 108 109 110,-1.0,
base,active,,1741113.0,1741120.0,0 33,-1.0,
base,active,,1741116.0,1741120.0,82 83 84 85,-1.0,
base,active,1741120.0,1741120.0,1741206.0,0 33 82 83 84 85 86 87 88 89 90 91 92 93 94 95,41966.0,False
base,active,,1741134.0,1741223.0,34 39 80 81,-1.0,
base,active,,1741206.0,1741223.0,0 33 82 83 84 85 86 87 88 89 90 91 92 93 94 95,-1.0,
base,active,1741223.0,1741223.0,1741359.0,0 33 34 39 80 81 82 83 84 85 86 87 88 89 90 91 92 93 94 95 96 97 98 99 100 104 105 106 107 108 109 110,41967.0,False
base,active,1741270.0,1741359.0,1741377.0,0,41968.0,False
base,active,,1741359.0,1741410.0,33,-1.0,
base,active,,1741359.0,1741436.0,34 39 80 81 82 83 84 85 86 87 88 89 90 91 92 93 94 95 96 97 98 99 100 104 105 106 107 108 109 110,-1.0,
base,active,,1741377.0,1741410.0,0,-1.0,
base,active,1741410.0,1741410.0,1741436.0,0 33,41969.0,False
base,active,1741413.0,1741436.0,1750618.0,0 33 34 39 80 81 82 83 84 85 86 87 88 89 90 91 92 93 94 95 96 97 98 99 100 104 105 106 107 108 109 110,41970.0,False
base,switching_on,,1741654.0,1744354.0,1 2 3 4,-3.0,
base,switching_on,,1741745.0,1744445.0,16 17 18 19,-3.0,
base,active,1741612.0,1741760.0,1741781.0,103 111 112 113 114 115 116 117,41975.0,False
base,active,1741532.0,1741760.0,1741786.0,14 15 35 36 37 38 101 102,41974.0,False
base,active,1741488.0,1741760.0,1741792.0,6 7 8 9,41972.0,False
base,active,1741421.0,1741760.0,1741796.0,5,41971.0,False
base,active,,1741760.0,1744354.0,118 119 120 121 122 123 124,-1.0,
base,active,1741506.0,1741760.0,1751150.0,10 11 12 13,41973.0,False
base,active,,1741781.0,1744354.0,103 111 112 113 114 115 116 117,-1.0,
base,active,,1741786.0,1744354.0,14 15 35 36 37 38 101 102,-1.0,
base,active,,1741792.0,1744354.0,6 7 8 9,-1.0,
base,active,,1741796.0,1744354.0,5,-1.0,
base,sleeping,,1742405.0,1750616.0,127,-4.0,
base,sleeping,,1742631.0,1750616.0,126,-4.0,
base,sleeping,,1742869.0,1750616.0,125,-4.0,
base,active,1741654.0,1744354.0,1744541.0,1 2 3 4 5 6 7 8 9 14 15 35 36 37 38 101 102 103 111 112 113 114 115 116 117 118 119 120 121 122 123 124,41976.0,False
base,active,1741745.0,1744445.0,1744466.0,16 17 18 19,41977.0,False
base,active,,1744466.0,1744759.0,16 17 18 19,-1.0,
base,active,1741876.0,1744541.0,1744671.0,1 2 3 4 5 6 7 8 9 14 15 35 36 37 38 101 102 103 111 112 113 114 115 116 117 118 119 120 121 122 123 124,41978.0,False
base,active,1742027.0,1744671.0,1744759.0,1 2 3 4 5 6 7 8 9 14 15 35 36 37 38 101 102 103 111 112 113 114 115 116 117 118 119 120 121 122 123 124,41979.0,False
base,active,1742137.0,1744759.0,1744781.0,16 17 18 19,41981.0,False
base,active,1742097.0,1744759.0,1754833.0,1 2 3 4 5 6 7 8 9 14 15 35 36 37 38 101 102 103 111 112 113 114 115 116 117 118 119 120 121 122 123 124,41980.0,False
base,active,1742274.0,1744762.0,1744783.0,72 73 74 75,41982.0,False
base,active,,1744762.0,1744816.0,76 77,-1.0,
base,active,,1744762.0,1745062.0,78 79,-1.0,
base,active,,1744781.0,1744816.0,16 17 18 19,-1.0,
base,active,,1744783.0,1744816.0,72 73 74 75,-1.0,
base,active,1742313.0,1744794.0,1744816.0,40 41 42 43 44 45 46 47 48 49 50 51 52 53 54 55,41983.0,False
base,active,,1744794.0,1744816.0,60 61 62 63 64 65 66 67 68 69 70 71,-1.0,
base,active,1742879.0,1744794.0,1747675.0,56 57 58 59,41984.0,False
base,active,1743315.0,1744816.0,1744831.0,76,41988.0,False
base,active,1743411.0,1744816.0,1744831.0,77,41989.0,False
base,active,1742937.0,1744816.0,1744846.0,40 41 42 43 44 45 46 47 48 49 50 51 52 53 54 55 60 61 62 63 64 65 66 67 68 69 70 71 72 73 74 75,41985.0,False
base,active,1743221.0,1744816.0,1744881.0,18 19,41987.0,False
base,active,1743186.0,1744816.0,1744913.0,16 17,41986.0,False
base,active,,1744831.0,1745131.0,76 77,-1.0,
base,active,1744441.0,1744846.0,1744883.0,48 49 50 51 52 53 54 55,41991.0,False
base,active,,1744846.0,1745146.0,68 69 70 71 72 73 74 75,-1.0,
base,active,1743878.0,1744846.0,1745357.0,40 41 42 43 44 45 46 47,41990.0,False
base,active,1744496.0,1744846.0,1745989.0,60 61 62 63 64 65 66 67,41992.0,False
base,active,,1744881.0,1745181.0,18 19,-1.0,
base,active,,1744883.0,1745183.0,48 49 50 51 52 53 54 55,-1.0,
base,active,,1744913.0,1745213.0,16 17,-1.0,
base,switching_off,,1745062.0,1746862.0,78 79,-2.0,
base,switching_off,,1745131.0,1746931.0,76 77,-2.0,
base,switching_off,,1745146.0,1746946.0,68 69 70 71 72 73 74 75,-2.0,
base,switching_off,,1745181.0,1746981.0,18 19,-2.0,
base,switching_off,,1745183.0,1746983.0,48 49 50 51 52 53 54 55,-2.0,
base,switching_off,,1745213.0,1747013.0,16 17,-2.0,
base,active,,1745357.0,1748097.0,40 41 42 43 44 45 46 47,-1.0,
base,switching_on,,1745397.0,1748097.0,20 21 22 23 24 25 26 27 28 29 30 31,-3.0,
base,active,,1745989.0,1748097.0,60 61 62 63 64 65 66 67,-1.0,
base,sleeping,,1746862.0,1750616.0,78 79,-4.0,
base,sleeping,,1746931.0,1750616.0,76 77,-4.0,
base,sleeping,,1746946.0,1750616.0,68 69 70 71 72 73 74 75,-4.0,
base,sleeping,,1746981.0,1750616.0,18 19,-4.0,
base,sleeping,,1746983.0,1750616.0,48 49 50 51 52 53 54 55,-4.0,
base,sleeping,,1747013.0,1750616.0,16 17,-4.0,
base,active,,1747675.0,1748097.0,56 57 58 59,-1.0,
base,active,1745397.0,1748097.0,1748128.0,20 21 22 23 24 25 26 27 28 29 30 31 40 41 42 43 44 45 46 47 56 57 58 59 60 61 62 63 64 65 66 67,41993.0,False
base,active,1745742.0,1748128.0,1748152.0,20,41994.0,False
base,active,1745935.0,1748128.0,1748871.0,21 22 23 24 25 26 27 28,41995.0,False
base,active,,1748128.0,1748871.0,29 30 31 40 41 42 43 44 45 46 47 56 57 58 59 60 61 62 63 64 65 66 67,-1.0,
base,active,,1748152.0,1748871.0,20,-1.0,
base,active,1746558.0,1748871.0,1748907.0,20 21 22 23 24 25 26 27 28 29 30 31 40 41 42 43 44 45 46 47 56 57 58 59 60 61 62 63 64 65 66 67,41996.0,False
base,active,1746775.0,1748907.0,1749082.0,20 21 22 23 24 25 26 27,41997.0,False
base,active,,1748907.0,1749082.0,28 29 30 31 40 41 42 43 44 45 46 47 56 57 58 59 60 61 62 63 64 65 66 67,-1.0,
base,active,1746966.0,1749082.0,1749126.0,20 21 22 23 24 25 26 27 28 29 30 31 40 41 42 43 44 45 46 47 56 57 58 59 60 61 62 63 64 65 66 67,41998.0,False
base,active,1746968.0,1749126.0,1749171.0,20 21 22 23 24 25 26 27,41999.0,False
base,active,1747035.0,1749126.0,1749516.0,28 29 30 31 40 41 42 43,42000.0,False
base,active,,1749126.0,1749516.0,44 45 46 47 56 57 58 59 60 61 62 63 64 65 66 67,-1.0,
base,active,,1749171.0,1749516.0,20 21 22 23 24 25 26 27,-1.0,
base,active,1747715.0,1749516.0,1749738.0,20 21 22 23 24 25 26 27 28 29 30 31 40 41 42 43 44 45 46 47 56 57 58 59 60 61 62 63 64 65 66 67,42001.0,False
base,active,1747895.0,1749738.0,1749867.0,20 21 22 23 24 25 26 27,42002.0,False
base,active,1747947.0,1749738.0,1749920.0,28 29 30 31 40 41 42 43 44 45 46 47 56 57 58 59,42003.0,False
base,active,1748165.0,1749738.0,1753617.0,60 61 62 63 64 65 66 67,42004.0,False
base,active,,1749867.0,1750167.0,20 21 22 23 24 25 26 27,-1.0,
base,active,,1749920.0,1750220.0,44 45 46 47 56 57 58 59,-1.0,
base,active,,1749920.0,1750618.0,28 29 30 31 40 41 42 43,-1.0,
base,switching_off,,1750167.0,1751967.0,20 21 22 23 24 25 26 27,-2.0,
base,switching_off,,1750220.0,1752020.0,44 45 46 47 56 57 58 59,-2.0,
base,switching_on,,1750616.0,1753316.0,16 17 18 19 32 48 49 50 51 52 53 54 55 68 69 70 71 72 73 74 75 76 77 78 79 125 126 127,-3.0,
base,active,1749903.0,1750618.0,1760445.0,28 29 30 31 40 41 42 43,42006.0,False
base,active,1749875.0,1750618.0,1760473.0,0 33 34 39 80 81 82 83 84 85 86 87 88 89 90 91 92 93 94 95 96 97 98 99 100 104 105 106 107 108 109 110,42005.0,False
base,active,1750547.0,1751150.0,1751155.0,10,42007.0,False
base,active,,1751150.0,1753316.0,11 12 13,-1.0,
base,active,,1751155.0,1753316.0,10,-1.0,
base,sleeping,,1751967.0,1760036.0,20 21 22 23 24 25 26 27,-4.0,
base,sleeping,,1752020.0,1760036.0,44 45 46 47 56 57 58 59,-4.0,
base,active,1750616.0,1753316.0,1753347.0,10 11 12 13 16 17 18 19 32 48 49 50 51 52 53 54 55 68 69 70 71 72 73 74 75 76 77 78 79 125 126 127,42008.0,False
base,active,1750883.0,1753347.0,1753764.0,10 11 12 13 16 17 18 19 32 48 49 50 51 52 53 54 55 68 69 70 71 72 73 74 75 76 77 78 79 125 126 127,42009.0,False
base,active,,1753617.0,1753764.0,60 61 62 63 64,-1.0,
base,active,,1753617.0,1753917.0,65 66 67,-1.0,
base,active,1752175.0,1753764.0,1753778.0,64,42012.0,False
base,active,1751501.0,1753764.0,1761997.0,10 11 12 13 16 17 18 19 32 48 49 50 51 52 53 54 55 68 69 70 71 72 73 74 75 76 77 78 79 125 126 127,42010.0,False
base,active,1751557.0,1753764.0,1762241.0,60 61 62 63,42011.0,False
base,active,,1753778.0,1754833.0,64,-1.0,
base,switching_off,,1753917.0,1755717.0,65 66 67,-2.0,
base,active,1752823.0,1754833.0,1754850.0,64,42014.0,False
base,active,1752438.0,1754833.0,1764882.0,1 2 3 4 5 6 7 8 9 14 15 35 36 37 38 101 102 103 111 112 113 114 115 116 117 118 119 120 121 122 123 124,42013.0,False
base,active,,1754850.0,1755150.0,64,-1.0,
base,switching_off,,1755150.0,1756950.0,64,-2.0,
base,sleeping,,1755717.0,1760036.0,65 66 67,-4.0,
base,sleeping,,1756950.0,1760036.0,64,-4.0,
base,switching_on,,1760036.0,1762736.0,20 21 22 23 24 25 26 27 44 45 46 47 56 57 58 59 64 65 66 67,-3.0,
base,active,,1760445.0,1762736.0,28 29 30 31 40 41 42 43,-1.0,
base,active,,1760473.0,1761997.0,0 33 34 39 80 81 82 83 84 85 86 87 88 89 90 91 92 93 94 95 96 97 98 99 100 104 105 106 107 108 109 110,-1.0,
base,active,1759737.0,1761997.0,1772930.0,0 10 11 12 13 16 17 18 19 32 33 34 39 48 49 50 51 52 53 54 55 68 69 70 71 72 73 74 75 76 77 78 79 80 81 82 83 84 85 86 87 88 89 90 91 92 93 94 95 96 97 98 99 100 104 105 106 107 108 109 110 125 126 127,42015.0,False
base,active,,1762241.0,1762736.0,60 61 62 63,-1.0,
base,active,1760036.0,1762736.0,1762798.0,20 21 22 23 24 25 26 27 28 29 30 31 40 41 42 43 44 45 46 47 56 57 58 59 60 61 62 63 64 65 66 67,42016.0,False
base,active,1760400.0,1762798.0,1762861.0,20 21 22 23 24 25 26 27 28 29 30 31 40 41 42 43 44 45 46 47 56 57 58 59 60 61 62 63 64 65 66 67,42017.0,False
base,active,1760764.0,1762861.0,1762920.0,20 21 22 23 24 25 26 27 28 29 30 31 40 41 42 43 44 45 46 47 56 57 58 59 60 61 62 63 64 65 66 67,42018.0,False
base,active,1761126.0,1762920.0,1762981.0,20 21 22 23 24 25 26 27 28 29 30 31 40 41 42 43 44 45 46 47 56 57 58 59 60 61 62 63 64 65 66 67,42019.0,False
base,active,1761488.0,1762981.0,1763047.0,20 21 22 23 24 25 26 27 28 29 30 31 40 41 42 43 44 45 46 47 56 57 58 59 60 61 62 63 64 65 66 67,42020.0,False
base,active,1761855.0,1763047.0,1763105.0,20 21 22 23 24 25 26 27 28 29 30 31 40 41 42 43 44 45 46 47 56 57 58 59 60 61 62 63 64 65 66 67,42021.0,False
base,active,1762214.0,1763105.0,1763162.0,20 21 22 23 24 25 26 27 28 29 30 31 40 41 42 43 44 45 46 47 56 57 58 59 60 61 62 63 64 65 66 67,42022.0,False
base,active,1762489.0,1763162.0,1763175.0,20,42023.0,False
base,active,,1763162.0,1763175.0,21 22 23 24 25 26 27 28 29 30 31 40 41 42 43 44 45 46 47 56 57 58 59 60 61 62 63 64 65 66 67,-1.0,
base,active,1762572.0,1763175.0,1771278.0,20 21 22 23 24 25 26 27 28 29 30 31 40 41 42 43 44 45 46 47 56 57 58 59 60 61 62 63 64 65 66 67,42024.0,False
base,active,,1764882.0,1765182.0,5 6 7 8 9 14 15 35 36 37 38 101 102 103 111 112 113 114 115 116 117 118 119 120 121 122 123 124,-1.0,
base,active,1762635.0,1764882.0,1772925.0,1 2 3 4,42025.0,False
base,switching_off,,1765182.0,1766982.0,5 6 7 8 9 14 15 35 36 37 38 101 102 103 111 112 113 114 115 116 117 118 119 120 121 122 123 124,-2.0,
base,sleeping,,1766982.0,1770683.0,5 6 7 8 9 14 15 35 36 37 38 101 102 103 111 112 113 114 115 116 117 118 119 120 121 122 123 124,-4.0,
base,switching_on,,1770683.0,1773383.0,5 6 7 8 9 14 15 35 36 37 38 101 102 103 111 112 113 114 115 116 117 118 119 120 121 122 123 124,-3.0,
base,active,,1771278.0,1773383.0,20 21 22 23 24 25 26 27 28 29 30 31 40 41 42 43 44 45 46 47 56 57 58 59 60 61 62 63 64 65 66 67,-1.0,
base,active,,1772925.0,1773383.0,1 2 3 4,-1.0,
base,active,,1772930.0,1773383.0,0 10 11 12 13 16 17 18 19 32 33 34 39 48 49 50 51 52 53 54 55 68 69 70 71 72 73 74 75 76 77 78 79 80 81 82 83 84 85 86 87 88 89 90 91 92 93 94 95 96 97 98 99 100 104 105 106 107 108 109 110 125 126 127,-1.0,
base,active,1770683.0,1773383.0,1773487.0,0 1 2 3 4 5 6 7 8 9 10 11 12 13 14 15 16 17 18 19 20 21 22 23 24 25 26 27 28 29 30 31 32 33 34 35 36 37 38 39 40 41 42 43 44 45 46 47 48 49 50 51 52 53 54 55 56 57 58 59 60 61 62 63 64 65 66 67 68 69 70 71 72 73 74 75 76 77 78 79 80 81 82 83 84 85 86 87 88 89 90 91 92 93 94 95 96 97 98 99 100 101 102 103 104 105 106 107 108 109 110 111 112 113 114 115 116 117 118 119 120 121 122 123 124 125 126 127,42026.0,False
base,active,,1773487.0,1773787.0,36 37 38 39 40 41 42 43 44 45 46 47 48 49 50 51 52 53 54 55 56 57 58 59 60 61 62 63 64 65 66 67 68 69 70 71 72 73 74 75 76 77 78 79 80 81 82 83 84 85 86 87 88 89 90 91 92 93 94 95 96 97 98 99 100 101 102 103 104 105 106 107 108 109 110 111 112 113 114 115 116 117 118 119 120 121 122 123 124 125 126 127,-1.0,
base,active,1771039.0,1773487.0,1836068.0,32 33 34 35,42028.0,False
base,active,1770977.0,1773487.0,1836130.0,0 1 2 3 4 5 6 7 8 9 10 11 12 13 14 15 16 17 18 19 20 21 22 23 24 25 26 27 28 29 30 31,42027.0,False
base,switching_off,,1773787.0,1775587.0,36 37 38 39 40 41 42 43 44 45 46 47 48 49 50 51 52 53 54 55 56 57 58 59 60 61 62 63 64 65 66 67 68 69 70 71 72 73 74 75 76 77 78 79 80 81 82 83 84 85 86 87 88 89 90 91 92 93 94 95 96 97 98 99 100 101 102 103 104 105 106 107 108 109 110 111 112 113 114 115 116 117 118 119 120 121 122 123 124 125 126 127,-2.0,
base,sleeping,,1775587.0,1778076.0,36 37 38 39 40 41 42 43 44 45 46 47 48 49 50 51 52 53 54 55 56 57 58 59 60 61 62 63 64 65 66 67,-4.0,
base,sleeping,,1775587.0,1778106.0,68 69 70 71 72 73 74 75,-4.0,
base,sleeping,,1775587.0,1795649.0,76 77 78 79 80 81 82 83 84 85 86 87 88 89 90 91 92 93 94 95 96 97 98 99 100 101 102 103 104 105 106 107,-4.0,
base,sleeping,,1775587.0,1805005.0,108 109,-4.0,
base,sleeping,,1775587.0,1840162.0,110 111 112 113 114 115 116 117 118 119 120 121 122 123 124 125 126 127,-4.0,
base,switching_on,,1778076.0,1780776.0,36 37 38 39 40 41 42 43 44 45 46 47 48 49 50 51 52 53 54 55 56 57 58 59 60 61 62 63 64 65 66 67,-3.0,
base,switching_on,,1778106.0,1780806.0,68 69 70 71 72 73 74 75,-3.0,
base,active,1778076.0,1780776.0,1813470.0,36 37 38 39 40 41 42 43 44 45 46 47 48 49 50 51 52 53 54 55 56 57 58 59 60 61 62 63 64 65 66 67,42044.0,False
base,active,1778106.0,1780806.0,1813472.0,68 69 70 71 72 73 74 75,42045.0,False
base,switching_on,,1795649.0,1798349.0,76 77 78 79 80 81 82 83 84 85 86 87 88 89 90 91 92 93 94 95 96 97 98 99 100 101 102 103 104 105 106 107,-3.0,
base,active,1795649.0,1798349.0,1808452.0,76 77 78 79 80 81 82 83 84 85 86 87 88 89 90 91 92 93 94 95 96 97 98 99 100 101 102 103 104 105 106 107,42122.0,False
base,switching_on,,1805005.0,1807705.0,108 109,-3.0,
base,active,1805005.0,1807705.0,1807725.0,108 109,42154.0,False
base,active,1805065.0,1807725.0,1807753.0,108 109,42155.0,False
base,active,1805754.0,1807753.0,1807770.0,108,42160.0,False
base,active,,1807753.0,1808053.0,109,-1.0,
base,active,,1807770.0,1808452.0,108,-1.0,
base,switching_off,,1808053.0,1809853.0,109,-2.0,
base,active,1806823.0,1808452.0,1808478.0,108,42165.0,False
base,active,1806441.0,1808452.0,1818532.0,76 77 78 79 80 81 82 83 84 85 86 87 88 89 90 91 92 93 94 95 96 97 98 99 100 101 102 103 104 105 106 107,42163.0,False
base,active,,1808478.0,1808778.0,108,-1.0,
base,switching_off,,1808778.0,1810578.0,108,-2.0,
base,sleeping,,1809853.0,1840162.0,109,-4.0,
base,sleeping,,1810578.0,1840162.0,108,-4.0,
base,active,,1813470.0,1813770.0,36 37 38 39 40 41 42 43 44 45 46 47 48 49 50 51 52 53 54 55 56 57 58 59 60 61 62 63 64 65 66 67,-1.0,
base,active,,1813472.0,1813772.0,68 69 70 71 72 73 74 75,-1.0,
base,switching_off,,1813770.0,1815570.0,36 37 38 39 40 41 42 43 44 45 46 47 48 49 50 51 52 53 54 55 56 57 58 59 60 61 62 63 64 65 66 67,-2.0,
base,switching_off,,1813772.0,1815572.0,68 69 70 71 72 73 74 75,-2.0,
base,sleeping,,1815570.0,1818705.0,36 37 38 39,-4.0,
base,sleeping,,1815570.0,1818829.0,40 41 42 43,-4.0,
base,sleeping,,1815570.0,1840146.0,44 45 46 47 48 49 50 51 52 53 54 55 56 57 58 59 60 61 62 63,-4.0,
base,sleeping,,1815570.0,1840162.0,64 65 66 67,-4.0,
base,sleeping,,1815572.0,1840162.0,68 69 70 71 72 73 74 75,-4.0,
base,active,1816523.0,1818532.0,1818545.0,76,42201.0,False
base,active,,1818532.0,1818545.0,77 78 79 80 81 82 83 84 85 86 87 88 89 90 91 92 93 94 95 96 97 98 99 100 101 102 103 104 105 106 107,-1.0,
base,active,1817234.0,1818545.0,1828616.0,76 77 78 79 80 81 82 83 84 85 86 87 88 89 90 91 92 93 94 95 96 97 98 99 100 101 102 103 104 105 106 107,42206.0,False
base,switching_on,,1818705.0,1821405.0,36 37 38 39,-3.0,
base,switching_on,,1818829.0,1821529.0,40 41 42 43,-3.0,
base,active,1818705.0,1821405.0,1821519.0,36 37 38 39,42212.0,False
base,active,,1821519.0,1821529.0,36 37 38 39,-1.0,
base,active,1818829.0,1821529.0,1821687.0,36 37 38 39 40 41 42 43,42214.0,False
base,active,1819037.0,1821687.0,1821745.0,36 37 38 39,42215.0,False
base,active,,1821687.0,1821987.0,40 41 42 43,-1.0,
base,active,,1821745.0,1822045.0,36 37 38 39,-1.0,
base,switching_off,,1821987.0,1823787.0,40 41 42 43,-2.0,
base,switching_off,,1822045.0,1823845.0,36 37 38 39,-2.0,
base,sleeping,,1823787.0,1840146.0,40 41 42 43,-4.0,
base,sleeping,,1823845.0,1840146.0,36 37 38 39,-4.0,
base,active,1827306.0,1828616.0,1828630.0,76,42248.0,False
base,active,,1828616.0,1828630.0,77 78 79 80 81 82 83 84 85 86 87 88 89 90 91 92 93 94 95 96 97 98 99 100 101 102 103 104 105 106 107,-1.0,
base,active,1828033.0,1828630.0,1838699.0,76 77 78 79 80 81 82 83 84 85 86 87 88 89 90 91 92 93 94 95 96 97 98 99 100 101 102 103 104 105 106 107,42253.0,False
base,active,,1836068.0,1836368.0,32 33 34 35,-1.0,
base,active,,1836130.0,1836430.0,0 1 2 3 4 5 6 7 8 9 10 11 12 13 14 15 16 17 18 19 20 21 22 23 24 25 26 27 28 29 30 31,-1.0,
base,switching_off,,1836368.0,1838168.0,32 33 34 35,-2.0,
base,switching_off,,1836430.0,1838230.0,0 1 2 3 4 5 6 7 8 9 10 11 12 13 14 15 16 17 18 19 20 21 22 23 24 25 26 27 28 29 30 31,-2.0,
base,sleeping,,1838168.0,1840146.0,32 33 34 35,-4.0,
base,sleeping,,1838230.0,1839223.0,0,-4.0,
base,sleeping,,1838230.0,1840146.0,1 2 3 4 5 6 7 8 9 10 11 12 13 14 15 16 17 18 19 20 21 22 23 24 25 26 27 28 29 30 31,-4.0,
base,active,1838104.0,1838699.0,1838712.0,76,42256.0,False
base,active,,1838699.0,1838834.0,77 78 79 80 81 82 83 84 85 86 87 88 89 90 91 92 93 94 95 96 97 98 99 100 101 102 103 104 105 106 107,-1.0,
base,active,,1838712.0,1838834.0,76,-1.0,
base,active,1838834.0,1838834.0,1845551.0,76 77 78 79 80 81 82 83 84 85 86 87 88 89 90 91 92 93 94 95 96 97 98 99 100 101 102 103 104 105 106 107,42257.0,False
base,switching_on,,1839223.0,1841923.0,0,-3.0,
base,switching_on,,1840146.0,1842846.0,1 2 3 4 5 6 7 8 9 10 11 12 13 14 15 16 17 18 19 20 21 22 23 24 25 26 27 28 29 30 31 32 33 34 35 36 37 38 39 40 41 42 43 44 45 46 47 48 49 50 51 52 53 54 55 56 57 58 59 60 61 62 63,-3.0,
base,switching_on,,1840162.0,1842862.0,64 65 66 67 68 69 70 71 72 73 74 75 108 109 110 111 112 113 114 115 116 117 118 119 120 121 122 123 124 125 126 127,-3.0,
base,active,1839223.0,1841923.0,1841937.0,0,42258.0,False
base,active,,1841937.0,1842846.0,0,-1.0,
base,active,1840146.0,1842846.0,1843006.0,0 1 2 3 4 5 6 7 8 9 10 11 12 13 14 15 16 17 18 19 20 21 22 23 24 25 26 27 28 29 30 31 32 33 34 35 36 37 38 39 40 41 42 43 44 45 46 47 48 49 50 51 52 53 54 55 56 57 58 59 60 61 62 63,42259.0,False
base,active,1840162.0,1842862.0,1843079.0,64 65 66 67 68 69 70 71 72 73 74 75 108 109 110 111 112 113 114 115 116 117 118 119 120 121 122 123 124 125 126 127,42260.0,False
base,active,1840332.0,1843006.0,1843023.0,0,42261.0,False
base,active,,1843006.0,1843306.0,1 2 3 4 5 6 7 8 9 10 11 12 13 14 15 16 17 18 19 20 21 22 23 24 25 26 27 28 29 30 31 32 33 34 35 36 37 38 39 40 41 42 43 44 45 46 47 48 49 50 51 52 53 54 55 56 57 58 59 60 61 62 63,-1.0,
base,active,,1843023.0,1843323.0,0,-1.0,
base,active,,1843079.0,1843379.0,64 65 66 67 68 69 70 71 72 73 74 75 108 109 110 111 112 113 114 115 116 117 118 119 120 121 122 123 124 125 126 127,-1.0,
base,switching_off,,1843306.0,1845106.0,1 2 3 4 5 6 7 8 9 10 11 12 13 14 15 16 17 18 19 20 21 22 23 24 25 26 27 28 29 30 31 32 33 34 35 36 37 38 39 40 41 42 43 44 45 46 47 48 49 50 51 52 53 54 55 56 57 58 59 60 61 62 63,-2.0,
base,switching_off,,1843323.0,1845123.0,0,-2.0,
base,switching_off,,1843379.0,1845179.0,64 65 66 67 68 69 70 71 72 73 74 75 108 109 110 111 112 113 114 115 116 117 118 119 120 121 122 123 124 125 126 127,-2.0,
base,sleeping,,1845106.0,1846128.0,1 2 3 4 5 6 7 8 9 10 11 12 13 14 15 16 17 18 19 20 21 22 23 24 25 26 27 28 29 30 31 32 33 34 35 36 37 38 39 40 41 42 43 44 45 46 47 48 49 50 51 52 53 54 55 56 57 58 59 60 61 62 63,-4.0,
base,sleeping,,1845123.0,1846128.0,0,-4.0,
base,sleeping,,1845179.0,1857058.0,64 65 66 67 68 69 70 71 72 73 74 75 108 109 110 111 112 113 114 115 116 117 118 119 120 121 122 123 124 125 126 127,-4.0,
base,active,,1845551.0,1845553.0,76,-1.0,
base,active,,1845551.0,1845851.0,77 78 79 80 81 82 83 84 85 86 87 88 89 90 91 92 93 94 95 96 97 98 99 100 101 102 103 104 105 106 107,-1.0,
base,active,1845553.0,1845553.0,1845566.0,76,42262.0,False
base,active,,1845566.0,1845866.0,76,-1.0,
base,switching_off,,1845851.0,1847651.0,77 78 79 80 81 82 83 84 85 86 87 88 89 90 91 92 93 94 95 96 97 98 99 100 101 102 103 104 105 106 107,-2.0,
base,switching_off,,1845866.0,1847666.0,76,-2.0,
base,switching_on,,1846128.0,1848828.0,0 1 2 3 4 5 6 7 8 9 10 11 12 13 14 15 16 17 18 19 20 21 22 23 24 25 26 27 28 29 30 31 32 33 34 35 36 37 38 39 40 41 42 43 44 45 46 47 48 49 50 51 52 53 54 55 56 57 58 59 60 61 62 63,-3.0,
base,sleeping,,1847651.0,1857058.0,77 78 79 80 81 82 83 84 85 86 87 88 89 90 91 92 93 94 95 96 97 98 99 100 101 102 103 104 105 106 107,-4.0,
base,sleeping,,1847666.0,1857058.0,76,-4.0,
base,active,1846128.0,1848828.0,1859751.0,0 1 2 3 4 5 6 7 8 9 10 11 12 13 14 15 16 17 18 19 20 21 22 23 24 25 26 27 28 29 30 31 32 33 34 35 36 37 38 39 40 41 42 43 44 45 46 47 48 49 50 51 52 53 54 55 56 57 58 59 60 61 62 63,42263.0,False
base,switching_on,,1857058.0,1859758.0,64 65 66 67 68 69 70 71 72 73 74 75 76 77 78 79 80 81 82 83 84 85 86 87 88 89 90 91 92 93 94 95 96 97 98 99 100 101 102 103 104 105 106 107 108 109 110 111 112 113 114 115 116 117 118 119 120 121 122 123 124 125 126 127,-3.0,
base,active,,1859751.0,1859758.0,0 1 2 3 4 5 6 7 8 9 10 11 12 13 14 15 16 17 18 19 20 21 22 23 24 25 26 27 28 29 30 31 32 33 34 35 36 37 38 39 40 41 42 43 44 45 46 47 48 49 50 51 52 53 54 55 56 57 58 59 60 61 62 63,-1.0,
base,active,1857058.0,1859758.0,1859844.0,0 1 2 3 4 5 6 7 8 9 10 11 12 13 14 15 16 17 18 19 20 21 22 23 24 25 26 27 28 29 30 31 32 33 34 35 36 37 38 39 40 41 42 43 44 45 46 47 48 49 50 51 52 53 54 55 56 57 58 59 60 61 62 63 64 65 66 67 68 69 70 71 72 73 74 75 76 77 78 79 80 81 82 83 84 85 86 87 88 89 90 91 92 93 94 95 96 97 98 99 100 101 102 103 104 105 106 107 108 109 110 111 112 113 114 115 116 117 118 119 120 121 122 123 124 125 126 127,42264.0,False
