job_id,subtime,start_time,finish_time,waiting_time
16992,0,0.0,21.0,0.0
16994,102,102.0,123.0,0.0
16993,11,11.0,1641.0,0.0
17003,1719,1719.0,4128.0,0.0
17014,2719,4128.0,4186.0,1409.0
17009,2381,4800.0,4832.0,2419.0
17005,1903,4800.0,4837.0,2897.0
17027,4071,4837.0,4838.0,766.0
17007,2351,4800.0,4861.0,2449.0
17030,4134,4837.0,4862.0,703.0
17022,3212,4832.0,4864.0,1620.0
17004,1852,4800.0,4887.0,2948.0
17029,4079,4837.0,4906.0,758.0
17002,1644,4923.0,4943.0,3279.0
17024,3898,4837.0,4993.0,939.0
17035,5109,5109.0,5118.0,0.0
17036,5121,5121.0,5139.0,0.0
17037,5143,5143.0,5161.0,0.0
17034,4974,4974.0,5260.0,0.0
17015,2743,5928.0,5963.0,3185.0
17021,3191,5986.0,5991.0,2795.0
17020,3145,5986.0,5995.0,2841.0
17018,3033,5986.0,6004.0,2953.0
17016,2769,4186.0,6677.0,1417.0
17017,2831,5986.0,8414.0,3155.0
17041,6064,6677.0,8560.0,613.0
17044,6292,8560.0,9669.0,2268.0
17042,6088,9661.0,9773.0,3573.0
17040,6045,9793.0,9947.0,3748.0
17039,5965,10060.0,10393.0,4095.0
17055,7971,10393.0,10519.0,2422.0
17045,6395,9669.0,11229.0,3274.0
17057,8040,11229.0,11285.0,3189.0
17048,7352,11469.0,11564.0,4117.0
17066,9729,11564.0,11600.0,1835.0
17043,6157,9706.0,11818.0,3549.0
17051,7600,9947.0,11935.0,2347.0
17061,8630,11564.0,11988.0,2934.0
17068,9972,11935.0,12112.0,1963.0
17056,8036,10519.0,12971.0,2483.0
17073,10677,12971.0,13102.0,2294.0
17054,7967,13214.0,13258.0,5247.0
17074,10719,13102.0,13280.0,2383.0
17077,11067,13280.0,13438.0,2213.0
17082,11455,13438.0,13464.0,1983.0
17081,11338,13438.0,13470.0,2100.0
17079,11197,13438.0,13472.0,2241.0
17078,11094,13438.0,13579.0,2344.0
17088,12412,13579.0,13725.0,1167.0
17091,12980,13725.0,13740.0,745.0
17089,12432,13725.0,13852.0,1293.0
17093,13294,13852.0,14269.0,558.0
17094,13315,14269.0,14491.0,954.0
17071,10532,12112.0,14558.0,1580.0
17104,14482,14558.0,14617.0,76.0
17103,14473,14558.0,14625.0,85.0
17053,7923,13214.0,15664.0,5291.0
17110,15119,15664.0,15685.0,545.0
17102,14464,16291.0,16365.0,1827.0
17069,10009,16400.0,16541.0,6391.0
17099,13868,14491.0,16862.0,623.0
17059,8277,11285.0,17074.0,3008.0
17111,15138,16862.0,17086.0,1724.0
17115,15436,17074.0,17155.0,1638.0
17119,15578,17155.0,17245.0,1577.0
17060,8344,11564.0,17286.0,3220.0
17116,15447,17086.0,17297.0,1639.0
17123,15749,17297.0,17442.0,1548.0
17122,15687,17245.0,17450.0,1558.0
17124,15859,17442.0,17463.0,1583.0
17125,15895,17450.0,17479.0,1555.0
17127,16018,17463.0,17484.0,1445.0
17128,16021,17479.0,17497.0,1458.0
17129,16025,17497.0,17664.0,1472.0
17126,15955,17463.0,17700.0,1508.0
17130,16061,17664.0,17714.0,1603.0
17132,16242,17700.0,17717.0,1458.0
17131,16116,17700.0,17758.0,1584.0
17101,14457,18058.0,18137.0,3601.0
17133,16308,17758.0,19306.0,1450.0
17136,16917,19306.0,19311.0,2389.0
17143,17860,19306.0,19321.0,1446.0
17141,17249,19306.0,19334.0,2057.0
17137,17010,19306.0,19335.0,2296.0
17138,17092,19306.0,19337.0,2214.0
17140,17172,19306.0,19343.0,2134.0
17139,17127,19306.0,19346.0,2179.0
17107,15030,19417.0,19423.0,4387.0
17106,14993,19425.0,19446.0,4432.0
17142,17318,19306.0,19492.0,1988.0
17135,16563,19306.0,20476.0,2743.0
17117,15530,20485.0,20502.0,4955.0
17134,16478,19306.0,20560.0,2828.0
17120,15660,21341.0,21350.0,5681.0
17118,15537,21341.0,21458.0,5804.0
17144,17948,22937.0,23003.0,4989.0
17121,15665,21341.0,24332.0,5676.0
17146,18091,24803.0,24860.0,6712.0
17149,18338,24860.0,24920.0,6522.0
17150,18542,24920.0,25121.0,6378.0
17152,18641,25121.0,25127.0,6480.0
17151,18572,25121.0,25293.0,6549.0
17145,17951,24292.0,25770.0,6341.0
17166,20540,25770.0,26400.0,5230.0
17156,19062,25770.0,27096.0,6708.0
17155,19001,25770.0,27157.0,6769.0
17147,18282,27803.0,27919.0,9521.0
17175,21276,27919.0,28540.0,6643.0
17161,19698,30093.0,30100.0,10395.0
17158,19432,30093.0,30110.0,10661.0
17165,20509,30093.0,30751.0,9584.0
17174,21237,31200.0,31858.0,9963.0
17183,22759,31858.0,31871.0,9099.0
17186,23668,31858.0,31875.0,8190.0
17154,18746,25121.0,34805.0,6375.0
17178,22298,35551.0,36918.0,13253.0
17196,25496,36918.0,36942.0,11422.0
17169,20751,27157.0,40346.0,6406.0
17167,20689,27157.0,40404.0,6468.0
17190,24117,39605.0,40981.0,15488.0
17208,27696,40981.0,42329.0,13285.0
17216,29045,42329.0,42354.0,13284.0
17202,26677,42204.0,43135.0,15527.0
17218,29660,42354.0,46624.0,12694.0
17240,33945,48424.0,52158.0,14479.0
17241,37684,52158.0,55883.0,14474.0
17242,41418,55883.0,66808.0,14465.0
17243,52348,66808.0,77732.0,14460.0
17324,68676,77732.0,77750.0,9056.0
17323,68562,77732.0,77879.0,9170.0
17352,76969,77879.0,77921.0,910.0
17357,77297,77921.0,77972.0,624.0
17359,77389,77972.0,78169.0,583.0
17329,72625,79532.0,79535.0,6907.0
17350,76753,79532.0,79549.0,2779.0
17340,74083,79532.0,79550.0,5449.0
17349,76479,79532.0,79555.0,3053.0
17338,73550,79532.0,79561.0,5982.0
17332,73163,79532.0,79567.0,6369.0
17331,73088,79532.0,79597.0,6444.0
17376,79227,79535.0,79607.0,308.0
17364,77864,79772.0,79776.0,1908.0
17361,77602,79772.0,79777.0,2170.0
17362,77686,79772.0,79777.0,2086.0
17360,77447,79772.0,79910.0,2325.0
17368,78295,80095.0,80147.0,1800.0
17369,78399,80199.0,80213.0,1800.0
17370,78407,80207.0,80238.0,1800.0
17377,79238,84577.0,84609.0,5339.0
17404,84109,86409.0,86418.0,2300.0
17402,83752,86409.0,86422.0,2657.0
17389,81668,86409.0,86432.0,4741.0
17387,81212,86409.0,86472.0,5197.0
17365,77886,78169.0,87145.0,283.0
17366,77945,79969.0,88890.0,2024.0
17405,84237,87145.0,90019.0,2908.0
17407,84605,90019.0,90023.0,5414.0
17411,84863,90023.0,90269.0,5160.0
17385,80971,84609.0,90744.0,3638.0
17433,87117,90744.0,90769.0,3627.0
17427,86686,90744.0,90772.0,4058.0
17428,86815,90744.0,90778.0,3929.0
17246,52687,66808.0,90789.0,14121.0
17244,52628,66808.0,90848.0,14180.0
17437,88759,90848.0,90885.0,2089.0
17418,85501,90269.0,90984.0,4768.0
17421,86308,92069.0,92095.0,5761.0
17413,84936,93690.0,93713.0,8754.0
17416,85085,93690.0,93729.0,8605.0
17410,84809,93690.0,93778.0,8881.0
17419,85556,93690.0,94352.0,8134.0
17325,68806,79532.0,94475.0,10726.0
17439,88847,90984.0,95795.0,2137.0
17438,88776,90848.0,96442.0,2072.0
17448,90746,96275.0,96486.0,5529.0
17436,88709,90848.0,96510.0,2139.0
17450,91235,95795.0,96535.0,4560.0
17472,93661,96535.0,96551.0,2874.0
17470,93581,96535.0,96698.0,2954.0
17469,93518,96510.0,96734.0,2992.0
17476,94407,96734.0,96943.0,2327.0
17477,94471,96943.0,97091.0,2472.0
17459,92586,96486.0,97190.0,3900.0
17485,94761,97190.0,97218.0,2429.0
17479,94509,97091.0,97219.0,2582.0
17492,95242,97219.0,97240.0,1977.0
17491,95118,97219.0,97241.0,2101.0
17484,94741,97190.0,97242.0,2449.0
17489,94977,97219.0,97248.0,2242.0
17490,95099,97219.0,97257.0,2120.0
17481,94569,97190.0,97259.0,2621.0
17487,94821,97190.0,97289.0,2369.0
17488,94964,97219.0,97310.0,2255.0
17495,95328,97310.0,97330.0,1982.0
17497,95452,97310.0,97341.0,1858.0
17498,95487,97310.0,97343.0,1823.0
17493,95265,97289.0,97825.0,2024.0
17496,95364,97310.0,97862.0,1946.0
17506,96514,97862.0,98388.0,1348.0
17507,96529,98388.0,98610.0,1859.0
17510,97329,98610.0,98827.0,1281.0
17465,93022,99152.0,99173.0,6130.0
17468,93212,99152.0,99174.0,5940.0
17463,92917,99152.0,99180.0,6235.0
17474,93813,99152.0,99180.0,5339.0
17451,91302,99275.0,99950.0,7973.0
17508,97159,100188.0,100215.0,3029.0
17473,93737,96698.0,101067.0,2961.0
17500,95936,102143.0,102360.0,6207.0
17460,92785,99152.0,103651.0,6367.0
17511,97594,103627.0,103788.0,6033.0
17526,99683,103788.0,103802.0,4105.0
17519,98331,103788.0,103829.0,5457.0
17528,99774,103788.0,103851.0,4014.0
17522,98965,103788.0,103866.0,4823.0
17533,100267,103788.0,104175.0,3521.0
17513,97820,102360.0,104177.0,4540.0
17561,102309,105977.0,105999.0,3668.0
17559,102127,105977.0,106000.0,3850.0
17550,101322,105977.0,106008.0,4655.0
17560,102261,105977.0,106009.0,3716.0
17570,103364,106009.0,106030.0,2645.0
17571,103401,106030.0,106048.0,2629.0
17565,102454,106008.0,106060.0,3554.0
17562,102335,105977.0,106135.0,3642.0
17563,102357,106000.0,106139.0,3643.0
17575,103654,106139.0,106187.0,2485.0
17577,104323,106139.0,106191.0,1816.0
17579,104446,106187.0,106270.0,1741.0
17574,103443,106135.0,106274.0,2692.0
17572,103422,106135.0,106292.0,2713.0
17514,97877,104750.0,106511.0,6873.0
17542,100772,108451.0,108467.0,7679.0
17543,100799,108451.0,108479.0,7652.0
17549,101052,108451.0,108479.0,7399.0
17544,100800,108451.0,108484.0,7651.0
17540,100562,108451.0,108562.0,7889.0
17546,100853,108451.0,108593.0,7598.0
17545,100831,108451.0,108612.0,7620.0
17539,100541,108651.0,108781.0,8110.0
17534,100363,108666.0,108901.0,8303.0
17580,104639,108901.0,108968.0,4262.0
17583,104766,108968.0,108991.0,4202.0
17527,99761,103788.0,109229.0,4027.0
17585,104855,108991.0,109338.0,4136.0
17517,98270,103788.0,110720.0,5518.0
17530,99842,105588.0,110948.0,5746.0
17581,104671,111311.0,111346.0,6640.0
17588,112551,116146.0,116245.0,3595.0
17596,113963,116245.0,116264.0,2282.0
17592,113213,116245.0,116330.0,3032.0
17593,113320,116245.0,117421.0,2925.0
17600,114752,116245.0,118740.0,1493.0
17614,117883,121130.0,122718.0,3247.0
17606,116062,116245.0,125870.0,183.0
17636,124177,127518.0,127533.0,3341.0
17621,119752,122221.0,128175.0,2469.0
17590,112974,116245.0,128974.0,3271.0
17589,112914,116245.0,129031.0,3331.0
17643,125710,132975.0,143919.0,7265.0
17644,136658,143919.0,154844.0,7261.0
17645,147589,154844.0,158308.0,7255.0
17663,154142,158308.0,158328.0,4166.0
17670,156176,158308.0,158336.0,2132.0
17655,152484,158308.0,161996.0,5824.0
17672,156224,161996.0,162017.0,5772.0
17671,156189,161996.0,162021.0,5807.0
17673,156462,162017.0,162057.0,5555.0
17674,157660,162057.0,163323.0,4397.0
17677,158998,163323.0,163845.0,4325.0
17676,158928,163857.0,163875.0,4929.0
17675,158354,163857.0,163876.0,5503.0
17678,159930,163845.0,164675.0,3915.0
17681,160843,164675.0,164990.0,3832.0
17683,161010,164990.0,165024.0,3980.0
17682,160977,164990.0,165057.0,4013.0
17649,151383,158308.0,167887.0,6925.0
17648,151328,158308.0,167932.0,6980.0
17686,161326,166790.0,168297.0,5464.0
17694,162173,169824.0,169844.0,7651.0
17691,161959,169857.0,169885.0,7898.0
17695,162230,169824.0,169947.0,7594.0
17685,161254,168676.0,169955.0,7422.0
17698,162712,169955.0,170021.0,7243.0
17699,162835,170021.0,170153.0,7186.0
17700,162894,170153.0,170171.0,7259.0
17701,162899,170153.0,170182.0,7254.0
17702,162956,170153.0,170229.0,7197.0
17697,162537,173097.0,173139.0,10560.0
17705,163159,173139.0,173151.0,9980.0
17706,163229,173151.0,173218.0,9922.0
17710,163719,173218.0,173219.0,9499.0
17708,163552,173218.0,173232.0,9666.0
17712,163766,173232.0,173443.0,9466.0
17704,163052,170229.0,173506.0,7177.0
17713,163996,173443.0,173569.0,9447.0
17714,164203,173506.0,173571.0,9303.0
17716,164382,173569.0,173650.0,9187.0
17718,164876,173650.0,173712.0,8774.0
17724,165547,173712.0,173771.0,8165.0
17717,164566,173571.0,173834.0,9005.0
17727,166213,173834.0,173894.0,7621.0
17725,165656,173771.0,174033.0,8115.0
17728,166329,173894.0,174036.0,7565.0
17730,166576,174033.0,174099.0,7457.0
17736,167247,174099.0,174169.0,6852.0
17737,167620,174169.0,174239.0,6549.0
17731,166582,174036.0,175167.0,7454.0
17739,167807,175167.0,175221.0,7360.0
17741,167992,175221.0,175281.0,7229.0
17747,168891,175281.0,175310.0,6390.0
17745,168685,175281.0,175350.0,6596.0
17746,168880,175281.0,175383.0,6401.0
17743,168342,175281.0,175407.0,6939.0
17748,168973,175407.0,175507.0,6434.0
17750,169072,175507.0,175525.0,6435.0
17752,169118,175507.0,175555.0,6389.0
17753,169135,175555.0,176050.0,6420.0
17755,169206,176050.0,176109.0,6844.0
17757,169258,176109.0,176385.0,6851.0
17759,169726,176385.0,176393.0,6659.0
17760,169796,176393.0,176415.0,6597.0
17761,169823,176393.0,176851.0,6570.0
17689,161853,169857.0,176889.0,8004.0
17766,170162,176889.0,176910.0,6727.0
17770,170332,176889.0,176943.0,6557.0
17768,170197,176889.0,176947.0,6692.0
17771,170399,176889.0,177132.0,6490.0
17763,169845,176889.0,177325.0,7044.0
17767,170170,176889.0,177460.0,6719.0
17765,170100,176889.0,177529.0,6789.0
17780,171001,177529.0,177533.0,6528.0
17738,167777,174239.0,177539.0,6462.0
17779,170845,177529.0,177541.0,6684.0
17764,169852,176889.0,179373.0,7037.0
17762,169836,181215.0,181231.0,11379.0
17776,170750,177529.0,181289.0,6779.0
17785,171567,181231.0,181372.0,9664.0
17787,171822,181289.0,181373.0,9467.0
17790,172041,181373.0,181435.0,9332.0
17791,172115,181435.0,181469.0,9320.0
17794,172310,181469.0,181622.0,9159.0
17793,172245,181469.0,181685.0,9224.0
17800,172564,181685.0,181763.0,9121.0
17808,173160,181763.0,181784.0,8603.0
17807,173121,181763.0,181792.0,8642.0
17802,172620,181763.0,181913.0,9143.0
17781,171144,181747.0,181958.0,10603.0
17804,172764,181763.0,181966.0,8999.0
17806,173110,181763.0,182007.0,8653.0
17810,173315,182007.0,182028.0,8692.0
17811,173483,182007.0,182028.0,8524.0
17812,173513,182028.0,182050.0,8515.0
17809,173250,182007.0,182057.0,8757.0
17814,173604,182057.0,182159.0,8453.0
17816,173725,182159.0,182192.0,8434.0
17817,173762,182192.0,182236.0,8430.0
17818,173811,182236.0,182276.0,8425.0
17819,173857,182276.0,182299.0,8419.0
17821,173979,182299.0,182326.0,8320.0
17820,173964,182299.0,182415.0,8335.0
17823,174036,182415.0,182436.0,8379.0
17824,174072,182415.0,182436.0,8343.0
17825,174142,182415.0,182436.0,8273.0
17788,171841,183089.0,183154.0,11248.0
17789,172020,183089.0,183202.0,11069.0
17797,172531,183269.0,183333.0,10738.0
17799,172558,183269.0,183647.0,10711.0
17830,174446,183647.0,183933.0,9201.0
17826,174195,182436.0,184281.0,8241.0
17784,171499,184173.0,184383.0,12674.0
17836,174862,184383.0,184421.0,9521.0
17837,174904,184421.0,184463.0,9517.0
17813,173569,182028.0,185182.0,8459.0
17783,171470,181932.0,185213.0,10462.0
17842,175363,185213.0,185344.0,9850.0
17778,170811,181710.0,185527.0,10899.0
17843,175577,185213.0,185741.0,9636.0
17801,172583,181685.0,186981.0,9102.0
17828,174335,187126.0,187158.0,12791.0
17831,174516,184281.0,188009.0,9765.0
17847,176154,188009.0,188079.0,11855.0
17848,176229,188079.0,188155.0,11850.0
17829,174387,188133.0,188223.0,13746.0
17866,177746,188223.0,188239.0,10477.0
17861,177405,188155.0,188240.0,10750.0
17868,177786,188240.0,188257.0,10454.0
17870,177913,188240.0,188292.0,10327.0
17872,177974,188240.0,188303.0,10266.0
17874,178045,188292.0,188334.0,10247.0
17867,177778,188239.0,188346.0,10461.0
17873,177999,188240.0,188394.0,10241.0
17869,177819,188240.0,188415.0,10421.0
17834,174763,188733.0,188858.0,13970.0
17877,178176,188858.0,188874.0,10682.0
17878,178226,188858.0,188888.0,10632.0
17838,174932,188447.0,189470.0,13515.0
17845,176045,190144.0,190249.0,14099.0
17840,175239,184463.0,191391.0,9224.0
17887,178995,191391.0,191412.0,12396.0
17904,180767,191391.0,191412.0,10624.0
17893,179867,191391.0,191417.0,11524.0
17899,180281,191391.0,191419.0,11110.0
17901,180564,191391.0,191419.0,10827.0
17888,179140,191391.0,191420.0,12251.0
17914,181772,191391.0,191421.0,9619.0
17902,180669,191391.0,191422.0,10722.0
17905,180861,191391.0,191423.0,10530.0
17906,180946,191391.0,191423.0,10445.0
17911,181536,191391.0,191423.0,9855.0
17889,179259,191391.0,191429.0,12132.0
17891,179385,191391.0,191430.0,12006.0
17895,180097,191391.0,191430.0,11294.0
17885,178866,191391.0,191435.0,12525.0
17907,181053,191391.0,191436.0,10338.0
17910,181296,191391.0,191436.0,10095.0
17900,180365,191391.0,191437.0,11026.0
17913,181648,191391.0,191442.0,9743.0
17855,176782,191781.0,191802.0,14999.0
17856,176816,191781.0,191802.0,14965.0
17854,176742,191781.0,191803.0,15039.0
17857,176857,191781.0,191805.0,14924.0
17860,177305,191781.0,191806.0,14476.0
17859,177151,191781.0,191906.0,14630.0
17862,177497,191781.0,191934.0,14284.0
17865,177739,191958.0,191962.0,14219.0
17853,176686,191958.0,192082.0,15272.0
17864,177635,191958.0,192097.0,14323.0
17841,175306,185213.0,192374.0,9907.0
17908,181056,191391.0,192862.0,10335.0
17875,178082,188394.0,193624.0,10312.0
17876,178168,188415.0,194143.0,10247.0
17922,182583,197662.0,198053.0,15079.0
17884,178545,195049.0,198660.0,16504.0
17881,178326,190249.0,199039.0,11923.0
17919,182175,196242.0,199970.0,14067.0
17920,182468,197174.0,200191.0,14706.0
17921,182545,197174.0,200415.0,14629.0
17925,183324,200460.0,200660.0,17136.0
17940,185791,200191.0,201524.0,14400.0
17944,185975,201524.0,201776.0,15549.0
17935,185193,201770.0,201888.0,16577.0
17948,186434,201776.0,201994.0,15342.0
17949,186461,201888.0,202080.0,15427.0
17934,185136,201770.0,202099.0,16634.0
17950,186694,201994.0,202134.0,15300.0
17951,186844,202134.0,202345.0,15290.0
17957,187493,202345.0,203391.0,14852.0
17956,187427,202345.0,203457.0,14918.0
17942,185878,201991.0,203538.0,16113.0
17959,187605,203457.0,203952.0,15852.0
17933,185064,203839.0,204239.0,18775.0
17970,188698,203952.0,204369.0,15254.0
17943,185921,200660.0,204385.0,14739.0
17973,189149,204239.0,204424.0,15090.0
17975,189342,204369.0,204820.0,15027.0
17976,189360,204385.0,204822.0,15025.0
17945,186076,205460.0,205611.0,19384.0
17971,188723,206880.0,207274.0,18157.0
17961,187679,206899.0,207320.0,19220.0
17974,189166,208338.0,208506.0,19172.0
17983,189978,209224.0,209288.0,19246.0
17985,190205,209288.0,209634.0,19083.0
17986,190365,209634.0,209691.0,19269.0
17987,190456,209691.0,209935.0,19235.0
17990,191483,209935.0,210071.0,18452.0
17994,191642,210071.0,210213.0,18429.0
17996,191852,210213.0,210308.0,18361.0
17998,192487,210308.0,210537.0,17821.0
17999,192548,210537.0,210705.0,17989.0
18001,192823,210705.0,210838.0,17882.0
18003,192981,210838.0,210894.0,17857.0
18008,193821,210894.0,211129.0,17073.0
18009,193883,211129.0,211302.0,17246.0
18011,194096,211302.0,211442.0,17206.0
18012,194154,211442.0,211523.0,17288.0
18014,194411,211523.0,211529.0,17112.0
17984,190111,212120.0,212261.0,22009.0
17980,189876,209224.0,214329.0,19348.0
18024,195554,214329.0,214343.0,18775.0
18020,195029,214329.0,214421.0,19300.0
18019,194994,214329.0,214454.0,19335.0
18026,195605,214454.0,214544.0,18849.0
18027,195657,214454.0,214602.0,18797.0
18029,195819,214544.0,214775.0,18725.0
18030,196125,214775.0,214886.0,18650.0
18032,196239,214886.0,215071.0,18647.0
18037,196911,215071.0,215180.0,18160.0
18025,195581,217061.0,217283.0,21480.0
18082,206404,217283.0,217311.0,10879.0
18083,211761,217283.0,217364.0,5522.0
18084,211920,217283.0,217442.0,5363.0
18087,212734,219083.0,219161.0,6349.0
18088,213297,219083.0,219166.0,5786.0
18086,212511,219083.0,219262.0,6572.0
18085,212106,219083.0,219441.0,6977.0
18081,206005,219980.0,254736.0,13975.0
18112,246824,254736.0,254821.0,7912.0
18114,246885,254821.0,254844.0,7936.0
18097,240976,254736.0,255176.0,13760.0
18116,246919,254844.0,255735.0,7925.0
18113,246882,256536.0,256562.0,9654.0
18124,248038,255735.0,256622.0,7697.0
18115,246888,256621.0,256657.0,9733.0
18140,251065,256622.0,256724.0,5557.0
18133,249729,256622.0,257494.0,6893.0
18132,249554,257535.0,257548.0,7981.0
18148,252230,258422.0,258428.0,6192.0
18015,194421,211529.0,258524.0,17108.0
18145,251808,258422.0,258525.0,6614.0
18143,251520,258422.0,258541.0,6902.0
18142,251261,258422.0,258549.0,7161.0
18147,252021,258422.0,258557.0,6401.0
18150,252288,258422.0,259058.0,6134.0
18016,194488,212261.0,259189.0,17773.0
18119,247205,255176.0,260181.0,7971.0
18160,253437,260181.0,260241.0,6744.0
18162,253509,260241.0,260558.0,6732.0
18166,253848,260558.0,260787.0,6710.0
18158,253307,261457.0,261479.0,8150.0
18159,253393,261457.0,261484.0,8064.0
18156,253054,261524.0,261562.0,8470.0
18121,247269,256976.0,261916.0,9707.0
18167,253869,260787.0,262467.0,6918.0
18154,252722,262294.0,262836.0,9572.0
18183,255176,262836.0,262857.0,7660.0
18178,254586,262836.0,262864.0,8250.0
18184,255261,262836.0,262878.0,7575.0
18185,255274,262836.0,262882.0,7562.0
18180,254827,262836.0,262885.0,8009.0
18169,254131,262467.0,262895.0,8336.0
18175,254325,262836.0,262907.0,8511.0
18192,255764,262895.0,262918.0,7131.0
18182,255076,262836.0,262943.0,7760.0
18179,254617,262836.0,262947.0,8219.0
18173,254308,262836.0,262948.0,8528.0
18193,255846,262948.0,263034.0,7102.0
18197,256365,263034.0,263057.0,6669.0
18174,254312,262836.0,263112.0,8524.0
18202,256842,263057.0,263161.0,6215.0
18195,255937,263034.0,263193.0,7097.0
18204,257180,263112.0,263224.0,5932.0
18194,255869,263034.0,263262.0,7165.0
18176,254447,262836.0,263403.0,8389.0
18161,253487,263989.0,264014.0,10502.0
18163,253671,263989.0,264035.0,10318.0
18165,253775,263989.0,264038.0,10214.0
18168,253934,263989.0,264131.0,10055.0
18190,255649,264678.0,264698.0,9029.0
18188,255465,264678.0,264716.0,9213.0
18187,255413,264636.0,264924.0,9223.0
18191,255689,262895.0,266459.0,7206.0
18172,254248,266716.0,266745.0,12468.0
18186,255345,266716.0,267072.0,11371.0
18171,254194,266716.0,267081.0,12522.0
18211,258306,268259.0,268376.0,9953.0
18209,257879,268259.0,268379.0,10380.0
18208,257765,268259.0,268418.0,10494.0
18205,257308,268259.0,269532.0,10951.0
18215,258816,269532.0,269629.0,10716.0
18216,258928,269532.0,269652.0,10604.0
18219,259050,269652.0,269766.0,10602.0
18213,258442,269516.0,269785.0,11074.0
18217,258965,269629.0,269837.0,10664.0
18220,259166,269766.0,269874.0,10600.0
18223,259335,269874.0,269958.0,10539.0
18222,259277,269837.0,269962.0,10560.0
18226,259704,269962.0,269998.0,10258.0
18235,260298,269962.0,270007.0,9664.0
18237,260408,269962.0,270044.0,9554.0
18227,259805,269962.0,270046.0,10157.0
18229,259926,269962.0,270059.0,10036.0
18231,260154,269962.0,270067.0,9808.0
18224,259407,269958.0,270101.0,10551.0
18259,264593,270101.0,270122.0,5508.0
18254,263782,270101.0,270125.0,6319.0
18245,262057,269962.0,270201.0,7905.0
18230,259956,269962.0,270203.0,10006.0
18261,264669,270101.0,270309.0,5432.0
18255,263864,270101.0,270358.0,6237.0
18214,258714,271881.0,271981.0,13167.0
18257,264208,270101.0,272781.0,5893.0
18221,259255,269785.0,273406.0,10530.0
18275,266977,273406.0,273616.0,6429.0
18248,262876,270101.0,273645.0,7225.0
18280,267540,273616.0,273666.0,6076.0
18282,267615,273645.0,273700.0,6030.0
18290,268260,273700.0,273728.0,5440.0
18283,267693,273666.0,274020.0,5973.0
18292,268383,273728.0,274095.0,5345.0
18302,268979,274095.0,274189.0,5116.0
18303,269122,274095.0,274244.0,4973.0
18299,268770,274020.0,274252.0,5250.0
18307,269340,274252.0,274286.0,4912.0
18306,269311,274252.0,274332.0,4941.0
18308,269387,274252.0,274524.0,4865.0
18309,269396,274252.0,274540.0,4856.0
18305,269307,274244.0,274597.0,4937.0
18314,269830,274597.0,274645.0,4767.0
18312,269745,274597.0,274769.0,4852.0
18311,269679,274540.0,274779.0,4861.0
18272,266744,274762.0,274812.0,8018.0
18317,270084,274779.0,274820.0,4695.0
18318,270143,274779.0,274829.0,4636.0
18324,270547,274779.0,274842.0,4232.0
18313,269752,274597.0,274945.0,4845.0
18319,270146,274779.0,275098.0,4633.0
18327,271042,274779.0,275149.0,3737.0
18325,270572,274779.0,275221.0,4207.0
18286,267772,276781.0,276802.0,9009.0
18281,267561,276781.0,276805.0,9220.0
18278,267174,276781.0,276818.0,9607.0
18288,267995,276781.0,276819.0,8786.0
18287,267833,276781.0,276820.0,8948.0
18293,268443,276781.0,276851.0,8338.0
18298,268763,276781.0,276901.0,8018.0
18300,268835,276781.0,276948.0,7946.0
18301,268850,276781.0,277033.0,7931.0
18285,267756,276781.0,277071.0,9025.0
18294,268455,276781.0,277077.0,8326.0
18276,267028,277581.0,277601.0,10553.0
18277,267035,277581.0,277734.0,10546.0
18316,269984,274779.0,278357.0,4795.0
18329,271126,278357.0,278696.0,7231.0
18269,266423,275158.0,278717.0,8735.0
18339,272997,278717.0,278743.0,5720.0
18333,271491,278696.0,278904.0,7205.0
18344,273409,278904.0,279033.0,5495.0
18340,273049,278743.0,279085.0,5694.0
18347,273548,279033.0,279313.0,5485.0
18349,273847,279313.0,279500.0,5466.0
18350,274053,279500.0,279506.0,5447.0
18328,271068,279642.0,279693.0,8574.0
18351,274074,279506.0,280399.0,5432.0
18348,273567,279085.0,280753.0,5518.0
18356,275421,280753.0,280934.0,5332.0
18353,275243,281748.0,281770.0,6505.0
18336,271950,281871.0,281913.0,9921.0
18341,273112,281871.0,282149.0,8759.0
18355,275322,282199.0,282210.0,6877.0
18337,272075,281871.0,282240.0,9796.0
18338,272693,281871.0,282337.0,9178.0
18334,271551,282534.0,282683.0,10983.0
18330,271202,282534.0,282798.0,11332.0
18343,273173,281877.0,282861.0,8704.0
18332,271342,282534.0,283095.0,11192.0
18352,274674,281701.0,284024.0,7027.0
18354,275316,284493.0,284498.0,9177.0
18342,273169,281877.0,284646.0,8708.0
18346,273507,281877.0,285695.0,8370.0
18345,273475,281877.0,285726.0,8402.0
18291,268354,276781.0,285749.0,8427.0
18357,276233,286298.0,286304.0,10065.0
18361,276408,286304.0,286307.0,9896.0
18358,276240,286298.0,286309.0,10058.0
18359,276284,286298.0,286312.0,10014.0
18362,276413,286304.0,286331.0,9891.0
18364,276644,286307.0,286986.0,9663.0
18360,276396,287598.0,287826.0,11202.0
18363,276589,288104.0,288158.0,11515.0
18365,277030,288107.0,288400.0,11077.0
18366,290140,293200.0,293294.0,3060.0
18368,298125,299925.0,299947.0,1800.0
18638,323259,325059.0,325077.0,1800.0
18640,323336,325136.0,325157.0,1800.0
18367,290783,293294.0,325768.0,2511.0
18664,325038,325768.0,325783.0,730.0
18665,325090,325783.0,325948.0,693.0
18671,325582,325948.0,327120.0,366.0
18689,326804,327120.0,328409.0,316.0
18646,323860,326957.0,328609.0,3097.0
18707,328238,328409.0,328767.0,171.0
18711,328622,328622.0,333568.0,0.0
18725,333698,335498.0,336643.0,1800.0
18733,334909,336643.0,337981.0,1734.0
18747,336218,337981.0,337986.0,1763.0
18729,334739,338368.0,338393.0,3629.0
18728,334702,338368.0,338399.0,3666.0
18744,335960,338443.0,338461.0,2483.0
18742,335913,338443.0,338482.0,2530.0
18738,335768,338443.0,338483.0,2675.0
18741,335894,338443.0,338600.0,2549.0
18736,335521,338443.0,338648.0,2922.0
18739,335829,338443.0,338662.0,2614.0
18735,335499,338443.0,338669.0,2944.0
18737,335761,338443.0,338737.0,2682.0
18731,334790,338368.0,339019.0,3578.0
18730,334768,338368.0,339041.0,3600.0
18749,336253,339781.0,339815.0,3528.0
18745,335984,338443.0,342312.0,2459.0
18743,335959,338443.0,342338.0,2484.0
18754,336961,342786.0,343514.0,5825.0
18757,337738,345314.0,345699.0,7576.0
18761,338191,345699.0,348177.0,7508.0
18771,340672,348314.0,348337.0,7642.0
18766,339883,348314.0,348354.0,8431.0
18767,339943,348314.0,348517.0,8371.0
18770,340586,348314.0,348526.0,7728.0
18772,340963,348177.0,348664.0,7214.0
18777,341505,348664.0,348992.0,7159.0
18787,342491,350792.0,350813.0,8301.0
18788,342530,350792.0,350821.0,8262.0
18791,343001,350792.0,350827.0,7791.0
18794,343459,350792.0,350833.0,7333.0
18795,343554,350813.0,350834.0,7259.0
18793,343325,350792.0,350835.0,7467.0
18792,343198,350792.0,350844.0,7594.0
18799,344445,350834.0,350849.0,6389.0
18790,342844,350792.0,350905.0,7948.0
18797,343940,350833.0,350913.0,6893.0
18796,343919,350827.0,350929.0,6908.0
18780,341896,348992.0,351537.0,7096.0
18775,341097,349977.0,352746.0,8880.0
18774,341075,349977.0,352767.0,8902.0
18805,345515,352767.0,352771.0,7252.0
18802,345294,351537.0,352945.0,6243.0
18812,346704,352945.0,352959.0,6241.0
18786,342431,353137.0,353158.0,10706.0
18778,341792,353154.0,353190.0,11362.0
18785,342394,353326.0,353347.0,10932.0
18781,341941,353317.0,353376.0,11376.0
18804,345414,355729.0,355873.0,10315.0
18748,336232,337981.0,356631.0,1749.0
18750,336301,337986.0,356867.0,1685.0
18813,346766,358176.0,359121.0,11410.0
18839,352739,359121.0,359124.0,6382.0
18840,352776,359121.0,359140.0,6345.0
18835,352165,359121.0,359142.0,6956.0
18856,353741,359124.0,359143.0,5383.0
18842,352857,359121.0,359144.0,6264.0
18819,348179,359121.0,359170.0,10942.0
18848,353305,359121.0,359177.0,5816.0
18857,353975,359144.0,359182.0,5169.0
18836,352268,359121.0,359191.0,6853.0
18844,353042,359121.0,359203.0,6079.0
18847,353282,359121.0,359210.0,5839.0
18858,354075,359177.0,359226.0,5102.0
18833,352011,359121.0,359228.0,7110.0
18830,351815,359121.0,359243.0,7306.0
18843,352941,359121.0,359280.0,6180.0
18859,354750,359182.0,359319.0,4432.0
18860,354889,359280.0,359326.0,4391.0
18862,354984,359326.0,359441.0,4342.0
18861,354939,359326.0,359514.0,4387.0
18863,355119,359514.0,359574.0,4395.0
18865,355191,359574.0,359694.0,4383.0
18864,355132,359574.0,359712.0,4442.0
18866,355276,359712.0,359836.0,4436.0
18867,355405,359712.0,359898.0,4307.0
18869,355625,359898.0,360137.0,4273.0
18868,355444,359836.0,360150.0,4392.0
18870,355655,360137.0,360202.0,4482.0
18852,353614,360921.0,360964.0,7307.0
18854,353664,360921.0,361054.0,7257.0
18853,353627,360921.0,361126.0,7294.0
18849,353385,360921.0,361138.0,7536.0
18806,345569,352945.0,364562.0,7376.0
18871,355670,360150.0,365695.0,4480.0
18875,356031,365695.0,365732.0,9664.0
18874,355857,365695.0,365824.0,9838.0
18817,347903,361667.0,369408.0,13764.0
18873,355796,369362.0,369551.0,13566.0
18881,357155,369551.0,369676.0,12396.0
18892,360617,369676.0,369741.0,9059.0
18903,361775,369741.0,369744.0,7966.0
18902,361708,369741.0,369745.0,8033.0
18899,361548,369741.0,369757.0,8193.0
18906,361944,369741.0,369760.0,7797.0
18897,361422,369741.0,369768.0,8319.0
18905,361889,369741.0,369769.0,7852.0
18901,361648,369741.0,369771.0,8093.0
18898,361480,369741.0,369790.0,8261.0
18907,361961,369741.0,369816.0,7780.0
18900,361595,369741.0,369884.0,8146.0
18904,361837,369741.0,369937.0,7904.0
18908,362057,369937.0,370156.0,7880.0
18910,362449,370156.0,370172.0,7707.0
18911,362507,370156.0,370173.0,7649.0
18913,362670,370156.0,370201.0,7486.0
18912,362616,370156.0,370257.0,7540.0
18909,362163,370156.0,370341.0,7993.0
18872,355723,365002.0,370499.0,9279.0
18879,356698,371208.0,371228.0,14510.0
18920,363823,371228.0,371245.0,7405.0
18916,363213,371228.0,371249.0,8015.0
18917,363267,371228.0,371249.0,7961.0
18922,363895,371228.0,371249.0,7333.0
18923,367836,371228.0,371253.0,3392.0
18880,356900,371208.0,371264.0,14308.0
18921,363865,371228.0,371292.0,7363.0
18924,367910,371292.0,371343.0,3382.0
18919,363733,371228.0,371367.0,7495.0
18918,363296,371228.0,371472.0,7932.0
18896,361368,371476.0,371503.0,10108.0
18893,361011,371476.0,371504.0,10465.0
18895,361310,371476.0,371506.0,10166.0
18894,361126,371476.0,371647.0,10350.0
18914,363170,370341.0,375412.0,7171.0
18915,363204,370499.0,375537.0,7295.0
18925,368047,377212.0,378636.0,9165.0
18926,368248,378636.0,378675.0,10388.0
18930,369478,378675.0,379998.0,9197.0
18932,370718,379998.0,379999.0,9280.0
18933,370731,379999.0,380124.0,9268.0
18934,370858,380124.0,380219.0,9266.0
18935,370955,380219.0,380307.0,9264.0
18929,368377,380436.0,380453.0,12059.0
18931,369479,380475.0,380499.0,10996.0
18876,356074,369408.0,381336.0,13334.0
18877,356138,369408.0,381572.0,13270.0
18938,375618,385299.0,385320.0,9681.0
18927,368304,378636.0,385592.0,10332.0
18937,375562,381336.0,386416.0,5774.0
18928,368372,380436.0,387624.0,12064.0
18940,380647,390392.0,390452.0,9745.0
18941,380743,390452.0,390518.0,9709.0
18942,381110,390518.0,390578.0,9408.0
18943,381471,390578.0,390636.0,9107.0
18944,381830,390636.0,390702.0,8806.0
18945,382198,390702.0,390760.0,8504.0
18946,382559,390760.0,390820.0,8201.0
18947,382920,390820.0,390886.0,7900.0
18948,383288,390886.0,390949.0,7598.0
18949,383653,390949.0,391010.0,7296.0
18950,384016,391010.0,391071.0,6994.0
18951,384378,391071.0,391133.0,6693.0
18952,384675,391133.0,391137.0,6458.0
18936,375259,380307.0,391231.0,5048.0
18954,385046,391231.0,391296.0,6185.0
18953,384688,391137.0,391351.0,6449.0
18956,385477,391351.0,392064.0,5874.0
18955,385412,391296.0,392077.0,5884.0
18939,375645,390392.0,399996.0,14747.0
18957,386214,401796.0,412725.0,15582.0
18958,397148,412725.0,423668.0,15577.0
18959,408098,423668.0,427155.0,15570.0
18983,420702,427155.0,427177.0,6453.0
18982,420664,427155.0,427318.0,6491.0
18993,422354,427318.0,427333.0,4964.0
18994,422722,427318.0,429901.0,4596.0
19037,430123,431955.0,432003.0,1832.0
19036,430064,432133.0,432184.0,2069.0
19042,430409,432209.0,432297.0,1800.0
19043,430543,432343.0,432523.0,1800.0
18985,420993,427318.0,439211.0,6325.0
19064,432891,439211.0,439227.0,6320.0
18962,411921,427155.0,446260.0,15234.0
18961,411862,427155.0,446319.0,15293.0
19152,444872,446672.0,446683.0,1800.0
19051,431264,439211.0,447073.0,7947.0
19050,431201,439211.0,447135.0,8010.0
19168,450076,451935.0,451953.0,1859.0
19186,454753,456753.0,456777.0,2000.0
19196,456884,456884.0,456898.0,0.0
19200,457470,461698.0,461708.0,4228.0
19153,444995,451119.0,463006.0,6124.0
19209,460207,463006.0,463104.0,2799.0
19234,466054,467854.0,467868.0,1800.0
19237,467048,468848.0,468877.0,1800.0
19238,467107,468907.0,468922.0,1800.0
19217,461660,463104.0,472681.0,1444.0
19109,439436,441236.0,473043.0,1800.0
19110,439499,441299.0,473046.0,1800.0
19256,471252,477481.0,487200.0,6229.0
19257,480974,487200.0,490927.0,6226.0
19258,484708,490927.0,494387.0,6219.0
19291,497654,499454.0,509165.0,1800.0
19297,508753,509165.0,509180.0,412.0
19294,508116,509165.0,509183.0,1049.0
19303,510446,513983.0,513998.0,3537.0
19293,508039,509165.0,521447.0,1126.0
19341,521308,523108.0,534831.0,1800.0
19372,533033,534831.0,534846.0,1798.0
19373,535147,539646.0,539912.0,4499.0
19374,538618,540418.0,541745.0,1800.0
19377,541154,541745.0,541757.0,591.0
19378,541405,541745.0,541771.0,340.0
19371,529473,531273.0,544433.0,1800.0
19379,542898,544433.0,544569.0,1535.0
19380,543043,544569.0,544791.0,1526.0
19381,543887,544791.0,544952.0,904.0
19375,539976,539976.0,548061.0,0.0
19384,546799,548061.0,548215.0,1262.0
19385,547231,548215.0,548376.0,984.0
19386,547795,548376.0,548530.0,581.0
19383,546427,549591.0,549744.0,3164.0
19376,540041,541745.0,549768.0,1704.0
19382,545494,549752.0,549903.0,4258.0
19387,548039,553330.0,553362.0,5291.0
19388,548078,555162.0,564882.0,7084.0
19389,557802,564882.0,574445.0,7080.0
19390,567369,574445.0,584009.0,7076.0
19417,584465,588809.0,588875.0,4344.0
19430,588265,590675.0,590772.0,2410.0
19431,588395,590772.0,590788.0,2377.0
19440,592789,595572.0,595605.0,2783.0
19437,592002,595588.0,595608.0,3586.0
19444,593436,595572.0,595614.0,2136.0
19442,593087,595572.0,595619.0,2485.0
19439,592506,595572.0,595620.0,3066.0
19443,593259,595572.0,595620.0,2313.0
19438,592037,595572.0,595621.0,3535.0
19446,594299,595605.0,595623.0,1306.0
19450,595160,595619.0,595634.0,459.0
19448,595028,595619.0,595642.0,591.0
19441,592844,595572.0,595678.0,2728.0
19451,595648,595648.0,595698.0,0.0
19445,593881,595681.0,595735.0,1800.0
19449,595118,595619.0,595745.0,501.0
19452,595779,595779.0,596040.0,0.0
19447,594428,595619.0,597646.0,1191.0
19456,596215,597646.0,597792.0,1431.0
19453,596045,600478.0,600480.0,4433.0
19459,596677,602446.0,602447.0,5769.0
19458,596621,602446.0,602474.0,5825.0
19461,597029,602446.0,602498.0,5417.0
19462,597236,602447.0,602508.0,5211.0
19460,596997,602446.0,602623.0,5449.0
19464,597482,602623.0,602686.0,5141.0
19463,597302,602623.0,602876.0,5321.0
19466,597936,602876.0,602972.0,4940.0
19470,598387,602972.0,602974.0,4585.0
19471,598419,602972.0,603002.0,4553.0
19469,598284,602972.0,603024.0,4688.0
19467,598132,602972.0,603066.0,4840.0
19481,599567,603002.0,603079.0,3435.0
19484,599754,603066.0,603136.0,3312.0
19488,600435,603066.0,603146.0,2631.0
19485,600042,603066.0,603229.0,3024.0
19490,600543,603136.0,603272.0,2593.0
19497,600938,603272.0,603285.0,2334.0
19499,601082,603272.0,603295.0,2190.0
19498,601062,603272.0,603301.0,2210.0
19500,601128,603295.0,603311.0,2167.0
19482,599589,603066.0,603341.0,3477.0
19486,600156,603066.0,603352.0,2910.0
19489,600493,603079.0,603367.0,2586.0
19505,601372,603367.0,603450.0,1995.0
19503,601185,603352.0,603453.0,2167.0
19501,601146,603311.0,603476.0,2165.0
19493,600705,603146.0,603566.0,2441.0
19506,601379,603450.0,603602.0,2071.0
19507,601483,603602.0,603642.0,2119.0
19521,603085,603642.0,603661.0,557.0
19518,602641,603642.0,603665.0,1001.0
19524,603459,603642.0,603666.0,183.0
19509,601533,603642.0,603667.0,2109.0
19516,602431,603642.0,603680.0,1211.0
19525,603533,603665.0,603711.0,132.0
19527,603630,603667.0,603866.0,37.0
19517,602492,603642.0,603870.0,1150.0
19522,603198,603642.0,603904.0,444.0
19520,602843,603642.0,603962.0,799.0
19511,602009,603642.0,604040.0,1633.0
19508,601522,603642.0,604100.0,2120.0
19531,604041,604041.0,604134.0,0.0
19494,600728,603229.0,604135.0,2501.0
19532,604141,604141.0,604163.0,0.0
19502,601159,603311.0,604423.0,2152.0
19533,604192,604192.0,604551.0,0.0
19536,604583,604583.0,604871.0,0.0
19480,599554,604774.0,604878.0,5220.0
19538,605012,605012.0,605192.0,0.0
19542,605255,605255.0,605526.0,0.0
19479,599550,607298.0,607351.0,7748.0
19478,599377,607423.0,607454.0,8046.0
19473,598828,607423.0,607478.0,8595.0
19550,606307,608511.0,608606.0,2204.0
19551,606464,608704.0,608782.0,2240.0
19546,605812,608840.0,608902.0,3028.0
19544,605394,608934.0,608938.0,3540.0
19535,604536,608934.0,608958.0,4398.0
19549,606162,608762.0,609191.0,2600.0
19547,605939,609223.0,609390.0,3284.0
19561,607545,609191.0,609393.0,1646.0
19562,607632,609390.0,609464.0,1758.0
19564,607852,609464.0,609541.0,1612.0
19568,608127,609541.0,609563.0,1414.0
19571,608266,609541.0,609733.0,1275.0
19559,607376,609678.0,609779.0,2302.0
19565,607981,609541.0,609795.0,1560.0
19558,607267,609678.0,609893.0,2411.0
19554,606610,609678.0,609949.0,3068.0
19560,607490,613406.0,613456.0,5916.0
19455,596195,597646.0,614226.0,1451.0
19457,596483,602592.0,614232.0,6109.0
19572,608322,614232.0,614369.0,5910.0
19574,608695,614369.0,614656.0,5674.0
19454,596127,600545.0,616892.0,4418.0
19588,610311,616892.0,616901.0,6581.0
19581,609534,616892.0,616910.0,7358.0
19589,610380,616892.0,616914.0,6512.0
19591,610623,616892.0,616917.0,6269.0
19598,611214,616910.0,616922.0,5696.0
19593,610885,616901.0,616939.0,6016.0
19579,609330,616892.0,616940.0,7562.0
19606,612147,616940.0,616951.0,4793.0
19607,612227,616940.0,616954.0,4713.0
19608,612460,616940.0,616961.0,4480.0
19604,611917,616940.0,616962.0,5023.0
19603,611745,616939.0,617032.0,5194.0
19580,609366,616892.0,617058.0,7526.0
19583,609609,616892.0,617163.0,7283.0
19594,610892,616901.0,617182.0,6009.0
19610,612512,616940.0,617192.0,4428.0
19590,610466,616892.0,617193.0,6426.0
19599,611227,616914.0,617203.0,5687.0
19602,611738,616922.0,617213.0,5184.0
19612,612591,617213.0,617359.0,4622.0
19613,612602,617359.0,617390.0,4757.0
19616,612776,617390.0,617418.0,4614.0
19617,612874,617418.0,617439.0,4544.0
19619,612991,617418.0,617441.0,4427.0
19618,612898,617418.0,617561.0,4520.0
19578,609269,618256.0,618300.0,8987.0
19626,613642,618300.0,618315.0,4658.0
19624,613473,618300.0,618321.0,4827.0
19629,614102,618315.0,618339.0,4213.0
19632,614191,618321.0,618350.0,4130.0
19576,608946,618256.0,618353.0,9310.0
19642,615176,618353.0,618370.0,3177.0
19628,613966,618315.0,618413.0,4349.0
19634,614257,618339.0,618427.0,4082.0
19631,614130,618315.0,618432.0,4185.0
19638,614555,618350.0,618451.0,3795.0
19637,614371,618339.0,618507.0,3968.0
19620,613106,617561.0,618529.0,4455.0
19651,616214,618529.0,618543.0,2315.0
19625,613526,618300.0,618563.0,4774.0
19621,613124,618300.0,618654.0,5176.0
19644,615356,618529.0,618694.0,3173.0
19639,614671,618353.0,618731.0,3682.0
19650,615963,618529.0,618752.0,2566.0
19646,615635,618529.0,618827.0,2894.0
19641,615086,618353.0,618866.0,3267.0
19622,613183,618300.0,619191.0,5117.0
19653,616690,623666.0,623830.0,6976.0
19663,618163,623830.0,623844.0,5667.0
19659,617485,623830.0,623860.0,6345.0
19665,618270,623830.0,623860.0,5560.0
19666,618514,623830.0,623909.0,5316.0
19661,617783,623830.0,623940.0,6047.0
19656,617136,623830.0,623998.0,6694.0
19662,618065,623830.0,624030.0,5765.0
19674,619765,623998.0,624235.0,4233.0
19673,619707,623998.0,624293.0,4291.0
19689,621329,624293.0,624306.0,2964.0
19687,621175,624293.0,624307.0,3118.0
19688,621253,624293.0,624309.0,3040.0
19681,620326,624293.0,624314.0,3967.0
19686,621096,624293.0,624320.0,3197.0
19683,620941,624293.0,624323.0,3352.0
19684,621026,624293.0,624323.0,3267.0
19679,620173,624293.0,625595.0,4120.0
19573,608626,614369.0,626066.0,5743.0
19695,621601,626066.0,626107.0,4465.0
19699,622377,626066.0,626110.0,3689.0
19700,622381,626107.0,626128.0,3726.0
19701,622454,626107.0,626128.0,3653.0
19712,623157,626128.0,626148.0,2971.0
19702,622530,626128.0,626149.0,3598.0
19704,622576,626128.0,626149.0,3552.0
19705,622737,626128.0,626149.0,3391.0
19706,622865,626128.0,626149.0,3263.0
19710,623062,626128.0,626149.0,3066.0
19698,622288,626066.0,626150.0,3778.0
19713,623203,626148.0,626168.0,2945.0
19694,621543,626066.0,627258.0,4523.0
19678,620105,628709.0,630079.0,8604.0
19715,623245,630079.0,630100.0,6834.0
19716,623292,630079.0,630100.0,6787.0
19718,623508,630079.0,630116.0,6571.0
19717,623360,630079.0,630117.0,6719.0
19692,621477,629123.0,630380.0,7646.0
19719,623619,630380.0,630855.0,6761.0
19714,623214,630968.0,632766.0,7754.0
19722,625536,632766.0,634389.0,7230.0
19728,627553,634389.0,634403.0,6836.0
19726,627163,635655.0,635678.0,8492.0
19725,626824,635655.0,635708.0,8831.0
19723,626574,635655.0,635716.0,9081.0
19724,626696,635655.0,635721.0,8959.0
19721,624847,630855.0,636529.0,6008.0
19720,624786,630855.0,636590.0,6069.0
19727,627165,634389.0,637702.0,7224.0
19732,630479,636189.0,639497.0,5710.0
19735,630644,636590.0,641079.0,5946.0
19748,634035,642502.0,642653.0,8467.0
19734,630581,640521.0,644773.0,9940.0
19751,634298,645879.0,646027.0,11581.0
19754,634836,646027.0,646199.0,11191.0
19758,635376,646199.0,646224.0,10823.0
19757,635196,646199.0,646639.0,11003.0
19762,635641,651024.0,651214.0,15383.0
19781,639508,651214.0,651215.0,11706.0
19782,639560,651214.0,651228.0,11654.0
19763,635881,651214.0,651229.0,15333.0
19767,636676,651214.0,651229.0,14538.0
19788,640361,651214.0,651234.0,10853.0
19772,637439,651214.0,651237.0,13775.0
19784,639788,651214.0,651242.0,11426.0
19803,643397,651215.0,651281.0,7818.0
19801,642867,651214.0,651731.0,8347.0
19755,635135,646027.0,654794.0,10892.0
19752,634460,647453.0,656889.0,12993.0
19805,643907,659594.0,669308.0,15687.0
19806,653626,669308.0,672612.0,15682.0
19823,656930,669308.0,672626.0,12378.0
19855,663561,672626.0,675914.0,9065.0
19839,660251,672612.0,675921.0,12361.0
19891,670161,675921.0,679221.0,5760.0
19874,666851,675914.0,679223.0,9063.0
19884,669060,677714.0,680585.0,8654.0
19907,673042,681021.0,681039.0,7979.0
19908,673137,681021.0,681039.0,7884.0
19914,673805,681023.0,681045.0,7218.0
19912,673665,681023.0,681046.0,7358.0
19910,673417,681021.0,681047.0,7604.0
19915,673877,681023.0,681068.0,7146.0
19901,672152,681021.0,681455.0,8869.0
19911,673465,679223.0,682520.0,5758.0
19900,671917,679221.0,682710.0,7304.0
19922,676316,685385.0,685421.0,9069.0
19929,678380,685846.0,685873.0,7466.0
19925,677108,685839.0,685881.0,8731.0
19931,678602,685868.0,685888.0,7266.0
19921,675411,682520.0,686001.0,7109.0
19924,676767,682710.0,686024.0,5943.0
19939,679532,686001.0,686045.0,6469.0
19943,680274,686001.0,686056.0,5727.0
19950,680770,686024.0,686064.0,5254.0
19928,678262,685847.0,686079.0,7585.0
19947,680640,686024.0,686090.0,5384.0
19941,680121,686001.0,686188.0,5880.0
19956,681557,686188.0,686208.0,4631.0
19958,681773,686188.0,686282.0,4415.0
19923,676612,686255.0,686303.0,9643.0
19955,681514,686188.0,686542.0,4674.0
19944,680425,687801.0,687821.0,7376.0
19960,681954,687821.0,688055.0,5867.0
19934,678898,686001.0,689525.0,7103.0
19961,681990,689525.0,689569.0,7535.0
19966,682205,689569.0,689587.0,7364.0
19967,682229,689587.0,689635.0,7358.0
19963,682110,689525.0,689683.0,7415.0
19971,682317,689635.0,689759.0,7318.0
19969,682238,689635.0,689941.0,7397.0
19938,679316,690221.0,690263.0,10905.0
19952,680874,686064.0,691167.0,5190.0
19959,681843,691342.0,691396.0,9499.0
19964,682119,692855.0,692932.0,10736.0
19953,680902,687890.0,692966.0,6988.0
19982,683572,692966.0,693028.0,9394.0
19986,684073,692966.0,693030.0,8893.0
19975,682599,694435.0,694438.0,11836.0
19976,682657,694435.0,694542.0,11778.0
19978,682776,694483.0,694544.0,11707.0
19974,682497,694559.0,694598.0,12062.0
19979,683150,695063.0,695118.0,11913.0
19981,683248,696196.0,696376.0,12948.0
19995,685230,696376.0,696410.0,11146.0
19994,684830,696376.0,696439.0,11546.0
19997,685347,696376.0,696443.0,11029.0
19808,653948,669308.0,696876.0,15360.0
19807,653872,669308.0,696952.0,15436.0
20000,685490,696952.0,696979.0,11462.0
19999,685425,696952.0,697044.0,11527.0
19998,685400,698239.0,698283.0,12839.0
19973,682427,694741.0,698288.0,12314.0
20008,685988,698288.0,698356.0,12300.0
20001,685559,697044.0,698857.0,11485.0
20003,685618,697044.0,698976.0,11426.0
20019,687124,698976.0,699004.0,11852.0
20020,687214,698976.0,699019.0,11762.0
20021,687317,699019.0,699095.0,11702.0
20022,687324,699095.0,699149.0,11771.0
19989,684208,699398.0,699548.0,15190.0
19991,684285,699918.0,699991.0,15633.0
19992,684609,699918.0,699992.0,15309.0
20011,686157,698857.0,700090.0,12700.0
20032,688361,700090.0,700149.0,11729.0
20037,689316,700149.0,700203.0,10833.0
20034,688707,700149.0,700311.0,11442.0
20005,685676,701243.0,701310.0,15567.0
20007,685982,698288.0,701952.0,12306.0
20041,689668,701952.0,703088.0,12284.0
20016,687057,703083.0,703104.0,16026.0
20018,687109,703083.0,703124.0,15974.0
20046,690409,703088.0,703132.0,12679.0
20013,686576,703083.0,703135.0,16507.0
20045,690051,703088.0,703144.0,13037.0
20015,686892,703083.0,703202.0,16191.0
20012,686488,703156.0,703204.0,16668.0
20049,690488,703144.0,703211.0,12656.0
20057,691281,703204.0,703244.0,11923.0
20056,691160,703204.0,703265.0,12044.0
20058,691429,703211.0,703274.0,11782.0
20050,690759,703202.0,703480.0,12443.0
20060,691645,703211.0,703569.0,11566.0
20026,687492,700090.0,703650.0,12598.0
20074,693172,703650.0,703870.0,10478.0
20075,693449,703650.0,704068.0,10201.0
20064,692086,703650.0,704183.0,11564.0
20083,694333,704068.0,704252.0,9735.0
20077,693809,703870.0,704356.0,10061.0
20084,694544,704183.0,704480.0,9639.0
20043,689736,706110.0,706169.0,16374.0
20042,689731,705111.0,706185.0,15380.0
20024,687456,703949.0,706878.0,16493.0
20048,690470,703124.0,706892.0,12654.0
20094,695241,706892.0,706949.0,11651.0
20095,695259,706949.0,706991.0,11690.0
20096,695307,706991.0,707023.0,11684.0
20025,687479,704348.0,707254.0,16869.0
20072,692918,708011.0,708071.0,15093.0
20070,692661,708065.0,708167.0,15404.0
20071,692797,708044.0,708379.0,15247.0
20099,695929,708379.0,708541.0,12450.0
20062,691798,703650.0,708658.0,11852.0
20111,696974,708658.0,708675.0,11684.0
20105,696386,708658.0,708683.0,12272.0
20113,697054,708675.0,708695.0,11621.0
20101,696145,708541.0,708803.0,12396.0
20108,696511,708658.0,708912.0,12147.0
20117,697260,708695.0,708932.0,11435.0
20119,697515,708912.0,708969.0,11397.0
20088,694911,709156.0,709197.0,14245.0
20090,695065,709052.0,709198.0,13987.0
20089,694994,709156.0,709204.0,14162.0
20120,697653,708932.0,709220.0,11279.0
20127,698069,709198.0,709263.0,11129.0
20125,697972,708969.0,709303.0,10997.0
20086,694620,709280.0,709400.0,14660.0
20093,695171,710969.0,711006.0,15798.0
20092,695147,710969.0,711037.0,15822.0
20087,694772,710985.0,711167.0,16213.0
20129,698332,711167.0,711282.0,12835.0
20103,696275,711692.0,711698.0,15417.0
20097,695817,712054.0,712090.0,16237.0
20061,691734,708074.0,713146.0,16340.0
20128,698320,714200.0,714260.0,15880.0
20136,698635,714260.0,714303.0,15625.0
20148,699491,714260.0,714323.0,14769.0
20135,698576,714260.0,714420.0,15684.0
20147,699309,714260.0,714497.0,14951.0
20139,698794,714260.0,714524.0,15466.0
20146,699269,714260.0,714533.0,14991.0
20138,698726,714260.0,714581.0,15534.0
20145,699260,714260.0,715271.0,15000.0
20133,698483,716890.0,717449.0,18407.0
20153,699713,717449.0,717704.0,17736.0
20156,699912,717704.0,718278.0,17792.0
20165,700470,718278.0,718293.0,17808.0
20164,700414,718278.0,718307.0,17864.0
20163,700396,718278.0,718316.0,17882.0
20175,700911,718316.0,718318.0,17405.0
20167,700487,718278.0,718336.0,17791.0
20171,700639,718278.0,718339.0,17639.0
20169,700579,718278.0,718341.0,17699.0
20161,700331,718278.0,718348.0,17947.0
20168,700500,718278.0,718363.0,17778.0
20159,700292,718278.0,718436.0,17986.0
20170,700607,718278.0,718530.0,17671.0
20172,700801,718278.0,719159.0,17477.0
20151,699625,719381.0,719607.0,19756.0
20188,701730,719607.0,719725.0,17877.0
20186,701628,719607.0,719803.0,17979.0
20184,701589,719607.0,719814.0,18018.0
20180,701262,719607.0,719843.0,18345.0
20190,702149,719607.0,719851.0,17458.0
20193,702575,719814.0,719934.0,17239.0
20191,702414,719814.0,719994.0,17400.0
20199,702846,719994.0,720283.0,17148.0
20201,702944,720283.0,720312.0,17339.0
20200,702903,720283.0,720515.0,17380.0
20179,701253,723330.0,723550.0,22077.0
20213,705359,723550.0,723571.0,18191.0
20211,705165,723550.0,723573.0,18385.0
20214,706234,723550.0,723577.0,17316.0
20209,704410,723550.0,723579.0,19140.0
20212,705288,723550.0,723586.0,18262.0
20197,702741,724407.0,724578.0,21666.0
20215,706678,724578.0,724815.0,17900.0
20217,707017,724815.0,724961.0,17798.0
20204,703715,720515.0,725043.0,16800.0
20228,710125,725043.0,725161.0,14918.0
20221,707446,724961.0,725758.0,17515.0
20205,703723,723550.0,727270.0,19827.0
20242,710699,727270.0,727278.0,16571.0
20241,710639,727270.0,727284.0,16631.0
20265,712651,727270.0,727310.0,14619.0
20253,711590,727270.0,727311.0,15680.0
20261,712067,727270.0,727314.0,15203.0
20262,712174,727270.0,727314.0,15096.0
20272,713014,727270.0,727315.0,14256.0
20246,711265,727270.0,727316.0,16005.0
20273,713141,727270.0,727319.0,14129.0
20256,711786,727270.0,727333.0,15484.0
20243,710803,727270.0,727343.0,16467.0
20206,703800,723550.0,727993.0,19750.0
20279,713701,727270.0,728239.0,13569.0
20233,710287,728350.0,728354.0,18063.0
20232,710251,728350.0,728357.0,18099.0
20231,710246,728350.0,728372.0,18104.0
20220,707379,728379.0,728403.0,21000.0
20218,707228,728379.0,728413.0,21151.0
20222,707514,728386.0,728429.0,20872.0
20234,710301,728350.0,728445.0,18049.0
20223,707680,728377.0,728455.0,20697.0
20237,710416,728350.0,728535.0,17934.0
20229,710130,725161.0,728758.0,15031.0
20282,713975,729793.0,729812.0,15818.0
20239,710571,725758.0,732499.0,15187.0
20294,715685,732499.0,732568.0,16814.0
20305,716677,732568.0,732576.0,15891.0
20306,716783,732568.0,732861.0,15785.0
20295,715801,732499.0,732960.0,16698.0
20286,714798,733229.0,733531.0,18431.0
20291,715355,733255.0,733552.0,17900.0
20293,715500,733245.0,733711.0,17745.0
20240,710635,727270.0,734247.0,16635.0
20297,715998,734299.0,734340.0,18301.0
20298,716093,734612.0,734677.0,18519.0
20303,716493,734299.0,734684.0,17806.0
20280,713731,732143.0,735162.0,18412.0
20283,714007,733039.0,736342.0,19032.0
20318,718135,736342.0,736878.0,18207.0
20320,718771,736342.0,737678.0,17571.0
20308,717108,737376.0,737796.0,20268.0
20328,720367,736342.0,737818.0,15975.0
20338,721953,737796.0,738272.0,15843.0
20309,717320,739140.0,742466.0,21820.0
20362,726415,744266.0,744299.0,17851.0
20311,717614,735162.0,744786.0,17548.0
20330,720648,741678.0,744971.0,21030.0
20312,717676,736342.0,745907.0,18666.0
20351,723942,744266.0,747556.0,20324.0
20366,727247,750707.0,760435.0,23460.0
20367,736979,760435.0,770130.0,23456.0
20373,749900,770130.0,770142.0,20230.0
20381,750662,770130.0,770151.0,19468.0
20382,750710,770130.0,770161.0,19420.0
20374,750045,770130.0,770162.0,20085.0
20380,750403,770130.0,770167.0,19727.0
20443,756063,770130.0,770217.0,14067.0
20400,752112,770130.0,770227.0,18018.0
20430,754846,770130.0,770227.0,15284.0
20421,754042,770130.0,770229.0,16088.0
20391,751448,770130.0,770236.0,18682.0
20483,759652,770217.0,770267.0,10565.0
20484,759660,770227.0,770275.0,10567.0
20488,759815,770229.0,770293.0,10414.0
20491,760065,770293.0,770341.0,10228.0
20490,759865,770275.0,770350.0,10410.0
20519,761821,770350.0,770361.0,8529.0
20470,758648,770151.0,770401.0,11503.0
20520,761840,770361.0,770404.0,8521.0
20521,761863,770401.0,770404.0,8538.0
20523,762113,770404.0,770434.0,8291.0
20465,758185,770151.0,770440.0,11966.0
20481,759386,770217.0,770454.0,10831.0
20527,762207,770434.0,770484.0,8227.0
20501,760622,770293.0,770589.0,9671.0
20514,761504,770350.0,770599.0,8846.0
20506,761017,770293.0,770602.0,9276.0
20507,761059,770293.0,770621.0,9234.0
20489,759838,770275.0,770629.0,10437.0
20513,761465,770341.0,770638.0,8876.0
20476,759109,770167.0,770689.0,11058.0
20533,762625,770440.0,770694.0,7815.0
20445,756354,770142.0,770775.0,13788.0
20496,760210,770293.0,770785.0,10083.0
20508,761281,770341.0,770976.0,9060.0
20536,763195,770976.0,771008.0,7781.0
20535,762933,770785.0,771107.0,7852.0
20471,758727,770161.0,771252.0,11434.0
20522,761991,770404.0,771302.0,8413.0
20534,762717,775254.0,775868.0,12537.0
20547,765887,775868.0,775887.0,9981.0
20546,765712,775868.0,779662.0,10156.0
20549,765976,777668.0,781194.0,11692.0
20545,765679,777668.0,781494.0,11989.0
20553,766417,781494.0,781520.0,15077.0
20554,766450,783294.0,783321.0,16844.0
20550,766160,784462.0,784617.0,18302.0
20570,768517,784617.0,785020.0,16100.0
20564,767954,785121.0,785150.0,17167.0
20563,767844,785121.0,785161.0,17277.0
20551,766397,781494.0,785509.0,15097.0
20556,766557,786320.0,786430.0,19763.0
20583,770193,786430.0,786437.0,16237.0
20555,766482,783294.0,787223.0,16812.0
20575,769640,786950.0,788029.0,17310.0
20593,772289,788029.0,788058.0,15740.0
20594,772374,788029.0,788332.0,15655.0
20576,769794,785509.0,788884.0,15715.0
20595,772516,788884.0,788951.0,16368.0
20606,773217,788951.0,789279.0,15734.0
20369,746864,770130.0,789358.0,23266.0
20604,773185,788951.0,789483.0,15766.0
20610,773605,789483.0,789508.0,15878.0
20371,746933,770130.0,789590.0,23197.0
20577,769819,786430.0,789784.0,16611.0
20613,774055,789784.0,789825.0,15729.0
20615,774172,789784.0,790036.0,15612.0
20591,771839,791237.0,791435.0,19398.0
20608,773305,789358.0,792714.0,16053.0
20619,774422,792714.0,792772.0,18292.0
20618,774416,792714.0,792782.0,18298.0
20609,773331,789483.0,792815.0,16152.0
20622,774690,792782.0,792997.0,18092.0
20629,775490,792997.0,793023.0,17507.0
20627,775343,792997.0,793026.0,17654.0
20623,774781,792997.0,793044.0,18216.0
20574,769514,789417.0,793055.0,19903.0
20632,775704,793055.0,793073.0,17351.0
20630,775573,793023.0,793095.0,17450.0
20641,776156,793073.0,793113.0,16917.0
20626,775311,792997.0,793150.0,17686.0
20599,772795,793132.0,793158.0,20337.0
20625,774957,792997.0,793245.0,18040.0
20635,775809,793055.0,793340.0,17246.0
20645,776803,793150.0,793351.0,16347.0
20659,777625,793351.0,793354.0,15726.0
20660,777662,793351.0,793354.0,15689.0
20657,777579,793351.0,793355.0,15772.0
20662,777728,793354.0,793357.0,15626.0
20663,777892,793354.0,793357.0,15462.0
20642,776360,793073.0,793366.0,16713.0
20633,775716,793055.0,793367.0,17339.0
20650,777300,793340.0,793394.0,16040.0
20651,777305,793351.0,793410.0,16046.0
20631,775667,793044.0,793758.0,17377.0
20644,776682,793073.0,793763.0,16391.0
20607,773294,793751.0,793952.0,20457.0
20670,779387,793758.0,794421.0,14371.0
20612,773878,794283.0,794947.0,20405.0
20616,774284,794836.0,795060.0,20552.0
20684,780750,795060.0,795105.0,14310.0
20699,782526,795105.0,795138.0,12579.0
20679,780229,795060.0,795279.0,14831.0
20691,781683,795060.0,795296.0,13377.0
20686,780868,795060.0,795329.0,14192.0
20700,782541,795138.0,795386.0,12597.0
20694,782126,795060.0,795402.0,12934.0
20689,781264,795060.0,795428.0,13796.0
20620,774534,796235.0,796284.0,21701.0
20640,776130,796235.0,796399.0,20105.0
20621,774623,796235.0,796434.0,21612.0
20709,783495,796434.0,796469.0,12939.0
20677,779946,794947.0,796838.0,15001.0
20669,779248,793410.0,796910.0,14162.0
20713,783956,796910.0,796940.0,12954.0
20717,784217,796910.0,796978.0,12693.0
20710,783639,796469.0,797093.0,12830.0
20718,784316,796910.0,797111.0,12594.0
20719,784322,796910.0,797124.0,12588.0
20723,784661,796910.0,797215.0,12249.0
20715,784013,796910.0,797221.0,12897.0
20725,785009,796910.0,797326.0,11901.0
20678,780183,794947.0,797853.0,14764.0
20671,779432,798157.0,798492.0,18725.0
20675,779820,798157.0,799037.0,18337.0
20676,779924,798154.0,800066.0,18230.0
20707,783216,800228.0,800265.0,17012.0
20708,783362,800202.0,800266.0,16840.0
20730,785468,800066.0,800340.0,14598.0
20731,785624,800266.0,800405.0,14642.0
20704,782857,800186.0,800414.0,17329.0
20733,785789,800266.0,800523.0,14477.0
20705,783142,800228.0,800557.0,17086.0
20735,785885,800557.0,800630.0,14672.0
20737,785964,800630.0,800692.0,14666.0
20739,786089,800630.0,800852.0,14541.0
20741,786170,800630.0,800891.0,14460.0
20712,783693,801269.0,801770.0,17576.0
20703,782751,800186.0,803701.0,17435.0
20727,785352,801710.0,805075.0,16358.0
20672,779491,798752.0,805532.0,19261.0
20673,779561,798563.0,805574.0,19002.0
20728,785382,803292.0,806629.0,17910.0
20757,788588,807332.0,807341.0,18744.0
20754,787954,807332.0,807372.0,19378.0
20766,789677,807372.0,807693.0,17695.0
20765,789623,808429.0,808454.0,18806.0
20745,786638,808501.0,808906.0,21863.0
20743,786576,808501.0,808968.0,21925.0
20767,789802,808968.0,809828.0,19166.0
20776,790668,809828.0,809840.0,19160.0
20771,790129,809828.0,809854.0,19699.0
20742,786278,806570.0,810092.0,20292.0
20782,791149,810092.0,810097.0,18943.0
20783,791171,810092.0,810101.0,18921.0
20785,791570,810092.0,810120.0,18522.0
20780,791065,810092.0,810121.0,19027.0
20784,791286,810092.0,810132.0,18806.0
20778,790714,809828.0,810136.0,19114.0
20769,790005,809828.0,810318.0,19823.0
20779,790826,810092.0,810411.0,19266.0
20763,789410,810374.0,810523.0,20964.0
20793,792118,810523.0,810530.0,18405.0
20797,792281,810523.0,810542.0,18242.0
20792,792113,810523.0,810546.0,18410.0
20798,792402,810523.0,810547.0,18121.0
20790,792055,810523.0,810564.0,18468.0
20787,791625,810092.0,810942.0,18467.0
20768,789828,812493.0,812699.0,22665.0
20747,787139,805532.0,813474.0,18393.0
20800,792779,813474.0,813531.0,20695.0
20789,791997,814901.0,815063.0,22904.0
20804,793078,815063.0,815068.0,21985.0
20805,793088,815063.0,815083.0,21975.0
20807,793359,815063.0,815120.0,21704.0
20809,793507,815063.0,815136.0,21556.0
20748,787203,807332.0,815511.0,20129.0
20799,792557,815364.0,815709.0,22807.0
20813,793956,815709.0,815842.0,21753.0
20815,794017,815842.0,815858.0,21825.0
20816,794105,815858.0,816027.0,21753.0
20817,794137,816027.0,816055.0,21890.0
20819,794296,816055.0,816076.0,21759.0
20821,794362,816076.0,816299.0,21714.0
20806,793112,815063.0,816427.0,21951.0
20822,794515,816299.0,816433.0,21784.0
20823,794619,816433.0,816539.0,21814.0
20825,794803,816539.0,816640.0,21736.0
20827,794985,816640.0,816773.0,21655.0
20812,793681,816863.0,816893.0,23182.0
20808,793490,816863.0,816925.0,23373.0
20803,792895,816863.0,816983.0,23968.0
20829,795090,816773.0,817149.0,21683.0
20836,795685,817149.0,817169.0,21464.0
20837,795734,817149.0,817189.0,21415.0
20839,795795,817149.0,817200.0,21354.0
20810,793614,817499.0,817698.0,23885.0
20801,792803,815063.0,818401.0,22260.0
20864,798592,818401.0,818416.0,19809.0
20865,798642,818401.0,818418.0,19759.0
20852,797482,818401.0,818421.0,20919.0
20853,797703,818401.0,818422.0,20698.0
20857,798024,818401.0,818422.0,20377.0
20863,798414,818401.0,818422.0,19987.0
20855,797810,818401.0,818423.0,20591.0
20866,798673,818416.0,818427.0,19743.0
20856,797879,818401.0,818428.0,20522.0
20814,793986,819868.0,819892.0,25882.0
20840,795829,819936.0,820006.0,24107.0
20820,794347,819920.0,820024.0,25573.0
20873,800000,820024.0,820054.0,20024.0
20874,800180,820024.0,820059.0,19844.0
20877,800354,820059.0,820073.0,19705.0
20876,800245,820054.0,820100.0,19809.0
20882,801123,820073.0,820103.0,18950.0
20826,794865,816539.0,820106.0,21674.0
20884,801162,820100.0,820138.0,18938.0
20841,795996,820311.0,820328.0,24315.0
20842,796065,820311.0,820411.0,24246.0
20834,795385,817149.0,821024.0,21764.0
20886,801224,821024.0,821181.0,19800.0
20894,802747,821181.0,821217.0,18434.0
20895,802790,821181.0,821220.0,18391.0
20896,802852,821220.0,821397.0,18368.0
20898,803059,821397.0,821633.0,18338.0
20802,792828,818331.0,821651.0,25503.0
20899,803313,821633.0,821788.0,18320.0
20901,803517,821788.0,821895.0,18271.0
20902,803649,821895.0,822055.0,18246.0
20867,798786,818416.0,823470.0,19630.0
20835,795452,819920.0,823728.0,24468.0
20887,801477,824938.0,824972.0,23461.0
20845,796279,821693.0,825026.0,25414.0
20844,796254,822000.0,825355.0,25746.0
20871,799402,820006.0,828027.0,20604.0
20903,803829,829772.0,829783.0,25943.0
20870,799341,823228.0,831302.0,23887.0
20904,803847,832827.0,833572.0,28980.0
20906,803927,831583.0,835086.0,27656.0
20914,805252,836102.0,836163.0,30850.0
20917,805551,836163.0,836284.0,30612.0
20912,804652,836102.0,836293.0,31450.0
20921,805845,836293.0,836295.0,30448.0
20927,806589,836295.0,836328.0,29706.0
20918,805738,836284.0,836380.0,30546.0
20923,805890,836293.0,836452.0,30403.0
20928,806624,836328.0,836564.0,29704.0
20929,806867,836380.0,836580.0,29513.0
20931,807280,836564.0,836685.0,29284.0
20915,805401,836886.0,837024.0,31485.0
20934,807564,841485.0,851055.0,33921.0
20935,817139,851055.0,861984.0,33916.0
20936,828075,861984.0,871537.0,33909.0
21054,844164,871537.0,871555.0,27373.0
21046,843688,871537.0,871565.0,27849.0
20970,839850,871537.0,871597.0,31687.0
20997,841326,871537.0,871643.0,30211.0
21110,847602,871643.0,871740.0,24041.0
21047,843761,871537.0,871760.0,27776.0
21111,847640,871760.0,871781.0,24120.0
21112,847704,871781.0,871795.0,24077.0
21114,847800,871795.0,871816.0,23995.0
21119,848106,871816.0,871836.0,23710.0
21121,848175,871836.0,871840.0,23661.0
21123,848351,871836.0,871843.0,23485.0
21118,848010,871795.0,871851.0,23785.0
21122,848340,871836.0,871865.0,23496.0
21124,848396,871851.0,871877.0,23455.0
21120,848169,871836.0,871893.0,23667.0
21126,848408,871877.0,871985.0,23469.0
21127,848555,871877.0,872162.0,23322.0
21128,848651,876337.0,876361.0,27686.0
21129,848811,878161.0,878182.0,29350.0
21130,848865,878182.0,878814.0,29317.0
21138,849398,878814.0,878839.0,29416.0
21137,849364,878814.0,878918.0,29450.0
21140,849620,878918.0,879459.0,29298.0
21055,844208,871597.0,879704.0,27389.0
21147,850824,879704.0,879749.0,28880.0
21149,850897,879704.0,879804.0,28807.0
21158,851877,879749.0,879810.0,27872.0
21161,852022,879804.0,879870.0,27782.0
21154,851504,879749.0,879909.0,28245.0
21155,851547,879749.0,879996.0,28202.0
21157,851831,879749.0,880028.0,27918.0
21143,850288,879459.0,880058.0,29171.0
21165,852315,880058.0,880271.0,27743.0
21169,852424,880058.0,880324.0,27634.0
21171,852477,880271.0,880466.0,27794.0
21176,852703,880466.0,880549.0,27763.0
21177,852716,880466.0,880785.0,27750.0
21141,849666,880718.0,881095.0,31052.0
21133,849268,881161.0,881182.0,31893.0
21136,849336,881161.0,881182.0,31825.0
21132,849202,881161.0,881230.0,31959.0
21178,852810,885266.0,885328.0,32456.0
21180,852889,885328.0,885544.0,32439.0
21179,852855,885266.0,885574.0,32411.0
21182,853047,885544.0,885604.0,32497.0
20937,837685,871537.0,885779.0,33852.0
21187,853517,885779.0,885933.0,32262.0
20938,837743,871537.0,886022.0,33794.0
21163,852231,881709.0,886348.0,29478.0
21199,854139,885933.0,886407.0,31794.0
21221,855758,886407.0,886428.0,30649.0
21222,855831,886407.0,886515.0,30576.0
21189,853720,887579.0,887664.0,33859.0
21201,854354,887733.0,887753.0,33379.0
21202,854399,887733.0,887821.0,33334.0
21204,854597,887733.0,887835.0,33136.0
21185,853207,887404.0,888051.0,34197.0
21184,853143,885604.0,888188.0,32461.0
21228,856475,888188.0,888235.0,31713.0
21207,854947,888148.0,888246.0,33201.0
21214,855509,888148.0,888260.0,32639.0
21229,856546,888188.0,888269.0,31642.0
21223,855987,888207.0,888282.0,32220.0
21227,856471,888188.0,888342.0,31717.0
21231,856651,888269.0,888396.0,31618.0
21235,856717,888396.0,888511.0,31679.0
21233,856700,888396.0,888622.0,31696.0
21236,856877,888622.0,888901.0,31745.0
21237,856967,888901.0,888943.0,31934.0
21250,857426,888943.0,889000.0,31517.0
21251,857429,889000.0,889025.0,31571.0
21238,857012,888901.0,889029.0,31889.0
21252,857439,889025.0,889067.0,31586.0
21249,857330,888901.0,889219.0,31571.0
21164,852295,881796.0,890258.0,29501.0
21254,857543,889067.0,890327.0,31524.0
21226,856342,891315.0,891419.0,34973.0
21260,857815,891419.0,891422.0,33604.0
21261,857858,891419.0,891441.0,33561.0
21262,857860,891419.0,891441.0,33559.0
21263,857894,891422.0,891444.0,33528.0
21264,857949,891441.0,891463.0,33492.0
21265,858043,891441.0,891465.0,33398.0
21257,857745,891419.0,891476.0,33674.0
21266,858106,891476.0,891486.0,33370.0
21267,858135,891486.0,891531.0,33351.0
21269,858356,891531.0,891552.0,33175.0
21271,858414,891531.0,891603.0,33117.0
21272,858427,891603.0,891677.0,33176.0
21230,856551,892635.0,892702.0,36084.0
21287,858789,892702.0,892732.0,33913.0
21284,858776,892702.0,892748.0,33926.0
21290,858886,892748.0,892812.0,33862.0
21288,858835,892732.0,892871.0,33897.0
21293,858978,892871.0,892921.0,33893.0
21295,859031,892921.0,892945.0,33890.0
21296,859081,892945.0,892966.0,33864.0
21297,859130,892966.0,892994.0,33836.0
21298,859166,892994.0,893033.0,33828.0
21299,859215,893033.0,893056.0,33818.0
21301,859271,893056.0,893095.0,33785.0
21256,857597,893082.0,893105.0,35485.0
21305,859381,893105.0,893134.0,33724.0
21302,859306,893095.0,893146.0,33789.0
21304,859342,893095.0,893154.0,33753.0
21306,859419,893134.0,893164.0,33715.0
21309,859523,893154.0,893177.0,33631.0
21308,859521,893146.0,893179.0,33625.0
21311,859656,893177.0,893200.0,33521.0
21310,859619,893164.0,893204.0,33545.0
21312,859748,893179.0,893225.0,33431.0
21253,857457,893311.0,893337.0,35854.0
21313,859832,893337.0,893564.0,33505.0
21319,859962,893564.0,893585.0,33602.0
21318,859956,893564.0,893594.0,33608.0
21314,859846,893564.0,893604.0,33718.0
21255,857583,894019.0,894250.0,36436.0
21321,860092,894250.0,894274.0,34158.0
21323,860159,894250.0,894332.0,34091.0
21322,860150,894250.0,894359.0,34100.0
21324,860208,894250.0,894518.0,34042.0
21317,859919,893564.0,894876.0,33645.0
21205,854646,890822.0,895219.0,36176.0
21276,858516,891677.0,895402.0,33161.0
21349,861260,895402.0,895418.0,34142.0
21347,861161,895402.0,895423.0,34241.0
21346,861084,895402.0,895424.0,34318.0
21354,861619,895418.0,895434.0,33799.0
21361,861941,895424.0,895456.0,33483.0
21358,861834,895423.0,895463.0,33589.0
21355,861656,895423.0,895508.0,33767.0
21348,861183,895402.0,895670.0,34219.0
21356,861691,895423.0,895693.0,33732.0
21365,861999,895456.0,895843.0,33457.0
21353,861522,895402.0,896109.0,33880.0
21350,861280,895402.0,896164.0,34122.0
21364,861988,895434.0,896325.0,33446.0
21338,860765,898364.0,898385.0,37599.0
21340,860790,898364.0,898385.0,37574.0
21331,860489,898385.0,898410.0,37896.0
21337,860637,898364.0,898445.0,37727.0
21328,860323,898394.0,898445.0,38071.0
21341,860883,898364.0,898457.0,37481.0
21320,860037,898404.0,898484.0,38367.0
21336,860610,898364.0,898492.0,37754.0
21369,862127,898484.0,898525.0,36357.0
21371,862196,898525.0,898546.0,36329.0
21373,862268,898546.0,898605.0,36278.0
21375,862371,898605.0,898629.0,36234.0
21335,860584,898364.0,898684.0,37780.0
21376,862378,898605.0,899136.0,36227.0
21374,862355,898605.0,899159.0,36250.0
21377,862406,899159.0,899199.0,36753.0
21379,862474,899199.0,899309.0,36725.0
21343,860949,899318.0,899349.0,38369.0
21385,862683,899309.0,899362.0,36626.0
21382,862533,899309.0,899364.0,36776.0
21381,862532,899199.0,899388.0,36667.0
21384,862674,899309.0,899514.0,36635.0
21387,862786,899309.0,899536.0,36523.0
21342,860906,899676.0,899864.0,38770.0
21367,862048,900643.0,900663.0,38595.0
21392,863096,900663.0,901442.0,37567.0
21396,863518,901442.0,901464.0,37924.0
21388,862907,903185.0,903265.0,40278.0
21378,862457,903429.0,903453.0,40972.0
21380,862521,903484.0,903508.0,40963.0
21408,864150,903508.0,903813.0,39358.0
21411,864382,903508.0,904606.0,39126.0
21391,863070,904664.0,904748.0,41594.0
21393,863100,904188.0,904924.0,41088.0
21407,863991,903453.0,904938.0,39462.0
21390,863063,904336.0,905148.0,41273.0
21415,864726,905148.0,905259.0,40422.0
21419,865061,905259.0,905280.0,40198.0
21428,865494,905280.0,905300.0,39786.0
21425,865342,905280.0,905339.0,39938.0
21426,865407,905280.0,905443.0,39873.0
21430,865528,905280.0,905443.0,39752.0
21431,865615,905443.0,905731.0,39828.0
21432,865626,905731.0,905821.0,40105.0
21439,865962,905821.0,905840.0,39859.0
21434,865741,905731.0,905845.0,39990.0
21441,866029,905821.0,905845.0,39792.0
21437,865884,905821.0,905888.0,39937.0
21448,866454,905888.0,905891.0,39434.0
21464,868410,905891.0,905894.0,37481.0
21466,868440,905891.0,905894.0,37451.0
21468,868461,905891.0,905894.0,37430.0
21471,868495,905891.0,905894.0,37396.0
21406,863984,906242.0,906291.0,42258.0
21405,863959,906264.0,906339.0,42305.0
21476,869510,905894.0,909183.0,36384.0
21479,869742,909183.0,909205.0,39441.0
21480,869800,909183.0,909205.0,39383.0
21487,870363,909205.0,909250.0,38842.0
21418,865041,909406.0,909531.0,44365.0
21412,864495,908613.0,909670.0,44118.0
21416,864840,909548.0,909722.0,44708.0
21491,870510,909670.0,909728.0,39160.0
21492,870555,909722.0,909768.0,39167.0
21423,865196,909724.0,909783.0,44528.0
21490,870505,909670.0,909804.0,39165.0
21497,870681,909804.0,909822.0,39123.0
21495,870653,909783.0,909832.0,39130.0
21501,871079,909832.0,909893.0,38753.0
21505,871227,909893.0,909910.0,38666.0
21507,871250,909910.0,909964.0,38660.0
21477,869511,906339.0,910059.0,36828.0
21494,870591,909783.0,910109.0,39192.0
21515,871665,910059.0,910117.0,38394.0
21512,871508,910059.0,910137.0,38551.0
21510,871424,909964.0,910196.0,38540.0
21500,870948,909822.0,910250.0,38874.0
21518,871763,910059.0,910474.0,38296.0
21498,870729,909822.0,910752.0,39093.0
21488,870435,911091.0,911149.0,40656.0
21531,872665,911149.0,911155.0,38484.0
21482,869981,911091.0,911188.0,41110.0
21521,871919,910137.0,911434.0,38218.0
21538,872914,911434.0,911498.0,38520.0
21541,873048,911498.0,911534.0,38450.0
21546,873165,911534.0,911553.0,38369.0
21527,872202,911149.0,911583.0,38947.0
21544,873129,911534.0,911629.0,38405.0
21493,870580,909768.0,911630.0,39188.0
21533,872698,911149.0,911758.0,38451.0
21551,873331,911630.0,911783.0,38299.0
21536,872808,911434.0,912033.0,38626.0
21549,873242,911630.0,912048.0,38388.0
21543,873104,911498.0,912051.0,38394.0
21595,875288,912048.0,912051.0,36760.0
21525,872057,911149.0,912056.0,39092.0
21564,873777,912033.0,912056.0,38256.0
21566,874067,912033.0,912057.0,37966.0
21573,874301,912033.0,912057.0,37732.0
21578,874407,912033.0,912057.0,37626.0
21583,874542,912033.0,912057.0,37491.0
21585,874622,912033.0,912057.0,37411.0
21569,874173,912033.0,912058.0,37860.0
21565,873896,912033.0,912063.0,38137.0
21598,876149,912051.0,912066.0,35902.0
21607,876382,912063.0,912126.0,35681.0
21582,874532,912033.0,912258.0,37501.0
21523,871983,910752.0,912285.0,38769.0
21596,876028,912051.0,914300.0,36023.0
21597,876097,912051.0,914533.0,35954.0
21522,871977,914764.0,914785.0,42787.0
21489,870440,914050.0,915283.0,43610.0
21612,876650,915283.0,915451.0,38633.0
21532,872677,915552.0,915561.0,42875.0
21614,876866,915451.0,915610.0,38585.0
21617,877152,915610.0,915775.0,38458.0
21563,873746,915949.0,915985.0,42203.0
21603,876288,912057.0,916460.0,35769.0
21633,878327,916460.0,916518.0,38133.0
21634,878404,916460.0,916537.0,38056.0
21609,876460,917085.0,917222.0,40625.0
21642,878994,917222.0,917240.0,38228.0
21639,878669,917222.0,917257.0,38553.0
21640,878964,917222.0,917270.0,38258.0
21645,879075,917222.0,917287.0,38147.0
21647,879201,917240.0,917302.0,38039.0
21646,879179,917222.0,917305.0,38043.0
21644,879054,917222.0,917307.0,38168.0
21650,879368,917287.0,917366.0,37919.0
21660,879953,917366.0,917389.0,37413.0
21657,879674,917366.0,917408.0,37692.0
21652,879471,917366.0,917413.0,37895.0
21661,880009,917389.0,917434.0,37380.0
21662,880107,917413.0,917450.0,37306.0
21666,880242,917450.0,917487.0,37208.0
21665,880238,917434.0,917540.0,37196.0
21667,880314,917487.0,917553.0,37173.0
21664,880217,917434.0,917561.0,37217.0
21669,880782,917553.0,917637.0,36771.0
21649,879296,917257.0,918134.0,37961.0
21648,879275,917257.0,918155.0,37982.0
21632,878271,915775.0,919107.0,37504.0
21677,881329,919107.0,919122.0,37778.0
21620,877538,919100.0,919143.0,41562.0
21678,881492,919122.0,919150.0,37630.0
21679,881560,919143.0,919163.0,37583.0
21675,881146,919107.0,919191.0,37961.0
21613,876678,919585.0,919618.0,42907.0
21631,878244,919585.0,919654.0,41341.0
21680,881603,919163.0,922485.0,37560.0
21670,880884,922437.0,922532.0,41553.0
21686,882032,922532.0,922549.0,40500.0
21689,882601,922549.0,922573.0,39948.0
21690,882811,922573.0,922597.0,39762.0
21687,882074,922532.0,922630.0,40458.0
21704,884133,922630.0,922640.0,38497.0
21703,884121,922630.0,922653.0,38509.0
21693,883185,922597.0,922698.0,39412.0
21697,883342,922597.0,922699.0,39255.0
21702,884115,922630.0,922733.0,38515.0
21706,884234,922698.0,922769.0,38464.0
21700,883884,922630.0,922854.0,38746.0
21705,884138,922653.0,922993.0,38515.0
21714,885704,922993.0,923083.0,37289.0
21637,878585,916537.0,924089.0,37952.0
21684,881845,924454.0,924476.0,42609.0
21692,882988,924454.0,924644.0,41466.0
21682,881719,924285.0,927114.0,42566.0
21683,881756,924418.0,927211.0,42662.0
21717,886148,927114.0,927562.0,40966.0
21716,885888,927883.0,928396.0,41995.0
21726,886754,928396.0,928412.0,41642.0
21638,878645,920785.0,928578.0,42140.0
21725,886609,928396.0,928602.0,41787.0
21730,887586,928602.0,928678.0,41016.0
21731,887612,928678.0,929675.0,41066.0
21737,888129,929675.0,929828.0,41546.0
21740,888889,929828.0,929848.0,40939.0
21741,889027,929848.0,930001.0,40821.0
21745,889289,930001.0,930148.0,40712.0
21746,889311,930148.0,931324.0,40837.0
21749,889845,931324.0,931487.0,41479.0
21729,887411,932011.0,932044.0,44600.0
21723,886442,927562.0,932106.0,41120.0
21759,890990,932106.0,932269.0,41116.0
21760,891063,932269.0,932309.0,41206.0
21756,890884,931487.0,932770.0,40603.0
21764,891823,932770.0,933293.0,40947.0
21757,890937,933844.0,933891.0,42907.0
21773,893377,933891.0,934319.0,40514.0
21771,892609,933293.0,934813.0,40684.0
21781,894741,934319.0,936192.0,39578.0
21789,898555,936192.0,936613.0,37637.0
21790,899187,936613.0,936684.0,37426.0
21724,886500,932011.0,936798.0,45511.0
21788,897628,934813.0,936895.0,37185.0
21792,899744,938484.0,938500.0,38740.0
21791,899322,936684.0,939963.0,37362.0
21803,909043,941763.0,945047.0,32720.0
21793,900165,936895.0,947820.0,36730.0
21841,912327,945047.0,948328.0,32720.0
21761,891289,932309.0,956637.0,41020.0
21762,891346,934109.0,958383.0,42763.0
21871,915637,961437.0,962777.0,45800.0
21901,920267,962777.0,966059.0,42510.0
21872,916981,962777.0,966064.0,45796.0
21964,927262,967864.0,967893.0,40602.0
21981,928803,967864.0,967948.0,39061.0
21982,929042,967948.0,968007.0,38906.0
21968,927942,967864.0,968045.0,39922.0
21984,929140,968007.0,968088.0,38867.0
21986,929457,968045.0,968100.0,38588.0
21980,928755,967864.0,968112.0,39109.0
21987,929593,968088.0,968141.0,38495.0
21991,929739,968112.0,968169.0,38373.0
21953,926497,967859.0,968198.0,41362.0
21970,928160,967864.0,968374.0,39704.0
21992,929856,968141.0,968712.0,38285.0
21928,923550,966059.0,969355.0,42509.0
21956,926845,966064.0,969370.0,39219.0
22017,932492,969370.0,969462.0,36878.0
22020,932669,969370.0,969498.0,36701.0
22023,932986,969498.0,969960.0,36512.0
21998,930153,969355.0,972632.0,39202.0
21988,929605,968100.0,973011.0,38495.0
22029,933478,972632.0,973060.0,39154.0
22032,933785,973060.0,973087.0,39275.0
22028,933441,969960.0,973262.0,36519.0
22014,931924,973174.0,973301.0,41250.0
22034,934431,973262.0,973352.0,38831.0
22038,935460,973262.0,973387.0,37802.0
22036,934901,973262.0,973388.0,38361.0
22039,935963,973301.0,973389.0,37338.0
22037,935179,973262.0,973398.0,38083.0
22013,931822,973512.0,973567.0,41690.0
22016,932161,973512.0,973661.0,41351.0
22041,939044,973389.0,974460.0,34345.0
22035,934632,973262.0,975369.0,38630.0
22040,936743,973389.0,976672.0,36646.0
22045,940755,978472.0,978491.0,37717.0
22043,940171,978472.0,978656.0,38301.0
22044,940435,978472.0,978673.0,38037.0
21873,917127,962777.0,979083.0,45650.0
22046,941104,979083.0,979184.0,37979.0
22048,941511,979184.0,979286.0,37673.0
21875,917193,962777.0,979318.0,45584.0
22031,933735,973060.0,982647.0,39325.0
22051,941956,979286.0,982658.0,37330.0
22042,940027,980169.0,983462.0,40142.0
22049,941616,983456.0,983470.0,41840.0
22047,941208,983456.0,983474.0,42248.0
22050,941680,983473.0,983488.0,41793.0
22059,943917,983488.0,983572.0,39571.0
22057,943598,983462.0,983576.0,39864.0
22062,944156,983576.0,983597.0,39420.0
22063,944749,983576.0,983606.0,38827.0
22064,945187,983576.0,983629.0,38389.0
22065,945325,983629.0,983708.0,38304.0
22054,942141,984447.0,984460.0,42306.0
22052,941987,984447.0,984477.0,42460.0
22055,943288,984447.0,984478.0,41159.0
22067,945482,984477.0,984520.0,38995.0
22069,945664,984520.0,984605.0,38856.0
22070,945763,984605.0,984621.0,38842.0
22033,933792,974887.0,984718.0,41095.0
22072,946064,984621.0,984837.0,38557.0
22071,945889,984621.0,984949.0,38732.0
22058,943714,985262.0,985278.0,41548.0
22053,942000,982647.0,985977.0,40647.0
22056,943326,982658.0,986078.0,39332.0
22076,946426,986078.0,986097.0,39652.0
22075,946383,986078.0,986165.0,39695.0
22082,946973,986165.0,986171.0,39192.0
22079,946760,986078.0,986221.0,39318.0
22077,946540,986078.0,986242.0,39538.0
22084,947074,986171.0,986284.0,39097.0
22085,947118,986242.0,986338.0,39124.0
22078,946595,986078.0,986382.0,39483.0
22083,947013,986165.0,986503.0,39152.0
22066,945337,988508.0,988539.0,43171.0
22068,945519,988508.0,988569.0,42989.0
22088,947286,988569.0,988608.0,41283.0
22087,947266,988569.0,988665.0,41303.0
22089,947591,988665.0,988698.0,41074.0
22090,947703,988665.0,988711.0,40962.0
22092,947809,988698.0,988757.0,40889.0
22091,947747,988665.0,988947.0,40918.0
22095,948007,988711.0,989150.0,40704.0
22093,947907,988698.0,989191.0,40791.0
22080,946940,989278.0,989791.0,42338.0
22081,946969,990078.0,990120.0,43109.0
22097,948178,990120.0,990354.0,41942.0
22098,948217,990354.0,990429.0,42137.0
22074,946117,986078.0,991580.0,39961.0
22086,947122,991303.0,991702.0,44181.0
22099,948272,991702.0,991735.0,43430.0
22115,949626,991735.0,991754.0,42109.0
22105,948981,991702.0,991768.0,42721.0
22114,949592,991735.0,991784.0,42143.0
22116,949714,991735.0,991785.0,42021.0
22117,949796,991735.0,991792.0,41939.0
22118,949891,991768.0,991819.0,41877.0
22119,949970,991768.0,991884.0,41798.0
22103,948870,991702.0,991966.0,42832.0
22102,948565,991702.0,991980.0,43137.0
22111,949461,991735.0,991986.0,42274.0
22096,948063,993991.0,994044.0,45928.0
22125,950596,994044.0,994094.0,43448.0
22122,950268,994044.0,994170.0,43776.0
22123,950478,994044.0,994208.0,43566.0
22126,950675,994094.0,994234.0,43419.0
22109,949406,995229.0,995261.0,45823.0
22100,948373,995229.0,995271.0,46856.0
22073,946091,989749.0,995273.0,43658.0
22140,951391,995273.0,995294.0,43882.0
22141,951418,995273.0,995299.0,43855.0
22142,951428,995273.0,995301.0,43845.0
22127,950679,995271.0,995307.0,44592.0
22137,951268,995273.0,995308.0,44005.0
22149,952082,995307.0,995310.0,43225.0
22138,951307,995273.0,995316.0,43966.0
22139,951315,995273.0,995320.0,43958.0
22145,951690,995299.0,995321.0,43609.0
22146,951731,995301.0,995323.0,43570.0
22152,952149,995307.0,995323.0,43158.0
22148,951891,995307.0,995328.0,43416.0
22151,952106,995307.0,995328.0,43201.0
22160,954361,995307.0,995328.0,40946.0
22147,951763,995307.0,995331.0,43544.0
22143,951538,995299.0,995361.0,43761.0
22106,948996,995229.0,995374.0,46233.0
22153,952208,995307.0,995755.0,43099.0
22161,954533,995308.0,996001.0,40775.0
22121,950062,996786.0,997131.0,46724.0
22135,951170,998894.0,999028.0,47724.0
22133,951047,999034.0,999039.0,47987.0
22129,950923,999034.0,999056.0,48111.0
22128,950721,999008.0,999062.0,48287.0
22166,955352,1000801.0,1000964.0,45449.0
22178,957295,1002764.0,1002779.0,45469.0
22176,957162,1002764.0,1002895.0,45602.0
22184,957871,1002895.0,1002910.0,45024.0
22182,957747,1002895.0,1003017.0,45148.0
22187,958327,1003017.0,1003910.0,44690.0
22199,959544,1003910.0,1004206.0,44366.0
22203,960030,1004206.0,1004675.0,44176.0
22186,958314,1004695.0,1004716.0,46381.0
22209,960634,1004675.0,1004768.0,44041.0
22211,960766,1004675.0,1004776.0,43909.0
22194,959072,1004817.0,1004837.0,45745.0
22188,958375,1004817.0,1004838.0,46442.0
22189,958433,1004817.0,1004838.0,46384.0
22213,960788,1004776.0,1004856.0,43988.0
22215,960836,1004838.0,1004870.0,44002.0
22214,960809,1004838.0,1004897.0,44029.0
22190,958603,1004817.0,1004960.0,46214.0
22198,959276,1004817.0,1005101.0,45541.0
22192,958828,1004817.0,1005149.0,45989.0
22207,960613,1006006.0,1006119.0,45393.0
22172,956251,1000964.0,1006483.0,44713.0
22171,956218,1000964.0,1006514.0,44746.0
22201,959622,1005710.0,1006831.0,46088.0
22200,959589,1005710.0,1006863.0,46121.0
22212,960777,1004768.0,1007441.0,43991.0
22060,943931,983576.0,1008042.0,39645.0
22232,965757,1008042.0,1008279.0,42285.0
22235,966047,1008279.0,1008439.0,42232.0
22238,966226,1008439.0,1008623.0,42213.0
22241,966460,1008623.0,1008707.0,42163.0
22243,966638,1008707.0,1008865.0,42069.0
22246,966875,1008865.0,1009002.0,41990.0
22251,967805,1009002.0,1009122.0,41197.0
22252,967875,1009122.0,1009284.0,41247.0
22255,968028,1009284.0,1009482.0,41256.0
22061,943988,983576.0,1009600.0,39588.0
22223,964248,1009656.0,1009663.0,45408.0
22259,968252,1009482.0,1009670.0,41230.0
22262,968494,1009670.0,1009672.0,41176.0
22263,968500,1009670.0,1009680.0,41170.0
22261,968459,1009670.0,1009688.0,41211.0
22260,968296,1009670.0,1009828.0,41374.0
22230,965490,1009697.0,1009849.0,44207.0
22224,964268,1009697.0,1009925.0,45429.0
22264,968557,1009828.0,1009958.0,41271.0
22233,965802,1009949.0,1010087.0,44147.0
22265,968588,1009925.0,1010093.0,41337.0
22240,966373,1010239.0,1010271.0,43866.0
22242,966531,1010423.0,1010444.0,43892.0
22244,966803,1010507.0,1010518.0,43704.0
22247,967014,1010665.0,1010681.0,43651.0
22269,968797,1009958.0,1011180.0,41161.0
22248,967066,1011663.0,1011676.0,44597.0
22256,968035,1011663.0,1011679.0,43628.0
22257,968043,1011663.0,1011694.0,43620.0
22219,962261,1006514.0,1012035.0,44253.0
22218,962243,1006514.0,1012044.0,44271.0
22270,968833,1011758.0,1012946.0,42925.0
22268,968765,1014400.0,1014412.0,45635.0
22267,968759,1014400.0,1014423.0,45641.0
22273,969529,1014887.0,1014926.0,45358.0
22271,968848,1014893.0,1015698.0,46045.0
22277,970029,1015698.0,1015880.0,45669.0
22275,969660,1019223.0,1019842.0,49563.0
22283,970493,1019842.0,1020251.0,49349.0
22284,970626,1020251.0,1020459.0,49625.0
22287,970937,1020459.0,1020642.0,49522.0
22280,970300,1015698.0,1021226.0,45398.0
22281,970331,1015880.0,1021379.0,45549.0
22282,970387,1021642.0,1021854.0,51255.0
22309,974960,1021854.0,1021885.0,46894.0
22311,974977,1021885.0,1021897.0,46908.0
22312,975334,1021897.0,1022016.0,46563.0
22314,975463,1022016.0,1022137.0,46553.0
22304,974252,1024642.0,1024647.0,50390.0
22286,970906,1024642.0,1024661.0,53736.0
22298,973560,1024642.0,1024661.0,51082.0
22310,974968,1024642.0,1024662.0,49674.0
22296,973168,1024642.0,1024689.0,51474.0
22300,973706,1024642.0,1024700.0,50936.0
22299,973586,1024642.0,1024736.0,51056.0
22307,974731,1024642.0,1024767.0,49911.0
22306,974516,1024642.0,1024791.0,50126.0
22315,975665,1026937.0,1026953.0,51272.0
22316,975708,1026953.0,1027298.0,51245.0
22288,971222,1025442.0,1029168.0,54220.0
22321,984078,1032098.0,1032766.0,48020.0
22322,984751,1032766.0,1042452.0,48015.0
22323,994441,1042452.0,1052159.0,48011.0
22324,1004151,1052159.0,1061860.0,48008.0
22366,1018017,1061860.0,1061903.0,43843.0
22371,1018508,1061860.0,1062782.0,43352.0
22361,1017555,1061860.0,1062788.0,44305.0
22397,1020757,1062788.0,1062951.0,42031.0
22384,1019535,1061903.0,1063409.0,42368.0
22400,1021110,1067751.0,1069380.0,46641.0
22516,1037579,1069380.0,1069389.0,31801.0
22518,1037747,1069380.0,1069394.0,31633.0
22463,1027155,1069380.0,1069396.0,42225.0
22517,1037609,1069380.0,1069516.0,31771.0
22521,1038755,1069516.0,1070958.0,30761.0
22486,1029206,1069380.0,1077751.0,40174.0
22523,1042248,1077751.0,1077764.0,35503.0
22525,1043507,1077764.0,1077867.0,34257.0
22526,1043612,1077867.0,1077879.0,34255.0
22524,1043195,1077751.0,1077980.0,34556.0
22528,1044632,1077980.0,1077995.0,33348.0
22529,1044713,1077995.0,1078086.0,33282.0
22530,1044806,1078086.0,1078098.0,33280.0
22531,1046685,1078098.0,1078260.0,31413.0
22534,1046872,1078260.0,1078275.0,31388.0
22532,1046747,1078260.0,1078278.0,31513.0
22533,1046856,1078260.0,1078317.0,31404.0
22535,1046976,1078317.0,1078434.0,31341.0
22537,1047095,1078434.0,1078447.0,31339.0
22527,1043980,1077879.0,1078458.0,33899.0
22536,1047000,1078434.0,1078553.0,31434.0
22538,1047191,1078553.0,1078714.0,31362.0
22556,1048605,1078714.0,1078728.0,30109.0
22539,1047505,1078714.0,1078730.0,31209.0
22543,1047592,1078714.0,1078731.0,31122.0
22541,1047545,1078714.0,1078732.0,31169.0
22546,1047682,1078714.0,1078743.0,31032.0
22557,1048680,1078714.0,1078825.0,30034.0
22562,1048876,1078743.0,1078847.0,29867.0
22580,1050366,1078825.0,1078977.0,28459.0
22585,1050667,1078847.0,1078978.0,28180.0
22593,1050908,1078977.0,1078987.0,28069.0
22613,1052214,1078978.0,1078991.0,26764.0
22596,1051096,1078978.0,1078992.0,27882.0
22588,1050801,1078977.0,1078994.0,28176.0
22597,1051234,1078978.0,1079013.0,27744.0
22595,1050978,1078978.0,1079094.0,28000.0
22522,1040530,1070958.0,1082640.0,30428.0
22639,1058390,1082640.0,1082654.0,24250.0
22616,1052517,1079094.0,1084964.0,26577.0
22644,1059561,1084964.0,1084981.0,25403.0
22651,1061179,1084964.0,1085514.0,23785.0
22655,1061880,1084981.0,1085574.0,23101.0
22662,1063818,1085514.0,1086029.0,21696.0
22674,1066350,1086029.0,1086040.0,19679.0
22670,1065615,1086029.0,1086044.0,20414.0
22671,1065670,1086029.0,1086052.0,20359.0
22664,1064348,1085574.0,1086130.0,21226.0
22640,1058436,1082654.0,1090566.0,24218.0
22675,1066459,1086130.0,1097053.0,19671.0
22715,1077394,1098853.0,1108411.0,21459.0
22716,1086956,1108411.0,1118005.0,21455.0
22855,1113554,1118005.0,1118021.0,4451.0
22832,1107889,1118005.0,1118028.0,10116.0
22899,1123632,1125432.0,1125449.0,1800.0
22900,1123770,1125570.0,1125588.0,1800.0
22833,1107978,1118005.0,1133656.0,10027.0
22914,1126040,1133656.0,1133696.0,7616.0
22911,1125244,1133656.0,1134044.0,8412.0
22908,1125065,1133656.0,1134224.0,8591.0
22913,1125684,1133656.0,1134442.0,7972.0
22905,1124799,1133656.0,1134489.0,8857.0
22958,1139521,1141321.0,1141336.0,1800.0
22959,1140359,1142159.0,1142167.0,1800.0
22901,1123848,1127388.0,1143059.0,3540.0
22961,1145234,1147859.0,1147882.0,2625.0
22962,1145468,1149682.0,1149845.0,4214.0
22964,1145954,1149845.0,1149859.0,3891.0
22965,1148646,1149845.0,1149861.0,1199.0
22963,1145643,1149845.0,1149865.0,4202.0
22966,1151788,1154665.0,1154678.0,2877.0
22967,1151833,1154659.0,1154679.0,2826.0
22960,1140414,1146136.0,1157553.0,5722.0
22969,1159899,1162353.0,1162588.0,2454.0
22970,1160690,1162490.0,1162669.0,1800.0
22968,1152858,1156479.0,1167402.0,3621.0
22971,1163785,1169202.0,1179014.0,5417.0
22972,1173601,1179014.0,1188830.0,5413.0
23008,1188499,1188830.0,1188851.0,331.0
23010,1188624,1188830.0,1188851.0,206.0
23011,1188679,1188830.0,1188851.0,151.0
22989,1186098,1188830.0,1188852.0,2732.0
22984,1185105,1188830.0,1188856.0,3725.0
23009,1188513,1188830.0,1188857.0,317.0
23002,1188192,1188830.0,1188858.0,638.0
22978,1184685,1188830.0,1188859.0,4145.0
22986,1185378,1188830.0,1188862.0,3452.0
22975,1184178,1188830.0,1188865.0,4652.0
22974,1183913,1188830.0,1188869.0,4917.0
22985,1185280,1188830.0,1188869.0,3550.0
23006,1188368,1188830.0,1188871.0,462.0
22980,1184899,1188830.0,1188873.0,3931.0
23000,1187591,1188830.0,1188878.0,1239.0
22998,1187190,1188830.0,1188923.0,1640.0
22990,1186200,1188830.0,1188929.0,2630.0
22994,1186615,1188830.0,1188957.0,2215.0
23014,1188962,1188962.0,1188983.0,0.0
23012,1188768,1188830.0,1189059.0,62.0
23015,1189000,1189000.0,1189106.0,0.0
23035,1190824,1193630.0,1193651.0,2806.0
23036,1190854,1193630.0,1193651.0,2776.0
23030,1190394,1193651.0,1193660.0,3257.0
23040,1191564,1193630.0,1193675.0,2066.0
23025,1190038,1193651.0,1193680.0,3613.0
23022,1189900,1193671.0,1193682.0,3771.0
23019,1189711,1193665.0,1193684.0,3954.0
23021,1189813,1193723.0,1193732.0,3910.0
23037,1190929,1193630.0,1193741.0,2701.0
23033,1190505,1193630.0,1193754.0,3125.0
23027,1190092,1193651.0,1193762.0,3559.0
23023,1189951,1193657.0,1193778.0,3706.0
23020,1189762,1193757.0,1193784.0,3995.0
23031,1190422,1193859.0,1193894.0,3437.0
23056,1193883,1193883.0,1193908.0,0.0
23018,1189699,1193906.0,1194024.0,4207.0
23047,1193002,1194802.0,1194868.0,1800.0
23048,1193119,1194919.0,1194962.0,1800.0
23050,1193298,1195098.0,1195138.0,1800.0
23051,1193387,1195187.0,1195642.0,1800.0
23060,1194562,1196362.0,1196385.0,1800.0
23062,1194728,1196528.0,1196904.0,1800.0
23061,1194661,1196461.0,1197184.0,1800.0
23058,1194234,1198708.0,1198866.0,4474.0
23067,1195306,1198866.0,1198870.0,3560.0
23069,1195626,1198866.0,1199139.0,3240.0
23070,1195919,1198866.0,1199410.0,2947.0
23068,1195567,1198866.0,1199866.0,3299.0
23065,1195240,1200666.0,1200668.0,5426.0
23074,1196722,1202468.0,1202507.0,5746.0
23073,1196502,1202468.0,1202679.0,5966.0
23076,1196963,1202468.0,1202766.0,5505.0
23075,1196868,1202468.0,1202949.0,5600.0
23072,1196175,1204666.0,1205664.0,8491.0
23032,1190476,1193630.0,1206290.0,3154.0
23077,1197374,1205664.0,1206584.0,8290.0
23084,1198509,1206584.0,1206605.0,8075.0
23085,1198536,1206584.0,1206611.0,8048.0
23083,1198446,1206584.0,1206612.0,8138.0
23087,1198611,1206611.0,1206640.0,8000.0
23088,1198722,1206612.0,1206909.0,7890.0
23094,1199953,1206909.0,1206925.0,6956.0
23089,1198882,1206612.0,1206926.0,7730.0
23090,1199061,1206640.0,1206938.0,7579.0
23099,1200375,1206938.0,1206943.0,6563.0
23092,1199633,1206909.0,1206967.0,7276.0
23098,1200362,1206938.0,1207105.0,6576.0
23082,1198385,1207464.0,1207516.0,9079.0
23078,1197415,1207479.0,1207520.0,10064.0
23103,1200484,1207520.0,1207531.0,7036.0
23101,1200427,1207520.0,1207532.0,7093.0
23080,1197996,1207749.0,1207794.0,9753.0
23104,1200557,1207794.0,1207852.0,7237.0
23105,1200747,1207852.0,1208079.0,7105.0
23108,1200849,1208079.0,1208135.0,7230.0
23111,1201115,1208135.0,1208340.0,7020.0
23113,1201467,1208135.0,1208372.0,6668.0
23081,1198254,1207566.0,1208453.0,9312.0
23114,1201854,1208135.0,1208465.0,6281.0
23079,1197812,1207464.0,1208521.0,9652.0
23086,1198548,1208384.0,1208700.0,9836.0
23095,1199962,1208709.0,1208762.0,8747.0
23097,1200305,1208726.0,1208784.0,8421.0
23100,1200390,1211905.0,1211940.0,11515.0
23120,1202551,1211940.0,1211962.0,9389.0
23118,1202159,1211940.0,1212156.0,9781.0
23125,1202816,1212156.0,1212248.0,9340.0
23128,1203101,1212248.0,1212253.0,9147.0
23127,1202930,1212248.0,1212283.0,9318.0
23130,1203165,1212283.0,1212292.0,9118.0
23131,1203189,1212283.0,1212294.0,9094.0
23132,1203213,1212294.0,1212328.0,9081.0
23135,1203391,1212328.0,1212329.0,8937.0
23136,1203416,1212328.0,1212333.0,8912.0
23137,1203428,1212328.0,1212336.0,8900.0
23133,1203283,1212328.0,1212338.0,9045.0
23140,1203861,1212328.0,1212365.0,8467.0
23141,1203998,1212328.0,1212367.0,8330.0
23138,1203503,1212328.0,1212370.0,8825.0
23124,1202788,1211940.0,1212496.0,9152.0
23148,1204705,1212496.0,1212568.0,7791.0
23142,1204019,1212370.0,1212593.0,8351.0
23152,1205331,1212593.0,1212623.0,7262.0
23153,1205485,1212593.0,1212626.0,7108.0
23151,1205095,1212593.0,1212628.0,7498.0
23149,1204884,1212568.0,1212637.0,7684.0
23161,1206703,1212637.0,1212654.0,5934.0
23159,1206483,1212628.0,1212790.0,6145.0
23162,1206930,1212790.0,1213036.0,5860.0
23164,1207535,1213036.0,1213063.0,5501.0
23167,1207656,1213063.0,1213308.0,5407.0
23168,1207696,1213308.0,1213356.0,5612.0
23071,1196014,1200668.0,1213806.0,4654.0
23169,1207788,1213806.0,1213820.0,6018.0
23170,1207824,1213806.0,1213849.0,5982.0
23179,1208368,1213849.0,1214537.0,5481.0
23181,1208396,1214537.0,1215196.0,6141.0
23183,1208469,1215196.0,1215217.0,6727.0
23185,1208510,1215196.0,1215217.0,6686.0
23187,1208798,1215217.0,1215237.0,6419.0
23188,1208899,1215237.0,1215264.0,6338.0
23186,1208607,1215217.0,1215505.0,6610.0
23175,1208162,1213820.0,1216068.0,5658.0
23192,1209156,1216068.0,1216086.0,6912.0
23191,1209103,1216068.0,1216309.0,6965.0
23193,1209222,1216068.0,1216312.0,6846.0
23129,1203143,1216740.0,1216748.0,13597.0
23117,1201985,1211940.0,1217465.0,9955.0
23165,1207596,1217454.0,1217492.0,9858.0
23182,1208437,1218108.0,1218133.0,9671.0
23173,1208075,1218108.0,1218142.0,10033.0
23174,1208145,1218108.0,1218143.0,9963.0
23176,1208165,1218108.0,1218146.0,9943.0
23172,1208017,1218156.0,1218269.0,10139.0
23208,1210528,1218269.0,1218294.0,7741.0
23210,1210761,1218269.0,1218300.0,7508.0
23211,1210767,1218294.0,1218324.0,7527.0
23213,1210870,1218324.0,1218352.0,7454.0
23207,1210340,1218269.0,1218504.0,7929.0
23205,1210209,1218269.0,1218698.0,8060.0
23116,1201963,1213265.0,1218810.0,11302.0
23209,1210590,1218269.0,1219041.0,7679.0
23218,1211199,1219041.0,1219073.0,7842.0
23221,1211393,1219073.0,1219084.0,7680.0
23220,1211327,1219073.0,1219087.0,7746.0
23194,1209292,1220305.0,1220489.0,11013.0
23199,1209945,1217492.0,1221437.0,7547.0
23198,1209939,1217465.0,1221588.0,7526.0
23203,1210138,1221548.0,1221731.0,11410.0
23200,1210004,1222292.0,1222347.0,12288.0
23216,1211069,1223152.0,1223162.0,12083.0
23215,1211045,1223152.0,1223172.0,12107.0
23217,1211143,1223124.0,1223306.0,11981.0
23214,1210910,1223304.0,1223435.0,12394.0
23225,1211941,1223435.0,1223486.0,11494.0
23242,1213966,1223486.0,1223526.0,9520.0
23237,1213583,1223486.0,1223540.0,9903.0
23231,1212104,1223435.0,1223713.0,11331.0
23230,1212097,1223435.0,1223803.0,11338.0
23233,1212426,1223435.0,1224856.0,11009.0
23197,1209920,1221112.0,1225082.0,11192.0
23246,1215058,1225082.0,1225132.0,10024.0
23247,1215073,1225082.0,1225455.0,10009.0
23222,1211415,1227147.0,1227659.0,15732.0
23250,1215158,1227659.0,1227686.0,12501.0
23248,1215116,1230255.0,1230410.0,15139.0
23251,1215294,1230410.0,1230707.0,15116.0
23254,1215717,1230707.0,1230734.0,14990.0
23255,1215781,1230707.0,1231071.0,14926.0
23256,1215860,1230707.0,1231318.0,14847.0
23263,1216507,1230707.0,1231354.0,14200.0
23266,1217021,1231354.0,1231482.0,14333.0
23269,1217253,1231482.0,1231495.0,14229.0
23268,1217221,1231482.0,1231500.0,14261.0
23267,1217219,1231482.0,1231801.0,14263.0
23249,1215138,1227659.0,1232433.0,12521.0
23253,1215609,1232486.0,1232513.0,16877.0
23265,1217011,1232534.0,1232740.0,15523.0
23273,1217395,1232740.0,1232834.0,15345.0
23245,1215053,1228603.0,1233161.0,13550.0
23279,1217631,1233161.0,1233172.0,15530.0
23278,1217616,1233161.0,1233174.0,15545.0
23277,1217614,1233161.0,1233190.0,15547.0
23276,1217585,1233161.0,1233216.0,15576.0
23270,1217268,1236300.0,1236454.0,19032.0
23280,1217708,1236454.0,1236609.0,18746.0
23274,1217433,1237634.0,1237811.0,20201.0
23296,1219562,1237811.0,1237837.0,18249.0
23293,1219171,1237811.0,1237840.0,18640.0
23295,1219550,1237811.0,1238019.0,18261.0
23291,1218715,1237811.0,1238194.0,19096.0
23282,1217866,1238254.0,1238284.0,20388.0
23272,1217354,1232740.0,1238290.0,15386.0
23287,1218289,1238409.0,1238431.0,20120.0
23290,1218525,1238409.0,1238433.0,19884.0
23281,1217845,1238254.0,1238498.0,20409.0
23299,1219825,1238498.0,1238716.0,18673.0
23285,1218226,1238409.0,1239767.0,20183.0
23271,1217312,1236154.0,1241744.0,18842.0
23302,1220007,1241744.0,1241761.0,21737.0
23304,1220164,1241744.0,1241777.0,21580.0
23284,1218154,1236609.0,1242083.0,18455.0
23297,1219619,1242640.0,1242772.0,23021.0
23323,1223518,1242772.0,1242806.0,19254.0
23321,1223478,1242772.0,1242850.0,19294.0
23301,1219886,1243516.0,1243634.0,23630.0
23329,1223937,1243634.0,1243636.0,19697.0
23330,1223944,1243634.0,1243648.0,19690.0
23318,1223338,1246883.0,1247017.0,23545.0
23331,1223961,1247017.0,1247165.0,23056.0
23333,1224064,1247165.0,1247379.0,23101.0
23336,1224545,1247379.0,1247524.0,22834.0
23327,1223746,1247572.0,1247585.0,23826.0
23328,1223807,1247572.0,1247639.0,23765.0
23340,1224853,1247524.0,1247657.0,22671.0
23343,1225029,1247657.0,1247671.0,22628.0
23325,1223611,1247650.0,1247782.0,24039.0
23350,1225778,1247782.0,1247810.0,22004.0
23342,1224990,1247657.0,1247930.0,22667.0
23332,1223968,1248817.0,1248838.0,24849.0
23334,1224134,1248965.0,1248991.0,24831.0
23339,1224806,1249179.0,1249187.0,24373.0
23337,1224693,1249179.0,1249198.0,24486.0
23349,1225657,1247782.0,1249342.0,22125.0
23341,1224989,1249324.0,1249343.0,24335.0
23352,1226127,1249582.0,1249914.0,23455.0
23306,1220222,1241777.0,1250639.0,21555.0
23367,1230084,1250639.0,1250680.0,20555.0
23307,1220285,1242083.0,1250882.0,21798.0
23355,1227283,1249342.0,1251578.0,22059.0
23370,1230431,1251578.0,1251785.0,21147.0
23353,1226203,1247930.0,1253467.0,21727.0
23376,1230921,1253467.0,1253737.0,22546.0
23364,1229521,1253791.0,1253817.0,24270.0
23377,1230954,1253737.0,1253939.0,22783.0
23378,1231183,1253939.0,1254224.0,22756.0
23382,1231325,1254224.0,1254400.0,22899.0
23366,1230018,1254714.0,1254821.0,24696.0
23385,1231776,1254821.0,1255032.0,23045.0
23409,1236129,1255032.0,1255119.0,18903.0
23383,1231563,1254400.0,1255630.0,22837.0
23430,1238676,1255630.0,1255651.0,16954.0
23420,1236742,1255630.0,1255658.0,18888.0
23369,1230372,1255682.0,1255947.0,25310.0
23393,1232795,1256621.0,1256634.0,23826.0
23379,1231195,1256585.0,1256636.0,25390.0
23391,1232354,1256621.0,1256636.0,24267.0
23386,1231832,1256621.0,1256775.0,24789.0
23381,1231275,1256585.0,1256777.0,25310.0
23410,1236188,1256832.0,1256859.0,20644.0
23418,1236640,1256919.0,1256943.0,20279.0
23419,1236717,1256919.0,1256960.0,20202.0
23421,1236949,1255630.0,1257099.0,18681.0
23422,1236971,1255630.0,1257390.0,18659.0
23432,1238768,1255630.0,1257712.0,16862.0
23431,1238747,1255630.0,1257731.0,16883.0
23354,1226223,1252610.0,1258129.0,26387.0
23443,1240895,1256960.0,1259538.0,16065.0
23442,1240874,1256943.0,1259546.0,16069.0
23413,1236424,1255119.0,1262160.0,18695.0
23415,1236484,1256919.0,1263904.0,20435.0
23434,1239262,1260747.0,1264940.0,21485.0
23457,1243481,1268704.0,1278539.0,25223.0
23461,1253519,1278539.0,1287921.0,25020.0
23460,1253426,1278539.0,1288010.0,25113.0
23458,1253321,1278539.0,1288106.0,25218.0
23584,1262906,1289906.0,1299545.0,27000.0
23588,1272742,1299545.0,1299566.0,26803.0
23599,1273644,1299545.0,1299566.0,25901.0
23612,1274216,1299545.0,1299566.0,25329.0
23603,1273736,1299545.0,1299570.0,25809.0
23591,1273086,1299545.0,1299577.0,26459.0
23637,1275743,1299577.0,1299595.0,23834.0
23635,1275636,1299570.0,1299627.0,23934.0
23618,1274843,1299566.0,1299824.0,24723.0
23683,1279144,1299824.0,1299845.0,20680.0
23676,1278663,1299824.0,1299846.0,21161.0
23679,1278702,1299824.0,1299846.0,21122.0
23615,1274481,1299545.0,1299860.0,25064.0
23671,1278352,1299824.0,1299874.0,21472.0
23608,1273885,1299545.0,1299895.0,25660.0
23639,1275826,1299627.0,1299947.0,23801.0
23688,1279590,1299824.0,1299958.0,20234.0
23677,1278675,1299824.0,1300204.0,21149.0
23690,1279831,1299845.0,1300206.0,20014.0
23684,1279169,1299824.0,1300233.0,20655.0
23680,1278711,1299824.0,1300270.0,21113.0
23656,1276924,1299824.0,1300444.0,22900.0
23654,1276903,1299824.0,1300449.0,22921.0
23686,1279347,1299824.0,1300477.0,20477.0
23692,1280201,1299846.0,1300554.0,19645.0
23695,1280847,1300477.0,1300560.0,19630.0
23694,1280824,1304747.0,1305182.0,23923.0
23697,1281277,1306982.0,1307358.0,25705.0
23703,1281678,1307358.0,1307516.0,25680.0
23705,1282114,1307516.0,1307881.0,25402.0
23709,1282958,1307881.0,1307891.0,24923.0
23712,1283189,1307891.0,1308302.0,24702.0
23721,1284209,1308302.0,1308580.0,24093.0
23708,1282897,1309316.0,1309528.0,26419.0
23711,1283090,1307881.0,1309558.0,24791.0
23734,1285550,1309558.0,1309743.0,24008.0
23729,1285245,1309558.0,1309911.0,24313.0
23735,1285649,1309558.0,1309927.0,23909.0
23741,1286372,1309911.0,1309947.0,23539.0
23714,1283448,1309691.0,1309957.0,26243.0
23704,1281853,1309982.0,1309999.0,28129.0
23724,1284776,1310102.0,1310122.0,25326.0
23723,1284648,1310102.0,1310251.0,25454.0
23707,1282879,1309982.0,1310353.0,27103.0
23716,1283792,1309691.0,1310363.0,25899.0
23726,1284931,1310380.0,1310624.0,25449.0
23728,1285184,1310380.0,1310664.0,25196.0
23737,1285835,1311358.0,1311382.0,25523.0
23743,1286838,1309947.0,1311517.0,23109.0
23740,1286355,1311543.0,1311564.0,25188.0
23745,1286903,1311517.0,1311575.0,24614.0
23738,1286076,1311543.0,1311586.0,25467.0
23750,1287211,1311575.0,1311614.0,24364.0
23752,1287424,1311614.0,1311632.0,24190.0
23753,1287508,1311632.0,1311969.0,24124.0
23725,1284814,1308580.0,1312171.0,23766.0
23760,1288388,1312171.0,1312206.0,23783.0
23757,1288122,1311969.0,1313187.0,23847.0
23769,1288823,1313187.0,1313201.0,24364.0
23763,1288598,1313187.0,1313240.0,24589.0
23767,1288789,1313187.0,1313271.0,24398.0
23758,1288201,1312171.0,1313311.0,23970.0
23762,1288495,1313187.0,1314153.0,24692.0
23585,1272568,1299545.0,1314181.0,26977.0
23593,1273153,1299545.0,1314201.0,26392.0
23772,1289014,1314181.0,1314303.0,25167.0
23775,1289306,1314303.0,1314323.0,24997.0
23774,1289176,1314303.0,1314340.0,25127.0
23586,1272627,1299545.0,1314423.0,26918.0
23777,1289492,1314340.0,1314557.0,24848.0
23754,1287539,1315424.0,1315465.0,27885.0
23756,1287811,1315464.0,1316019.0,27653.0
23744,1286863,1314799.0,1316345.0,27936.0
23773,1289138,1316386.0,1316405.0,27248.0
23761,1288414,1317006.0,1317215.0,28592.0
23780,1289934,1317215.0,1317433.0,27281.0
23786,1290444,1317433.0,1317547.0,26989.0
23787,1290560,1317547.0,1317567.0,26987.0
23789,1290893,1317567.0,1317780.0,26674.0
23791,1291595,1317780.0,1317892.0,26185.0
23793,1291709,1317892.0,1317909.0,26183.0
23794,1291715,1317892.0,1317995.0,26177.0
23797,1291834,1317995.0,1318121.0,26161.0
23801,1291964,1318121.0,1318148.0,26157.0
23798,1291859,1318121.0,1318150.0,26262.0
23804,1292403,1318150.0,1318187.0,25747.0
23770,1288839,1318111.0,1318255.0,29272.0
23808,1292638,1318255.0,1318262.0,25617.0
23807,1292631,1318255.0,1318291.0,25624.0
23806,1292500,1318255.0,1318384.0,25755.0
23812,1293003,1318384.0,1318388.0,25381.0
23800,1291950,1318121.0,1318398.0,26171.0
23810,1292734,1318384.0,1318418.0,25650.0
23813,1293036,1318418.0,1318431.0,25382.0
23809,1292677,1318384.0,1318439.0,25707.0
23814,1293058,1318431.0,1318478.0,25373.0
23816,1293851,1318439.0,1318856.0,24588.0
23803,1292246,1318150.0,1318922.0,25904.0
23779,1289857,1320819.0,1321101.0,30962.0
23823,1294080,1321101.0,1321113.0,27021.0
23827,1294186,1321101.0,1321131.0,26915.0
23824,1294082,1321101.0,1321147.0,27019.0
23826,1294138,1321101.0,1321167.0,26963.0
23819,1293911,1321101.0,1321267.0,27190.0
23832,1294496,1321267.0,1321275.0,26771.0
23831,1294432,1321267.0,1321301.0,26835.0
23830,1294314,1321267.0,1321383.0,26953.0
23829,1294282,1321101.0,1321441.0,26819.0
23833,1294522,1321383.0,1322089.0,26861.0
23834,1294540,1322089.0,1322335.0,27549.0
23835,1294653,1322335.0,1322427.0,27682.0
23840,1295137,1322427.0,1322630.0,27290.0
23842,1295304,1322630.0,1322632.0,27326.0
23843,1295311,1322630.0,1322686.0,27319.0
23846,1295435,1322686.0,1322694.0,27251.0
23849,1295485,1322694.0,1322733.0,27209.0
23851,1295526,1322733.0,1322736.0,27207.0
23852,1295596,1322736.0,1323399.0,27140.0
23853,1295642,1323399.0,1323575.0,27757.0
23818,1293873,1323278.0,1323580.0,29405.0
23862,1296119,1323580.0,1323585.0,27461.0
23861,1296092,1323580.0,1323596.0,27488.0
23857,1295903,1323575.0,1323659.0,27672.0
23859,1296010,1323580.0,1323663.0,27570.0
23858,1295928,1323580.0,1323742.0,27652.0
23867,1296362,1323742.0,1323759.0,27380.0
23865,1296324,1323742.0,1323766.0,27418.0
23870,1296418,1323742.0,1323780.0,27324.0
23825,1294098,1323722.0,1323840.0,29624.0
23817,1293869,1323278.0,1323862.0,29409.0
23874,1296483,1323840.0,1323869.0,27357.0
23878,1296683,1323862.0,1323874.0,27179.0
23877,1296636,1323862.0,1323877.0,27226.0
23879,1297294,1323862.0,1323877.0,26568.0
23863,1296160,1323742.0,1323895.0,27582.0
23889,1298209,1323895.0,1323896.0,25686.0
23875,1296578,1323862.0,1323900.0,27284.0
23885,1297524,1323895.0,1323912.0,26371.0
23887,1297602,1323895.0,1323913.0,26293.0
23873,1296480,1323840.0,1323932.0,27360.0
23871,1296422,1323742.0,1323952.0,27320.0
23872,1296438,1323840.0,1324036.0,27402.0
23891,1298418,1324036.0,1324050.0,25618.0
23883,1297444,1323895.0,1324051.0,26451.0
23894,1298604,1324051.0,1324066.0,25447.0
23868,1296372,1323742.0,1324071.0,27370.0
23890,1298219,1323952.0,1324145.0,25733.0
23898,1298834,1324145.0,1324164.0,25311.0
23892,1298458,1324050.0,1324193.0,25592.0
23905,1299499,1324193.0,1324210.0,24694.0
23895,1298663,1324066.0,1324229.0,25403.0
23896,1298690,1324145.0,1324279.0,25455.0
23886,1297594,1323895.0,1324316.0,26301.0
23904,1299328,1324193.0,1324357.0,24865.0
23911,1300300,1324357.0,1324380.0,24057.0
23909,1300192,1324279.0,1324385.0,24087.0
23915,1300452,1324385.0,1324420.0,23933.0
23918,1300557,1324420.0,1324452.0,23863.0
23903,1299148,1324145.0,1324532.0,24997.0
23910,1300264,1324357.0,1324596.0,24093.0
23924,1300915,1324596.0,1324610.0,23681.0
23907,1299657,1324229.0,1324620.0,24572.0
23922,1300700,1324596.0,1324703.0,23896.0
23921,1300660,1324596.0,1324848.0,23936.0
23927,1301259,1324848.0,1324868.0,23589.0
23925,1300959,1324620.0,1324891.0,23661.0
23926,1301137,1324848.0,1324967.0,23711.0
23930,1301661,1324967.0,1325202.0,23306.0
23931,1301679,1325202.0,1325228.0,23523.0
23932,1301746,1325228.0,1325342.0,23482.0
23934,1301862,1325342.0,1325360.0,23480.0
23935,1302061,1325342.0,1325376.0,23281.0
23936,1302146,1325376.0,1325566.0,23230.0
23940,1302339,1325566.0,1325586.0,23227.0
23943,1302528,1325586.0,1325688.0,23058.0
23944,1302632,1325688.0,1325710.0,23056.0
23945,1302796,1325688.0,1325712.0,22892.0
23948,1303050,1325688.0,1325721.0,22638.0
23946,1302883,1325688.0,1325742.0,22805.0
23856,1295888,1325901.0,1325908.0,30013.0
23951,1303407,1325908.0,1325959.0,22501.0
23949,1303172,1325742.0,1325971.0,22570.0
23952,1303410,1325971.0,1326028.0,22561.0
23953,1303616,1326028.0,1326062.0,22412.0
23838,1294814,1326075.0,1326084.0,31261.0
23954,1303671,1326062.0,1326105.0,22391.0
23837,1294788,1326101.0,1326138.0,31313.0
23957,1303799,1326105.0,1326142.0,22306.0
23960,1303919,1326105.0,1326144.0,22186.0
23963,1304022,1326144.0,1326172.0,22122.0
23962,1303955,1326142.0,1326196.0,22187.0
23845,1295389,1326241.0,1326260.0,30852.0
23847,1295444,1326241.0,1326266.0,30797.0
23844,1295344,1326241.0,1326278.0,30897.0
23848,1295465,1326241.0,1326307.0,30776.0
23964,1304115,1326196.0,1326353.0,22081.0
23968,1304275,1326353.0,1326371.0,22078.0
23967,1304245,1326353.0,1326378.0,22108.0
23966,1304132,1326353.0,1326393.0,22221.0
23965,1304123,1326353.0,1326511.0,22230.0
23971,1304477,1326511.0,1326653.0,22034.0
23839,1294949,1326241.0,1326778.0,31292.0
23972,1304565,1326653.0,1326798.0,22088.0
23974,1304673,1326798.0,1326830.0,22125.0
23973,1304621,1326798.0,1326872.0,22177.0
23975,1304707,1326872.0,1326941.0,22165.0
23978,1304781,1326941.0,1326979.0,22160.0
23850,1295509,1326241.0,1327013.0,30732.0
23979,1304850,1326979.0,1327020.0,22129.0
23981,1305105,1327020.0,1327064.0,21915.0
23983,1305296,1327064.0,1327209.0,21768.0
23919,1300595,1324452.0,1327742.0,23857.0
23985,1305412,1327209.0,1329248.0,21797.0
23990,1305573,1329248.0,1329296.0,23675.0
23929,1301508,1329332.0,1329499.0,27824.0
23997,1306085,1329499.0,1329532.0,23414.0
23996,1305908,1329499.0,1329585.0,23591.0
23995,1305886,1329499.0,1329692.0,23613.0
24001,1306454,1329692.0,1329718.0,23238.0
24000,1306296,1329692.0,1329843.0,23396.0
23998,1306097,1329499.0,1330022.0,23402.0
24003,1306547,1329843.0,1330066.0,23296.0
23994,1305685,1329296.0,1330130.0,23611.0
23993,1305662,1329296.0,1330150.0,23634.0
24009,1307010,1330066.0,1330297.0,23056.0
24013,1307257,1330297.0,1330322.0,23040.0
24014,1307294,1330297.0,1330327.0,23003.0
24011,1307094,1330297.0,1330411.0,23203.0
24020,1307692,1330411.0,1330417.0,22719.0
24019,1307556,1330411.0,1330428.0,22855.0
24017,1307433,1330411.0,1330531.0,22978.0
24023,1308119,1330531.0,1330548.0,22412.0
24022,1307968,1330531.0,1330679.0,22563.0
24025,1308296,1330679.0,1330697.0,22383.0
23969,1304382,1330759.0,1330785.0,26377.0
24024,1308172,1330679.0,1330799.0,22507.0
24036,1309288,1330799.0,1330813.0,21511.0
24034,1309126,1330799.0,1330959.0,21673.0
24039,1309516,1330959.0,1330977.0,21443.0
24037,1309372,1330959.0,1331099.0,21587.0
24047,1310324,1331099.0,1331124.0,20775.0
23976,1304715,1331193.0,1331215.0,26478.0
23977,1304748,1331193.0,1331219.0,26445.0
24045,1310170,1331099.0,1331249.0,20929.0
24048,1310378,1331249.0,1331571.0,20871.0
23987,1305443,1331578.0,1331597.0,26135.0
24002,1306537,1329692.0,1331794.0,23155.0
23991,1305579,1332542.0,1332562.0,26963.0
23992,1305641,1332542.0,1332586.0,26901.0
24042,1309792,1332759.0,1332775.0,22967.0
24044,1310137,1332759.0,1332785.0,22622.0
24041,1309785,1334299.0,1334305.0,24514.0
24007,1306773,1334299.0,1334320.0,27526.0
24008,1306814,1334299.0,1334325.0,27485.0
24004,1306549,1334332.0,1334496.0,27783.0
23881,1297312,1323862.0,1335348.0,26550.0
24050,1310665,1335924.0,1335940.0,25259.0
24049,1310472,1336049.0,1336236.0,25577.0
24005,1306558,1334299.0,1336381.0,27741.0
24051,1310822,1336594.0,1336731.0,25772.0
24055,1310991,1336236.0,1336978.0,25245.0
24052,1310868,1337585.0,1337694.0,26717.0
24060,1311270,1337694.0,1337712.0,26424.0
24028,1308672,1335097.0,1338149.0,26425.0
24027,1308651,1335097.0,1338169.0,26446.0
23914,1300430,1324385.0,1339427.0,23955.0
23916,1300508,1324385.0,1339630.0,23877.0
24059,1311154,1341778.0,1341890.0,30624.0
24068,1312082,1341890.0,1341916.0,29808.0
24061,1311509,1342969.0,1343007.0,31460.0
24076,1313073,1343007.0,1343262.0,29934.0
24080,1313430,1343262.0,1343438.0,29832.0
24084,1313703,1343438.0,1343640.0,29735.0
24067,1311812,1341890.0,1343780.0,30078.0
24088,1314043,1343640.0,1343811.0,29597.0
24092,1314295,1343811.0,1343825.0,29516.0
24091,1314217,1343811.0,1343829.0,29594.0
24093,1314322,1343811.0,1343861.0,29489.0
24057,1311037,1341181.0,1344162.0,30144.0
24064,1311744,1342949.0,1344259.0,31205.0
24102,1315149,1344259.0,1344277.0,29110.0
24099,1315013,1344259.0,1344288.0,29246.0
24097,1314761,1344259.0,1344375.0,29498.0
24104,1315441,1344375.0,1345425.0,28934.0
24106,1315915,1345425.0,1345454.0,29510.0
24107,1316011,1345425.0,1345459.0,29414.0
24108,1316023,1345454.0,1345488.0,29431.0
24109,1316112,1345459.0,1345491.0,29347.0
24112,1316314,1345491.0,1345537.0,29177.0
24113,1316538,1345537.0,1345566.0,28999.0
24111,1316307,1345488.0,1345973.0,29181.0
24090,1314174,1343811.0,1346550.0,29637.0
24083,1313618,1346690.0,1346700.0,33072.0
24085,1313909,1346690.0,1346710.0,32781.0
24086,1313940,1346690.0,1346715.0,32750.0
24087,1313955,1346690.0,1346722.0,32735.0
24082,1313609,1346716.0,1346737.0,33107.0
24119,1316856,1346550.0,1346899.0,29694.0
24094,1314474,1348661.0,1349230.0,34187.0
24121,1317177,1349230.0,1349310.0,32053.0
24123,1317333,1349310.0,1349358.0,31977.0
24126,1317568,1349358.0,1349387.0,31790.0
24125,1317457,1349358.0,1349394.0,31901.0
24095,1314536,1348580.0,1350319.0,34044.0
24134,1318260,1350319.0,1350339.0,32059.0
24130,1317806,1350319.0,1350359.0,32513.0
24129,1317696,1350319.0,1350361.0,32623.0
24132,1317927,1350319.0,1350370.0,32392.0
24120,1317027,1351350.0,1351421.0,34323.0
24122,1317272,1351537.0,1351558.0,34265.0
24136,1318328,1351421.0,1351764.0,33093.0
24066,1311807,1341890.0,1351871.0,30083.0
24065,1311779,1341890.0,1351899.0,30111.0
24145,1318830,1351764.0,1351910.0,32934.0
24148,1319015,1351910.0,1351962.0,32895.0
24152,1319191,1351962.0,1351971.0,32771.0
24151,1319182,1351962.0,1351982.0,32780.0
24150,1319044,1351962.0,1351996.0,32918.0
24115,1316611,1350366.0,1352012.0,33755.0
24157,1319493,1352012.0,1352032.0,32519.0
24156,1319452,1352012.0,1352035.0,32560.0
24154,1319322,1352012.0,1352042.0,32690.0
24158,1319524,1352032.0,1352058.0,32508.0
24159,1319594,1352058.0,1352082.0,32464.0
24149,1319031,1351962.0,1352111.0,32931.0
24160,1319727,1352111.0,1352146.0,32384.0
24162,1319826,1352146.0,1352204.0,32320.0
24165,1319939,1352204.0,1352260.0,32265.0
24167,1320045,1352260.0,1352311.0,32215.0
24170,1320525,1352311.0,1352335.0,31786.0
24169,1320445,1352311.0,1352347.0,31866.0
24168,1320257,1352311.0,1352350.0,32054.0
24171,1320607,1352335.0,1352364.0,31728.0
24175,1320867,1352347.0,1352366.0,31480.0
24176,1320944,1352347.0,1352366.0,31403.0
24177,1321004,1352347.0,1352369.0,31343.0
24172,1320682,1352347.0,1352374.0,31665.0
24173,1320757,1352347.0,1352374.0,31590.0
24179,1321162,1352350.0,1352377.0,31188.0
24127,1317606,1349394.0,1353373.0,31788.0
24178,1321085,1354147.0,1354169.0,33062.0
24144,1318817,1355119.0,1355130.0,36302.0
24143,1318764,1355119.0,1355134.0,36355.0
24142,1318759,1355139.0,1355166.0,36380.0
24146,1318859,1355119.0,1355169.0,36260.0
24140,1318673,1355161.0,1355179.0,36488.0
24139,1318482,1355161.0,1355212.0,36679.0
24141,1318720,1355170.0,1355221.0,36450.0
24128,1317677,1351522.0,1355430.0,33845.0
24153,1319312,1355119.0,1357595.0,35807.0
24185,1329032,1357177.0,1362283.0,28145.0
24188,1334236,1362283.0,1368020.0,28047.0
24187,1334177,1362283.0,1368075.0,28106.0
24186,1329033,1360230.0,1371161.0,31197.0
24207,1340102,1372961.0,1373101.0,32859.0
24208,1340248,1373101.0,1373199.0,32853.0
24209,1340352,1373199.0,1373310.0,32847.0
24210,1340467,1373310.0,1382920.0,32843.0
24213,1350299,1382920.0,1389179.0,32621.0
24212,1350237,1382920.0,1389234.0,32683.0
24211,1350081,1382920.0,1392255.0,32839.0
24263,1359421,1392255.0,1392280.0,32834.0
24265,1359634,1392280.0,1393898.0,32646.0
24264,1359567,1392255.0,1393944.0,32688.0
24262,1356569,1391034.0,1394764.0,34465.0
24279,1360732,1394764.0,1394979.0,34032.0
24274,1360410,1397080.0,1397335.0,36670.0
24289,1361383,1397335.0,1398091.0,35952.0
24290,1362160,1398091.0,1398135.0,35931.0
24291,1362197,1398091.0,1398233.0,35894.0
24296,1362346,1398135.0,1398255.0,35789.0
24284,1360952,1394979.0,1398704.0,34027.0
24333,1365541,1398704.0,1398719.0,33163.0
24334,1365563,1398704.0,1398722.0,33141.0
24349,1366768,1398704.0,1398836.0,31936.0
24355,1367366,1398836.0,1399026.0,31470.0
24364,1367816,1399026.0,1399202.0,31210.0
24316,1364236,1398255.0,1401808.0,34019.0
24335,1365804,1398704.0,1402243.0,32900.0
24383,1370154,1402243.0,1402258.0,32089.0
24324,1364809,1403055.0,1403342.0,38246.0
24399,1372386,1403342.0,1403386.0,30956.0
24395,1372193,1403342.0,1403394.0,31149.0
24394,1372158,1403342.0,1403417.0,31184.0
24400,1372439,1403342.0,1403510.0,30903.0
24378,1369325,1403504.0,1403516.0,34179.0
24372,1368847,1403504.0,1403575.0,34657.0
24374,1368964,1403504.0,1403589.0,34540.0
24393,1371956,1404043.0,1404086.0,32087.0
24391,1371784,1404043.0,1404162.0,32259.0
24373,1368908,1403504.0,1404197.0,34596.0
24410,1373110,1404162.0,1404304.0,31052.0
24411,1373296,1404304.0,1404354.0,31008.0
24412,1373361,1404354.0,1404574.0,30993.0
24419,1374201,1404574.0,1404616.0,30373.0
24414,1373800,1404574.0,1404620.0,30774.0
24422,1375232,1404616.0,1404661.0,29384.0
24404,1372759,1405142.0,1405155.0,32383.0
24406,1372939,1405375.0,1405432.0,32436.0
24403,1372724,1405142.0,1405455.0,32418.0
24405,1372868,1403510.0,1407027.0,30642.0
24401,1372468,1407058.0,1407107.0,34590.0
24363,1367795,1398836.0,1407134.0,31041.0
24432,1376426,1409420.0,1409443.0,32994.0
24433,1376476,1409461.0,1409508.0,32985.0
24428,1376120,1408997.0,1409783.0,32877.0
24379,1369347,1406608.0,1410124.0,37261.0
24437,1376851,1410255.0,1410315.0,33404.0
24439,1377023,1410255.0,1410526.0,33232.0
24431,1376387,1407027.0,1410527.0,30640.0
24440,1377220,1410124.0,1410704.0,32904.0
24450,1378336,1410704.0,1410795.0,32368.0
24455,1378518,1410795.0,1411008.0,32277.0
24461,1378905,1411008.0,1411118.0,32103.0
24460,1378884,1411008.0,1411138.0,32124.0
24462,1378956,1411138.0,1411350.0,32182.0
24469,1379783,1411350.0,1411484.0,31567.0
24429,1376123,1408389.0,1411498.0,32266.0
24448,1378239,1410527.0,1412479.0,32288.0
24472,1380004,1412479.0,1412500.0,32475.0
24473,1380095,1412500.0,1412543.0,32405.0
24476,1380209,1412543.0,1412564.0,32334.0
24474,1380143,1412543.0,1412589.0,32400.0
24458,1378747,1412595.0,1412651.0,33848.0
24457,1378585,1412595.0,1412740.0,34010.0
24298,1362537,1398255.0,1412805.0,35718.0
24297,1362481,1398233.0,1412840.0,35752.0
24484,1380758,1412840.0,1412861.0,32082.0
24482,1380470,1412740.0,1412869.0,32270.0
24485,1380820,1412861.0,1412882.0,32041.0
24487,1380981,1412869.0,1412915.0,31888.0
24464,1379108,1412938.0,1412951.0,33830.0
24483,1380649,1412805.0,1412953.0,32156.0
24465,1379298,1412938.0,1412966.0,33640.0
24488,1381016,1412882.0,1413081.0,31866.0
24478,1380293,1412589.0,1413083.0,32296.0
24480,1380406,1412651.0,1413268.0,32245.0
24491,1381405,1412953.0,1413274.0,31548.0
24471,1379889,1411498.0,1413296.0,31609.0
24489,1381324,1412915.0,1413316.0,31591.0
24492,1381407,1413083.0,1413428.0,31676.0
24494,1381677,1413316.0,1413461.0,31639.0
24493,1381495,1413296.0,1413472.0,31801.0
24497,1381800,1413461.0,1413482.0,31661.0
24505,1382387,1413482.0,1413497.0,31095.0
24499,1382030,1413472.0,1413499.0,31442.0
24508,1382612,1413499.0,1413582.0,30887.0
24509,1382693,1413582.0,1413602.0,30889.0
24512,1382914,1413602.0,1413619.0,30688.0
24511,1382743,1413602.0,1413662.0,30859.0
24506,1382456,1413482.0,1413666.0,31026.0
24501,1382085,1413482.0,1413803.0,31397.0
24514,1382975,1413662.0,1414078.0,30687.0
24498,1381834,1413472.0,1414224.0,31638.0
24524,1384025,1414224.0,1414245.0,30199.0
24522,1383964,1414224.0,1414251.0,30260.0
24519,1383736,1414224.0,1414286.0,30488.0
24518,1383563,1414224.0,1414359.0,30661.0
24527,1384160,1414359.0,1414446.0,30199.0
24516,1383337,1414078.0,1414460.0,30741.0
24533,1384529,1414460.0,1414465.0,29931.0
24531,1384467,1414460.0,1414470.0,29993.0
24534,1384578,1414460.0,1414512.0,29882.0
24530,1384329,1414460.0,1414573.0,30131.0
24444,1377806,1414308.0,1414598.0,36502.0
24459,1378809,1414583.0,1414625.0,35774.0
24528,1384221,1414446.0,1414727.0,30225.0
24529,1384252,1414460.0,1414760.0,30208.0
24441,1377282,1414243.0,1414762.0,36961.0
24538,1384892,1414762.0,1414783.0,29870.0
24446,1378142,1414308.0,1415040.0,36166.0
24452,1378410,1415115.0,1415145.0,36705.0
24454,1378492,1415115.0,1415473.0,36623.0
24495,1381736,1413428.0,1416972.0,31692.0
24541,1385011,1416972.0,1417018.0,31961.0
24542,1385256,1416972.0,1417036.0,31716.0
24507,1382490,1417751.0,1417857.0,35261.0
24546,1385585,1417857.0,1417868.0,32272.0
24513,1382965,1417766.0,1417941.0,34801.0
24526,1384058,1418419.0,1418440.0,34361.0
24537,1384698,1418466.0,1418490.0,33768.0
24552,1386247,1418490.0,1418511.0,32243.0
24547,1385680,1418490.0,1418550.0,32810.0
24553,1386256,1418550.0,1418610.0,32294.0
24554,1386382,1418610.0,1418664.0,32228.0
24557,1387077,1418664.0,1418674.0,31587.0
24558,1387252,1418674.0,1418685.0,31422.0
24569,1388520,1418685.0,1418706.0,30165.0
24571,1388604,1418685.0,1418939.0,30081.0
24535,1384599,1414727.0,1418944.0,30128.0
24583,1389990,1418944.0,1418972.0,28954.0
24586,1390389,1418972.0,1418980.0,28583.0
24590,1390522,1418980.0,1418997.0,28458.0
24589,1390477,1418972.0,1419003.0,28495.0
24587,1390419,1418972.0,1419008.0,28553.0
24585,1390224,1418972.0,1419088.0,28748.0
24575,1389248,1418944.0,1419102.0,29696.0
24574,1389204,1418944.0,1419126.0,29740.0
24466,1379345,1411350.0,1419460.0,32005.0
24539,1384914,1419583.0,1419638.0,34669.0
24579,1389455,1418944.0,1419978.0,29489.0
24545,1385441,1420273.0,1420329.0,34832.0
24543,1385285,1417036.0,1420560.0,31751.0
24570,1388545,1418685.0,1420629.0,30140.0
24536,1384601,1414760.0,1421129.0,30159.0
24572,1388821,1418944.0,1422590.0,30123.0
24560,1387458,1422668.0,1422764.0,35210.0
24604,1393191,1422590.0,1422893.0,29399.0
24562,1387565,1422657.0,1422944.0,35092.0
24567,1387977,1422741.0,1423220.0,34764.0
24605,1393202,1424390.0,1424397.0,31188.0
24594,1391536,1425360.0,1425377.0,33824.0
24595,1391635,1425360.0,1425480.0,33725.0
24593,1391506,1425360.0,1425522.0,33854.0
24610,1393472,1425522.0,1425542.0,32050.0
24613,1393533,1425522.0,1425594.0,31989.0
24606,1393273,1425429.0,1425650.0,32156.0
24618,1393645,1427322.0,1427327.0,33677.0
24620,1393754,1427322.0,1427334.0,33568.0
24617,1393635,1427322.0,1427339.0,33687.0
24621,1393756,1427322.0,1427339.0,33566.0
24619,1393712,1427322.0,1427351.0,33610.0
24615,1393575,1427322.0,1427354.0,33747.0
24623,1393899,1427334.0,1427400.0,33435.0
24622,1393807,1428020.0,1428048.0,34213.0
24607,1393301,1427693.0,1428317.0,34392.0
24627,1394194,1428317.0,1428363.0,34123.0
24614,1393571,1429197.0,1429218.0,35626.0
24611,1393513,1427693.0,1429327.0,34180.0
24629,1394395,1429327.0,1429331.0,34932.0
24628,1394307,1429327.0,1429350.0,35020.0
24633,1394575,1429350.0,1429376.0,34775.0
24636,1394684,1429376.0,1429493.0,34692.0
24640,1394898,1429493.0,1429502.0,34595.0
24637,1394764,1429493.0,1429518.0,34729.0
24639,1394869,1429493.0,1429547.0,34624.0
24641,1395096,1429547.0,1429616.0,34451.0
24625,1394009,1428317.0,1429641.0,34308.0
24642,1395153,1429641.0,1429663.0,34488.0
24644,1395185,1429641.0,1429667.0,34456.0
24649,1395347,1429641.0,1429688.0,34294.0
24646,1395255,1429641.0,1429700.0,34386.0
24616,1393595,1427564.0,1429777.0,33969.0
24647,1395272,1429641.0,1429784.0,34369.0
24652,1395691,1429663.0,1429876.0,33972.0
24653,1395698,1429663.0,1429937.0,33965.0
24656,1395939,1429876.0,1429955.0,33937.0
24634,1394591,1429350.0,1430644.0,34759.0
24654,1395810,1429784.0,1431291.0,33974.0
24655,1395889,1429876.0,1431604.0,33987.0
24624,1393955,1432200.0,1432279.0,38245.0
24635,1394630,1432848.0,1432973.0,38218.0
24631,1394497,1433163.0,1433166.0,38666.0
24650,1395355,1429663.0,1433168.0,34308.0
24670,1397283,1433168.0,1433222.0,35885.0
24672,1397383,1433222.0,1433393.0,35839.0
24674,1397476,1433393.0,1433421.0,35917.0
24675,1397543,1433421.0,1433482.0,35878.0
24632,1394568,1433163.0,1434478.0,38595.0
24677,1397619,1433482.0,1434726.0,35863.0
24679,1397700,1434726.0,1434810.0,37026.0
24658,1396097,1434755.0,1434890.0,38658.0
24681,1397831,1434810.0,1434925.0,36979.0
24694,1398743,1434890.0,1434934.0,36147.0
24662,1396866,1435444.0,1435509.0,38578.0
24669,1397126,1437079.0,1437125.0,39953.0
24671,1397321,1437079.0,1437200.0,39758.0
24665,1396963,1437079.0,1437302.0,40116.0
24699,1399358,1437302.0,1437364.0,37944.0
24700,1399468,1437302.0,1437386.0,37834.0
24678,1397682,1437966.0,1437997.0,40284.0
24693,1398624,1434890.0,1439305.0,36266.0
24718,1402600,1439305.0,1442952.0,36705.0
24695,1398867,1439278.0,1443002.0,40411.0
24722,1403312,1442952.0,1443173.0,39640.0
24741,1406906,1444752.0,1444756.0,37846.0
24740,1406863,1444752.0,1444764.0,37889.0
24731,1405153,1444752.0,1444765.0,39599.0
24739,1406658,1444752.0,1444769.0,38094.0
24768,1411710,1444802.0,1444911.0,33092.0
24770,1412039,1444911.0,1445022.0,32872.0
24769,1411961,1443173.0,1446704.0,31212.0
24561,1387495,1422657.0,1447261.0,35162.0
24697,1399010,1437302.0,1450384.0,38292.0
24773,1412381,1452184.0,1452257.0,39803.0
24775,1412756,1452257.0,1452321.0,39501.0
24785,1413120,1452321.0,1452382.0,39201.0
24796,1414089,1452382.0,1452438.0,38293.0
24803,1414447,1452438.0,1452498.0,37991.0
24810,1414809,1452498.0,1452567.0,37689.0
24816,1415480,1452567.0,1452579.0,37087.0
24696,1398918,1440309.0,1453470.0,41391.0
24824,1416120,1453470.0,1453547.0,37350.0
24827,1416572,1453470.0,1453549.0,36898.0
24823,1416099,1453470.0,1453567.0,37371.0
24826,1416544,1453470.0,1453576.0,36926.0
24839,1418999,1453576.0,1453705.0,34577.0
24817,1415498,1452579.0,1456070.0,37081.0
24841,1419419,1453705.0,1457452.0,34286.0
24843,1419478,1456070.0,1459762.0,36592.0
24772,1412235,1449822.0,1460746.0,37587.0
24859,1423184,1464562.0,1464729.0,41378.0
24860,1423355,1464729.0,1474470.0,41374.0
24864,1433226,1474470.0,1474516.0,41244.0
24862,1433135,1474470.0,1474590.0,41335.0
24861,1433101,1474470.0,1485393.0,41369.0
24988,1459153,1485393.0,1485405.0,26240.0
24867,1433548,1474516.0,1510345.0,40968.0
24868,1433614,1474590.0,1510352.0,40976.0
25141,1470419,1512145.0,1512451.0,41726.0
25144,1470748,1515152.0,1515526.0,44404.0
25151,1471158,1515526.0,1515779.0,44368.0
25165,1471984,1515779.0,1515856.0,43795.0
25166,1472162,1515856.0,1516649.0,43694.0
25163,1471959,1517326.0,1517330.0,45367.0
25153,1471388,1517326.0,1517338.0,45938.0
25164,1471975,1517326.0,1517346.0,45351.0
25454,1491553,1517656.0,1517672.0,26103.0
25487,1493767,1517656.0,1517675.0,23889.0
25242,1477185,1517656.0,1517689.0,40471.0
25332,1483201,1517656.0,1517689.0,34455.0
25327,1482920,1517656.0,1517694.0,34736.0
25245,1477370,1517656.0,1517726.0,40286.0
25255,1478023,1517656.0,1517738.0,39633.0
25308,1481601,1517656.0,1517746.0,36055.0
25336,1483405,1517656.0,1518259.0,34251.0
25573,1499750,1518449.0,1518469.0,18699.0
25558,1498459,1516649.0,1518547.0,18190.0
25572,1499705,1518449.0,1519101.0,18744.0
25609,1503147,1522138.0,1522158.0,18991.0
25581,1501316,1518547.0,1529071.0,17231.0
24973,1449251,1485393.0,1529906.0,36142.0
25613,1503228,1522146.0,1530763.0,18918.0
25615,1503249,1522489.0,1531088.0,19240.0
25712,1511852,1535563.0,1545358.0,23711.0
25829,1533050,1545358.0,1549082.0,12308.0
25836,1533913,1549082.0,1550407.0,15169.0
25713,1521651,1545358.0,1555843.0,23707.0
25857,1541792,1557643.0,1557739.0,15851.0
25860,1545553,1557739.0,1557749.0,12186.0
25919,1551123,1557739.0,1557757.0,6616.0
25858,1542036,1557739.0,1557760.0,15703.0
25918,1551115,1557739.0,1557762.0,6624.0
25953,1554242,1557762.0,1557767.0,3520.0
25917,1551108,1557739.0,1557771.0,6631.0
25916,1551101,1557739.0,1557777.0,6638.0
25915,1551094,1557739.0,1557784.0,6645.0
25886,1548953,1557739.0,1557788.0,8786.0
25891,1549407,1557739.0,1557788.0,8332.0
25913,1551083,1557739.0,1557793.0,6656.0
25957,1554363,1557777.0,1557794.0,3414.0
25959,1554395,1557784.0,1557800.0,3389.0
25912,1551076,1557739.0,1557805.0,6663.0
25974,1555179,1557805.0,1557812.0,2626.0
25911,1551066,1557739.0,1557815.0,6673.0
25910,1551059,1557739.0,1557821.0,6680.0
25973,1555171,1557800.0,1557823.0,2629.0
25890,1549300,1557739.0,1557825.0,8439.0
25975,1555235,1557812.0,1557830.0,2577.0
25948,1553966,1557760.0,1557831.0,3794.0
25996,1556181,1557830.0,1557856.0,1649.0
25962,1554555,1557788.0,1557862.0,3233.0
25955,1554319,1557771.0,1557877.0,3452.0
25970,1554849,1557794.0,1557887.0,2945.0
25995,1556145,1557825.0,1557903.0,1680.0
25994,1556138,1557823.0,1557906.0,1685.0
25889,1549225,1557739.0,1557913.0,8514.0
25992,1556118,1557815.0,1557914.0,1697.0
25993,1556125,1557821.0,1557916.0,1696.0
25905,1550586,1557739.0,1557981.0,7153.0
26006,1556281,1557981.0,1557989.0,1700.0
26005,1556274,1557981.0,1557997.0,1707.0
26003,1556265,1557981.0,1558005.0,1716.0
26002,1556258,1557981.0,1558011.0,1723.0
26037,1557958,1557981.0,1558016.0,23.0
26001,1556251,1557981.0,1558018.0,1730.0
26031,1557765,1557981.0,1558019.0,216.0
26016,1556555,1557981.0,1558028.0,1426.0
26000,1556241,1557981.0,1558029.0,1740.0
26040,1558000,1558000.0,1558033.0,0.0
25999,1556234,1557981.0,1558038.0,1747.0
26041,1558038,1558038.0,1558070.0,0.0
26012,1556337,1557981.0,1558076.0,1644.0
26011,1556330,1557981.0,1558081.0,1651.0
26010,1556324,1557981.0,1558086.0,1657.0
26009,1556316,1557981.0,1558092.0,1665.0
26008,1556309,1557981.0,1558097.0,1672.0
26014,1556377,1557981.0,1558100.0,1604.0
26007,1556302,1557981.0,1558101.0,1679.0
26044,1558349,1558349.0,1558372.0,0.0
26045,1558400,1558400.0,1558411.0,0.0
26047,1558577,1558577.0,1558592.0,0.0
26067,1560492,1562781.0,1562802.0,2289.0
26065,1560392,1562816.0,1562836.0,2424.0
26066,1560449,1562816.0,1562837.0,2367.0
26063,1560241,1562828.0,1563007.0,2587.0
26061,1559916,1563392.0,1563611.0,3476.0
26071,1560655,1562781.0,1564953.0,2126.0
25997,1556196,1557916.0,1566849.0,1720.0
26115,1564776,1567807.0,1567828.0,3031.0
26111,1564518,1568411.0,1568432.0,3893.0
26114,1564664,1568411.0,1568432.0,3747.0
26113,1564575,1568411.0,1568433.0,3836.0
26110,1564426,1568411.0,1568434.0,3985.0
26109,1564393,1568411.0,1568436.0,4018.0
26133,1565968,1571649.0,1571664.0,5681.0
26131,1565794,1571649.0,1571666.0,5855.0
26117,1564866,1566849.0,1572283.0,1983.0
26125,1565550,1572628.0,1572791.0,7078.0
26151,1567821,1572791.0,1572806.0,4970.0
26137,1566303,1572791.0,1572807.0,6488.0
26153,1568089,1572791.0,1572807.0,4702.0
26155,1568313,1572791.0,1572811.0,4478.0
26147,1567532,1572791.0,1572812.0,5259.0
26152,1567920,1572791.0,1572814.0,4871.0
26135,1566092,1572791.0,1572815.0,6699.0
26162,1568627,1572791.0,1572821.0,4164.0
26157,1568514,1572791.0,1572824.0,4277.0
26164,1568700,1572791.0,1572824.0,4091.0
26156,1568508,1572791.0,1572830.0,4283.0
26186,1571238,1572812.0,1572830.0,1574.0
26188,1571419,1572814.0,1572835.0,1395.0
26189,1571448,1572815.0,1572845.0,1367.0
26190,1571463,1572821.0,1572849.0,1358.0
26170,1568856,1572791.0,1572850.0,3935.0
26169,1568849,1572791.0,1572856.0,3942.0
26196,1571753,1572835.0,1572857.0,1082.0
26168,1568843,1572791.0,1572860.0,3948.0
26167,1568836,1572791.0,1572865.0,3955.0
26197,1571786,1572845.0,1572872.0,1059.0
26200,1571853,1572872.0,1572887.0,1019.0
26201,1571993,1572887.0,1572902.0,894.0
26202,1572091,1572902.0,1572921.0,811.0
26203,1572139,1572921.0,1572939.0,782.0
26198,1571789,1572865.0,1572960.0,1076.0
26204,1572180,1572939.0,1572964.0,759.0
26205,1572227,1572960.0,1572977.0,733.0
26208,1572396,1572960.0,1572978.0,564.0
26191,1571554,1572824.0,1572982.0,1270.0
26207,1572341,1572960.0,1573064.0,619.0
26149,1567579,1572791.0,1573690.0,5212.0
26148,1567557,1572791.0,1573712.0,5234.0
26160,1568589,1572791.0,1574749.0,4202.0
26159,1568567,1572791.0,1574770.0,4224.0
26183,1571088,1574606.0,1575033.0,3518.0
26227,1575063,1575063.0,1575089.0,0.0
26185,1571122,1572811.0,1575936.0,1689.0
26184,1571100,1572807.0,1575955.0,1707.0
26181,1570911,1576464.0,1576479.0,5553.0
26182,1571043,1576464.0,1576485.0,5421.0
26179,1570647,1576464.0,1576902.0,5817.0
26178,1570625,1576466.0,1576927.0,5841.0
26224,1574642,1577782.0,1577808.0,3140.0
26232,1575523,1577760.0,1577972.0,2237.0
26217,1574254,1577864.0,1578075.0,3610.0
26218,1574279,1578512.0,1578698.0,4233.0
26221,1574499,1578490.0,1579085.0,3991.0
26219,1574477,1578512.0,1579129.0,4035.0
26235,1575943,1579129.0,1579156.0,3186.0
26236,1575976,1579156.0,1579179.0,3180.0
26231,1575492,1579549.0,1579793.0,4057.0
26229,1575124,1579570.0,1579928.0,4446.0
26228,1575103,1579570.0,1579949.0,4467.0
26234,1575904,1582875.0,1582970.0,6971.0
26253,1579169,1582970.0,1582974.0,3801.0
26256,1579254,1582970.0,1582974.0,3716.0
26257,1580483,1582974.0,1582979.0,2491.0
26254,1579201,1582970.0,1582982.0,3769.0
26250,1577955,1582970.0,1582983.0,5015.0
26252,1579122,1582970.0,1582988.0,3848.0
26255,1579222,1582970.0,1582988.0,3748.0
26259,1580531,1582988.0,1582995.0,2457.0
26258,1580504,1582983.0,1582997.0,2479.0
26261,1581440,1582988.0,1583005.0,1548.0
26260,1581074,1582988.0,1583010.0,1914.0
26262,1581485,1582997.0,1583037.0,1512.0
26263,1581597,1583005.0,1583037.0,1408.0
26134,1566078,1577083.0,1585993.0,11005.0
26264,1584858,1585993.0,1586243.0,1135.0
26265,1584874,1586243.0,1586440.0,1369.0
26118,1564912,1566849.0,1586796.0,1937.0
26240,1576171,1582970.0,1591666.0,6799.0
26239,1576107,1584770.0,1593527.0,8663.0
26266,1585076,1586440.0,1596935.0,1364.0
26269,1595775,1596935.0,1597201.0,1160.0
26268,1595713,1596935.0,1597266.0,1222.0
26267,1585112,1596466.0,1607390.0,11354.0
26270,1596047,1609190.0,1609295.0,13143.0
26271,1596155,1609295.0,1619014.0,13140.0
26272,1605876,1619014.0,1629475.0,13138.0
26386,1631954,1633754.0,1633768.0,1800.0
26362,1630152,1634275.0,1640820.0,4123.0
26274,1606064,1619014.0,1648993.0,12950.0
26273,1605995,1619014.0,1649062.0,13019.0
26550,1644145,1650862.0,1651042.0,6717.0
26619,1648648,1651042.0,1651063.0,2394.0
26625,1648874,1651042.0,1651063.0,2168.0
26623,1648756,1651042.0,1651064.0,2286.0
26621,1648690,1651042.0,1651069.0,2352.0
26617,1648579,1651042.0,1651070.0,2463.0
26624,1648815,1651042.0,1651070.0,2227.0
26616,1648509,1651042.0,1651071.0,2533.0
26627,1648928,1651063.0,1651084.0,2135.0
26632,1649132,1651063.0,1651091.0,1931.0
26636,1649289,1651069.0,1651091.0,1780.0
26635,1649276,1651064.0,1651092.0,1788.0
26653,1649850,1651091.0,1651096.0,1241.0
26645,1649646,1651070.0,1651098.0,1424.0
26646,1649720,1651070.0,1651098.0,1350.0
26647,1649769,1651071.0,1651100.0,1302.0
26648,1649787,1651084.0,1651101.0,1297.0
26644,1649513,1651070.0,1651102.0,1557.0
26651,1649820,1651091.0,1651106.0,1271.0
26661,1650399,1651092.0,1651113.0,693.0
26663,1650460,1651098.0,1651119.0,638.0
26658,1650221,1651091.0,1651120.0,870.0
26679,1651151,1651151.0,1651162.0,0.0
26680,1651163,1651163.0,1651182.0,0.0
26665,1650536,1651101.0,1652356.0,565.0
26664,1650514,1651100.0,1652377.0,586.0
26690,1651820,1655901.0,1656535.0,4081.0
26688,1651798,1655982.0,1656638.0,4184.0
26707,1652726,1657156.0,1658907.0,4430.0
26706,1652704,1657177.0,1658951.0,4473.0
26591,1646831,1651042.0,1658952.0,4211.0
26589,1646763,1651042.0,1659021.0,4279.0
26735,1654794,1659021.0,1659045.0,4227.0
26736,1654804,1659021.0,1659362.0,4217.0
26742,1655088,1659021.0,1659377.0,3933.0
26741,1655067,1659021.0,1659397.0,3954.0
26734,1654745,1661438.0,1661831.0,6693.0
26749,1655396,1661831.0,1661870.0,6435.0
26766,1656747,1661831.0,1661928.0,5084.0
26777,1657366,1661831.0,1662106.0,4465.0
26776,1657345,1661831.0,1662126.0,4486.0
26761,1656386,1661831.0,1662191.0,5445.0
26779,1657642,1661870.0,1662200.0,4228.0
26760,1656365,1661831.0,1662211.0,5466.0
26781,1657669,1661928.0,1662232.0,4259.0
26767,1656768,1661831.0,1662400.0,5063.0
26751,1655467,1661831.0,1662656.0,6364.0
26750,1655446,1661831.0,1662677.0,6385.0
26784,1657974,1662106.0,1663008.0,4132.0
26785,1657995,1662126.0,1663008.0,4131.0
26854,1664354,1667000.0,1667015.0,2646.0
26867,1665483,1667477.0,1667493.0,1994.0
26872,1665836,1667808.0,1667837.0,1972.0
26473,1638389,1640820.0,1671361.0,2431.0
26903,1668463,1671361.0,1671717.0,2898.0
26888,1667166,1671361.0,1672350.0,4195.0
26873,1665900,1672293.0,1672617.0,6393.0
26908,1668967,1676517.0,1676592.0,7550.0
26919,1669826,1676592.0,1677042.0,6766.0
26913,1669215,1676592.0,1677082.0,7377.0
26744,1655219,1661831.0,1677160.0,6612.0
26926,1670545,1677042.0,1677641.0,6497.0
26932,1670846,1677641.0,1678058.0,6795.0
26933,1670905,1678058.0,1678413.0,7153.0
26927,1670566,1678960.0,1679162.0,8394.0
26939,1671211,1679162.0,1679205.0,7951.0
26743,1655150,1663845.0,1679238.0,8695.0
26937,1671161,1682858.0,1682887.0,11697.0
26940,1671278,1684687.0,1684796.0,13409.0
26944,1671565,1684796.0,1684805.0,13231.0
26946,1671705,1684805.0,1684821.0,13100.0
26947,1671776,1684821.0,1684837.0,13045.0
26949,1671875,1684837.0,1684910.0,12962.0
26951,1672249,1684910.0,1684976.0,12661.0
26948,1671827,1684837.0,1685396.0,13010.0
26955,1672616,1685396.0,1685454.0,12780.0
26957,1672975,1685454.0,1685512.0,12479.0
26959,1673297,1685512.0,1685553.0,12215.0
26954,1672535,1684976.0,1685709.0,12441.0
26960,1673334,1685553.0,1694110.0,12219.0
26962,1673397,1685709.0,1694207.0,12312.0
26941,1671391,1684796.0,1695289.0,13405.0
27048,1681900,1699007.0,1708644.0,17107.0
27302,1718354,1720154.0,1720170.0,1800.0
27316,1721284,1723084.0,1723107.0,1800.0
27318,1721373,1723173.0,1723202.0,1800.0
27300,1718098,1719898.0,1723380.0,1800.0
27320,1721935,1723735.0,1724138.0,1800.0
27321,1721956,1723756.0,1724138.0,1800.0
27315,1721150,1724970.0,1724983.0,3820.0
27329,1723467,1723467.0,1726916.0,0.0
27369,1731072,1732872.0,1732898.0,1800.0
27372,1731155,1732955.0,1732959.0,1800.0
27373,1731207,1733007.0,1733028.0,1800.0
27357,1728442,1730242.0,1733688.0,1800.0
27356,1728383,1730183.0,1733689.0,1800.0
27348,1727227,1731716.0,1736949.0,4489.0
27380,1739738,1741749.0,1741845.0,2011.0
27387,1742408,1746645.0,1750095.0,4237.0
27388,1746280,1750095.0,1753542.0,3815.0
27390,1750754,1755342.0,1755354.0,4588.0
27389,1750050,1753542.0,1756995.0,3492.0
27391,1753856,1756995.0,1758309.0,3139.0
27393,1755395,1758309.0,1758699.0,2914.0
27382,1740085,1741845.0,1759423.0,1760.0
27381,1740026,1741845.0,1759478.0,1819.0
27394,1755890,1758699.0,1760019.0,2809.0
27392,1755172,1760154.0,1760169.0,4982.0
27395,1757212,1760499.0,1760513.0,3287.0
27397,1757668,1764969.0,1765019.0,7301.0
27400,1766751,1769819.0,1769840.0,3068.0
27401,1766821,1769819.0,1769840.0,2998.0
27402,1766876,1769840.0,1769866.0,2964.0
27406,1767740,1769866.0,1769887.0,2126.0
27407,1767831,1769866.0,1769888.0,2035.0
27405,1767703,1771640.0,1771661.0,3937.0
27404,1767513,1771640.0,1771664.0,4127.0
27403,1766910,1771640.0,1772196.0,4730.0
27396,1757658,1764278.0,1774940.0,6620.0
27399,1758026,1765019.0,1775322.0,6993.0
27398,1757960,1765019.0,1775384.0,7059.0
27408,1768334,1779740.0,1789352.0,11406.0
27409,1777949,1789352.0,1794722.0,11403.0
27410,1777951,1789352.0,1800276.0,11401.0
27423,1791729,1800276.0,1800293.0,8547.0
27422,1789653,1802076.0,1802253.0,12423.0
27424,1791818,1802253.0,1802900.0,10435.0
27426,1794052,1805093.0,1805135.0,11041.0
27427,1794100,1805135.0,1805268.0,11035.0
27428,1795737,1805268.0,1807730.0,9531.0
27425,1792508,1802900.0,1808309.0,10392.0
27432,1797924,1808309.0,1808335.0,10385.0
27411,1783394,1794722.0,1808711.0,11328.0
27431,1797752,1808309.0,1808755.0,10557.0
27430,1797684,1808309.0,1808824.0,10625.0
27412,1783463,1794722.0,1808942.0,11259.0
27437,1799646,1808824.0,1808987.0,9178.0
27440,1799983,1808987.0,1809003.0,9004.0
27438,1799725,1808987.0,1809222.0,9262.0
27443,1801260,1809222.0,1809282.0,7962.0
27444,1801384,1809222.0,1809300.0,7838.0
27439,1799862,1808987.0,1809391.0,9125.0
27446,1801570,1809391.0,1809472.0,7821.0
27447,1801674,1809391.0,1809556.0,7717.0
27450,1802608,1809556.0,1810052.0,6948.0
27453,1803211,1810052.0,1810544.0,6841.0
27461,1804172,1810544.0,1810561.0,6372.0
27462,1804267,1810544.0,1810579.0,6277.0
27458,1803840,1810544.0,1810663.0,6704.0
27464,1804594,1810663.0,1811117.0,6069.0
27456,1803770,1811852.0,1811881.0,8082.0
27470,1805404,1811881.0,1811916.0,6477.0
27471,1805520,1811916.0,1811947.0,6396.0
27445,1801478,1809300.0,1811992.0,7822.0
27475,1805984,1811992.0,1812158.0,6008.0
27465,1804755,1812463.0,1812481.0,7708.0
27435,1798758,1812530.0,1812556.0,13772.0
27433,1798185,1812530.0,1812615.0,14345.0
27442,1801224,1812530.0,1812697.0,11306.0
27478,1806882,1812158.0,1812773.0,5276.0
27482,1807122,1812697.0,1812899.0,5575.0
27480,1806965,1812615.0,1813208.0,5650.0
27490,1807974,1813208.0,1813236.0,5234.0
27441,1801035,1813135.0,1813247.0,12100.0
27500,1808919,1813247.0,1813313.0,4328.0
27483,1807160,1812697.0,1813589.0,5537.0
27489,1807896,1812773.0,1813706.0,4877.0
27494,1808660,1813236.0,1813708.0,4576.0
27509,1809655,1813708.0,1813729.0,4053.0
27508,1809633,1813708.0,1813816.0,4075.0
27451,1802831,1813803.0,1813822.0,10972.0
27503,1809071,1813706.0,1815754.0,4635.0
27510,1809707,1815754.0,1815811.0,6047.0
27512,1809787,1815811.0,1816361.0,6024.0
27522,1810698,1816361.0,1816429.0,5663.0
27523,1810731,1816429.0,1816464.0,5698.0
27487,1807822,1816747.0,1816767.0,8925.0
27467,1805074,1811117.0,1817149.0,6043.0
27526,1811111,1817149.0,1817185.0,6038.0
27525,1811046,1817149.0,1817312.0,6103.0
27524,1811010,1816464.0,1817661.0,5454.0
27498,1808835,1817699.0,1817745.0,8864.0
27493,1808658,1817699.0,1817754.0,9041.0
27495,1808715,1817699.0,1818119.0,8984.0
27506,1809327,1818113.0,1818197.0,8786.0
27531,1811432,1818119.0,1818202.0,6687.0
27504,1809148,1818113.0,1818211.0,8965.0
27533,1811545,1818197.0,1818231.0,6652.0
27532,1811501,1818197.0,1818244.0,6696.0
27535,1811694,1818197.0,1818328.0,6503.0
27515,1810191,1818508.0,1818585.0,8317.0
27528,1811162,1817312.0,1818600.0,6150.0
27511,1809727,1818622.0,1818659.0,8895.0
27516,1810444,1818389.0,1818670.0,7945.0
27543,1812337,1818600.0,1818749.0,6263.0
27513,1809840,1818616.0,1818787.0,8776.0
27544,1812449,1818749.0,1818800.0,6300.0
27549,1813056,1818800.0,1818852.0,5744.0
27548,1812908,1818800.0,1818863.0,5892.0
27529,1811201,1817661.0,1818911.0,6460.0
27550,1813118,1818863.0,1818916.0,5745.0
27546,1812644,1818787.0,1818925.0,6143.0
27551,1813206,1818911.0,1818983.0,5705.0
27555,1813315,1818925.0,1819004.0,5610.0
27553,1813293,1818916.0,1819015.0,5623.0
27556,1813496,1818983.0,1819043.0,5487.0
27554,1813298,1818916.0,1819097.0,5618.0
27558,1813618,1819015.0,1819620.0,5397.0
27562,1813870,1819620.0,1819650.0,5750.0
27537,1811954,1818600.0,1820438.0,6646.0
27436,1798810,1812530.0,1820816.0,13720.0
27505,1809254,1818113.0,1821179.0,8859.0
27530,1811243,1822554.0,1823188.0,11311.0
27491,1808016,1817699.0,1823462.0,9683.0
27563,1813887,1823815.0,1823879.0,9928.0
27565,1813938,1823804.0,1823909.0,9866.0
27561,1813827,1823843.0,1823966.0,10016.0
27573,1814319,1823966.0,1824007.0,9647.0
27574,1814386,1823966.0,1824076.0,9580.0
27575,1814411,1824076.0,1824166.0,9665.0
27578,1814536,1824166.0,1824169.0,9630.0
27579,1814552,1824169.0,1824172.0,9617.0
27584,1815359,1824172.0,1824259.0,8813.0
27582,1815324,1824172.0,1824261.0,8848.0
27583,1815352,1824172.0,1824270.0,8820.0
27536,1811889,1823044.0,1824925.0,11155.0
27570,1814078,1824988.0,1825043.0,10910.0
27591,1815542,1825043.0,1825083.0,9501.0
27593,1815628,1825083.0,1825106.0,9455.0
27587,1815416,1824925.0,1825113.0,9509.0
27592,1815558,1825083.0,1825125.0,9525.0
27594,1815640,1825113.0,1825175.0,9473.0
27598,1815853,1825175.0,1825217.0,9322.0
27599,1815863,1825175.0,1825224.0,9312.0
27597,1815829,1825175.0,1825271.0,9346.0
27589,1815503,1825043.0,1825356.0,9540.0
27569,1814044,1825979.0,1826067.0,11935.0
27601,1815930,1826067.0,1826086.0,10137.0
27603,1815951,1826086.0,1826112.0,10135.0
27606,1816040,1826112.0,1826116.0,10072.0
27607,1816069,1826116.0,1826246.0,10047.0
27609,1816224,1826246.0,1826275.0,10022.0
27608,1816126,1826246.0,1826286.0,10120.0
27610,1816240,1826246.0,1826568.0,10006.0
27612,1816247,1826275.0,1826591.0,10028.0
27613,1816316,1826568.0,1826665.0,10252.0
27618,1816555,1826665.0,1826671.0,10110.0
27617,1816490,1826665.0,1826695.0,10175.0
27616,1816486,1826665.0,1826763.0,10179.0
27600,1815866,1825271.0,1826844.0,9405.0
27620,1816611,1826844.0,1826896.0,10233.0
27611,1816244,1826246.0,1827041.0,10002.0
27585,1815367,1824270.0,1827987.0,8903.0
27580,1814696,1827988.0,1827991.0,13292.0
27581,1814707,1827988.0,1827991.0,13281.0
27576,1814483,1827988.0,1828020.0,13505.0
27571,1814226,1828262.0,1828316.0,14036.0
27626,1816997,1828316.0,1828414.0,11319.0
27604,1815984,1830024.0,1830026.0,14040.0
27605,1816021,1830024.0,1830081.0,14003.0
27615,1816452,1831046.0,1831070.0,14594.0
27614,1816319,1831046.0,1831116.0,14727.0
27619,1816587,1831046.0,1831121.0,14459.0
27629,1817197,1831121.0,1831324.0,13924.0
27628,1817108,1831121.0,1831520.0,14013.0
27634,1817419,1831520.0,1831679.0,14101.0
27631,1817256,1831520.0,1831689.0,14264.0
27622,1816775,1831696.0,1831722.0,14921.0
27625,1816929,1831644.0,1831756.0,14715.0
27635,1817461,1831689.0,1831801.0,14228.0
27623,1816839,1831696.0,1831821.0,14857.0
27646,1817774,1831821.0,1831861.0,14047.0
27642,1817651,1831801.0,1831872.0,14150.0
27641,1817639,1831801.0,1831877.0,14162.0
27645,1817733,1831821.0,1831902.0,14088.0
27643,1817719,1831821.0,1831903.0,14102.0
27602,1815936,1830156.0,1831961.0,14220.0
27638,1817548,1831722.0,1832041.0,14174.0
27621,1816687,1831841.0,1832235.0,15154.0
27651,1817928,1832235.0,1832258.0,14307.0
27647,1817804,1832041.0,1832273.0,14237.0
27653,1817973,1832235.0,1832315.0,14262.0
27652,1817966,1832235.0,1832322.0,14269.0
27640,1817633,1831801.0,1832366.0,14168.0
27660,1818390,1832366.0,1832388.0,13976.0
27658,1818330,1832366.0,1832401.0,14036.0
27656,1818211,1832315.0,1832406.0,14104.0
27659,1818350,1832366.0,1832437.0,14016.0
27657,1818304,1832366.0,1832483.0,14062.0
27664,1818484,1832483.0,1832515.0,13999.0
27666,1818634,1832515.0,1832574.0,13881.0
27665,1818529,1832515.0,1832622.0,13986.0
27667,1818765,1832622.0,1832780.0,13857.0
27662,1818438,1832406.0,1832833.0,13968.0
27670,1818945,1832780.0,1832848.0,13835.0
27661,1818416,1832401.0,1832850.0,13985.0
27627,1817082,1832820.0,1832880.0,15738.0
27669,1818941,1832780.0,1832881.0,13839.0
27677,1819364,1832881.0,1832932.0,13517.0
27673,1819212,1832881.0,1833035.0,13669.0
27675,1819279,1832881.0,1833048.0,13602.0
27674,1819254,1832881.0,1833071.0,13627.0
27683,1819867,1833071.0,1833158.0,13204.0
27685,1819883,1833158.0,1833229.0,13275.0
27686,1819985,1833229.0,1833289.0,13244.0
27630,1817219,1833116.0,1833296.0,15897.0
27687,1820017,1833289.0,1833310.0,13272.0
27649,1817877,1834881.0,1834905.0,17004.0
27639,1817576,1834881.0,1835179.0,17305.0
27654,1818054,1832273.0,1835646.0,14219.0
27689,1820243,1835646.0,1835674.0,15403.0
27655,1818111,1832273.0,1835892.0,14162.0
27636,1817492,1836124.0,1836162.0,18632.0
27637,1817511,1836124.0,1836187.0,18613.0
27671,1819063,1837237.0,1837262.0,18174.0
27681,1819761,1837237.0,1837285.0,17476.0
27672,1819117,1837237.0,1837370.0,18120.0
27698,1820602,1837370.0,1837387.0,16768.0
27692,1820326,1837370.0,1837426.0,17044.0
27700,1820640,1837426.0,1837452.0,16786.0
27695,1820433,1837370.0,1837460.0,16937.0
27694,1820416,1837370.0,1837473.0,16954.0
27701,1820644,1837452.0,1837615.0,16808.0
27679,1819533,1837206.0,1837829.0,17673.0
27702,1820706,1837829.0,1837897.0,17123.0
27703,1820808,1837829.0,1838000.0,17021.0
27706,1820916,1838000.0,1838048.0,17084.0
27705,1820859,1838000.0,1838115.0,17141.0
27688,1820164,1838110.0,1838202.0,17946.0
27709,1821160,1838202.0,1838284.0,17042.0
27708,1821154,1838202.0,1838290.0,17048.0
27711,1821307,1838290.0,1838332.0,16983.0
27714,1821430,1838332.0,1838388.0,16902.0
27713,1821382,1838332.0,1838450.0,16950.0
27690,1820250,1839979.0,1840535.0,19729.0
27717,1821509,1840535.0,1840580.0,19026.0
27718,1821654,1840535.0,1840968.0,18881.0
27697,1820560,1840987.0,1841017.0,20427.0
27696,1820444,1840987.0,1841068.0,20543.0
27699,1820623,1840987.0,1841164.0,20364.0
27704,1820839,1842415.0,1843044.0,21576.0
27691,1820315,1840987.0,1844341.0,20672.0
27727,1822393,1844341.0,1844411.0,21948.0
27728,1822415,1844341.0,1844422.0,21926.0
27730,1822728,1844411.0,1844534.0,21683.0
27731,1822736,1844422.0,1844551.0,21686.0
27732,1822848,1844422.0,1844836.0,21574.0
27723,1822224,1844844.0,1844874.0,22620.0
27729,1822458,1844341.0,1845412.0,21883.0
27724,1822237,1845868.0,1845968.0,23631.0
27738,1823313,1845968.0,1846084.0,22655.0
27725,1822246,1845964.0,1846087.0,23718.0
27716,1821484,1840535.0,1846129.0,19051.0
27741,1823446,1846129.0,1846207.0,22683.0
27743,1823475,1846207.0,1846315.0,22732.0
27734,1823139,1846334.0,1846338.0,23195.0
27720,1821731,1845768.0,1846385.0,24037.0
27746,1823637,1846207.0,1846397.0,22570.0
27752,1824162,1846385.0,1846401.0,22223.0
27748,1823862,1846385.0,1846512.0,22523.0
27749,1823890,1846385.0,1846525.0,22495.0
27750,1824061,1846385.0,1846530.0,22324.0
27757,1824389,1846525.0,1846548.0,22136.0
27755,1824337,1846512.0,1846606.0,22175.0
27756,1824344,1846525.0,1846640.0,22181.0
27753,1824259,1846385.0,1847029.0,22126.0
27745,1823553,1846207.0,1847178.0,22654.0
27754,1824270,1848185.0,1848193.0,23915.0
27715,1821445,1843250.0,1848881.0,21805.0
27760,1824752,1848881.0,1849571.0,24129.0
27735,1823190,1849636.0,1849726.0,26446.0
27771,1825486,1849726.0,1849779.0,24240.0
27775,1825804,1849779.0,1849788.0,23975.0
27770,1825421,1849726.0,1849790.0,24305.0
27774,1825797,1849779.0,1849794.0,23982.0
27773,1825790,1849779.0,1849803.0,23989.0
27780,1826098,1849794.0,1849818.0,23696.0
27776,1825816,1849790.0,1849854.0,23974.0
27778,1825842,1849790.0,1849859.0,23948.0
27777,1825835,1849790.0,1849864.0,23955.0
27783,1826367,1849859.0,1849885.0,23492.0
27781,1826150,1849854.0,1849936.0,23704.0
27784,1826402,1849885.0,1849954.0,23483.0
27747,1823682,1846385.0,1849983.0,22703.0
27785,1826552,1849954.0,1850014.0,23402.0
27786,1826637,1849983.0,1850053.0,23346.0
27791,1827305,1849983.0,1850085.0,22678.0
27792,1827338,1849983.0,1850090.0,22645.0
27794,1827360,1850085.0,1850188.0,22725.0
27793,1827355,1850085.0,1850195.0,22730.0
27737,1823307,1850212.0,1850289.0,26905.0
27795,1827504,1850195.0,1850325.0,22691.0
27797,1827558,1850325.0,1850454.0,22767.0
27779,1825881,1849794.0,1850515.0,23913.0
27588,1815431,1825043.0,1850824.0,9612.0
27796,1827525,1850325.0,1850982.0,22800.0
27759,1824600,1851440.0,1851582.0,26840.0
27805,1828462,1851582.0,1851702.0,23120.0
27798,1827694,1850982.0,1851891.0,23288.0
27808,1828737,1851891.0,1851994.0,23154.0
27809,1828891,1851891.0,1852078.0,23000.0
27766,1825114,1851829.0,1852271.0,26715.0
27768,1825149,1852993.0,1853030.0,27844.0
27801,1827866,1854995.0,1855125.0,27129.0
27803,1828449,1855089.0,1855223.0,26640.0
27799,1827749,1855254.0,1855278.0,27505.0
27813,1829073,1855223.0,1855326.0,26150.0
27814,1829085,1855278.0,1855383.0,26193.0
27802,1827999,1855315.0,1855408.0,27316.0
27807,1828736,1851891.0,1855409.0,23155.0
27762,1824831,1851829.0,1855681.0,26998.0
27761,1824765,1853681.0,1857598.0,28916.0
27819,1829305,1857598.0,1858214.0,28293.0
27826,1830609,1858214.0,1858247.0,27605.0
27827,1830656,1858247.0,1858336.0,27591.0
27828,1831010,1858336.0,1858386.0,27326.0
27829,1831148,1858386.0,1858412.0,27238.0
27830,1831267,1858412.0,1858435.0,27145.0
27831,1831372,1858435.0,1858520.0,27063.0
27832,1831538,1858520.0,1858539.0,26982.0
27833,1831655,1858539.0,1858559.0,26884.0
27806,1828714,1855089.0,1858629.0,26375.0
27835,1832258,1858629.0,1858741.0,26371.0
27834,1831769,1858559.0,1858897.0,26790.0
27836,1832432,1858741.0,1858920.0,26309.0
27838,1832631,1858920.0,1859009.0,26289.0
27839,1832852,1858920.0,1859054.0,26068.0
27837,1832451,1858920.0,1859080.0,26469.0
27841,1833154,1859080.0,1859117.0,25926.0
27842,1833324,1859080.0,1859151.0,25756.0
27840,1832948,1859080.0,1859538.0,26132.0
27812,1829069,1855125.0,1859945.0,26056.0
27824,1830232,1860126.0,1860153.0,29894.0
27818,1829242,1860208.0,1860267.0,30966.0
27821,1829898,1860208.0,1860277.0,30310.0
27823,1830117,1860126.0,1860326.0,30009.0
27825,1830562,1860481.0,1860565.0,29919.0
27810,1828984,1857071.0,1861601.0,28087.0
27815,1829094,1860209.0,1863866.0,31115.0
27847,1834843,1863866.0,1863882.0,29023.0
27846,1834264,1863866.0,1863889.0,29602.0
27845,1833604,1863866.0,1863928.0,30262.0
27848,1834891,1863928.0,1864022.0,29037.0
27849,1834903,1864022.0,1864052.0,29119.0
27850,1834921,1864022.0,1864086.0,29101.0
27851,1835004,1864086.0,1864761.0,29082.0
27852,1835102,1864761.0,1864802.0,29659.0
27844,1833521,1861601.0,1864945.0,28080.0
27843,1833441,1864953.0,1866348.0,31512.0
27858,1837154,1866348.0,1866364.0,29194.0
27856,1835706,1866348.0,1866401.0,30642.0
27853,1835419,1864802.0,1869562.0,29383.0
27857,1836866,1866348.0,1869658.0,29482.0
27862,1839450,1869658.0,1869674.0,30208.0
27859,1837640,1869562.0,1869685.0,31922.0
27855,1835688,1869745.0,1869815.0,34057.0
27865,1840560,1869815.0,1869832.0,29255.0
27854,1835499,1864945.0,1869925.0,29446.0
27860,1837766,1871362.0,1871377.0,33596.0
27863,1840183,1869685.0,1873125.0,29502.0
27867,1841177,1873125.0,1873136.0,31948.0
27861,1838190,1871458.0,1873821.0,33268.0
27866,1840639,1874725.0,1875213.0,34086.0
27869,1842625,1875213.0,1875229.0,32588.0
27868,1841253,1877936.0,1879303.0,36683.0
27871,1843722,1879303.0,1879317.0,35581.0
27864,1840481,1869815.0,1881657.0,29334.0
27870,1842953,1881103.0,1881870.0,38150.0
27873,1844906,1881870.0,1881886.0,36964.0
27874,1844974,1881886.0,1882169.0,36912.0
27872,1844152,1884117.0,1884869.0,39965.0
27879,1847559,1884869.0,1884877.0,37310.0
27877,1846640,1884869.0,1884882.0,38229.0
27878,1847237,1884869.0,1884882.0,37632.0
27876,1846098,1884869.0,1884884.0,38771.0
27881,1848874,1884877.0,1884892.0,36003.0
27882,1852321,1884877.0,1884904.0,32556.0
27880,1847653,1884877.0,1885513.0,37224.0
27875,1845294,1882169.0,1889192.0,36875.0
27883,1852328,1889704.0,1889765.0,37376.0
27885,1852408,1889765.0,1898544.0,37357.0
27884,1852407,1889192.0,1900112.0,36785.0
27888,1861435,1898544.0,1900442.0,37109.0
27887,1861372,1898544.0,1900508.0,37172.0
27911,1863341,1904912.0,1914724.0,41571.0
27912,1873160,1914724.0,1914816.0,41564.0
27932,1874919,1914816.0,1914950.0,39897.0
27929,1874643,1914816.0,1914959.0,40173.0
27944,1875877,1914959.0,1914998.0,39082.0
27947,1876121,1914998.0,1915043.0,38877.0
27933,1875155,1914950.0,1915073.0,39795.0
27948,1876233,1915043.0,1915090.0,38810.0
27952,1876500,1915090.0,1915160.0,38590.0
27953,1876653,1915160.0,1915200.0,38507.0
27949,1876341,1915073.0,1915207.0,38732.0
27957,1876957,1915207.0,1915262.0,38250.0
27954,1876755,1915200.0,1915286.0,38445.0
27958,1877103,1915262.0,1915348.0,38159.0
27987,1879101,1915348.0,1915352.0,36247.0
27988,1879126,1915352.0,1915356.0,36226.0
27969,1877775,1915286.0,1915358.0,37511.0
27989,1879164,1915356.0,1915408.0,36192.0
27998,1879727,1915408.0,1915483.0,35681.0
27990,1879309,1915358.0,1918989.0,36049.0
27999,1879761,1920789.0,1920854.0,41028.0
28000,1879836,1920854.0,1920938.0,41018.0
27913,1873295,1914816.0,1920944.0,41521.0
28003,1879981,1920938.0,1920998.0,40957.0
28014,1880442,1920998.0,1921046.0,40556.0
27915,1873367,1914816.0,1921173.0,41449.0
28052,1883096,1921046.0,1921372.0,37950.0
28074,1884159,1921372.0,1921549.0,37213.0
28077,1884393,1921549.0,1921879.0,37156.0
28092,1885335,1921879.0,1922011.0,36544.0
28096,1885557,1922011.0,1922039.0,36454.0
28098,1885597,1922039.0,1922067.0,36442.0
28100,1885669,1922067.0,1922206.0,36398.0
28102,1885903,1922206.0,1922514.0,36303.0
28104,1886125,1922514.0,1922659.0,36389.0
28049,1882715,1922798.0,1922867.0,40083.0
28065,1883635,1922846.0,1922907.0,39211.0
28066,1883702,1922846.0,1922908.0,39144.0
28067,1883769,1922846.0,1922909.0,39077.0
28041,1882285,1920998.0,1926365.0,38713.0
28005,1880103,1920944.0,1926914.0,40841.0
28109,1886376,1922659.0,1927734.0,36283.0
28115,1887698,1927734.0,1928043.0,40036.0
28116,1888129,1928043.0,1928135.0,39914.0
28117,1888297,1928135.0,1928284.0,39838.0
28110,1886384,1928165.0,1928324.0,41781.0
28118,1888460,1928284.0,1928345.0,39824.0
28119,1888575,1928324.0,1928393.0,39749.0
28120,1889300,1928345.0,1928414.0,39045.0
28121,1889381,1928393.0,1928690.0,39012.0
28114,1887656,1928714.0,1928734.0,41058.0
28126,1889999,1928690.0,1928827.0,38691.0
28113,1887389,1928714.0,1928907.0,41325.0
28007,1880166,1922744.0,1928951.0,42578.0
28128,1890265,1928827.0,1928960.0,38562.0
28134,1890761,1928960.0,1928991.0,38199.0
28133,1890738,1928960.0,1929106.0,38222.0
28135,1890810,1928960.0,1929202.0,38150.0
28139,1891157,1929202.0,1929217.0,38045.0
28138,1891089,1929202.0,1929274.0,38113.0
28141,1891423,1929274.0,1929298.0,37851.0
28140,1891373,1929274.0,1929331.0,37901.0
28137,1890922,1929106.0,1929734.0,38184.0
28122,1889544,1930193.0,1930198.0,40649.0
28112,1886627,1926914.0,1930222.0,40287.0
28124,1889802,1930193.0,1930258.0,40391.0
28123,1889570,1930193.0,1930414.0,40623.0
28127,1890026,1930490.0,1930543.0,40464.0
28130,1890403,1930627.0,1930655.0,40224.0
28143,1891626,1930222.0,1930689.0,38596.0
28129,1890382,1930627.0,1930709.0,40245.0
28132,1890637,1930627.0,1930727.0,39990.0
28145,1891753,1930689.0,1930759.0,38936.0
28149,1892143,1930759.0,1930765.0,38616.0
28150,1892188,1930759.0,1930783.0,38571.0
28136,1890868,1930760.0,1930785.0,39892.0
28131,1890563,1930627.0,1931276.0,40064.0
28111,1886457,1926365.0,1931424.0,39908.0
28142,1891468,1929734.0,1931531.0,38266.0
28155,1892374,1931531.0,1931603.0,39157.0
28153,1892245,1931531.0,1931606.0,39286.0
28152,1892215,1931531.0,1931659.0,39316.0
28156,1892583,1931603.0,1931667.0,39020.0
28159,1893134,1931659.0,1931723.0,38525.0
28125,1889936,1928414.0,1931739.0,38478.0
28154,1892332,1931531.0,1931815.0,39199.0
28151,1892195,1930759.0,1931900.0,38564.0
28148,1892124,1930759.0,1931971.0,38635.0
28164,1893414,1931971.0,1931999.0,38557.0
28162,1893358,1931739.0,1932021.0,38381.0
28167,1893588,1931971.0,1932021.0,38383.0
28165,1893506,1931971.0,1932065.0,38465.0
28171,1893802,1932065.0,1932097.0,38263.0
28166,1893544,1931971.0,1932099.0,38427.0
28170,1893710,1932021.0,1932152.0,38311.0
28169,1893693,1932021.0,1932168.0,38328.0
28172,1893936,1932097.0,1932179.0,38161.0
28178,1894401,1932168.0,1932242.0,37767.0
28174,1894074,1932099.0,1932252.0,38025.0
28168,1893620,1931971.0,1932281.0,38351.0
28176,1894245,1932168.0,1932316.0,37923.0
28175,1894222,1932168.0,1932337.0,37946.0
28179,1894439,1932242.0,1932382.0,37803.0
28182,1894584,1932337.0,1932412.0,37753.0
28181,1894488,1932337.0,1932421.0,37849.0
28180,1894486,1932337.0,1932478.0,37851.0
28183,1894638,1932421.0,1932655.0,37783.0
28184,1894694,1932478.0,1932671.0,37784.0
28187,1894774,1932655.0,1932697.0,37881.0
28188,1894864,1932655.0,1932705.0,37791.0
28185,1894708,1932655.0,1932767.0,37947.0
28186,1894724,1932655.0,1932818.0,37931.0
28190,1894960,1932818.0,1933016.0,37858.0
28191,1894964,1933016.0,1933101.0,38052.0
28194,1895349,1933101.0,1933190.0,37752.0
28192,1895061,1933016.0,1933217.0,37955.0
28002,1879956,1922654.0,1933344.0,42698.0
28195,1895377,1933217.0,1933444.0,37840.0
28197,1895601,1933444.0,1933478.0,37843.0
28196,1895498,1933444.0,1933526.0,37946.0
28201,1895780,1933526.0,1933563.0,37746.0
28198,1895675,1933478.0,1933692.0,37803.0
28203,1895799,1933563.0,1933705.0,37764.0
28204,1895825,1933692.0,1933806.0,37867.0
28206,1895942,1933705.0,1933923.0,37763.0
28208,1896017,1933806.0,1934033.0,37789.0
28210,1896060,1934033.0,1934076.0,37973.0
28211,1896207,1934076.0,1934162.0,37869.0
28144,1891637,1934131.0,1934189.0,42494.0
28212,1896245,1934162.0,1934295.0,37917.0
28214,1896454,1934295.0,1934346.0,37841.0
28161,1893272,1931723.0,1934368.0,38451.0
28217,1896576,1934346.0,1934426.0,37770.0
28218,1896627,1934368.0,1934734.0,37741.0
28209,1896023,1933923.0,1934742.0,37900.0
28222,1897230,1934742.0,1934855.0,37512.0
28216,1896547,1934295.0,1934970.0,37748.0
28221,1897227,1934742.0,1934986.0,37515.0
28147,1892073,1935058.0,1935121.0,42985.0
28146,1891829,1935058.0,1935144.0,43229.0
28160,1893234,1935527.0,1935577.0,42293.0
28157,1892750,1935565.0,1935584.0,42815.0
28173,1894059,1935585.0,1935590.0,41526.0
28163,1893382,1935527.0,1935787.0,42145.0
28158,1892947,1936076.0,1936128.0,43129.0
28223,1897232,1934986.0,1937507.0,37754.0
28226,1897431,1937507.0,1937528.0,40076.0
28228,1897485,1937528.0,1937653.0,40043.0
28229,1897489,1937653.0,1937917.0,40164.0
28231,1897532,1937917.0,1937939.0,40385.0
28237,1897785,1937917.0,1937980.0,40132.0
28235,1897764,1937917.0,1938024.0,40153.0
28248,1899154,1937917.0,1938076.0,38763.0
28238,1898042,1937917.0,1938090.0,39875.0
28232,1897562,1937917.0,1938114.0,40355.0
28246,1899057,1937917.0,1938134.0,38860.0
28236,1897778,1937917.0,1938205.0,40139.0
28213,1896425,1938144.0,1938228.0,41719.0
28241,1898190,1937917.0,1938472.0,39727.0
28240,1898153,1937917.0,1938477.0,39764.0
28219,1896749,1939226.0,1939695.0,42477.0
28253,1899991,1939695.0,1939883.0,39704.0
28255,1900242,1939883.0,1940001.0,39641.0
28257,1900450,1940001.0,1940144.0,39551.0
28264,1901098,1940144.0,1940184.0,39046.0
28263,1900919,1940144.0,1940301.0,39225.0
28258,1900464,1940144.0,1940354.0,39680.0
28265,1901141,1940354.0,1940549.0,39213.0
28266,1901149,1940549.0,1940602.0,39400.0
28225,1897368,1940587.0,1940618.0,43219.0
28268,1901382,1940602.0,1940720.0,39220.0
28270,1901579,1940720.0,1940845.0,39141.0
28252,1899758,1938477.0,1940889.0,38719.0
28272,1901852,1940845.0,1940960.0,38993.0
28279,1902388,1940889.0,1941038.0,38501.0
28269,1901478,1940618.0,1941259.0,39140.0
28281,1902697,1940889.0,1941566.0,38192.0
28277,1902175,1940889.0,1943298.0,38714.0
28284,1903067,1943298.0,1943386.0,40231.0
28286,1903206,1943386.0,1943782.0,40180.0
28288,1903381,1943782.0,1943787.0,40401.0
28287,1903354,1943782.0,1943804.0,40428.0
28290,1903459,1943782.0,1943926.0,40323.0
28289,1903434,1943782.0,1943945.0,40348.0
28282,1902747,1940960.0,1944279.0,38213.0
28307,1905522,1944279.0,1944350.0,38757.0
28297,1903864,1943782.0,1944434.0,39918.0
28301,1904764,1944279.0,1944948.0,39515.0
28296,1903747,1943782.0,1945421.0,40035.0
28250,1899436,1942717.0,1946021.0,43281.0
28283,1902932,1946059.0,1946135.0,43127.0
28311,1906052,1946135.0,1946145.0,40083.0
28309,1905931,1946135.0,1946153.0,40204.0
28310,1906012,1946135.0,1946159.0,40123.0
28312,1906076,1946159.0,1949524.0,40083.0
28308,1905682,1950221.0,1950442.0,44539.0
28318,1906650,1950442.0,1950644.0,43792.0
28323,1906964,1950442.0,1950658.0,43478.0
28325,1907209,1950442.0,1950734.0,43233.0
28324,1907042,1950442.0,1950929.0,43400.0
28329,1907675,1950929.0,1950978.0,43254.0
28328,1907563,1950929.0,1950989.0,43366.0
28299,1904589,1948745.0,1951192.0,44156.0
28335,1908127,1951192.0,1951224.0,43065.0
28320,1906700,1950442.0,1951286.0,43742.0
28343,1908703,1951224.0,1951329.0,42521.0
28346,1908962,1951329.0,1951430.0,42367.0
28327,1907546,1950929.0,1951451.0,43383.0
28351,1909266,1951451.0,1951462.0,42185.0
28349,1909207,1951451.0,1951467.0,42244.0
28350,1909224,1951451.0,1951472.0,42227.0
28352,1909347,1951451.0,1951529.0,42104.0
28348,1909189,1951430.0,1951533.0,42241.0
28334,1908084,1951192.0,1952594.0,43108.0
28356,1909501,1952594.0,1953450.0,43093.0
28362,1910001,1953450.0,1953475.0,43449.0
28365,1910259,1953450.0,1953498.0,43191.0
28357,1909541,1953450.0,1953566.0,43909.0
28355,1909495,1951533.0,1953950.0,42038.0
28353,1909455,1951529.0,1954873.0,42074.0
28370,1911202,1954873.0,1954896.0,43671.0
28368,1910808,1954873.0,1954906.0,44065.0
28380,1911733,1954873.0,1954910.0,43140.0
28383,1911932,1954906.0,1954924.0,42974.0
28375,1911580,1954873.0,1954926.0,43293.0
28378,1911683,1954873.0,1954926.0,43190.0
28389,1912255,1954926.0,1954997.0,42671.0
28374,1911554,1954873.0,1955003.0,43319.0
28388,1912241,1954926.0,1955009.0,42685.0
28387,1912234,1954924.0,1955012.0,42690.0
28386,1912226,1954924.0,1955016.0,42698.0
28377,1911638,1954873.0,1955039.0,43235.0
28376,1911613,1954873.0,1955062.0,43260.0
28382,1911891,1954896.0,1955062.0,43005.0
28313,1906087,1949524.0,1955118.0,43437.0
28384,1912066,1954910.0,1955212.0,42844.0
28336,1908149,1955242.0,1955328.0,47093.0
28330,1907676,1955242.0,1955385.0,47566.0
28332,1907749,1955242.0,1955468.0,47493.0
28344,1908750,1955242.0,1955509.0,46492.0
28339,1908343,1955242.0,1955553.0,46899.0
28395,1913012,1955553.0,1955592.0,42541.0
28345,1908828,1955242.0,1955696.0,46414.0
28401,1913461,1955696.0,1955700.0,42235.0
28400,1913271,1955592.0,1955719.0,42321.0
28402,1913528,1955700.0,1955804.0,42172.0
28403,1913667,1955804.0,1955845.0,42137.0
28405,1913995,1955845.0,1955848.0,41850.0
28407,1914041,1955845.0,1955849.0,41804.0
28406,1914022,1955845.0,1955874.0,41823.0
28404,1913922,1955845.0,1955956.0,41923.0
28408,1914051,1955956.0,1955964.0,41905.0
28410,1914108,1955964.0,1955968.0,41856.0
28409,1914068,1955964.0,1955992.0,41896.0
28314,1906133,1950442.0,1955998.0,44309.0
28414,1914413,1955998.0,1956013.0,41585.0
28411,1914129,1955964.0,1956017.0,41835.0
28413,1914316,1955998.0,1956020.0,41682.0
28412,1914159,1955992.0,1956039.0,41833.0
28415,1914633,1956013.0,1956044.0,41380.0
28417,1914826,1956044.0,1956227.0,41218.0
28419,1915045,1956227.0,1956260.0,41182.0
28421,1915197,1956227.0,1956323.0,41030.0
28418,1914992,1956227.0,1956329.0,41235.0
28422,1915229,1956329.0,1956352.0,41100.0
28331,1907748,1955242.0,1956366.0,47494.0
28423,1915375,1956352.0,1956646.0,40977.0
28426,1915614,1956646.0,1956659.0,41032.0
28424,1915537,1956646.0,1956692.0,41109.0
28358,1909696,1953450.0,1957742.0,43754.0
28381,1911821,1958750.0,1958770.0,46929.0
28391,1912331,1955118.0,1959934.0,42787.0
28366,1910443,1956333.0,1960058.0,45890.0
28430,1915852,1960058.0,1960103.0,44206.0
28434,1916135,1960058.0,1960108.0,43923.0
28429,1915794,1960058.0,1960157.0,44264.0
28440,1916784,1960157.0,1960252.0,43373.0
28441,1917068,1960157.0,1960264.0,43089.0
28442,1917088,1960252.0,1960299.0,43164.0
28427,1915687,1961166.0,1961266.0,45479.0
28443,1917120,1961266.0,1961319.0,44146.0
28428,1915792,1961446.0,1961486.0,45654.0
28390,1912299,1956918.0,1961765.0,44619.0
28393,1912803,1959918.0,1963242.0,47115.0
28448,1917312,1963242.0,1963290.0,45930.0
28438,1916360,1963570.0,1963610.0,47210.0
28436,1916237,1963570.0,1966058.0,47333.0
28449,1917361,1966058.0,1966070.0,48697.0
28450,1917381,1966070.0,1966078.0,48689.0
28451,1917412,1966078.0,1966080.0,48666.0
28444,1917137,1966119.0,1966158.0,48982.0
28458,1917769,1966158.0,1966175.0,48389.0
28457,1917755,1966158.0,1966202.0,48403.0
28445,1917184,1966565.0,1966578.0,49381.0
28468,1918491,1966578.0,1966591.0,48087.0
28447,1917279,1966565.0,1966596.0,49286.0
28465,1918109,1966578.0,1966596.0,48469.0
28464,1918020,1966578.0,1966607.0,48558.0
28469,1918588,1966578.0,1966631.0,47990.0
28471,1918609,1966596.0,1966644.0,47987.0
28463,1918010,1966578.0,1966656.0,48568.0
28466,1918287,1966578.0,1966680.0,48291.0
28470,1918605,1966591.0,1966723.0,47986.0
28472,1918735,1966656.0,1966765.0,47921.0
28474,1918822,1966765.0,1966799.0,47943.0
28473,1918757,1966680.0,1966802.0,47923.0
28476,1918853,1966799.0,1966979.0,47946.0
28478,1919036,1966979.0,1967088.0,47943.0
28477,1918869,1966979.0,1967189.0,48110.0
28453,1917544,1966080.0,1967385.0,48536.0
28485,1919508,1967385.0,1967651.0,47877.0
28488,1919939,1967651.0,1967684.0,47712.0
28486,1919812,1967651.0,1967685.0,47839.0
28489,1920029,1967685.0,1967796.0,47656.0
28492,1920303,1967796.0,1967817.0,47493.0
28491,1920156,1967796.0,1967931.0,47640.0
28479,1919041,1967189.0,1968170.0,48148.0
28494,1920363,1968170.0,1968192.0,47807.0
28496,1920463,1968170.0,1968209.0,47707.0
28452,1917469,1968410.0,1968447.0,50941.0
28461,1917958,1966202.0,1969058.0,48244.0
28500,1920820,1969058.0,1969295.0,48238.0
28505,1921393,1969295.0,1969335.0,47902.0
28462,1917996,1966578.0,1969400.0,48582.0
28493,1920354,1967931.0,1969516.0,47577.0
28515,1924258,1969516.0,1969589.0,45258.0
28507,1921669,1969335.0,1969653.0,47666.0
28517,1925116,1969653.0,1969656.0,44537.0
28518,1925242,1969653.0,1969656.0,44411.0
28519,1925369,1969656.0,1969659.0,44287.0
28520,1925495,1969656.0,1969660.0,44161.0
28521,1925622,1969659.0,1969662.0,44037.0
28522,1925751,1969660.0,1969663.0,43909.0
28525,1926247,1969662.0,1969665.0,43415.0
28526,1926577,1969662.0,1969665.0,43085.0
28528,1928753,1969662.0,1969665.0,40909.0
28516,1924453,1969589.0,1971263.0,45136.0
28490,1920113,1971779.0,1971837.0,51666.0
28499,1920809,1968209.0,1971929.0,47400.0
28501,1920837,1973247.0,1973304.0,52410.0
28529,1928757,1976729.0,1976773.0,47972.0
28532,1931781,1976773.0,1976792.0,44992.0
28533,1931811,1976773.0,1976894.0,44962.0
28534,1931814,1976894.0,1976982.0,45080.0
28530,1928807,1976773.0,1977370.0,47966.0
28535,1931937,1981782.0,1981831.0,49845.0
28536,1931989,1981831.0,1981956.0,49842.0
28537,1932114,1981831.0,1982003.0,49717.0
28538,1932285,1981956.0,1982204.0,49671.0
28540,1932537,1982204.0,1982289.0,49667.0
28541,1932625,1982289.0,1982388.0,49664.0
28542,1932727,1982388.0,1982534.0,49661.0
28543,1932876,1982534.0,1982712.0,49658.0
28544,1933058,1982712.0,1982951.0,49654.0
28545,1933300,1982951.0,1992659.0,49651.0
28546,1943012,1992659.0,1994198.0,49647.0
28553,1945157,1994198.0,1994205.0,49041.0
28555,1945401,1994198.0,1994246.0,48797.0
28552,1944854,1992659.0,2001740.0,47805.0
28628,1953943,2003540.0,2013323.0,49597.0
28629,1963729,2013323.0,2013379.0,49594.0
28636,1964308,2013379.0,2013411.0,49071.0
28638,1964405,2013379.0,2013732.0,48974.0
28645,1964961,2018211.0,2018277.0,53250.0
28673,1967442,2018277.0,2018291.0,50835.0
28672,1967398,2018277.0,2018293.0,50879.0
28671,1967306,2018277.0,2018300.0,50971.0
28669,1967171,2018277.0,2018301.0,51106.0
28667,1967003,2018277.0,2018302.0,51274.0
28676,1967566,2018277.0,2018304.0,50711.0
28679,1967663,2018277.0,2018319.0,50614.0
28677,1967571,2018277.0,2018330.0,50706.0
28680,1967664,2018277.0,2018340.0,50613.0
28684,1967809,2018302.0,2018360.0,50493.0
28683,1967750,2018277.0,2018361.0,50527.0
28689,1967966,2018361.0,2018403.0,50395.0
28687,1967913,2018360.0,2018411.0,50447.0
28691,1968125,2018403.0,2018436.0,50278.0
28690,1968017,2018403.0,2018449.0,50386.0
28703,1969220,2018436.0,2018458.0,49216.0
28713,1969673,2018449.0,2018464.0,48776.0
28710,1969443,2018436.0,2018475.0,48993.0
28712,1969586,2018449.0,2018480.0,48863.0
28706,1969309,2018436.0,2018482.0,49127.0
28695,1968344,2018436.0,2018483.0,50092.0
28714,1969720,2018449.0,2018490.0,48729.0
28693,1968225,2018436.0,2018492.0,50211.0
28652,1965606,2018277.0,2018568.0,52671.0
28726,1970887,2018568.0,2018589.0,47681.0
28723,1970607,2018490.0,2018603.0,47883.0
28736,1971691,2018603.0,2018614.0,46912.0
28733,1971411,2018603.0,2018618.0,47192.0
28715,1969781,2018449.0,2018624.0,48668.0
28738,1971885,2018603.0,2018650.0,46718.0
28735,1971512,2018603.0,2018674.0,47091.0
28730,1971083,2018589.0,2018683.0,47506.0
28692,1968212,2018411.0,2018716.0,50199.0
28748,1975185,2018716.0,2018737.0,43531.0
28749,1975351,2018716.0,2018737.0,43365.0
28744,1974955,2018683.0,2018738.0,43728.0
28731,1971298,2018603.0,2018744.0,47305.0
28753,1975629,2018738.0,2018747.0,43109.0
28754,1975689,2018738.0,2018764.0,43049.0
28761,1976135,2018744.0,2018765.0,42609.0
28763,1976213,2018744.0,2018770.0,42531.0
28746,1975120,2018716.0,2018774.0,43596.0
28742,1974804,2018683.0,2018775.0,43879.0
28762,1976182,2018744.0,2018798.0,42562.0
28661,1966589,2018277.0,2018910.0,51688.0
28765,1976343,2018774.0,2018938.0,42431.0
28737,1971736,2018603.0,2018955.0,46867.0
28747,1975129,2018716.0,2018969.0,43587.0
28769,1976498,2018969.0,2018990.0,42471.0
28767,1976439,2018938.0,2019015.0,42499.0
28768,1976446,2018969.0,2019083.0,42523.0
28766,1976414,2018938.0,2019185.0,42524.0
28756,1975745,2018738.0,2019234.0,42993.0
28771,1976522,2019185.0,2019260.0,42663.0
28773,1976579,2019234.0,2019282.0,42655.0
28777,1976727,2019282.0,2019326.0,42555.0
28778,1976809,2019326.0,2019354.0,42517.0
28779,1976974,2019354.0,2019416.0,42380.0
28780,1976986,2019416.0,2019429.0,42430.0
28781,1977110,2019416.0,2019450.0,42306.0
28784,1977556,2019429.0,2019451.0,41873.0
28785,1977564,2019451.0,2019487.0,41887.0
28775,1976681,2019260.0,2019488.0,42579.0
28790,1977801,2019487.0,2019508.0,41686.0
28794,1977935,2019488.0,2019514.0,41553.0
28795,1977975,2019514.0,2019541.0,41539.0
28793,1977929,2019487.0,2019555.0,41558.0
28796,1978044,2019541.0,2019583.0,41497.0
28798,1978205,2019555.0,2019602.0,41350.0
28800,1978645,2019583.0,2019615.0,40938.0
28802,1978889,2019615.0,2019783.0,40726.0
28776,1976690,2019282.0,2019888.0,42592.0
28803,1978901,2019783.0,2020149.0,40882.0
28740,1972561,2018683.0,2021140.0,46122.0
28804,1978951,2021140.0,2021462.0,42189.0
28806,1979190,2021462.0,2021625.0,42272.0
28745,1975020,2018716.0,2022439.0,43696.0
28815,1979616,2022439.0,2022470.0,42823.0
28817,1979993,2022470.0,2022504.0,42477.0
28818,1980108,2022504.0,2022508.0,42396.0
28819,1980124,2022508.0,2022517.0,42384.0
28821,1980228,2022517.0,2022600.0,42289.0
28810,1979311,2022439.0,2022823.0,43128.0
28822,1980234,2022600.0,2022882.0,42366.0
28823,1980269,2022823.0,2022923.0,42554.0
28752,1975462,2023160.0,2023181.0,47698.0
28824,1980574,2022882.0,2023313.0,42308.0
28751,1975436,2023160.0,2023762.0,47724.0
28834,1981648,2023762.0,2023769.0,42114.0
28837,1982027,2023769.0,2023777.0,41742.0
28828,1980820,2023762.0,2023786.0,42942.0
28826,1980659,2023313.0,2024267.0,42654.0
28772,1976563,2019185.0,2024710.0,42622.0
28770,1976517,2019185.0,2024754.0,42668.0
28805,1979107,2024949.0,2024995.0,45842.0
28816,1979736,2024949.0,2025190.0,45213.0
28809,1979303,2021625.0,2025259.0,42322.0
28842,1982521,2025259.0,2025376.0,42738.0
28841,1982511,2025259.0,2025525.0,42748.0
28843,1982599,2025525.0,2025577.0,42926.0
28844,1982692,2025577.0,2025856.0,42885.0
28811,1979378,2022439.0,2026302.0,43061.0
28675,1967505,2018277.0,2027910.0,50772.0
28829,1981021,2023762.0,2028020.0,42741.0
28836,1981794,2027981.0,2028315.0,46187.0
28825,1980624,2027723.0,2028395.0,47099.0
28838,1982107,2029067.0,2029133.0,46960.0
28739,1972367,2018603.0,2029137.0,46236.0
28851,1982988,2029133.0,2029162.0,46145.0
28849,1982870,2029133.0,2029283.0,46263.0
28839,1982189,2029554.0,2029599.0,47365.0
28845,1982744,2025856.0,2030492.0,43112.0
28855,1983161,2030492.0,2030915.0,47331.0
28867,1983655,2030915.0,2030922.0,47260.0
28868,1983681,2030915.0,2030923.0,47234.0
28870,1983703,2030915.0,2030928.0,47212.0
28869,1983696,2030915.0,2030937.0,47219.0
28871,1983723,2030915.0,2031012.0,47192.0
28872,1983753,2030915.0,2031028.0,47162.0
28866,1983653,2030915.0,2031134.0,47262.0
28875,1984088,2030937.0,2031400.0,46849.0
28846,1982785,2032710.0,2032767.0,49925.0
28877,1984226,2032767.0,2032791.0,48541.0
28852,1983031,2032820.0,2032856.0,49789.0
28879,1984301,2032767.0,2032863.0,48466.0
28878,1984291,2032767.0,2032881.0,48476.0
28854,1983095,2029599.0,2033009.0,46504.0
28860,1983438,2034399.0,2034495.0,50961.0
28873,1983904,2034399.0,2034501.0,50495.0
28858,1983373,2034399.0,2034506.0,51026.0
28862,1983527,2034399.0,2034519.0,50872.0
28883,1984668,2034501.0,2034603.0,49833.0
28847,1982796,2031102.0,2035687.0,48306.0
28853,1983089,2034083.0,2035845.0,50994.0
28864,1983574,2034399.0,2036242.0,50825.0
28876,1984168,2036200.0,2036269.0,52032.0
28896,1986243,2036269.0,2036361.0,50026.0
28897,1986420,2036269.0,2036362.0,49849.0
28906,1987169,2036362.0,2036385.0,49193.0
28909,1987237,2036362.0,2036393.0,49125.0
28899,1986607,2036362.0,2036451.0,49755.0
28904,1987062,2036362.0,2036463.0,49300.0
28908,1987215,2036362.0,2036465.0,49147.0
28900,1986816,2036362.0,2036473.0,49546.0
28910,1987335,2036451.0,2036563.0,49116.0
28881,1984610,2034501.0,2037694.0,49891.0
28884,1984886,2035845.0,2038336.0,50959.0
28912,1987404,2038336.0,2038404.0,50932.0
28898,1986508,2036361.0,2038438.0,49853.0
28891,1985348,2039306.0,2039377.0,53958.0
28895,1986036,2039301.0,2039385.0,53265.0
28889,1985324,2039306.0,2039398.0,53982.0
28915,1987619,2039377.0,2039443.0,51758.0
28893,1985803,2039403.0,2039500.0,53600.0
28880,1984539,2037809.0,2040773.0,53270.0
28913,1987479,2038404.0,2041828.0,50925.0
28911,1987388,2041363.0,2041901.0,53975.0
28919,1987955,2041828.0,2042196.0,53873.0
28892,1985421,2039319.0,2042476.0,53898.0
28914,1987537,2042494.0,2042597.0,54957.0
28921,1988338,2042196.0,2042805.0,53858.0
28923,1988415,2042805.0,2042946.0,54390.0
28918,1987869,2044198.0,2044249.0,56329.0
28916,1987696,2044198.0,2044465.0,56502.0
28920,1987979,2044198.0,2044521.0,56219.0
28927,1988799,2044605.0,2044640.0,55806.0
28924,1988528,2044605.0,2044652.0,56077.0
28925,1988742,2045573.0,2045604.0,56831.0
28929,1988848,2042946.0,2045674.0,54098.0
28931,1988966,2044465.0,2045711.0,55499.0
28957,1991366,2045711.0,2045740.0,54345.0
28958,1991483,2045711.0,2045750.0,54228.0
28933,1989042,2044465.0,2046064.0,55423.0
28943,1990294,2046321.0,2046348.0,56027.0
28945,1990471,2046321.0,2046348.0,55850.0
28940,1990168,2046265.0,2046374.0,56097.0
28949,1990802,2046321.0,2046431.0,55519.0
28941,1990238,2046265.0,2046434.0,56027.0
28963,1991642,2046434.0,2046485.0,54792.0
28960,1991587,2045750.0,2046964.0,54163.0
28972,1992662,2046964.0,2047005.0,54302.0
28965,1991750,2046964.0,2047009.0,55214.0
28964,1991659,2046964.0,2047029.0,55305.0
28942,1990248,2044521.0,2047051.0,54273.0
28936,1989504,2046701.0,2047101.0,57197.0
28975,1992864,2047051.0,2047113.0,54187.0
28976,1992877,2047051.0,2047123.0,54174.0
28938,1989950,2047276.0,2047305.0,57326.0
28980,1993087,2047305.0,2047330.0,54218.0
28982,1993442,2047305.0,2047335.0,53863.0
28979,1992984,2047305.0,2047377.0,54321.0
28983,1993638,2047330.0,2047381.0,53692.0
28939,1989993,2047397.0,2047401.0,57404.0
28984,1993737,2047377.0,2047425.0,53640.0
28987,1994104,2047401.0,2047485.0,53297.0
28956,1991306,2047474.0,2047511.0,56168.0
28986,1994084,2047377.0,2047515.0,53293.0
28961,1991615,2047550.0,2047614.0,55935.0
28973,1992783,2047029.0,2048234.0,54246.0
28951,1990915,2045674.0,2049043.0,54759.0
28952,1990929,2049452.0,2049484.0,58523.0
28955,1991006,2049452.0,2049574.0,58446.0
28978,1992920,2047113.0,2049617.0,54193.0
28993,1994310,2049617.0,2049743.0,55307.0
28954,1991001,2049452.0,2050465.0,58451.0
28991,1994291,2049043.0,2050693.0,54752.0
29004,1994848,2050693.0,2050709.0,55845.0
29008,1995150,2050693.0,2050750.0,55543.0
29007,1994969,2050693.0,2050753.0,55724.0
29003,1994775,2050693.0,2050755.0,55918.0
29005,1994868,2050693.0,2050784.0,55825.0
29006,1994889,2050693.0,2051006.0,55804.0
28995,1994377,2049617.0,2051482.0,55240.0
28962,1991640,2050864.0,2052026.0,59224.0
28997,1994490,2052225.0,2052298.0,57735.0
28988,1994138,2052225.0,2052311.0,58087.0
29000,1994566,2052285.0,2052327.0,57719.0
29002,1994581,2052311.0,2052354.0,57730.0
28999,1994535,2052315.0,2052388.0,57780.0
29011,1995499,2052584.0,2052612.0,57085.0
28974,1992860,2051285.0,2052713.0,58425.0
28977,1992917,2047051.0,2052932.0,54134.0
29013,1995556,2051482.0,2053087.0,55926.0
29015,1995818,2052311.0,2054908.0,56493.0
29010,1995429,2055265.0,2055642.0,59836.0
28992,1994296,2053034.0,2056399.0,58738.0
29046,1998330,2056399.0,2056417.0,58069.0
29036,1997784,2056399.0,2056420.0,58615.0
29050,1998596,2056399.0,2056423.0,57803.0
29042,1998049,2056399.0,2056424.0,58350.0
29034,1997546,2056399.0,2056436.0,58853.0
29048,1998458,2056399.0,2056437.0,57941.0
29038,1997885,2056399.0,2056461.0,58514.0
29045,1998167,2056399.0,2056471.0,58232.0
29054,1998807,2056461.0,2056482.0,57654.0
29053,1998730,2056437.0,2056524.0,57707.0
29049,1998594,2056399.0,2056528.0,57805.0
29055,1998858,2056471.0,2056541.0,57613.0
29043,1998078,2056399.0,2056550.0,58321.0
29056,1999059,2056524.0,2056578.0,57465.0
29040,1997948,2056399.0,2056597.0,58451.0
29057,1999140,2056528.0,2056600.0,57388.0
29044,1998101,2056399.0,2056602.0,58298.0
29059,1999350,2056597.0,2056630.0,57247.0
29069,1999830,2056630.0,2056645.0,56800.0
29065,1999632,2056630.0,2056649.0,56998.0
29071,1999999,2056630.0,2056661.0,56631.0
29070,1999944,2056630.0,2056673.0,56686.0
29060,1999519,2056597.0,2056675.0,57078.0
29032,1997257,2056399.0,2056695.0,59142.0
29062,1999569,2056630.0,2056728.0,57061.0
29072,2000020,2056695.0,2056736.0,56675.0
29052,1998659,2056420.0,2056738.0,57761.0
29063,1999592,2056630.0,2056759.0,57038.0
29076,2000244,2056736.0,2056776.0,56492.0
29081,2000442,2056776.0,2056783.0,56334.0
29075,2000194,2056728.0,2056789.0,56534.0
29082,2000456,2056783.0,2056802.0,56327.0
29078,2000287,2056738.0,2056813.0,56451.0
29079,2000331,2056759.0,2056818.0,56428.0
29084,2000561,2056802.0,2056819.0,56241.0
29080,2000415,2056776.0,2056825.0,56361.0
29083,2000486,2056789.0,2056863.0,56303.0
29012,1995532,2055806.0,2057435.0,60274.0
29089,2001408,2057435.0,2057444.0,56027.0
29029,1997135,2057442.0,2057466.0,60307.0
29025,1996670,2057442.0,2057507.0,60772.0
29026,1996857,2057442.0,2057507.0,60585.0
29027,1996936,2057513.0,2057575.0,60577.0
29030,1997164,2057442.0,2057592.0,60278.0
29016,1995957,2057732.0,2057800.0,61775.0
29024,1996543,2057887.0,2057928.0,61344.0
29090,2001497,2057800.0,2057946.0,56303.0
29021,1996308,2057887.0,2057964.0,61579.0
29031,1997185,2057442.0,2058333.0,60257.0
29051,1998637,2058199.0,2058351.0,59562.0
29017,1996054,2059708.0,2059728.0,63654.0
29092,2001670,2057946.0,2061589.0,56276.0
29114,2005223,2061589.0,2061605.0,56366.0
29110,2004745,2061589.0,2061606.0,56844.0
29113,2005065,2061589.0,2061643.0,56524.0
29115,2005532,2061589.0,2061643.0,56057.0
29112,2004787,2061589.0,2061689.0,56802.0
29111,2004766,2061589.0,2061708.0,56823.0
29097,2003576,2059728.0,2062189.0,56152.0
29091,2001515,2062244.0,2062372.0,60729.0
29117,2005590,2062372.0,2062413.0,56782.0
29106,2004355,2062392.0,2062421.0,58037.0
29098,2003794,2062764.0,2062768.0,58970.0
29100,2004146,2062764.0,2062780.0,58618.0
29107,2004421,2063133.0,2063136.0,58712.0
29109,2004704,2063151.0,2063156.0,58447.0
29108,2004684,2063133.0,2063176.0,58449.0
29103,2004299,2063151.0,2063181.0,58852.0
29105,2004333,2063151.0,2063189.0,58818.0
29102,2004237,2063151.0,2063201.0,58914.0
29086,2001141,2061663.0,2064096.0,60522.0
29093,2001703,2062375.0,2065986.0,60672.0
29116,2005557,2066508.0,2066707.0,60951.0
29123,2006140,2066707.0,2066729.0,60567.0
29120,2005967,2066707.0,2066737.0,60740.0
29122,2006074,2066707.0,2066756.0,60633.0
29126,2006687,2066707.0,2066772.0,60020.0
29119,2005868,2066707.0,2066776.0,60839.0
29127,2007114,2066729.0,2066797.0,59615.0
29125,2006189,2066707.0,2067079.0,60518.0
29124,2006167,2066707.0,2067100.0,60540.0
29121,2006038,2066707.0,2069152.0,60669.0
29131,2007382,2069152.0,2069167.0,61770.0
29130,2007287,2069152.0,2069191.0,61865.0
29132,2007558,2069152.0,2069203.0,61594.0
29133,2008184,2069152.0,2069218.0,60968.0
29129,2007247,2069152.0,2069221.0,61905.0
29134,2008357,2069191.0,2069256.0,60834.0
29118,2005804,2068896.0,2070066.0,63092.0
29137,2008600,2070066.0,2070081.0,61466.0
29138,2008670,2070066.0,2070085.0,61396.0
29142,2008766,2070066.0,2070086.0,61300.0
29136,2008535,2070066.0,2070088.0,61531.0
29141,2008720,2070066.0,2070088.0,61346.0
29139,2008672,2070066.0,2070132.0,61394.0
29140,2008703,2070066.0,2070134.0,61363.0
29143,2008834,2070134.0,2070292.0,61300.0
29151,2009801,2070292.0,2070308.0,60491.0
29152,2009955,2070292.0,2070312.0,60337.0
29145,2009282,2070292.0,2070322.0,61010.0
29150,2009703,2070292.0,2070322.0,60589.0
29146,2009310,2070292.0,2070350.0,60982.0
29147,2009369,2070292.0,2070356.0,60923.0
29153,2009995,2070292.0,2070360.0,60297.0
29149,2009595,2070292.0,2070361.0,60697.0
29159,2010705,2070356.0,2070365.0,59651.0
29156,2010547,2070350.0,2070368.0,59803.0
29157,2010627,2070356.0,2070384.0,59729.0
29155,2010470,2070350.0,2070386.0,59880.0
29158,2010639,2070356.0,2070394.0,59717.0
29161,2010779,2070360.0,2070397.0,59581.0
29160,2010716,2070360.0,2070438.0,59644.0
29148,2009548,2070292.0,2071368.0,60744.0
29135,2008488,2069256.0,2071676.0,60768.0
29166,2011825,2071676.0,2071688.0,59851.0
29168,2012212,2071676.0,2071691.0,59464.0
29165,2011628,2071676.0,2071696.0,60048.0
29170,2012510,2071676.0,2071697.0,59166.0
29172,2012845,2071676.0,2071697.0,58831.0
29163,2011019,2071676.0,2071918.0,60657.0
29154,2010446,2070350.0,2073705.0,59904.0
29128,2007126,2071597.0,2074910.0,64471.0
29173,2012957,2075161.0,2075181.0,62204.0
29164,2011225,2075161.0,2075189.0,63936.0
29179,2013366,2075238.0,2075258.0,61872.0
29178,2013330,2075238.0,2075363.0,61908.0
29174,2013148,2075238.0,2075396.0,62090.0
29183,2013802,2074910.0,2078210.0,61108.0
29193,2015816,2078210.0,2078226.0,62394.0
29144,2009019,2070292.0,2078377.0,61273.0
29162,2010918,2076168.0,2078589.0,65250.0
29181,2013427,2076718.0,2079103.0,63291.0
29191,2015295,2080010.0,2080431.0,64715.0
29195,2016226,2080196.0,2080707.0,63970.0
29211,2018489,2080707.0,2080726.0,62218.0
29210,2018265,2080707.0,2080883.0,62442.0
29203,2017108,2080431.0,2082203.0,63323.0
29201,2016860,2083389.0,2085403.0,66529.0
29213,2018883,2087203.0,2088529.0,68320.0
29214,2020218,2088529.0,2088615.0,68311.0
29225,2022299,2088615.0,2088634.0,66316.0
29217,2021256,2088615.0,2089120.0,67359.0
29226,2022327,2088634.0,2089127.0,66307.0
29228,2022836,2089120.0,2089494.0,66284.0
29234,2023235,2093927.0,2094631.0,70692.0
29253,2027498,2094631.0,2094641.0,67133.0
29261,2028961,2094631.0,2094644.0,65670.0
29263,2030000,2094631.0,2094644.0,64631.0
29249,2026526,2094631.0,2094647.0,68105.0
29243,2025542,2094631.0,2094648.0,69089.0
29266,2030279,2094631.0,2094661.0,64352.0
29260,2028002,2094631.0,2094683.0,66629.0
29264,2030097,2094631.0,2094694.0,64534.0
29271,2032730,2094631.0,2094699.0,61901.0
29262,2029427,2094631.0,2094742.0,65204.0
29270,2032518,2094631.0,2094816.0,62113.0
29273,2032962,2094644.0,2094846.0,61682.0
29265,2030194,2094631.0,2094934.0,64437.0
29254,2027522,2094631.0,2094947.0,67109.0
29281,2034253,2094694.0,2095523.0,60441.0
29274,2033239,2094661.0,2095552.0,61422.0
29267,2030508,2094631.0,2096543.0,64123.0
29345,2048035,2100352.0,2100392.0,52317.0
29346,2048087,2100392.0,2100406.0,52305.0
29347,2048111,2100406.0,2100460.0,52295.0
29348,2048245,2100460.0,2100554.0,52215.0
29351,2048493,2100554.0,2100642.0,52061.0
29352,2048690,2100642.0,2100724.0,51952.0
29353,2048885,2100724.0,2100816.0,51839.0
29355,2049091,2100816.0,2100818.0,51725.0
29356,2049122,2100818.0,2100905.0,51696.0
29357,2049304,2100905.0,2101301.0,51601.0
29358,2049718,2101301.0,2101641.0,51583.0
29360,2050644,2101641.0,2101647.0,50997.0
29361,2050676,2101647.0,2101956.0,50971.0
29368,2051966,2101956.0,2101969.0,49990.0
29369,2052035,2101956.0,2101969.0,49921.0
29371,2052356,2101969.0,2102359.0,49613.0
29372,2052754,2102359.0,2102566.0,49605.0
29373,2052977,2102566.0,2102700.0,49589.0
29374,2053642,2102700.0,2103162.0,49058.0
29375,2054430,2103162.0,2103724.0,48732.0
29376,2055076,2103724.0,2104439.0,48648.0
29377,2056123,2104439.0,2104453.0,48316.0
29388,2059047,2104439.0,2104453.0,45392.0
29378,2057304,2104439.0,2104487.0,47135.0
29379,2057503,2104439.0,2104741.0,46936.0
29389,2059088,2104439.0,2104929.0,45351.0
29399,2060748,2104929.0,2104999.0,44181.0
29404,2061259,2104999.0,2105072.0,43740.0
29406,2061396,2105072.0,2105447.0,43676.0
29391,2059449,2104487.0,2106468.0,45038.0
29403,2061186,2109239.0,2109300.0,48053.0
29402,2061042,2109239.0,2109305.0,48197.0
29401,2060998,2109239.0,2109553.0,48241.0
29392,2059605,2109287.0,2109688.0,49682.0
29416,2062064,2109688.0,2109703.0,47624.0
29417,2062097,2109688.0,2109752.0,47591.0
29409,2061616,2109688.0,2109794.0,48072.0
29410,2061659,2109688.0,2109801.0,48029.0
29408,2061525,2109688.0,2109821.0,48163.0
29407,2061513,2111353.0,2111837.0,49840.0
29419,2062568,2114621.0,2115564.0,52053.0
29420,2062765,2115564.0,2115584.0,52799.0
29422,2063183,2115564.0,2118017.0,52381.0
29428,2063536,2120384.0,2121051.0,56848.0
29436,2064601,2121051.0,2121071.0,56450.0
29430,2063954,2121051.0,2121073.0,57097.0
29429,2063841,2121051.0,2121079.0,57210.0
29437,2064735,2121051.0,2121134.0,56316.0
29438,2064743,2121073.0,2121152.0,56330.0
29432,2063984,2121051.0,2121175.0,57067.0
29445,2065087,2121134.0,2121193.0,56047.0
29449,2065647,2121193.0,2121226.0,55546.0
29447,2065606,2121152.0,2121240.0,55546.0
29448,2065624,2121175.0,2121272.0,55551.0
29435,2064480,2121051.0,2123481.0,56571.0
29434,2064462,2121051.0,2123498.0,56589.0
29451,2065880,2123498.0,2123595.0,57618.0
29441,2064877,2121079.0,2123848.0,56202.0
29453,2065984,2123498.0,2124155.0,57514.0
29454,2065990,2126040.0,2126117.0,60050.0
29455,2065998,2126040.0,2126142.0,60042.0
29461,2066658,2126072.0,2126169.0,59414.0
29463,2066742,2126169.0,2126359.0,59427.0
29464,2066964,2126359.0,2126548.0,59395.0
29465,2067053,2126548.0,2126575.0,59495.0
29467,2067098,2126548.0,2126621.0,59450.0
29468,2067123,2126548.0,2126624.0,59425.0
29469,2067180,2126624.0,2126952.0,59444.0
29471,2067542,2126952.0,2126955.0,59410.0
29473,2067620,2126952.0,2126978.0,59332.0
29472,2067618,2126952.0,2126980.0,59334.0
29474,2068204,2126952.0,2127029.0,58748.0
29475,2068278,2126978.0,2127051.0,58700.0
29476,2068288,2127029.0,2127316.0,58741.0
29450,2065721,2126072.0,2127962.0,60351.0
29477,2068295,2127962.0,2128228.0,59667.0
29462,2066731,2128955.0,2128990.0,62224.0
29218,2021329,2088615.0,2130038.0,67286.0
29482,2068474,2132116.0,2132143.0,63642.0
29480,2068392,2132116.0,2132389.0,63724.0
29479,2068366,2131851.0,2132735.0,63485.0
29483,2068513,2133790.0,2133848.0,65277.0
29490,2068961,2133848.0,2133875.0,64887.0
29487,2068682,2133848.0,2134029.0,65166.0
29489,2068746,2133848.0,2134099.0,65102.0
29491,2069060,2134099.0,2134163.0,65039.0
29492,2069064,2134163.0,2134258.0,65099.0
29494,2069103,2134163.0,2134292.0,65060.0
29493,2069089,2134163.0,2137380.0,65074.0
29499,2069237,2137380.0,2137403.0,68143.0
29498,2069232,2137380.0,2137404.0,68148.0
29497,2069212,2137380.0,2137424.0,68168.0
29496,2069182,2137380.0,2137425.0,68198.0
29502,2069278,2137380.0,2137429.0,68102.0
29503,2069303,2137380.0,2137462.0,68077.0
29504,2069381,2137404.0,2137499.0,68023.0
29506,2069390,2137424.0,2137510.0,68034.0
29485,2068579,2137189.0,2137610.0,68610.0
29511,2070017,2137610.0,2137630.0,67593.0
29516,2070269,2137610.0,2137632.0,67341.0
29522,2070573,2137610.0,2137636.0,67037.0
29514,2070215,2137610.0,2137638.0,67395.0
29526,2070765,2137630.0,2137648.0,66865.0
29523,2070601,2137610.0,2137658.0,67009.0
29510,2069869,2137610.0,2137673.0,67741.0
29517,2070303,2137610.0,2137673.0,67307.0
29531,2071158,2137673.0,2137691.0,66515.0
29495,2069177,2134292.0,2137693.0,65115.0
29520,2070441,2137610.0,2137693.0,67169.0
29529,2070958,2137638.0,2137693.0,66680.0
29544,2072307,2137693.0,2137713.0,65386.0
29545,2072322,2137693.0,2137720.0,65371.0
29530,2071111,2137658.0,2137732.0,66547.0
29536,2071790,2137693.0,2137770.0,65903.0
29546,2072394,2137770.0,2137774.0,65376.0
29538,2071806,2137693.0,2137779.0,65887.0
29542,2072263,2137693.0,2137781.0,65430.0
29525,2070687,2137610.0,2137802.0,66923.0
29527,2070924,2137636.0,2137803.0,66712.0
29534,2071429,2137693.0,2137806.0,66264.0
29533,2071423,2137691.0,2137811.0,66268.0
29543,2072276,2137693.0,2137822.0,65417.0
29549,2072576,2137779.0,2137831.0,65203.0
29552,2072754,2137811.0,2137868.0,65057.0
29524,2070682,2137610.0,2137869.0,66928.0
29551,2072691,2137806.0,2137888.0,65115.0
29547,2072447,2137774.0,2138144.0,65327.0
29555,2072870,2138144.0,2138166.0,65274.0
29557,2073060,2138144.0,2138201.0,65084.0
29558,2073073,2138166.0,2138254.0,65093.0
29501,2069259,2137380.0,2138269.0,68121.0
29559,2073080,2138254.0,2138335.0,65174.0
29568,2074050,2138335.0,2138356.0,64285.0
29566,2073966,2138335.0,2138360.0,64369.0
29569,2074107,2138335.0,2138363.0,64228.0
29562,2073400,2138335.0,2138391.0,64935.0
29567,2074020,2138335.0,2138397.0,64315.0
29570,2074113,2138363.0,2138428.0,64250.0
29573,2074166,2138391.0,2138503.0,64225.0
29572,2074144,2138391.0,2138523.0,64247.0
29553,2072768,2137869.0,2139417.0,65101.0
29554,2072798,2138144.0,2139664.0,65346.0
29550,2072588,2137806.0,2139806.0,65218.0
29577,2074427,2139806.0,2139892.0,65379.0
29576,2074386,2139806.0,2140235.0,65420.0
29508,2069610,2137610.0,2140583.0,68000.0
29507,2069588,2137610.0,2140605.0,68022.0
29589,2075348,2140605.0,2140775.0,65257.0
29574,2074315,2143323.0,2143351.0,69008.0
29575,2074325,2143303.0,2144322.0,68978.0
29578,2074614,2144217.0,2144431.0,69603.0
29593,2075842,2144431.0,2144489.0,68589.0
29592,2075553,2144431.0,2144499.0,68878.0
29585,2075195,2145035.0,2145052.0,69840.0
29583,2075138,2145035.0,2145055.0,69897.0
29588,2075327,2145035.0,2145222.0,69708.0
29591,2075466,2148151.0,2148178.0,72685.0
29596,2076125,2148178.0,2148196.0,72053.0
29597,2076249,2148178.0,2148199.0,71929.0
29590,2075363,2148151.0,2148729.0,72788.0
29599,2076639,2148729.0,2148895.0,72090.0
29604,2076842,2148895.0,2149106.0,72053.0
29595,2075953,2150022.0,2150490.0,74069.0
29614,2077560,2150490.0,2150851.0,72930.0
29623,2078482,2150851.0,2151036.0,72369.0
29580,2074709,2145035.0,2152203.0,70326.0
29579,2074634,2145035.0,2152278.0,70401.0
29628,2078843,2152278.0,2152299.0,73435.0
29627,2078783,2152278.0,2152329.0,73495.0
29626,2078776,2152278.0,2152343.0,73502.0
29617,2077953,2152290.0,2152344.0,74337.0
29615,2077604,2152290.0,2152351.0,74686.0
29641,2079848,2152343.0,2152367.0,72495.0
29645,2080463,2152343.0,2152376.0,71880.0
29639,2079777,2152343.0,2152403.0,72566.0
29637,2079646,2152343.0,2152409.0,72697.0
29646,2080502,2152344.0,2152434.0,71842.0
29638,2079657,2152343.0,2152470.0,72686.0
29630,2078906,2152278.0,2152495.0,73372.0
29629,2078883,2152278.0,2152523.0,73395.0
29650,2080701,2152470.0,2152557.0,71769.0
29609,2077186,2149106.0,2152626.0,71920.0
29625,2078675,2152651.0,2152666.0,73976.0
29649,2080599,2152470.0,2152698.0,71871.0
29654,2080884,2152698.0,2152728.0,71814.0
29655,2080964,2152728.0,2152747.0,71764.0
29644,2079899,2152343.0,2152945.0,72444.0
29643,2079877,2152343.0,2152966.0,72466.0
29613,2077543,2152978.0,2152984.0,75435.0
29610,2077423,2152978.0,2153002.0,75555.0
29601,2076767,2152996.0,2153008.0,76229.0
29612,2077483,2152978.0,2153014.0,75495.0
29605,2076844,2152978.0,2153022.0,76134.0
29602,2076813,2152999.0,2153024.0,76186.0
29618,2078074,2150851.0,2153207.0,72777.0
29664,2081782,2153207.0,2153229.0,71425.0
29665,2081821,2153207.0,2153229.0,71386.0
29647,2080523,2154144.0,2154472.0,73621.0
29658,2081253,2154814.0,2154841.0,73561.0
29500,2069249,2137380.0,2155180.0,68131.0
29631,2079149,2155836.0,2155853.0,76687.0
29634,2079513,2155836.0,2155868.0,76323.0
29636,2079592,2155836.0,2155889.0,76244.0
29635,2079573,2155836.0,2155906.0,76263.0
29633,2079192,2155836.0,2156113.0,76644.0
29632,2079170,2155836.0,2156134.0,76666.0
29653,2080836,2152698.0,2156362.0,71862.0
29678,2083475,2156362.0,2156377.0,72887.0
29672,2082952,2156362.0,2156381.0,73410.0
29671,2082840,2156362.0,2156383.0,73522.0
29682,2084403,2156362.0,2156387.0,71959.0
29680,2084157,2156362.0,2156403.0,72205.0
29670,2082670,2156362.0,2156467.0,73692.0
29669,2082033,2156134.0,2156754.0,74101.0
29668,2082012,2156134.0,2156775.0,74122.0
29657,2081095,2157466.0,2157587.0,76371.0
29686,2085119,2157587.0,2157607.0,72468.0
29667,2081967,2159641.0,2159669.0,77674.0
29683,2084532,2156467.0,2160077.0,71935.0
29688,2085385,2160077.0,2160116.0,74692.0
29684,2084554,2161575.0,2161708.0,77021.0
29695,2085691,2161708.0,2161725.0,76017.0
29696,2085865,2161708.0,2161727.0,75843.0
29698,2085921,2161708.0,2161727.0,75787.0
29694,2085625,2161708.0,2161733.0,76083.0
29697,2085869,2161708.0,2161746.0,75839.0
29703,2086589,2161733.0,2161749.0,75144.0
29701,2086310,2161733.0,2161765.0,75423.0
29693,2085531,2161708.0,2161771.0,76177.0
29702,2086541,2161733.0,2161771.0,75192.0
29706,2086697,2161771.0,2161810.0,75074.0
29707,2086783,2161810.0,2161863.0,75027.0
29708,2086915,2161863.0,2161872.0,74948.0
29705,2086628,2161765.0,2161963.0,75137.0
29704,2086607,2161765.0,2161981.0,75158.0
29699,2085942,2161725.0,2161997.0,75783.0
29712,2087493,2161997.0,2162027.0,74504.0
29709,2087234,2161872.0,2162086.0,74638.0
29713,2087560,2162027.0,2162094.0,74467.0
29714,2087849,2162086.0,2162167.0,74237.0
29711,2087255,2161981.0,2162183.0,74726.0
29710,2087247,2161981.0,2162244.0,74734.0
29715,2088226,2162094.0,2162267.0,73868.0
29716,2088470,2162167.0,2162358.0,73697.0
29689,2085400,2162407.0,2162423.0,77007.0
29690,2085443,2162407.0,2162425.0,76964.0
29666,2081880,2159980.0,2163303.0,78100.0
29692,2085486,2164469.0,2164667.0,78983.0
29691,2085465,2164469.0,2164686.0,79004.0
29700,2085964,2164916.0,2165167.0,78952.0
29717,2088523,2167158.0,2167617.0,78635.0
29687,2085208,2164469.0,2167807.0,79261.0
29722,2089042,2167807.0,2168110.0,78765.0
29725,2089226,2168110.0,2168123.0,78884.0
29724,2089123,2168110.0,2168160.0,78987.0
29727,2089370,2168110.0,2168217.0,78740.0
29726,2089356,2168110.0,2168232.0,78754.0
29728,2089387,2168232.0,2168477.0,78845.0
29735,2089953,2168477.0,2168484.0,78524.0
29731,2089635,2168477.0,2168494.0,78842.0
29734,2089789,2168477.0,2168497.0,78688.0
29730,2089524,2168477.0,2168504.0,78953.0
29729,2089441,2168477.0,2168556.0,79036.0
29732,2089661,2168477.0,2168589.0,78816.0
29733,2089741,2168477.0,2168655.0,78736.0
29719,2088694,2169417.0,2169471.0,80723.0
29739,2090125,2169471.0,2169504.0,79346.0
29738,2090082,2169471.0,2169517.0,79389.0
29741,2090151,2169504.0,2169529.0,79353.0
29720,2088892,2169417.0,2169548.0,80525.0
29740,2090128,2169504.0,2169624.0,79376.0
29744,2090286,2169624.0,2169649.0,79338.0
29743,2090202,2169548.0,2169815.0,79346.0
29742,2090180,2169529.0,2169818.0,79349.0
29723,2089116,2169607.0,2169890.0,80491.0
29721,2088994,2169967.0,2170040.0,80973.0
29747,2090629,2170040.0,2170079.0,79411.0
29746,2090357,2170040.0,2170110.0,79683.0
29749,2090678,2170110.0,2170135.0,79432.0
29736,2089971,2170277.0,2170299.0,80306.0
29750,2090706,2170135.0,2170338.0,79429.0
29751,2090728,2170299.0,2170482.0,79571.0
29748,2090654,2170079.0,2170682.0,79425.0
29718,2088557,2167617.0,2170948.0,79060.0
29755,2091379,2170948.0,2170961.0,79569.0
29753,2091210,2170948.0,2170972.0,79738.0
29757,2091967,2170948.0,2170972.0,78981.0
29761,2092148,2170972.0,2170998.0,78824.0
29754,2091315,2170948.0,2171009.0,79633.0
29763,2092862,2170998.0,2171017.0,78136.0
29756,2091562,2170948.0,2171019.0,79386.0
29764,2093411,2171009.0,2171028.0,77598.0
29752,2090812,2170948.0,2171092.0,80136.0
29760,2092029,2170948.0,2171208.0,78919.0
29737,2090026,2170455.0,2174024.0,80429.0
29745,2090319,2174348.0,2174529.0,84029.0
29651,2080732,2152626.0,2175155.0,71894.0
29762,2092318,2175282.0,2175295.0,82964.0
29759,2092003,2175282.0,2175566.0,83279.0
29771,2097296,2175824.0,2175841.0,78528.0
29772,2097384,2175828.0,2175845.0,78444.0
29766,2094830,2175892.0,2175909.0,81062.0
29770,2096390,2175892.0,2175909.0,79502.0
29767,2096279,2175892.0,2175910.0,79613.0
29768,2096359,2175892.0,2175910.0,79533.0
29769,2096372,2175892.0,2175911.0,79520.0
29777,2104089,2175911.0,2175937.0,71822.0
29778,2104119,2175937.0,2175949.0,71818.0
29779,2104190,2175949.0,2175966.0,71759.0
29780,2104211,2175966.0,2176075.0,71755.0
29781,2104233,2176075.0,2176214.0,71842.0
29782,2104983,2176214.0,2176325.0,71231.0
29783,2105009,2176325.0,2176460.0,71316.0
29784,2105214,2176460.0,2176585.0,71246.0
29787,2106617,2176585.0,2176605.0,69968.0
29786,2106566,2176585.0,2176623.0,70019.0
29785,2105235,2176585.0,2176690.0,71350.0
29758,2091975,2175138.0,2177023.0,83163.0
29791,2107232,2177023.0,2177039.0,69791.0
29790,2107144,2177023.0,2177043.0,69879.0
29788,2106641,2176690.0,2177301.0,70049.0
29793,2107328,2177301.0,2177478.0,69973.0
29794,2107451,2177478.0,2177495.0,70027.0
29792,2107306,2177301.0,2177498.0,69995.0
29796,2108463,2177495.0,2177514.0,69032.0
29795,2108418,2177478.0,2177515.0,69060.0
29789,2106663,2177023.0,2177611.0,70360.0
29800,2109616,2177611.0,2177628.0,67995.0
29799,2109567,2177611.0,2177648.0,68044.0
29798,2108506,2177515.0,2177797.0,69009.0
29797,2108485,2177498.0,2177799.0,69013.0
29804,2110002,2177799.0,2177817.0,67797.0
29803,2109957,2177799.0,2177834.0,67842.0
29802,2109661,2177799.0,2177993.0,68138.0
29801,2109636,2177797.0,2178017.0,68161.0
29807,2114169,2178017.0,2178030.0,63848.0
29805,2110022,2177993.0,2178294.0,67971.0
29806,2110044,2178017.0,2178299.0,67973.0
29776,2104039,2178824.0,2178863.0,74785.0
29775,2103638,2180095.0,2180102.0,76457.0
29512,2070152,2137610.0,2181649.0,67458.0
29765,2094464,2175892.0,2185062.0,81428.0
29652,2080806,2152626.0,2186008.0,71820.0
29773,2103259,2178824.0,2189748.0,75565.0
29774,2103270,2180366.0,2191145.0,77096.0
29808,2114198,2194548.0,2194651.0,80350.0
29809,2114305,2194651.0,2204305.0,80346.0
29810,2123962,2204305.0,2204351.0,80343.0
29811,2124014,2204351.0,2204553.0,80337.0
29812,2124223,2204553.0,2211445.0,80330.0
29847,2134148,2211445.0,2211656.0,77297.0
29852,2135562,2211656.0,2211683.0,76094.0
29850,2135085,2211445.0,2211910.0,76360.0
29854,2135625,2211683.0,2214015.0,76058.0
29813,2124226,2204553.0,2215353.0,80327.0
29866,2138145,2215353.0,2215369.0,77208.0
29867,2138253,2215353.0,2215394.0,77100.0
29869,2138439,2215394.0,2215436.0,76955.0
29870,2138488,2215436.0,2215943.0,76948.0
29875,2139188,2215943.0,2216317.0,76755.0
29864,2137712,2216710.0,2216750.0,78998.0
29877,2139693,2216317.0,2217281.0,76624.0
29894,2143175,2217281.0,2217315.0,74106.0
29885,2142156,2216750.0,2220453.0,74594.0
29890,2142761,2216750.0,2220474.0,73989.0
29903,2144746,2220474.0,2220714.0,75728.0
29893,2143099,2217281.0,2220906.0,74182.0
29901,2144266,2220474.0,2220940.0,76208.0
29908,2145764,2220940.0,2221143.0,75176.0
29909,2145778,2221143.0,2221423.0,75365.0
29892,2143021,2221550.0,2221753.0,78529.0
29895,2143300,2222253.0,2222460.0,78953.0
29923,2147567,2222460.0,2222465.0,74893.0
29925,2147762,2222460.0,2222513.0,74698.0
29927,2148916,2222513.0,2222762.0,73597.0
29928,2149226,2222762.0,2222791.0,73536.0
29926,2148387,2222460.0,2222864.0,74073.0
29929,2149293,2222791.0,2222867.0,73498.0
29931,2149556,2222867.0,2222919.0,73311.0
29932,2149613,2222867.0,2222973.0,73254.0
29904,2145229,2225274.0,2225721.0,80045.0
29917,2147150,2225943.0,2225958.0,78793.0
29916,2147093,2225943.0,2226132.0,78850.0
29937,2150499,2226132.0,2226176.0,75633.0
29938,2150820,2226132.0,2226197.0,75312.0
29939,2150883,2226132.0,2226397.0,75249.0
29940,2150887,2226397.0,2226826.0,75510.0
29943,2151326,2226826.0,2226874.0,75500.0
29941,2151190,2226826.0,2226940.0,75636.0
29942,2151248,2226826.0,2227088.0,75578.0
29944,2151441,2227088.0,2227189.0,75647.0
29948,2152536,2227189.0,2227204.0,74653.0
29946,2151900,2227189.0,2227212.0,75289.0
29947,2151960,2227189.0,2227213.0,75229.0
29950,2153044,2227189.0,2227236.0,74145.0
29945,2151563,2227189.0,2227274.0,75626.0
29930,2149456,2227313.0,2227371.0,77857.0
29949,2152959,2227189.0,2227448.0,74230.0
29933,2149721,2227260.0,2227604.0,77539.0
29935,2150365,2227719.0,2227738.0,77354.0
29936,2150452,2227773.0,2227890.0,77321.0
29952,2153162,2229012.0,2229099.0,75850.0
29934,2150317,2225721.0,2229297.0,75404.0
29954,2153681,2229297.0,2229420.0,75616.0
29919,2147408,2225943.0,2229669.0,78535.0
29963,2154381,2229669.0,2229733.0,75288.0
29961,2154106,2229669.0,2229736.0,75563.0
29962,2154116,2229669.0,2229742.0,75553.0
29964,2154388,2229669.0,2229779.0,75281.0
29960,2154065,2229669.0,2229790.0,75604.0
29914,2146723,2226223.0,2229812.0,79500.0
29959,2153896,2229669.0,2229822.0,75773.0
29973,2154847,2229812.0,2229830.0,74965.0
29972,2154764,2229812.0,2229883.0,75048.0
29977,2155999,2229812.0,2229938.0,73813.0
29976,2155695,2229812.0,2229976.0,74117.0
29971,2154664,2229812.0,2229983.0,75148.0
29975,2154892,2229812.0,2230092.0,74920.0
29974,2154870,2229812.0,2230112.0,74942.0
29978,2156055,2229976.0,2230125.0,73921.0
29980,2156393,2230125.0,2230154.0,73732.0
29981,2156434,2230154.0,2230195.0,73720.0
29951,2153127,2230758.0,2230771.0,77631.0
29955,2153733,2232013.0,2232133.0,78280.0
29968,2154576,2232171.0,2232185.0,77595.0
29982,2156518,2230195.0,2232208.0,73677.0
29953,2153238,2232074.0,2232292.0,78836.0
29967,2154509,2232171.0,2232342.0,77662.0
29970,2154657,2232404.0,2232424.0,77747.0
29957,2153785,2232248.0,2232543.0,78463.0
29956,2153764,2232248.0,2232561.0,78484.0
29965,2154457,2232538.0,2232562.0,78081.0
29987,2158011,2232292.0,2232578.0,74281.0
29969,2154604,2232690.0,2232784.0,78086.0
29966,2154488,2232690.0,2232882.0,78202.0
29979,2156181,2230125.0,2233361.0,73944.0
29991,2159710,2233361.0,2233490.0,73651.0
29990,2159454,2233361.0,2233546.0,73907.0
29992,2159884,2233490.0,2233624.0,73606.0
29993,2159974,2233624.0,2233842.0,73650.0
29995,2160232,2233842.0,2233905.0,73610.0
29996,2160325,2233905.0,2233957.0,73580.0
29994,2160055,2233842.0,2233985.0,73787.0
29997,2160401,2233957.0,2234002.0,73556.0
29989,2159160,2234224.0,2234279.0,75064.0
29988,2158957,2234925.0,2235058.0,75968.0
29985,2157965,2235571.0,2235590.0,77606.0
29984,2157899,2235571.0,2235622.0,77672.0
29958,2153895,2232248.0,2235832.0,78353.0
29983,2157485,2232292.0,2235857.0,74807.0
30005,2161755,2235832.0,2235867.0,74077.0
29986,2157990,2235571.0,2235876.0,77581.0
30008,2162513,2235876.0,2235895.0,73363.0
30010,2163020,2235876.0,2235895.0,72856.0
30006,2161803,2235857.0,2235905.0,74054.0
30009,2162963,2235876.0,2235918.0,72913.0
30015,2164093,2235905.0,2235921.0,71812.0
30014,2164008,2235905.0,2235941.0,71897.0
30004,2161561,2235832.0,2235963.0,74271.0
30013,2163627,2235905.0,2235964.0,72278.0
30018,2164552,2235941.0,2235994.0,71389.0
30017,2164140,2235905.0,2236192.0,71765.0
30016,2164119,2235905.0,2236211.0,71786.0
30012,2163065,2235905.0,2236378.0,72840.0
30011,2163044,2235905.0,2236397.0,72861.0
30020,2164827,2236397.0,2236458.0,71570.0
30022,2165179,2236458.0,2236517.0,71279.0
30021,2164986,2236458.0,2236520.0,71472.0
30023,2165493,2236458.0,2236531.0,70965.0
30024,2165659,2236531.0,2236588.0,70872.0
29999,2160996,2237361.0,2237384.0,76365.0
29998,2160947,2237361.0,2237399.0,76414.0
30002,2161048,2234002.0,2237620.0,72954.0
30026,2166084,2237620.0,2237676.0,71536.0
30001,2161047,2237378.0,2238684.0,76331.0
30000,2161024,2237361.0,2238689.0,76337.0
30007,2162046,2235867.0,2239590.0,73821.0
30030,2166875,2239590.0,2239668.0,72715.0
30029,2166847,2239590.0,2239694.0,72743.0
30028,2166817,2239590.0,2239722.0,72773.0
30003,2161554,2239858.0,2239916.0,78304.0
30027,2166777,2243489.0,2243619.0,76712.0
30025,2165783,2241388.0,2243984.0,75605.0
30036,2167955,2243984.0,2244034.0,76029.0
30019,2164676,2240794.0,2244067.0,76118.0
30039,2168010,2244034.0,2244072.0,76024.0
30040,2168058,2244067.0,2244103.0,76009.0
30042,2168098,2244072.0,2244119.0,75974.0
30043,2168151,2244103.0,2244146.0,75952.0
30045,2168201,2244146.0,2244155.0,75945.0
30044,2168197,2244119.0,2244206.0,75922.0
30046,2168250,2244146.0,2244226.0,75896.0
30047,2168346,2244206.0,2244302.0,75860.0
30050,2168515,2244302.0,2244596.0,75787.0
30049,2168492,2244302.0,2244614.0,75810.0
30035,2167912,2245419.0,2245435.0,77507.0
30034,2167866,2245419.0,2245439.0,77553.0
30052,2168586,2245435.0,2245465.0,76849.0
30032,2167087,2245419.0,2245476.0,78332.0
30033,2167456,2245419.0,2245480.0,77963.0
30031,2167017,2245419.0,2245779.0,78402.0
30037,2167960,2245784.0,2245800.0,77824.0
30038,2168001,2245784.0,2245808.0,77783.0
30053,2168606,2245779.0,2245857.0,77173.0
30055,2168753,2245857.0,2245950.0,77104.0
30041,2168078,2245867.0,2245961.0,77789.0
30056,2169012,2245857.0,2246078.0,76845.0
30048,2168388,2244226.0,2247786.0,75838.0
30051,2168536,2249102.0,2249138.0,80566.0
30057,2169021,2250280.0,2250300.0,81259.0
30054,2168609,2250276.0,2250331.0,81667.0
30058,2169034,2250265.0,2250464.0,81231.0
30065,2169601,2250300.0,2250496.0,80699.0
30066,2170116,2250496.0,2250603.0,80380.0
30068,2170821,2250603.0,2250644.0,79782.0
30069,2170876,2250603.0,2250668.0,79727.0
30067,2170305,2250603.0,2250702.0,80298.0
30070,2170947,2250603.0,2250815.0,79656.0
30059,2169069,2250878.0,2250918.0,81809.0
30079,2173664,2250918.0,2250935.0,77254.0
30064,2169574,2250938.0,2250953.0,81364.0
30063,2169530,2250938.0,2250959.0,81408.0
30082,2174029,2250953.0,2250968.0,76924.0
30078,2173613,2250918.0,2250977.0,77305.0
30077,2173341,2250918.0,2251100.0,77577.0
30083,2174157,2250968.0,2251130.0,76811.0
30085,2174215,2251100.0,2251206.0,76885.0
30086,2174243,2251130.0,2251207.0,76887.0
29913,2146540,2221143.0,2251225.0,74603.0
30089,2174362,2251207.0,2251228.0,76845.0
30088,2174304,2251206.0,2251232.0,76902.0
30084,2174186,2251100.0,2251234.0,76914.0
30087,2174283,2251206.0,2251244.0,76923.0
30091,2174400,2251234.0,2251311.0,76834.0
30095,2174621,2251311.0,2251330.0,76690.0
30096,2175060,2251330.0,2251352.0,76270.0
30094,2174538,2251311.0,2251362.0,76773.0
30093,2174508,2251311.0,2251390.0,76803.0
30092,2174414,2251244.0,2251428.0,76830.0
30090,2174388,2251225.0,2251433.0,76837.0
30097,2175088,2251390.0,2251603.0,76302.0
30098,2175109,2251428.0,2251622.0,76319.0
30072,2171809,2252403.0,2252421.0,80594.0
30071,2170969,2252403.0,2252595.0,81434.0
30074,2171855,2252403.0,2252614.0,80548.0
30073,2171832,2252403.0,2252634.0,80571.0
30060,2169172,2249138.0,2252862.0,79966.0
30062,2169317,2252586.0,2252876.0,83269.0
30100,2175421,2252862.0,2252883.0,77441.0
30106,2176266,2252862.0,2252890.0,76596.0
30061,2169295,2252586.0,2252896.0,83291.0
30107,2176327,2252890.0,2252921.0,76563.0
30108,2176406,2252896.0,2252927.0,76490.0
30081,2173721,2252735.0,2252943.0,79014.0
30080,2173700,2252718.0,2252944.0,79018.0
30109,2176455,2252896.0,2253089.0,76441.0
30075,2171961,2250702.0,2253992.0,78741.0
30112,2176522,2253992.0,2254122.0,77470.0
30111,2176487,2253992.0,2254154.0,77505.0
30076,2172902,2250918.0,2254484.0,78016.0
30114,2176815,2254484.0,2254698.0,77669.0
30116,2177059,2254698.0,2254916.0,77639.0
30122,2177981,2254916.0,2254939.0,76935.0
30124,2178226,2254916.0,2254945.0,76690.0
30121,2177960,2254916.0,2254960.0,76956.0
30123,2178161,2254916.0,2254964.0,76755.0
30126,2178286,2254916.0,2255232.0,76630.0
30125,2178261,2254916.0,2255254.0,76655.0
30104,2175795,2256152.0,2256348.0,80357.0
30102,2175748,2256403.0,2256422.0,80655.0
30101,2175452,2256403.0,2256461.0,80951.0
30103,2175773,2256422.0,2256638.0,80649.0
30105,2175876,2257221.0,2257482.0,81345.0
30119,2177843,2257744.0,2257760.0,79901.0
30120,2177932,2257744.0,2257763.0,79812.0
30113,2176558,2257743.0,2257843.0,81185.0
30118,2177683,2257889.0,2257936.0,80206.0
30117,2177504,2257889.0,2257942.0,80385.0
30115,2176877,2258954.0,2259005.0,82077.0
30099,2175259,2256233.0,2259509.0,80974.0
30110,2176475,2257727.0,2261310.0,81252.0
30147,2182753,2261310.0,2261327.0,78557.0
30143,2181865,2259509.0,2262792.0,77644.0
30157,2184286,2262792.0,2262799.0,78506.0
30156,2184275,2262792.0,2262800.0,78517.0
30162,2185107,2262792.0,2262807.0,77685.0
30159,2184929,2262792.0,2262874.0,77863.0
30128,2178541,2259745.0,2263065.0,81204.0
30164,2185152,2262792.0,2263100.0,77640.0
30163,2185129,2262792.0,2263121.0,77663.0
30170,2186416,2263121.0,2263213.0,76705.0
30175,2186664,2263213.0,2263247.0,76549.0
30174,2186643,2263213.0,2263275.0,76570.0
30166,2185198,2263065.0,2264251.0,77867.0
30154,2183644,2261327.0,2264898.0,77683.0
30180,2187454,2264898.0,2264933.0,77444.0
30181,2187665,2264898.0,2264941.0,77233.0
30189,2188523,2264941.0,2264950.0,76418.0
30190,2188545,2264950.0,2265617.0,76405.0
30195,2189518,2265617.0,2265641.0,76099.0
30197,2189632,2265617.0,2265641.0,75985.0
30196,2189561,2265617.0,2265643.0,76056.0
30191,2188569,2265617.0,2265657.0,77048.0
30198,2189666,2265657.0,2265660.0,75991.0
30205,2190207,2265660.0,2265663.0,75453.0
30207,2190259,2265660.0,2265663.0,75401.0
30209,2190292,2265660.0,2265663.0,75368.0
30211,2190348,2265660.0,2265663.0,75312.0
30213,2190376,2265660.0,2265663.0,75284.0
30216,2190440,2265660.0,2265663.0,75220.0
30217,2190485,2265660.0,2265663.0,75175.0
30218,2190525,2265660.0,2265663.0,75135.0
30225,2194069,2265660.0,2265663.0,71591.0
30215,2190405,2265660.0,2265664.0,75255.0
30133,2180065,2262742.0,2266317.0,82677.0
30165,2185156,2263065.0,2266346.0,77909.0
30226,2194194,2265664.0,2269384.0,71470.0
30178,2187221,2268075.0,2269402.0,80854.0
30237,2199300,2269402.0,2269405.0,70102.0
30229,2198036,2269402.0,2269443.0,71366.0
30232,2198678,2269402.0,2269806.0,70724.0
30231,2198654,2269402.0,2269827.0,70748.0
30227,2194196,2266346.0,2277182.0,72150.0
30228,2194199,2269384.0,2280309.0,75185.0
30260,2205129,2282109.0,2291662.0,76980.0
30285,2221433,2291662.0,2295385.0,70229.0
30317,2231729,2295385.0,2295392.0,63656.0
30310,2230922,2295385.0,2295394.0,64463.0
30315,2231511,2295385.0,2295396.0,63874.0
30324,2232619,2295385.0,2295396.0,62766.0
30309,2230568,2295385.0,2295398.0,64817.0
30312,2231190,2295385.0,2295398.0,64195.0
30313,2231303,2295385.0,2295398.0,64082.0
30327,2232868,2295385.0,2295400.0,62517.0
30332,2233011,2295385.0,2295400.0,62374.0
30333,2233029,2295385.0,2295401.0,62356.0
30331,2232975,2295385.0,2295403.0,62410.0
30306,2230335,2295385.0,2295405.0,65050.0
30330,2232947,2295385.0,2295405.0,62438.0
30329,2232918,2295385.0,2295407.0,62467.0
30328,2232887,2295385.0,2295410.0,62498.0
30326,2232826,2295385.0,2295422.0,62559.0
30323,2232436,2295385.0,2295432.0,62949.0
30338,2233531,2295385.0,2295462.0,61854.0
30322,2232151,2295385.0,2295502.0,63234.0
30340,2233666,2295462.0,2295547.0,61796.0
30341,2236610,2295547.0,2295732.0,58937.0
30343,2236754,2295732.0,2295753.0,58978.0
30346,2237022,2295732.0,2295766.0,58710.0
30357,2239478,2295766.0,2295988.0,56288.0
30261,2214686,2291662.0,2302369.0,76976.0
30358,2239528,2302369.0,2302531.0,62841.0
30367,2242113,2304331.0,2304600.0,62218.0
30369,2242406,2306400.0,2306761.0,63994.0
30370,2242947,2306761.0,2307110.0,63814.0
30372,2243669,2307110.0,2307173.0,63441.0
30373,2243802,2307173.0,2307252.0,63371.0
30374,2244077,2307252.0,2307336.0,63175.0
30388,2246877,2307336.0,2307403.0,60459.0
30384,2246284,2307336.0,2307408.0,61052.0
30349,2237241,2295732.0,2310366.0,58491.0
30364,2241309,2302531.0,2311953.0,61222.0
30406,2251125,2311953.0,2312037.0,60828.0
30412,2251876,2312037.0,2312067.0,60161.0
30405,2250939,2312208.0,2312307.0,61269.0
30416,2252168,2312307.0,2312323.0,60139.0
30441,2257250,2312307.0,2312323.0,55057.0
30451,2257997,2312307.0,2312325.0,54310.0
30458,2259018,2312307.0,2312325.0,53289.0
30447,2257683,2312307.0,2312330.0,54624.0
30445,2257417,2312307.0,2312331.0,54890.0
30446,2257581,2312307.0,2312331.0,54726.0
30449,2257779,2312307.0,2312331.0,54528.0
30499,2264646,2312331.0,2312336.0,47685.0
30500,2264656,2312331.0,2312339.0,47675.0
30503,2264930,2312331.0,2312345.0,47401.0
30440,2257200,2312307.0,2312346.0,55107.0
30482,2263054,2312331.0,2312346.0,49277.0
30444,2257356,2312307.0,2312348.0,54951.0
30450,2257947,2312307.0,2312348.0,54360.0
30430,2255034,2312307.0,2312392.0,57273.0
30431,2255238,2312307.0,2312392.0,57069.0
30414,2251910,2312307.0,2312463.0,60397.0
30533,2268162,2312463.0,2312465.0,44301.0
30535,2268289,2312463.0,2312465.0,44174.0
30536,2268306,2312465.0,2312468.0,44159.0
30540,2268655,2312465.0,2312470.0,43810.0
30543,2268727,2312465.0,2312472.0,43738.0
30541,2268669,2312465.0,2312475.0,43796.0
30547,2268893,2312465.0,2312478.0,43572.0
30552,2269197,2312465.0,2312480.0,43268.0
30558,2269880,2312465.0,2312484.0,42585.0
30550,2269155,2312465.0,2312486.0,43310.0
30443,2257293,2312307.0,2312591.0,55014.0
30442,2257272,2312307.0,2312611.0,55035.0
30453,2258039,2312307.0,2315305.0,54268.0
30452,2258018,2312307.0,2315323.0,54289.0
30413,2251885,2312067.0,2319197.0,60182.0
30459,2259061,2312331.0,2323146.0,53270.0
30559,2270009,2324946.0,2326271.0,54937.0
30582,2273434,2326271.0,2326282.0,52837.0
30579,2273244,2326271.0,2326283.0,53027.0
30583,2273462,2326282.0,2326284.0,52820.0
30585,2273567,2326284.0,2326286.0,52717.0
30584,2273542,2326283.0,2326295.0,52741.0
30597,2273963,2326295.0,2326297.0,52332.0
30599,2274014,2326295.0,2326297.0,52281.0
30596,2273934,2326295.0,2326321.0,52361.0
30598,2273974,2326295.0,2326323.0,52321.0
30600,2274040,2326295.0,2326325.0,52255.0
30593,2273881,2326286.0,2326327.0,52405.0
30601,2274666,2326325.0,2326339.0,51659.0
30569,2272322,2326271.0,2326518.0,53949.0
30610,2275740,2326327.0,2326572.0,50587.0
30654,2279920,2326572.0,2326621.0,46652.0
30724,2286678,2326572.0,2326690.0,39894.0
30657,2280177,2326572.0,2327082.0,46395.0
30574,2272594,2326271.0,2327545.0,53677.0
30617,2276059,2326518.0,2337246.0,50459.0
30725,2286801,2339046.0,2348779.0,52245.0
30726,2296538,2348779.0,2348869.0,52241.0
30894,2319531,2348869.0,2348911.0,29338.0
30895,2319809,2348869.0,2348931.0,29060.0
30893,2319451,2348869.0,2348940.0,29418.0
30897,2320239,2348940.0,2349161.0,28701.0
30906,2320835,2349161.0,2349167.0,28326.0
30900,2320488,2349161.0,2349168.0,28673.0
30907,2321054,2349161.0,2349171.0,28107.0
30904,2320748,2349161.0,2349172.0,28413.0
30916,2322363,2349161.0,2349175.0,26798.0
30910,2321667,2349161.0,2349176.0,27494.0
30899,2320334,2349161.0,2349194.0,28827.0
30909,2321502,2349161.0,2349231.0,27659.0
30918,2322703,2349231.0,2349323.0,26528.0
30921,2323153,2349323.0,2349336.0,26170.0
30922,2323205,2349336.0,2349405.0,26131.0
30727,2296635,2348869.0,2359595.0,52234.0
30927,2323628,2359595.0,2359695.0,35967.0
30951,2328017,2359695.0,2359715.0,31678.0
30946,2327622,2359695.0,2359913.0,32073.0
30953,2328059,2359715.0,2360073.0,31656.0
30955,2328916,2359913.0,2360269.0,30997.0
30962,2329640,2360269.0,2360386.0,30629.0
30963,2329829,2360386.0,2360754.0,30557.0
30965,2330322,2360754.0,2360878.0,30432.0
30967,2330484,2360878.0,2360977.0,30394.0
30968,2330660,2360977.0,2361069.0,30317.0
30974,2330888,2361069.0,2361168.0,30181.0
30975,2331232,2361168.0,2361187.0,29936.0
30943,2326578,2361395.0,2361749.0,34817.0
30878,2317268,2348869.0,2362827.0,31601.0
30976,2331356,2366549.0,2367238.0,35193.0
30982,2332337,2367238.0,2367563.0,34901.0
30983,2332669,2367563.0,2367891.0,34894.0
30984,2333062,2367891.0,2368107.0,34829.0
30986,2333653,2368107.0,2368295.0,34454.0
30987,2334056,2368295.0,2368570.0,34239.0
30994,2334692,2368570.0,2368590.0,33878.0
30992,2334593,2368570.0,2368905.0,33977.0
30999,2335294,2368905.0,2369028.0,33611.0
31002,2335576,2368905.0,2369028.0,33329.0
31000,2335433,2368905.0,2369029.0,33472.0
30998,2335142,2368905.0,2369042.0,33763.0
31006,2335878,2369042.0,2369051.0,33164.0
31007,2335893,2369042.0,2369054.0,33149.0
31004,2335704,2369029.0,2369144.0,33325.0
31010,2335996,2369054.0,2369159.0,33058.0
31013,2336108,2369144.0,2369245.0,33036.0
31014,2336213,2369159.0,2369252.0,32946.0
31015,2336314,2369245.0,2369346.0,32931.0
31016,2336422,2369252.0,2369351.0,32830.0
31019,2336615,2369351.0,2369376.0,32736.0
31020,2336643,2369376.0,2369437.0,32733.0
31017,2336534,2369346.0,2369449.0,32812.0
31021,2336708,2369437.0,2369493.0,32729.0
31022,2336766,2369449.0,2369502.0,32683.0
31023,2336821,2369493.0,2369544.0,32672.0
31024,2336879,2369502.0,2369556.0,32623.0
31025,2336937,2369544.0,2369600.0,32607.0
31026,2336997,2369556.0,2369614.0,32559.0
31045,2337377,2369614.0,2369621.0,32237.0
31036,2337253,2369614.0,2369623.0,32361.0
31037,2337267,2369614.0,2369623.0,32347.0
31038,2337279,2369614.0,2369623.0,32335.0
31039,2337292,2369614.0,2369623.0,32322.0
31033,2337208,2369614.0,2369624.0,32406.0
31035,2337237,2369614.0,2369624.0,32377.0
31043,2337346,2369614.0,2369624.0,32268.0
31034,2337222,2369614.0,2369625.0,32392.0
31040,2337305,2369614.0,2369625.0,32309.0
31044,2337360,2369614.0,2369626.0,32254.0
31048,2337403,2369623.0,2369629.0,32220.0
31049,2337413,2369623.0,2369629.0,32210.0
31046,2337389,2369621.0,2369631.0,32232.0
31031,2337163,2369614.0,2369634.0,32451.0
31032,2337182,2369614.0,2369636.0,32432.0
31041,2337321,2369614.0,2369636.0,32293.0
31030,2337153,2369614.0,2369639.0,32461.0
31029,2337117,2369614.0,2369646.0,32497.0
31028,2337059,2369600.0,2369651.0,32541.0
31003,2335597,2369028.0,2370643.0,33431.0
30996,2334963,2368590.0,2371079.0,33627.0
31051,2343962,2375443.0,2375640.0,31481.0
31052,2344167,2375640.0,2375838.0,31473.0
31053,2344501,2375838.0,2375941.0,31337.0
31054,2344682,2375941.0,2376030.0,31259.0
31058,2355555,2376030.0,2376043.0,20475.0
31055,2345964,2376030.0,2376053.0,30066.0
31057,2353291,2376030.0,2376061.0,22739.0
31059,2357082,2376030.0,2376105.0,18948.0
31060,2357264,2376061.0,2376194.0,18797.0
31062,2357611,2376105.0,2376227.0,18494.0
31061,2357477,2376105.0,2376235.0,18628.0
31063,2357737,2376194.0,2376321.0,18457.0
31064,2357887,2376227.0,2376355.0,18340.0
31065,2358022,2376235.0,2376357.0,18213.0
31068,2358494,2376357.0,2376439.0,17863.0
31066,2358145,2376321.0,2376443.0,18176.0
31067,2358368,2376355.0,2376474.0,17987.0
31076,2358947,2376474.0,2376478.0,17527.0
31072,2358900,2376474.0,2376480.0,17574.0
31073,2358913,2376474.0,2376480.0,17561.0
31074,2358925,2376474.0,2376481.0,17549.0
31080,2359016,2376474.0,2376481.0,17458.0
31085,2359515,2376474.0,2376481.0,16959.0
31075,2358935,2376474.0,2376482.0,17539.0
31081,2359026,2376474.0,2376482.0,17448.0
31078,2358990,2376474.0,2376483.0,17484.0
31082,2359040,2376474.0,2376484.0,17434.0
31079,2359002,2376474.0,2376485.0,17472.0
31077,2358974,2376474.0,2376486.0,17500.0
31084,2359490,2376474.0,2376490.0,16984.0
31089,2362380,2376480.0,2376495.0,14100.0
31071,2358871,2376474.0,2376499.0,17603.0
31083,2359456,2376474.0,2376502.0,17018.0
31070,2358732,2376443.0,2376559.0,17711.0
31088,2362324,2376478.0,2376566.0,14154.0
31069,2358582,2376439.0,2376573.0,17857.0
31087,2361415,2376474.0,2377098.0,15059.0
31086,2359542,2376474.0,2378324.0,16932.0
31056,2353205,2376030.0,2385201.0,22825.0
31090,2362455,2387001.0,2387061.0,24546.0
31092,2362525,2387061.0,2397860.0,24536.0
31091,2362523,2387061.0,2397986.0,24538.0
31093,2373451,2397986.0,2398113.0,24535.0
31094,2373583,2398113.0,2407828.0,24530.0
31095,2383300,2407828.0,2407920.0,24528.0
31197,2395636,2407920.0,2407930.0,12284.0
31208,2401507,2407930.0,2407950.0,6423.0
31219,2402279,2407950.0,2408301.0,5671.0
31204,2400696,2407920.0,2410688.0,7224.0
31227,2403466,2410688.0,2410702.0,7222.0
31224,2403149,2410688.0,2410713.0,7539.0
31220,2402377,2408301.0,2411804.0,5924.0
31233,2404084,2411804.0,2411829.0,7720.0
31234,2404160,2411829.0,2411853.0,7669.0
31235,2404249,2411853.0,2411877.0,7604.0
31236,2404276,2411877.0,2411901.0,7601.0
31237,2404314,2411901.0,2412002.0,7587.0
31254,2407242,2412002.0,2412005.0,4760.0
31245,2405491,2412002.0,2412013.0,6511.0
31249,2405777,2412002.0,2412022.0,6225.0
31239,2404944,2412002.0,2412023.0,7058.0
31246,2405566,2412002.0,2412047.0,6436.0
31238,2404424,2412002.0,2412109.0,7578.0
31247,2405616,2412002.0,2412137.0,6386.0
31255,2407256,2412137.0,2412394.0,4881.0
31228,2403576,2410713.0,2412985.0,7137.0
31258,2407640,2412985.0,2416707.0,5345.0
31259,2407676,2416707.0,2416996.0,9031.0
31262,2408242,2416996.0,2417016.0,8754.0
31260,2407744,2416996.0,2417037.0,9252.0
31263,2408515,2416996.0,2417362.0,8481.0
31096,2383399,2407920.0,2418589.0,24521.0
31269,2408792,2418589.0,2418595.0,9797.0
31271,2408811,2418589.0,2418606.0,9778.0
31276,2409209,2418589.0,2418607.0,9380.0
31274,2408986,2418589.0,2418608.0,9603.0
31275,2409092,2418589.0,2418616.0,9497.0
31273,2408896,2418589.0,2418630.0,9693.0
31277,2409252,2418589.0,2418633.0,9337.0
31280,2409521,2418633.0,2418704.0,9112.0
31281,2409553,2418704.0,2418719.0,9151.0
31278,2409265,2418616.0,2418842.0,9351.0
31284,2409909,2418842.0,2418885.0,8933.0
31272,2408839,2418589.0,2418894.0,9750.0
31292,2410752,2418894.0,2418937.0,8142.0
31293,2410984,2418894.0,2418937.0,7910.0
31290,2410419,2418894.0,2418938.0,8475.0
31295,2411156,2418938.0,2418959.0,7782.0
31296,2411185,2418959.0,2419022.0,7774.0
31282,2409633,2418719.0,2419058.0,9086.0
31298,2411481,2419058.0,2419122.0,7577.0
31256,2407353,2412394.0,2419132.0,5041.0
31305,2412567,2419058.0,2419143.0,6491.0
31310,2413480,2419132.0,2419161.0,5652.0
31312,2413588,2419132.0,2419195.0,5544.0
31313,2413760,2419132.0,2419202.0,5372.0
31307,2412785,2419132.0,2419205.0,6347.0
31309,2413336,2419132.0,2419207.0,5796.0
31297,2411288,2419022.0,2419471.0,7734.0
31285,2410010,2418885.0,2419559.0,8875.0
31264,2408540,2421837.0,2422075.0,13297.0
31325,2414331,2422075.0,2422096.0,7744.0
31326,2414357,2422075.0,2422096.0,7718.0
31324,2414248,2422075.0,2422146.0,7827.0
31323,2414214,2422075.0,2422199.0,7861.0
31306,2412681,2419132.0,2422854.0,6451.0
31328,2414693,2422854.0,2422960.0,8161.0
31314,2413809,2419471.0,2423793.0,5662.0
31320,2414097,2423932.0,2423969.0,9835.0
31322,2414203,2424359.0,2424387.0,10156.0
31351,2418061,2424387.0,2424417.0,6326.0
31348,2417630,2424387.0,2424478.0,6757.0
31354,2418219,2424478.0,2424562.0,6259.0
31330,2414753,2424654.0,2424676.0,9901.0
31352,2418125,2424417.0,2424879.0,6292.0
31332,2414934,2422960.0,2425029.0,8026.0
31331,2414912,2422960.0,2425047.0,8048.0
31339,2416410,2423793.0,2427074.0,7383.0
31356,2418462,2427074.0,2427235.0,8612.0
31359,2418652,2427235.0,2427426.0,8583.0
31367,2419261,2427426.0,2427447.0,8165.0
31368,2419313,2427426.0,2427447.0,8113.0
31371,2419644,2427447.0,2427500.0,7803.0
31370,2419428,2427447.0,2427641.0,8019.0
31315,2413843,2423961.0,2428250.0,10118.0
31355,2418290,2428769.0,2428931.0,10479.0
31362,2418880,2429679.0,2429696.0,10799.0
31372,2419672,2429847.0,2429992.0,10175.0
31363,2418986,2429847.0,2430037.0,10861.0
31385,2421304,2430037.0,2430067.0,8733.0
31327,2414676,2426999.0,2430607.0,12323.0
31374,2419840,2430731.0,2430948.0,10891.0
31378,2420910,2433050.0,2433243.0,12140.0
31382,2421105,2433050.0,2433372.0,11945.0
31386,2421341,2433731.0,2433754.0,12390.0
31389,2423359,2430607.0,2434305.0,7248.0
31373,2419708,2433050.0,2434561.0,13342.0
31384,2421231,2434496.0,2434596.0,13265.0
31395,2423499,2434561.0,2434794.0,11062.0
31402,2423746,2434596.0,2434814.0,10850.0
31408,2424458,2434814.0,2434836.0,10356.0
31409,2424579,2434814.0,2434857.0,10235.0
31411,2424648,2434814.0,2434863.0,10166.0
31403,2423768,2434794.0,2434937.0,11026.0
31407,2424345,2434814.0,2434989.0,10469.0
31406,2424279,2434794.0,2435015.0,10515.0
31390,2423369,2434867.0,2435077.0,11498.0
31423,2425181,2435077.0,2435095.0,9896.0
31425,2425316,2435077.0,2435100.0,9761.0
31426,2425344,2435077.0,2435105.0,9733.0
31419,2425021,2435077.0,2435107.0,10056.0
31420,2425087,2435077.0,2435120.0,9990.0
31428,2425392,2435120.0,2435125.0,9728.0
31424,2425240,2435077.0,2435129.0,9837.0
31414,2424736,2434989.0,2435172.0,10253.0
31422,2425125,2435077.0,2435218.0,9952.0
31418,2424957,2435077.0,2435251.0,10120.0
31410,2424637,2434814.0,2435262.0,10177.0
31421,2425121,2435077.0,2435271.0,9956.0
31429,2425448,2435172.0,2435364.0,9724.0
31436,2426728,2435364.0,2435585.0,8636.0
31401,2423740,2436361.0,2436526.0,12621.0
31427,2425387,2436907.0,2437553.0,11520.0
31391,2423400,2434305.0,2437732.0,10905.0
31441,2427230,2437732.0,2437929.0,10502.0
31449,2428673,2437929.0,2437987.0,9256.0
31448,2428480,2437929.0,2437988.0,9449.0
31450,2428766,2437988.0,2438171.0,9222.0
31453,2428953,2438171.0,2438186.0,9218.0
31394,2423489,2438172.0,2438210.0,14683.0
31451,2428832,2438171.0,2438229.0,9339.0
31397,2423578,2438172.0,2438267.0,14594.0
31454,2428994,2438171.0,2438280.0,9177.0
31455,2429145,2438229.0,2438344.0,9084.0
31456,2429341,2438280.0,2438409.0,8939.0
31458,2429579,2438344.0,2438461.0,8765.0
31459,2429732,2438409.0,2438530.0,8677.0
31460,2429763,2438409.0,2438581.0,8646.0
31461,2429863,2438461.0,2438586.0,8598.0
31399,2423697,2438554.0,2438590.0,14857.0
31464,2430038,2438586.0,2438880.0,8548.0
31437,2426836,2435585.0,2438917.0,8749.0
31471,2430256,2438917.0,2438934.0,8661.0
31470,2430230,2438917.0,2438936.0,8687.0
31469,2430224,2438917.0,2438955.0,8693.0
31472,2430278,2438955.0,2439163.0,8677.0
31476,2430384,2439163.0,2439187.0,8779.0
31474,2430321,2439163.0,2439195.0,8842.0
31475,2430371,2439163.0,2439229.0,8792.0
31477,2430387,2439229.0,2439361.0,8842.0
31478,2430425,2439361.0,2439394.0,8936.0
31479,2430506,2439361.0,2439400.0,8855.0
31481,2430778,2439400.0,2439508.0,8622.0
31483,2431056,2439508.0,2439560.0,8452.0
31482,2430993,2439508.0,2439611.0,8515.0
31484,2431090,2439508.0,2439616.0,8418.0
31485,2431237,2439616.0,2439839.0,8379.0
31468,2430176,2438880.0,2439898.0,8704.0
31487,2431269,2439839.0,2440116.0,8570.0
31490,2431515,2440116.0,2440138.0,8601.0
31433,2425629,2435251.0,2440608.0,9622.0
31488,2431287,2439898.0,2441527.0,8611.0
31393,2423452,2438172.0,2441548.0,14720.0
31492,2431584,2441527.0,2441548.0,9943.0
31493,2431677,2441548.0,2441576.0,9871.0
31489,2431313,2440116.0,2441720.0,8803.0
31439,2427180,2440071.0,2443061.0,12891.0
31466,2430089,2443067.0,2443088.0,12978.0
31473,2430284,2443390.0,2443414.0,13106.0
31440,2427214,2441326.0,2444283.0,14112.0
31491,2431557,2445408.0,2445522.0,13851.0
31500,2432028,2445522.0,2445543.0,13494.0
31501,2432079,2445543.0,2445564.0,13464.0
31502,2432125,2445564.0,2445585.0,13439.0
31503,2432180,2445585.0,2445606.0,13405.0
31504,2432207,2445606.0,2445632.0,13399.0
31505,2432238,2445632.0,2445654.0,13394.0
31506,2432332,2445654.0,2445676.0,13322.0
31508,2432607,2445676.0,2445697.0,13069.0
31498,2431835,2445522.0,2445704.0,13687.0
31509,2432745,2445697.0,2445718.0,12952.0
31510,2432804,2445704.0,2445725.0,12900.0
31496,2431746,2446376.0,2446397.0,14630.0
31495,2431733,2446520.0,2447361.0,14787.0
31513,2432892,2447361.0,2447384.0,14469.0
31516,2433487,2447384.0,2447431.0,13897.0
31514,2432980,2447361.0,2447445.0,14381.0
31517,2433536,2447431.0,2447487.0,13895.0
31404,2424215,2434794.0,2450169.0,10579.0
31512,2432859,2450525.0,2451185.0,17666.0
31515,2433384,2451197.0,2451278.0,17813.0
31519,2433569,2452985.0,2452990.0,19416.0
31518,2433551,2454969.0,2454970.0,21418.0
31520,2433579,2454970.0,2455317.0,21391.0
31527,2433822,2455317.0,2455319.0,21495.0
31524,2433679,2455317.0,2455338.0,21638.0
31526,2433756,2455317.0,2455339.0,21561.0
31528,2433870,2455317.0,2455339.0,21447.0
31529,2433885,2455317.0,2455485.0,21432.0
31525,2433695,2455317.0,2455644.0,21622.0
31523,2433660,2456770.0,2456777.0,23110.0
31534,2433989,2456777.0,2456802.0,22788.0
31535,2434028,2456802.0,2456824.0,22774.0
31530,2433920,2457117.0,2457139.0,23197.0
31532,2433947,2457117.0,2457148.0,23170.0
31431,2425500,2435172.0,2457741.0,9672.0
31432,2425522,2435218.0,2457765.0,9696.0
31521,2433586,2457790.0,2457812.0,24204.0
31522,2433593,2457790.0,2457818.0,24197.0
31537,2434088,2457812.0,2457834.0,23724.0
31539,2434136,2457834.0,2457857.0,23698.0
31538,2434130,2457818.0,2457868.0,23688.0
31540,2434221,2457868.0,2458169.0,23647.0
31542,2434334,2458169.0,2458201.0,23835.0
31544,2434415,2458201.0,2458216.0,23786.0
31543,2434378,2458201.0,2458219.0,23823.0
31541,2434293,2458169.0,2458224.0,23876.0
31546,2434614,2458224.0,2458346.0,23610.0
31545,2434431,2458219.0,2458546.0,23788.0
31548,2434844,2458546.0,2458570.0,23702.0
31547,2434774,2458346.0,2459164.0,23572.0
31549,2434895,2458570.0,2459317.0,23675.0
31533,2433954,2460444.0,2460504.0,26490.0
31553,2435481,2460504.0,2460527.0,25023.0
31554,2435542,2460504.0,2460527.0,24962.0
31556,2435610,2460527.0,2460551.0,24917.0
31555,2435586,2460504.0,2460781.0,24918.0
31536,2434034,2461948.0,2462123.0,27914.0
31550,2434899,2459317.0,2463783.0,24418.0
31559,2436303,2463783.0,2463809.0,27480.0
31552,2435427,2460504.0,2463829.0,25077.0
31560,2436359,2463809.0,2463996.0,27450.0
31562,2436695,2463829.0,2464001.0,27134.0
31563,2436907,2463829.0,2464004.0,26922.0
31566,2437251,2464001.0,2464036.0,26750.0
31564,2437149,2463996.0,2464056.0,26847.0
31565,2437209,2463996.0,2464072.0,26787.0
31568,2437374,2464036.0,2464098.0,26662.0
31569,2437458,2464056.0,2464118.0,26598.0
31567,2437332,2464004.0,2464138.0,26672.0
31572,2437633,2464118.0,2464152.0,26485.0
31571,2437541,2464098.0,2464164.0,26557.0
31573,2437704,2464138.0,2464189.0,26434.0
31574,2437771,2464152.0,2464216.0,26381.0
31570,2437502,2464072.0,2464273.0,26570.0
31576,2437853,2464189.0,2464273.0,26336.0
31579,2438267,2464273.0,2464312.0,26006.0
31578,2438152,2464273.0,2464363.0,26121.0
31577,2437977,2464216.0,2464367.0,26239.0
31580,2438330,2464312.0,2464398.0,25982.0
31582,2438604,2464367.0,2464475.0,25763.0
31581,2438425,2464363.0,2464611.0,25938.0
31583,2438724,2464398.0,2464762.0,25674.0
31588,2439065,2464762.0,2464862.0,25697.0
31575,2437843,2464164.0,2464914.0,26321.0
31551,2434935,2460504.0,2464935.0,25569.0
31589,2439099,2464862.0,2464981.0,25763.0
31591,2439354,2464981.0,2465093.0,25627.0
31593,2439602,2465093.0,2465282.0,25491.0
31590,2439307,2464914.0,2465328.0,25607.0
31592,2439472,2465093.0,2465346.0,25621.0
31558,2436300,2462123.0,2465413.0,25823.0
31594,2439741,2465328.0,2465434.0,25587.0
31595,2439870,2465346.0,2465457.0,25476.0
31557,2435974,2465581.0,2465840.0,29607.0
31601,2444971,2465840.0,2465954.0,20869.0
31602,2445127,2465840.0,2465985.0,20713.0
31561,2436577,2466923.0,2466926.0,30346.0
31586,2438977,2466923.0,2466960.0,27946.0
31587,2439027,2466923.0,2466960.0,27896.0
31585,2438923,2466923.0,2466963.0,28000.0
31597,2439915,2465434.0,2467587.0,25519.0
31584,2438756,2464611.0,2467927.0,25855.0
31605,2446380,2467927.0,2467975.0,21547.0
31604,2446302,2467927.0,2468001.0,21625.0
31606,2446431,2467975.0,2468009.0,21544.0
31607,2446467,2468001.0,2468037.0,21534.0
31608,2446506,2468009.0,2468048.0,21503.0
31609,2446546,2468037.0,2468078.0,21491.0
31610,2446591,2468048.0,2468084.0,21457.0
31611,2446634,2468078.0,2468113.0,21444.0
31612,2446670,2468084.0,2468119.0,21414.0
31613,2446710,2468113.0,2468152.0,21403.0
31614,2446754,2468119.0,2468156.0,21365.0
31615,2446794,2468152.0,2468189.0,21358.0
31616,2446834,2468156.0,2468195.0,21322.0
31617,2446879,2468189.0,2468231.0,21310.0
31618,2446925,2468195.0,2468238.0,21270.0
31619,2446971,2468231.0,2468276.0,21260.0
31620,2447019,2468238.0,2468277.0,21219.0
31637,2447374,2468276.0,2468280.0,20902.0
31636,2447360,2468276.0,2468281.0,20916.0
31635,2447345,2468276.0,2468283.0,20931.0
31640,2447411,2468276.0,2468286.0,20865.0
31638,2447381,2468276.0,2468287.0,20895.0
31639,2447397,2468276.0,2468287.0,20879.0
31641,2447725,2468287.0,2468338.0,20562.0
31642,2447851,2468338.0,2468396.0,20487.0
31599,2441954,2469781.0,2469795.0,27827.0
31634,2447325,2470038.0,2470054.0,22713.0
31622,2447118,2471726.0,2471732.0,24608.0
31625,2447153,2471726.0,2471733.0,24573.0
31626,2447164,2471726.0,2471733.0,24562.0
31623,2447128,2471726.0,2471735.0,24598.0
31624,2447140,2471726.0,2471736.0,24586.0
31621,2447093,2471726.0,2471747.0,24633.0
31627,2447193,2471726.0,2471755.0,24533.0
31630,2447255,2471760.0,2471766.0,24505.0
31629,2447242,2471760.0,2471769.0,24518.0
31632,2447285,2471760.0,2471769.0,24475.0
31628,2447225,2471763.0,2471770.0,24538.0
31631,2447266,2471760.0,2471771.0,24494.0
31633,2447297,2471760.0,2471781.0,24463.0
31643,2447923,2468396.0,2472583.0,20473.0
31646,2448322,2472583.0,2472603.0,24261.0
31645,2448266,2472583.0,2472626.0,24317.0
31644,2447939,2472583.0,2472906.0,24644.0
31600,2442077,2469781.0,2473065.0,27704.0
31652,2450339,2473065.0,2473146.0,22726.0
31598,2439983,2465457.0,2474142.0,25474.0
31655,2451011,2474142.0,2474167.0,23131.0
31656,2451724,2474142.0,2474169.0,22418.0
31654,2450689,2474142.0,2474650.0,23453.0
31603,2445364,2471726.0,2475026.0,26362.0
31650,2448673,2473065.0,2476493.0,24392.0
31653,2450590,2476571.0,2476613.0,25981.0
31648,2448361,2476547.0,2477047.0,28186.0
31651,2449062,2477426.0,2478844.0,28364.0
31647,2448346,2472583.0,2481108.0,24237.0
31649,2448368,2476555.0,2485060.0,28187.0
31596,2439886,2465346.0,2488498.0,25460.0
31657,2452108,2479450.0,2490372.0,27342.0
31658,2452116,2481293.0,2492213.0,29177.0
31679,2471270,2495172.0,2506091.0,23902.0
31706,2488308,2506091.0,2506107.0,17783.0
31716,2489544,2506091.0,2506113.0,16547.0
31724,2489746,2506091.0,2506119.0,16345.0
31705,2488293,2506091.0,2506272.0,17798.0
31730,2489959,2506091.0,2506291.0,16132.0
31689,2487619,2506091.0,2507004.0,18472.0
31720,2489593,2506091.0,2507219.0,16498.0
31719,2489570,2506091.0,2507242.0,16521.0
31708,2488501,2506091.0,2509814.0,17590.0
31731,2490367,2511072.0,2511282.0,20705.0
31733,2490868,2511282.0,2511297.0,20414.0
31732,2490824,2512042.0,2512083.0,21218.0
31736,2490968,2516097.0,2516143.0,25129.0
31737,2491080,2516143.0,2516144.0,25063.0
31738,2491093,2516144.0,2516215.0,25051.0
31740,2491209,2516215.0,2516220.0,25006.0
31742,2491235,2516220.0,2516574.0,24985.0
31746,2491602,2516574.0,2516751.0,24972.0
31749,2492006,2516751.0,2516815.0,24745.0
31752,2492810,2516815.0,2516855.0,24005.0
31754,2493087,2516855.0,2517170.0,23768.0
31757,2493450,2517170.0,2517316.0,23720.0
31758,2493464,2517170.0,2517394.0,23706.0
31755,2493278,2517170.0,2517461.0,23892.0
31767,2493908,2517461.0,2517490.0,23553.0
31766,2493903,2517461.0,2517549.0,23558.0
31768,2493976,2517549.0,2517661.0,23573.0
31773,2494344,2517661.0,2517715.0,23317.0
31771,2494273,2517661.0,2517729.0,23388.0
31772,2494323,2517661.0,2517892.0,23338.0
31739,2491120,2517944.0,2517964.0,26824.0
31769,2493995,2517661.0,2517966.0,23666.0
31776,2494606,2517966.0,2518209.0,23360.0
31745,2491478,2518020.0,2518212.0,26542.0
31744,2491447,2518020.0,2518218.0,26573.0
31777,2494644,2518209.0,2518266.0,23565.0
31779,2494733,2518266.0,2518339.0,23533.0
31781,2494853,2518339.0,2518420.0,23486.0
31748,2492003,2518374.0,2518439.0,26371.0
31747,2491747,2518374.0,2518502.0,26627.0
31782,2494856,2518420.0,2518571.0,23564.0
31751,2492692,2518551.0,2518634.0,25859.0
31784,2494996,2518571.0,2518645.0,23575.0
31786,2495018,2518645.0,2518863.0,23627.0
31750,2492431,2518551.0,2518943.0,26120.0
31790,2495222,2518943.0,2518948.0,23721.0
31760,2493557,2518970.0,2519050.0,25413.0
31764,2493718,2518970.0,2519072.0,25252.0
31761,2493649,2518970.0,2519085.0,25321.0
31787,2495064,2518645.0,2519144.0,23581.0
31765,2493797,2519194.0,2519293.0,25397.0
31794,2495385,2519144.0,2519297.0,23759.0
31763,2493705,2518970.0,2519404.0,25265.0
31774,2494534,2519515.0,2519582.0,24981.0
31743,2491424,2518020.0,2519906.0,26596.0
31735,2490908,2511282.0,2521044.0,20374.0
31734,2490887,2511282.0,2521065.0,20395.0
31759,2493532,2518970.0,2522694.0,25438.0
31780,2494804,2522764.0,2522843.0,27960.0
31778,2494729,2522692.0,2523212.0,27963.0
31788,2495084,2523302.0,2523414.0,28218.0
31792,2495274,2523434.0,2523543.0,28160.0
31803,2495957,2523543.0,2523557.0,27586.0
31800,2495837,2523414.0,2523582.0,27577.0
31802,2495885,2523543.0,2524520.0,27658.0
31797,2495512,2522694.0,2524566.0,27182.0
31795,2495389,2523872.0,2524594.0,28483.0
31798,2495523,2524706.0,2524965.0,29183.0
31796,2495510,2525865.0,2525950.0,30355.0
31799,2495610,2527643.0,2527876.0,32033.0
31805,2496253,2528343.0,2528398.0,32090.0
31804,2496153,2528382.0,2528420.0,32229.0
31813,2496804,2528420.0,2528426.0,31616.0
31815,2496833,2528426.0,2528468.0,31593.0
31817,2496861,2528468.0,2528587.0,31607.0
31816,2496849,2528468.0,2528598.0,31619.0
31806,2496278,2528343.0,2528805.0,32065.0
31821,2496996,2528598.0,2528809.0,31602.0
31818,2496883,2528587.0,2528839.0,31704.0
31822,2497121,2528805.0,2528914.0,31684.0
31824,2497166,2528914.0,2528963.0,31748.0
31823,2497138,2528809.0,2528977.0,31671.0
31826,2497237,2528977.0,2529011.0,31740.0
31825,2497228,2528963.0,2529060.0,31735.0
31828,2497360,2529011.0,2529065.0,31651.0
31829,2497446,2529060.0,2529095.0,31614.0
31827,2497314,2529011.0,2529141.0,31697.0
31833,2497678,2529141.0,2529265.0,31463.0
31830,2497458,2529065.0,2529280.0,31607.0
31835,2497692,2529280.0,2529357.0,31588.0
31834,2497689,2529265.0,2529365.0,31576.0
31836,2497797,2529357.0,2529394.0,31560.0
31832,2497577,2529095.0,2529409.0,31518.0
31837,2497801,2529365.0,2529462.0,31564.0
31838,2497856,2529409.0,2529489.0,31553.0
31842,2498126,2529489.0,2529517.0,31363.0
31840,2497921,2529489.0,2529580.0,31568.0
31843,2498147,2529580.0,2529588.0,31433.0
31844,2498165,2529588.0,2529591.0,31423.0
31845,2498176,2529591.0,2529596.0,31415.0
31839,2497880,2529462.0,2529613.0,31582.0
31847,2498237,2529613.0,2529619.0,31376.0
31846,2498212,2529596.0,2529692.0,31384.0
31848,2498335,2529619.0,2529743.0,31284.0
31808,2496686,2529765.0,2529766.0,33079.0
31849,2498348,2529692.0,2529786.0,31344.0
31854,2498477,2529786.0,2529841.0,31309.0
31856,2498498,2529786.0,2529867.0,31288.0
31858,2498566,2529841.0,2529945.0,31275.0
31859,2498585,2529867.0,2529960.0,31282.0
31861,2498672,2529960.0,2530077.0,31288.0
31863,2498685,2530077.0,2530176.0,31392.0
31862,2498681,2530077.0,2530191.0,31396.0
31864,2498796,2530176.0,2530268.0,31380.0
31865,2498835,2530191.0,2530344.0,31356.0
31866,2498919,2530268.0,2530400.0,31349.0
31868,2499101,2530400.0,2530510.0,31299.0
31870,2499263,2530510.0,2530537.0,31247.0
31867,2499013,2530344.0,2530593.0,31331.0
31872,2499335,2530593.0,2530620.0,31258.0
31871,2499265,2530537.0,2530625.0,31272.0
31874,2499404,2530625.0,2530653.0,31221.0
31875,2499419,2530653.0,2530681.0,31234.0
31873,2499355,2530620.0,2530719.0,31265.0
31877,2499472,2530719.0,2530746.0,31247.0
31876,2499456,2530681.0,2530809.0,31225.0
31879,2499507,2530809.0,2530859.0,31302.0
31880,2499599,2530859.0,2530998.0,31260.0
31882,2499749,2530998.0,2531043.0,31249.0
31883,2499807,2531043.0,2531136.0,31236.0
31878,2499501,2530746.0,2531167.0,31245.0
31884,2499842,2531136.0,2531243.0,31294.0
31886,2499925,2531243.0,2531270.0,31318.0
31885,2499878,2531167.0,2531281.0,31289.0
31888,2499964,2531281.0,2531360.0,31317.0
31887,2499955,2531270.0,2531368.0,31315.0
31889,2500016,2531360.0,2531461.0,31344.0
31895,2500199,2531461.0,2531510.0,31262.0
31896,2500202,2531510.0,2531631.0,31308.0
31894,2500143,2531368.0,2531632.0,31225.0
31900,2500299,2531632.0,2531663.0,31333.0
31899,2500256,2531631.0,2531667.0,31375.0
31902,2500308,2531663.0,2531691.0,31355.0
31903,2500337,2531667.0,2531706.0,31330.0
31904,2500380,2531691.0,2531723.0,31311.0
31905,2500424,2531706.0,2531751.0,31282.0
31907,2500498,2531751.0,2531814.0,31253.0
31906,2500480,2531723.0,2531825.0,31243.0
31910,2500793,2531825.0,2531854.0,31032.0
31911,2500829,2531854.0,2531894.0,31025.0
31912,2500915,2531894.0,2531990.0,30979.0
31913,2501143,2531990.0,2532088.0,30847.0
31811,2496744,2532676.0,2532743.0,35932.0
31810,2496705,2532676.0,2532768.0,35971.0
31917,2501433,2532768.0,2532851.0,31335.0
31916,2501262,2532768.0,2532854.0,31506.0
31918,2501465,2532851.0,2532859.0,31386.0
31921,2501569,2532859.0,2532967.0,31290.0
31919,2501478,2532851.0,2533045.0,31373.0
31920,2501558,2532854.0,2533288.0,31296.0
31908,2500570,2531814.0,2533898.0,31244.0
31926,2501716,2533898.0,2534042.0,32182.0
31928,2501797,2534042.0,2534050.0,32245.0
31927,2501760,2534042.0,2534260.0,32282.0
31930,2501820,2534260.0,2534600.0,32440.0
31892,2500098,2534586.0,2534605.0,34488.0
31898,2500231,2534586.0,2534617.0,34355.0
31924,2501690,2535088.0,2535153.0,33398.0
31852,2498396,2529766.0,2535299.0,31370.0
31850,2498364,2529766.0,2535329.0,31402.0
31946,2502189,2535329.0,2535340.0,33140.0
31947,2502205,2535340.0,2535349.0,33135.0
31939,2502057,2535329.0,2535350.0,33272.0
31938,2502023,2535329.0,2535351.0,33306.0
31935,2501979,2535329.0,2535391.0,33350.0
31949,2502246,2535391.0,2535436.0,33145.0
31937,2501987,2535329.0,2535483.0,33342.0
31950,2502280,2535391.0,2535493.0,33111.0
31951,2502310,2535391.0,2535545.0,33081.0
31948,2502224,2535349.0,2535630.0,33125.0
31952,2502362,2535545.0,2535636.0,33183.0
31936,2501980,2535329.0,2535644.0,33349.0
31956,2502519,2535636.0,2535665.0,33117.0
31953,2502396,2535636.0,2535727.0,33240.0
31957,2502556,2535727.0,2535733.0,33171.0
31960,2502610,2535727.0,2535736.0,33117.0
31959,2502575,2535727.0,2535839.0,33152.0
31958,2502563,2535727.0,2535890.0,33164.0
31955,2502479,2535636.0,2535967.0,33157.0
31961,2502626,2535890.0,2535970.0,33264.0
31932,2501915,2536060.0,2536091.0,34145.0
31962,2502646,2535967.0,2536135.0,33321.0
31963,2502754,2536135.0,2536197.0,33381.0
31964,2502763,2536197.0,2536254.0,33434.0
31933,2501956,2536060.0,2536400.0,34104.0
31967,2502846,2536254.0,2536407.0,33408.0
31965,2502806,2536197.0,2536570.0,33391.0
31966,2502844,2536254.0,2536656.0,33410.0
31969,2502925,2536570.0,2536750.0,33645.0
31914,2501206,2536888.0,2537145.0,35682.0
31972,2503039,2537145.0,2537301.0,34106.0
31973,2503062,2537145.0,2537314.0,34083.0
31922,2501600,2537767.0,2537812.0,36167.0
31975,2503196,2537812.0,2537961.0,34616.0
31976,2503258,2537812.0,2538313.0,34554.0
31942,2502117,2539400.0,2539411.0,37283.0
31941,2502099,2539400.0,2539413.0,37301.0
31944,2502162,2539405.0,2539414.0,37243.0
31943,2502136,2539400.0,2539421.0,37264.0
31945,2502175,2539417.0,2539426.0,37242.0
31940,2502096,2539400.0,2539499.0,37304.0
31985,2503528,2539499.0,2539520.0,35971.0
31984,2503486,2539499.0,2539521.0,36013.0
31983,2503442,2539499.0,2539663.0,36057.0
31988,2503569,2539663.0,2539688.0,36094.0
31987,2503543,2539663.0,2539696.0,36120.0
31990,2503622,2539696.0,2539889.0,36074.0
31992,2503674,2539889.0,2539979.0,36215.0
31991,2503658,2539889.0,2540030.0,36231.0
31994,2503785,2540030.0,2540065.0,36245.0
31968,2502885,2540891.0,2540976.0,38006.0
31971,2503037,2541550.0,2541613.0,38513.0
32002,2504105,2541613.0,2541653.0,37508.0
32001,2504079,2541613.0,2541656.0,37534.0
31993,2503767,2540030.0,2541733.0,36263.0
32009,2504584,2541656.0,2541810.0,37072.0
31999,2503920,2541613.0,2541819.0,37693.0
32011,2504853,2541819.0,2541846.0,36966.0
32013,2504941,2541846.0,2541893.0,36905.0
32016,2505032,2541893.0,2541897.0,36861.0
32018,2505065,2541893.0,2541899.0,36828.0
32015,2504991,2541893.0,2541905.0,36902.0
32019,2505072,2541897.0,2541938.0,36825.0
32020,2505092,2541905.0,2541943.0,36813.0
32000,2504072,2541613.0,2541954.0,37541.0
32023,2505163,2541954.0,2541998.0,36791.0
31974,2503117,2541200.0,2542057.0,38083.0
31981,2503428,2542101.0,2542125.0,38673.0
31979,2503350,2542101.0,2542128.0,38751.0
32025,2505476,2542057.0,2542146.0,36581.0
31997,2503846,2542101.0,2542276.0,38255.0
32028,2505580,2542146.0,2542277.0,36566.0
32031,2505762,2542277.0,2542283.0,36515.0
32021,2505106,2541954.0,2542287.0,36848.0
32029,2505634,2542276.0,2542399.0,36642.0
32033,2505782,2542399.0,2542427.0,36617.0
32026,2505515,2542057.0,2542444.0,36542.0
32027,2505537,2542128.0,2542495.0,36591.0
32032,2505771,2542399.0,2542502.0,36628.0
31996,2503845,2542101.0,2542528.0,38256.0
32036,2506019,2542502.0,2542531.0,36483.0
32035,2505927,2542502.0,2542594.0,36575.0
32034,2505832,2542399.0,2542610.0,36567.0
32040,2506466,2542502.0,2542627.0,36036.0
32050,2507086,2542594.0,2542643.0,35508.0
32045,2506668,2542502.0,2542679.0,35834.0
32046,2506689,2542531.0,2542687.0,35842.0
32053,2507493,2542679.0,2542695.0,35186.0
32054,2507521,2542679.0,2542731.0,35158.0
32055,2507543,2542687.0,2542738.0,35144.0
32051,2507142,2542679.0,2542750.0,35537.0
32061,2507899,2542750.0,2542769.0,34851.0
31977,2503278,2542761.0,2542804.0,39483.0
32060,2507784,2542750.0,2542807.0,34966.0
32038,2506108,2542502.0,2542857.0,36394.0
32037,2506087,2542502.0,2542876.0,36415.0
32049,2506911,2542594.0,2542888.0,35683.0
32077,2508922,2542804.0,2542893.0,33882.0
32048,2506884,2542594.0,2542912.0,35710.0
32074,2508712,2542804.0,2542915.0,34092.0
32076,2508901,2542804.0,2542939.0,33903.0
32078,2508947,2542939.0,2542978.0,33992.0
32059,2507743,2542750.0,2542989.0,35007.0
32056,2507608,2542731.0,2543042.0,35123.0
32057,2507630,2542750.0,2543042.0,35120.0
32064,2507997,2542750.0,2543044.0,34753.0
32079,2508983,2542939.0,2543044.0,33956.0
32063,2507974,2542750.0,2543052.0,34776.0
32080,2509057,2542978.0,2543056.0,33921.0
32062,2507952,2542750.0,2543074.0,34798.0
32072,2508567,2542769.0,2543078.0,34202.0
32090,2509414,2543042.0,2543091.0,33628.0
32073,2508588,2542804.0,2543119.0,34216.0
32070,2508306,2542750.0,2543139.0,34444.0
32093,2510126,2543042.0,2543170.0,32916.0
32096,2510189,2543056.0,2543177.0,32867.0
32084,2509185,2543042.0,2543210.0,33857.0
32109,2510698,2543177.0,2543210.0,32479.0
32095,2510157,2543056.0,2543229.0,32899.0
32115,2511021,2543210.0,2543239.0,32189.0
32111,2510785,2543210.0,2543242.0,32425.0
32094,2510128,2543052.0,2543255.0,32924.0
32106,2510547,2543139.0,2543255.0,32592.0
32105,2510544,2543119.0,2543257.0,32575.0
32119,2511104,2543229.0,2543258.0,32125.0
32121,2511217,2543255.0,2543280.0,32038.0
32108,2510635,2543170.0,2543293.0,32535.0
32113,2510856,2543210.0,2543296.0,32354.0
32122,2511322,2543255.0,2543360.0,31933.0
32120,2511181,2543242.0,2543380.0,32061.0
32112,2510833,2543210.0,2543414.0,32377.0
32110,2510732,2543210.0,2543487.0,32478.0
32100,2510385,2543078.0,2543505.0,32693.0
32102,2510406,2543119.0,2543528.0,32713.0
32098,2510268,2543074.0,2543541.0,32806.0
32125,2511469,2543541.0,2543550.0,32072.0
32008,2504563,2543453.0,2543629.0,38890.0
32116,2511041,2543210.0,2543806.0,32169.0
32117,2511063,2543229.0,2543806.0,32166.0
32114,2510903,2543210.0,2544278.0,32307.0
31995,2503825,2544320.0,2544516.0,40495.0
32004,2504191,2544226.0,2544527.0,40035.0
31998,2503887,2544865.0,2545054.0,40978.0
32010,2504841,2541819.0,2545141.0,36978.0
32131,2511844,2545141.0,2545287.0,33297.0
32132,2511868,2545141.0,2545310.0,33273.0
32139,2512207,2545287.0,2545317.0,33080.0
32136,2512095,2545287.0,2545382.0,33192.0
32129,2511741,2545054.0,2545402.0,33313.0
32097,2510263,2543056.0,2545554.0,32793.0
32130,2511772,2545141.0,2545563.0,33369.0
32134,2512037,2545287.0,2545724.0,33250.0
32006,2504485,2545776.0,2545798.0,41291.0
32137,2512139,2545287.0,2545884.0,33148.0
32142,2512259,2545884.0,2545924.0,33625.0
32005,2504213,2545776.0,2546056.0,41563.0
32124,2511403,2543541.0,2547573.0,32138.0
32123,2511378,2543541.0,2547597.0,32163.0
32148,2512506,2547597.0,2547605.0,35091.0
32149,2512524,2547597.0,2547621.0,35073.0
32146,2512340,2547597.0,2547628.0,35257.0
32154,2512716,2547605.0,2547629.0,34889.0
32151,2512569,2547605.0,2547630.0,35036.0
32155,2512765,2547605.0,2547631.0,34840.0
32153,2512668,2547605.0,2547635.0,34937.0
32158,2512814,2547605.0,2547642.0,34791.0
32152,2512613,2547605.0,2547643.0,34992.0
32147,2512363,2547597.0,2548175.0,35234.0
32126,2511509,2548606.0,2548859.0,37097.0
32150,2512528,2547605.0,2549139.0,35077.0
32128,2511727,2549327.0,2549411.0,37600.0
32141,2512242,2550202.0,2550248.0,37960.0
32140,2512219,2550202.0,2550306.0,37983.0
32164,2513506,2550306.0,2550325.0,36800.0
32163,2513439,2550306.0,2550357.0,36867.0
32144,2512292,2550724.0,2551327.0,38432.0
32145,2512332,2550856.0,2551463.0,38524.0
32160,2513179,2552397.0,2552441.0,39218.0
32168,2513557,2552441.0,2552779.0,38884.0
32159,2512904,2552975.0,2553020.0,40071.0
32177,2514039,2553020.0,2553068.0,38981.0
32180,2514367,2553068.0,2553099.0,38701.0
32178,2514244,2553068.0,2553116.0,38824.0
32179,2514267,2553068.0,2553127.0,38801.0
32185,2514480,2553116.0,2553208.0,38636.0
32187,2514652,2553208.0,2553344.0,38556.0
32189,2514754,2553344.0,2553365.0,38590.0
32190,2514796,2553344.0,2553379.0,38548.0
32192,2514843,2553344.0,2553406.0,38501.0
32188,2514684,2553344.0,2553409.0,38660.0
32194,2514897,2553409.0,2553492.0,38512.0
32193,2514884,2553409.0,2553554.0,38525.0
32196,2514971,2553554.0,2553573.0,38583.0
32203,2515174,2553573.0,2553590.0,38399.0
32202,2515131,2553573.0,2553591.0,38442.0
32201,2515096,2553573.0,2553593.0,38477.0
32200,2515051,2553573.0,2553597.0,38522.0
32198,2514991,2553573.0,2553598.0,38582.0
32204,2515177,2553598.0,2553627.0,38421.0
32205,2515202,2553627.0,2553699.0,38425.0
32197,2514985,2553554.0,2553724.0,38569.0
32206,2515207,2553699.0,2553725.0,38492.0
32208,2515262,2553725.0,2553736.0,38463.0
32207,2515241,2553724.0,2553778.0,38483.0
32176,2513982,2552441.0,2553798.0,38459.0
32191,2514833,2553344.0,2553821.0,38511.0
32209,2515273,2553778.0,2553821.0,38505.0
32211,2515301,2553821.0,2553884.0,38520.0
32210,2515280,2553821.0,2553897.0,38541.0
32214,2515384,2553897.0,2554025.0,38513.0
32212,2515359,2553884.0,2554090.0,38525.0
32217,2515408,2554090.0,2554137.0,38682.0
32219,2515489,2554090.0,2554168.0,38601.0
32221,2515500,2554168.0,2554201.0,38668.0
32216,2515395,2554025.0,2554210.0,38630.0
32223,2515589,2554201.0,2554227.0,38612.0
32162,2513368,2554211.0,2554239.0,40843.0
32226,2515636,2554210.0,2554251.0,38574.0
32235,2515822,2554239.0,2554254.0,38417.0
32236,2515848,2554239.0,2554254.0,38391.0
32234,2515793,2554239.0,2554256.0,38446.0
32237,2515872,2554239.0,2554257.0,38367.0
32238,2515898,2554239.0,2554257.0,38341.0
32240,2515950,2554239.0,2554258.0,38289.0
32166,2513547,2554211.0,2554273.0,40664.0
32230,2515698,2554239.0,2554273.0,38541.0
32232,2515745,2554239.0,2554273.0,38494.0
32241,2515956,2554273.0,2554279.0,38317.0
32239,2515926,2554239.0,2554280.0,38313.0
32224,2515592,2554210.0,2554286.0,38618.0
32227,2515671,2554239.0,2554300.0,38568.0
32220,2515494,2554137.0,2554306.0,38643.0
32244,2516058,2554286.0,2554324.0,38228.0
32245,2516141,2554300.0,2554372.0,38159.0
32250,2516559,2554372.0,2554375.0,37813.0
32251,2516580,2554372.0,2554375.0,37792.0
32242,2515974,2554279.0,2554418.0,38305.0
32252,2516612,2554418.0,2554421.0,37806.0
32253,2516627,2554418.0,2554421.0,37791.0
32254,2516632,2554421.0,2554424.0,37789.0
32259,2516785,2554424.0,2554427.0,37639.0
32260,2516954,2554424.0,2554427.0,37470.0
32255,2516653,2554424.0,2554428.0,37771.0
32231,2515742,2554239.0,2554450.0,38497.0
32249,2516316,2554372.0,2554485.0,38056.0
32243,2516005,2554280.0,2554490.0,38275.0
32215,2515387,2553897.0,2554499.0,38510.0
32263,2517596,2554424.0,2554510.0,36828.0
32248,2516312,2554324.0,2554548.0,38012.0
32268,2517702,2554548.0,2554557.0,36846.0
32165,2513533,2554211.0,2554566.0,40678.0
32269,2517711,2554548.0,2554578.0,36837.0
32246,2516239,2554300.0,2554630.0,38061.0
32264,2517612,2554424.0,2554652.0,36812.0
32276,2517917,2554557.0,2554692.0,36640.0
32271,2517721,2554557.0,2554786.0,36836.0
32274,2517768,2554557.0,2554852.0,36789.0
32273,2517746,2554557.0,2554871.0,36811.0
32277,2517999,2554786.0,2555005.0,36787.0
32280,2518226,2555005.0,2555036.0,36779.0
32281,2518304,2555036.0,2555042.0,36732.0
32182,2514432,2555048.0,2555089.0,40616.0
32181,2514387,2555048.0,2555199.0,40661.0
32282,2518332,2555042.0,2555831.0,36710.0
32286,2518785,2555831.0,2555932.0,37046.0
32171,2513739,2556127.0,2556191.0,42388.0
32290,2519023,2556191.0,2556215.0,37168.0
32167,2513554,2556127.0,2556278.0,42573.0
32295,2519334,2556278.0,2556390.0,36944.0
32303,2519664,2556390.0,2556396.0,36726.0
32298,2519459,2556278.0,2556488.0,36819.0
32297,2519406,2556278.0,2556634.0,36872.0
32305,2519690,2556396.0,2556636.0,36706.0
32294,2519274,2556278.0,2556656.0,37004.0
32306,2519723,2556636.0,2556666.0,36913.0
32309,2519779,2556636.0,2556671.0,36857.0
32311,2519832,2556656.0,2556686.0,36824.0
32312,2519882,2556656.0,2556690.0,36774.0
32316,2519967,2556690.0,2556719.0,36723.0
32310,2519785,2556636.0,2556721.0,36851.0
32315,2519945,2556686.0,2556756.0,36741.0
32317,2520018,2556756.0,2556761.0,36738.0
32318,2520032,2556756.0,2556785.0,36724.0
32174,2513905,2556263.0,2556869.0,42358.0
32319,2520035,2556761.0,2556955.0,36726.0
32323,2520282,2556955.0,2556976.0,36673.0
32292,2519076,2556191.0,2557010.0,37115.0
32291,2519053,2556191.0,2557033.0,37138.0
32314,2519935,2556666.0,2557096.0,36731.0
32313,2519914,2556666.0,2557118.0,36752.0
32325,2520421,2556976.0,2557185.0,36555.0
32321,2520247,2556869.0,2557196.0,36622.0
32324,2520399,2556976.0,2557207.0,36577.0
32287,2518900,2555932.0,2557222.0,37032.0
32195,2514960,2557241.0,2557265.0,42281.0
32186,2514499,2557241.0,2557567.0,42742.0
32184,2514478,2557241.0,2557582.0,42763.0
32326,2520444,2557033.0,2557622.0,36589.0
32330,2520685,2557622.0,2557679.0,36937.0
32333,2520800,2557679.0,2557745.0,36879.0
32320,2520161,2556761.0,2557791.0,36600.0
32334,2521025,2557745.0,2557993.0,36720.0
32329,2520666,2557582.0,2558130.0,36916.0
32331,2520689,2557622.0,2558148.0,36933.0
32339,2521252,2558130.0,2558154.0,36878.0
32344,2521468,2558154.0,2558293.0,36686.0
32345,2521489,2558293.0,2558413.0,36804.0
32337,2521185,2557993.0,2558498.0,36808.0
32346,2521854,2558498.0,2558642.0,36644.0
32348,2522026,2558642.0,2558695.0,36616.0
32338,2521210,2557993.0,2559085.0,36783.0
32267,2517692,2554450.0,2559192.0,36758.0
32265,2517639,2554450.0,2559244.0,36811.0
32349,2522084,2558695.0,2559587.0,36611.0
32352,2522263,2559244.0,2559647.0,36981.0
32285,2518682,2559586.0,2559684.0,40904.0
32361,2522996,2559684.0,2559707.0,36688.0
32363,2523063,2559707.0,2559751.0,36644.0
32288,2518919,2559999.0,2560083.0,41080.0
32341,2521288,2558148.0,2560090.0,36860.0
32356,2522705,2559647.0,2560115.0,36942.0
32327,2520475,2557222.0,2560554.0,36747.0
32366,2523084,2560554.0,2560556.0,37470.0
32367,2523134,2560554.0,2560582.0,37420.0
32368,2523185,2560554.0,2560847.0,37369.0
32355,2522684,2559647.0,2561161.0,36963.0
32370,2523206,2561161.0,2561435.0,37955.0
32369,2523202,2560847.0,2561514.0,37645.0
32373,2523458,2561514.0,2561533.0,38056.0
32372,2523339,2561514.0,2561653.0,38175.0
32376,2523503,2561514.0,2561746.0,38011.0
32374,2523481,2561514.0,2561769.0,38033.0
32328,2520579,2561669.0,2561774.0,41090.0
32353,2522344,2559244.0,2561854.0,36900.0
32378,2523787,2561746.0,2561948.0,37959.0
32379,2523809,2561769.0,2561950.0,37960.0
32375,2523495,2561514.0,2562028.0,38019.0
32351,2522163,2562948.0,2563447.0,40785.0
32350,2522141,2563093.0,2563617.0,40952.0
32358,2522818,2563992.0,2564240.0,41174.0
32364,2523068,2564551.0,2564731.0,41483.0
32377,2523764,2564890.0,2564907.0,41126.0
32380,2523814,2562028.0,2565374.0,38214.0
32354,2522635,2564044.0,2565606.0,41409.0
32393,2524460,2565606.0,2565746.0,41146.0
32387,2524123,2565606.0,2565763.0,41483.0
32388,2524127,2565606.0,2565766.0,41479.0
32385,2524075,2565606.0,2565770.0,41531.0
32392,2524433,2565606.0,2565771.0,41173.0
32399,2524731,2565770.0,2565786.0,41039.0
32386,2524104,2565606.0,2565788.0,41502.0
32398,2524676,2565770.0,2565855.0,41094.0
32401,2524772,2565771.0,2565894.0,40999.0
32404,2525090,2565855.0,2565900.0,40765.0
32400,2524751,2565770.0,2565911.0,41019.0
32371,2523278,2565961.0,2566008.0,42683.0
32403,2524969,2565855.0,2566012.0,40886.0
32402,2524957,2565855.0,2566022.0,40898.0
32406,2525144,2565855.0,2566157.0,40711.0
32390,2524405,2565606.0,2566347.0,41201.0
32383,2524041,2565374.0,2567021.0,41333.0
32384,2524067,2567174.0,2567201.0,43107.0
32408,2525254,2566022.0,2567931.0,40768.0
32415,2525660,2567931.0,2568119.0,42271.0
32407,2525252,2565855.0,2568463.0,40603.0
32381,2523895,2569040.0,2569162.0,45145.0
32414,2525533,2569001.0,2569166.0,43468.0
32427,2527206,2569166.0,2569184.0,41960.0
32425,2527140,2569162.0,2569209.0,42022.0
32422,2526385,2568463.0,2569474.0,42078.0
32396,2524591,2569707.0,2569781.0,45116.0
32437,2527816,2569781.0,2569798.0,41965.0
32436,2527768,2569781.0,2569816.0,42013.0
32430,2527408,2569781.0,2569840.0,42373.0
32429,2527249,2569781.0,2570081.0,42532.0
32416,2525741,2568119.0,2570106.0,42378.0
32440,2527874,2570106.0,2570190.0,42232.0
32439,2527858,2569781.0,2570205.0,41923.0
32444,2528354,2570190.0,2570212.0,41836.0
32438,2527837,2569781.0,2570220.0,41944.0
32458,2529381,2570220.0,2570248.0,40839.0
32443,2528243,2570190.0,2570254.0,41947.0
32461,2529580,2570220.0,2570309.0,40640.0
32464,2529798,2570254.0,2570321.0,40456.0
32467,2530293,2570321.0,2570337.0,40028.0
32462,2529705,2570248.0,2570339.0,40543.0
32454,2529068,2570220.0,2570340.0,41152.0
32466,2530246,2570309.0,2570344.0,40063.0
32452,2529026,2570212.0,2570355.0,41186.0
32450,2528915,2570205.0,2570448.0,41290.0
32459,2529435,2570220.0,2570471.0,40785.0
32474,2530639,2570471.0,2570565.0,39832.0
32411,2525473,2570571.0,2570598.0,45098.0
32469,2530321,2570355.0,2570657.0,40034.0
32413,2525511,2570711.0,2570828.0,45200.0
32489,2532213,2570828.0,2570899.0,38615.0
32412,2525504,2570711.0,2570903.0,45207.0
32482,2531668,2570828.0,2570910.0,39160.0
32496,2533305,2570828.0,2570917.0,37523.0
32491,2532517,2570828.0,2570928.0,38311.0
32504,2534040,2570903.0,2570930.0,36863.0
32494,2533015,2570828.0,2570942.0,37813.0
32503,2533989,2570903.0,2570945.0,36914.0
32492,2532573,2570828.0,2570954.0,38255.0
32502,2533922,2570899.0,2570965.0,36977.0
32520,2535461,2570954.0,2571031.0,35493.0
32468,2530313,2570344.0,2571034.0,40031.0
32529,2536401,2570965.0,2571036.0,34564.0
32409,2525261,2570812.0,2571037.0,45551.0
32506,2534087,2570928.0,2571047.0,36841.0
32511,2534607,2570945.0,2571047.0,36338.0
32532,2536522,2571031.0,2571095.0,34509.0
32535,2536599,2571037.0,2571101.0,34438.0
32470,2530344,2570448.0,2571107.0,40104.0
32537,2536776,2571037.0,2571153.0,34261.0
32534,2536590,2571034.0,2571156.0,34444.0
32538,2536810,2571101.0,2571162.0,34291.0
32441,2528160,2570190.0,2571167.0,42030.0
32487,2532125,2570828.0,2571181.0,38703.0
32505,2534071,2570917.0,2571181.0,36846.0
32507,2534092,2570942.0,2571187.0,36850.0
32536,2536661,2571037.0,2571215.0,34376.0
32478,2531026,2570828.0,2571451.0,39802.0
32477,2531004,2570828.0,2571473.0,39824.0
32426,2527167,2569166.0,2572470.0,41999.0
32410,2525296,2571147.0,2573015.0,45851.0
32483,2531688,2570828.0,2573208.0,39140.0
32481,2531652,2570828.0,2573244.0,39176.0
32428,2527228,2574274.0,2574593.0,47046.0
32447,2528864,2574616.0,2574635.0,45752.0
32446,2528818,2574640.0,2574677.0,45822.0
32448,2528876,2574598.0,2574707.0,45722.0
32449,2528886,2574581.0,2574853.0,45695.0
32545,2537196,2571187.0,2582113.0,33991.0
32546,2537197,2578044.0,2588964.0,40847.0
32547,2548126,2590764.0,2600496.0,42638.0
32548,2557862,2600496.0,2607803.0,42634.0
32549,2557863,2600496.0,2611427.0,42633.0
32550,2568799,2613227.0,2613313.0,44428.0
32551,2570733,2613313.0,2613411.0,42580.0
32553,2570896,2613411.0,2613428.0,42515.0
32555,2572655,2613411.0,2613540.0,40756.0
32552,2570868,2613411.0,2613589.0,42543.0
32556,2576540,2613411.0,2613622.0,36871.0
32557,2576763,2613589.0,2613622.0,36826.0
32558,2576886,2613622.0,2613659.0,36736.0
32561,2577385,2613659.0,2613660.0,36274.0
32571,2578006,2613659.0,2613660.0,35653.0
32560,2577336,2613622.0,2613669.0,36286.0
32569,2577965,2613659.0,2613676.0,35694.0
32563,2577395,2613659.0,2613677.0,36264.0
32567,2577846,2613659.0,2613679.0,35813.0
32566,2577803,2613659.0,2613693.0,35856.0
32570,2577985,2613659.0,2613696.0,35674.0
32568,2577916,2613659.0,2613699.0,35743.0
32574,2578125,2613660.0,2613723.0,35535.0
32565,2577441,2613659.0,2613743.0,36218.0
32564,2577418,2613659.0,2613764.0,36241.0
32573,2578084,2613659.0,2613887.0,35575.0
32559,2577007,2613622.0,2613890.0,36615.0
32575,2578200,2613723.0,2613892.0,35523.0
32572,2578060,2613659.0,2613909.0,35599.0
32578,2582227,2613892.0,2613913.0,31665.0
32576,2578373,2613892.0,2614004.0,35519.0
32577,2578589,2613892.0,2614015.0,35303.0
32582,2582356,2614004.0,2614022.0,31648.0
32580,2582270,2614004.0,2614064.0,31734.0
32583,2582586,2614004.0,2614070.0,31418.0
32587,2582925,2614070.0,2614080.0,31145.0
32586,2582680,2614004.0,2614130.0,31324.0
32579,2582263,2613892.0,2614131.0,31629.0
32588,2582928,2614080.0,2614201.0,31152.0
32562,2577392,2613659.0,2614219.0,36267.0
32584,2582633,2614004.0,2614228.0,31371.0
32590,2583090,2614201.0,2614311.0,31111.0
32592,2583210,2614311.0,2614418.0,31101.0
32595,2583398,2614418.0,2614454.0,31020.0
32599,2583565,2614418.0,2614567.0,30853.0
32606,2583955,2614454.0,2614586.0,30499.0
32607,2584148,2614567.0,2614588.0,30419.0
32597,2583457,2614418.0,2614594.0,30961.0
32593,2583239,2614311.0,2614628.0,31072.0
32610,2584717,2614588.0,2614712.0,29871.0
32612,2584921,2614594.0,2614750.0,29673.0
32618,2585263,2614712.0,2614839.0,29449.0
32620,2585588,2614750.0,2614840.0,29162.0
32614,2585149,2614628.0,2614846.0,29479.0
32623,2585933,2614840.0,2614861.0,28907.0
32608,2584172,2614586.0,2614891.0,30414.0
32621,2585762,2614839.0,2614939.0,29077.0
32624,2585963,2614846.0,2614963.0,28883.0
32626,2586170,2614939.0,2614971.0,28769.0
32636,2587148,2614971.0,2615022.0,27823.0
32634,2587097,2614963.0,2615184.0,27866.0
32638,2587228,2614971.0,2615187.0,27743.0
32640,2587459,2615184.0,2615189.0,27725.0
32637,2587206,2614971.0,2615207.0,27765.0
32635,2587126,2614971.0,2615261.0,27845.0
32625,2586138,2614861.0,2615810.0,28723.0
32633,2587018,2618422.0,2618440.0,31404.0
32641,2587492,2618422.0,2618576.0,30930.0
32643,2587849,2618576.0,2618767.0,30727.0
32602,2583654,2618709.0,2618928.0,35055.0
32596,2583420,2614418.0,2620083.0,30998.0
32642,2587535,2620610.0,2620775.0,33075.0
32581,2582286,2614004.0,2622953.0,31718.0
32645,2587911,2623728.0,2623783.0,35817.0
32649,2588132,2623783.0,2623865.0,35651.0
32648,2588068,2623783.0,2624105.0,35715.0
32650,2588139,2624105.0,2624156.0,35966.0
32653,2588357,2624156.0,2624213.0,35799.0
32594,2583394,2618543.0,2624233.0,35149.0
32657,2588434,2624233.0,2624252.0,35799.0
32651,2588206,2624156.0,2624256.0,35950.0
32658,2588447,2624233.0,2624257.0,35786.0
32660,2588462,2624233.0,2624285.0,35771.0
32655,2588364,2624156.0,2624414.0,35792.0
32666,2588703,2624414.0,2624444.0,35711.0
32664,2588593,2624414.0,2624467.0,35821.0
32672,2589064,2624467.0,2624473.0,35403.0
32670,2588977,2624467.0,2624489.0,35490.0
32669,2588929,2624467.0,2624491.0,35538.0
32671,2589001,2624467.0,2624517.0,35466.0
32675,2589151,2624467.0,2624517.0,35316.0
32656,2588409,2624233.0,2624523.0,35824.0
32678,2589229,2624523.0,2624549.0,35294.0
32677,2589206,2624523.0,2624563.0,35317.0
32668,2588735,2624467.0,2624608.0,35732.0
32662,2588503,2624233.0,2624650.0,35730.0
32667,2588726,2624467.0,2624653.0,35741.0
32661,2588476,2624233.0,2624677.0,35757.0
32674,2589126,2624467.0,2624677.0,35341.0
32681,2589283,2624653.0,2624964.0,35370.0
32680,2589261,2624653.0,2624982.0,35392.0
32644,2587866,2624883.0,2625084.0,37017.0
32647,2587988,2625575.0,2625651.0,37587.0
32683,2589518,2625651.0,2625695.0,36133.0
32676,2589187,2624523.0,2626568.0,35336.0
32684,2589588,2629477.0,2629508.0,39889.0
32686,2589627,2629450.0,2629596.0,39823.0
32682,2589452,2629884.0,2630012.0,40432.0
32679,2589232,2629033.0,2631035.0,39801.0
32688,2589757,2631812.0,2631900.0,42055.0
32687,2589695,2631812.0,2631926.0,42117.0
32690,2589944,2631926.0,2631987.0,41982.0
32692,2590037,2631987.0,2632060.0,41950.0
32694,2590066,2632060.0,2632089.0,41994.0
32698,2590232,2632060.0,2632101.0,41828.0
32696,2590161,2632060.0,2632104.0,41899.0
32701,2590269,2632060.0,2632159.0,41791.0
32700,2590250,2632060.0,2632196.0,41810.0
32704,2590308,2632196.0,2632214.0,41888.0
32699,2590237,2632060.0,2632262.0,41823.0
32708,2590505,2632262.0,2632281.0,41757.0
32707,2590402,2632196.0,2632311.0,41794.0
32711,2590645,2632281.0,2632318.0,41636.0
32702,2590280,2632159.0,2632447.0,41879.0
32709,2590510,2632262.0,2632473.0,41752.0
32706,2590399,2632196.0,2632478.0,41797.0
32705,2590371,2632196.0,2632502.0,41825.0
32710,2590591,2632281.0,2632744.0,41690.0
32714,2590891,2632744.0,2633094.0,41853.0
32715,2591065,2633094.0,2633244.0,42029.0
32716,2591218,2633244.0,2633400.0,42026.0
32721,2591378,2633400.0,2633423.0,42022.0
32719,2591315,2633400.0,2633448.0,42085.0
32720,2591358,2633400.0,2633517.0,42042.0
32724,2591434,2633400.0,2633633.0,41966.0
32722,2591407,2633400.0,2633657.0,41993.0
32725,2591439,2633517.0,2633773.0,42078.0
32723,2591430,2633400.0,2635141.0,41970.0
32717,2591246,2633400.0,2635587.0,42154.0
32689,2589816,2635835.0,2635948.0,46019.0
32729,2591714,2635948.0,2636177.0,44234.0
32732,2591867,2635948.0,2636227.0,44081.0
32728,2591703,2635948.0,2636247.0,44245.0
32734,2591962,2636177.0,2636299.0,44215.0
32737,2592241,2636247.0,2636307.0,44006.0
32740,2592531,2636299.0,2636317.0,43768.0
32738,2592427,2636299.0,2636329.0,43872.0
32741,2592558,2636307.0,2636376.0,43749.0
32736,2592227,2636227.0,2636476.0,44000.0
32743,2592642,2636376.0,2636495.0,43734.0
32742,2592597,2636329.0,2636524.0,43732.0
32745,2592822,2636524.0,2636559.0,43702.0
32744,2592656,2636495.0,2636640.0,43839.0
32752,2593319,2636640.0,2636649.0,43321.0
32747,2593065,2636524.0,2636694.0,43459.0
32750,2593191,2636640.0,2636702.0,43449.0
32748,2593141,2636640.0,2636767.0,43499.0
32755,2593416,2636767.0,2636772.0,43351.0
32757,2593492,2636767.0,2636866.0,43275.0
32760,2593639,2636767.0,2636879.0,43128.0
32712,2590748,2636996.0,2637110.0,46248.0
32764,2594327,2637110.0,2637297.0,42783.0
32753,2593366,2636767.0,2637421.0,43401.0
32768,2594629,2637297.0,2637456.0,42668.0
32778,2594925,2637456.0,2637490.0,42531.0
32781,2595090,2637490.0,2637516.0,42400.0
32773,2594824,2637421.0,2637562.0,42597.0
32782,2595107,2637516.0,2637675.0,42409.0
32785,2595282,2637562.0,2637740.0,42280.0
32786,2595377,2637740.0,2637741.0,42363.0
32787,2595418,2637741.0,2637764.0,42323.0
32783,2595140,2637562.0,2637794.0,42422.0
32789,2595549,2637794.0,2637828.0,42245.0
32788,2595523,2637764.0,2637879.0,42241.0
32791,2595647,2637879.0,2637968.0,42232.0
32792,2595656,2637968.0,2637990.0,42312.0
32795,2595883,2637990.0,2638019.0,42107.0
32793,2595724,2637968.0,2638021.0,42244.0
32794,2595827,2637968.0,2638021.0,42141.0
32797,2596063,2638019.0,2638041.0,41956.0
32749,2593174,2636640.0,2638049.0,43466.0
32801,2596185,2638019.0,2638084.0,41834.0
32798,2596121,2638019.0,2638126.0,41898.0
32800,2596179,2638019.0,2638208.0,41840.0
32799,2596177,2638019.0,2638554.0,41842.0
32805,2596368,2638041.0,2639139.0,41673.0
32726,2591454,2639941.0,2640316.0,48487.0
32806,2596449,2640316.0,2640522.0,43867.0
32812,2596677,2640522.0,2640572.0,43845.0
32817,2597056,2640572.0,2640737.0,43516.0
32818,2597130,2640737.0,2640972.0,43607.0
32824,2597672,2640972.0,2641225.0,43300.0
32774,2594850,2641440.0,2641448.0,46590.0
32775,2594877,2641440.0,2641463.0,46563.0
32770,2594757,2641440.0,2641464.0,46683.0
32771,2594815,2641440.0,2641471.0,46625.0
32780,2595028,2641440.0,2641484.0,46412.0
32767,2594585,2641324.0,2641520.0,46739.0
32769,2594735,2641440.0,2641573.0,46705.0
32835,2598359,2641520.0,2641704.0,43161.0
32766,2594550,2641572.0,2641809.0,47022.0
32831,2598121,2641225.0,2641831.0,43104.0
32772,2594818,2641440.0,2641862.0,46622.0
32839,2598581,2641862.0,2642099.0,43281.0
32776,2594917,2641440.0,2642262.0,46523.0
32838,2598574,2641831.0,2642313.0,43257.0
32779,2594995,2641440.0,2642657.0,46445.0
32826,2597770,2642772.0,2642788.0,45002.0
32830,2598073,2642772.0,2642797.0,44699.0
32822,2597545,2642768.0,2642807.0,45223.0
32810,2596629,2642926.0,2642945.0,46297.0
32808,2596544,2642926.0,2642959.0,46382.0
32807,2596483,2642926.0,2642966.0,46443.0
32809,2596590,2642926.0,2643047.0,46336.0
32823,2597625,2642768.0,2643067.0,45143.0
32804,2596365,2638041.0,2643190.0,41676.0
32821,2597492,2642768.0,2643203.0,45276.0
32803,2596323,2638041.0,2643232.0,41718.0
32827,2597962,2642772.0,2643341.0,44810.0
32814,2596848,2643354.0,2643373.0,46506.0
32845,2598839,2643232.0,2643379.0,44393.0
32820,2597357,2642768.0,2643455.0,45411.0
32811,2596669,2643354.0,2643458.0,46685.0
32833,2598194,2643320.0,2643481.0,45126.0
32840,2598687,2642099.0,2643505.0,43412.0
32846,2598906,2643481.0,2643523.0,44575.0
32815,2596877,2643354.0,2643524.0,46477.0
32849,2599133,2643523.0,2643563.0,44390.0
32844,2598826,2643232.0,2643645.0,44406.0
32851,2599293,2643645.0,2643678.0,44352.0
32850,2599251,2643563.0,2643689.0,44312.0
32853,2599396,2643689.0,2643748.0,44293.0
32854,2599455,2643689.0,2643791.0,44234.0
32852,2599341,2643678.0,2643851.0,44337.0
32857,2599622,2643851.0,2643879.0,44229.0
32855,2599461,2643748.0,2643901.0,44287.0
32858,2599670,2643901.0,2643964.0,44231.0
32847,2598951,2643481.0,2643982.0,44530.0
32859,2599808,2643964.0,2644004.0,44156.0
32816,2596881,2643939.0,2644009.0,47058.0
32864,2599941,2644004.0,2644031.0,44063.0
32862,2599892,2644004.0,2644035.0,44112.0
32865,2599972,2644035.0,2644066.0,44063.0
32856,2599525,2643851.0,2644116.0,44326.0
32872,2600397,2644116.0,2644181.0,43719.0
32869,2600176,2644066.0,2644204.0,43890.0
32889,2601360,2644204.0,2644210.0,42844.0
32888,2601303,2644181.0,2644216.0,42878.0
32891,2601495,2644216.0,2644235.0,42721.0
32890,2601423,2644210.0,2644270.0,42787.0
32870,2600182,2644116.0,2644310.0,43934.0
32848,2599089,2643481.0,2644519.0,44392.0
32893,2602218,2644310.0,2644607.0,42092.0
32894,2602249,2644607.0,2644634.0,42358.0
32874,2600536,2644116.0,2644879.0,43580.0
32867,2600090,2644066.0,2645253.0,43976.0
32836,2598384,2646284.0,2646475.0,47900.0
32884,2601061,2647062.0,2647065.0,46001.0
32885,2601156,2647062.0,2647092.0,45906.0
32886,2601201,2647062.0,2647092.0,45861.0
32883,2601054,2647062.0,2647146.0,46008.0
32887,2601266,2647457.0,2647586.0,46191.0
32842,2598729,2647607.0,2647774.0,48878.0
32879,2600724,2648281.0,2648388.0,47557.0
32877,2600567,2648281.0,2648443.0,47714.0
32861,2599878,2648324.0,2648526.0,48446.0
32876,2600566,2648281.0,2648972.0,47715.0
32895,2602294,2650053.0,2650091.0,47759.0
32899,2602464,2650091.0,2650118.0,47627.0
32897,2602429,2651275.0,2651301.0,48846.0
32898,2602443,2651275.0,2651315.0,48832.0
32900,2602500,2653326.0,2653360.0,50826.0
32902,2602541,2653360.0,2653410.0,50819.0
32904,2602814,2653410.0,2653425.0,50596.0
32907,2603158,2653410.0,2653426.0,50252.0
32908,2603223,2653410.0,2653436.0,50187.0
32901,2602519,2653326.0,2653443.0,50807.0
32912,2603525,2653443.0,2653557.0,49918.0
32911,2603315,2653436.0,2653563.0,50121.0
32905,2602858,2653410.0,2653639.0,50552.0
32926,2605548,2653639.0,2653659.0,48091.0
32916,2603951,2653557.0,2653686.0,49606.0
32931,2605804,2653686.0,2653704.0,47882.0
32927,2605656,2653639.0,2653757.0,47983.0
32928,2605673,2653659.0,2653786.0,47986.0
32932,2605818,2653704.0,2653786.0,47886.0
32930,2605691,2653686.0,2653820.0,47995.0
32919,2604832,2653563.0,2653840.0,48731.0
32936,2606259,2653820.0,2653842.0,47561.0
32933,2605830,2653757.0,2653844.0,47927.0
32937,2606365,2653842.0,2653863.0,47477.0
32938,2606479,2653844.0,2653877.0,47365.0
32934,2606123,2653786.0,2653909.0,47663.0
32943,2606783,2653877.0,2653979.0,47094.0
32942,2606704,2653877.0,2653998.0,47173.0
32939,2606536,2653863.0,2654008.0,47327.0
32944,2606875,2653909.0,2654035.0,47034.0
32945,2607058,2653979.0,2654074.0,46921.0
32923,2605124,2653563.0,2654107.0,48439.0
32946,2607072,2653998.0,2654144.0,46926.0
32948,2607271,2654074.0,2654198.0,46803.0
32947,2607144,2654035.0,2654250.0,46891.0
32949,2607466,2654144.0,2654264.0,46678.0
32953,2608125,2654264.0,2654290.0,46139.0
32950,2607567,2654198.0,2654305.0,46631.0
32954,2608252,2654305.0,2654326.0,46053.0
32955,2608282,2654326.0,2654379.0,46044.0
32951,2607728,2654250.0,2654390.0,46522.0
32956,2608377,2654379.0,2654460.0,46002.0
32957,2608547,2654379.0,2654467.0,45832.0
32959,2608979,2654390.0,2654489.0,45411.0
32952,2607818,2654264.0,2654601.0,46446.0
32960,2609211,2654601.0,2654801.0,45390.0
32940,2606545,2653863.0,2654924.0,47318.0
32961,2609262,2654801.0,2654942.0,45539.0
32963,2609670,2654942.0,2655095.0,45272.0
32903,2602599,2656115.0,2656142.0,53516.0
32965,2609692,2656142.0,2656154.0,46450.0
32968,2609846,2656154.0,2656241.0,46308.0
32969,2610229,2656154.0,2656525.0,45925.0
32966,2609706,2656154.0,2656671.0,46448.0
32962,2609346,2659289.0,2659320.0,49943.0
32970,2610607,2659320.0,2659326.0,48713.0
32974,2611246,2659326.0,2659519.0,48080.0
32975,2611546,2659326.0,2659537.0,47780.0
32976,2611629,2659537.0,2659691.0,47908.0
32979,2612066,2659691.0,2659727.0,47625.0
32977,2611642,2659691.0,2659735.0,48049.0
32978,2611833,2659691.0,2659827.0,47858.0
32981,2612250,2659735.0,2659861.0,47485.0
32980,2612244,2659691.0,2659876.0,47447.0
32982,2612476,2659876.0,2659882.0,47400.0
32984,2612607,2659882.0,2659933.0,47275.0
32983,2612483,2659882.0,2660072.0,47399.0
32985,2612698,2660072.0,2660200.0,47374.0
32989,2614086,2660200.0,2660205.0,46114.0
32996,2614755,2660200.0,2660219.0,45445.0
32991,2614183,2660200.0,2660232.0,46017.0
32997,2616031,2660200.0,2660249.0,44169.0
32987,2613595,2660200.0,2660251.0,46605.0
32988,2614048,2660200.0,2660252.0,46152.0
32999,2616692,2660200.0,2660252.0,43508.0
32990,2614160,2660200.0,2660253.0,46040.0
32992,2614324,2660200.0,2660283.0,45876.0
32998,2616406,2660200.0,2660287.0,43794.0
32995,2614528,2660200.0,2660289.0,45672.0
32986,2612847,2660200.0,2660400.0,47353.0
32964,2609688,2655095.0,2660621.0,45407.0
32994,2614442,2660200.0,2660738.0,45758.0
32993,2614419,2660200.0,2660757.0,45781.0
32973,2610951,2661325.0,2661500.0,50374.0
32972,2610731,2661325.0,2661529.0,50594.0
32971,2610615,2661471.0,2661581.0,50856.0
32967,2609719,2656154.0,2661651.0,46435.0
33001,2617024,2661651.0,2661869.0,44627.0
33003,2617329,2661869.0,2661896.0,44540.0
33004,2617764,2661869.0,2661912.0,44105.0
33002,2617163,2661869.0,2661920.0,44706.0
32958,2608941,2654390.0,2662815.0,45449.0
33000,2616803,2665200.0,2665360.0,48397.0
33005,2624875,2667615.0,2667704.0,42740.0
33006,2624974,2667704.0,2678630.0,42730.0
33007,2635904,2678630.0,2689555.0,42726.0
33040,2651614,2689555.0,2689569.0,37941.0
33023,2648857,2689555.0,2689576.0,40698.0
33042,2651697,2689555.0,2689593.0,37858.0
33015,2648248,2689555.0,2689594.0,41307.0
33041,2651638,2689555.0,2689595.0,37917.0
33016,2648322,2689555.0,2689618.0,41233.0
33048,2652183,2689595.0,2689639.0,37412.0
33052,2652474,2689639.0,2689666.0,37165.0
33044,2651886,2689576.0,2689667.0,37690.0
33018,2648406,2689555.0,2689674.0,41149.0
33053,2652614,2689666.0,2689704.0,37052.0
33024,2649057,2689555.0,2689706.0,40498.0
33045,2652041,2689593.0,2689722.0,37552.0
33055,2652883,2689667.0,2689729.0,36784.0
33056,2652995,2689704.0,2689747.0,36709.0
33060,2653448,2689747.0,2689798.0,36299.0
33057,2653092,2689722.0,2689817.0,36630.0
33030,2649471,2689555.0,2689852.0,40084.0
33062,2653597,2689798.0,2689854.0,36201.0
33091,2657381,2689854.0,2689875.0,32473.0
33069,2654250,2689854.0,2689883.0,35604.0
33078,2655692,2689854.0,2689883.0,34162.0
33066,2653829,2689817.0,2689885.0,35988.0
33083,2656591,2689854.0,2689892.0,33263.0
33032,2649963,2689555.0,2689896.0,39592.0
33058,2653224,2689729.0,2689903.0,36505.0
33081,2656240,2689854.0,2689904.0,33614.0
33092,2657495,2689854.0,2689905.0,32359.0
33077,2655455,2689854.0,2689913.0,34399.0
33087,2656737,2689854.0,2689915.0,33117.0
33103,2658351,2689885.0,2689918.0,31534.0
33094,2657627,2689883.0,2689921.0,32256.0
33068,2653939,2689854.0,2689924.0,35915.0
33098,2658085,2689885.0,2689931.0,31800.0
33097,2658059,2689883.0,2689948.0,31824.0
33105,2658487,2689885.0,2689952.0,31398.0
33109,2659086,2689903.0,2689958.0,30817.0
33122,2660433,2689924.0,2689969.0,29491.0
33093,2657528,2689875.0,2689971.0,32347.0
33107,2658800,2689885.0,2689994.0,31085.0
33108,2658806,2689903.0,2690004.0,31097.0
33089,2657135,2689854.0,2690015.0,32719.0
33125,2660831,2690004.0,2690022.0,29173.0
33111,2659258,2689903.0,2690026.0,30645.0
33121,2660371,2689924.0,2690026.0,29553.0
33104,2658431,2689885.0,2690029.0,31454.0
33117,2659766,2689915.0,2690031.0,30149.0
33115,2659720,2689913.0,2690040.0,30193.0
33119,2659976,2689918.0,2690110.0,29942.0
33123,2660517,2690004.0,2690288.0,29487.0
33126,2660973,2694771.0,2695228.0,33798.0
33138,2663358,2695228.0,2695229.0,31870.0
33140,2663428,2695229.0,2695231.0,31801.0
33137,2663288,2695228.0,2695251.0,31940.0
33139,2663381,2695228.0,2695252.0,31847.0
33135,2662555,2695228.0,2695258.0,32673.0
33141,2663445,2695231.0,2695263.0,31786.0
33131,2662050,2695228.0,2695272.0,33178.0
33142,2663540,2695251.0,2695273.0,31711.0
33143,2663582,2695252.0,2695275.0,31670.0
33145,2663701,2695273.0,2695276.0,31572.0
33130,2661931,2695228.0,2695281.0,33297.0
33147,2663831,2695275.0,2695299.0,31444.0
33149,2664080,2695276.0,2695299.0,31196.0
33144,2663620,2695263.0,2695320.0,31643.0
33148,2663952,2695276.0,2695453.0,31324.0
33146,2663717,2695275.0,2695456.0,31558.0
33150,2664136,2695453.0,2695562.0,31317.0
33152,2664339,2695562.0,2695629.0,31223.0
33151,2664259,2695562.0,2695698.0,31303.0
33164,2666344,2695698.0,2695703.0,29354.0
33155,2664546,2695698.0,2695731.0,31152.0
33165,2666378,2695698.0,2695731.0,29320.0
33158,2665645,2695698.0,2695733.0,30053.0
33162,2666223,2695698.0,2695746.0,29475.0
33180,2666908,2695731.0,2695808.0,28823.0
33166,2666433,2695698.0,2695835.0,29265.0
33182,2667079,2695731.0,2695873.0,28652.0
33172,2666663,2695698.0,2695908.0,29035.0
33187,2667290,2695873.0,2695961.0,28583.0
33178,2666802,2695731.0,2695967.0,28929.0
33185,2667247,2695835.0,2695972.0,28588.0
33190,2667550,2695967.0,2696001.0,28417.0
33191,2667564,2695967.0,2696003.0,28403.0
33193,2667734,2695967.0,2696047.0,28233.0
33194,2667792,2695972.0,2696127.0,28180.0
33188,2667367,2695967.0,2696148.0,28600.0
33199,2668115,2696148.0,2696187.0,28033.0
33201,2668135,2696148.0,2696226.0,28013.0
33197,2668013,2696148.0,2696234.0,28135.0
33203,2668173,2696226.0,2696433.0,28053.0
33214,2668964,2696433.0,2696463.0,27469.0
33202,2668166,2696148.0,2696589.0,27982.0
33210,2668449,2696433.0,2696622.0,27984.0
33204,2668188,2696226.0,2696651.0,28038.0
33221,2669204,2696589.0,2696868.0,27385.0
33195,2667808,2696148.0,2697459.0,28340.0
33226,2669491,2697459.0,2697800.0,27968.0
33264,2671160,2697800.0,2697836.0,26640.0
33259,2671036,2697800.0,2697869.0,26764.0
33253,2670802,2697800.0,2697955.0,26998.0
33251,2670580,2697800.0,2697998.0,27220.0
33250,2670554,2697800.0,2698021.0,27246.0
33256,2670966,2697800.0,2698254.0,26834.0
33175,2666742,2700028.0,2700048.0,33286.0
33184,2667136,2700028.0,2700128.0,32892.0
33177,2666777,2700028.0,2700194.0,33251.0
33183,2667129,2700028.0,2700253.0,32899.0
33224,2669463,2700708.0,2700732.0,31245.0
33220,2669168,2700847.0,2700876.0,31679.0
33216,2669042,2700847.0,2700955.0,31805.0
33215,2669028,2700927.0,2701096.0,31899.0
33153,2664348,2695562.0,2701102.0,31214.0
33275,2671667,2701102.0,2701105.0,29435.0
33222,2669226,2700847.0,2701107.0,31621.0
33278,2671720,2701102.0,2701126.0,29382.0
33276,2671676,2701102.0,2701135.0,29426.0
33292,2672343,2701102.0,2701137.0,28759.0
33280,2671756,2701102.0,2701140.0,29346.0
33290,2672280,2701102.0,2701176.0,28822.0
33294,2672383,2701102.0,2701177.0,28719.0
33315,2673527,2701177.0,2701202.0,27650.0
33321,2673895,2701202.0,2701206.0,27307.0
33287,2672057,2701102.0,2701224.0,29045.0
33317,2673602,2701202.0,2701233.0,27600.0
33322,2673978,2701206.0,2701251.0,27228.0
33307,2673031,2701137.0,2701256.0,28106.0
33234,2669744,2701422.0,2701444.0,31678.0
33285,2671953,2701102.0,2701483.0,29149.0
33227,2669495,2701422.0,2701491.0,31927.0
33246,2670449,2701451.0,2701509.0,31002.0
33306,2672973,2701135.0,2701548.0,28162.0
33323,2673981,2701483.0,2701681.0,27502.0
33249,2670523,2701668.0,2701691.0,31145.0
33268,2671297,2701668.0,2701867.0,30371.0
33270,2671553,2701668.0,2701915.0,30115.0
33237,2669840,2701668.0,2702789.0,31828.0
33265,2671168,2702669.0,2703821.0,31501.0
33337,2674482,2703821.0,2703826.0,29339.0
33325,2674108,2703821.0,2703842.0,29713.0
33329,2674240,2703821.0,2703845.0,29581.0
33339,2674788,2703821.0,2703871.0,29033.0
33327,2674170,2703821.0,2703874.0,29651.0
33333,2674298,2703821.0,2703896.0,29523.0
33348,2675265,2703871.0,2703916.0,28606.0
33332,2674293,2703821.0,2704016.0,29528.0
33345,2674925,2703842.0,2704024.0,28917.0
33355,2675964,2704016.0,2704036.0,28052.0
33331,2674269,2703821.0,2704037.0,29552.0
33343,2674896,2703842.0,2704048.0,28946.0
33369,2677044,2704048.0,2704075.0,27004.0
33354,2675713,2703896.0,2704089.0,28183.0
33368,2677025,2704048.0,2704103.0,27023.0
33375,2677352,2704089.0,2704124.0,26737.0
33378,2677617,2704124.0,2704157.0,26507.0
33377,2677583,2704103.0,2704159.0,26520.0
33361,2676428,2704036.0,2704174.0,27608.0
33335,2674385,2703821.0,2704182.0,29436.0
33383,2677864,2704174.0,2704193.0,26310.0
33384,2677892,2704182.0,2704241.0,26290.0
33379,2677725,2704174.0,2704286.0,26449.0
33386,2677943,2704241.0,2704302.0,26298.0
33362,2676569,2704037.0,2704490.0,27468.0
33370,2677136,2704089.0,2704534.0,26953.0
33302,2672826,2704928.0,2705065.0,32102.0
33391,2678381,2705065.0,2705080.0,26684.0
33389,2678066,2705065.0,2705109.0,26999.0
33154,2664391,2700028.0,2705531.0,35637.0
33397,2678581,2705531.0,2705550.0,26950.0
33393,2678429,2705531.0,2705583.0,27102.0
33400,2678802,2705583.0,2705617.0,26781.0
33403,2679053,2705617.0,2705650.0,26564.0
33324,2673983,2706348.0,2707503.0,32365.0
33420,2679973,2707503.0,2707509.0,27530.0
33414,2679595,2707503.0,2707516.0,27908.0
33409,2679337,2707503.0,2707543.0,28166.0
33422,2680047,2707503.0,2707564.0,27456.0
33408,2679227,2707503.0,2707573.0,28276.0
33413,2679545,2707503.0,2707588.0,27958.0
33271,2671560,2702053.0,2707601.0,30493.0
33415,2679619,2707503.0,2707608.0,27884.0
33342,2674855,2707589.0,2707618.0,32734.0
33430,2680517,2707601.0,2707619.0,27084.0
33429,2680462,2707601.0,2707639.0,27139.0
33347,2675254,2707589.0,2707649.0,32335.0
33427,2680296,2707601.0,2707689.0,27305.0
33432,2680561,2707618.0,2707699.0,27057.0
33431,2680540,2707608.0,2707708.0,27068.0
33438,2681050,2707649.0,2707714.0,26599.0
33407,2679131,2707503.0,2707758.0,28372.0
33405,2679109,2707503.0,2707780.0,28394.0
33423,2680049,2707509.0,2707799.0,27460.0
33418,2679908,2707503.0,2707813.0,27595.0
33440,2681212,2707799.0,2707829.0,26587.0
33439,2681056,2707758.0,2707843.0,26702.0
33447,2681441,2707843.0,2707858.0,26402.0
33441,2681283,2707829.0,2707862.0,26546.0
33445,2681393,2707843.0,2707879.0,26450.0
33450,2681519,2707862.0,2707887.0,26343.0
33426,2680261,2707601.0,2707891.0,27340.0
33340,2674801,2707589.0,2707893.0,32788.0
33411,2679424,2707503.0,2707901.0,28079.0
33448,2681473,2707862.0,2707903.0,26389.0
33410,2679403,2707503.0,2707922.0,28100.0
33451,2681526,2707879.0,2707956.0,26353.0
33455,2681672,2707903.0,2707956.0,26231.0
33454,2681664,2707891.0,2708019.0,26227.0
33453,2681648,2707891.0,2708099.0,26243.0
33443,2681322,2707843.0,2708135.0,26521.0
33458,2681957,2708135.0,2708176.0,26178.0
33136,2663161,2695228.0,2708502.0,32067.0
33387,2677959,2709334.0,2709419.0,31375.0
33461,2682056,2709419.0,2709471.0,27363.0
33399,2678687,2709880.0,2709938.0,31193.0
33392,2678399,2709909.0,2710069.0,31510.0
33425,2680222,2710350.0,2710460.0,30128.0
33424,2680074,2710450.0,2710716.0,30376.0
33456,2681839,2708135.0,2710769.0,26296.0
33475,2682881,2710769.0,2710784.0,27888.0
33478,2683111,2710769.0,2710789.0,27658.0
33480,2683240,2710769.0,2710809.0,27529.0
33477,2682938,2710769.0,2710811.0,27831.0
33495,2684493,2710789.0,2710817.0,26296.0
33490,2684245,2710784.0,2710829.0,26539.0
33483,2683574,2710769.0,2710836.0,27195.0
33494,2684461,2710789.0,2710841.0,26328.0
33499,2684768,2710809.0,2710892.0,26041.0
33476,2682897,2710769.0,2710896.0,27872.0
33469,2682585,2710769.0,2710900.0,28184.0
33493,2684433,2710789.0,2710985.0,26356.0
33505,2685024,2710985.0,2711005.0,25961.0
33273,2671593,2705532.0,2711048.0,33939.0
33506,2685064,2711005.0,2711087.0,25941.0
33496,2684646,2710789.0,2711090.0,26143.0
33502,2684849,2710985.0,2711123.0,26136.0
33486,2684031,2710784.0,2711159.0,26753.0
33508,2685211,2711123.0,2711166.0,25912.0
33515,2685543,2711166.0,2711187.0,25623.0
33510,2685294,2711166.0,2711198.0,25872.0
33500,2684778,2710817.0,2711204.0,26039.0
33517,2685621,2711187.0,2711208.0,25566.0
33518,2685699,2711198.0,2711209.0,25499.0
33521,2685861,2711209.0,2711211.0,25348.0
33519,2685768,2711204.0,2711216.0,25436.0
33520,2685811,2711208.0,2711229.0,25397.0
33522,2685873,2711211.0,2711231.0,25338.0
33507,2685068,2711123.0,2711274.0,26055.0
33509,2685288,2711123.0,2713346.0,25835.0
33459,2681965,2713302.0,2713471.0,31337.0
33531,2686161,2713471.0,2713509.0,27310.0
33530,2686131,2713471.0,2713528.0,27340.0
33534,2686352,2713509.0,2713530.0,27157.0
33535,2686387,2713528.0,2713552.0,27141.0
33536,2686420,2713552.0,2713588.0,27132.0
33537,2686487,2713588.0,2713626.0,27101.0
33538,2686559,2713626.0,2713668.0,27067.0
33539,2686637,2713668.0,2713718.0,27031.0
33540,2686655,2713718.0,2713872.0,27063.0
33543,2686785,2713872.0,2713880.0,27087.0
33544,2686823,2713880.0,2713948.0,27057.0
33546,2686885,2713948.0,2714041.0,27063.0
33466,2682201,2714271.0,2714349.0,32070.0
33468,2682446,2714869.0,2714991.0,32423.0
33464,2682138,2712819.0,2716014.0,30681.0
33527,2686027,2716029.0,2716058.0,30002.0
33463,2682116,2712976.0,2716191.0,30860.0
33526,2686019,2716074.0,2716345.0,30055.0
33523,2685874,2711231.0,2716757.0,25357.0
33524,2685915,2711274.0,2716762.0,25359.0
33561,2687964,2716762.0,2716783.0,28798.0
33562,2688025,2716762.0,2717039.0,28737.0
33552,2687101,2716757.0,2717522.0,29656.0
33567,2688453,2717522.0,2717564.0,29069.0
33563,2688101,2716762.0,2717867.0,28661.0
33549,2687015,2719791.0,2719822.0,32776.0
33548,2686975,2719791.0,2719873.0,32816.0
33557,2687687,2720991.0,2721048.0,33304.0
33551,2687086,2719149.0,2721196.0,32063.0
33555,2687558,2721145.0,2721207.0,33587.0
33550,2687056,2719791.0,2721868.0,32735.0
33564,2688103,2721839.0,2722000.0,33736.0
33571,2688747,2722667.0,2722699.0,33920.0
33575,2689051,2722699.0,2722739.0,33648.0
33578,2689326,2722699.0,2722754.0,33373.0
33579,2689466,2722699.0,2722781.0,33233.0
33573,2688828,2722699.0,2722808.0,33871.0
33580,2689476,2722699.0,2722815.0,33223.0
33582,2689614,2722739.0,2722815.0,33125.0
33595,2690131,2722815.0,2722834.0,32684.0
33594,2690080,2722815.0,2722854.0,32735.0
33593,2690045,2722815.0,2722855.0,32770.0
33585,2689708,2722739.0,2722862.0,33031.0
33588,2689843,2722815.0,2722873.0,32972.0
33602,2690473,2722873.0,2722882.0,32400.0
33599,2690384,2722862.0,2722900.0,32478.0
33604,2690545,2722873.0,2722900.0,32328.0
33590,2689918,2722815.0,2722940.0,32897.0
33615,2691579,2722940.0,2722957.0,31361.0
33584,2689701,2722739.0,2722978.0,33038.0
33605,2690573,2722873.0,2722989.0,32300.0
33614,2691536,2722940.0,2723009.0,31404.0
33618,2691682,2722989.0,2723018.0,31307.0
33613,2691385,2722900.0,2723039.0,31515.0
33621,2691785,2723018.0,2723047.0,31233.0
33622,2691868,2723039.0,2723067.0,31171.0
33623,2691919,2723047.0,2723075.0,31128.0
33598,2690324,2722862.0,2723082.0,32538.0
33607,2690611,2722873.0,2723091.0,32262.0
33624,2691933,2723067.0,2723096.0,31134.0
33626,2692336,2723067.0,2723110.0,30731.0
33620,2691743,2723009.0,2723139.0,31266.0
33631,2693247,2723091.0,2723143.0,29844.0
33625,2692038,2723067.0,2723144.0,31029.0
33629,2693131,2723082.0,2723155.0,29951.0
33628,2693124,2723075.0,2723156.0,29951.0
33609,2690804,2722882.0,2723239.0,32078.0
33627,2692822,2723067.0,2723325.0,30245.0
33583,2689654,2722739.0,2723357.0,33085.0
33630,2693206,2723082.0,2723548.0,29876.0
33610,2690883,2722900.0,2723645.0,32017.0
33616,2691636,2722989.0,2723673.0,31353.0
33597,2690178,2722862.0,2723865.0,32684.0
33596,2690157,2722855.0,2723876.0,32698.0
33619,2691704,2722989.0,2724401.0,31285.0
33572,2688788,2726007.0,2726051.0,37219.0
33643,2694643,2726051.0,2726536.0,31408.0
33641,2694450,2726051.0,2726662.0,31601.0
33640,2694248,2726051.0,2726870.0,31803.0
33577,2689103,2722699.0,2727082.0,33596.0
33642,2694479,2726051.0,2727277.0,31572.0
33646,2695090,2726870.0,2727485.0,31780.0
33644,2694696,2726536.0,2727545.0,31840.0
33635,2693464,2727896.0,2727941.0,34432.0
33637,2693607,2727944.0,2727987.0,34337.0
33636,2693529,2727944.0,2728087.0,34415.0
33633,2693320,2728676.0,2728692.0,35356.0
33634,2693365,2728676.0,2728750.0,35311.0
33632,2693251,2728665.0,2728840.0,35414.0
33653,2695704,2728840.0,2728841.0,33136.0
33650,2695237,2728840.0,2728843.0,33603.0
33651,2695448,2728840.0,2728843.0,33392.0
33652,2695578,2728840.0,2728843.0,33262.0
33659,2697688,2728843.0,2728846.0,31155.0
33654,2696741,2728841.0,2728891.0,32100.0
33656,2696823,2728843.0,2728905.0,32020.0
33658,2697281,2728843.0,2728923.0,31562.0
33657,2697128,2728843.0,2728925.0,31715.0
33655,2696746,2728843.0,2729024.0,32097.0
33660,2697703,2729024.0,2729185.0,31321.0
33662,2697963,2729185.0,2729345.0,31222.0
33669,2698975,2729345.0,2729365.0,30370.0
33671,2699082,2729345.0,2729391.0,30263.0
33668,2698880,2729345.0,2729392.0,30465.0
33667,2698432,2729345.0,2729415.0,30913.0
33670,2699032,2729345.0,2729419.0,30313.0
33666,2698317,2729345.0,2729424.0,31028.0
33677,2700155,2729419.0,2729504.0,29264.0
33678,2700340,2729424.0,2729507.0,29084.0
33679,2700452,2729507.0,2729560.0,29055.0
33680,2700524,2729560.0,2729678.0,29036.0
33681,2700574,2729678.0,2729736.0,29104.0
33682,2700665,2729736.0,2729828.0,29071.0
33683,2700700,2729828.0,2729899.0,29128.0
33684,2700783,2729899.0,2729921.0,29116.0
33674,2699161,2729345.0,2730390.0,30184.0
33673,2699140,2729345.0,2730408.0,30205.0
33639,2694088,2729201.0,2730818.0,35113.0
33672,2699110,2729345.0,2731055.0,30235.0
33689,2700925,2731055.0,2731068.0,30130.0
33686,2700824,2731055.0,2731182.0,30231.0
33645,2694768,2730851.0,2731225.0,36083.0
33694,2701155,2731225.0,2731247.0,30070.0
33696,2703081,2731225.0,2731263.0,28144.0
33695,2701159,2731225.0,2731283.0,30066.0
33649,2695225,2730851.0,2731331.0,35626.0
33697,2703142,2731225.0,2731356.0,28083.0
33699,2703533,2731283.0,2731410.0,27750.0
33698,2703492,2731283.0,2731529.0,27791.0
33700,2703781,2731356.0,2731789.0,27575.0
33647,2695165,2731882.0,2731885.0,36717.0
33648,2695194,2732345.0,2732348.0,37151.0
33661,2697777,2733492.0,2733520.0,35715.0
33663,2698028,2733492.0,2733540.0,35464.0
33664,2698166,2733550.0,2733594.0,35384.0
33665,2698234,2733550.0,2733599.0,35316.0
33688,2700835,2735208.0,2735271.0,34373.0
33692,2701051,2735618.0,2735624.0,34567.0
33693,2701087,2735618.0,2735627.0,34531.0
33691,2701002,2735618.0,2735637.0,34616.0
33701,2704409,2736210.0,2736569.0,31801.0
33685,2700812,2734721.0,2736798.0,33909.0
33687,2700834,2735208.0,2737267.0,34374.0
33675,2699288,2729345.0,2738280.0,30057.0
33676,2699312,2729415.0,2738326.0,30103.0
33690,2700964,2731182.0,2738445.0,30218.0
33702,2708061,2740437.0,2740594.0,32376.0
33703,2708236,2743245.0,2743342.0,35009.0
33735,2731473,2743342.0,2743413.0,11869.0
33745,2732790,2743413.0,2743495.0,10623.0
33770,2734596,2743413.0,2743496.0,8817.0
33755,2733444,2743413.0,2743548.0,9969.0
33757,2733699,2743413.0,2743553.0,9714.0
33741,2732573,2743413.0,2743605.0,10840.0
33754,2733401,2743413.0,2743892.0,10012.0
33797,2738176,2748353.0,2748781.0,10177.0
33798,2738624,2748781.0,2749220.0,10157.0
33799,2739078,2749220.0,2749572.0,10142.0
33800,2739497,2749572.0,2750124.0,10075.0
33802,2740080,2750124.0,2750413.0,10044.0
33811,2741406,2750413.0,2750529.0,9007.0
33813,2741608,2750529.0,2750650.0,8921.0
33871,2747102,2750650.0,2750653.0,3548.0
33880,2747760,2750650.0,2750655.0,2890.0
33882,2748300,2750650.0,2750655.0,2350.0
33850,2745320,2750650.0,2750656.0,5330.0
33872,2747198,2750650.0,2750677.0,3452.0
33845,2744813,2750650.0,2750683.0,5837.0
33868,2746770,2750650.0,2750683.0,3880.0
33841,2744401,2750650.0,2750684.0,6249.0
33846,2744911,2750650.0,2750684.0,5739.0
33866,2746246,2750650.0,2750708.0,4404.0
33851,2745346,2750650.0,2750710.0,5304.0
33879,2747694,2750650.0,2750710.0,2956.0
33821,2742573,2750650.0,2750723.0,8077.0
33855,2745500,2750650.0,2750749.0,5150.0
33844,2744639,2750650.0,2750750.0,6011.0
33848,2745033,2750650.0,2750750.0,5617.0
33865,2746104,2750650.0,2750753.0,4546.0
33870,2746945,2750650.0,2750758.0,3705.0
33878,2747521,2750650.0,2750776.0,3129.0
33835,2744045,2750650.0,2750808.0,6605.0
33883,2748325,2750808.0,2751474.0,2483.0
33884,2749004,2751474.0,2751640.0,2470.0
33885,2749180,2751640.0,2751867.0,2460.0
33886,2749424,2751867.0,2752205.0,2443.0
33897,2751344,2752205.0,2752214.0,861.0
33899,2751585,2752205.0,2752220.0,620.0
33891,2750042,2752205.0,2752254.0,2163.0
33890,2750008,2752205.0,2752265.0,2197.0
33896,2750979,2752205.0,2752291.0,1226.0
33898,2751488,2752205.0,2752294.0,717.0
33887,2749844,2752205.0,2752302.0,2361.0
33893,2750201,2752205.0,2752307.0,2004.0
33901,2751830,2752294.0,2752312.0,464.0
33895,2750383,2752205.0,2752318.0,1822.0
33900,2751634,2752291.0,2752423.0,657.0
33905,2752257,2752423.0,2752490.0,166.0
33904,2752121,2752423.0,2752497.0,302.0
33907,2752483,2752490.0,2752515.0,7.0
33903,2751958,2752423.0,2752525.0,465.0
33908,2752518,2752518.0,2752541.0,0.0
33909,2752566,2752566.0,2752762.0,0.0
33910,2752677,2752762.0,2752816.0,85.0
33911,2752749,2752816.0,2752860.0,67.0
33912,2752774,2752860.0,2752885.0,86.0
33914,2752867,2752867.0,2752907.0,0.0
33902,2751855,2752423.0,2753656.0,568.0
33915,2752873,2753656.0,2753727.0,783.0
33916,2752951,2753656.0,2753740.0,705.0
33892,2750134,2752205.0,2753916.0,2071.0
33918,2753077,2753740.0,2754032.0,663.0
33919,2753146,2754032.0,2754406.0,886.0
33920,2753213,2754406.0,2754552.0,1193.0
33921,2753428,2754552.0,2754707.0,1124.0
33889,2749973,2752205.0,2755235.0,2232.0
33888,2749950,2752205.0,2755257.0,2255.0
33927,2753824,2755257.0,2755301.0,1433.0
33929,2753870,2755301.0,2755336.0,1431.0
33945,2754952,2755336.0,2755340.0,384.0
33941,2754679,2755336.0,2755351.0,657.0
33947,2755156,2755336.0,2755352.0,180.0
33937,2754551,2755336.0,2755364.0,785.0
33940,2754611,2755336.0,2755390.0,725.0
33948,2755280,2755336.0,2755433.0,56.0
33934,2754230,2755301.0,2755463.0,1071.0
33939,2754605,2755336.0,2755477.0,731.0
33944,2754829,2755336.0,2755531.0,507.0
33894,2750375,2752205.0,2755652.0,1830.0
33951,2755400,2755652.0,2755685.0,252.0
33952,2755410,2755652.0,2756056.0,242.0
33943,2754726,2755336.0,2756972.0,610.0
33942,2754700,2755336.0,2756996.0,636.0
33936,2754504,2757660.0,2757727.0,3156.0
33935,2754421,2757707.0,2757847.0,3286.0
33917,2752982,2757707.0,2757881.0,4725.0
33926,2753777,2758832.0,2758895.0,5055.0
33925,2753592,2758832.0,2758978.0,5240.0
33922,2753437,2758832.0,2759024.0,5395.0
33960,2755889,2759024.0,2759152.0,3135.0
33961,2756007,2759152.0,2759195.0,3145.0
33949,2755356,2760151.0,2760382.0,4795.0
33964,2757101,2760382.0,2760421.0,3281.0
33924,2753523,2754707.0,2760441.0,1184.0
33965,2757148,2760421.0,2760496.0,3273.0
33969,2757280,2760441.0,2760531.0,3161.0
33972,2757496,2760496.0,2760613.0,3000.0
33976,2758066,2760531.0,2760628.0,2465.0
33983,2758862,2760628.0,2760720.0,1766.0
33978,2758557,2760628.0,2760741.0,2071.0
33974,2757758,2760531.0,2760796.0,2773.0
33985,2759259,2760796.0,2761399.0,1537.0
33990,2759912,2761399.0,2761458.0,1487.0
33987,2759480,2761399.0,2761503.0,1919.0
33997,2760439,2761458.0,2761519.0,1019.0
33996,2760388,2761399.0,2761524.0,1011.0
33991,2759967,2761399.0,2761551.0,1432.0
33988,2759675,2761399.0,2761567.0,1724.0
34002,2760690,2761524.0,2761612.0,834.0
34003,2760794,2761551.0,2761629.0,757.0
34001,2760630,2761524.0,2761633.0,894.0
34000,2760615,2761519.0,2761704.0,904.0
33992,2760003,2761399.0,2761716.0,1396.0
33959,2755850,2762681.0,2763924.0,6831.0
33973,2757502,2760531.0,2763962.0,3029.0
33967,2757236,2763952.0,2763979.0,6716.0
34013,2761540,2763962.0,2763985.0,2422.0
34011,2761465,2763962.0,2764018.0,2497.0
34010,2761399,2763962.0,2764037.0,2563.0
34019,2761831,2763985.0,2764040.0,2154.0
33966,2757167,2763995.0,2764044.0,6828.0
34017,2761593,2763962.0,2764052.0,2369.0
34028,2762257,2764044.0,2764071.0,1787.0
34027,2762227,2764040.0,2764073.0,1813.0
34015,2761568,2763962.0,2764077.0,2394.0
34018,2761773,2763962.0,2764085.0,2189.0
34005,2760944,2763924.0,2764091.0,2980.0
34031,2762367,2764073.0,2764096.0,1706.0
34009,2761319,2763962.0,2764121.0,2643.0
34008,2761117,2763924.0,2764198.0,2807.0
34029,2762300,2764071.0,2764243.0,1771.0
34014,2761544,2763962.0,2764287.0,2418.0
34020,2761873,2764037.0,2764458.0,2164.0
34006,2760991,2763924.0,2764462.0,2933.0
34033,2762493,2764458.0,2764538.0,1965.0
34034,2762638,2764462.0,2764550.0,1824.0
34032,2762436,2764287.0,2764557.0,1851.0
34041,2763059,2764557.0,2764566.0,1498.0
34040,2763028,2764557.0,2764581.0,1529.0
34039,2762987,2764557.0,2764668.0,1570.0
34042,2763186,2764557.0,2764673.0,1371.0
34036,2762731,2764557.0,2764689.0,1826.0
34035,2762730,2764557.0,2765004.0,1827.0
34025,2762118,2764040.0,2765086.0,1922.0
34024,2762094,2764040.0,2765107.0,1946.0
34004,2760935,2761716.0,2765144.0,781.0
34049,2764038,2765144.0,2765212.0,1106.0
34047,2763602,2765144.0,2765289.0,1542.0
34045,2763307,2765144.0,2765297.0,1837.0
34051,2764057,2765289.0,2765323.0,1232.0
34048,2764031,2765144.0,2765344.0,1113.0
34050,2764047,2765289.0,2765479.0,1242.0
34052,2764074,2765289.0,2765627.0,1215.0
33970,2757293,2763952.0,2765700.0,6659.0
33968,2757270,2763952.0,2765722.0,6682.0
34043,2763221,2765004.0,2766125.0,1783.0
33956,2755558,2760452.0,2769260.0,4894.0
33955,2755530,2760856.0,2769691.0,5326.0
34061,2764548,2769691.0,2769719.0,5143.0
34060,2764526,2769691.0,2769729.0,5165.0
34044,2763225,2769489.0,2770244.0,6264.0
34056,2764266,2769944.0,2770284.0,5678.0
34062,2764637,2769691.0,2770719.0,5054.0
34058,2764382,2771060.0,2774513.0,6678.0
34075,2765684,2774513.0,2774532.0,8829.0
34070,2765080,2774491.0,2774568.0,9411.0
34065,2764761,2774491.0,2774645.0,9730.0
34063,2764655,2774529.0,2774921.0,9874.0
34064,2764658,2774491.0,2775502.0,9833.0
34078,2765970,2774921.0,2775629.0,8951.0
34088,2766881,2775629.0,2775654.0,8748.0
34086,2766699,2775629.0,2775715.0,8930.0
34074,2765620,2776313.0,2776592.0,10693.0
34080,2765998,2775629.0,2776755.0,9631.0
34073,2765577,2774491.0,2776758.0,8914.0
34072,2765531,2774491.0,2776798.0,8960.0
34104,2767906,2776798.0,2776876.0,8892.0
34105,2768005,2776876.0,2776952.0,8871.0
34106,2768181,2776952.0,2777021.0,8771.0
34109,2768318,2777021.0,2777063.0,8703.0
34111,2768462,2777063.0,2777150.0,8601.0
34079,2765983,2779368.0,2779376.0,13385.0
34103,2767845,2776798.0,2780335.0,8953.0
34092,2767028,2780515.0,2780556.0,13487.0
34101,2767775,2780515.0,2780741.0,12740.0
34089,2766892,2780515.0,2781391.0,13623.0
34124,2769666,2781391.0,2781673.0,11725.0
34115,2768924,2782135.0,2782180.0,13211.0
34123,2769659,2782541.0,2782627.0,12882.0
34121,2769406,2782541.0,2782657.0,13135.0
34136,2770119,2782657.0,2782673.0,12538.0
34133,2769998,2782657.0,2782716.0,12659.0
34137,2770182,2782673.0,2782725.0,12491.0
34135,2770116,2782657.0,2782747.0,12541.0
34132,2769955,2782657.0,2782754.0,12702.0
34146,2770623,2782754.0,2782779.0,12131.0
34151,2770741,2782779.0,2782782.0,12038.0
34139,2770289,2782725.0,2782786.0,12436.0
34144,2770553,2782754.0,2782809.0,12201.0
34138,2770287,2782716.0,2782824.0,12429.0
34159,2771526,2782824.0,2782840.0,11298.0
34141,2770429,2782747.0,2782846.0,12318.0
34149,2770676,2782754.0,2782856.0,12078.0
34158,2771503,2782824.0,2782863.0,11321.0
34163,2771734,2782846.0,2782866.0,11112.0
34154,2771197,2782786.0,2782869.0,11589.0
34148,2770654,2782754.0,2782876.0,12100.0
34164,2771778,2782846.0,2782884.0,11068.0
34168,2771852,2782863.0,2782886.0,11011.0
34166,2771829,2782856.0,2782902.0,11027.0
34169,2771868,2782869.0,2782914.0,11001.0
34161,2771583,2782840.0,2782916.0,11257.0
34160,2771562,2782824.0,2782921.0,11262.0
34172,2771927,2782869.0,2782938.0,10942.0
34179,2772272,2782938.0,2782942.0,10666.0
34177,2772112,2782914.0,2782954.0,10802.0
34175,2771971,2782902.0,2782989.0,10931.0
34178,2772182,2782921.0,2783000.0,10739.0
34182,2772303,2783000.0,2783042.0,10697.0
34180,2772296,2782954.0,2783057.0,10658.0
34185,2772363,2783057.0,2783086.0,10694.0
34183,2772325,2783057.0,2783099.0,10732.0
34189,2772489,2783086.0,2783103.0,10597.0
34188,2772481,2783057.0,2783194.0,10576.0
34192,2772623,2783194.0,2783199.0,10571.0
34190,2772511,2783099.0,2783216.0,10588.0
34174,2771964,2782876.0,2783231.0,10912.0
34173,2771939,2782876.0,2783249.0,10937.0
34181,2772300,2783000.0,2783250.0,10700.0
34197,2772962,2783250.0,2783274.0,10288.0
34196,2772906,2783250.0,2783291.0,10344.0
34200,2773021,2783250.0,2783327.0,10229.0
34195,2772877,2783250.0,2783331.0,10373.0
34193,2772630,2783249.0,2783345.0,10619.0
34198,2772996,2783250.0,2783353.0,10254.0
34202,2773100,2783331.0,2783424.0,10231.0
34205,2773240,2783345.0,2783429.0,10105.0
34218,2774172,2783429.0,2783446.0,9257.0
34208,2773578,2783345.0,2783449.0,9767.0
34219,2774210,2783429.0,2783466.0,9219.0
34207,2773557,2783345.0,2783470.0,9788.0
34217,2774058,2783424.0,2783473.0,9366.0
34220,2774267,2783466.0,2783509.0,9199.0
34222,2774329,2783509.0,2783571.0,9180.0
34215,2773867,2783424.0,2783843.0,9557.0
34130,2769892,2783980.0,2784053.0,14088.0
34125,2769738,2784176.0,2784268.0,14438.0
34213,2773781,2783345.0,2784305.0,9564.0
34211,2773759,2783345.0,2784327.0,9586.0
34112,2768546,2784176.0,2784402.0,15630.0
34228,2774614,2784402.0,2784457.0,9788.0
34226,2774470,2784402.0,2784525.0,9932.0
34232,2774939,2784525.0,2784575.0,9586.0
34231,2774866,2784402.0,2784941.0,9536.0
34230,2774841,2784402.0,2784965.0,9561.0
34127,2769798,2785541.0,2785670.0,15743.0
34224,2774423,2788371.0,2788521.0,13948.0
34239,2775285,2788521.0,2788524.0,13236.0
34245,2775714,2790321.0,2790339.0,14607.0
34243,2775639,2790321.0,2790378.0,14682.0
34234,2775008,2790321.0,2790379.0,15313.0
34266,2777370,2790379.0,2790384.0,13009.0
34267,2777418,2790379.0,2790439.0,12961.0
34274,2778004,2790379.0,2790440.0,12375.0
34261,2777123,2790379.0,2790478.0,13256.0
34257,2776860,2790379.0,2790557.0,13519.0
34250,2776279,2790470.0,2790854.0,14191.0
34248,2775763,2790321.0,2791264.0,14558.0
34246,2775740,2790321.0,2791284.0,14581.0
34273,2777966,2790379.0,2791325.0,12413.0
34256,2776678,2790379.0,2791592.0,13701.0
34128,2769856,2781673.0,2792680.0,11817.0
34131,2769899,2782627.0,2793594.0,12728.0
34275,2778012,2795654.0,2795679.0,17642.0
34277,2778176,2795679.0,2795740.0,17503.0
34278,2778231,2795740.0,2795752.0,17509.0
34279,2778259,2795752.0,2795759.0,17493.0
34280,2778303,2795752.0,2795762.0,17449.0
34282,2778327,2795759.0,2795770.0,17432.0
34288,2778651,2795762.0,2795775.0,17111.0
34287,2778625,2795759.0,2795820.0,17134.0
34289,2778679,2795820.0,2795839.0,17141.0
34290,2778693,2795839.0,2795857.0,17146.0
34298,2779529,2795839.0,2795869.0,16310.0
34297,2779415,2795839.0,2795924.0,16424.0
34296,2779357,2795839.0,2796091.0,16482.0
34305,2779801,2796091.0,2796145.0,16290.0
34302,2779692,2795924.0,2796167.0,16232.0
34303,2779716,2796091.0,2796266.0,16375.0
34306,2779814,2796145.0,2796302.0,16331.0
34309,2780007,2796266.0,2796539.0,16259.0
34317,2780565,2796539.0,2796598.0,15974.0
34313,2780306,2796539.0,2796737.0,16233.0
34318,2780703,2796737.0,2797037.0,16034.0
34319,2780846,2797037.0,2797224.0,16191.0
34311,2780269,2796302.0,2797230.0,16033.0
34324,2781125,2797230.0,2797424.0,16105.0
34276,2778087,2797480.0,2797497.0,19393.0
34330,2781473,2797497.0,2797578.0,16024.0
34326,2781273,2797424.0,2797596.0,16151.0
34331,2781577,2797578.0,2797598.0,16001.0
34340,2781972,2797598.0,2797606.0,15626.0
34335,2781681,2797598.0,2797612.0,15917.0
34334,2781675,2797598.0,2797634.0,15923.0
34328,2781412,2797497.0,2797752.0,16085.0
34343,2782150,2797752.0,2797771.0,15602.0
34332,2781603,2797596.0,2797793.0,15993.0
34329,2781467,2797497.0,2797865.0,16030.0
34349,2782415,2797865.0,2797942.0,15450.0
34348,2782388,2797865.0,2797951.0,15477.0
34345,2782261,2797793.0,2798011.0,15532.0
34356,2782626,2798011.0,2798034.0,15385.0
34346,2782309,2797865.0,2798188.0,15556.0
34358,2782727,2798188.0,2798209.0,15461.0
34354,2782533,2798011.0,2798220.0,15478.0
34327,2781278,2797424.0,2798224.0,16146.0
34359,2782839,2798188.0,2798231.0,15349.0
34357,2782692,2798188.0,2798232.0,15496.0
34361,2782905,2798232.0,2798298.0,15327.0
34365,2783117,2798298.0,2798364.0,15181.0
34360,2782859,2798224.0,2798431.0,15365.0
34368,2783212,2798431.0,2798510.0,15219.0
34367,2783198,2798431.0,2798737.0,15233.0
34374,2784819,2798737.0,2798785.0,13918.0
34372,2783626,2798737.0,2798787.0,15111.0
34371,2783614,2798737.0,2798862.0,15123.0
34353,2782519,2797865.0,2799085.0,15346.0
34375,2784832,2798862.0,2799085.0,14030.0
34352,2782497,2797865.0,2799107.0,15368.0
34379,2785058,2799085.0,2799154.0,14027.0
34378,2784969,2799085.0,2799204.0,14116.0
34382,2785234,2799204.0,2799210.0,13970.0
34377,2784947,2799085.0,2799217.0,14138.0
34381,2785144,2799204.0,2799286.0,14060.0
34342,2782024,2797752.0,2799467.0,15728.0
34384,2785285,2799467.0,2799481.0,14182.0
34385,2785288,2799467.0,2799497.0,14179.0
34341,2781983,2797752.0,2799508.0,15769.0
34387,2785357,2799467.0,2799530.0,14110.0
34383,2785246,2799467.0,2799545.0,14221.0
34392,2785588,2799545.0,2799569.0,13957.0
34390,2785494,2799508.0,2799580.0,14014.0
34389,2785455,2799508.0,2799605.0,14053.0
34308,2779987,2796167.0,2799630.0,16180.0
34391,2785571,2799545.0,2799696.0,13974.0
34396,2785798,2799630.0,2799701.0,13832.0
34398,2786026,2799696.0,2799757.0,13670.0
34407,2786596,2799701.0,2799782.0,13105.0
34400,2786160,2799701.0,2799789.0,13541.0
34404,2786304,2799701.0,2799821.0,13397.0
34397,2785925,2799696.0,2800015.0,13771.0
34402,2786252,2799701.0,2800037.0,13449.0
34388,2785434,2799508.0,2800304.0,14074.0
34393,2785617,2799569.0,2802646.0,13952.0
34394,2785639,2799605.0,2802664.0,13966.0
34370,2783287,2802834.0,2802855.0,19547.0
34376,2784882,2803310.0,2803370.0,18428.0
34380,2785105,2803310.0,2803485.0,18205.0
34408,2786820,2804501.0,2804529.0,17681.0
34413,2787553,2804529.0,2804542.0,16976.0
34415,2787685,2804542.0,2804583.0,16857.0
34419,2787826,2804583.0,2804623.0,16757.0
34421,2787981,2804623.0,2804719.0,16642.0
34411,2787266,2804529.0,2804741.0,17263.0
34424,2788539,2804741.0,2804759.0,16202.0
34422,2788155,2804719.0,2804997.0,16564.0
34410,2786925,2807655.0,2807850.0,20730.0
34426,2788823,2809797.0,2810243.0,20974.0
34430,2790105,2810243.0,2810262.0,20138.0
34431,2790178,2810243.0,2810262.0,20065.0
34432,2790258,2810243.0,2810264.0,19985.0
34428,2789833,2810243.0,2810266.0,20410.0
34433,2790286,2810243.0,2810266.0,19957.0
34434,2790330,2810243.0,2810347.0,19913.0
34436,2790481,2810347.0,2810807.0,19866.0
34438,2791087,2810807.0,2811276.0,19720.0
34446,2793299,2811276.0,2811495.0,17977.0
34454,2794458,2811495.0,2822421.0,17037.0
34455,2805389,2822421.0,2822506.0,17032.0
34463,2806855,2822506.0,2822530.0,15651.0
34473,2810721,2822506.0,2822589.0,11785.0
34474,2810815,2822589.0,2822945.0,11774.0
34475,2811172,2822945.0,2822993.0,11773.0
34476,2811390,2822945.0,2823062.0,11555.0
34478,2811515,2823062.0,2823152.0,11547.0
34480,2811654,2823152.0,2823169.0,11498.0
34499,2815770,2823152.0,2823273.0,7382.0
34539,2822362,2823152.0,2823279.0,790.0
34505,2816107,2823152.0,2823292.0,7045.0
34489,2813911,2823152.0,2823323.0,9241.0
34514,2817658,2823152.0,2823404.0,5494.0
34508,2817284,2823152.0,2823436.0,5868.0
34496,2815034,2823152.0,2823438.0,8118.0
34546,2823394,2823394.0,2823497.0,0.0
34542,2822976,2823152.0,2823562.0,176.0
34548,2823509,2823509.0,2823623.0,0.0
34533,2821578,2823152.0,2823880.0,1574.0
34550,2823859,2823859.0,2823982.0,0.0
34530,2820626,2823152.0,2824095.0,2526.0
34552,2824107,2824107.0,2824195.0,0.0
34553,2824323,2824323.0,2824449.0,0.0
34517,2818683,2823152.0,2825069.0,4469.0
34562,2825496,2827969.0,2828081.0,2473.0
34569,2826685,2828485.0,2828701.0,1800.0
34571,2826976,2828776.0,2828899.0,1800.0
34572,2827134,2828934.0,2829041.0,1800.0
34573,2827290,2829090.0,2829210.0,1800.0
34560,2825220,2829249.0,2829365.0,4029.0
34602,2832739,2834539.0,2834560.0,1800.0
34616,2834577,2834577.0,2834647.0,0.0
34617,2834672,2834672.0,2834689.0,0.0
34603,2832872,2834672.0,2834692.0,1800.0
34619,2834703,2834703.0,2834748.0,0.0
34618,2834695,2834695.0,2834778.0,0.0
34621,2834764,2834764.0,2834784.0,0.0
34622,2834793,2834793.0,2834809.0,0.0
34623,2834837,2834837.0,2834860.0,0.0
34604,2833071,2834871.0,2834911.0,1800.0
34605,2833161,2834961.0,2835015.0,1800.0
34627,2835100,2835100.0,2835266.0,0.0
34608,2833562,2835362.0,2835424.0,1800.0
34613,2833830,2835630.0,2835776.0,1800.0
34614,2834175,2835975.0,2836040.0,1800.0
34639,2836059,2836059.0,2836179.0,0.0
34624,2834874,2836674.0,2836712.0,1800.0
34625,2834932,2836732.0,2836829.0,1800.0
34645,2836652,2836829.0,2836930.0,177.0
34643,2836589,2836829.0,2836966.0,240.0
34649,2836970,2836970.0,2837053.0,0.0
34648,2836762,2836966.0,2837058.0,204.0
34629,2835168,2836968.0,2837085.0,1800.0
34634,2835680,2837480.0,2837565.0,1800.0
34636,2835860,2837660.0,2837701.0,1800.0
34637,2835965,2837765.0,2837806.0,1800.0
34638,2836039,2837839.0,2837908.0,1800.0
34641,2836437,2838237.0,2838340.0,1800.0
34633,2835583,2840066.0,2840101.0,4483.0
34655,2839054,2841858.0,2841875.0,2804.0
34651,2837660,2841858.0,2841935.0,4198.0
34652,2837985,2841858.0,2841936.0,3873.0
34650,2837421,2841858.0,2841998.0,4437.0
34653,2838271,2842501.0,2842644.0,4230.0
34654,2838985,2843140.0,2843273.0,4155.0
34656,2839175,2847444.0,2847541.0,8269.0
34658,2839290,2847541.0,2847621.0,8251.0
34657,2839277,2847541.0,2847762.0,8264.0
34659,2839502,2847762.0,2847856.0,8260.0
34665,2841555,2847856.0,2847869.0,6301.0
34687,2844615,2847856.0,2847874.0,3241.0
34686,2844567,2847856.0,2847891.0,3289.0
34660,2839623,2847856.0,2847925.0,8233.0
34666,2841680,2847856.0,2847950.0,6176.0
34663,2841289,2847856.0,2847965.0,6567.0
34661,2839878,2847856.0,2847997.0,7978.0
34679,2843558,2847856.0,2847999.0,4298.0
34669,2842207,2847856.0,2848006.0,5649.0
34677,2843262,2847856.0,2848014.0,4594.0
34668,2842010,2847856.0,2848033.0,5846.0
34675,2842758,2847856.0,2848334.0,5098.0
34689,2844660,2847856.0,2849854.0,3196.0
34688,2844638,2847856.0,2849873.0,3218.0
34724,2851730,2853530.0,2853624.0,1800.0
34729,2852497,2854297.0,2854503.0,1800.0
34737,2853511,2854503.0,2854570.0,992.0
34739,2853842,2854570.0,2854610.0,728.0
34726,2851854,2854673.0,2854756.0,2819.0
34740,2854124,2854610.0,2854774.0,486.0
34747,2854444,2854774.0,2854839.0,330.0
34727,2852189,2853989.0,2854919.0,1800.0
34745,2854413,2854756.0,2854937.0,343.0
34749,2854958,2854958.0,2855035.0,0.0
34751,2855177,2855177.0,2855301.0,0.0
34750,2855124,2855124.0,2855327.0,0.0
34735,2853275,2855424.0,2855582.0,2149.0
34753,2855507,2855507.0,2855610.0,0.0
34777,2857019,2859719.0,2859721.0,2700.0
34781,2857801,2859719.0,2859723.0,1918.0
34782,2857810,2859719.0,2859729.0,1909.0
34778,2857046,2859719.0,2859739.0,2673.0
34767,2856499,2859719.0,2859744.0,3220.0
34771,2856579,2859719.0,2859748.0,3140.0
34764,2856418,2859719.0,2859750.0,3301.0
34769,2856539,2859719.0,2859753.0,3180.0
34779,2857074,2859719.0,2859754.0,2645.0
34772,2856692,2859719.0,2859755.0,3027.0
34763,2856361,2859719.0,2859768.0,3358.0
34773,2856780,2859719.0,2859777.0,2939.0
34776,2856946,2859719.0,2859803.0,2773.0
34761,2856177,2860127.0,2860168.0,3950.0
34791,2858301,2860382.0,2860407.0,2081.0
34788,2858158,2860382.0,2860412.0,2224.0
34787,2858066,2860382.0,2860413.0,2316.0
34789,2858193,2860382.0,2860414.0,2189.0
34792,2858332,2860382.0,2860414.0,2050.0
34758,2855962,2860382.0,2860423.0,4420.0
34760,2856094,2860410.0,2860450.0,4316.0
34794,2858667,2860467.0,2860482.0,1800.0
34784,2857873,2860382.0,2860544.0,2509.0
34795,2858726,2860526.0,2860547.0,1800.0
34796,2858832,2860632.0,2860638.0,1800.0
34762,2856222,2860127.0,2860713.0,3905.0
34790,2858240,2860382.0,2860728.0,2142.0
34797,2858847,2865223.0,2865228.0,6376.0
34800,2858973,2865228.0,2865231.0,6255.0
34801,2859033,2865228.0,2865231.0,6195.0
34802,2859064,2865228.0,2865231.0,6164.0
34803,2859182,2865228.0,2865231.0,6046.0
34807,2859279,2865228.0,2865231.0,5949.0
34810,2859341,2865228.0,2865231.0,5887.0
34812,2859536,2865228.0,2865231.0,5692.0
34814,2859596,2865228.0,2865231.0,5632.0
34816,2860264,2865228.0,2865232.0,4964.0
34799,2858918,2865228.0,2865242.0,6310.0
34818,2860357,2865242.0,2865566.0,4885.0
34819,2860709,2865566.0,2865571.0,4857.0
34820,2860743,2865571.0,2865765.0,4828.0
34823,2861247,2865765.0,2865894.0,4518.0
34821,2860970,2865765.0,2866030.0,4795.0
34824,2861480,2866030.0,2866268.0,4550.0
34829,2862195,2866268.0,2866275.0,4073.0
34834,2862833,2866268.0,2866282.0,3435.0
34826,2862055,2866268.0,2866291.0,4213.0
34830,2862448,2866268.0,2866292.0,3820.0
34825,2861723,2866268.0,2866579.0,4545.0
34831,2862475,2866268.0,2866625.0,3793.0
34827,2862076,2866268.0,2866637.0,4192.0
34835,2862962,2871092.0,2871259.0,8130.0
34844,2864375,2871259.0,2871276.0,6884.0
34848,2864778,2871276.0,2871557.0,6498.0
34850,2864923,2871557.0,2871566.0,6634.0
34849,2864920,2871557.0,2871581.0,6637.0
34853,2865409,2871557.0,2871637.0,6148.0
34857,2865960,2871557.0,2871643.0,5597.0
34861,2866159,2871557.0,2871683.0,5398.0
34845,2864421,2871259.0,2871754.0,6838.0
34836,2863192,2871259.0,2871805.0,8067.0
34855,2865689,2871557.0,2871807.0,5868.0
34869,2867423,2871805.0,2871812.0,4382.0
34868,2867419,2871805.0,2871824.0,4386.0
34838,2863791,2871259.0,2871842.0,7468.0
34865,2866764,2871754.0,2871932.0,4990.0
34878,2868409,2871842.0,2872015.0,3433.0
34881,2868785,2871932.0,2872075.0,3147.0
34879,2868543,2871932.0,2872103.0,3389.0
34891,2869718,2872103.0,2872125.0,2385.0
34876,2867793,2871842.0,2872229.0,4049.0
34864,2866687,2871557.0,2872230.0,4870.0
34866,2866981,2871805.0,2872241.0,4824.0
34887,2869230,2872103.0,2872248.0,2873.0
34889,2869551,2872103.0,2872298.0,2552.0
34895,2870234,2872241.0,2872439.0,2007.0
34905,2871319,2872439.0,2872445.0,1120.0
34904,2871311,2872439.0,2872461.0,1128.0
34901,2870710,2872241.0,2872480.0,1531.0
34907,2871359,2872439.0,2872700.0,1080.0
34883,2869041,2872103.0,2872775.0,3062.0
34871,2867525,2871842.0,2872809.0,4317.0
34902,2870792,2872439.0,2872956.0,1647.0
34909,2871601,2872956.0,2873188.0,1355.0
34908,2871447,2872809.0,2873264.0,1362.0
34917,2872297,2873264.0,2873366.0,967.0
34913,2872068,2873264.0,2873547.0,1196.0
34918,2872546,2873547.0,2874007.0,1001.0
34921,2873456,2874007.0,2874425.0,551.0
34928,2873966,2874425.0,2874626.0,459.0
34892,2869744,2876443.0,2876448.0,6699.0
34893,2869755,2876483.0,2876490.0,6728.0
34906,2871328,2876925.0,2876934.0,5597.0
34927,2873955,2878166.0,2878184.0,4211.0
34930,2874281,2878064.0,2878201.0,3783.0
34936,2875149,2879426.0,2879486.0,4277.0
34938,2875497,2879426.0,2879519.0,3929.0
34940,2875767,2879426.0,2879643.0,3659.0
34942,2876178,2879426.0,2879834.0,3248.0
34954,2878061,2884319.0,2884375.0,6258.0
34955,2878185,2884375.0,2885142.0,6190.0
34957,2879286,2885142.0,2885414.0,5856.0
34961,2880000,2885414.0,2885422.0,5414.0
34966,2880394,2885414.0,2885433.0,5020.0
34969,2880681,2885433.0,2885437.0,4752.0
34970,2880797,2885437.0,2885453.0,4640.0
34962,2880205,2885414.0,2885503.0,5209.0
34959,2879607,2885142.0,2885533.0,5535.0
34979,2881882,2885533.0,2885926.0,3651.0
34971,2880858,2885453.0,2885967.0,4595.0
35017,2889706,2891506.0,2891556.0,1800.0
35018,2889789,2891589.0,2891863.0,1800.0
34972,2880861,2885533.0,2894729.0,4672.0
35019,2890070,2896663.0,2907593.0,6593.0
35068,2913584,2915384.0,2915570.0,1800.0
35071,2915836,2915836.0,2916058.0,0.0
35069,2914232,2916032.0,2916099.0,1800.0
35072,2916156,2916156.0,2916281.0,0.0
35070,2915512,2917312.0,2917509.0,1800.0
35020,2901004,2907593.0,2918517.0,6589.0
35075,2917778,2919578.0,2919974.0,1800.0
35074,2917339,2920899.0,2921072.0,3560.0
35073,2916896,2921081.0,2921287.0,4185.0
35076,2920562,2923317.0,2923737.0,2755.0
35089,2924581,2926381.0,2926458.0,1800.0
35092,2924820,2926458.0,2926476.0,1638.0
35098,2925396,2926476.0,2926929.0,1080.0
35091,2924742,2926542.0,2927013.0,1800.0
35099,2925504,2927013.0,2927232.0,1509.0
35103,2926179,2927232.0,2927253.0,1053.0
35101,2925996,2927232.0,2927470.0,1236.0
35104,2926379,2927470.0,2927824.0,1091.0
35111,2926711,2927824.0,2927832.0,1113.0
35110,2926662,2927824.0,2927837.0,1162.0
35112,2926900,2927837.0,2928230.0,937.0
35088,2924209,2928537.0,2928634.0,4328.0
35077,2921681,2926087.0,2931065.0,4406.0
35115,2927474,2931065.0,2931080.0,3591.0
35116,2927481,2931065.0,2931088.0,3584.0
35118,2927634,2931088.0,2931363.0,3454.0
35122,2927939,2931363.0,2931375.0,3424.0
35123,2927957,2931363.0,2931380.0,3406.0
35121,2927911,2931363.0,2931383.0,3452.0
35125,2928016,2931383.0,2931590.0,3367.0
35137,2930576,2931590.0,2931799.0,1014.0
35140,2930808,2931799.0,2932097.0,991.0
35144,2931103,2932097.0,2932109.0,994.0
35145,2931108,2932097.0,2932112.0,989.0
35146,2931163,2932112.0,2932399.0,949.0
35148,2931587,2932399.0,2932944.0,812.0
35114,2927191,2933030.0,2933316.0,5839.0
35157,2932672,2933316.0,2933327.0,644.0
35158,2932676,2933316.0,2933338.0,640.0
35153,2932267,2932944.0,2933352.0,677.0
35159,2932758,2933352.0,2933510.0,594.0
35156,2932615,2933316.0,2933550.0,701.0
35161,2932938,2933352.0,2933827.0,414.0
35162,2933086,2933510.0,2933833.0,424.0
35166,2933709,2933833.0,2934238.0,124.0
35164,2933664,2933827.0,2934287.0,163.0
35171,2934323,2934323.0,2934581.0,0.0
35173,2934583,2934583.0,2934606.0,0.0
35174,2934593,2934593.0,2934716.0,0.0
35177,2941826,2943626.0,2943841.0,1800.0
35178,2942151,2943951.0,2944261.0,1800.0
35184,2943046,2944261.0,2944641.0,1215.0
35186,2943440,2944641.0,2944653.0,1201.0
35185,2943428,2944641.0,2944664.0,1213.0
35187,2943497,2944664.0,2944943.0,1167.0
35192,2944718,2944943.0,2945324.0,225.0
35193,2945100,2945324.0,2945339.0,224.0
35194,2945248,2945324.0,2945424.0,76.0
35195,2945304,2945424.0,2945718.0,120.0
35200,2945600,2945718.0,2945742.0,118.0
35197,2945463,2945718.0,2945862.0,255.0
35202,2945866,2945866.0,2945874.0,0.0
35179,2942525,2945641.0,2945935.0,3116.0
35205,2946765,2950518.0,2950604.0,3753.0
35219,2950079,2950604.0,2950703.0,525.0
35218,2949798,2950604.0,2950728.0,806.0
35208,2946882,2950735.0,2951682.0,3853.0
35224,2957296,2959096.0,2959517.0,1800.0
35203,2945943,2945943.0,2960926.0,0.0
35226,2958284,2960926.0,2961376.0,2642.0
35225,2957753,2961317.0,2961793.0,3564.0
35230,2960354,2961793.0,2961809.0,1439.0
35228,2959433,2961793.0,2962165.0,2360.0
35229,2959849,2961793.0,2962380.0,1944.0
35227,2958932,2965726.0,2966179.0,6794.0
35231,2967258,2970979.0,2981904.0,3721.0
35232,2978189,2981904.0,2981991.0,3715.0
35258,2981604,2981991.0,2982017.0,387.0
35255,2981207,2981991.0,2982386.0,784.0
35262,2981681,2982386.0,2982402.0,705.0
35284,2983896,2987202.0,2987298.0,3306.0
35288,2984276,2987186.0,2987313.0,2910.0
35285,2984043,2987186.0,2987332.0,3143.0
35312,2987553,2987553.0,2987675.0,0.0
35313,2987705,2987705.0,2987810.0,0.0
35261,2981679,2982017.0,2992944.0,338.0
35366,2993501,2995301.0,2995428.0,1800.0
35368,2993699,2995499.0,2995617.0,1800.0
35374,2994070,2995870.0,2995968.0,1800.0
35375,2994203,2996003.0,2996114.0,1800.0
35421,2999614,3001414.0,3001573.0,1800.0
35428,2999859,3001659.0,3001755.0,1800.0
35429,3000134,3001934.0,3002051.0,1800.0
35434,3000771,3002571.0,3002681.0,1800.0
35509,3009087,3010887.0,3010998.0,1800.0
35512,3009304,3010998.0,3011104.0,1694.0
35514,3009504,3011104.0,3011210.0,1600.0
35517,3009694,3011210.0,3011317.0,1516.0
35518,3009878,3011317.0,3011428.0,1439.0
35521,3010082,3011428.0,3011429.0,1346.0
35522,3010094,3011429.0,3011536.0,1335.0
35523,3010219,3011536.0,3011592.0,1317.0
35525,3010309,3011592.0,3011697.0,1283.0
35526,3010478,3011697.0,3011753.0,1219.0
35527,3010575,3011753.0,3011876.0,1178.0
35529,3010776,3011876.0,3011983.0,1100.0
35531,3010999,3011983.0,3012090.0,984.0
35532,3011176,3012090.0,3012146.0,914.0
35533,3011261,3012146.0,3012252.0,885.0
35534,3011412,3012252.0,3012360.0,840.0
35536,3011695,3012360.0,3012381.0,665.0
35538,3011925,3012360.0,3012416.0,435.0
35535,3011555,3012360.0,3012583.0,805.0
35537,3011749,3012360.0,3013025.0,611.0
35493,3007371,3009171.0,3014333.0,1800.0
35542,3012619,3014333.0,3014454.0,1714.0
35543,3012723,3014454.0,3014647.0,1731.0
35544,3012805,3014647.0,3014769.0,1842.0
35546,3012978,3014769.0,3014890.0,1791.0
35548,3013075,3014890.0,3015041.0,1815.0
35547,3012986,3014890.0,3015164.0,1904.0
35550,3013144,3015164.0,3015294.0,2020.0
35551,3013259,3015294.0,3015317.0,2035.0
35552,3013284,3015294.0,3015471.0,2010.0
35553,3013312,3015471.0,3015598.0,2159.0
35555,3013405,3015598.0,3015924.0,2193.0
35554,3013399,3015598.0,3016060.0,2199.0
35540,3012455,3017383.0,3017501.0,4928.0
35560,3013616,3017501.0,3017673.0,3885.0
35558,3013517,3017501.0,3018257.0,3984.0
35556,3013491,3020398.0,3020520.0,6907.0
35564,3013791,3020520.0,3020793.0,6729.0
35565,3013796,3020793.0,3020833.0,6997.0
35567,3013872,3020833.0,3020872.0,6961.0
35568,3013904,3020872.0,3021138.0,6968.0
35569,3013956,3021138.0,3021169.0,7182.0
35570,3014018,3021169.0,3021201.0,7151.0
35571,3014084,3021201.0,3021237.0,7117.0
35572,3014151,3021237.0,3021274.0,7086.0
35573,3014202,3021274.0,3021553.0,7072.0
35574,3014242,3021553.0,3021594.0,7311.0
35576,3014329,3021594.0,3021617.0,7265.0
35577,3014355,3021617.0,3021644.0,7262.0
35578,3014392,3021617.0,3021700.0,7225.0
35579,3014457,3021617.0,3022051.0,7160.0
35562,3013675,3022473.0,3022548.0,8798.0
35581,3014541,3022548.0,3022821.0,8007.0
35582,3014643,3022821.0,3022870.0,8178.0
35583,3014711,3022870.0,3022911.0,8159.0
35584,3014801,3022911.0,3022950.0,8110.0
35585,3014819,3022950.0,3023075.0,8131.0
35587,3014863,3022950.0,3023224.0,8087.0
35588,3014902,3023224.0,3023284.0,8322.0
35589,3014904,3023284.0,3023312.0,8380.0
35590,3014947,3023284.0,3023360.0,8337.0
35591,3015004,3023360.0,3023396.0,8356.0
35592,3015081,3023396.0,3023433.0,8315.0
35593,3015141,3023433.0,3023434.0,8292.0
35594,3015149,3023434.0,3023465.0,8285.0
35596,3015207,3023465.0,3023741.0,8258.0
35597,3015220,3023741.0,3023787.0,8521.0
35599,3015296,3023787.0,3023821.0,8491.0
35601,3015338,3023821.0,3023831.0,8483.0
35603,3015364,3023831.0,3023872.0,8467.0
35605,3015451,3023872.0,3023925.0,8421.0
35606,3015452,3023925.0,3024129.0,8473.0
35608,3015537,3023925.0,3024210.0,8388.0
35609,3015589,3024210.0,3024271.0,8621.0
35615,3016364,3024271.0,3024279.0,7907.0
35613,3016196,3024271.0,3024285.0,8075.0
35610,3015628,3024271.0,3024343.0,8643.0
35614,3016298,3024271.0,3024460.0,7973.0
35611,3015784,3024271.0,3024682.0,8487.0
35617,3016425,3024460.0,3024716.0,8035.0
35618,3016496,3024682.0,3024770.0,8186.0
35620,3016807,3024716.0,3025172.0,7909.0
35580,3014540,3026500.0,3026537.0,11960.0
35637,3018122,3026537.0,3026539.0,8415.0
35635,3017867,3026537.0,3026544.0,8670.0
35634,3017791,3026537.0,3026545.0,8746.0
35629,3017265,3026537.0,3026555.0,9272.0
35627,3017198,3026537.0,3026558.0,9339.0
35631,3017442,3026537.0,3026560.0,9095.0
35628,3017244,3026537.0,3026565.0,9293.0
35638,3018150,3026537.0,3026565.0,8387.0
35630,3017285,3026537.0,3026572.0,9252.0
35644,3018455,3026565.0,3026594.0,8110.0
35639,3018178,3026537.0,3026607.0,8359.0
35646,3018504,3026594.0,3026619.0,8090.0
35626,3017095,3026537.0,3026623.0,9442.0
35647,3018537,3026619.0,3026645.0,8082.0
35648,3018615,3026645.0,3026671.0,8030.0
35649,3018671,3026645.0,3026672.0,7974.0
35651,3019103,3026671.0,3026697.0,7568.0
35633,3017637,3026537.0,3026768.0,8900.0
35624,3017010,3029570.0,3029686.0,12560.0
35657,3019475,3029686.0,3029711.0,10211.0
35655,3019408,3029686.0,3029712.0,10278.0
35658,3019649,3029712.0,3029738.0,10063.0
35664,3019946,3029738.0,3029764.0,9792.0
35661,3019846,3029738.0,3029769.0,9892.0
35668,3020163,3029764.0,3029791.0,9601.0
35669,3020299,3029769.0,3029795.0,9470.0
35672,3020435,3029769.0,3029795.0,9334.0
35670,3020379,3029769.0,3029828.0,9390.0
35671,3020395,3029769.0,3029918.0,9374.0
35654,3019348,3031568.0,3031596.0,12220.0
35674,3020549,3034591.0,3034621.0,14042.0
35676,3020744,3034591.0,3034634.0,13847.0
35673,3020529,3034718.0,3034896.0,14189.0
35680,3021009,3034896.0,3034923.0,13887.0
35678,3020800,3034896.0,3034927.0,14096.0
35679,3020960,3034896.0,3034950.0,13936.0
35677,3020797,3034896.0,3035023.0,14099.0
35681,3021061,3034896.0,3035220.0,13835.0
35653,3019345,3026697.0,3037633.0,7352.0
35652,3019307,3026697.0,3037669.0,7390.0
35685,3021154,3037669.0,3037908.0,16515.0
35687,3021188,3037908.0,3037949.0,16720.0
35688,3021271,3037949.0,3037966.0,16678.0
35683,3021109,3039421.0,3039450.0,18312.0
35691,3021464,3039450.0,3039460.0,17986.0
35692,3021473,3039460.0,3039482.0,17987.0
35693,3021481,3039482.0,3039496.0,18001.0
35684,3021114,3039434.0,3039519.0,18320.0
35686,3021161,3040020.0,3040041.0,18859.0
35695,3021536,3039496.0,3040542.0,17960.0
35697,3021655,3041319.0,3041351.0,19664.0
35690,3021441,3042766.0,3042778.0,21325.0
35704,3022734,3042778.0,3042896.0,20044.0
35707,3022920,3042896.0,3043365.0,19976.0
35713,3023494,3043365.0,3043374.0,19871.0
35711,3023391,3043365.0,3043380.0,19974.0
35712,3023469,3043365.0,3043387.0,19896.0
35709,3023205,3043365.0,3043454.0,20160.0
35714,3023540,3043454.0,3043585.0,19914.0
35703,3022586,3042778.0,3043877.0,20192.0
35716,3023698,3043585.0,3044253.0,19887.0
35731,3024466,3044253.0,3044275.0,19787.0
35733,3024856,3044253.0,3044321.0,19397.0
35724,3024182,3044253.0,3044390.0,20071.0
35730,3024452,3044253.0,3044627.0,19801.0
35699,3021705,3044841.0,3044886.0,23136.0
35701,3022040,3044841.0,3044928.0,22801.0
35705,3022826,3045342.0,3045366.0,22516.0
35726,3024204,3044253.0,3045435.0,20049.0
35720,3023904,3043877.0,3045771.0,19973.0
35750,3026799,3045771.0,3045801.0,18972.0
35752,3026864,3045771.0,3045802.0,18907.0
35753,3026909,3045771.0,3045807.0,18862.0
35748,3026595,3045771.0,3045815.0,19176.0
35751,3026837,3045771.0,3045815.0,18934.0
35749,3026754,3045771.0,3045969.0,19017.0
35715,3023647,3046151.0,3046172.0,22504.0
35723,3024146,3046151.0,3046179.0,22005.0
35717,3023774,3046151.0,3046180.0,22377.0
35719,3023841,3046151.0,3046183.0,22310.0
35747,3026519,3045771.0,3046199.0,19252.0
35722,3024047,3046151.0,3046226.0,22104.0
35708,3023003,3046151.0,3046238.0,23148.0
35758,3027053,3046238.0,3046265.0,19185.0
35757,3026998,3046238.0,3046305.0,19240.0
35764,3027532,3046305.0,3046327.0,18773.0
35767,3027687,3046305.0,3046327.0,18618.0
35768,3027714,3046327.0,3046335.0,18613.0
35761,3027356,3046238.0,3046336.0,18882.0
35770,3027762,3046327.0,3046347.0,18565.0
35771,3027837,3046327.0,3046348.0,18490.0
35760,3027335,3046238.0,3046354.0,18903.0
35776,3028086,3046354.0,3046361.0,18268.0
35773,3027942,3046347.0,3046364.0,18405.0
35772,3027896,3046347.0,3046367.0,18451.0
35755,3026949,3046199.0,3046369.0,19250.0
35774,3027961,3046347.0,3046369.0,18386.0
35756,3026979,3046238.0,3046377.0,19259.0
35775,3028015,3046354.0,3046439.0,18339.0
35721,3023919,3046151.0,3046535.0,22232.0
35745,3026498,3047235.0,3047410.0,20737.0
35739,3025613,3044928.0,3047749.0,19315.0
35738,3025509,3049053.0,3049185.0,23544.0
35737,3025488,3049053.0,3049203.0,23565.0
35734,3024938,3049190.0,3049862.0,24252.0
35785,3029189,3051169.0,3051181.0,21980.0
35781,3029008,3051239.0,3051344.0,22231.0
35786,3029190,3049862.0,3051429.0,20672.0
35780,3028859,3052210.0,3052298.0,23351.0
35754,3026939,3050615.0,3052513.0,23676.0
35793,3029457,3053985.0,3054000.0,24528.0
35794,3029507,3053985.0,3054000.0,24478.0
35792,3029424,3054003.0,3054018.0,24579.0
35791,3029379,3054003.0,3054024.0,24624.0
35788,3029245,3054003.0,3054031.0,24758.0
35789,3029260,3054003.0,3054065.0,24743.0
35778,3028563,3052210.0,3055170.0,23647.0
35799,3030699,3056229.0,3056250.0,25530.0
35802,3030786,3056250.0,3056301.0,25464.0
35805,3031366,3056301.0,3056385.0,24935.0
35800,3030732,3058865.0,3058912.0,28133.0
35801,3030785,3056250.0,3058934.0,25465.0
35808,3031636,3058912.0,3058996.0,27276.0
35810,3031834,3058996.0,3059030.0,27162.0
35807,3031621,3058912.0,3059057.0,27291.0
35806,3031539,3056385.0,3059064.0,24846.0
35830,3033473,3059064.0,3059084.0,25591.0
35812,3032181,3058996.0,3059086.0,26815.0
35822,3032785,3059030.0,3059100.0,26245.0
35821,3032563,3059030.0,3059103.0,26467.0
35825,3033122,3059057.0,3059107.0,25935.0
35816,3032358,3058996.0,3059108.0,26638.0
35823,3032923,3059030.0,3059109.0,26107.0
35828,3033405,3059064.0,3059115.0,25659.0
35818,3032392,3059030.0,3059127.0,26638.0
35827,3033180,3059064.0,3059158.0,25884.0
35833,3034118,3059109.0,3059180.0,24991.0
35831,3033482,3059086.0,3059186.0,25604.0
35832,3034077,3059107.0,3059218.0,25030.0
35836,3034312,3059218.0,3059229.0,24906.0
35837,3034339,3059229.0,3059237.0,24890.0
35835,3034209,3059127.0,3059334.0,24918.0
35846,3035309,3059237.0,3059365.0,23928.0
35847,3035368,3059365.0,3059383.0,23997.0
35849,3035401,3059383.0,3059404.0,23982.0
35838,3034472,3059229.0,3059468.0,24757.0
35842,3034749,3059229.0,3059521.0,24480.0
35850,3035580,3059404.0,3059560.0,23824.0
35853,3036239,3059521.0,3059576.0,23282.0
35851,3035740,3059521.0,3060010.0,23781.0
35826,3033150,3059064.0,3060738.0,25914.0
35845,3034977,3059237.0,3060879.0,24260.0
35860,3036549,3064376.0,3064414.0,27827.0
35858,3036529,3064360.0,3064565.0,27831.0
35865,3036923,3064565.0,3064582.0,27642.0
35862,3036746,3064565.0,3064685.0,27819.0
35864,3036919,3064565.0,3064706.0,27646.0
35863,3036778,3064565.0,3064712.0,27787.0
35866,3036936,3064712.0,3064722.0,27776.0
35868,3036968,3064722.0,3064765.0,27754.0
35870,3037056,3064765.0,3064788.0,27709.0
35871,3037100,3064788.0,3064789.0,27688.0
35872,3037109,3064789.0,3064809.0,27680.0
35873,3037182,3064789.0,3064835.0,27607.0
35867,3036956,3064712.0,3064849.0,27756.0
35861,3036746,3066365.0,3066407.0,29619.0
35875,3037267,3069609.0,3069673.0,32342.0
35876,3037402,3069673.0,3069697.0,32271.0
35885,3037965,3069673.0,3069705.0,31708.0
35888,3038216,3069673.0,3069711.0,31457.0
35877,3037413,3069673.0,3069712.0,32260.0
35890,3038365,3069673.0,3069714.0,31308.0
35880,3037557,3069673.0,3069715.0,32116.0
35905,3039799,3069697.0,3069718.0,29898.0
35901,3039343,3069697.0,3069730.0,30354.0
35881,3037749,3069673.0,3069740.0,31924.0
35906,3039829,3069697.0,3069760.0,29868.0
35904,3039518,3069697.0,3069778.0,30179.0
35908,3039883,3069711.0,3069795.0,29828.0
35907,3039861,3069711.0,3069817.0,29850.0
35910,3039949,3069778.0,3069819.0,29829.0
35909,3039890,3069760.0,3069896.0,29870.0
35879,3037528,3069673.0,3069945.0,32145.0
35819,3032442,3059030.0,3069969.0,26588.0
35903,3039402,3069697.0,3069984.0,30295.0
35902,3039380,3069697.0,3070006.0,30317.0
35817,3032391,3059030.0,3070019.0,26639.0
35917,3040622,3070019.0,3070056.0,29397.0
35914,3040389,3070019.0,3070057.0,29630.0
35915,3040441,3070019.0,3070057.0,29578.0
35918,3040713,3070019.0,3070067.0,29306.0
35916,3040522,3070019.0,3070071.0,29497.0
35911,3040160,3069969.0,3070192.0,29809.0
35923,3041417,3070192.0,3070198.0,28775.0
35921,3041272,3070192.0,3070230.0,28920.0
35922,3041325,3070192.0,3070251.0,28867.0
35924,3041424,3070198.0,3070286.0,28774.0
35927,3041997,3070286.0,3070315.0,28289.0
35926,3041953,3070251.0,3070319.0,28298.0
35929,3042076,3070319.0,3070357.0,28243.0
35928,3042026,3070315.0,3070363.0,28289.0
35930,3042080,3070357.0,3070363.0,28277.0
35913,3040315,3070006.0,3070368.0,29691.0
35931,3042088,3070363.0,3070369.0,28275.0
35912,3040293,3070006.0,3070391.0,29713.0
35920,3041046,3070192.0,3070423.0,29146.0
35932,3042095,3070363.0,3070437.0,28268.0
35919,3040846,3070057.0,3070478.0,29211.0
35936,3042426,3070423.0,3070490.0,27997.0
35937,3042587,3070423.0,3070496.0,27836.0
35940,3042959,3070490.0,3070533.0,27531.0
35939,3042892,3070478.0,3070564.0,27586.0
35938,3042665,3070423.0,3070646.0,27758.0
35925,3041499,3070230.0,3070670.0,28731.0
35943,3043167,3070670.0,3070717.0,27503.0
35944,3043219,3070717.0,3070809.0,27498.0
35935,3042342,3070423.0,3070919.0,28081.0
35945,3043315,3070809.0,3070921.0,27494.0
35947,3043877,3070919.0,3071032.0,27042.0
35897,3038963,3071473.0,3071510.0,32510.0
35892,3038456,3071473.0,3071511.0,33017.0
35900,3039289,3071473.0,3071511.0,32184.0
35898,3039026,3071473.0,3071513.0,32447.0
35896,3038697,3071473.0,3071514.0,32776.0
35891,3038420,3071473.0,3071518.0,33053.0
35894,3038495,3071473.0,3071601.0,32978.0
35893,3038472,3071473.0,3071624.0,33001.0
35946,3043397,3070809.0,3071917.0,27412.0
35889,3038275,3069673.0,3072534.0,31398.0
35949,3045495,3071511.0,3072555.0,26016.0
35934,3042332,3070423.0,3073617.0,28091.0
35950,3045536,3073617.0,3073699.0,28081.0
35951,3045623,3073699.0,3073815.0,28076.0
35933,3042103,3074514.0,3074517.0,32411.0
35953,3046177,3073815.0,3074960.0,27638.0
35948,3043996,3075832.0,3075956.0,31836.0
35966,3051180,3075956.0,3076134.0,24776.0
35969,3051260,3076134.0,3076141.0,24874.0
35973,3051440,3076134.0,3076158.0,24694.0
35971,3051382,3076134.0,3076162.0,24752.0
35972,3051419,3076134.0,3076168.0,24715.0
35967,3051235,3076134.0,3076213.0,24899.0
35970,3051319,3076134.0,3076217.0,24815.0
35968,3051241,3076134.0,3076260.0,24893.0
35955,3046757,3076314.0,3076327.0,29557.0
35954,3046566,3076314.0,3076422.0,29748.0
35974,3051659,3076260.0,3076479.0,24601.0
35976,3051777,3076479.0,3076484.0,24702.0
35977,3051793,3076479.0,3076485.0,24686.0
35979,3055473,3076479.0,3076504.0,21006.0
35978,3055143,3076479.0,3076514.0,21336.0
35981,3055514,3076479.0,3076577.0,20965.0
35980,3055505,3076479.0,3076585.0,20974.0
35975,3051716,3076479.0,3076646.0,24763.0
35965,3050277,3076760.0,3076780.0,26483.0
35964,3050178,3076760.0,3076852.0,26582.0
35961,3048915,3076760.0,3076866.0,27845.0
35959,3048171,3076760.0,3076869.0,28589.0
35958,3047851,3076760.0,3076886.0,28909.0
35962,3049573,3076760.0,3076900.0,27187.0
35984,3055699,3076900.0,3076904.0,21201.0
35963,3049905,3076760.0,3077007.0,26855.0
35952,3046056,3077334.0,3077340.0,31278.0
35988,3055789,3077340.0,3077343.0,21551.0
35989,3056035,3077340.0,3077343.0,21305.0
35986,3055759,3077340.0,3077344.0,21581.0
35987,3055772,3077340.0,3077346.0,21568.0
35985,3055733,3077340.0,3077391.0,21607.0
35960,3048412,3077355.0,3077460.0,28943.0
35942,3043068,3070564.0,3077767.0,27496.0
35941,3043003,3070564.0,3077831.0,27561.0
35956,3047348,3074960.0,3077881.0,27612.0
35957,3047733,3079317.0,3079412.0,31584.0
35982,3055676,3081127.0,3081227.0,25451.0
35983,3055681,3081279.0,3081321.0,25598.0
35990,3058306,3084212.0,3084955.0,25906.0
35991,3059339,3084955.0,3085455.0,25616.0
35993,3060236,3085455.0,3085927.0,25219.0
35995,3060907,3085927.0,3085991.0,25020.0
35996,3061051,3085927.0,3086050.0,24876.0
35997,3061221,3086050.0,3086122.0,24829.0
35994,3060862,3085927.0,3086300.0,25065.0
35999,3061380,3086300.0,3086352.0,24920.0
36000,3061493,3086352.0,3086633.0,24859.0
36001,3061837,3086633.0,3086638.0,24796.0
35998,3061358,3086122.0,3086982.0,24764.0
35992,3059843,3085455.0,3091640.0,25612.0
36002,3066033,3093440.0,3093531.0,27407.0
36008,3067553,3093531.0,3093541.0,25978.0
36094,3082221,3093531.0,3093558.0,11310.0
36005,3067327,3093531.0,3093559.0,26204.0
36047,3073516,3093531.0,3093612.0,20015.0
36092,3081997,3093531.0,3093615.0,11534.0
36013,3068173,3093531.0,3093619.0,25358.0
36021,3069380,3093531.0,3093619.0,24151.0
36024,3069744,3093531.0,3093621.0,23787.0
36023,3069539,3093531.0,3093626.0,23992.0
36006,3067384,3093531.0,3093627.0,26147.0
36117,3085748,3093531.0,3093627.0,7783.0
36095,3082257,3093531.0,3093628.0,11274.0
36009,3067588,3093531.0,3093629.0,25943.0
36010,3067757,3093531.0,3093630.0,25774.0
36126,3087255,3093531.0,3093631.0,6276.0
36114,3085359,3093531.0,3093632.0,8172.0
36116,3085548,3093531.0,3093634.0,7983.0
36091,3081827,3093531.0,3093636.0,11704.0
36020,3069168,3093531.0,3093638.0,24363.0
36108,3084551,3093531.0,3093639.0,8980.0
36113,3085180,3093531.0,3093641.0,8351.0
36011,3067909,3093531.0,3093643.0,25622.0
36063,3076807,3093531.0,3093643.0,16724.0
36111,3084977,3093531.0,3093648.0,8554.0
36120,3085967,3093531.0,3093649.0,7564.0
36048,3073731,3093531.0,3093652.0,19800.0
36104,3084254,3093531.0,3093670.0,9277.0
36044,3072971,3093531.0,3093766.0,20560.0
36045,3073235,3093531.0,3093779.0,20296.0
36003,3066128,3093531.0,3104456.0,27403.0
36129,3087416,3106256.0,3107003.0,18840.0
36143,3089738,3107003.0,3107007.0,17265.0
36131,3088625,3107003.0,3107010.0,18378.0
36142,3089719,3107003.0,3107011.0,17284.0
36141,3089389,3107003.0,3107014.0,17614.0
36139,3089330,3107003.0,3107018.0,17673.0
36134,3089010,3107003.0,3107025.0,17993.0
36132,3088646,3107003.0,3108104.0,18357.0
36145,3090086,3111825.0,3111853.0,21739.0
36146,3090140,3111853.0,3111859.0,21713.0
36147,3090168,3111853.0,3111866.0,21685.0
36148,3090243,3111866.0,3112210.0,21623.0
36154,3090915,3112210.0,3112951.0,21295.0
36171,3094354,3112951.0,3112955.0,18597.0
36165,3093745,3112951.0,3112956.0,19206.0
36166,3093799,3112951.0,3112956.0,19152.0
36169,3094252,3112951.0,3112956.0,18699.0
36178,3094772,3112951.0,3112956.0,18179.0
36179,3095030,3112951.0,3112959.0,17921.0
36168,3094166,3112951.0,3112962.0,18785.0
36170,3094282,3112951.0,3112967.0,18669.0
36176,3094540,3112951.0,3112970.0,18411.0
36182,3095411,3112951.0,3113000.0,17540.0
36185,3095787,3113000.0,3113031.0,17213.0
36186,3095856,3113031.0,3113053.0,17175.0
36187,3095948,3113053.0,3113238.0,17105.0
36190,3096065,3113238.0,3113273.0,17173.0
36192,3096111,3113273.0,3113285.0,17162.0
36199,3096692,3113273.0,3113285.0,16581.0
36198,3096627,3113273.0,3113286.0,16646.0
36195,3096200,3113273.0,3113342.0,17073.0
36196,3096205,3113273.0,3113407.0,17068.0
36194,3096188,3113273.0,3113453.0,17085.0
36201,3096836,3113453.0,3113740.0,16617.0
36202,3096861,3113740.0,3113759.0,16879.0
36181,3095274,3112951.0,3113854.0,17677.0
36206,3096997,3113854.0,3113868.0,16857.0
36205,3096934,3113854.0,3113880.0,16920.0
36209,3097202,3113880.0,3113893.0,16678.0
36207,3097001,3113880.0,3113906.0,16879.0
36208,3097109,3113880.0,3113934.0,16771.0
36203,3096874,3113740.0,3113989.0,16866.0
36212,3097388,3113989.0,3114024.0,16601.0
36213,3097403,3114024.0,3114050.0,16621.0
36215,3097445,3114050.0,3114079.0,16605.0
36216,3097505,3114079.0,3114084.0,16574.0
36211,3097343,3113906.0,3114128.0,16563.0
36217,3097548,3114079.0,3114129.0,16531.0
36220,3097620,3114129.0,3114169.0,16509.0
36223,3097689,3114169.0,3114397.0,16480.0
36225,3097950,3114397.0,3114444.0,16447.0
36226,3097962,3114444.0,3114589.0,16482.0
36227,3098131,3114589.0,3114604.0,16458.0
36228,3098235,3114589.0,3114635.0,16354.0
36229,3098271,3114635.0,3114762.0,16364.0
36232,3098567,3114762.0,3114767.0,16195.0
36242,3099420,3114762.0,3114771.0,15342.0
36233,3098630,3114762.0,3114773.0,16132.0
36231,3098448,3114762.0,3114774.0,16314.0
36237,3098820,3114762.0,3114789.0,15942.0
36243,3099648,3114767.0,3114789.0,15119.0
36230,3098421,3114762.0,3114808.0,16341.0
36241,3099303,3114762.0,3114810.0,15459.0
36239,3098967,3114762.0,3114823.0,15795.0
36238,3098884,3114762.0,3114902.0,15878.0
36235,3098679,3114762.0,3115394.0,16083.0
36234,3098646,3114762.0,3115425.0,16116.0
36156,3091807,3112951.0,3116672.0,21144.0
36183,3095530,3112951.0,3116679.0,17421.0
36251,3100250,3116679.0,3116721.0,16429.0
36248,3100070,3116679.0,3116732.0,16609.0
36246,3099748,3116679.0,3116805.0,16931.0
36245,3099691,3116672.0,3119301.0,16981.0
36244,3099674,3119702.0,3119957.0,20028.0
36253,3100300,3119957.0,3119973.0,19657.0
36260,3100769,3119957.0,3119989.0,19188.0
36255,3100352,3119957.0,3120053.0,19605.0
36258,3100603,3119957.0,3120103.0,19354.0
36259,3100731,3119957.0,3121212.0,19226.0
36252,3100267,3121605.0,3121830.0,21338.0
36264,3101608,3121830.0,3121904.0,20222.0
36265,3101676,3121904.0,3122025.0,20228.0
36268,3101910,3122025.0,3122053.0,20115.0
36266,3101689,3122025.0,3122082.0,20336.0
36273,3102120,3122082.0,3122195.0,19962.0
36274,3102128,3122195.0,3122264.0,20067.0
36275,3102239,3122264.0,3122372.0,20025.0
36276,3102331,3122372.0,3122392.0,20041.0
36277,3102383,3122372.0,3122541.0,19989.0
36278,3102534,3122541.0,3122578.0,20007.0
36280,3102594,3122578.0,3122617.0,19984.0
36285,3103103,3122617.0,3122628.0,19514.0
36284,3103070,3122617.0,3122634.0,19547.0
36282,3102922,3122617.0,3122844.0,19695.0
36286,3103179,3122634.0,3122862.0,19455.0
36281,3102630,3122617.0,3123055.0,19987.0
36295,3104059,3123055.0,3123065.0,18996.0
36294,3104033,3123055.0,3123071.0,19022.0
36293,3103966,3123055.0,3123137.0,19089.0
36287,3103243,3122862.0,3123650.0,19619.0
36300,3104836,3123650.0,3123690.0,18814.0
36299,3104666,3123650.0,3123724.0,18984.0
36304,3104911,3123724.0,3123737.0,18813.0
36302,3104901,3123690.0,3123738.0,18789.0
36303,3104909,3123724.0,3123749.0,18815.0
36307,3104974,3123738.0,3123791.0,18764.0
36306,3104962,3123724.0,3123884.0,18762.0
36297,3104113,3123137.0,3123928.0,19024.0
36314,3105180,3123928.0,3123935.0,18748.0
36315,3105202,3123928.0,3123945.0,18726.0
36312,3105171,3123928.0,3123952.0,18757.0
36311,3105106,3123928.0,3123973.0,18822.0
36316,3105202,3123928.0,3124141.0,18726.0
36309,3105026,3123884.0,3124833.0,18858.0
36323,3105921,3124833.0,3124852.0,18912.0
36326,3106040,3124833.0,3124867.0,18793.0
36322,3105864,3124833.0,3124873.0,18969.0
36320,3105629,3124833.0,3124881.0,19204.0
36319,3105512,3124833.0,3124893.0,19321.0
36325,3105966,3124833.0,3124957.0,18867.0
36324,3105944,3124833.0,3124977.0,18889.0
36318,3105229,3124833.0,3125019.0,19604.0
36263,3101540,3124903.0,3125030.0,23363.0
36331,3106231,3125030.0,3125047.0,18799.0
36330,3106223,3125030.0,3125057.0,18807.0
36328,3106162,3125030.0,3125074.0,18868.0
36333,3106276,3125030.0,3125143.0,18754.0
36332,3106253,3125030.0,3125163.0,18777.0
36334,3106408,3125163.0,3125297.0,18755.0
36339,3106688,3125297.0,3125337.0,18609.0
36336,3106559,3125297.0,3125343.0,18738.0
36337,3106672,3125297.0,3125344.0,18625.0
36338,3106686,3125297.0,3125352.0,18611.0
36317,3105225,3124141.0,3125377.0,18916.0
36351,3107621,3125377.0,3125395.0,17756.0
36354,3107826,3125377.0,3125401.0,17551.0
36344,3106987,3125377.0,3125402.0,18390.0
36352,3107727,3125377.0,3125407.0,17650.0
36355,3107828,3125377.0,3125408.0,17549.0
36350,3107617,3125377.0,3125409.0,17760.0
36349,3107571,3125377.0,3125415.0,17806.0
36345,3107048,3125377.0,3125417.0,18329.0
36361,3108174,3125407.0,3125451.0,17233.0
36364,3108280,3125408.0,3125453.0,17128.0
36357,3107888,3125377.0,3125475.0,17489.0
36356,3107863,3125377.0,3125500.0,17514.0
36347,3107464,3125377.0,3125513.0,17913.0
36358,3108041,3125401.0,3125598.0,17360.0
36327,3106063,3125019.0,3125613.0,18956.0
36371,3108878,3125613.0,3125630.0,16735.0
36369,3108651,3125613.0,3125631.0,16962.0
36372,3108922,3125613.0,3125633.0,16691.0
36373,3108994,3125613.0,3125636.0,16619.0
36368,3108597,3125613.0,3125647.0,17016.0
36370,3108712,3125613.0,3125650.0,16901.0
36374,3109060,3125613.0,3125714.0,16553.0
36342,3106847,3125297.0,3125730.0,18450.0
36348,3107487,3125377.0,3125751.0,17890.0
36341,3106818,3125297.0,3125757.0,18479.0
36343,3106858,3125377.0,3126129.0,18519.0
36375,3109068,3126129.0,3126243.0,17061.0
36380,3109372,3126243.0,3126348.0,16871.0
36383,3109589,3126348.0,3126445.0,16759.0
36391,3110140,3126445.0,3126640.0,16305.0
36335,3106537,3125297.0,3127083.0,18760.0
36393,3110211,3126640.0,3127254.0,16429.0
36365,3108326,3125613.0,3127414.0,17287.0
36396,3110490,3127254.0,3127483.0,16764.0
36411,3112040,3127483.0,3127501.0,15443.0
36404,3111581,3127414.0,3127578.0,15833.0
36410,3111934,3127483.0,3127586.0,15549.0
36416,3112860,3127586.0,3127698.0,14726.0
36423,3113272,3127698.0,3127700.0,14426.0
36417,3112974,3127698.0,3127717.0,14724.0
36425,3113316,3127698.0,3127721.0,14382.0
36427,3113902,3127698.0,3127723.0,13796.0
36430,3114117,3127698.0,3127739.0,13581.0
36428,3113929,3127698.0,3127867.0,13769.0
36359,3108063,3125402.0,3128001.0,17339.0
36424,3113310,3127698.0,3128074.0,14388.0
36429,3113953,3127698.0,3128092.0,13745.0
36433,3114323,3128074.0,3128096.0,13751.0
36434,3114348,3128074.0,3128247.0,13726.0
36435,3114371,3128074.0,3128288.0,13703.0
36437,3114587,3128074.0,3128302.0,13487.0
36439,3114613,3128074.0,3128477.0,13461.0
36406,3111602,3127414.0,3129740.0,15812.0
36414,3112363,3130253.0,3130270.0,17890.0
36401,3110829,3130275.0,3130295.0,19446.0
36399,3110672,3130300.0,3130332.0,19628.0
36384,3109688,3130431.0,3130451.0,20743.0
36413,3112261,3130398.0,3130497.0,18137.0
36454,3115256,3130497.0,3130505.0,15241.0
36452,3115236,3130497.0,3130507.0,15261.0
36453,3115237,3130497.0,3130517.0,15260.0
36447,3114992,3130497.0,3130519.0,15505.0
36451,3115202,3130497.0,3130528.0,15295.0
36442,3114766,3130497.0,3130530.0,15731.0
36441,3114702,3130497.0,3130531.0,15795.0
36444,3114845,3130497.0,3130539.0,15652.0
36398,3110628,3130514.0,3130545.0,19886.0
36381,3109484,3130447.0,3130557.0,20963.0
36445,3114846,3130497.0,3130564.0,15651.0
36378,3109184,3130557.0,3130576.0,21373.0
36394,3110272,3130551.0,3130585.0,20279.0
36450,3115053,3130497.0,3130607.0,15444.0
36385,3109715,3130530.0,3130627.0,20815.0
36387,3109957,3130551.0,3130654.0,20594.0
36448,3115017,3130497.0,3130659.0,15480.0
36377,3109178,3130557.0,3130660.0,21379.0
36397,3110579,3130514.0,3130661.0,19935.0
36379,3109342,3130557.0,3130663.0,21215.0
36457,3115674,3130659.0,3130669.0,14985.0
36395,3110341,3127083.0,3132525.0,16742.0
36431,3114127,3132500.0,3132559.0,18373.0
36460,3115911,3132525.0,3134242.0,16614.0
36459,3115879,3135070.0,3135073.0,19191.0
36440,3114650,3134540.0,3135122.0,19890.0
36473,3117267,3135122.0,3135190.0,17855.0
36472,3117263,3135122.0,3135213.0,17859.0
36474,3117332,3135122.0,3135249.0,17790.0
36478,3117569,3135213.0,3135295.0,17644.0
36462,3116193,3135460.0,3135471.0,19267.0
36464,3116250,3135460.0,3135473.0,19210.0
36455,3115345,3135132.0,3135652.0,19787.0
36471,3117168,3136042.0,3136190.0,18874.0
36477,3117558,3136922.0,3137051.0,19364.0
36476,3117507,3136922.0,3137111.0,19415.0
36469,3116773,3137359.0,3137916.0,20586.0
36468,3116552,3137359.0,3138061.0,20807.0
36480,3117688,3137916.0,3138111.0,20228.0
36481,3117704,3138061.0,3138273.0,20357.0
36485,3117942,3138273.0,3138497.0,20331.0
36484,3117933,3138111.0,3139291.0,20178.0
36491,3119326,3139291.0,3139300.0,19965.0
36479,3117661,3140990.0,3142645.0,23329.0
36490,3119122,3143297.0,3143737.0,24175.0
36497,3119886,3143737.0,3144336.0,23851.0
36492,3119337,3144445.0,3144619.0,25108.0
36503,3120356,3144619.0,3144718.0,24263.0
36505,3120711,3144718.0,3144893.0,24007.0
36508,3120967,3144893.0,3145099.0,23926.0
36510,3121186,3145099.0,3145280.0,23913.0
36512,3121378,3145280.0,3145482.0,23902.0
36522,3122446,3145482.0,3145551.0,23036.0
36506,3120836,3144718.0,3145920.0,23882.0
36511,3121309,3146899.0,3146920.0,25590.0
36515,3121510,3147080.0,3147111.0,25570.0
36519,3121688,3147080.0,3147222.0,25392.0
36501,3120080,3147445.0,3147477.0,27365.0
36499,3120011,3147445.0,3147483.0,27434.0
36502,3120273,3147445.0,3147500.0,27172.0
36507,3120931,3147445.0,3147711.0,26514.0
36532,3123916,3150351.0,3150543.0,26435.0
36534,3124123,3150543.0,3150742.0,26420.0
36539,3124775,3150742.0,3151908.0,25967.0
36552,3126804,3151908.0,3152073.0,25104.0
36548,3125960,3152542.0,3152545.0,26582.0
36547,3125943,3152542.0,3152552.0,26599.0
36549,3125965,3152542.0,3152556.0,26577.0
36550,3126334,3151908.0,3153027.0,25574.0
36561,3127539,3153027.0,3153186.0,25488.0
36562,3127785,3153186.0,3153367.0,25401.0
36564,3127992,3153367.0,3153756.0,25375.0
36555,3127144,3153708.0,3153843.0,26564.0
36554,3127125,3153708.0,3153858.0,26583.0
36566,3128515,3153756.0,3154012.0,25241.0
36580,3130407,3154012.0,3154170.0,23605.0
36578,3130197,3154012.0,3154215.0,23815.0
36585,3130646,3154215.0,3154234.0,23569.0
36582,3130462,3154215.0,3154397.0,23753.0
36589,3131112,3154397.0,3154500.0,23285.0
36588,3130904,3154397.0,3154730.0,23493.0
36594,3131361,3154730.0,3154879.0,23369.0
36449,3115038,3130497.0,3155705.0,15459.0
36567,3128614,3156873.0,3156902.0,28259.0
36573,3129438,3157352.0,3157461.0,27914.0
36575,3129643,3157345.0,3157473.0,27702.0
36576,3129645,3157356.0,3157558.0,27711.0
36592,3131241,3158643.0,3158652.0,27402.0
36591,3131239,3158643.0,3158664.0,27404.0
36587,3130678,3158643.0,3158736.0,27965.0
36593,3131324,3154730.0,3159223.0,23406.0
36618,3133874,3159223.0,3159239.0,25349.0
36619,3133903,3159223.0,3159329.0,25320.0
36620,3134130,3159239.0,3159368.0,25109.0
36610,3133159,3159358.0,3159379.0,26199.0
36622,3134278,3159329.0,3159387.0,25051.0
36623,3134385,3159329.0,3159399.0,24944.0
36609,3133128,3159358.0,3159424.0,26230.0
36607,3132812,3159358.0,3159434.0,26546.0
36626,3134649,3159368.0,3159435.0,24719.0
36604,3132650,3159358.0,3159436.0,26708.0
36624,3134456,3159329.0,3159453.0,24873.0
36597,3131589,3159358.0,3159468.0,27769.0
36628,3134741,3159387.0,3159483.0,24646.0
36615,3133649,3159358.0,3159484.0,25709.0
36608,3133067,3159358.0,3159497.0,26291.0
36631,3135077,3159435.0,3159499.0,24358.0
36641,3135996,3159453.0,3159522.0,23457.0
36642,3136085,3159483.0,3159545.0,23398.0
36638,3135599,3159435.0,3159549.0,23836.0
36640,3135894,3159436.0,3159550.0,23542.0
36637,3135354,3159435.0,3159556.0,24081.0
36644,3136201,3159499.0,3159559.0,23298.0
36632,3135104,3159435.0,3159579.0,24331.0
36606,3132787,3159358.0,3159610.0,26571.0
36645,3136270,3159499.0,3159610.0,23229.0
36646,3136531,3159499.0,3159615.0,22968.0
36650,3136659,3159499.0,3159628.0,22840.0
36656,3137398,3159559.0,3159668.0,22161.0
36654,3137125,3159559.0,3159733.0,22434.0
36596,3131438,3159679.0,3159772.0,28241.0
36653,3137087,3159559.0,3160057.0,22472.0
36668,3138546,3160057.0,3160171.0,21511.0
36664,3138267,3160057.0,3160185.0,21790.0
36661,3137977,3160057.0,3160211.0,22080.0
36658,3137692,3160057.0,3160225.0,22365.0
36657,3137668,3160057.0,3161324.0,22389.0
36520,3122047,3145482.0,3161401.0,23435.0
36595,3131372,3161702.0,3161856.0,30330.0
36629,3135015,3163464.0,3163521.0,28449.0
36625,3134560,3163536.0,3163614.0,28976.0
36672,3138957,3164299.0,3164425.0,25342.0
36671,3138937,3164468.0,3164481.0,25531.0
36669,3138763,3164533.0,3164660.0,25770.0
36681,3140102,3165011.0,3165020.0,24909.0
36680,3140091,3165025.0,3165032.0,24934.0
36660,3137872,3164428.0,3166807.0,26556.0
36679,3140062,3161401.0,3167979.0,21339.0
36682,3140258,3169832.0,3176700.0,29574.0
36684,3147135,3178500.0,3178605.0,31365.0
36687,3147449,3178605.0,3178761.0,31156.0
36685,3147244,3178605.0,3189529.0,31361.0
36762,3158176,3191329.0,3191418.0,33153.0
36763,3158269,3191418.0,3202342.0,33149.0
36806,3173001,3202342.0,3202345.0,29341.0
36807,3173022,3202342.0,3202359.0,29320.0
36816,3173686,3202342.0,3202359.0,28656.0
36817,3173711,3202342.0,3202359.0,28631.0
36821,3173832,3202342.0,3202360.0,28510.0
36818,3173741,3202342.0,3202364.0,28601.0
36810,3173082,3202342.0,3202377.0,29260.0
36819,3173783,3202342.0,3202379.0,28559.0
36804,3172843,3202342.0,3202396.0,29499.0
36805,3172937,3202342.0,3202413.0,29405.0
36824,3173872,3202342.0,3202450.0,28470.0
36822,3173854,3202342.0,3202458.0,28488.0
36827,3174169,3202342.0,3202624.0,28173.0
36836,3174727,3202624.0,3202652.0,27897.0
36837,3174837,3202652.0,3203104.0,27815.0
36855,3176669,3203104.0,3203120.0,26435.0
36845,3176001,3203104.0,3203134.0,27103.0
36847,3176060,3203104.0,3203160.0,27044.0
36849,3176153,3203104.0,3203205.0,26951.0
36848,3176145,3203104.0,3203208.0,26959.0
36860,3176834,3203160.0,3203252.0,26326.0
36861,3176857,3203205.0,3203275.0,26348.0
36867,3177275,3203252.0,3203313.0,25977.0
36866,3177247,3203252.0,3203339.0,26005.0
36853,3176392,3203104.0,3203378.0,26712.0
36868,3177442,3203378.0,3203456.0,25936.0
36869,3177588,3203456.0,3203542.0,25868.0
36875,3178542,3203542.0,3203556.0,25000.0
36877,3178851,3203542.0,3203611.0,24691.0
36879,3179638,3203542.0,3203615.0,23904.0
36874,3178283,3203542.0,3203616.0,25259.0
36876,3178832,3203542.0,3203628.0,24710.0
36878,3179619,3203542.0,3203631.0,23923.0
36873,3178259,3203542.0,3203638.0,25283.0
36889,3180578,3203631.0,3203647.0,23053.0
36882,3180333,3203628.0,3203649.0,23295.0
36883,3180381,3203628.0,3203665.0,23247.0
36884,3180428,3203628.0,3203667.0,23200.0
36888,3180503,3203631.0,3203667.0,23128.0
36886,3180494,3203628.0,3203708.0,23134.0
36881,3180034,3203628.0,3203710.0,23594.0
36880,3180004,3203616.0,3203726.0,23612.0
36894,3181200,3203667.0,3203728.0,22467.0
36885,3180471,3203628.0,3203732.0,23157.0
36899,3181959,3203728.0,3203733.0,21769.0
36900,3182003,3203728.0,3203747.0,21725.0
36896,3181799,3203726.0,3203760.0,21927.0
36887,3180500,3203631.0,3203770.0,23131.0
36904,3182259,3203770.0,3203779.0,21511.0
36905,3182318,3203770.0,3203780.0,21452.0
36895,3181290,3203726.0,3203787.0,22436.0
36903,3182160,3203770.0,3203805.0,21610.0
36893,3180702,3203647.0,3203806.0,22945.0
36898,3181863,3203726.0,3203821.0,21863.0
36892,3180658,3203638.0,3203836.0,22980.0
36897,3181842,3203726.0,3203841.0,21884.0
36907,3182404,3203836.0,3203898.0,21432.0
36910,3182716,3203898.0,3203908.0,21182.0
36911,3182730,3203898.0,3203909.0,21168.0
36909,3182610,3203898.0,3203923.0,21288.0
36906,3182382,3203805.0,3204029.0,21423.0
36908,3182558,3203898.0,3204156.0,21340.0
36914,3183040,3204156.0,3204177.0,21116.0
36912,3182792,3204029.0,3204272.0,21237.0
36917,3183303,3204272.0,3204287.0,20969.0
36916,3183126,3204272.0,3204430.0,21146.0
36891,3180639,3203631.0,3204462.0,22992.0
36915,3183089,3204272.0,3204465.0,21183.0
36890,3180617,3203631.0,3204481.0,23014.0
36902,3182079,3203732.0,3204549.0,21653.0
36901,3182057,3203732.0,3204568.0,21675.0
36918,3183398,3204465.0,3204676.0,21067.0
36923,3183683,3204676.0,3204686.0,20993.0
36922,3183627,3204676.0,3204790.0,21049.0
36925,3183955,3204790.0,3204801.0,20835.0
36926,3183956,3204790.0,3204812.0,20834.0
36924,3183747,3204790.0,3204996.0,21043.0
36928,3184029,3204996.0,3205025.0,20967.0
36927,3184006,3204996.0,3205040.0,20990.0
36929,3184081,3205040.0,3205143.0,20959.0
36931,3184236,3205143.0,3205157.0,20907.0
36930,3184211,3205143.0,3205251.0,20932.0
36932,3184352,3205251.0,3205403.0,20899.0
36934,3184532,3205403.0,3205449.0,20871.0
36936,3184607,3205449.0,3205487.0,20842.0
36937,3184668,3205487.0,3205594.0,20819.0
36939,3184800,3205594.0,3205700.0,20794.0
36940,3184934,3205700.0,3205770.0,20766.0
36933,3184507,3205251.0,3205882.0,20744.0
36941,3184981,3205770.0,3205950.0,20789.0
36943,3185175,3205950.0,3206011.0,20775.0
36942,3185093,3205950.0,3206077.0,20857.0
36913,3182966,3204156.0,3206160.0,21190.0
36944,3185222,3206077.0,3206328.0,20855.0
36945,3185256,3206077.0,3206432.0,20821.0
36948,3185531,3206328.0,3206749.0,20797.0
36949,3185624,3206749.0,3206808.0,21125.0
36950,3185697,3206808.0,3206860.0,21111.0
36951,3185767,3206860.0,3206906.0,21093.0
36952,3185827,3206906.0,3206942.0,21079.0
36953,3185877,3206942.0,3206975.0,21065.0
36954,3185921,3206975.0,3207013.0,21054.0
36956,3185975,3207013.0,3207047.0,21038.0
36959,3186026,3207047.0,3207085.0,21021.0
36961,3186081,3207085.0,3207131.0,21004.0
36963,3186140,3207131.0,3207172.0,20991.0
36965,3186205,3207172.0,3207218.0,20967.0
36966,3186268,3207218.0,3207267.0,20950.0
36968,3186329,3207267.0,3207304.0,20938.0
36969,3186382,3207304.0,3207335.0,20922.0
36970,3186423,3207335.0,3207368.0,20912.0
36971,3186475,3207368.0,3207401.0,20893.0
36975,3186577,3207401.0,3207515.0,20824.0
36979,3186713,3207515.0,3207632.0,20802.0
36980,3186723,3207632.0,3208217.0,20909.0
36921,3183615,3208606.0,3208636.0,24991.0
36974,3186564,3209168.0,3209188.0,22604.0
36976,3186641,3209201.0,3209211.0,22560.0
36920,3183523,3208606.0,3209419.0,25083.0
36938,3184744,3209476.0,3209495.0,24732.0
36947,3185476,3209476.0,3209500.0,24000.0
36919,3183498,3208709.0,3209546.0,25211.0
36935,3184555,3209612.0,3209641.0,25057.0
36955,3185963,3211128.0,3211139.0,25165.0
36962,3186105,3211128.0,3211154.0,25023.0
36957,3185976,3211128.0,3211157.0,25152.0
36960,3186033,3211128.0,3211530.0,25095.0
36958,3186011,3211128.0,3211552.0,25117.0
36964,3186188,3211232.0,3211607.0,25044.0
36973,3186555,3209168.0,3211748.0,22613.0
36972,3186533,3209168.0,3211769.0,22635.0
36981,3186846,3212432.0,3212543.0,25586.0
36984,3187100,3212543.0,3212649.0,25443.0
36985,3187155,3212649.0,3212664.0,25494.0
36986,3187224,3212664.0,3212797.0,25440.0
36988,3187312,3212797.0,3212812.0,25485.0
36987,3187311,3212797.0,3212841.0,25486.0
36990,3187380,3212797.0,3212912.0,25417.0
36989,3187336,3212797.0,3212954.0,25461.0
36991,3187399,3212954.0,3213084.0,25555.0
36993,3187431,3213084.0,3213106.0,25653.0
36994,3187510,3213084.0,3214096.0,25574.0
36983,3186970,3215957.0,3216068.0,28987.0
36996,3187687,3216068.0,3216183.0,28381.0
36997,3187835,3216183.0,3216294.0,28348.0
36999,3187959,3216294.0,3216399.0,28335.0
37000,3188085,3216399.0,3216506.0,28314.0
37002,3188214,3216506.0,3216612.0,28292.0
37006,3188542,3216612.0,3216621.0,28070.0
37007,3188555,3216612.0,3216628.0,28057.0
37009,3188667,3216628.0,3216865.0,27961.0
37016,3189853,3216865.0,3216875.0,27012.0
37014,3189693,3216865.0,3216882.0,27172.0
37008,3188638,3216612.0,3217665.0,27974.0
37012,3189164,3216865.0,3217973.0,27701.0
37011,3189136,3216865.0,3218000.0,27729.0
36995,3187544,3217906.0,3218029.0,30362.0
37033,3190677,3218029.0,3218074.0,27352.0
37030,3190453,3218029.0,3218096.0,27576.0
37031,3190522,3218029.0,3218097.0,27507.0
37029,3190365,3218029.0,3218113.0,27664.0
37035,3190764,3218097.0,3218166.0,27333.0
37036,3190840,3218166.0,3218224.0,27326.0
37039,3190991,3218224.0,3218240.0,27233.0
37038,3190989,3218224.0,3218255.0,27235.0
37037,3190946,3218224.0,3218301.0,27278.0
37017,3189907,3217665.0,3218742.0,27758.0
37028,3190296,3218029.0,3218993.0,27733.0
37027,3190275,3218029.0,3219011.0,27754.0
37042,3191210,3219011.0,3219120.0,27801.0
37044,3191444,3219120.0,3219183.0,27676.0
37043,3191244,3219120.0,3219196.0,27876.0
37046,3191580,3219183.0,3219239.0,27603.0
37047,3191856,3219239.0,3219717.0,27383.0
37057,3192560,3219717.0,3219738.0,27157.0
37056,3192539,3219717.0,3219745.0,27178.0
37059,3192979,3219745.0,3219975.0,26766.0
37061,3193111,3219975.0,3220128.0,26864.0
37060,3193004,3219975.0,3220183.0,26971.0
37063,3193284,3220128.0,3220374.0,26844.0
37034,3190722,3221665.0,3221675.0,30943.0
37026,3190251,3221665.0,3221683.0,31414.0
37065,3193527,3221675.0,3221697.0,28148.0
37023,3190194,3221665.0,3221708.0,31471.0
37021,3190129,3221665.0,3221732.0,31536.0
37024,3190198,3221665.0,3221747.0,31467.0
37019,3190052,3221682.0,3221758.0,31630.0
37069,3193696,3221697.0,3221771.0,28001.0
37071,3193943,3221732.0,3221788.0,27789.0
37072,3194078,3221747.0,3221815.0,27669.0
37080,3194894,3221747.0,3221829.0,26853.0
37083,3195239,3221771.0,3221831.0,26532.0
37066,3193576,3221675.0,3221835.0,28099.0
37095,3196072,3221831.0,3221845.0,25759.0
37094,3196068,3221831.0,3221854.0,25763.0
37078,3194477,3221747.0,3221893.0,27270.0
37081,3195130,3221747.0,3221921.0,26617.0
37086,3195597,3221815.0,3222281.0,26218.0
37093,3195999,3221831.0,3222547.0,25832.0
37068,3193622,3221675.0,3222649.0,28053.0
37067,3193588,3221675.0,3222681.0,28087.0
37092,3195878,3221831.0,3222785.0,25953.0
37090,3195855,3221829.0,3222804.0,25974.0
37084,3195454,3221771.0,3223031.0,26317.0
37054,3192399,3223542.0,3223551.0,31143.0
37053,3192336,3223542.0,3223559.0,31206.0
37041,3191098,3223101.0,3223829.0,32003.0
37104,3197300,3223829.0,3223853.0,26529.0
37103,3197295,3223829.0,3223864.0,26534.0
37099,3196803,3223829.0,3223930.0,27026.0
37102,3197055,3223829.0,3224768.0,26774.0
37101,3197032,3223829.0,3224789.0,26797.0
37064,3193323,3224775.0,3225541.0,31452.0
37108,3197457,3225541.0,3225804.0,28084.0
37122,3198527,3225804.0,3225807.0,27277.0
37120,3198470,3225804.0,3225808.0,27334.0
37113,3197745,3225804.0,3225811.0,28059.0
37118,3198426,3225804.0,3225822.0,27378.0
37111,3197695,3225804.0,3225825.0,28109.0
37119,3198449,3225804.0,3225829.0,27355.0
37121,3198505,3225804.0,3225830.0,27299.0
37123,3198531,3225804.0,3225830.0,27273.0
37125,3198580,3225830.0,3225833.0,27250.0
37127,3198618,3225833.0,3225836.0,27215.0
37117,3198362,3225804.0,3225853.0,27442.0
37126,3198590,3225833.0,3225864.0,27243.0
37114,3197759,3225804.0,3225928.0,28045.0
37116,3198314,3225804.0,3225930.0,27490.0
37128,3198646,3225928.0,3225931.0,27282.0
37124,3198564,3225830.0,3226065.0,27266.0
37129,3198659,3226065.0,3226068.0,27406.0
37132,3198671,3226068.0,3226071.0,27397.0
37133,3198681,3226068.0,3226071.0,27387.0
37134,3198713,3226068.0,3226071.0,27355.0
37135,3198726,3226068.0,3226071.0,27342.0
37131,3198666,3226068.0,3226072.0,27402.0
37136,3198795,3226072.0,3226075.0,27277.0
37137,3198801,3226075.0,3226078.0,27274.0
37138,3198996,3226075.0,3226078.0,27079.0
37142,3200863,3226075.0,3226100.0,25212.0
37141,3200834,3226075.0,3226130.0,25241.0
37143,3200866,3226075.0,3226134.0,25209.0
37096,3196178,3226654.0,3227147.0,30476.0
37098,3196716,3227831.0,3228392.0,31115.0
37145,3200913,3228392.0,3228421.0,27479.0
37148,3201030,3228392.0,3228435.0,27362.0
37147,3200985,3228392.0,3228448.0,27407.0
37146,3200972,3228392.0,3228504.0,27420.0
37149,3201121,3228504.0,3228804.0,27383.0
37156,3202074,3228804.0,3228819.0,26730.0
37160,3202560,3228804.0,3228934.0,26244.0
37150,3201181,3228804.0,3229046.0,27623.0
37157,3202175,3228804.0,3229065.0,26629.0
37158,3202217,3228804.0,3229094.0,26587.0
37151,3201221,3228804.0,3229150.0,27583.0
37106,3197389,3228730.0,3230134.0,31341.0
37168,3203026,3230134.0,3230261.0,27108.0
37144,3200893,3230934.0,3233284.0,30041.0
37170,3203248,3233950.0,3233965.0,30702.0
37171,3203310,3233950.0,3233973.0,30640.0
37169,3203247,3233950.0,3234163.0,30703.0
37174,3203615,3235084.0,3235150.0,31469.0
37178,3203918,3235084.0,3235239.0,31166.0
37175,3203682,3235084.0,3235243.0,31402.0
37176,3203724,3235084.0,3235443.0,31360.0
37188,3205436,3235443.0,3235474.0,30007.0
37189,3205442,3235474.0,3235502.0,30032.0
37187,3205075,3235443.0,3235560.0,30368.0
37185,3204930,3235443.0,3235637.0,30513.0
37153,3201271,3228804.0,3235890.0,27533.0
37152,3201243,3228804.0,3235918.0,27561.0
37172,3203449,3235084.0,3237073.0,31635.0
37191,3205545,3237073.0,3237489.0,31528.0
37199,3206088,3237489.0,3237491.0,31401.0
37203,3206440,3237489.0,3237504.0,31049.0
37204,3206441,3237489.0,3237511.0,31048.0
37202,3206385,3237489.0,3237670.0,31104.0
37198,3206042,3237489.0,3237883.0,31447.0
37210,3207038,3237883.0,3237892.0,30845.0
37209,3207028,3237883.0,3237899.0,30855.0
37208,3206739,3237883.0,3237923.0,31144.0
37206,3206603,3237883.0,3238148.0,31280.0
37205,3206518,3237670.0,3238178.0,31152.0
37211,3207147,3238178.0,3239050.0,31031.0
37214,3207434,3239050.0,3239093.0,31616.0
37223,3207934,3239050.0,3239096.0,31116.0
37217,3207621,3239050.0,3239125.0,31429.0
37222,3207861,3239050.0,3239131.0,31189.0
37219,3207663,3239050.0,3239170.0,31387.0
37213,3207328,3239050.0,3239202.0,31722.0
37182,3204415,3238963.0,3239248.0,34548.0
37161,3202624,3233846.0,3239824.0,31222.0
37162,3202654,3233950.0,3239899.0,31296.0
37224,3208117,3239202.0,3239998.0,31085.0
37236,3208927,3239998.0,3240017.0,31071.0
37235,3208924,3239998.0,3240022.0,31074.0
37237,3208955,3239998.0,3240062.0,31043.0
37233,3208853,3239998.0,3240170.0,31145.0
37229,3208437,3239824.0,3240175.0,31387.0
37228,3208414,3239824.0,3240199.0,31410.0
37239,3209074,3239998.0,3240412.0,30924.0
37238,3209038,3239998.0,3240497.0,30960.0
37196,3205968,3240437.0,3240508.0,34469.0
37193,3205733,3240437.0,3240605.0,34704.0
37192,3205645,3240718.0,3240927.0,35073.0
37246,3209491,3240927.0,3240949.0,31436.0
37248,3209555,3240927.0,3240988.0,31372.0
37226,3208196,3241048.0,3241190.0,32852.0
37241,3209100,3240927.0,3241412.0,31827.0
37249,3209558,3241190.0,3241717.0,31632.0
37251,3209620,3241190.0,3241736.0,31570.0
37250,3209594,3241190.0,3241762.0,31596.0
37225,3208164,3241002.0,3241782.0,32838.0
37255,3209878,3241762.0,3241788.0,31884.0
37254,3209876,3241762.0,3241800.0,31886.0
37252,3209642,3241717.0,3241804.0,32075.0
37231,3208817,3244048.0,3244256.0,35231.0
37240,3209098,3244999.0,3245765.0,35901.0
37257,3210038,3245765.0,3246025.0,35727.0
37259,3210216,3246025.0,3246042.0,35809.0
37262,3210284,3246025.0,3246052.0,35741.0
37263,3210343,3246025.0,3246137.0,35682.0
37253,3209760,3246212.0,3246272.0,36452.0
37265,3210448,3246272.0,3246325.0,35824.0
37266,3210482,3246325.0,3246444.0,35843.0
37256,3209917,3246604.0,3246716.0,36687.0
37269,3210662,3246716.0,3246731.0,36054.0
37264,3210396,3246272.0,3246781.0,35876.0
37270,3210722,3246716.0,3246797.0,35994.0
37268,3210624,3246716.0,3246798.0,36092.0
37274,3211100,3246781.0,3246802.0,35681.0
37271,3210817,3246781.0,3246860.0,35964.0
37273,3211085,3246781.0,3246897.0,35696.0
37276,3211233,3246860.0,3246901.0,35627.0
37261,3210279,3246025.0,3247051.0,35746.0
37260,3210255,3246025.0,3247075.0,35770.0
37272,3210907,3246781.0,3247188.0,35874.0
37283,3211561,3247188.0,3247212.0,35627.0
37280,3211359,3247188.0,3247221.0,35829.0
37281,3211447,3247188.0,3247223.0,35741.0
37282,3211488,3247188.0,3247312.0,35700.0
37277,3211317,3246860.0,3249389.0,35543.0
37279,3211340,3247188.0,3249706.0,35848.0
37230,3208792,3239899.0,3250951.0,31107.0
37232,3208824,3239998.0,3251020.0,31174.0
37275,3211202,3251244.0,3251413.0,40042.0
37278,3211319,3251660.0,3252091.0,40341.0
37289,3211906,3252091.0,3252098.0,40185.0
37290,3211919,3252091.0,3252099.0,40172.0
37288,3211878,3252091.0,3252113.0,40213.0
37291,3212034,3252113.0,3252278.0,40079.0
37284,3211621,3254189.0,3254440.0,42568.0
37295,3213179,3254440.0,3254664.0,41261.0
37285,3211649,3254506.0,3254678.0,42857.0
37307,3215427,3254678.0,3254689.0,39251.0
37304,3215072,3254678.0,3254697.0,39606.0
37306,3215426,3254678.0,3254701.0,39252.0
37300,3214013,3254664.0,3256072.0,40651.0
37286,3211762,3255820.0,3256175.0,44058.0
37322,3217507,3256175.0,3256193.0,38668.0
37310,3215566,3256072.0,3256399.0,40506.0
37326,3218692,3256399.0,3256447.0,37707.0
37339,3219374,3256447.0,3256495.0,37073.0
37329,3218769,3256447.0,3256589.0,37678.0
37344,3219553,3256589.0,3256609.0,37036.0
37357,3220743,3256589.0,3256680.0,35846.0
37350,3220366,3256589.0,3256681.0,36223.0
37352,3220482,3256589.0,3256694.0,36107.0
37363,3221359,3256694.0,3256910.0,35335.0
37314,3216185,3259501.0,3260822.0,43316.0
37342,3219474,3260975.0,3261161.0,41501.0
37287,3211843,3251413.0,3262579.0,39570.0
37381,3232793,3261161.0,3262762.0,28368.0
37380,3232772,3261161.0,3262786.0,28389.0
37292,3212132,3252278.0,3263155.0,40146.0
37379,3230680,3261161.0,3263178.0,30481.0
37378,3230658,3261161.0,3263198.0,30503.0
37377,3229773,3262622.0,3267237.0,32849.0
37382,3234400,3269037.0,3269123.0,34637.0
37383,3234496,3269123.0,3280058.0,34627.0
37595,3262899,3280058.0,3280078.0,17159.0
37587,3262032,3280058.0,3280146.0,18026.0
37602,3263451,3280078.0,3280150.0,16627.0
37608,3263942,3280146.0,3280190.0,16204.0
37610,3264026,3280150.0,3280202.0,16124.0
37605,3263802,3280146.0,3280208.0,16344.0
37604,3263678,3280146.0,3280224.0,16468.0
37615,3264296,3280224.0,3280244.0,15928.0
37616,3264439,3280244.0,3280285.0,15805.0
37613,3264131,3280208.0,3280320.0,16077.0
37622,3264696,3280285.0,3280376.0,15589.0
37630,3265278,3280376.0,3280416.0,15098.0
37631,3265415,3280416.0,3280422.0,15001.0
37633,3265460,3280422.0,3280565.0,14962.0
37634,3265504,3280565.0,3280592.0,15061.0
37623,3264810,3280320.0,3280613.0,15510.0
37642,3266005,3280613.0,3280617.0,14608.0
37644,3266068,3280613.0,3280633.0,14545.0
37643,3266009,3280613.0,3280634.0,14604.0
37645,3266148,3280613.0,3280637.0,14465.0
37641,3265917,3280613.0,3283072.0,14696.0
37640,3265895,3280592.0,3283073.0,14697.0
37648,3266380,3285437.0,3288031.0,19057.0
37661,3267368,3288031.0,3288054.0,20663.0
37662,3267436,3288031.0,3288103.0,20595.0
37650,3266520,3288031.0,3288166.0,21511.0
37664,3267807,3288031.0,3288437.0,20224.0
37667,3268230,3288031.0,3288496.0,19801.0
37673,3268599,3288031.0,3288503.0,19432.0
37681,3269064,3288503.0,3288521.0,19439.0
37682,3269106,3288503.0,3288521.0,19397.0
37680,3268993,3288503.0,3288532.0,19510.0
37678,3268979,3288496.0,3288549.0,19517.0
37674,3268621,3288166.0,3288616.0,19545.0
37679,3268980,3288503.0,3288748.0,19523.0
37688,3269345,3288748.0,3288793.0,19403.0
37676,3268843,3288437.0,3288853.0,19594.0
37687,3269334,3288748.0,3289318.0,19414.0
37685,3269304,3288748.0,3289347.0,19444.0
37384,3245437,3280058.0,3290982.0,34621.0
37696,3270351,3290982.0,3291014.0,20631.0
37695,3270285,3290982.0,3291137.0,20697.0
37701,3270890,3291137.0,3291151.0,20247.0
37700,3270743,3291137.0,3291276.0,20394.0
37699,3270525,3291014.0,3291280.0,20489.0
37697,3270487,3291014.0,3291316.0,20527.0
37705,3271083,3291316.0,3291516.0,20233.0
37704,3271055,3291316.0,3291542.0,20261.0
37703,3271015,3291276.0,3291625.0,20261.0
37691,3269457,3293653.0,3295082.0,24196.0
37707,3271341,3295082.0,3295089.0,23741.0
37708,3271351,3295082.0,3295094.0,23731.0
37706,3271253,3295951.0,3296077.0,24698.0
37710,3271447,3296077.0,3296222.0,24630.0
37711,3271616,3296222.0,3296335.0,24606.0
37712,3271758,3296335.0,3296442.0,24577.0
37709,3271442,3295094.0,3296529.0,23652.0
37713,3271885,3296442.0,3296547.0,24557.0
37723,3272865,3296547.0,3296568.0,23682.0
37724,3272879,3296547.0,3296571.0,23668.0
37721,3272554,3296529.0,3296616.0,23975.0
37717,3272122,3296529.0,3296621.0,24407.0
37726,3272947,3296616.0,3296637.0,23669.0
37725,3272893,3296616.0,3296660.0,23723.0
37716,3272070,3296529.0,3296671.0,24459.0
37727,3272949,3296660.0,3296717.0,23711.0
37731,3273048,3296717.0,3296775.0,23669.0
37730,3273022,3296717.0,3296784.0,23695.0
37732,3273080,3296717.0,3296786.0,23637.0
37734,3273111,3296784.0,3296830.0,23673.0
37728,3272988,3296671.0,3296831.0,23683.0
37733,3273103,3296784.0,3296851.0,23681.0
37736,3273190,3296851.0,3296887.0,23661.0
37737,3273238,3296887.0,3296918.0,23649.0
37714,3272000,3296529.0,3296930.0,24529.0
37722,3272676,3296547.0,3296936.0,23871.0
37738,3273278,3296918.0,3296948.0,23640.0
37739,3273322,3296948.0,3296987.0,23626.0
37741,3273383,3296987.0,3297057.0,23604.0
37745,3273487,3297057.0,3297093.0,23570.0
37743,3273465,3297057.0,3297101.0,23592.0
37748,3273554,3297101.0,3297126.0,23547.0
37747,3273526,3297101.0,3297210.0,23575.0
37715,3272063,3296529.0,3297214.0,24466.0
37735,3273165,3296784.0,3297228.0,23619.0
37750,3273646,3297210.0,3297316.0,23564.0
37740,3273351,3296948.0,3297346.0,23597.0
37753,3273765,3297316.0,3297418.0,23551.0
37755,3273885,3297418.0,3297528.0,23533.0
37758,3274528,3297528.0,3297560.0,23000.0
37759,3274591,3297560.0,3297561.0,22969.0
37760,3274598,3297561.0,3297595.0,22963.0
37762,3274674,3297595.0,3297638.0,22921.0
37764,3274738,3297638.0,3297668.0,22900.0
37765,3274796,3297668.0,3297700.0,22872.0
37766,3274844,3297700.0,3297732.0,22856.0
37757,3274292,3297418.0,3297738.0,23126.0
37768,3274891,3297732.0,3297763.0,22841.0
37770,3274937,3297763.0,3297794.0,22826.0
37771,3274983,3297794.0,3297904.0,22811.0
37774,3275103,3297904.0,3298009.0,22801.0
37777,3275222,3298009.0,3298114.0,22787.0
37779,3275342,3298114.0,3298214.0,22772.0
37780,3275456,3298214.0,3298314.0,22758.0
37782,3275568,3298314.0,3298415.0,22746.0
37783,3275679,3298415.0,3298457.0,22736.0
37784,3275726,3298457.0,3298558.0,22731.0
37786,3275843,3298558.0,3298659.0,22715.0
37719,3272334,3296529.0,3298704.0,24195.0
37718,3272311,3296529.0,3298724.0,24218.0
37793,3276782,3298724.0,3298748.0,21942.0
37794,3276869,3298748.0,3298774.0,21879.0
37798,3277112,3298774.0,3299092.0,21662.0
37800,3277456,3299092.0,3299165.0,21636.0
37754,3273875,3297346.0,3299881.0,23471.0
37791,3276562,3298659.0,3300707.0,22097.0
37790,3276535,3298659.0,3300732.0,22124.0
37789,3276459,3298659.0,3301191.0,22200.0
37788,3276391,3302028.0,3302036.0,25637.0
37769,3274904,3302028.0,3302057.0,27124.0
37767,3274883,3302028.0,3302065.0,27145.0
37752,3273683,3301651.0,3302152.0,27968.0
37781,3275475,3302538.0,3302553.0,27063.0
37801,3277472,3303965.0,3304007.0,26493.0
37804,3277841,3304007.0,3304024.0,26166.0
37805,3277844,3304007.0,3304056.0,26163.0
37806,3277942,3304007.0,3304470.0,26065.0
37803,3277821,3306952.0,3307054.0,29131.0
37816,3278993,3307054.0,3307063.0,28061.0
37818,3279276,3307054.0,3307091.0,27778.0
37811,3278600,3307054.0,3307163.0,28454.0
37817,3279045,3307054.0,3307469.0,28009.0
37809,3278456,3307054.0,3307531.0,28598.0
37821,3279516,3307469.0,3307955.0,27953.0
37807,3278012,3308856.0,3308942.0,30844.0
37819,3279326,3311963.0,3311990.0,32637.0
37824,3280159,3312755.0,3312790.0,32596.0
37834,3281310,3312790.0,3312834.0,31480.0
37835,3281467,3312834.0,3312875.0,31367.0
37829,3280478,3311990.0,3313623.0,31512.0
37842,3282180,3313623.0,3313780.0,31443.0
37846,3282803,3313780.0,3314125.0,30977.0
37833,3281263,3313790.0,3314146.0,32527.0
37831,3280551,3313790.0,3315350.0,33239.0
37822,3279517,3312755.0,3316081.0,33238.0
37849,3283383,3316081.0,3316103.0,32698.0
37845,3282772,3317675.0,3317703.0,34903.0
37843,3282250,3317675.0,3317764.0,35425.0
37847,3283023,3318925.0,3319284.0,35902.0
37859,3284474,3319284.0,3319363.0,34810.0
37856,3283797,3319284.0,3319429.0,35487.0
37865,3284985,3319429.0,3319455.0,34444.0
37864,3284883,3319429.0,3319542.0,34546.0
37863,3284862,3319429.0,3319561.0,34567.0
37858,3284279,3319284.0,3319789.0,35005.0
37861,3284738,3319363.0,3321439.0,34625.0
37860,3284716,3319363.0,3321459.0,34647.0
37852,3283544,3320903.0,3322340.0,37359.0
37873,3285666,3322340.0,3322358.0,36674.0
37876,3286040,3322358.0,3322473.0,36318.0
37879,3286471,3322473.0,3322487.0,36002.0
37872,3285612,3322340.0,3322520.0,36728.0
37877,3286061,3322473.0,3322569.0,36412.0
37886,3286938,3322569.0,3322597.0,35631.0
37881,3286581,3322520.0,3322612.0,35939.0
37889,3287057,3322612.0,3322621.0,35555.0
37880,3286555,3322520.0,3322636.0,35965.0
37874,3285814,3322340.0,3322641.0,36526.0
37888,3286975,3322597.0,3322679.0,35622.0
37890,3287252,3322679.0,3324298.0,35427.0
37898,3288030,3324298.0,3324316.0,36268.0
37893,3287528,3324298.0,3324330.0,36770.0
37897,3287976,3324298.0,3324340.0,36322.0
37896,3287724,3324298.0,3324361.0,36574.0
37894,3287568,3324298.0,3324369.0,36730.0
37903,3288380,3324298.0,3324398.0,35918.0
37891,3287313,3324298.0,3324419.0,36985.0
37902,3288145,3324298.0,3324484.0,36153.0
37912,3288897,3324484.0,3324495.0,35587.0
37911,3288878,3324484.0,3324500.0,35606.0
37905,3288476,3324398.0,3324764.0,35922.0
37910,3288849,3324484.0,3324883.0,35635.0
37892,3287442,3324298.0,3324955.0,36856.0
37866,3285037,3324589.0,3326019.0,39552.0
37901,3288075,3324298.0,3327406.0,36223.0
37899,3288052,3324298.0,3327426.0,36246.0
37913,3288940,3326019.0,3327439.0,37079.0
37927,3290414,3327439.0,3327453.0,37025.0
37926,3290405,3327439.0,3328876.0,37034.0
37928,3290552,3328876.0,3328934.0,38324.0
37931,3291031,3328876.0,3328953.0,37845.0
37929,3290615,3328876.0,3329012.0,38261.0
37933,3291584,3328934.0,3329108.0,37350.0
37925,3290396,3329284.0,3329290.0,38888.0
37924,3290364,3329284.0,3329299.0,38920.0
37921,3290208,3329683.0,3329776.0,39475.0
37944,3291940,3329108.0,3329825.0,37168.0
37915,3289558,3329755.0,3329862.0,40197.0
37917,3289809,3329755.0,3329891.0,39946.0
37947,3292210,3329825.0,3329908.0,37615.0
37946,3292206,3329825.0,3329980.0,37619.0
37951,3292857,3329980.0,3330079.0,37123.0
37950,3292832,3329980.0,3330102.0,37148.0
37960,3293880,3330102.0,3330220.0,36222.0
37964,3294119,3330220.0,3330229.0,36101.0
37963,3294092,3330220.0,3330233.0,36128.0
37961,3293906,3330220.0,3330314.0,36314.0
37952,3292889,3330079.0,3330553.0,37190.0
37942,3291863,3330734.0,3330760.0,38871.0
37941,3291860,3330734.0,3330770.0,38874.0
37945,3292089,3330908.0,3330932.0,38819.0
37949,3292678,3329891.0,3331301.0,37213.0
37967,3294610,3331301.0,3331354.0,36691.0
37976,3295650,3331354.0,3331361.0,35704.0
37977,3295659,3331354.0,3331365.0,35695.0
37975,3295618,3331354.0,3331368.0,35736.0
37968,3294748,3331301.0,3331414.0,36553.0
37969,3294773,3331354.0,3331444.0,36581.0
37937,3291749,3332226.0,3332245.0,40477.0
37935,3291690,3332253.0,3332299.0,40563.0
37940,3291797,3330734.0,3333826.0,38937.0
37954,3293224,3334099.0,3334150.0,40875.0
37938,3291774,3332226.0,3335339.0,40452.0
37965,3294174,3335353.0,3336794.0,41179.0
37982,3296512,3336794.0,3336808.0,40282.0
37979,3295861,3336794.0,3336840.0,40933.0
37981,3296311,3336794.0,3336884.0,40483.0
37980,3296283,3336794.0,3336910.0,40511.0
37983,3296648,3336910.0,3337075.0,40262.0
37987,3297158,3337075.0,3337084.0,39917.0
37986,3297117,3337075.0,3337090.0,39958.0
37985,3296855,3337075.0,3337091.0,40220.0
37984,3296819,3337075.0,3337093.0,40256.0
37988,3297211,3337093.0,3338504.0,39882.0
37996,3298625,3338504.0,3338517.0,39879.0
37989,3297322,3338504.0,3338524.0,41182.0
37993,3298331,3338504.0,3338524.0,40173.0
37997,3298626,3338504.0,3338526.0,39878.0
37992,3298278,3338504.0,3338544.0,40226.0
37991,3297472,3338504.0,3338596.0,41032.0
37990,3297406,3338504.0,3338660.0,41098.0
37995,3298377,3338504.0,3339297.0,40127.0
37994,3298356,3338504.0,3339315.0,40148.0
37978,3295705,3338950.0,3340359.0,43245.0
38000,3299165,3340359.0,3340365.0,41194.0
38004,3300165,3340359.0,3340372.0,40194.0
38003,3299683,3340359.0,3340390.0,40676.0
38002,3299630,3340359.0,3340506.0,40729.0
38001,3299564,3340359.0,3340570.0,40795.0
37999,3298738,3340359.0,3340888.0,41621.0
37998,3298682,3343460.0,3344939.0,44778.0
38005,3300355,3345370.0,3345792.0,45015.0
38007,3300825,3345792.0,3345813.0,44967.0
38006,3300801,3344939.0,3345910.0,44138.0
38015,3302987,3345910.0,3345916.0,42923.0
38012,3301724,3345910.0,3345931.0,44186.0
38011,3301676,3345910.0,3345932.0,44234.0
38013,3301750,3345910.0,3345932.0,44160.0
38009,3301615,3345813.0,3345945.0,44198.0
38010,3301667,3345910.0,3345955.0,44243.0
38017,3303145,3345945.0,3345965.0,42800.0
38018,3303450,3345945.0,3345986.0,42495.0
38019,3303500,3345945.0,3345987.0,42445.0
38008,3300984,3345792.0,3346009.0,44808.0
38023,3303661,3345945.0,3346022.0,42284.0
38022,3303653,3345945.0,3346027.0,42292.0
38021,3303645,3345945.0,3346032.0,42300.0
38020,3303637,3345945.0,3346037.0,42308.0
38024,3303671,3345945.0,3346108.0,42274.0
38025,3303884,3346108.0,3346938.0,42224.0
38016,3303055,3345945.0,3347722.0,42890.0
38032,3306102,3347722.0,3347728.0,41620.0
38035,3306681,3347722.0,3347738.0,41041.0
38029,3305953,3347722.0,3347746.0,41769.0
38028,3305524,3347722.0,3347780.0,42198.0
38027,3305266,3347722.0,3347785.0,42456.0
38031,3306027,3347722.0,3347794.0,41695.0
38034,3306123,3347722.0,3347798.0,41599.0
38030,3306002,3347722.0,3347828.0,41720.0
38033,3306111,3347722.0,3347834.0,41611.0
38037,3306742,3347722.0,3347859.0,40980.0
38036,3306706,3347722.0,3348056.0,41016.0
38026,3304920,3346938.0,3348697.0,42018.0
38043,3308672,3348697.0,3348733.0,40025.0
38042,3308617,3348697.0,3348735.0,40080.0
38045,3308988,3348697.0,3348763.0,39709.0
38039,3306965,3348697.0,3348771.0,41732.0
38046,3309050,3348735.0,3348771.0,39685.0
38048,3309159,3348735.0,3348776.0,39576.0
38050,3309381,3348771.0,3348787.0,39390.0
38041,3308596,3348697.0,3348805.0,40101.0
38049,3309205,3348771.0,3348806.0,39566.0
38044,3308756,3348697.0,3348823.0,39941.0
38047,3309069,3348735.0,3349036.0,39666.0
38040,3307142,3348697.0,3350135.0,41555.0
38038,3306784,3352546.0,3355131.0,45762.0
38051,3309985,3356931.0,3357053.0,46946.0
38059,3310821,3357053.0,3357067.0,46232.0
38053,3310157,3357053.0,3357085.0,46896.0
38056,3310422,3357053.0,3357088.0,46631.0
38052,3310118,3357053.0,3357089.0,46935.0
38061,3311177,3357053.0,3357100.0,45876.0
38063,3311435,3357067.0,3357103.0,45632.0
38057,3310474,3357053.0,3357111.0,46579.0
38064,3311475,3357085.0,3357118.0,45610.0
38065,3311514,3357088.0,3357120.0,45574.0
38069,3314399,3357089.0,3357120.0,42690.0
38067,3311587,3357089.0,3357121.0,45502.0
38066,3311550,3357088.0,3357123.0,45538.0
38054,3310192,3357053.0,3357129.0,46861.0
38070,3314441,3357089.0,3357143.0,42648.0
38062,3311334,3357053.0,3357360.0,45719.0
38060,3310989,3357053.0,3357372.0,46064.0
38058,3310537,3357053.0,3357796.0,46516.0
38055,3310306,3357053.0,3358011.0,46747.0
38074,3317528,3362172.0,3362343.0,44644.0
38075,3317709,3362343.0,3373275.0,44634.0
38076,3328662,3373275.0,3373358.0,44613.0
38125,3349521,3373358.0,3373361.0,23837.0
38126,3349838,3373358.0,3373361.0,23520.0
38127,3349853,3373358.0,3373361.0,23505.0
38128,3350695,3373358.0,3373361.0,22663.0
38129,3351951,3373358.0,3373361.0,21407.0
38130,3351993,3373361.0,3373364.0,21368.0
38131,3352014,3373364.0,3373367.0,21350.0
38139,3353684,3373364.0,3373368.0,19680.0
38142,3353913,3373364.0,3373369.0,19451.0
38120,3347526,3373358.0,3373401.0,25832.0
38141,3353860,3373364.0,3373405.0,19504.0
38119,3347465,3373358.0,3373407.0,25893.0
38122,3347904,3373358.0,3373408.0,25454.0
38140,3353763,3373364.0,3373428.0,19601.0
38143,3354365,3373367.0,3373446.0,19002.0
38144,3354387,3373405.0,3373463.0,19018.0
38118,3347428,3373358.0,3373470.0,25930.0
38138,3353553,3373364.0,3373546.0,19811.0
38146,3354526,3373446.0,3373551.0,18920.0
38145,3354506,3373446.0,3373571.0,18940.0
38147,3354614,3373470.0,3373638.0,18856.0
38150,3354840,3373638.0,3373774.0,18798.0
38149,3354788,3373571.0,3373912.0,18783.0
38148,3354765,3373571.0,3373934.0,18806.0
38151,3355343,3373774.0,3373951.0,18431.0
38153,3355390,3373934.0,3373975.0,18544.0
38152,3355345,3373934.0,3374020.0,18589.0
38077,3328748,3373358.0,3384285.0,44610.0
38154,3355569,3386085.0,3386185.0,30516.0
38155,3355694,3386185.0,3386202.0,30491.0
38160,3356023,3386185.0,3386205.0,30162.0
38163,3356219,3386185.0,3386210.0,29966.0
38158,3355915,3386185.0,3386319.0,30270.0
38161,3356171,3386185.0,3386325.0,30014.0
38159,3355927,3386185.0,3386373.0,30258.0
38169,3357039,3386373.0,3386379.0,29334.0
38157,3355842,3386185.0,3386390.0,30343.0
38177,3358074,3386390.0,3386392.0,28316.0
38166,3356735,3386325.0,3386498.0,29590.0
38174,3357527,3386390.0,3386765.0,28863.0
38185,3358900,3386765.0,3386778.0,27865.0
38186,3358940,3386778.0,3386791.0,27838.0
38187,3359186,3386791.0,3386792.0,27605.0
38188,3359192,3386791.0,3386800.0,27599.0
38190,3359240,3386792.0,3386802.0,27552.0
38191,3359361,3386800.0,3386813.0,27439.0
38192,3359444,3386813.0,3386824.0,27369.0
38195,3359880,3386824.0,3386840.0,26944.0
38196,3359907,3386840.0,3386842.0,26933.0
38197,3359915,3386842.0,3386857.0,26927.0
38198,3359965,3386842.0,3386861.0,26877.0
38208,3361594,3386857.0,3386874.0,25263.0
38205,3360734,3386857.0,3386876.0,26123.0
38203,3360313,3386842.0,3386891.0,26529.0
38167,3356957,3386373.0,3386962.0,29416.0
38176,3357956,3386390.0,3389819.0,28434.0
38178,3358095,3386498.0,3390885.0,28403.0
38211,3361716,3390885.0,3390892.0,29169.0
38210,3361671,3390885.0,3390906.0,29214.0
38213,3361728,3390892.0,3390907.0,29164.0
38218,3362168,3390906.0,3391058.0,28738.0
38164,3356245,3386319.0,3391665.0,30074.0
38221,3362444,3391665.0,3391678.0,29221.0
38222,3362493,3391678.0,3391746.0,29185.0
38224,3363104,3391746.0,3391758.0,28642.0
38225,3363164,3391746.0,3391761.0,28582.0
38232,3363941,3391761.0,3391885.0,27820.0
38233,3364255,3391885.0,3391916.0,27630.0
38234,3364290,3391916.0,3392061.0,27626.0
38236,3364578,3392061.0,3392117.0,27483.0
38209,3361601,3391762.0,3392257.0,30161.0
38243,3364851,3392257.0,3392279.0,27406.0
38239,3364742,3392257.0,3392291.0,27515.0
38238,3364714,3392257.0,3392292.0,27543.0
38250,3364991,3392257.0,3392301.0,27266.0
38242,3364801,3392257.0,3392303.0,27456.0
38244,3364866,3392257.0,3392303.0,27391.0
38240,3364778,3392257.0,3392319.0,27479.0
38248,3364967,3392257.0,3392338.0,27290.0
38237,3364668,3392117.0,3392575.0,27449.0
38247,3364901,3392257.0,3393862.0,27356.0
38245,3364878,3392257.0,3393882.0,27379.0
38251,3364995,3397057.0,3397277.0,32062.0
38254,3365280,3397277.0,3397309.0,31997.0
38255,3365329,3397309.0,3397323.0,31980.0
38259,3365719,3397309.0,3397343.0,31590.0
38256,3365419,3397309.0,3397355.0,31890.0
38257,3365557,3397309.0,3397584.0,31752.0
38260,3365874,3397584.0,3397595.0,31710.0
38262,3365966,3397595.0,3397654.0,31629.0
38261,3365899,3397595.0,3397904.0,31696.0
38219,3362190,3395858.0,3398649.0,33668.0
38266,3366117,3398649.0,3398669.0,32532.0
38272,3366569,3398649.0,3398675.0,32080.0
38268,3366348,3398649.0,3398689.0,32301.0
38264,3366080,3398649.0,3398693.0,32569.0
38269,3366427,3398649.0,3398697.0,32222.0
38276,3366873,3398649.0,3398748.0,31776.0
38277,3366911,3398748.0,3398920.0,31837.0
38283,3367423,3398920.0,3398945.0,31497.0
38280,3367172,3398920.0,3398946.0,31748.0
38278,3367098,3398920.0,3398961.0,31822.0
38279,3367172,3398920.0,3399088.0,31748.0
38282,3367374,3398920.0,3399529.0,31546.0
38252,3365128,3397375.0,3399616.0,32247.0
38286,3368033,3399616.0,3400288.0,31583.0
38263,3366029,3402395.0,3402410.0,36366.0
38300,3368976,3402410.0,3402422.0,33434.0
38293,3368617,3402410.0,3402428.0,33793.0
38295,3368718,3402410.0,3402434.0,33692.0
38294,3368669,3402410.0,3402436.0,33741.0
38303,3369271,3402434.0,3402450.0,33163.0
38299,3368898,3402410.0,3402452.0,33512.0
38296,3368805,3402410.0,3402462.0,33605.0
38304,3369564,3402462.0,3402522.0,32898.0
38298,3368841,3402410.0,3402677.0,33569.0
38309,3369792,3402522.0,3402781.0,32730.0
38301,3369156,3402428.0,3403031.0,33272.0
38310,3369842,3402677.0,3403293.0,32835.0
38292,3368514,3404416.0,3404605.0,35902.0
38314,3370742,3404605.0,3404741.0,33863.0
38316,3371016,3404741.0,3404880.0,33725.0
38317,3371171,3404880.0,3405022.0,33709.0
38323,3371575,3405022.0,3405157.0,33447.0
38324,3371730,3405157.0,3405290.0,33427.0
38326,3371946,3405290.0,3405587.0,33344.0
38285,3367975,3403888.0,3406913.0,35913.0
38328,3372065,3406913.0,3406929.0,34848.0
38338,3373498,3406913.0,3407010.0,33415.0
38339,3373619,3406913.0,3407011.0,33294.0
38336,3373017,3406913.0,3407183.0,33896.0
38329,3372264,3406913.0,3407210.0,34649.0
38331,3372635,3406913.0,3407219.0,34278.0
38267,3366198,3398649.0,3407530.0,32451.0
38313,3370538,3407581.0,3407726.0,37043.0
38346,3373849,3407726.0,3407769.0,33877.0
38343,3373713,3407726.0,3407786.0,34013.0
38345,3373731,3407726.0,3407798.0,33995.0
38351,3374227,3407798.0,3407868.0,33571.0
38349,3374114,3407786.0,3407876.0,33672.0
38352,3374442,3407868.0,3407886.0,33426.0
38355,3374570,3407868.0,3407916.0,33298.0
38359,3374882,3407876.0,3407921.0,32994.0
38327,3372063,3405587.0,3408602.0,33524.0
38348,3374053,3407726.0,3409367.0,33673.0
38347,3374026,3407726.0,3409391.0,33700.0
38340,3373641,3411713.0,3411752.0,38072.0
38360,3375086,3412721.0,3412963.0,37635.0
38342,3373695,3407530.0,3413347.0,33835.0
38344,3373725,3407726.0,3413520.0,34001.0
38365,3375743,3413347.0,3413548.0,37604.0
38367,3375859,3413548.0,3413584.0,37689.0
38368,3375920,3413584.0,3413585.0,37664.0
38369,3375947,3413585.0,3413878.0,37638.0
38370,3375976,3413878.0,3413915.0,37902.0
38374,3376241,3413915.0,3414123.0,37674.0
38378,3376453,3414123.0,3414293.0,37670.0
38362,3375330,3414191.0,3414360.0,38861.0
38380,3376625,3414293.0,3414445.0,37668.0
38382,3376964,3414445.0,3414626.0,37481.0
38384,3377148,3414626.0,3414681.0,37478.0
38388,3377781,3414681.0,3414739.0,36900.0
38394,3379074,3414681.0,3414768.0,35607.0
38364,3375570,3414763.0,3415340.0,39193.0
38385,3377388,3416426.0,3416479.0,39038.0
38398,3379380,3415340.0,3416606.0,35960.0
38363,3375500,3416552.0,3416790.0,41052.0
38407,3380640,3416790.0,3416796.0,36150.0
38405,3380346,3416790.0,3416836.0,36444.0
38408,3381256,3416790.0,3416863.0,35534.0
38387,3377589,3416426.0,3417569.0,38837.0
38395,3379256,3416539.0,3417929.0,37283.0
38381,3376778,3418348.0,3418532.0,41570.0
38415,3381585,3418532.0,3418588.0,36947.0
38416,3381593,3418532.0,3418655.0,36939.0
38412,3381529,3418532.0,3418665.0,37003.0
38417,3381694,3418532.0,3419565.0,36838.0
38372,3376029,3418348.0,3419988.0,42319.0
38371,3376008,3418348.0,3420006.0,42340.0
38404,3380099,3420140.0,3420187.0,40041.0
38425,3382419,3420187.0,3420221.0,37768.0
38424,3382375,3420187.0,3420255.0,37812.0
38420,3381867,3420332.0,3420345.0,38465.0
38397,3379342,3419568.0,3420872.0,40226.0
38410,3381277,3421663.0,3421775.0,40386.0
38409,3381269,3421279.0,3422181.0,40010.0
38418,3381837,3422369.0,3422393.0,40532.0
38419,3381859,3422729.0,3422803.0,40870.0
38428,3382531,3422181.0,3423043.0,39650.0
38421,3381934,3424365.0,3424600.0,42431.0
38436,3383093,3425055.0,3425099.0,41962.0
38413,3381530,3418532.0,3425374.0,37002.0
38439,3383373,3424600.0,3426881.0,41227.0
38426,3382466,3426575.0,3426886.0,44109.0
38447,3384475,3426881.0,3427202.0,42406.0
38437,3383252,3426575.0,3427381.0,43323.0
38456,3385580,3427381.0,3427428.0,41801.0
38440,3383444,3427843.0,3427933.0,44399.0
38411,3381497,3422369.0,3429243.0,40872.0
38453,3385372,3429899.0,3430045.0,44527.0
38449,3384799,3429899.0,3430455.0,45100.0
38434,3382758,3425055.0,3430881.0,42297.0
38441,3383523,3430174.0,3431084.0,46651.0
38463,3385901,3431084.0,3431139.0,45183.0
38464,3385995,3431084.0,3431149.0,45089.0
38465,3386004,3431149.0,3431265.0,45145.0
38466,3386122,3431265.0,3431284.0,45143.0
38471,3386999,3431265.0,3431328.0,44266.0
38467,3386181,3431265.0,3431330.0,45084.0
38472,3387078,3431265.0,3431349.0,44187.0
38432,3382734,3425672.0,3431522.0,42938.0
38452,3385275,3431686.0,3431931.0,46411.0
38479,3387878,3431931.0,3432000.0,44053.0
38480,3387973,3432000.0,3432066.0,44027.0
38482,3388212,3432066.0,3432131.0,43854.0
38483,3388325,3432131.0,3432320.0,43806.0
38486,3388701,3432320.0,3432337.0,43619.0
38484,3388392,3432320.0,3432445.0,43928.0
38458,3385663,3432733.0,3432916.0,47070.0
38493,3389156,3432916.0,3432933.0,43760.0
38490,3389044,3432320.0,3433926.0,43276.0
38489,3389023,3432320.0,3433944.0,43297.0
38460,3385725,3434043.0,3434128.0,48318.0
38474,3387229,3431522.0,3434572.0,44293.0
38499,3389854,3434572.0,3434890.0,44718.0
38502,3390243,3434890.0,3435005.0,44647.0
38510,3390921,3435005.0,3435021.0,44084.0
38504,3390293,3435005.0,3435069.0,44712.0
38512,3391262,3435069.0,3435225.0,43807.0
38513,3391423,3435225.0,3435337.0,43802.0
38461,3385733,3435255.0,3435368.0,49522.0
38515,3391478,3435337.0,3435394.0,43859.0
38450,3384844,3426886.0,3436014.0,42042.0
38496,3389252,3436322.0,3436430.0,47070.0
38519,3391648,3435394.0,3437021.0,43746.0
38518,3391624,3435394.0,3437040.0,43770.0
38491,3389060,3437245.0,3437337.0,48185.0
38495,3389180,3437733.0,3437913.0,48553.0
38523,3392359,3437913.0,3437943.0,45554.0
38501,3389945,3438928.0,3438954.0,48983.0
38514,3391427,3438928.0,3438967.0,47501.0
38503,3390292,3438928.0,3438968.0,48636.0
38517,3391578,3438928.0,3439213.0,47350.0
38500,3389880,3438928.0,3439223.0,49048.0
38469,3386372,3431265.0,3440497.0,44893.0
38520,3391874,3441821.0,3441996.0,49947.0
38533,3393619,3441996.0,3442014.0,48377.0
38532,3393545,3441996.0,3442044.0,48451.0
38522,3392268,3442137.0,3442251.0,49869.0
38546,3395388,3442251.0,3442267.0,46863.0
38537,3393743,3442251.0,3442323.0,48508.0
38551,3395524,3442251.0,3442331.0,46727.0
38550,3395513,3442251.0,3442341.0,46738.0
38549,3395500,3442251.0,3442352.0,46751.0
38548,3395491,3442251.0,3442360.0,46760.0
38547,3395482,3442251.0,3442366.0,46769.0
38536,3393686,3442251.0,3442380.0,48565.0
38525,3392472,3442743.0,3443102.0,50271.0
38535,3393662,3441996.0,3443689.0,48334.0
38534,3393641,3441996.0,3443708.0,48355.0
38530,3392869,3444023.0,3446758.0,51154.0
38553,3402900,3448558.0,3448725.0,45658.0
38561,3403195,3448725.0,3448830.0,45530.0
38560,3403187,3448725.0,3448836.0,45538.0
38558,3403171,3448725.0,3448849.0,45554.0
38557,3403160,3448725.0,3448859.0,45565.0
38556,3403152,3448725.0,3448865.0,45573.0
38555,3403143,3448725.0,3448873.0,45582.0
38554,3403135,3448725.0,3448879.0,45590.0
38559,3403179,3448725.0,3448928.0,45546.0
38562,3403425,3448725.0,3448941.0,45300.0
38552,3402873,3447180.0,3450804.0,44307.0
38566,3406945,3450804.0,3451334.0,43859.0
38576,3408831,3451334.0,3451346.0,42503.0
38577,3408894,3451334.0,3451346.0,42440.0
38569,3407551,3450804.0,3452082.0,43253.0
38564,3406425,3448941.0,3459155.0,42516.0
38652,3416643,3460955.0,3461053.0,44312.0
38654,3429214,3461053.0,3461056.0,31839.0
38761,3440860,3461053.0,3461069.0,20193.0
38835,3451223,3461053.0,3461069.0,9830.0
38807,3446353,3461053.0,3461076.0,14700.0
38762,3441092,3461053.0,3471181.0,19961.0
38844,3452835,3472981.0,3473076.0,20146.0
38845,3452999,3473076.0,3473092.0,20077.0
38846,3453140,3473092.0,3473184.0,19952.0
38855,3454907,3473184.0,3473196.0,18277.0
38858,3455462,3473184.0,3473206.0,17722.0
38856,3454957,3473184.0,3473681.0,18227.0
38859,3455517,3473206.0,3474720.0,17689.0
38895,3463654,3474720.0,3474723.0,11066.0
38913,3467156,3474720.0,3474737.0,7564.0
38907,3466423,3474720.0,3474742.0,8297.0
38906,3466052,3474720.0,3474790.0,8668.0
38905,3466024,3474720.0,3474817.0,8696.0
38867,3457053,3473681.0,3483782.0,16628.0
38918,3468366,3483782.0,3483786.0,15416.0
38920,3469253,3483782.0,3483786.0,14529.0
38941,3472787,3483782.0,3483786.0,10995.0
38940,3472769,3483782.0,3483788.0,11013.0
38939,3472767,3483782.0,3483789.0,11015.0
38938,3472766,3483782.0,3483790.0,11016.0
38937,3472763,3483782.0,3483792.0,11019.0
38936,3472762,3483782.0,3483793.0,11020.0
38935,3472760,3483782.0,3483795.0,11022.0
38945,3473018,3483789.0,3483834.0,10771.0
38946,3473021,3483792.0,3483835.0,10771.0
38944,3473016,3483789.0,3483836.0,10773.0
38947,3473023,3483795.0,3483836.0,10772.0
38942,3473013,3483788.0,3483837.0,10775.0
38943,3473014,3483788.0,3483837.0,10774.0
38951,3473850,3483836.0,3484385.0,9986.0
38950,3473821,3483835.0,3484412.0,10014.0
38958,3474465,3484412.0,3484510.0,9947.0
38966,3476564,3484510.0,3484672.0,7946.0
38974,3477683,3484672.0,3484680.0,6989.0
38972,3477680,3484672.0,3484684.0,6992.0
38973,3477681,3484672.0,3484684.0,6991.0
38975,3477685,3484680.0,3484686.0,6995.0
38976,3477686,3484684.0,3484690.0,6998.0
38977,3477688,3484686.0,3484690.0,6998.0
38967,3476621,3484672.0,3484778.0,8051.0
38982,3477977,3484690.0,3484784.0,6713.0
38983,3477978,3484690.0,3484784.0,6712.0
38981,3477975,3484690.0,3484789.0,6715.0
38984,3477980,3484778.0,3484871.0,6798.0
38985,3477982,3484789.0,3484880.0,6807.0
38986,3477983,3484789.0,3484880.0,6806.0
38987,3478091,3484880.0,3485015.0,6789.0
38990,3478753,3485015.0,3485029.0,6262.0
38988,3478116,3485015.0,3485125.0,6899.0
38997,3480003,3485125.0,3485264.0,5122.0
38998,3480033,3485264.0,3485372.0,5231.0
39002,3481007,3485372.0,3485523.0,4365.0
39003,3481036,3485523.0,3485646.0,4487.0
39007,3481308,3485646.0,3485969.0,4338.0
39011,3482300,3485969.0,3485983.0,3669.0
39009,3481341,3485969.0,3486260.0,4628.0
38957,3474420,3488637.0,3488781.0,14217.0
38915,3467238,3474817.0,3489876.0,7579.0
39043,3489693,3489876.0,3489891.0,183.0
39026,3485660,3485969.0,3490514.0,309.0
39070,3495861,3497661.0,3502496.0,1800.0
39093,3500580,3502496.0,3502508.0,1916.0
39027,3485662,3493581.0,3503779.0,7919.0
39095,3502012,3503779.0,3503880.0,1767.0
39096,3502190,3503779.0,3503918.0,1589.0
39094,3500705,3502508.0,3512684.0,1803.0
39098,3522072,3523872.0,3524005.0,1800.0
39099,3522101,3523901.0,3524006.0,1800.0
39100,3522315,3524005.0,3524126.0,1690.0
39103,3523170,3524126.0,3524275.0,956.0
39102,3523138,3524126.0,3524307.0,988.0
39105,3523712,3524307.0,3524406.0,595.0
39104,3523686,3524307.0,3524431.0,621.0
39101,3522338,3525805.0,3525903.0,3467.0
39124,3531323,3533123.0,3533139.0,1800.0
39131,3532752,3534552.0,3534567.0,1800.0
39146,3535227,3537027.0,3537045.0,1800.0
39166,3537051,3537051.0,3537093.0,0.0
39148,3535311,3537111.0,3537131.0,1800.0
39167,3537159,3537159.0,3537180.0,0.0
39168,3537246,3537246.0,3537270.0,0.0
39169,3537355,3537355.0,3537360.0,0.0
39170,3537378,3537378.0,3537408.0,0.0
39150,3535844,3537644.0,3537683.0,1800.0
39172,3537682,3537682.0,3537685.0,0.0
39173,3537693,3537693.0,3537697.0,0.0
39151,3535914,3537714.0,3537734.0,1800.0
39174,3537737,3537737.0,3537740.0,0.0
39152,3536087,3537887.0,3537989.0,1800.0
39140,3534979,3537939.0,3538046.0,2960.0
39153,3536220,3538020.0,3538054.0,1800.0
39178,3538214,3538214.0,3538221.0,0.0
39179,3538293,3538293.0,3538297.0,0.0
39155,3536490,3538290.0,3538336.0,1800.0
39156,3536621,3538421.0,3538561.0,1800.0
39162,3536915,3538715.0,3538747.0,1800.0
39097,3521936,3523736.0,3538813.0,1800.0
39163,3536997,3538797.0,3538823.0,1800.0
39165,3537022,3538822.0,3538838.0,1800.0
39144,3535138,3539367.0,3539388.0,4229.0
39176,3537871,3541931.0,3542024.0,4060.0
39175,3537786,3542208.0,3542271.0,4422.0
39195,3540667,3543613.0,3543640.0,2946.0
39197,3540795,3544188.0,3544205.0,3393.0
39196,3540692,3543613.0,3546309.0,2921.0
39207,3543390,3547071.0,3547085.0,3681.0
39220,3546099,3551109.0,3551205.0,5010.0
39222,3546779,3551205.0,3552533.0,4426.0
39237,3549539,3552533.0,3552548.0,2994.0
39229,3548134,3551205.0,3552608.0,3071.0
39240,3550455,3552608.0,3552699.0,2153.0
39251,3551998,3552699.0,3552759.0,701.0
39243,3550896,3552699.0,3555099.0,1803.0
39260,3553323,3557559.0,3558113.0,4236.0
39265,3554747,3555099.0,3559401.0,352.0
39266,3559050,3562913.0,3562928.0,3863.0
39268,3565153,3567728.0,3567752.0,2575.0
39267,3559131,3559401.0,3571300.0,270.0
39269,3570899,3572699.0,3572714.0,1800.0
39270,3571033,3572833.0,3572852.0,1800.0
39273,3573650,3577514.0,3577519.0,3864.0
39271,3572059,3576100.0,3587024.0,4041.0
39272,3572060,3576100.0,3587024.0,4040.0
39279,3585297,3588824.0,3588911.0,3527.0
39514,3614191,3615991.0,3616041.0,1800.0
39516,3614491,3616291.0,3616352.0,1800.0
39519,3614676,3616476.0,3616523.0,1800.0
39523,3615054,3616854.0,3617212.0,1800.0
39530,3616018,3617818.0,3618192.0,1800.0
39528,3615868,3617668.0,3618276.0,1800.0
39529,3615891,3617691.0,3618277.0,1800.0
39537,3617604,3618277.0,3618288.0,673.0
39538,3617605,3618277.0,3618288.0,672.0
39540,3617610,3618288.0,3618292.0,678.0
39541,3617612,3618292.0,3618294.0,680.0
39539,3617608,3618288.0,3618297.0,680.0
39526,3615510,3617310.0,3618561.0,1800.0
39545,3617977,3618561.0,3618567.0,584.0
39544,3617975,3618561.0,3618573.0,586.0
39546,3617978,3618567.0,3618573.0,589.0
39547,3617980,3618573.0,3618578.0,593.0
39548,3617981,3618573.0,3618578.0,592.0
39550,3618091,3618578.0,3618607.0,487.0
39549,3618090,3618578.0,3618610.0,488.0
39551,3618093,3618607.0,3618634.0,514.0
39552,3618094,3618610.0,3618636.0,516.0
39553,3618096,3618634.0,3618659.0,538.0
39554,3618097,3618659.0,3618683.0,562.0
39556,3618340,3618683.0,3618753.0,343.0
39555,3618338,3618683.0,3618758.0,345.0
39557,3618342,3618753.0,3618821.0,411.0
39558,3618344,3618758.0,3618825.0,414.0
39559,3618346,3618821.0,3618887.0,475.0
39561,3618450,3618887.0,3618912.0,437.0
39560,3618348,3618887.0,3618951.0,539.0
39542,3617698,3618561.0,3619302.0,863.0
39563,3618510,3619302.0,3619310.0,792.0
39566,3618514,3619310.0,3619316.0,796.0
39567,3618516,3619316.0,3619321.0,800.0
39533,3616930,3621323.0,3622013.0,4393.0
39532,3616425,3620841.0,3622456.0,4416.0
39568,3618539,3619321.0,3622947.0,782.0
39572,3618646,3622947.0,3622952.0,4301.0
39571,3618643,3622947.0,3622954.0,4304.0
39535,3617065,3618276.0,3623376.0,1211.0
39578,3619158,3623376.0,3623402.0,4218.0
39573,3618727,3622954.0,3623685.0,4227.0
39580,3619543,3623685.0,3623694.0,4142.0
39583,3619549,3623694.0,3623699.0,4145.0
39582,3619547,3623694.0,3623700.0,4147.0
39565,3618513,3623712.0,3623718.0,5199.0
39587,3619863,3623718.0,3623723.0,3855.0
39588,3619864,3623723.0,3623728.0,3859.0
39589,3619866,3623728.0,3623732.0,3862.0
39585,3619788,3623694.0,3623743.0,3906.0
39564,3618511,3623751.0,3623758.0,5240.0
39569,3618638,3623813.0,3623824.0,5175.0
39592,3620185,3623824.0,3623828.0,3639.0
39593,3620187,3623828.0,3623831.0,3641.0
39591,3620183,3623824.0,3623832.0,3641.0
39590,3620182,3623824.0,3623833.0,3642.0
39596,3620543,3623828.0,3623849.0,3285.0
39595,3620479,3623828.0,3623872.0,3349.0
39599,3620613,3623833.0,3624255.0,3220.0
39598,3620592,3623831.0,3625404.0,3239.0
39597,3620569,3623831.0,3625427.0,3262.0
39570,3618641,3626813.0,3626821.0,8172.0
39534,3616989,3622012.0,3627188.0,5023.0
39586,3619861,3628176.0,3628183.0,8315.0
39581,3619545,3628176.0,3628238.0,8631.0
39614,3626370,3628238.0,3628691.0,1868.0
39608,3625933,3629055.0,3629057.0,3122.0
39607,3625919,3629055.0,3629087.0,3136.0
39618,3626562,3629057.0,3629249.0,2495.0
39612,3626346,3630204.0,3630683.0,3858.0
39611,3626340,3630227.0,3630712.0,3887.0
39620,3627470,3631621.0,3631773.0,4151.0
39613,3626363,3631621.0,3632081.0,5258.0
39610,3626020,3631988.0,3632989.0,5968.0
39626,3627642,3632989.0,3632996.0,5347.0
39625,3627614,3632989.0,3633023.0,5375.0
39624,3627612,3632989.0,3633025.0,5377.0
39616,3626378,3633491.0,3633937.0,7113.0
39615,3626375,3633491.0,3633940.0,7116.0
39629,3627862,3633940.0,3634026.0,6078.0
39630,3627864,3634026.0,3634110.0,6162.0
39631,3627866,3634110.0,3634193.0,6244.0
39627,3627654,3632996.0,3635020.0,5342.0
39609,3625949,3631621.0,3635342.0,5672.0
39634,3628416,3635342.0,3635396.0,6926.0
39622,3627604,3635512.0,3635555.0,7908.0
39623,3627606,3636573.0,3636614.0,8967.0
39628,3627860,3637825.0,3637914.0,9965.0
39638,3628902,3637914.0,3637975.0,9012.0
39641,3629429,3637975.0,3638019.0,8546.0
39643,3629731,3638019.0,3638143.0,8288.0
39647,3630419,3638143.0,3638248.0,7724.0
39645,3630111,3638143.0,3638555.0,8032.0
39633,3628387,3639820.0,3639902.0,11433.0
39650,3630944,3639902.0,3640329.0,8958.0
39639,3628982,3640355.0,3640360.0,11373.0
39651,3630950,3641702.0,3641721.0,10752.0
39654,3631079,3641702.0,3641728.0,10623.0
39652,3630964,3641702.0,3641796.0,10738.0
39642,3629702,3641414.0,3641814.0,11712.0
39656,3631137,3640329.0,3641926.0,9192.0
39655,3631112,3640329.0,3641949.0,9217.0
39653,3631015,3641702.0,3642059.0,10687.0
39648,3630588,3643048.0,3643163.0,12460.0
39636,3628541,3635555.0,3644212.0,7014.0
39658,3631380,3645160.0,3645190.0,13780.0
39667,3632557,3645190.0,3645442.0,12633.0
39668,3632930,3645190.0,3645680.0,12260.0
39671,3633634,3645442.0,3645690.0,11808.0
39678,3634413,3645680.0,3645698.0,11267.0
39680,3634459,3645680.0,3645700.0,11221.0
39679,3634437,3645680.0,3645709.0,11243.0
39688,3635657,3645690.0,3645711.0,10033.0
39677,3634357,3645680.0,3645724.0,11323.0
39686,3635573,3645690.0,3645754.0,10117.0
39685,3635346,3645690.0,3646071.0,10344.0
39701,3636804,3646071.0,3646100.0,9267.0
39699,3636750,3646071.0,3646102.0,9321.0
39703,3637034,3646071.0,3646103.0,9037.0
39698,3636602,3646071.0,3646116.0,9469.0
39700,3636787,3646071.0,3646185.0,9284.0
39702,3636841,3646071.0,3646196.0,9230.0
39695,3636524,3645754.0,3646348.0,9230.0
39691,3635709,3645709.0,3646523.0,10000.0
39690,3635682,3645709.0,3646549.0,10027.0
39683,3634767,3645680.0,3646593.0,10913.0
39682,3634746,3645680.0,3646613.0,10934.0
39697,3636545,3646071.0,3646645.0,9526.0
39659,3631768,3646749.0,3646853.0,14981.0
39664,3632344,3647963.0,3648006.0,15619.0
39705,3637109,3648006.0,3648038.0,10897.0
39707,3637231,3648006.0,3648379.0,10775.0
39635,3628516,3639820.0,3648501.0,11304.0
39710,3637408,3648501.0,3648533.0,11093.0
39709,3637269,3648501.0,3648550.0,11232.0
39704,3637044,3651349.0,3651530.0,14305.0
39719,3637660,3651530.0,3651561.0,13870.0
39722,3637744,3651530.0,3651580.0,13786.0
39718,3637635,3653330.0,3653349.0,15695.0
39713,3637534,3653330.0,3653364.0,15796.0
39712,3637532,3653350.0,3653494.0,15818.0
39723,3637749,3653494.0,3653624.0,15745.0
39725,3637993,3653494.0,3653626.0,15501.0
39717,3637608,3653330.0,3653675.0,15722.0
39727,3638071,3653675.0,3653811.0,15604.0
39735,3638616,3653811.0,3653836.0,15195.0
39729,3638362,3653811.0,3653877.0,15449.0
39726,3638032,3653624.0,3653879.0,15592.0
39736,3638630,3653811.0,3653895.0,15181.0
39730,3638467,3653811.0,3653922.0,15344.0
39731,3638471,3653811.0,3654108.0,15340.0
39716,3637562,3653330.0,3654129.0,15768.0
39714,3637537,3653330.0,3654151.0,15793.0
39737,3638753,3653811.0,3654185.0,15058.0
39728,3638319,3653811.0,3654198.0,15492.0
39739,3638994,3654198.0,3654488.0,15204.0
39708,3637239,3652838.0,3654675.0,15599.0
39743,3639135,3654488.0,3654889.0,15353.0
39733,3638521,3653811.0,3655712.0,15290.0
39732,3638500,3653811.0,3655733.0,15311.0
39741,3639081,3658426.0,3658446.0,19345.0
39738,3638798,3658679.0,3658825.0,19881.0
39748,3639449,3658825.0,3658833.0,19376.0
39746,3639348,3658825.0,3658835.0,19477.0
39751,3639539,3658825.0,3659109.0,19286.0
39752,3639540,3659109.0,3659442.0,19569.0
39754,3639907,3659442.0,3659754.0,19535.0
39744,3639168,3658426.0,3660483.0,19258.0
39758,3640240,3660483.0,3660651.0,20243.0
39761,3640401,3660651.0,3660670.0,20250.0
39745,3639285,3660625.0,3660683.0,21340.0
39760,3640344,3660651.0,3660689.0,20307.0
39747,3639420,3660625.0,3660788.0,21205.0
39768,3641124,3660788.0,3660919.0,19664.0
39759,3640247,3660651.0,3660943.0,20404.0
39766,3640770,3660683.0,3661001.0,19913.0
39767,3640878,3660683.0,3661043.0,19805.0
39770,3641269,3660943.0,3661173.0,19674.0
39774,3641565,3661001.0,3661264.0,19436.0
39762,3640424,3660651.0,3661677.0,20227.0
39776,3641763,3661173.0,3661701.0,19410.0
39778,3641831,3661264.0,3661724.0,19433.0
39782,3642314,3661701.0,3661874.0,19387.0
39784,3642526,3661874.0,3662156.0,19348.0
39788,3642653,3662156.0,3662177.0,19503.0
39787,3642639,3662156.0,3662261.0,19517.0
39764,3640604,3662451.0,3662467.0,21847.0
39785,3642534,3661874.0,3662775.0,19340.0
39769,3641239,3660919.0,3662968.0,19680.0
39763,3640445,3662451.0,3663456.0,22006.0
39773,3641474,3662743.0,3663801.0,21269.0
39772,3641452,3662743.0,3663823.0,21291.0
39786,3642557,3663674.0,3664558.0,21117.0
39756,3640037,3664554.0,3664833.0,24517.0
39792,3643027,3664833.0,3664916.0,21806.0
39780,3641988,3666064.0,3666241.0,24076.0
39800,3643890,3666241.0,3666530.0,22351.0
39806,3644575,3666530.0,3666820.0,21955.0
39794,3643302,3664916.0,3666899.0,21614.0
39808,3644741,3666899.0,3666930.0,22158.0
39811,3645126,3666899.0,3666931.0,21773.0
39809,3645020,3666899.0,3666965.0,21879.0
39810,3645037,3666899.0,3667239.0,21862.0
39795,3643379,3667267.0,3667320.0,23888.0
39801,3643901,3666241.0,3667499.0,22340.0
39799,3643880,3666241.0,3667520.0,22361.0
39796,3643391,3668623.0,3668696.0,25232.0
39793,3643085,3668623.0,3668910.0,25538.0
39790,3642782,3666977.0,3670364.0,24195.0
39740,3639035,3658475.0,3670485.0,19440.0
39789,3642743,3667061.0,3670486.0,24318.0
39815,3645362,3670486.0,3671077.0,25124.0
39807,3644730,3671041.0,3671115.0,26311.0
39817,3645736,3671077.0,3671151.0,25341.0
39820,3646131,3671151.0,3671292.0,25020.0
39822,3646295,3671292.0,3671668.0,24997.0
39813,3645182,3671041.0,3671985.0,25859.0
39812,3645161,3671041.0,3672004.0,25880.0
39824,3646496,3671668.0,3672020.0,25172.0
39814,3645284,3672320.0,3672522.0,27036.0
39819,3646024,3671115.0,3673380.0,25091.0
39828,3646836,3672522.0,3673435.0,25686.0
39827,3646814,3672522.0,3673455.0,25708.0
39829,3647031,3673380.0,3673467.0,26349.0
39833,3647395,3673467.0,3673486.0,26072.0
39832,3647230,3673467.0,3673492.0,26237.0
39831,3647171,3673467.0,3673550.0,26296.0
39836,3648292,3673550.0,3673570.0,25258.0
39818,3645835,3673710.0,3673740.0,27875.0
39821,3646204,3673710.0,3673779.0,27506.0
39823,3646354,3673710.0,3674026.0,27356.0
39816,3645521,3673710.0,3674078.0,28189.0
39835,3647627,3673550.0,3674657.0,25923.0
39834,3647554,3673550.0,3674732.0,25996.0
39842,3649069,3674657.0,3674824.0,25588.0
39848,3652400,3674824.0,3674904.0,22424.0
39847,3651953,3674824.0,3674920.0,22871.0
39846,3651637,3674824.0,3675048.0,23187.0
39845,3651587,3676532.0,3676549.0,24945.0
39844,3651554,3677322.0,3677338.0,25768.0
39830,3647097,3677322.0,3677344.0,30225.0
39839,3648687,3677322.0,3677691.0,28635.0
39838,3648354,3677322.0,3678226.0,28968.0
39837,3648333,3677322.0,3678245.0,28989.0
39849,3653589,3679848.0,3679927.0,26259.0
39843,3649105,3674732.0,3680515.0,25627.0
39852,3653790,3680515.0,3680561.0,26725.0
39826,3646722,3672522.0,3680689.0,25800.0
39856,3655608,3680689.0,3680725.0,25081.0
39850,3653672,3682491.0,3682525.0,28819.0
39853,3655490,3680561.0,3682945.0,25071.0
39859,3655886,3682945.0,3682964.0,27059.0
39861,3656035,3682945.0,3682978.0,26910.0
39858,3655794,3682945.0,3682979.0,27151.0
39860,3655996,3682945.0,3682980.0,26949.0
39855,3655563,3680689.0,3683000.0,25126.0
39862,3656082,3682980.0,3683021.0,26898.0
39851,3653725,3683045.0,3683079.0,29320.0
39841,3648822,3677322.0,3683388.0,28500.0
39863,3656105,3683021.0,3684165.0,26916.0
39864,3656134,3684165.0,3684191.0,28031.0
39825,3646690,3676468.0,3684666.0,29778.0
39840,3648759,3678540.0,3684668.0,29781.0
39854,3655520,3684727.0,3684770.0,29207.0
39857,3655647,3685525.0,3685664.0,29878.0
39865,3657378,3687821.0,3687850.0,30443.0
39868,3658575,3684668.0,3694843.0,26093.0
39867,3658476,3687879.0,3698149.0,29403.0
39866,3658461,3688991.0,3699269.0,30530.0
39869,3668755,3702949.0,3703052.0,34194.0
39872,3669113,3703052.0,3705030.0,33939.0
39871,3669048,3703052.0,3705095.0,34004.0
39915,3676070,3705095.0,3705199.0,29025.0
39916,3676248,3705095.0,3705227.0,28847.0
39917,3676404,3705095.0,3705361.0,28691.0
39882,3671609,3705095.0,3712533.0,33486.0
39870,3668862,3703052.0,3713229.0,34190.0
39881,3671534,3707852.0,3715362.0,36318.0
39938,3679050,3718029.0,3718144.0,38979.0
39939,3679170,3718144.0,3728310.0,38974.0
40046,3692405,3728310.0,3728333.0,35905.0
40051,3692585,3730110.0,3731048.0,37525.0
40082,3696299,3732848.0,3733409.0,36549.0
40060,3693558,3733133.0,3736580.0,39575.0
40103,3699771,3738380.0,3738401.0,38609.0
40098,3698629,3738380.0,3738405.0,39751.0
40101,3699241,3738380.0,3738438.0,39139.0
40093,3697802,3738380.0,3738487.0,40578.0
40090,3697029,3736580.0,3739723.0,39551.0
40105,3700209,3739723.0,3741090.0,39514.0
40112,3701258,3743287.0,3743479.0,42029.0
40115,3701635,3743479.0,3743534.0,41844.0
40116,3701746,3743534.0,3743569.0,41788.0
40122,3703361,3743569.0,3743590.0,40208.0
40124,3703495,3743569.0,3743590.0,40074.0
40126,3703739,3743590.0,3743612.0,39851.0
40123,3703441,3743569.0,3743615.0,40128.0
40128,3703833,3743615.0,3743637.0,39782.0
40129,3703876,3743615.0,3743639.0,39739.0
40125,3703710,3743590.0,3743645.0,39880.0
40133,3703997,3743645.0,3743666.0,39648.0
40127,3703801,3743612.0,3743668.0,39811.0
40130,3703902,3743637.0,3743707.0,39735.0
40132,3703975,3743639.0,3743718.0,39664.0
40134,3704132,3743666.0,3743718.0,39534.0
40137,3704262,3743718.0,3743738.0,39456.0
40138,3704280,3743738.0,3743759.0,39458.0
40136,3704193,3743718.0,3743773.0,39525.0
40139,3704364,3743759.0,3743803.0,39395.0
40141,3704484,3743803.0,3743825.0,39319.0
40135,3704177,3743707.0,3743885.0,39530.0
40031,3690466,3728310.0,3743905.0,37844.0
40030,3690443,3728310.0,3743927.0,37867.0
40144,3704739,3743905.0,3743927.0,39166.0
40151,3705443,3743927.0,3743928.0,38484.0
40150,3705383,3743927.0,3743945.0,38544.0
40155,3705556,3743927.0,3743948.0,38371.0
40162,3706510,3743928.0,3743949.0,37418.0
40143,3704696,3743905.0,3743967.0,39209.0
40149,3705287,3743927.0,3743972.0,38640.0
40146,3704803,3743927.0,3743974.0,39124.0
40159,3705690,3743928.0,3743974.0,38238.0
40152,3705455,3743927.0,3743976.0,38472.0
40145,3704797,3743927.0,3743988.0,39130.0
40163,3706514,3743949.0,3743991.0,37435.0
40164,3706580,3743967.0,3744009.0,37387.0
40165,3706627,3743967.0,3744014.0,37340.0
40157,3705609,3743928.0,3744072.0,38319.0
40140,3704409,3743773.0,3744091.0,39364.0
40166,3706721,3743988.0,3744110.0,37267.0
40169,3706915,3744091.0,3744224.0,37176.0
40167,3706776,3744072.0,3744230.0,37296.0
40170,3707006,3744110.0,3744252.0,37104.0
40178,3707698,3744230.0,3744253.0,36532.0
40172,3707244,3744224.0,3744294.0,36980.0
40147,3704949,3743927.0,3744463.0,38978.0
40171,3707187,3744110.0,3744491.0,36923.0
40182,3708144,3744491.0,3744536.0,36347.0
40121,3703322,3745334.0,3745356.0,42012.0
40179,3707699,3744253.0,3745434.0,36554.0
40180,3707744,3744463.0,3745601.0,36719.0
39941,3679419,3718144.0,3746682.0,38725.0
39940,3679350,3718144.0,3746750.0,38794.0
40188,3708601,3746750.0,3746795.0,38149.0
40184,3708245,3745434.0,3747549.0,37189.0
40114,3701613,3741090.0,3747957.0,39477.0
40185,3708390,3749291.0,3749330.0,40901.0
40186,3708485,3749291.0,3749337.0,40806.0
40187,3708517,3750401.0,3750467.0,41884.0
40198,3709543,3750467.0,3751343.0,40924.0
40197,3709521,3750467.0,3751362.0,40946.0
40183,3708172,3749336.0,3751525.0,41164.0
40204,3710550,3751525.0,3751580.0,40975.0
40231,3712668,3751580.0,3751581.0,38912.0
40218,3712078,3751580.0,3751585.0,39502.0
40220,3712207,3751580.0,3751589.0,39373.0
40219,3712160,3751580.0,3751590.0,39420.0
40210,3710869,3751580.0,3751595.0,40711.0
40236,3713352,3751595.0,3751596.0,38243.0
40216,3711830,3751580.0,3751597.0,39750.0
40213,3711683,3751580.0,3751602.0,39897.0
40228,3712488,3751580.0,3751607.0,39092.0
40232,3712898,3751580.0,3751608.0,38682.0
40215,3711733,3751580.0,3751610.0,39847.0
40226,3712447,3751580.0,3751616.0,39133.0
40244,3714036,3751597.0,3751618.0,37561.0
40212,3711621,3751580.0,3751620.0,39959.0
40246,3714405,3751602.0,3751623.0,37197.0
40214,3711711,3751580.0,3751635.0,39869.0
40247,3714498,3751607.0,3751654.0,37109.0
40249,3714565,3751608.0,3751697.0,37043.0
40234,3713138,3751580.0,3751719.0,38442.0
40235,3713189,3751590.0,3751754.0,38401.0
40251,3714857,3751754.0,3751799.0,36897.0
40250,3714837,3751610.0,3751818.0,36773.0
40224,3712352,3751580.0,3751836.0,39228.0
40237,3713360,3751596.0,3751971.0,38236.0
40259,3717773,3751754.0,3752763.0,33981.0
40196,3709413,3752757.0,3752814.0,43344.0
40261,3717796,3752814.0,3753801.0,35018.0
40230,3712649,3751580.0,3753904.0,38931.0
40229,3712627,3751580.0,3753925.0,38953.0
40200,3710068,3755267.0,3755331.0,45199.0
40195,3709292,3752349.0,3756074.0,43057.0
40263,3717919,3755331.0,3756958.0,37412.0
40260,3717791,3756771.0,3759150.0,38980.0
40262,3717850,3757614.0,3759309.0,39764.0
40280,3720075,3759309.0,3759337.0,39234.0
40282,3720249,3759309.0,3759346.0,39060.0
40266,3718120,3760131.0,3760141.0,42011.0
40264,3717920,3760131.0,3760162.0,42211.0
40265,3717940,3760131.0,3760174.0,42191.0
40268,3718190,3760131.0,3760180.0,41941.0
40284,3720301,3760162.0,3760183.0,39861.0
40298,3721550,3760180.0,3760198.0,38630.0
40271,3718521,3760950.0,3760986.0,42429.0
40278,3719562,3761109.0,3761158.0,41547.0
40283,3720290,3760162.0,3761461.0,39872.0
40301,3722055,3761461.0,3761920.0,39406.0
40309,3722783,3761920.0,3761958.0,39137.0
40310,3722797,3761958.0,3762402.0,39161.0
40311,3722805,3762402.0,3762406.0,39597.0
40294,3721222,3764109.0,3764129.0,42887.0
40292,3720935,3764109.0,3764151.0,43174.0
40293,3721166,3764109.0,3764152.0,42943.0
40286,3720349,3764109.0,3765004.0,43760.0
40285,3720326,3764146.0,3765063.0,43820.0
40296,3721267,3764109.0,3765082.0,42842.0
40295,3721245,3764109.0,3765101.0,42864.0
40315,3723498,3764151.0,3765130.0,40653.0
40313,3723288,3762406.0,3765348.0,39118.0
40316,3723558,3765348.0,3765586.0,41790.0
40308,3722770,3765958.0,3765979.0,43188.0
40299,3721643,3764998.0,3766122.0,43355.0
40330,3724357,3766122.0,3766140.0,41765.0
40325,3724101,3766122.0,3766141.0,42021.0
40326,3724127,3766122.0,3766203.0,41995.0
40331,3724377,3766122.0,3766210.0,41745.0
40332,3724480,3766141.0,3766210.0,41661.0
40336,3724826,3766210.0,3766286.0,41384.0
40319,3723818,3765586.0,3766342.0,41768.0
40327,3724221,3766122.0,3766344.0,41901.0
40337,3724914,3766286.0,3766354.0,41372.0
40344,3725463,3766354.0,3766369.0,40891.0
40302,3722084,3765958.0,3766388.0,43874.0
40338,3725033,3766342.0,3766400.0,41309.0
40322,3723919,3766122.0,3766403.0,42203.0
40339,3725098,3766342.0,3766404.0,41244.0
40340,3725169,3766342.0,3766404.0,41173.0
40341,3725240,3766342.0,3766415.0,41102.0
40343,3725358,3766354.0,3766416.0,40996.0
40345,3725526,3766388.0,3766448.0,40862.0
40346,3725592,3766400.0,3766469.0,40808.0
40349,3725693,3766448.0,3766505.0,40755.0
40351,3725847,3766469.0,3766557.0,40622.0
40354,3725962,3766557.0,3766627.0,40595.0
40359,3726233,3766627.0,3766645.0,40394.0
40358,3726209,3766627.0,3766755.0,40418.0
40321,3723873,3766122.0,3766825.0,42249.0
40352,3725867,3766505.0,3766912.0,40638.0
40314,3723474,3765958.0,3766959.0,42484.0
40348,3725669,3766416.0,3767023.0,40747.0
40347,3725633,3766415.0,3767059.0,40782.0
40334,3724625,3766210.0,3767136.0,41585.0
40333,3724604,3766203.0,3767148.0,41599.0
40366,3726781,3767148.0,3767176.0,40367.0
40363,3726566,3767059.0,3767755.0,40493.0
40372,3727538,3767755.0,3767775.0,40217.0
40364,3726597,3767148.0,3767815.0,40551.0
40360,3726267,3767023.0,3768275.0,40756.0
40379,3728119,3768275.0,3768330.0,40156.0
40381,3728208,3768275.0,3768337.0,40067.0
40378,3728107,3768275.0,3768341.0,40168.0
40377,3727788,3768275.0,3768350.0,40487.0
40382,3728279,3768350.0,3768523.0,40071.0
40386,3728396,3768523.0,3768577.0,40127.0
40383,3728283,3768523.0,3768580.0,40240.0
40385,3728332,3768523.0,3768583.0,40191.0
40387,3728403,3768577.0,3768629.0,40174.0
40384,3728314,3768523.0,3768660.0,40209.0
40388,3728452,3768580.0,3768674.0,40128.0
40368,3726838,3767755.0,3768833.0,40917.0
40367,3726816,3767755.0,3768853.0,40939.0
40317,3723603,3769804.0,3769998.0,46201.0
40320,3723834,3769930.0,3770047.0,46096.0
40392,3728664,3770047.0,3770118.0,41383.0
40393,3728676,3770118.0,3770208.0,41442.0
40396,3728746,3770208.0,3770274.0,41462.0
40397,3728781,3770274.0,3770354.0,41493.0
40398,3728838,3770354.0,3770412.0,41516.0
40399,3728877,3770412.0,3770420.0,41535.0
40400,3728905,3770420.0,3770426.0,41515.0
40401,3728925,3770426.0,3770480.0,41501.0
40374,3727607,3767815.0,3770677.0,40208.0
40389,3728479,3768674.0,3770947.0,40195.0
40419,3730474,3770947.0,3770967.0,40473.0
40417,3730444,3770947.0,3771001.0,40503.0
40409,3729663,3770947.0,3771010.0,41284.0
40411,3729744,3770947.0,3771053.0,41203.0
40420,3730605,3771001.0,3771063.0,40396.0
40422,3730781,3771010.0,3771126.0,40229.0
40362,3726462,3771188.0,3771227.0,44726.0
40415,3729959,3770947.0,3771253.0,40988.0
40404,3729222,3770677.0,3771330.0,41455.0
40403,3729182,3770677.0,3771367.0,41495.0
40361,3726406,3771445.0,3771488.0,45039.0
40427,3731109,3771367.0,3771722.0,40258.0
40435,3732061,3771722.0,3771743.0,39661.0
40270,3718300,3761758.0,3771869.0,43458.0
40433,3731708,3771722.0,3771912.0,40014.0
40269,3718238,3761758.0,3771933.0,43520.0
40441,3733463,3771933.0,3771953.0,38470.0
40440,3733359,3771933.0,3772449.0,38574.0
40445,3733971,3772449.0,3772456.0,38478.0
40439,3733328,3771933.0,3772480.0,38605.0
40444,3733817,3772449.0,3772489.0,38632.0
40451,3734262,3772489.0,3773530.0,38227.0
40450,3734240,3772480.0,3773540.0,38240.0
40391,3728571,3773653.0,3773755.0,45082.0
40426,3730967,3771367.0,3774178.0,40400.0
40455,3734693,3774178.0,3774665.0,39485.0
40390,3728561,3772615.0,3774806.0,44054.0
40446,3734045,3772480.0,3775361.0,38435.0
40457,3735190,3775361.0,3775367.0,40171.0
40458,3735202,3775367.0,3775647.0,40165.0
40466,3735888,3775647.0,3775873.0,39759.0
40468,3736200,3775873.0,3775890.0,39673.0
40408,3729455,3774847.0,3775931.0,45392.0
40407,3729430,3774847.0,3775954.0,45417.0
40467,3736157,3775873.0,3776052.0,39716.0
40472,3736929,3776052.0,3776075.0,39123.0
40443,3733780,3776130.0,3776147.0,42350.0
40471,3736617,3776052.0,3776326.0,39435.0
40454,3734661,3778555.0,3779073.0,43894.0
40476,3737048,3779073.0,3779198.0,42025.0
40459,3735237,3779465.0,3779711.0,44228.0
40470,3736593,3779606.0,3779903.0,43013.0
40478,3737093,3779903.0,3779924.0,42810.0
40475,3737006,3781126.0,3781295.0,44120.0
40484,3737862,3781295.0,3781937.0,43433.0
40423,3730782,3771253.0,3782829.0,40471.0
40424,3730859,3771330.0,3782829.0,40471.0
40497,3742231,3782829.0,3782843.0,40598.0
40500,3742516,3782843.0,3783019.0,40327.0
40502,3742588,3783019.0,3783038.0,40431.0
40501,3742533,3783019.0,3783062.0,40486.0
40499,3742452,3782829.0,3783067.0,40377.0
40495,3739982,3783737.0,3783754.0,43755.0
40494,3739339,3783737.0,3783755.0,44398.0
40486,3737954,3784703.0,3784722.0,46749.0
40491,3738872,3784703.0,3784723.0,45831.0
40488,3738183,3784703.0,3784726.0,46520.0
40487,3737957,3784703.0,3784733.0,46746.0
40504,3742634,3783067.0,3785144.0,40433.0
40503,3742612,3783062.0,3785159.0,40450.0
40506,3742795,3784733.0,3785253.0,41938.0
40485,3737909,3784724.0,3785321.0,46815.0
40490,3738386,3784703.0,3785743.0,46317.0
40489,3738365,3784703.0,3785762.0,46338.0
40477,3737083,3783998.0,3786894.0,46915.0
40492,3739171,3781937.0,3787636.0,42766.0
40505,3742719,3787867.0,3788462.0,45148.0
40519,3744823,3790121.0,3790173.0,45298.0
40518,3744801,3790121.0,3790201.0,45320.0
40493,3739197,3784703.0,3790376.0,45506.0
40510,3743342,3789959.0,3791520.0,46617.0
40512,3743407,3790121.0,3791606.0,46714.0
40522,3744926,3795176.0,3800909.0,50250.0
40537,3753397,3800909.0,3800918.0,47512.0
40521,3744879,3792436.0,3802335.0,47557.0
40524,3750696,3800909.0,3802887.0,50213.0
40523,3750672,3800909.0,3802908.0,50237.0
40527,3750988,3800909.0,3804707.0,49921.0
40526,3750934,3800909.0,3804758.0,49975.0
40545,3754790,3807708.0,3807814.0,52918.0
40552,3755148,3807814.0,3817409.0,52666.0
40550,3755085,3807814.0,3817467.0,52729.0
40546,3754902,3807814.0,3817649.0,52912.0
40624,3764754,3819267.0,3829094.0,54513.0
40648,3779697,3829094.0,3829124.0,49397.0
40665,3785693,3829094.0,3829151.0,43401.0
40666,3785959,3829151.0,3829225.0,43192.0
40638,3778801,3829094.0,3829964.0,50293.0
40630,3777215,3830894.0,3830924.0,53679.0
40667,3786051,3830924.0,3831007.0,44873.0
40670,3787773,3831007.0,3831069.0,43234.0
40671,3787873,3831069.0,3831141.0,43196.0
40672,3788070,3831141.0,3831170.0,43071.0
40674,3788531,3833951.0,3833970.0,45420.0
40669,3787607,3834025.0,3834041.0,46418.0
40668,3787589,3834764.0,3834955.0,47175.0
40692,3790400,3834955.0,3834997.0,44555.0
40707,3792466,3834997.0,3835001.0,42531.0
40708,3792698,3834997.0,3835002.0,42299.0
40689,3790281,3834955.0,3835007.0,44674.0
40694,3791098,3834955.0,3835009.0,43857.0
40710,3792739,3834997.0,3835013.0,42258.0
40706,3792399,3834997.0,3835018.0,42598.0
40716,3793171,3835009.0,3835018.0,41838.0
40711,3792742,3835001.0,3835022.0,42259.0
40712,3792772,3835002.0,3835024.0,42230.0
40722,3793527,3835024.0,3835050.0,41497.0
40720,3793376,3835013.0,3835057.0,41637.0
40723,3793650,3835050.0,3835097.0,41400.0
40714,3792936,3835007.0,3835682.0,42071.0
40731,3794257,3835682.0,3835698.0,41425.0
40732,3794294,3835682.0,3835701.0,41388.0
40726,3793826,3835682.0,3835711.0,41856.0
40724,3793661,3835097.0,3835733.0,41436.0
40736,3794598,3835733.0,3835759.0,41135.0
40734,3794486,3835733.0,3835769.0,41247.0
40737,3794632,3835759.0,3835785.0,41127.0
40738,3794703,3835769.0,3835807.0,41066.0
40739,3794757,3835785.0,3835823.0,41028.0
40733,3794355,3835711.0,3836364.0,41356.0
40746,3795392,3836364.0,3836452.0,40972.0
40750,3795822,3836452.0,3836458.0,40630.0
40744,3795230,3835823.0,3836460.0,40593.0
40747,3795427,3836452.0,3836469.0,41025.0
40751,3796306,3836460.0,3836479.0,40154.0
40748,3795477,3836452.0,3836493.0,40975.0
40754,3796455,3836469.0,3836512.0,40014.0
40755,3796558,3836479.0,3836530.0,39921.0
40757,3796882,3836512.0,3836565.0,39630.0
40759,3796944,3836530.0,3836582.0,39586.0
40760,3796948,3836565.0,3836592.0,39617.0
40704,3791953,3836755.0,3836776.0,44802.0
40703,3791933,3836755.0,3836781.0,44822.0
40752,3796311,3836460.0,3836806.0,40149.0
40756,3796708,3836493.0,3836855.0,39785.0
40702,3791868,3838770.0,3838791.0,46902.0
40699,3791719,3838841.0,3838865.0,47122.0
40676,3788757,3831170.0,3840408.0,42413.0
40764,3797124,3840408.0,3842172.0,43284.0
40772,3797697,3842172.0,3842175.0,44475.0
40776,3798007,3842172.0,3842190.0,44165.0
40775,3797998,3842172.0,3842197.0,44174.0
40769,3797317,3842208.0,3842212.0,44891.0
40767,3797216,3842208.0,3842228.0,44992.0
40768,3797307,3842208.0,3842229.0,44901.0
40784,3798849,3842228.0,3842376.0,43379.0
40774,3797875,3842172.0,3842515.0,44297.0
40771,3797539,3843591.0,3843598.0,46052.0
40777,3798239,3842212.0,3843779.0,43973.0
40766,3797210,3842208.0,3843881.0,44998.0
40789,3799121,3843881.0,3843926.0,44760.0
40770,3797349,3843665.0,3843977.0,46316.0
40790,3799239,3843926.0,3843988.0,44687.0
40780,3798593,3844012.0,3844021.0,45419.0
40791,3799250,3843977.0,3844064.0,44727.0
40627,3765105,3817649.0,3846689.0,52544.0
40626,3765040,3817649.0,3846753.0,52609.0
40798,3799832,3846753.0,3846759.0,46921.0
40795,3799659,3846753.0,3846769.0,47094.0
40797,3799810,3846753.0,3846794.0,46943.0
40794,3799585,3846753.0,3846825.0,47168.0
40796,3799737,3846753.0,3846905.0,47016.0
40801,3799973,3846905.0,3846950.0,46932.0
40653,3782216,3829094.0,3847046.0,46878.0
40652,3782192,3829094.0,3847066.0,46902.0
40788,3799042,3847029.0,3847070.0,47987.0
40814,3800697,3847070.0,3847076.0,46373.0
40803,3800122,3847046.0,3847112.0,46924.0
40805,3800241,3847066.0,3847121.0,46825.0
40804,3800143,3847066.0,3847125.0,46923.0
40811,3800449,3847066.0,3847128.0,46617.0
40808,3800383,3847066.0,3847138.0,46683.0
40810,3800446,3847066.0,3847138.0,46620.0
40815,3800738,3847070.0,3847212.0,46332.0
40816,3800929,3847138.0,3847257.0,46209.0
40819,3801082,3847257.0,3847274.0,46175.0
40821,3801266,3847257.0,3847279.0,45991.0
40793,3799465,3848398.0,3848466.0,48933.0
40823,3801429,3848466.0,3848659.0,47037.0
40802,3800012,3848864.0,3848923.0,48852.0
40799,3799893,3846905.0,3849097.0,47012.0
40827,3801769,3849097.0,3849120.0,47328.0
40826,3801758,3849097.0,3849127.0,47339.0
40825,3801640,3849097.0,3849217.0,47457.0
40832,3802015,3849217.0,3849431.0,47202.0
40833,3802060,3849431.0,3849556.0,47371.0
40785,3798909,3847315.0,3849740.0,48406.0
40836,3802156,3849740.0,3849779.0,47584.0
40839,3802302,3849740.0,3849783.0,47438.0
40787,3799003,3847176.0,3849808.0,48173.0
40842,3802582,3849808.0,3849835.0,47226.0
40843,3802734,3849835.0,3849883.0,47101.0
40830,3801957,3849127.0,3850033.0,47170.0
40840,3802482,3849783.0,3850163.0,47301.0
40850,3803366,3850163.0,3850200.0,46797.0
40849,3803347,3850163.0,3850208.0,46816.0
40853,3803731,3850163.0,3850211.0,46432.0
40860,3804074,3850211.0,3850237.0,46137.0
40846,3803126,3850033.0,3850238.0,46907.0
40852,3803444,3850163.0,3850293.0,46719.0
40855,3803792,3850200.0,3850326.0,46408.0
40858,3803973,3850211.0,3850427.0,46238.0
40835,3802101,3849556.0,3851524.0,47455.0
40870,3805664,3851524.0,3851531.0,45860.0
40873,3805749,3851524.0,3851566.0,45775.0
40875,3805824,3851524.0,3851569.0,45700.0
40872,3805744,3851524.0,3851582.0,45780.0
40874,3805780,3851524.0,3851600.0,45744.0
40822,3801314,3852079.0,3852151.0,50765.0
40847,3803129,3850033.0,3852237.0,46904.0
40878,3805961,3852151.0,3852298.0,46190.0
40879,3806082,3852237.0,3852321.0,46155.0
40848,3803158,3850163.0,3852343.0,47005.0
40881,3806135,3852321.0,3852395.0,46186.0
40865,3805242,3851524.0,3852438.0,46282.0
40861,3804106,3850427.0,3852451.0,46321.0
40884,3806258,3852451.0,3852482.0,46193.0
40886,3806449,3852451.0,3852519.0,46002.0
40885,3806333,3852451.0,3852562.0,46118.0
40887,3806664,3852519.0,3852569.0,45855.0
40888,3806736,3852519.0,3852579.0,45783.0
40889,3806806,3852579.0,3852657.0,45773.0
40891,3807197,3852657.0,3852666.0,45460.0
40893,3807227,3852657.0,3852719.0,45430.0
40894,3807328,3852719.0,3852804.0,45391.0
40890,3806888,3852657.0,3852845.0,45769.0
40902,3807798,3852845.0,3852852.0,45047.0
40895,3807419,3852804.0,3852867.0,45385.0
40900,3807652,3852845.0,3852871.0,45193.0
40899,3807601,3852845.0,3852987.0,45244.0
40898,3807580,3852804.0,3853298.0,45224.0
40828,3801777,3853459.0,3853677.0,51682.0
40820,3801122,3847257.0,3853688.0,46135.0
40818,3801074,3847257.0,3853734.0,46183.0
40904,3807994,3853734.0,3853877.0,45740.0
40883,3806168,3852451.0,3853926.0,46283.0
40911,3808381,3853926.0,3853964.0,45545.0
40909,3808153,3853926.0,3854000.0,45773.0
40882,3806160,3852343.0,3854688.0,46183.0
40880,3806128,3852321.0,3854695.0,46193.0
40906,3808094,3853877.0,3856909.0,45783.0
40908,3808144,3853926.0,3856909.0,45782.0
40914,3808499,3856909.0,3856941.0,48410.0
40915,3808575,3856941.0,3856990.0,48366.0
40913,3808474,3856909.0,3857263.0,48435.0
40920,3808869,3857263.0,3857267.0,48394.0
40907,3808110,3857319.0,3857327.0,49209.0
40921,3808907,3857263.0,3857429.0,48356.0
40918,3808782,3857263.0,3857562.0,48481.0
40903,3807837,3857787.0,3857881.0,49950.0
40929,3809400,3857881.0,3857909.0,48481.0
40927,3809277,3857881.0,3857952.0,48604.0
40931,3809482,3857909.0,3857960.0,48427.0
40926,3809226,3857881.0,3858001.0,48655.0
40933,3809688,3858001.0,3858009.0,48313.0
40932,3809484,3858001.0,3858013.0,48517.0
40937,3810026,3858013.0,3858065.0,47987.0
40935,3809723,3858009.0,3858097.0,48286.0
40934,3809700,3858001.0,3858110.0,48301.0
40905,3808026,3858098.0,3858133.0,50072.0
40939,3810158,3858110.0,3858175.0,47952.0
40938,3810147,3858110.0,3858203.0,47963.0
40942,3810568,3858203.0,3858236.0,47635.0
40912,3808439,3858800.0,3858841.0,50361.0
40917,3808679,3858790.0,3858889.0,50111.0
40943,3810597,3858841.0,3858919.0,48244.0
40916,3808628,3856990.0,3858928.0,48362.0
40922,3808966,3859229.0,3859301.0,50263.0
40877,3805951,3855038.0,3859615.0,49087.0
40941,3810280,3858203.0,3860334.0,47923.0
40940,3810259,3858203.0,3860352.0,47944.0
40876,3805885,3856400.0,3861042.0,50515.0
40946,3810786,3858928.0,3861406.0,48142.0
40944,3810764,3863036.0,3863080.0,52272.0
40924,3809222,3862362.0,3864612.0,53140.0
40947,3810830,3865152.0,3865156.0,54322.0
40950,3810931,3865842.0,3865914.0,54911.0
40965,3813101,3867714.0,3867751.0,54613.0
40968,3813348,3867714.0,3867760.0,54366.0
40967,3813325,3867880.0,3867898.0,54555.0
40964,3812993,3867880.0,3867916.0,54887.0
40966,3813268,3867880.0,3867927.0,54612.0
40954,3811116,3865152.0,3868794.0,54036.0
40955,3811277,3869412.0,3869449.0,58135.0
40952,3811044,3866206.0,3869920.0,55162.0
40958,3811587,3867880.0,3870139.0,56293.0
40969,3813418,3869449.0,3871915.0,56031.0
40995,3815887,3871915.0,3871937.0,56028.0
40989,3815405,3871915.0,3871946.0,56510.0
40990,3815440,3871915.0,3871952.0,56475.0
40993,3815621,3871915.0,3871991.0,56294.0
40992,3815600,3871915.0,3872011.0,56315.0
40986,3814784,3869920.0,3872508.0,55136.0
40984,3814667,3872560.0,3872598.0,57893.0
40987,3814859,3870139.0,3872653.0,55280.0
40980,3814385,3872698.0,3872745.0,58313.0
40976,3814056,3872716.0,3872810.0,58660.0
40977,3814193,3872727.0,3872871.0,58534.0
40972,3813645,3873594.0,3873632.0,59949.0
40973,3813771,3873594.0,3873633.0,59823.0
40975,3813972,3873594.0,3873634.0,59622.0
40971,3813474,3873594.0,3873636.0,60120.0
41004,3817358,3872508.0,3873856.0,55150.0
41000,3816065,3871915.0,3874466.0,55850.0
40999,3816039,3871915.0,3874488.0,55876.0
41006,3817600,3873856.0,3875133.0,56256.0
41005,3817535,3873856.0,3875198.0,56321.0
41003,3816878,3874939.0,3875389.0,58061.0
41012,3821142,3875389.0,3875411.0,54247.0
41011,3819057,3875389.0,3877428.0,56332.0
40985,3814777,3871249.0,3877601.0,56472.0
41013,3821158,3877671.0,3877997.0,56513.0
40957,3811526,3865914.0,3878420.0,54388.0
41010,3819035,3877453.0,3879511.0,58418.0
41009,3818945,3875389.0,3880414.0,56444.0
41008,3818882,3875389.0,3880477.0,56507.0
41016,3821750,3880477.0,3880482.0,58727.0
41015,3821514,3880477.0,3880486.0,58963.0
41017,3821808,3880477.0,3881198.0,58669.0
41007,3818749,3879288.0,3881676.0,60539.0
41020,3822712,3881676.0,3881710.0,58964.0
41019,3822627,3881676.0,3881729.0,59049.0
40956,3811485,3869956.0,3882502.0,58471.0
41023,3822865,3882502.0,3882540.0,59637.0
41022,3822795,3882502.0,3882545.0,59707.0
41024,3824058,3882545.0,3883431.0,58487.0
41025,3824118,3883431.0,3884258.0,59313.0
41014,3821357,3884311.0,3885050.0,62954.0
41028,3824357,3885050.0,3885069.0,60693.0
41027,3824289,3885050.0,3885278.0,60761.0
41018,3822121,3885286.0,3885932.0,63165.0
41026,3824263,3888231.0,3888483.0,63968.0
41021,3822794,3881729.0,3890196.0,58935.0
41031,3825243,3890732.0,3891102.0,65489.0
41029,3824953,3885278.0,3891592.0,60325.0
41030,3825025,3885932.0,3892474.0,60907.0
41034,3831270,3893283.0,3893324.0,62013.0
41032,3825627,3890196.0,3899813.0,64569.0
41033,3825651,3893283.0,3902876.0,67632.0
41035,3831272,3895902.0,3906837.0,64630.0
41042,3843438,3908637.0,3908642.0,65199.0
41087,3849277,3908637.0,3908646.0,59360.0
41041,3843223,3908637.0,3908647.0,65414.0
41037,3835304,3901613.0,3909193.0,66309.0
41036,3835275,3901613.0,3909222.0,66338.0
41038,3842422,3906837.0,3913706.0,64415.0
41039,3842485,3908637.0,3915446.0,66152.0
41249,3864237,3915506.0,3915575.0,51269.0
41088,3849306,3913447.0,3924386.0,64141.0
41250,3864313,3924386.0,3924677.0,60073.0
41259,3864763,3926186.0,3926640.0,61423.0
41301,3866942,3929477.0,3929524.0,62535.0
41305,3867056,3929524.0,3929709.0,62468.0
41325,3868121,3929709.0,3929765.0,61588.0
41328,3868286,3929709.0,3929771.0,61423.0
41321,3868025,3929709.0,3929779.0,61684.0
41330,3868358,3929709.0,3929779.0,61351.0
41341,3868595,3929771.0,3929844.0,61176.0
41337,3868489,3929765.0,3929846.0,61276.0
41345,3868780,3929844.0,3929916.0,61064.0
41348,3868879,3929846.0,3929919.0,60967.0
41351,3869034,3929916.0,3929928.0,60882.0
41352,3869144,3929919.0,3929954.0,60775.0
41354,3869242,3929928.0,3929988.0,60686.0
41355,3869303,3929954.0,3930615.0,60651.0
41318,3867883,3931324.0,3931416.0,63441.0
41371,3870748,3931416.0,3931480.0,60668.0
41374,3871223,3931480.0,3931500.0,60257.0
41340,3868586,3931565.0,3931589.0,62979.0
41361,3869999,3931754.0,3931758.0,61755.0
41375,3871258,3931500.0,3931851.0,60242.0
41366,3870143,3932415.0,3934323.0,62272.0
41365,3870103,3934788.0,3936734.0,64685.0
41384,3872222,3936734.0,3936870.0,64512.0
41392,3873141,3936870.0,3936902.0,63729.0
41342,3868612,3929779.0,3937013.0,61167.0
41395,3873227,3936902.0,3937092.0,63675.0
41410,3874962,3937092.0,3937354.0,62130.0
41400,3873843,3937013.0,3937479.0,63170.0
41411,3874983,3937354.0,3937656.0,62371.0
41422,3876026,3937656.0,3937671.0,61630.0
41421,3875959,3937656.0,3937678.0,61697.0
41414,3875469,3937479.0,3937791.0,62010.0
41425,3876120,3937791.0,3937887.0,61671.0
41415,3875527,3937656.0,3937905.0,62129.0
41428,3876299,3937905.0,3938236.0,61606.0
41431,3876532,3938236.0,3938401.0,61704.0
41432,3876640,3938236.0,3938430.0,61596.0
41433,3876778,3938401.0,3938478.0,61623.0
41423,3876042,3937791.0,3938540.0,61749.0
41438,3877035,3938540.0,3938546.0,61505.0
41436,3876951,3938540.0,3938569.0,61589.0
41446,3878367,3938569.0,3938588.0,60202.0
41445,3878275,3938569.0,3938697.0,60294.0
41405,3874676,3938813.0,3938876.0,64137.0
41454,3879646,3938876.0,3938901.0,59230.0
41456,3879826,3938901.0,3939227.0,59075.0
41434,3876864,3940201.0,3940220.0,63337.0
41444,3878197,3940340.0,3940369.0,62143.0
41467,3880879,3940369.0,3940387.0,59490.0
41466,3880798,3940369.0,3940422.0,59571.0
41459,3880029,3940701.0,3940721.0,60672.0
41457,3879915,3940701.0,3940745.0,60786.0
41455,3879675,3940676.0,3940748.0,61001.0
41460,3880050,3939227.0,3940961.0,59177.0
41469,3881017,3940961.0,3941024.0,59944.0
41435,3876886,3938478.0,3941474.0,61592.0
41472,3881142,3941474.0,3941598.0,60332.0
41478,3881829,3941598.0,3942353.0,59769.0
41482,3882085,3942353.0,3942491.0,60268.0
41484,3882122,3942491.0,3942714.0,60369.0
41487,3882290,3942714.0,3943265.0,60424.0
41491,3882632,3943265.0,3943302.0,60633.0
41492,3882637,3943265.0,3943315.0,60628.0
41488,3882420,3943265.0,3943321.0,60845.0
41490,3882500,3943265.0,3943326.0,60765.0
41493,3882740,3943315.0,3943373.0,60575.0
41489,3882427,3943265.0,3943553.0,60838.0
41091,3849593,3913706.0,3943554.0,64113.0
41479,3881863,3943398.0,3943591.0,61535.0
41499,3883346,3943554.0,3943612.0,60208.0
41500,3883544,3943554.0,3943617.0,60010.0
41496,3882969,3943554.0,3943636.0,60585.0
41497,3883225,3943554.0,3943640.0,60329.0
41507,3883901,3943640.0,3943805.0,59739.0
41508,3883925,3943805.0,3943947.0,59880.0
41509,3884136,3943947.0,3944287.0,59811.0
41510,3884234,3944287.0,3944477.0,60053.0
41512,3884437,3944287.0,3944570.0,59850.0
41513,3884487,3944570.0,3944581.0,60083.0
41092,3849661,3915506.0,3945285.0,65845.0
41477,3881814,3945521.0,3945534.0,63707.0
41476,3881707,3945761.0,3945827.0,64054.0
41501,3883622,3945391.0,3945837.0,61769.0
41473,3881296,3945824.0,3945877.0,64528.0
41474,3881562,3945761.0,3945891.0,64199.0
41522,3885356,3945877.0,3945917.0,60521.0
41525,3885778,3945917.0,3945976.0,60139.0
41517,3884949,3945827.0,3945992.0,60878.0
41528,3886186,3945976.0,3945996.0,59790.0
41527,3886151,3945976.0,3945999.0,59825.0
41529,3886195,3945992.0,3945999.0,59797.0
41530,3886210,3945992.0,3946013.0,59782.0
41532,3886291,3946013.0,3946037.0,59722.0
41531,3886238,3945999.0,3946074.0,59761.0
41533,3886346,3946037.0,3946080.0,59691.0
41536,3886671,3946080.0,3946121.0,59409.0
41535,3886594,3946074.0,3946168.0,59480.0
41537,3886727,3946121.0,3946183.0,59394.0
41539,3886829,3946168.0,3946337.0,59339.0
41470,3881033,3940961.0,3946743.0,59928.0
41524,3885622,3950334.0,3950374.0,64712.0
41494,3882756,3943553.0,3950776.0,60797.0
41468,3880946,3945222.0,3951091.0,64276.0
41557,3889794,3951091.0,3951113.0,61297.0
41559,3889981,3951091.0,3951147.0,61110.0
41514,3884522,3944581.0,3951874.0,60059.0
41558,3889942,3951091.0,3952172.0,61149.0
41545,3887164,3952576.0,3953274.0,65412.0
41571,3891807,3953274.0,3953282.0,61467.0
41569,3891604,3953274.0,3953295.0,61670.0
41555,3889463,3955174.0,3955620.0,65711.0
41548,3888379,3955174.0,3955682.0,66795.0
41541,3886849,3950776.0,3955742.0,63927.0
41566,3890625,3955891.0,3955917.0,65266.0
41549,3888387,3955174.0,3956203.0,66787.0
41562,3890106,3955947.0,3957038.0,65841.0
41515,3884552,3950085.0,3957348.0,65533.0
41542,3886920,3952576.0,3957471.0,65656.0
41573,3892520,3957038.0,3957535.0,64518.0
41568,3891237,3956972.0,3957550.0,65735.0
41581,3892904,3957535.0,3957556.0,64631.0
41583,3892975,3957550.0,3957579.0,64575.0
41584,3892978,3957550.0,3957627.0,64572.0
41579,3892772,3957535.0,3957652.0,64763.0
41582,3892957,3957535.0,3957711.0,64578.0
41588,3893634,3957711.0,3957786.0,64077.0
41595,3895100,3957786.0,3957805.0,62686.0
41593,3894297,3957786.0,3957808.0,63489.0
41578,3892641,3957535.0,3959992.0,64894.0
41577,3892638,3960420.0,3960456.0,67782.0
41575,3892595,3960482.0,3960505.0,67887.0
41597,3895177,3959992.0,3960768.0,64815.0
41607,3897462,3960768.0,3960790.0,63306.0
41605,3896991,3960768.0,3960882.0,63777.0
41572,3892497,3955742.0,3961001.0,63245.0
41610,3897806,3961001.0,3961116.0,63195.0
41574,3892585,3960717.0,3961149.0,68132.0
41609,3897797,3961001.0,3961596.0,63204.0
41608,3897740,3962608.0,3962633.0,64868.0
41611,3897866,3962801.0,3963328.0,64935.0
41599,3896077,3960768.0,3964380.0,64691.0
41585,3893047,3957579.0,3964460.0,64532.0
41586,3893084,3957652.0,3964499.0,64568.0
41631,3901460,3964460.0,3965335.0,63000.0
41622,3899670,3965949.0,3965954.0,66279.0
41624,3899747,3965949.0,3965966.0,66202.0
41619,3898658,3965949.0,3965969.0,67291.0
41623,3899691,3965949.0,3965977.0,66258.0
41626,3899810,3964380.0,3965983.0,64570.0
41633,3902725,3965983.0,3965995.0,63258.0
41625,3899781,3965916.0,3966015.0,66135.0
41576,3892616,3961003.0,3966144.0,68387.0
41630,3901414,3967433.0,3967450.0,66019.0
41629,3901337,3968128.0,3968145.0,66791.0
41615,3898479,3965949.0,3970548.0,67470.0
41613,3898413,3965949.0,3970613.0,67536.0
41632,3902379,3969299.0,3971675.0,66920.0
41639,3904766,3972413.0,3972423.0,67647.0
41638,3904760,3972413.0,3972434.0,67653.0
41642,3907196,3973475.0,3973483.0,66279.0
41641,3907192,3973475.0,3973495.0,66283.0
41640,3904810,3971675.0,3974055.0,66865.0
41643,3907241,3974055.0,3976448.0,66814.0
41644,3909636,3977234.0,3977260.0,67598.0
41646,3910754,3978248.0,3978265.0,67494.0
41648,3913410,3978283.0,3978292.0,64873.0
41647,3912291,3978295.0,3978320.0,66004.0
41645,3909958,3976448.0,3978779.0,66490.0
41649,3913521,3978779.0,3979613.0,65258.0
41634,3903094,3965995.0,3980557.0,62901.0
41655,3925752,3982357.0,3982380.0,56605.0
41654,3925666,3982357.0,3982382.0,56691.0
41656,3925929,3982380.0,3982402.0,56451.0
41653,3925488,3982357.0,3982495.0,56869.0
41652,3924732,3982357.0,3982795.0,57625.0
41651,3923871,3983120.0,3983295.0,59249.0
41650,3917662,3984413.0,3994009.0,66751.0
41635,3903159,3970135.0,3994241.0,66976.0
41636,3903438,3970613.0,3994435.0,67175.0
41637,3903470,3972413.0,3996203.0,68943.0
41657,3927269,3994009.0,3999146.0,66740.0
41679,4445517,4447317.0,4447623.0,1800.0
41702,4453448,4455248.0,4456549.0,1800.0
41680,4445838,4447638.0,4457207.0,1800.0
41709,4455406,4458349.0,4468002.0,2943.0
41780,4475003,4476803.0,4476806.0,1800.0
41786,4475618,4477418.0,4477435.0,1800.0
41787,4475781,4477581.0,4477649.0,1800.0
41790,4476798,4478598.0,4478668.0,1800.0
41796,4477761,4482235.0,4482287.0,4474.0
41804,4480667,4482467.0,4482488.0,1800.0
41799,4478879,4482449.0,4482532.0,3570.0
41770,4471968,4473768.0,4482618.0,1800.0
41806,4480744,4482618.0,4482652.0,1874.0
41803,4480640,4483468.0,4483515.0,2828.0
41805,4480733,4484332.0,4484433.0,3599.0
41825,4483780,4484433.0,4484446.0,653.0
41823,4483154,4484433.0,4484455.0,1279.0
41815,4481476,4484433.0,4484494.0,2957.0
41814,4481413,4488315.0,4488339.0,6902.0
41826,4483900,4488339.0,4488528.0,4439.0
41835,4485393,4488528.0,4488753.0,3135.0
41852,4488918,4488918.0,4488934.0,0.0
41832,4484893,4490139.0,4490198.0,5246.0
41856,4489302,4490198.0,4490261.0,896.0
41854,4489194,4490198.0,4490278.0,1004.0
41857,4489377,4490198.0,4490303.0,821.0
41838,4486062,4490328.0,4490352.0,4266.0
41837,4485562,4490328.0,4490366.0,4766.0
41827,4484194,4488339.0,4493103.0,4145.0
41853,4489122,4493553.0,4493817.0,4431.0
41861,4489721,4493817.0,4493927.0,4096.0
41862,4490016,4493927.0,4493936.0,3911.0
41869,4490277,4493927.0,4493939.0,3650.0
41865,4490151,4493927.0,4493954.0,3776.0
41866,4490194,4493927.0,4493956.0,3733.0
41864,4490097,4493927.0,4493961.0,3830.0
41870,4490347,4493936.0,4494016.0,3589.0
41867,4490236,4493927.0,4494023.0,3691.0
41868,4490267,4493927.0,4494045.0,3660.0
41863,4490034,4493927.0,4494046.0,3893.0
41871,4490445,4494016.0,4494103.0,3571.0
41858,4489469,4493103.0,4494120.0,3634.0
41873,4491445,4494120.0,4494146.0,2675.0
41874,4491484,4494120.0,4494152.0,2636.0
41876,4491627,4494120.0,4494196.0,2493.0
41875,4491526,4494120.0,4494209.0,2594.0
41872,4490543,4494103.0,4494218.0,3560.0
41877,4491722,4494120.0,4494228.0,2398.0
41878,4491844,4494218.0,4494350.0,2374.0
41879,4491965,4494228.0,4494597.0,2263.0
41882,4492590,4494597.0,4494688.0,2007.0
41881,4492477,4494597.0,4494704.0,2120.0
41880,4492376,4494350.0,4494753.0,1974.0
41883,4492761,4494704.0,4494923.0,1943.0
41884,4492986,4494923.0,4495085.0,1937.0
41887,4493570,4495085.0,4495139.0,1515.0
41889,4493639,4495085.0,4495148.0,1446.0
41859,4489494,4495103.0,4495213.0,5609.0
41890,4493729,4495085.0,4495217.0,1356.0
41860,4489615,4495166.0,4495256.0,5551.0
41885,4493219,4495085.0,4495263.0,1866.0
41891,4493883,4495213.0,4495296.0,1330.0
41892,4493975,4495256.0,4495348.0,1281.0
41886,4493236,4495085.0,4495431.0,1849.0
41888,4493579,4495085.0,4495440.0,1506.0
41895,4494502,4495440.0,4495468.0,938.0
41894,4494084,4495440.0,4495545.0,1356.0
41903,4495302,4495545.0,4495558.0,243.0
41902,4495283,4495545.0,4495561.0,262.0
41900,4495166,4495545.0,4495572.0,379.0
41899,4495118,4495545.0,4495573.0,427.0
41901,4495204,4495545.0,4495639.0,341.0
41904,4495313,4495573.0,4495662.0,260.0
41897,4494756,4495545.0,4495680.0,789.0
41893,4493982,4495296.0,4495722.0,1314.0
41898,4494903,4495545.0,4495771.0,642.0
41906,4495415,4495722.0,4495846.0,307.0
41896,4494713,4495545.0,4496113.0,832.0
41907,4495555,4496113.0,4496142.0,558.0
41908,4495643,4496142.0,4496174.0,499.0
41909,4495764,4496174.0,4496277.0,410.0
41913,4496280,4496280.0,4496337.0,0.0
41914,4496348,4496348.0,4496388.0,0.0
41915,4496399,4496399.0,4496442.0,0.0
41916,4496452,4496452.0,4496490.0,0.0
41917,4496501,4496501.0,4496553.0,0.0
41918,4496568,4496568.0,4496658.0,0.0
41919,4496918,4496918.0,4496973.0,0.0
41912,4496197,4500646.0,4500652.0,4449.0
41910,4496122,4500571.0,4500689.0,4449.0
41920,4496923,4500646.0,4500689.0,3723.0
41911,4496126,4500646.0,4500700.0,4520.0
41926,4498527,4500689.0,4500709.0,2162.0
41925,4498313,4500689.0,4500720.0,2376.0
41922,4497642,4500689.0,4500725.0,3047.0
41923,4498067,4500689.0,4500759.0,2622.0
41927,4499032,4500689.0,4500777.0,1657.0
41933,4499381,4500725.0,4500790.0,1344.0
41932,4499298,4500725.0,4500791.0,1427.0
41936,4500139,4500791.0,4500812.0,652.0
41937,4500140,4500791.0,4500818.0,651.0
41938,4500177,4500791.0,4500844.0,614.0
41924,4498146,4500689.0,4500846.0,2543.0
41935,4499803,4500791.0,4500873.0,988.0
41939,4500241,4500818.0,4500877.0,577.0
41934,4499462,4500791.0,4500891.0,1329.0
41940,4500310,4500877.0,4500939.0,567.0
41941,4500386,4500891.0,4500959.0,505.0
41942,4500473,4500959.0,4500995.0,486.0
41943,4501211,4501211.0,4501231.0,0.0
41944,4501322,4501322.0,4501343.0,0.0
41945,4501464,4501464.0,4501496.0,0.0
41946,4501658,4501658.0,4501687.0,0.0
41921,4497487,4501773.0,4502282.0,4286.0
41931,4499226,4502500.0,4502556.0,3274.0
41929,4499137,4502489.0,4502569.0,3352.0
41905,4495374,4495722.0,4502587.0,348.0
41928,4499101,4502489.0,4502602.0,3388.0
41953,4502697,4502697.0,4502751.0,0.0
41930,4499204,4502489.0,4502838.0,3285.0
41952,4502241,4505739.0,4505753.0,3498.0
41947,4501703,4505795.0,4505841.0,4092.0
41948,4501765,4505795.0,4505846.0,4030.0
41949,4501827,4505795.0,4505846.0,3968.0
41950,4501888,4505795.0,4505863.0,3907.0
41957,4502898,4505863.0,4505906.0,2965.0
41958,4502953,4505906.0,4505966.0,2953.0
41807,4480826,4482652.0,4506643.0,1826.0
41959,4503026,4506643.0,4506731.0,3617.0
41962,4503755,4506731.0,4506818.0,2976.0
41966,4503851,4506818.0,4506904.0,2967.0
41967,4503954,4506904.0,4507040.0,2950.0
41951,4501967,4507082.0,4507177.0,5115.0
41975,4504343,4507177.0,4507198.0,2834.0
41974,4504263,4507177.0,4507203.0,2914.0
41972,4504219,4507177.0,4507209.0,2958.0
41808,4480858,4483515.0,4507474.0,2657.0
41977,4504476,4507474.0,4507495.0,2998.0
41976,4504385,4507474.0,4507661.0,3089.0
41956,4502847,4507646.0,4507682.0,4799.0
41955,4502765,4507646.0,4507709.0,4881.0
41978,4504607,4507661.0,4507791.0,3054.0
41979,4504758,4507791.0,4507879.0,3033.0
41982,4505005,4507879.0,4507900.0,2874.0
41954,4502707,4507646.0,4508938.0,4939.0
41983,4505044,4508938.0,4508960.0,3894.0
41963,4503757,4510766.0,4510768.0,7009.0
41965,4503825,4510766.0,4510771.0,6941.0
41960,4503104,4510766.0,4510777.0,7662.0
41988,4506046,4510768.0,4510783.0,4722.0
41989,4506142,4510768.0,4510783.0,4626.0
41968,4504001,4510766.0,4510784.0,6765.0
41964,4503818,4510766.0,4510789.0,6948.0
41969,4504141,4510766.0,4510792.0,6625.0
41971,4504152,4510766.0,4510802.0,6614.0
41961,4503691,4510766.0,4510807.0,7075.0
41987,4505952,4510760.0,4510825.0,4808.0
41991,4507172,4510807.0,4510844.0,3635.0
41990,4506609,4510784.0,4511295.0,4175.0
41984,4505610,4508938.0,4511819.0,3328.0
41992,4507227,4510844.0,4511987.0,3617.0
41981,4504868,4512295.0,4512317.0,7427.0
41986,4505917,4512482.0,4512579.0,6565.0
41985,4505668,4512700.0,4512730.0,7032.0
41970,4504144,4507040.0,4516222.0,2896.0
41996,4509289,4516222.0,4516258.0,6933.0
41998,4509697,4516258.0,4516302.0,6561.0
41973,4504237,4507177.0,4516567.0,2940.0
42000,4509766,4516302.0,4516692.0,6536.0
41994,4508473,4517117.0,4517141.0,8644.0
41993,4508128,4517117.0,4517148.0,8989.0
42003,4510678,4517148.0,4517330.0,6470.0
41995,4508666,4517117.0,4517860.0,8451.0
41980,4504828,4507879.0,4517953.0,3051.0
42007,4513278,4517953.0,4517958.0,4675.0
41999,4509699,4518058.0,4518103.0,8359.0
42008,4513347,4518103.0,4518134.0,4756.0
41997,4509506,4518022.0,4518197.0,8516.0
42009,4513614,4518134.0,4518551.0,4520.0
42012,4514906,4518551.0,4518565.0,3645.0
42004,4510896,4517148.0,4521027.0,6252.0
42001,4510446,4521102.0,4521324.0,10656.0
42014,4515554,4521324.0,4521341.0,5770.0
42002,4510626,4521367.0,4521496.0,10741.0
42011,4514288,4518551.0,4527028.0,4263.0
42006,4512634,4517953.0,4527780.0,5319.0
42010,4514232,4522997.0,4531230.0,8765.0
42013,4515169,4521324.0,4531373.0,6155.0
42016,4522767,4531373.0,4531435.0,8606.0
42017,4523131,4531435.0,4531498.0,8304.0
42018,4523495,4531498.0,4531557.0,8003.0
42019,4523857,4531557.0,4531618.0,7700.0
42020,4524219,4531618.0,4531684.0,7399.0
42021,4524586,4531684.0,4531742.0,7098.0
42022,4524945,4531742.0,4531799.0,6797.0
42023,4525220,4531799.0,4531812.0,6579.0
42005,4512606,4522130.0,4531985.0,9524.0
42024,4525303,4531812.0,4539915.0,6509.0
42025,4525366,4531985.0,4540028.0,6619.0
42015,4522468,4533030.0,4543963.0,10562.0
42026,4533414,4545763.0,4545867.0,12349.0
42154,4567736,4569536.0,4569556.0,1800.0
42155,4567796,4569596.0,4569624.0,1800.0
42122,4558380,4560180.0,4570283.0,1800.0
42160,4568485,4570285.0,4570302.0,1800.0
42165,4569554,4574356.0,4574382.0,4802.0
42045,4540837,4545867.0,4578533.0,5030.0
42044,4540807,4545867.0,4578561.0,5060.0
42163,4569172,4570283.0,4580363.0,1111.0
42201,4579254,4583361.0,4583374.0,4107.0
42212,4581436,4583333.0,4583447.0,1897.0
42215,4581768,4585163.0,4585221.0,3395.0
42214,4581560,4585163.0,4585321.0,3603.0
42248,4590037,4591837.0,4591851.0,1800.0
42206,4579965,4583361.0,4593432.0,3396.0
42253,4590764,4592564.0,4602633.0,1800.0
42256,4600835,4602635.0,4602648.0,1800.0
42258,4601954,4603754.0,4603768.0,1800.0
42028,4533770,4545867.0,4608448.0,12097.0
42027,4533708,4545867.0,4608510.0,12159.0
42260,4602893,4608510.0,4608727.0,5617.0
42262,4608284,4608727.0,4608740.0,443.0
42261,4603063,4608727.0,4608744.0,5664.0
42257,4601565,4603365.0,4610082.0,1800.0
42259,4602877,4610248.0,4610408.0,7371.0
42263,4608859,4613544.0,4624467.0,4685.0
42264,4619789,4626267.0,4626353.0,6478.0
