time,nb_sleeping,nb_switching_on,nb_switching_off,nb_idle,nb_computing
0.0,0,0,0,128,0
0.0,0,0,0,127,1
11.0,0,0,0,127,1
11.0,0,0,0,95,33
21.0,0,0,0,96,32
102.0,0,0,0,96,32
102.0,0,0,0,95,33
123.0,0,0,0,96,32
1641.0,0,0,0,128,0
1644.0,0,0,0,128,0
1644.0,0,0,0,127,1
1664.0,0,0,0,128,0
1719.0,0,0,0,128,0
1719.0,0,0,0,96,32
1852.0,0,0,0,96,32
1852.0,0,0,0,64,64
1903.0,0,0,0,64,64
1903.0,0,0,0,56,72
1939.0,0,0,0,88,40
1940.0,0,0,0,96,32
2351.0,0,0,0,96,32
2351.0,0,0,0,64,64
2381.0,0,0,0,64,64
2381.0,0,0,0,56,72
2412.0,0,0,0,88,40
2413.0,0,0,0,96,32
2700.0,0,0,0,96,32
2719.0,0,0,0,96,32
2719.0,0,0,0,64,64
2743.0,0,0,0,64,64
2743.0,0,0,0,56,72
2769.0,0,0,0,56,72
2769.0,0,0,0,24,104
2777.0,0,0,0,56,72
2778.0,0,0,0,64,64
2831.0,0,0,0,64,64
2831.0,0,0,0,60,68
3033.0,0,0,0,60,68
3033.0,0,0,0,59,69
3051.0,0,0,0,60,68
3145.0,0,0,0,60,68
3145.0,0,0,0,59,69
3154.0,0,0,0,60,68
3191.0,0,0,0,60,68
3191.0,0,0,0,59,69
3196.0,0,0,0,60,68
3212.0,0,0,0,60,68
3212.0,0,0,0,59,69
3244.0,0,0,0,60,68
3898.0,0,0,0,60,68
3898.0,0,0,0,52,76
4054.0,0,0,0,60,68
4071.0,0,0,0,60,68
4071.0,0,0,0,59,69
4072.0,0,0,0,60,68
4079.0,0,0,0,60,68
4079.0,0,0,0,59,69
4128.0,0,0,0,91,37
4134.0,0,0,0,91,37
4134.0,0,0,0,90,38
4148.0,0,0,0,91,37
4159.0,0,0,0,92,36
4341.0,0,0,0,92,36
4639.0,0,0,0,92,36
4974.0,0,0,0,92,36
4974.0,0,0,0,76,52
5109.0,0,0,0,76,52
5109.0,0,0,0,75,53
5112.0,0,0,0,75,53
5113.0,0,0,0,75,53
5118.0,0,0,0,76,52
5121.0,0,0,0,76,52
5121.0,0,0,0,75,53
5139.0,0,0,0,76,52
5143.0,0,0,0,76,52
5143.0,0,0,0,75,53
5161.0,0,0,0,76,52
5259.0,0,0,0,80,48
5260.0,0,0,0,128,0
5477.0,0,0,0,128,0
5477.0,0,0,18,110,0
5478.0,0,0,18,110,0
5478.0,0,0,26,102,0
5751.0,0,0,26,102,0
5751.0,0,0,27,101,0
5854.0,0,0,27,101,0
5854.0,0,0,28,100,0
5896.0,0,0,28,100,0
5896.0,0,0,29,99,0
5944.0,0,0,29,99,0
5944.0,0,0,30,98,0
5965.0,0,0,30,98,0
5965.0,0,0,30,66,32
6045.0,0,0,30,66,32
6045.0,0,0,30,34,64
6064.0,0,0,30,34,64
6064.0,0,0,30,2,96
6088.0,0,0,30,2,96
6157.0,0,0,30,2,96
6199.0,0,0,30,34,64
6199.0,0,0,30,22,76
6292.0,0,0,30,22,76
6298.0,0,0,30,54,44
6298.0,0,0,30,22,76
6311.0,0,0,30,30,68
6395.0,0,0,30,30,68
6754.0,0,0,30,30,68
6828.0,0,0,30,30,68
7352.0,0,0,30,30,68
7407.0,0,0,30,62,36
7407.0,0,0,30,22,76
7502.0,0,0,30,30,68
7600.0,0,0,30,30,68
7923.0,0,0,30,30,68
7947.0,0,0,30,62,36
7947.0,0,0,30,14,84
7960.0,0,0,30,14,84
7967.0,0,0,30,14,84
7967.0,0,0,30,13,85
7971.0,0,0,30,13,85
8011.0,0,0,30,14,84
8036.0,0,0,30,14,84
8040.0,0,0,30,14,84
8040.0,0,0,30,6,92
8096.0,0,0,30,14,84
8177.0,18,0,12,14,84
8177.0,0,18,12,14,84
8178.0,8,18,4,14,84
8277.0,8,18,4,14,84
8311.0,8,18,4,18,80
8344.0,8,18,4,18,80
8344.0,4,22,4,18,80
8451.0,5,22,3,18,80
8554.0,6,22,2,18,80
8596.0,7,22,1,18,80
8630.0,7,22,1,18,80
8630.0,6,23,1,18,80
8644.0,7,23,0,18,80
8899.0,7,23,0,18,80
8967.0,7,23,0,50,48
8967.0,7,23,0,18,80
8998.0,7,23,0,18,80
9729.0,7,23,0,18,80
9935.0,7,23,0,50,48
9935.0,7,23,0,17,81
9971.0,7,23,0,18,80
9972.0,7,23,0,18,80
9977.0,7,5,0,36,80
9977.0,7,5,0,4,112
10009.0,7,5,0,4,112
10103.0,7,5,0,36,80
10103.0,0,12,0,4,112
10107.0,0,12,0,4,112
10144.0,0,8,0,8,112
10144.0,0,8,0,4,116
10280.0,0,8,0,36,84
10397.0,0,8,0,52,68
10430.0,0,7,0,53,68
10430.0,0,7,0,52,69
10532.0,0,7,0,52,69
10532.0,0,7,0,20,101
10647.0,0,7,0,20,101
10677.0,0,7,0,20,101
10719.0,0,7,0,20,101
10854.0,0,7,0,21,100
11011.0,0,7,0,21,100
11067.0,0,7,0,21,100
11067.0,0,7,0,13,108
11094.0,0,7,0,13,108
11094.0,0,7,0,5,116
11197.0,0,7,0,5,116
11197.0,0,7,0,4,117
11231.0,0,7,0,5,116
11235.0,0,7,0,13,108
11245.0,0,7,0,21,100
11338.0,0,7,0,21,100
11338.0,0,7,0,20,101
11370.0,0,7,0,21,100
11419.0,0,7,0,53,68
11419.0,0,7,0,21,100
11455.0,0,7,0,21,100
11550.0,0,7,0,53,68
11550.0,0,7,0,20,101
11576.0,0,7,0,21,100
11667.0,0,7,0,21,100
11708.0,0,7,0,53,68
11903.0,0,0,0,60,68
11903.0,0,0,0,52,76
12044.0,0,0,0,60,68
12412.0,0,0,0,60,68
12412.0,0,0,0,28,100
12432.0,0,0,0,28,100
12432.0,0,0,0,20,108
12558.0,0,0,0,52,76
12559.0,0,0,0,60,68
12635.0,0,0,0,60,68
12803.0,0,0,0,60,68
12978.0,0,0,0,92,36
12980.0,0,0,0,92,36
12980.0,0,0,0,91,37
12995.0,0,0,0,92,36
13097.0,0,0,0,92,36
13294.0,0,0,0,92,36
13294.0,0,0,0,60,68
13315.0,0,0,0,60,68
13315.0,0,0,0,28,100
13537.0,0,0,0,60,68
13711.0,0,0,0,92,36
13868.0,0,0,0,92,36
13868.0,0,0,0,60,68
14119.0,0,0,0,60,68
14250.0,0,0,0,60,68
14408.0,0,0,0,60,68
14457.0,0,0,0,60,68
14457.0,0,0,0,58,70
14464.0,0,0,0,58,70
14464.0,0,0,0,56,72
14473.0,0,0,0,56,72
14473.0,0,0,0,54,74
14482.0,0,0,0,54,74
14482.0,0,0,0,52,76
14536.0,0,0,0,54,74
14538.0,0,0,0,56,72
14540.0,0,0,0,58,70
14541.0,0,0,0,60,68
14993.0,0,0,0,60,68
14993.0,0,0,0,58,70
15014.0,0,0,0,60,68
15030.0,0,0,0,60,68
15030.0,0,0,0,28,100
15036.0,0,0,0,60,68
15119.0,0,0,0,60,68
15119.0,0,0,0,59,69
15138.0,0,0,0,59,69
15138.0,0,0,0,27,101
15140.0,0,0,0,28,100
15258.0,0,0,0,28,100
15362.0,0,0,0,60,68
15436.0,0,0,0,60,68
15436.0,0,0,0,28,100
15447.0,0,0,0,28,100
15517.0,0,0,0,60,68
15517.0,0,0,0,28,100
15530.0,0,0,0,28,100
15530.0,0,0,0,24,104
15537.0,0,0,0,24,104
15537.0,0,0,0,16,112
15547.0,0,0,0,20,108
15578.0,0,0,0,20,108
15654.0,0,0,0,28,100
15660.0,0,0,0,28,100
15665.0,0,0,0,28,100
15678.0,0,0,0,28,100
15687.0,0,0,0,28,100
15724.0,0,0,0,60,68
15724.0,0,0,0,16,112
15728.0,0,0,0,48,80
15728.0,0,0,0,16,112
15733.0,0,0,0,20,108
15749.0,0,0,0,20,108
15749.0,0,0,0,12,116
15814.0,0,0,0,44,84
15859.0,0,0,0,44,84
15859.0,0,0,0,12,116
15866.0,0,0,0,16,112
15880.0,0,0,0,48,80
15894.0,0,0,0,56,72
15895.0,0,0,0,56,72
15895.0,0,0,0,24,104
15924.0,0,0,0,56,72
15933.0,0,0,0,88,40
15955.0,0,0,0,88,40
15955.0,0,0,0,56,72
16018.0,0,0,0,56,72
16018.0,0,0,0,55,73
16021.0,0,0,0,55,73
16021.0,0,0,0,23,105
16025.0,0,0,0,23,105
16025.0,0,0,0,15,113
16039.0,0,0,0,48,80
16061.0,0,0,0,48,80
16061.0,0,0,0,16,112
16111.0,0,0,0,48,80
16116.0,0,0,0,48,80
16116.0,0,0,0,16,112
16174.0,0,0,0,48,80
16192.0,0,0,0,88,40
16237.0,0,0,0,88,40
16239.0,0,0,0,120,8
16242.0,0,0,0,120,8
16242.0,0,0,0,119,9
16259.0,0,0,0,120,8
16308.0,0,0,0,120,8
16308.0,0,0,0,56,72
16411.0,0,0,0,56,72
16478.0,0,0,0,56,72
16478.0,0,0,0,24,104
16563.0,0,0,0,24,104
16563.0,0,0,0,20,108
16917.0,0,0,0,20,108
16917.0,0,0,0,19,109
16922.0,0,0,0,20,108
17010.0,0,0,0,20,108
17010.0,0,0,0,19,109
17039.0,0,0,0,20,108
17092.0,0,0,0,20,108
17092.0,0,0,0,19,109
17123.0,0,0,0,20,108
17127.0,0,0,0,20,108
17127.0,0,0,0,19,109
17167.0,0,0,0,20,108
17172.0,0,0,0,20,108
17172.0,0,0,0,19,109
17209.0,0,0,0,20,108
17249.0,0,0,0,20,108
17249.0,0,0,0,19,109
17277.0,0,0,0,20,108
17318.0,0,0,0,20,108
17318.0,0,0,0,19,109
17504.0,0,0,0,20,108
17732.0,0,0,0,52,76
17733.0,0,0,0,56,72
17736.0,0,0,0,56,72
17856.0,0,0,0,120,8
17860.0,0,0,0,120,8
17860.0,0,0,0,119,9
17875.0,0,0,0,120,8
17948.0,0,0,0,120,8
17948.0,0,0,0,88,40
17951.0,0,0,0,88,40
17951.0,0,0,0,24,104
18014.0,0,0,0,56,72
18062.0,0,0,0,56,72
18091.0,0,0,0,56,72
18091.0,0,0,0,24,104
18148.0,0,0,0,56,72
18217.0,0,0,0,56,72
18282.0,0,0,0,56,72
18282.0,0,0,0,24,104
18338.0,0,0,0,24,104
18338.0,0,0,0,20,108
18398.0,0,0,0,56,72
18424.0,0,0,0,56,72
18428.0,0,0,0,56,72
18514.0,0,0,0,56,72
18542.0,0,0,0,56,72
18542.0,0,0,0,24,104
18572.0,0,0,0,24,104
18572.0,0,0,0,16,112
18580.0,0,0,0,16,112
18624.0,0,0,0,16,112
18633.0,0,0,0,16,112
18641.0,0,0,0,16,112
18641.0,0,0,0,15,113
18647.0,0,0,0,16,112
18715.0,0,0,0,24,104
18739.0,0,0,0,24,104
18743.0,0,0,0,56,72
18744.0,0,0,0,64,64
18746.0,0,0,0,64,64
18746.0,0,0,0,56,72
18811.0,0,0,0,56,72
18892.0,0,0,0,56,72
18939.0,0,0,0,56,72
19001.0,0,0,0,56,72
19001.0,0,0,0,24,104
19062.0,0,0,0,24,104
19062.0,0,0,0,20,108
19429.0,0,0,0,84,44
19432.0,0,0,0,84,44
19432.0,0,0,0,83,45
19449.0,0,0,0,84,44
19698.0,0,0,0,84,44
19698.0,0,0,0,83,45
19705.0,0,0,0,84,44
20388.0,0,0,0,120,8
20432.0,0,0,0,120,8
20509.0,0,0,0,120,8
20509.0,0,0,0,88,40
20540.0,0,0,0,88,40
20540.0,0,0,0,80,48
20556.0,0,0,0,80,48
20689.0,0,0,0,80,48
20689.0,0,0,0,48,80
20714.0,0,0,0,48,80
20751.0,0,0,0,48,80
20751.0,0,0,0,44,84
20848.0,0,0,0,44,84
21098.0,0,0,0,44,84
21167.0,0,0,0,76,52
21170.0,0,0,0,84,44
21237.0,0,0,0,84,44
21237.0,0,0,0,52,76
21276.0,0,0,0,52,76
21276.0,0,0,0,44,84
21443.0,0,0,0,44,84
21895.0,0,0,0,76,52
21897.0,0,0,0,84,44
22129.0,0,0,0,84,44
22298.0,0,0,0,84,44
22298.0,0,0,0,20,108
22759.0,0,0,0,20,108
22759.0,0,0,0,19,109
22772.0,0,0,0,20,108
23088.0,0,0,0,20,108
23665.0,0,0,0,84,44
23668.0,0,0,0,84,44
23668.0,0,0,0,83,45
23685.0,0,0,0,84,44
24117.0,0,0,0,84,44
24117.0,0,0,0,20,108
24595.0,0,0,0,20,108
25493.0,0,0,0,84,44
25496.0,0,0,0,84,44
25496.0,0,0,0,83,45
25520.0,0,0,0,84,44
26365.0,0,0,0,84,44
26365.0,0,0,18,66,44
26385.0,0,0,18,66,44
26385.0,0,0,19,65,44
26677.0,0,0,19,65,44
26677.0,0,0,19,1,108
27608.0,0,0,19,65,44
27696.0,0,0,19,65,44
27696.0,0,0,19,1,108
28193.0,0,0,19,1,108
28220.0,0,0,19,1,108
28430.0,0,0,19,9,100
29044.0,0,0,19,73,36
29045.0,0,0,19,73,36
29045.0,0,0,19,72,37
29065.0,18,0,1,72,37
29070.0,18,0,1,73,36
29085.0,19,0,0,73,36
29660.0,19,0,0,73,36
29660.0,19,0,0,9,100
30308.0,19,0,0,9,100
31130.0,19,0,0,9,100
31744.0,19,0,0,9,100
31744.0,19,0,8,1,100
31770.0,19,0,8,1,100
31770.0,19,0,9,0,100
33930.0,19,0,9,64,36
33936.0,19,0,9,96,4
33940.0,19,0,9,100,0
33945.0,19,0,9,100,0
34444.0,27,0,1,100,0
34470.0,28,0,0,100,0
34470.0,0,28,0,100,0
36270.0,0,0,0,128,0
36270.0,0,0,0,0,128
36630.0,0,0,0,0,128
37684.0,0,0,0,0,128
40004.0,0,0,0,128,0
40004.0,0,0,0,0,128
41418.0,0,0,0,0,128
43729.0,0,0,0,128,0
43729.0,0,0,0,0,128
52348.0,0,0,0,0,128
52628.0,0,0,0,0,128
52687.0,0,0,0,0,128
54654.0,0,0,0,128,0
54654.0,0,0,0,28,100
57354.0,0,0,0,28,100
57354.0,0,0,28,0,100
60054.0,28,0,0,0,100
65578.0,28,0,0,64,36
68278.0,28,0,0,64,36
68278.0,28,0,64,0,36
68562.0,28,0,64,0,36
68676.0,28,0,64,0,36
68806.0,28,0,64,0,36
70978.0,92,0,0,0,36
70978.0,27,65,0,0,36
72625.0,27,65,0,0,36
72625.0,26,66,0,0,36
72778.0,26,1,0,65,36
72778.0,26,1,0,0,101
72796.0,26,1,0,1,100
72925.0,26,1,0,33,68
73088.0,26,1,0,33,68
73088.0,26,1,0,32,69
73153.0,26,1,0,33,68
73163.0,26,1,0,33,68
73163.0,26,1,0,32,69
73198.0,26,1,0,33,68
73550.0,26,1,0,33,68
73550.0,26,1,0,32,69
73579.0,26,1,0,33,68
74083.0,26,1,0,33,68
74083.0,26,1,0,32,69
74101.0,26,1,0,33,68
74425.0,26,0,0,34,68
74425.0,26,0,0,33,69
74428.0,26,0,0,34,68
75496.0,26,0,0,34,68
75625.0,26,0,0,34,68
75625.0,26,0,29,5,68
75853.0,26,0,29,5,68
75853.0,26,0,30,4,68
75898.0,26,0,30,4,68
75898.0,26,0,31,3,68
76279.0,26,0,31,3,68
76279.0,26,0,32,2,68
76479.0,26,0,32,2,68
76479.0,26,0,32,1,69
76502.0,26,0,32,2,68
76753.0,26,0,32,2,68
76753.0,26,0,32,1,69
76770.0,26,0,32,2,68
76801.0,26,0,32,2,68
76969.0,26,0,32,2,68
77128.0,26,0,32,2,68
77297.0,26,0,32,2,68
77389.0,26,0,32,2,68
77447.0,26,0,32,2,68
77602.0,26,0,32,2,68
77602.0,25,1,32,2,68
77686.0,25,1,32,2,68
77686.0,24,2,32,2,68
77864.0,24,2,32,2,68
77864.0,23,3,32,2,68
77886.0,23,3,32,2,68
77945.0,23,3,32,2,68
78295.0,23,3,32,2,68
78325.0,52,3,3,2,68
78325.0,20,35,3,2,68
78399.0,20,35,3,2,68
78399.0,19,36,3,2,68
78407.0,19,36,3,2,68
78407.0,18,37,3,2,68
78553.0,19,37,2,2,68
78598.0,20,37,1,2,68
78635.0,20,37,1,6,64
78694.0,20,37,1,38,32
78694.0,20,37,1,6,64
78745.0,20,37,1,38,32
78745.0,20,37,1,2,68
78883.0,20,37,1,6,64
78942.0,20,37,1,38,32
78942.0,12,45,1,2,68
78979.0,13,45,0,2,68
79202.0,13,45,0,2,68
79227.0,13,45,0,2,68
79227.0,13,45,0,1,69
79238.0,13,45,0,1,69
79299.0,13,45,0,2,68
79402.0,13,44,0,3,68
79402.0,13,44,0,2,69
79407.0,13,44,0,3,68
79407.0,0,57,0,3,68
79486.0,0,56,0,4,68
79486.0,0,56,0,3,69
79491.0,0,56,0,4,68
79664.0,0,55,0,5,68
79664.0,0,55,0,4,69
79668.0,0,55,0,5,68
80125.0,0,23,0,37,68
80125.0,0,23,0,5,100
80167.0,0,23,0,37,68
80199.0,0,22,0,38,68
80199.0,0,22,0,37,69
80207.0,0,21,0,38,69
80207.0,0,21,0,37,70
80213.0,0,21,0,38,69
80238.0,0,21,0,39,68
80742.0,0,13,0,47,68
80742.0,0,13,0,39,76
80794.0,0,13,0,47,68
80971.0,0,13,0,47,68
80971.0,0,13,0,31,84
81207.0,0,0,0,44,84
81207.0,0,0,0,28,100
81212.0,0,0,0,28,100
81212.0,0,0,0,27,101
81239.0,0,0,0,43,85
81275.0,0,0,0,44,84
81394.0,0,0,0,44,84
81445.0,0,0,0,44,84
81642.0,0,0,0,44,84
81668.0,0,0,0,44,84
81668.0,0,0,0,43,85
81691.0,0,0,0,44,84
82191.0,0,0,0,44,84
82867.0,0,0,0,44,84
82867.0,0,0,16,28,84
82913.0,0,0,16,28,84
82913.0,0,0,17,27,84
82938.0,0,0,17,27,84
82938.0,0,0,18,26,84
83494.0,0,0,18,26,84
83494.0,0,0,26,18,84
83752.0,0,0,26,18,84
83752.0,0,0,26,17,85
83765.0,0,0,26,18,84
83939.0,0,0,26,18,84
83939.0,0,0,41,3,84
83975.0,0,0,41,3,84
83975.0,0,0,42,2,84
84109.0,0,0,42,2,84
84109.0,0,0,42,1,85
84118.0,0,0,42,2,84
84237.0,0,0,42,2,84
84391.0,0,0,42,2,84
84605.0,0,0,42,2,84
84809.0,0,0,42,2,84
84809.0,0,0,42,1,85
84863.0,0,0,42,1,85
84897.0,0,0,42,2,84
84936.0,0,0,42,2,84
84936.0,0,0,42,1,85
84959.0,0,0,42,2,84
85085.0,0,0,42,2,84
85085.0,0,0,42,1,85
85124.0,0,0,42,2,84
85501.0,0,0,42,2,84
85556.0,0,0,42,2,84
85567.0,16,0,26,2,84
85613.0,17,0,25,2,84
85638.0,18,0,24,2,84
86194.0,26,0,16,2,84
86308.0,26,0,16,2,84
86308.0,25,1,16,2,84
86465.0,25,1,16,2,84
86639.0,40,1,1,2,84
86639.0,8,33,1,2,84
86675.0,9,33,0,2,84
86686.0,9,33,0,2,84
86815.0,9,33,0,2,84
86818.0,9,33,0,2,84
87106.0,9,33,0,18,68
87106.0,0,42,0,10,76
87117.0,0,42,0,10,76
87117.0,0,42,0,9,77
87140.0,0,42,0,17,69
87142.0,0,42,0,18,68
87597.0,0,42,0,18,68
87659.0,0,42,0,18,68
87721.0,0,42,0,50,36
87721.0,0,42,0,18,68
87725.0,0,42,0,50,36
87725.0,0,42,0,18,68
87863.0,0,42,0,22,64
87918.0,0,42,0,54,32
87918.0,0,42,0,22,64
87971.0,0,42,0,54,32
88108.0,0,41,0,55,32
88108.0,0,41,0,54,33
88134.0,0,41,0,55,32
88439.0,0,9,0,87,32
88439.0,0,9,0,55,64
88633.0,0,9,0,87,32
88709.0,0,9,0,87,32
88709.0,0,9,0,55,64
88759.0,0,9,0,55,64
88759.0,0,9,0,54,65
88776.0,0,9,0,54,65
88776.0,0,9,0,50,69
88796.0,0,9,0,51,68
88847.0,0,9,0,51,68
88847.0,0,9,0,19,100
88906.0,0,0,0,28,100
88906.0,0,0,0,16,112
88934.0,0,0,0,20,108
89568.0,0,0,0,28,100
89806.0,0,0,0,28,100
90421.0,0,0,0,28,100
90425.0,0,0,0,28,100
90618.0,0,0,0,28,100
90671.0,0,0,0,28,100
90746.0,0,0,0,28,100
91235.0,0,0,0,28,100
91302.0,0,0,0,28,100
91302.0,0,0,0,20,108
91313.0,0,0,0,52,76
91313.0,0,0,0,20,108
91333.0,0,0,0,20,108
91524.0,0,0,0,52,76
91524.0,0,0,0,20,108
91977.0,0,0,0,28,100
92264.0,0,0,0,60,68
92586.0,0,0,0,60,68
92586.0,0,0,0,28,100
92785.0,0,0,0,28,100
92785.0,0,0,0,12,116
92917.0,0,0,0,12,116
92917.0,0,0,0,11,117
92945.0,0,0,0,12,116
93022.0,0,0,0,12,116
93022.0,0,0,0,8,120
93043.0,0,0,0,12,116
93212.0,0,0,0,12,116
93212.0,0,0,0,11,117
93234.0,0,0,0,12,116
93290.0,0,0,0,44,84
93518.0,0,0,0,44,84
93518.0,0,0,0,12,116
93581.0,0,0,0,12,116
93581.0,0,0,0,4,124
93658.0,0,0,0,36,92
93661.0,0,0,0,36,92
93661.0,0,0,0,35,93
93677.0,0,0,0,36,92
93737.0,0,0,0,36,92
93737.0,0,0,0,4,124
93742.0,0,0,0,36,92
93744.0,0,0,0,44,84
93813.0,0,0,0,44,84
93813.0,0,0,0,43,85
93841.0,0,0,0,44,84
94013.0,0,0,0,44,84
94224.0,0,0,0,44,84
94370.0,0,0,0,48,80
94371.0,0,0,0,80,48
94407.0,0,0,0,80,48
94407.0,0,0,0,48,80
94471.0,0,0,0,48,80
94471.0,0,0,0,40,88
94509.0,0,0,0,40,88
94509.0,0,0,0,8,120
94569.0,0,0,0,8,120
94569.0,0,0,0,4,124
94616.0,0,0,0,36,92
94619.0,0,0,0,44,84
94637.0,0,0,0,76,52
94638.0,0,0,0,80,48
94741.0,0,0,0,80,48
94741.0,0,0,0,72,56
94761.0,0,0,0,72,56
94761.0,0,0,0,68,60
94789.0,0,0,0,72,56
94793.0,0,0,0,80,48
94821.0,0,0,0,80,48
94821.0,0,0,0,76,52
94920.0,0,0,0,80,48
94964.0,0,0,0,80,48
94964.0,0,0,0,48,80
94977.0,0,0,0,48,80
94977.0,0,0,0,44,84
95006.0,0,0,0,48,80
95055.0,0,0,0,80,48
95099.0,0,0,0,80,48
95099.0,0,0,0,79,49
95118.0,0,0,0,79,49
95118.0,0,0,0,75,53
95137.0,0,0,0,76,52
95140.0,0,0,0,80,48
95242.0,0,0,0,80,48
95242.0,0,0,0,76,52
95263.0,0,0,0,80,48
95265.0,0,0,0,80,48
95265.0,0,0,0,48,80
95328.0,0,0,0,48,80
95328.0,0,0,0,44,84
95348.0,0,0,0,48,80
95364.0,0,0,0,48,80
95364.0,0,0,0,32,96
95452.0,0,0,0,32,96
95452.0,0,0,0,31,97
95483.0,0,0,0,32,96
95487.0,0,0,0,32,96
95487.0,0,0,0,31,97
95520.0,0,0,0,32,96
95801.0,0,0,0,64,64
95916.0,0,0,0,80,48
95936.0,0,0,0,80,48
95936.0,0,0,0,48,80
95990.0,0,0,0,48,80
96153.0,0,0,0,80,48
96358.0,0,0,0,80,48
96442.0,0,0,0,80,48
96444.0,0,0,0,80,48
96514.0,0,0,0,80,48
96514.0,0,0,0,48,80
96529.0,0,0,0,48,80
96529.0,0,0,0,16,112
96751.0,0,0,0,48,80
97040.0,0,0,0,80,48
97071.0,0,0,0,80,48
97159.0,0,0,0,80,48
97159.0,0,0,0,79,49
97186.0,0,0,0,80,48
97284.0,0,0,0,96,32
97316.0,0,0,0,96,32
97329.0,0,0,0,96,32
97329.0,0,0,0,64,64
97337.0,0,0,0,64,64
97546.0,0,0,0,96,32
97594.0,0,0,0,96,32
97594.0,0,0,0,32,96
97620.0,0,0,0,32,96
97706.0,0,0,0,32,96
97755.0,0,0,0,96,32
97820.0,0,0,0,96,32
97820.0,0,0,0,64,64
97877.0,0,0,0,64,64
97877.0,0,0,0,60,68
98106.0,0,0,0,92,36
98270.0,0,0,0,92,36
98270.0,0,0,0,60,68
98331.0,0,0,0,60,68
98331.0,0,0,0,59,69
98372.0,0,0,0,60,68
98501.0,0,0,0,60,68
98616.0,0,0,0,60,68
98853.0,0,0,0,60,68
98965.0,0,0,0,60,68
98965.0,0,0,0,59,69
99043.0,0,0,0,60,68
99451.0,0,0,0,60,68
99637.0,0,0,0,92,36
99638.0,0,0,0,96,32
99683.0,0,0,0,96,32
99683.0,0,0,0,95,33
99697.0,0,0,0,96,32
99761.0,0,0,0,96,32
99761.0,0,0,0,64,64
99774.0,0,0,0,64,64
99774.0,0,0,0,63,65
99837.0,0,0,0,64,64
99842.0,0,0,0,64,64
99842.0,0,0,0,60,68
100246.0,0,0,0,60,68
100267.0,0,0,0,60,68
100267.0,0,0,0,59,69
100363.0,0,0,0,59,69
100363.0,0,0,0,27,101
100455.0,0,0,0,27,101
100541.0,0,0,0,27,101
100541.0,0,0,0,23,105
100562.0,0,0,0,23,105
100562.0,0,0,0,21,107
100598.0,0,0,0,53,75
100654.0,0,0,0,54,74
100671.0,0,0,0,58,70
100673.0,0,0,0,60,68
100772.0,0,0,0,60,68
100772.0,0,0,0,59,69
100788.0,0,0,0,60,68
100799.0,0,0,0,60,68
100799.0,0,0,0,59,69
100800.0,0,0,0,59,69
100800.0,0,0,0,58,70
100806.0,0,0,0,58,70
100827.0,0,0,0,59,69
100831.0,0,0,0,59,69
100831.0,0,0,0,55,73
100833.0,0,0,0,56,72
100853.0,0,0,0,56,72
100853.0,0,0,0,54,74
100992.0,0,0,0,58,70
100995.0,0,0,0,60,68
101052.0,0,0,0,60,68
101052.0,0,0,0,59,69
101080.0,0,0,0,60,68
101322.0,0,0,0,60,68
101322.0,0,0,0,59,69
101353.0,0,0,0,60,68
102127.0,0,0,0,60,68
102127.0,0,0,0,59,69
102150.0,0,0,0,60,68
102261.0,0,0,0,60,68
102261.0,0,0,0,59,69
102293.0,0,0,0,60,68
102309.0,0,0,0,60,68
102309.0,0,0,0,59,69
102331.0,0,0,0,60,68
102335.0,0,0,0,60,68
102335.0,0,0,0,56,72
102337.0,0,0,0,56,72
102338.0,0,0,0,56,72
102338.0,0,0,1,55,72
102357.0,0,0,1,55,72
102357.0,0,0,1,53,74
102397.0,0,0,1,53,74
102454.0,0,0,1,53,74
102454.0,0,0,1,52,75
102493.0,0,0,1,56,71
102496.0,0,0,1,58,69
102506.0,0,0,1,59,68
103298.0,0,0,1,59,68
103298.0,0,0,32,28,68
103354.0,0,0,32,28,68
103354.0,0,0,33,27,68
103364.0,0,0,33,27,68
103364.0,0,0,33,26,69
103371.0,0,0,33,26,69
103371.0,0,0,36,23,69
103373.0,0,0,36,23,69
103373.0,0,0,38,21,69
103385.0,0,0,38,22,68
103401.0,0,0,38,22,68
103401.0,0,0,38,21,69
103419.0,0,0,38,22,68
103422.0,0,0,38,22,68
103422.0,0,0,38,18,72
103443.0,0,0,38,18,72
103443.0,0,0,38,16,74
103488.0,0,0,38,16,74
103527.0,0,0,38,16,74
103579.0,0,0,38,20,70
103582.0,0,0,38,22,68
103654.0,0,0,38,22,68
103654.0,0,0,38,21,69
103692.0,0,0,38,21,69
103695.0,0,0,38,21,69
103695.0,0,0,39,20,69
103702.0,0,0,39,21,68
103780.0,0,0,39,21,68
103780.0,0,0,40,20,68
104053.0,0,0,40,20,68
104053.0,0,0,41,19,68
104323.0,0,0,41,19,68
104323.0,0,0,41,18,69
104375.0,0,0,41,19,68
104446.0,0,0,41,19,68
104446.0,0,0,41,18,69
104529.0,0,0,41,19,68
104639.0,0,0,41,19,68
104671.0,0,0,41,19,68
104766.0,0,0,41,19,68
104766.0,0,0,41,11,76
104801.0,0,0,41,19,68
104850.0,0,0,41,19,68
104855.0,0,0,41,19,68
104993.0,0,0,41,19,68
105031.0,0,0,41,19,68
105038.0,1,0,40,19,68
105202.0,1,0,40,87,0
105202.0,1,0,40,23,64
105225.0,1,0,40,55,32
105225.0,1,0,40,23,64
105269.0,1,0,40,55,32
105572.0,1,0,40,87,0
105998.0,32,0,9,87,0
106054.0,33,0,8,87,0
106071.0,36,0,5,87,0
106073.0,38,0,3,87,0
106085.0,38,0,3,87,0
106395.0,39,0,2,87,0
106480.0,40,0,1,87,0
106753.0,41,0,0,87,0
107902.0,41,0,0,87,0
107925.0,41,0,0,87,0
107925.0,41,0,23,64,0
107969.0,41,0,23,64,0
107969.0,41,0,55,32,0
108272.0,41,0,55,32,0
108272.0,41,0,87,0,0
110625.0,64,0,64,0,0
110669.0,96,0,32,0,0
110972.0,128,0,0,0,0
112551.0,128,0,0,0,0
112551.0,0,128,0,0,0
112914.0,0,128,0,0,0
112974.0,0,128,0,0,0
113213.0,0,128,0,0,0
113320.0,0,128,0,0,0
113963.0,0,128,0,0,0
114351.0,0,0,0,128,0
114351.0,0,0,0,0,128
114450.0,0,0,0,128,0
114450.0,0,0,0,87,41
114469.0,0,0,0,88,40
114535.0,0,0,0,90,38
114752.0,0,0,0,90,38
114752.0,0,0,0,88,40
115626.0,0,0,0,90,38
116062.0,0,0,0,90,38
116062.0,0,0,0,26,102
117150.0,0,0,0,26,102
117150.0,0,0,21,5,102
117169.0,0,0,21,5,102
117169.0,0,0,22,4,102
117235.0,0,0,22,4,102
117235.0,0,0,24,2,102
117247.0,0,0,24,4,100
117883.0,0,0,24,4,100
117883.0,0,0,24,2,102
118326.0,0,0,24,2,102
119471.0,0,0,24,4,100
119752.0,0,0,24,4,100
119752.0,0,0,24,2,102
119850.0,21,0,3,2,102
119869.0,22,0,2,2,102
119935.0,24,0,0,2,102
119947.0,24,0,0,2,102
122171.0,24,0,0,2,102
122171.0,24,0,2,0,102
124177.0,24,0,2,0,102
124177.0,23,1,2,0,102
124871.0,25,1,0,0,102
125687.0,25,1,0,64,38
125706.0,25,1,0,66,36
125710.0,25,1,0,66,36
125977.0,25,0,0,67,36
125977.0,25,0,0,66,37
125992.0,25,0,0,67,36
127179.0,25,0,0,71,32
127236.0,25,0,0,103,0
127236.0,0,25,0,103,0
128387.0,0,25,0,103,0
129036.0,0,0,0,128,0
129036.0,0,0,0,0,128
136658.0,0,0,0,0,128
139980.0,0,0,0,128,0
139980.0,0,0,0,0,128
147589.0,0,0,0,0,128
150905.0,0,0,0,128,0
150905.0,0,0,0,0,128
151328.0,0,0,0,0,128
151383.0,0,0,0,0,128
152484.0,0,0,0,0,128
154142.0,0,0,0,0,128
154369.0,0,0,0,128,0
154369.0,0,0,0,27,101
154389.0,0,0,0,28,100
156176.0,0,0,0,28,100
156176.0,0,0,0,27,101
156189.0,0,0,0,27,101
156204.0,0,0,0,28,100
156224.0,0,0,0,28,100
156462.0,0,0,0,28,100
157069.0,0,0,0,28,100
157069.0,0,0,26,2,100
157089.0,0,0,26,2,100
157089.0,0,0,27,1,100
157660.0,0,0,27,1,100
158057.0,0,0,27,65,36
158057.0,0,0,27,1,100
158078.0,0,0,27,33,68
158078.0,0,0,27,1,100
158082.0,0,0,27,33,68
158118.0,0,0,27,65,36
158118.0,0,0,27,1,100
158354.0,0,0,27,1,100
158354.0,0,0,27,0,101
158373.0,0,0,27,1,100
158904.0,0,0,27,1,100
158928.0,0,0,27,1,100
158928.0,0,0,27,0,101
158946.0,0,0,27,1,100
158998.0,0,0,27,1,100
159384.0,0,0,27,65,36
159384.0,0,0,27,1,100
159769.0,26,0,1,1,100
159789.0,27,0,0,1,100
159906.0,27,0,0,65,36
159930.0,27,0,0,65,36
159930.0,27,0,0,1,100
160757.0,27,0,0,1,100
160760.0,27,0,0,65,36
160778.0,27,0,0,65,36
160818.0,27,0,0,65,36
160843.0,27,0,0,65,36
160843.0,27,0,0,1,100
160977.0,27,0,0,1,100
161010.0,27,0,0,1,100
161073.0,27,0,0,1,100
161158.0,27,0,0,65,36
161158.0,27,0,0,25,76
161192.0,27,0,0,33,68
161225.0,27,0,0,65,36
161254.0,27,0,0,65,36
161254.0,27,0,0,33,68
161326.0,27,0,0,33,68
161326.0,27,0,0,29,72
161646.0,27,0,0,29,72
161853.0,27,0,0,29,72
161959.0,27,0,0,29,72
162084.0,27,0,0,29,72
162173.0,27,0,0,29,72
162173.0,27,0,0,21,80
162193.0,27,0,0,25,76
162201.0,27,0,0,29,72
162230.0,27,0,0,29,72
162533.0,27,0,0,61,40
162533.0,0,27,0,57,44
162537.0,0,27,0,57,44
162606.0,0,27,0,57,44
162656.0,0,27,0,61,40
162712.0,0,27,0,61,40
162833.0,0,27,0,65,36
162835.0,0,27,0,65,36
162894.0,0,27,0,65,36
162899.0,0,27,0,65,36
162956.0,0,27,0,65,36
162956.0,0,27,0,63,38
163032.0,0,27,0,65,36
163052.0,0,27,0,65,36
163159.0,0,27,0,65,36
163159.0,0,27,0,64,37
163171.0,0,27,0,65,36
163229.0,0,27,0,65,36
163460.0,0,27,0,65,36
163552.0,0,27,0,65,36
163719.0,0,27,0,65,36
163766.0,0,27,0,65,36
163858.0,0,27,0,65,36
163892.0,0,27,0,65,36
163925.0,0,27,0,65,36
163948.0,0,27,0,69,32
163948.0,0,27,0,37,64
163990.0,0,27,0,69,32
163990.0,0,27,0,65,36
163993.0,0,27,0,97,4
163993.0,0,27,0,41,60
163996.0,0,27,0,41,60
164007.0,0,27,0,57,44
164007.0,0,27,0,41,60
164008.0,0,27,0,57,44
164011.0,0,27,0,61,40
164022.0,0,27,0,65,36
164056.0,0,27,0,69,32
164056.0,0,27,0,37,64
164125.0,0,27,0,69,32
164125.0,0,27,0,37,64
164192.0,0,27,0,69,32
164192.0,0,27,0,37,64
164203.0,0,27,0,37,64
164333.0,0,0,0,64,64
164333.0,0,0,0,0,128
164382.0,0,0,0,0,128
164403.0,0,0,0,32,96
164403.0,0,0,0,0,128
164529.0,0,0,0,32,96
164529.0,0,0,0,0,128
164566.0,0,0,0,0,128
164594.0,0,0,0,32,96
164594.0,0,0,0,0,128
164675.0,0,0,0,32,96
164675.0,0,0,0,0,128
164876.0,0,0,0,0,128
164938.0,0,0,0,32,96
164938.0,0,0,0,0,128
165000.0,0,0,0,32,96
165233.0,0,0,0,32,96
165547.0,0,0,0,32,96
165547.0,0,0,0,0,128
165606.0,0,0,0,32,96
165656.0,0,0,0,32,96
165656.0,0,0,0,0,128
165918.0,0,0,0,32,96
166213.0,0,0,0,32,96
166213.0,0,0,0,0,128
166273.0,0,0,0,32,96
166329.0,0,0,0,32,96
166329.0,0,0,0,0,128
166471.0,0,0,0,32,96
166576.0,0,0,0,32,96
166576.0,0,0,0,0,128
166582.0,0,0,0,0,128
166642.0,0,0,0,32,96
166642.0,0,0,0,0,128
166690.0,0,0,0,0,128
166693.0,0,0,0,0,128
166707.0,0,0,0,0,128
167247.0,0,0,0,0,128
167333.0,0,0,0,32,96
167333.0,0,0,0,0,128
167403.0,0,0,0,32,96
167620.0,0,0,0,32,96
167620.0,0,0,0,0,128
167690.0,0,0,0,32,96
167700.0,0,0,0,32,96
167773.0,0,0,0,64,64
167777.0,0,0,0,64,64
167777.0,0,0,0,32,96
167807.0,0,0,0,32,96
167807.0,0,0,0,28,100
167861.0,0,0,0,32,96
167992.0,0,0,0,32,96
167992.0,0,0,0,0,128
168052.0,0,0,0,32,96
168306.0,0,0,0,32,96
168342.0,0,0,0,32,96
168342.0,0,0,0,28,100
168468.0,0,0,0,32,96
168618.0,0,0,0,32,96
168685.0,0,0,0,32,96
168685.0,0,0,0,28,100
168754.0,0,0,0,32,96
168880.0,0,0,0,32,96
168880.0,0,0,0,28,100
168891.0,0,0,0,28,100
168891.0,0,0,0,27,101
168920.0,0,0,0,28,100
168973.0,0,0,0,28,100
168982.0,0,0,0,32,96
168982.0,0,0,0,0,128
169072.0,0,0,0,0,128
169082.0,0,0,0,32,96
169082.0,0,0,0,28,100
169100.0,0,0,0,32,96
169118.0,0,0,0,32,96
169118.0,0,0,0,24,104
169135.0,0,0,0,24,104
169166.0,0,0,0,32,96
169166.0,0,0,0,0,128
169171.0,0,0,0,0,128
169206.0,0,0,0,0,128
169258.0,0,0,0,0,128
169661.0,0,0,0,32,96
169661.0,0,0,0,0,128
169720.0,0,0,0,32,96
169720.0,0,0,0,28,100
169726.0,0,0,0,28,100
169796.0,0,0,0,28,100
169823.0,0,0,0,28,100
169823.0,0,0,0,23,105
169836.0,0,0,0,23,105
169845.0,0,0,0,24,104
169845.0,0,0,0,22,106
169852.0,0,0,0,22,106
169852.0,0,0,0,14,114
169996.0,0,0,0,18,110
170100.0,0,0,0,18,110
170103.0,0,0,0,18,110
170162.0,0,0,0,18,110
170162.0,0,0,0,17,111
170170.0,0,0,0,17,111
170170.0,0,0,0,13,115
170183.0,0,0,0,14,114
170197.0,0,0,0,14,114
170197.0,0,0,0,13,115
170255.0,0,0,0,14,114
170281.0,0,0,0,20,108
170332.0,0,0,0,20,108
170332.0,0,0,0,19,109
170386.0,0,0,0,20,108
170390.0,0,0,0,20,108
170399.0,0,0,0,20,108
170399.0,0,0,0,19,109
170473.0,0,0,0,19,109
170642.0,0,0,0,20,108
170741.0,0,0,0,24,104
170750.0,0,0,0,24,104
170752.0,0,0,0,24,104
170811.0,0,0,0,24,104
170811.0,0,0,0,20,108
170845.0,0,0,0,20,108
170845.0,0,0,0,19,109
170857.0,0,0,0,20,108
171001.0,0,0,0,20,108
171001.0,0,0,0,19,109
171005.0,0,0,0,20,108
171077.0,0,0,0,52,76
171077.0,0,0,0,20,108
171085.0,0,0,0,52,76
171085.0,0,0,0,20,108
171101.0,0,0,0,52,76
171101.0,0,0,0,20,108
171144.0,0,0,0,20,108
171365.0,0,0,0,84,44
171365.0,0,0,0,50,78
171470.0,0,0,0,50,78
171470.0,0,0,0,18,110
171499.0,0,0,0,18,110
171567.0,0,0,0,18,110
171576.0,0,0,0,20,108
171741.0,0,0,0,52,76
171741.0,0,0,0,12,116
171782.0,0,0,0,12,116
171822.0,0,0,0,12,116
171841.0,0,0,0,12,116
171882.0,0,0,0,20,108
171951.0,0,0,0,52,76
171951.0,0,0,0,12,116
172016.0,0,0,0,20,108
172020.0,0,0,0,20,108
172020.0,0,0,0,19,109
172035.0,0,0,0,51,77
172041.0,0,0,0,51,77
172041.0,0,0,0,19,109
172103.0,0,0,0,51,77
172115.0,0,0,0,51,77
172115.0,0,0,0,19,109
172133.0,0,0,0,20,108
172149.0,0,0,0,52,76
172245.0,0,0,0,52,76
172245.0,0,0,0,20,108
172310.0,0,0,0,20,108
172310.0,0,0,0,12,116
172336.0,0,0,0,20,108
172420.0,0,0,0,20,108
172461.0,0,0,0,52,76
172463.0,0,0,0,60,68
172531.0,0,0,0,60,68
172531.0,0,0,0,59,69
172558.0,0,0,0,59,69
172558.0,0,0,0,51,77
172564.0,0,0,0,51,77
172564.0,0,0,0,19,109
172583.0,0,0,0,19,109
172583.0,0,0,0,11,117
172595.0,0,0,0,12,116
172620.0,0,0,0,12,116
172620.0,0,0,0,11,117
172642.0,0,0,0,43,85
172764.0,0,0,0,43,85
172764.0,0,0,0,42,86
172770.0,0,0,0,43,85
172936.0,0,0,0,51,77
172967.0,0,0,0,52,76
173110.0,0,0,0,52,76
173110.0,0,0,0,44,84
173121.0,0,0,0,44,84
173121.0,0,0,0,43,85
173150.0,0,0,0,44,84
173160.0,0,0,0,44,84
173160.0,0,0,0,43,85
173181.0,0,0,0,44,84
173250.0,0,0,0,44,84
173250.0,0,0,0,12,116
173300.0,0,0,0,44,84
173315.0,0,0,0,44,84
173315.0,0,0,0,43,85
173336.0,0,0,0,44,84
173354.0,0,0,0,52,76
173483.0,0,0,0,52,76
173483.0,0,0,0,51,77
173504.0,0,0,0,52,76
173513.0,0,0,0,52,76
173513.0,0,0,0,51,77
173535.0,0,0,0,52,76
173569.0,0,0,0,52,76
173569.0,0,0,0,51,77
173604.0,0,0,0,51,77
173604.0,0,0,0,43,85
173706.0,0,0,0,51,77
173725.0,0,0,0,51,77
173725.0,0,0,0,19,109
173758.0,0,0,0,51,77
173762.0,0,0,0,51,77
173762.0,0,0,0,19,109
173777.0,0,0,0,19,109
173785.0,0,0,0,19,109
173801.0,0,0,0,19,109
173806.0,0,0,0,51,77
173811.0,0,0,0,51,77
173811.0,0,0,0,19,109
173851.0,0,0,0,51,77
173857.0,0,0,0,51,77
173857.0,0,0,0,19,109
173880.0,0,0,0,51,77
173964.0,0,0,0,51,77
173964.0,0,0,0,19,109
173979.0,0,0,0,19,109
173979.0,0,0,0,18,110
174006.0,0,0,0,19,109
174036.0,0,0,0,19,109
174036.0,0,0,0,17,111
174057.0,0,0,0,19,109
174065.0,0,0,0,19,109
174072.0,0,0,0,19,109
174072.0,0,0,0,17,111
174080.0,0,0,0,49,79
174093.0,0,0,0,51,77
174142.0,0,0,0,51,77
174142.0,0,0,0,50,78
174163.0,0,0,0,51,77
174195.0,0,0,0,51,77
174195.0,0,0,0,19,109
174335.0,0,0,0,19,109
174335.0,0,0,0,11,117
174367.0,0,0,0,19,109
174387.0,0,0,0,19,109
174387.0,0,0,0,11,117
174441.0,0,0,0,11,117
174446.0,0,0,0,11,117
174446.0,0,0,0,10,118
174477.0,0,0,0,18,110
174516.0,0,0,0,18,110
174628.0,0,0,0,22,106
174651.0,0,0,0,22,106
174732.0,0,0,0,23,105
174735.0,0,0,0,23,105
174751.0,0,0,0,55,73
174751.0,0,0,0,23,105
174763.0,0,0,0,23,105
174763.0,0,0,0,21,107
174803.0,0,0,0,21,107
174849.0,0,0,0,21,107
174862.0,0,0,0,21,107
174888.0,0,0,0,23,105
174904.0,0,0,0,23,105
174932.0,0,0,0,23,105
174932.0,0,0,0,22,106
175125.0,0,0,0,54,74
175125.0,0,0,0,22,106
175161.0,0,0,0,22,106
175163.0,0,0,0,54,74
175163.0,0,0,0,22,106
175205.0,0,0,0,54,74
175239.0,0,0,0,54,74
175239.0,0,0,0,22,106
175295.0,0,0,0,22,106
175306.0,0,0,0,22,106
175306.0,0,0,0,18,110
175342.0,0,0,0,18,110
175363.0,0,0,0,18,110
175363.0,0,0,0,17,111
175470.0,0,0,0,17,111
175494.0,0,0,0,18,110
175577.0,0,0,0,18,110
175577.0,0,0,0,14,114
175636.0,0,0,0,14,114
175955.0,0,0,0,15,113
176000.0,0,0,0,15,113
176036.0,0,0,0,15,113
176040.0,0,0,0,47,81
176045.0,0,0,0,47,81
176045.0,0,0,0,15,113
176105.0,0,0,0,19,109
176150.0,0,0,0,51,77
176154.0,0,0,0,51,77
176154.0,0,0,0,19,109
176224.0,0,0,0,51,77
176229.0,0,0,0,51,77
176229.0,0,0,0,19,109
176305.0,0,0,0,51,77
176458.0,0,0,0,51,77
176506.0,0,0,0,51,77
176551.0,0,0,0,51,77
176580.0,0,0,0,51,77
176686.0,0,0,0,51,77
176686.0,0,0,0,50,78
176723.0,0,0,0,51,77
176742.0,0,0,0,51,77
176742.0,0,0,0,50,78
176764.0,0,0,0,51,77
176780.0,0,0,0,51,77
176782.0,0,0,0,51,77
176782.0,0,0,0,50,78
176793.0,0,0,0,50,78
176803.0,0,0,0,51,77
176810.0,0,0,0,52,76
176816.0,0,0,0,52,76
176816.0,0,0,0,51,77
176837.0,0,0,0,52,76
176857.0,0,0,0,52,76
176857.0,0,0,0,51,77
176881.0,0,0,0,52,76
177151.0,0,0,0,52,76
177151.0,0,0,0,51,77
177276.0,0,0,0,52,76
177305.0,0,0,0,52,76
177305.0,0,0,0,51,77
177330.0,0,0,0,52,76
177405.0,0,0,0,52,76
177405.0,0,0,0,20,108
177451.0,0,0,0,20,108
177490.0,0,0,0,52,76
177497.0,0,0,0,52,76
177497.0,0,0,0,51,77
177635.0,0,0,0,51,77
177635.0,0,0,0,43,85
177650.0,0,0,0,44,84
177739.0,0,0,0,44,84
177739.0,0,0,0,43,85
177743.0,0,0,0,44,84
177746.0,0,0,0,44,84
177746.0,0,0,0,43,85
177762.0,0,0,0,44,84
177774.0,0,0,0,52,76
177778.0,0,0,0,52,76
177778.0,0,0,0,44,84
177786.0,0,0,0,44,84
177786.0,0,0,0,43,85
177803.0,0,0,0,44,84
177819.0,0,0,0,44,84
177819.0,0,0,0,43,85
177825.0,0,0,0,43,85
177863.0,0,0,0,43,85
177879.0,0,0,0,51,77
177885.0,0,0,0,59,69
177905.0,0,0,0,59,69
177913.0,0,0,0,59,69
177913.0,0,0,0,51,77
177965.0,0,0,0,59,69
177974.0,0,0,0,59,69
177974.0,0,0,0,51,77
177994.0,0,0,0,52,76
177999.0,0,0,0,52,76
177999.0,0,0,0,44,84
178037.0,0,0,0,52,76
178045.0,0,0,0,52,76
178045.0,0,0,0,44,84
178082.0,0,0,0,44,84
178082.0,0,0,0,12,116
178087.0,0,0,0,20,108
178153.0,0,0,0,28,100
178168.0,0,0,0,28,100
178168.0,0,0,0,20,108
178176.0,0,0,0,20,108
178176.0,0,0,0,19,109
178192.0,0,0,0,20,108
178226.0,0,0,0,20,108
178226.0,0,0,0,19,109
178256.0,0,0,0,20,108
178326.0,0,0,0,20,108
178326.0,0,0,0,12,116
178479.0,0,0,0,44,84
178545.0,0,0,0,44,84
178545.0,0,0,0,12,116
178740.0,0,0,0,12,116
178850.0,0,0,0,12,116
178866.0,0,0,0,12,116
178866.0,0,0,0,11,117
178910.0,0,0,0,12,116
178924.0,0,0,0,12,116
178995.0,0,0,0,12,116
178995.0,0,0,0,11,117
179005.0,0,0,0,11,117
179016.0,0,0,0,12,116
179140.0,0,0,0,12,116
179140.0,0,0,0,11,117
179169.0,0,0,0,12,116
179259.0,0,0,0,12,116
179259.0,0,0,0,11,117
179297.0,0,0,0,12,116
179385.0,0,0,0,12,116
179385.0,0,0,0,11,117
179424.0,0,0,0,12,116
179867.0,0,0,0,12,116
179867.0,0,0,0,11,117
179893.0,0,0,0,12,116
180030.0,0,0,0,12,116
180097.0,0,0,0,12,116
180097.0,0,0,0,11,117
180136.0,0,0,0,12,116
180190.0,0,0,0,12,116
180281.0,0,0,0,12,116
180281.0,0,0,0,11,117
180309.0,0,0,0,12,116
180365.0,0,0,0,12,116
180365.0,0,0,0,11,117
180411.0,0,0,0,12,116
180443.0,0,0,0,12,116
180564.0,0,0,0,12,116
180564.0,0,0,0,11,117
180592.0,0,0,0,12,116
180665.0,0,0,0,12,116
180669.0,0,0,0,12,116
180669.0,0,0,0,11,117
180700.0,0,0,0,12,116
180737.0,0,0,0,12,116
180767.0,0,0,0,12,116
180767.0,0,0,0,11,117
180787.0,0,0,0,11,117
180788.0,0,0,0,12,116
180861.0,0,0,0,12,116
180861.0,0,0,0,11,117
180893.0,0,0,0,12,116
180946.0,0,0,0,12,116
180946.0,0,0,0,11,117
180978.0,0,0,0,12,116
181053.0,0,0,0,12,116
181053.0,0,0,0,11,117
181056.0,0,0,0,11,117
181056.0,0,0,0,9,119
181098.0,0,0,0,10,118
181179.0,0,0,0,10,118
181296.0,0,0,0,10,118
181296.0,0,0,0,9,119
181341.0,0,0,0,10,118
181536.0,0,0,0,10,118
181536.0,0,0,0,9,119
181568.0,0,0,0,10,118
181610.0,0,0,0,10,118
181648.0,0,0,0,10,118
181648.0,0,0,0,9,119
181699.0,0,0,0,10,118
181716.0,0,0,0,10,118
181772.0,0,0,0,10,118
181772.0,0,0,0,9,119
181802.0,0,0,0,10,118
181869.0,0,0,0,10,118
181997.0,0,0,0,10,118
182156.0,0,0,0,42,86
182167.0,0,0,0,74,54
182175.0,0,0,0,74,54
182175.0,0,0,0,42,86
182467.0,0,0,0,46,82
182468.0,0,0,0,46,82
182468.0,0,0,0,14,114
182527.0,0,0,0,16,112
182545.0,0,0,0,16,112
182545.0,0,0,0,12,116
182583.0,0,0,0,12,116
182583.0,0,0,0,10,118
182593.0,0,0,0,10,118
182836.0,0,0,0,10,118
182974.0,0,0,0,12,116
183009.0,0,0,0,12,116
183111.0,0,0,0,12,116
183292.0,0,0,0,12,116
183312.0,0,0,0,44,84
183324.0,0,0,0,44,84
183324.0,0,0,0,12,116
183524.0,0,0,0,44,84
183896.0,0,0,0,52,76
184856.0,0,0,0,52,76
184867.0,0,0,0,52,76
185064.0,0,0,0,52,76
185064.0,0,0,0,20,108
185136.0,0,0,0,20,108
185136.0,0,0,0,12,116
185193.0,0,0,0,12,116
185193.0,0,0,0,4,124
185311.0,0,0,0,12,116
185464.0,0,0,0,44,84
185465.0,0,0,0,52,76
185485.0,0,0,0,84,44
185786.0,0,0,0,88,40
185791.0,0,0,0,88,40
185791.0,0,0,0,56,72
185878.0,0,0,0,56,72
185878.0,0,0,0,52,76
185903.0,0,0,0,84,44
185921.0,0,0,0,84,44
185921.0,0,0,0,52,76
185975.0,0,0,0,52,76
185975.0,0,0,0,20,108
186012.0,0,0,0,20,108
186076.0,0,0,0,20,108
186076.0,0,0,0,12,116
186224.0,0,0,0,12,116
186227.0,0,0,0,52,76
186434.0,0,0,0,52,76
186434.0,0,0,0,20,108
186461.0,0,0,0,20,108
186461.0,0,0,0,12,116
186596.0,0,0,0,12,116
186652.0,0,0,0,44,84
186653.0,0,0,0,52,76
186694.0,0,0,0,52,76
186694.0,0,0,0,20,108
186834.0,0,0,0,52,76
186844.0,0,0,0,52,76
186844.0,0,0,0,20,108
187055.0,0,0,0,52,76
187116.0,0,0,0,60,68
187124.0,0,0,0,92,36
187425.0,0,0,0,96,32
187427.0,0,0,0,96,32
187427.0,0,0,0,64,64
187493.0,0,0,0,64,64
187493.0,0,0,0,60,68
187605.0,0,0,0,60,68
187605.0,0,0,0,28,100
187679.0,0,0,0,28,100
187679.0,0,0,0,20,108
188100.0,0,0,0,60,68
188164.0,0,0,0,60,68
188185.0,0,0,0,60,68
188539.0,0,0,0,96,32
188603.0,0,0,0,96,32
188698.0,0,0,0,96,32
188698.0,0,0,0,64,64
188723.0,0,0,0,64,64
188723.0,0,0,0,56,72
188927.0,0,0,0,56,72
189115.0,0,0,0,88,40
189117.0,0,0,0,96,32
189149.0,0,0,0,96,32
189149.0,0,0,0,64,64
189166.0,0,0,0,64,64
189166.0,0,0,0,56,72
189334.0,0,0,0,96,32
189342.0,0,0,0,96,32
189342.0,0,0,0,64,64
189352.0,0,0,0,64,64
189360.0,0,0,0,64,64
189360.0,0,0,0,56,72
189534.0,0,0,0,56,72
189646.0,0,0,0,88,40
189755.0,0,0,0,88,40
189793.0,0,0,0,120,8
189797.0,0,0,0,128,0
189824.0,0,0,0,128,0
189876.0,0,0,0,128,0
189876.0,0,0,0,64,64
189978.0,0,0,0,64,64
189978.0,0,0,0,32,96
190042.0,0,0,0,64,64
190111.0,0,0,0,64,64
190111.0,0,0,0,32,96
190205.0,0,0,0,32,96
190205.0,0,0,0,0,128
190252.0,0,0,0,32,96
190365.0,0,0,0,32,96
190365.0,0,0,0,0,128
190422.0,0,0,0,32,96
190456.0,0,0,0,32,96
190456.0,0,0,0,0,128
190551.0,0,0,0,32,96
190700.0,0,0,0,64,64
190800.0,0,0,0,64,64
191239.0,0,0,0,64,64
191483.0,0,0,0,64,64
191483.0,0,0,0,32,96
191619.0,0,0,0,64,64
191642.0,0,0,0,64,64
191642.0,0,0,0,32,96
191784.0,0,0,0,64,64
191815.0,0,0,0,64,64
191852.0,0,0,0,64,64
191852.0,0,0,0,32,96
191947.0,0,0,0,64,64
192346.0,0,0,0,64,64
192487.0,0,0,0,64,64
192487.0,0,0,0,32,96
192493.0,0,0,0,32,96
192548.0,0,0,0,32,96
192548.0,0,0,0,24,104
192716.0,0,0,0,64,64
192742.0,0,0,0,64,64
192823.0,0,0,0,64,64
192823.0,0,0,0,32,96
192952.0,0,0,0,32,96
192956.0,0,0,0,64,64
192981.0,0,0,0,64,64
192981.0,0,0,0,32,96
193037.0,0,0,0,64,64
193122.0,0,0,0,64,64
193251.0,0,0,0,64,64
193400.0,0,0,0,64,64
193821.0,0,0,0,64,64
193821.0,0,0,0,32,96
193883.0,0,0,0,32,96
193883.0,0,0,0,24,104
194056.0,0,0,0,64,64
194096.0,0,0,0,64,64
194096.0,0,0,0,32,96
194154.0,0,0,0,32,96
194154.0,0,0,0,24,104
194235.0,0,0,0,32,96
194236.0,0,0,0,64,64
194319.0,0,0,0,64,64
194411.0,0,0,0,64,64
194411.0,0,0,0,32,96
194417.0,0,0,0,64,64
194421.0,0,0,0,64,64
194421.0,0,0,0,32,96
194484.0,0,0,0,32,96
194488.0,0,0,0,32,96
194488.0,0,0,0,28,100
194647.0,0,0,0,28,100
194981.0,0,0,0,92,36
194994.0,0,0,0,92,36
194994.0,0,0,0,60,68
195029.0,0,0,0,60,68
195029.0,0,0,0,52,76
195119.0,0,0,0,84,44
195121.0,0,0,0,92,36
195416.0,0,0,0,92,36
195554.0,0,0,0,92,36
195554.0,0,0,0,91,37
195568.0,0,0,0,92,36
195581.0,0,0,0,92,36
195581.0,0,0,0,60,68
195605.0,0,0,0,60,68
195605.0,0,0,0,28,100
195656.0,0,0,0,28,100
195657.0,0,0,0,28,100
195657.0,0,0,0,20,108
195695.0,0,0,0,52,76
195737.0,0,0,0,52,76
195803.0,0,0,0,84,44
195805.0,0,0,0,92,36
195819.0,0,0,0,92,36
195819.0,0,0,0,60,68
196050.0,0,0,0,92,36
196125.0,0,0,0,92,36
196125.0,0,0,0,60,68
196236.0,0,0,0,92,36
196239.0,0,0,0,92,36
196239.0,0,0,0,60,68
196424.0,0,0,0,92,36
196756.0,0,0,0,92,36
196911.0,0,0,0,92,36
196911.0,0,0,0,60,68
196936.0,0,0,0,60,68
197020.0,0,0,0,92,36
197117.0,0,0,0,92,36
197681.0,0,0,0,92,36
197819.0,0,0,0,92,36
198395.0,0,0,0,92,36
198503.0,0,0,0,92,36
198750.0,0,0,0,92,36
198936.0,0,0,0,92,36
198936.0,0,0,28,64,36
199124.0,0,0,28,64,36
199124.0,0,0,60,32,36
199720.0,0,0,60,32,36
199720.0,0,0,92,0,36
201636.0,28,0,64,0,36
201824.0,60,0,32,0,36
202420.0,92,0,0,0,36
206005.0,92,0,0,0,36
206005.0,28,64,0,0,36
206404.0,28,64,0,0,36
206404.0,27,65,0,0,36
207805.0,27,1,0,64,36
207805.0,27,1,0,0,100
208204.0,27,0,0,1,100
208204.0,27,0,0,0,101
208232.0,27,0,0,1,100
210932.0,27,0,0,1,100
210932.0,27,0,1,0,100
211761.0,27,0,1,0,100
211761.0,26,1,1,0,100
211920.0,26,1,1,0,100
211920.0,22,5,1,0,100
212106.0,22,5,1,0,100
212106.0,18,9,1,0,100
212511.0,18,9,1,0,100
212511.0,14,13,1,0,100
212734.0,14,13,1,0,100
212734.0,10,17,1,0,100
213297.0,10,17,1,0,100
213297.0,6,21,1,0,100
213561.0,6,20,1,1,100
213561.0,6,20,1,0,101
213632.0,7,20,0,0,101
213642.0,7,20,0,1,100
213720.0,7,16,0,5,100
213720.0,7,16,0,1,104
213879.0,7,16,0,5,100
213906.0,7,12,0,9,100
213906.0,7,12,0,5,104
214264.0,7,12,0,9,100
214311.0,7,8,0,13,100
214311.0,7,8,0,9,104
214490.0,7,8,0,13,100
214534.0,7,4,0,17,100
214534.0,7,4,0,13,104
214612.0,7,4,0,17,100
215097.0,7,0,0,21,100
215097.0,7,0,0,17,104
215180.0,7,0,0,21,100
216342.0,7,0,0,21,100
216342.0,7,0,1,20,100
216579.0,7,0,1,20,100
216579.0,7,0,5,16,100
216964.0,7,0,5,16,100
216964.0,7,0,9,12,100
217190.0,7,0,9,12,100
217190.0,7,0,13,8,100
217312.0,7,0,13,8,100
217312.0,7,0,17,4,100
217880.0,7,0,17,4,100
217880.0,7,0,21,0,100
219042.0,8,0,20,0,100
219279.0,12,0,16,0,100
219664.0,16,0,12,0,100
219890.0,20,0,8,0,100
220012.0,24,0,4,0,100
220580.0,28,0,0,0,100
240976.0,28,0,0,0,100
241416.0,28,0,0,36,64
241416.0,28,0,0,4,96
241856.0,28,0,0,36,64
242561.0,28,0,0,100,0
244116.0,28,0,0,100,0
244116.0,28,0,4,96,0
244556.0,28,0,4,96,0
244556.0,28,0,36,64,0
245261.0,28,0,36,64,0
245261.0,28,0,100,0,0
246816.0,32,0,96,0,0
246824.0,32,0,96,0,0
246824.0,0,32,96,0,0
246882.0,0,32,96,0,0
246885.0,0,32,96,0,0
246888.0,0,32,96,0,0
246919.0,0,32,96,0,0
247205.0,0,32,96,0,0
247256.0,32,32,64,0,0
247256.0,31,33,64,0,0
247269.0,31,33,64,0,0
247961.0,95,33,0,0,0
247961.0,27,101,0,0,0
248038.0,27,101,0,0,0
248624.0,27,69,0,32,0
248624.0,27,69,0,0,32
248709.0,27,69,0,32,0
248709.0,23,73,0,0,32
249056.0,23,72,0,1,32
249056.0,23,72,0,0,33
249082.0,23,72,0,1,32
249554.0,23,72,0,1,32
249729.0,23,72,0,1,32
249729.0,22,73,0,1,32
249761.0,22,5,0,69,32
249761.0,22,5,0,1,100
249784.0,22,5,0,33,68
249784.0,22,5,0,1,100
249797.0,22,5,0,5,96
250509.0,22,1,0,9,96
250509.0,22,1,0,5,100
250652.0,22,1,0,37,68
250652.0,22,1,0,5,100
250671.0,22,1,0,37,68
251065.0,22,1,0,37,68
251065.0,22,1,0,36,69
251167.0,22,1,0,37,68
251261.0,22,1,0,37,68
251261.0,22,1,0,36,69
251388.0,22,1,0,37,68
251520.0,22,1,0,37,68
251520.0,22,1,0,36,69
251524.0,22,1,0,68,37
251529.0,22,0,0,69,37
251529.0,22,0,0,68,38
251542.0,22,0,0,69,37
251639.0,22,0,0,70,36
251782.0,22,0,0,70,36
251808.0,22,0,0,70,36
251808.0,22,0,0,69,37
251911.0,22,0,0,70,36
252021.0,22,0,0,70,36
252021.0,22,0,0,69,37
252156.0,22,0,0,70,36
252230.0,22,0,0,70,36
252230.0,22,0,0,69,37
252236.0,22,0,0,70,36
252288.0,22,0,0,70,36
252288.0,22,0,0,69,37
252484.0,22,0,0,69,37
252722.0,22,0,0,69,37
252722.0,22,0,0,5,101
252924.0,22,0,0,6,100
253054.0,22,0,0,6,100
253054.0,22,0,0,5,101
253092.0,22,0,0,6,100
253264.0,22,0,0,70,36
253307.0,22,0,0,70,36
253307.0,22,0,0,69,37
253329.0,22,0,0,70,36
253352.0,22,0,0,70,36
253371.0,22,0,0,70,36
253393.0,22,0,0,70,36
253393.0,22,0,0,69,37
253420.0,22,0,0,70,36
253437.0,22,0,0,70,36
253437.0,22,0,0,38,68
253487.0,22,0,0,38,68
253487.0,22,0,0,37,69
253497.0,22,0,0,69,37
253509.0,22,0,0,69,37
253509.0,22,0,0,37,69
253512.0,22,0,0,38,68
253671.0,22,0,0,38,68
253671.0,22,0,0,37,69
253714.0,22,0,0,69,37
253717.0,22,0,0,70,36
253775.0,22,0,0,70,36
253775.0,22,0,0,69,37
253824.0,22,0,0,70,36
253826.0,22,0,0,102,4
253848.0,22,0,0,102,4
253848.0,22,0,0,70,36
253869.0,22,0,0,70,36
253869.0,22,0,0,38,68
253934.0,22,0,0,38,68
253934.0,22,0,0,34,72
254076.0,22,0,0,38,68
254077.0,22,0,0,70,36
254131.0,22,0,0,70,36
254131.0,22,0,0,38,68
254194.0,22,0,0,38,68
254194.0,22,0,0,34,72
254242.0,22,0,0,34,72
254248.0,22,0,0,34,72
254248.0,22,0,0,33,73
254277.0,22,0,0,34,72
254308.0,22,0,0,34,72
254308.0,22,0,0,2,104
254312.0,22,0,0,2,104
254312.0,22,0,0,1,105
254325.0,22,0,0,1,105
254325.0,22,0,0,0,106
254339.0,22,0,0,0,106
254396.0,22,0,0,1,105
254420.0,22,0,0,33,73
254447.0,22,0,0,33,73
254447.0,22,0,0,32,74
254559.0,22,0,0,68,38
254586.0,22,0,0,68,38
254586.0,22,0,0,67,39
254588.0,22,0,0,68,38
254611.0,22,0,0,68,38
254614.0,22,0,0,69,37
254617.0,22,0,0,69,37
254617.0,22,0,0,68,38
254728.0,22,0,0,69,37
254827.0,22,0,0,69,37
254827.0,22,0,0,68,38
254856.0,22,0,0,68,38
254876.0,22,0,0,69,37
255014.0,22,0,0,70,36
255076.0,22,0,0,70,36
255076.0,22,0,0,69,37
255176.0,22,0,0,69,37
255176.0,22,0,0,68,38
255183.0,22,0,0,69,37
255197.0,22,0,0,70,36
255261.0,22,0,0,70,36
255261.0,22,0,0,66,40
255274.0,22,0,0,66,40
255274.0,22,0,0,65,41
255303.0,22,0,0,69,37
255320.0,22,0,0,70,36
255345.0,22,0,0,70,36
255345.0,22,0,0,38,68
255413.0,22,0,0,38,68
255413.0,22,0,0,34,72
255449.0,22,0,0,38,68
255465.0,22,0,0,38,68
255465.0,22,0,0,30,76
255503.0,22,0,0,38,68
255549.0,22,0,0,70,36
255649.0,22,0,0,70,36
255649.0,22,0,0,69,37
255669.0,22,0,0,70,36
255689.0,22,0,0,70,36
255689.0,22,0,0,38,68
255701.0,22,0,0,74,32
255764.0,22,0,0,74,32
255764.0,22,0,0,73,33
255787.0,22,0,0,74,32
255846.0,22,0,0,74,32
255846.0,22,0,0,58,48
255869.0,22,0,0,58,48
255869.0,22,0,0,26,80
255932.0,22,0,0,42,64
255937.0,22,0,0,42,64
255937.0,22,0,0,38,68
255964.0,22,0,0,38,68
256096.0,22,0,0,42,64
256097.0,22,0,0,74,32
256197.0,22,0,0,74,32
256365.0,22,0,0,74,32
256365.0,22,0,0,73,33
256388.0,22,0,0,74,32
256414.0,22,0,0,74,32
256417.0,22,0,0,74,32
256526.0,22,0,0,74,32
256776.0,22,0,0,74,32
256777.0,22,0,0,74,32
256842.0,22,0,0,74,32
256842.0,22,0,0,73,33
256946.0,22,0,0,74,32
256977.0,22,0,0,74,32
257096.0,22,0,0,74,32
257120.0,22,0,0,74,32
257180.0,22,0,0,74,32
257180.0,22,0,0,73,33
257259.0,22,0,0,73,33
257292.0,22,0,0,74,32
257308.0,22,0,0,74,32
257308.0,22,0,0,10,96
257765.0,22,0,0,10,96
257765.0,22,0,0,9,97
257879.0,22,0,0,9,97
257879.0,22,0,0,8,98
257924.0,22,0,0,9,97
257999.0,22,0,0,10,96
258203.0,22,0,0,10,96
258249.0,22,0,0,10,96
258306.0,22,0,0,10,96
258306.0,22,0,0,9,97
258401.0,22,0,0,9,97
258423.0,22,0,0,10,96
258442.0,22,0,0,10,96
258442.0,0,22,0,10,96
258581.0,0,22,0,74,32
258714.0,0,22,0,74,32
258714.0,0,22,0,42,64
258797.0,0,22,0,42,64
258814.0,0,22,0,74,32
258816.0,0,22,0,74,32
258816.0,0,22,0,42,64
258913.0,0,22,0,74,32
258928.0,0,22,0,74,32
258928.0,0,22,0,42,64
258965.0,0,22,0,42,64
258965.0,0,22,0,41,65
259048.0,0,22,0,73,33
259050.0,0,22,0,73,33
259050.0,0,22,0,41,65
259164.0,0,22,0,73,33
259166.0,0,22,0,73,33
259166.0,0,22,0,41,65
259173.0,0,22,0,42,64
259253.0,0,22,0,74,32
259255.0,0,22,0,74,32
259255.0,0,22,0,42,64
259274.0,0,22,0,74,32
259277.0,0,22,0,74,32
259277.0,0,22,0,42,64
259335.0,0,22,0,42,64
259335.0,0,22,0,41,65
259402.0,0,22,0,73,33
259407.0,0,22,0,73,33
259407.0,0,22,0,41,65
259419.0,0,22,0,42,64
259550.0,0,22,0,74,32
259704.0,0,22,0,74,32
259704.0,0,22,0,73,33
259740.0,0,22,0,74,32
259805.0,0,22,0,74,32
259805.0,0,22,0,73,33
259889.0,0,22,0,74,32
259926.0,0,22,0,74,32
259926.0,0,22,0,73,33
259956.0,0,22,0,73,33
259956.0,0,22,0,72,34
260023.0,0,22,0,73,33
260154.0,0,22,0,73,33
260154.0,0,22,0,72,34
260197.0,0,22,0,73,33
260242.0,0,0,0,95,33
260242.0,0,0,0,63,65
260259.0,0,0,0,64,64
260298.0,0,0,0,64,64
260298.0,0,0,0,63,65
260343.0,0,0,0,64,64
260408.0,0,0,0,64,64
260408.0,0,0,0,63,65
260490.0,0,0,0,64,64
260511.0,0,0,0,96,32
261281.0,0,0,0,96,32
261514.0,0,0,0,96,32
261613.0,0,0,0,96,32
261748.0,0,0,0,96,32
261864.0,0,0,0,96,32
261953.0,0,0,0,96,32
261974.0,0,0,0,96,32
262057.0,0,0,0,96,32
262057.0,0,0,0,92,36
262102.0,0,0,0,92,36
262102.0,0,0,20,72,36
262119.0,0,0,20,72,36
262119.0,0,0,21,71,36
262250.0,0,0,21,71,36
262250.0,0,0,53,39,36
262296.0,0,0,53,43,32
262440.0,0,0,53,43,32
262440.0,0,0,54,42,32
262589.0,0,0,54,42,32
262589.0,0,0,55,41,32
262723.0,0,0,55,41,32
262723.0,0,0,56,40,32
262876.0,0,0,56,72,0
262876.0,0,0,56,40,32
262897.0,0,0,56,40,32
263211.0,0,0,56,40,32
263211.0,0,0,60,36,32
263782.0,0,0,60,36,32
263782.0,0,0,60,35,33
263806.0,0,0,60,36,32
263864.0,0,0,60,36,32
263864.0,0,0,60,34,34
264121.0,0,0,60,36,32
264208.0,0,0,60,36,32
264208.0,0,0,60,34,34
264593.0,0,0,60,34,34
264593.0,0,0,60,33,35
264614.0,0,0,60,34,34
264669.0,0,0,60,34,34
264669.0,0,0,60,33,35
264802.0,20,0,40,33,35
264819.0,21,0,39,33,35
264877.0,21,0,39,34,34
264950.0,53,0,7,34,34
264996.0,53,0,7,34,34
265140.0,54,0,6,34,34
265289.0,55,0,5,34,34
265423.0,56,0,4,34,34
265576.0,56,0,4,34,34
265576.0,56,0,33,5,34
265911.0,60,0,29,5,34
266420.0,60,0,29,37,2
266423.0,60,0,29,37,2
266423.0,60,0,29,5,34
266506.0,60,0,29,5,34
266744.0,60,0,29,5,34
266744.0,60,0,29,4,35
266794.0,60,0,29,5,34
266888.0,60,0,29,7,32
266977.0,60,0,29,7,32
266977.0,28,32,29,7,32
267028.0,28,32,29,7,32
267028.0,28,32,29,6,33
267035.0,28,32,29,6,33
267035.0,28,32,29,2,37
267048.0,28,32,29,3,36
267174.0,28,32,29,3,36
267174.0,28,32,29,2,37
267188.0,28,32,29,6,33
267211.0,28,32,29,7,32
267540.0,28,32,29,7,32
267540.0,0,60,29,7,32
267561.0,0,60,29,7,32
267561.0,0,60,29,5,34
267585.0,0,60,29,7,32
267615.0,0,60,29,7,32
267693.0,0,60,29,7,32
267756.0,0,60,29,7,32
267772.0,0,60,29,7,32
267772.0,0,60,29,6,33
267793.0,0,60,29,7,32
267833.0,0,60,29,7,32
267833.0,0,60,29,6,33
267872.0,0,60,29,7,32
267995.0,0,60,29,7,32
267995.0,0,60,29,6,33
268033.0,0,60,29,7,32
268260.0,0,60,29,7,32
268276.0,29,60,0,7,32
268276.0,0,89,0,7,32
268354.0,0,89,0,7,32
268383.0,0,89,0,7,32
268443.0,0,89,0,7,32
268455.0,0,89,0,7,32
268763.0,0,89,0,7,32
268770.0,0,89,0,7,32
268777.0,0,57,0,39,32
268777.0,0,57,0,7,64
268835.0,0,57,0,7,64
268850.0,0,57,0,7,64
268979.0,0,57,0,7,64
268987.0,0,57,0,39,32
268987.0,0,57,0,7,64
269120.0,0,57,0,7,64
269122.0,0,57,0,7,64
269307.0,0,57,0,7,64
269311.0,0,57,0,7,64
269340.0,0,29,0,35,64
269340.0,0,29,0,3,96
269341.0,0,29,0,35,64
269341.0,0,29,0,10,89
269375.0,0,29,0,12,87
269387.0,0,29,0,12,87
269387.0,0,29,0,8,91
269390.0,0,29,0,40,59
269390.0,0,29,0,8,91
269396.0,0,29,0,8,91
269396.0,0,29,0,6,93
269411.0,0,29,0,7,92
269418.0,0,29,0,39,60
269418.0,0,29,0,7,92
269421.0,0,29,0,8,91
269435.0,0,29,0,9,90
269461.0,0,29,0,10,89
269490.0,0,29,0,11,88
269508.0,0,29,0,15,84
269588.0,0,29,0,15,84
269593.0,0,29,0,19,80
269631.0,0,29,0,23,76
269637.0,0,29,0,27,72
269659.0,0,29,0,31,68
269679.0,0,29,0,31,68
269684.0,0,29,0,33,66
269745.0,0,29,0,33,66
269752.0,0,29,0,33,66
269785.0,0,29,0,65,34
269785.0,0,29,0,33,66
269830.0,0,29,0,33,66
269830.0,0,29,0,32,67
269878.0,0,29,0,33,66
269888.0,0,29,0,33,66
269911.0,0,29,0,33,66
269982.0,0,29,0,65,34
269982.0,0,29,0,33,66
269984.0,0,29,0,33,66
270017.0,0,29,0,65,34
270017.0,0,29,0,27,72
270076.0,0,0,0,56,72
270076.0,0,0,0,24,104
270084.0,0,0,0,24,104
270131.0,0,0,0,56,72
270131.0,0,0,0,23,105
270143.0,0,0,0,23,105
270143.0,0,0,0,22,106
270146.0,0,0,0,22,106
270146.0,0,0,0,20,108
270172.0,0,0,0,21,107
270189.0,0,0,0,25,103
270193.0,0,0,0,26,102
270256.0,0,0,0,58,70
270285.0,0,0,0,58,70
270335.0,0,0,0,90,38
270365.0,0,0,0,92,36
270465.0,0,0,0,94,34
270493.0,0,0,0,94,34
270547.0,0,0,0,94,34
270547.0,0,0,0,93,35
270572.0,0,0,0,93,35
270572.0,0,0,0,91,37
270610.0,0,0,0,92,36
271014.0,0,0,0,94,34
271042.0,0,0,0,94,34
271042.0,0,0,0,92,36
271068.0,0,0,0,92,36
271068.0,0,0,0,60,68
271119.0,0,0,0,92,36
271126.0,0,0,0,92,36
271126.0,0,0,0,60,68
271202.0,0,0,0,60,68
271202.0,0,0,0,56,72
271342.0,0,0,0,56,72
271342.0,0,0,0,55,73
271412.0,0,0,0,57,71
271465.0,0,0,0,89,39
271466.0,0,0,0,93,35
271491.0,0,0,0,93,35
271491.0,0,0,0,61,67
271551.0,0,0,0,61,67
271551.0,0,0,0,57,71
271699.0,0,0,0,89,39
271700.0,0,0,0,93,35
271903.0,0,0,0,94,34
271950.0,0,0,0,94,34
271950.0,0,0,0,93,35
271992.0,0,0,0,94,34
272041.0,0,0,0,94,34
272075.0,0,0,0,94,34
272075.0,0,0,0,93,35
272090.0,0,0,0,93,35
272118.0,0,0,0,93,35
272444.0,0,0,0,94,34
272485.0,0,0,0,94,34
272682.0,0,0,0,94,34
272693.0,0,0,0,94,34
272693.0,0,0,0,93,35
272717.0,0,0,0,93,35
272831.0,0,0,0,93,35
272956.0,0,0,0,93,35
272997.0,0,0,0,93,35
272997.0,0,0,0,61,67
273023.0,0,0,0,93,35
273035.0,0,0,0,93,35
273049.0,0,0,0,93,35
273049.0,0,0,0,61,67
273112.0,0,0,0,61,67
273112.0,0,0,0,57,71
273159.0,0,0,0,58,70
273169.0,0,0,0,58,70
273169.0,0,0,0,56,72
273173.0,0,0,0,56,72
273173.0,0,0,0,55,73
273390.0,0,0,0,59,69
273391.0,0,0,0,91,37
273409.0,0,0,0,91,37
273409.0,0,0,0,59,69
273475.0,0,0,0,59,69
273475.0,0,0,0,58,70
273507.0,0,0,0,58,70
273507.0,0,0,0,57,71
273538.0,0,0,0,89,39
273548.0,0,0,0,89,39
273548.0,0,0,0,57,71
273567.0,0,0,0,57,71
273567.0,0,0,0,25,103
273709.0,0,0,0,57,71
273819.0,0,0,0,57,71
273828.0,0,0,0,89,39
273847.0,0,0,0,89,39
273847.0,0,0,0,57,71
274034.0,0,0,0,89,39
274053.0,0,0,0,89,39
274053.0,0,0,0,57,71
274059.0,0,0,0,89,39
274074.0,0,0,0,89,39
274074.0,0,0,0,57,71
274157.0,0,0,0,58,70
274165.0,0,0,0,58,70
274399.0,0,0,0,58,70
274674.0,0,0,0,58,70
274674.0,0,0,0,57,71
274967.0,0,0,0,89,39
275235.0,0,0,0,121,7
275243.0,0,0,0,121,7
275243.0,0,0,0,120,8
275265.0,0,0,0,121,7
275316.0,0,0,0,121,7
275316.0,0,0,0,57,71
275321.0,0,0,0,121,7
275322.0,0,0,0,121,7
275322.0,0,0,0,120,8
275333.0,0,0,0,121,7
275421.0,0,0,0,121,7
275421.0,0,0,0,89,39
275602.0,0,0,0,121,7
275723.0,0,0,0,121,7
275938.0,0,0,0,123,5
276091.0,0,0,0,123,5
276233.0,0,0,0,123,5
276233.0,0,0,0,59,69
276238.0,0,0,0,59,69
276239.0,0,0,0,123,5
276240.0,0,0,0,123,5
276240.0,0,0,0,122,6
276251.0,0,0,0,123,5
276284.0,0,0,0,123,5
276284.0,0,0,0,122,6
276298.0,0,0,0,123,5
276396.0,0,0,0,123,5
276396.0,0,0,0,91,37
276408.0,0,0,0,91,37
276408.0,0,0,0,59,69
276409.0,0,0,0,59,69
276411.0,0,0,0,91,37
276413.0,0,0,0,91,37
276413.0,0,0,0,90,38
276440.0,0,0,0,91,37
276528.0,0,0,0,91,37
276589.0,0,0,0,91,37
276589.0,0,0,0,59,69
276624.0,0,0,0,91,37
276643.0,0,0,0,123,5
276644.0,0,0,0,123,5
276644.0,0,0,0,91,37
276734.0,0,0,0,91,37
276997.0,0,0,0,92,36
277030.0,0,0,0,92,36
277030.0,0,0,0,91,37
277323.0,0,0,0,124,4
277324.0,0,0,0,125,3
277325.0,0,0,0,126,2
277667.0,0,0,0,126,2
277935.0,0,0,0,126,2
278021.0,0,0,0,126,2
278302.0,0,0,0,126,2
278309.0,0,0,0,128,0
278939.0,0,0,0,128,0
279111.0,0,0,0,128,0
279111.0,0,0,25,103,0
279140.0,0,0,25,103,0
279140.0,0,0,26,102,0
279324.0,0,0,26,102,0
279324.0,0,0,58,70,0
279343.0,0,0,58,70,0
279343.0,0,0,90,38,0
279697.0,0,0,90,38,0
279697.0,0,0,91,37,0
280023.0,0,0,91,37,0
280023.0,0,0,124,4,0
280024.0,0,0,124,4,0
280024.0,0,0,125,3,0
280025.0,0,0,125,3,0
280025.0,0,0,126,2,0
281009.0,0,0,126,2,0
281009.0,0,0,128,0,0
281811.0,25,0,103,0,0
281840.0,26,0,102,0,0
282024.0,58,0,70,0,0
282043.0,90,0,38,0,0
282397.0,91,0,37,0,0
282723.0,124,0,4,0,0
282724.0,125,0,3,0,0
282725.0,126,0,2,0,0
283709.0,128,0,0,0,0
290140.0,128,0,0,0,0
290140.0,0,128,0,0,0
290783.0,0,128,0,0,0
291940.0,0,0,0,128,0
291940.0,0,0,0,0,128
292034.0,0,0,0,128,0
292034.0,0,0,0,64,64
294734.0,0,0,0,64,64
294734.0,0,0,64,0,64
297434.0,64,0,0,0,64
298125.0,64,0,0,0,64
298125.0,63,1,0,0,64
299925.0,63,0,0,1,64
299925.0,63,0,0,0,65
299947.0,63,0,0,1,64
302647.0,63,0,0,1,64
302647.0,63,0,1,0,64
305347.0,64,0,0,0,64
323259.0,64,0,0,0,64
323259.0,63,1,0,0,64
323336.0,63,1,0,0,64
323336.0,62,2,0,0,64
323860.0,62,2,0,0,64
324508.0,62,2,0,64,0
324508.0,62,2,0,0,64
325038.0,62,2,0,0,64
325038.0,61,3,0,0,64
325059.0,61,2,0,1,64
325059.0,61,2,0,0,65
325077.0,61,2,0,1,64
325090.0,61,2,0,1,64
325136.0,61,1,0,2,64
325136.0,61,1,0,1,65
325157.0,61,1,0,2,64
325582.0,61,1,0,2,64
326160.0,61,1,0,66,0
326160.0,61,1,0,2,64
326325.0,61,1,0,66,0
326325.0,61,1,0,2,64
326804.0,61,1,0,2,64
326838.0,61,0,0,3,64
326838.0,61,0,0,2,65
326853.0,61,0,0,3,64
326853.0,0,61,0,3,64
327497.0,0,61,0,67,0
327777.0,0,61,0,67,0
328238.0,0,61,0,67,0
328238.0,0,61,0,3,64
328596.0,0,61,0,67,0
328622.0,0,61,0,67,0
328622.0,0,61,0,3,64
328653.0,0,0,0,64,64
328653.0,0,0,0,0,128
328860.0,0,0,0,0,128
329025.0,0,0,0,0,128
329942.0,0,0,0,64,64
330197.0,0,0,0,64,64
331296.0,0,0,0,64,64
332642.0,0,0,0,64,64
332642.0,0,0,64,0,64
333568.0,0,0,64,64,0
333698.0,0,0,64,64,0
333698.0,0,0,64,0,64
334702.0,0,0,64,0,64
334739.0,0,0,64,0,64
334768.0,0,0,64,0,64
334790.0,0,0,64,0,64
334843.0,0,0,64,64,0
334843.0,0,0,64,56,8
334868.0,0,0,64,57,7
334874.0,0,0,64,58,6
334909.0,0,0,64,58,6
335342.0,64,0,0,58,6
335342.0,0,64,0,58,6
335494.0,0,64,0,60,4
335499.0,0,64,0,60,4
335499.0,0,64,0,56,8
335516.0,0,64,0,60,4
335521.0,0,64,0,60,4
335521.0,0,64,0,58,6
335725.0,0,64,0,62,2
335726.0,0,64,0,64,0
335761.0,0,64,0,64,0
335761.0,0,64,0,63,1
335768.0,0,64,0,63,1
335768.0,0,64,0,62,2
335808.0,0,64,0,63,1
335829.0,0,64,0,63,1
335829.0,0,64,0,31,33
335894.0,0,64,0,31,33
335894.0,0,64,0,27,37
335913.0,0,64,0,27,37
335913.0,0,64,0,26,38
335952.0,0,64,0,27,37
335959.0,0,64,0,27,37
335959.0,0,64,0,23,41
335960.0,0,64,0,23,41
335960.0,0,64,0,22,42
335978.0,0,64,0,23,41
335984.0,0,64,0,23,41
335984.0,0,64,0,21,43
336048.0,0,64,0,53,11
336051.0,0,64,0,57,7
336055.0,0,64,0,58,6
336218.0,0,64,0,58,6
336218.0,0,64,0,26,38
336223.0,0,64,0,58,6
336232.0,0,64,0,58,6
336232.0,0,64,0,26,38
336253.0,0,64,0,26,38
336253.0,0,64,0,25,39
336268.0,0,64,0,25,39
336287.0,0,64,0,26,38
336301.0,0,64,0,26,38
336301.0,0,64,0,22,42
336961.0,0,64,0,22,42
337142.0,0,0,0,86,42
337142.0,0,0,0,22,106
337543.0,0,0,0,22,106
337738.0,0,0,0,22,106
338191.0,0,0,0,22,106
338480.0,0,0,0,86,42
338480.0,0,0,0,22,106
338748.0,0,0,0,22,106
338923.0,0,0,0,22,106
339208.0,0,0,0,86,42
339208.0,0,0,0,22,106
339593.0,0,0,0,86,42
339593.0,0,0,0,22,106
339853.0,0,0,0,24,104
339854.0,0,0,0,28,100
339883.0,0,0,0,28,100
339883.0,0,0,0,26,102
339923.0,0,0,0,28,100
339943.0,0,0,0,28,100
339943.0,0,0,0,26,102
340146.0,0,0,0,28,100
340586.0,0,0,0,28,100
340586.0,0,0,0,26,102
340672.0,0,0,0,26,102
340672.0,0,0,0,25,103
340695.0,0,0,0,26,102
340798.0,0,0,0,28,100
340963.0,0,0,0,28,100
341075.0,0,0,0,28,100
341097.0,0,0,0,28,100
341097.0,0,0,0,22,106
341180.0,0,0,0,22,106
341505.0,0,0,0,22,106
341792.0,0,0,0,22,106
341792.0,0,0,0,20,108
341828.0,0,0,0,22,106
341896.0,0,0,0,22,106
341908.0,0,0,0,22,106
341941.0,0,0,0,22,106
341941.0,0,0,0,20,108
342000.0,0,0,0,22,106
342071.0,0,0,0,86,42
342071.0,0,0,0,22,106
342293.0,0,0,0,22,106
342394.0,0,0,0,22,106
342394.0,0,0,0,20,108
342415.0,0,0,0,22,106
342431.0,0,0,0,22,106
342431.0,0,0,0,20,108
342452.0,0,0,0,22,106
342491.0,0,0,0,22,106
342491.0,0,0,0,20,108
342512.0,0,0,0,22,106
342530.0,0,0,0,22,106
342530.0,0,0,0,20,108
342558.0,0,0,0,84,44
342558.0,0,0,0,20,108
342559.0,0,0,0,22,106
342844.0,0,0,0,22,106
342886.0,0,0,0,86,42
342886.0,0,0,0,20,108
342999.0,0,0,0,22,106
343001.0,0,0,0,22,106
343001.0,0,0,0,20,108
343036.0,0,0,0,22,106
343198.0,0,0,0,22,106
343198.0,0,0,0,20,108
343250.0,0,0,0,22,106
343325.0,0,0,0,22,106
343325.0,0,0,0,20,108
343368.0,0,0,0,22,106
343459.0,0,0,0,22,106
343459.0,0,0,0,20,108
343500.0,0,0,0,22,106
343554.0,0,0,0,22,106
343554.0,0,0,0,20,108
343575.0,0,0,0,22,106
343866.0,0,0,0,24,104
343887.0,0,0,0,28,100
343919.0,0,0,0,28,100
343919.0,0,0,0,24,104
343940.0,0,0,0,24,104
343940.0,0,0,0,22,106
344020.0,0,0,0,24,104
344021.0,0,0,0,28,100
344445.0,0,0,0,28,100
344445.0,0,0,0,27,101
344460.0,0,0,0,28,100
344771.0,0,0,0,28,100
345258.0,0,0,0,28,100
345294.0,0,0,0,28,100
345414.0,0,0,0,28,100
345431.0,0,0,0,92,36
345431.0,0,0,0,12,116
345515.0,0,0,0,12,116
345515.0,0,0,0,11,117
345519.0,0,0,0,12,116
345569.0,0,0,0,12,116
345575.0,0,0,0,28,100
345575.0,0,0,0,12,116
345586.0,0,0,0,12,116
346704.0,0,0,0,12,116
346704.0,0,0,0,11,117
346718.0,0,0,0,12,116
346766.0,0,0,0,12,116
346839.0,0,0,0,76,52
346839.0,0,0,0,12,116
347784.0,0,0,0,76,52
347903.0,0,0,0,76,52
347903.0,0,0,0,12,116
348131.0,0,0,0,12,116
348179.0,0,0,0,12,116
348179.0,0,0,0,11,117
348228.0,0,0,0,12,116
348275.0,0,0,0,12,116
349539.0,0,0,0,12,116
350484.0,0,0,0,12,116
350484.0,0,0,11,1,116
350928.0,0,0,11,1,116
350928.0,0,0,12,0,116
351815.0,0,0,12,0,116
352011.0,0,0,12,0,116
352165.0,0,0,12,0,116
352268.0,0,0,12,0,116
352739.0,0,0,12,0,116
352776.0,0,0,12,0,116
352857.0,0,0,12,0,116
352941.0,0,0,12,0,116
353042.0,0,0,12,0,116
353184.0,11,0,1,0,116
353184.0,3,8,1,0,116
353282.0,3,8,1,0,116
353305.0,3,8,1,0,116
353385.0,3,8,1,0,116
353614.0,3,8,1,0,116
353627.0,3,8,1,0,116
353628.0,4,8,0,0,116
353664.0,4,8,0,0,116
353741.0,4,8,0,0,116
353975.0,4,8,0,0,116
354075.0,4,8,0,0,116
354750.0,4,8,0,0,116
354882.0,4,8,0,32,84
354882.0,0,12,0,0,116
354885.0,0,12,0,1,115
354889.0,0,12,0,1,115
354901.0,0,12,0,3,113
354903.0,0,12,0,4,112
354903.0,0,12,0,0,116
354905.0,0,12,0,1,115
354938.0,0,12,0,5,111
354938.0,0,12,0,1,115
354939.0,0,12,0,1,115
354952.0,0,12,0,5,111
354952.0,0,12,0,1,115
354964.0,0,12,0,3,113
354964.0,0,12,0,1,115
354971.0,0,12,0,3,113
354976.0,0,12,0,7,109
354984.0,0,4,0,15,109
354984.0,0,4,0,7,117
354989.0,0,4,0,15,109
355001.0,0,4,0,19,105
355036.0,0,4,0,23,101
355041.0,0,4,0,24,100
355087.0,0,4,0,26,98
355087.0,0,4,0,24,100
355099.0,0,4,0,28,96
355101.0,0,4,0,30,94
355106.0,0,4,0,38,86
355106.0,0,4,0,6,118
355119.0,0,4,0,6,118
355132.0,0,4,0,6,118
355132.0,0,4,0,2,122
355152.0,0,4,0,34,90
355152.0,0,4,0,2,122
355182.0,0,4,0,6,118
355191.0,0,4,0,6,118
355192.0,0,4,0,10,114
355202.0,0,4,0,12,112
355276.0,0,4,0,12,112
355276.0,0,4,0,10,114
355340.0,0,4,0,42,82
355340.0,0,4,0,10,114
355396.0,0,4,0,12,112
355405.0,0,4,0,12,112
355444.0,0,4,0,12,112
355444.0,0,4,0,10,114
355478.0,0,4,0,42,82
355478.0,0,4,0,10,114
355602.0,0,4,0,42,82
355602.0,0,4,0,10,114
355625.0,0,4,0,10,114
355625.0,0,4,0,8,116
355630.0,0,4,0,10,114
355644.0,0,4,0,74,50
355655.0,0,4,0,74,50
355655.0,0,4,0,73,51
355670.0,0,4,0,73,51
355670.0,0,4,0,41,83
355720.0,0,4,0,42,82
355723.0,0,4,0,42,82
355723.0,0,4,0,34,90
355796.0,0,4,0,34,90
355796.0,0,4,0,2,122
355857.0,0,4,0,2,122
355864.0,0,4,0,4,120
355864.0,0,4,0,0,124
355916.0,0,4,0,32,92
355985.0,0,4,0,64,60
355993.0,0,4,0,68,56
356031.0,0,4,0,68,56
356031.0,0,4,0,64,60
356068.0,0,4,0,68,56
356074.0,0,4,0,68,56
356074.0,0,4,0,36,88
356138.0,0,4,0,36,88
356138.0,0,4,0,32,92
356682.0,0,0,0,36,92
356682.0,0,0,0,32,96
356698.0,0,0,0,32,96
356698.0,0,0,0,0,128
356718.0,0,0,0,32,96
356725.0,0,0,0,36,92
356900.0,0,0,0,36,92
356900.0,0,0,0,32,96
356956.0,0,0,0,36,92
357155.0,0,0,0,36,92
357155.0,0,0,0,4,124
357192.0,0,0,0,20,108
357280.0,0,0,0,52,76
357585.0,0,0,0,52,76
357605.0,0,0,0,52,76
357638.0,0,0,0,52,76
357652.0,0,0,0,52,76
357664.0,0,0,0,52,76
357806.0,0,0,0,52,76
357852.0,0,0,0,52,76
357882.0,0,0,0,52,76
358040.0,0,0,0,52,76
358178.0,0,0,0,52,76
358302.0,0,0,0,52,76
358344.0,0,0,0,52,76
358616.0,0,0,0,52,76
358685.0,0,0,0,52,76
359418.0,0,0,0,52,76
359656.0,0,0,0,52,76
359656.0,0,0,4,48,76
359892.0,0,0,4,48,76
359892.0,0,0,20,32,76
359980.0,0,0,20,32,76
359980.0,0,0,52,0,76
360617.0,0,0,52,0,76
361011.0,0,0,52,0,76
361126.0,0,0,52,0,76
361215.0,0,0,52,32,44
361215.0,0,0,52,0,76
361220.0,0,0,52,8,68
361220.0,0,0,52,0,76
361248.0,0,0,52,4,72
361280.0,0,0,52,36,40
361310.0,0,0,52,36,40
361310.0,0,0,52,32,44
361340.0,0,0,52,36,40
361368.0,0,0,52,36,40
361368.0,0,0,52,32,44
361391.0,0,0,52,36,40
361395.0,0,0,52,40,36
361422.0,0,0,52,40,36
361422.0,0,0,52,36,40
361449.0,0,0,52,40,36
361480.0,0,0,52,40,36
361480.0,0,0,52,39,37
361529.0,0,0,52,40,36
361548.0,0,0,52,40,36
361548.0,0,0,52,39,37
361564.0,0,0,52,40,36
361595.0,0,0,52,40,36
361595.0,0,0,52,39,37
361648.0,0,0,52,39,37
361648.0,0,0,52,38,38
361678.0,0,0,52,39,37
361708.0,0,0,52,39,37
361708.0,0,0,52,38,38
361712.0,0,0,52,39,37
361738.0,0,0,52,40,36
361775.0,0,0,52,40,36
361775.0,0,0,52,39,37
361778.0,0,0,52,40,36
361837.0,0,0,52,40,36
361837.0,0,0,52,39,37
361889.0,0,0,52,39,37
361889.0,0,0,52,38,38
361917.0,0,0,52,39,37
361944.0,0,0,52,39,37
361944.0,0,0,52,38,38
361961.0,0,0,52,38,38
361961.0,0,0,52,37,39
361963.0,0,0,52,38,38
362033.0,0,0,52,39,37
362036.0,0,0,52,40,36
362057.0,0,0,52,40,36
362057.0,0,0,52,8,68
362163.0,0,0,52,8,68
362163.0,0,0,52,7,69
362276.0,0,0,52,39,37
362348.0,0,0,52,40,36
362356.0,4,0,48,40,36
362449.0,4,0,48,40,36
362449.0,4,0,48,39,37
362465.0,4,0,48,40,36
362507.0,4,0,48,40,36
362507.0,4,0,48,39,37
362524.0,4,0,48,40,36
362592.0,20,0,32,40,36
362616.0,20,0,32,40,36
362616.0,20,0,32,36,40
362670.0,20,0,32,36,40
362670.0,20,0,32,35,41
362680.0,52,0,0,35,41
362715.0,52,0,0,36,40
362717.0,52,0,0,40,36
363170.0,52,0,0,40,36
363170.0,52,0,0,8,68
363204.0,52,0,0,8,68
363204.0,52,0,0,0,76
363213.0,52,0,0,0,76
363213.0,51,1,0,0,76
363267.0,51,1,0,0,76
363267.0,50,2,0,0,76
363296.0,50,2,0,0,76
363296.0,49,3,0,0,76
363733.0,49,3,0,0,76
363733.0,48,4,0,0,76
363823.0,48,4,0,0,76
363823.0,44,8,0,0,76
363865.0,44,8,0,0,76
363865.0,40,12,0,0,76
363895.0,40,12,0,0,76
363895.0,39,13,0,0,76
363948.0,39,13,0,0,76
363980.0,39,13,0,0,76
364378.0,39,13,0,0,76
364412.0,39,13,0,0,76
364438.0,39,13,0,0,76
364478.0,39,13,0,0,76
364736.0,39,13,0,0,76
364976.0,39,13,0,0,76
365013.0,39,12,0,1,76
365013.0,39,12,0,0,77
365034.0,39,12,0,1,76
365048.0,39,12,0,1,76
365067.0,39,11,0,2,76
365067.0,39,11,0,1,77
365088.0,39,11,0,2,76
365096.0,39,10,0,3,76
365096.0,39,10,0,2,77
365340.0,39,10,0,3,76
365533.0,39,9,0,4,76
365533.0,39,9,0,3,77
365623.0,39,5,0,7,77
365623.0,39,5,0,3,81
365640.0,39,5,0,7,77
365665.0,39,1,0,11,77
365665.0,39,1,0,7,81
365672.0,39,1,0,8,80
365695.0,39,0,0,9,80
365695.0,39,0,0,8,81
365716.0,39,0,0,9,80
365729.0,39,0,0,13,76
367734.0,39,0,0,13,76
367734.0,39,0,1,12,76
367788.0,39,0,1,12,76
367788.0,39,0,2,11,76
367836.0,39,0,2,11,76
367836.0,39,0,2,10,77
367861.0,39,0,2,11,76
367910.0,39,0,2,11,76
367910.0,7,32,2,11,76
368002.0,7,32,2,43,44
368040.0,7,32,2,43,44
368047.0,7,32,2,43,44
368241.0,7,32,2,75,12
368241.0,7,32,2,11,76
368242.0,7,32,2,19,68
368248.0,7,32,2,19,68
368302.0,7,32,2,23,64
368304.0,7,32,2,23,64
368340.0,7,32,2,23,64
368372.0,7,32,2,23,64
368372.0,3,36,2,23,64
368377.0,3,36,2,23,64
368377.0,2,37,2,23,64
369478.0,2,37,2,23,64
369479.0,2,37,2,23,64
369479.0,1,38,2,23,64
369665.0,1,38,2,87,0
369665.0,1,38,2,23,64
369704.0,1,38,2,55,32
369704.0,1,38,2,23,64
369710.0,1,6,2,55,64
369710.0,1,6,2,23,96
369761.0,1,6,2,55,64
370172.0,1,2,2,59,64
370172.0,1,2,2,55,68
370177.0,1,1,2,56,68
370177.0,1,1,2,55,69
370194.0,1,1,2,56,68
370434.0,2,1,1,56,68
370488.0,3,1,0,56,68
370718.0,3,1,0,56,68
370718.0,3,1,0,24,100
370719.0,3,1,0,56,68
370731.0,3,1,0,56,68
370731.0,3,1,0,24,100
370856.0,3,1,0,56,68
370858.0,3,1,0,56,68
370858.0,3,1,0,24,100
370941.0,3,1,0,24,100
370953.0,3,1,0,56,68
370955.0,3,1,0,56,68
370955.0,3,1,0,24,100
371027.0,3,1,0,56,68
371043.0,3,1,0,88,36
371279.0,3,0,0,89,36
371279.0,3,0,0,88,37
371303.0,3,0,0,89,36
372365.0,3,0,0,89,36
372404.0,3,0,0,89,36
372461.0,3,0,0,89,36
373419.0,3,0,0,89,36
373556.0,3,0,0,89,36
373653.0,3,0,0,89,36
373653.0,3,0,24,65,36
373727.0,3,0,24,65,36
373727.0,3,0,56,33,36
373743.0,3,0,56,33,36
373743.0,3,0,88,1,36
374003.0,3,0,88,1,36
374003.0,3,0,89,0,36
375259.0,3,0,89,0,36
375562.0,3,0,89,0,36
375618.0,3,0,89,0,36
375645.0,3,0,89,0,36
376353.0,27,0,65,0,36
376427.0,59,0,33,0,36
376427.0,27,32,33,0,36
376443.0,59,32,1,0,36
376443.0,23,68,1,0,36
376621.0,23,68,1,32,4
376703.0,24,68,0,32,4
377360.0,24,68,0,36,0
378227.0,24,36,0,68,0
378227.0,24,36,0,36,32
378243.0,24,0,0,72,32
378243.0,24,0,0,36,68
378264.0,24,0,0,40,64
378264.0,0,24,0,40,64
379321.0,0,24,0,40,64
380064.0,0,0,0,64,64
380064.0,0,0,0,0,128
380647.0,0,0,0,0,128
380743.0,0,0,0,0,128
381110.0,0,0,0,0,128
381471.0,0,0,0,0,128
381830.0,0,0,0,0,128
382198.0,0,0,0,0,128
382559.0,0,0,0,0,128
382920.0,0,0,0,0,128
383288.0,0,0,0,0,128
383323.0,0,0,0,32,96
383323.0,0,0,0,0,128
383383.0,0,0,0,32,96
383383.0,0,0,0,0,128
383449.0,0,0,0,32,96
383449.0,0,0,0,0,128
383509.0,0,0,0,32,96
383509.0,0,0,0,0,128
383567.0,0,0,0,32,96
383567.0,0,0,0,0,128
383633.0,0,0,0,32,96
383633.0,0,0,0,0,128
383653.0,0,0,0,0,128
383691.0,0,0,0,32,96
383691.0,0,0,0,0,128
383751.0,0,0,0,32,96
383751.0,0,0,0,0,128
383817.0,0,0,0,32,96
383817.0,0,0,0,0,128
383880.0,0,0,0,32,96
383880.0,0,0,0,0,128
383941.0,0,0,0,32,96
384016.0,0,0,0,32,96
384016.0,0,0,0,0,128
384077.0,0,0,0,32,96
384378.0,0,0,0,32,96
384378.0,0,0,0,0,128
384440.0,0,0,0,32,96
384675.0,0,0,0,32,96
384675.0,0,0,0,31,97
384679.0,0,0,0,32,96
384688.0,0,0,0,32,96
384688.0,0,0,0,0,128
384902.0,0,0,0,32,96
385046.0,0,0,0,32,96
385046.0,0,0,0,0,128
385111.0,0,0,0,32,96
385412.0,0,0,0,32,96
385412.0,0,0,0,0,128
385477.0,0,0,0,0,128
386193.0,0,0,0,32,96
386193.0,0,0,0,28,100
386214.0,0,0,0,28,100
386641.0,0,0,0,28,100
386777.0,0,0,0,28,100
386906.0,0,0,0,32,96
387140.0,0,0,0,32,96
387602.0,0,0,0,32,96
387811.0,0,0,0,32,96
388893.0,0,0,0,32,96
388893.0,0,0,28,4,96
389151.0,0,0,28,36,64
389606.0,0,0,28,36,64
389606.0,0,0,32,32,64
389668.0,0,0,32,96,0
391593.0,28,0,4,96,0
391851.0,28,0,4,96,0
391851.0,28,0,36,64,0
392306.0,32,0,32,64,0
392368.0,32,0,32,64,0
392368.0,32,0,96,0,0
394551.0,64,0,64,0,0
395068.0,128,0,0,0,0
395068.0,0,128,0,0,0
396868.0,0,0,0,128,0
396868.0,0,0,0,0,128
397148.0,0,0,0,0,128
407797.0,0,0,0,128,0
407797.0,0,0,0,0,128
408098.0,0,0,0,0,128
411862.0,0,0,0,0,128
411921.0,0,0,0,0,128
418740.0,0,0,0,128,0
418740.0,0,0,0,0,128
420664.0,0,0,0,0,128
420702.0,0,0,0,0,128
420993.0,0,0,0,0,128
422227.0,0,0,0,128,0
422227.0,0,0,0,27,101
422249.0,0,0,0,28,100
422354.0,0,0,0,28,100
422390.0,0,0,0,92,36
422390.0,0,0,0,27,101
422405.0,0,0,0,28,100
422722.0,0,0,0,28,100
422722.0,0,0,0,26,102
424927.0,0,0,0,26,102
425090.0,0,0,0,26,102
425090.0,0,0,25,1,102
425105.0,0,0,25,1,102
425105.0,0,0,26,0,102
425305.0,0,0,26,2,100
427790.0,25,0,1,2,100
427805.0,26,0,0,2,100
428005.0,26,0,0,2,100
428005.0,26,0,2,0,100
430064.0,26,0,2,0,100
430064.0,18,8,2,0,100
430123.0,18,8,2,0,100
430123.0,10,16,2,0,100
430409.0,10,16,2,0,100
430409.0,2,24,2,0,100
430543.0,2,24,2,0,100
430543.0,1,25,2,0,100
430705.0,3,25,0,0,100
431201.0,3,25,0,0,100
431264.0,3,25,0,0,100
431864.0,3,17,0,8,100
431864.0,3,17,0,0,108
431915.0,3,17,0,8,100
431923.0,3,9,0,16,100
431923.0,3,9,0,8,108
431971.0,3,9,0,16,100
432209.0,3,1,0,24,100
432209.0,3,1,0,16,108
432297.0,3,1,0,24,100
432343.0,3,0,0,25,100
432343.0,3,0,0,24,101
432523.0,3,0,0,25,100
432891.0,3,0,0,25,100
432891.0,0,3,0,24,101
432907.0,0,3,0,25,100
434283.0,0,3,0,89,36
434283.0,0,3,0,57,68
434615.0,0,3,0,57,68
434691.0,0,0,0,60,68
434691.0,0,0,0,56,72
436983.0,0,0,0,56,72
436983.0,0,0,56,0,72
439436.0,0,0,56,0,72
439499.0,0,0,56,0,72
439683.0,56,0,0,0,72
439683.0,20,36,0,0,72
441332.0,20,36,0,4,68
441391.0,20,36,0,36,36
441483.0,20,0,0,72,36
441483.0,20,0,0,36,72
442207.0,20,0,0,68,40
442553.0,20,0,0,72,36
444032.0,20,0,0,72,36
444032.0,20,0,4,68,36
444091.0,20,0,4,68,36
444091.0,20,0,36,36,36
444872.0,20,0,36,36,36
444872.0,20,0,36,35,37
444883.0,20,0,36,36,36
444907.0,20,0,36,36,36
444907.0,20,0,67,5,36
444995.0,20,0,67,5,36
445253.0,20,0,67,5,36
445253.0,20,0,71,1,36
446732.0,24,0,67,1,36
446791.0,56,0,35,1,36
447583.0,56,0,35,1,36
447583.0,56,0,36,0,36
447607.0,87,0,5,0,36
447607.0,23,64,5,0,36
447953.0,27,64,1,0,36
449407.0,27,0,1,64,36
449407.0,27,0,1,0,100
450076.0,27,0,1,0,100
450076.0,26,1,1,0,100
450283.0,27,1,0,0,100
451876.0,27,0,0,1,100
451876.0,27,0,0,0,101
451894.0,27,0,0,1,100
454594.0,27,0,0,1,100
454594.0,27,0,1,0,100
454753.0,27,0,1,0,100
454753.0,26,1,1,0,100
456553.0,26,0,1,1,100
456553.0,26,0,1,0,101
456577.0,26,0,1,1,100
456884.0,26,0,1,1,100
456884.0,26,0,1,0,101
456898.0,26,0,1,1,100
457294.0,27,0,0,1,100
457470.0,27,0,0,1,100
457470.0,27,0,0,0,101
457480.0,27,0,0,1,100
459277.0,27,0,0,1,100
459598.0,27,0,0,1,100
460180.0,27,0,0,1,100
460180.0,27,0,1,0,100
460207.0,27,0,1,0,100
461294.0,27,0,1,64,36
461294.0,27,0,1,32,68
461392.0,27,0,1,64,36
461660.0,27,0,1,64,36
461660.0,27,0,1,0,100
462880.0,28,0,0,0,100
463994.0,28,0,0,0,100
466054.0,28,0,0,0,100
466054.0,27,1,0,0,100
467048.0,27,1,0,0,100
467048.0,26,2,0,0,100
467107.0,26,2,0,0,100
467107.0,25,3,0,0,100
467854.0,25,2,0,1,100
467854.0,25,2,0,0,101
467868.0,25,2,0,1,100
468848.0,25,1,0,2,100
468848.0,25,1,0,1,101
468877.0,25,1,0,2,100
468907.0,25,0,0,3,100
468907.0,25,0,0,2,101
468922.0,25,0,0,3,100
470568.0,25,0,0,3,100
470568.0,25,0,1,2,100
471237.0,25,0,1,66,36
471252.0,25,0,1,66,36
471577.0,25,0,1,66,36
471577.0,25,0,2,65,36
471622.0,25,0,2,65,36
471622.0,25,0,3,64,36
473230.0,25,0,3,68,32
473268.0,26,0,2,68,32
473290.0,26,0,2,100,0
473937.0,26,0,2,100,0
473937.0,26,0,66,36,0
474277.0,27,0,65,36,0
474322.0,28,0,64,36,0
475930.0,28,0,64,36,0
475930.0,28,0,68,32,0
475990.0,28,0,68,32,0
475990.0,28,0,100,0,0
476637.0,92,0,36,0,0
478630.0,96,0,32,0,0
478690.0,128,0,0,0,0
478690.0,0,128,0,0,0
480490.0,0,0,0,128,0
480490.0,0,0,0,0,128
480974.0,0,0,0,0,128
484708.0,0,0,0,0,128
490209.0,0,0,0,128,0
490209.0,0,0,0,0,128
493936.0,0,0,0,128,0
493936.0,0,0,0,0,128
497396.0,0,0,0,128,0
497654.0,0,0,0,128,0
497654.0,0,0,0,0,128
500096.0,0,0,0,0,128
507365.0,0,0,0,128,0
508039.0,0,0,0,128,0
508039.0,0,0,0,64,64
508116.0,0,0,0,64,64
508116.0,0,0,0,63,65
508134.0,0,0,0,64,64
508753.0,0,0,0,64,64
508753.0,0,0,0,63,65
508768.0,0,0,0,64,64
510065.0,0,0,0,64,64
510065.0,0,0,62,2,64
510446.0,0,0,62,2,64
510446.0,0,0,62,1,65
510461.0,0,0,62,2,64
510834.0,0,0,62,2,64
511468.0,0,0,62,2,64
511468.0,0,0,63,1,64
512765.0,62,0,1,1,64
513161.0,62,0,1,1,64
513161.0,62,0,2,0,64
514168.0,63,0,1,0,64
515861.0,64,0,0,0,64
520321.0,64,0,0,64,0
521308.0,64,0,0,64,0
521308.0,64,0,0,0,64
523021.0,64,0,0,0,64
529473.0,64,0,0,0,64
529473.0,0,64,0,0,64
531273.0,0,0,0,64,64
531273.0,0,0,0,0,128
533031.0,0,0,0,64,64
533033.0,0,0,0,64,64
533033.0,0,0,0,63,65
533048.0,0,0,0,64,64
535147.0,0,0,0,64,64
535147.0,0,0,0,32,96
535413.0,0,0,0,64,64
535731.0,0,0,0,64,64
535731.0,0,0,31,33,64
535748.0,0,0,31,33,64
535748.0,0,0,32,32,64
538113.0,0,0,32,32,64
538113.0,0,0,64,0,64
538431.0,31,0,33,0,64
538448.0,32,0,32,0,64
538618.0,32,0,32,0,64
538618.0,0,32,32,0,64
539976.0,0,32,32,0,64
540041.0,0,32,32,0,64
540418.0,0,0,32,32,64
540418.0,0,0,32,0,96
540813.0,32,0,0,0,96
540813.0,0,32,0,0,96
541154.0,0,32,0,0,96
541405.0,0,32,0,0,96
541745.0,0,32,0,32,64
541745.0,0,32,0,26,70
541757.0,0,32,0,27,69
541771.0,0,32,0,28,68
542613.0,0,0,0,60,68
542613.0,0,0,0,28,100
542898.0,0,0,0,28,100
543043.0,0,0,0,28,100
543887.0,0,0,0,28,100
544433.0,0,0,0,92,36
544433.0,0,0,0,28,100
544445.0,0,0,0,28,100
544569.0,0,0,0,92,36
544569.0,0,0,0,28,100
544791.0,0,0,0,92,36
544791.0,0,0,0,60,68
544952.0,0,0,0,92,36
545494.0,0,0,0,92,36
545494.0,0,0,0,60,68
545645.0,0,0,0,92,36
546427.0,0,0,0,92,36
546427.0,0,0,0,60,68
546580.0,0,0,0,92,36
546799.0,0,0,0,92,36
546799.0,0,0,0,60,68
546953.0,0,0,0,92,36
547133.0,0,0,0,92,36
547231.0,0,0,0,92,36
547231.0,0,0,0,60,68
547269.0,0,0,0,60,68
547392.0,0,0,0,92,36
547491.0,0,0,0,92,36
547652.0,0,0,0,92,36
547795.0,0,0,0,92,36
547795.0,0,0,0,60,68
547949.0,0,0,0,92,36
548039.0,0,0,0,92,36
548039.0,0,0,0,28,100
548071.0,0,0,0,92,36
548078.0,0,0,0,92,36
548345.0,0,0,0,92,36
549280.0,0,0,0,92,36
549653.0,0,0,0,92,36
549768.0,0,0,0,96,32
550649.0,0,0,0,96,32
550649.0,0,0,28,68,32
550698.0,0,0,28,100,0
550771.0,0,0,28,100,0
550771.0,0,0,92,36,0
552468.0,0,0,92,36,0
552468.0,0,0,96,32,0
553349.0,28,0,68,32,0
553398.0,28,0,68,32,0
553398.0,28,0,100,0,0
553471.0,92,0,36,0,0
555168.0,96,0,32,0,0
556098.0,128,0,0,0,0
556098.0,0,128,0,0,0
557802.0,0,128,0,0,0
557898.0,0,0,0,128,0
557898.0,0,0,0,0,128
567369.0,0,0,0,0,128
567618.0,0,0,0,128,0
567618.0,0,0,0,0,128
577181.0,0,0,0,128,0
577181.0,0,0,0,0,128
584465.0,0,0,0,0,128
586745.0,0,0,0,128,0
586745.0,0,0,0,120,8
586811.0,0,0,0,128,0
588265.0,0,0,0,128,0
588265.0,0,0,0,0,128
588362.0,0,0,0,128,0
588395.0,0,0,0,128,0
588395.0,0,0,0,127,1
588411.0,0,0,0,128,0
589445.0,0,0,0,128,0
591062.0,0,0,0,128,0
591062.0,0,0,127,1,0
591111.0,0,0,127,1,0
591111.0,0,0,128,0,0
592002.0,0,0,128,0,0
592037.0,0,0,128,0,0
592506.0,0,0,128,0,0
592789.0,0,0,128,0,0
592844.0,0,0,128,0,0
593087.0,0,0,128,0,0
593259.0,0,0,128,0,0
593436.0,0,0,128,0,0
593762.0,127,0,1,0,0
593762.0,15,112,1,0,0
593811.0,16,112,0,0,0
593881.0,16,112,0,0,0
593881.0,0,128,0,0,0
594299.0,0,128,0,0,0
594428.0,0,128,0,0,0
595028.0,0,128,0,0,0
595118.0,0,128,0,0,0
595160.0,0,128,0,0,0
595562.0,0,16,0,112,0
595562.0,0,16,0,0,112
595582.0,0,16,0,8,104
595582.0,0,16,0,2,110
595595.0,0,16,0,34,78
595597.0,0,16,0,35,77
595600.0,0,16,0,36,76
595604.0,0,16,0,52,60
595605.0,0,16,0,54,58
595609.0,0,16,0,70,42
595609.0,0,16,0,6,106
595610.0,0,16,0,22,90
595611.0,0,16,0,30,82
595648.0,0,16,0,30,82
595648.0,0,16,0,26,86
595668.0,0,16,0,42,70
595681.0,0,0,0,58,70
595681.0,0,0,0,42,86
595698.0,0,0,0,46,82
595708.0,0,0,0,48,80
595735.0,0,0,0,64,64
595779.0,0,0,0,64,64
595779.0,0,0,0,60,68
596040.0,0,0,0,64,64
596045.0,0,0,0,64,64
596045.0,0,0,0,32,96
596047.0,0,0,0,64,64
596127.0,0,0,0,64,64
596127.0,0,0,0,32,96
596195.0,0,0,0,32,96
596195.0,0,0,0,28,100
596215.0,0,0,0,28,100
596215.0,0,0,0,12,116
596361.0,0,0,0,28,100
596483.0,0,0,0,28,100
596621.0,0,0,0,28,100
596677.0,0,0,0,28,100
596677.0,0,0,0,20,108
596678.0,0,0,0,24,104
596705.0,0,0,0,28,100
596997.0,0,0,0,28,100
597029.0,0,0,0,28,100
597029.0,0,0,0,11,117
597081.0,0,0,0,12,116
597206.0,0,0,0,28,100
597236.0,0,0,0,28,100
597302.0,0,0,0,28,100
597302.0,0,0,0,8,120
597363.0,0,0,0,12,116
597482.0,0,0,0,12,116
597555.0,0,0,0,28,100
597636.0,0,0,0,92,36
597636.0,0,0,0,24,104
597699.0,0,0,0,28,100
597936.0,0,0,0,28,100
597936.0,0,0,0,12,116
598032.0,0,0,0,28,100
598132.0,0,0,0,28,100
598132.0,0,0,0,12,116
598226.0,0,0,0,28,100
598282.0,0,0,0,28,100
598284.0,0,0,0,28,100
598284.0,0,0,0,27,101
598309.0,0,0,0,27,101
598310.0,0,0,0,27,101
598336.0,0,0,0,28,100
598368.0,0,0,0,28,100
598387.0,0,0,0,28,100
598387.0,0,0,0,27,101
598389.0,0,0,0,28,100
598419.0,0,0,0,28,100
598419.0,0,0,0,27,101
598449.0,0,0,0,28,100
598747.0,0,0,0,28,100
598828.0,0,0,0,28,100
598828.0,0,0,0,24,104
598883.0,0,0,0,28,100
599061.0,0,0,0,28,100
599377.0,0,0,0,28,100
599377.0,0,0,0,27,101
599408.0,0,0,0,28,100
599550.0,0,0,0,28,100
599550.0,0,0,0,27,101
599554.0,0,0,0,27,101
599554.0,0,0,0,23,105
599567.0,0,0,0,23,105
599567.0,0,0,0,22,106
599589.0,0,0,0,22,106
599589.0,0,0,0,20,108
599603.0,0,0,0,21,107
599644.0,0,0,0,22,106
599658.0,0,0,0,26,102
599754.0,0,0,0,26,102
599754.0,0,0,0,22,106
599824.0,0,0,0,26,102
599864.0,0,0,0,28,100
599906.0,0,0,0,28,100
600042.0,0,0,0,28,100
600042.0,0,0,0,26,102
600156.0,0,0,0,26,102
600156.0,0,0,0,22,106
600205.0,0,0,0,24,104
600336.0,0,0,0,24,104
600435.0,0,0,0,24,104
600435.0,0,0,0,20,108
600442.0,0,0,0,24,104
600493.0,0,0,0,24,104
600493.0,0,0,0,22,106
600515.0,0,0,0,26,102
600543.0,0,0,0,26,102
600543.0,0,0,0,22,106
600679.0,0,0,0,26,102
600705.0,0,0,0,26,102
600705.0,0,0,0,22,106
600728.0,0,0,0,22,106
600728.0,0,0,0,21,107
600732.0,0,0,0,21,107
600781.0,0,0,0,23,105
600926.0,0,0,0,23,105
600938.0,0,0,0,23,105
600938.0,0,0,0,21,107
600951.0,0,0,0,23,105
601062.0,0,0,0,23,105
601062.0,0,0,0,22,106
601082.0,0,0,0,22,106
601082.0,0,0,0,21,107
601091.0,0,0,0,22,106
601105.0,0,0,0,23,105
601125.0,0,0,0,27,101
601128.0,0,0,0,27,101
601128.0,0,0,0,23,105
601144.0,0,0,0,27,101
601146.0,0,0,0,27,101
601146.0,0,0,0,23,105
601149.0,0,0,0,23,105
601159.0,0,0,0,23,105
601159.0,0,0,0,22,106
601185.0,0,0,0,22,106
601185.0,0,0,0,18,110
601286.0,0,0,0,22,106
601311.0,0,0,0,26,102
601372.0,0,0,0,26,102
601372.0,0,0,0,22,106
601379.0,0,0,0,22,106
601379.0,0,0,0,18,110
601455.0,0,0,0,22,106
601483.0,0,0,0,22,106
601483.0,0,0,0,6,122
601522.0,0,0,0,6,122
601522.0,0,0,0,4,124
601523.0,0,0,0,20,108
601531.0,0,0,0,24,104
601533.0,0,0,0,24,104
601533.0,0,0,0,23,105
601558.0,0,0,0,24,104
601583.0,0,0,0,24,104
601634.0,0,0,0,25,103
601980.0,0,0,0,27,101
602009.0,0,0,0,27,101
602009.0,0,0,0,25,103
602271.0,0,0,0,26,102
602303.0,0,0,0,26,102
602358.0,0,0,0,26,102
602407.0,0,0,0,28,100
602431.0,0,0,0,28,100
602431.0,0,0,0,26,102
602469.0,0,0,0,28,100
602492.0,0,0,0,28,100
602492.0,0,0,0,26,102
602524.0,0,0,0,26,102
602641.0,0,0,0,26,102
602641.0,0,0,0,25,103
602664.0,0,0,0,26,102
602720.0,0,0,0,28,100
602843.0,0,0,0,28,100
602843.0,0,0,0,26,102
602905.0,0,0,0,26,102
603085.0,0,0,0,26,102
603085.0,0,0,0,25,103
603104.0,0,0,0,26,102
603142.0,0,0,0,26,102
603163.0,0,0,0,28,100
603198.0,0,0,0,28,100
603198.0,0,0,0,26,102
603215.0,0,0,0,26,102
603379.0,0,0,0,26,102
603459.0,0,0,0,26,102
603459.0,0,0,0,25,103
603460.0,0,0,0,27,101
603481.0,0,0,0,27,101
603483.0,0,0,0,28,100
603533.0,0,0,0,28,100
603533.0,0,0,0,26,102
603579.0,0,0,0,28,100
603630.0,0,0,0,28,100
603630.0,0,0,0,26,102
603791.0,0,0,0,26,102
603829.0,0,0,0,28,100
604011.0,0,0,0,28,100
604041.0,0,0,0,28,100
604041.0,0,0,0,26,102
604134.0,0,0,0,28,100
604141.0,0,0,0,28,100
604141.0,0,0,0,27,101
604155.0,0,0,0,27,101
604163.0,0,0,0,28,100
604192.0,0,0,0,28,100
604192.0,0,0,0,26,102
604223.0,0,0,0,26,102
604231.0,0,0,0,26,102
604231.0,0,0,1,25,102
604258.0,0,0,1,25,102
604258.0,0,0,2,24,102
604334.0,0,0,2,24,102
604334.0,0,0,3,23,102
604536.0,0,0,3,23,102
604536.0,0,0,3,22,103
604551.0,0,0,3,24,101
604560.0,0,0,3,25,100
604583.0,0,0,3,25,100
604583.0,0,0,3,23,102
604680.0,0,0,3,23,102
604871.0,0,0,3,25,100
605012.0,0,0,3,25,100
605012.0,0,0,3,23,102
605107.0,0,0,3,23,102
605169.0,0,0,3,23,102
605169.0,0,0,5,21,102
605192.0,0,0,5,23,100
605255.0,0,0,5,23,100
605255.0,0,0,5,21,102
605364.0,0,0,5,21,102
605394.0,0,0,5,21,102
605394.0,0,0,5,20,103
605398.0,0,0,5,21,102
605420.0,0,0,5,21,102
605526.0,0,0,5,23,100
605804.0,0,0,5,23,100
605804.0,0,0,6,22,100
605812.0,0,0,6,22,100
605812.0,0,0,6,18,104
605863.0,0,0,6,18,104
605874.0,0,0,6,22,100
605939.0,0,0,6,22,100
605939.0,0,0,6,18,104
606106.0,0,0,6,22,100
606162.0,0,0,6,22,100
606162.0,0,0,6,18,104
606183.0,0,0,6,18,104
606307.0,0,0,6,18,104
606307.0,0,0,6,17,105
606402.0,0,0,6,18,104
606464.0,0,0,6,18,104
606464.0,0,0,6,17,105
606529.0,0,0,6,17,105
606542.0,0,0,6,18,104
606591.0,0,0,6,22,100
606610.0,0,0,6,22,100
606610.0,0,0,6,20,102
606881.0,0,0,6,22,100
606931.0,1,0,5,22,100
606958.0,2,0,4,22,100
607034.0,3,0,3,22,100
607251.0,3,0,3,22,100
607260.0,3,0,3,22,100
607267.0,3,0,3,22,100
607267.0,3,0,3,20,102
607376.0,3,0,3,20,102
607376.0,3,0,3,12,110
607477.0,3,0,3,20,102
607482.0,3,0,3,22,100
607490.0,3,0,3,22,100
607490.0,3,0,3,14,108
607540.0,3,0,3,22,100
607545.0,3,0,3,22,100
607545.0,3,0,3,20,102
607571.0,3,0,3,20,102
607632.0,3,0,3,20,102
607632.0,3,0,3,16,106
607706.0,3,0,3,20,102
607747.0,3,0,3,22,100
607852.0,3,0,3,22,100
607852.0,3,0,3,14,108
607869.0,5,0,1,14,108
607892.0,5,0,1,14,108
607929.0,5,0,1,22,100
607981.0,5,0,1,22,100
607981.0,5,0,1,20,102
608127.0,5,0,1,20,102
608127.0,5,0,1,19,103
608149.0,5,0,1,20,102
608235.0,5,0,1,22,100
608266.0,5,0,1,22,100
608266.0,5,0,1,20,102
608322.0,5,0,1,20,102
608458.0,5,0,1,22,100
608504.0,6,0,0,22,100
608626.0,6,0,0,22,100
608695.0,6,0,0,22,100
608695.0,4,2,0,22,100
608806.0,4,2,0,22,100
608946.0,4,2,0,22,100
608946.0,0,6,0,22,100
609269.0,0,6,0,22,100
609276.0,0,6,0,86,36
609276.0,0,6,0,22,100
609291.0,0,6,0,22,100
609330.0,0,6,0,22,100
609366.0,0,6,0,22,100
609366.0,0,6,0,20,102
609413.0,0,6,0,84,38
609413.0,0,6,0,20,102
609532.0,0,6,0,22,100
609534.0,0,6,0,22,100
609581.0,0,6,0,22,100
609609.0,0,6,0,22,100
609609.0,0,6,0,20,102
609880.0,0,6,0,22,100
610177.0,0,6,0,22,100
610240.0,0,6,0,22,100
610311.0,0,6,0,22,100
610380.0,0,6,0,22,100
610380.0,0,6,0,21,101
610402.0,0,6,0,22,100
610466.0,0,6,0,22,100
610466.0,0,6,0,20,102
610495.0,0,4,0,22,102
610495.0,0,4,0,20,104
610623.0,0,4,0,20,104
610629.0,0,4,0,20,104
610746.0,0,0,0,24,104
610746.0,0,0,0,7,121
610767.0,0,0,0,9,119
610767.0,0,0,0,5,123
610771.0,0,0,0,6,122
610782.0,0,0,0,8,120
610785.0,0,0,0,12,116
610785.0,0,0,0,8,120
610794.0,0,0,0,12,116
610843.0,0,0,0,28,100
610843.0,0,0,0,12,116
610885.0,0,0,0,12,116
610887.0,0,0,0,28,100
610887.0,0,0,0,11,117
610892.0,0,0,0,11,117
610892.0,0,0,0,9,119
610925.0,0,0,0,10,118
610935.0,0,0,0,26,102
611173.0,0,0,0,28,100
611214.0,0,0,0,28,100
611214.0,0,0,0,24,104
611226.0,0,0,0,28,100
611227.0,0,0,0,28,100
611227.0,0,0,0,26,102
611516.0,0,0,0,28,100
611738.0,0,0,0,28,100
611738.0,0,0,0,26,102
611745.0,0,0,0,26,102
611745.0,0,0,0,22,106
611838.0,0,0,0,26,102
611917.0,0,0,0,26,102
611917.0,0,0,0,25,103
611939.0,0,0,0,26,102
611976.0,0,0,0,26,102
612029.0,0,0,0,28,100
612113.0,0,0,0,28,100
612147.0,0,0,0,28,100
612147.0,0,0,0,24,104
612158.0,0,0,0,28,100
612227.0,0,0,0,28,100
612227.0,0,0,0,24,104
612241.0,0,0,0,28,100
612460.0,0,0,0,28,100
612460.0,0,0,0,24,104
612474.0,0,0,0,56,72
612481.0,0,0,0,60,68
612512.0,0,0,0,60,68
612512.0,0,0,0,58,70
612591.0,0,0,0,58,70
612591.0,0,0,0,26,102
612602.0,0,0,0,26,102
612602.0,0,0,0,22,106
612633.0,0,0,0,26,102
612737.0,0,0,0,58,70
612764.0,0,0,0,60,68
612775.0,0,0,0,64,64
612776.0,0,0,0,64,64
612776.0,0,0,0,32,96
612804.0,0,0,0,64,64
612874.0,0,0,0,64,64
612874.0,0,0,0,63,65
612895.0,0,0,0,64,64
612898.0,0,0,0,64,64
612898.0,0,0,0,62,66
612991.0,0,0,0,62,66
612991.0,0,0,0,61,67
613014.0,0,0,0,62,66
613041.0,0,0,0,64,64
613106.0,0,0,0,64,64
613106.0,0,0,0,32,96
613124.0,0,0,0,32,96
613124.0,0,0,0,30,98
613183.0,0,0,0,30,98
613183.0,0,0,0,26,102
613473.0,0,0,0,26,102
613473.0,0,0,0,25,103
613478.0,0,0,0,27,101
613494.0,0,0,0,28,100
613526.0,0,0,0,28,100
613526.0,0,0,0,26,102
613543.0,0,0,0,26,102
613587.0,0,0,0,26,102
613635.0,0,0,0,26,102
613642.0,0,0,0,26,102
613642.0,0,0,0,22,106
613657.0,0,0,0,26,102
613789.0,0,0,0,28,100
613873.0,0,0,0,28,100
613966.0,0,0,0,28,100
613966.0,0,0,0,24,104
614064.0,0,0,0,28,100
614074.0,0,0,0,64,64
614102.0,0,0,0,64,64
614102.0,0,0,0,62,66
614126.0,0,0,0,64,64
614130.0,0,0,0,64,64
614130.0,0,0,0,63,65
614191.0,0,0,0,63,65
614191.0,0,0,0,62,66
614220.0,0,0,0,63,65
614247.0,0,0,0,64,64
614257.0,0,0,0,64,64
614257.0,0,0,0,63,65
614345.0,0,0,0,64,64
614371.0,0,0,0,64,64
614371.0,0,0,0,63,65
614539.0,0,0,0,64,64
614555.0,0,0,0,64,64
614555.0,0,0,0,63,65
614656.0,0,0,0,64,64
614671.0,0,0,0,64,64
614671.0,0,0,0,62,66
615049.0,0,0,0,64,64
615086.0,0,0,0,64,64
615086.0,0,0,0,62,66
615174.0,0,0,0,62,66
615176.0,0,0,0,62,66
615176.0,0,0,0,61,67
615193.0,0,0,0,62,66
615356.0,0,0,0,62,66
615356.0,0,0,0,30,98
615437.0,0,0,0,30,98
615504.0,0,0,0,30,98
615521.0,0,0,0,62,66
615595.0,0,0,0,62,66
615599.0,0,0,0,64,64
615635.0,0,0,0,64,64
615635.0,0,0,0,62,66
615714.0,0,0,0,62,66
615933.0,0,0,0,64,64
615963.0,0,0,0,64,64
615963.0,0,0,0,62,66
616186.0,0,0,0,64,64
616214.0,0,0,0,64,64
616214.0,0,0,0,63,65
616228.0,0,0,0,64,64
616690.0,0,0,0,64,64
616690.0,0,0,0,0,128
616774.0,0,0,0,0,128
616854.0,0,0,0,64,64
617136.0,0,0,0,64,64
617136.0,0,0,0,32,96
617304.0,0,0,0,64,64
617485.0,0,0,0,64,64
617485.0,0,0,0,63,65
617515.0,0,0,0,64,64
617783.0,0,0,0,64,64
617783.0,0,0,0,60,68
617893.0,0,0,0,64,64
618065.0,0,0,0,64,64
618065.0,0,0,0,63,65
618163.0,0,0,0,63,65
618163.0,0,0,0,62,66
618177.0,0,0,0,63,65
618265.0,0,0,0,64,64
618270.0,0,0,0,64,64
618270.0,0,0,0,63,65
618300.0,0,0,0,64,64
618514.0,0,0,0,64,64
618514.0,0,0,0,63,65
618593.0,0,0,0,64,64
619554.0,0,0,0,64,64
619554.0,0,0,23,41,64
619707.0,0,0,23,41,64
619707.0,0,0,23,9,96
619765.0,0,0,23,9,96
619765.0,0,0,23,5,100
620002.0,0,0,23,41,64
620004.0,0,0,23,41,64
620105.0,0,0,23,41,64
620105.0,0,0,23,9,96
620173.0,0,0,23,9,96
620173.0,0,0,23,5,100
620215.0,0,0,23,5,100
620326.0,0,0,23,5,100
620326.0,0,0,23,4,101
620347.0,0,0,23,5,100
620593.0,0,0,23,5,100
620941.0,0,0,23,5,100
620941.0,0,0,23,4,101
620971.0,0,0,23,5,100
621026.0,0,0,23,5,100
621026.0,0,0,23,4,101
621056.0,0,0,23,5,100
621096.0,0,0,23,5,100
621096.0,0,0,23,4,101
621110.0,0,0,23,68,37
621123.0,0,0,23,69,36
621175.0,0,0,23,69,36
621175.0,0,0,23,68,37
621189.0,0,0,23,69,36
621253.0,0,0,23,69,36
621253.0,0,0,23,68,37
621269.0,0,0,23,69,36
621329.0,0,0,23,69,36
621329.0,0,0,23,68,37
621342.0,0,0,23,69,36
621475.0,0,0,23,105,0
621477.0,0,0,23,105,0
621477.0,0,0,23,73,32
621543.0,0,0,23,73,32
621543.0,0,0,23,69,36
621601.0,0,0,23,69,36
621601.0,0,0,23,37,68
621642.0,0,0,23,69,36
622254.0,23,0,0,69,36
622288.0,23,0,0,69,36
622288.0,23,0,0,68,37
622372.0,23,0,0,69,36
622377.0,23,0,0,69,36
622377.0,23,0,0,68,37
622381.0,23,0,0,68,37
622381.0,23,0,0,36,69
622402.0,23,0,0,68,37
622421.0,23,0,0,69,36
622454.0,23,0,0,69,36
622454.0,23,0,0,61,44
622475.0,23,0,0,69,36
622530.0,23,0,0,69,36
622530.0,23,0,0,37,68
622551.0,23,0,0,69,36
622576.0,23,0,0,69,36
622576.0,23,0,0,68,37
622597.0,23,0,0,69,36
622702.0,23,0,0,69,36
622734.0,23,0,0,101,4
622735.0,23,0,0,105,0
622737.0,23,0,0,105,0
622737.0,23,0,0,97,8
622758.0,23,0,0,105,0
622865.0,23,0,0,105,0
622865.0,23,0,0,97,8
622886.0,23,0,0,105,0
623047.0,23,0,0,105,0
623062.0,23,0,0,105,0
623062.0,23,0,0,104,1
623083.0,23,0,0,105,0
623157.0,23,0,0,105,0
623157.0,23,0,0,97,8
623177.0,23,0,0,105,0
623203.0,23,0,0,105,0
623203.0,23,0,0,97,8
623214.0,23,0,0,97,8
623214.0,23,0,0,33,72
623223.0,23,0,0,41,64
623245.0,23,0,0,41,64
623245.0,23,0,0,33,72
623266.0,23,0,0,41,64
623292.0,23,0,0,41,64
623292.0,23,0,0,33,72
623313.0,23,0,0,41,64
623360.0,23,0,0,41,64
623360.0,23,0,0,33,72
623398.0,23,0,0,41,64
623508.0,23,0,0,41,64
623508.0,23,0,0,33,72
623545.0,23,0,0,41,64
623619.0,23,0,0,41,64
623619.0,0,23,0,41,64
623671.0,0,23,0,41,64
623756.0,0,23,0,41,64
623810.0,0,23,0,41,64
624042.0,0,23,0,41,64
624175.0,0,23,0,41,64
624342.0,0,23,0,41,64
624786.0,0,23,0,41,64
624847.0,0,23,0,41,64
625012.0,0,23,0,105,0
625012.0,0,23,0,69,36
625102.0,0,23,0,69,36
625175.0,0,23,0,69,36
625419.0,0,0,0,92,36
625419.0,0,0,0,28,100
625434.0,0,0,0,28,100
625458.0,0,0,0,28,100
625536.0,0,0,0,28,100
625586.0,0,0,0,28,100
625783.0,0,0,0,28,100
625877.0,0,0,0,28,100
625894.0,0,0,0,92,36
625894.0,0,0,0,28,100
626574.0,0,0,0,28,100
626574.0,0,0,0,27,101
626635.0,0,0,0,28,100
626696.0,0,0,0,28,100
626696.0,0,0,0,26,102
626762.0,0,0,0,28,100
626824.0,0,0,0,28,100
626824.0,0,0,0,26,102
626877.0,0,0,0,28,100
627163.0,0,0,0,28,100
627163.0,0,0,0,27,101
627165.0,0,0,0,27,101
627186.0,0,0,0,28,100
627517.0,0,0,0,92,36
627517.0,0,0,0,60,68
627553.0,0,0,0,60,68
627553.0,0,0,0,59,69
627567.0,0,0,0,60,68
627712.0,0,0,0,60,68
628594.0,0,0,0,60,68
630217.0,0,0,0,60,68
630217.0,0,0,59,1,68
630267.0,0,0,59,1,68
630267.0,0,0,60,0,68
630479.0,0,0,60,0,68
630581.0,0,0,60,0,68
630644.0,0,0,60,0,68
630686.0,0,0,60,4,64
630686.0,0,0,60,0,68
630747.0,0,0,60,32,36
630747.0,0,0,60,0,68
630830.0,0,0,60,32,36
630830.0,0,0,60,0,68
632917.0,59,0,1,0,68
632967.0,60,0,0,0,68
634035.0,60,0,0,0,68
634055.0,60,0,0,32,36
634055.0,0,60,0,32,36
634298.0,0,60,0,32,36
634460.0,0,60,0,32,36
634836.0,0,60,0,32,36
635082.0,0,60,0,64,4
635135.0,0,60,0,64,4
635175.0,0,60,0,68,0
635175.0,0,60,0,4,64
635196.0,0,60,0,4,64
635323.0,0,60,0,68,0
635323.0,0,60,0,4,64
635376.0,0,60,0,4,64
635641.0,0,60,0,4,64
635855.0,0,0,0,64,64
635855.0,0,0,0,0,128
635881.0,0,0,0,0,128
636006.0,0,0,0,64,64
636006.0,0,0,0,0,128
636178.0,0,0,0,32,96
636178.0,0,0,0,27,101
636203.0,0,0,0,28,100
636618.0,0,0,0,32,96
636618.0,0,0,0,0,128
636676.0,0,0,0,0,128
636755.0,0,0,0,0,128
636808.0,0,0,0,32,96
636808.0,0,0,0,24,104
636823.0,0,0,0,32,96
637439.0,0,0,0,32,96
637439.0,0,0,0,28,100
637462.0,0,0,0,32,96
638878.0,0,0,0,32,96
639508.0,0,0,0,32,96
639508.0,0,0,16,12,100
639509.0,0,0,16,16,96
639523.0,0,0,16,16,96
639523.0,0,0,24,8,96
639560.0,0,0,24,8,96
639560.0,0,0,24,4,100
639574.0,0,0,24,8,96
639788.0,0,0,24,8,96
639788.0,0,0,24,4,100
639816.0,0,0,24,8,96
640162.0,0,0,24,8,96
640361.0,0,0,24,8,96
640361.0,0,0,24,4,100
640381.0,0,0,24,8,96
642208.0,16,0,8,8,96
642209.0,16,0,8,8,96
642223.0,24,0,0,8,96
642274.0,24,0,0,8,96
642516.0,24,0,0,8,96
642516.0,24,0,4,4,96
642867.0,24,0,4,4,96
642867.0,24,0,4,0,100
643081.0,24,0,4,0,100
643384.0,24,0,4,4,96
643397.0,24,0,4,4,96
643397.0,24,0,4,0,100
643463.0,24,0,4,4,96
643907.0,24,0,4,4,96
644759.0,24,0,4,68,32
644773.0,24,0,4,100,0
645216.0,28,0,0,100,0
645216.0,0,28,0,100,0
646084.0,0,28,0,100,0
646163.0,0,28,0,100,0
647016.0,0,0,0,128,0
647016.0,0,0,0,0,128
653626.0,0,0,0,0,128
653872.0,0,0,0,0,128
653948.0,0,0,0,0,128
656730.0,0,0,0,128,0
656730.0,0,0,0,60,68
656930.0,0,0,0,60,68
656930.0,0,0,0,28,100
659430.0,0,0,0,28,100
659430.0,0,0,28,0,100
660034.0,0,0,28,32,68
660248.0,0,0,28,64,36
660251.0,0,0,28,64,36
660251.0,0,0,28,32,68
662130.0,28,0,0,32,68
662734.0,28,0,0,32,68
662948.0,28,0,0,32,68
662948.0,28,0,32,0,68
663560.0,28,0,32,32,36
663561.0,28,0,32,32,36
663561.0,28,0,32,0,68
665648.0,60,0,0,0,68
666260.0,60,0,0,0,68
666849.0,60,0,0,32,36
666851.0,60,0,0,32,36
666851.0,60,0,0,0,68
669060.0,60,0,0,0,68
669060.0,58,2,0,0,68
669549.0,58,2,0,0,68
670160.0,58,2,0,32,36
670161.0,58,2,0,32,36
670161.0,58,2,0,0,68
670860.0,58,0,0,2,68
670860.0,58,0,0,0,70
671917.0,58,0,0,0,70
671917.0,26,32,0,0,70
672152.0,26,32,0,0,70
672152.0,24,34,0,0,70
672860.0,24,34,0,0,70
673042.0,24,34,0,0,70
673042.0,23,35,0,0,70
673137.0,23,35,0,0,70
673137.0,22,36,0,0,70
673417.0,22,36,0,0,70
673417.0,20,38,0,0,70
673461.0,20,38,0,32,38
673465.0,20,38,0,32,38
673465.0,20,38,0,0,70
673665.0,20,38,0,0,70
673665.0,18,40,0,0,70
673717.0,18,8,0,32,70
673717.0,18,8,0,0,102
673731.0,18,8,0,2,100
673805.0,18,8,0,2,100
673805.0,18,8,0,0,102
673827.0,18,8,0,2,100
673877.0,18,8,0,2,100
673877.0,18,8,0,0,102
673922.0,18,8,0,2,100
673952.0,18,6,0,4,100
673952.0,18,6,0,2,102
674386.0,18,6,0,4,100
674842.0,18,5,0,5,100
674842.0,18,5,0,4,101
674860.0,18,5,0,5,100
674937.0,18,4,0,6,100
674937.0,18,4,0,5,101
674955.0,18,4,0,6,100
675217.0,18,2,0,8,100
675217.0,18,2,0,6,102
675243.0,18,2,0,8,100
675411.0,18,2,0,8,100
675465.0,18,0,0,10,100
675465.0,18,0,0,8,102
675488.0,18,0,0,10,100
676161.0,18,0,0,10,100
676316.0,18,0,0,10,100
676431.0,18,0,0,10,100
676527.0,18,0,0,10,100
676612.0,18,0,0,10,100
676612.0,14,4,0,10,100
676622.0,14,4,0,10,100
676622.0,14,4,2,8,100
676762.0,14,4,2,40,68
676762.0,14,4,2,8,100
676767.0,14,4,2,8,100
677086.0,14,4,2,8,100
677108.0,14,4,2,8,100
677206.0,14,4,2,40,68
677206.0,14,4,2,6,102
677248.0,14,4,2,8,100
678262.0,14,4,2,8,100
678262.0,14,4,2,6,102
678380.0,14,4,2,6,102
678380.0,14,4,2,2,106
678407.0,14,4,2,6,102
678412.0,14,0,2,10,102
678412.0,14,0,2,6,106
678448.0,14,0,2,8,104
678460.0,14,0,2,10,102
678494.0,14,0,2,12,100
678602.0,14,0,2,12,100
678602.0,14,0,2,4,108
678622.0,14,0,2,12,100
678898.0,14,0,2,12,100
679316.0,14,0,2,12,100
679322.0,16,0,0,12,100
679462.0,16,0,0,12,100
679532.0,16,0,0,12,100
679532.0,12,4,0,12,100
679906.0,12,4,0,12,100
679948.0,12,4,0,12,100
680121.0,12,4,0,12,100
680243.0,12,4,0,44,68
680243.0,12,4,0,4,108
680274.0,12,4,0,4,108
680274.0,12,4,0,2,110
680329.0,12,4,0,4,108
680425.0,12,4,0,4,108
680425.0,4,12,0,4,108
680430.0,4,12,0,12,100
680520.0,4,12,0,44,68
680640.0,4,12,0,44,68
680640.0,4,12,0,40,72
680706.0,4,12,0,44,68
680770.0,4,12,0,44,68
680770.0,4,12,0,36,76
680810.0,4,12,0,44,68
680874.0,4,12,0,44,68
680874.0,4,12,0,12,100
680902.0,4,12,0,12,100
680902.0,4,12,0,4,108
681160.0,4,12,0,4,108
681332.0,4,8,0,8,108
681332.0,4,8,0,4,112
681374.0,4,8,0,6,110
681376.0,4,8,0,8,108
681514.0,4,8,0,8,108
681514.0,4,8,0,6,110
681557.0,4,8,0,6,110
681557.0,4,8,0,5,111
681577.0,4,8,0,6,110
681773.0,4,8,0,6,110
681773.0,4,8,0,4,112
681843.0,4,8,0,4,112
681867.0,4,8,0,6,110
681868.0,4,8,0,8,108
681954.0,4,8,0,8,108
681990.0,4,8,0,8,108
681990.0,4,8,0,6,110
682110.0,4,8,0,6,110
682119.0,4,8,0,6,110
682205.0,4,8,0,6,110
682224.0,4,8,0,8,108
682225.0,4,0,0,16,108
682225.0,4,0,0,8,116
682229.0,4,0,0,8,116
682238.0,4,0,0,8,116
682245.0,4,0,0,16,108
682245.0,4,0,0,0,124
682299.0,4,0,0,16,108
682299.0,2,2,0,0,124
682317.0,2,2,0,0,124
682343.0,2,2,0,16,108
682343.0,2,2,0,0,124
682420.0,2,2,0,16,108
682420.0,2,2,0,0,124
682427.0,2,2,0,0,124
682438.0,2,2,0,16,108
682438.0,0,4,0,0,124
682486.0,0,4,0,16,108
682486.0,0,4,0,12,112
682497.0,0,4,0,12,112
682599.0,0,4,0,12,112
682599.0,0,4,0,3,121
682602.0,0,4,0,4,120
682610.0,0,4,0,8,116
682638.0,0,4,0,16,108
682657.0,0,4,0,16,108
682776.0,0,4,0,16,108
682776.0,0,4,0,11,113
682837.0,0,4,0,15,109
682883.0,0,4,0,16,108
682943.0,0,4,0,16,108
683130.0,0,4,0,16,108
683150.0,0,4,0,16,108
683220.0,0,4,0,16,108
683248.0,0,4,0,16,108
683248.0,0,4,0,12,112
683303.0,0,4,0,16,108
683406.0,0,4,0,16,108
683510.0,0,4,0,16,108
683572.0,0,4,0,16,108
683572.0,0,4,0,12,112
683634.0,0,4,0,16,108
683767.0,0,4,0,48,76
683767.0,0,4,0,16,108
684073.0,0,4,0,16,108
684074.0,0,4,0,16,108
684099.0,0,2,0,18,108
684099.0,0,2,0,16,110
684208.0,0,2,0,16,110
684208.0,0,2,0,12,114
684238.0,0,0,0,14,114
684238.0,0,0,0,12,116
684257.0,0,0,0,14,114
684272.0,0,0,0,18,110
684285.0,0,0,0,18,110
684285.0,0,0,0,14,114
684298.0,0,0,0,18,110
684358.0,0,0,0,22,106
684374.0,0,0,0,54,74
684374.0,0,0,0,22,106
684544.0,0,0,0,24,104
684554.0,0,0,0,56,72
684554.0,0,0,0,24,104
684609.0,0,0,0,24,104
684609.0,0,0,0,20,108
684683.0,0,0,0,24,104
684704.0,0,0,0,56,72
684830.0,0,0,0,56,72
684830.0,0,0,0,54,74
684893.0,0,0,0,56,72
685186.0,0,0,0,56,72
685230.0,0,0,0,56,72
685230.0,0,0,0,48,80
685264.0,0,0,0,56,72
685310.0,0,0,0,56,72
685338.0,0,0,0,56,72
685347.0,0,0,0,56,72
685347.0,0,0,0,52,76
685400.0,0,0,0,52,76
685400.0,0,0,0,36,92
685414.0,0,0,0,40,88
685425.0,0,0,0,40,88
685425.0,0,0,0,8,120
685444.0,0,0,0,24,104
685490.0,0,0,0,24,104
685490.0,0,0,0,20,108
685517.0,0,0,0,56,72
685559.0,0,0,0,56,72
685559.0,0,0,0,24,104
685618.0,0,0,0,24,104
685618.0,0,0,0,20,108
685676.0,0,0,0,20,108
685676.0,0,0,0,16,112
685743.0,0,0,0,20,108
685977.0,0,0,0,52,76
685978.0,0,0,0,60,68
685982.0,0,0,0,60,68
685982.0,0,0,0,28,100
685988.0,0,0,0,28,100
685988.0,0,0,0,24,104
686056.0,0,0,0,28,100
686157.0,0,0,0,28,100
686467.0,0,0,0,28,100
686488.0,0,0,0,28,100
686576.0,0,0,0,28,100
686576.0,0,0,0,20,108
686624.0,0,0,0,24,104
686628.0,0,0,0,28,100
686892.0,0,0,0,28,100
687057.0,0,0,0,28,100
687057.0,0,0,0,24,104
687074.0,0,0,0,24,104
687078.0,0,0,0,26,102
687109.0,0,0,0,26,102
687124.0,0,0,0,26,102
687124.0,0,0,0,20,108
687152.0,0,0,0,22,106
687165.0,0,0,0,26,102
687176.0,0,0,0,28,100
687214.0,0,0,0,28,100
687254.0,0,0,0,28,100
687314.0,0,0,0,60,68
687314.0,0,0,0,26,102
687317.0,0,0,0,26,102
687317.0,0,0,0,22,106
687324.0,0,0,0,22,106
687324.0,0,0,0,20,108
687357.0,0,0,0,22,106
687372.0,0,0,0,54,74
687378.0,0,0,0,56,72
687393.0,0,0,0,60,68
687404.0,0,0,0,60,68
687456.0,0,0,0,60,68
687456.0,0,0,0,28,100
687479.0,0,0,0,28,100
687479.0,0,0,0,20,108
687492.0,0,0,0,20,108
687550.0,0,0,0,24,104
687964.0,0,0,0,24,104
688114.0,0,0,0,24,104
688217.0,0,0,0,24,104
688361.0,0,0,0,24,104
688547.0,0,0,0,56,72
688547.0,0,0,0,20,108
688606.0,0,0,0,24,104
688677.0,0,0,0,24,104
688678.0,0,0,0,24,104
688707.0,0,0,0,24,104
688707.0,0,0,0,22,106
688869.0,0,0,0,24,104
689316.0,0,0,0,24,104
689316.0,0,0,0,22,106
689370.0,0,0,0,24,104
689646.0,0,0,0,56,72
689668.0,0,0,0,56,72
689668.0,0,0,0,24,104
689731.0,0,0,0,24,104
689731.0,0,0,0,20,108
689736.0,0,0,0,20,108
689736.0,0,0,0,16,112
689795.0,0,0,0,20,108
690014.0,0,0,0,20,108
690051.0,0,0,0,20,108
690051.0,0,0,0,16,112
690072.0,0,0,0,16,112
690107.0,0,0,0,20,108
690385.0,0,0,0,60,68
690409.0,0,0,0,60,68
690409.0,0,0,0,58,70
690453.0,0,0,0,60,68
690470.0,0,0,0,60,68
690470.0,0,0,0,28,100
690488.0,0,0,0,28,100
690488.0,0,0,0,20,108
690555.0,0,0,0,28,100
690759.0,0,0,0,28,100
690759.0,0,0,0,24,104
690804.0,0,0,0,56,72
690805.0,0,0,0,60,68
691037.0,0,0,0,64,64
691160.0,0,0,0,64,64
691160.0,0,0,0,62,66
691221.0,0,0,0,64,64
691247.0,0,0,0,64,64
691281.0,0,0,0,64,64
691281.0,0,0,0,62,66
691321.0,0,0,0,64,64
691429.0,0,0,0,64,64
691429.0,0,0,0,62,66
691492.0,0,0,0,64,64
691645.0,0,0,0,64,64
691645.0,0,0,0,62,66
691734.0,0,0,0,62,66
691734.0,0,0,0,30,98
691798.0,0,0,0,30,98
691798.0,0,0,0,26,102
692003.0,0,0,0,28,100
692086.0,0,0,0,28,100
692086.0,0,0,0,26,102
692107.0,0,0,0,58,70
692346.0,0,0,0,58,70
692619.0,0,0,0,60,68
692661.0,0,0,0,60,68
692661.0,0,0,0,58,70
692763.0,0,0,0,60,68
692797.0,0,0,0,60,68
692797.0,0,0,0,58,70
692918.0,0,0,0,58,70
692918.0,0,0,0,56,72
692978.0,0,0,0,58,70
693085.0,0,0,0,58,70
693132.0,0,0,0,60,68
693172.0,0,0,0,60,68
693172.0,0,0,0,58,70
693392.0,0,0,0,60,68
693449.0,0,0,0,60,68
693449.0,0,0,0,58,70
693504.0,0,0,0,58,70
693505.0,0,0,0,58,70
693505.0,0,0,4,54,70
693737.0,0,0,4,54,70
693737.0,0,0,8,50,70
693809.0,0,0,8,50,70
693809.0,0,0,8,48,72
693867.0,0,0,8,50,70
693921.0,0,0,8,50,70
694021.0,0,0,8,50,70
694021.0,0,0,10,48,70
694192.0,0,0,10,48,70
694192.0,0,0,12,46,70
694238.0,0,0,12,78,38
694295.0,0,0,12,80,36
694333.0,0,0,12,80,36
694333.0,0,0,12,78,38
694517.0,0,0,12,80,36
694544.0,0,0,12,80,36
694544.0,0,0,12,78,38
694620.0,0,0,12,78,38
694620.0,0,0,12,46,70
694703.0,0,0,12,46,70
694740.0,0,0,12,78,38
694772.0,0,0,12,78,38
694772.0,0,0,12,46,70
694807.0,0,0,12,46,70
694841.0,0,0,12,48,68
694911.0,0,0,12,48,68
694911.0,0,0,12,47,69
694952.0,0,0,12,48,68
694954.0,0,0,12,80,36
694994.0,0,0,12,80,36
694994.0,0,0,12,79,37
695042.0,0,0,12,80,36
695065.0,0,0,12,80,36
695065.0,0,0,12,78,38
695147.0,0,0,12,78,38
695147.0,0,0,12,77,39
695171.0,0,0,12,77,39
695171.0,0,0,12,73,43
695208.0,0,0,12,77,39
695211.0,0,0,12,79,37
695215.0,0,0,12,80,36
695241.0,0,0,12,80,36
695241.0,0,0,12,78,38
695259.0,0,0,12,78,38
695259.0,0,0,12,74,42
695298.0,0,0,12,76,40
695301.0,0,0,12,80,36
695307.0,0,0,12,80,36
695307.0,0,0,12,78,38
695339.0,0,0,12,80,36
695463.0,0,0,12,80,36
695817.0,0,0,12,80,36
695817.0,0,0,12,64,52
695853.0,0,0,12,80,36
695929.0,0,0,12,80,36
695929.0,0,0,12,78,38
696091.0,0,0,12,80,36
696145.0,0,0,12,80,36
696145.0,0,0,12,78,38
696205.0,4,0,8,78,38
696275.0,4,0,8,78,38
696275.0,4,0,8,77,39
696281.0,4,0,8,78,38
696386.0,4,0,8,78,38
696386.0,4,0,8,77,39
696407.0,4,0,8,79,37
696411.0,4,0,8,80,36
696437.0,8,0,4,80,36
696511.0,8,0,4,80,36
696511.0,8,0,4,78,38
696721.0,10,0,2,78,38
696765.0,10,0,2,80,36
696806.0,10,0,2,116,0
696892.0,12,0,0,116,0
696938.0,12,0,0,116,0
696974.0,12,0,0,116,0
696974.0,12,0,0,115,1
696991.0,12,0,0,116,0
696995.0,12,0,0,116,0
697054.0,12,0,0,116,0
697054.0,12,0,0,115,1
697074.0,12,0,0,116,0
697260.0,12,0,0,116,0
697260.0,12,0,0,114,2
697440.0,12,0,0,114,2
697440.0,12,0,1,113,2
697497.0,12,0,1,115,0
697515.0,12,0,1,115,0
697515.0,12,0,1,111,4
697541.0,12,0,1,111,4
697572.0,12,0,1,115,0
697653.0,12,0,1,115,0
697653.0,12,0,1,113,2
697654.0,12,0,1,113,2
697654.0,12,0,30,84,2
697742.0,12,0,30,84,2
697742.0,12,0,31,83,2
697908.0,12,0,31,83,2
697908.0,12,0,35,79,2
697911.0,12,0,35,79,2
697911.0,12,0,37,77,2
697915.0,12,0,37,77,2
697915.0,12,0,38,76,2
697941.0,12,0,38,78,0
697972.0,12,0,38,78,0
697972.0,12,0,38,76,2
697998.0,12,0,38,76,2
698001.0,12,0,38,76,2
698001.0,12,0,42,72,2
698039.0,12,0,42,72,2
698039.0,12,0,44,70,2
698069.0,12,0,44,70,2
698069.0,12,0,44,66,6
698134.0,12,0,44,70,2
698306.0,12,0,44,72,0
698320.0,12,0,44,72,0
698320.0,12,0,44,8,64
698332.0,12,0,44,8,64
698332.0,12,0,44,6,66
698380.0,12,0,44,70,2
698447.0,12,0,44,72,0
698483.0,12,0,44,72,0
698483.0,12,0,44,8,64
698553.0,12,0,44,8,64
698576.0,12,0,44,8,64
698576.0,12,0,44,6,66
698635.0,12,0,44,6,66
698635.0,12,0,44,2,70
698678.0,12,0,44,6,66
698726.0,12,0,44,6,66
698726.0,4,8,44,6,66
698736.0,4,8,44,8,64
698794.0,4,8,44,8,64
698794.0,4,8,44,6,66
699042.0,4,8,44,70,2
699058.0,4,8,44,72,0
699260.0,4,8,44,72,0
699260.0,4,8,44,56,16
699269.0,4,8,44,56,16
699269.0,4,8,44,54,18
699309.0,4,8,44,54,18
699309.0,4,8,44,50,22
699491.0,4,8,44,50,22
699491.0,4,8,44,46,26
699542.0,4,8,44,48,24
699546.0,4,8,44,52,20
699554.0,4,8,44,56,16
699625.0,4,8,44,56,16
699713.0,4,8,44,56,16
699912.0,4,8,44,56,16
699912.0,2,10,44,56,16
700140.0,3,10,43,56,16
700271.0,3,10,43,72,0
700271.0,3,10,43,8,64
700292.0,3,10,43,8,64
700331.0,3,10,43,8,64
700331.0,0,13,43,8,64
700354.0,29,13,14,8,64
700396.0,29,13,14,8,64
700414.0,29,13,14,8,64
700414.0,20,22,14,8,64
700442.0,21,22,13,8,64
700470.0,21,22,13,8,64
700487.0,21,22,13,8,64
700487.0,18,25,13,8,64
700497.0,18,25,13,72,0
700497.0,18,25,13,8,64
700500.0,18,25,13,8,64
700500.0,18,25,13,6,66
700526.0,18,17,13,14,66
700526.0,18,17,13,6,74
700579.0,18,17,13,6,74
700579.0,18,17,13,5,75
700585.0,18,17,13,7,73
700607.0,18,17,13,7,73
700607.0,18,17,13,5,75
700608.0,22,17,9,5,75
700611.0,24,17,7,5,75
700615.0,25,17,6,5,75
700639.0,25,17,6,5,75
700639.0,17,25,6,5,75
700641.0,17,25,6,5,75
700642.0,17,25,6,6,74
700701.0,21,25,2,6,74
700739.0,23,25,0,6,74
700801.0,23,25,0,6,74
700801.0,15,33,0,6,74
700834.0,15,33,0,6,74
700847.0,15,33,0,14,66
700859.0,15,33,0,16,64
700911.0,15,33,0,16,64
701071.0,15,33,0,80,0
701071.0,15,33,0,48,32
701073.0,15,33,0,80,0
701080.0,15,33,0,80,0
701147.0,15,33,0,80,0
701253.0,15,33,0,80,0
701253.0,15,33,0,16,64
701262.0,15,33,0,16,64
701262.0,15,33,0,14,66
701378.0,15,33,0,14,66
701473.0,15,33,0,78,2
701498.0,15,33,0,80,0
701589.0,15,33,0,80,0
701589.0,15,33,0,48,32
701628.0,15,33,0,48,32
701628.0,15,33,0,46,34
701712.0,15,31,0,48,34
701712.0,15,31,0,46,36
701730.0,15,31,0,46,36
701730.0,15,31,0,30,52
701742.0,15,31,0,30,52
701796.0,15,31,0,62,20
701824.0,15,31,0,64,18
701848.0,15,31,0,80,2
701967.0,15,31,0,82,0
702131.0,15,28,0,85,0
702131.0,15,28,0,82,3
702149.0,15,28,0,82,3
702149.0,15,28,0,80,5
702201.0,15,28,0,82,3
702214.0,15,19,0,91,3
702214.0,15,19,0,82,12
702243.0,15,19,0,83,11
702252.0,15,19,0,91,3
702287.0,15,16,0,94,3
702287.0,15,16,0,91,6
702289.0,15,16,0,92,5
702302.0,15,16,0,94,3
702345.0,15,16,0,95,2
702393.0,15,16,0,97,0
702414.0,15,16,0,97,0
702414.0,15,16,0,65,32
702439.0,15,8,0,73,32
702439.0,15,8,0,65,40
702500.0,15,8,0,73,32
702575.0,15,8,0,73,32
702575.0,15,8,0,72,33
702594.0,15,8,0,104,1
702601.0,15,0,0,112,1
702601.0,15,0,0,104,9
702695.0,15,0,0,105,8
702741.0,15,0,0,105,8
702741.0,15,0,0,73,40
702846.0,15,0,0,73,40
702846.0,15,0,0,41,72
702903.0,15,0,0,41,72
702903.0,15,0,0,37,76
702912.0,15,0,0,69,44
702944.0,15,0,0,69,44
702944.0,15,0,0,68,45
702971.0,15,0,0,68,45
702973.0,15,0,0,69,44
703135.0,15,0,0,105,8
703197.0,15,0,0,105,8
703482.0,15,0,0,113,0
703715.0,15,0,0,113,0
703715.0,15,0,0,81,32
703723.0,15,0,0,81,32
703723.0,15,0,0,49,64
703771.0,15,0,0,49,64
703773.0,15,0,0,49,64
703800.0,15,0,0,49,64
703800.0,15,0,0,45,68
704173.0,15,0,0,45,68
704410.0,15,0,0,45,68
704410.0,15,0,0,41,72
704439.0,15,0,0,45,68
704496.0,15,0,0,45,68
704548.0,15,0,0,45,68
705165.0,15,0,0,45,68
705165.0,15,0,0,44,69
705188.0,15,0,0,45,68
705200.0,15,0,0,45,68
705288.0,15,0,0,45,68
705288.0,15,0,0,44,69
705294.0,15,0,0,44,69
705324.0,15,0,0,45,68
705359.0,15,0,0,45,68
705359.0,15,0,0,44,69
705380.0,15,0,0,45,68
705612.0,15,0,0,45,68
705673.0,15,0,0,45,68
705835.0,15,0,0,45,68
705835.0,15,0,30,15,68
706182.0,15,0,30,15,68
706182.0,15,0,38,7,68
706234.0,15,0,38,7,68
706234.0,15,0,38,3,72
706261.0,15,0,38,7,68
706678.0,15,0,38,7,68
707017.0,15,0,38,7,68
707139.0,15,0,38,7,68
707228.0,15,0,38,7,68
707228.0,14,1,38,7,68
707379.0,14,1,38,7,68
707379.0,10,5,38,7,68
707443.0,10,5,38,39,36
707443.0,10,5,38,7,68
707446.0,10,5,38,7,68
707514.0,10,5,38,7,68
707514.0,6,9,38,7,68
707680.0,6,9,38,39,36
707680.0,6,9,38,7,68
707826.0,6,9,38,39,36
707826.0,0,15,38,7,68
707888.0,0,15,38,7,68
708243.0,0,15,38,43,32
708535.0,30,15,8,43,32
708623.0,30,15,8,75,0
708882.0,38,15,0,75,0
709028.0,38,14,0,76,0
709028.0,38,14,0,75,1
709062.0,38,14,0,76,0
709179.0,38,10,0,80,0
709179.0,38,10,0,76,4
709203.0,38,10,0,80,0
709314.0,38,6,0,84,0
709314.0,38,6,0,80,4
709357.0,38,6,0,84,0
709626.0,38,0,0,90,0
709626.0,38,0,0,82,8
709704.0,38,0,0,90,0
710125.0,38,0,0,90,0
710125.0,38,0,0,58,32
710130.0,38,0,0,58,32
710130.0,38,0,0,26,64
710143.0,38,0,0,26,64
710243.0,38,0,0,58,32
710246.0,38,0,0,58,32
710246.0,38,0,0,54,36
710251.0,38,0,0,54,36
710251.0,38,0,0,53,37
710258.0,38,0,0,54,36
710268.0,38,0,0,58,32
710287.0,38,0,0,58,32
710287.0,38,0,0,57,33
710291.0,38,0,0,58,32
710301.0,38,0,0,58,32
710301.0,38,0,0,57,33
710380.0,38,0,0,57,33
710396.0,38,0,0,58,32
710416.0,38,0,0,58,32
710416.0,38,0,0,57,33
710526.0,38,0,0,57,33
710571.0,38,0,0,57,33
710571.0,38,0,0,25,65
710601.0,38,0,0,26,64
710635.0,38,0,0,26,64
710635.0,38,0,0,22,68
710639.0,38,0,0,22,68
710639.0,38,0,0,21,69
710653.0,38,0,0,22,68
710699.0,38,0,0,22,68
710699.0,38,0,0,21,69
710707.0,38,0,0,22,68
710803.0,38,0,0,22,68
710803.0,38,0,0,21,69
710876.0,38,0,0,22,68
710943.0,38,0,0,22,68
711265.0,38,0,0,22,68
711265.0,38,0,0,21,69
711311.0,38,0,0,22,68
711323.0,38,0,0,22,68
711590.0,38,0,0,22,68
711590.0,38,0,0,21,69
711631.0,38,0,0,22,68
711786.0,38,0,0,22,68
711786.0,38,0,0,21,69
711849.0,38,0,0,22,68
712067.0,38,0,0,22,68
712067.0,38,0,0,21,69
712111.0,38,0,0,22,68
712174.0,38,0,0,22,68
712174.0,38,0,0,21,69
712218.0,38,0,0,22,68
712651.0,38,0,0,22,68
712651.0,38,0,0,21,69
712691.0,38,0,0,22,68
712943.0,38,0,0,22,68
712943.0,38,0,5,17,68
712958.0,38,0,5,17,68
712958.0,38,0,6,16,68
712968.0,38,0,6,16,68
712968.0,38,0,10,12,68
712991.0,38,0,10,12,68
712991.0,38,0,11,11,68
713014.0,38,0,11,11,68
713014.0,38,0,11,10,69
713059.0,38,0,11,11,68
713096.0,38,0,11,11,68
713141.0,38,0,11,11,68
713141.0,38,0,11,10,69
713190.0,38,0,11,11,68
713301.0,38,0,11,11,68
713353.0,38,0,11,11,68
713353.0,38,0,12,10,68
713407.0,38,0,12,10,68
713407.0,38,0,13,9,68
713576.0,38,0,13,9,68
713576.0,38,0,14,8,68
713701.0,38,0,14,8,68
713701.0,38,0,14,7,69
713727.0,38,0,14,39,37
713731.0,38,0,14,39,37
713731.0,38,0,14,7,69
713975.0,38,0,14,7,69
713975.0,38,0,14,6,70
713994.0,38,0,14,7,69
714007.0,38,0,14,7,69
714007.0,6,32,14,7,69
714011.0,6,32,14,7,69
714331.0,6,32,14,7,69
714670.0,6,32,14,8,68
714798.0,6,32,14,8,68
714798.0,6,32,14,0,76
715100.0,6,32,14,8,68
715355.0,6,32,14,8,68
715500.0,6,32,14,8,68
715643.0,11,32,9,8,68
715643.0,0,43,9,7,69
715658.0,1,43,8,7,69
715668.0,5,43,4,7,69
715685.0,5,43,4,7,69
715691.0,6,43,3,7,69
715801.0,6,43,3,7,69
715807.0,6,11,3,39,69
715807.0,6,11,3,7,101
715998.0,6,11,3,7,101
716053.0,7,11,2,7,101
716093.0,7,11,2,7,101
716107.0,8,11,1,7,101
716109.0,8,11,1,8,100
716276.0,9,11,0,8,100
716427.0,9,11,0,8,100
716493.0,9,11,0,8,100
716677.0,9,11,0,8,100
716750.0,9,11,0,40,68
716750.0,8,12,0,5,103
716783.0,8,12,0,5,103
716783.0,0,20,0,5,103
716791.0,0,20,0,6,102
716815.0,0,20,0,7,101
716819.0,0,20,0,23,85
717108.0,0,20,0,23,85
717135.0,0,20,0,24,84
717211.0,0,20,0,40,68
717211.0,0,20,0,8,100
717312.0,0,20,0,40,68
717320.0,0,20,0,40,68
717320.0,0,20,0,8,100
717443.0,0,9,0,19,100
717443.0,0,9,0,3,116
717612.0,0,9,0,7,112
717614.0,0,9,0,7,112
717631.0,0,9,0,39,80
717631.0,0,9,0,7,112
717676.0,0,9,0,7,112
717676.0,0,9,0,3,116
717740.0,0,9,0,19,100
717800.0,0,9,0,19,100
718135.0,0,9,0,19,100
718135.0,0,9,0,11,108
718550.0,0,8,0,12,108
718550.0,0,8,0,11,109
718558.0,0,8,0,12,108
718583.0,0,0,0,20,108
718583.0,0,0,0,12,116
718671.0,0,0,0,20,108
718771.0,0,0,0,20,108
718771.0,0,0,0,12,116
718876.0,0,0,0,20,108
719110.0,0,0,0,52,76
719491.0,0,0,0,52,76
719911.0,0,0,0,52,76
720012.0,0,0,0,52,76
720107.0,0,0,0,60,68
720331.0,0,0,0,60,68
720367.0,0,0,0,60,68
720367.0,0,0,0,52,76
720440.0,0,0,0,52,76
720646.0,0,0,0,84,44
720648.0,0,0,0,84,44
720648.0,0,0,0,52,76
721371.0,0,0,0,52,76
721810.0,0,0,0,52,76
721810.0,0,0,12,40,76
721843.0,0,0,12,48,68
721953.0,0,0,12,48,68
721953.0,0,0,12,32,84
722429.0,0,0,12,48,68
722807.0,0,0,12,48,68
723346.0,0,0,12,48,68
723346.0,0,0,36,24,68
723941.0,0,0,36,56,36
723942.0,0,0,36,56,36
723942.0,0,0,36,24,68
724510.0,12,0,24,24,68
724543.0,12,0,24,24,68
726046.0,36,0,0,24,68
726415.0,36,0,0,24,68
726415.0,36,0,0,23,69
726448.0,36,0,0,24,68
726641.0,36,0,0,24,68
726641.0,36,0,23,1,68
727232.0,36,0,23,33,36
727241.0,36,0,23,37,32
727247.0,36,0,23,37,32
727255.0,36,0,23,69,0
729148.0,36,0,23,69,0
729148.0,36,0,24,68,0
729341.0,59,0,1,68,0
729932.0,59,0,1,68,0
729932.0,59,0,33,36,0
729941.0,59,0,33,36,0
729941.0,59,0,37,32,0
729955.0,59,0,37,32,0
729955.0,59,0,69,0,0
731848.0,60,0,68,0,0
732632.0,92,0,36,0,0
732641.0,96,0,32,0,0
732655.0,128,0,0,0,0
732655.0,0,128,0,0,0
734455.0,0,0,0,128,0
734455.0,0,0,0,0,128
736979.0,0,0,0,0,128
744183.0,0,0,0,128,0
744183.0,0,0,0,0,128
746864.0,0,0,0,0,128
746933.0,0,0,0,0,128
749900.0,0,0,0,0,128
750045.0,0,0,0,0,128
750403.0,0,0,0,0,128
750662.0,0,0,0,0,128
750710.0,0,0,0,0,128
751448.0,0,0,0,0,128
752112.0,0,0,0,0,128
753878.0,0,0,0,128,0
753878.0,0,0,0,44,84
753890.0,0,0,0,48,80
753899.0,0,0,0,56,72
753909.0,0,0,0,64,64
753910.0,0,0,0,68,60
753915.0,0,0,0,76,52
753975.0,0,0,0,84,44
753984.0,0,0,0,92,36
754042.0,0,0,0,92,36
754042.0,0,0,0,84,44
754141.0,0,0,0,92,36
754846.0,0,0,0,92,36
754846.0,0,0,0,84,44
754943.0,0,0,0,92,36
756063.0,0,0,0,92,36
756063.0,0,0,0,76,52
756150.0,0,0,0,92,36
756354.0,0,0,0,92,36
756354.0,0,0,0,76,52
756578.0,0,0,0,76,52
756599.0,0,0,0,76,52
756599.0,0,0,8,68,52
756609.0,0,0,8,68,52
756609.0,0,0,16,60,52
756610.0,0,0,16,60,52
756610.0,0,0,20,56,52
756615.0,0,0,20,56,52
756615.0,0,0,28,48,52
756675.0,0,0,28,48,52
756675.0,0,0,36,40,52
756684.0,0,0,36,40,52
756684.0,0,0,44,32,52
756841.0,0,0,44,32,52
756841.0,0,0,52,24,52
756987.0,0,0,52,40,36
757643.0,0,0,52,40,36
757643.0,0,0,60,32,36
758185.0,0,0,60,32,36
758185.0,0,0,60,30,38
758474.0,0,0,60,32,36
758648.0,0,0,60,32,36
758648.0,0,0,60,30,38
758727.0,0,0,60,30,38
758727.0,0,0,60,22,46
758850.0,0,0,60,22,46
758850.0,0,0,64,18,46
758898.0,0,0,64,20,44
759109.0,0,0,64,20,44
759109.0,0,0,64,4,60
759299.0,8,0,56,4,60
759309.0,16,0,48,4,60
759310.0,20,0,44,4,60
759315.0,28,0,36,4,60
759375.0,36,0,28,4,60
759384.0,44,0,20,4,60
759386.0,44,0,20,4,60
759386.0,44,0,20,2,62
759541.0,52,0,12,2,62
759623.0,52,0,12,4,60
759631.0,52,0,12,20,44
759652.0,52,0,12,20,44
759652.0,52,0,12,19,45
759660.0,52,0,12,19,45
759660.0,52,0,12,3,61
759687.0,52,0,12,3,61
759702.0,52,0,12,4,60
759708.0,52,0,12,20,44
759815.0,52,0,12,20,44
759815.0,52,0,12,4,60
759818.0,52,0,12,12,52
759838.0,52,0,12,12,52
759838.0,36,16,12,12,52
759865.0,36,16,12,12,52
759865.0,36,16,12,8,56
759879.0,36,16,12,24,40
759940.0,36,16,12,28,36
760065.0,36,16,12,28,36
760065.0,36,16,12,12,52
760113.0,36,16,12,28,36
760210.0,36,16,12,28,36
760210.0,36,16,12,27,37
760343.0,44,16,4,27,37
760622.0,44,16,4,27,37
760622.0,44,16,4,25,39
760702.0,44,16,4,26,38
760918.0,44,16,4,28,36
761017.0,44,16,4,28,36
761017.0,44,16,4,26,38
761059.0,44,16,4,26,38
761059.0,44,16,4,24,40
761174.0,44,16,4,24,40
761281.0,44,16,4,24,40
761281.0,44,16,4,8,56
761326.0,44,16,4,10,54
761387.0,44,16,4,12,52
761465.0,44,16,4,12,52
761465.0,44,16,4,10,54
761504.0,44,16,4,10,54
761504.0,44,16,4,6,58
761550.0,48,16,0,6,58
761598.0,48,16,0,6,58
761638.0,48,0,0,22,58
761638.0,48,0,0,6,74
761753.0,48,0,0,10,70
761762.0,48,0,0,12,68
761821.0,48,0,0,12,68
761821.0,48,0,0,11,69
761832.0,48,0,0,12,68
761840.0,48,0,0,12,68
761840.0,48,0,0,11,69
761863.0,48,0,0,11,69
761863.0,48,0,0,10,70
761866.0,48,0,0,11,69
761883.0,48,0,0,12,68
761916.0,48,0,0,28,52
761991.0,48,0,0,28,52
761991.0,48,0,0,26,54
761992.0,48,0,0,42,38
762113.0,48,0,0,42,38
762113.0,48,0,0,41,39
762143.0,48,0,0,42,38
762207.0,48,0,0,42,38
762207.0,48,0,0,41,39
762257.0,48,0,0,42,38
762331.0,48,0,0,42,38
762408.0,48,0,0,42,38
762518.0,48,0,0,42,38
762579.0,48,0,0,42,38
762625.0,48,0,0,42,38
762625.0,48,0,0,40,40
762717.0,48,0,0,40,40
762717.0,0,48,0,40,40
762813.0,0,48,0,40,40
762879.0,0,48,0,42,38
762889.0,0,48,0,44,36
762933.0,0,48,0,44,36
762933.0,0,48,0,42,38
763195.0,0,48,0,42,38
763195.0,0,48,0,41,39
763227.0,0,48,0,42,38
763255.0,0,48,0,44,36
763618.0,0,48,0,44,36
764026.0,0,48,0,44,36
764087.0,0,48,0,44,36
764453.0,0,48,0,44,36
764517.0,0,0,0,92,36
764517.0,0,0,0,28,100
764616.0,0,0,0,28,100
764616.0,0,0,3,25,100
764692.0,0,0,3,25,100
764692.0,0,0,19,9,100
764843.0,0,0,19,9,100
764843.0,0,0,20,8,100
764957.0,0,0,20,8,100
764957.0,0,0,21,7,100
765131.0,0,0,21,71,36
765579.0,0,0,21,71,36
765579.0,0,0,23,69,36
765589.0,0,0,23,69,36
765589.0,0,0,25,67,36
765679.0,0,0,25,67,36
765679.0,0,0,25,35,68
765712.0,0,0,25,35,68
765712.0,0,0,25,27,76
765887.0,0,0,25,27,76
765887.0,0,0,25,26,77
765906.0,0,0,25,27,76
765927.0,0,0,25,27,76
765976.0,0,0,25,27,76
766160.0,0,0,25,27,76
766397.0,0,0,25,27,76
766417.0,0,0,25,27,76
766417.0,0,0,25,26,77
766443.0,0,0,25,27,76
766450.0,0,0,25,27,76
766450.0,0,0,25,11,92
766477.0,0,0,25,27,76
766482.0,0,0,25,27,76
766482.0,0,0,25,23,80
766557.0,0,0,25,23,80
766557.0,0,0,25,7,96
766667.0,0,0,25,23,80
767316.0,3,0,22,23,80
767392.0,19,0,6,23,80
767392.0,0,19,6,23,80
767543.0,1,19,5,23,80
767657.0,2,19,4,23,80
767831.0,2,19,4,23,80
767844.0,2,19,4,23,80
767844.0,0,21,4,23,80
767954.0,0,21,4,23,80
767954.0,0,21,4,22,81
767983.0,0,21,4,23,80
768279.0,2,21,2,23,80
768289.0,4,21,0,23,80
768517.0,4,21,0,23,80
768517.0,0,25,0,23,80
769192.0,0,6,0,42,80
769192.0,0,6,0,10,112
769367.0,0,6,0,10,112
769367.0,0,6,7,3,112
769505.0,0,6,7,35,80
769505.0,0,6,7,3,112
769506.0,0,6,7,11,104
769514.0,0,6,7,11,104
769640.0,0,6,7,11,104
769644.0,0,4,7,13,104
769644.0,0,4,7,9,108
769660.0,0,4,7,41,76
769660.0,0,4,7,9,108
769684.0,0,4,7,13,104
769794.0,0,4,7,13,104
769819.0,0,4,7,13,104
770193.0,0,4,7,13,104
770317.0,0,0,7,17,104
770317.0,0,0,7,12,109
770324.0,0,0,7,13,108
770411.0,0,0,7,17,104
770411.0,0,0,7,13,108
770683.0,0,0,7,13,108
770720.0,0,0,7,17,104
771490.0,0,0,7,21,100
771839.0,0,0,7,21,100
772067.0,7,0,0,21,100
772205.0,7,0,0,21,100
772289.0,7,0,0,21,100
772289.0,5,2,0,21,100
772360.0,5,2,0,21,100
772360.0,5,2,4,17,100
772374.0,5,2,4,17,100
772384.0,5,2,4,17,100
772384.0,5,2,8,13,100
772516.0,5,2,8,13,100
772718.0,5,2,8,45,68
772718.0,0,7,8,11,102
772795.0,0,7,8,11,102
772795.0,0,7,8,7,106
772821.0,0,7,8,11,102
773021.0,0,7,8,13,100
773024.0,0,7,8,13,100
773106.0,0,7,8,45,68
773106.0,0,7,8,13,100
773185.0,0,7,8,13,100
773217.0,0,7,8,13,100
773294.0,0,7,8,13,100
773305.0,0,7,8,13,100
773331.0,0,7,8,13,100
773338.0,0,7,8,17,96
773605.0,0,7,8,17,96
773675.0,0,7,8,49,64
773675.0,0,7,8,33,80
773873.0,0,7,8,49,64
773873.0,0,7,8,17,96
773878.0,0,7,8,17,96
773940.0,0,7,8,49,64
773940.0,0,7,8,9,104
773965.0,0,7,8,13,100
774055.0,0,7,8,13,100
774055.0,0,7,8,11,102
774089.0,0,5,8,13,102
774089.0,0,5,8,11,104
774096.0,0,5,8,13,102
774118.0,0,5,8,15,100
774141.0,0,5,8,31,84
774172.0,0,5,8,31,84
774172.0,0,5,8,29,86
774268.0,0,5,8,33,82
774284.0,0,5,8,33,82
774416.0,0,5,8,33,82
774422.0,0,5,8,33,82
774422.0,0,5,8,32,83
774424.0,0,5,8,34,81
774472.0,0,5,8,50,65
774472.0,0,5,8,10,105
774480.0,0,5,8,11,104
774518.0,0,0,8,16,104
774518.0,0,0,8,8,112
774534.0,0,0,8,8,112
774623.0,0,0,8,8,112
774690.0,0,0,8,8,112
774781.0,0,0,8,8,112
774957.0,0,0,8,8,112
775060.0,4,0,4,8,112
775084.0,8,0,0,8,112
775084.0,0,8,0,8,112
775311.0,0,8,0,8,112
775343.0,0,8,0,8,112
775418.0,0,8,0,8,112
775490.0,0,8,0,8,112
775573.0,0,8,0,8,112
775667.0,0,8,0,8,112
775704.0,0,8,0,8,112
775716.0,0,8,0,8,112
775806.0,0,8,0,8,112
775809.0,0,8,0,8,112
776130.0,0,8,0,8,112
776156.0,0,8,0,8,112
776356.0,0,8,0,40,80
776356.0,0,8,0,8,112
776360.0,0,8,0,8,112
776375.0,0,8,0,8,112
776424.0,0,8,0,24,96
776424.0,0,8,0,8,112
776473.0,0,8,0,24,96
776473.0,0,8,0,17,103
776481.0,0,8,0,49,71
776481.0,0,8,0,11,109
776502.0,0,8,0,12,108
776507.0,0,8,0,16,104
776528.0,0,8,0,32,88
776528.0,0,8,0,10,110
776553.0,0,8,0,12,108
776573.0,0,8,0,12,108
776580.0,0,8,0,28,92
776580.0,0,8,0,12,108
776598.0,0,8,0,28,92
776598.0,0,8,0,8,112
776626.0,0,8,0,10,110
776638.0,0,8,0,14,106
776640.0,0,8,0,14,106
776672.0,0,8,0,16,104
776682.0,0,8,0,16,104
776682.0,0,8,0,14,106
776692.0,0,8,0,16,104
776696.0,0,8,0,32,88
776721.0,0,8,0,34,86
776803.0,0,8,0,34,86
776803.0,0,8,0,18,102
776821.0,0,8,0,20,100
776840.0,0,8,0,22,98
776883.0,0,8,0,38,82
776884.0,0,0,0,46,82
776884.0,0,0,0,30,98
777004.0,0,0,0,46,82
777172.0,0,0,0,46,82
777242.0,0,0,0,62,66
777300.0,0,0,0,62,66
777300.0,0,0,0,54,74
777305.0,0,0,0,54,74
777305.0,0,0,0,38,90
777354.0,0,0,0,46,82
777364.0,0,0,0,62,66
777372.0,0,0,0,64,64
777548.0,0,0,0,80,48
777579.0,0,0,0,80,48
777579.0,0,0,0,76,52
777583.0,0,0,0,80,48
777625.0,0,0,0,80,48
777625.0,0,0,0,76,52
777628.0,0,0,0,80,48
777662.0,0,0,0,80,48
777662.0,0,0,0,76,52
777665.0,0,0,0,80,48
777728.0,0,0,0,80,48
777728.0,0,0,0,76,52
777731.0,0,0,0,80,48
777804.0,0,0,0,88,40
777828.0,0,0,0,120,8
777872.0,0,0,0,128,0
777892.0,0,0,0,128,0
777892.0,0,0,0,127,1
777895.0,0,0,0,128,0
779173.0,0,0,0,128,0
779181.0,0,0,0,128,0
779228.0,0,0,0,128,0
779248.0,0,0,0,128,0
779248.0,0,0,0,96,32
779280.0,0,0,0,96,32
779326.0,0,0,0,96,32
779338.0,0,0,0,96,32
779387.0,0,0,0,96,32
779387.0,0,0,0,80,48
779396.0,0,0,0,80,48
779421.0,0,0,0,80,48
779432.0,0,0,0,80,48
779432.0,0,0,0,78,50
779491.0,0,0,0,78,50
779491.0,0,0,0,46,82
779561.0,0,0,0,46,82
779561.0,0,0,0,42,86
779583.0,0,0,0,42,86
779704.0,0,0,0,42,86
779767.0,0,0,0,44,84
779820.0,0,0,0,44,84
779820.0,0,0,0,42,86
779924.0,0,0,0,42,86
779924.0,0,0,0,38,90
779946.0,0,0,0,38,90
779946.0,0,0,0,36,92
780050.0,0,0,0,52,76
780064.0,0,0,0,52,76
780183.0,0,0,0,52,76
780183.0,0,0,0,50,78
780229.0,0,0,0,50,78
780229.0,0,0,0,34,94
780248.0,0,0,0,34,94
780448.0,0,0,0,50,78
780504.0,0,0,0,50,78
780528.0,0,0,0,50,78
780528.0,0,0,7,43,78
780572.0,0,0,7,43,78
780572.0,0,0,15,35,78
780595.0,0,0,15,35,78
780595.0,0,0,16,34,78
780700.0,0,0,16,36,76
780750.0,0,0,16,36,76
780750.0,0,0,16,34,78
780795.0,0,0,16,36,76
780868.0,0,0,16,36,76
780868.0,0,0,16,34,78
781137.0,0,0,16,36,76
781264.0,0,0,16,36,76
781264.0,0,0,16,34,78
781632.0,0,0,16,36,76
781683.0,0,0,16,36,76
781683.0,0,0,16,34,78
781836.0,0,0,16,38,74
781837.0,0,0,16,40,72
781919.0,0,0,16,42,70
782126.0,0,0,16,42,70
782126.0,0,0,16,40,72
782467.0,0,0,16,40,72
782468.0,0,0,16,42,70
782526.0,0,0,16,42,70
782526.0,0,0,16,38,74
782541.0,0,0,16,38,74
782541.0,0,0,16,36,76
782559.0,0,0,16,40,72
782748.0,0,0,16,72,40
782750.0,0,0,16,72,40
782750.0,0,0,18,70,40
782751.0,0,0,18,70,40
782751.0,0,0,18,38,72
782789.0,0,0,18,40,70
782857.0,0,0,18,40,70
782857.0,0,0,18,38,72
783085.0,0,0,18,40,70
783089.0,0,0,18,42,68
783142.0,0,0,18,42,68
783142.0,0,0,18,40,70
783148.0,0,0,18,40,70
783216.0,0,0,18,40,70
783216.0,0,0,18,36,74
783228.0,7,0,11,36,74
783253.0,7,0,11,40,70
783272.0,15,0,3,40,70
783295.0,16,0,2,40,70
783362.0,16,0,2,40,70
783362.0,16,0,2,36,74
783426.0,16,0,2,40,70
783471.0,16,0,2,42,68
783495.0,16,0,2,42,68
783495.0,16,0,2,38,72
783530.0,16,0,2,42,68
783639.0,16,0,2,42,68
783639.0,16,0,2,40,70
783693.0,16,0,2,40,70
783693.0,16,0,2,36,74
783956.0,16,0,2,36,74
783956.0,16,0,2,34,76
783986.0,16,0,2,36,74
784013.0,16,0,2,36,74
784013.0,16,0,2,34,76
784194.0,16,0,2,38,72
784217.0,16,0,2,38,72
784217.0,16,0,2,34,76
784263.0,16,0,2,36,74
784285.0,16,0,2,40,70
784316.0,16,0,2,40,70
784316.0,16,0,2,32,78
784322.0,16,0,2,32,78
784322.0,16,0,2,30,80
784324.0,16,0,2,32,78
784517.0,16,0,2,40,70
784536.0,16,0,2,42,68
784661.0,16,0,2,42,68
784661.0,16,0,2,40,70
784966.0,16,0,2,42,68
785009.0,16,0,2,42,68
785009.0,16,0,2,40,70
785168.0,16,0,2,40,70
785259.0,16,0,2,40,70
785352.0,16,0,2,40,70
785352.0,16,0,2,8,102
785382.0,16,0,2,8,102
785382.0,16,0,2,0,110
785425.0,16,0,2,2,108
785448.0,16,0,2,2,108
785450.0,18,0,0,2,108
785468.0,18,0,0,2,108
785468.0,18,0,0,0,110
785489.0,18,0,0,0,110
785624.0,18,0,0,0,110
785624.0,10,8,0,0,110
785742.0,10,8,0,2,108
785785.0,10,8,0,2,108
785789.0,10,8,0,2,108
785789.0,10,8,0,0,110
785885.0,10,8,0,0,110
785953.0,10,8,0,0,110
785964.0,10,8,0,0,110
786046.0,10,8,0,2,108
786089.0,10,8,0,2,108
786089.0,8,10,0,2,108
786170.0,8,10,0,2,108
786170.0,6,12,0,2,108
786266.0,6,12,0,34,76
786266.0,6,12,0,10,100
786271.0,6,12,0,42,68
786278.0,6,12,0,42,68
786278.0,6,12,0,10,100
786328.0,6,12,0,18,92
786339.0,6,12,0,34,76
786572.0,6,12,0,38,72
786576.0,6,12,0,38,72
786576.0,6,12,0,6,104
786638.0,6,12,0,6,104
786638.0,6,12,0,2,108
787043.0,6,12,0,38,72
787139.0,6,12,0,38,72
787139.0,6,12,0,6,104
787203.0,6,12,0,6,104
787203.0,6,12,0,2,108
787217.0,6,12,0,2,108
787424.0,6,4,0,10,108
787424.0,6,4,0,2,116
787563.0,6,4,0,10,108
787889.0,6,2,0,12,108
787889.0,6,2,0,10,110
787954.0,6,2,0,10,110
787954.0,6,2,0,6,114
787970.0,6,0,0,8,114
787970.0,6,0,0,6,116
787994.0,6,0,0,10,112
788111.0,6,0,0,12,110
788125.0,6,0,0,12,110
788231.0,6,0,0,14,108
788442.0,6,0,0,14,108
788588.0,6,0,0,14,108
788588.0,6,0,0,13,109
788597.0,6,0,0,14,108
788717.0,6,0,0,46,76
788719.0,6,0,0,54,68
788746.0,6,0,0,54,68
788966.0,6,0,0,54,68
788971.0,6,0,0,54,68
789039.0,6,0,0,54,68
789272.0,6,0,0,54,68
789410.0,6,0,0,54,68
789410.0,6,0,0,38,84
789559.0,6,0,0,54,68
789623.0,6,0,0,54,68
789623.0,6,0,0,53,69
789648.0,6,0,0,54,68
789677.0,6,0,0,54,68
789677.0,6,0,0,50,72
789743.0,6,0,0,50,72
789800.0,6,0,0,82,40
789802.0,6,0,0,82,40
789802.0,6,0,0,50,72
789828.0,6,0,0,50,72
789828.0,6,0,0,42,80
789998.0,6,0,0,46,76
790005.0,6,0,0,46,76
790005.0,6,0,0,30,92
790034.0,6,0,0,38,84
790129.0,6,0,0,38,84
790129.0,6,0,0,37,85
790155.0,6,0,0,38,84
790263.0,6,0,0,38,84
790495.0,6,0,0,54,68
790662.0,6,0,0,86,36
790668.0,6,0,0,86,36
790668.0,6,0,0,85,37
790680.0,6,0,0,86,36
790714.0,6,0,0,86,36
790714.0,6,0,0,82,40
790826.0,6,0,0,82,40
790826.0,6,0,0,50,72
791022.0,6,0,0,54,68
791065.0,6,0,0,54,68
791065.0,6,0,0,53,69
791094.0,6,0,0,54,68
791145.0,6,0,0,86,36
791149.0,6,0,0,86,36
791149.0,6,0,0,85,37
791154.0,6,0,0,86,36
791171.0,6,0,0,86,36
791171.0,6,0,0,85,37
791180.0,6,0,0,86,36
791286.0,6,0,0,86,36
791286.0,6,0,0,84,38
791326.0,6,0,0,86,36
791417.0,6,0,0,86,36
791419.0,6,0,0,86,36
791570.0,6,0,0,86,36
791570.0,6,0,0,85,37
791598.0,6,0,0,86,36
791625.0,6,0,0,86,36
791625.0,6,0,0,85,37
791997.0,6,0,0,85,37
791997.0,6,0,0,21,101
792055.0,6,0,0,21,101
792055.0,6,0,0,17,105
792096.0,6,0,0,21,101
792113.0,6,0,0,21,101
792113.0,6,0,0,20,102
792118.0,6,0,0,20,102
792118.0,6,0,0,19,103
792125.0,6,0,0,20,102
792136.0,6,0,0,21,101
792159.0,6,0,0,85,37
792259.0,6,0,0,85,37
792281.0,6,0,0,85,37
792281.0,6,0,0,83,39
792300.0,6,0,0,85,37
792402.0,6,0,0,85,37
792402.0,6,0,0,83,39
792426.0,6,0,0,85,37
792475.0,6,0,0,86,36
792500.0,6,0,0,86,36
792557.0,6,0,0,86,36
792557.0,6,0,0,54,68
792779.0,6,0,0,54,68
792779.0,6,0,0,52,70
792803.0,6,0,0,52,70
792803.0,6,0,0,20,102
792828.0,6,0,0,20,102
792828.0,6,0,0,12,110
792836.0,6,0,0,14,108
792855.0,6,0,0,14,108
792895.0,6,0,0,14,108
792895.0,6,0,0,12,110
792902.0,6,0,0,44,78
793015.0,6,0,0,46,76
793078.0,6,0,0,46,76
793078.0,6,0,0,45,77
793083.0,6,0,0,46,76
793088.0,6,0,0,46,76
793088.0,6,0,0,45,77
793108.0,6,0,0,46,76
793112.0,6,0,0,46,76
793112.0,6,0,0,45,77
793195.0,6,0,0,45,77
793359.0,6,0,0,45,77
793359.0,6,0,0,41,81
793416.0,6,0,0,45,77
793490.0,6,0,0,45,77
793490.0,6,0,0,41,81
793507.0,6,0,0,41,81
793507.0,6,0,0,37,85
793552.0,6,0,0,41,81
793580.0,6,0,0,45,77
793614.0,6,0,0,45,77
793614.0,6,0,0,13,109
793681.0,6,0,0,13,109
793681.0,6,0,0,12,110
793711.0,6,0,0,13,109
793813.0,6,0,0,45,77
793845.0,6,0,0,45,77
793956.0,6,0,0,45,77
793956.0,6,0,0,13,109
793986.0,6,0,0,13,109
793986.0,6,0,0,12,110
794010.0,6,0,0,13,109
794017.0,6,0,0,13,109
794017.0,0,6,0,13,109
794089.0,0,6,0,45,77
794105.0,0,6,0,45,77
794105.0,0,6,0,13,109
794137.0,0,6,0,13,109
794274.0,0,6,0,45,77
794274.0,0,6,0,29,93
794296.0,0,6,0,29,93
794302.0,0,6,0,45,77
794302.0,0,6,0,13,109
794323.0,0,6,0,45,77
794347.0,0,6,0,45,77
794347.0,0,6,0,41,81
794362.0,0,6,0,41,81
794451.0,0,6,0,45,77
794451.0,0,6,0,13,109
794476.0,0,6,0,14,108
794515.0,0,6,0,14,108
794619.0,0,6,0,14,108
794674.0,0,6,0,46,76
794674.0,0,6,0,30,92
794803.0,0,6,0,30,92
794808.0,0,6,0,46,76
794808.0,0,6,0,14,108
794859.0,0,6,0,14,108
794865.0,0,6,0,14,108
794914.0,0,6,0,46,76
794914.0,0,6,0,13,109
794985.0,0,6,0,13,109
795015.0,0,6,0,45,77
795015.0,0,6,0,13,109
795081.0,0,6,0,45,77
795090.0,0,6,0,45,77
795090.0,0,6,0,13,109
795126.0,0,6,0,13,109
795148.0,0,6,0,45,77
795382.0,0,6,0,49,73
795385.0,0,6,0,49,73
795385.0,0,6,0,17,105
795452.0,0,6,0,17,105
795452.0,0,6,0,13,109
795466.0,0,6,0,45,77
795536.0,0,6,0,45,77
795602.0,0,6,0,45,77
795685.0,0,6,0,45,77
795685.0,0,6,0,44,78
795705.0,0,6,0,45,77
795734.0,0,6,0,45,77
795734.0,0,6,0,44,78
795774.0,0,6,0,45,77
795795.0,0,6,0,45,77
795795.0,0,6,0,44,78
795808.0,0,6,0,44,78
795817.0,0,0,0,50,78
795817.0,0,0,0,34,94
795829.0,0,0,0,34,94
795829.0,0,0,0,30,98
795833.0,0,0,0,46,82
795846.0,0,0,0,47,81
795899.0,0,0,0,51,77
795996.0,0,0,0,51,77
795996.0,0,0,0,50,78
796013.0,0,0,0,51,77
796065.0,0,0,0,51,77
796065.0,0,0,0,50,78
796116.0,0,0,0,50,78
796141.0,0,0,0,82,46
796148.0,0,0,0,90,38
796165.0,0,0,0,91,37
796254.0,0,0,0,91,37
796254.0,0,0,0,59,69
796279.0,0,0,0,59,69
796279.0,0,0,0,51,77
796513.0,0,0,0,51,77
796789.0,0,0,0,51,77
796974.0,0,0,0,51,77
797002.0,0,0,0,51,77
797023.0,0,0,0,51,77
797151.0,0,0,0,51,77
797374.0,0,0,0,51,77
797482.0,0,0,0,51,77
797482.0,0,0,0,50,78
797502.0,0,0,0,51,77
797508.0,0,0,0,51,77
797614.0,0,0,0,51,77
797703.0,0,0,0,51,77
797703.0,0,0,0,47,81
797715.0,0,0,0,47,81
797724.0,0,0,0,51,77
797781.0,0,0,0,51,77
797810.0,0,0,0,51,77
797810.0,0,0,0,47,81
797832.0,0,0,0,51,77
797848.0,0,0,0,51,77
797879.0,0,0,0,51,77
797879.0,0,0,0,47,81
797906.0,0,0,0,51,77
798024.0,0,0,0,51,77
798024.0,0,0,0,47,81
798045.0,0,0,0,51,77
798082.0,0,0,0,51,77
798166.0,0,0,0,51,77
798414.0,0,0,0,51,77
798414.0,0,0,0,47,81
798435.0,0,0,0,51,77
798481.0,0,0,0,52,76
798533.0,0,0,0,52,76
798592.0,0,0,0,52,76
798592.0,0,0,0,48,80
798599.0,0,0,0,48,80
798607.0,0,0,0,52,76
798642.0,0,0,0,52,76
798642.0,0,0,0,48,80
798659.0,0,0,0,52,76
798673.0,0,0,0,52,76
798673.0,0,0,0,48,80
798684.0,0,0,0,52,76
798713.0,0,0,0,52,76
798786.0,0,0,0,52,76
798786.0,0,0,0,51,77
798841.0,0,0,0,51,77
798841.0,0,0,8,43,77
798848.0,0,0,8,43,77
798848.0,0,0,16,35,77
798865.0,0,0,16,35,77
798865.0,0,0,17,34,77
799260.0,0,0,17,70,41
799341.0,0,0,17,70,41
799341.0,0,0,17,38,73
799402.0,0,0,17,38,73
799402.0,0,0,17,34,77
799609.0,0,0,17,66,45
799612.0,0,0,17,74,37
800000.0,0,0,17,74,37
800000.0,0,0,17,72,39
800030.0,0,0,17,74,37
800180.0,0,0,17,74,37
800180.0,0,0,17,72,39
800202.0,0,0,17,72,39
800215.0,0,0,17,74,37
800245.0,0,0,17,74,37
800245.0,0,0,17,72,39
800291.0,0,0,17,74,37
800354.0,0,0,17,74,37
800354.0,0,0,17,73,38
800368.0,0,0,17,74,37
801123.0,0,0,17,74,37
801123.0,0,0,17,72,39
801153.0,0,0,17,74,37
801162.0,0,0,17,74,37
801162.0,0,0,17,72,39
801200.0,0,0,17,74,37
801224.0,0,0,17,74,37
801224.0,0,0,17,42,69
801381.0,0,0,17,74,37
801384.0,0,0,17,74,37
801477.0,0,0,17,74,37
801477.0,0,0,17,70,41
801511.0,0,0,17,74,37
801541.0,8,0,9,74,37
801548.0,16,0,1,74,37
801565.0,17,0,0,74,37
801960.0,17,0,0,74,37
802309.0,17,0,0,74,37
802309.0,17,0,19,55,37
802312.0,17,0,19,55,37
802312.0,17,0,27,47,37
802730.0,17,0,27,47,37
802730.0,17,0,29,45,37
802747.0,17,0,29,45,37
802747.0,17,0,29,41,41
802783.0,17,0,29,45,37
802790.0,17,0,29,45,37
802790.0,17,0,29,41,41
802829.0,17,0,29,45,37
802852.0,17,0,29,45,37
802852.0,17,0,29,13,69
802915.0,17,0,29,13,69
803029.0,17,0,29,45,37
803059.0,17,0,29,45,37
803059.0,17,0,29,13,69
803068.0,17,0,29,13,69
803295.0,17,0,29,45,37
803313.0,17,0,29,45,37
803313.0,17,0,29,13,69
803468.0,17,0,29,45,37
803517.0,17,0,29,45,37
803517.0,17,0,29,13,69
803624.0,17,0,29,45,37
803649.0,17,0,29,45,37
803649.0,17,0,29,13,69
803809.0,17,0,29,45,37
803829.0,17,0,29,45,37
803840.0,17,0,29,46,36
803847.0,17,0,29,46,36
803900.0,17,0,29,46,36
803927.0,17,0,29,46,36
803927.0,17,0,29,30,52
804081.0,17,0,29,30,52
804652.0,17,0,29,30,52
805009.0,36,0,10,30,52
805009.0,0,36,10,30,52
805012.0,8,36,2,30,52
805252.0,8,36,2,30,52
805401.0,8,36,2,30,52
805430.0,10,36,0,30,52
805551.0,10,36,0,30,52
805729.0,10,36,0,30,52
805738.0,10,36,0,30,52
805845.0,10,36,0,30,52
805890.0,10,36,0,30,52
805995.0,10,36,0,30,52
806168.0,10,36,0,30,52
806324.0,10,36,0,30,52
806509.0,10,36,0,30,52
806509.0,10,36,1,29,52
806540.0,10,36,1,29,52
806540.0,10,36,2,28,52
806589.0,10,36,2,28,52
806624.0,10,36,2,28,52
806809.0,10,0,2,64,52
806809.0,10,0,2,0,116
806820.0,10,0,2,64,52
806820.0,10,0,2,0,116
806867.0,10,0,2,0,116
807280.0,10,0,2,0,116
807415.0,10,0,2,32,84
807415.0,0,10,2,32,84
807423.0,0,10,2,36,80
807430.0,0,10,2,52,64
807564.0,0,10,2,52,64
807565.0,0,10,2,116,0
807565.0,0,10,2,52,64
807756.0,0,10,2,116,0
807756.0,0,10,2,52,64
807877.0,0,10,2,84,32
807877.0,0,10,2,52,64
807894.0,0,10,2,84,32
807894.0,0,10,2,52,64
807896.0,0,10,2,84,32
807896.0,0,10,2,52,64
807973.0,0,10,2,84,32
807973.0,0,10,2,52,64
808006.0,0,10,2,84,32
808006.0,0,10,2,52,64
808055.0,0,10,2,84,32
808055.0,0,10,2,52,64
808242.0,0,10,2,84,32
808255.0,0,10,2,116,0
808255.0,0,10,2,52,64
808376.0,0,10,2,116,0
809209.0,1,10,1,116,0
809215.0,1,0,1,126,0
809215.0,1,0,1,94,32
809240.0,2,0,0,94,32
809276.0,2,0,0,126,0
809276.0,0,2,0,126,0
810115.0,0,2,0,126,0
810265.0,0,2,0,126,0
810456.0,0,2,0,126,0
810577.0,0,2,0,126,0
810594.0,0,2,0,126,0
810596.0,0,2,0,126,0
810673.0,0,2,0,126,0
810706.0,0,2,0,126,0
810755.0,0,2,0,126,0
810955.0,0,2,0,126,0
811076.0,0,0,0,128,0
811076.0,0,0,0,0,128
817139.0,0,0,0,0,128
820646.0,0,0,0,128,0
820646.0,0,0,0,0,128
828075.0,0,0,0,0,128
831575.0,0,0,0,128,0
831575.0,0,0,0,0,128
837685.0,0,0,0,0,128
837743.0,0,0,0,0,128
839850.0,0,0,0,0,128
841128.0,0,0,0,128,0
841128.0,0,0,0,76,52
841188.0,0,0,0,92,36
841326.0,0,0,0,92,36
841326.0,0,0,0,76,52
841432.0,0,0,0,92,36
843688.0,0,0,0,92,36
843688.0,0,0,0,84,44
843716.0,0,0,0,92,36
843761.0,0,0,0,92,36
843761.0,0,0,0,60,68
843828.0,0,0,0,60,68
843828.0,0,0,20,40,68
843888.0,0,0,20,40,68
843888.0,0,0,36,24,68
843984.0,0,0,36,56,36
844132.0,0,0,36,56,36
844132.0,0,0,52,40,36
844164.0,0,0,52,40,36
844164.0,0,0,52,32,44
844182.0,0,0,52,40,36
844208.0,0,0,52,40,36
844208.0,0,0,52,8,68
846416.0,0,0,52,8,68
846528.0,20,0,32,8,68
846588.0,36,0,16,8,68
846684.0,36,0,16,8,68
846832.0,52,0,0,8,68
846882.0,52,0,0,8,68
846882.0,52,0,8,0,68
847602.0,52,0,8,0,68
847602.0,36,16,8,0,68
847640.0,36,16,8,0,68
847640.0,4,48,8,0,68
847704.0,4,48,8,0,68
847800.0,4,48,8,0,68
848010.0,4,48,8,0,68
848106.0,4,48,8,0,68
848169.0,4,48,8,0,68
848175.0,4,48,8,0,68
848340.0,4,48,8,0,68
848351.0,4,48,8,0,68
848396.0,4,48,8,0,68
848408.0,4,48,8,0,68
848555.0,4,48,8,0,68
848651.0,4,48,8,0,68
848811.0,4,48,8,0,68
848865.0,4,48,8,0,68
849202.0,4,48,8,0,68
849268.0,4,48,8,0,68
849336.0,4,48,8,0,68
849364.0,4,48,8,0,68
849398.0,4,48,8,0,68
849402.0,4,32,8,16,68
849402.0,4,32,8,0,84
849440.0,4,0,8,32,84
849440.0,4,0,8,0,116
849461.0,4,0,8,32,84
849461.0,4,0,8,0,116
849475.0,4,0,8,32,84
849475.0,4,0,8,0,116
849496.0,4,0,8,32,84
849496.0,4,0,8,16,100
849499.0,4,0,8,32,84
849499.0,4,0,8,0,116
849519.0,4,0,8,32,84
849519.0,0,4,8,13,103
849523.0,0,4,8,15,101
849523.0,0,4,8,13,103
849544.0,0,4,8,15,101
849548.0,0,4,8,16,100
849552.0,0,4,8,32,84
849576.0,0,4,8,48,68
849576.0,0,4,8,16,100
849582.0,8,4,0,16,100
849602.0,8,4,0,48,68
849602.0,8,4,0,12,104
849620.0,8,4,0,12,104
849666.0,8,4,0,12,104
849671.0,8,4,0,28,88
849671.0,2,10,0,28,88
849710.0,2,10,0,44,72
849710.0,2,10,0,12,104
849734.0,2,10,0,44,72
849734.0,2,10,0,12,104
849755.0,2,10,0,44,72
849755.0,2,10,0,12,104
849887.0,2,10,0,16,100
850288.0,2,10,0,16,100
850387.0,2,10,0,48,68
850387.0,2,10,0,32,84
850491.0,2,10,0,48,68
850491.0,2,10,0,16,100
850824.0,2,10,0,16,100
850897.0,2,10,0,16,100
851032.0,2,10,0,48,68
851032.0,2,10,0,16,100
851319.0,2,6,0,20,100
851319.0,2,6,0,4,116
851326.0,2,6,0,20,100
851326.0,2,6,0,4,116
851371.0,2,6,0,20,100
851371.0,2,6,0,12,108
851471.0,2,0,0,26,100
851471.0,2,0,0,20,106
851492.0,2,0,0,22,104
851496.0,2,0,0,24,102
851504.0,2,0,0,24,102
851504.0,2,0,0,8,118
851547.0,2,0,0,8,118
851547.0,2,0,0,6,120
851631.0,2,0,0,38,88
851664.0,2,0,0,54,72
851794.0,2,0,0,56,70
851831.0,2,0,0,56,70
851831.0,2,0,0,54,72
851848.0,2,0,0,56,70
851877.0,2,0,0,56,70
851877.0,2,0,0,52,74
851938.0,2,0,0,56,70
852022.0,2,0,0,56,70
852022.0,2,0,0,48,78
852088.0,2,0,0,56,70
852110.0,2,0,0,58,68
852196.0,2,0,0,58,68
852219.0,2,0,0,58,68
852223.0,2,0,0,58,68
852231.0,2,0,0,58,68
852231.0,2,0,0,26,100
852276.0,2,0,0,26,100
852295.0,2,0,0,26,100
852295.0,2,0,0,22,104
852315.0,2,0,0,54,72
852315.0,2,0,0,46,80
852371.0,2,0,0,46,80
852424.0,2,0,0,46,80
852424.0,2,0,0,44,82
852477.0,2,0,0,44,82
852477.0,2,0,0,12,114
852528.0,2,0,0,20,106
852587.0,2,0,0,20,106
852672.0,2,0,0,52,74
852690.0,2,0,0,54,72
852703.0,2,0,0,54,72
852703.0,2,0,0,50,76
852716.0,2,0,0,50,76
852716.0,2,0,0,42,84
852786.0,2,0,0,46,80
852810.0,2,0,0,46,80
852810.0,2,0,0,14,112
852855.0,2,0,0,14,112
852855.0,2,0,0,12,114
852872.0,2,0,0,44,82
852889.0,2,0,0,44,82
852889.0,2,0,0,12,114
853035.0,2,0,0,20,106
853047.0,2,0,0,20,106
853087.0,2,0,0,20,106
853105.0,2,0,0,52,74
853105.0,2,0,0,20,106
853143.0,2,0,0,20,106
853163.0,2,0,0,22,104
853165.0,2,0,0,54,72
853165.0,2,0,0,22,104
853191.0,2,0,0,22,104
853207.0,2,0,0,22,104
853207.0,2,0,0,20,106
853517.0,2,0,0,20,106
853720.0,2,0,0,20,106
853732.0,2,0,0,20,106
853854.0,2,0,0,22,104
854026.0,2,0,0,22,104
854071.0,2,0,0,22,104
854139.0,2,0,0,22,104
854139.0,0,2,0,22,104
854171.0,0,2,0,22,104
854192.0,0,2,0,22,104
854331.0,0,2,0,22,104
854354.0,0,2,0,22,104
854354.0,0,2,0,21,105
854364.0,0,2,0,21,105
854374.0,0,2,0,22,104
854399.0,0,2,0,22,104
854399.0,0,2,0,18,108
854487.0,0,2,0,22,104
854597.0,0,2,0,22,104
854597.0,0,2,0,18,108
854638.0,0,2,0,18,108
854646.0,0,2,0,18,108
854699.0,0,2,0,22,104
854947.0,0,2,0,22,104
854947.0,0,2,0,18,108
855015.0,0,2,0,18,108
855045.0,0,2,0,22,104
855228.0,0,2,0,22,104
855370.0,0,2,0,54,72
855370.0,0,2,0,22,104
855372.0,0,2,0,22,104
855509.0,0,2,0,22,104
855509.0,0,2,0,18,108
855524.0,0,2,0,50,76
855524.0,0,2,0,18,108
855572.0,0,2,0,18,108
855613.0,0,2,0,22,104
855621.0,0,2,0,26,100
855749.0,0,2,0,58,68
855749.0,0,2,0,26,100
855758.0,0,2,0,26,100
855758.0,0,2,0,10,116
855779.0,0,2,0,26,100
855805.0,0,2,0,26,100
855831.0,0,2,0,26,100
855831.0,0,2,0,22,104
855865.0,0,2,0,22,104
855939.0,0,0,0,28,100
855939.0,0,0,0,24,104
855987.0,0,0,0,24,104
855987.0,0,0,0,8,120
855998.0,0,0,0,40,88
856024.0,0,0,0,44,84
856062.0,0,0,0,60,68
856342.0,0,0,0,60,68
856342.0,0,0,0,28,100
856446.0,0,0,0,60,68
856471.0,0,0,0,60,68
856471.0,0,0,0,52,76
856475.0,0,0,0,52,76
856475.0,0,0,0,44,84
856522.0,0,0,0,52,76
856546.0,0,0,0,52,76
856546.0,0,0,0,36,92
856551.0,0,0,0,36,92
856551.0,0,0,0,20,108
856618.0,0,0,0,36,92
856625.0,0,0,0,44,84
856627.0,0,0,0,60,68
856651.0,0,0,0,60,68
856651.0,0,0,0,44,84
856700.0,0,0,0,44,84
856700.0,0,0,0,12,116
856717.0,0,0,0,12,116
856717.0,0,0,0,4,124
856778.0,0,0,0,20,108
856832.0,0,0,0,28,100
856870.0,0,0,0,60,68
856877.0,0,0,0,60,68
856877.0,0,0,0,28,100
856926.0,0,0,0,60,68
856967.0,0,0,0,60,68
856967.0,0,0,0,44,84
857009.0,0,0,0,60,68
857012.0,0,0,0,60,68
857012.0,0,0,0,52,76
857140.0,0,0,0,60,68
857156.0,0,0,0,92,36
857330.0,0,0,0,92,36
857330.0,0,0,0,84,44
857426.0,0,0,0,84,44
857426.0,0,0,0,68,60
857429.0,0,0,0,68,60
857429.0,0,0,0,52,76
857439.0,0,0,0,52,76
857439.0,0,0,0,36,92
857454.0,0,0,0,52,76
857457.0,0,0,0,52,76
857457.0,0,0,0,44,84
857481.0,0,0,0,60,68
857483.0,0,0,0,84,44
857543.0,0,0,0,84,44
857543.0,0,0,0,68,60
857583.0,0,0,0,68,60
857583.0,0,0,0,36,92
857597.0,0,0,0,36,92
857597.0,0,0,0,28,100
857620.0,0,0,0,36,92
857648.0,0,0,0,44,84
857745.0,0,0,0,44,84
857745.0,0,0,0,28,100
857802.0,0,0,0,44,84
857814.0,0,0,0,76,52
857815.0,0,0,0,76,52
857815.0,0,0,0,72,56
857818.0,0,0,0,76,52
857858.0,0,0,0,76,52
857858.0,0,0,0,68,60
857860.0,0,0,0,68,60
857860.0,0,0,0,64,64
857880.0,0,0,0,72,56
857882.0,0,0,0,76,52
857894.0,0,0,0,76,52
857894.0,0,0,0,72,56
857916.0,0,0,0,76,52
857949.0,0,0,0,76,52
857949.0,0,0,0,72,56
857971.0,0,0,0,76,52
858043.0,0,0,0,76,52
858043.0,0,0,0,68,60
858067.0,0,0,0,76,52
858070.0,0,0,0,76,52
858106.0,0,0,0,76,52
858106.0,0,0,0,44,84
858116.0,0,0,0,76,52
858135.0,0,0,0,76,52
858135.0,0,0,0,44,84
858180.0,0,0,0,76,52
858224.0,0,0,0,76,52
858356.0,0,0,0,76,52
858356.0,0,0,0,72,56
858377.0,0,0,0,76,52
858414.0,0,0,0,76,52
858414.0,0,0,0,72,56
858427.0,0,0,0,72,56
858427.0,0,0,0,40,88
858449.0,0,0,0,40,88
858479.0,0,0,0,40,88
858486.0,0,0,0,44,84
858501.0,0,0,0,76,52
858516.0,0,0,0,76,52
858516.0,0,0,0,44,84
858698.0,0,0,0,44,84
858724.0,0,0,0,44,84
858762.0,0,0,0,44,84
858776.0,0,0,0,44,84
858776.0,0,0,0,36,92
858789.0,0,0,0,36,92
858789.0,0,0,0,28,100
858803.0,0,0,0,44,84
858819.0,0,0,0,52,76
858822.0,0,0,0,60,68
858835.0,0,0,0,60,68
858835.0,0,0,0,52,76
858886.0,0,0,0,52,76
858886.0,0,0,0,48,80
858950.0,0,0,0,52,76
858974.0,0,0,0,60,68
858978.0,0,0,0,60,68
858978.0,0,0,0,44,84
859028.0,0,0,0,60,68
859031.0,0,0,0,60,68
859031.0,0,0,0,52,76
859055.0,0,0,0,60,68
859081.0,0,0,0,60,68
859081.0,0,0,0,44,84
859102.0,0,0,0,60,68
859130.0,0,0,0,60,68
859130.0,0,0,0,52,76
859146.0,0,0,0,52,76
859158.0,0,0,0,60,68
859166.0,0,0,0,60,68
859166.0,0,0,0,44,84
859205.0,0,0,0,60,68
859215.0,0,0,0,60,68
859215.0,0,0,0,52,76
859222.0,0,0,0,52,76
859238.0,0,0,0,60,68
859271.0,0,0,0,60,68
859271.0,0,0,0,44,84
859306.0,0,0,0,44,84
859306.0,0,0,0,36,92
859310.0,0,0,0,52,76
859327.0,0,0,0,52,76
859342.0,0,0,0,52,76
859342.0,0,0,0,48,80
859357.0,0,0,0,56,72
859381.0,0,0,0,56,72
859381.0,0,0,0,48,80
859401.0,0,0,0,52,76
859410.0,0,0,0,60,68
859419.0,0,0,0,60,68
859419.0,0,0,0,52,76
859449.0,0,0,0,60,68
859521.0,0,0,0,60,68
859521.0,0,0,0,52,76
859523.0,0,0,0,52,76
859523.0,0,0,0,44,84
859546.0,0,0,0,52,76
859554.0,0,0,0,60,68
859570.0,0,0,0,60,68
859619.0,0,0,0,60,68
859619.0,0,0,0,52,76
859626.0,0,0,0,52,76
859656.0,0,0,0,52,76
859656.0,0,0,0,44,84
859659.0,0,0,0,52,76
859679.0,0,0,0,60,68
859709.0,0,0,0,60,68
859748.0,0,0,0,60,68
859748.0,0,0,0,56,72
859794.0,0,0,0,60,68
859832.0,0,0,0,60,68
859832.0,0,0,0,28,100
859840.0,0,0,0,28,100
859846.0,0,0,0,28,100
859846.0,0,0,0,24,104
859856.0,0,0,0,24,104
859886.0,0,0,0,28,100
859919.0,0,0,0,28,100
859919.0,0,0,0,27,101
859956.0,0,0,0,27,101
859956.0,0,0,0,23,105
859962.0,0,0,0,23,105
859962.0,0,0,0,15,113
859983.0,0,0,0,23,105
859986.0,0,0,0,27,101
860037.0,0,0,0,27,101
860059.0,0,0,0,59,69
860059.0,0,0,0,27,101
860092.0,0,0,0,27,101
860092.0,0,0,0,25,103
860116.0,0,0,0,27,101
860139.0,0,0,0,59,69
860146.0,0,0,0,91,37
860150.0,0,0,0,91,37
860150.0,0,0,0,90,38
860159.0,0,0,0,90,38
860159.0,0,0,0,88,40
860181.0,0,0,0,88,40
860183.0,0,0,0,88,40
860208.0,0,0,0,88,40
860208.0,0,0,0,86,42
860241.0,0,0,0,88,40
860259.0,0,0,0,89,39
860320.0,0,0,0,89,39
860323.0,0,0,0,89,39
860323.0,0,0,0,87,41
860348.0,0,0,0,87,41
860374.0,0,0,0,89,39
860476.0,0,0,0,91,37
860489.0,0,0,0,91,37
860489.0,0,0,0,83,45
860502.0,0,0,0,83,45
860514.0,0,0,0,91,37
860584.0,0,0,0,91,37
860584.0,0,0,0,89,39
860610.0,0,0,0,89,39
860610.0,0,0,0,88,40
860637.0,0,0,0,88,40
860637.0,0,0,0,87,41
860671.0,0,0,0,87,41
860718.0,0,0,0,88,40
860738.0,0,0,0,89,39
860757.0,0,0,0,93,35
860765.0,0,0,0,93,35
860765.0,0,0,0,85,43
860767.0,0,0,0,85,43
860786.0,0,0,0,93,35
860790.0,0,0,0,93,35
860790.0,0,0,0,92,36
860811.0,0,0,0,93,35
860816.0,0,0,0,93,35
860880.0,0,0,0,93,35
860883.0,0,0,0,93,35
860883.0,0,0,0,92,36
860904.0,0,0,0,94,34
860906.0,0,0,0,94,34
860906.0,0,0,0,62,66
860949.0,0,0,0,62,66
860949.0,0,0,0,54,74
860976.0,0,0,0,55,73
860980.0,0,0,0,63,65
861084.0,0,0,0,63,65
861084.0,0,0,0,55,73
861094.0,0,0,0,87,41
861106.0,0,0,0,95,33
861161.0,0,0,0,95,33
861161.0,0,0,0,87,41
861182.0,0,0,0,95,33
861183.0,0,0,0,95,33
861183.0,0,0,0,93,35
861186.0,0,0,0,93,35
861201.0,0,0,0,93,35
861231.0,0,0,0,94,34
861260.0,0,0,0,94,34
861260.0,0,0,0,93,35
861276.0,0,0,0,94,34
861280.0,0,0,0,94,34
861280.0,0,0,0,86,42
861451.0,0,0,0,88,40
861503.0,0,0,0,88,40
861522.0,0,0,0,88,40
861522.0,0,0,0,86,42
861619.0,0,0,0,86,42
861619.0,0,0,0,82,46
861635.0,0,0,0,86,42
861650.0,0,0,0,86,42
861656.0,0,0,0,86,42
861656.0,0,0,0,85,43
861691.0,0,0,0,85,43
861691.0,0,0,0,84,44
861728.0,0,0,0,84,44
861741.0,0,0,0,85,43
861802.0,0,0,0,85,43
861834.0,0,0,0,85,43
861834.0,0,0,0,84,44
861858.0,0,0,0,84,44
861874.0,0,0,0,85,43
861905.0,0,0,0,85,43
861938.0,0,0,0,85,43
861941.0,0,0,0,85,43
861941.0,0,0,0,77,51
861961.0,0,0,0,78,50
861973.0,0,0,0,86,42
861988.0,0,0,0,86,42
861988.0,0,0,0,78,50
861999.0,0,0,0,78,50
861999.0,0,0,0,76,52
862010.0,0,0,0,76,52
862042.0,0,0,0,84,44
862048.0,0,0,0,84,44
862048.0,0,0,0,52,76
862057.0,0,0,0,52,76
862068.0,0,0,0,84,44
862127.0,0,0,0,84,44
862127.0,0,0,0,52,76
862168.0,0,0,0,84,44
862196.0,0,0,0,84,44
862196.0,0,0,0,52,76
862217.0,0,0,0,84,44
862229.0,0,0,0,86,42
862241.0,0,0,0,118,10
862254.0,0,0,0,118,10
862268.0,0,0,0,118,10
862268.0,0,0,0,86,42
862327.0,0,0,0,118,10
862355.0,0,0,0,118,10
862355.0,0,0,0,86,42
862359.0,0,0,0,86,42
862371.0,0,0,0,86,42
862371.0,0,0,0,78,50
862378.0,0,0,0,78,50
862378.0,0,0,0,70,58
862379.0,0,0,0,70,58
862386.0,0,0,0,72,56
862395.0,0,0,0,80,48
862406.0,0,0,0,80,48
862406.0,0,0,0,48,80
862446.0,0,0,0,80,48
862457.0,0,0,0,80,48
862457.0,0,0,0,72,56
862474.0,0,0,0,72,56
862474.0,0,0,0,40,88
862481.0,0,0,0,48,80
862521.0,0,0,0,48,80
862521.0,0,0,0,40,88
862532.0,0,0,0,40,88
862532.0,0,0,0,38,90
862533.0,0,0,0,38,90
862533.0,0,0,0,30,98
862545.0,0,0,0,38,90
862584.0,0,0,0,70,58
862588.0,0,0,0,78,50
862674.0,0,0,0,78,50
862674.0,0,0,0,70,58
862683.0,0,0,0,70,58
862683.0,0,0,0,62,66
862721.0,0,0,0,64,64
862736.0,0,0,0,72,56
862759.0,0,0,0,72,56
862786.0,0,0,0,72,56
862786.0,0,0,0,70,58
862839.0,0,0,0,70,58
862846.0,0,0,0,70,58
862879.0,0,0,0,86,42
862907.0,0,0,0,86,42
862907.0,0,0,0,54,74
862909.0,0,0,0,94,34
862987.0,0,0,0,126,2
863013.0,0,0,0,128,0
863063.0,0,0,0,128,0
863063.0,0,0,0,96,32
863070.0,0,0,0,96,32
863070.0,0,0,0,64,64
863096.0,0,0,0,64,64
863096.0,0,0,0,56,72
863100.0,0,0,0,56,72
863100.0,0,0,0,48,80
863154.0,0,0,0,80,48
863176.0,0,0,0,80,48
863214.0,0,0,0,80,48
863486.0,0,0,0,80,48
863518.0,0,0,0,80,48
863518.0,0,0,0,79,49
863540.0,0,0,0,80,48
863604.0,0,0,0,80,48
863676.0,0,0,0,80,48
863794.0,0,0,0,80,48
863836.0,0,0,0,88,40
863875.0,0,0,0,128,0
863959.0,0,0,0,128,0
863959.0,0,0,0,96,32
863984.0,0,0,0,96,32
863984.0,0,0,0,88,40
863991.0,0,0,0,88,40
863991.0,0,0,0,86,42
864033.0,0,0,0,94,34
864034.0,0,0,0,126,2
864150.0,0,0,0,126,2
864150.0,0,0,0,118,10
864335.0,0,0,0,118,10
864382.0,0,0,0,118,10
864382.0,0,0,0,116,12
864455.0,0,0,0,124,4
864495.0,0,0,0,124,4
864495.0,0,0,0,92,36
864726.0,0,0,0,92,36
864726.0,0,0,0,60,68
864768.0,0,0,0,60,68
864837.0,0,0,0,92,36
864840.0,0,0,0,92,36
864840.0,0,0,0,84,44
864868.0,0,0,0,84,44
864917.0,0,0,0,84,44
864941.0,0,0,0,84,44
865014.0,0,0,0,92,36
865027.0,0,0,0,92,36
865041.0,0,0,0,92,36
865041.0,0,0,0,84,44
865061.0,0,0,0,84,44
865061.0,0,0,0,52,76
865082.0,0,0,0,84,44
865095.0,0,0,0,84,44
865146.0,0,0,0,84,44
865166.0,0,0,0,92,36
865196.0,0,0,0,92,36
865196.0,0,0,0,84,44
865255.0,0,0,0,92,36
865284.0,0,0,0,92,36
865342.0,0,0,0,92,36
865342.0,0,0,0,84,44
865401.0,0,0,0,92,36
865407.0,0,0,0,92,36
865407.0,0,0,0,76,52
865436.0,0,0,0,76,52
865476.0,0,0,0,78,50
865480.0,0,0,0,80,48
865494.0,0,0,0,80,48
865494.0,0,0,0,76,52
865514.0,0,0,0,80,48
865528.0,0,0,0,80,48
865528.0,0,0,0,76,52
865552.0,0,0,0,108,20
865570.0,0,0,0,124,4
865609.0,0,0,0,124,4
865615.0,0,0,0,124,4
865615.0,0,0,0,92,36
865626.0,0,0,0,92,36
865626.0,0,0,0,76,52
865687.0,0,0,0,76,52
865691.0,0,0,0,80,48
865716.0,0,0,0,96,32
865741.0,0,0,0,96,32
865741.0,0,0,0,80,48
865854.0,0,0,0,80,48
865855.0,0,0,0,96,32
865884.0,0,0,0,96,32
865884.0,0,0,0,95,33
865903.0,0,0,0,127,1
865951.0,0,0,0,128,0
865962.0,0,0,0,128,0
865962.0,0,0,0,127,1
865981.0,0,0,0,128,0
866029.0,0,0,0,128,0
866029.0,0,0,0,127,1
866053.0,0,0,0,128,0
866454.0,0,0,0,128,0
866454.0,0,0,0,96,32
866457.0,0,0,0,128,0
866536.0,0,0,0,128,0
866575.0,0,0,0,128,0
866733.0,0,0,0,128,0
866734.0,0,0,0,128,0
867155.0,0,0,0,128,0
867537.0,0,0,0,128,0
867782.0,0,0,0,128,0
867866.0,0,0,0,128,0
868101.0,0,0,0,128,0
868252.0,0,0,0,128,0
868252.0,0,0,9,119,0
868270.0,0,0,9,119,0
868270.0,0,0,25,103,0
868391.0,0,0,25,103,0
868391.0,0,0,29,99,0
868410.0,0,0,29,99,0
868410.0,0,0,29,97,2
868413.0,0,0,29,99,0
868416.0,0,0,29,99,0
868416.0,0,0,43,85,0
868440.0,0,0,43,85,0
868440.0,0,0,43,83,2
868443.0,0,0,43,85,0
868461.0,0,0,43,85,0
868461.0,0,0,43,69,16
868464.0,0,0,43,85,0
868495.0,0,0,43,85,0
868495.0,0,0,43,83,2
868498.0,0,0,43,85,0
868555.0,0,0,43,85,0
868603.0,0,0,43,85,0
868603.0,0,0,71,57,0
868651.0,0,0,71,57,0
868651.0,0,0,72,56,0
868681.0,0,0,72,56,0
868681.0,0,0,73,55,0
868753.0,0,0,73,55,0
868753.0,0,0,74,54,0
869157.0,0,0,74,54,0
869157.0,0,0,106,22,0
869510.0,0,0,106,22,0
869511.0,0,0,106,22,0
869742.0,0,0,106,22,0
869742.0,0,0,106,6,16
869764.0,0,0,106,22,0
869800.0,0,0,106,22,0
869800.0,0,0,106,18,4
869822.0,0,0,106,22,0
869981.0,0,0,106,22,0
869981.0,0,0,106,6,16
870078.0,0,0,106,22,0
870363.0,0,0,106,22,0
870363.0,0,0,106,14,8
870408.0,0,0,106,22,0
870435.0,0,0,106,22,0
870435.0,0,0,106,6,16
870440.0,0,0,106,6,16
870493.0,0,0,106,22,0
870505.0,0,0,106,22,0
870505.0,0,0,106,14,8
870510.0,0,0,106,14,8
870510.0,0,0,106,6,16
870555.0,0,0,106,6,16
870555.0,0,0,106,2,20
870568.0,0,0,106,10,12
870580.0,0,0,106,10,12
870591.0,0,0,106,10,12
870591.0,0,0,106,8,14
870601.0,0,0,106,12,10
870639.0,0,0,106,20,2
870639.0,0,0,106,4,18
870653.0,0,0,106,4,18
870653.0,0,0,106,0,22
870681.0,0,0,106,0,22
870702.0,0,0,106,4,18
870729.0,0,0,106,4,18
870917.0,0,0,106,6,16
870948.0,0,0,106,6,16
870948.0,0,0,106,4,18
870952.0,9,0,97,4,18
870970.0,25,0,81,4,18
871079.0,25,0,81,4,18
871079.0,25,0,81,0,22
871091.0,29,0,77,0,22
871113.0,29,0,77,0,22
871116.0,43,0,63,0,22
871116.0,11,32,63,0,22
871140.0,11,32,63,4,18
871143.0,11,32,63,4,18
871164.0,11,32,63,4,18
871227.0,11,32,63,4,18
871227.0,11,32,63,3,19
871244.0,11,32,63,4,18
871250.0,11,32,63,4,18
871250.0,11,32,63,0,22
871303.0,39,32,35,0,22
871303.0,7,64,35,0,22
871304.0,7,64,35,4,18
871351.0,8,64,34,4,18
871376.0,8,64,34,6,16
871381.0,9,64,33,6,16
871424.0,9,64,33,6,16
871424.0,9,64,33,4,18
871453.0,10,64,32,4,18
871508.0,10,64,32,4,18
871508.0,10,64,32,0,22
871586.0,10,64,32,4,18
871656.0,10,64,32,6,16
871665.0,10,64,32,6,16
871763.0,10,64,32,6,16
871763.0,10,64,32,4,18
871857.0,42,64,0,4,18
871857.0,2,104,0,4,18
871919.0,2,104,0,4,18
871977.0,2,104,0,4,18
871983.0,2,104,0,4,18
871983.0,0,106,0,4,18
872057.0,0,106,0,4,18
872178.0,0,106,0,6,16
872202.0,0,106,0,6,16
872202.0,0,106,0,4,18
872501.0,0,106,0,20,2
872501.0,0,106,0,4,18
872522.0,0,106,0,12,10
872522.0,0,106,0,4,18
872636.0,0,106,0,6,16
872665.0,0,106,0,6,16
872665.0,0,106,0,4,18
872671.0,0,106,0,6,16
872677.0,0,106,0,6,16
872677.0,0,106,0,2,20
872686.0,0,106,0,6,16
872698.0,0,106,0,6,16
872698.0,0,106,0,4,18
872778.0,0,106,0,4,18
872808.0,0,106,0,4,18
872914.0,0,106,0,4,18
872916.0,0,74,0,36,18
872916.0,0,74,0,4,50
873048.0,0,74,0,4,50
873103.0,0,42,0,36,50
873103.0,0,42,0,4,82
873104.0,0,42,0,4,82
873104.0,0,42,0,2,84
873108.0,0,42,0,2,84
873129.0,0,42,0,2,84
873165.0,0,42,0,2,84
873193.0,0,42,0,2,84
873242.0,0,42,0,2,84
873268.0,0,42,0,2,84
873307.0,0,42,0,4,82
873331.0,0,42,0,4,82
873331.0,0,42,0,2,84
873339.0,0,42,0,2,84
873402.0,0,42,0,2,84
873429.0,0,42,0,10,76
873431.0,0,42,0,18,68
873431.0,0,42,0,2,84
873484.0,0,42,0,4,82
873489.0,0,42,0,20,66
873489.0,0,42,0,12,74
873584.0,0,42,0,20,66
873584.0,0,42,0,12,74
873603.0,0,42,0,20,66
873657.0,0,2,0,62,64
873657.0,0,2,0,22,104
873675.0,0,2,0,30,96
873746.0,0,2,0,30,96
873746.0,0,2,0,28,98
873777.0,0,2,0,28,98
873777.0,0,2,0,20,106
873782.0,0,2,0,22,104
873783.0,0,0,0,24,104
873783.0,0,0,0,20,108
873800.0,0,0,0,28,100
873840.0,0,0,0,28,100
873896.0,0,0,0,28,100
873896.0,0,0,0,26,102
873926.0,0,0,0,28,100
874004.0,0,0,0,28,100
874067.0,0,0,0,28,100
874067.0,0,0,0,20,108
874091.0,0,0,0,28,100
874173.0,0,0,0,28,100
874173.0,0,0,0,26,102
874198.0,0,0,0,28,100
874286.0,0,0,0,28,100
874301.0,0,0,0,28,100
874301.0,0,0,0,26,102
874325.0,0,0,0,28,100
874407.0,0,0,0,28,100
874407.0,0,0,0,26,102
874431.0,0,0,0,28,100
874532.0,0,0,0,28,100
874532.0,0,0,0,27,101
874542.0,0,0,0,27,101
874542.0,0,0,0,25,103
874566.0,0,0,0,27,101
874622.0,0,0,0,27,101
874622.0,0,0,0,25,103
874646.0,0,0,0,27,101
874757.0,0,0,0,28,100
874878.0,0,0,0,28,100
874890.0,0,0,0,60,68
874890.0,0,0,0,12,116
874954.0,0,0,0,28,100
874954.0,0,0,0,12,116
874990.0,0,0,0,28,100
875201.0,0,0,0,28,100
875288.0,0,0,0,28,100
875316.0,0,0,0,32,96
875316.0,0,0,0,0,128
875336.0,0,0,0,0,128
875386.0,0,0,0,0,128
875915.0,0,0,0,32,96
875915.0,0,0,0,0,128
876007.0,0,0,0,0,128
876028.0,0,0,0,0,128
876097.0,0,0,0,0,128
876129.0,0,0,0,0,128
876149.0,0,0,0,0,128
876184.0,0,0,0,0,128
876187.0,0,0,0,32,96
876187.0,0,0,0,0,128
876189.0,0,0,0,0,128
876190.0,0,0,0,32,96
876190.0,0,0,0,0,128
876205.0,0,0,0,32,96
876205.0,0,0,0,27,101
876220.0,0,0,0,28,100
876288.0,0,0,0,28,100
876333.0,0,0,0,60,68
876333.0,0,0,0,28,100
876382.0,0,0,0,28,100
876382.0,0,0,0,20,108
876445.0,0,0,0,28,100
876460.0,0,0,0,28,100
876650.0,0,0,0,28,100
876678.0,0,0,0,28,100
876678.0,0,0,0,24,104
876711.0,0,0,0,28,100
876823.0,0,0,0,60,68
876823.0,0,0,0,28,100
876866.0,0,0,0,28,100
876960.0,0,0,0,60,68
876960.0,0,0,0,28,100
877128.0,0,0,0,60,68
877128.0,0,0,0,28,100
877152.0,0,0,0,28,100
877287.0,0,0,0,60,68
877287.0,0,0,0,28,100
877452.0,0,0,0,60,68
877538.0,0,0,0,60,68
877538.0,0,0,0,52,76
877581.0,0,0,0,60,68
877590.0,0,0,0,60,68
878244.0,0,0,0,60,68
878244.0,0,0,0,44,84
878271.0,0,0,0,44,84
878271.0,0,0,0,12,116
878313.0,0,0,0,28,100
878327.0,0,0,0,28,100
878327.0,0,0,0,12,116
878385.0,0,0,0,28,100
878404.0,0,0,0,28,100
878404.0,0,0,0,20,108
878439.0,0,0,0,52,76
878481.0,0,0,0,60,68
878585.0,0,0,0,60,68
878585.0,0,0,0,28,100
878645.0,0,0,0,28,100
878645.0,0,0,0,24,104
878669.0,0,0,0,24,104
878669.0,0,0,0,8,120
878687.0,0,0,0,12,116
878704.0,0,0,0,28,100
878905.0,0,0,0,28,100
878964.0,0,0,0,28,100
878964.0,0,0,0,24,104
878994.0,0,0,0,24,104
878994.0,0,0,0,22,106
879012.0,0,0,0,28,100
879033.0,0,0,0,28,100
879054.0,0,0,0,28,100
879054.0,0,0,0,24,104
879075.0,0,0,0,24,104
879075.0,0,0,0,22,106
879139.0,0,0,0,26,102
879140.0,0,0,0,28,100
879179.0,0,0,0,28,100
879179.0,0,0,0,24,104
879201.0,0,0,0,24,104
879201.0,0,0,0,22,106
879262.0,0,0,0,26,102
879263.0,0,0,0,28,100
879275.0,0,0,0,28,100
879275.0,0,0,0,24,104
879296.0,0,0,0,24,104
879296.0,0,0,0,22,106
879368.0,0,0,0,22,106
879368.0,0,0,0,6,122
879447.0,0,0,0,22,106
879471.0,0,0,0,22,106
879471.0,0,0,0,6,122
879518.0,0,0,0,22,106
879523.0,0,0,0,22,106
879660.0,0,0,0,22,106
879674.0,0,0,0,22,106
879674.0,0,0,0,20,108
879716.0,0,0,0,22,106
879828.0,0,0,0,22,106
879953.0,0,0,0,22,106
879953.0,0,0,0,18,110
879976.0,0,0,0,22,106
879987.0,0,0,0,22,106
880009.0,0,0,0,22,106
880009.0,0,0,0,14,114
880054.0,0,0,0,22,106
880107.0,0,0,0,22,106
880107.0,0,0,0,6,122
880144.0,0,0,0,22,106
880152.0,0,0,0,22,106
880173.0,0,0,0,28,100
880217.0,0,0,0,28,100
880217.0,0,0,0,24,104
880238.0,0,0,0,24,104
880238.0,0,0,0,22,106
880242.0,0,0,0,22,106
880242.0,0,0,0,6,122
880279.0,0,0,0,22,106
880314.0,0,0,0,22,106
880314.0,0,0,0,6,122
880344.0,0,0,0,12,116
880380.0,0,0,0,28,100
880736.0,0,0,0,60,68
880782.0,0,0,0,60,68
880782.0,0,0,0,52,76
880866.0,0,0,0,60,68
880884.0,0,0,0,60,68
880884.0,0,0,0,28,100
880979.0,0,0,0,60,68
881013.0,0,0,0,60,68
881139.0,0,0,0,60,68
881146.0,0,0,0,60,68
881146.0,0,0,0,52,76
881181.0,0,0,0,52,76
881230.0,0,0,0,60,68
881329.0,0,0,0,60,68
881329.0,0,0,0,44,84
881344.0,0,0,0,60,68
881387.0,0,0,0,60,68
881404.0,0,0,0,60,68
881492.0,0,0,0,60,68
881492.0,0,0,0,44,84
881520.0,0,0,0,60,68
881560.0,0,0,0,60,68
881560.0,0,0,0,44,84
881580.0,0,0,0,60,68
881603.0,0,0,0,92,36
881603.0,0,0,0,60,68
881719.0,0,0,0,60,68
881719.0,0,0,0,28,100
881756.0,0,0,0,28,100
881756.0,0,0,0,20,108
881845.0,0,0,0,20,108
881845.0,0,0,0,4,124
881867.0,0,0,0,20,108
881962.0,0,0,0,20,108
882032.0,0,0,0,20,108
882032.0,0,0,0,4,124
882049.0,0,0,0,20,108
882074.0,0,0,0,20,108
882074.0,0,0,0,4,124
882147.0,0,0,0,4,124
882172.0,0,0,0,20,108
882218.0,0,0,0,20,108
882601.0,0,0,0,20,108
882601.0,0,0,0,4,124
882625.0,0,0,0,20,108
882754.0,0,0,0,20,108
882811.0,0,0,0,20,108
882811.0,0,0,0,4,124
882835.0,0,0,0,20,108
882844.0,0,0,0,20,108
882873.0,0,0,0,20,108
882979.0,0,0,0,20,108
882988.0,0,0,0,20,108
882988.0,0,0,0,16,112
883044.0,0,0,0,16,112
883178.0,0,0,0,20,108
883185.0,0,0,0,20,108
883185.0,0,0,0,12,116
883286.0,0,0,0,20,108
883342.0,0,0,0,20,108
883342.0,0,0,0,16,112
883436.0,0,0,0,16,112
883444.0,0,0,0,20,108
883566.0,0,0,0,20,108
883679.0,0,0,0,20,108
883884.0,0,0,0,20,108
883884.0,0,0,0,12,116
884108.0,0,0,0,20,108
884115.0,0,0,0,20,108
884115.0,0,0,0,12,116
884121.0,0,0,0,12,116
884121.0,0,0,0,10,118
884133.0,0,0,0,10,118
884133.0,0,0,0,8,120
884138.0,0,0,0,8,120
884138.0,0,0,0,4,124
884143.0,0,0,0,6,122
884144.0,0,0,0,8,120
884218.0,0,0,0,16,112
884220.0,0,0,0,16,112
884234.0,0,0,0,16,112
884234.0,0,0,0,8,120
884303.0,0,0,0,8,120
884305.0,0,0,0,16,112
884478.0,0,0,0,20,108
884548.0,0,0,0,52,76
884549.0,0,0,0,60,68
884567.0,0,0,0,60,68
884749.0,0,0,0,60,68
884872.0,0,0,0,60,68
884925.0,0,0,0,92,36
885325.0,0,0,0,92,36
885535.0,0,0,0,92,36
885704.0,0,0,0,92,36
885704.0,0,0,0,60,68
885794.0,0,0,0,92,36
885888.0,0,0,0,92,36
885888.0,0,0,0,28,100
885986.0,0,0,0,28,100
886137.0,0,0,0,60,68
886144.0,0,0,0,60,68
886148.0,0,0,0,60,68
886148.0,0,0,0,28,100
886401.0,0,0,0,92,36
886438.0,0,0,0,96,32
886442.0,0,0,0,96,32
886442.0,0,0,0,64,64
886500.0,0,0,0,64,64
886500.0,0,0,0,60,68
886596.0,0,0,0,92,36
886609.0,0,0,0,92,36
886609.0,0,0,0,60,68
886754.0,0,0,0,60,68
886754.0,0,0,0,59,69
886770.0,0,0,0,60,68
886808.0,0,0,0,60,68
886815.0,0,0,0,92,36
886918.0,0,0,0,92,36
887248.0,0,0,0,92,36
887411.0,0,0,0,92,36
887411.0,0,0,0,60,68
887444.0,0,0,0,92,36
887586.0,0,0,0,92,36
887586.0,0,0,0,60,68
887612.0,0,0,0,60,68
887612.0,0,0,0,28,100
887662.0,0,0,0,60,68
888129.0,0,0,0,60,68
888129.0,0,0,0,28,100
888282.0,0,0,0,60,68
888494.0,0,0,0,60,68
888609.0,0,0,0,92,36
888837.0,0,0,0,92,36
888889.0,0,0,0,92,36
888889.0,0,0,0,60,68
888909.0,0,0,0,92,36
889027.0,0,0,0,92,36
889027.0,0,0,0,60,68
889101.0,0,0,0,60,68
889180.0,0,0,0,92,36
889289.0,0,0,0,92,36
889289.0,0,0,0,60,68
889296.0,0,0,0,60,68
889311.0,0,0,0,60,68
889311.0,0,0,0,28,100
889436.0,0,0,0,60,68
889515.0,0,0,0,60,68
889845.0,0,0,0,60,68
889845.0,0,0,0,28,100
890008.0,0,0,0,60,68
890144.0,0,0,0,60,68
890362.0,0,0,0,60,68
890487.0,0,0,0,92,36
890884.0,0,0,0,92,36
890884.0,0,0,0,60,68
890937.0,0,0,0,60,68
890937.0,0,0,0,28,100
890982.0,0,0,0,28,100
890984.0,0,0,0,60,68
890986.0,0,0,0,92,36
890990.0,0,0,0,92,36
890990.0,0,0,0,60,68
891063.0,0,0,0,60,68
891063.0,0,0,0,28,100
891103.0,0,0,0,60,68
891153.0,0,0,0,92,36
891287.0,0,0,0,96,32
891289.0,0,0,0,96,32
891289.0,0,0,0,64,64
891309.0,0,0,0,64,64
891346.0,0,0,0,64,64
891346.0,0,0,0,60,68
891609.0,0,0,0,60,68
891823.0,0,0,0,60,68
891823.0,0,0,0,28,100
891880.0,0,0,0,28,100
892136.0,0,0,0,28,100
892167.0,0,0,0,60,68
892346.0,0,0,0,92,36
892609.0,0,0,0,92,36
892609.0,0,0,0,60,68
892708.0,0,0,0,60,68
893187.0,0,0,0,60,68
893377.0,0,0,0,60,68
893377.0,0,0,0,28,100
893684.0,0,0,0,28,100
893686.0,0,0,0,28,100
893803.0,0,0,0,28,100
893805.0,0,0,0,60,68
893853.0,0,0,0,60,68
894129.0,0,0,0,92,36
894741.0,0,0,0,92,36
894741.0,0,0,0,60,68
894867.0,0,0,0,60,68
895046.0,0,0,0,60,68
896505.0,0,0,0,60,68
896505.0,0,0,28,32,68
896614.0,0,0,28,64,36
896829.0,0,0,28,64,36
896829.0,0,0,60,32,36
897628.0,0,0,60,32,36
897628.0,0,0,60,0,68
898555.0,0,0,60,0,68
899187.0,0,0,60,0,68
899205.0,28,0,32,0,68
899314.0,28,0,32,0,68
899322.0,28,0,32,0,68
899529.0,60,0,0,0,68
899529.0,28,32,0,0,68
899710.0,28,32,0,32,36
899710.0,28,32,0,0,68
899744.0,28,32,0,0,68
899781.0,28,32,0,32,36
899781.0,27,33,0,0,68
900165.0,27,33,0,0,68
901329.0,27,1,0,32,68
901329.0,27,1,0,0,100
901581.0,27,0,0,1,100
901581.0,27,0,0,0,101
901597.0,27,0,0,1,100
901750.0,27,0,0,33,68
901750.0,27,0,0,1,100
903060.0,27,0,0,33,68
904297.0,27,0,0,33,68
904450.0,27,0,0,33,68
904450.0,27,0,1,32,68
905760.0,27,0,1,32,68
905760.0,27,0,33,0,68
907150.0,28,0,32,0,68
908460.0,60,0,0,0,68
909043.0,60,0,0,0,68
909043.0,28,32,0,0,68
910843.0,28,0,0,32,68
910843.0,28,0,0,0,100
912327.0,28,0,0,0,100
912675.0,28,0,0,32,68
912675.0,28,0,0,0,100
914127.0,28,0,0,32,68
915617.0,28,0,0,64,36
915620.0,28,0,0,68,32
915637.0,28,0,0,68,32
915956.0,28,0,0,100,0
915956.0,0,28,0,100,0
916827.0,0,28,0,100,0
916981.0,0,28,0,100,0
917127.0,0,28,0,100,0
917193.0,0,28,0,100,0
917756.0,0,0,0,128,0
917756.0,0,0,0,0,128
919096.0,0,0,0,128,0
919096.0,0,0,0,60,68
920267.0,0,0,0,60,68
920267.0,0,0,0,28,100
921796.0,0,0,0,28,100
921796.0,0,0,28,0,100
922383.0,0,0,28,32,68
923549.0,0,0,28,64,36
923550.0,0,0,28,64,36
923550.0,0,0,28,32,68
924496.0,28,0,0,32,68
925083.0,28,0,0,32,68
926249.0,28,0,0,32,68
926249.0,28,0,32,0,68
926497.0,28,0,32,0,68
926497.0,27,1,32,0,68
926845.0,27,1,32,0,68
926846.0,27,1,32,32,36
926846.0,27,1,32,0,68
927262.0,27,1,32,0,68
927262.0,26,2,32,0,68
927942.0,26,2,32,0,68
927942.0,18,10,32,0,68
928160.0,18,10,32,0,68
928160.0,10,18,32,0,68
928297.0,10,17,32,1,68
928297.0,10,17,32,0,69
928636.0,10,17,32,1,68
928755.0,10,17,32,1,68
928755.0,8,19,32,1,68
928803.0,8,19,32,1,68
928803.0,0,27,32,1,68
928949.0,32,27,0,1,68
929042.0,32,27,0,1,68
929042.0,24,35,0,1,68
929062.0,24,34,0,2,68
929062.0,24,34,0,1,69
929091.0,24,34,0,2,68
929140.0,24,34,0,2,68
929140.0,16,42,0,2,68
929457.0,16,42,0,2,68
929457.0,8,50,0,2,68
929593.0,8,50,0,2,68
929593.0,0,58,0,2,68
929605.0,0,58,0,2,68
929605.0,0,58,0,0,70
929739.0,0,58,0,0,70
929742.0,0,50,0,8,70
929742.0,0,50,0,0,78
929856.0,0,50,0,0,78
929923.0,0,50,0,8,70
929923.0,0,50,0,0,78
929960.0,0,42,0,8,78
929960.0,0,42,0,0,86
929980.0,0,42,0,8,78
929980.0,0,42,0,0,86
930152.0,0,42,0,32,54
930153.0,0,42,0,32,54
930153.0,0,42,0,0,86
930470.0,0,42,0,8,78
930551.0,0,42,0,16,70
930555.0,0,40,0,18,70
930555.0,0,40,0,16,72
930603.0,0,32,0,24,72
930603.0,0,32,0,16,80
930687.0,0,32,0,24,72
930803.0,0,32,0,26,70
930842.0,0,24,0,34,70
930842.0,0,24,0,26,78
930901.0,0,24,0,34,70
930940.0,0,16,0,42,70
930940.0,0,16,0,34,78
931021.0,0,16,0,42,70
931257.0,0,8,0,50,70
931257.0,0,8,0,42,78
931312.0,0,8,0,50,70
931336.0,0,8,0,50,70
931393.0,0,0,0,58,70
931393.0,0,0,0,50,78
931446.0,0,0,0,58,70
931822.0,0,0,0,58,70
931822.0,0,0,0,50,78
931877.0,0,0,0,58,70
931924.0,0,0,0,58,70
931924.0,0,0,0,50,78
932051.0,0,0,0,58,70
932161.0,0,0,0,58,70
932161.0,0,0,0,50,78
932310.0,0,0,0,58,70
932492.0,0,0,0,58,70
932492.0,0,0,0,50,78
932584.0,0,0,0,58,70
932669.0,0,0,0,58,70
932669.0,0,0,0,50,78
932797.0,0,0,0,58,70
932852.0,0,0,0,58,70
932986.0,0,0,0,58,70
932986.0,0,0,0,26,102
933170.0,0,0,0,26,102
933251.0,0,0,0,26,102
933387.0,0,0,0,26,102
933430.0,0,0,0,58,70
933441.0,0,0,0,58,70
933441.0,0,0,0,26,102
933448.0,0,0,0,58,70
933478.0,0,0,0,58,70
933478.0,0,0,0,26,102
933503.0,0,0,0,26,102
933601.0,0,0,0,26,102
933721.0,0,0,0,26,102
933735.0,0,0,0,26,102
933785.0,0,0,0,26,102
933792.0,0,0,0,26,102
933792.0,0,0,0,21,107
933819.0,0,0,0,22,106
933906.0,0,0,0,54,74
933906.0,0,0,0,22,106
934431.0,0,0,0,22,106
934431.0,0,0,0,14,114
934516.0,0,0,0,16,112
934521.0,0,0,0,24,104
934632.0,0,0,0,24,104
934632.0,0,0,0,22,106
934751.0,0,0,0,22,106
934901.0,0,0,0,22,106
934901.0,0,0,0,18,110
935027.0,0,0,0,22,106
935179.0,0,0,0,22,106
935179.0,0,0,0,18,110
935315.0,0,0,0,22,106
935402.0,0,0,0,54,74
935460.0,0,0,0,54,74
935460.0,0,0,0,50,78
935585.0,0,0,0,54,74
935637.0,0,0,0,58,70
935963.0,0,0,0,58,70
935963.0,0,0,0,42,86
936051.0,0,0,0,58,70
936130.0,0,0,0,58,70
936148.0,0,0,0,58,70
936606.0,0,0,0,58,70
936739.0,0,0,0,60,68
936743.0,0,0,0,92,36
936743.0,0,0,0,60,68
937216.0,0,0,0,60,68
938015.0,0,0,0,60,68
938102.0,0,0,0,60,68
938102.0,0,0,2,58,68
938285.0,0,0,2,58,68
938285.0,0,0,6,54,68
938337.0,0,0,6,54,68
938337.0,0,0,10,50,68
938751.0,0,0,10,50,68
938751.0,0,0,26,34,68
939044.0,0,0,26,34,68
939044.0,0,0,26,32,70
939439.0,0,0,26,32,70
939443.0,0,0,26,32,70
939443.0,0,0,58,0,70
940026.0,0,0,58,32,38
940027.0,0,0,58,32,38
940027.0,0,0,58,0,70
940115.0,0,0,58,2,68
940171.0,0,0,58,2,68
940435.0,0,0,58,2,68
940755.0,0,0,58,2,68
940755.0,0,0,58,0,70
940802.0,2,0,56,0,70
940956.0,2,0,56,2,68
940956.0,0,2,56,2,68
940985.0,4,2,52,2,68
940985.0,3,3,52,2,68
941037.0,7,3,48,2,68
941104.0,7,3,48,2,68
941208.0,7,3,48,2,68
941451.0,23,3,32,2,68
941511.0,23,3,32,2,68
941616.0,23,3,32,2,68
941680.0,23,3,32,2,68
941956.0,23,3,32,2,68
941987.0,23,3,32,2,68
942000.0,23,3,32,2,68
942141.0,23,3,32,2,68
942143.0,55,3,0,2,68
942143.0,22,36,0,2,68
942726.0,22,36,0,2,68
942756.0,22,34,0,4,68
942756.0,22,34,0,0,72
942785.0,22,33,0,1,72
942785.0,22,33,0,0,73
942804.0,22,33,0,1,72
942804.0,21,34,0,1,72
942815.0,21,34,0,1,72
942940.0,21,34,0,5,68
943288.0,21,34,0,5,68
943288.0,20,35,0,5,68
943320.0,20,35,0,37,36
943320.0,4,51,0,5,68
943326.0,4,51,0,5,68
943422.0,4,51,0,37,36
943422.0,4,51,0,5,68
943493.0,4,51,0,37,36
943493.0,0,55,0,13,60
943523.0,0,55,0,29,44
943598.0,0,55,0,29,44
943623.0,0,55,0,33,40
943714.0,0,55,0,33,40
943714.0,0,55,0,32,41
943730.0,0,55,0,33,40
943917.0,0,55,0,33,40
943931.0,0,55,0,33,40
943943.0,0,22,0,66,40
943943.0,0,22,0,25,81
943961.0,0,22,0,26,80
943988.0,0,22,0,26,80
943988.0,0,22,0,22,84
944027.0,0,22,0,30,76
944044.0,0,22,0,62,44
944044.0,0,22,0,30,76
944156.0,0,22,0,30,76
944156.0,0,22,0,29,77
944177.0,0,22,0,30,76
944604.0,0,21,0,31,76
944604.0,0,21,0,30,77
944618.0,0,21,0,31,76
944749.0,0,21,0,31,76
944749.0,0,21,0,30,77
944779.0,0,21,0,31,76
945088.0,0,20,0,32,76
945088.0,0,20,0,31,77
945119.0,0,20,0,32,76
945120.0,0,4,0,48,76
945120.0,0,4,0,32,92
945135.0,0,4,0,48,76
945135.0,0,4,0,16,108
945187.0,0,4,0,16,108
945249.0,0,4,0,48,76
945249.0,0,4,0,16,108
945293.0,0,0,0,20,108
945293.0,0,0,0,4,124
945306.0,0,0,0,20,108
945306.0,0,0,0,12,116
945325.0,0,0,0,12,116
945325.0,0,0,0,4,124
945337.0,0,0,0,4,124
945359.0,0,0,0,12,116
945404.0,0,0,0,20,108
945404.0,0,0,0,4,124
945435.0,0,0,0,20,108
945482.0,0,0,0,20,108
945482.0,0,0,0,4,124
945504.0,0,0,0,4,124
945519.0,0,0,0,4,124
945525.0,0,0,0,20,108
945525.0,0,0,0,12,116
945586.0,0,0,0,20,108
945664.0,0,0,0,20,108
945664.0,0,0,0,12,116
945749.0,0,0,0,20,108
945763.0,0,0,0,20,108
945763.0,0,0,0,4,124
945779.0,0,0,0,20,108
945889.0,0,0,0,20,108
945889.0,0,0,0,12,116
946020.0,0,0,0,12,116
946064.0,0,0,0,12,116
946064.0,0,0,0,10,118
946091.0,0,0,0,10,118
946117.0,0,0,0,10,118
946122.0,0,0,0,10,118
946193.0,0,0,0,10,118
946217.0,0,0,0,18,110
946280.0,0,0,0,20,108
946383.0,0,0,0,20,108
946383.0,0,0,0,4,124
946426.0,0,0,0,4,124
946470.0,0,0,0,12,116
946540.0,0,0,0,12,116
946540.0,0,0,0,3,125
946559.0,0,0,0,4,124
946595.0,0,0,0,4,124
946704.0,0,0,0,12,116
946744.0,0,0,0,12,116
946760.0,0,0,0,12,116
946760.0,0,0,0,6,122
946794.0,0,0,0,38,90
946794.0,0,0,0,6,122
946823.0,0,0,0,14,114
946903.0,0,0,0,18,110
946940.0,0,0,0,18,110
946940.0,0,0,0,16,112
946969.0,0,0,0,16,112
946969.0,0,0,0,12,116
946973.0,0,0,0,12,116
946973.0,0,0,0,8,120
946979.0,0,0,0,12,116
947011.0,0,0,0,16,112
947013.0,0,0,0,16,112
947013.0,0,0,0,14,114
947064.0,0,0,0,16,112
947074.0,0,0,0,16,112
947074.0,0,0,0,12,116
947118.0,0,0,0,12,116
947118.0,0,0,0,4,124
947122.0,0,0,0,4,124
947187.0,0,0,0,8,120
947214.0,0,0,0,16,112
947266.0,0,0,0,16,112
947286.0,0,0,0,16,112
947286.0,0,0,0,4,124
947325.0,0,0,0,8,120
947351.0,0,0,0,10,118
947382.0,0,0,0,18,110
947453.0,0,0,0,20,108
947464.0,0,0,0,52,76
947464.0,0,0,0,20,108
947591.0,0,0,0,20,108
947591.0,0,0,0,12,116
947624.0,0,0,0,20,108
947703.0,0,0,0,20,108
947703.0,0,0,0,18,110
947747.0,0,0,0,18,110
947747.0,0,0,0,16,112
947749.0,0,0,0,18,110
947809.0,0,0,0,18,110
947809.0,0,0,0,14,114
947835.0,0,0,0,14,114
947863.0,0,0,0,46,82
947868.0,0,0,0,50,78
947907.0,0,0,0,50,78
947907.0,0,0,0,46,82
947949.0,0,0,0,46,82
948006.0,0,0,0,46,82
948007.0,0,0,0,46,82
948007.0,0,0,0,42,86
948029.0,0,0,0,44,84
948063.0,0,0,0,44,84
948063.0,0,0,0,28,100
948104.0,0,0,0,28,100
948116.0,0,0,0,44,84
948135.0,0,0,0,44,84
948178.0,0,0,0,44,84
948178.0,0,0,0,42,86
948217.0,0,0,0,42,86
948217.0,0,0,0,38,90
948225.0,0,0,0,38,90
948272.0,0,0,0,38,90
948272.0,0,0,0,22,106
948292.0,0,0,0,26,102
948305.0,0,0,0,42,86
948373.0,0,0,0,42,86
948373.0,0,0,0,26,102
948400.0,0,0,0,30,98
948412.0,0,0,0,32,96
948415.0,0,0,0,48,80
948446.0,0,0,0,52,76
948449.0,0,0,0,52,76
948479.0,0,0,0,52,76
948565.0,0,0,0,52,76
948565.0,0,0,0,50,78
948843.0,0,0,0,52,76
948870.0,0,0,0,52,76
948870.0,0,0,0,50,78
948917.0,0,0,0,50,78
948981.0,0,0,0,50,78
948981.0,0,0,0,46,82
948996.0,0,0,0,46,82
948996.0,0,0,0,44,84
949047.0,0,0,0,48,80
949134.0,0,0,0,50,78
949141.0,0,0,0,52,76
949170.0,0,0,0,52,76
949404.0,0,0,0,52,76
949406.0,0,0,0,52,76
949406.0,0,0,0,50,78
949438.0,0,0,0,52,76
949461.0,0,0,0,52,76
949461.0,0,0,0,50,78
949494.0,0,0,0,50,78
949523.0,0,0,0,50,78
949592.0,0,0,0,50,78
949592.0,0,0,0,46,82
949603.0,0,0,0,46,82
949626.0,0,0,0,46,82
949626.0,0,0,0,45,83
949641.0,0,0,0,49,79
949645.0,0,0,0,50,78
949711.0,0,0,0,50,78
949712.0,0,0,0,52,76
949714.0,0,0,0,52,76
949714.0,0,0,0,48,80
949764.0,0,0,0,52,76
949796.0,0,0,0,52,76
949796.0,0,0,0,48,80
949853.0,0,0,0,52,76
949891.0,0,0,0,52,76
949891.0,0,0,0,48,80
949914.0,0,0,0,48,80
949942.0,0,0,0,52,76
949970.0,0,0,0,52,76
949970.0,0,0,0,50,78
950062.0,0,0,0,50,78
950062.0,0,0,0,18,110
950086.0,0,0,0,20,108
950164.0,0,0,0,20,108
950268.0,0,0,0,20,108
950268.0,0,0,0,18,110
950324.0,0,0,0,18,110
950394.0,0,0,0,20,108
950407.0,0,0,0,52,76
950478.0,0,0,0,52,76
950478.0,0,0,0,50,78
950563.0,0,0,0,50,78
950568.0,0,0,0,50,78
950596.0,0,0,0,50,78
950596.0,0,0,0,46,82
950642.0,0,0,0,48,80
950646.0,0,0,0,52,76
950675.0,0,0,0,52,76
950675.0,0,0,0,50,78
950679.0,0,0,0,50,78
950679.0,0,0,0,34,94
950715.0,0,0,0,50,78
950721.0,0,0,0,50,78
950721.0,0,0,0,46,82
950775.0,0,0,0,50,78
950815.0,0,0,0,52,76
950816.0,0,0,0,52,76
950923.0,0,0,0,52,76
950923.0,0,0,0,51,77
950945.0,0,0,0,52,76
950992.0,0,0,0,52,76
951005.0,0,0,0,52,76
951047.0,0,0,0,52,76
951047.0,0,0,0,51,77
951052.0,0,0,0,52,76
951100.0,0,0,0,52,76
951112.0,0,0,0,52,76
951115.0,0,0,0,52,76
951170.0,0,0,0,52,76
951170.0,0,0,0,50,78
951268.0,0,0,0,50,78
951268.0,0,0,0,42,86
951303.0,0,0,0,50,78
951304.0,0,0,0,52,76
951307.0,0,0,0,52,76
951307.0,0,0,0,44,84
951315.0,0,0,0,44,84
951315.0,0,0,0,42,86
951350.0,0,0,0,50,78
951362.0,0,0,0,52,76
951391.0,0,0,0,52,76
951391.0,0,0,0,50,78
951412.0,0,0,0,52,76
951418.0,0,0,0,52,76
951418.0,0,0,0,44,84
951428.0,0,0,0,44,84
951428.0,0,0,0,42,86
951444.0,0,0,0,50,78
951456.0,0,0,0,52,76
951538.0,0,0,0,52,76
951538.0,0,0,0,44,84
951600.0,0,0,0,52,76
951690.0,0,0,0,52,76
951690.0,0,0,0,48,80
951712.0,0,0,0,52,76
951731.0,0,0,0,52,76
951731.0,0,0,0,48,80
951753.0,0,0,0,52,76
951763.0,0,0,0,52,76
951763.0,0,0,0,51,77
951787.0,0,0,0,52,76
951885.0,0,0,0,60,68
951891.0,0,0,0,60,68
951891.0,0,0,0,59,69
951912.0,0,0,0,60,68
952082.0,0,0,0,60,68
952082.0,0,0,0,59,69
952085.0,0,0,0,60,68
952106.0,0,0,0,60,68
952106.0,0,0,0,59,69
952127.0,0,0,0,60,68
952149.0,0,0,0,60,68
952149.0,0,0,0,59,69
952165.0,0,0,0,60,68
952208.0,0,0,0,60,68
952208.0,0,0,0,56,72
952318.0,0,0,0,88,40
952341.0,0,0,0,88,40
952412.0,0,0,0,88,40
952464.0,0,0,0,88,40
952553.0,0,0,0,88,40
952656.0,0,0,0,92,36
953107.0,0,0,0,92,36
953342.0,0,0,0,92,36
953415.0,0,0,0,92,36
953475.0,0,0,0,92,36
953515.0,0,0,0,92,36
953645.0,0,0,0,92,36
953752.0,0,0,0,92,36
954003.0,0,0,0,92,36
954003.0,0,0,3,89,36
954004.0,0,0,3,89,36
954004.0,0,0,5,87,36
954050.0,0,0,5,87,36
954050.0,0,0,13,79,36
954062.0,0,0,13,79,36
954062.0,0,0,15,77,36
954112.0,0,0,15,77,36
954112.0,0,0,17,75,36
954144.0,0,0,17,75,36
954144.0,0,0,25,67,36
954156.0,0,0,25,67,36
954156.0,0,0,27,65,36
954300.0,0,0,27,65,36
954300.0,0,0,35,57,36
954361.0,0,0,35,57,36
954361.0,0,0,35,53,40
954382.0,0,0,35,57,36
954412.0,0,0,35,57,36
954453.0,0,0,35,57,36
954453.0,0,0,39,53,36
954487.0,0,0,39,53,36
954487.0,0,0,40,52,36
954533.0,0,0,40,52,36
954533.0,0,0,40,48,40
954585.0,0,0,40,48,40
954585.0,0,0,44,44,40
954612.0,0,0,44,44,40
954612.0,0,0,45,43,40
954785.0,0,0,45,43,40
954785.0,0,0,46,42,40
954827.0,0,0,46,42,40
954827.0,0,0,47,41,40
954865.0,0,0,47,41,40
954865.0,0,0,48,40,40
955018.0,0,0,48,40,40
955018.0,0,0,80,8,40
955226.0,0,0,80,12,36
955352.0,0,0,80,12,36
955356.0,0,0,80,12,36
955356.0,0,0,84,8,36
956218.0,0,0,84,8,36
956251.0,0,0,84,8,36
956251.0,0,0,84,0,44
956703.0,3,0,81,0,44
956704.0,5,0,79,0,44
956750.0,13,0,71,0,44
956762.0,15,0,69,0,44
956812.0,17,0,67,0,44
956844.0,25,0,59,0,44
956856.0,27,0,57,0,44
957000.0,35,0,49,0,44
957082.0,35,0,49,0,44
957153.0,39,0,45,0,44
957162.0,39,0,45,0,44
957187.0,40,0,44,0,44
957285.0,44,0,40,0,44
957295.0,44,0,40,0,44
957312.0,45,0,39,0,44
957485.0,46,0,38,0,44
957527.0,47,0,37,0,44
957565.0,48,0,36,0,44
957718.0,80,0,4,0,44
957718.0,16,64,4,0,44
957747.0,16,64,4,0,44
957871.0,16,64,4,0,44
958056.0,20,64,0,0,44
958314.0,20,64,0,0,44
958327.0,20,64,0,0,44
958375.0,20,64,0,0,44
958433.0,20,64,0,0,44
958603.0,20,64,0,0,44
958828.0,20,64,0,0,44
959072.0,20,64,0,0,44
959276.0,20,64,0,0,44
959518.0,20,0,0,64,44
959518.0,20,0,0,0,108
959544.0,20,0,0,0,108
959589.0,20,0,0,0,108
959622.0,20,0,0,0,108
959681.0,20,0,0,64,44
959681.0,19,1,0,0,108
959812.0,19,1,0,32,76
959812.0,16,4,0,0,108
959934.0,16,4,0,32,76
959934.0,5,15,0,0,108
960030.0,5,15,0,0,108
960613.0,5,15,0,0,108
960634.0,5,15,0,0,108
960766.0,5,15,0,0,108
960777.0,5,15,0,0,108
960788.0,5,15,0,0,108
960809.0,5,15,0,0,108
960827.0,5,15,0,32,76
960827.0,0,20,0,0,108
960836.0,0,20,0,0,108
961123.0,0,20,0,32,76
961123.0,0,20,0,0,108
961481.0,0,19,0,1,108
961481.0,0,19,0,0,109
961496.0,0,19,0,1,108
961592.0,0,19,0,33,76
961592.0,0,19,0,21,88
961612.0,0,16,0,24,88
961612.0,0,16,0,21,91
961624.0,0,16,0,23,89
961627.0,0,16,0,24,88
961633.0,0,16,0,26,86
961651.0,0,16,0,28,84
961672.0,0,16,0,30,82
961685.0,0,16,0,32,80
961685.0,0,16,0,0,112
961693.0,0,16,0,2,110
961705.0,0,16,0,4,108
961734.0,0,5,0,15,108
961734.0,0,5,0,4,119
961754.0,0,5,0,5,118
961755.0,0,5,0,9,114
961770.0,0,5,0,17,106
961877.0,0,5,0,19,104
962018.0,0,5,0,21,102
962066.0,0,5,0,23,100
962243.0,0,5,0,23,100
962261.0,0,5,0,23,100
962627.0,0,0,0,28,100
962627.0,0,0,0,23,105
963748.0,0,0,0,24,104
963780.0,0,0,0,28,100
964196.0,0,0,0,28,100
964248.0,0,0,0,28,100
964248.0,0,0,0,19,109
964255.0,0,0,0,20,108
964268.0,0,0,0,20,108
964292.0,0,0,0,20,108
964358.0,0,0,0,52,76
964358.0,0,0,0,20,108
964393.0,0,0,0,20,108
964470.0,0,0,0,20,108
965231.0,0,0,0,52,76
965231.0,0,0,0,20,108
965459.0,0,0,0,52,76
965490.0,0,0,0,52,76
965490.0,0,0,0,48,80
965642.0,0,0,0,52,76
965757.0,0,0,0,52,76
965757.0,0,0,0,20,108
965802.0,0,0,0,20,108
965802.0,0,0,0,16,112
965940.0,0,0,0,20,108
965994.0,0,0,0,52,76
966047.0,0,0,0,52,76
966047.0,0,0,0,20,108
966207.0,0,0,0,52,76
966226.0,0,0,0,52,76
966226.0,0,0,0,20,108
966373.0,0,0,0,20,108
966373.0,0,0,0,19,109
966405.0,0,0,0,20,108
966410.0,0,0,0,52,76
966460.0,0,0,0,52,76
966460.0,0,0,0,20,108
966531.0,0,0,0,20,108
966531.0,0,0,0,19,109
966544.0,0,0,0,51,77
966552.0,0,0,0,52,76
966638.0,0,0,0,52,76
966638.0,0,0,0,20,108
966796.0,0,0,0,52,76
966803.0,0,0,0,52,76
966803.0,0,0,0,51,77
966814.0,0,0,0,52,76
966875.0,0,0,0,52,76
966875.0,0,0,0,20,108
967012.0,0,0,0,52,76
967014.0,0,0,0,52,76
967014.0,0,0,0,51,77
967030.0,0,0,0,52,76
967058.0,0,0,0,52,76
967066.0,0,0,0,52,76
967066.0,0,0,0,51,77
967079.0,0,0,0,52,76
967805.0,0,0,0,52,76
967805.0,0,0,0,20,108
967875.0,0,0,0,20,108
967925.0,0,0,0,52,76
967925.0,0,0,0,20,108
967931.0,0,0,0,20,108
968028.0,0,0,0,20,108
968035.0,0,0,0,20,108
968043.0,0,0,0,20,108
968043.0,0,0,0,18,110
968059.0,0,0,0,19,109
968074.0,0,0,0,20,108
968087.0,0,0,0,52,76
968087.0,0,0,0,20,108
968159.0,0,0,0,20,108
968252.0,0,0,0,20,108
968285.0,0,0,0,52,76
968285.0,0,0,0,20,108
968296.0,0,0,0,20,108
968459.0,0,0,0,20,108
968473.0,0,0,0,52,76
968473.0,0,0,0,19,109
968491.0,0,0,0,20,108
968494.0,0,0,0,20,108
968494.0,0,0,0,19,109
968496.0,0,0,0,20,108
968500.0,0,0,0,20,108
968500.0,0,0,0,19,109
968510.0,0,0,0,20,108
968557.0,0,0,0,20,108
968588.0,0,0,0,20,108
968631.0,0,0,0,52,76
968631.0,0,0,0,20,108
968694.0,0,0,0,20,108
968759.0,0,0,0,20,108
968761.0,0,0,0,52,76
968761.0,0,0,0,19,109
968765.0,0,0,0,19,109
968765.0,0,0,0,18,110
968777.0,0,0,0,19,109
968784.0,0,0,0,20,108
968797.0,0,0,0,20,108
968833.0,0,0,0,20,108
968848.0,0,0,0,20,108
968848.0,0,0,0,12,116
968907.0,0,0,0,12,116
968929.0,0,0,0,44,84
968929.0,0,0,0,12,116
969110.0,0,0,0,12,116
969244.0,0,0,0,12,116
969496.0,0,0,0,12,116
969529.0,0,0,0,12,116
969660.0,0,0,0,12,116
969660.0,0,0,0,11,117
969699.0,0,0,0,12,116
969712.0,0,0,0,12,116
969715.0,0,0,0,44,84
969769.0,0,0,0,52,76
969888.0,0,0,0,84,44
969888.0,0,0,0,20,108
970012.0,0,0,0,24,104
970029.0,0,0,0,24,104
970036.0,0,0,0,32,96
970151.0,0,0,0,64,64
970151.0,0,0,0,0,128
970300.0,0,0,0,0,128
970331.0,0,0,0,0,128
970387.0,0,0,0,0,128
970493.0,0,0,0,0,128
970625.0,0,0,0,0,128
970626.0,0,0,0,0,128
970693.0,0,0,0,64,64
970693.0,0,0,0,0,128
970770.0,0,0,0,64,64
970770.0,0,0,0,24,104
970787.0,0,0,0,24,104
970875.0,0,0,0,56,72
970875.0,0,0,0,24,104
970906.0,0,0,0,24,104
970937.0,0,0,0,24,104
970937.0,0,0,0,23,105
970956.0,0,0,0,24,104
970982.0,0,0,0,56,72
970982.0,0,0,0,24,104
970985.0,0,0,0,24,104
971173.0,0,0,0,24,104
971190.0,0,0,0,56,72
971190.0,0,0,0,24,104
971222.0,0,0,0,24,104
971284.0,0,0,0,56,72
971331.0,0,0,0,56,72
971373.0,0,0,0,88,40
971373.0,0,0,0,24,104
971461.0,0,0,0,24,104
971629.0,0,0,0,24,104
972588.0,0,0,0,24,104
973168.0,0,0,0,24,104
973168.0,0,0,0,23,105
973215.0,0,0,0,24,104
973470.0,0,0,0,24,104
973560.0,0,0,0,24,104
973560.0,0,0,0,22,106
973575.0,0,0,0,22,106
973579.0,0,0,0,24,104
973586.0,0,0,0,24,104
973586.0,0,0,0,22,106
973680.0,0,0,0,24,104
973682.0,0,0,0,24,104
973706.0,0,0,0,24,104
973706.0,0,0,0,22,106
973764.0,0,0,0,24,104
973890.0,0,0,0,24,104
974073.0,0,0,0,24,104
974073.0,0,0,17,7,104
974252.0,0,0,17,7,104
974252.0,0,0,17,5,106
974257.0,0,0,17,7,104
974516.0,0,0,17,7,104
974516.0,0,0,17,5,106
974665.0,0,0,17,7,104
974731.0,0,0,17,7,104
974960.0,0,0,17,7,104
974968.0,0,0,17,7,104
974968.0,0,0,17,6,105
974977.0,0,0,17,6,105
974988.0,0,0,17,7,104
975099.0,0,0,17,71,40
975099.0,0,0,17,23,88
975130.0,0,0,17,55,56
975130.0,0,0,17,23,88
975142.0,0,0,17,55,56
975224.0,0,0,17,71,40
975334.0,0,0,17,71,40
975334.0,0,0,17,39,72
975453.0,0,0,17,71,40
975463.0,0,0,17,71,40
975463.0,0,0,17,39,72
975584.0,0,0,17,71,40
975665.0,0,0,17,71,40
975665.0,0,0,17,7,104
975681.0,0,0,17,71,40
975708.0,0,0,17,71,40
975708.0,0,0,17,7,104
975915.0,0,0,17,7,104
976053.0,0,0,17,71,40
976221.0,0,0,17,103,8
976269.0,0,0,17,111,0
976279.0,0,0,17,111,0
976380.0,0,0,17,111,0
976464.0,0,0,17,111,0
976773.0,17,0,0,111,0
977799.0,17,0,0,111,0
977830.0,17,0,0,111,0
977842.0,17,0,0,111,0
977924.0,17,0,0,111,0
978284.0,17,0,0,111,0
978381.0,17,0,0,111,0
978381.0,17,0,7,104,0
978753.0,17,0,7,104,0
978753.0,17,0,71,40,0
978921.0,17,0,71,40,0
978921.0,17,0,103,8,0
978969.0,17,0,103,8,0
978969.0,17,0,111,0,0
981081.0,24,0,104,0,0
981453.0,88,0,40,0,0
981621.0,120,0,8,0,0
981669.0,128,0,0,0,0
984078.0,128,0,0,0,0
984078.0,0,128,0,0,0
984751.0,0,128,0,0,0
985878.0,0,0,0,128,0
985878.0,0,0,0,0,128
986546.0,0,0,0,128,0
986546.0,0,0,0,0,128
994441.0,0,0,0,0,128
996232.0,0,0,0,128,0
996232.0,0,0,0,0,128
1004151.0,0,0,0,0,128
1005939.0,0,0,0,128,0
1005939.0,0,0,0,0,128
1015640.0,0,0,0,128,0
1017555.0,0,0,0,128,0
1017555.0,0,0,0,96,32
1018017.0,0,0,0,96,32
1018017.0,0,0,0,64,64
1018060.0,0,0,0,96,32
1018340.0,0,0,0,96,32
1018340.0,0,0,64,32,32
1018483.0,0,0,64,64,0
1018508.0,0,0,64,64,0
1018508.0,0,0,64,32,32
1019430.0,0,0,64,64,0
1019535.0,0,0,64,64,0
1019535.0,0,0,64,0,64
1020757.0,0,0,64,0,64
1020760.0,0,0,64,0,64
1021040.0,64,0,0,0,64
1021040.0,0,64,0,0,64
1021041.0,0,64,0,64,0
1021110.0,0,64,0,64,0
1021183.0,0,64,0,64,0
1022840.0,0,0,0,128,0
1022840.0,0,0,0,64,64
1023003.0,0,0,0,128,0
1023003.0,0,0,0,0,128
1023741.0,0,0,0,0,128
1024632.0,0,0,0,128,0
1027155.0,0,0,0,128,0
1027155.0,0,0,0,127,1
1027171.0,0,0,0,128,0
1027332.0,0,0,0,128,0
1027332.0,0,0,127,1,0
1029206.0,0,0,127,1,0
1029871.0,0,0,127,1,0
1029871.0,0,0,128,0,0
1030032.0,127,0,1,0,0
1030032.0,63,64,1,0,0
1031832.0,63,0,1,64,0
1031832.0,63,0,1,0,64
1032571.0,64,0,0,0,64
1037579.0,64,0,0,0,64
1037579.0,63,1,0,0,64
1037609.0,63,1,0,0,64
1037609.0,31,33,0,0,64
1037747.0,31,33,0,0,64
1037747.0,30,34,0,0,64
1038755.0,30,34,0,0,64
1039379.0,30,33,0,1,64
1039379.0,30,33,0,0,65
1039388.0,30,33,0,1,64
1039409.0,30,1,0,33,64
1039409.0,30,1,0,1,96
1039545.0,30,1,0,33,64
1039547.0,30,0,0,34,64
1039547.0,30,0,0,33,65
1039561.0,30,0,0,34,64
1039561.0,0,30,0,34,64
1040203.0,0,30,0,98,0
1040530.0,0,30,0,98,0
1040530.0,0,30,0,34,64
1041361.0,0,0,0,64,64
1041361.0,0,0,0,0,128
1042088.0,0,0,0,0,128
1042248.0,0,0,0,0,128
1042803.0,0,0,0,64,64
1042803.0,0,0,0,63,65
1042816.0,0,0,0,64,64
1042903.0,0,0,0,64,64
1043195.0,0,0,0,64,64
1043195.0,0,0,0,32,96
1043424.0,0,0,0,64,64
1043507.0,0,0,0,64,64
1043507.0,0,0,0,32,96
1043610.0,0,0,0,64,64
1043612.0,0,0,0,64,64
1043612.0,0,0,0,63,65
1043624.0,0,0,0,64,64
1043980.0,0,0,0,64,64
1043980.0,0,0,0,32,96
1044559.0,0,0,0,64,64
1044632.0,0,0,0,64,64
1044632.0,0,0,0,63,65
1044647.0,0,0,0,64,64
1044713.0,0,0,0,64,64
1044713.0,0,0,0,32,96
1044804.0,0,0,0,64,64
1044806.0,0,0,0,64,64
1044806.0,0,0,0,63,65
1044818.0,0,0,0,64,64
1045503.0,0,0,0,64,64
1046124.0,0,0,0,64,64
1046310.0,0,0,0,64,64
1046685.0,0,0,0,64,64
1046685.0,0,0,0,32,96
1046747.0,0,0,0,32,96
1046747.0,0,0,0,31,97
1046765.0,0,0,0,32,96
1046847.0,0,0,0,64,64
1046856.0,0,0,0,64,64
1046856.0,0,0,0,63,65
1046872.0,0,0,0,63,65
1046872.0,0,0,0,62,66
1046887.0,0,0,0,63,65
1046913.0,0,0,0,64,64
1046976.0,0,0,0,64,64
1046976.0,0,0,0,32,96
1047000.0,0,0,0,32,96
1047000.0,0,0,0,31,97
1047093.0,0,0,0,63,65
1047095.0,0,0,0,63,65
1047095.0,0,0,0,62,66
1047108.0,0,0,0,63,65
1047119.0,0,0,0,64,64
1047191.0,0,0,0,64,64
1047191.0,0,0,0,0,128
1047259.0,0,0,0,0,128
1047352.0,0,0,0,64,64
1047504.0,0,0,0,64,64
1047505.0,0,0,0,64,64
1047505.0,0,0,0,63,65
1047521.0,0,0,0,64,64
1047545.0,0,0,0,64,64
1047545.0,0,0,0,63,65
1047563.0,0,0,0,64,64
1047592.0,0,0,0,64,64
1047592.0,0,0,0,63,65
1047609.0,0,0,0,64,64
1047682.0,0,0,0,64,64
1047682.0,0,0,0,63,65
1047711.0,0,0,0,64,64
1048605.0,0,0,0,64,64
1048605.0,0,0,0,63,65
1048619.0,0,0,0,64,64
1048680.0,0,0,0,64,64
1048680.0,0,0,0,32,96
1048791.0,0,0,0,64,64
1048876.0,0,0,0,64,64
1048876.0,0,0,0,32,96
1048980.0,0,0,0,64,64
1049547.0,0,0,0,64,64
1050052.0,0,0,0,64,64
1050366.0,0,0,0,64,64
1050366.0,0,0,0,32,96
1050518.0,0,0,0,64,64
1050667.0,0,0,0,64,64
1050667.0,0,0,0,32,96
1050798.0,0,0,0,64,64
1050801.0,0,0,0,64,64
1050801.0,0,0,0,63,65
1050818.0,0,0,0,64,64
1050908.0,0,0,0,64,64
1050908.0,0,0,0,63,65
1050918.0,0,0,0,64,64
1050978.0,0,0,0,64,64
1050978.0,0,0,0,32,96
1051094.0,0,0,0,64,64
1051096.0,0,0,0,64,64
1051096.0,0,0,0,63,65
1051110.0,0,0,0,64,64
1051234.0,0,0,0,64,64
1051234.0,0,0,0,63,65
1051269.0,0,0,0,64,64
1051491.0,0,0,0,64,64
1051680.0,0,0,0,64,64
1052212.0,0,0,0,128,0
1052214.0,0,0,0,128,0
1052214.0,0,0,0,127,1
1052227.0,0,0,0,128,0
1052517.0,0,0,0,128,0
1052517.0,0,0,0,64,64
1053218.0,0,0,0,64,64
1053498.0,0,0,0,64,64
1054912.0,0,0,0,64,64
1054912.0,0,0,63,1,64
1054927.0,0,0,63,1,64
1054927.0,0,0,64,0,64
1057612.0,63,0,1,0,64
1057627.0,64,0,0,0,64
1058387.0,64,0,0,64,0
1058390.0,64,0,0,64,0
1058390.0,64,0,0,63,1
1058404.0,64,0,0,64,0
1058436.0,64,0,0,64,0
1058436.0,64,0,0,0,64
1059561.0,64,0,0,0,64
1059561.0,63,1,0,0,64
1061087.0,63,1,0,0,64
1061179.0,63,1,0,0,64
1061179.0,31,33,0,0,64
1061361.0,31,32,0,1,64
1061361.0,31,32,0,0,65
1061378.0,31,32,0,1,64
1061880.0,31,32,0,1,64
1061880.0,0,63,0,1,64
1062979.0,0,31,0,33,64
1062979.0,0,31,0,1,96
1063529.0,0,31,0,33,64
1063680.0,0,0,0,64,64
1063680.0,0,0,0,32,96
1063818.0,0,0,0,32,96
1063818.0,0,0,0,0,128
1064078.0,0,0,0,0,128
1064273.0,0,0,0,32,96
1064333.0,0,0,0,64,64
1064348.0,0,0,0,64,64
1064348.0,0,0,0,32,96
1064904.0,0,0,0,64,64
1065615.0,0,0,0,64,64
1065615.0,0,0,0,63,65
1065630.0,0,0,0,64,64
1065670.0,0,0,0,64,64
1065670.0,0,0,0,63,65
1065693.0,0,0,0,64,64
1066229.0,0,0,0,64,64
1066348.0,0,0,0,128,0
1066350.0,0,0,0,128,0
1066350.0,0,0,0,127,1
1066361.0,0,0,0,128,0
1066459.0,0,0,0,128,0
1066459.0,0,0,0,64,64
1066973.0,0,0,0,64,64
1067033.0,0,0,0,64,64
1069048.0,0,0,0,64,64
1069048.0,0,0,63,1,64
1069061.0,0,0,63,1,64
1069061.0,0,0,64,0,64
1071748.0,63,0,1,0,64
1071761.0,64,0,0,0,64
1077382.0,64,0,0,64,0
1077394.0,64,0,0,64,0
1077394.0,0,64,0,64,0
1079194.0,0,0,0,128,0
1079194.0,0,0,0,0,128
1080082.0,0,0,0,0,128
1086956.0,0,0,0,0,128
1088752.0,0,0,0,128,0
1088752.0,0,0,0,0,128
1098346.0,0,0,0,128,0
1101046.0,0,0,0,128,0
1101046.0,0,0,128,0,0
1103746.0,128,0,0,0,0
1107889.0,128,0,0,0,0
1107889.0,127,1,0,0,0
1107978.0,127,1,0,0,0
1107978.0,63,65,0,0,0
1109689.0,63,64,0,1,0
1109689.0,63,64,0,0,1
1109712.0,63,64,0,1,0
1109778.0,63,0,0,65,0
1109778.0,63,0,0,1,64
1112412.0,63,0,0,1,64
1112412.0,63,0,1,0,64
1113554.0,63,0,1,0,64
1113554.0,62,1,1,0,64
1115112.0,63,1,0,0,64
1115354.0,63,0,0,1,64
1115354.0,63,0,0,0,65
1115370.0,63,0,0,1,64
1118070.0,63,0,0,1,64
1118070.0,63,0,1,0,64
1120770.0,64,0,0,0,64
1123632.0,64,0,0,0,64
1123632.0,63,1,0,0,64
1123770.0,63,1,0,0,64
1123770.0,62,2,0,0,64
1123848.0,62,2,0,0,64
1124799.0,62,2,0,0,64
1125065.0,62,2,0,0,64
1125244.0,62,2,0,0,64
1125429.0,62,2,0,64,0
1125429.0,53,11,0,0,64
1125432.0,53,10,0,1,64
1125432.0,53,10,0,0,65
1125449.0,53,10,0,1,64
1125570.0,53,9,0,2,64
1125570.0,53,9,0,1,65
1125588.0,53,9,0,2,64
1125684.0,53,9,0,2,64
1125684.0,21,41,0,2,64
1126040.0,21,41,0,2,64
1126040.0,21,41,0,1,65
1126080.0,21,41,0,2,64
1127229.0,21,32,0,11,64
1127229.0,21,32,0,2,73
1127484.0,21,0,0,34,73
1127484.0,21,0,0,2,105
1127617.0,21,0,0,6,101
1127797.0,21,0,0,7,100
1128062.0,21,0,0,11,96
1128149.0,21,0,0,11,96
1128270.0,21,0,0,43,64
1128288.0,21,0,0,43,64
1128288.0,21,0,1,42,64
1128780.0,21,0,1,42,64
1128780.0,21,0,2,41,64
1130317.0,21,0,2,41,64
1130317.0,21,0,6,37,64
1130497.0,21,0,6,37,64
1130497.0,21,0,7,36,64
1130762.0,21,0,7,36,64
1130762.0,21,0,11,32,64
1130970.0,21,0,11,32,64
1130970.0,21,0,43,0,64
1130988.0,22,0,42,0,64
1131480.0,23,0,41,0,64
1133017.0,27,0,37,0,64
1133197.0,28,0,36,0,64
1133462.0,32,0,32,0,64
1133670.0,64,0,0,0,64
1139521.0,64,0,0,0,64
1139521.0,63,1,0,0,64
1140359.0,63,1,0,0,64
1140359.0,62,2,0,0,64
1140414.0,62,2,0,0,64
1141100.0,62,2,0,64,0
1141100.0,62,2,0,0,64
1141321.0,62,1,0,1,64
1141321.0,62,1,0,0,65
1141336.0,62,1,0,1,64
1142159.0,62,0,0,2,64
1142159.0,62,0,0,1,65
1142167.0,62,0,0,2,64
1144036.0,62,0,0,2,64
1144036.0,62,0,1,1,64
1144867.0,62,0,1,1,64
1144867.0,62,0,2,0,64
1145234.0,62,0,2,0,64
1145234.0,61,1,2,0,64
1145468.0,61,1,2,0,64
1145643.0,61,1,2,0,64
1145954.0,61,1,2,0,64
1146736.0,62,1,1,0,64
1147034.0,62,0,1,1,64
1147034.0,62,0,1,0,65
1147057.0,62,0,1,1,64
1147057.0,62,0,1,0,65
1147077.0,62,0,1,1,64
1147567.0,63,0,0,1,64
1147567.0,0,63,0,1,64
1148646.0,0,63,0,1,64
1149367.0,0,0,0,64,64
1149367.0,0,0,0,0,128
1149530.0,0,0,0,64,64
1149530.0,0,0,0,62,66
1149544.0,0,0,0,63,65
1149546.0,0,0,0,64,64
1149777.0,0,0,0,64,64
1151788.0,0,0,0,64,64
1151788.0,0,0,0,63,65
1151801.0,0,0,0,64,64
1151833.0,0,0,0,64,64
1151833.0,0,0,0,63,65
1151853.0,0,0,0,64,64
1152230.0,0,0,0,64,64
1152230.0,0,0,60,4,64
1152244.0,0,0,60,4,64
1152244.0,0,0,61,3,64
1152246.0,0,0,61,3,64
1152246.0,0,0,62,2,64
1152517.0,0,0,62,66,0
1152858.0,0,0,62,66,0
1152858.0,0,0,62,2,64
1154501.0,0,0,62,2,64
1154930.0,60,0,2,2,64
1154944.0,61,0,1,2,64
1154946.0,62,0,0,2,64
1155217.0,62,0,0,2,64
1155217.0,62,0,2,0,64
1157917.0,64,0,0,0,64
1159899.0,64,0,0,0,64
1159899.0,48,16,0,0,64
1160690.0,48,16,0,0,64
1160690.0,32,32,0,0,64
1161699.0,32,16,0,16,64
1161699.0,32,16,0,0,80
1161934.0,32,16,0,16,64
1162490.0,32,0,0,32,64
1162490.0,32,0,0,16,80
1162669.0,32,0,0,32,64
1163781.0,32,0,0,96,0
1163785.0,32,0,0,96,0
1163785.0,0,32,0,96,0
1164634.0,0,32,0,96,0
1165585.0,0,0,0,128,0
1165585.0,0,0,0,0,128
1173601.0,0,0,0,0,128
1175397.0,0,0,0,128,0
1175397.0,0,0,0,0,128
1183913.0,0,0,0,0,128
1184178.0,0,0,0,0,128
1184685.0,0,0,0,0,128
1184899.0,0,0,0,0,128
1185105.0,0,0,0,0,128
1185213.0,0,0,0,128,0
1185213.0,0,0,0,123,5
1185239.0,0,0,0,124,4
1185242.0,0,0,0,125,3
1185248.0,0,0,0,126,2
1185252.0,0,0,0,127,1
1185256.0,0,0,0,128,0
1185280.0,0,0,0,128,0
1185280.0,0,0,0,127,1
1185319.0,0,0,0,128,0
1185378.0,0,0,0,128,0
1185378.0,0,0,0,127,1
1185410.0,0,0,0,128,0
1186098.0,0,0,0,128,0
1186098.0,0,0,0,127,1
1186120.0,0,0,0,128,0
1186200.0,0,0,0,128,0
1186200.0,0,0,0,127,1
1186299.0,0,0,0,128,0
1186615.0,0,0,0,128,0
1186615.0,0,0,0,127,1
1186742.0,0,0,0,128,0
1187190.0,0,0,0,128,0
1187190.0,0,0,0,127,1
1187283.0,0,0,0,128,0
1187591.0,0,0,0,128,0
1187591.0,0,0,0,127,1
1187639.0,0,0,0,128,0
1187913.0,0,0,0,128,0
1187913.0,0,0,116,12,0
1187939.0,0,0,116,12,0
1187939.0,0,0,117,11,0
1187942.0,0,0,117,11,0
1187942.0,0,0,118,10,0
1187948.0,0,0,118,10,0
1187948.0,0,0,119,9,0
1187952.0,0,0,119,9,0
1187952.0,0,0,120,8,0
1187956.0,0,0,120,8,0
1187956.0,0,0,121,7,0
1188019.0,0,0,121,7,0
1188019.0,0,0,122,6,0
1188110.0,0,0,122,6,0
1188110.0,0,0,123,5,0
1188192.0,0,0,123,5,0
1188192.0,0,0,123,4,1
1188220.0,0,0,123,5,0
1188368.0,0,0,123,5,0
1188368.0,0,0,123,4,1
1188409.0,0,0,123,5,0
1188499.0,0,0,123,5,0
1188499.0,0,0,123,3,2
1188513.0,0,0,123,3,2
1188513.0,0,0,123,2,3
1188520.0,0,0,123,4,1
1188540.0,0,0,123,5,0
1188624.0,0,0,123,5,0
1188624.0,0,0,123,3,2
1188645.0,0,0,123,5,0
1188679.0,0,0,123,5,0
1188679.0,0,0,123,3,2
1188700.0,0,0,123,5,0
1188768.0,0,0,123,5,0
1188768.0,0,0,123,3,2
1188820.0,0,0,123,3,2
1188962.0,0,0,123,3,2
1188962.0,0,0,123,2,3
1188983.0,0,0,123,3,2
1188997.0,0,0,123,5,0
1188999.0,0,0,123,5,0
1189000.0,0,0,123,5,0
1189000.0,0,0,123,4,1
1189106.0,0,0,123,5,0
1189442.0,0,0,123,5,0
1189699.0,0,0,123,5,0
1189699.0,0,0,123,4,1
1189711.0,0,0,123,4,1
1189711.0,0,0,123,3,2
1189730.0,0,0,123,4,1
1189762.0,0,0,123,4,1
1189813.0,0,0,123,4,1
1189817.0,0,0,123,5,0
1189900.0,0,0,123,5,0
1189900.0,0,0,123,3,2
1189909.0,0,0,123,5,0
1189951.0,0,0,123,5,0
1189951.0,0,0,123,0,5
1189962.0,0,0,123,4,1
1190038.0,0,0,123,4,1
1190072.0,0,0,123,5,0
1190092.0,0,0,123,5,0
1190092.0,0,0,123,2,3
1190121.0,0,0,123,4,1
1190203.0,0,0,123,5,0
1190339.0,0,0,123,5,0
1190394.0,0,0,123,5,0
1190422.0,0,0,123,5,0
1190422.0,0,0,123,2,3
1190431.0,0,0,123,3,2
1190457.0,0,0,123,5,0
1190476.0,0,0,123,5,0
1190505.0,0,0,123,5,0
1190505.0,0,0,123,2,3
1190613.0,116,0,7,2,3
1190613.0,108,8,7,2,3
1190629.0,108,8,7,3,2
1190639.0,109,8,6,3,2
1190642.0,110,8,5,3,2
1190648.0,111,8,4,3,2
1190652.0,112,8,3,3,2
1190656.0,113,8,2,3,2
1190719.0,114,8,1,3,2
1190810.0,115,8,0,3,2
1190824.0,115,8,0,3,2
1190824.0,115,8,0,2,3
1190845.0,115,8,0,3,2
1190854.0,115,8,0,3,2
1190854.0,115,8,0,2,3
1190875.0,115,8,0,3,2
1190920.0,115,8,0,3,2
1190929.0,115,8,0,3,2
1190929.0,115,8,0,2,3
1191040.0,115,8,0,3,2
1191220.0,115,8,0,3,2
1191240.0,115,8,0,3,2
1191345.0,115,8,0,3,2
1191400.0,115,8,0,3,2
1191564.0,115,8,0,3,2
1191564.0,115,8,0,2,3
1191609.0,115,8,0,3,2
1191683.0,115,8,0,3,2
1191697.0,115,8,0,3,2
1191806.0,115,8,0,3,2
1192413.0,115,0,0,11,2
1192413.0,115,0,0,3,10
1192440.0,115,0,0,11,2
1192662.0,115,0,0,11,2
1192821.0,115,0,0,11,2
1193002.0,115,0,0,11,2
1193002.0,115,0,0,7,6
1193068.0,115,0,0,11,2
1193119.0,115,0,0,11,2
1193119.0,115,0,0,10,3
1193157.0,115,0,0,10,3
1193162.0,115,0,0,11,2
1193298.0,115,0,0,11,2
1193298.0,115,0,0,7,6
1193329.0,115,0,0,7,6
1193338.0,115,0,0,11,2
1193387.0,115,0,0,11,2
1193387.0,115,0,0,7,6
1193545.0,115,0,0,7,6
1193575.0,115,0,0,7,6
1193842.0,115,0,0,11,2
1193883.0,115,0,0,11,2
1193883.0,115,0,0,10,3
1193908.0,115,0,0,11,2
1194234.0,115,0,0,11,2
1194234.0,51,64,0,11,2
1194562.0,51,64,0,11,2
1194562.0,51,64,0,7,6
1194585.0,51,64,0,11,2
1194661.0,51,64,0,11,2
1194661.0,51,64,0,7,6
1194728.0,51,64,0,7,6
1194728.0,51,64,0,3,10
1195104.0,51,64,0,7,6
1195140.0,51,64,0,7,6
1195240.0,51,64,0,7,6
1195306.0,51,64,0,7,6
1195384.0,51,64,0,11,2
1195567.0,51,64,0,11,2
1195567.0,46,69,0,11,2
1195626.0,46,69,0,11,2
1195768.0,46,69,0,11,2
1195919.0,46,69,0,11,2
1195919.0,42,73,0,11,2
1196014.0,42,73,0,11,2
1196034.0,42,9,0,75,2
1196034.0,42,9,0,11,66
1196038.0,42,9,0,11,66
1196175.0,42,9,0,11,66
1196192.0,42,9,0,75,2
1196192.0,42,9,0,11,66
1196194.0,42,9,0,75,2
1196194.0,10,41,0,11,66
1196502.0,10,41,0,11,66
1196502.0,10,41,0,9,68
1196542.0,10,41,0,9,68
1196713.0,10,41,0,11,66
1196722.0,10,41,0,11,66
1196722.0,10,41,0,7,70
1196761.0,10,41,0,11,66
1196868.0,10,41,0,11,66
1196868.0,10,41,0,7,70
1196963.0,10,41,0,7,70
1196963.0,10,41,0,5,72
1197261.0,10,41,0,7,70
1197285.0,10,41,0,7,70
1197349.0,10,41,0,11,66
1197367.0,10,36,0,16,66
1197367.0,10,36,0,11,71
1197371.0,10,36,0,12,70
1197374.0,10,36,0,12,70
1197415.0,10,36,0,12,70
1197719.0,10,32,0,16,70
1197719.0,10,32,0,12,74
1197812.0,10,32,0,12,74
1197812.0,4,38,0,12,74
1197992.0,4,38,0,14,72
1197994.0,4,6,0,46,72
1197994.0,4,6,0,14,104
1197996.0,4,6,0,14,104
1198254.0,4,6,0,14,104
1198254.0,0,10,0,10,108
1198263.0,0,10,0,12,106
1198367.0,0,10,0,16,102
1198385.0,0,10,0,16,102
1198446.0,0,10,0,16,102
1198446.0,0,10,0,8,110
1198498.0,0,10,0,16,102
1198509.0,0,10,0,16,102
1198509.0,0,10,0,0,118
1198536.0,0,10,0,0,118
1198537.0,0,10,0,16,102
1198537.0,0,10,0,14,104
1198548.0,0,10,0,14,104
1198548.0,0,10,0,12,106
1198558.0,0,10,0,14,104
1198611.0,0,10,0,14,104
1198722.0,0,10,0,14,104
1198864.0,0,10,0,16,102
1198864.0,0,10,0,0,118
1198882.0,0,10,0,0,118
1198891.0,0,10,0,16,102
1198891.0,0,10,0,0,118
1198892.0,0,10,0,0,118
1198894.0,0,10,0,0,118
1198920.0,0,10,0,16,102
1198920.0,0,10,0,0,118
1198992.0,0,10,0,32,86
1198992.0,0,10,0,0,118
1199061.0,0,10,0,0,118
1199141.0,0,10,0,4,114
1199141.0,0,10,0,2,116
1199217.0,0,10,0,18,100
1199217.0,0,10,0,2,116
1199413.0,0,10,0,2,116
1199455.0,0,10,0,4,114
1199461.0,0,10,0,4,114
1199515.0,0,10,0,20,98
1199612.0,0,4,0,26,98
1199612.0,0,4,0,20,104
1199633.0,0,4,0,20,104
1199633.0,0,4,0,12,112
1199653.0,0,4,0,16,108
1199691.0,0,4,0,24,100
1199912.0,0,4,0,56,68
1199953.0,0,4,0,56,68
1199953.0,0,4,0,55,69
1199962.0,0,4,0,55,69
1199962.0,0,4,0,47,77
1199969.0,0,4,0,48,76
1200015.0,0,4,0,56,68
1200054.0,0,0,0,60,68
1200054.0,0,0,0,56,72
1200099.0,0,0,0,60,68
1200305.0,0,0,0,60,68
1200305.0,0,0,0,52,76
1200362.0,0,0,0,52,76
1200362.0,0,0,0,44,84
1200363.0,0,0,0,52,76
1200375.0,0,0,0,52,76
1200375.0,0,0,0,51,77
1200380.0,0,0,0,52,76
1200390.0,0,0,0,52,76
1200390.0,0,0,0,20,108
1200425.0,0,0,0,52,76
1200427.0,0,0,0,52,76
1200427.0,0,0,0,51,77
1200439.0,0,0,0,52,76
1200484.0,0,0,0,52,76
1200484.0,0,0,0,51,77
1200495.0,0,0,0,52,76
1200529.0,0,0,0,60,68
1200557.0,0,0,0,60,68
1200557.0,0,0,0,52,76
1200615.0,0,0,0,60,68
1200669.0,0,0,0,62,66
1200692.0,0,0,0,62,66
1200747.0,0,0,0,62,66
1200747.0,0,0,0,60,68
1200849.0,0,0,0,60,68
1200849.0,0,0,0,52,76
1200905.0,0,0,0,60,68
1200974.0,0,0,0,62,66
1201115.0,0,0,0,62,66
1201115.0,0,0,0,60,68
1201237.0,0,0,0,60,68
1201320.0,0,0,0,62,66
1201467.0,0,0,0,62,66
1201467.0,0,0,0,60,68
1201704.0,0,0,0,62,66
1201841.0,0,0,0,62,66
1201854.0,0,0,0,62,66
1201854.0,0,0,0,60,68
1201917.0,0,0,0,60,68
1201963.0,0,0,0,60,68
1201963.0,0,0,0,28,100
1201985.0,0,0,0,28,100
1201985.0,0,0,0,20,108
1202159.0,0,0,0,20,108
1202159.0,0,0,0,4,124
1202184.0,0,0,0,6,122
1202215.0,0,0,0,6,122
1202375.0,0,0,0,22,106
1202391.0,0,0,0,22,106
1202551.0,0,0,0,22,106
1202551.0,0,0,0,20,108
1202573.0,0,0,0,22,106
1202612.0,0,0,0,22,106
1202715.0,0,0,0,22,106
1202788.0,0,0,0,22,106
1202788.0,0,0,0,18,110
1202799.0,0,0,0,18,110
1202816.0,0,0,0,18,110
1202816.0,0,0,0,2,126
1202908.0,0,0,0,18,110
1202930.0,0,0,0,18,110
1202930.0,0,0,0,2,126
1202965.0,0,0,0,18,110
1203063.0,0,0,0,18,110
1203101.0,0,0,0,18,110
1203101.0,0,0,0,17,111
1203106.0,0,0,0,18,110
1203125.0,0,0,0,18,110
1203143.0,0,0,0,18,110
1203143.0,0,0,0,14,114
1203151.0,0,0,0,18,110
1203165.0,0,0,0,20,108
1203165.0,0,0,0,16,112
1203174.0,0,0,0,20,108
1203189.0,0,0,0,20,108
1203189.0,0,0,0,19,109
1203200.0,0,0,0,20,108
1203213.0,0,0,0,20,108
1203213.0,0,0,0,4,124
1203229.0,0,0,0,4,124
1203247.0,0,0,0,20,108
1203283.0,0,0,0,20,108
1203283.0,0,0,0,19,109
1203293.0,0,0,0,20,108
1203315.0,0,0,0,20,108
1203344.0,0,0,0,24,104
1203391.0,0,0,0,24,104
1203391.0,0,0,0,23,105
1203392.0,0,0,0,24,104
1203416.0,0,0,0,24,104
1203416.0,0,0,0,23,105
1203421.0,0,0,0,24,104
1203428.0,0,0,0,24,104
1203428.0,0,0,0,23,105
1203436.0,0,0,0,24,104
1203503.0,0,0,0,24,104
1203503.0,0,0,0,20,108
1203545.0,0,0,0,24,104
1203861.0,0,0,0,24,104
1203861.0,0,0,0,20,108
1203898.0,0,0,0,24,104
1203998.0,0,0,0,24,104
1203998.0,0,0,0,20,108
1204019.0,0,0,0,20,108
1204019.0,0,0,0,4,124
1204020.0,0,0,0,4,124
1204037.0,0,0,0,8,120
1204242.0,0,0,0,24,104
1204404.0,0,0,0,24,104
1204705.0,0,0,0,24,104
1204705.0,0,0,0,20,108
1204777.0,0,0,0,24,104
1204884.0,0,0,0,24,104
1204884.0,0,0,0,20,108
1204953.0,0,0,0,24,104
1205075.0,0,0,0,24,104
1205095.0,0,0,0,24,104
1205095.0,0,0,0,20,108
1205130.0,0,0,0,24,104
1205273.0,0,0,0,24,104
1205331.0,0,0,0,24,104
1205331.0,0,0,0,20,108
1205361.0,0,0,0,24,104
1205485.0,0,0,0,24,104
1205485.0,0,0,0,20,108
1205518.0,0,0,0,24,104
1205608.0,0,0,0,24,104
1205665.0,0,0,0,24,104
1205874.0,0,0,0,24,104
1205900.0,0,0,0,24,104
1205947.0,0,0,0,24,104
1206483.0,0,0,0,24,104
1206483.0,0,0,0,8,120
1206598.0,0,0,0,8,120
1206645.0,0,0,0,24,104
1206703.0,0,0,0,24,104
1206703.0,0,0,0,23,105
1206720.0,0,0,0,24,104
1206737.0,0,0,0,24,104
1206930.0,0,0,0,24,104
1206930.0,0,0,0,8,120
1206942.0,0,0,0,8,120
1207176.0,0,0,0,24,104
1207508.0,0,0,0,56,72
1207510.0,0,0,0,64,64
1207535.0,0,0,0,64,64
1207535.0,0,0,0,48,80
1207562.0,0,0,0,64,64
1207596.0,0,0,0,64,64
1207596.0,0,0,0,60,68
1207634.0,0,0,0,64,64
1207656.0,0,0,0,64,64
1207656.0,0,0,0,48,80
1207696.0,0,0,0,48,80
1207696.0,0,0,0,46,82
1207744.0,0,0,0,48,80
1207788.0,0,0,0,48,80
1207788.0,0,0,0,16,112
1207802.0,0,0,0,48,80
1207824.0,0,0,0,48,80
1207824.0,0,0,0,44,84
1207867.0,0,0,0,48,80
1207901.0,0,0,0,64,64
1208017.0,0,0,0,64,64
1208017.0,0,0,0,32,96
1208061.0,0,0,0,32,96
1208075.0,0,0,0,32,96
1208075.0,0,0,0,28,100
1208109.0,0,0,0,32,96
1208130.0,0,0,0,64,64
1208145.0,0,0,0,64,64
1208145.0,0,0,0,63,65
1208162.0,0,0,0,63,65
1208162.0,0,0,0,31,97
1208165.0,0,0,0,31,97
1208165.0,0,0,0,27,101
1208180.0,0,0,0,28,100
1208203.0,0,0,0,32,96
1208368.0,0,0,0,32,96
1208368.0,0,0,0,28,100
1208396.0,0,0,0,28,100
1208396.0,0,0,0,24,104
1208437.0,0,0,0,24,104
1208437.0,0,0,0,22,106
1208462.0,0,0,0,24,104
1208469.0,0,0,0,24,104
1208469.0,0,0,0,22,106
1208490.0,0,0,0,24,104
1208510.0,0,0,0,24,104
1208510.0,0,0,0,22,106
1208531.0,0,0,0,24,104
1208607.0,0,0,0,24,104
1208607.0,0,0,0,22,106
1208798.0,0,0,0,22,106
1208798.0,0,0,0,20,108
1208818.0,0,0,0,22,106
1208895.0,0,0,0,24,104
1208899.0,0,0,0,24,104
1208899.0,0,0,0,22,106
1208926.0,0,0,0,24,104
1209055.0,0,0,0,28,100
1209056.0,0,0,0,32,96
1209103.0,0,0,0,32,96
1209103.0,0,0,0,16,112
1209156.0,0,0,0,16,112
1209156.0,0,0,0,15,113
1209174.0,0,0,0,16,112
1209222.0,0,0,0,16,112
1209222.0,0,0,0,8,120
1209292.0,0,0,0,8,120
1209292.0,0,0,0,0,128
1209332.0,0,0,0,64,64
1209344.0,0,0,0,80,48
1209345.0,0,0,0,80,48
1209466.0,0,0,0,88,40
1209476.0,0,0,0,96,32
1209876.0,0,0,0,96,32
1209920.0,0,0,0,96,32
1209920.0,0,0,0,64,64
1209939.0,0,0,0,64,64
1209939.0,0,0,0,62,66
1209945.0,0,0,0,62,66
1209945.0,0,0,0,54,74
1210004.0,0,0,0,54,74
1210004.0,0,0,0,46,82
1210059.0,0,0,0,54,74
1210138.0,0,0,0,54,74
1210138.0,0,0,0,52,76
1210208.0,0,0,0,52,76
1210209.0,0,0,0,52,76
1210209.0,0,0,0,44,84
1210262.0,0,0,0,44,84
1210321.0,0,0,0,46,82
1210340.0,0,0,0,46,82
1210340.0,0,0,0,44,84
1210410.0,0,0,0,76,52
1210502.0,0,0,0,76,52
1210528.0,0,0,0,76,52
1210528.0,0,0,0,75,53
1210553.0,0,0,0,76,52
1210575.0,0,0,0,78,50
1210590.0,0,0,0,78,50
1210590.0,0,0,0,70,58
1210638.0,0,0,0,78,50
1210761.0,0,0,0,78,50
1210761.0,0,0,0,76,52
1210767.0,0,0,0,76,52
1210767.0,0,0,0,60,68
1210792.0,0,0,0,62,66
1210797.0,0,0,0,78,50
1210830.0,0,0,0,78,50
1210870.0,0,0,0,78,50
1210870.0,0,0,0,62,66
1210898.0,0,0,0,78,50
1210910.0,0,0,0,78,50
1210910.0,0,0,0,46,82
1211041.0,0,0,0,78,50
1211045.0,0,0,0,78,50
1211045.0,0,0,0,77,51
1211065.0,0,0,0,78,50
1211069.0,0,0,0,78,50
1211069.0,0,0,0,77,51
1211079.0,0,0,0,78,50
1211143.0,0,0,0,78,50
1211143.0,0,0,0,46,82
1211199.0,0,0,0,46,82
1211199.0,0,0,0,44,84
1211231.0,0,0,0,46,82
1211325.0,0,0,0,78,50
1211327.0,0,0,0,78,50
1211327.0,0,0,0,77,51
1211341.0,0,0,0,78,50
1211362.0,0,0,0,86,42
1211393.0,0,0,0,86,42
1211393.0,0,0,0,85,43
1211404.0,0,0,0,86,42
1211415.0,0,0,0,86,42
1211415.0,0,0,0,22,106
1211755.0,0,0,0,22,106
1211927.0,0,0,0,86,42
1211941.0,0,0,0,86,42
1211941.0,0,0,0,78,50
1211992.0,0,0,0,86,42
1212032.0,0,0,0,86,42
1212044.0,0,0,0,86,42
1212097.0,0,0,0,86,42
1212097.0,0,0,0,78,50
1212104.0,0,0,0,78,50
1212104.0,0,0,0,70,58
1212176.0,0,0,0,70,58
1212382.0,0,0,0,78,50
1212426.0,0,0,0,78,50
1212426.0,0,0,0,76,52
1212465.0,0,0,0,84,44
1213021.0,0,0,0,84,44
1213110.0,0,0,0,84,44
1213253.0,0,0,0,84,44
1213275.0,0,0,0,84,44
1213583.0,0,0,0,84,44
1213583.0,0,0,0,76,52
1213598.0,0,0,0,76,52
1213637.0,0,0,0,84,44
1213847.0,0,0,0,86,42
1213890.0,0,0,0,126,2
1213966.0,0,0,0,126,2
1213966.0,0,0,0,124,4
1214006.0,0,0,0,126,2
1214025.0,0,0,0,126,2
1214062.0,0,0,0,128,0
1214627.0,0,0,0,128,0
1214627.0,0,0,50,78,0
1214692.0,0,0,50,78,0
1214692.0,0,0,58,70,0
1215053.0,0,0,58,70,0
1215053.0,0,0,58,38,32
1215058.0,0,0,58,38,32
1215058.0,0,0,58,34,36
1215073.0,0,0,58,34,36
1215073.0,0,0,58,32,38
1215082.0,0,0,58,32,38
1215108.0,0,0,58,36,34
1215116.0,0,0,58,36,34
1215138.0,0,0,58,36,34
1215158.0,0,0,58,36,34
1215158.0,0,0,58,31,39
1215185.0,0,0,58,32,38
1215294.0,0,0,58,32,38
1215446.0,0,0,58,34,36
1215609.0,0,0,58,34,36
1215609.0,0,0,58,18,52
1215636.0,0,0,58,34,36
1215717.0,0,0,58,34,36
1215717.0,0,0,58,18,52
1215744.0,0,0,58,34,36
1215781.0,0,0,58,34,36
1215781.0,0,0,58,32,38
1215860.0,0,0,58,32,38
1215860.0,0,0,58,16,54
1216145.0,0,0,58,18,52
1216471.0,0,0,58,34,36
1216507.0,0,0,58,34,36
1216507.0,0,0,58,18,52
1216590.0,0,0,58,18,52
1216590.0,0,0,66,10,52
1216706.0,0,0,66,10,52
1216706.0,0,0,68,8,52
1216762.0,0,0,68,8,52
1216762.0,0,0,70,6,52
1217011.0,0,0,70,6,52
1217021.0,0,0,70,6,52
1217154.0,0,0,70,22,36
1217219.0,0,0,70,22,36
1217219.0,0,0,70,6,52
1217221.0,0,0,70,6,52
1217221.0,0,0,70,5,53
1217239.0,0,0,70,6,52
1217253.0,0,0,70,6,52
1217253.0,0,0,70,5,53
1217266.0,0,0,70,6,52
1217268.0,0,0,70,6,52
1217312.0,0,0,70,6,52
1217327.0,50,0,20,6,52
1217354.0,50,0,20,6,52
1217392.0,58,0,12,6,52
1217392.0,0,58,12,6,52
1217395.0,0,58,12,6,52
1217433.0,0,58,12,6,52
1217538.0,0,58,12,22,36
1217538.0,0,58,12,10,48
1217585.0,0,58,12,10,48
1217585.0,0,58,12,6,52
1217614.0,0,58,12,6,52
1217616.0,0,58,12,6,52
1217631.0,0,58,12,6,52
1217632.0,0,58,12,10,48
1217632.0,0,58,12,7,51
1217640.0,0,58,12,11,47
1217643.0,0,58,12,12,46
1217645.0,0,58,12,13,45
1217661.0,0,58,12,14,44
1217708.0,0,58,12,14,44
1217845.0,0,58,12,14,44
1217866.0,0,58,12,14,44
1217866.0,0,58,12,13,45
1217896.0,0,58,12,14,44
1218154.0,0,58,12,14,44
1218226.0,0,58,12,14,44
1218226.0,0,58,12,12,46
1218289.0,0,58,12,12,46
1218289.0,0,58,12,11,47
1218311.0,0,58,12,12,46
1218525.0,0,58,12,12,46
1218525.0,0,58,12,11,47
1218549.0,0,58,12,12,46
1218715.0,0,58,12,12,46
1218715.0,0,58,12,8,50
1219098.0,0,58,12,12,46
1219171.0,0,58,12,12,46
1219171.0,0,58,12,11,47
1219192.0,0,0,12,69,47
1219192.0,0,0,12,5,111
1219200.0,0,0,12,6,110
1219290.0,8,0,4,6,110
1219347.0,8,0,4,70,46
1219347.0,8,0,4,6,110
1219406.0,10,0,2,6,110
1219462.0,12,0,0,6,110
1219550.0,12,0,0,6,110
1219550.0,11,1,0,6,110
1219562.0,11,1,0,6,110
1219562.0,10,2,0,6,110
1219584.0,10,2,0,8,108
1219611.0,10,2,0,40,76
1219611.0,10,2,0,8,108
1219619.0,10,2,0,8,108
1219644.0,10,2,0,72,44
1219644.0,10,2,0,8,108
1219772.0,10,2,0,40,76
1219772.0,10,2,0,8,108
1219798.0,10,2,0,40,76
1219798.0,10,2,0,8,108
1219817.0,10,2,0,40,76
1219817.0,0,12,0,8,108
1219825.0,0,12,0,8,108
1219854.0,0,12,0,8,108
1219886.0,0,12,0,8,108
1219932.0,0,12,0,12,104
1219972.0,0,12,0,44,72
1219972.0,0,12,0,12,104
1219975.0,0,12,0,44,72
1219975.0,0,12,0,12,104
1220007.0,0,12,0,12,104
1220007.0,0,12,0,11,105
1220024.0,0,12,0,12,104
1220107.0,0,12,0,44,72
1220107.0,0,12,0,28,88
1220164.0,0,12,0,28,88
1220222.0,0,12,0,28,88
1220222.0,0,12,0,27,89
1220238.0,0,12,0,27,89
1220255.0,0,12,0,28,88
1220285.0,0,12,0,28,88
1220285.0,0,12,0,24,92
1220325.0,0,12,0,40,76
1220325.0,0,12,0,8,108
1220332.0,0,12,0,8,108
1220340.0,0,12,0,8,108
1220443.0,0,12,0,40,76
1220443.0,0,12,0,8,108
1221350.0,0,11,0,9,108
1221350.0,0,11,0,8,109
1221362.0,0,10,0,9,109
1221362.0,0,10,0,8,110
1221388.0,0,10,0,9,109
1221558.0,0,10,0,10,108
1221617.0,0,0,0,20,108
1221617.0,0,0,0,4,124
1221861.0,0,0,0,20,108
1222047.0,0,0,0,20,108
1222311.0,0,0,0,20,108
1222344.0,0,0,0,20,108
1222472.0,0,0,0,20,108
1222498.0,0,0,0,20,108
1222517.0,0,0,0,20,108
1222672.0,0,0,0,20,108
1222675.0,0,0,0,20,108
1222807.0,0,0,0,20,108
1223025.0,0,0,0,20,108
1223088.0,0,0,0,28,100
1223143.0,0,0,0,28,100
1223143.0,0,0,2,26,100
1223338.0,0,0,2,26,100
1223478.0,0,0,2,26,100
1223518.0,0,0,2,26,100
1223518.0,0,0,2,24,102
1223552.0,0,0,2,25,101
1223596.0,0,0,2,26,100
1223611.0,0,0,2,26,100
1223746.0,0,0,2,26,100
1223746.0,0,0,2,25,101
1223759.0,0,0,2,26,100
1223807.0,0,0,2,26,100
1223807.0,0,0,2,18,108
1223874.0,0,0,2,26,100
1223937.0,0,0,2,26,100
1223937.0,0,0,2,25,101
1223939.0,0,0,2,26,100
1223944.0,0,0,2,26,100
1223944.0,0,0,2,25,101
1223958.0,0,0,2,26,100
1223961.0,0,0,2,26,100
1223968.0,0,0,2,26,100
1223968.0,0,0,2,25,101
1223989.0,0,0,2,26,100
1224064.0,0,0,2,26,100
1224088.0,0,0,2,26,100
1224134.0,0,0,2,26,100
1224134.0,0,0,2,25,101
1224160.0,0,0,2,26,100
1224545.0,0,0,2,26,100
1224561.0,0,0,2,26,100
1224561.0,0,0,5,23,100
1224693.0,0,0,5,23,100
1224693.0,0,0,5,22,101
1224712.0,0,0,5,23,100
1224806.0,0,0,5,23,100
1224806.0,0,0,5,22,101
1224814.0,0,0,5,23,100
1224853.0,0,0,5,23,100
1224989.0,0,0,5,23,100
1224989.0,0,0,5,22,101
1224990.0,0,0,5,22,101
1225008.0,0,0,5,23,100
1225029.0,0,0,5,23,100
1225029.0,0,0,5,22,101
1225043.0,0,0,5,23,100
1225362.0,0,0,5,55,68
1225362.0,0,0,5,23,100
1225446.0,0,0,5,55,68
1225446.0,0,0,5,23,100
1225496.0,0,0,5,55,68
1225496.0,0,0,5,23,100
1225578.0,0,0,5,55,68
1225578.0,0,0,5,23,100
1225644.0,0,0,5,55,68
1225644.0,0,0,5,23,100
1225657.0,0,0,5,23,100
1225778.0,0,0,5,23,100
1225778.0,0,0,5,22,101
1225788.0,0,0,5,22,101
1225789.0,0,0,5,54,69
1225789.0,0,0,5,22,101
1225792.0,0,0,5,54,69
1225792.0,0,0,5,22,101
1225806.0,0,0,5,23,100
1225843.0,2,0,3,23,100
1225922.0,2,0,3,55,68
1225922.0,2,0,3,23,100
1226065.0,2,0,3,55,68
1226127.0,2,0,3,55,68
1226127.0,2,0,3,39,84
1226203.0,2,0,3,39,84
1226203.0,2,0,3,7,116
1226223.0,2,0,3,7,116
1226223.0,0,2,3,7,116
1226459.0,0,2,3,23,100
1227261.0,3,2,0,23,100
1227283.0,3,2,0,23,100
1227482.0,3,2,0,55,68
1227482.0,3,2,0,23,100
1228023.0,3,0,0,25,100
1228023.0,3,0,0,17,108
1228062.0,3,0,0,17,108
1228146.0,3,0,0,17,108
1228196.0,3,0,0,17,108
1228278.0,3,0,0,17,108
1228344.0,3,0,0,17,108
1228489.0,3,0,0,17,108
1228492.0,3,0,0,17,108
1228622.0,3,0,0,17,108
1228765.0,3,0,0,17,108
1229084.0,3,0,0,21,104
1229305.0,3,0,0,53,72
1229521.0,3,0,0,53,72
1229521.0,3,0,0,52,73
1229547.0,3,0,0,53,72
1229718.0,3,0,0,85,40
1230018.0,3,0,0,85,40
1230018.0,3,0,0,53,72
1230084.0,3,0,0,53,72
1230084.0,3,0,0,49,76
1230125.0,3,0,0,85,40
1230182.0,3,0,0,85,40
1230372.0,3,0,0,85,40
1230372.0,3,0,0,53,72
1230431.0,3,0,0,53,72
1230431.0,3,0,0,49,76
1230637.0,3,0,0,81,44
1230638.0,3,0,0,85,40
1230921.0,3,0,0,85,40
1230921.0,3,0,0,53,72
1230954.0,3,0,0,53,72
1230954.0,3,0,0,21,104
1231156.0,3,0,0,53,72
1231183.0,3,0,0,53,72
1231183.0,3,0,0,21,104
1231191.0,3,0,0,53,72
1231195.0,3,0,0,53,72
1231195.0,3,0,0,52,73
1231246.0,3,0,0,53,72
1231275.0,3,0,0,53,72
1231275.0,3,0,0,49,76
1231325.0,3,0,0,49,76
1231325.0,3,0,0,17,108
1231467.0,3,0,0,21,104
1231468.0,3,0,0,53,72
1231501.0,3,0,0,85,40
1231563.0,3,0,0,85,40
1231563.0,3,0,0,53,72
1231740.0,3,0,0,85,40
1231776.0,3,0,0,85,40
1231776.0,3,0,0,53,72
1231832.0,3,0,0,53,72
1231832.0,3,0,0,49,76
1231986.0,3,0,0,53,72
1231987.0,3,0,0,85,40
1232005.0,3,0,0,85,40
1232354.0,3,0,0,85,40
1232354.0,3,0,0,84,41
1232369.0,3,0,0,85,40
1232418.0,3,0,0,85,40
1232793.0,3,0,0,117,8
1232795.0,3,0,0,117,8
1232795.0,3,0,0,116,9
1232808.0,3,0,0,117,8
1232825.0,3,0,0,117,8
1233337.0,3,0,0,117,8
1233542.0,3,0,0,125,0
1233856.0,3,0,0,125,0
1233891.0,3,0,0,125,0
1234168.0,3,0,0,125,0
1234201.0,3,0,0,125,0
1234201.0,3,0,15,110,0
1234440.0,3,0,15,110,0
1234440.0,3,0,47,78,0
1234686.0,3,0,47,78,0
1234686.0,3,0,51,74,0
1234687.0,3,0,51,74,0
1234687.0,3,0,83,42,0
1235069.0,3,0,83,42,0
1235069.0,3,0,84,41,0
1235493.0,3,0,84,41,0
1235493.0,3,0,116,9,0
1235508.0,3,0,116,9,0
1235508.0,3,0,117,8,0
1236129.0,3,0,117,8,0
1236188.0,3,0,117,8,0
1236242.0,3,0,117,8,0
1236242.0,3,0,125,0,0
1236424.0,3,0,125,0,0
1236484.0,3,0,125,0,0
1236640.0,3,0,125,0,0
1236717.0,3,0,125,0,0
1236742.0,3,0,125,0,0
1236901.0,18,0,110,0,0
1236949.0,18,0,110,0,0
1236971.0,18,0,110,0,0
1237140.0,50,0,78,0,0
1237140.0,14,36,78,0,0
1237386.0,18,36,74,0,0
1237387.0,50,36,42,0,0
1237387.0,1,85,42,0,0
1237769.0,2,85,41,0,0
1238193.0,34,85,9,0,0
1238208.0,35,85,8,0,0
1238676.0,35,85,8,0,0
1238676.0,31,89,8,0,0
1238747.0,31,89,8,0,0
1238747.0,27,93,8,0,0
1238768.0,27,93,8,0,0
1238768.0,25,95,8,0,0
1238940.0,25,59,8,36,0
1238940.0,25,59,8,0,36
1238942.0,33,59,0,0,36
1238967.0,33,59,0,4,32
1239027.0,33,59,0,36,0
1239187.0,33,10,0,85,0
1239187.0,33,10,0,36,49
1239211.0,33,10,0,37,48
1239215.0,33,10,0,39,46
1239228.0,33,10,0,43,42
1239262.0,33,10,0,43,42
1239262.0,0,43,0,43,42
1240476.0,0,39,0,47,42
1240476.0,0,39,0,43,46
1240497.0,0,39,0,47,42
1240547.0,0,35,0,51,42
1240547.0,0,35,0,47,46
1240568.0,0,33,0,49,46
1240568.0,0,33,0,47,48
1240656.0,0,33,0,51,44
1240874.0,0,33,0,51,44
1240874.0,0,33,0,47,48
1240895.0,0,33,0,47,48
1240895.0,0,33,0,45,50
1240947.0,0,33,0,47,48
1241062.0,0,0,0,80,48
1241062.0,0,0,0,16,112
1241667.0,0,0,0,16,112
1241727.0,0,0,0,16,112
1241915.0,0,0,0,16,112
1241915.0,0,0,2,14,112
1241928.0,0,0,2,14,112
1241928.0,0,0,6,10,112
1242648.0,0,0,6,14,108
1242650.0,0,0,6,16,106
1243197.0,0,0,6,16,106
1243197.0,0,0,10,12,106
1243356.0,0,0,10,12,106
1243356.0,0,0,14,8,106
1243473.0,0,0,14,10,104
1243477.0,0,0,14,14,100
1243481.0,0,0,14,14,100
1243647.0,0,0,14,14,100
1243647.0,0,0,16,12,100
1244615.0,2,0,14,12,100
1244628.0,6,0,10,12,100
1245255.0,6,0,10,76,36
1245348.0,6,0,10,76,36
1245348.0,6,0,14,72,36
1245350.0,6,0,14,72,36
1245350.0,6,0,16,70,36
1245897.0,10,0,12,70,36
1246056.0,14,0,8,70,36
1246172.0,14,0,8,74,32
1246173.0,14,0,8,74,32
1246173.0,14,0,10,72,32
1246177.0,14,0,10,72,32
1246177.0,14,0,14,68,32
1246228.0,14,0,14,100,0
1246347.0,16,0,12,100,0
1247955.0,16,0,12,100,0
1247955.0,16,0,76,36,0
1248048.0,20,0,72,36,0
1248050.0,22,0,70,36,0
1248872.0,22,0,70,36,0
1248872.0,22,0,74,32,0
1248873.0,24,0,72,32,0
1248877.0,28,0,68,32,0
1248928.0,28,0,68,32,0
1248928.0,28,0,100,0,0
1250655.0,92,0,36,0,0
1251572.0,96,0,32,0,0
1251628.0,128,0,0,0,0
1251628.0,0,128,0,0,0
1253321.0,0,128,0,0,0
1253426.0,0,128,0,0,0
1253428.0,0,0,0,128,0
1253428.0,0,0,0,0,128
1253519.0,0,0,0,0,128
1262906.0,0,0,0,0,128
1263263.0,0,0,0,128,0
1263263.0,0,0,0,28,100
1265963.0,0,0,0,28,100
1265963.0,0,0,28,0,100
1268663.0,28,0,0,0,100
1272568.0,28,0,0,0,100
1272627.0,28,0,0,0,100
1272645.0,28,0,0,4,96
1272734.0,28,0,0,36,64
1272742.0,28,0,0,36,64
1272742.0,28,0,0,28,72
1272763.0,28,0,0,36,64
1272830.0,28,0,0,100,0
1272830.0,0,28,0,100,0
1273086.0,0,28,0,100,0
1273153.0,0,28,0,100,0
1273644.0,0,28,0,100,0
1273736.0,0,28,0,100,0
1273885.0,0,28,0,100,0
1274216.0,0,28,0,100,0
1274481.0,0,28,0,100,0
1274630.0,0,0,0,128,0
1274630.0,0,0,0,0,128
1274843.0,0,0,0,0,128
1275345.0,0,0,0,0,128
1275434.0,0,0,0,0,128
1275636.0,0,0,0,0,128
1275743.0,0,0,0,0,128
1275826.0,0,0,0,0,128
1276903.0,0,0,0,0,128
1276924.0,0,0,0,0,128
1278352.0,0,0,0,0,128
1278663.0,0,0,0,0,128
1278675.0,0,0,0,0,128
1278702.0,0,0,0,0,128
1278711.0,0,0,0,0,128
1279144.0,0,0,0,0,128
1279169.0,0,0,0,0,128
1279347.0,0,0,0,0,128
1279590.0,0,0,0,0,128
1279831.0,0,0,0,0,128
1280201.0,0,0,0,0,128
1280824.0,0,0,0,0,128
1280847.0,0,0,0,0,128
1281277.0,0,0,0,0,128
1281678.0,0,0,0,0,128
1281853.0,0,0,0,0,128
1282114.0,0,0,0,0,128
1282879.0,0,0,0,0,128
1282897.0,0,0,0,0,128
1282958.0,0,0,0,0,128
1283090.0,0,0,0,0,128
1283189.0,0,0,0,0,128
1283448.0,0,0,0,0,128
1283792.0,0,0,0,0,128
1284209.0,0,0,0,0,128
1284269.0,0,0,0,128,0
1284269.0,0,0,0,19,109
1284279.0,0,0,0,51,77
1284286.0,0,0,0,52,76
1284287.0,0,0,0,53,75
1284290.0,0,0,0,64,64
1284290.0,0,0,0,0,128
1284294.0,0,0,0,8,120
1284294.0,0,0,0,0,128
1284301.0,0,0,0,2,126
1284301.0,0,0,0,0,128
1284351.0,0,0,0,10,118
1284351.0,0,0,0,0,128
1284373.0,0,0,0,2,126
1284373.0,0,0,0,0,128
1284395.0,0,0,0,2,126
1284395.0,0,0,0,0,128
1284548.0,0,0,0,64,64
1284548.0,0,0,0,0,128
1284584.0,0,0,0,8,120
1284584.0,0,0,0,2,126
1284619.0,0,0,0,10,118
1284648.0,0,0,0,10,118
1284648.0,0,0,0,8,120
1284671.0,0,0,0,16,112
1284671.0,0,0,0,0,128
1284682.0,0,0,0,2,126
1284754.0,0,0,0,18,110
1284776.0,0,0,0,18,110
1284776.0,0,0,0,17,111
1284796.0,0,0,0,20,108
1284797.0,0,0,0,22,106
1284814.0,0,0,0,22,106
1284841.0,0,0,0,24,104
1284850.0,0,0,0,26,102
1284909.0,0,0,0,28,100
1284919.0,0,0,0,32,96
1284928.0,0,0,0,36,92
1284931.0,0,0,0,36,92
1284931.0,0,0,0,34,94
1284957.0,0,0,0,36,92
1285168.0,0,0,0,52,76
1285173.0,0,0,0,68,60
1285173.0,0,0,0,4,124
1285175.0,0,0,0,6,122
1285184.0,0,0,0,6,122
1285184.0,0,0,0,4,124
1285201.0,0,0,0,20,108
1285245.0,0,0,0,20,108
1285245.0,0,0,0,4,124
1285256.0,0,0,0,8,120
1285468.0,0,0,0,10,118
1285550.0,0,0,0,10,118
1285550.0,0,0,0,8,120
1285598.0,0,0,0,24,104
1285608.0,0,0,0,88,40
1285608.0,0,0,0,24,104
1285649.0,0,0,0,24,104
1285649.0,0,0,0,8,120
1285735.0,0,0,0,10,118
1285835.0,0,0,0,10,118
1285835.0,0,0,0,9,119
1285859.0,0,0,0,10,118
1285984.0,0,0,0,74,54
1285984.0,0,0,0,10,118
1286018.0,0,0,0,26,102
1286076.0,0,0,0,26,102
1286076.0,0,0,0,18,110
1286119.0,0,0,0,26,102
1286142.0,0,0,0,90,38
1286142.0,0,0,0,26,102
1286355.0,0,0,0,26,102
1286355.0,0,0,0,25,103
1286372.0,0,0,0,25,103
1286372.0,0,0,0,21,107
1286376.0,0,0,0,22,106
1286408.0,0,0,0,26,102
1286507.0,0,0,0,90,38
1286507.0,0,0,0,26,102
1286838.0,0,0,0,26,102
1286863.0,0,0,0,26,102
1286863.0,0,0,0,18,110
1286903.0,0,0,0,18,110
1286903.0,0,0,0,2,126
1286918.0,0,0,0,34,94
1286918.0,0,0,0,2,126
1286961.0,0,0,0,18,110
1286969.0,0,0,0,18,110
1287196.0,0,0,0,50,78
1287196.0,0,0,0,18,110
1287211.0,0,0,0,18,110
1287284.0,0,0,0,18,110
1287382.0,0,0,0,18,110
1287424.0,0,0,0,18,110
1287508.0,0,0,0,18,110
1287539.0,0,0,0,18,110
1287539.0,0,0,0,10,118
1287580.0,0,0,0,18,110
1287811.0,0,0,0,18,110
1287811.0,0,0,0,10,118
1287873.0,0,0,0,10,118
1287901.0,0,0,0,10,118
1288122.0,0,0,0,10,118
1288184.0,0,0,0,42,86
1288184.0,0,0,0,10,118
1288201.0,0,0,0,10,118
1288201.0,0,0,0,6,122
1288308.0,0,0,0,6,122
1288366.0,0,0,0,14,114
1288388.0,0,0,0,14,114
1288388.0,0,0,0,13,115
1288409.0,0,0,0,21,107
1288414.0,0,0,0,21,107
1288423.0,0,0,0,22,106
1288495.0,0,0,0,22,106
1288495.0,0,0,0,18,110
1288598.0,0,0,0,18,110
1288598.0,0,0,0,16,112
1288651.0,0,0,0,18,110
1288684.0,0,0,0,18,110
1288789.0,0,0,0,18,110
1288789.0,0,0,0,16,112
1288823.0,0,0,0,16,112
1288823.0,0,0,0,15,113
1288837.0,0,0,0,16,112
1288839.0,0,0,0,16,112
1288842.0,0,0,0,16,112
1288873.0,0,0,0,18,110
1289014.0,0,0,0,18,110
1289138.0,0,0,0,18,110
1289138.0,0,0,0,17,111
1289157.0,0,0,0,18,110
1289176.0,0,0,0,18,110
1289176.0,0,0,0,2,126
1289207.0,0,0,0,2,126
1289213.0,0,0,0,18,110
1289306.0,0,0,0,18,110
1289306.0,0,0,0,17,111
1289326.0,0,0,0,18,110
1289341.0,0,0,0,22,106
1289461.0,0,0,0,26,102
1289492.0,0,0,0,26,102
1289618.0,0,0,0,26,102
1289754.0,0,0,0,58,70
1289754.0,0,0,0,26,102
1289793.0,0,0,0,58,70
1289793.0,0,0,0,26,102
1289811.0,0,0,0,58,70
1289811.0,0,0,0,26,102
1289857.0,0,0,0,26,102
1289896.0,0,0,0,26,102
1289934.0,0,0,0,26,102
1290148.0,0,0,0,58,70
1290148.0,0,0,0,26,102
1290444.0,0,0,0,26,102
1290560.0,0,0,0,26,102
1290560.0,0,0,0,25,103
1290580.0,0,0,0,26,102
1290787.0,0,0,0,58,70
1290787.0,0,0,0,26,102
1290884.0,0,0,0,26,102
1290893.0,0,0,0,26,102
1290996.0,0,0,0,58,70
1290996.0,0,0,0,26,102
1291066.0,0,0,0,26,102
1291140.0,0,0,0,58,70
1291140.0,0,0,0,26,102
1291262.0,0,0,0,58,70
1291262.0,0,0,0,26,102
1291366.0,0,0,0,58,70
1291479.0,0,0,0,90,38
1291479.0,0,0,0,26,102
1291573.0,0,0,0,26,102
1291595.0,0,0,0,26,102
1291709.0,0,0,0,26,102
1291709.0,0,0,0,25,103
1291715.0,0,0,0,25,103
1291715.0,0,0,0,24,104
1291726.0,0,0,0,25,103
1291761.0,0,0,0,89,39
1291761.0,0,0,0,25,103
1291818.0,0,0,0,26,102
1291834.0,0,0,0,26,102
1291857.0,0,0,0,26,102
1291859.0,0,0,0,26,102
1291859.0,0,0,0,10,118
1291875.0,0,0,0,42,86
1291875.0,0,0,0,10,118
1291888.0,0,0,0,26,102
1291950.0,0,0,0,26,102
1291950.0,0,0,0,22,106
1291964.0,0,0,0,22,106
1291964.0,0,0,0,21,107
1291979.0,0,0,0,53,75
1291979.0,0,0,0,21,107
1291991.0,0,0,0,22,106
1292088.0,0,0,0,54,74
1292088.0,0,0,0,22,106
1292091.0,0,0,0,54,74
1292214.0,0,0,0,86,42
1292227.0,0,0,0,90,38
1292246.0,0,0,0,90,38
1292246.0,0,0,0,74,54
1292403.0,0,0,0,74,54
1292403.0,0,0,0,73,55
1292440.0,0,0,0,74,54
1292454.0,0,0,0,74,54
1292493.0,0,0,0,74,54
1292500.0,0,0,0,74,54
1292500.0,0,0,0,42,86
1292511.0,0,0,0,42,86
1292629.0,0,0,0,74,54
1292631.0,0,0,0,74,54
1292631.0,0,0,0,73,55
1292638.0,0,0,0,73,55
1292638.0,0,0,0,72,56
1292645.0,0,0,0,73,55
1292667.0,0,0,0,74,54
1292677.0,0,0,0,74,54
1292677.0,0,0,0,42,86
1292732.0,0,0,0,74,54
1292734.0,0,0,0,74,54
1292734.0,0,0,0,73,55
1292768.0,0,0,0,74,54
1292848.0,0,0,0,74,54
1293003.0,0,0,0,74,54
1293003.0,0,0,0,73,55
1293007.0,0,0,0,74,54
1293018.0,0,0,0,90,38
1293036.0,0,0,0,90,38
1293036.0,0,0,0,74,54
1293049.0,0,0,0,90,38
1293058.0,0,0,0,90,38
1293058.0,0,0,0,74,54
1293105.0,0,0,0,90,38
1293487.0,0,0,0,90,38
1293696.0,0,0,0,90,38
1293840.0,0,0,0,90,38
1293851.0,0,0,0,90,38
1293851.0,0,0,0,58,70
1293869.0,0,0,0,58,70
1293869.0,0,0,0,26,102
1293873.0,0,0,0,26,102
1293873.0,0,0,0,18,110
1293911.0,0,0,0,18,110
1293962.0,0,0,0,18,110
1294080.0,0,0,0,18,110
1294082.0,0,0,0,18,110
1294082.0,0,0,0,16,112
1294094.0,0,0,0,17,111
1294098.0,0,0,0,17,111
1294128.0,0,0,0,18,110
1294138.0,0,0,0,18,110
1294138.0,0,0,0,17,111
1294175.0,0,0,0,25,103
1294179.0,0,0,0,25,103
1294186.0,0,0,0,25,103
1294186.0,0,0,0,21,107
1294204.0,0,0,0,22,106
1294216.0,0,0,0,26,102
1294268.0,0,0,0,58,70
1294268.0,0,0,0,26,102
1294282.0,0,0,0,26,102
1294314.0,0,0,0,26,102
1294314.0,0,0,0,10,118
1294432.0,0,0,0,10,118
1294432.0,0,0,0,9,119
1294434.0,0,0,0,41,87
1294434.0,0,0,0,9,119
1294453.0,0,0,0,41,87
1294453.0,0,0,0,9,119
1294461.0,0,0,0,9,119
1294466.0,0,0,0,10,118
1294496.0,0,0,0,10,118
1294496.0,0,0,0,9,119
1294504.0,0,0,0,10,118
1294522.0,0,0,0,10,118
1294540.0,0,0,0,10,118
1294552.0,0,0,0,42,86
1294552.0,0,0,0,10,118
1294569.0,0,0,0,42,86
1294569.0,0,0,0,10,118
1294575.0,0,0,0,10,118
1294653.0,0,0,0,10,118
1294654.0,0,0,0,26,102
1294679.0,0,0,0,26,102
1294788.0,0,0,0,26,102
1294791.0,0,0,0,26,102
1294814.0,0,0,0,26,102
1294814.0,0,0,0,24,104
1294815.0,0,0,0,56,72
1294815.0,0,0,0,24,104
1294823.0,0,0,0,25,103
1294851.0,0,0,0,26,102
1294907.0,0,0,0,58,70
1294914.0,0,0,0,58,70
1294949.0,0,0,0,58,70
1294949.0,0,0,0,50,78
1295137.0,0,0,0,50,78
1295137.0,0,0,0,18,110
1295258.0,0,0,0,50,78
1295304.0,0,0,0,50,78
1295304.0,0,0,0,34,94
1295306.0,0,0,0,50,78
1295311.0,0,0,0,50,78
1295311.0,0,0,0,34,94
1295329.0,0,0,0,34,94
1295340.0,0,0,0,66,62
1295344.0,0,0,0,66,62
1295344.0,0,0,0,65,63
1295367.0,0,0,0,81,47
1295381.0,0,0,0,82,46
1295389.0,0,0,0,82,46
1295389.0,0,0,0,81,47
1295408.0,0,0,0,82,46
1295432.0,0,0,0,82,46
1295435.0,0,0,0,82,46
1295435.0,0,0,0,50,78
1295443.0,0,0,0,82,46
1295444.0,0,0,0,82,46
1295444.0,0,0,0,81,47
1295465.0,0,0,0,81,47
1295465.0,0,0,0,79,49
1295469.0,0,0,0,80,48
1295485.0,0,0,0,80,48
1295485.0,0,0,0,48,80
1295486.0,0,0,0,56,72
1295509.0,0,0,0,56,72
1295509.0,0,0,0,48,80
1295524.0,0,0,0,80,48
1295526.0,0,0,0,80,48
1295526.0,0,0,0,48,80
1295529.0,0,0,0,80,48
1295531.0,0,0,0,82,46
1295596.0,0,0,0,82,46
1295596.0,0,0,0,50,78
1295642.0,0,0,0,50,78
1295642.0,0,0,0,18,110
1295749.0,0,0,0,18,110
1295805.0,0,0,0,18,110
1295818.0,0,0,0,50,78
1295888.0,0,0,0,50,78
1295888.0,0,0,0,49,79
1295895.0,0,0,0,50,78
1295903.0,0,0,0,50,78
1295903.0,0,0,0,49,79
1295928.0,0,0,0,49,79
1295928.0,0,0,0,17,111
1295987.0,0,0,0,18,110
1296010.0,0,0,0,18,110
1296010.0,0,0,0,17,111
1296090.0,0,0,0,49,79
1296092.0,0,0,0,49,79
1296092.0,0,0,0,48,80
1296093.0,0,0,0,49,79
1296108.0,0,0,0,50,78
1296119.0,0,0,0,50,78
1296119.0,0,0,0,49,79
1296124.0,0,0,0,50,78
1296160.0,0,0,0,50,78
1296160.0,0,0,0,18,110
1296259.0,0,0,0,50,78
1296281.0,0,0,0,58,70
1296313.0,0,0,0,90,38
1296324.0,0,0,0,90,38
1296324.0,0,0,0,89,39
1296348.0,0,0,0,90,38
1296362.0,0,0,0,90,38
1296362.0,0,0,0,89,39
1296372.0,0,0,0,89,39
1296372.0,0,0,0,87,41
1296379.0,0,0,0,88,40
1296418.0,0,0,0,88,40
1296418.0,0,0,0,87,41
1296422.0,0,0,0,87,41
1296422.0,0,0,0,85,43
1296438.0,0,0,0,85,43
1296438.0,0,0,0,53,75
1296456.0,0,0,0,54,74
1296480.0,0,0,0,54,74
1296480.0,0,0,0,52,76
1296483.0,0,0,0,52,76
1296483.0,0,0,0,51,77
1296512.0,0,0,0,52,76
1296572.0,0,0,0,54,74
1296578.0,0,0,0,54,74
1296578.0,0,0,0,38,90
1296616.0,0,0,0,54,74
1296632.0,0,0,0,56,72
1296634.0,0,0,0,88,40
1296636.0,0,0,0,88,40
1296636.0,0,0,0,87,41
1296651.0,0,0,0,88,40
1296683.0,0,0,0,88,40
1296683.0,0,0,0,87,41
1296695.0,0,0,0,88,40
1296701.0,0,0,0,90,38
1296968.0,0,0,0,90,38
1297134.0,0,0,0,90,38
1297153.0,0,0,0,90,38
1297252.0,0,0,0,90,38
1297269.0,0,0,0,90,38
1297294.0,0,0,0,90,38
1297294.0,0,0,0,89,39
1297309.0,0,0,0,90,38
1297312.0,0,0,0,90,38
1297312.0,0,0,0,88,40
1297444.0,0,0,0,88,40
1297444.0,0,0,0,56,72
1297515.0,0,0,0,56,72
1297524.0,0,0,0,56,72
1297524.0,0,0,0,55,73
1297541.0,0,0,0,56,72
1297594.0,0,0,0,56,72
1297594.0,0,0,0,52,76
1297600.0,0,0,0,84,44
1297602.0,0,0,0,84,44
1297602.0,0,0,0,83,45
1297607.0,0,0,0,83,45
1297620.0,0,0,0,84,44
1297958.0,0,0,0,84,44
1298015.0,0,0,0,88,40
1298040.0,0,0,0,88,40
1298067.0,0,0,0,88,40
1298143.0,0,0,0,88,40
1298209.0,0,0,0,88,40
1298209.0,0,0,0,87,41
1298210.0,0,0,0,88,40
1298219.0,0,0,0,88,40
1298219.0,0,0,0,56,72
1298224.0,0,0,0,56,72
1298229.0,0,0,0,56,72
1298412.0,0,0,0,88,40
1298418.0,0,0,0,88,40
1298418.0,0,0,0,87,41
1298432.0,0,0,0,88,40
1298458.0,0,0,0,88,40
1298458.0,0,0,0,56,72
1298518.0,0,0,0,56,72
1298601.0,0,0,0,88,40
1298604.0,0,0,0,88,40
1298604.0,0,0,0,87,41
1298619.0,0,0,0,88,40
1298663.0,0,0,0,88,40
1298663.0,0,0,0,56,72
1298690.0,0,0,0,56,72
1298690.0,0,0,0,40,88
1298790.0,0,0,0,40,88
1298824.0,0,0,0,56,72
1298826.0,0,0,0,88,40
1298834.0,0,0,0,88,40
1298834.0,0,0,0,87,41
1298853.0,0,0,0,88,40
1298905.0,0,0,0,120,8
1298925.0,0,0,0,122,6
1298959.0,0,0,0,122,6
1299013.0,0,0,0,122,6
1299147.0,0,0,0,126,2
1299148.0,0,0,0,126,2
1299148.0,0,0,0,110,18
1299272.0,0,0,0,110,18
1299316.0,0,0,0,110,18
1299328.0,0,0,0,110,18
1299328.0,0,0,0,78,50
1299334.0,0,0,0,78,50
1299492.0,0,0,0,110,18
1299499.0,0,0,0,110,18
1299499.0,0,0,0,109,19
1299516.0,0,0,0,110,18
1299535.0,0,0,0,126,2
1299657.0,0,0,0,126,2
1299657.0,0,0,0,110,18
1300048.0,0,0,0,126,2
1300192.0,0,0,0,126,2
1300192.0,0,0,0,94,34
1300264.0,0,0,0,94,34
1300264.0,0,0,0,62,66
1300298.0,0,0,0,94,34
1300300.0,0,0,0,94,34
1300300.0,0,0,0,93,35
1300323.0,0,0,0,94,34
1300430.0,0,0,0,94,34
1300430.0,0,0,0,62,66
1300452.0,0,0,0,62,66
1300452.0,0,0,0,60,68
1300487.0,0,0,0,62,66
1300503.0,0,0,0,94,34
1300508.0,0,0,0,94,34
1300508.0,0,0,0,90,38
1300557.0,0,0,0,90,38
1300557.0,0,0,0,88,40
1300589.0,0,0,0,90,38
1300595.0,0,0,0,90,38
1300595.0,0,0,0,88,40
1300660.0,0,0,0,88,40
1300660.0,0,0,0,56,72
1300700.0,0,0,0,56,72
1300700.0,0,0,0,54,74
1300807.0,0,0,0,56,72
1300912.0,0,0,0,88,40
1300915.0,0,0,0,88,40
1300915.0,0,0,0,87,41
1300929.0,0,0,0,88,40
1300959.0,0,0,0,88,40
1300959.0,0,0,0,72,56
1301112.0,0,0,0,72,56
1301137.0,0,0,0,72,56
1301137.0,0,0,0,40,88
1301230.0,0,0,0,56,72
1301256.0,0,0,0,88,40
1301259.0,0,0,0,88,40
1301259.0,0,0,0,87,41
1301279.0,0,0,0,88,40
1301301.0,0,0,0,88,40
1301508.0,0,0,0,88,40
1301508.0,0,0,0,56,72
1301524.0,0,0,0,56,72
1301526.0,0,0,0,56,72
1301605.0,0,0,0,56,72
1301661.0,0,0,0,56,72
1301661.0,0,0,0,24,104
1301675.0,0,0,0,56,72
1301679.0,0,0,0,56,72
1301679.0,0,0,0,55,73
1301705.0,0,0,0,56,72
1301746.0,0,0,0,56,72
1301746.0,0,0,0,24,104
1301860.0,0,0,0,56,72
1301862.0,0,0,0,56,72
1301862.0,0,0,0,55,73
1301880.0,0,0,0,56,72
1301896.0,0,0,0,88,40
1302061.0,0,0,0,88,40
1302061.0,0,0,0,87,41
1302095.0,0,0,0,88,40
1302146.0,0,0,0,88,40
1302146.0,0,0,0,56,72
1302192.0,0,0,0,56,72
1302235.0,0,0,0,56,72
1302336.0,0,0,0,88,40
1302339.0,0,0,0,88,40
1302339.0,0,0,0,87,41
1302359.0,0,0,0,88,40
1302528.0,0,0,0,88,40
1302528.0,0,0,0,56,72
1302630.0,0,0,0,88,40
1302632.0,0,0,0,88,40
1302632.0,0,0,0,87,41
1302654.0,0,0,0,88,40
1302796.0,0,0,0,88,40
1302796.0,0,0,0,84,44
1302820.0,0,0,0,88,40
1302883.0,0,0,0,88,40
1302883.0,0,0,0,87,41
1302937.0,0,0,0,88,40
1302998.0,0,0,0,88,40
1303023.0,0,0,0,88,40
1303050.0,0,0,0,88,40
1303050.0,0,0,0,72,56
1303083.0,0,0,0,88,40
1303172.0,0,0,0,88,40
1303172.0,0,0,0,56,72
1303203.0,0,0,0,56,72
1303401.0,0,0,0,88,40
1303407.0,0,0,0,88,40
1303407.0,0,0,0,87,41
1303410.0,0,0,0,87,41
1303410.0,0,0,0,55,73
1303458.0,0,0,0,56,72
1303467.0,0,0,0,88,40
1303612.0,0,0,0,88,40
1303616.0,0,0,0,88,40
1303616.0,0,0,0,80,48
1303650.0,0,0,0,88,40
1303671.0,0,0,0,88,40
1303671.0,0,0,0,56,72
1303714.0,0,0,0,88,40
1303799.0,0,0,0,88,40
1303799.0,0,0,0,84,44
1303836.0,0,0,0,88,40
1303885.0,0,0,0,90,38
1303919.0,0,0,0,90,38
1303919.0,0,0,0,88,40
1303955.0,0,0,0,88,40
1303955.0,0,0,0,56,72
1303956.0,0,0,0,56,72
1303958.0,0,0,0,58,70
1304009.0,0,0,0,90,38
1304022.0,0,0,0,90,38
1304022.0,0,0,0,88,40
1304050.0,0,0,0,90,38
1304115.0,0,0,0,90,38
1304115.0,0,0,0,58,70
1304123.0,0,0,0,58,70
1304123.0,0,0,0,26,102
1304132.0,0,0,0,26,102
1304132.0,0,0,0,24,104
1304172.0,0,0,0,26,102
1304245.0,0,0,0,26,102
1304245.0,0,0,0,25,103
1304270.0,0,0,0,26,102
1304272.0,0,0,0,58,70
1304275.0,0,0,0,58,70
1304275.0,0,0,0,57,71
1304281.0,0,0,0,89,39
1304293.0,0,0,0,90,38
1304375.0,0,0,0,90,38
1304382.0,0,0,0,90,38
1304382.0,0,0,0,86,42
1304408.0,0,0,0,90,38
1304477.0,0,0,0,90,38
1304477.0,0,0,0,58,70
1304560.0,0,0,0,58,70
1304565.0,0,0,0,58,70
1304565.0,0,0,0,26,102
1304596.0,0,0,0,26,102
1304619.0,0,0,0,58,70
1304621.0,0,0,0,58,70
1304621.0,0,0,0,42,86
1304673.0,0,0,0,42,86
1304673.0,0,0,0,34,94
1304695.0,0,0,0,50,78
1304705.0,0,0,0,58,70
1304707.0,0,0,0,58,70
1304707.0,0,0,0,26,102
1304710.0,0,0,0,58,70
1304715.0,0,0,0,58,70
1304715.0,0,0,0,57,71
1304737.0,0,0,0,58,70
1304748.0,0,0,0,58,70
1304748.0,0,0,0,57,71
1304774.0,0,0,0,58,70
1304776.0,0,0,0,90,38
1304781.0,0,0,0,90,38
1304781.0,0,0,0,74,54
1304795.0,0,0,0,74,54
1304819.0,0,0,0,90,38
1304850.0,0,0,0,90,38
1304850.0,0,0,0,58,70
1304891.0,0,0,0,90,38
1305036.0,0,0,0,90,38
1305059.0,0,0,0,90,38
1305105.0,0,0,0,90,38
1305105.0,0,0,0,58,70
1305149.0,0,0,0,90,38
1305296.0,0,0,0,90,38
1305296.0,0,0,0,58,70
1305330.0,0,0,0,58,70
1305412.0,0,0,0,58,70
1305412.0,0,0,0,26,102
1305441.0,0,0,0,58,70
1305443.0,0,0,0,58,70
1305443.0,0,0,0,57,71
1305462.0,0,0,0,58,70
1305573.0,0,0,0,58,70
1305573.0,0,0,0,26,102
1305579.0,0,0,0,26,102
1305579.0,0,0,0,25,103
1305599.0,0,0,0,26,102
1305621.0,0,0,0,58,70
1305641.0,0,0,0,58,70
1305641.0,0,0,0,42,86
1305662.0,0,0,0,42,86
1305662.0,0,0,0,38,90
1305685.0,0,0,0,54,74
1305685.0,0,0,0,52,76
1305783.0,0,0,0,52,76
1305886.0,0,0,0,52,76
1305886.0,0,0,0,20,108
1305908.0,0,0,0,20,108
1305908.0,0,0,0,4,124
1305994.0,0,0,0,20,108
1306079.0,0,0,0,52,76
1306085.0,0,0,0,52,76
1306085.0,0,0,0,51,77
1306097.0,0,0,0,51,77
1306097.0,0,0,0,50,78
1306101.0,0,0,0,50,78
1306118.0,0,0,0,51,77
1306167.0,0,0,0,51,77
1306296.0,0,0,0,51,77
1306296.0,0,0,0,19,109
1306414.0,0,0,0,19,109
1306447.0,0,0,0,51,77
1306454.0,0,0,0,51,77
1306454.0,0,0,0,50,78
1306480.0,0,0,0,51,77
1306516.0,0,0,0,55,73
1306519.0,0,0,0,57,71
1306537.0,0,0,0,57,71
1306537.0,0,0,0,53,75
1306547.0,0,0,0,53,75
1306547.0,0,0,0,21,107
1306549.0,0,0,0,21,107
1306549.0,0,0,0,5,123
1306558.0,0,0,0,5,123
1306558.0,0,0,0,3,125
1306620.0,0,0,0,4,124
1306709.0,0,0,0,4,124
1306713.0,0,0,0,20,108
1306770.0,0,0,0,52,76
1306773.0,0,0,0,52,76
1306773.0,0,0,0,51,77
1306794.0,0,0,0,52,76
1306814.0,0,0,0,52,76
1306814.0,0,0,0,51,77
1306840.0,0,0,0,52,76
1306972.0,0,0,0,52,76
1306981.0,0,0,0,52,76
1307010.0,0,0,0,52,76
1307010.0,0,0,0,20,108
1307094.0,0,0,0,20,108
1307094.0,0,0,0,4,124
1307108.0,0,0,0,4,124
1307208.0,0,0,0,20,108
1307241.0,0,0,0,52,76
1307257.0,0,0,0,52,76
1307257.0,0,0,0,51,77
1307282.0,0,0,0,52,76
1307294.0,0,0,0,52,76
1307294.0,0,0,0,48,80
1307319.0,0,0,0,48,80
1307324.0,0,0,0,52,76
1307395.0,0,0,0,52,76
1307405.0,0,0,0,52,76
1307410.0,0,0,0,52,76
1307433.0,0,0,0,52,76
1307433.0,0,0,0,20,108
1307451.0,0,0,0,52,76
1307476.0,0,0,0,52,76
1307553.0,0,0,0,84,44
1307556.0,0,0,0,84,44
1307556.0,0,0,0,83,45
1307573.0,0,0,0,84,44
1307591.0,0,0,0,84,44
1307692.0,0,0,0,84,44
1307692.0,0,0,0,83,45
1307698.0,0,0,0,84,44
1307849.0,0,0,0,84,44
1307968.0,0,0,0,84,44
1307968.0,0,0,0,52,76
1308116.0,0,0,0,84,44
1308119.0,0,0,0,84,44
1308119.0,0,0,0,83,45
1308136.0,0,0,0,84,44
1308141.0,0,0,0,84,44
1308172.0,0,0,0,84,44
1308172.0,0,0,0,52,76
1308292.0,0,0,0,84,44
1308296.0,0,0,0,84,44
1308296.0,0,0,0,83,45
1308314.0,0,0,0,84,44
1308321.0,0,0,0,84,44
1308385.0,0,0,0,84,44
1308639.0,0,0,0,88,40
1308640.0,0,0,0,90,38
1308651.0,0,0,0,90,38
1308651.0,0,0,0,86,42
1308672.0,0,0,0,86,42
1308672.0,0,0,0,84,44
1308779.0,0,0,0,84,44
1308798.0,0,0,0,86,42
1309126.0,0,0,0,86,42
1309126.0,0,0,0,54,74
1309147.0,0,0,0,54,74
1309216.0,0,0,0,54,74
1309219.0,0,0,0,54,74
1309286.0,0,0,0,86,42
1309288.0,0,0,0,86,42
1309288.0,0,0,0,85,43
1309302.0,0,0,0,86,42
1309372.0,0,0,0,86,42
1309372.0,0,0,0,54,74
1309470.0,0,0,0,54,74
1309512.0,0,0,0,86,42
1309516.0,0,0,0,86,42
1309516.0,0,0,0,85,43
1309534.0,0,0,0,86,42
1309785.0,0,0,0,86,42
1309785.0,0,0,0,85,43
1309791.0,0,0,0,86,42
1309792.0,0,0,0,86,42
1309792.0,0,0,0,82,46
1309808.0,0,0,0,86,42
1309908.0,0,0,0,86,42
1309941.0,0,0,0,86,42
1310137.0,0,0,0,86,42
1310137.0,0,0,0,85,43
1310151.0,0,0,0,85,43
1310163.0,0,0,0,86,42
1310170.0,0,0,0,86,42
1310170.0,0,0,0,54,74
1310253.0,0,0,0,54,74
1310320.0,0,0,0,86,42
1310324.0,0,0,0,86,42
1310324.0,0,0,0,85,43
1310349.0,0,0,0,86,42
1310378.0,0,0,0,86,42
1310378.0,0,0,0,70,58
1310472.0,0,0,0,70,58
1310472.0,0,0,0,38,90
1310659.0,0,0,0,70,58
1310665.0,0,0,0,70,58
1310665.0,0,0,0,69,59
1310681.0,0,0,0,70,58
1310700.0,0,0,0,86,42
1310816.0,0,0,0,86,42
1310822.0,0,0,0,86,42
1310822.0,0,0,0,70,58
1310868.0,0,0,0,70,58
1310868.0,0,0,0,38,90
1310959.0,0,0,0,54,74
1310977.0,0,0,0,86,42
1310991.0,0,0,0,86,42
1310991.0,0,0,0,70,58
1310992.0,0,0,0,70,58
1311037.0,0,0,0,70,58
1311037.0,0,0,0,38,90
1311154.0,0,0,0,38,90
1311154.0,0,0,0,6,122
1311266.0,0,0,0,38,90
1311270.0,0,0,0,38,90
1311270.0,0,0,0,37,91
1311288.0,0,0,0,38,90
1311509.0,0,0,0,38,90
1311509.0,0,0,0,6,122
1311547.0,0,0,0,38,90
1311723.0,0,0,0,42,86
1311724.0,0,0,0,44,84
1311733.0,0,0,0,60,68
1311744.0,0,0,0,60,68
1311744.0,0,0,0,28,100
1311779.0,0,0,0,28,100
1311779.0,0,0,0,24,104
1311807.0,0,0,0,24,104
1311807.0,0,0,0,22,106
1311812.0,0,0,0,22,106
1311812.0,0,0,0,6,122
1311986.0,0,0,0,6,122
1312082.0,0,0,0,6,122
1312082.0,0,0,0,5,123
1312108.0,0,0,0,6,122
1312212.0,0,0,0,6,122
1312508.0,0,0,0,6,122
1313020.0,0,0,0,6,122
1313054.0,0,0,0,38,90
1313073.0,0,0,0,38,90
1313073.0,0,0,0,6,122
1313328.0,0,0,0,38,90
1313359.0,0,0,0,38,90
1313430.0,0,0,0,38,90
1313430.0,0,0,0,6,122
1313606.0,0,0,0,38,90
1313609.0,0,0,0,38,90
1313609.0,0,0,0,37,91
1313618.0,0,0,0,37,91
1313618.0,0,0,0,36,92
1313628.0,0,0,0,37,91
1313630.0,0,0,0,38,90
1313659.0,0,0,0,38,90
1313677.0,0,0,0,38,90
1313702.0,0,0,0,54,74
1313703.0,0,0,0,54,74
1313703.0,0,0,0,22,106
1313905.0,0,0,0,54,74
1313909.0,0,0,0,54,74
1313909.0,0,0,0,53,75
1313929.0,0,0,0,54,74
1313940.0,0,0,0,54,74
1313940.0,0,0,0,53,75
1313955.0,0,0,0,53,75
1313955.0,0,0,0,49,79
1313965.0,0,0,0,50,78
1313966.0,0,0,0,50,78
1313987.0,0,0,0,54,74
1314018.0,0,0,0,86,42
1314043.0,0,0,0,86,42
1314043.0,0,0,0,54,74
1314174.0,0,0,0,54,74
1314174.0,0,0,0,22,106
1314214.0,0,0,0,54,74
1314217.0,0,0,0,54,74
1314217.0,0,0,0,53,75
1314235.0,0,0,0,54,74
1314247.0,0,0,0,54,74
1314295.0,0,0,0,54,74
1314295.0,0,0,0,53,75
1314309.0,0,0,0,54,74
1314322.0,0,0,0,54,74
1314322.0,0,0,0,50,78
1314372.0,0,0,0,54,74
1314423.0,0,0,0,54,74
1314433.0,0,0,0,54,74
1314474.0,0,0,0,54,74
1314474.0,0,0,0,22,106
1314536.0,0,0,0,22,106
1314536.0,0,0,0,6,122
1314761.0,0,0,0,6,122
1314761.0,0,0,0,2,126
1314877.0,0,0,0,6,122
1315013.0,0,0,0,6,122
1315013.0,0,0,0,5,123
1315042.0,0,0,0,6,122
1315043.0,0,0,0,38,90
1315149.0,0,0,0,38,90
1315149.0,0,0,0,37,91
1315167.0,0,0,0,38,90
1315441.0,0,0,0,38,90
1315441.0,0,0,0,6,122
1315472.0,0,0,0,38,90
1315753.0,0,0,0,42,86
1315754.0,0,0,0,42,86
1315915.0,0,0,0,42,86
1315915.0,0,0,0,26,102
1315944.0,0,0,0,42,86
1316011.0,0,0,0,42,86
1316011.0,0,0,0,26,102
1316023.0,0,0,0,26,102
1316023.0,0,0,0,22,106
1316028.0,0,0,0,22,106
1316045.0,0,0,0,38,90
1316057.0,0,0,0,42,86
1316112.0,0,0,0,42,86
1316112.0,0,0,0,26,102
1316144.0,0,0,0,42,86
1316275.0,0,0,0,58,70
1316306.0,0,0,0,58,70
1316307.0,0,0,0,58,70
1316307.0,0,0,0,42,86
1316314.0,0,0,0,42,86
1316314.0,0,0,0,26,102
1316360.0,0,0,0,42,86
1316402.0,0,0,0,42,86
1316491.0,0,0,0,74,54
1316538.0,0,0,0,74,54
1316538.0,0,0,0,70,58
1316567.0,0,0,0,74,54
1316605.0,0,0,0,74,54
1316611.0,0,0,0,74,54
1316611.0,0,0,0,42,86
1316718.0,0,0,0,42,86
1316792.0,0,0,0,58,70
1316856.0,0,0,0,58,70
1316856.0,0,0,0,42,86
1316913.0,0,0,0,74,54
1316914.0,0,0,0,74,54
1316935.0,0,0,0,74,54
1317027.0,0,0,0,74,54
1317027.0,0,0,0,42,86
1317072.0,0,0,0,42,86
1317098.0,0,0,0,74,54
1317177.0,0,0,0,74,54
1317177.0,0,0,0,42,86
1317205.0,0,0,0,58,70
1317257.0,0,0,0,90,38
1317272.0,0,0,0,90,38
1317272.0,0,0,0,86,42
1317293.0,0,0,0,90,38
1317333.0,0,0,0,90,38
1317333.0,0,0,0,58,70
1317381.0,0,0,0,90,38
1317457.0,0,0,0,90,38
1317457.0,0,0,0,74,54
1317493.0,0,0,0,90,38
1317568.0,0,0,0,90,38
1317568.0,0,0,0,82,46
1317577.0,0,0,0,82,46
1317597.0,0,0,0,90,38
1317606.0,0,0,0,90,38
1317606.0,0,0,0,58,70
1317677.0,0,0,0,58,70
1317677.0,0,0,0,54,74
1317696.0,0,0,0,54,74
1317696.0,0,0,0,50,78
1317738.0,0,0,0,54,74
1317743.0,0,0,0,54,74
1317806.0,0,0,0,54,74
1317806.0,0,0,0,52,76
1317846.0,0,0,0,54,74
1317927.0,0,0,0,54,74
1317927.0,0,0,0,53,75
1317978.0,0,0,0,54,74
1318172.0,0,0,0,54,74
1318257.0,0,0,0,86,42
1318260.0,0,0,0,86,42
1318260.0,0,0,0,85,43
1318280.0,0,0,0,86,42
1318328.0,0,0,0,86,42
1318328.0,0,0,0,54,74
1318482.0,0,0,0,54,74
1318482.0,0,0,0,52,76
1318533.0,0,0,0,54,74
1318644.0,0,0,0,54,74
1318671.0,0,0,0,86,42
1318673.0,0,0,0,86,42
1318673.0,0,0,0,85,43
1318691.0,0,0,0,86,42
1318720.0,0,0,0,86,42
1318720.0,0,0,0,82,46
1318745.0,0,0,0,82,46
1318759.0,0,0,0,82,46
1318759.0,0,0,0,81,47
1318764.0,0,0,0,81,47
1318764.0,0,0,0,80,48
1318771.0,0,0,0,84,44
1318779.0,0,0,0,85,43
1318786.0,0,0,0,86,42
1318817.0,0,0,0,86,42
1318817.0,0,0,0,85,43
1318828.0,0,0,0,86,42
1318830.0,0,0,0,86,42
1318830.0,0,0,0,54,74
1318844.0,0,0,0,54,74
1318859.0,0,0,0,54,74
1318859.0,0,0,0,46,82
1318909.0,0,0,0,54,74
1318976.0,0,0,0,86,42
1319015.0,0,0,0,86,42
1319015.0,0,0,0,70,58
1319031.0,0,0,0,70,58
1319031.0,0,0,0,38,90
1319044.0,0,0,0,38,90
1319044.0,0,0,0,34,94
1319060.0,0,0,0,34,94
1319067.0,0,0,0,50,78
1319078.0,0,0,0,54,74
1319180.0,0,0,0,86,42
1319182.0,0,0,0,86,42
1319182.0,0,0,0,85,43
1319191.0,0,0,0,85,43
1319191.0,0,0,0,84,44
1319200.0,0,0,0,85,43
1319202.0,0,0,0,86,42
1319312.0,0,0,0,86,42
1319312.0,0,0,0,54,74
1319322.0,0,0,0,54,74
1319322.0,0,0,0,53,75
1319352.0,0,0,0,54,74
1319452.0,0,0,0,54,74
1319452.0,0,0,0,52,76
1319475.0,0,0,0,54,74
1319492.0,0,0,0,54,74
1319493.0,0,0,0,54,74
1319493.0,0,0,0,50,78
1319513.0,0,0,0,54,74
1319524.0,0,0,0,54,74
1319524.0,0,0,0,50,78
1319550.0,0,0,0,54,74
1319594.0,0,0,0,54,74
1319594.0,0,0,0,46,82
1319613.0,0,0,0,46,82
1319618.0,0,0,0,54,74
1319727.0,0,0,0,54,74
1319727.0,0,0,0,38,90
1319762.0,0,0,0,54,74
1319798.0,0,0,0,54,74
1319826.0,0,0,0,54,74
1319826.0,0,0,0,22,106
1319884.0,0,0,0,54,74
1319905.0,0,0,0,54,74
1319939.0,0,0,0,54,74
1319939.0,0,0,0,22,106
1319957.0,0,0,0,22,106
1319993.0,0,0,0,22,106
1319995.0,0,0,0,54,74
1320045.0,0,0,0,54,74
1320045.0,0,0,0,22,106
1320081.0,0,0,0,22,106
1320096.0,0,0,0,54,74
1320193.0,0,0,0,54,74
1320257.0,0,0,0,54,74
1320257.0,0,0,0,38,90
1320296.0,0,0,0,54,74
1320297.0,0,0,0,54,74
1320445.0,0,0,0,54,74
1320445.0,0,0,0,38,90
1320481.0,0,0,0,54,74
1320525.0,0,0,0,54,74
1320525.0,0,0,0,46,82
1320549.0,0,0,0,54,74
1320607.0,0,0,0,54,74
1320607.0,0,0,0,46,82
1320636.0,0,0,0,54,74
1320682.0,0,0,0,54,74
1320682.0,0,0,0,46,82
1320709.0,0,0,0,54,74
1320757.0,0,0,0,54,74
1320757.0,0,0,0,50,78
1320784.0,0,0,0,54,74
1320867.0,0,0,0,54,74
1320867.0,0,0,0,52,76
1320886.0,0,0,0,54,74
1320944.0,0,0,0,54,74
1320944.0,0,0,0,53,75
1320957.0,0,0,0,53,75
1320963.0,0,0,0,54,74
1321004.0,0,0,0,54,74
1321004.0,0,0,0,53,75
1321026.0,0,0,0,54,74
1321085.0,0,0,0,54,74
1321085.0,0,0,0,52,76
1321107.0,0,0,0,54,74
1321162.0,0,0,0,54,74
1321162.0,0,0,0,50,78
1321189.0,0,0,0,54,74
1321371.0,0,0,0,54,74
1321585.0,0,0,0,90,38
1321609.0,0,0,0,90,38
1321676.0,0,0,0,90,38
1321767.0,0,0,0,90,38
1321778.0,0,0,0,90,38
1321788.0,0,0,0,128,0
1321880.0,0,0,0,128,0
1322318.0,0,0,0,128,0
1322584.0,0,0,0,128,0
1322695.0,0,0,0,128,0
1322796.0,0,0,0,128,0
1322996.0,0,0,0,128,0
1323181.0,0,0,0,128,0
1323181.0,0,0,16,112,0
1323249.0,0,0,16,112,0
1323249.0,0,0,24,104,0
1323336.0,0,0,24,104,0
1323336.0,0,0,32,96,0
1323409.0,0,0,32,96,0
1323409.0,0,0,40,88,0
1323484.0,0,0,40,88,0
1323484.0,0,0,44,84,0
1323586.0,0,0,44,84,0
1323586.0,0,0,46,82,0
1323663.0,0,0,46,82,0
1323663.0,0,0,47,81,0
1323726.0,0,0,47,81,0
1323726.0,0,0,48,80,0
1323807.0,0,0,48,80,0
1323807.0,0,0,50,78,0
1323889.0,0,0,50,78,0
1323889.0,0,0,54,74,0
1324285.0,0,0,54,74,0
1324285.0,0,0,90,38,0
1324488.0,0,0,90,38,0
1324488.0,0,0,128,0,0
1325881.0,16,0,112,0,0
1325949.0,24,0,104,0,0
1326036.0,32,0,96,0,0
1326109.0,40,0,88,0,0
1326184.0,44,0,84,0,0
1326286.0,46,0,82,0,0
1326363.0,47,0,81,0,0
1326426.0,48,0,80,0,0
1326507.0,50,0,78,0,0
1326589.0,54,0,74,0,0
1326985.0,90,0,38,0,0
1327188.0,128,0,0,0,0
1329032.0,128,0,0,0,0
1329032.0,64,64,0,0,0
1329033.0,64,64,0,0,0
1329033.0,0,128,0,0,0
1330832.0,0,64,0,64,0
1330832.0,0,64,0,0,64
1330833.0,0,0,0,64,64
1330833.0,0,0,0,0,128
1334177.0,0,0,0,0,128
1334236.0,0,0,0,0,128
1335938.0,0,0,0,64,64
1335938.0,0,0,0,28,100
1338638.0,0,0,0,28,100
1338638.0,0,0,28,0,100
1340102.0,0,0,28,0,100
1340248.0,0,0,28,0,100
1340352.0,0,0,28,0,100
1340467.0,0,0,28,0,100
1341338.0,28,0,0,0,100
1341675.0,28,0,0,4,96
1341730.0,28,0,0,36,64
1341764.0,28,0,0,100,0
1341764.0,0,28,0,100,0
1343564.0,0,0,0,128,0
1343564.0,0,0,0,0,128
1343704.0,0,0,0,128,0
1343704.0,0,0,0,0,128
1343802.0,0,0,0,128,0
1343802.0,0,0,0,0,128
1343913.0,0,0,0,128,0
1343913.0,0,0,0,0,128
1344375.0,0,0,0,0,128
1350081.0,0,0,0,0,128
1350237.0,0,0,0,0,128
1350299.0,0,0,0,0,128
1353523.0,0,0,0,128,0
1353523.0,0,0,0,28,100
1356223.0,0,0,0,28,100
1356223.0,0,0,28,0,100
1356569.0,0,0,28,0,100
1358923.0,28,0,0,0,100
1359421.0,28,0,0,0,100
1359567.0,28,0,0,0,100
1359634.0,28,0,0,0,100
1359782.0,28,0,0,4,96
1359782.0,28,0,0,0,100
1359837.0,28,0,0,32,68
1359837.0,28,0,0,0,100
1359862.0,28,0,0,32,68
1360410.0,28,0,0,32,68
1360410.0,28,0,0,0,100
1360732.0,28,0,0,0,100
1360952.0,28,0,0,0,100
1361383.0,28,0,0,0,100
1361400.0,28,0,0,4,96
1362099.0,28,0,0,36,64
1362099.0,0,28,0,36,64
1362160.0,0,28,0,36,64
1362197.0,0,28,0,36,64
1362346.0,0,28,0,36,64
1362481.0,0,28,0,36,64
1362537.0,0,28,0,36,64
1362562.0,0,28,0,36,64
1362858.0,0,28,0,100,0
1362858.0,0,28,0,36,64
1363113.0,0,28,0,100,0
1363113.0,0,28,0,36,64
1363328.0,0,28,0,100,0
1363328.0,0,28,0,36,64
1363899.0,0,0,0,64,64
1363899.0,0,0,0,0,128
1364100.0,0,0,0,0,128
1364236.0,0,0,0,0,128
1364809.0,0,0,0,0,128
1365541.0,0,0,0,0,128
1365563.0,0,0,0,0,128
1365804.0,0,0,0,0,128
1366768.0,0,0,0,0,128
1367053.0,0,0,0,64,64
1367053.0,0,0,0,0,128
1367366.0,0,0,0,0,128
1367629.0,0,0,0,64,64
1367629.0,0,0,0,0,128
1367673.0,0,0,0,32,96
1367673.0,0,0,0,0,128
1367771.0,0,0,0,32,96
1367771.0,0,0,0,0,128
1367793.0,0,0,0,32,96
1367793.0,0,0,0,8,120
1367795.0,0,0,0,8,120
1367795.0,0,0,0,6,122
1367808.0,0,0,0,7,121
1367809.0,0,0,0,71,57
1367809.0,0,0,0,7,121
1367811.0,0,0,0,8,120
1367816.0,0,0,0,8,120
1367925.0,0,0,0,24,104
1367925.0,0,0,0,8,120
1368096.0,0,0,0,40,88
1368096.0,0,0,0,24,104
1368115.0,0,0,0,40,88
1368272.0,0,0,0,56,72
1368847.0,0,0,0,56,72
1368847.0,0,0,0,54,74
1368908.0,0,0,0,54,74
1368908.0,0,0,0,53,75
1368918.0,0,0,0,55,73
1368964.0,0,0,0,55,73
1368964.0,0,0,0,53,75
1369049.0,0,0,0,55,73
1369325.0,0,0,0,55,73
1369325.0,0,0,0,54,74
1369337.0,0,0,0,55,73
1369347.0,0,0,0,55,73
1369347.0,0,0,0,23,105
1369601.0,0,0,0,24,104
1370154.0,0,0,0,24,104
1370154.0,0,0,0,23,105
1370169.0,0,0,0,24,104
1370493.0,0,0,0,24,104
1370509.0,0,0,0,24,104
1370625.0,0,0,0,24,104
1370796.0,0,0,0,24,104
1370815.0,0,0,0,24,104
1370815.0,0,0,1,23,104
1370972.0,0,0,1,23,104
1370972.0,0,0,17,7,104
1371346.0,0,0,17,9,102
1371348.0,0,0,17,41,70
1371618.0,0,0,17,41,70
1371618.0,0,0,19,39,70
1371749.0,0,0,19,39,70
1371749.0,0,0,21,37,70
1371784.0,0,0,21,37,70
1371784.0,0,0,21,33,74
1371903.0,0,0,21,37,70
1371956.0,0,0,21,37,70
1371956.0,0,0,21,33,74
1371999.0,0,0,21,37,70
1372037.0,0,0,21,37,70
1372158.0,0,0,21,37,70
1372158.0,0,0,21,21,86
1372193.0,0,0,21,21,86
1372193.0,0,0,21,17,90
1372233.0,0,0,21,33,74
1372245.0,0,0,21,37,70
1372386.0,0,0,21,37,70
1372386.0,0,0,21,33,74
1372430.0,0,0,21,37,70
1372439.0,0,0,21,37,70
1372439.0,0,0,21,29,78
1372468.0,0,0,21,29,78
1372468.0,0,0,21,27,80
1372517.0,0,0,21,29,78
1372607.0,0,0,21,37,70
1372724.0,0,0,21,37,70
1372724.0,0,0,21,29,78
1372759.0,0,0,21,29,78
1372759.0,0,0,21,28,79
1372772.0,0,0,21,29,78
1372863.0,0,0,21,61,46
1372868.0,0,0,21,61,46
1372868.0,0,0,21,29,78
1372939.0,0,0,21,29,78
1372939.0,0,0,21,25,82
1372996.0,0,0,21,29,78
1373037.0,0,0,21,37,70
1373110.0,0,0,21,37,70
1373110.0,0,0,21,29,78
1373252.0,0,0,21,37,70
1373296.0,0,0,21,37,70
1373296.0,0,0,21,33,74
1373346.0,0,0,21,37,70
1373361.0,0,0,21,37,70
1373361.0,0,0,21,29,78
1373515.0,1,0,20,29,78
1373581.0,1,0,20,37,70
1373672.0,17,0,4,37,70
1373800.0,17,0,4,37,70
1373800.0,17,0,4,33,74
1373846.0,17,0,4,37,70
1374046.0,17,0,4,37,70
1374048.0,17,0,4,37,70
1374201.0,17,0,4,37,70
1374201.0,17,0,4,33,74
1374243.0,17,0,4,37,70
1374318.0,19,0,2,37,70
1374449.0,21,0,0,37,70
1374603.0,21,0,0,37,70
1374699.0,21,0,0,37,70
1374933.0,21,0,0,37,70
1375232.0,21,0,0,37,70
1375232.0,21,0,0,33,74
1375277.0,21,0,0,37,70
1375563.0,21,0,0,37,70
1375696.0,21,0,0,37,70
1375737.0,21,0,0,37,70
1375737.0,21,0,5,32,70
1375952.0,21,0,5,32,70
1375952.0,21,0,13,24,70
1376046.0,21,0,13,24,70
1376046.0,21,0,17,20,70
1376093.0,21,0,17,22,68
1376120.0,21,0,17,22,68
1376120.0,21,0,17,21,69
1376123.0,21,0,17,21,69
1376123.0,21,0,17,19,71
1376281.0,21,0,17,19,71
1376281.0,21,0,22,14,71
1376385.0,21,0,22,46,39
1376387.0,21,0,22,46,39
1376387.0,21,0,22,14,71
1376426.0,21,0,22,14,71
1376426.0,21,0,22,10,75
1376449.0,21,0,22,14,71
1376476.0,21,0,22,14,71
1376476.0,21,0,22,10,75
1376523.0,21,0,22,14,71
1376546.0,21,0,22,14,71
1376851.0,21,0,22,14,71
1376851.0,21,0,22,10,75
1376906.0,21,0,22,11,74
1376911.0,21,0,22,15,70
1377023.0,21,0,22,15,70
1377023.0,21,0,22,11,74
1377220.0,21,0,22,11,74
1377220.0,0,21,22,11,74
1377282.0,0,21,22,11,74
1377294.0,0,21,22,15,70
1377294.0,0,21,22,11,74
1377806.0,0,21,22,11,74
1377813.0,0,21,22,15,70
1377813.0,0,21,22,11,74
1378103.0,0,21,22,15,70
1378142.0,0,21,22,15,70
1378142.0,0,21,22,14,71
1378239.0,0,21,22,14,71
1378336.0,0,21,22,14,71
1378410.0,0,21,22,14,71
1378437.0,5,21,17,14,71
1378492.0,5,21,17,14,71
1378518.0,5,21,17,14,71
1378585.0,5,21,17,14,71
1378652.0,13,21,9,14,71
1378746.0,17,21,5,14,71
1378747.0,17,21,5,14,71
1378747.0,16,22,5,14,71
1378809.0,16,22,5,14,71
1378809.0,15,23,5,14,71
1378874.0,15,23,5,15,70
1378874.0,15,23,5,11,74
1378884.0,15,23,5,11,74
1378904.0,15,23,5,15,70
1378904.0,15,23,5,11,74
1378905.0,15,23,5,11,74
1378956.0,15,23,5,11,74
1378981.0,20,23,0,11,74
1379020.0,20,2,0,32,74
1379020.0,20,2,0,0,106
1379085.0,20,2,0,0,106
1379108.0,20,2,0,0,106
1379149.0,20,2,0,0,106
1379232.0,20,2,0,2,104
1379262.0,20,2,0,6,100
1379298.0,20,2,0,6,100
1379345.0,20,2,0,6,100
1379600.0,20,2,0,38,68
1379600.0,5,17,0,6,100
1379783.0,5,17,0,6,100
1379783.0,4,18,0,6,100
1379887.0,4,18,0,38,68
1379887.0,4,18,0,6,100
1379889.0,4,18,0,6,100
1379978.0,4,18,0,38,68
1379978.0,4,18,0,6,100
1380004.0,4,18,0,6,100
1380004.0,3,19,0,6,100
1380095.0,3,19,0,6,100
1380143.0,3,19,0,6,100
1380143.0,2,20,0,6,100
1380191.0,2,20,0,38,68
1380191.0,2,20,0,6,100
1380209.0,2,20,0,6,100
1380209.0,1,21,0,6,100
1380293.0,1,21,0,6,100
1380403.0,1,21,0,38,68
1380403.0,1,21,0,6,100
1380406.0,1,21,0,6,100
1380406.0,0,22,0,6,100
1380470.0,0,22,0,6,100
1380470.0,0,22,0,2,104
1380547.0,0,21,0,3,104
1380547.0,0,21,0,2,105
1380599.0,0,21,0,6,101
1380603.0,0,21,0,7,100
1380609.0,0,20,0,8,100
1380609.0,0,20,0,7,101
1380649.0,0,20,0,7,101
1380649.0,0,20,0,3,105
1380651.0,0,20,0,4,104
1380758.0,0,20,0,4,104
1380797.0,0,20,0,8,100
1380803.0,0,20,0,8,100
1380820.0,0,20,0,8,100
1380981.0,0,20,0,8,100
1380981.0,0,20,0,4,104
1381016.0,0,20,0,4,104
1381016.0,0,20,0,2,106
1381027.0,0,20,0,6,102
1381215.0,0,20,0,8,100
1381324.0,0,20,0,8,100
1381400.0,0,5,0,23,100
1381400.0,0,5,0,8,115
1381405.0,0,5,0,8,115
1381405.0,0,5,0,4,119
1381407.0,0,5,0,4,119
1381413.0,0,5,0,5,118
1381428.0,0,5,0,7,116
1381495.0,0,5,0,7,116
1381510.0,0,5,0,9,114
1381530.0,0,5,0,13,110
1381545.0,0,5,0,17,106
1381545.0,0,5,0,1,122
1381552.0,0,5,0,33,90
1381552.0,0,5,0,1,122
1381583.0,0,4,0,2,122
1381583.0,0,4,0,1,123
1381595.0,0,4,0,33,91
1381595.0,0,4,0,1,123
1381677.0,0,4,0,1,123
1381717.0,0,4,0,2,122
1381726.0,0,4,0,6,118
1381736.0,0,4,0,6,118
1381800.0,0,4,0,6,118
1381804.0,0,3,0,7,118
1381804.0,0,3,0,6,119
1381825.0,0,3,0,7,118
1381834.0,0,3,0,7,118
1381890.0,0,3,0,23,102
1381890.0,0,3,0,7,118
1381911.0,0,3,0,23,102
1381932.0,0,3,0,23,102
1381943.0,0,2,0,24,102
1381943.0,0,2,0,23,103
1381989.0,0,2,0,24,102
1382009.0,0,1,0,25,102
1382009.0,0,1,0,24,103
1382030.0,0,1,0,25,102
1382030.0,0,1,0,9,118
1382057.0,0,1,0,25,102
1382085.0,0,1,0,25,102
1382085.0,0,1,0,9,118
1382089.0,0,1,0,41,86
1382089.0,0,1,0,9,118
1382110.0,0,1,0,41,86
1382110.0,0,1,0,9,118
1382131.0,0,1,0,41,86
1382131.0,0,1,0,9,118
1382201.0,0,1,0,41,86
1382201.0,0,1,0,9,118
1382206.0,0,0,0,10,118
1382206.0,0,0,0,9,119
1382300.0,0,0,0,9,119
1382343.0,0,0,0,13,115
1382377.0,0,0,0,45,83
1382377.0,0,0,0,13,115
1382378.0,0,0,0,45,83
1382378.0,0,0,0,13,115
1382387.0,0,0,0,13,115
1382406.0,0,0,0,29,99
1382456.0,0,0,0,29,99
1382490.0,0,0,0,29,99
1382522.0,0,0,0,61,67
1382522.0,0,0,0,19,109
1382532.0,0,0,0,51,77
1382537.0,0,0,0,52,76
1382587.0,0,0,0,52,76
1382612.0,0,0,0,52,76
1382612.0,0,0,0,44,84
1382628.0,0,0,0,52,76
1382678.0,0,0,0,52,76
1382693.0,0,0,0,52,76
1382693.0,0,0,0,36,92
1382695.0,0,0,0,44,84
1382706.0,0,0,0,45,83
1382713.0,0,0,0,61,67
1382743.0,0,0,0,61,67
1382743.0,0,0,0,45,83
1382803.0,0,0,0,61,67
1382823.0,0,0,0,62,66
1382891.0,0,0,0,62,66
1382914.0,0,0,0,62,66
1382914.0,0,0,0,61,67
1382931.0,0,0,0,62,66
1382965.0,0,0,0,62,66
1382965.0,0,0,0,61,67
1382975.0,0,0,0,61,67
1382975.0,0,0,0,45,83
1383103.0,0,0,0,45,83
1383140.0,0,0,0,46,82
1383274.0,0,0,0,78,50
1383299.0,0,0,0,78,50
1383337.0,0,0,0,78,50
1383337.0,0,0,0,46,82
1383391.0,0,0,0,62,66
1383497.0,0,0,0,62,66
1383563.0,0,0,0,62,66
1383563.0,0,0,0,54,74
1383698.0,0,0,0,62,66
1383719.0,0,0,0,94,34
1383727.0,0,0,0,94,34
1383736.0,0,0,0,94,34
1383736.0,0,0,0,86,42
1383798.0,0,0,0,94,34
1383964.0,0,0,0,94,34
1383964.0,0,0,0,86,42
1383991.0,0,0,0,94,34
1384025.0,0,0,0,94,34
1384025.0,0,0,0,86,42
1384046.0,0,0,0,94,34
1384058.0,0,0,0,94,34
1384058.0,0,0,0,93,35
1384079.0,0,0,0,94,34
1384160.0,0,0,0,94,34
1384160.0,0,0,0,62,66
1384221.0,0,0,0,62,66
1384221.0,0,0,0,46,82
1384245.0,0,0,0,46,82
1384247.0,0,0,0,78,50
1384252.0,0,0,0,78,50
1384252.0,0,0,0,46,82
1384295.0,0,0,0,46,82
1384329.0,0,0,0,46,82
1384329.0,0,0,0,45,83
1384442.0,0,0,0,46,82
1384467.0,0,0,0,46,82
1384467.0,0,0,0,45,83
1384477.0,0,0,0,46,82
1384502.0,0,0,0,62,66
1384529.0,0,0,0,62,66
1384529.0,0,0,0,61,67
1384534.0,0,0,0,62,66
1384552.0,0,0,0,94,34
1384578.0,0,0,0,94,34
1384578.0,0,0,0,86,42
1384590.0,0,0,0,86,42
1384599.0,0,0,0,86,42
1384599.0,0,0,0,54,74
1384601.0,0,0,0,54,74
1384601.0,0,0,0,22,106
1384611.0,0,0,0,22,106
1384630.0,0,0,0,30,98
1384698.0,0,0,0,30,98
1384698.0,0,0,0,22,106
1384722.0,0,0,0,30,98
1384757.0,0,0,0,30,98
1384789.0,0,0,0,30,98
1384810.0,0,0,0,30,98
1384831.0,0,0,0,30,98
1384892.0,0,0,0,30,98
1384892.0,0,0,0,29,99
1384901.0,0,0,0,29,99
1384913.0,0,0,0,30,98
1384914.0,0,0,0,30,98
1384914.0,0,0,0,22,106
1384969.0,0,0,0,30,98
1385011.0,0,0,0,30,98
1385011.0,0,0,0,22,106
1385057.0,0,0,0,30,98
1385077.0,0,0,0,30,98
1385078.0,0,0,0,30,98
1385222.0,0,0,0,30,98
1385232.0,0,0,0,30,98
1385256.0,0,0,0,30,98
1385256.0,0,0,0,22,106
1385285.0,0,0,0,22,106
1385320.0,0,0,0,30,98
1385328.0,0,0,0,30,98
1385441.0,0,0,0,30,98
1385503.0,0,0,0,30,98
1385585.0,0,0,0,30,98
1385680.0,0,0,0,30,98
1385922.0,0,0,0,62,66
1385922.0,0,0,0,13,115
1385933.0,0,0,0,14,114
1385974.0,0,0,0,14,114
1385978.0,0,0,0,22,106
1385982.0,0,0,0,30,98
1386247.0,0,0,0,30,98
1386247.0,0,0,0,29,99
1386256.0,0,0,0,29,99
1386256.0,0,0,0,21,107
1386268.0,0,0,0,22,106
1386316.0,0,0,0,30,98
1386382.0,0,0,0,30,98
1386382.0,0,0,0,22,106
1386398.0,0,0,0,22,106
1386419.0,0,0,0,22,106
1386436.0,0,0,0,30,98
1386691.0,0,0,0,30,98
1386746.0,0,0,0,30,98
1386947.0,0,0,0,30,98
1387077.0,0,0,0,30,98
1387077.0,0,0,0,22,106
1387087.0,0,0,0,30,98
1387252.0,0,0,0,30,98
1387252.0,0,0,0,22,106
1387263.0,0,0,0,30,98
1387330.0,0,0,0,30,98
1387422.0,0,0,0,30,98
1387458.0,0,0,0,30,98
1387458.0,0,0,0,28,100
1387495.0,0,0,0,28,100
1387495.0,0,0,0,26,102
1387554.0,0,0,0,28,100
1387565.0,0,0,0,28,100
1387565.0,0,0,0,27,101
1387852.0,0,0,0,28,100
1387977.0,0,0,0,28,100
1387977.0,0,0,0,27,101
1388456.0,0,0,0,28,100
1388520.0,0,0,0,28,100
1388520.0,0,0,0,27,101
1388541.0,0,0,0,28,100
1388545.0,0,0,0,28,100
1388545.0,0,0,0,27,101
1388604.0,0,0,0,27,101
1388604.0,0,0,0,26,102
1388622.0,0,0,0,26,102
1388678.0,0,0,0,26,102
1388682.0,0,0,0,26,102
1388816.0,0,0,0,58,70
1388821.0,0,0,0,58,70
1388821.0,0,0,0,26,102
1388858.0,0,0,0,27,101
1389016.0,0,0,0,27,101
1389136.0,0,0,0,27,101
1389204.0,0,0,0,27,101
1389204.0,0,0,0,26,102
1389248.0,0,0,0,26,102
1389248.0,0,0,0,25,103
1389386.0,0,0,0,26,102
1389406.0,0,0,0,27,101
1389446.0,0,0,0,59,69
1389455.0,0,0,0,59,69
1389455.0,0,0,0,58,70
1389510.0,0,0,0,60,68
1389990.0,0,0,0,60,68
1389990.0,0,0,0,56,72
1390018.0,0,0,0,60,68
1390224.0,0,0,0,60,68
1390224.0,0,0,0,59,69
1390340.0,0,0,0,60,68
1390389.0,0,0,0,60,68
1390389.0,0,0,0,59,69
1390397.0,0,0,0,60,68
1390419.0,0,0,0,60,68
1390419.0,0,0,0,59,69
1390455.0,0,0,0,60,68
1390477.0,0,0,0,60,68
1390477.0,0,0,0,59,69
1390489.0,0,0,0,61,67
1390508.0,0,0,0,62,66
1390522.0,0,0,0,62,66
1390522.0,0,0,0,61,67
1390539.0,0,0,0,62,66
1390970.0,0,0,0,94,34
1391506.0,0,0,0,94,34
1391506.0,0,0,0,30,98
1391516.0,0,0,0,30,98
1391536.0,0,0,0,30,98
1391536.0,0,0,0,29,99
1391553.0,0,0,0,30,98
1391635.0,0,0,0,30,98
1391635.0,0,0,0,29,99
1391668.0,0,0,0,93,35
1391755.0,0,0,0,94,34
1392467.0,0,0,0,126,2
1393191.0,0,0,0,126,2
1393191.0,0,0,0,94,34
1393202.0,0,0,0,94,34
1393202.0,0,0,0,93,35
1393209.0,0,0,0,94,34
1393273.0,0,0,0,94,34
1393273.0,0,0,0,90,38
1393301.0,0,0,0,90,38
1393301.0,0,0,0,26,102
1393472.0,0,0,0,26,102
1393472.0,0,0,0,25,103
1393492.0,0,0,0,26,102
1393494.0,0,0,0,62,66
1393513.0,0,0,0,62,66
1393513.0,0,0,0,30,98
1393533.0,0,0,0,30,98
1393533.0,0,0,0,29,99
1393571.0,0,0,0,29,99
1393571.0,0,0,0,28,100
1393575.0,0,0,0,28,100
1393575.0,0,0,0,27,101
1393592.0,0,0,0,28,100
1393595.0,0,0,0,28,100
1393595.0,0,0,0,24,104
1393605.0,0,0,0,25,103
1393607.0,0,0,0,26,102
1393635.0,0,0,0,26,102
1393635.0,0,0,0,25,103
1393645.0,0,0,0,25,103
1393645.0,0,0,0,24,104
1393650.0,0,0,0,25,103
1393652.0,0,0,0,26,102
1393670.0,0,0,0,26,102
1393712.0,0,0,0,26,102
1393712.0,0,0,0,25,103
1393741.0,0,0,0,26,102
1393754.0,0,0,0,26,102
1393754.0,0,0,0,22,106
1393756.0,0,0,0,22,106
1393756.0,0,0,0,21,107
1393766.0,0,0,0,25,103
1393773.0,0,0,0,26,102
1393807.0,0,0,0,26,102
1393807.0,0,0,0,10,118
1393835.0,0,0,0,26,102
1393899.0,0,0,0,26,102
1393899.0,0,0,0,22,106
1393925.0,0,0,0,86,42
1393955.0,0,0,0,86,42
1393955.0,0,0,0,70,58
1393965.0,0,0,0,74,54
1394009.0,0,0,0,74,54
1394009.0,0,0,0,10,118
1394034.0,0,0,0,26,102
1394194.0,0,0,0,26,102
1394194.0,0,0,0,22,106
1394240.0,0,0,0,26,102
1394307.0,0,0,0,26,102
1394307.0,0,0,0,10,118
1394330.0,0,0,0,26,102
1394368.0,0,0,0,26,102
1394395.0,0,0,0,26,102
1394395.0,0,0,0,22,106
1394399.0,0,0,0,26,102
1394497.0,0,0,0,26,102
1394497.0,0,0,0,10,118
1394500.0,0,0,0,26,102
1394568.0,0,0,0,26,102
1394568.0,0,0,0,22,106
1394575.0,0,0,0,22,106
1394575.0,0,0,0,6,122
1394591.0,0,0,0,6,122
1394591.0,0,0,0,4,124
1394601.0,0,0,0,20,108
1394630.0,0,0,0,20,108
1394630.0,0,0,0,16,112
1394684.0,0,0,0,16,112
1394684.0,0,0,0,0,128
1394755.0,0,0,0,4,124
1394764.0,0,0,0,4,124
1394764.0,0,0,0,0,128
1394789.0,0,0,0,4,124
1394801.0,0,0,0,20,108
1394869.0,0,0,0,20,108
1394869.0,0,0,0,16,112
1394898.0,0,0,0,16,112
1394898.0,0,0,0,15,113
1394907.0,0,0,0,16,112
1394923.0,0,0,0,20,108
1395096.0,0,0,0,20,108
1395096.0,0,0,0,4,124
1395147.0,0,0,0,36,92
1395153.0,0,0,0,36,92
1395153.0,0,0,0,4,124
1395165.0,0,0,0,20,108
1395167.0,0,0,0,20,108
1395175.0,0,0,0,52,76
1395185.0,0,0,0,52,76
1395185.0,0,0,0,51,77
1395211.0,0,0,0,52,76
1395255.0,0,0,0,52,76
1395255.0,0,0,0,48,80
1395272.0,0,0,0,48,80
1395272.0,0,0,0,32,96
1395314.0,0,0,0,36,92
1395333.0,0,0,0,100,28
1395347.0,0,0,0,100,28
1395347.0,0,0,0,99,29
1395355.0,0,0,0,99,29
1395355.0,0,0,0,67,61
1395394.0,0,0,0,68,60
1395415.0,0,0,0,84,44
1395691.0,0,0,0,84,44
1395691.0,0,0,0,68,60
1395698.0,0,0,0,68,60
1395698.0,0,0,0,67,61
1395808.0,0,0,0,71,57
1395810.0,0,0,0,71,57
1395810.0,0,0,0,39,89
1395883.0,0,0,0,43,85
1395885.0,0,0,0,45,83
1395889.0,0,0,0,45,83
1395889.0,0,0,0,41,87
1395904.0,0,0,0,57,71
1395939.0,0,0,0,57,71
1395939.0,0,0,0,55,73
1395972.0,0,0,0,56,72
1396018.0,0,0,0,58,70
1396097.0,0,0,0,58,70
1396097.0,0,0,0,26,102
1396194.0,0,0,0,26,102
1396232.0,0,0,0,58,70
1396305.0,0,0,0,58,70
1396441.0,0,0,0,58,70
1396535.0,0,0,0,58,70
1396625.0,0,0,0,58,70
1396734.0,0,0,0,58,70
1396866.0,0,0,0,58,70
1396866.0,0,0,0,42,86
1396931.0,0,0,0,58,70
1396963.0,0,0,0,58,70
1396963.0,0,0,0,26,102
1397030.0,0,0,0,26,102
1397126.0,0,0,0,26,102
1397126.0,0,0,0,25,103
1397172.0,0,0,0,26,102
1397186.0,0,0,0,58,70
1397200.0,0,0,0,58,70
1397283.0,0,0,0,58,70
1397283.0,0,0,0,26,102
1397301.0,0,0,0,26,102
1397317.0,0,0,0,58,70
1397321.0,0,0,0,58,70
1397321.0,0,0,0,56,72
1397337.0,0,0,0,88,40
1397383.0,0,0,0,88,40
1397383.0,0,0,0,56,72
1397442.0,0,0,0,58,70
1397455.0,0,0,0,58,70
1397476.0,0,0,0,58,70
1397476.0,0,0,0,42,86
1397489.0,0,0,0,42,86
1397501.0,0,0,0,42,86
1397504.0,0,0,0,58,70
1397543.0,0,0,0,58,70
1397543.0,0,0,0,26,102
1397554.0,0,0,0,58,70
1397604.0,0,0,0,90,38
1397617.0,0,0,0,94,34
1397619.0,0,0,0,94,34
1397619.0,0,0,0,62,66
1397623.0,0,0,0,62,66
1397682.0,0,0,0,62,66
1397682.0,0,0,0,58,70
1397700.0,0,0,0,58,70
1397700.0,0,0,0,26,102
1397713.0,0,0,0,30,98
1397784.0,0,0,0,62,66
1397831.0,0,0,0,62,66
1397831.0,0,0,0,46,82
1397847.0,0,0,0,46,82
1397865.0,0,0,0,46,82
1397875.0,0,0,0,46,82
1397946.0,0,0,0,62,66
1398014.0,0,0,0,62,66
1398033.0,0,0,0,62,66
1398508.0,0,0,0,62,66
1398604.0,0,0,0,62,66
1398624.0,0,0,0,62,66
1398624.0,0,0,0,30,98
1398743.0,0,0,0,30,98
1398743.0,0,0,0,26,102
1398787.0,0,0,0,30,98
1398860.0,0,0,0,62,66
1398863.0,0,0,0,94,34
1398867.0,0,0,0,94,34
1398867.0,0,0,0,62,66
1398918.0,0,0,0,62,66
1398918.0,0,0,0,30,98
1398932.0,0,0,0,30,98
1399010.0,0,0,0,30,98
1399010.0,0,0,0,26,102
1399358.0,0,0,0,26,102
1399358.0,0,0,0,25,103
1399420.0,0,0,0,26,102
1399468.0,0,0,0,26,102
1399468.0,0,0,0,22,106
1399552.0,0,0,0,26,102
1399886.0,0,0,0,26,102
1400017.0,0,0,0,26,102
1400037.0,0,0,0,26,102
1400254.0,0,0,0,26,102
1400304.0,0,0,0,26,102
1400484.0,0,0,0,26,102
1401560.0,0,0,0,26,102
1401563.0,0,0,0,26,102
1401563.0,0,0,21,5,102
1402120.0,0,0,21,5,102
1402120.0,0,0,22,4,102
1402252.0,0,0,22,4,102
1402252.0,0,0,26,0,102
1402591.0,0,0,26,32,70
1402600.0,0,0,26,32,70
1402600.0,0,0,26,0,102
1403039.0,0,0,26,32,70
1403312.0,0,0,26,32,70
1403312.0,0,0,26,0,102
1403533.0,0,0,26,32,70
1404263.0,21,0,5,32,70
1404820.0,22,0,4,32,70
1404952.0,26,0,0,32,70
1405153.0,26,0,0,32,70
1405153.0,26,0,0,31,71
1405166.0,26,0,0,32,70
1405291.0,26,0,0,32,70
1405739.0,26,0,0,32,70
1406233.0,26,0,0,32,70
1406233.0,26,0,31,1,70
1406247.0,26,0,31,33,38
1406658.0,26,0,31,33,38
1406658.0,26,0,31,29,42
1406675.0,26,0,31,33,38
1406863.0,26,0,31,33,38
1406863.0,26,0,31,29,42
1406875.0,26,0,31,33,38
1406906.0,26,0,31,33,38
1406906.0,26,0,31,32,39
1406910.0,26,0,31,33,38
1407866.0,26,0,31,33,38
1408933.0,57,0,0,33,38
1408947.0,57,0,0,33,38
1408947.0,57,0,24,9,38
1409375.0,57,0,24,9,38
1409375.0,57,0,28,5,38
1409575.0,57,0,28,5,38
1409575.0,57,0,32,1,38
1409610.0,57,0,32,1,38
1409610.0,57,0,33,0,38
1411647.0,81,0,9,0,38
1411710.0,81,0,9,0,38
1411710.0,49,32,9,0,38
1411961.0,49,32,9,0,38
1411961.0,17,64,9,0,38
1412039.0,17,64,9,0,38
1412075.0,21,64,5,0,38
1412079.0,21,64,5,32,6
1412079.0,21,64,5,0,38
1412092.0,21,64,5,4,34
1412099.0,21,64,5,6,32
1412190.0,21,64,5,38,0
1412235.0,21,64,5,38,0
1412275.0,25,64,1,38,0
1412310.0,26,64,0,38,0
1412310.0,0,90,0,38,0
1412381.0,0,90,0,38,0
1412756.0,0,90,0,38,0
1413120.0,0,90,0,38,0
1413510.0,0,58,0,70,0
1413510.0,0,58,0,38,32
1413619.0,0,58,0,70,0
1413619.0,0,58,0,38,32
1413692.0,0,58,0,70,0
1413692.0,0,58,0,38,32
1413756.0,0,58,0,70,0
1413756.0,0,58,0,38,32
1413761.0,0,26,0,70,32
1413761.0,0,26,0,38,64
1413817.0,0,26,0,70,32
1414089.0,0,26,0,70,32
1414089.0,0,26,0,38,64
1414110.0,0,0,0,64,64
1414110.0,0,0,0,0,128
1414145.0,0,0,0,32,96
1414447.0,0,0,0,32,96
1414447.0,0,0,0,0,128
1414507.0,0,0,0,32,96
1414792.0,0,0,0,32,96
1414809.0,0,0,0,32,96
1414809.0,0,0,0,0,128
1414878.0,0,0,0,32,96
1415480.0,0,0,0,32,96
1415480.0,0,0,0,0,128
1415492.0,0,0,0,32,96
1415498.0,0,0,0,32,96
1415498.0,0,0,0,0,128
1416099.0,0,0,0,0,128
1416120.0,0,0,0,0,128
1416517.0,0,0,0,0,128
1416544.0,0,0,0,0,128
1416572.0,0,0,0,0,128
1416845.0,0,0,0,0,128
1417207.0,0,0,0,0,128
1417292.0,0,0,0,32,96
1417292.0,0,0,0,20,108
1417369.0,0,0,0,22,106
1417371.0,0,0,0,24,104
1417389.0,0,0,0,28,100
1417398.0,0,0,0,32,96
1417578.0,0,0,0,32,96
1418192.0,0,0,0,32,96
1418989.0,0,0,0,64,64
1418999.0,0,0,0,64,64
1418999.0,0,0,0,32,96
1419128.0,0,0,0,64,64
1419419.0,0,0,0,64,64
1419419.0,0,0,0,32,96
1419478.0,0,0,0,32,96
1419478.0,0,0,0,28,100
1419992.0,0,0,0,28,100
1421689.0,0,0,0,28,100
1421828.0,0,0,0,28,100
1421828.0,0,0,28,0,100
1423166.0,0,0,28,32,68
1423170.0,0,0,28,36,64
1423184.0,0,0,28,36,64
1423355.0,0,0,28,36,64
1424528.0,28,0,0,36,64
1425034.0,28,0,0,100,0
1425034.0,0,28,0,100,0
1425866.0,0,28,0,100,0
1426834.0,0,0,0,128,0
1426834.0,0,0,0,0,128
1427001.0,0,0,0,128,0
1427001.0,0,0,0,0,128
1433101.0,0,0,0,0,128
1433135.0,0,0,0,0,128
1433226.0,0,0,0,0,128
1433548.0,0,0,0,0,128
1433614.0,0,0,0,0,128
1436742.0,0,0,0,128,0
1436742.0,0,0,0,28,100
1436788.0,0,0,0,32,96
1436788.0,0,0,0,0,128
1436862.0,0,0,0,32,96
1436862.0,0,0,0,28,100
1439442.0,0,0,0,28,100
1439562.0,0,0,0,28,100
1439562.0,0,0,28,0,100
1442262.0,28,0,0,0,100
1447665.0,28,0,0,64,36
1449251.0,28,0,0,64,36
1449251.0,28,0,0,32,68
1450365.0,28,0,0,32,68
1450365.0,28,0,32,0,68
1453065.0,60,0,0,0,68
1459153.0,60,0,0,0,68
1459153.0,59,1,0,0,68
1460953.0,59,0,0,1,68
1460953.0,59,0,0,0,69
1460965.0,59,0,0,1,68
1463665.0,59,0,0,1,68
1463665.0,59,0,1,0,68
1466365.0,60,0,0,0,68
1470419.0,60,0,0,0,68
1470748.0,60,0,0,0,68
1471158.0,60,0,0,0,68
1471388.0,60,0,0,0,68
1471959.0,60,0,0,0,68
1471975.0,60,0,0,0,68
1471984.0,60,0,0,0,68
1472162.0,60,0,0,0,68
1472617.0,60,0,0,32,36
1472617.0,0,60,0,26,42
1472621.0,0,60,0,27,41
1472624.0,0,60,0,31,37
1472629.0,0,60,0,32,36
1472637.0,0,60,0,36,32
1474417.0,0,0,0,96,32
1474417.0,0,0,0,32,96
1474723.0,0,0,0,96,32
1474723.0,0,0,0,32,96
1475097.0,0,0,0,96,32
1475097.0,0,0,0,32,96
1475317.0,0,0,0,32,96
1475350.0,0,0,0,96,32
1475350.0,0,0,0,32,96
1475427.0,0,0,0,96,32
1475427.0,0,0,0,32,96
1476220.0,0,0,0,96,32
1477185.0,0,0,0,96,32
1477185.0,0,0,0,94,34
1477218.0,0,0,0,96,32
1477370.0,0,0,0,96,32
1477370.0,0,0,0,94,34
1477423.0,0,0,0,94,34
1477440.0,0,0,0,96,32
1477797.0,0,0,0,96,32
1478023.0,0,0,0,96,32
1478023.0,0,0,0,94,34
1478050.0,0,0,0,94,34
1478105.0,0,0,0,96,32
1478127.0,0,0,0,96,32
1478127.0,0,0,26,70,32
1478920.0,0,0,26,70,32
1478920.0,0,0,90,6,32
1479918.0,0,0,90,6,32
1479918.0,0,0,92,4,32
1480140.0,0,0,92,4,32
1480140.0,0,0,94,2,32
1480805.0,0,0,94,2,32
1480805.0,0,0,96,0,32
1480827.0,26,0,70,0,32
1481601.0,26,0,70,0,32
1481601.0,24,2,70,0,32
1481620.0,88,2,6,0,32
1482618.0,90,2,4,0,32
1482840.0,92,2,2,0,32
1482920.0,92,2,2,0,32
1482920.0,90,4,2,0,32
1483201.0,90,4,2,0,32
1483201.0,89,5,2,0,32
1483401.0,89,3,2,2,32
1483401.0,89,3,2,0,34
1483405.0,89,3,2,0,34
1483405.0,88,4,2,0,34
1483491.0,88,4,2,2,32
1483505.0,90,4,0,2,32
1484720.0,90,2,0,4,32
1484720.0,90,2,0,2,34
1484758.0,90,2,0,4,32
1485001.0,90,1,0,5,32
1485001.0,90,1,0,4,33
1485034.0,90,1,0,5,32
1485205.0,90,0,0,6,32
1485205.0,90,0,0,5,33
1485808.0,90,0,0,6,32
1486191.0,90,0,0,6,32
1486191.0,90,0,2,4,32
1487458.0,90,0,2,4,32
1487458.0,90,0,4,2,32
1487734.0,90,0,4,2,32
1487734.0,90,0,5,1,32
1488508.0,90,0,5,1,32
1488508.0,90,0,6,0,32
1488891.0,92,0,4,0,32
1490158.0,94,0,2,0,32
1490434.0,95,0,1,0,32
1491208.0,96,0,0,0,32
1491553.0,96,0,0,0,32
1491553.0,95,1,0,0,32
1493353.0,95,0,0,1,32
1493353.0,95,0,0,0,33
1493369.0,95,0,0,1,32
1493764.0,95,0,0,33,0
1493767.0,95,0,0,33,0
1493767.0,95,0,0,32,1
1493786.0,95,0,0,33,0
1496069.0,95,0,0,33,0
1496464.0,95,0,0,33,0
1496464.0,95,0,32,1,0
1496486.0,95,0,32,1,0
1496486.0,95,0,33,0,0
1498459.0,95,0,33,0,0
1498459.0,31,64,33,0,0
1499164.0,63,64,1,0,0
1499186.0,64,64,0,0,0
1499705.0,64,64,0,0,0
1499705.0,63,65,0,0,0
1499750.0,63,65,0,0,0
1499750.0,62,66,0,0,0
1500259.0,62,2,0,64,0
1500259.0,62,2,0,0,64
1501316.0,62,2,0,0,64
1501505.0,62,1,0,1,64
1501505.0,62,1,0,0,65
1501550.0,62,0,0,1,65
1501550.0,62,0,0,0,66
1501570.0,62,0,0,1,65
1502157.0,62,0,0,66,0
1502157.0,62,0,0,2,64
1503147.0,62,0,0,2,64
1503147.0,62,0,0,1,65
1503167.0,62,0,0,2,64
1503228.0,62,0,0,2,64
1503228.0,58,4,0,2,64
1503249.0,58,4,0,2,64
1503249.0,58,4,0,0,66
1504270.0,58,4,0,0,66
1504857.0,58,4,0,0,66
1505028.0,58,0,0,4,66
1505028.0,58,0,0,0,70
1511848.0,58,0,0,2,68
1511852.0,58,0,0,2,68
1512681.0,58,0,0,66,4
1513645.0,58,0,0,70,0
1513645.0,0,58,0,70,0
1514548.0,0,58,0,70,0
1515445.0,0,0,0,128,0
1515445.0,0,0,0,0,128
1521651.0,0,0,0,0,128
1525240.0,0,0,0,128,0
1525240.0,0,0,0,64,64
1527940.0,0,0,0,64,64
1527940.0,0,0,64,0,64
1530640.0,64,0,0,0,64
1533050.0,64,0,0,0,64
1533050.0,0,64,0,0,64
1533913.0,0,64,0,0,64
1534850.0,0,0,0,64,64
1534850.0,0,0,0,0,128
1535725.0,0,0,0,64,64
1535725.0,0,0,0,0,128
1537050.0,0,0,0,64,64
1538574.0,0,0,0,128,0
1539750.0,0,0,0,128,0
1539750.0,0,0,64,64,0
1541274.0,0,0,64,64,0
1541274.0,0,0,128,0,0
1541792.0,0,0,128,0,0
1542036.0,0,0,128,0,0
1542450.0,64,0,64,0,0
1543974.0,128,0,0,0,0
1543974.0,0,128,0,0,0
1545553.0,0,128,0,0,0
1545774.0,0,0,0,128,0
1545774.0,0,0,0,0,128
1545870.0,0,0,0,128,0
1545870.0,0,0,0,126,2
1545880.0,0,0,0,127,1
1545891.0,0,0,0,128,0
1548570.0,0,0,0,128,0
1548570.0,0,0,126,2,0
1548580.0,0,0,126,2,0
1548580.0,0,0,127,1,0
1548591.0,0,0,127,1,0
1548591.0,0,0,128,0,0
1548953.0,0,0,128,0,0
1549225.0,0,0,128,0,0
1549300.0,0,0,128,0,0
1549407.0,0,0,128,0,0
1550586.0,0,0,128,0,0
1551059.0,0,0,128,0,0
1551066.0,0,0,128,0,0
1551076.0,0,0,128,0,0
1551083.0,0,0,128,0,0
1551094.0,0,0,128,0,0
1551101.0,0,0,128,0,0
1551108.0,0,0,128,0,0
1551115.0,0,0,128,0,0
1551123.0,0,0,128,0,0
1551270.0,126,0,2,0,0
1551270.0,0,126,2,0,0
1551280.0,1,126,1,0,0
1551291.0,2,126,0,0,0
1553070.0,2,0,0,126,0
1553070.0,2,0,0,0,126
1553088.0,2,0,0,2,124
1553093.0,2,0,0,4,122
1553102.0,2,0,0,6,120
1553108.0,2,0,0,8,118
1553115.0,2,0,0,10,116
1553119.0,2,0,0,18,108
1553124.0,2,0,0,20,106
1553136.0,2,0,0,22,104
1553146.0,2,0,0,24,102
1553152.0,2,0,0,26,100
1553156.0,2,0,0,30,96
1553244.0,2,0,0,62,64
1553312.0,2,0,0,126,0
1553966.0,2,0,0,126,0
1553966.0,2,0,0,122,4
1554037.0,2,0,0,126,0
1554242.0,2,0,0,126,0
1554242.0,2,0,0,125,1
1554247.0,2,0,0,126,0
1554319.0,2,0,0,126,0
1554319.0,2,0,0,122,4
1554363.0,2,0,0,122,4
1554363.0,2,0,0,120,6
1554380.0,2,0,0,122,4
1554395.0,2,0,0,122,4
1554395.0,2,0,0,120,6
1554411.0,2,0,0,122,4
1554425.0,2,0,0,126,0
1554555.0,2,0,0,126,0
1554555.0,2,0,0,122,4
1554629.0,2,0,0,126,0
1554849.0,2,0,0,126,0
1554849.0,2,0,0,118,8
1554942.0,2,0,0,126,0
1555171.0,2,0,0,126,0
1555171.0,2,0,0,124,2
1555179.0,2,0,0,124,2
1555179.0,2,0,0,122,4
1555186.0,2,0,0,124,2
1555194.0,2,0,0,126,0
1555235.0,2,0,0,126,0
1555235.0,2,0,0,125,1
1555253.0,2,0,0,126,0
1555788.0,2,0,0,126,0
1555802.0,2,0,0,126,0
1555815.0,2,0,0,126,0
1555819.0,2,0,0,126,0
1555852.0,2,0,0,126,0
1555856.0,2,0,0,126,0
1555944.0,2,0,0,126,0
1555944.0,2,0,32,94,0
1556012.0,2,0,32,94,0
1556012.0,2,0,96,30,0
1556118.0,2,0,96,30,0
1556118.0,2,0,96,28,2
1556125.0,2,0,96,28,2
1556125.0,2,0,96,26,4
1556138.0,2,0,96,26,4
1556138.0,2,0,96,24,6
1556145.0,2,0,96,24,6
1556145.0,2,0,96,22,8
1556181.0,2,0,96,22,8
1556181.0,2,0,96,18,12
1556196.0,2,0,96,18,12
1556207.0,2,0,96,22,8
1556217.0,2,0,96,24,6
1556220.0,2,0,96,26,4
1556221.0,2,0,96,28,2
1556223.0,2,0,96,30,0
1556234.0,2,0,96,30,0
1556241.0,2,0,96,30,0
1556241.0,2,0,96,26,4
1556251.0,2,0,96,26,4
1556258.0,2,0,96,26,4
1556258.0,2,0,96,22,8
1556265.0,2,0,96,22,8
1556274.0,2,0,96,22,8
1556274.0,2,0,96,18,12
1556281.0,2,0,96,18,12
1556288.0,2,0,96,20,10
1556289.0,2,0,96,22,8
1556290.0,2,0,96,24,6
1556295.0,2,0,96,26,4
1556298.0,2,0,96,30,0
1556302.0,2,0,96,30,0
1556302.0,2,0,96,26,4
1556309.0,2,0,96,26,4
1556310.0,2,0,96,28,2
1556316.0,2,0,96,28,2
1556316.0,2,0,96,24,6
1556324.0,2,0,96,24,6
1556330.0,2,0,96,24,6
1556330.0,2,0,96,20,10
1556337.0,2,0,96,20,10
1556377.0,2,0,96,20,10
1556377.0,2,0,96,14,16
1556422.0,2,0,96,16,14
1556427.0,2,0,96,18,12
1556430.0,2,0,96,20,10
1556432.0,2,0,96,22,8
1556435.0,2,0,96,24,6
1556472.0,2,0,96,26,4
1556496.0,2,0,96,30,0
1556555.0,2,0,96,30,0
1556737.0,2,0,96,30,0
1556947.0,2,0,96,30,0
1557080.0,2,0,96,30,0
1557111.0,2,0,96,30,0
1557125.0,2,0,96,30,0
1557329.0,2,0,96,30,0
1557329.0,2,0,100,26,0
1557642.0,2,0,100,26,0
1557642.0,2,0,102,24,0
1557765.0,2,0,102,24,0
1557765.0,0,2,102,20,4
1557803.0,0,2,102,24,0
1557886.0,0,2,102,24,0
1557958.0,0,2,102,24,0
1558000.0,0,2,102,24,0
1558000.0,0,2,102,4,20
1558033.0,0,2,102,8,16
1558035.0,0,2,102,24,0
1558038.0,0,2,102,24,0
1558349.0,0,2,102,24,0
1558349.0,0,2,102,16,8
1558372.0,0,2,102,20,4
1558381.0,0,2,102,24,0
1558400.0,0,2,102,24,0
1558577.0,0,2,102,24,0
1558577.0,0,2,102,16,8
1558588.0,0,2,102,20,4
1558592.0,0,2,102,24,0
1558644.0,32,2,70,24,0
1558712.0,96,2,6,24,0
1558712.0,32,66,6,24,0
1558921.0,32,66,6,24,0
1559565.0,32,64,6,26,0
1559565.0,32,64,6,22,4
1559612.0,32,64,6,26,0
1559916.0,32,64,6,26,0
1559916.0,0,96,6,26,0
1560029.0,4,96,2,26,0
1560241.0,4,96,2,26,0
1560241.0,4,96,2,10,16
1560342.0,6,96,0,10,16
1560392.0,6,96,0,10,16
1560392.0,6,96,0,6,20
1560412.0,6,96,0,10,16
1560420.0,6,96,0,26,0
1560449.0,6,96,0,26,0
1560449.0,6,96,0,22,4
1560470.0,6,96,0,26,0
1560492.0,6,96,0,26,0
1560492.0,6,96,0,22,4
1560503.0,6,96,0,22,4
1560512.0,6,32,0,86,4
1560512.0,6,32,0,22,68
1560513.0,6,32,0,26,64
1560655.0,6,32,0,26,64
1560655.0,6,32,0,22,68
1560735.0,6,32,0,22,68
1561288.0,6,32,0,22,68
1561292.0,6,32,0,22,68
1561716.0,6,0,0,54,68
1561716.0,6,0,0,22,100
1561935.0,6,0,0,54,68
1562312.0,6,0,0,54,68
1562827.0,6,0,0,58,64
1563112.0,6,0,0,58,64
1563120.0,6,0,0,58,64
1563120.0,6,0,14,44,64
1563170.0,6,0,14,44,64
1563170.0,6,0,18,40,64
1563213.0,6,0,18,40,64
1563213.0,6,0,22,36,64
1564393.0,6,0,22,36,64
1564393.0,6,0,22,20,80
1564418.0,6,0,22,36,64
1564426.0,6,0,22,36,64
1564426.0,6,0,22,35,65
1564449.0,6,0,22,36,64
1564518.0,6,0,22,36,64
1564518.0,6,0,22,35,65
1564539.0,6,0,22,36,64
1564575.0,6,0,22,36,64
1564575.0,6,0,22,32,68
1564597.0,6,0,22,36,64
1564635.0,6,0,22,36,64
1564635.0,6,0,32,26,64
1564664.0,6,0,32,26,64
1564664.0,6,0,32,10,80
1564685.0,6,0,32,26,64
1564776.0,6,0,32,26,64
1564776.0,6,0,32,10,80
1564797.0,6,0,32,26,64
1564866.0,6,0,32,26,64
1564866.0,6,0,32,10,80
1564912.0,6,0,32,10,80
1564912.0,0,6,32,10,80
1565527.0,0,6,32,10,80
1565550.0,0,6,32,10,80
1565794.0,0,6,32,10,80
1565820.0,14,6,18,10,80
1565870.0,18,6,14,10,80
1565913.0,22,6,10,10,80
1565968.0,22,6,10,10,80
1566078.0,22,6,10,10,80
1566092.0,22,6,10,10,80
1566303.0,22,6,10,10,80
1566712.0,22,0,10,16,80
1566712.0,22,0,10,0,96
1567118.0,22,0,10,0,96
1567335.0,32,0,0,0,96
1567385.0,32,0,0,0,96
1567497.0,32,0,0,0,96
1567532.0,32,0,0,0,96
1567557.0,32,0,0,0,96
1567579.0,32,0,0,0,96
1567821.0,32,0,0,0,96
1567920.0,32,0,0,0,96
1568089.0,32,0,0,0,96
1568313.0,32,0,0,0,96
1568508.0,32,0,0,0,96
1568514.0,32,0,0,0,96
1568567.0,32,0,0,0,96
1568589.0,32,0,0,0,96
1568627.0,32,0,0,0,96
1568700.0,32,0,0,0,96
1568836.0,32,0,0,0,96
1568843.0,32,0,0,0,96
1568849.0,32,0,0,0,96
1568856.0,32,0,0,0,96
1569445.0,32,0,0,64,32
1569445.0,24,8,0,0,96
1569608.0,24,8,0,64,32
1569608.0,3,29,0,0,96
1570300.0,3,29,0,16,80
1570300.0,3,29,0,0,96
1570330.0,3,29,0,1,95
1570333.0,3,29,0,2,94
1570359.0,3,29,0,4,92
1570365.0,3,29,0,6,90
1570369.0,3,29,0,8,88
1570374.0,3,29,0,10,86
1570625.0,3,29,0,10,86
1570625.0,3,29,0,6,90
1570647.0,3,29,0,6,90
1570647.0,3,29,0,4,92
1570911.0,3,29,0,4,92
1570911.0,3,29,0,3,93
1570926.0,3,29,0,4,92
1571043.0,3,29,0,4,92
1571043.0,3,29,0,3,93
1571064.0,3,29,0,4,92
1571085.0,3,29,0,6,90
1571086.0,3,29,0,10,86
1571088.0,3,29,0,10,86
1571088.0,3,29,0,6,90
1571100.0,3,29,0,6,90
1571100.0,3,29,0,2,94
1571122.0,3,29,0,2,94
1571122.0,3,29,0,0,96
1571238.0,3,29,0,0,96
1571238.0,2,30,0,0,96
1571245.0,2,22,0,8,96
1571245.0,2,22,0,0,104
1571260.0,2,22,0,4,100
1571262.0,2,22,0,8,96
1571408.0,2,1,0,29,96
1571408.0,2,1,0,8,117
1571419.0,2,1,0,8,117
1571419.0,2,1,0,7,118
1571423.0,2,1,0,8,117
1571424.0,2,1,0,13,112
1571428.0,2,1,0,14,111
1571429.0,2,1,0,15,110
1571431.0,2,1,0,16,109
1571432.0,2,1,0,20,105
1571440.0,2,1,0,21,104
1571441.0,2,1,0,22,103
1571447.0,2,1,0,23,102
1571448.0,2,1,0,23,102
1571448.0,2,1,0,19,106
1571463.0,2,1,0,19,106
1571463.0,2,1,0,18,107
1571478.0,2,1,0,22,103
1571491.0,2,1,0,23,102
1571515.0,2,1,0,27,98
1571554.0,2,1,0,27,98
1571554.0,2,1,0,26,99
1571712.0,2,1,0,27,98
1571753.0,2,1,0,27,98
1571753.0,2,1,0,23,102
1571775.0,2,1,0,27,98
1571786.0,2,1,0,27,98
1571786.0,2,1,0,26,99
1571789.0,2,1,0,26,99
1571789.0,2,1,0,10,115
1571813.0,2,1,0,11,114
1571853.0,2,1,0,11,114
1571853.0,2,1,0,10,115
1571868.0,2,1,0,11,114
1571884.0,2,1,0,27,98
1571993.0,2,1,0,27,98
1571993.0,2,1,0,26,99
1572008.0,2,1,0,27,98
1572091.0,2,1,0,27,98
1572091.0,2,1,0,26,99
1572110.0,2,1,0,27,98
1572139.0,2,1,0,27,98
1572139.0,2,1,0,26,99
1572157.0,2,1,0,27,98
1572180.0,2,1,0,27,98
1572180.0,2,1,0,26,99
1572205.0,2,1,0,27,98
1572227.0,2,1,0,27,98
1572227.0,2,1,0,26,99
1572244.0,2,1,0,27,98
1572258.0,2,1,0,29,96
1572279.0,2,1,0,33,92
1572307.0,2,1,0,35,90
1572329.0,2,1,0,39,86
1572341.0,2,1,0,39,86
1572341.0,2,1,0,35,90
1572396.0,2,1,0,35,90
1572396.0,2,1,0,34,91
1572414.0,2,1,0,35,90
1572445.0,2,1,0,39,86
1573030.0,2,1,0,39,86
1573038.0,2,0,0,40,86
1573038.0,2,0,0,39,87
1573056.0,2,0,0,40,86
1573065.0,2,0,0,40,86
1573069.0,2,0,0,40,86
1573074.0,2,0,0,40,86
1573785.0,2,0,0,40,86
1573786.0,2,0,0,40,86
1573960.0,2,0,0,40,86
1573962.0,2,0,0,40,86
1574124.0,2,0,0,40,86
1574191.0,2,0,0,40,86
1574215.0,2,0,0,40,86
1574247.0,2,0,0,42,84
1574248.0,2,0,0,46,80
1574254.0,2,0,0,46,80
1574254.0,2,0,0,42,84
1574279.0,2,0,0,42,84
1574279.0,2,0,0,40,86
1574412.0,2,0,0,40,86
1574465.0,2,0,0,46,80
1574475.0,2,0,0,46,80
1574477.0,2,0,0,46,80
1574477.0,2,0,0,42,84
1574499.0,2,0,0,42,84
1574499.0,2,0,0,40,86
1574513.0,2,0,0,40,86
1574568.0,2,0,0,40,86
1574584.0,2,0,0,40,86
1574584.0,2,0,5,35,86
1574642.0,2,0,5,35,86
1574642.0,2,0,5,31,90
1574668.0,2,0,5,35,86
1574708.0,2,0,5,35,86
1574944.0,2,0,5,35,86
1574944.0,2,0,6,34,86
1574958.0,2,0,6,34,86
1574958.0,2,0,8,32,86
1574979.0,2,0,8,32,86
1574979.0,2,0,12,28,86
1575007.0,2,0,12,28,86
1575007.0,2,0,14,26,86
1575029.0,2,0,14,26,86
1575029.0,2,0,18,22,86
1575063.0,2,0,18,22,86
1575063.0,2,0,18,21,87
1575089.0,2,0,18,22,86
1575094.0,2,0,18,28,80
1575103.0,2,0,18,28,80
1575103.0,2,0,18,24,84
1575114.0,2,0,18,24,84
1575124.0,2,0,18,24,84
1575124.0,2,0,18,22,86
1575145.0,2,0,18,22,86
1575482.0,2,0,18,28,80
1575492.0,2,0,18,28,80
1575492.0,2,0,18,24,84
1575523.0,2,0,18,24,84
1575523.0,2,0,18,22,86
1575735.0,2,0,18,24,84
1575736.0,2,0,18,28,80
1575756.0,2,0,18,28,80
1575904.0,2,0,18,28,80
1575943.0,2,0,18,28,80
1575976.0,2,0,18,28,80
1575976.0,0,2,18,24,84
1575999.0,0,2,18,28,80
1576107.0,0,2,18,28,80
1576171.0,0,2,18,28,80
1576171.0,0,2,18,24,84
1576947.0,0,2,18,24,84
1576948.0,0,2,18,24,84
1577165.0,0,2,18,24,84
1577165.0,0,2,19,23,84
1577284.0,5,2,14,23,84
1577368.0,5,2,14,23,84
1577368.0,5,2,18,19,84
1577644.0,6,2,17,19,84
1577658.0,8,2,15,19,84
1577679.0,12,2,11,19,84
1577707.0,14,2,9,19,84
1577729.0,18,2,5,19,84
1577729.0,0,20,5,19,84
1577776.0,0,18,5,21,84
1577776.0,0,18,5,17,88
1577789.0,0,18,5,17,88
1577803.0,0,18,5,21,84
1577955.0,0,18,5,21,84
1578436.0,0,18,5,21,84
1578436.0,0,18,7,19,84
1578518.0,0,18,7,83,20
1578518.0,0,18,7,50,53
1578531.0,0,18,7,51,52
1578699.0,0,18,7,51,52
1579122.0,0,18,7,51,52
1579122.0,0,18,7,47,56
1579140.0,0,18,7,51,52
1579169.0,0,18,7,51,52
1579169.0,0,18,7,50,53
1579173.0,0,18,7,51,52
1579201.0,0,18,7,51,52
1579201.0,0,18,7,50,53
1579213.0,0,18,7,51,52
1579222.0,0,18,7,51,52
1579222.0,0,18,7,47,56
1579240.0,0,18,7,51,52
1579254.0,0,18,7,51,52
1579254.0,0,18,7,50,53
1579258.0,0,18,7,51,52
1579529.0,0,0,7,69,52
1579529.0,0,0,7,37,84
1579624.0,0,0,7,69,52
1579865.0,1,0,6,69,52
1580068.0,5,0,2,69,52
1580483.0,5,0,2,69,52
1580483.0,5,0,2,68,53
1580488.0,5,0,2,69,52
1580504.0,5,0,2,69,52
1580504.0,5,0,2,65,56
1580518.0,5,0,2,69,52
1580531.0,5,0,2,69,52
1580531.0,5,0,2,68,53
1580538.0,5,0,2,69,52
1581074.0,5,0,2,69,52
1581074.0,5,0,2,65,56
1581096.0,5,0,2,69,52
1581136.0,7,0,0,69,52
1581218.0,7,0,0,69,52
1581218.0,7,0,15,54,52
1581231.0,7,0,15,54,52
1581231.0,7,0,16,53,52
1581440.0,7,0,16,53,52
1581440.0,7,0,16,52,53
1581457.0,7,0,16,53,52
1581485.0,7,0,16,53,52
1581485.0,7,0,16,49,56
1581525.0,7,0,16,53,52
1581597.0,7,0,16,53,52
1581597.0,7,0,16,49,56
1581629.0,7,0,16,53,52
1581840.0,7,0,16,53,52
1581913.0,7,0,16,53,52
1581940.0,7,0,16,53,52
1581940.0,7,0,17,52,52
1581958.0,7,0,17,52,52
1581958.0,7,0,18,51,52
1582324.0,7,0,18,51,52
1582324.0,7,0,50,19,52
1583188.0,7,0,50,19,52
1583188.0,7,0,51,18,52
1583218.0,7,0,51,18,52
1583218.0,7,0,55,14,52
1583238.0,7,0,55,14,52
1583238.0,7,0,56,13,52
1583796.0,7,0,56,13,52
1583796.0,7,0,60,9,52
1583918.0,22,0,45,9,52
1583931.0,23,0,44,9,52
1584157.0,23,0,44,9,52
1584157.0,23,0,45,8,52
1584225.0,23,0,45,8,52
1584225.0,23,0,49,4,52
1584329.0,23,0,49,4,52
1584329.0,23,0,53,0,52
1584640.0,24,0,52,0,52
1584658.0,25,0,51,0,52
1584858.0,25,0,51,0,52
1584867.0,25,0,51,4,48
1584874.0,25,0,51,4,48
1585024.0,57,0,19,4,48
1585076.0,57,0,19,4,48
1585112.0,57,0,19,4,48
1585888.0,58,0,18,4,48
1585918.0,62,0,14,4,48
1585918.0,0,62,14,4,48
1585938.0,1,62,13,4,48
1586496.0,5,62,9,4,48
1586659.0,5,62,9,20,32
1586857.0,6,62,8,20,32
1586925.0,10,62,4,20,32
1587029.0,14,62,0,20,32
1587275.0,14,62,0,52,0
1587275.0,0,76,0,52,0
1587567.0,0,76,0,52,0
1587718.0,0,14,0,114,0
1587718.0,0,14,0,50,64
1587968.0,0,14,0,114,0
1587968.0,0,14,0,50,64
1589075.0,0,0,0,64,64
1589075.0,0,0,0,0,128
1589272.0,0,0,0,64,64
1589272.0,0,0,0,0,128
1595713.0,0,0,0,0,128
1595775.0,0,0,0,0,128
1596047.0,0,0,0,0,128
1596155.0,0,0,0,0,128
1598463.0,0,0,0,64,64
1598463.0,0,0,0,28,100
1598729.0,0,0,0,32,96
1598794.0,0,0,0,64,64
1600196.0,0,0,0,128,0
1600196.0,0,0,0,0,128
1600301.0,0,0,0,128,0
1600301.0,0,0,0,0,128
1601163.0,0,0,0,0,128
1605876.0,0,0,0,0,128
1605995.0,0,0,0,0,128
1606064.0,0,0,0,0,128
1610020.0,0,0,0,128,0
1610020.0,0,0,0,28,100
1612720.0,0,0,0,28,100
1612720.0,0,0,28,0,100
1615420.0,28,0,0,0,100
1620481.0,28,0,0,64,36
1623181.0,28,0,0,64,36
1623181.0,28,0,64,0,36
1625881.0,92,0,0,0,36
1630152.0,92,0,0,0,36
1630152.0,28,64,0,0,36
1631952.0,28,0,0,64,36
1631952.0,28,0,0,0,100
1631954.0,28,0,0,0,100
1631954.0,27,1,0,0,100
1633754.0,27,0,0,1,100
1633754.0,27,0,0,0,101
1633768.0,27,0,0,1,100
1636468.0,27,0,0,1,100
1636468.0,27,0,1,0,100
1638389.0,27,0,1,0,100
1638497.0,27,0,1,64,36
1638497.0,27,0,1,0,100
1639168.0,28,0,0,0,100
1639999.0,28,0,0,4,96
1640068.0,28,0,0,36,64
1642699.0,28,0,0,36,64
1642699.0,28,0,4,32,64
1642768.0,28,0,4,32,64
1642768.0,28,0,36,0,64
1644145.0,28,0,36,0,64
1645399.0,32,0,32,0,64
1645468.0,64,0,0,0,64
1645468.0,0,64,0,0,64
1646763.0,0,64,0,0,64
1646831.0,0,64,0,0,64
1647268.0,0,0,0,64,64
1647268.0,0,0,0,0,128
1647448.0,0,0,0,64,64
1647448.0,0,0,0,28,100
1648509.0,0,0,0,28,100
1648509.0,0,0,0,24,104
1648538.0,0,0,0,28,100
1648579.0,0,0,0,28,100
1648579.0,0,0,0,24,104
1648607.0,0,0,0,28,100
1648648.0,0,0,0,28,100
1648648.0,0,0,0,24,104
1648669.0,0,0,0,28,100
1648690.0,0,0,0,28,100
1648690.0,0,0,0,24,104
1648717.0,0,0,0,28,100
1648756.0,0,0,0,28,100
1648756.0,0,0,0,24,104
1648778.0,0,0,0,28,100
1648815.0,0,0,0,28,100
1648815.0,0,0,0,24,104
1648843.0,0,0,0,28,100
1648874.0,0,0,0,28,100
1648874.0,0,0,0,24,104
1648895.0,0,0,0,28,100
1648928.0,0,0,0,28,100
1648928.0,0,0,0,24,104
1648949.0,0,0,0,28,100
1649132.0,0,0,0,28,100
1649132.0,0,0,0,24,104
1649160.0,0,0,0,28,100
1649276.0,0,0,0,28,100
1649276.0,0,0,0,24,104
1649289.0,0,0,0,24,104
1649289.0,0,0,0,20,108
1649304.0,0,0,0,24,104
1649311.0,0,0,0,28,100
1649513.0,0,0,0,28,100
1649513.0,0,0,0,24,104
1649545.0,0,0,0,28,100
1649646.0,0,0,0,28,100
1649646.0,0,0,0,27,101
1649674.0,0,0,0,28,100
1649720.0,0,0,0,28,100
1649720.0,0,0,0,27,101
1649748.0,0,0,0,28,100
1649769.0,0,0,0,28,100
1649769.0,0,0,0,24,104
1649787.0,0,0,0,24,104
1649787.0,0,0,0,20,108
1649798.0,0,0,0,24,104
1649804.0,0,0,0,28,100
1649820.0,0,0,0,28,100
1649820.0,0,0,0,24,104
1649835.0,0,0,0,28,100
1649850.0,0,0,0,28,100
1649850.0,0,0,0,27,101
1649855.0,0,0,0,28,100
1650148.0,0,0,0,28,100
1650221.0,0,0,0,28,100
1650221.0,0,0,0,24,104
1650250.0,0,0,0,28,100
1650399.0,0,0,0,28,100
1650399.0,0,0,0,24,104
1650420.0,0,0,0,28,100
1650460.0,0,0,0,28,100
1650460.0,0,0,0,24,104
1650481.0,0,0,0,28,100
1650514.0,0,0,0,28,100
1650514.0,0,0,0,24,104
1650536.0,0,0,0,24,104
1650536.0,0,0,0,22,106
1651151.0,0,0,0,22,106
1651151.0,0,0,0,21,107
1651162.0,0,0,0,22,106
1651163.0,0,0,0,22,106
1651163.0,0,0,0,18,110
1651182.0,0,0,0,22,106
1651238.0,0,0,0,22,106
1651307.0,0,0,0,22,106
1651369.0,0,0,0,22,106
1651417.0,0,0,0,22,106
1651478.0,0,0,0,22,106
1651543.0,0,0,0,22,106
1651595.0,0,0,0,22,106
1651649.0,0,0,0,22,106
1651791.0,0,0,0,28,100
1651798.0,0,0,0,28,100
1651798.0,0,0,0,24,104
1651820.0,0,0,0,24,104
1651820.0,0,0,0,22,106
1651860.0,0,0,0,22,106
1652004.0,0,0,0,22,106
1652011.0,0,0,0,22,106
1652245.0,0,0,0,22,106
1652454.0,0,0,0,28,100
1652498.0,0,0,0,28,100
1652504.0,0,0,0,28,100
1652535.0,0,0,0,28,100
1652555.0,0,0,0,28,100
1652704.0,0,0,0,28,100
1652704.0,0,0,0,24,104
1652726.0,0,0,0,24,104
1652726.0,0,0,0,22,106
1652950.0,0,0,0,22,106
1653120.0,0,0,0,22,106
1653120.0,0,0,1,21,106
1653181.0,0,0,1,21,106
1653181.0,0,0,5,17,106
1653862.0,0,0,5,17,106
1653862.0,0,0,6,16,106
1653882.0,0,0,6,16,106
1653882.0,0,0,10,12,106
1654477.0,0,0,10,14,104
1654478.0,0,0,10,18,100
1654491.0,0,0,10,18,100
1654491.0,0,0,16,12,100
1654745.0,0,0,16,12,100
1654794.0,0,0,16,12,100
1654804.0,0,0,16,12,100
1654804.0,0,0,16,4,108
1654828.0,0,0,16,8,104
1655067.0,0,0,16,8,104
1655088.0,0,0,16,8,104
1655088.0,0,0,16,2,110
1655145.0,0,0,16,6,106
1655150.0,0,0,16,6,106
1655154.0,0,0,16,6,106
1655219.0,0,0,16,6,106
1655219.0,0,0,16,2,110
1655358.0,0,0,16,6,106
1655396.0,0,0,16,6,106
1655396.0,0,0,16,5,107
1655427.0,0,0,16,37,75
1655427.0,0,0,16,5,107
1655435.0,0,0,16,6,106
1655444.0,0,0,16,8,104
1655446.0,0,0,16,8,104
1655464.0,0,0,16,12,100
1655467.0,0,0,16,12,100
1655467.0,0,0,16,6,106
1655820.0,1,0,15,38,74
1655820.0,1,0,15,6,106
1655881.0,5,0,11,6,106
1656292.0,5,0,11,8,104
1656313.0,5,0,11,12,100
1656365.0,5,0,11,12,100
1656365.0,5,0,11,8,104
1656386.0,5,0,11,8,104
1656386.0,5,0,11,6,106
1656562.0,6,0,10,6,106
1656582.0,10,0,6,6,106
1656745.0,10,0,6,10,102
1656746.0,10,0,6,12,100
1656747.0,10,0,6,12,100
1656747.0,10,0,6,8,104
1656768.0,10,0,6,8,104
1656768.0,10,0,6,6,106
1656844.0,10,0,6,10,102
1657178.0,10,0,6,10,102
1657191.0,16,0,0,10,102
1657337.0,16,0,0,12,100
1657345.0,16,0,0,12,100
1657345.0,16,0,0,8,104
1657366.0,16,0,0,8,104
1657366.0,16,0,0,6,106
1657528.0,16,0,0,6,106
1657640.0,16,0,0,10,102
1657641.0,16,0,0,12,100
1657642.0,16,0,0,12,100
1657642.0,16,0,0,8,104
1657669.0,16,0,0,8,104
1657669.0,16,0,0,6,106
1657845.0,16,0,0,6,106
1657972.0,16,0,0,10,102
1657973.0,16,0,0,12,100
1657974.0,16,0,0,12,100
1657974.0,16,0,0,8,104
1657995.0,16,0,0,8,104
1657995.0,16,0,0,6,106
1658127.0,16,0,0,6,106
1658144.0,16,0,0,6,106
1658520.0,16,0,0,6,106
1658876.0,16,0,0,10,102
1658877.0,16,0,0,12,100
1658992.0,16,0,0,12,100
1659013.0,16,0,0,12,100
1659445.0,16,0,0,12,100
1659446.0,16,0,0,12,100
1659544.0,16,0,0,12,100
1660037.0,16,0,0,12,100
1660340.0,16,0,0,12,100
1660341.0,16,0,0,12,100
1660672.0,16,0,0,12,100
1660672.0,16,0,4,8,100
1660673.0,16,0,4,8,100
1660673.0,16,0,6,6,100
1661576.0,16,0,6,6,100
1661576.0,16,0,10,2,100
1661577.0,16,0,10,2,100
1661577.0,16,0,12,0,100
1663372.0,20,0,8,0,100
1663373.0,22,0,6,0,100
1664276.0,26,0,2,0,100
1664277.0,28,0,0,0,100
1664354.0,28,0,0,0,100
1664354.0,27,1,0,0,100
1665483.0,27,1,0,0,100
1665483.0,26,2,0,0,100
1665836.0,26,2,0,0,100
1665836.0,10,18,0,0,100
1665900.0,10,18,0,0,100
1666154.0,10,17,0,1,100
1666154.0,10,17,0,0,101
1666169.0,10,17,0,1,100
1667166.0,10,17,0,1,100
1667283.0,10,16,0,2,100
1667283.0,10,16,0,1,101
1667299.0,10,16,0,2,100
1667636.0,10,0,0,18,100
1667636.0,10,0,0,2,116
1667665.0,10,0,0,18,100
1667665.0,10,0,0,2,116
1667989.0,10,0,0,18,100
1667989.0,10,0,0,2,116
1668463.0,10,0,0,2,116
1668869.0,10,0,0,2,116
1668967.0,10,0,0,2,116
1668978.0,10,0,0,18,100
1668978.0,10,0,0,2,116
1669038.0,10,0,0,66,52
1669038.0,10,0,0,2,116
1669113.0,10,0,0,66,52
1669215.0,10,0,0,66,52
1669215.0,10,0,0,34,84
1669334.0,10,0,0,50,68
1669705.0,10,0,0,82,36
1669826.0,10,0,0,82,36
1669826.0,10,0,0,50,68
1670276.0,10,0,0,82,36
1670365.0,10,0,0,82,36
1670545.0,10,0,0,82,36
1670545.0,10,0,0,50,68
1670548.0,10,0,0,54,64
1670566.0,10,0,0,54,64
1670566.0,0,10,0,54,64
1670689.0,0,10,0,54,64
1670846.0,0,10,0,54,64
1670905.0,0,10,0,54,64
1671144.0,0,10,0,86,32
1671144.0,0,10,0,54,64
1671161.0,0,10,0,54,64
1671211.0,0,10,0,54,64
1671213.0,0,10,0,86,32
1671213.0,0,10,0,82,36
1671278.0,0,10,0,82,36
1671391.0,0,10,0,82,36
1671561.0,0,10,0,114,4
1671561.0,0,10,0,82,36
1671565.0,0,10,0,82,36
1671568.0,0,10,0,86,32
1671568.0,0,10,0,54,64
1671590.0,0,10,0,86,32
1671590.0,0,10,0,54,64
1671599.0,0,10,0,86,32
1671611.0,0,10,0,118,0
1671678.0,0,10,0,118,0
1671705.0,0,10,0,118,0
1671705.0,0,10,0,54,64
1671721.0,0,10,0,118,0
1671738.0,0,10,0,118,0
1671776.0,0,10,0,118,0
1671776.0,0,10,0,54,64
1671792.0,0,10,0,118,0
1671813.0,0,10,0,118,0
1671827.0,0,10,0,118,0
1671827.0,0,10,0,86,32
1671875.0,0,10,0,86,32
1671875.0,0,10,0,54,64
1671948.0,0,10,0,86,32
1672249.0,0,10,0,86,32
1672249.0,0,10,0,54,64
1672315.0,0,10,0,86,32
1672366.0,0,0,0,96,32
1672366.0,0,0,0,32,96
1672386.0,0,0,0,64,64
1672405.0,0,0,0,64,64
1672535.0,0,0,0,64,64
1672568.0,0,0,0,128,0
1672568.0,0,0,0,0,128
1672616.0,0,0,0,0,128
1672677.0,0,0,0,128,0
1672677.0,0,0,0,0,128
1672735.0,0,0,0,32,96
1672975.0,0,0,0,32,96
1672975.0,0,0,0,0,128
1673033.0,0,0,0,32,96
1673297.0,0,0,0,32,96
1673297.0,0,0,0,0,128
1673334.0,0,0,0,0,128
1673338.0,0,0,0,32,96
1673338.0,0,0,0,0,128
1673397.0,0,0,0,0,128
1673410.0,0,0,0,32,96
1673410.0,0,0,0,28,100
1673913.0,0,0,0,28,100
1674261.0,0,0,0,28,100
1674299.0,0,0,0,28,100
1674421.0,0,0,0,28,100
1674492.0,0,0,0,28,100
1674648.0,0,0,0,28,100
1675015.0,0,0,0,28,100
1675435.0,0,0,0,28,100
1675733.0,0,0,0,28,100
1676110.0,0,0,0,28,100
1676110.0,0,0,28,0,100
1678810.0,28,0,0,0,100
1681895.0,28,0,0,32,68
1681900.0,28,0,0,32,68
1681908.0,28,0,0,36,64
1683170.0,28,0,0,100,0
1683170.0,0,28,0,100,0
1684595.0,0,28,0,100,0
1684970.0,0,0,0,128,0
1684970.0,0,0,0,0,128
1694607.0,0,0,0,128,0
1697307.0,0,0,0,128,0
1697307.0,0,0,128,0,0
1700007.0,128,0,0,0,0
1718098.0,128,0,0,0,0
1718098.0,64,64,0,0,0
1718354.0,64,64,0,0,0
1718354.0,63,65,0,0,0
1719898.0,63,1,0,64,0
1719898.0,63,1,0,0,64
1720154.0,63,0,0,1,64
1720154.0,63,0,0,0,65
1720170.0,63,0,0,1,64
1721150.0,63,0,0,1,64
1721150.0,63,0,0,0,65
1721163.0,63,0,0,1,64
1721284.0,63,0,0,1,64
1721284.0,63,0,0,0,65
1721307.0,63,0,0,1,64
1721373.0,63,0,0,1,64
1721373.0,63,0,0,0,65
1721402.0,63,0,0,1,64
1721935.0,63,0,0,1,64
1721935.0,59,4,0,1,64
1721956.0,59,4,0,1,64
1721956.0,57,6,0,1,64
1722870.0,57,6,0,1,64
1723380.0,57,6,0,65,0
1723467.0,57,6,0,65,0
1723467.0,57,6,0,1,64
1723735.0,57,2,0,5,64
1723735.0,57,2,0,1,68
1723756.0,57,0,0,3,68
1723756.0,57,0,0,1,70
1723863.0,57,0,0,1,70
1724007.0,57,0,0,1,70
1724102.0,57,0,0,1,70
1724138.0,57,0,0,7,64
1726080.0,57,0,0,7,64
1726080.0,57,0,1,6,64
1726838.0,57,0,1,6,64
1726838.0,57,0,7,0,64
1726916.0,57,0,7,64,0
1727227.0,57,0,7,64,0
1727227.0,57,0,7,0,64
1728383.0,57,0,7,0,64
1728383.0,25,32,7,0,64
1728442.0,25,32,7,0,64
1728442.0,21,36,7,0,64
1728780.0,22,36,6,0,64
1729538.0,28,36,0,0,64
1729616.0,28,36,0,0,64
1730183.0,28,4,0,32,64
1730183.0,28,4,0,0,96
1730242.0,28,0,0,4,96
1730242.0,28,0,0,0,100
1731072.0,28,0,0,0,100
1731072.0,24,4,0,0,100
1731155.0,24,4,0,0,100
1731155.0,23,5,0,0,100
1731207.0,23,5,0,0,100
1731207.0,19,9,0,0,100
1732460.0,19,9,0,64,36
1732872.0,19,5,0,68,36
1732872.0,19,5,0,64,40
1732898.0,19,5,0,68,36
1732955.0,19,4,0,69,36
1732955.0,19,4,0,68,37
1732959.0,19,4,0,69,36
1733007.0,19,0,0,73,36
1733007.0,19,0,0,69,40
1733028.0,19,0,0,73,36
1733688.0,19,0,0,77,32
1733689.0,19,0,0,109,0
1735160.0,19,0,0,109,0
1735160.0,19,0,64,45,0
1735598.0,19,0,64,45,0
1735598.0,19,0,68,41,0
1735659.0,19,0,68,41,0
1735659.0,19,0,69,40,0
1735728.0,19,0,69,40,0
1735728.0,19,0,73,36,0
1736388.0,19,0,73,36,0
1736388.0,19,0,77,32,0
1736389.0,19,0,77,32,0
1736389.0,19,0,109,0,0
1737860.0,83,0,45,0,0
1738298.0,87,0,41,0,0
1738359.0,88,0,40,0,0
1738428.0,92,0,36,0,0
1739088.0,96,0,32,0,0
1739089.0,128,0,0,0,0
1739738.0,128,0,0,0,0
1739738.0,0,128,0,0,0
1740026.0,0,128,0,0,0
1740085.0,0,128,0,0,0
1741538.0,0,0,0,128,0
1741538.0,0,0,0,0,128
1741634.0,0,0,0,128,0
1741634.0,0,0,0,92,36
1742408.0,0,0,0,92,36
1742408.0,0,0,0,28,100
1744334.0,0,0,0,28,100
1744334.0,0,0,28,0,100
1745858.0,0,0,28,64,36
1746280.0,0,0,28,64,36
1746280.0,0,0,28,0,100
1747034.0,28,0,0,0,100
1748558.0,28,0,0,0,100
1749727.0,28,0,0,64,36
1750050.0,28,0,0,64,36
1750050.0,28,0,0,0,100
1750754.0,28,0,0,0,100
1750754.0,27,1,0,0,100
1752427.0,27,1,0,0,100
1752554.0,27,0,0,1,100
1752554.0,27,0,0,0,101
1752566.0,27,0,0,1,100
1753503.0,27,0,0,65,36
1753856.0,27,0,0,65,36
1753856.0,27,0,0,1,100
1755170.0,27,0,0,65,36
1755172.0,27,0,0,65,36
1755172.0,27,0,0,64,37
1755187.0,27,0,0,65,36
1755266.0,27,0,0,65,36
1755395.0,27,0,0,65,36
1755395.0,27,0,0,1,100
1755785.0,27,0,0,65,36
1755890.0,27,0,0,65,36
1755890.0,27,0,0,1,100
1756203.0,27,0,0,1,100
1757210.0,27,0,0,65,36
1757212.0,27,0,0,65,36
1757212.0,27,0,0,64,37
1757226.0,27,0,0,65,36
1757658.0,27,0,0,65,36
1757658.0,27,0,0,1,100
1757668.0,27,0,0,1,100
1757870.0,27,0,0,1,100
1757887.0,27,0,0,1,100
1757960.0,27,0,0,1,100
1758026.0,27,0,0,1,100
1758485.0,27,0,0,1,100
1759212.0,27,0,0,5,96
1759267.0,27,0,0,37,64
1759267.0,0,27,0,37,64
1759910.0,0,27,0,37,64
1759926.0,0,27,0,37,64
1761067.0,0,0,0,64,64
1761067.0,0,0,0,0,128
1761117.0,0,0,0,64,64
1761117.0,0,0,0,28,100
1763817.0,0,0,0,28,100
1763817.0,0,0,28,0,100
1766517.0,28,0,0,0,100
1766751.0,28,0,0,0,100
1766751.0,27,1,0,0,100
1766821.0,27,1,0,0,100
1766821.0,11,17,0,0,100
1766876.0,11,17,0,0,100
1766910.0,11,17,0,0,100
1767513.0,11,17,0,0,100
1767703.0,11,17,0,0,100
1767740.0,11,17,0,0,100
1767831.0,11,17,0,0,100
1768320.0,11,17,0,64,36
1768320.0,11,17,0,34,66
1768334.0,11,17,0,34,66
1768341.0,11,17,0,39,61
1768342.0,11,17,0,40,60
1768344.0,11,17,0,44,56
1768346.0,11,17,0,60,40
1768551.0,11,16,0,61,40
1768551.0,11,16,0,60,41
1768572.0,11,16,0,61,40
1768621.0,11,0,0,77,40
1768621.0,11,0,0,61,56
1768642.0,11,0,0,77,40
1768876.0,11,0,0,81,36
1771020.0,11,0,0,81,36
1771020.0,11,0,34,47,36
1771041.0,11,0,34,47,36
1771041.0,11,0,39,42,36
1771042.0,11,0,39,42,36
1771042.0,11,0,40,41,36
1771044.0,11,0,40,41,36
1771044.0,11,0,44,37,36
1771046.0,11,0,44,37,36
1771046.0,11,0,60,21,36
1771272.0,11,0,60,21,36
1771272.0,11,0,61,20,36
1771342.0,11,0,61,20,36
1771342.0,11,0,77,4,36
1771420.0,11,0,77,8,32
1771482.0,11,0,77,40,0
1771576.0,11,0,77,40,0
1771576.0,11,0,81,36,0
1773720.0,45,0,47,36,0
1773741.0,50,0,42,36,0
1773742.0,51,0,41,36,0
1773744.0,55,0,37,36,0
1773746.0,71,0,21,36,0
1773972.0,72,0,20,36,0
1774042.0,88,0,4,36,0
1774120.0,88,0,4,36,0
1774120.0,88,0,8,32,0
1774182.0,88,0,8,32,0
1774182.0,88,0,40,0,0
1774276.0,92,0,36,0,0
1776820.0,96,0,32,0,0
1776882.0,128,0,0,0,0
1776882.0,0,128,0,0,0
1777949.0,0,128,0,0,0
1777951.0,0,128,0,0,0
1778682.0,0,0,0,128,0
1778682.0,0,0,0,0,128
1783394.0,0,0,0,0,128
1783463.0,0,0,0,0,128
1788294.0,0,0,0,128,0
1788294.0,0,0,0,0,128
1789653.0,0,0,0,0,128
1791729.0,0,0,0,0,128
1791818.0,0,0,0,0,128
1792508.0,0,0,0,0,128
1793664.0,0,0,0,64,64
1793664.0,0,0,0,27,101
1793681.0,0,0,0,28,100
1794052.0,0,0,0,28,100
1794052.0,0,0,0,12,116
1794094.0,0,0,0,28,100
1794100.0,0,0,0,28,100
1794100.0,0,0,0,12,116
1794233.0,0,0,0,28,100
1795737.0,0,0,0,28,100
1795737.0,0,0,0,12,116
1796364.0,0,0,0,12,116
1796794.0,0,0,0,12,116
1796933.0,0,0,0,12,116
1796933.0,0,0,12,0,116
1797684.0,0,0,12,0,116
1797752.0,0,0,12,0,116
1797924.0,0,0,12,0,116
1798185.0,0,0,12,0,116
1798199.0,0,0,12,16,100
1798199.0,0,0,12,11,105
1798225.0,0,0,12,12,104
1798645.0,0,0,12,16,100
1798758.0,0,0,12,16,100
1798758.0,0,0,12,14,102
1798784.0,0,0,12,16,100
1798810.0,0,0,12,16,100
1798810.0,0,0,12,14,102
1799218.0,0,0,12,78,38
1799218.0,0,0,12,14,102
1799395.0,0,0,12,78,38
1799395.0,0,0,12,14,102
1799633.0,12,0,0,14,102
1799646.0,12,0,0,14,102
1799725.0,12,0,0,14,102
1799862.0,12,0,0,14,102
1799983.0,12,0,0,14,102
1799983.0,11,1,0,14,102
1800042.0,11,1,0,78,38
1800042.0,11,1,0,14,102
1800899.0,11,1,0,14,102
1801035.0,11,1,0,14,102
1801035.0,3,9,0,14,102
1801224.0,3,9,0,14,102
1801260.0,3,9,0,14,102
1801260.0,0,12,0,14,102
1801384.0,0,12,0,14,102
1801384.0,0,12,0,6,110
1801462.0,0,12,0,14,102
1801478.0,0,12,0,14,102
1801570.0,0,12,0,14,102
1801570.0,0,12,0,6,110
1801651.0,0,12,0,14,102
1801674.0,0,12,0,14,102
1801783.0,0,11,0,15,102
1801783.0,0,11,0,14,103
1801799.0,0,11,0,15,102
1801918.0,0,11,0,15,102
1802095.0,0,11,0,15,102
1802608.0,0,11,0,15,102
1802742.0,0,11,0,15,102
1802831.0,0,11,0,15,102
1802831.0,0,11,0,14,103
1802835.0,0,3,0,22,103
1802835.0,0,3,0,14,111
1802850.0,0,3,0,15,110
1802947.0,0,3,0,23,102
1802947.0,0,3,0,7,118
1803060.0,0,0,0,10,118
1803060.0,0,0,0,2,126
1803114.0,0,0,0,18,110
1803114.0,0,0,0,2,126
1803120.0,0,0,0,10,118
1803211.0,0,0,0,10,118
1803279.0,0,0,0,26,102
1803770.0,0,0,0,26,102
1803770.0,0,0,0,24,104
1803799.0,0,0,0,26,102
1803840.0,0,0,0,26,102
1803840.0,0,0,0,18,110
1803959.0,0,0,0,26,102
1804162.0,0,0,0,26,102
1804172.0,0,0,0,26,102
1804172.0,0,0,0,25,103
1804189.0,0,0,0,26,102
1804267.0,0,0,0,26,102
1804267.0,0,0,0,24,104
1804302.0,0,0,0,26,102
1804351.0,0,0,0,26,102
1804594.0,0,0,0,26,102
1804755.0,0,0,0,26,102
1804755.0,0,0,0,25,103
1804773.0,0,0,0,26,102
1805074.0,0,0,0,26,102
1805404.0,0,0,0,26,102
1805404.0,0,0,0,24,104
1805439.0,0,0,0,26,102
1805451.0,0,0,0,90,38
1805451.0,0,0,0,26,102
1805520.0,0,0,0,26,102
1805520.0,0,0,0,24,104
1805536.0,0,0,0,56,72
1805536.0,0,0,0,24,104
1805551.0,0,0,0,26,102
1805647.0,0,0,0,26,102
1805771.0,0,0,0,58,70
1805814.0,0,0,0,58,70
1805820.0,0,0,0,58,70
1805966.0,0,0,0,90,38
1805966.0,0,0,0,26,102
1805979.0,0,0,0,26,102
1805984.0,0,0,0,26,102
1805984.0,0,0,0,10,118
1806129.0,0,0,0,74,54
1806129.0,0,0,0,10,118
1806150.0,0,0,0,26,102
1806533.0,0,0,0,58,70
1806533.0,0,0,0,26,102
1806882.0,0,0,0,26,102
1806965.0,0,0,0,26,102
1807029.0,0,0,0,58,70
1807029.0,0,0,0,26,102
1807096.0,0,0,0,28,100
1807122.0,0,0,0,28,100
1807122.0,0,0,0,12,116
1807160.0,0,0,0,12,116
1807160.0,0,0,0,10,118
1807324.0,0,0,0,26,102
1807521.0,0,0,0,58,70
1807521.0,0,0,0,26,102
1807653.0,0,0,0,58,70
1807653.0,0,0,0,26,102
1807822.0,0,0,0,26,102
1807822.0,0,0,0,25,103
1807842.0,0,0,0,26,102
1807884.0,0,0,0,30,98
1807896.0,0,0,0,30,98
1807974.0,0,0,0,30,98
1807975.0,0,0,0,62,66
1807975.0,0,0,0,30,98
1808016.0,0,0,0,30,98
1808052.0,0,0,0,32,96
1808052.0,0,0,0,0,128
1808151.0,0,0,0,0,128
1808236.0,0,0,0,0,128
1808590.0,0,0,0,32,96
1808590.0,0,0,0,0,128
1808645.0,0,0,0,32,96
1808645.0,0,0,0,0,128
1808658.0,0,0,0,0,128
1808660.0,0,0,0,0,128
1808666.0,0,0,0,0,128
1808673.0,0,0,0,32,96
1808673.0,0,0,0,28,100
1808715.0,0,0,0,28,100
1808728.0,0,0,0,30,98
1808821.0,0,0,0,62,66
1808821.0,0,0,0,22,106
1808829.0,0,0,0,22,106
1808835.0,0,0,0,22,106
1808835.0,0,0,0,20,108
1808881.0,0,0,0,22,106
1808919.0,0,0,0,22,106
1808919.0,0,0,0,14,114
1808985.0,0,0,0,22,106
1809071.0,0,0,0,22,106
1809148.0,0,0,0,22,106
1809233.0,0,0,0,22,106
1809241.0,0,0,0,30,98
1809254.0,0,0,0,30,98
1809254.0,0,0,0,26,102
1809293.0,0,0,0,58,70
1809293.0,0,0,0,26,102
1809327.0,0,0,0,26,102
1809327.0,0,0,0,10,118
1809352.0,0,0,0,12,116
1809411.0,0,0,0,28,100
1809523.0,0,0,0,60,68
1809633.0,0,0,0,60,68
1809633.0,0,0,0,52,76
1809655.0,0,0,0,52,76
1809655.0,0,0,0,51,77
1809676.0,0,0,0,52,76
1809707.0,0,0,0,52,76
1809707.0,0,0,0,20,108
1809727.0,0,0,0,20,108
1809727.0,0,0,0,12,116
1809729.0,0,0,0,12,116
1809741.0,0,0,0,20,108
1809764.0,0,0,0,60,68
1809787.0,0,0,0,60,68
1809787.0,0,0,0,28,100
1809840.0,0,0,0,28,100
1809840.0,0,0,0,20,108
1810011.0,0,0,0,28,100
1810191.0,0,0,0,28,100
1810191.0,0,0,0,20,108
1810221.0,0,0,0,20,108
1810268.0,0,0,0,28,100
1810337.0,0,0,0,60,68
1810353.0,0,0,0,60,68
1810444.0,0,0,0,60,68
1810444.0,0,0,0,59,69
1810675.0,0,0,0,59,69
1810698.0,0,0,0,59,69
1810698.0,0,0,0,27,101
1810725.0,0,0,0,28,100
1810731.0,0,0,0,28,100
1810731.0,0,0,0,20,108
1810766.0,0,0,0,60,68
1811010.0,0,0,0,60,68
1811010.0,0,0,0,28,100
1811046.0,0,0,0,28,100
1811046.0,0,0,0,20,108
1811111.0,0,0,0,20,108
1811111.0,0,0,0,19,109
1811147.0,0,0,0,20,108
1811162.0,0,0,0,20,108
1811201.0,0,0,0,20,108
1811209.0,0,0,0,28,100
1811243.0,0,0,0,28,100
1811243.0,0,0,0,20,108
1811341.0,0,0,0,52,76
1811341.0,0,0,0,20,108
1811373.0,0,0,0,20,108
1811432.0,0,0,0,20,108
1811501.0,0,0,0,20,108
1811501.0,0,0,0,10,118
1811521.0,0,0,0,10,118
1811545.0,0,0,0,10,118
1811548.0,0,0,0,18,110
1811584.0,0,0,0,20,108
1811694.0,0,0,0,20,108
1811694.0,0,0,0,15,113
1811728.0,0,0,0,16,112
1811825.0,0,0,0,20,108
1811889.0,0,0,0,20,108
1811954.0,0,0,0,20,108
1811954.0,0,0,0,16,112
1811993.0,0,0,0,16,112
1812207.0,0,0,0,48,80
1812207.0,0,0,0,16,112
1812223.0,0,0,0,16,112
1812320.0,0,0,0,18,110
1812337.0,0,0,0,18,110
1812449.0,0,0,0,18,110
1812449.0,0,0,0,10,118
1812464.0,0,0,0,10,118
1812493.0,0,0,0,18,110
1812598.0,0,0,0,26,102
1812629.0,0,0,0,58,70
1812629.0,0,0,0,26,102
1812644.0,0,0,0,26,102
1812841.0,0,0,0,58,70
1812841.0,0,0,0,18,110
1812892.0,0,0,0,50,78
1812908.0,0,0,0,50,78
1812908.0,0,0,0,42,86
1812971.0,0,0,0,50,78
1812979.0,0,0,0,58,70
1813037.0,0,0,0,58,70
1813056.0,0,0,0,58,70
1813056.0,0,0,0,50,78
1813108.0,0,0,0,58,70
1813118.0,0,0,0,58,70
1813118.0,0,0,0,26,102
1813171.0,0,0,0,58,70
1813206.0,0,0,0,58,70
1813206.0,0,0,0,50,78
1813278.0,0,0,0,58,70
1813293.0,0,0,0,58,70
1813293.0,0,0,0,26,102
1813298.0,0,0,0,26,102
1813298.0,0,0,0,22,106
1813315.0,0,0,0,22,106
1813315.0,0,0,0,14,114
1813392.0,0,0,0,46,82
1813394.0,0,0,0,54,74
1813466.0,0,0,0,54,74
1813479.0,0,0,0,58,70
1813496.0,0,0,0,58,70
1813496.0,0,0,0,54,74
1813556.0,0,0,0,58,70
1813618.0,0,0,0,58,70
1813618.0,0,0,0,26,102
1813685.0,0,0,0,58,70
1813792.0,0,0,0,62,66
1813827.0,0,0,0,62,66
1813827.0,0,0,0,30,98
1813870.0,0,0,0,30,98
1813870.0,0,0,0,28,100
1813887.0,0,0,0,28,100
1813887.0,0,0,0,20,108
1813900.0,0,0,0,22,106
1813938.0,0,0,0,22,106
1813938.0,0,0,0,20,108
1813950.0,0,0,0,52,76
1813951.0,0,0,0,60,68
1814041.0,0,0,0,60,68
1814043.0,0,0,0,62,66
1814044.0,0,0,0,62,66
1814044.0,0,0,0,30,98
1814078.0,0,0,0,30,98
1814078.0,0,0,0,22,106
1814132.0,0,0,0,54,74
1814133.0,0,0,0,62,66
1814223.0,0,0,0,94,34
1814226.0,0,0,0,94,34
1814226.0,0,0,0,78,50
1814280.0,0,0,0,94,34
1814319.0,0,0,0,94,34
1814319.0,0,0,0,78,50
1814360.0,0,0,0,94,34
1814386.0,0,0,0,94,34
1814386.0,0,0,0,78,50
1814411.0,0,0,0,78,50
1814411.0,0,0,0,46,82
1814436.0,0,0,0,48,80
1814483.0,0,0,0,48,80
1814483.0,0,0,0,44,84
1814496.0,0,0,0,60,68
1814501.0,0,0,0,92,36
1814510.0,0,0,0,124,4
1814515.0,0,0,0,128,0
1814536.0,0,0,0,128,0
1814536.0,0,0,0,96,32
1814539.0,0,0,0,128,0
1814552.0,0,0,0,128,0
1814552.0,0,0,0,96,32
1814555.0,0,0,0,128,0
1814696.0,0,0,0,128,0
1814696.0,0,0,0,127,1
1814699.0,0,0,0,128,0
1814707.0,0,0,0,128,0
1814707.0,0,0,0,126,2
1814710.0,0,0,0,128,0
1814907.0,0,0,0,128,0
1815324.0,0,0,0,128,0
1815324.0,0,0,0,120,8
1815329.0,0,0,0,120,8
1815352.0,0,0,0,120,8
1815352.0,0,0,0,112,16
1815359.0,0,0,0,112,16
1815359.0,0,0,0,110,18
1815367.0,0,0,0,110,18
1815367.0,0,0,0,78,50
1815413.0,0,0,0,86,42
1815416.0,0,0,0,86,42
1815416.0,0,0,0,54,74
1815431.0,0,0,0,54,74
1815431.0,0,0,0,52,76
1815446.0,0,0,0,54,74
1815450.0,0,0,0,62,66
1815503.0,0,0,0,62,66
1815503.0,0,0,0,60,68
1815541.0,0,0,0,60,68
1815542.0,0,0,0,60,68
1815542.0,0,0,0,56,72
1815558.0,0,0,0,56,72
1815558.0,0,0,0,54,74
1815582.0,0,0,0,58,70
1815592.0,0,0,0,58,70
1815600.0,0,0,0,60,68
1815604.0,0,0,0,92,36
1815628.0,0,0,0,92,36
1815628.0,0,0,0,90,38
1815640.0,0,0,0,90,38
1815640.0,0,0,0,58,70
1815651.0,0,0,0,60,68
1815671.0,0,0,0,60,68
1815702.0,0,0,0,92,36
1815816.0,0,0,0,94,34
1815829.0,0,0,0,94,34
1815829.0,0,0,0,62,66
1815853.0,0,0,0,62,66
1815853.0,0,0,0,60,68
1815863.0,0,0,0,60,68
1815863.0,0,0,0,58,70
1815866.0,0,0,0,58,70
1815866.0,0,0,0,26,102
1815871.0,0,0,0,26,102
1815895.0,0,0,0,28,100
1815912.0,0,0,0,30,98
1815925.0,0,0,0,62,66
1815930.0,0,0,0,62,66
1815930.0,0,0,0,30,98
1815936.0,0,0,0,30,98
1815936.0,0,0,0,26,102
1815949.0,0,0,0,58,70
1815951.0,0,0,0,58,70
1815951.0,0,0,0,26,102
1815977.0,0,0,0,58,70
1815984.0,0,0,0,58,70
1815984.0,0,0,0,57,71
1815986.0,0,0,0,58,70
1816021.0,0,0,0,58,70
1816021.0,0,0,0,56,72
1816040.0,0,0,0,56,72
1816040.0,0,0,0,55,73
1816044.0,0,0,0,56,72
1816069.0,0,0,0,56,72
1816069.0,0,0,0,24,104
1816078.0,0,0,0,26,102
1816092.0,0,0,0,26,102
1816126.0,0,0,0,26,102
1816126.0,0,0,0,25,103
1816166.0,0,0,0,26,102
1816199.0,0,0,0,58,70
1816224.0,0,0,0,58,70
1816224.0,0,0,0,42,86
1816240.0,0,0,0,42,86
1816240.0,0,0,0,34,94
1816244.0,0,0,0,34,94
1816244.0,0,0,0,33,95
1816247.0,0,0,0,33,95
1816247.0,0,0,0,25,103
1816253.0,0,0,0,41,87
1816316.0,0,0,0,41,87
1816316.0,0,0,0,25,103
1816319.0,0,0,0,25,103
1816319.0,0,0,0,21,107
1816385.0,0,0,0,21,107
1816389.0,0,0,0,25,103
1816413.0,0,0,0,41,87
1816452.0,0,0,0,41,87
1816452.0,0,0,0,40,88
1816476.0,0,0,0,41,87
1816486.0,0,0,0,41,87
1816486.0,0,0,0,25,103
1816490.0,0,0,0,25,103
1816490.0,0,0,0,24,104
1816520.0,0,0,0,25,103
1816555.0,0,0,0,25,103
1816555.0,0,0,0,24,104
1816561.0,0,0,0,25,103
1816562.0,0,0,0,33,95
1816563.0,0,0,0,41,87
1816584.0,0,0,0,57,71
1816587.0,0,0,0,57,71
1816587.0,0,0,0,25,103
1816611.0,0,0,0,25,103
1816611.0,0,0,0,17,111
1816650.0,0,0,0,17,111
1816651.0,0,0,0,17,111
1816662.0,0,0,0,49,79
1816663.0,0,0,0,57,71
1816687.0,0,0,0,57,71
1816687.0,0,0,0,25,103
1816775.0,0,0,0,25,103
1816775.0,0,0,0,21,107
1816801.0,0,0,0,25,103
1816832.0,0,0,0,25,103
1816839.0,0,0,0,25,103
1816839.0,0,0,0,9,119
1816923.0,0,0,0,9,119
1816929.0,0,0,0,9,119
1816929.0,0,0,0,1,127
1816964.0,0,0,0,17,111
1816997.0,0,0,0,17,111
1816997.0,0,0,0,9,119
1817039.0,0,0,0,10,118
1817041.0,0,0,0,18,110
1817060.0,0,0,0,18,110
1817081.0,0,0,0,50,78
1817082.0,0,0,0,50,78
1817082.0,0,0,0,34,94
1817095.0,0,0,0,42,86
1817108.0,0,0,0,42,86
1817108.0,0,0,0,10,118
1817142.0,0,0,0,26,102
1817197.0,0,0,0,26,102
1817197.0,0,0,0,22,106
1817201.0,0,0,0,22,106
1817210.0,0,0,0,22,106
1817219.0,0,0,0,22,106
1817219.0,0,0,0,20,108
1817239.0,0,0,0,20,108
1817255.0,0,0,0,20,108
1817256.0,0,0,0,20,108
1817256.0,0,0,0,4,124
1817399.0,0,0,0,6,122
1817400.0,0,0,0,10,118
1817410.0,0,0,0,10,118
1817419.0,0,0,0,10,118
1817419.0,0,0,0,9,119
1817425.0,0,0,0,25,103
1817439.0,0,0,0,57,71
1817461.0,0,0,0,57,71
1817461.0,0,0,0,25,103
1817492.0,0,0,0,25,103
1817492.0,0,0,0,24,104
1817507.0,0,0,0,56,72
1817511.0,0,0,0,56,72
1817511.0,0,0,0,48,80
1817530.0,0,0,0,49,79
1817548.0,0,0,0,49,79
1817548.0,0,0,0,45,83
1817573.0,0,0,0,77,51
1817574.0,0,0,0,85,43
1817576.0,0,0,0,85,43
1817576.0,0,0,0,83,45
1817578.0,0,0,0,84,44
1817633.0,0,0,0,84,44
1817633.0,0,0,0,52,76
1817639.0,0,0,0,52,76
1817639.0,0,0,0,50,78
1817651.0,0,0,0,50,78
1817651.0,0,0,0,48,80
1817715.0,0,0,0,50,78
1817719.0,0,0,0,50,78
1817719.0,0,0,0,42,86
1817722.0,0,0,0,44,84
1817733.0,0,0,0,44,84
1817733.0,0,0,0,36,92
1817741.0,0,0,0,40,88
1817774.0,0,0,0,40,88
1817774.0,0,0,0,39,89
1817801.0,0,0,0,47,81
1817804.0,0,0,0,47,81
1817804.0,0,0,0,15,113
1817814.0,0,0,0,24,104
1817867.0,0,0,0,28,100
1817874.0,0,0,0,30,98
1817877.0,0,0,0,30,98
1817877.0,0,0,0,29,99
1817901.0,0,0,0,30,98
1817928.0,0,0,0,30,98
1817928.0,0,0,0,29,99
1817951.0,0,0,0,30,98
1817966.0,0,0,0,30,98
1817966.0,0,0,0,22,106
1817973.0,0,0,0,22,106
1817973.0,0,0,0,14,114
1818036.0,0,0,0,46,82
1818053.0,0,0,0,62,66
1818054.0,0,0,0,62,66
1818054.0,0,0,0,30,98
1818111.0,0,0,0,30,98
1818111.0,0,0,0,26,102
1818198.0,0,0,0,58,70
1818211.0,0,0,0,58,70
1818211.0,0,0,0,42,86
1818302.0,0,0,0,58,70
1818304.0,0,0,0,58,70
1818304.0,0,0,0,26,102
1818330.0,0,0,0,26,102
1818330.0,0,0,0,25,103
1818350.0,0,0,0,25,103
1818350.0,0,0,0,17,111
1818365.0,0,0,0,18,110
1818390.0,0,0,0,18,110
1818390.0,0,0,0,17,111
1818402.0,0,0,0,17,111
1818412.0,0,0,0,18,110
1818416.0,0,0,0,18,110
1818416.0,0,0,0,14,114
1818421.0,0,0,0,54,74
1818438.0,0,0,0,54,74
1818438.0,0,0,0,52,76
1818484.0,0,0,0,52,76
1818484.0,0,0,0,20,108
1818516.0,0,0,0,52,76
1818529.0,0,0,0,52,76
1818529.0,0,0,0,20,108
1818625.0,0,0,0,20,108
1818634.0,0,0,0,20,108
1818634.0,0,0,0,12,116
1818636.0,0,0,0,44,84
1818649.0,0,0,0,44,84
1818677.0,0,0,0,44,84
1818693.0,0,0,0,52,76
1818765.0,0,0,0,52,76
1818765.0,0,0,0,20,108
1818778.0,0,0,0,20,108
1818865.0,0,0,0,26,102
1818866.0,0,0,0,26,102
1818899.0,0,0,0,26,102
1818923.0,0,0,0,58,70
1818941.0,0,0,0,58,70
1818941.0,0,0,0,26,102
1818945.0,0,0,0,26,102
1818945.0,0,0,0,18,110
1818953.0,0,0,0,18,110
1819013.0,0,0,0,26,102
1819042.0,0,0,0,58,70
1819063.0,0,0,0,58,70
1819063.0,0,0,0,56,72
1819084.0,0,0,0,88,40
1819088.0,0,0,0,90,38
1819117.0,0,0,0,90,38
1819117.0,0,0,0,58,70
1819212.0,0,0,0,58,70
1819212.0,0,0,0,42,86
1819250.0,0,0,0,74,54
1819254.0,0,0,0,74,54
1819254.0,0,0,0,70,58
1819262.0,0,0,0,70,58
1819263.0,0,0,0,70,58
1819279.0,0,0,0,70,58
1819279.0,0,0,0,68,60
1819362.0,0,0,0,68,60
1819363.0,0,0,0,68,60
1819364.0,0,0,0,68,60
1819364.0,0,0,0,66,62
1819366.0,0,0,0,82,46
1819415.0,0,0,0,84,44
1819444.0,0,0,0,88,40
1819446.0,0,0,0,90,38
1819501.0,0,0,0,90,38
1819533.0,0,0,0,90,38
1819533.0,0,0,0,58,70
1819664.0,0,0,0,58,70
1819741.0,0,0,0,58,70
1819761.0,0,0,0,58,70
1819761.0,0,0,0,56,72
1819781.0,0,0,0,56,72
1819795.0,0,0,0,56,72
1819809.0,0,0,0,58,70
1819842.0,0,0,0,58,70
1819867.0,0,0,0,58,70
1819867.0,0,0,0,50,78
1819883.0,0,0,0,50,78
1819883.0,0,0,0,42,86
1819954.0,0,0,0,58,70
1819985.0,0,0,0,58,70
1819985.0,0,0,0,50,78
1820017.0,0,0,0,50,78
1820017.0,0,0,0,48,80
1820038.0,0,0,0,50,78
1820045.0,0,0,0,58,70
1820139.0,0,0,0,58,70
1820156.0,0,0,0,90,38
1820164.0,0,0,0,90,38
1820164.0,0,0,0,74,54
1820207.0,0,0,0,74,54
1820243.0,0,0,0,74,54
1820243.0,0,0,0,73,55
1820250.0,0,0,0,73,55
1820250.0,0,0,0,41,87
1820256.0,0,0,0,57,71
1820271.0,0,0,0,58,70
1820273.0,0,0,0,58,70
1820315.0,0,0,0,58,70
1820315.0,0,0,0,26,102
1820326.0,0,0,0,26,102
1820326.0,0,0,0,24,104
1820382.0,0,0,0,26,102
1820415.0,0,0,0,26,102
1820416.0,0,0,0,26,102
1820416.0,0,0,0,24,104
1820422.0,0,0,0,24,104
1820433.0,0,0,0,24,104
1820433.0,0,0,0,22,106
1820444.0,0,0,0,22,106
1820444.0,0,0,0,20,108
1820501.0,0,0,0,20,108
1820514.0,0,0,0,20,108
1820519.0,0,0,0,22,106
1820523.0,0,0,0,24,104
1820525.0,0,0,0,26,102
1820560.0,0,0,0,26,102
1820560.0,0,0,0,25,103
1820590.0,0,0,0,26,102
1820602.0,0,0,0,26,102
1820602.0,0,0,0,25,103
1820619.0,0,0,0,26,102
1820623.0,0,0,0,26,102
1820623.0,0,0,0,22,106
1820640.0,0,0,0,22,106
1820640.0,0,0,0,20,108
1820644.0,0,0,0,20,108
1820644.0,0,0,0,18,110
1820666.0,0,0,0,20,108
1820706.0,0,0,0,20,108
1820706.0,0,0,0,12,116
1820736.0,0,0,0,12,116
1820753.0,0,0,0,12,116
1820774.0,0,0,0,20,108
1820800.0,0,0,0,24,104
1820806.0,0,0,0,56,72
1820807.0,0,0,0,58,70
1820808.0,0,0,0,58,70
1820808.0,0,0,0,42,86
1820839.0,0,0,0,42,86
1820839.0,0,0,0,10,118
1820859.0,0,0,0,10,118
1820859.0,0,0,0,6,122
1820898.0,0,0,0,6,122
1820916.0,0,0,0,6,122
1820916.0,0,0,0,4,124
1820964.0,0,0,0,6,122
1820974.0,0,0,0,10,118
1820979.0,0,0,0,26,102
1821002.0,0,0,0,26,102
1821121.0,0,0,0,26,102
1821154.0,0,0,0,26,102
1821154.0,0,0,0,18,110
1821160.0,0,0,0,18,110
1821160.0,0,0,0,10,118
1821216.0,0,0,0,10,118
1821242.0,0,0,0,26,102
1821307.0,0,0,0,26,102
1821307.0,0,0,0,10,118
1821336.0,0,0,0,10,118
1821349.0,0,0,0,26,102
1821382.0,0,0,0,26,102
1821382.0,0,0,0,10,118
1821427.0,0,0,0,42,86
1821430.0,0,0,0,42,86
1821430.0,0,0,0,40,88
1821445.0,0,0,0,40,88
1821445.0,0,0,0,8,120
1821468.0,0,0,0,40,88
1821484.0,0,0,0,40,88
1821484.0,0,0,0,32,96
1821486.0,0,0,0,34,94
1821500.0,0,0,0,50,78
1821509.0,0,0,0,50,78
1821509.0,0,0,0,48,80
1821554.0,0,0,0,50,78
1821623.0,0,0,0,50,78
1821654.0,0,0,0,50,78
1821654.0,0,0,0,49,79
1821730.0,0,0,0,53,75
1821731.0,0,0,0,53,75
1821731.0,0,0,0,21,107
1821742.0,0,0,0,21,107
1821784.0,0,0,0,21,107
1821788.0,0,0,0,21,107
1821950.0,0,0,0,21,107
1822066.0,0,0,0,21,107
1822087.0,0,0,0,22,106
1822224.0,0,0,0,22,106
1822224.0,0,0,0,18,110
1822237.0,0,0,0,18,110
1822237.0,0,0,0,10,118
1822246.0,0,0,0,10,118
1822246.0,0,0,0,2,126
1822254.0,0,0,0,6,122
1822337.0,0,0,0,14,114
1822348.0,0,0,0,46,82
1822369.0,0,0,0,54,74
1822393.0,0,0,0,54,74
1822393.0,0,0,0,46,82
1822415.0,0,0,0,46,82
1822415.0,0,0,0,30,98
1822458.0,0,0,0,30,98
1822458.0,0,0,0,22,106
1822463.0,0,0,0,30,98
1822496.0,0,0,0,46,82
1822728.0,0,0,0,46,82
1822728.0,0,0,0,38,90
1822736.0,0,0,0,38,90
1822736.0,0,0,0,30,98
1822738.0,0,0,0,30,98
1822848.0,0,0,0,30,98
1822848.0,0,0,0,29,99
1822851.0,0,0,0,37,91
1822856.0,0,0,0,37,91
1822865.0,0,0,0,45,83
1822956.0,0,0,0,45,83
1823082.0,0,0,0,45,83
1823139.0,0,0,0,45,83
1823139.0,0,0,0,29,99
1823143.0,0,0,0,45,83
1823190.0,0,0,0,45,83
1823190.0,0,0,0,29,99
1823262.0,0,0,0,30,98
1823280.0,0,0,0,46,82
1823307.0,0,0,0,46,82
1823307.0,0,0,0,38,90
1823313.0,0,0,0,38,90
1823313.0,0,0,0,34,94
1823384.0,0,0,0,42,86
1823429.0,0,0,0,46,82
1823446.0,0,0,0,46,82
1823446.0,0,0,0,30,98
1823474.0,0,0,0,30,98
1823475.0,0,0,0,30,98
1823475.0,0,0,0,22,106
1823506.0,0,0,0,22,106
1823524.0,0,0,0,38,90
1823529.0,0,0,0,46,82
1823553.0,0,0,0,46,82
1823553.0,0,0,0,38,90
1823583.0,0,0,0,46,82
1823637.0,0,0,0,46,82
1823637.0,0,0,0,42,86
1823669.0,0,0,0,74,54
1823674.0,0,0,0,74,54
1823679.0,0,0,0,74,54
1823682.0,0,0,0,74,54
1823682.0,0,0,0,42,86
1823827.0,0,0,0,46,82
1823862.0,0,0,0,46,82
1823862.0,0,0,0,38,90
1823890.0,0,0,0,38,90
1823890.0,0,0,0,30,98
1823942.0,0,0,0,30,98
1823989.0,0,0,0,38,90
1824030.0,0,0,0,46,82
1824049.0,0,0,0,46,82
1824061.0,0,0,0,46,82
1824061.0,0,0,0,42,86
1824127.0,0,0,0,42,86
1824162.0,0,0,0,42,86
1824162.0,0,0,0,41,87
1824168.0,0,0,0,41,87
1824178.0,0,0,0,42,86
1824200.0,0,0,0,42,86
1824206.0,0,0,0,46,82
1824259.0,0,0,0,46,82
1824259.0,0,0,0,42,86
1824270.0,0,0,0,42,86
1824270.0,0,0,0,41,87
1824278.0,0,0,0,42,86
1824337.0,0,0,0,42,86
1824337.0,0,0,0,34,94
1824344.0,0,0,0,34,94
1824344.0,0,0,0,26,102
1824389.0,0,0,0,26,102
1824389.0,0,0,0,25,103
1824412.0,0,0,0,26,102
1824430.0,0,0,0,26,102
1824431.0,0,0,0,34,94
1824459.0,0,0,0,42,86
1824524.0,0,0,0,50,78
1824600.0,0,0,0,50,78
1824600.0,0,0,0,18,110
1824742.0,0,0,0,50,78
1824752.0,0,0,0,50,78
1824752.0,0,0,0,42,86
1824765.0,0,0,0,42,86
1824765.0,0,0,0,10,118
1824831.0,0,0,0,10,118
1824831.0,0,0,0,6,122
1824903.0,0,0,0,10,118
1825037.0,0,0,0,10,118
1825048.0,0,0,0,10,118
1825069.0,0,0,0,10,118
1825114.0,0,0,0,10,118
1825114.0,0,0,0,9,119
1825149.0,0,0,0,9,119
1825149.0,0,0,0,8,120
1825186.0,0,0,0,9,119
1825196.0,0,0,0,9,119
1825421.0,0,0,0,9,119
1825421.0,0,0,0,1,127
1825442.0,0,0,0,9,119
1825485.0,0,0,0,17,111
1825486.0,0,0,0,17,111
1825486.0,0,0,0,9,119
1825539.0,0,0,0,17,111
1825551.0,0,0,0,17,111
1825556.0,0,0,0,18,110
1825565.0,0,0,0,18,110
1825790.0,0,0,0,18,110
1825790.0,0,0,0,16,112
1825797.0,0,0,0,16,112
1825797.0,0,0,0,14,114
1825804.0,0,0,0,14,114
1825804.0,0,0,0,12,116
1825812.0,0,0,0,14,114
1825813.0,0,0,0,16,112
1825814.0,0,0,0,18,110
1825816.0,0,0,0,18,110
1825816.0,0,0,0,10,118
1825835.0,0,0,0,10,118
1825835.0,0,0,0,8,120
1825842.0,0,0,0,8,120
1825842.0,0,0,0,6,122
1825843.0,0,0,0,6,122
1825880.0,0,0,0,14,114
1825881.0,0,0,0,14,114
1825881.0,0,0,0,13,115
1825909.0,0,0,0,15,113
1825911.0,0,0,0,17,111
1825980.0,0,0,0,17,111
1826084.0,0,0,0,17,111
1826098.0,0,0,0,17,111
1826098.0,0,0,0,16,112
1826122.0,0,0,0,17,111
1826150.0,0,0,0,17,111
1826150.0,0,0,0,13,115
1826229.0,0,0,0,13,115
1826232.0,0,0,0,17,111
1826283.0,0,0,0,17,111
1826367.0,0,0,0,17,111
1826367.0,0,0,0,9,119
1826369.0,0,0,0,9,119
1826393.0,0,0,0,17,111
1826402.0,0,0,0,17,111
1826402.0,0,0,0,9,119
1826471.0,0,0,0,17,111
1826527.0,0,0,0,17,111
1826552.0,0,0,0,17,111
1826552.0,0,0,0,9,119
1826602.0,0,0,0,10,118
1826612.0,0,0,0,18,110
1826637.0,0,0,0,18,110
1826637.0,0,0,0,10,118
1826707.0,0,0,0,18,110
1827076.0,0,0,0,50,78
1827078.0,0,0,0,58,70
1827131.0,0,0,0,58,70
1827159.0,0,0,0,58,70
1827280.0,0,0,0,90,38
1827305.0,0,0,0,90,38
1827305.0,0,0,0,82,46
1827338.0,0,0,0,82,46
1827338.0,0,0,0,74,54
1827355.0,0,0,0,74,54
1827355.0,0,0,0,42,86
1827360.0,0,0,0,42,86
1827360.0,0,0,0,38,90
1827407.0,0,0,0,46,82
1827442.0,0,0,0,46,82
1827445.0,0,0,0,54,74
1827463.0,0,0,0,58,70
1827465.0,0,0,0,90,38
1827504.0,0,0,0,90,38
1827504.0,0,0,0,58,70
1827525.0,0,0,0,58,70
1827525.0,0,0,0,26,102
1827558.0,0,0,0,26,102
1827558.0,0,0,0,22,106
1827634.0,0,0,0,54,74
1827687.0,0,0,0,58,70
1827694.0,0,0,0,58,70
1827694.0,0,0,0,26,102
1827749.0,0,0,0,26,102
1827749.0,0,0,0,22,106
1827773.0,0,0,0,26,102
1827866.0,0,0,0,26,102
1827866.0,0,0,0,22,106
1827886.0,0,0,0,22,106
1827996.0,0,0,0,26,102
1827999.0,0,0,0,26,102
1827999.0,0,0,0,22,106
1828092.0,0,0,0,26,102
1828142.0,0,0,0,26,102
1828182.0,0,0,0,58,70
1828185.0,0,0,0,58,70
1828239.0,0,0,0,58,70
1828449.0,0,0,0,58,70
1828449.0,0,0,0,50,78
1828462.0,0,0,0,50,78
1828462.0,0,0,0,42,86
1828512.0,0,0,0,42,86
1828513.0,0,0,0,42,86
1828580.0,0,0,0,42,86
1828582.0,0,0,0,50,78
1828583.0,0,0,0,58,70
1828603.0,0,0,0,90,38
1828609.0,0,0,0,90,38
1828682.0,0,0,0,122,6
1828683.0,0,0,0,126,2
1828714.0,0,0,0,126,2
1828714.0,0,0,0,94,34
1828736.0,0,0,0,94,34
1828736.0,0,0,0,86,42
1828737.0,0,0,0,86,42
1828737.0,0,0,0,82,46
1828840.0,0,0,0,86,42
1828891.0,0,0,0,86,42
1828891.0,0,0,0,82,46
1828932.0,0,0,0,82,46
1828984.0,0,0,0,82,46
1828984.0,0,0,0,50,78
1829069.0,0,0,0,50,78
1829069.0,0,0,0,46,82
1829073.0,0,0,0,46,82
1829073.0,0,0,0,38,90
1829078.0,0,0,0,42,86
1829085.0,0,0,0,42,86
1829085.0,0,0,0,38,90
1829093.0,0,0,0,38,90
1829094.0,0,0,0,38,90
1829094.0,0,0,0,6,122
1829171.0,0,0,0,6,122
1829176.0,0,0,0,14,114
1829190.0,0,0,0,18,110
1829242.0,0,0,0,18,110
1829242.0,0,0,0,14,114
1829301.0,0,0,0,18,110
1829305.0,0,0,0,18,110
1829305.0,0,0,0,14,114
1829312.0,0,0,0,14,114
1829407.0,0,0,0,14,114
1829776.0,0,0,0,14,114
1829778.0,0,0,0,14,114
1829898.0,0,0,0,14,114
1829898.0,0,0,0,6,122
1829921.0,0,0,0,10,118
1829967.0,0,0,0,18,110
1829980.0,0,0,0,18,110
1830117.0,0,0,0,18,110
1830117.0,0,0,0,14,114
1830165.0,0,0,0,14,114
1830232.0,0,0,0,14,114
1830232.0,0,0,0,10,118
1830259.0,0,0,0,14,114
1830317.0,0,0,0,18,110
1830334.0,0,0,0,18,110
1830473.0,0,0,0,18,110
1830562.0,0,0,0,18,110
1830562.0,0,0,0,14,114
1830609.0,0,0,0,14,114
1830609.0,0,0,0,10,118
1830642.0,0,0,0,14,114
1830646.0,0,0,0,18,110
1830656.0,0,0,0,18,110
1830656.0,0,0,0,14,114
1830745.0,0,0,0,18,110
1830882.0,0,0,0,18,110
1831010.0,0,0,0,18,110
1831010.0,0,0,0,14,114
1831060.0,0,0,0,18,110
1831148.0,0,0,0,18,110
1831148.0,0,0,0,14,114
1831174.0,0,0,0,18,110
1831267.0,0,0,0,18,110
1831267.0,0,0,0,17,111
1831282.0,0,0,0,17,111
1831290.0,0,0,0,18,110
1831303.0,0,0,0,18,110
1831372.0,0,0,0,18,110
1831372.0,0,0,0,14,114
1831382.0,0,0,0,14,114
1831457.0,0,0,0,18,110
1831538.0,0,0,0,18,110
1831538.0,0,0,0,14,114
1831540.0,0,0,0,14,114
1831557.0,0,0,0,18,110
1831655.0,0,0,0,18,110
1831655.0,0,0,0,17,111
1831675.0,0,0,0,18,110
1831769.0,0,0,0,18,110
1831769.0,0,0,0,14,114
1831778.0,0,0,0,14,114
1831876.0,0,0,0,14,114
1831890.0,0,0,0,14,114
1832001.0,0,0,0,14,114
1832107.0,0,0,0,18,110
1832254.0,0,0,0,58,70
1832258.0,0,0,0,58,70
1832258.0,0,0,0,26,102
1832370.0,0,0,0,58,70
1832432.0,0,0,0,58,70
1832432.0,0,0,0,26,102
1832451.0,0,0,0,26,102
1832451.0,0,0,0,18,110
1832611.0,0,0,0,58,70
1832621.0,0,0,0,58,70
1832631.0,0,0,0,58,70
1832631.0,0,0,0,50,78
1832667.0,0,0,0,50,78
1832720.0,0,0,0,58,70
1832751.0,0,0,0,90,38
1832852.0,0,0,0,90,38
1832852.0,0,0,0,88,40
1832948.0,0,0,0,88,40
1832948.0,0,0,0,56,72
1832959.0,0,0,0,56,72
1832986.0,0,0,0,58,70
1833017.0,0,0,0,58,70
1833154.0,0,0,0,58,70
1833154.0,0,0,0,57,71
1833191.0,0,0,0,58,70
1833324.0,0,0,0,58,70
1833324.0,0,0,0,56,72
1833342.0,0,0,0,56,72
1833346.0,0,0,0,56,72
1833395.0,0,0,0,58,70
1833406.0,0,0,0,90,38
1833441.0,0,0,0,90,38
1833441.0,0,0,0,26,102
1833445.0,0,0,0,26,102
1833514.0,0,0,0,58,70
1833521.0,0,0,0,58,70
1833521.0,0,0,0,26,102
1833604.0,0,0,0,26,102
1833604.0,0,0,0,22,106
1833666.0,0,0,0,26,102
1833760.0,0,0,0,26,102
1833874.0,0,0,0,26,102
1833889.0,0,0,0,30,98
1834264.0,0,0,0,30,98
1834264.0,0,0,0,29,99
1834287.0,0,0,0,30,98
1834836.0,0,0,0,94,34
1834843.0,0,0,0,94,34
1834843.0,0,0,0,93,35
1834859.0,0,0,0,94,34
1834891.0,0,0,0,94,34
1834891.0,0,0,0,62,66
1834903.0,0,0,0,62,66
1834903.0,0,0,0,61,67
1834921.0,0,0,0,61,67
1834921.0,0,0,0,53,75
1834933.0,0,0,0,54,74
1834954.0,0,0,0,54,74
1834985.0,0,0,0,94,34
1835004.0,0,0,0,94,34
1835004.0,0,0,0,62,66
1835070.0,0,0,0,62,66
1835102.0,0,0,0,62,66
1835102.0,0,0,0,30,98
1835143.0,0,0,0,62,66
1835311.0,0,0,0,62,66
1835419.0,0,0,0,62,66
1835419.0,0,0,0,30,98
1835499.0,0,0,0,30,98
1835499.0,0,0,0,26,102
1835679.0,0,0,0,58,70
1835688.0,0,0,0,58,70
1835688.0,0,0,0,26,102
1835706.0,0,0,0,26,102
1835706.0,0,0,0,18,110
1835758.0,0,0,0,50,78
1835759.0,0,0,0,58,70
1836106.0,0,0,0,58,70
1836214.0,0,0,0,58,70
1836865.0,0,0,0,90,38
1836866.0,0,0,0,90,38
1836866.0,0,0,0,58,70
1837154.0,0,0,0,58,70
1837154.0,0,0,0,57,71
1837170.0,0,0,0,58,70
1837536.0,0,0,0,58,70
1837640.0,0,0,0,58,70
1837640.0,0,0,0,26,102
1837685.0,0,0,0,26,102
1837763.0,0,0,0,58,70
1837766.0,0,0,0,58,70
1837766.0,0,0,0,57,71
1837781.0,0,0,0,58,70
1837843.0,0,0,0,58,70
1838190.0,0,0,0,58,70
1838190.0,0,0,0,26,102
1838379.0,0,0,0,26,102
1838458.0,0,0,0,26,102
1839450.0,0,0,0,26,102
1839450.0,0,0,0,25,103
1839466.0,0,0,0,26,102
1839565.0,0,0,0,26,102
1840176.0,0,0,0,58,70
1840179.0,0,0,0,90,38
1840183.0,0,0,0,90,38
1840183.0,0,0,0,58,70
1840463.0,0,0,0,58,70
1840479.0,0,0,0,62,66
1840481.0,0,0,0,62,66
1840481.0,0,0,0,30,98
1840553.0,0,0,0,62,66
1840560.0,0,0,0,62,66
1840560.0,0,0,0,61,67
1840577.0,0,0,0,62,66
1840639.0,0,0,0,62,66
1840639.0,0,0,0,30,98
1841127.0,0,0,0,62,66
1841177.0,0,0,0,62,66
1841177.0,0,0,0,61,67
1841188.0,0,0,0,62,66
1841212.0,0,0,0,64,64
1841253.0,0,0,0,64,64
1841253.0,0,0,0,0,128
1842620.0,0,0,0,64,64
1842625.0,0,0,0,64,64
1842625.0,0,0,0,63,65
1842641.0,0,0,0,64,64
1842876.0,0,0,0,64,64
1842879.0,0,0,0,64,64
1842953.0,0,0,0,64,64
1842953.0,0,0,0,0,128
1843253.0,0,0,0,0,128
1843623.0,0,0,0,32,96
1843720.0,0,0,0,96,32
1843722.0,0,0,0,96,32
1843722.0,0,0,0,95,33
1843736.0,0,0,0,96,32
1844152.0,0,0,0,96,32
1844152.0,0,0,0,32,96
1844904.0,0,0,0,96,32
1844906.0,0,0,0,96,32
1844906.0,0,0,0,95,33
1844922.0,0,0,0,96,32
1844974.0,0,0,0,96,32
1844974.0,0,0,0,32,96
1845257.0,0,0,0,96,32
1845294.0,0,0,0,96,32
1845294.0,0,0,0,32,96
1845320.0,0,0,0,32,96
1846098.0,0,0,0,32,96
1846098.0,0,0,0,31,97
1846113.0,0,0,0,32,96
1846323.0,0,0,0,32,96
1846420.0,0,0,0,32,96
1846640.0,0,0,0,32,96
1846640.0,0,0,0,31,97
1846653.0,0,0,0,32,96
1847237.0,0,0,0,32,96
1847237.0,0,0,0,31,97
1847250.0,0,0,0,32,96
1847559.0,0,0,0,32,96
1847559.0,0,0,0,0,128
1847567.0,0,0,0,32,96
1847604.0,0,0,0,32,96
1847653.0,0,0,0,32,96
1847653.0,0,0,0,0,128
1847957.0,0,0,0,0,128
1848289.0,0,0,0,32,96
1848874.0,0,0,0,32,96
1848874.0,0,0,0,31,97
1848889.0,0,0,0,32,96
1850267.0,0,0,0,32,96
1850989.0,0,0,0,32,96
1850989.0,0,0,31,1,96
1851589.0,0,0,31,1,96
1851589.0,0,0,32,0,96
1852317.0,0,0,32,64,32
1852321.0,0,0,32,64,32
1852321.0,0,0,32,63,33
1852323.0,0,0,32,95,1
1852328.0,0,0,32,95,1
1852328.0,0,0,32,31,65
1852348.0,0,0,32,32,64
1852389.0,0,0,32,96,0
1852407.0,0,0,32,96,0
1852407.0,0,0,32,32,64
1852408.0,0,0,32,32,64
1853689.0,31,0,1,32,64
1854289.0,32,0,0,32,64
1854289.0,0,32,0,32,64
1855017.0,0,32,0,32,64
1855023.0,0,32,0,32,64
1855089.0,0,32,0,32,64
1856089.0,0,0,0,64,64
1856089.0,0,0,0,0,128
1861372.0,0,0,0,0,128
1861435.0,0,0,0,0,128
1863327.0,0,0,0,64,64
1863327.0,0,0,0,28,100
1863341.0,0,0,0,28,100
1864868.0,0,0,0,92,36
1865225.0,0,0,0,96,32
1865291.0,0,0,0,128,0
1865291.0,0,0,0,0,128
1866027.0,0,0,0,0,128
1873160.0,0,0,0,0,128
1873295.0,0,0,0,0,128
1873367.0,0,0,0,0,128
1874643.0,0,0,0,0,128
1874919.0,0,0,0,0,128
1875103.0,0,0,0,128,0
1875103.0,0,0,0,0,128
1875155.0,0,0,0,0,128
1875195.0,0,0,0,128,0
1875195.0,0,0,0,28,100
1875329.0,0,0,0,60,68
1875329.0,0,0,0,28,100
1875338.0,0,0,0,60,68
1875452.0,0,0,0,92,36
1875877.0,0,0,0,92,36
1875877.0,0,0,0,60,68
1875916.0,0,0,0,92,36
1876121.0,0,0,0,92,36
1876121.0,0,0,0,60,68
1876166.0,0,0,0,92,36
1876233.0,0,0,0,92,36
1876233.0,0,0,0,60,68
1876280.0,0,0,0,92,36
1876341.0,0,0,0,92,36
1876341.0,0,0,0,60,68
1876475.0,0,0,0,92,36
1876500.0,0,0,0,92,36
1876500.0,0,0,0,60,68
1876570.0,0,0,0,92,36
1876653.0,0,0,0,92,36
1876653.0,0,0,0,60,68
1876693.0,0,0,0,92,36
1876755.0,0,0,0,92,36
1876755.0,0,0,0,60,68
1876841.0,0,0,0,92,36
1876957.0,0,0,0,92,36
1876957.0,0,0,0,60,68
1877012.0,0,0,0,92,36
1877103.0,0,0,0,92,36
1877103.0,0,0,0,60,68
1877189.0,0,0,0,92,36
1877775.0,0,0,0,92,36
1877775.0,0,0,0,60,68
1877847.0,0,0,0,92,36
1877895.0,0,0,0,92,36
1878029.0,0,0,0,92,36
1878038.0,0,0,0,92,36
1878152.0,0,0,0,92,36
1878616.0,0,0,0,92,36
1878866.0,0,0,0,92,36
1878980.0,0,0,0,92,36
1879101.0,0,0,0,92,36
1879101.0,0,0,0,60,68
1879105.0,0,0,0,92,36
1879126.0,0,0,0,92,36
1879126.0,0,0,0,60,68
1879130.0,0,0,0,92,36
1879164.0,0,0,0,92,36
1879164.0,0,0,0,60,68
1879175.0,0,0,0,60,68
1879216.0,0,0,0,92,36
1879270.0,0,0,0,92,36
1879309.0,0,0,0,92,36
1879309.0,0,0,0,60,68
1879393.0,0,0,0,60,68
1879541.0,0,0,0,60,68
1879712.0,0,0,0,60,68
1879727.0,0,0,0,60,68
1879727.0,0,0,0,28,100
1879761.0,0,0,0,28,100
1879802.0,0,0,0,60,68
1879836.0,0,0,0,60,68
1879889.0,0,0,0,60,68
1879956.0,0,0,0,60,68
1879956.0,0,0,0,58,70
1879981.0,0,0,0,58,70
1880103.0,0,0,0,58,70
1880166.0,0,0,0,58,70
1880166.0,0,0,0,54,74
1880442.0,0,0,0,54,74
1880442.0,0,0,0,22,106
1880490.0,0,0,0,54,74
1880547.0,0,0,0,54,74
1881323.0,0,0,0,86,42
1881323.0,0,0,0,22,106
1881388.0,0,0,0,86,42
1881388.0,0,0,0,22,106
1881472.0,0,0,0,86,42
1881472.0,0,0,0,22,106
1881532.0,0,0,0,86,42
1881532.0,0,0,0,54,74
1881552.0,0,0,0,58,70
1881805.0,0,0,0,58,70
1881830.0,0,0,0,58,70
1881916.0,0,0,0,58,70
1882285.0,0,0,0,58,70
1882285.0,0,0,0,26,102
1882715.0,0,0,0,26,102
1882715.0,0,0,0,24,104
1882784.0,0,0,0,26,102
1882940.0,0,0,0,58,70
1883096.0,0,0,0,58,70
1883096.0,0,0,0,26,102
1883422.0,0,0,0,58,70
1883635.0,0,0,0,58,70
1883635.0,0,0,0,56,72
1883696.0,0,0,0,58,70
1883702.0,0,0,0,58,70
1883702.0,0,0,0,56,72
1883764.0,0,0,0,58,70
1883769.0,0,0,0,58,70
1883769.0,0,0,0,56,72
1883832.0,0,0,0,58,70
1884023.0,0,0,0,58,70
1884088.0,0,0,0,58,70
1884159.0,0,0,0,58,70
1884159.0,0,0,0,26,102
1884172.0,0,0,0,26,102
1884232.0,0,0,0,26,102
1884336.0,0,0,0,58,70
1884393.0,0,0,0,58,70
1884393.0,0,0,0,26,102
1884723.0,0,0,0,58,70
1885335.0,0,0,0,58,70
1885335.0,0,0,0,26,102
1885467.0,0,0,0,58,70
1885557.0,0,0,0,58,70
1885557.0,0,0,0,26,102
1885585.0,0,0,0,58,70
1885597.0,0,0,0,58,70
1885597.0,0,0,0,26,102
1885625.0,0,0,0,58,70
1885640.0,0,0,0,58,70
1885669.0,0,0,0,58,70
1885669.0,0,0,0,26,102
1885808.0,0,0,0,58,70
1885903.0,0,0,0,58,70
1885903.0,0,0,0,26,102
1886122.0,0,0,0,26,102
1886125.0,0,0,0,26,102
1886211.0,0,0,0,58,70
1886211.0,0,0,0,26,102
1886356.0,0,0,0,58,70
1886373.0,0,0,0,62,66
1886376.0,0,0,0,62,66
1886376.0,0,0,0,30,98
1886384.0,0,0,0,30,98
1886457.0,0,0,0,30,98
1886627.0,0,0,0,30,98
1886627.0,0,0,0,26,102
1887036.0,0,0,0,26,102
1887389.0,0,0,0,26,102
1887389.0,0,0,0,25,103
1887423.0,0,0,0,25,103
1887502.0,0,0,0,57,71
1887502.0,0,0,0,25,103
1887582.0,0,0,0,26,102
1887652.0,0,0,0,58,70
1887652.0,0,0,0,26,102
1887656.0,0,0,0,26,102
1887656.0,0,0,0,25,103
1887661.0,0,0,0,57,71
1887676.0,0,0,0,58,70
1887698.0,0,0,0,58,70
1887698.0,0,0,0,26,102
1888007.0,0,0,0,58,70
1888129.0,0,0,0,58,70
1888129.0,0,0,0,26,102
1888167.0,0,0,0,26,102
1888221.0,0,0,0,58,70
1888285.0,0,0,0,58,70
1888297.0,0,0,0,58,70
1888297.0,0,0,0,26,102
1888325.0,0,0,0,26,102
1888446.0,0,0,0,58,70
1888460.0,0,0,0,58,70
1888460.0,0,0,0,26,102
1888508.0,0,0,0,26,102
1888521.0,0,0,0,58,70
1888575.0,0,0,0,58,70
1888575.0,0,0,0,26,102
1888644.0,0,0,0,58,70
1888911.0,0,0,0,58,70
1889056.0,0,0,0,58,70
1889300.0,0,0,0,58,70
1889300.0,0,0,0,26,102
1889369.0,0,0,0,58,70
1889381.0,0,0,0,58,70
1889381.0,0,0,0,26,102
1889544.0,0,0,0,26,102
1889544.0,0,0,0,25,103
1889549.0,0,0,0,26,102
1889570.0,0,0,0,26,102
1889570.0,0,0,0,25,103
1889678.0,0,0,0,57,71
1889791.0,0,0,0,58,70
1889802.0,0,0,0,58,70
1889802.0,0,0,0,54,74
1889867.0,0,0,0,58,70
1889936.0,0,0,0,58,70
1889936.0,0,0,0,26,102
1889999.0,0,0,0,26,102
1890026.0,0,0,0,26,102
1890202.0,0,0,0,26,102
1890265.0,0,0,0,26,102
1890265.0,0,0,0,22,106
1890318.0,0,0,0,26,102
1890352.0,0,0,0,26,102
1890361.0,0,0,0,26,102
1890382.0,0,0,0,26,102
1890382.0,0,0,0,22,106
1890403.0,0,0,0,22,106
1890403.0,0,0,0,21,107
1890431.0,0,0,0,22,106
1890464.0,0,0,0,26,102
1890563.0,0,0,0,26,102
1890563.0,0,0,0,25,103
1890637.0,0,0,0,25,103
1890637.0,0,0,0,21,107
1890646.0,0,0,0,23,105
1890707.0,0,0,0,23,105
1890737.0,0,0,0,27,101
1890738.0,0,0,0,27,101
1890761.0,0,0,0,27,101
1890761.0,0,0,0,26,102
1890792.0,0,0,0,27,101
1890810.0,0,0,0,27,101
1890810.0,0,0,0,23,105
1890868.0,0,0,0,23,105
1890868.0,0,0,0,22,106
1890893.0,0,0,0,23,105
1890921.0,0,0,0,23,105
1890922.0,0,0,0,23,105
1890960.0,0,0,0,55,73
1890960.0,0,0,0,23,105
1891052.0,0,0,0,27,101
1891089.0,0,0,0,27,101
1891089.0,0,0,0,23,105
1891097.0,0,0,0,55,73
1891097.0,0,0,0,23,105
1891146.0,0,0,0,23,105
1891157.0,0,0,0,23,105
1891157.0,0,0,0,22,106
1891161.0,0,0,0,26,102
1891172.0,0,0,0,27,101
1891212.0,0,0,0,28,100
1891221.0,0,0,0,28,100
1891230.0,0,0,0,60,68
1891230.0,0,0,0,28,100
1891344.0,0,0,0,28,100
1891373.0,0,0,0,28,100
1891376.0,0,0,0,60,68
1891376.0,0,0,0,24,104
1891423.0,0,0,0,24,104
1891423.0,0,0,0,23,105
1891433.0,0,0,0,27,101
1891447.0,0,0,0,28,100
1891451.0,0,0,0,60,68
1891468.0,0,0,0,60,68
1891468.0,0,0,0,28,100
1891626.0,0,0,0,28,100
1891637.0,0,0,0,28,100
1891686.0,0,0,0,32,96
1891686.0,0,0,0,0,128
1891753.0,0,0,0,0,128
1891829.0,0,0,0,0,128
1892004.0,0,0,0,32,96
1892004.0,0,0,0,28,100
1892062.0,0,0,0,32,96
1892062.0,0,0,0,0,128
1892069.0,0,0,0,0,128
1892073.0,0,0,0,0,128
1892124.0,0,0,0,0,128
1892132.0,0,0,0,32,96
1892132.0,0,0,0,24,104
1892143.0,0,0,0,24,104
1892153.0,0,0,0,56,72
1892153.0,0,0,0,22,106
1892159.0,0,0,0,24,104
1892188.0,0,0,0,24,104
1892188.0,0,0,0,22,106
1892195.0,0,0,0,26,102
1892195.0,0,0,0,22,106
1892212.0,0,0,0,24,104
1892215.0,0,0,0,24,104
1892215.0,0,0,0,8,120
1892218.0,0,0,0,12,116
1892245.0,0,0,0,12,116
1892245.0,0,0,0,10,118
1892320.0,0,0,0,12,116
1892332.0,0,0,0,12,116
1892332.0,0,0,0,10,118
1892343.0,0,0,0,26,102
1892374.0,0,0,0,26,102
1892374.0,0,0,0,10,118
1892378.0,0,0,0,10,118
1892446.0,0,0,0,26,102
1892583.0,0,0,0,26,102
1892583.0,0,0,0,10,118
1892616.0,0,0,0,12,116
1892647.0,0,0,0,28,100
1892750.0,0,0,0,28,100
1892750.0,0,0,0,27,101
1892769.0,0,0,0,28,100
1892947.0,0,0,0,28,100
1892947.0,0,0,0,24,104
1892999.0,0,0,0,28,100
1893134.0,0,0,0,28,100
1893134.0,0,0,0,12,116
1893198.0,0,0,0,28,100
1893234.0,0,0,0,28,100
1893234.0,0,0,0,24,104
1893261.0,0,0,0,56,72
1893265.0,0,0,0,88,40
1893272.0,0,0,0,88,40
1893272.0,0,0,0,56,72
1893284.0,0,0,0,60,68
1893336.0,0,0,0,64,64
1893358.0,0,0,0,64,64
1893358.0,0,0,0,32,96
1893365.0,0,0,0,64,64
1893382.0,0,0,0,64,64
1893382.0,0,0,0,56,72
1893414.0,0,0,0,56,72
1893414.0,0,0,0,54,74
1893442.0,0,0,0,56,72
1893506.0,0,0,0,56,72
1893506.0,0,0,0,52,76
1893544.0,0,0,0,52,76
1893544.0,0,0,0,36,92
1893588.0,0,0,0,36,92
1893588.0,0,0,0,34,94
1893600.0,0,0,0,38,90
1893620.0,0,0,0,38,90
1893620.0,0,0,0,34,94
1893638.0,0,0,0,36,92
1893640.0,0,0,0,68,60
1893642.0,0,0,0,76,52
1893660.0,0,0,0,76,52
1893672.0,0,0,0,92,36
1893693.0,0,0,0,92,36
1893693.0,0,0,0,60,68
1893710.0,0,0,0,60,68
1893710.0,0,0,0,52,76
1893797.0,0,0,0,52,76
1893802.0,0,0,0,52,76
1893802.0,0,0,0,50,78
1893834.0,0,0,0,52,76
1893840.0,0,0,0,84,44
1893841.0,0,0,0,92,36
1893930.0,0,0,0,96,32
1893936.0,0,0,0,96,32
1893936.0,0,0,0,92,36
1894018.0,0,0,0,96,32
1894059.0,0,0,0,96,32
1894059.0,0,0,0,95,33
1894064.0,0,0,0,96,32
1894074.0,0,0,0,96,32
1894074.0,0,0,0,92,36
1894076.0,0,0,0,92,36
1894151.0,0,0,0,92,36
1894222.0,0,0,0,92,36
1894222.0,0,0,0,60,68
1894227.0,0,0,0,64,64
1894245.0,0,0,0,64,64
1894245.0,0,0,0,56,72
1894391.0,0,0,0,88,40
1894393.0,0,0,0,96,32
1894401.0,0,0,0,96,32
1894401.0,0,0,0,92,36
1894439.0,0,0,0,92,36
1894439.0,0,0,0,76,52
1894475.0,0,0,0,80,48
1894486.0,0,0,0,80,48
1894486.0,0,0,0,48,80
1894488.0,0,0,0,48,80
1894488.0,0,0,0,44,84
1894572.0,0,0,0,48,80
1894579.0,0,0,0,64,64
1894584.0,0,0,0,64,64
1894584.0,0,0,0,60,68
1894627.0,0,0,0,92,36
1894638.0,0,0,0,92,36
1894638.0,0,0,0,60,68
1894659.0,0,0,0,64,64
1894694.0,0,0,0,64,64
1894694.0,0,0,0,32,96
1894704.0,0,0,0,32,96
1894708.0,0,0,0,32,96
1894708.0,0,0,0,28,100
1894724.0,0,0,0,28,100
1894724.0,0,0,0,20,108
1894774.0,0,0,0,20,108
1894774.0,0,0,0,16,112
1894816.0,0,0,0,20,108
1894820.0,0,0,0,24,104
1894832.0,0,0,0,24,104
1894853.0,0,0,0,24,104
1894859.0,0,0,0,24,104
1894864.0,0,0,0,24,104
1894864.0,0,0,0,20,108
1894872.0,0,0,0,52,76
1894887.0,0,0,0,92,36
1894895.0,0,0,0,92,36
1894914.0,0,0,0,96,32
1894960.0,0,0,0,96,32
1894960.0,0,0,0,32,96
1894964.0,0,0,0,32,96
1894964.0,0,0,0,0,128
1895043.0,0,0,0,0,128
1895049.0,0,0,0,32,96
1895061.0,0,0,0,32,96
1895061.0,0,0,0,0,128
1895146.0,0,0,0,0,128
1895158.0,0,0,0,64,64
1895262.0,0,0,0,96,32
1895347.0,0,0,0,96,32
1895349.0,0,0,0,96,32
1895349.0,0,0,0,64,64
1895377.0,0,0,0,64,64
1895377.0,0,0,0,0,128
1895438.0,0,0,0,32,96
1895498.0,0,0,0,32,96
1895498.0,0,0,0,0,128
1895580.0,0,0,0,32,96
1895601.0,0,0,0,32,96
1895601.0,0,0,0,28,100
1895604.0,0,0,0,92,36
1895635.0,0,0,0,96,32
1895675.0,0,0,0,96,32
1895675.0,0,0,0,64,64
1895780.0,0,0,0,64,64
1895780.0,0,0,0,60,68
1895799.0,0,0,0,60,68
1895799.0,0,0,0,28,100
1895817.0,0,0,0,32,96
1895825.0,0,0,0,32,96
1895825.0,0,0,0,24,104
1895889.0,0,0,0,56,72
1895917.0,0,0,0,88,40
1895939.0,0,0,0,96,32
1895941.0,0,0,0,128,0
1895942.0,0,0,0,128,0
1895942.0,0,0,0,96,32
1895961.0,0,0,0,96,32
1895965.0,0,0,0,96,32
1896017.0,0,0,0,96,32
1896017.0,0,0,0,64,64
1896023.0,0,0,0,64,64
1896023.0,0,0,0,32,96
1896036.0,0,0,0,32,96
1896060.0,0,0,0,32,96
1896060.0,0,0,0,28,100
1896065.0,0,0,0,28,100
1896103.0,0,0,0,32,96
1896160.0,0,0,0,64,64
1896207.0,0,0,0,64,64
1896207.0,0,0,0,32,96
1896244.0,0,0,0,64,64
1896245.0,0,0,0,64,64
1896245.0,0,0,0,60,68
1896293.0,0,0,0,92,36
1896300.0,0,0,0,92,36
1896340.0,0,0,0,92,36
1896372.0,0,0,0,92,36
1896378.0,0,0,0,96,32
1896425.0,0,0,0,96,32
1896425.0,0,0,0,64,64
1896454.0,0,0,0,64,64
1896454.0,0,0,0,60,68
1896505.0,0,0,0,64,64
1896509.0,0,0,0,96,32
1896540.0,0,0,0,96,32
1896547.0,0,0,0,96,32
1896547.0,0,0,0,95,33
1896576.0,0,0,0,95,33
1896576.0,0,0,0,91,37
1896627.0,0,0,0,91,37
1896627.0,0,0,0,59,69
1896656.0,0,0,0,63,65
1896749.0,0,0,0,63,65
1896749.0,0,0,0,31,97
1896842.0,0,0,0,63,65
1896927.0,0,0,0,63,65
1896993.0,0,0,0,95,33
1897091.0,0,0,0,95,33
1897093.0,0,0,0,95,33
1897218.0,0,0,0,127,1
1897222.0,0,0,0,128,0
1897227.0,0,0,0,128,0
1897227.0,0,0,0,96,32
1897230.0,0,0,0,96,32
1897230.0,0,0,0,92,36
1897232.0,0,0,0,92,36
1897232.0,0,0,0,60,68
1897327.0,0,0,0,60,68
1897343.0,0,0,0,64,64
1897368.0,0,0,0,64,64
1897368.0,0,0,0,32,96
1897399.0,0,0,0,64,64
1897431.0,0,0,0,64,64
1897431.0,0,0,0,32,96
1897452.0,0,0,0,64,64
1897471.0,0,0,0,96,32
1897485.0,0,0,0,96,32
1897485.0,0,0,0,92,36
1897489.0,0,0,0,92,36
1897489.0,0,0,0,60,68
1897532.0,0,0,0,60,68
1897532.0,0,0,0,59,69
1897554.0,0,0,0,60,68
1897562.0,0,0,0,60,68
1897562.0,0,0,0,59,69
1897587.0,0,0,0,59,69
1897610.0,0,0,0,63,65
1897749.0,0,0,0,63,65
1897753.0,0,0,0,95,33
1897759.0,0,0,0,96,32
1897764.0,0,0,0,96,32
1897764.0,0,0,0,92,36
1897778.0,0,0,0,92,36
1897778.0,0,0,0,91,37
1897785.0,0,0,0,91,37
1897785.0,0,0,0,90,38
1897848.0,0,0,0,91,37
1897858.0,0,0,0,91,37
1897871.0,0,0,0,95,33
1898042.0,0,0,0,95,33
1898042.0,0,0,0,91,37
1898066.0,0,0,0,92,36
1898138.0,0,0,0,92,36
1898153.0,0,0,0,92,36
1898153.0,0,0,0,88,40
1898190.0,0,0,0,88,40
1898190.0,0,0,0,87,41
1898215.0,0,0,0,91,37
1898280.0,0,0,0,91,37
1898304.0,0,0,0,91,37
1898589.0,0,0,0,91,37
1898617.0,0,0,0,91,37
1898641.0,0,0,0,91,37
1898713.0,0,0,0,95,33
1898745.0,0,0,0,96,32
1898860.0,0,0,0,96,32
1898944.0,0,0,0,96,32
1898993.0,0,0,0,96,32
1899057.0,0,0,0,96,32
1899057.0,0,0,0,95,33
1899154.0,0,0,0,95,33
1899154.0,0,0,0,91,37
1899209.0,0,0,0,91,37
1899274.0,0,0,0,92,36
1899313.0,0,0,0,96,32
1899436.0,0,0,0,96,32
1899436.0,0,0,0,64,64
1899542.0,0,0,0,64,64
1899693.0,0,0,0,64,64
1899753.0,0,0,0,96,32
1899758.0,0,0,0,96,32
1899758.0,0,0,0,64,64
1899918.0,0,0,0,64,64
1899991.0,0,0,0,64,64
1899991.0,0,0,0,63,65
1900099.0,0,0,0,63,65
1900152.0,0,0,0,63,65
1900171.0,0,0,0,63,65
1900179.0,0,0,0,64,64
1900242.0,0,0,0,64,64
1900242.0,0,0,0,32,96
1900360.0,0,0,0,64,64
1900450.0,0,0,0,64,64
1900450.0,0,0,0,32,96
1900453.0,0,0,0,32,96
1900464.0,0,0,0,32,96
1900464.0,0,0,0,31,97
1900593.0,0,0,0,63,65
1900674.0,0,0,0,64,64
1900919.0,0,0,0,64,64
1900919.0,0,0,0,63,65
1901076.0,0,0,0,64,64
1901098.0,0,0,0,64,64
1901098.0,0,0,0,60,68
1901138.0,0,0,0,64,64
1901141.0,0,0,0,64,64
1901141.0,0,0,0,32,96
1901149.0,0,0,0,32,96
1901149.0,0,0,0,28,100
1901202.0,0,0,0,32,96
1901336.0,0,0,0,64,64
1901382.0,0,0,0,64,64
1901382.0,0,0,0,32,96
1901478.0,0,0,0,32,96
1901478.0,0,0,0,31,97
1901500.0,0,0,0,63,65
1901579.0,0,0,0,63,65
1901579.0,0,0,0,31,97
1901704.0,0,0,0,63,65
1901852.0,0,0,0,63,65
1901852.0,0,0,0,31,97
1901967.0,0,0,0,63,65
1902119.0,0,0,0,64,64
1902170.0,0,0,0,96,32
1902175.0,0,0,0,96,32
1902175.0,0,0,0,64,64
1902388.0,0,0,0,64,64
1902388.0,0,0,0,63,65
1902453.0,0,0,0,63,65
1902537.0,0,0,0,64,64
1902697.0,0,0,0,64,64
1902697.0,0,0,0,63,65
1902740.0,0,0,0,95,33
1902747.0,0,0,0,95,33
1902747.0,0,0,0,63,65
1902932.0,0,0,0,63,65
1902932.0,0,0,0,31,97
1903008.0,0,0,0,63,65
1903060.0,0,0,0,63,65
1903067.0,0,0,0,63,65
1903067.0,0,0,0,31,97
1903155.0,0,0,0,63,65
1903206.0,0,0,0,63,65
1903206.0,0,0,0,31,97
1903293.0,0,0,0,31,97
1903354.0,0,0,0,31,97
1903354.0,0,0,0,30,98
1903374.0,0,0,0,31,97
1903376.0,0,0,0,32,96
1903381.0,0,0,0,32,96
1903381.0,0,0,0,28,100
1903386.0,0,0,0,32,96
1903434.0,0,0,0,32,96
1903434.0,0,0,0,28,100
1903459.0,0,0,0,28,100
1903459.0,0,0,0,26,102
1903597.0,0,0,0,30,98
1903602.0,0,0,0,62,66
1903603.0,0,0,0,64,64
1903747.0,0,0,0,64,64
1903747.0,0,0,0,62,66
1903864.0,0,0,0,62,66
1903864.0,0,0,0,61,67
1904036.0,0,0,0,61,67
1904200.0,0,0,0,61,67
1904404.0,0,0,0,61,67
1904516.0,0,0,0,62,66
1904584.0,0,0,0,94,34
1904589.0,0,0,0,94,34
1904589.0,0,0,0,62,66
1904667.0,0,0,0,62,66
1904764.0,0,0,0,62,66
1904764.0,0,0,0,61,67
1904870.0,0,0,0,61,67
1905386.0,0,0,0,63,65
1905433.0,0,0,0,64,64
1905440.0,0,0,0,64,64
1905522.0,0,0,0,64,64
1905522.0,0,0,0,62,66
1905593.0,0,0,0,64,64
1905682.0,0,0,0,64,64
1905682.0,0,0,0,0,128
1905708.0,0,0,0,0,128
1905855.0,0,0,0,0,128
1905903.0,0,0,0,64,64
1905931.0,0,0,0,64,64
1905931.0,0,0,0,63,65
1905949.0,0,0,0,64,64
1906012.0,0,0,0,64,64
1906012.0,0,0,0,60,68
1906036.0,0,0,0,64,64
1906052.0,0,0,0,64,64
1906052.0,0,0,0,63,65
1906062.0,0,0,0,64,64
1906066.0,0,0,0,96,32
1906076.0,0,0,0,96,32
1906076.0,0,0,0,64,64
1906087.0,0,0,0,64,64
1906087.0,0,0,0,32,96
1906133.0,0,0,0,32,96
1906133.0,0,0,0,24,104
1906302.0,0,0,0,24,104
1906650.0,0,0,0,24,104
1906650.0,0,0,0,20,108
1906700.0,0,0,0,20,108
1906700.0,0,0,0,18,110
1906852.0,0,0,0,22,106
1906964.0,0,0,0,22,106
1906964.0,0,0,0,21,107
1907036.0,0,0,0,53,75
1907042.0,0,0,0,53,75
1907042.0,0,0,0,21,107
1907180.0,0,0,0,22,106
1907209.0,0,0,0,22,106
1907209.0,0,0,0,18,110
1907501.0,0,0,0,22,106
1907529.0,0,0,0,54,74
1907544.0,0,0,0,56,72
1907546.0,0,0,0,56,72
1907546.0,0,0,0,24,104
1907563.0,0,0,0,24,104
1907563.0,0,0,0,20,108
1907623.0,0,0,0,24,104
1907675.0,0,0,0,24,104
1907675.0,0,0,0,22,106
1907676.0,0,0,0,22,106
1907676.0,0,0,0,18,110
1907724.0,0,0,0,20,108
1907748.0,0,0,0,20,108
1907748.0,0,0,0,18,110
1907749.0,0,0,0,18,110
1907749.0,0,0,0,17,111
1907819.0,0,0,0,21,107
1907975.0,0,0,0,22,106
1908068.0,0,0,0,54,74
1908084.0,0,0,0,54,74
1908084.0,0,0,0,22,106
1908127.0,0,0,0,22,106
1908127.0,0,0,0,18,110
1908149.0,0,0,0,18,110
1908149.0,0,0,0,14,114
1908159.0,0,0,0,18,110
1908235.0,0,0,0,22,106
1908343.0,0,0,0,22,106
1908343.0,0,0,0,18,110
1908603.0,0,0,0,18,110
1908654.0,0,0,0,22,106
1908703.0,0,0,0,22,106
1908703.0,0,0,0,18,110
1908750.0,0,0,0,18,110
1908750.0,0,0,0,17,111
1908766.0,0,0,0,17,111
1908808.0,0,0,0,21,107
1908828.0,0,0,0,21,107
1908828.0,0,0,0,17,111
1908872.0,0,0,0,19,109
1908962.0,0,0,0,19,109
1908962.0,0,0,0,15,113
1909017.0,0,0,0,16,112
1909063.0,0,0,0,20,108
1909189.0,0,0,0,20,108
1909189.0,0,0,0,16,112
1909207.0,0,0,0,16,112
1909207.0,0,0,0,15,113
1909223.0,0,0,0,16,112
1909224.0,0,0,0,16,112
1909224.0,0,0,0,12,116
1909245.0,0,0,0,16,112
1909266.0,0,0,0,16,112
1909266.0,0,0,0,15,113
1909277.0,0,0,0,16,112
1909282.0,0,0,0,20,108
1909292.0,0,0,0,24,104
1909347.0,0,0,0,24,104
1909347.0,0,0,0,23,105
1909425.0,0,0,0,24,104
1909441.0,0,0,0,56,72
1909455.0,0,0,0,56,72
1909455.0,0,0,0,24,104
1909486.0,0,0,0,56,72
1909495.0,0,0,0,56,72
1909495.0,0,0,0,55,73
1909501.0,0,0,0,55,73
1909501.0,0,0,0,23,105
1909541.0,0,0,0,23,105
1909541.0,0,0,0,19,109
1909657.0,0,0,0,23,105
1909696.0,0,0,0,23,105
1909696.0,0,0,0,22,106
1909736.0,0,0,0,22,106
1910001.0,0,0,0,22,106
1910001.0,0,0,0,21,107
1910026.0,0,0,0,22,106
1910229.0,0,0,0,22,106
1910259.0,0,0,0,22,106
1910259.0,0,0,0,18,110
1910307.0,0,0,0,22,106
1910357.0,0,0,0,54,74
1910443.0,0,0,0,54,74
1910443.0,0,0,0,22,106
1910768.0,0,0,0,22,106
1910808.0,0,0,0,22,106
1910808.0,0,0,0,18,110
1910841.0,0,0,0,22,106
1910859.0,0,0,0,22,106
1910935.0,0,0,0,22,106
1911202.0,0,0,0,22,106
1911202.0,0,0,0,18,110
1911225.0,0,0,0,22,106
1911354.0,0,0,0,22,106
1911508.0,0,0,0,22,106
1911554.0,0,0,0,22,106
1911554.0,0,0,0,18,110
1911580.0,0,0,0,18,110
1911580.0,0,0,0,14,114
1911613.0,0,0,0,14,114
1911613.0,0,0,0,10,118
1911633.0,0,0,0,14,114
1911638.0,0,0,0,14,114
1911638.0,0,0,0,12,116
1911681.0,0,0,0,44,84
1911683.0,0,0,0,44,84
1911683.0,0,0,0,40,88
1911684.0,0,0,0,44,84
1911689.0,0,0,0,52,76
1911733.0,0,0,0,52,76
1911733.0,0,0,0,48,80
1911736.0,0,0,0,52,76
1911770.0,0,0,0,56,72
1911802.0,0,0,0,60,68
1911804.0,0,0,0,62,66
1911821.0,0,0,0,62,66
1911821.0,0,0,0,58,70
1911841.0,0,0,0,62,66
1911891.0,0,0,0,62,66
1911891.0,0,0,0,58,70
1911912.0,0,0,0,59,69
1911932.0,0,0,0,59,69
1911932.0,0,0,0,55,73
1911950.0,0,0,0,59,69
1912057.0,0,0,0,63,65
1912066.0,0,0,0,63,65
1912066.0,0,0,0,59,69
1912141.0,0,0,0,59,69
1912186.0,0,0,0,59,69
1912226.0,0,0,0,59,69
1912226.0,0,0,0,57,71
1912234.0,0,0,0,57,71
1912234.0,0,0,0,55,73
1912241.0,0,0,0,55,73
1912241.0,0,0,0,53,75
1912255.0,0,0,0,53,75
1912255.0,0,0,0,51,77
1912299.0,0,0,0,51,77
1912299.0,0,0,0,19,109
1912318.0,0,0,0,21,107
1912322.0,0,0,0,23,105
1912324.0,0,0,0,25,103
1912326.0,0,0,0,27,101
1912331.0,0,0,0,27,101
1912331.0,0,0,0,19,109
1912368.0,0,0,0,23,105
1912799.0,0,0,0,55,73
1912803.0,0,0,0,55,73
1912803.0,0,0,0,23,105
1913012.0,0,0,0,23,105
1913012.0,0,0,0,19,109
1913051.0,0,0,0,23,105
1913057.0,0,0,0,23,105
1913271.0,0,0,0,23,105
1913271.0,0,0,0,19,109
1913398.0,0,0,0,23,105
1913461.0,0,0,0,23,105
1913461.0,0,0,0,19,109
1913465.0,0,0,0,23,105
1913528.0,0,0,0,23,105
1913528.0,0,0,0,19,109
1913541.0,0,0,0,19,109
1913632.0,0,0,0,23,105
1913667.0,0,0,0,23,105
1913667.0,0,0,0,15,113
1913708.0,0,0,0,23,105
1913922.0,0,0,0,23,105
1913922.0,0,0,0,19,109
1913925.0,0,0,0,19,109
1913988.0,0,0,0,20,108
1913995.0,0,0,0,20,108
1913995.0,0,0,0,19,109
1913998.0,0,0,0,20,108
1914022.0,0,0,0,20,108
1914022.0,0,0,0,19,109
1914033.0,0,0,0,23,105
1914041.0,0,0,0,23,105
1914041.0,0,0,0,22,106
1914045.0,0,0,0,23,105
1914051.0,0,0,0,24,104
1914051.0,0,0,0,16,112
1914059.0,0,0,0,24,104
1914068.0,0,0,0,24,104
1914068.0,0,0,0,22,106
1914096.0,0,0,0,24,104
1914108.0,0,0,0,24,104
1914108.0,0,0,0,23,105
1914112.0,0,0,0,24,104
1914129.0,0,0,0,24,104
1914129.0,0,0,0,20,108
1914159.0,0,0,0,20,108
1914159.0,0,0,0,16,112
1914168.0,0,0,0,48,80
1914182.0,0,0,0,52,76
1914206.0,0,0,0,56,72
1914316.0,0,0,0,56,72
1914316.0,0,0,0,52,76
1914333.0,0,0,0,52,76
1914338.0,0,0,0,56,72
1914381.0,0,0,0,56,72
1914413.0,0,0,0,56,72
1914413.0,0,0,0,52,76
1914428.0,0,0,0,56,72
1914502.0,0,0,0,56,72
1914541.0,0,0,0,56,72
1914633.0,0,0,0,56,72
1914633.0,0,0,0,52,76
1914664.0,0,0,0,56,72
1914826.0,0,0,0,56,72
1914826.0,0,0,0,40,88
1914992.0,0,0,0,40,88
1914992.0,0,0,0,36,92
1915009.0,0,0,0,52,76
1915045.0,0,0,0,52,76
1915045.0,0,0,0,48,80
1915078.0,0,0,0,52,76
1915094.0,0,0,0,56,72
1915197.0,0,0,0,56,72
1915197.0,0,0,0,52,76
1915229.0,0,0,0,52,76
1915229.0,0,0,0,36,92
1915252.0,0,0,0,52,76
1915293.0,0,0,0,56,72
1915375.0,0,0,0,56,72
1915375.0,0,0,0,40,88
1915499.0,0,0,0,40,88
1915537.0,0,0,0,40,88
1915537.0,0,0,0,36,92
1915583.0,0,0,0,40,88
1915614.0,0,0,0,40,88
1915614.0,0,0,0,36,92
1915627.0,0,0,0,40,88
1915669.0,0,0,0,56,72
1915687.0,0,0,0,56,72
1915687.0,0,0,0,40,88
1915751.0,0,0,0,40,88
1915787.0,0,0,0,56,72
1915792.0,0,0,0,56,72
1915792.0,0,0,0,52,76
1915794.0,0,0,0,52,76
1915794.0,0,0,0,36,92
1915832.0,0,0,0,40,88
1915852.0,0,0,0,40,88
1915852.0,0,0,0,36,92
1915893.0,0,0,0,52,76
1915897.0,0,0,0,56,72
1916098.0,0,0,0,56,72
1916127.0,0,0,0,88,40
1916135.0,0,0,0,88,40
1916135.0,0,0,0,84,44
1916165.0,0,0,0,84,44
1916185.0,0,0,0,88,40
1916237.0,0,0,0,88,40
1916237.0,0,0,0,56,72
1916360.0,0,0,0,56,72
1916360.0,0,0,0,52,76
1916400.0,0,0,0,56,72
1916408.0,0,0,0,56,72
1916733.0,0,0,0,56,72
1916751.0,0,0,0,56,72
1916759.0,0,0,0,56,72
1916784.0,0,0,0,56,72
1916784.0,0,0,0,52,76
1916868.0,0,0,0,52,76
1916879.0,0,0,0,56,72
1917038.0,0,0,0,56,72
1917068.0,0,0,0,56,72
1917068.0,0,0,0,52,76
1917088.0,0,0,0,52,76
1917088.0,0,0,0,48,80
1917120.0,0,0,0,48,80
1917120.0,0,0,0,32,96
1917135.0,0,0,0,36,92
1917137.0,0,0,0,36,92
1917137.0,0,0,0,4,124
1917146.0,0,0,0,36,92
1917147.0,0,0,0,44,84
1917173.0,0,0,0,60,68
1917175.0,0,0,0,64,64
1917176.0,0,0,0,96,32
1917184.0,0,0,0,96,32
1917184.0,0,0,0,64,64
1917197.0,0,0,0,96,32
1917279.0,0,0,0,96,32
1917279.0,0,0,0,80,48
1917310.0,0,0,0,96,32
1917312.0,0,0,0,96,32
1917312.0,0,0,0,92,36
1917360.0,0,0,0,96,32
1917361.0,0,0,0,96,32
1917361.0,0,0,0,64,64
1917373.0,0,0,0,96,32
1917381.0,0,0,0,96,32
1917381.0,0,0,0,64,64
1917389.0,0,0,0,96,32
1917412.0,0,0,0,96,32
1917412.0,0,0,0,64,64
1917414.0,0,0,0,96,32
1917469.0,0,0,0,96,32
1917469.0,0,0,0,80,48
1917506.0,0,0,0,96,32
1917544.0,0,0,0,96,32
1917544.0,0,0,0,64,64
1917709.0,0,0,0,64,64
1917755.0,0,0,0,64,64
1917755.0,0,0,0,48,80
1917769.0,0,0,0,48,80
1917769.0,0,0,0,44,84
1917786.0,0,0,0,48,80
1917799.0,0,0,0,64,64
1917952.0,0,0,0,64,64
1917958.0,0,0,0,64,64
1917958.0,0,0,0,32,96
1917996.0,0,0,0,32,96
1917996.0,0,0,0,24,104
1918010.0,0,0,0,24,104
1918010.0,0,0,0,20,108
1918020.0,0,0,0,20,108
1918020.0,0,0,0,16,112
1918049.0,0,0,0,20,108
1918088.0,0,0,0,24,104
1918109.0,0,0,0,24,104
1918109.0,0,0,0,20,108
1918127.0,0,0,0,24,104
1918287.0,0,0,0,24,104
1918287.0,0,0,0,20,108
1918327.0,0,0,0,20,108
1918369.0,0,0,0,20,108
1918389.0,0,0,0,24,104
1918491.0,0,0,0,24,104
1918491.0,0,0,0,20,108
1918504.0,0,0,0,24,104
1918588.0,0,0,0,24,104
1918588.0,0,0,0,20,108
1918593.0,0,0,0,20,108
1918597.0,0,0,0,20,108
1918605.0,0,0,0,20,108
1918605.0,0,0,0,16,112
1918609.0,0,0,0,16,112
1918609.0,0,0,0,0,128
1918641.0,0,0,0,4,124
1918657.0,0,0,0,20,108
1918725.0,0,0,0,52,76
1918735.0,0,0,0,52,76
1918735.0,0,0,0,20,108
1918737.0,0,0,0,24,104
1918757.0,0,0,0,24,104
1918757.0,0,0,0,20,108
1918822.0,0,0,0,20,108
1918822.0,0,0,0,4,124
1918827.0,0,0,0,4,124
1918844.0,0,0,0,36,92
1918849.0,0,0,0,68,60
1918853.0,0,0,0,68,60
1918853.0,0,0,0,36,92
1918856.0,0,0,0,52,76
1918869.0,0,0,0,52,76
1918869.0,0,0,0,36,92
1918879.0,0,0,0,40,88
1919033.0,0,0,0,72,56
1919036.0,0,0,0,72,56
1919036.0,0,0,0,68,60
1919041.0,0,0,0,68,60
1919041.0,0,0,0,36,92
1919079.0,0,0,0,52,76
1919145.0,0,0,0,56,72
1919508.0,0,0,0,56,72
1919508.0,0,0,0,24,104
1919774.0,0,0,0,56,72
1919812.0,0,0,0,56,72
1919812.0,0,0,0,40,88
1919835.0,0,0,0,40,88
1919846.0,0,0,0,56,72
1919873.0,0,0,0,56,72
1919876.0,0,0,0,56,72
1919897.0,0,0,0,56,72
1919939.0,0,0,0,56,72
1919939.0,0,0,0,40,88
1919972.0,0,0,0,56,72
1920022.0,0,0,0,88,40
1920029.0,0,0,0,88,40
1920029.0,0,0,0,56,72
1920073.0,0,0,0,56,72
1920089.0,0,0,0,56,72
1920113.0,0,0,0,56,72
1920113.0,0,0,0,52,76
1920114.0,0,0,0,52,76
1920140.0,0,0,0,84,44
1920156.0,0,0,0,84,44
1920156.0,0,0,0,68,60
1920171.0,0,0,0,72,56
1920206.0,0,0,0,72,56
1920291.0,0,0,0,88,40
1920303.0,0,0,0,88,40
1920303.0,0,0,0,72,56
1920324.0,0,0,0,88,40
1920354.0,0,0,0,88,40
1920354.0,0,0,0,56,72
1920363.0,0,0,0,56,72
1920363.0,0,0,0,40,88
1920385.0,0,0,0,56,72
1920463.0,0,0,0,56,72
1920463.0,0,0,0,40,88
1920486.0,0,0,0,40,88
1920499.0,0,0,0,40,88
1920502.0,0,0,0,56,72
1920749.0,0,0,0,56,72
1920788.0,0,0,0,56,72
1920809.0,0,0,0,56,72
1920809.0,0,0,0,24,104
1920814.0,0,0,0,56,72
1920818.0,0,0,0,64,64
1920820.0,0,0,0,64,64
1920820.0,0,0,0,32,96
1920837.0,0,0,0,32,96
1920837.0,0,0,0,16,112
1920894.0,0,0,0,32,96
1921057.0,0,0,0,64,64
1921341.0,0,0,0,64,64
1921393.0,0,0,0,64,64
1921393.0,0,0,0,48,80
1921425.0,0,0,0,48,80
1921433.0,0,0,0,64,64
1921437.0,0,0,0,64,64
1921544.0,0,0,0,64,64
1921549.0,0,0,0,64,64
1921579.0,0,0,0,64,64
1921669.0,0,0,0,64,64
1921669.0,0,0,0,32,96
1921733.0,0,0,0,32,96
1921779.0,0,0,0,32,96
1921939.0,0,0,0,64,64
1921987.0,0,0,0,96,32
1922474.0,0,0,0,96,32
1922546.0,0,0,0,96,32
1922672.0,0,0,0,96,32
1922722.0,0,0,0,96,32
1922840.0,0,0,0,96,32
1922991.0,0,0,0,96,32
1923085.0,0,0,0,96,32
1923514.0,0,0,0,96,32
1923594.0,0,0,0,96,32
1923757.0,0,0,0,96,32
1923757.0,0,0,16,80,32
1924133.0,0,0,16,80,32
1924133.0,0,0,32,64,32
1924258.0,0,0,32,64,32
1924258.0,0,0,32,32,64
1924331.0,0,0,32,64,32
1924453.0,0,0,32,64,32
1924453.0,0,0,32,32,64
1924529.0,0,0,32,64,32
1924639.0,0,0,32,64,32
1924687.0,0,0,32,64,32
1925116.0,0,0,32,64,32
1925116.0,0,0,32,48,48
1925119.0,0,0,32,64,32
1925242.0,0,0,32,64,32
1925242.0,0,0,32,48,48
1925245.0,0,0,32,64,32
1925369.0,0,0,32,64,32
1925369.0,0,0,32,48,48
1925372.0,0,0,32,64,32
1925495.0,0,0,32,64,32
1925495.0,0,0,32,48,48
1925499.0,0,0,32,64,32
1925622.0,0,0,32,64,32
1925622.0,0,0,32,48,48
1925625.0,0,0,32,64,32
1925751.0,0,0,32,64,32
1925751.0,0,0,32,48,48
1925754.0,0,0,32,64,32
1926127.0,0,0,32,96,0
1926247.0,0,0,32,96,0
1926247.0,0,0,32,80,16
1926250.0,0,0,32,96,0
1926457.0,16,0,16,96,0
1926577.0,16,0,16,96,0
1926577.0,16,0,16,95,1
1926580.0,16,0,16,96,0
1926833.0,32,0,0,96,0
1927031.0,32,0,0,96,0
1927229.0,32,0,0,96,0
1927819.0,32,0,0,96,0
1927945.0,32,0,0,96,0
1928072.0,32,0,0,96,0
1928199.0,32,0,0,96,0
1928199.0,32,0,15,81,0
1928325.0,32,0,15,81,0
1928325.0,32,0,31,65,0
1928454.0,32,0,31,65,0
1928454.0,32,0,47,49,0
1928753.0,32,0,47,49,0
1928753.0,32,0,47,48,1
1928756.0,32,0,47,49,0
1928757.0,32,0,47,49,0
1928807.0,32,0,47,49,0
1928827.0,32,0,47,49,0
1928827.0,32,0,78,18,0
1928950.0,32,0,78,18,0
1928950.0,32,0,94,2,0
1929280.0,32,0,94,2,0
1929280.0,32,0,95,1,0
1930899.0,47,0,80,1,0
1931025.0,63,0,64,1,0
1931154.0,79,0,48,1,0
1931456.0,79,0,48,1,0
1931456.0,79,0,49,0,0
1931527.0,110,0,18,0,0
1931650.0,126,0,2,0,0
1931781.0,126,0,2,0,0
1931811.0,126,0,2,0,0
1931814.0,126,0,2,0,0
1931937.0,126,0,2,0,0
1931980.0,127,0,1,0,0
1931989.0,127,0,1,0,0
1932114.0,127,0,1,0,0
1932285.0,127,0,1,0,0
1932537.0,127,0,1,0,0
1932625.0,127,0,1,0,0
1932727.0,127,0,1,0,0
1932876.0,127,0,1,0,0
1933058.0,127,0,1,0,0
1933300.0,127,0,1,0,0
1934156.0,128,0,0,0,0
1934156.0,0,128,0,0,0
1935956.0,0,0,0,128,0
1935956.0,0,0,0,0,128
1936000.0,0,0,0,128,0
1936000.0,0,0,0,16,112
1936019.0,0,0,0,32,96
1936121.0,0,0,0,96,32
1936121.0,0,0,0,32,96
1936209.0,0,0,0,96,32
1936209.0,0,0,0,32,96
1936334.0,0,0,0,96,32
1936334.0,0,0,0,32,96
1936506.0,0,0,0,96,32
1936597.0,0,0,0,128,0
1936597.0,0,0,0,0,128
1936646.0,0,0,0,128,0
1936646.0,0,0,0,64,64
1936894.0,0,0,0,128,0
1936894.0,0,0,0,0,128
1936979.0,0,0,0,128,0
1936979.0,0,0,0,0,128
1937078.0,0,0,0,128,0
1937078.0,0,0,0,0,128
1937224.0,0,0,0,128,0
1937224.0,0,0,0,0,128
1937402.0,0,0,0,128,0
1937402.0,0,0,0,0,128
1937641.0,0,0,0,128,0
1937641.0,0,0,0,0,128
1938700.0,0,0,0,0,128
1938821.0,0,0,0,0,128
1938909.0,0,0,0,0,128
1939346.0,0,0,0,0,128
1943012.0,0,0,0,0,128
1944854.0,0,0,0,0,128
1945157.0,0,0,0,0,128
1945401.0,0,0,0,0,128
1947349.0,0,0,0,128,0
1947349.0,0,0,0,0,128
1948888.0,0,0,0,64,64
1948888.0,0,0,0,32,96
1948895.0,0,0,0,48,80
1948936.0,0,0,0,64,64
1951588.0,0,0,0,64,64
1951588.0,0,0,32,32,64
1951595.0,0,0,32,32,64
1951595.0,0,0,48,16,64
1951636.0,0,0,48,16,64
1951636.0,0,0,64,0,64
1953943.0,0,0,64,0,64
1954288.0,32,0,32,0,64
1954295.0,48,0,16,0,64
1954336.0,64,0,0,0,64
1956430.0,64,0,0,64,0
1956430.0,0,64,0,64,0
1958230.0,0,0,0,128,0
1958230.0,0,0,0,0,128
1963729.0,0,0,0,0,128
1964308.0,0,0,0,0,128
1964405.0,0,0,0,0,128
1964961.0,0,0,0,0,128
1965606.0,0,0,0,0,128
1966589.0,0,0,0,0,128
1967003.0,0,0,0,0,128
1967171.0,0,0,0,0,128
1967306.0,0,0,0,0,128
1967398.0,0,0,0,0,128
1967442.0,0,0,0,0,128
1967505.0,0,0,0,0,128
1967566.0,0,0,0,0,128
1967571.0,0,0,0,0,128
1967663.0,0,0,0,0,128
1967664.0,0,0,0,0,128
1967750.0,0,0,0,0,128
1967809.0,0,0,0,0,128
1967913.0,0,0,0,0,128
1967966.0,0,0,0,0,128
1968013.0,0,0,0,128,0
1968013.0,0,0,0,0,128
1968017.0,0,0,0,0,128
1968069.0,0,0,0,128,0
1968069.0,0,0,0,10,118
1968083.0,0,0,0,12,116
1968085.0,0,0,0,13,115
1968092.0,0,0,0,17,111
1968092.0,0,0,0,1,127
1968093.0,0,0,0,3,125
1968094.0,0,0,0,4,124
1968096.0,0,0,0,12,116
1968101.0,0,0,0,44,84
1968101.0,0,0,0,12,116
1968122.0,0,0,0,14,114
1968125.0,0,0,0,14,114
1968132.0,0,0,0,16,112
1968132.0,0,0,0,0,128
1968134.0,0,0,0,16,112
1968165.0,0,0,0,32,96
1968165.0,0,0,0,0,128
1968185.0,0,0,0,32,96
1968185.0,0,0,0,0,128
1968212.0,0,0,0,0,128
1968223.0,0,0,0,32,96
1968223.0,0,0,0,0,128
1968225.0,0,0,0,0,128
1968236.0,0,0,0,32,96
1968236.0,0,0,0,0,128
1968265.0,0,0,0,32,96
1968265.0,0,0,0,16,112
1968282.0,0,0,0,48,80
1968321.0,0,0,0,64,64
1968344.0,0,0,0,64,64
1968344.0,0,0,0,63,65
1968360.0,0,0,0,95,33
1968391.0,0,0,0,96,32
1968422.0,0,0,0,128,0
1968422.0,0,0,0,0,128
1968488.0,0,0,0,128,0
1968488.0,0,0,0,92,36
1968793.0,0,0,0,124,4
1969121.0,0,0,0,126,2
1969220.0,0,0,0,126,2
1969220.0,0,0,0,125,3
1969242.0,0,0,0,126,2
1969309.0,0,0,0,126,2
1969309.0,0,0,0,124,4
1969355.0,0,0,0,126,2
1969443.0,0,0,0,126,2
1969443.0,0,0,0,122,6
1969482.0,0,0,0,126,2
1969586.0,0,0,0,126,2
1969586.0,0,0,0,118,10
1969617.0,0,0,0,126,2
1969673.0,0,0,0,126,2
1969673.0,0,0,0,118,10
1969688.0,0,0,0,126,2
1969720.0,0,0,0,126,2
1969720.0,0,0,0,118,10
1969761.0,0,0,0,126,2
1969781.0,0,0,0,126,2
1969781.0,0,0,0,118,10
1969956.0,0,0,0,126,2
1970607.0,0,0,0,126,2
1970607.0,0,0,0,94,34
1970720.0,0,0,0,126,2
1970769.0,0,0,0,126,2
1970801.0,0,0,0,126,2
1970834.0,0,0,0,126,2
1970887.0,0,0,0,126,2
1970887.0,0,0,0,94,34
1970908.0,0,0,0,126,2
1970965.0,0,0,0,126,2
1971083.0,0,0,0,126,2
1971083.0,0,0,0,94,34
1971177.0,0,0,0,126,2
1971188.0,0,0,0,126,2
1971298.0,0,0,0,126,2
1971298.0,0,0,0,94,34
1971411.0,0,0,0,94,34
1971411.0,0,0,0,93,35
1971426.0,0,0,0,94,34
1971439.0,0,0,0,126,2
1971493.0,0,0,0,126,2
1971512.0,0,0,0,126,2
1971512.0,0,0,0,125,3
1971583.0,0,0,0,126,2
1971691.0,0,0,0,126,2
1971691.0,0,0,0,125,3
1971702.0,0,0,0,126,2
1971736.0,0,0,0,126,2
1971736.0,0,0,0,125,3
1971885.0,0,0,0,125,3
1971885.0,0,0,0,117,11
1971932.0,0,0,0,125,3
1972088.0,0,0,0,126,2
1972317.0,0,0,0,126,2
1972367.0,0,0,0,126,2
1972367.0,0,0,0,125,3
1972561.0,0,0,0,125,3
1972561.0,0,0,0,93,35
1973420.0,0,0,0,93,35
1973608.0,0,0,0,93,35
1973608.0,0,0,17,76,35
1973877.0,0,0,17,76,35
1973877.0,0,0,49,44,35
1974126.0,0,0,49,44,35
1974126.0,0,0,50,43,35
1974139.0,0,0,50,43,35
1974139.0,0,0,82,11,35
1974283.0,0,0,82,11,35
1974283.0,0,0,83,10,35
1974402.0,0,0,83,10,35
1974402.0,0,0,84,9,35
1974632.0,0,0,84,9,35
1974632.0,0,0,92,1,35
1974788.0,0,0,92,1,35
1974788.0,0,0,93,0,35
1974804.0,0,0,93,0,35
1974955.0,0,0,93,0,35
1975018.0,0,0,93,32,3
1975018.0,0,0,93,27,8
1975020.0,0,0,93,27,8
1975073.0,0,0,93,31,4
1975110.0,0,0,93,32,3
1975110.0,0,0,93,0,35
1975120.0,0,0,93,0,35
1975129.0,0,0,93,0,35
1975185.0,0,0,93,0,35
1975351.0,0,0,93,0,35
1975436.0,0,0,93,0,35
1975462.0,0,0,93,0,35
1975629.0,0,0,93,0,35
1975689.0,0,0,93,0,35
1975745.0,0,0,93,0,35
1976135.0,0,0,93,0,35
1976182.0,0,0,93,0,35
1976213.0,0,0,93,0,35
1976308.0,17,0,76,0,35
1976308.0,3,14,76,0,35
1976343.0,3,14,76,0,35
1976414.0,3,14,76,0,35
1976439.0,3,14,76,0,35
1976446.0,3,14,76,0,35
1976498.0,3,14,76,0,35
1976517.0,3,14,76,0,35
1976522.0,3,14,76,0,35
1976563.0,3,14,76,0,35
1976577.0,35,14,44,0,35
1976577.0,3,46,44,0,35
1976579.0,3,46,44,0,35
1976681.0,3,46,44,0,35
1976690.0,3,46,44,0,35
1976727.0,3,46,44,0,35
1976809.0,3,46,44,0,35
1976826.0,4,46,43,0,35
1976839.0,36,46,11,0,35
1976839.0,4,78,11,0,35
1976974.0,4,78,11,0,35
1976983.0,5,78,10,0,35
1976986.0,5,78,10,0,35
1977102.0,6,78,9,0,35
1977110.0,6,78,9,0,35
1977332.0,14,78,1,0,35
1977488.0,15,78,0,0,35
1977556.0,15,78,0,0,35
1977564.0,15,78,0,0,35
1977718.0,15,78,0,0,35
1977801.0,15,78,0,0,35
1977929.0,15,78,0,0,35
1977935.0,15,78,0,0,35
1977975.0,15,78,0,0,35
1978044.0,15,78,0,0,35
1978108.0,15,64,0,14,35
1978108.0,15,64,0,0,49
1978121.0,15,64,0,2,47
1978121.0,6,73,0,2,47
1978129.0,6,73,0,4,45
1978129.0,6,73,0,0,49
1978166.0,6,73,0,4,45
1978166.0,6,73,0,0,49
1978205.0,6,73,0,0,49
1978241.0,6,73,0,4,45
1978241.0,6,73,0,0,49
1978243.0,6,73,0,4,45
1978243.0,6,73,0,0,49
1978271.0,6,73,0,4,45
1978271.0,6,73,0,0,49
1978285.0,6,73,0,4,45
1978285.0,6,73,0,0,49
1978321.0,6,73,0,4,45
1978321.0,6,73,0,0,49
1978333.0,6,73,0,4,45
1978333.0,6,73,0,0,49
1978347.0,6,73,0,4,45
1978347.0,6,73,0,0,49
1978360.0,6,73,0,4,45
1978361.0,6,73,0,12,37
1978377.0,6,41,0,44,37
1978377.0,6,41,0,12,69
1978386.0,6,41,0,13,68
1978389.0,6,41,0,17,64
1978398.0,6,41,0,26,55
1978398.0,0,47,0,26,55
1978403.0,0,47,0,35,46
1978403.0,0,47,0,27,54
1978431.0,0,47,0,31,50
1978480.0,0,47,0,39,42
1978639.0,0,15,0,71,42
1978639.0,0,15,0,27,86
1978645.0,0,15,0,27,86
1978803.0,0,15,0,59,54
1978803.0,0,15,0,27,86
1978833.0,0,15,0,59,54
1978833.0,0,15,0,39,74
1978865.0,0,15,0,43,70
1978867.0,0,15,0,47,66
1978873.0,0,15,0,48,65
1978880.0,0,15,0,52,61
1978881.0,0,15,0,60,53
1978889.0,0,15,0,60,53
1978889.0,0,15,0,52,61
1978901.0,0,15,0,52,61
1978901.0,0,15,0,44,69
1978951.0,0,15,0,44,69
1978979.0,0,15,0,52,61
1979057.0,0,15,0,60,53
1979057.0,0,15,0,28,85
1979107.0,0,15,0,28,85
1979190.0,0,15,0,28,85
1979267.0,0,15,0,36,77
1979267.0,0,15,0,32,81
1979303.0,0,15,0,32,81
1979311.0,0,15,0,32,81
1979313.0,0,15,0,36,77
1979378.0,0,15,0,36,77
1979378.0,0,15,0,32,81
1979379.0,0,15,0,64,49
1979379.0,0,15,0,48,65
1979439.0,0,15,0,52,61
1979542.0,0,15,0,68,45
1979542.0,0,15,0,36,77
1979616.0,0,15,0,36,77
1979736.0,0,15,0,36,77
1979736.0,0,15,0,32,81
1979767.0,0,15,0,36,77
1979921.0,0,6,0,45,77
1979921.0,0,6,0,36,86
1979934.0,0,6,0,38,84
1979942.0,0,6,0,40,82
1979943.0,0,6,0,41,81
1979955.0,0,6,0,43,79
1979955.0,0,6,0,27,95
1979989.0,0,6,0,29,93
1979993.0,0,6,0,29,93
1980108.0,0,6,0,29,93
1980124.0,0,6,0,29,93
1980198.0,0,0,0,35,93
1980198.0,0,0,0,3,125
1980228.0,0,0,0,3,125
1980234.0,0,0,0,3,125
1980269.0,0,0,0,3,125
1980339.0,0,0,0,19,109
1980339.0,0,0,0,3,125
1980445.0,0,0,0,35,93
1980445.0,0,0,0,11,117
1980449.0,0,0,0,15,113
1980454.0,0,0,0,19,109
1980479.0,0,0,0,23,105
1980528.0,0,0,0,27,101
1980545.0,0,0,0,31,97
1980574.0,0,0,0,31,97
1980574.0,0,0,0,15,113
1980580.0,0,0,0,31,97
1980624.0,0,0,0,31,97
1980624.0,0,0,0,15,113
1980659.0,0,0,0,15,113
1980659.0,0,0,0,11,117
1980727.0,0,0,0,15,113
1980820.0,0,0,0,15,113
1980820.0,0,0,0,13,115
1980821.0,0,0,0,13,115
1980844.0,0,0,0,15,113
1981005.0,0,0,0,31,97
1981021.0,0,0,0,31,97
1981021.0,0,0,0,29,99
1981060.0,0,0,0,29,99
1981103.0,0,0,0,29,99
1981180.0,0,0,0,29,99
1981296.0,0,0,0,45,83
1981503.0,0,0,0,45,83
1981533.0,0,0,0,45,83
1981565.0,0,0,0,45,83
1981613.0,0,0,0,49,79
1981648.0,0,0,0,49,79
1981648.0,0,0,0,48,80
1981655.0,0,0,0,49,79
1981757.0,0,0,0,49,79
1981794.0,0,0,0,49,79
1981794.0,0,0,0,45,83
1981967.0,0,0,0,45,83
1982027.0,0,0,0,45,83
1982027.0,0,0,0,44,84
1982035.0,0,0,0,45,83
1982079.0,0,0,0,45,83
1982107.0,0,0,0,45,83
1982107.0,0,0,0,13,115
1982128.0,0,0,0,17,111
1982173.0,0,0,0,49,79
1982189.0,0,0,0,49,79
1982189.0,0,0,0,17,111
1982234.0,0,0,0,49,79
1982242.0,0,0,0,49,79
1982511.0,0,0,0,49,79
1982511.0,0,0,0,45,83
1982521.0,0,0,0,45,83
1982521.0,0,0,0,41,87
1982599.0,0,0,0,41,87
1982599.0,0,0,0,9,119
1982638.0,0,0,0,13,115
1982651.0,0,0,0,45,83
1982655.0,0,0,0,45,83
1982692.0,0,0,0,45,83
1982692.0,0,0,0,13,115
1982744.0,0,0,0,13,115
1982777.0,0,0,0,17,111
1982785.0,0,0,0,17,111
1982796.0,0,0,0,17,111
1982796.0,0,0,0,1,127
1982853.0,0,0,0,17,111
1982870.0,0,0,0,17,111
1982870.0,0,0,0,9,119
1982901.0,0,0,0,10,118
1982971.0,0,0,0,42,86
1982971.0,0,0,0,10,118
1982988.0,0,0,0,10,118
1983031.0,0,0,0,10,118
1983031.0,0,0,0,9,119
1983039.0,0,0,0,9,119
1983060.0,0,0,0,10,118
1983089.0,0,0,0,10,118
1983095.0,0,0,0,10,118
1983095.0,0,0,0,9,119
1983145.0,0,0,0,9,119
1983154.0,0,0,0,9,119
1983161.0,0,0,0,9,119
1983176.0,0,0,0,41,87
1983176.0,0,0,0,9,119
1983212.0,0,0,0,25,103
1983241.0,0,0,0,29,99
1983280.0,0,0,0,29,99
1983326.0,0,0,0,45,83
1983326.0,0,0,0,13,115
1983373.0,0,0,0,13,115
1983438.0,0,0,0,13,115
1983438.0,0,0,0,7,121
1983527.0,0,0,0,7,121
1983534.0,0,0,0,9,119
1983545.0,0,0,0,13,115
1983574.0,0,0,0,13,115
1983574.0,0,0,0,8,120
1983653.0,0,0,0,8,120
1983655.0,0,0,0,8,120
1983655.0,0,0,0,7,121
1983662.0,0,0,0,8,120
1983681.0,0,0,0,8,120
1983681.0,0,0,0,7,121
1983689.0,0,0,0,8,120
1983694.0,0,0,0,12,116
1983696.0,0,0,0,12,116
1983696.0,0,0,0,8,120
1983703.0,0,0,0,8,120
1983703.0,0,0,0,7,121
1983716.0,0,0,0,8,120
1983718.0,0,0,0,12,116
1983723.0,0,0,0,12,116
1983723.0,0,0,0,8,120
1983753.0,0,0,0,8,120
1983753.0,0,0,0,4,124
1983820.0,0,0,0,8,120
1983866.0,0,0,0,12,116
1983904.0,0,0,0,12,116
1983996.0,0,0,0,12,116
1984088.0,0,0,0,12,116
1984088.0,0,0,0,8,120
1984164.0,0,0,0,16,112
1984164.0,0,0,0,0,128
1984168.0,0,0,0,0,128
1984226.0,0,0,0,0,128
1984291.0,0,0,0,0,128
1984301.0,0,0,0,0,128
1984372.0,0,0,0,32,96
1984372.0,0,0,0,0,128
1984383.0,0,0,0,16,112
1984383.0,0,0,0,0,128
1984485.0,0,0,0,16,112
1984485.0,0,0,0,7,121
1984509.0,0,0,0,8,120
1984539.0,0,0,0,8,120
1984551.0,0,0,0,12,116
1984581.0,0,0,0,16,112
1984599.0,0,0,0,20,108
1984610.0,0,0,0,20,108
1984610.0,0,0,0,16,112
1984668.0,0,0,0,16,112
1984668.0,0,0,0,12,116
1984770.0,0,0,0,16,112
1984795.0,0,0,0,48,80
1984795.0,0,0,0,16,112
1984864.0,0,0,0,48,80
1984864.0,0,0,0,16,112
1984873.0,0,0,0,16,112
1984886.0,0,0,0,16,112
1984934.0,0,0,0,16,112
1985088.0,0,0,0,48,80
1985088.0,0,0,0,16,112
1985279.0,0,0,0,18,110
1985324.0,0,0,0,18,110
1985324.0,0,0,0,10,118
1985348.0,0,0,0,10,118
1985348.0,0,0,0,8,120
1985351.0,0,0,0,8,120
1985416.0,0,0,0,16,112
1985417.0,0,0,0,17,111
1985419.0,0,0,0,19,109
1985421.0,0,0,0,19,109
1985421.0,0,0,0,17,111
1985477.0,0,0,0,17,111
1985553.0,0,0,0,17,111
1985671.0,0,0,0,17,111
1985803.0,0,0,0,17,111
1985803.0,0,0,0,9,119
1985876.0,0,0,0,9,119
1985900.0,0,0,0,17,111
1986026.0,0,0,0,17,111
1986036.0,0,0,0,17,111
1986036.0,0,0,0,9,119
1986120.0,0,0,0,17,111
1986234.0,0,0,0,17,111
1986243.0,0,0,0,17,111
1986243.0,0,0,0,1,127
1986245.0,0,0,0,1,127
1986335.0,0,0,0,17,111
1986394.0,0,0,0,17,111
1986418.0,0,0,0,17,111
1986420.0,0,0,0,17,111
1986420.0,0,0,0,1,127
1986505.0,0,0,0,2,126
1986508.0,0,0,0,2,126
1986508.0,0,0,0,0,128
1986513.0,0,0,0,16,112
1986520.0,0,0,0,16,112
1986607.0,0,0,0,16,112
1986607.0,0,0,0,0,128
1986696.0,0,0,0,16,112
1986816.0,0,0,0,16,112
1986816.0,0,0,0,12,116
1986927.0,0,0,0,16,112
1987062.0,0,0,0,16,112
1987062.0,0,0,0,12,116
1987163.0,0,0,0,16,112
1987169.0,0,0,0,16,112
1987169.0,0,0,0,15,113
1987185.0,0,0,0,15,113
1987192.0,0,0,0,16,112
1987215.0,0,0,0,16,112
1987215.0,0,0,0,12,116
1987237.0,0,0,0,12,116
1987237.0,0,0,0,11,117
1987251.0,0,0,0,11,117
1987268.0,0,0,0,12,116
1987318.0,0,0,0,16,112
1987335.0,0,0,0,16,112
1987335.0,0,0,0,0,128
1987388.0,0,0,0,0,128
1987404.0,0,0,0,0,128
1987447.0,0,0,0,16,112
1987455.0,0,0,0,24,104
1987479.0,0,0,0,24,104
1987479.0,0,0,0,20,108
1987495.0,0,0,0,20,108
1987537.0,0,0,0,20,108
1987537.0,0,0,0,16,112
1987547.0,0,0,0,20,108
1987564.0,0,0,0,20,108
1987579.0,0,0,0,52,76
1987579.0,0,0,0,20,108
1987607.0,0,0,0,52,76
1987607.0,0,0,0,20,108
1987619.0,0,0,0,20,108
1987619.0,0,0,0,19,109
1987640.0,0,0,0,23,105
1987685.0,0,0,0,24,104
1987696.0,0,0,0,24,104
1987788.0,0,0,0,24,104
1987803.0,0,0,0,28,100
1987828.0,0,0,0,60,68
1987828.0,0,0,0,28,100
1987869.0,0,0,0,28,100
1987869.0,0,0,0,27,101
1987920.0,0,0,0,28,100
1987955.0,0,0,0,28,100
1987979.0,0,0,0,28,100
1988095.0,0,0,0,60,68
1988095.0,0,0,0,28,100
1988116.0,0,0,0,28,100
1988117.0,0,0,0,60,68
1988117.0,0,0,0,28,100
1988119.0,0,0,0,28,100
1988338.0,0,0,0,28,100
1988415.0,0,0,0,28,100
1988440.0,0,0,0,60,68
1988440.0,0,0,0,28,100
1988463.0,0,0,0,60,68
1988463.0,0,0,0,28,100
1988528.0,0,0,0,28,100
1988528.0,0,0,0,24,104
1988575.0,0,0,0,28,100
1988578.0,0,0,0,30,98
1988585.0,0,0,0,32,96
1988604.0,0,0,0,64,64
1988742.0,0,0,0,64,64
1988742.0,0,0,0,63,65
1988773.0,0,0,0,64,64
1988799.0,0,0,0,64,64
1988799.0,0,0,0,63,65
1988820.0,0,0,0,63,65
1988834.0,0,0,0,64,64
1988848.0,0,0,0,64,64
1988848.0,0,0,0,32,96
1988966.0,0,0,0,32,96
1988966.0,0,0,0,0,128
1989035.0,0,0,0,0,128
1989042.0,0,0,0,0,128
1989049.0,0,0,0,32,96
1989049.0,0,0,0,31,97
1989213.0,0,0,0,31,97
1989396.0,0,0,0,31,97
1989504.0,0,0,0,31,97
1989504.0,0,0,0,27,101
1989904.0,0,0,0,31,97
1989950.0,0,0,0,31,97
1989950.0,0,0,0,27,101
1989979.0,0,0,0,31,97
1989993.0,0,0,0,31,97
1989993.0,0,0,0,27,101
1989997.0,0,0,0,31,97
1990147.0,0,0,0,31,97
1990168.0,0,0,0,31,97
1990168.0,0,0,0,30,98
1990212.0,0,0,0,62,66
1990238.0,0,0,0,62,66
1990238.0,0,0,0,58,70
1990248.0,0,0,0,58,70
1990248.0,0,0,0,26,102
1990277.0,0,0,0,27,101
1990279.0,0,0,0,27,101
1990294.0,0,0,0,27,101
1990294.0,0,0,0,26,102
1990307.0,0,0,0,26,102
1990321.0,0,0,0,27,101
1990407.0,0,0,0,31,97
1990471.0,0,0,0,31,97
1990471.0,0,0,0,30,98
1990498.0,0,0,0,31,97
1990528.0,0,0,0,31,97
1990648.0,0,0,0,32,96
1990795.0,0,0,0,32,96
1990802.0,0,0,0,32,96
1990802.0,0,0,0,28,100
1990817.0,0,0,0,28,100
1990912.0,0,0,0,32,96
1990915.0,0,0,0,32,96
1990915.0,0,0,0,0,128
1990929.0,0,0,0,0,128
1991001.0,0,0,0,0,128
1991006.0,0,0,0,0,128
1991031.0,0,0,0,32,96
1991031.0,0,0,0,26,102
1991063.0,0,0,0,27,101
1991140.0,0,0,0,27,101
1991153.0,0,0,0,31,97
1991163.0,0,0,0,31,97
1991304.0,0,0,0,31,97
1991306.0,0,0,0,31,97
1991306.0,0,0,0,30,98
1991343.0,0,0,0,31,97
1991366.0,0,0,0,31,97
1991366.0,0,0,0,27,101
1991395.0,0,0,0,31,97
1991483.0,0,0,0,31,97
1991483.0,0,0,0,23,105
1991522.0,0,0,0,31,97
1991576.0,0,0,0,63,65
1991587.0,0,0,0,63,65
1991587.0,0,0,0,31,97
1991615.0,0,0,0,31,97
1991615.0,0,0,0,30,98
1991640.0,0,0,0,30,98
1991640.0,0,0,0,22,106
1991642.0,0,0,0,22,106
1991642.0,0,0,0,21,107
1991659.0,0,0,0,21,107
1991659.0,0,0,0,5,123
1991679.0,0,0,0,6,122
1991693.0,0,0,0,7,121
1991724.0,0,0,0,23,105
1991749.0,0,0,0,23,105
1991750.0,0,0,0,23,105
1991750.0,0,0,0,19,109
1991795.0,0,0,0,23,105
1992044.0,0,0,0,24,104
1992662.0,0,0,0,24,104
1992662.0,0,0,0,20,108
1992703.0,0,0,0,24,104
1992778.0,0,0,0,56,72
1992783.0,0,0,0,56,72
1992783.0,0,0,0,24,104
1992801.0,0,0,0,56,72
1992802.0,0,0,0,64,64
1992860.0,0,0,0,64,64
1992860.0,0,0,0,60,68
1992864.0,0,0,0,60,68
1992864.0,0,0,0,56,72
1992877.0,0,0,0,56,72
1992877.0,0,0,0,55,73
1992912.0,0,0,0,55,73
1992917.0,0,0,0,55,73
1992917.0,0,0,0,53,75
1992920.0,0,0,0,53,75
1992920.0,0,0,0,21,107
1992926.0,0,0,0,25,103
1992949.0,0,0,0,26,102
1992984.0,0,0,0,26,102
1992984.0,0,0,0,22,106
1993056.0,0,0,0,26,102
1993087.0,0,0,0,26,102
1993087.0,0,0,0,25,103
1993112.0,0,0,0,26,102
1993442.0,0,0,0,26,102
1993442.0,0,0,0,25,103
1993472.0,0,0,0,26,102
1993638.0,0,0,0,26,102
1993638.0,0,0,0,25,103
1993689.0,0,0,0,26,102
1993731.0,0,0,0,26,102
1993737.0,0,0,0,26,102
1993737.0,0,0,0,22,106
1993785.0,0,0,0,26,102
1993988.0,0,0,0,58,70
1994084.0,0,0,0,58,70
1994084.0,0,0,0,57,71
1994104.0,0,0,0,57,71
1994104.0,0,0,0,53,75
1994138.0,0,0,0,53,75
1994138.0,0,0,0,21,107
1994188.0,0,0,0,25,103
1994222.0,0,0,0,26,102
1994224.0,0,0,0,58,70
1994276.0,0,0,0,58,70
1994284.0,0,0,0,90,38
1994288.0,0,0,0,94,34
1994291.0,0,0,0,94,34
1994291.0,0,0,0,62,66
1994296.0,0,0,0,62,66
1994296.0,0,0,0,30,98
1994310.0,0,0,0,30,98
1994310.0,0,0,0,29,99
1994377.0,0,0,0,29,99
1994377.0,0,0,0,25,103
1994424.0,0,0,0,25,103
1994436.0,0,0,0,26,102
1994490.0,0,0,0,26,102
1994490.0,0,0,0,22,106
1994535.0,0,0,0,22,106
1994535.0,0,0,0,18,110
1994563.0,0,0,0,22,106
1994566.0,0,0,0,22,106
1994566.0,0,0,0,20,108
1994581.0,0,0,0,20,108
1994581.0,0,0,0,19,109
1994608.0,0,0,0,25,103
1994624.0,0,0,0,26,102
1994775.0,0,0,0,26,102
1994775.0,0,0,0,22,106
1994837.0,0,0,0,26,102
1994848.0,0,0,0,26,102
1994848.0,0,0,0,25,103
1994864.0,0,0,0,26,102
1994868.0,0,0,0,26,102
1994868.0,0,0,0,22,106
1994889.0,0,0,0,22,106
1994889.0,0,0,0,20,108
1994959.0,0,0,0,24,104
1994969.0,0,0,0,24,104
1994969.0,0,0,0,20,108
1995029.0,0,0,0,24,104
1995150.0,0,0,0,24,104
1995150.0,0,0,0,20,108
1995202.0,0,0,0,22,106
1995207.0,0,0,0,26,102
1995424.0,0,0,0,58,70
1995429.0,0,0,0,58,70
1995429.0,0,0,0,26,102
1995478.0,0,0,0,26,102
1995499.0,0,0,0,26,102
1995499.0,0,0,0,25,103
1995501.0,0,0,0,25,103
1995502.0,0,0,0,25,103
1995527.0,0,0,0,26,102
1995532.0,0,0,0,26,102
1995532.0,0,0,0,22,106
1995556.0,0,0,0,22,106
1995556.0,0,0,0,20,108
1995806.0,0,0,0,52,76
1995818.0,0,0,0,52,76
1995818.0,0,0,0,20,108
1995941.0,0,0,0,52,76
1995957.0,0,0,0,52,76
1995957.0,0,0,0,20,108
1996025.0,0,0,0,52,76
1996054.0,0,0,0,52,76
1996054.0,0,0,0,20,108
1996074.0,0,0,0,52,76
1996242.0,0,0,0,56,72
1996308.0,0,0,0,56,72
1996308.0,0,0,0,52,76
1996385.0,0,0,0,56,72
1996543.0,0,0,0,56,72
1996543.0,0,0,0,52,76
1996584.0,0,0,0,56,72
1996670.0,0,0,0,56,72
1996670.0,0,0,0,52,76
1996688.0,0,0,0,52,76
1996735.0,0,0,0,56,72
1996857.0,0,0,0,56,72
1996857.0,0,0,0,52,76
1996922.0,0,0,0,56,72
1996924.0,0,0,0,56,72
1996936.0,0,0,0,56,72
1996936.0,0,0,0,52,76
1996984.0,0,0,0,52,76
1996988.0,0,0,0,52,76
1996998.0,0,0,0,56,72
1997135.0,0,0,0,56,72
1997135.0,0,0,0,55,73
1997159.0,0,0,0,56,72
1997161.0,0,0,0,62,66
1997164.0,0,0,0,62,66
1997164.0,0,0,0,58,70
1997185.0,0,0,0,58,70
1997185.0,0,0,0,56,72
1997257.0,0,0,0,56,72
1997257.0,0,0,0,52,76
1997263.0,0,0,0,52,76
1997308.0,0,0,0,52,76
1997314.0,0,0,0,56,72
1997546.0,0,0,0,56,72
1997546.0,0,0,0,55,73
1997553.0,0,0,0,59,69
1997583.0,0,0,0,60,68
1997661.0,0,0,0,92,36
1997784.0,0,0,0,92,36
1997784.0,0,0,0,91,37
1997805.0,0,0,0,92,36
1997885.0,0,0,0,92,36
1997885.0,0,0,0,91,37
1997947.0,0,0,0,92,36
1997948.0,0,0,0,92,36
1997948.0,0,0,0,88,40
1998049.0,0,0,0,88,40
1998049.0,0,0,0,87,41
1998074.0,0,0,0,88,40
1998076.0,0,0,0,90,38
1998078.0,0,0,0,90,38
1998078.0,0,0,0,86,42
1998101.0,0,0,0,86,42
1998101.0,0,0,0,84,44
1998124.0,0,0,0,84,44
1998146.0,0,0,0,88,40
1998167.0,0,0,0,88,40
1998167.0,0,0,0,84,44
1998229.0,0,0,0,88,40
1998239.0,0,0,0,92,36
1998304.0,0,0,0,94,34
1998330.0,0,0,0,94,34
1998330.0,0,0,0,93,35
1998348.0,0,0,0,94,34
1998415.0,0,0,0,126,2
1998458.0,0,0,0,126,2
1998458.0,0,0,0,125,3
1998496.0,0,0,0,126,2
1998506.0,0,0,0,126,2
1998594.0,0,0,0,126,2
1998594.0,0,0,0,122,6
1998596.0,0,0,0,122,6
1998596.0,0,0,0,121,7
1998620.0,0,0,0,122,6
1998637.0,0,0,0,122,6
1998637.0,0,0,0,118,10
1998641.0,0,0,0,118,10
1998659.0,0,0,0,118,10
1998659.0,0,0,0,116,12
1998723.0,0,0,0,120,8
1998725.0,0,0,0,120,8
1998730.0,0,0,0,120,8
1998730.0,0,0,0,116,12
1998774.0,0,0,0,116,12
1998789.0,0,0,0,120,8
1998798.0,0,0,0,122,6
1998807.0,0,0,0,122,6
1998807.0,0,0,0,121,7
1998817.0,0,0,0,125,3
1998828.0,0,0,0,126,2
1998858.0,0,0,0,126,2
1998858.0,0,0,0,122,6
1998928.0,0,0,0,126,2
1998942.0,0,0,0,126,2
1998977.0,0,0,0,128,0
1999059.0,0,0,0,128,0
1999059.0,0,0,0,124,4
1999085.0,0,0,0,124,4
1999113.0,0,0,0,128,0
1999140.0,0,0,0,128,0
1999140.0,0,0,0,124,4
1999212.0,0,0,0,128,0
1999284.0,0,0,0,128,0
1999350.0,0,0,0,128,0
1999350.0,0,0,0,112,16
1999383.0,0,0,0,128,0
1999435.0,0,0,0,128,0
1999519.0,0,0,0,128,0
1999519.0,0,0,0,127,1
1999569.0,0,0,0,127,1
1999569.0,0,0,0,119,9
1999592.0,0,0,0,119,9
1999592.0,0,0,0,111,17
1999597.0,0,0,0,112,16
1999622.0,0,0,0,112,16
1999632.0,0,0,0,112,16
1999632.0,0,0,0,111,17
1999651.0,0,0,0,112,16
1999667.0,0,0,0,120,8
1999698.0,0,0,0,120,8
1999721.0,0,0,0,128,0
1999830.0,0,0,0,128,0
1999830.0,0,0,0,127,1
1999845.0,0,0,0,128,0
1999861.0,0,0,0,128,0
1999944.0,0,0,0,128,0
1999944.0,0,0,0,127,1
1999987.0,0,0,0,128,0
1999999.0,0,0,0,128,0
1999999.0,0,0,0,127,1
2000020.0,0,0,0,127,1
2000020.0,0,0,0,119,9
2000030.0,0,0,0,120,8
2000061.0,0,0,0,128,0
2000194.0,0,0,0,128,0
2000194.0,0,0,0,120,8
2000244.0,0,0,0,120,8
2000244.0,0,0,0,112,16
2000255.0,0,0,0,120,8
2000284.0,0,0,0,128,0
2000287.0,0,0,0,128,0
2000287.0,0,0,0,124,4
2000331.0,0,0,0,124,4
2000331.0,0,0,0,116,12
2000361.0,0,0,0,116,12
2000362.0,0,0,0,120,8
2000390.0,0,0,0,128,0
2000415.0,0,0,0,128,0
2000415.0,0,0,0,120,8
2000442.0,0,0,0,120,8
2000442.0,0,0,0,119,9
2000449.0,0,0,0,120,8
2000456.0,0,0,0,120,8
2000456.0,0,0,0,119,9
2000464.0,0,0,0,127,1
2000475.0,0,0,0,128,0
2000486.0,0,0,0,128,0
2000486.0,0,0,0,120,8
2000505.0,0,0,0,120,8
2000560.0,0,0,0,128,0
2000561.0,0,0,0,128,0
2000561.0,0,0,0,127,1
2000578.0,0,0,0,128,0
2000846.0,0,0,0,128,0
2000939.0,0,0,0,128,0
2001115.0,0,0,0,128,0
2001115.0,0,0,5,123,0
2001141.0,0,0,5,123,0
2001141.0,0,0,5,91,32
2001196.0,0,0,5,91,32
2001408.0,0,0,5,91,32
2001408.0,0,0,5,90,33
2001417.0,0,0,5,91,32
2001497.0,0,0,5,91,32
2001497.0,0,0,5,59,64
2001515.0,0,0,5,59,64
2001515.0,0,0,5,51,72
2001643.0,0,0,5,91,32
2001670.0,0,0,5,91,32
2001670.0,0,0,5,59,64
2001703.0,0,0,5,59,64
2001703.0,0,0,5,51,72
2002083.0,0,0,5,51,72
2002545.0,0,0,5,51,72
2002761.0,0,0,5,51,72
2003164.0,0,0,5,51,72
2003175.0,0,0,5,51,72
2003175.0,0,0,6,50,72
2003260.0,0,0,6,50,72
2003260.0,0,0,14,42,72
2003278.0,0,0,14,42,72
2003278.0,0,0,15,41,72
2003574.0,0,0,15,73,40
2003576.0,0,0,15,73,40
2003576.0,0,0,15,41,72
2003794.0,0,0,15,41,72
2003794.0,0,0,15,40,73
2003798.0,0,0,15,41,72
2003815.0,5,0,10,41,72
2004117.0,5,0,10,41,72
2004146.0,5,0,10,41,72
2004146.0,5,0,10,40,73
2004162.0,5,0,10,41,72
2004237.0,5,0,10,41,72
2004237.0,5,0,10,40,73
2004287.0,5,0,10,41,72
2004299.0,5,0,10,41,72
2004299.0,5,0,10,40,73
2004329.0,5,0,10,41,72
2004333.0,5,0,10,41,72
2004333.0,5,0,10,37,76
2004343.0,5,0,10,37,76
2004343.0,5,0,11,36,76
2004355.0,5,0,11,36,76
2004355.0,5,0,11,34,78
2004371.0,5,0,11,38,74
2004384.0,5,0,11,40,72
2004421.0,5,0,11,40,72
2004421.0,5,0,11,36,76
2004424.0,5,0,11,40,72
2004684.0,5,0,11,40,72
2004684.0,5,0,11,39,73
2004704.0,5,0,11,39,73
2004704.0,5,0,11,38,74
2004709.0,5,0,11,39,73
2004727.0,5,0,11,40,72
2004745.0,5,0,11,40,72
2004745.0,5,0,11,39,73
2004762.0,5,0,11,40,72
2004766.0,5,0,11,40,72
2004766.0,5,0,11,36,76
2004787.0,5,0,11,36,76
2004787.0,5,0,11,34,78
2004885.0,5,0,11,38,74
2004887.0,5,0,11,40,72
2005065.0,5,0,11,40,72
2005065.0,5,0,11,32,80
2005119.0,5,0,11,40,72
2005223.0,5,0,11,40,72
2005223.0,5,0,11,39,73
2005239.0,5,0,11,40,72
2005313.0,5,0,11,72,40
2005314.0,5,0,11,80,32
2005532.0,5,0,11,80,32
2005532.0,5,0,11,72,40
2005557.0,5,0,11,72,40
2005557.0,5,0,11,8,104
2005586.0,5,0,11,16,96
2005590.0,5,0,11,16,96
2005590.0,5,0,11,12,100
2005631.0,5,0,11,16,96
2005756.0,5,0,11,80,32
2005804.0,5,0,11,80,32
2005804.0,5,0,11,16,96
2005868.0,5,0,11,16,96
2005868.0,5,0,11,8,104
2005875.0,6,0,10,8,104
2005937.0,6,0,10,16,96
2005960.0,14,0,2,16,96
2005967.0,14,0,2,16,96
2005967.0,14,0,2,15,97
2005978.0,15,0,1,15,97
2005997.0,15,0,1,16,96
2006037.0,15,0,1,48,64
2006038.0,15,0,1,48,64
2006038.0,15,0,1,16,96
2006074.0,15,0,1,16,96
2006074.0,15,0,1,15,97
2006123.0,15,0,1,16,96
2006140.0,15,0,1,16,96
2006140.0,15,0,1,15,97
2006162.0,15,0,1,16,96
2006167.0,15,0,1,16,96
2006167.0,15,0,1,12,100
2006189.0,15,0,1,12,100
2006189.0,15,0,1,10,102
2006274.0,15,0,1,10,102
2006498.0,15,0,1,10,102
2006560.0,15,0,1,14,98
2006561.0,15,0,1,16,96
2006687.0,15,0,1,16,96
2006687.0,15,0,1,8,104
2006752.0,15,0,1,16,96
2006974.0,15,0,1,80,32
2007043.0,16,0,0,80,32
2007114.0,16,0,0,80,32
2007114.0,16,0,0,72,40
2007126.0,16,0,0,72,40
2007126.0,16,0,0,40,72
2007182.0,16,0,0,48,64
2007247.0,16,0,0,48,64
2007247.0,16,0,0,40,72
2007287.0,16,0,0,40,72
2007287.0,16,0,0,39,73
2007316.0,16,0,0,47,65
2007326.0,16,0,0,48,64
2007382.0,16,0,0,48,64
2007382.0,16,0,0,47,65
2007397.0,16,0,0,48,64
2007558.0,16,0,0,48,64
2007558.0,16,0,0,40,72
2007609.0,16,0,0,48,64
2008014.0,16,0,0,48,64
2008184.0,16,0,0,48,64
2008184.0,16,0,0,40,72
2008250.0,16,0,0,48,64
2008357.0,16,0,0,48,64
2008357.0,16,0,0,40,72
2008422.0,16,0,0,48,64
2008456.0,16,0,0,48,64
2008483.0,16,0,0,80,32
2008488.0,16,0,0,80,32
2008488.0,16,0,0,48,64
2008535.0,16,0,0,48,64
2008535.0,16,0,0,47,65
2008557.0,16,0,0,48,64
2008600.0,16,0,0,48,64
2008600.0,16,0,0,47,65
2008615.0,16,0,0,48,64
2008670.0,16,0,0,48,64
2008670.0,16,0,0,47,65
2008672.0,16,0,0,47,65
2008672.0,16,0,0,46,66
2008689.0,16,0,0,47,65
2008703.0,16,0,0,47,65
2008703.0,16,0,0,39,73
2008720.0,16,0,0,39,73
2008720.0,16,0,0,38,74
2008737.0,16,0,0,38,74
2008738.0,16,0,0,39,73
2008742.0,16,0,0,40,72
2008766.0,16,0,0,40,72
2008766.0,16,0,0,39,73
2008771.0,16,0,0,47,65
2008786.0,16,0,0,48,64
2008823.0,16,0,0,48,64
2008834.0,16,0,0,48,64
2008834.0,0,16,0,48,64
2009019.0,0,16,0,48,64
2009282.0,0,16,0,48,64
2009310.0,0,16,0,48,64
2009369.0,0,16,0,48,64
2009452.0,0,16,0,48,64
2009548.0,0,16,0,48,64
2009595.0,0,16,0,48,64
2009674.0,0,16,0,48,64
2009703.0,0,16,0,48,64
2009801.0,0,16,0,48,64
2009955.0,0,16,0,48,64
2009995.0,0,16,0,48,64
2010439.0,0,16,0,80,32
2010439.0,0,16,0,48,64
2010446.0,0,16,0,48,64
2010455.0,0,16,0,49,63
2010459.0,0,16,0,50,62
2010469.0,0,16,0,54,58
2010469.0,0,16,0,50,62
2010470.0,0,16,0,50,62
2010497.0,0,16,0,58,54
2010497.0,0,16,0,50,62
2010499.0,0,16,0,54,58
2010503.0,0,16,0,62,50
2010508.0,0,16,0,70,42
2010547.0,0,16,0,70,42
2010547.0,0,16,0,65,47
2010565.0,0,16,0,74,38
2010583.0,0,16,0,78,34
2010627.0,0,16,0,78,34
2010634.0,0,0,0,94,34
2010634.0,0,0,0,30,98
2010639.0,0,0,0,30,98
2010639.0,0,0,0,25,103
2010667.0,0,0,0,29,99
2010677.0,0,0,0,30,98
2010705.0,0,0,0,30,98
2010716.0,0,0,0,30,98
2010716.0,0,0,0,21,107
2010725.0,0,0,0,22,106
2010779.0,0,0,0,22,106
2010792.0,0,0,0,86,42
2010792.0,0,0,0,53,75
2010794.0,0,0,0,61,67
2010829.0,0,0,0,62,66
2010908.0,0,0,0,94,34
2010918.0,0,0,0,94,34
2010918.0,0,0,0,62,66
2010950.0,0,0,0,62,66
2011019.0,0,0,0,62,66
2011019.0,0,0,0,61,67
2011122.0,0,0,0,61,67
2011225.0,0,0,0,61,67
2011225.0,0,0,0,57,71
2011253.0,0,0,0,61,67
2011261.0,0,0,0,62,66
2011515.0,0,0,0,63,65
2011628.0,0,0,0,63,65
2011628.0,0,0,0,59,69
2011648.0,0,0,0,63,65
2011825.0,0,0,0,63,65
2011825.0,0,0,0,59,69
2011837.0,0,0,0,63,65
2012212.0,0,0,0,63,65
2012212.0,0,0,0,62,66
2012227.0,0,0,0,63,65
2012510.0,0,0,0,63,65
2012510.0,0,0,0,62,66
2012531.0,0,0,0,63,65
2012845.0,0,0,0,63,65
2012845.0,0,0,0,62,66
2012866.0,0,0,0,63,65
2012957.0,0,0,0,63,65
2012957.0,0,0,0,62,66
2012977.0,0,0,0,63,65
2013148.0,0,0,0,63,65
2013148.0,0,0,0,62,66
2013155.0,0,0,0,62,66
2013169.0,0,0,0,62,66
2013197.0,0,0,0,62,66
2013199.0,0,0,0,62,66
2013203.0,0,0,0,62,66
2013208.0,0,0,0,62,66
2013306.0,0,0,0,63,65
2013330.0,0,0,0,63,65
2013330.0,0,0,0,62,66
2013339.0,0,0,0,94,34
2013366.0,0,0,0,94,34
2013366.0,0,0,0,93,35
2013386.0,0,0,0,94,34
2013427.0,0,0,0,94,34
2013427.0,0,0,0,62,66
2013455.0,0,0,0,63,65
2013492.0,0,0,0,63,65
2013608.0,0,0,0,63,65
2013608.0,0,0,10,53,65
2013802.0,0,0,10,53,65
2013802.0,0,0,10,21,97
2013953.0,0,0,10,21,97
2014147.0,0,0,10,53,65
2015295.0,0,0,10,53,65
2015295.0,0,0,10,21,97
2015716.0,0,0,10,53,65
2015812.0,0,0,10,85,33
2015816.0,0,0,10,85,33
2015816.0,0,0,10,84,34
2015832.0,0,0,10,85,33
2016039.0,0,0,10,85,33
2016226.0,0,0,10,85,33
2016226.0,0,0,10,53,65
2016308.0,10,0,0,53,65
2016737.0,10,0,0,85,33
2016847.0,10,0,0,85,33
2016860.0,10,0,0,85,33
2016860.0,10,0,0,21,97
2017102.0,10,0,0,53,65
2017108.0,10,0,0,53,65
2017108.0,10,0,0,21,97
2018265.0,10,0,0,21,97
2018265.0,10,0,0,20,98
2018416.0,10,0,0,20,98
2018441.0,10,0,0,21,97
2018489.0,10,0,0,21,97
2018489.0,10,0,0,20,98
2018508.0,10,0,0,21,97
2018524.0,10,0,0,22,96
2018874.0,10,0,0,86,32
2018880.0,10,0,0,118,0
2018883.0,10,0,0,118,0
2018883.0,0,10,0,118,0
2019437.0,0,10,0,118,0
2019802.0,0,10,0,118,0
2020218.0,0,10,0,118,0
2020683.0,0,0,0,128,0
2020683.0,0,0,0,0,128
2021256.0,0,0,0,0,128
2021329.0,0,0,0,0,128
2022009.0,0,0,0,128,0
2022009.0,0,0,0,0,128
2022095.0,0,0,0,128,0
2022095.0,0,0,0,32,96
2022299.0,0,0,0,32,96
2022299.0,0,0,0,0,128
2022318.0,0,0,0,32,96
2022327.0,0,0,0,32,96
2022327.0,0,0,0,0,128
2022600.0,0,0,0,32,96
2022820.0,0,0,0,64,64
2022836.0,0,0,0,64,64
2022836.0,0,0,0,32,96
2023210.0,0,0,0,64,64
2023235.0,0,0,0,64,64
2023235.0,0,0,0,0,128
2023939.0,0,0,0,64,64
2024795.0,0,0,0,64,64
2025018.0,0,0,0,64,64
2025300.0,0,0,0,64,64
2025520.0,0,0,0,64,64
2025542.0,0,0,0,64,64
2025542.0,0,0,0,63,65
2025559.0,0,0,0,64,64
2026526.0,0,0,0,64,64
2026526.0,0,0,0,63,65
2026542.0,0,0,0,64,64
2026639.0,0,0,0,64,64
2026639.0,0,0,62,2,64
2027498.0,0,0,62,2,64
2027498.0,0,0,62,1,65
2027508.0,0,0,62,2,64
2027522.0,0,0,62,2,64
2028002.0,0,0,62,2,64
2028259.0,0,0,62,2,64
2028961.0,0,0,62,2,64
2028961.0,0,0,62,0,66
2028974.0,0,0,62,1,65
2029013.0,0,0,62,2,64
2029242.0,0,0,62,2,64
2029339.0,62,0,0,2,64
2029339.0,46,16,0,2,64
2029427.0,46,16,0,2,64
2029427.0,46,16,0,1,65
2029538.0,46,16,0,2,64
2030000.0,46,16,0,2,64
2030000.0,46,16,0,1,65
2030013.0,46,16,0,2,64
2030097.0,46,16,0,2,64
2030097.0,46,16,0,1,65
2030160.0,46,16,0,2,64
2030194.0,46,16,0,2,64
2030194.0,46,16,0,0,66
2030279.0,46,16,0,0,66
2030279.0,30,32,0,0,66
2030497.0,30,32,0,2,64
2030508.0,30,32,0,2,64
2030508.0,14,48,0,2,64
2031139.0,14,32,0,18,64
2031139.0,14,32,0,2,80
2031455.0,14,32,0,18,64
2031674.0,14,32,0,18,64
2031713.0,14,32,0,18,64
2032079.0,14,16,0,34,64
2032079.0,14,16,0,18,80
2032109.0,14,16,0,34,64
2032238.0,14,16,0,34,64
2032308.0,14,0,0,50,64
2032308.0,14,0,0,34,80
2032518.0,14,0,0,34,80
2032518.0,14,0,0,30,84
2032703.0,14,0,0,34,80
2032713.0,14,0,0,34,80
2032730.0,14,0,0,34,80
2032730.0,14,0,0,33,81
2032798.0,14,0,0,34,80
2032962.0,14,0,0,34,80
2032962.0,14,0,0,30,84
2033164.0,14,0,0,34,80
2033197.0,14,0,0,34,80
2033239.0,14,0,0,34,80
2033239.0,14,0,0,30,84
2034130.0,14,0,0,34,80
2034155.0,14,0,0,34,80
2034155.0,14,0,5,29,80
2034220.0,14,0,5,45,64
2034253.0,14,0,5,45,64
2034253.0,14,0,5,29,80
2034809.0,14,0,5,29,80
2035082.0,14,0,5,45,64
2035403.0,14,0,5,45,64
2035403.0,14,0,9,41,64
2035498.0,14,0,9,41,64
2035498.0,14,0,10,40,64
2035864.0,14,0,10,40,64
2035864.0,14,0,14,36,64
2036830.0,14,0,14,36,64
2036830.0,14,0,18,32,64
2036855.0,19,0,13,32,64
2036920.0,19,0,13,32,64
2036920.0,19,0,29,16,64
2037782.0,19,0,29,16,64
2037782.0,19,0,45,0,64
2038103.0,23,0,41,0,64
2038198.0,24,0,40,0,64
2038564.0,28,0,36,0,64
2039530.0,32,0,32,0,64
2039620.0,48,0,16,0,64
2040482.0,64,0,0,0,64
2048035.0,64,0,0,0,64
2048035.0,0,64,0,0,64
2048087.0,0,64,0,0,64
2048111.0,0,64,0,0,64
2048245.0,0,64,0,0,64
2048493.0,0,64,0,0,64
2048690.0,0,64,0,0,64
2048885.0,0,64,0,0,64
2049091.0,0,64,0,0,64
2049122.0,0,64,0,0,64
2049304.0,0,64,0,0,64
2049718.0,0,64,0,0,64
2049835.0,0,0,0,64,64
2049835.0,0,0,0,0,128
2049875.0,0,0,0,64,64
2049875.0,0,0,0,63,65
2049889.0,0,0,0,64,64
2049889.0,0,0,0,0,128
2049943.0,0,0,0,64,64
2049943.0,0,0,0,0,128
2050037.0,0,0,0,64,64
2050037.0,0,0,0,0,128
2050125.0,0,0,0,64,64
2050125.0,0,0,0,0,128
2050207.0,0,0,0,64,64
2050207.0,0,0,0,0,128
2050299.0,0,0,0,64,64
2050299.0,0,0,0,0,128
2050301.0,0,0,0,64,64
2050301.0,0,0,0,0,128
2050388.0,0,0,0,64,64
2050388.0,0,0,0,0,128
2050644.0,0,0,0,0,128
2050676.0,0,0,0,0,128
2050784.0,0,0,0,64,64
2050784.0,0,0,0,0,128
2051124.0,0,0,0,64,64
2051124.0,0,0,0,0,128
2051130.0,0,0,0,64,64
2051130.0,0,0,0,0,128
2051439.0,0,0,0,64,64
2051966.0,0,0,0,64,64
2051966.0,0,0,0,63,65
2051979.0,0,0,0,64,64
2052035.0,0,0,0,64,64
2052035.0,0,0,0,63,65
2052048.0,0,0,0,64,64
2052356.0,0,0,0,64,64
2052356.0,0,0,0,0,128
2052575.0,0,0,0,0,128
2052746.0,0,0,0,64,64
2052754.0,0,0,0,64,64
2052754.0,0,0,0,0,128
2052961.0,0,0,0,64,64
2052977.0,0,0,0,64,64
2052977.0,0,0,0,0,128
2053111.0,0,0,0,64,64
2053642.0,0,0,0,64,64
2053642.0,0,0,0,0,128
2054104.0,0,0,0,64,64
2054139.0,0,0,0,64,64
2054430.0,0,0,0,64,64
2054430.0,0,0,0,0,128
2054992.0,0,0,0,64,64
2055076.0,0,0,0,64,64
2055076.0,0,0,0,0,128
2055446.0,0,0,0,0,128
2055661.0,0,0,0,0,128
2055791.0,0,0,0,64,64
2055811.0,0,0,0,64,64
2056123.0,0,0,0,64,64
2056123.0,0,0,0,63,65
2056137.0,0,0,0,64,64
2056804.0,0,0,0,64,64
2057304.0,0,0,0,64,64
2057304.0,0,0,0,48,80
2057352.0,0,0,0,64,64
2057503.0,0,0,0,64,64
2057503.0,0,0,0,60,68
2057692.0,0,0,0,60,68
2057805.0,0,0,0,64,64
2058491.0,0,0,0,64,64
2058491.0,0,0,43,21,64
2058837.0,0,0,43,21,64
2058837.0,0,0,44,20,64
2059047.0,0,0,44,20,64
2059047.0,0,0,44,19,65
2059061.0,0,0,44,20,64
2059088.0,0,0,44,20,64
2059449.0,0,0,44,20,64
2059605.0,0,0,44,20,64
2059605.0,0,0,44,4,80
2060052.0,0,0,44,4,80
2060505.0,0,0,44,4,80
2060505.0,0,0,47,1,80
2060748.0,0,0,47,1,80
2060998.0,0,0,47,1,80
2061042.0,0,0,47,1,80
2061186.0,0,0,47,1,80
2061191.0,43,0,4,1,80
2061191.0,11,32,4,1,80
2061259.0,11,32,4,1,80
2061396.0,11,32,4,1,80
2061513.0,11,32,4,1,80
2061525.0,11,32,4,1,80
2061537.0,12,32,3,1,80
2061586.0,12,32,3,17,64
2061586.0,0,44,3,1,80
2061616.0,0,44,3,1,80
2061647.0,0,44,3,5,76
2061659.0,0,44,3,9,72
2061659.0,0,44,3,1,80
2061719.0,0,44,3,5,76
2061761.0,0,44,3,5,76
2061765.0,0,44,3,13,68
2061765.0,0,44,3,5,76
2061878.0,0,44,3,13,68
2061961.0,0,44,3,17,64
2062064.0,0,44,3,17,64
2062064.0,0,44,3,16,65
2062079.0,0,44,3,17,64
2062097.0,0,44,3,17,64
2062097.0,0,44,3,13,68
2062161.0,0,44,3,17,64
2062568.0,0,44,3,17,64
2062765.0,0,44,3,17,64
2062765.0,0,44,3,16,65
2062785.0,0,44,3,17,64
2062991.0,0,12,3,49,64
2062991.0,0,12,3,17,96
2063183.0,0,12,3,17,96
2063205.0,3,12,0,17,96
2063386.0,3,0,0,29,96
2063386.0,3,0,0,17,108
2063452.0,3,0,0,21,104
2063456.0,3,0,0,25,100
2063481.0,3,0,0,57,68
2063481.0,3,0,0,25,100
2063518.0,3,0,0,89,36
2063518.0,3,0,0,57,68
2063536.0,3,0,0,57,68
2063700.0,3,0,0,61,64
2063700.0,0,3,0,61,64
2063841.0,0,3,0,61,64
2063882.0,0,3,0,93,32
2063882.0,0,3,0,61,64
2063954.0,0,3,0,61,64
2063984.0,0,3,0,61,64
2064002.0,0,3,0,93,32
2064002.0,0,3,0,84,41
2064024.0,0,3,0,85,40
2064030.0,0,3,0,89,36
2064126.0,0,3,0,93,32
2064286.0,0,3,0,93,32
2064359.0,0,3,0,93,32
2064462.0,0,3,0,93,32
2064465.0,0,3,0,93,32
2064480.0,0,3,0,93,32
2064480.0,0,3,0,85,40
2064578.0,0,3,0,85,40
2064601.0,0,3,0,85,40
2064601.0,0,3,0,84,41
2064621.0,0,3,0,85,40
2064735.0,0,3,0,85,40
2064743.0,0,3,0,85,40
2064877.0,0,3,0,85,40
2065087.0,0,3,0,85,40
2065500.0,0,0,0,88,40
2065500.0,0,0,0,24,104
2065606.0,0,0,0,24,104
2065624.0,0,0,0,24,104
2065647.0,0,0,0,24,104
2065647.0,0,0,0,23,105
2065680.0,0,0,0,24,104
2065721.0,0,0,0,24,104
2065880.0,0,0,0,24,104
2065984.0,0,0,0,24,104
2065990.0,0,0,0,24,104
2065998.0,0,0,0,24,104
2066181.0,0,0,0,24,104
2066218.0,0,0,0,24,104
2066335.0,0,0,0,56,72
2066335.0,0,0,0,28,100
2066394.0,0,0,0,32,96
2066394.0,0,0,0,28,100
2066414.0,0,0,0,36,92
2066414.0,0,0,0,28,100
2066418.0,0,0,0,36,92
2066418.0,0,0,0,28,100
2066432.0,0,0,0,32,96
2066443.0,0,0,0,96,32
2066443.0,0,0,0,0,128
2066502.0,0,0,0,8,120
2066502.0,0,0,0,0,128
2066515.0,0,0,0,8,120
2066579.0,0,0,0,16,112
2066658.0,0,0,0,16,112
2066658.0,0,0,0,4,124
2066702.0,0,0,0,4,124
2066731.0,0,0,0,4,124
2066742.0,0,0,0,4,124
2066755.0,0,0,0,8,120
2066760.0,0,0,0,16,112
2066760.0,0,0,0,0,128
2066795.0,0,0,0,16,112
2066910.0,0,0,0,24,104
2066964.0,0,0,0,24,104
2066964.0,0,0,0,8,120
2067051.0,0,0,0,12,116
2067053.0,0,0,0,12,116
2067053.0,0,0,0,11,117
2067080.0,0,0,0,12,116
2067098.0,0,0,0,12,116
2067098.0,0,0,0,4,124
2067110.0,0,0,0,68,60
2067110.0,0,0,0,20,108
2067123.0,0,0,0,20,108
2067123.0,0,0,0,16,112
2067154.0,0,0,0,32,96
2067171.0,0,0,0,40,88
2067180.0,0,0,0,40,88
2067180.0,0,0,0,24,104
2067199.0,0,0,0,28,100
2067299.0,0,0,0,44,84
2067508.0,0,0,0,60,68
2067542.0,0,0,0,60,68
2067542.0,0,0,0,59,69
2067545.0,0,0,0,60,68
2067618.0,0,0,0,60,68
2067618.0,0,0,0,56,72
2067620.0,0,0,0,56,72
2067620.0,0,0,0,55,73
2067646.0,0,0,0,60,68
2068204.0,0,0,0,60,68
2068204.0,0,0,0,56,72
2068278.0,0,0,0,56,72
2068278.0,0,0,0,48,80
2068281.0,0,0,0,52,76
2068288.0,0,0,0,52,76
2068288.0,0,0,0,44,84
2068295.0,0,0,0,44,84
2068295.0,0,0,0,12,116
2068351.0,0,0,0,20,108
2068366.0,0,0,0,20,108
2068366.0,0,0,0,19,109
2068392.0,0,0,0,19,109
2068392.0,0,0,0,11,117
2068474.0,0,0,0,11,117
2068474.0,0,0,0,10,118
2068501.0,0,0,0,11,117
2068513.0,0,0,0,11,117
2068561.0,0,0,0,43,85
2068575.0,0,0,0,51,77
2068579.0,0,0,0,51,77
2068665.0,0,0,0,59,69
2068682.0,0,0,0,59,69
2068682.0,0,0,0,55,73
2068746.0,0,0,0,55,73
2068863.0,0,0,0,59,69
2068890.0,0,0,0,91,37
2068890.0,0,0,0,27,101
2068948.0,0,0,0,91,37
2068948.0,0,0,0,27,101
2068961.0,0,0,0,27,101
2069000.0,0,0,0,59,69
2069000.0,0,0,0,23,105
2069027.0,0,0,0,27,101
2069060.0,0,0,0,27,101
2069064.0,0,0,0,27,101
2069089.0,0,0,0,27,101
2069089.0,0,0,0,23,105
2069103.0,0,0,0,23,105
2069103.0,0,0,0,22,106
2069104.0,0,0,0,26,102
2069177.0,0,0,0,26,102
2069182.0,0,0,0,26,102
2069182.0,0,0,0,25,103
2069184.0,0,0,0,29,99
2069212.0,0,0,0,29,99
2069215.0,0,0,0,29,99
2069227.0,0,0,0,30,98
2069232.0,0,0,0,31,97
2069237.0,0,0,0,31,97
2069249.0,0,0,0,31,97
2069250.0,0,0,0,32,96
2069251.0,0,0,0,64,64
2069251.0,0,0,0,0,128
2069259.0,0,0,0,0,128
2069278.0,0,0,0,0,128
2069279.0,0,0,0,0,128
2069303.0,0,0,0,0,128
2069315.0,0,0,0,64,64
2069315.0,0,0,0,0,128
2069369.0,0,0,0,64,64
2069369.0,0,0,0,37,91
2069381.0,0,0,0,37,91
2069381.0,0,0,0,29,99
2069390.0,0,0,0,29,99
2069390.0,0,0,0,21,107
2069392.0,0,0,0,22,106
2069393.0,0,0,0,30,98
2069413.0,0,0,0,38,90
2069418.0,0,0,0,42,86
2069451.0,0,0,0,46,82
2069476.0,0,0,0,62,66
2069495.0,0,0,0,62,66
2069588.0,0,0,0,62,66
2069588.0,0,0,0,30,98
2069610.0,0,0,0,30,98
2069610.0,0,0,0,22,106
2069751.0,0,0,0,22,106
2069810.0,0,0,0,22,106
2069854.0,0,0,0,22,106
2069869.0,0,0,0,22,106
2069869.0,0,0,0,18,110
2069871.0,0,0,0,18,110
2069899.0,0,0,0,18,110
2069932.0,0,0,0,22,106
2070017.0,0,0,0,22,106
2070017.0,0,0,0,18,110
2070037.0,0,0,0,22,106
2070152.0,0,0,0,22,106
2070152.0,0,0,0,20,108
2070208.0,0,0,0,20,108
2070215.0,0,0,0,20,108
2070215.0,0,0,0,16,112
2070243.0,0,0,0,20,108
2070258.0,0,0,0,21,107
2070269.0,0,0,0,21,107
2070269.0,0,0,0,17,111
2070291.0,0,0,0,21,107
2070303.0,0,0,0,21,107
2070303.0,0,0,0,17,111
2070366.0,0,0,0,21,107
2070441.0,0,0,0,21,107
2070441.0,0,0,0,13,115
2070524.0,0,0,0,21,107
2070573.0,0,0,0,21,107
2070573.0,0,0,0,17,111
2070599.0,0,0,0,21,107
2070601.0,0,0,0,21,107
2070601.0,0,0,0,17,111
2070649.0,0,0,0,21,107
2070682.0,0,0,0,21,107
2070682.0,0,0,0,13,115
2070687.0,0,0,0,13,115
2070687.0,0,0,0,5,123
2070765.0,0,0,0,5,123
2070765.0,0,0,0,1,127
2070783.0,0,0,0,5,123
2070879.0,0,0,0,13,115
2070924.0,0,0,0,13,115
2070924.0,0,0,0,5,123
2070941.0,0,0,0,13,115
2070958.0,0,0,0,13,115
2070958.0,0,0,0,9,119
2070981.0,0,0,0,9,119
2071013.0,0,0,0,13,115
2071051.0,0,0,0,13,115
2071091.0,0,0,0,21,107
2071111.0,0,0,0,21,107
2071111.0,0,0,0,13,115
2071158.0,0,0,0,13,115
2071158.0,0,0,0,9,119
2071176.0,0,0,0,13,115
2071185.0,0,0,0,21,107
2071423.0,0,0,0,21,107
2071423.0,0,0,0,13,115
2071429.0,0,0,0,13,115
2071429.0,0,0,0,5,123
2071542.0,0,0,0,13,115
2071543.0,0,0,0,21,107
2071590.0,0,0,0,21,107
2071648.0,0,0,0,21,107
2071700.0,0,0,0,21,107
2071790.0,0,0,0,21,107
2071790.0,0,0,0,13,115
2071806.0,0,0,0,13,115
2071806.0,0,0,0,5,123
2071867.0,0,0,0,13,115
2071892.0,0,0,0,21,107
2072069.0,0,0,0,21,107
2072113.0,0,0,0,21,107
2072118.0,0,0,0,21,107
2072151.0,0,0,0,21,107
2072176.0,0,0,0,21,107
2072263.0,0,0,0,21,107
2072263.0,0,0,0,13,115
2072276.0,0,0,0,13,115
2072276.0,0,0,0,5,123
2072307.0,0,0,0,5,123
2072307.0,0,0,0,4,124
2072322.0,0,0,0,4,124
2072322.0,0,0,0,3,125
2072327.0,0,0,0,4,124
2072349.0,0,0,0,5,123
2072351.0,0,0,0,13,115
2072394.0,0,0,0,13,115
2072405.0,0,0,0,21,107
2072405.0,0,0,0,5,123
2072409.0,0,0,0,21,107
2072447.0,0,0,0,21,107
2072447.0,0,0,0,5,123
2072532.0,0,0,0,37,91
2072576.0,0,0,0,37,91
2072576.0,0,0,0,29,99
2072583.0,0,0,0,69,59
2072588.0,0,0,0,69,59
2072588.0,0,0,0,37,91
2072628.0,0,0,0,45,83
2072632.0,0,0,0,45,83
2072691.0,0,0,0,45,83
2072691.0,0,0,0,41,87
2072716.0,0,0,0,73,55
2072754.0,0,0,0,73,55
2072754.0,0,0,0,65,63
2072768.0,0,0,0,65,63
2072768.0,0,0,0,33,95
2072773.0,0,0,0,37,91
2072798.0,0,0,0,37,91
2072798.0,0,0,0,29,99
2072811.0,0,0,0,37,91
2072817.0,0,0,0,53,75
2072870.0,0,0,0,53,75
2072870.0,0,0,0,52,76
2072892.0,0,0,0,53,75
2072943.0,0,0,0,53,75
2072958.0,0,0,0,53,75
2072991.0,0,0,0,53,75
2073060.0,0,0,0,53,75
2073060.0,0,0,0,49,79
2073073.0,0,0,0,49,79
2073073.0,0,0,0,41,87
2073080.0,0,0,0,41,87
2073080.0,0,0,0,33,95
2073117.0,0,0,0,37,91
2073161.0,0,0,0,53,75
2073224.0,0,0,0,53,75
2073299.0,0,0,0,53,75
2073349.0,0,0,0,53,75
2073400.0,0,0,0,53,75
2073400.0,0,0,0,45,83
2073456.0,0,0,0,53,75
2073579.0,0,0,0,53,75
2073641.0,0,0,0,53,75
2073713.0,0,0,0,53,75
2073791.0,0,0,0,53,75
2073885.0,0,0,0,53,75
2073966.0,0,0,0,53,75
2073966.0,0,0,0,52,76
2073991.0,0,0,0,53,75
2074020.0,0,0,0,53,75
2074020.0,0,0,0,52,76
2074050.0,0,0,0,52,76
2074050.0,0,0,0,51,77
2074071.0,0,0,0,52,76
2074082.0,0,0,0,53,75
2074107.0,0,0,0,53,75
2074107.0,0,0,0,52,76
2074113.0,0,0,0,52,76
2074113.0,0,0,0,48,80
2074135.0,0,0,0,49,79
2074144.0,0,0,0,49,79
2074144.0,0,0,0,45,83
2074166.0,0,0,0,45,83
2074166.0,0,0,0,43,85
2074178.0,0,0,0,47,81
2074242.0,0,0,0,47,81
2074243.0,0,0,0,47,81
2074276.0,0,0,0,51,77
2074278.0,0,0,0,53,75
2074315.0,0,0,0,53,75
2074315.0,0,0,0,37,91
2074316.0,0,0,0,69,59
2074318.0,0,0,0,77,51
2074325.0,0,0,0,77,51
2074325.0,0,0,0,45,83
2074343.0,0,0,0,61,67
2074386.0,0,0,0,61,67
2074386.0,0,0,0,45,83
2074427.0,0,0,0,45,83
2074427.0,0,0,0,41,87
2074513.0,0,0,0,45,83
2074567.0,0,0,0,45,83
2074588.0,0,0,0,77,51
2074592.0,0,0,0,77,51
2074614.0,0,0,0,77,51
2074614.0,0,0,0,61,67
2074634.0,0,0,0,61,67
2074634.0,0,0,0,29,99
2074709.0,0,0,0,29,99
2074709.0,0,0,0,21,107
2074815.0,0,0,0,37,91
2074828.0,0,0,0,53,75
2075105.0,0,0,0,53,75
2075109.0,0,0,0,53,75
2075138.0,0,0,0,53,75
2075138.0,0,0,0,52,76
2075158.0,0,0,0,53,75
2075195.0,0,0,0,53,75
2075195.0,0,0,0,52,76
2075212.0,0,0,0,53,75
2075232.0,0,0,0,53,75
2075283.0,0,0,0,53,75
2075327.0,0,0,0,53,75
2075327.0,0,0,0,49,79
2075328.0,0,0,0,49,79
2075344.0,0,0,0,81,47
2075348.0,0,0,0,81,47
2075348.0,0,0,0,79,49
2075363.0,0,0,0,79,49
2075363.0,0,0,0,47,81
2075416.0,0,0,0,47,81
2075466.0,0,0,0,47,81
2075466.0,0,0,0,15,113
2075493.0,0,0,0,47,81
2075511.0,0,0,0,47,81
2075514.0,0,0,0,51,77
2075517.0,0,0,0,51,77
2075518.0,0,0,0,53,75
2075553.0,0,0,0,53,75
2075553.0,0,0,0,52,76
2075621.0,0,0,0,53,75
2075842.0,0,0,0,53,75
2075842.0,0,0,0,52,76
2075861.0,0,0,0,52,76
2075900.0,0,0,0,53,75
2075941.0,0,0,0,85,43
2075953.0,0,0,0,85,43
2075953.0,0,0,0,53,75
2076125.0,0,0,0,53,75
2076125.0,0,0,0,52,76
2076143.0,0,0,0,53,75
2076249.0,0,0,0,53,75
2076249.0,0,0,0,52,76
2076270.0,0,0,0,53,75
2076421.0,0,0,0,85,43
2076639.0,0,0,0,85,43
2076639.0,0,0,0,53,75
2076767.0,0,0,0,53,75
2076767.0,0,0,0,52,76
2076779.0,0,0,0,53,75
2076805.0,0,0,0,85,43
2076813.0,0,0,0,85,43
2076813.0,0,0,0,84,44
2076838.0,0,0,0,85,43
2076842.0,0,0,0,85,43
2076842.0,0,0,0,53,75
2076844.0,0,0,0,53,75
2076844.0,0,0,0,52,76
2076888.0,0,0,0,53,75
2076976.0,0,0,0,53,75
2077016.0,0,0,0,53,75
2077053.0,0,0,0,85,43
2077186.0,0,0,0,85,43
2077186.0,0,0,0,53,75
2077288.0,0,0,0,53,75
2077423.0,0,0,0,53,75
2077423.0,0,0,0,52,76
2077447.0,0,0,0,53,75
2077483.0,0,0,0,53,75
2077483.0,0,0,0,52,76
2077519.0,0,0,0,53,75
2077528.0,0,0,0,53,75
2077543.0,0,0,0,53,75
2077543.0,0,0,0,49,79
2077549.0,0,0,0,53,75
2077560.0,0,0,0,53,75
2077560.0,0,0,0,21,107
2077604.0,0,0,0,21,107
2077604.0,0,0,0,17,111
2077665.0,0,0,0,21,107
2077921.0,0,0,0,53,75
2077953.0,0,0,0,53,75
2077953.0,0,0,0,49,79
2078007.0,0,0,0,53,75
2078044.0,0,0,0,53,75
2078074.0,0,0,0,53,75
2078074.0,0,0,0,37,91
2078193.0,0,0,0,37,91
2078482.0,0,0,0,37,91
2078482.0,0,0,0,21,107
2078641.0,0,0,0,21,107
2078667.0,0,0,0,37,91
2078675.0,0,0,0,37,91
2078675.0,0,0,0,36,92
2078690.0,0,0,0,37,91
2078776.0,0,0,0,37,91
2078776.0,0,0,0,5,123
2078783.0,0,0,0,5,123
2078783.0,0,0,0,4,124
2078834.0,0,0,0,5,123
2078841.0,0,0,0,37,91
2078843.0,0,0,0,37,91
2078843.0,0,0,0,36,92
2078864.0,0,0,0,37,91
2078883.0,0,0,0,37,91
2078883.0,0,0,0,33,95
2078906.0,0,0,0,33,95
2078906.0,0,0,0,31,97
2079121.0,0,0,0,31,97
2079123.0,0,0,0,33,95
2079128.0,0,0,0,37,91
2079149.0,0,0,0,37,91
2079149.0,0,0,0,36,92
2079166.0,0,0,0,37,91
2079170.0,0,0,0,37,91
2079170.0,0,0,0,33,95
2079192.0,0,0,0,33,95
2079192.0,0,0,0,31,97
2079468.0,0,0,0,35,93
2079469.0,0,0,0,37,91
2079505.0,0,0,0,37,91
2079513.0,0,0,0,37,91
2079513.0,0,0,0,36,92
2079545.0,0,0,0,37,91
2079573.0,0,0,0,37,91
2079573.0,0,0,0,36,92
2079592.0,0,0,0,36,92
2079592.0,0,0,0,28,100
2079643.0,0,0,0,29,99
2079645.0,0,0,0,37,91
2079646.0,0,0,0,37,91
2079646.0,0,0,0,29,99
2079657.0,0,0,0,29,99
2079657.0,0,0,0,13,115
2079712.0,0,0,0,21,107
2079753.0,0,0,0,21,107
2079777.0,0,0,0,21,107
2079777.0,0,0,0,20,108
2079784.0,0,0,0,36,92
2079837.0,0,0,0,37,91
2079848.0,0,0,0,37,91
2079848.0,0,0,0,36,92
2079872.0,0,0,0,37,91
2079877.0,0,0,0,37,91
2079877.0,0,0,0,33,95
2079899.0,0,0,0,33,95
2079899.0,0,0,0,31,97
2080365.0,0,0,0,31,97
2080430.0,0,0,0,47,81
2080463.0,0,0,0,47,81
2080463.0,0,0,0,46,82
2080496.0,0,0,0,47,81
2080500.0,0,0,0,51,77
2080501.0,0,0,0,53,75
2080502.0,0,0,0,53,75
2080502.0,0,0,0,49,79
2080523.0,0,0,0,49,79
2080523.0,0,0,0,47,81
2080592.0,0,0,0,51,77
2080599.0,0,0,0,51,77
2080599.0,0,0,0,19,109
2080621.0,0,0,0,19,109
2080701.0,0,0,0,19,109
2080701.0,0,0,0,18,110
2080706.0,0,0,0,50,78
2080732.0,0,0,0,50,78
2080732.0,0,0,0,18,110
2080788.0,0,0,0,19,109
2080806.0,0,0,0,19,109
2080806.0,0,0,0,15,113
2080827.0,0,0,0,47,81
2080836.0,0,0,0,47,81
2080836.0,0,0,0,15,113
2080851.0,0,0,0,17,111
2080884.0,0,0,0,17,111
2080884.0,0,0,0,13,115
2080914.0,0,0,0,17,111
2080964.0,0,0,0,17,111
2080964.0,0,0,0,13,115
2080983.0,0,0,0,17,111
2081095.0,0,0,0,17,111
2081095.0,0,0,0,1,127
2081216.0,0,0,0,17,111
2081253.0,0,0,0,17,111
2081253.0,0,0,0,13,115
2081280.0,0,0,0,17,111
2081367.0,0,0,0,17,111
2081541.0,0,0,0,17,111
2081782.0,0,0,0,17,111
2081782.0,0,0,0,13,115
2081804.0,0,0,0,17,111
2081821.0,0,0,0,17,111
2081821.0,0,0,0,13,115
2081843.0,0,0,0,17,111
2081877.0,0,0,0,57,71
2081880.0,0,0,0,57,71
2081880.0,0,0,0,25,103
2081967.0,0,0,0,25,103
2081967.0,0,0,0,21,107
2081995.0,0,0,0,25,103
2082012.0,0,0,0,25,103
2082012.0,0,0,0,21,107
2082033.0,0,0,0,21,107
2082033.0,0,0,0,19,109
2082168.0,0,0,0,19,109
2082169.0,0,0,0,19,109
2082345.0,0,0,0,19,109
2082412.0,0,0,0,19,109
2082653.0,0,0,0,25,103
2082670.0,0,0,0,25,103
2082670.0,0,0,0,9,119
2082775.0,0,0,0,25,103
2082840.0,0,0,0,25,103
2082840.0,0,0,0,21,107
2082861.0,0,0,0,25,103
2082952.0,0,0,0,25,103
2082952.0,0,0,0,24,104
2082971.0,0,0,0,25,103
2083130.0,0,0,0,25,103
2083406.0,0,0,0,25,103
2083475.0,0,0,0,25,103
2083475.0,0,0,0,24,104
2083490.0,0,0,0,25,103
2083527.0,0,0,0,25,103
2083683.0,0,0,0,25,103
2083916.0,0,0,0,25,103
2084157.0,0,0,0,25,103
2084157.0,0,0,0,21,107
2084198.0,0,0,0,25,103
2084403.0,0,0,0,25,103
2084403.0,0,0,0,21,107
2084428.0,0,0,0,25,103
2084500.0,0,0,0,57,71
2084532.0,0,0,0,57,71
2084532.0,0,0,0,25,103
2084554.0,0,0,0,25,103
2084554.0,0,0,0,9,119
2084577.0,0,0,0,9,119
2084687.0,0,0,0,25,103
2084695.0,0,0,0,25,103
2085119.0,0,0,0,25,103
2085119.0,0,0,0,21,107
2085139.0,0,0,0,25,103
2085203.0,0,0,0,57,71
2085208.0,0,0,0,57,71
2085208.0,0,0,0,25,103
2085353.0,0,0,0,25,103
2085385.0,0,0,0,25,103
2085385.0,0,0,0,24,104
2085400.0,0,0,0,24,104
2085400.0,0,0,0,22,106
2085416.0,0,0,0,24,104
2085424.0,0,0,0,25,103
2085443.0,0,0,0,25,103
2085443.0,0,0,0,24,104
2085461.0,0,0,0,25,103
2085465.0,0,0,0,25,103
2085465.0,0,0,0,21,107
2085475.0,0,0,0,21,107
2085486.0,0,0,0,21,107
2085486.0,0,0,0,19,109
2085531.0,0,0,0,19,109
2085531.0,0,0,0,15,113
2085594.0,0,0,0,19,109
2085625.0,0,0,0,19,109
2085625.0,0,0,0,15,113
2085650.0,0,0,0,19,109
2085682.0,0,0,0,23,105
2085684.0,0,0,0,25,103
2085691.0,0,0,0,25,103
2085691.0,0,0,0,21,107
2085708.0,0,0,0,25,103
2085865.0,0,0,0,25,103
2085865.0,0,0,0,24,104
2085869.0,0,0,0,24,104
2085869.0,0,0,0,23,105
2085884.0,0,0,0,24,104
2085907.0,0,0,0,25,103
2085921.0,0,0,0,25,103
2085921.0,0,0,0,24,104
2085940.0,0,0,0,25,103
2085942.0,0,0,0,25,103
2085942.0,0,0,0,21,107
2085964.0,0,0,0,21,107
2085964.0,0,0,0,19,109
2086214.0,0,0,0,23,105
2086215.0,0,0,0,25,103
2086310.0,0,0,0,25,103
2086310.0,0,0,0,21,107
2086342.0,0,0,0,25,103
2086541.0,0,0,0,25,103
2086541.0,0,0,0,24,104
2086579.0,0,0,0,25,103
2086589.0,0,0,0,25,103
2086589.0,0,0,0,24,104
2086605.0,0,0,0,25,103
2086607.0,0,0,0,25,103
2086607.0,0,0,0,21,107
2086628.0,0,0,0,21,107
2086628.0,0,0,0,19,109
2086697.0,0,0,0,19,109
2086697.0,0,0,0,15,113
2086736.0,0,0,0,19,109
2086783.0,0,0,0,19,109
2086783.0,0,0,0,15,113
2086823.0,0,0,0,19,109
2086826.0,0,0,0,21,107
2086836.0,0,0,0,25,103
2086915.0,0,0,0,25,103
2086915.0,0,0,0,21,107
2086924.0,0,0,0,25,103
2087169.0,0,0,0,26,102
2087200.0,0,0,0,26,102
2087234.0,0,0,0,26,102
2087234.0,0,0,0,22,106
2087247.0,0,0,0,22,106
2087247.0,0,0,0,18,110
2087255.0,0,0,0,18,110
2087255.0,0,0,0,16,112
2087448.0,0,0,0,20,108
2087457.0,0,0,0,22,106
2087493.0,0,0,0,22,106
2087493.0,0,0,0,18,110
2087510.0,0,0,0,22,106
2087523.0,0,0,0,26,102
2087560.0,0,0,0,26,102
2087560.0,0,0,0,22,106
2087627.0,0,0,0,26,102
2087849.0,0,0,0,26,102
2087849.0,0,0,0,22,106
2087903.0,0,0,0,22,106
2087930.0,0,0,0,26,102
2088116.0,0,0,0,26,102
2088142.0,0,0,0,58,70
2088226.0,0,0,0,58,70
2088226.0,0,0,0,54,74
2088294.0,0,0,0,54,74
2088350.0,0,0,0,54,74
2088382.0,0,0,0,54,74
2088384.0,0,0,0,54,74
2088399.0,0,0,0,58,70
2088408.0,0,0,0,58,70
2088470.0,0,0,0,58,70
2088470.0,0,0,0,54,74
2088523.0,0,0,0,54,74
2088523.0,0,0,0,22,106
2088546.0,0,0,0,54,74
2088557.0,0,0,0,54,74
2088557.0,0,0,0,22,106
2088584.0,0,0,0,22,106
2088661.0,0,0,0,26,102
2088694.0,0,0,0,26,102
2088694.0,0,0,0,18,110
2088748.0,0,0,0,26,102
2088892.0,0,0,0,26,102
2088892.0,0,0,0,22,106
2088914.0,0,0,0,22,106
2088915.0,0,0,0,22,106
2088982.0,0,0,0,54,74
2088994.0,0,0,0,54,74
2088994.0,0,0,0,46,82
2089023.0,0,0,0,50,78
2089042.0,0,0,0,50,78
2089042.0,0,0,0,18,110
2089067.0,0,0,0,26,102
2089116.0,0,0,0,26,102
2089116.0,0,0,0,22,106
2089123.0,0,0,0,22,106
2089123.0,0,0,0,18,110
2089173.0,0,0,0,22,106
2089226.0,0,0,0,22,106
2089226.0,0,0,0,18,110
2089239.0,0,0,0,22,106
2089345.0,0,0,0,54,74
2089356.0,0,0,0,54,74
2089356.0,0,0,0,46,82
2089370.0,0,0,0,46,82
2089370.0,0,0,0,38,90
2089387.0,0,0,0,38,90
2089387.0,0,0,0,6,122
2089399.0,0,0,0,10,118
2089436.0,0,0,0,10,118
2089441.0,0,0,0,10,118
2089441.0,0,0,0,6,122
2089477.0,0,0,0,14,114
2089478.0,0,0,0,22,106
2089520.0,0,0,0,26,102
2089523.0,0,0,0,26,102
2089524.0,0,0,0,26,102
2089524.0,0,0,0,25,103
2089536.0,0,0,0,25,103
2089551.0,0,0,0,26,102
2089624.0,0,0,0,26,102
2089632.0,0,0,0,58,70
2089635.0,0,0,0,58,70
2089635.0,0,0,0,57,71
2089652.0,0,0,0,58,70
2089661.0,0,0,0,58,70
2089661.0,0,0,0,54,74
2089741.0,0,0,0,54,74
2089741.0,0,0,0,38,90
2089773.0,0,0,0,42,86
2089789.0,0,0,0,42,86
2089789.0,0,0,0,38,90
2089809.0,0,0,0,42,86
2089919.0,0,0,0,58,70
2089953.0,0,0,0,58,70
2089953.0,0,0,0,57,71
2089960.0,0,0,0,58,70
2089971.0,0,0,0,58,70
2089971.0,0,0,0,56,72
2089993.0,0,0,0,58,70
2090026.0,0,0,0,58,70
2090026.0,0,0,0,26,102
2090082.0,0,0,0,26,102
2090082.0,0,0,0,25,103
2090125.0,0,0,0,25,103
2090125.0,0,0,0,21,107
2090128.0,0,0,0,22,106
2090128.0,0,0,0,18,110
2090148.0,0,0,0,18,110
2090151.0,0,0,0,18,110
2090151.0,0,0,0,17,111
2090157.0,0,0,0,17,111
2090158.0,0,0,0,21,107
2090176.0,0,0,0,22,106
2090180.0,0,0,0,22,106
2090180.0,0,0,0,18,110
2090202.0,0,0,0,18,110
2090202.0,0,0,0,16,112
2090248.0,0,0,0,20,108
2090286.0,0,0,0,20,108
2090286.0,0,0,0,16,112
2090311.0,0,0,0,20,108
2090319.0,0,0,0,20,108
2090319.0,0,0,0,4,124
2090357.0,0,0,0,4,124
2090357.0,0,0,0,0,128
2090427.0,0,0,0,4,124
2090469.0,0,0,0,10,118
2090500.0,0,0,0,26,102
2090629.0,0,0,0,26,102
2090629.0,0,0,0,25,103
2090654.0,0,0,0,25,103
2090654.0,0,0,0,21,107
2090668.0,0,0,0,22,106
2090678.0,0,0,0,22,106
2090678.0,0,0,0,21,107
2090703.0,0,0,0,22,106
2090706.0,0,0,0,22,106
2090706.0,0,0,0,18,110
2090728.0,0,0,0,18,110
2090728.0,0,0,0,16,112
2090812.0,0,0,0,16,112
2090812.0,0,0,0,0,128
2090842.0,0,0,0,0,128
2090909.0,0,0,0,4,124
2090911.0,0,0,0,6,122
2090956.0,0,0,0,22,106
2091210.0,0,0,0,22,106
2091210.0,0,0,0,18,110
2091234.0,0,0,0,22,106
2091246.0,0,0,0,22,106
2091257.0,0,0,0,26,102
2091315.0,0,0,0,26,102
2091315.0,0,0,0,22,106
2091376.0,0,0,0,26,102
2091379.0,0,0,0,26,102
2091379.0,0,0,0,25,103
2091392.0,0,0,0,26,102
2091562.0,0,0,0,26,102
2091562.0,0,0,0,22,106
2091633.0,0,0,0,26,102
2091682.0,0,0,0,26,102
2091767.0,0,0,0,26,102
2091873.0,0,0,0,26,102
2091888.0,0,0,0,58,70
2091967.0,0,0,0,58,70
2091967.0,0,0,0,57,71
2091975.0,0,0,0,57,71
2091975.0,0,0,0,53,75
2091991.0,0,0,0,54,74
2092003.0,0,0,0,54,74
2092003.0,0,0,0,50,78
2092029.0,0,0,0,50,78
2092029.0,0,0,0,48,80
2092045.0,0,0,0,48,80
2092099.0,0,0,0,48,80
2092148.0,0,0,0,48,80
2092148.0,0,0,0,44,84
2092174.0,0,0,0,48,80
2092177.0,0,0,0,48,80
2092220.0,0,0,0,48,80
2092251.0,0,0,0,48,80
2092287.0,0,0,0,52,76
2092289.0,0,0,0,54,74
2092318.0,0,0,0,54,74
2092318.0,0,0,0,50,78
2092331.0,0,0,0,54,74
2092332.0,0,0,0,54,74
2092473.0,0,0,0,54,74
2092509.0,0,0,0,54,74
2092619.0,0,0,0,54,74
2092862.0,0,0,0,54,74
2092862.0,0,0,0,50,78
2092881.0,0,0,0,54,74
2093011.0,0,0,0,54,74
2093127.0,0,0,0,54,74
2093169.0,0,0,0,54,74
2093200.0,0,0,0,54,74
2093411.0,0,0,0,54,74
2093411.0,0,0,0,50,78
2093430.0,0,0,0,54,74
2093595.0,0,0,0,86,42
2093609.0,0,0,0,86,42
2093611.0,0,0,0,86,42
2093656.0,0,0,0,86,42
2093860.0,0,0,0,90,38
2093934.0,0,0,0,90,38
2093957.0,0,0,0,90,38
2094076.0,0,0,0,90,38
2094333.0,0,0,0,90,38
2094464.0,0,0,0,90,38
2094464.0,0,0,0,58,70
2094588.0,0,0,0,58,70
2094830.0,0,0,0,58,70
2094830.0,0,0,0,54,74
2094847.0,0,0,0,58,70
2094874.0,0,0,0,58,70
2094987.0,0,0,0,58,70
2094987.0,0,0,4,54,70
2094989.0,0,0,4,54,70
2094989.0,0,0,6,52,70
2095031.0,0,0,6,52,70
2095031.0,0,0,10,48,70
2095581.0,0,0,10,48,70
2095581.0,0,0,14,44,70
2096130.0,0,0,14,44,70
2096130.0,0,0,18,40,70
2096279.0,0,0,18,40,70
2096279.0,0,0,18,36,74
2096295.0,0,0,18,36,74
2096295.0,0,0,46,8,74
2096297.0,0,0,46,12,70
2096359.0,0,0,46,12,70
2096359.0,0,0,46,11,71
2096372.0,0,0,46,11,71
2096372.0,0,0,46,7,75
2096377.0,0,0,46,8,74
2096390.0,0,0,46,8,74
2096390.0,0,0,46,7,75
2096391.0,0,0,46,11,71
2096407.0,0,0,46,12,70
2096560.0,0,0,46,12,70
2097296.0,0,0,46,12,70
2097296.0,0,0,46,8,74
2097313.0,0,0,46,12,70
2097384.0,0,0,46,12,70
2097384.0,0,0,46,8,74
2097401.0,0,0,46,12,70
2097547.0,0,0,46,12,70
2097687.0,4,0,42,12,70
2097689.0,6,0,40,12,70
2097731.0,10,0,36,12,70
2098281.0,14,0,32,12,70
2098830.0,18,0,28,12,70
2098995.0,46,0,0,12,70
2098997.0,46,0,0,12,70
2099091.0,46,0,0,12,70
2099091.0,46,0,3,9,70
2099107.0,46,0,3,9,70
2099107.0,46,0,4,8,70
2100013.0,46,0,4,8,70
2100013.0,46,0,8,4,70
2100101.0,46,0,8,4,70
2100101.0,46,0,12,0,70
2101791.0,49,0,9,0,70
2101807.0,50,0,8,0,70
2102713.0,54,0,4,0,70
2102801.0,58,0,0,0,70
2103259.0,58,0,0,0,70
2103259.0,42,16,0,0,70
2103261.0,42,16,0,32,38
2103270.0,42,16,0,32,38
2103270.0,0,58,0,32,38
2103634.0,0,58,0,64,6
2103638.0,0,58,0,64,6
2103638.0,0,58,0,63,7
2103645.0,0,58,0,64,6
2104039.0,0,58,0,64,6
2104039.0,0,58,0,63,7
2104078.0,0,58,0,64,6
2104089.0,0,58,0,64,6
2104089.0,0,58,0,63,7
2104115.0,0,58,0,64,6
2104119.0,0,58,0,64,6
2104119.0,0,58,0,60,10
2104131.0,0,58,0,64,6
2104190.0,0,58,0,64,6
2104190.0,0,58,0,63,7
2104207.0,0,58,0,64,6
2104211.0,0,58,0,64,6
2104211.0,0,58,0,60,10
2104233.0,0,58,0,60,10
2104233.0,0,58,0,58,12
2104320.0,0,58,0,62,8
2104372.0,0,58,0,64,6
2104983.0,0,58,0,64,6
2104983.0,0,58,0,60,10
2105009.0,0,58,0,60,10
2105009.0,0,58,0,58,12
2105059.0,0,42,0,74,12
2105059.0,0,42,0,58,28
2105070.0,0,0,0,100,28
2105070.0,0,0,0,36,92
2105094.0,0,0,0,40,88
2105144.0,0,0,0,42,86
2105214.0,0,0,0,42,86
2105214.0,0,0,0,38,90
2105235.0,0,0,0,38,90
2105235.0,0,0,0,36,92
2105339.0,0,0,0,40,88
2105340.0,0,0,0,42,86
2105961.0,0,0,0,42,86
2106334.0,0,0,0,42,86
2106334.0,0,0,16,26,86
2106345.0,0,0,16,26,86
2106345.0,0,0,17,25,86
2106566.0,0,0,17,25,86
2106566.0,0,0,17,24,87
2106604.0,0,0,17,25,86
2106617.0,0,0,17,25,86
2106617.0,0,0,17,24,87
2106637.0,0,0,17,25,86
2106641.0,0,0,17,25,86
2106641.0,0,0,17,21,90
2106663.0,0,0,17,21,90
2106663.0,0,0,17,19,92
2106778.0,0,0,17,19,92
2106815.0,0,0,17,19,92
2106831.0,0,0,17,19,92
2106907.0,0,0,17,19,92
2107020.0,0,0,17,19,92
2107020.0,0,0,20,16,92
2107072.0,0,0,20,16,92
2107072.0,0,0,22,14,92
2107144.0,0,0,22,14,92
2107144.0,0,0,22,13,93
2107164.0,0,0,22,14,92
2107232.0,0,0,22,14,92
2107232.0,0,0,22,13,93
2107248.0,0,0,22,14,92
2107251.0,0,0,22,16,90
2107252.0,0,0,22,20,86
2107306.0,0,0,22,20,86
2107306.0,0,0,22,16,90
2107328.0,0,0,22,16,90
2107328.0,0,0,22,14,92
2107451.0,0,0,22,14,92
2107451.0,0,0,22,13,93
2107468.0,0,0,22,14,92
2107503.0,0,0,22,18,88
2107505.0,0,0,22,20,86
2107794.0,0,0,22,20,86
2108039.0,0,0,22,20,86
2108039.0,0,0,23,19,86
2108040.0,0,0,23,19,86
2108040.0,0,0,25,17,86
2108418.0,0,0,25,17,86
2108418.0,0,0,25,16,87
2108455.0,0,0,25,17,86
2108463.0,0,0,25,17,86
2108463.0,0,0,25,16,87
2108482.0,0,0,25,17,86
2108485.0,0,0,25,17,86
2108485.0,0,0,25,13,90
2108506.0,0,0,25,13,90
2108506.0,0,0,25,11,92
2108786.0,0,0,25,15,88
2108788.0,0,0,25,17,86
2109034.0,16,0,9,17,86
2109045.0,17,0,8,17,86
2109304.0,17,0,8,17,86
2109337.0,17,0,8,17,86
2109567.0,17,0,8,17,86
2109567.0,17,0,8,16,87
2109604.0,17,0,8,17,86
2109616.0,17,0,8,17,86
2109616.0,17,0,8,16,87
2109633.0,17,0,8,17,86
2109636.0,17,0,8,17,86
2109636.0,17,0,8,13,90
2109661.0,17,0,8,13,90
2109661.0,17,0,8,11,92
2109720.0,20,0,5,11,92
2109772.0,22,0,3,11,92
2109855.0,22,0,3,13,90
2109856.0,22,0,3,17,86
2109864.0,22,0,3,17,86
2109952.0,22,0,3,17,86
2109957.0,22,0,3,17,86
2109957.0,22,0,3,16,87
2109992.0,22,0,3,17,86
2110002.0,22,0,3,17,86
2110002.0,22,0,3,16,87
2110020.0,22,0,3,17,86
2110022.0,22,0,3,17,86
2110022.0,22,0,3,13,90
2110044.0,22,0,3,13,90
2110044.0,22,0,3,11,92
2110168.0,22,0,3,11,92
2110203.0,22,0,3,11,92
2110205.0,22,0,3,11,92
2110323.0,22,0,3,15,88
2110326.0,22,0,3,17,86
2110739.0,23,0,2,17,86
2110740.0,25,0,0,17,86
2111155.0,25,0,0,17,86
2111182.0,25,0,0,17,86
2111486.0,25,0,0,17,86
2111488.0,25,0,0,17,86
2111488.0,25,0,1,16,86
2112304.0,25,0,1,16,86
2112304.0,25,0,2,15,86
2112333.0,25,0,2,15,86
2112333.0,25,0,3,14,86
2112555.0,25,0,3,14,86
2112555.0,25,0,5,12,86
2112556.0,25,0,5,12,86
2112556.0,25,0,9,8,86
2112692.0,25,0,9,8,86
2112692.0,25,0,10,7,86
2112720.0,25,0,10,7,86
2112720.0,25,0,11,6,86
2113023.0,25,0,11,6,86
2113023.0,25,0,15,2,86
2113026.0,25,0,15,2,86
2113026.0,25,0,17,0,86
2114169.0,25,0,17,0,86
2114169.0,24,1,17,0,86
2114188.0,25,1,16,4,82
2114191.0,25,1,16,6,80
2114198.0,25,1,16,6,80
2114305.0,25,1,16,6,80
2115004.0,26,1,15,6,80
2115033.0,27,1,14,6,80
2115255.0,29,1,12,6,80
2115256.0,33,1,8,6,80
2115392.0,34,1,7,6,80
2115420.0,35,1,6,6,80
2115723.0,39,1,2,6,80
2115726.0,41,1,0,6,80
2115849.0,41,1,0,70,16
2115969.0,41,0,0,71,16
2115969.0,41,0,0,70,17
2115982.0,41,0,0,71,16
2115983.0,41,0,0,87,0
2115983.0,0,41,0,87,0
2116888.0,0,41,0,87,0
2117783.0,0,0,0,128,0
2117783.0,0,0,0,0,128
2117886.0,0,0,0,128,0
2117886.0,0,0,0,0,128
2123962.0,0,0,0,0,128
2124014.0,0,0,0,0,128
2124223.0,0,0,0,0,128
2124226.0,0,0,0,0,128
2127540.0,0,0,0,128,0
2127540.0,0,0,0,0,128
2127586.0,0,0,0,128,0
2127586.0,0,0,0,0,128
2127788.0,0,0,0,128,0
2127788.0,0,0,0,0,128
2134148.0,0,0,0,0,128
2134680.0,0,0,0,64,64
2134680.0,0,0,0,56,72
2134891.0,0,0,0,64,64
2135085.0,0,0,0,64,64
2135085.0,0,0,0,32,96
2135550.0,0,0,0,64,64
2135562.0,0,0,0,64,64
2135562.0,0,0,0,32,96
2135589.0,0,0,0,64,64
2135625.0,0,0,0,64,64
2135625.0,0,0,0,32,96
2137380.0,0,0,0,32,96
2137712.0,0,0,0,32,96
2137957.0,0,0,0,64,64
2137957.0,0,0,0,0,128
2137997.0,0,0,0,64,64
2138145.0,0,0,0,64,64
2138145.0,0,0,0,56,72
2138161.0,0,0,0,64,64
2138250.0,0,0,0,64,64
2138253.0,0,0,0,64,64
2138253.0,0,0,0,56,72
2138289.0,0,0,0,56,72
2138294.0,0,0,0,64,64
2138439.0,0,0,0,64,64
2138439.0,0,0,0,0,128
2138481.0,0,0,0,64,64
2138488.0,0,0,0,64,64
2138488.0,0,0,0,0,128
2138588.0,0,0,0,64,64
2138995.0,0,0,0,128,0
2139188.0,0,0,0,128,0
2139188.0,0,0,0,64,64
2139562.0,0,0,0,128,0
2139693.0,0,0,0,128,0
2139693.0,0,0,0,64,64
2140657.0,0,0,0,128,0
2140697.0,0,0,0,128,0
2141181.0,0,0,0,128,0
2141288.0,0,0,0,128,0
2141695.0,0,0,0,128,0
2142156.0,0,0,0,128,0
2142156.0,0,0,0,126,2
2142262.0,0,0,0,126,2
2142262.0,0,0,62,64,2
2142761.0,0,0,62,64,2
2142761.0,0,0,62,32,34
2143021.0,0,0,62,32,34
2143021.0,0,0,62,0,66
2143099.0,0,0,62,0,66
2143175.0,0,0,62,0,66
2143224.0,0,0,62,32,34
2143224.0,0,0,62,0,66
2143300.0,0,0,62,0,66
2143357.0,0,0,62,0,66
2144266.0,0,0,62,0,66
2144746.0,0,0,62,0,66
2144962.0,62,0,0,0,66
2144962.0,17,45,0,0,66
2145229.0,17,45,0,0,66
2145764.0,17,45,0,0,66
2145778.0,17,45,0,0,66
2145859.0,17,45,0,2,64
2146485.0,17,45,0,34,32
2146485.0,17,45,0,2,64
2146540.0,17,45,0,2,64
2146723.0,17,45,0,2,64
2146762.0,17,0,0,47,64
2146762.0,17,0,0,2,109
2146796.0,17,0,0,3,108
2146849.0,17,0,0,35,76
2146849.0,9,8,0,3,108
2146932.0,9,8,0,35,76
2146932.0,9,8,0,3,108
2146969.0,9,8,0,35,76
2147002.0,9,8,0,39,72
2147052.0,9,8,0,71,40
2147093.0,9,8,0,71,40
2147093.0,9,8,0,55,56
2147150.0,9,8,0,55,56
2147150.0,9,8,0,54,57
2147165.0,9,8,0,55,56
2147228.0,9,8,0,63,48
2147282.0,9,8,0,79,32
2147408.0,9,8,0,79,32
2147408.0,9,8,0,47,64
2147567.0,9,8,0,47,64
2147567.0,9,8,0,46,65
2147572.0,9,8,0,47,64
2147762.0,9,8,0,47,64
2147762.0,9,8,0,43,68
2147815.0,9,8,0,47,64
2148387.0,9,8,0,47,64
2148387.0,9,8,0,43,68
2148559.0,9,8,0,43,68
2148649.0,9,0,0,51,68
2148649.0,9,0,0,43,76
2148791.0,9,0,0,47,72
2148916.0,9,0,0,47,72
2148916.0,9,0,0,43,76
2148929.0,9,0,0,47,72
2149165.0,9,0,0,51,68
2149185.0,9,0,0,51,68
2149226.0,9,0,0,51,68
2149226.0,9,0,0,47,72
2149255.0,9,0,0,51,68
2149293.0,9,0,0,51,68
2149293.0,9,0,0,47,72
2149369.0,9,0,0,51,68
2149456.0,9,0,0,51,68
2149456.0,9,0,0,47,72
2149514.0,9,0,0,51,68
2149549.0,9,0,0,51,68
2149556.0,9,0,0,51,68
2149556.0,9,0,0,47,72
2149608.0,9,0,0,51,68
2149613.0,9,0,0,51,68
2149613.0,9,0,0,50,69
2149632.0,9,0,0,50,69
2149669.0,9,0,0,50,69
2149719.0,9,0,0,51,68
2149721.0,9,0,0,51,68
2149721.0,9,0,0,50,69
2149752.0,9,0,0,50,69
2149928.0,9,0,0,50,69
2149982.0,9,0,0,50,69
2149982.0,9,0,16,34,69
2150065.0,9,0,16,35,68
2150272.0,9,0,16,35,68
2150272.0,9,0,17,34,68
2150317.0,9,0,17,34,68
2150317.0,9,0,17,2,100
2150365.0,9,0,17,2,100
2150365.0,9,0,17,1,101
2150384.0,9,0,17,2,100
2150452.0,9,0,17,2,100
2150452.0,5,4,17,2,100
2150499.0,5,4,17,2,100
2150499.0,1,8,17,2,100
2150515.0,1,8,17,2,100
2150521.0,1,8,17,34,68
2150820.0,1,8,17,34,68
2150820.0,1,8,17,30,72
2150883.0,1,8,17,30,72
2150883.0,1,8,17,26,76
2150885.0,1,8,17,30,72
2150887.0,1,8,17,30,72
2150887.0,1,8,17,14,88
2151134.0,1,8,17,46,56
2151148.0,1,8,17,50,52
2151190.0,1,8,17,50,52
2151190.0,1,8,17,46,56
2151248.0,1,8,17,46,56
2151248.0,1,8,17,42,60
2151304.0,1,8,17,46,56
2151316.0,1,8,17,62,40
2151326.0,1,8,17,62,40
2151326.0,1,8,17,58,44
2151374.0,1,8,17,62,40
2151441.0,1,8,17,62,40
2151441.0,1,8,17,46,56
2151510.0,1,8,17,50,52
2151542.0,1,8,17,66,36
2151563.0,1,8,17,66,36
2151563.0,1,8,17,62,40
2151648.0,1,8,17,66,36
2151900.0,1,8,17,66,36
2151900.0,1,8,17,64,38
2151923.0,1,8,17,66,36
2151960.0,1,8,17,66,36
2151960.0,1,8,17,62,40
2151984.0,1,8,17,66,36
2152252.0,1,4,17,70,36
2152252.0,1,4,17,66,40
2152299.0,1,0,17,70,40
2152299.0,1,0,17,66,44
2152343.0,1,0,17,70,40
2152369.0,1,0,17,74,36
2152419.0,1,0,17,74,36
2152536.0,1,0,17,74,36
2152536.0,1,0,17,73,37
2152551.0,1,0,17,74,36
2152682.0,17,0,1,74,36
2152765.0,17,0,1,74,36
2152959.0,17,0,1,74,36
2152959.0,17,0,1,70,40
2152972.0,18,0,0,70,40
2153044.0,18,0,0,70,40
2153044.0,18,0,0,69,41
2153091.0,18,0,0,70,40
2153127.0,18,0,0,70,40
2153127.0,18,0,0,66,44
2153140.0,18,0,0,70,40
2153162.0,18,0,0,70,40
2153162.0,18,0,0,69,41
2153218.0,18,0,0,73,37
2153221.0,18,0,0,73,37
2153238.0,18,0,0,73,37
2153238.0,18,0,0,41,69
2153249.0,18,0,0,42,68
2153456.0,18,0,0,74,36
2153585.0,18,0,0,74,36
2153681.0,18,0,0,74,36
2153681.0,18,0,0,70,40
2153733.0,18,0,0,70,40
2153733.0,18,0,0,69,41
2153764.0,18,0,0,69,41
2153764.0,18,0,0,65,45
2153785.0,18,0,0,65,45
2153785.0,18,0,0,63,47
2153804.0,18,0,0,67,43
2153834.0,18,0,0,67,43
2153848.0,18,0,0,67,43
2153853.0,18,0,0,68,42
2153893.0,18,0,0,100,10
2153895.0,18,0,0,100,10
2153895.0,18,0,0,68,42
2153896.0,18,0,0,68,42
2153896.0,18,0,0,67,43
2154049.0,18,0,0,68,42
2154065.0,18,0,0,68,42
2154065.0,18,0,0,67,43
2154077.0,18,0,0,71,39
2154080.0,18,0,0,73,37
2154106.0,18,0,0,73,37
2154106.0,18,0,0,72,38
2154116.0,18,0,0,72,38
2154116.0,18,0,0,71,39
2154173.0,18,0,0,72,38
2154186.0,18,0,0,73,37
2154189.0,18,0,0,74,36
2154242.0,18,0,0,74,36
2154381.0,18,0,0,74,36
2154381.0,18,0,0,73,37
2154388.0,18,0,0,73,37
2154388.0,18,0,0,72,38
2154445.0,18,0,0,73,37
2154457.0,18,0,0,73,37
2154457.0,18,0,0,72,38
2154481.0,18,0,0,73,37
2154488.0,18,0,0,73,37
2154488.0,18,0,0,69,41
2154498.0,18,0,0,70,40
2154509.0,18,0,0,70,40
2154509.0,18,0,0,68,42
2154576.0,18,0,0,68,42
2154576.0,18,0,0,67,43
2154590.0,18,0,0,68,42
2154604.0,18,0,0,68,42
2154604.0,18,0,0,67,43
2154657.0,18,0,0,67,43
2154657.0,18,0,0,66,44
2154664.0,18,0,0,66,44
2154664.0,18,0,0,50,60
2154677.0,18,0,0,51,59
2154680.0,18,0,0,57,53
2154698.0,18,0,0,58,52
2154764.0,18,0,0,58,52
2154764.0,18,0,0,57,53
2154835.0,18,0,0,74,36
2154847.0,18,0,0,74,36
2154847.0,18,0,0,73,37
2154865.0,18,0,0,74,36
2154870.0,18,0,0,74,36
2154870.0,18,0,0,70,40
2154892.0,18,0,0,70,40
2154892.0,18,0,0,68,42
2155170.0,18,0,0,72,38
2155172.0,18,0,0,74,36
2155695.0,18,0,0,74,36
2155695.0,18,0,0,70,40
2155859.0,18,0,0,74,36
2155999.0,18,0,0,74,36
2155999.0,18,0,0,70,40
2156055.0,18,0,0,70,40
2156055.0,18,0,0,54,56
2156125.0,18,0,0,58,52
2156156.0,18,0,0,58,52
2156181.0,18,0,0,58,52
2156181.0,18,0,0,26,84
2156204.0,18,0,0,42,68
2156393.0,18,0,0,42,68
2156393.0,18,0,0,38,72
2156422.0,18,0,0,42,68
2156434.0,18,0,0,42,68
2156434.0,18,0,0,38,72
2156475.0,18,0,0,42,68
2156504.0,18,0,0,42,68
2156518.0,18,0,0,42,68
2156518.0,18,0,0,38,72
2156593.0,18,0,0,38,72
2157479.0,18,0,0,70,40
2157485.0,18,0,0,70,40
2157485.0,18,0,0,38,72
2157535.0,18,0,0,38,72
2157870.0,18,0,0,38,72
2157899.0,18,0,0,38,72
2157899.0,18,0,0,37,73
2157950.0,18,0,0,38,72
2157965.0,18,0,0,38,72
2157965.0,18,0,0,37,73
2157984.0,18,0,0,38,72
2157990.0,18,0,0,38,72
2157990.0,18,0,0,34,76
2158011.0,18,0,0,34,76
2158011.0,18,0,0,32,78
2158295.0,18,0,0,36,74
2158297.0,18,0,0,38,72
2158531.0,18,0,0,42,68
2158957.0,18,0,0,42,68
2158957.0,18,0,0,38,72
2159090.0,18,0,0,42,68
2159122.0,18,0,0,42,68
2159160.0,18,0,0,42,68
2159160.0,18,0,0,38,72
2159175.0,18,0,0,38,72
2159215.0,18,0,0,42,68
2159417.0,18,0,0,74,36
2159454.0,18,0,0,74,36
2159454.0,18,0,0,58,52
2159639.0,18,0,0,74,36
2159710.0,18,0,0,74,36
2159710.0,18,0,0,58,52
2159839.0,18,0,0,74,36
2159884.0,18,0,0,74,36
2159884.0,18,0,0,58,52
2159974.0,18,0,0,58,52
2159974.0,18,0,0,26,84
2160018.0,18,0,0,42,68
2160055.0,18,0,0,42,68
2160055.0,18,0,0,26,84
2160179.0,18,0,0,26,84
2160192.0,18,0,0,58,52
2160198.0,18,0,0,74,36
2160232.0,18,0,0,74,36
2160232.0,18,0,0,58,52
2160295.0,18,0,0,74,36
2160325.0,18,0,0,74,36
2160325.0,18,0,0,58,52
2160377.0,18,0,0,74,36
2160401.0,18,0,0,74,36
2160401.0,18,0,0,58,52
2160446.0,18,0,0,74,36
2160947.0,18,0,0,74,36
2160947.0,18,0,0,73,37
2160985.0,18,0,0,74,36
2160996.0,18,0,0,74,36
2160996.0,18,0,0,73,37
2161019.0,18,0,0,74,36
2161024.0,18,0,0,74,36
2161024.0,18,0,0,70,40
2161047.0,18,0,0,70,40
2161047.0,18,0,0,68,42
2161048.0,18,0,0,68,42
2161048.0,18,0,0,36,74
2161050.0,18,0,0,68,42
2161231.0,18,0,0,68,42
2161554.0,18,0,0,68,42
2161554.0,18,0,0,52,58
2161561.0,18,0,0,52,58
2161561.0,18,0,0,36,74
2161612.0,18,0,0,52,58
2161692.0,18,0,0,68,42
2161755.0,18,0,0,68,42
2161755.0,18,0,0,52,58
2161790.0,18,0,0,68,42
2161803.0,18,0,0,68,42
2161803.0,18,0,0,52,58
2161851.0,18,0,0,68,42
2162046.0,18,0,0,68,42
2162046.0,18,0,0,36,74
2162117.0,18,0,0,36,74
2162339.0,18,0,0,36,74
2162352.0,18,0,0,40,70
2162353.0,18,0,0,42,68
2162513.0,18,0,0,42,68
2162513.0,18,0,0,41,69
2162532.0,18,0,0,42,68
2162539.0,18,0,0,42,68
2162718.0,18,0,0,42,68
2162892.0,18,0,0,42,68
2162963.0,18,0,0,42,68
2162963.0,18,0,0,41,69
2162995.0,18,0,0,41,69
2163005.0,18,0,0,42,68
2163020.0,18,0,0,42,68
2163020.0,18,0,0,41,69
2163039.0,18,0,0,42,68
2163044.0,18,0,0,42,68
2163044.0,18,0,0,38,72
2163065.0,18,0,0,38,72
2163065.0,18,0,0,36,74
2163077.0,18,0,0,36,74
2163146.0,18,0,0,36,74
2163536.0,18,0,0,40,70
2163538.0,18,0,0,42,68
2163627.0,18,0,0,42,68
2163627.0,18,0,0,38,72
2163686.0,18,0,0,42,68
2163750.0,18,0,0,42,68
2164008.0,18,0,0,42,68
2164008.0,18,0,0,41,69
2164044.0,18,0,0,42,68
2164093.0,18,0,0,42,68
2164093.0,18,0,0,41,69
2164109.0,18,0,0,42,68
2164119.0,18,0,0,42,68
2164119.0,18,0,0,38,72
2164140.0,18,0,0,38,72
2164140.0,18,0,0,36,74
2164392.0,18,0,0,36,74
2164425.0,18,0,0,40,70
2164427.0,18,0,0,42,68
2164490.0,18,0,0,42,68
2164551.0,18,0,0,42,68
2164551.0,18,0,15,27,68
2164552.0,18,0,15,27,68
2164552.0,18,0,15,23,72
2164605.0,18,0,15,27,68
2164666.0,18,0,15,59,36
2164676.0,18,0,15,59,36
2164676.0,18,0,15,27,68
2164827.0,18,0,15,27,68
2164827.0,18,0,15,23,72
2164888.0,18,0,15,27,68
2164986.0,18,0,15,27,68
2164986.0,18,0,15,26,69
2165048.0,18,0,15,27,68
2165052.0,18,0,15,27,68
2165053.0,18,0,15,27,68
2165179.0,18,0,15,27,68
2165179.0,18,0,15,26,69
2165238.0,18,0,15,27,68
2165493.0,18,0,15,27,68
2165493.0,18,0,15,26,69
2165566.0,18,0,15,27,68
2165659.0,18,0,15,27,68
2165659.0,18,0,15,23,72
2165716.0,18,0,15,27,68
2165769.0,18,0,15,59,36
2165783.0,18,0,15,59,36
2165783.0,18,0,15,27,68
2166084.0,18,0,15,27,68
2166084.0,18,0,15,23,72
2166140.0,18,0,15,27,68
2166777.0,18,0,15,27,68
2166777.0,0,18,15,27,68
2166817.0,0,18,15,27,68
2166817.0,0,18,15,25,70
2166847.0,0,18,15,25,70
2166847.0,0,18,15,23,72
2166875.0,0,18,15,23,72
2166875.0,0,18,15,21,74
2166949.0,0,18,15,23,72
2166951.0,0,18,15,25,70
2166953.0,0,18,15,27,68
2167017.0,0,18,15,27,68
2167087.0,0,18,15,27,68
2167251.0,15,18,0,27,68
2167366.0,15,18,0,27,68
2167456.0,15,18,0,27,68
2167456.0,7,26,0,27,68
2167866.0,7,26,0,27,68
2167912.0,7,26,0,27,68
2167912.0,5,28,0,27,68
2167949.0,5,28,0,59,36
2167949.0,5,28,0,27,68
2167955.0,5,28,0,27,68
2167960.0,5,28,0,27,68
2168001.0,5,28,0,27,68
2168001.0,3,30,0,27,68
2168010.0,3,30,0,27,68
2168058.0,3,30,0,27,68
2168078.0,3,30,0,27,68
2168098.0,3,30,0,27,68
2168151.0,3,30,0,27,68
2168197.0,3,30,0,27,68
2168201.0,3,30,0,27,68
2168201.0,2,31,0,27,68
2168250.0,2,31,0,27,68
2168250.0,1,32,0,27,68
2168309.0,1,32,0,59,36
2168309.0,1,32,0,27,68
2168346.0,1,32,0,27,68
2168359.0,1,32,0,59,36
2168359.0,1,32,0,27,68
2168379.0,1,32,0,59,36
2168379.0,1,32,0,27,68
2168388.0,1,32,0,27,68
2168397.0,1,32,0,59,36
2168397.0,1,32,0,43,52
2168415.0,1,32,0,75,20
2168415.0,1,32,0,43,52
2168462.0,1,32,0,75,20
2168462.0,1,32,0,43,52
2168469.0,1,32,0,43,52
2168491.0,1,32,0,59,36
2168491.0,1,32,0,27,68
2168492.0,1,32,0,27,68
2168492.0,0,33,0,27,68
2168505.0,0,33,0,59,36
2168505.0,0,33,0,27,68
2168515.0,0,33,0,27,68
2168536.0,0,33,0,27,68
2168536.0,0,33,0,25,70
2168577.0,0,15,0,43,70
2168577.0,0,15,0,11,102
2168578.0,0,15,0,43,70
2168578.0,0,15,0,11,102
2168586.0,0,15,0,11,102
2168601.0,0,15,0,43,70
2168601.0,0,15,0,10,103
2168606.0,0,15,0,10,103
2168609.0,0,15,0,10,103
2168631.0,0,15,0,11,102
2168637.0,0,15,0,43,70
2168637.0,0,15,0,7,106
2168692.0,0,15,0,11,102
2168707.0,0,15,0,43,70
2168715.0,0,15,0,75,38
2168753.0,0,15,0,75,38
2168753.0,0,15,0,59,54
2168830.0,0,15,0,61,52
2168846.0,0,15,0,77,36
2169012.0,0,15,0,77,36
2169012.0,0,15,0,73,40
2169021.0,0,15,0,73,40
2169021.0,0,15,0,41,72
2169034.0,0,15,0,41,72
2169034.0,0,15,0,39,74
2169041.0,0,15,0,71,42
2169069.0,0,15,0,71,42
2169069.0,0,15,0,39,74
2169109.0,0,15,0,71,42
2169172.0,0,15,0,71,42
2169172.0,0,15,0,39,74
2169233.0,0,15,0,45,68
2169256.0,0,7,0,53,68
2169256.0,0,7,0,45,76
2169295.0,0,7,0,45,76
2169295.0,0,7,0,41,80
2169313.0,0,7,0,45,76
2169317.0,0,7,0,49,72
2169317.0,0,7,0,47,74
2169530.0,0,7,0,47,74
2169530.0,0,7,0,46,75
2169551.0,0,7,0,47,74
2169574.0,0,7,0,47,74
2169574.0,0,7,0,46,75
2169589.0,0,7,0,47,74
2169601.0,0,7,0,47,74
2169601.0,0,7,0,15,106
2169605.0,0,7,0,19,102
2169607.0,0,7,0,21,100
2169712.0,0,5,0,23,100
2169712.0,0,5,0,21,102
2169728.0,0,5,0,22,101
2169732.0,0,5,0,23,100
2169797.0,0,5,0,55,68
2169801.0,0,3,0,57,68
2169801.0,0,3,0,55,70
2169817.0,0,3,0,56,69
2169825.0,0,3,0,57,68
2170001.0,0,2,0,58,68
2170001.0,0,2,0,57,69
2170010.0,0,2,0,58,68
2170050.0,0,1,0,59,68
2170050.0,0,1,0,58,69
2170116.0,0,1,0,58,69
2170116.0,0,1,0,26,101
2170130.0,0,1,0,27,100
2170223.0,0,1,0,59,68
2170292.0,0,0,0,60,68
2170292.0,0,0,0,56,72
2170305.0,0,0,0,56,72
2170305.0,0,0,0,24,104
2170404.0,0,0,0,56,72
2170604.0,0,0,0,60,68
2170649.0,0,0,0,60,68
2170821.0,0,0,0,60,68
2170821.0,0,0,0,59,69
2170862.0,0,0,0,60,68
2170876.0,0,0,0,60,68
2170876.0,0,0,0,59,69
2170941.0,0,0,0,60,68
2170947.0,0,0,0,60,68
2170947.0,0,0,0,56,72
2170969.0,0,0,0,56,72
2170969.0,0,0,0,54,74
2171009.0,0,0,0,54,74
2171059.0,0,0,0,54,74
2171079.0,0,0,0,54,74
2171097.0,0,0,0,54,74
2171115.0,0,0,0,54,74
2171159.0,0,0,0,58,70
2171161.0,0,0,0,60,68
2171162.0,0,0,0,60,68
2171191.0,0,0,0,60,68
2171205.0,0,0,0,60,68
2171278.0,0,0,0,60,68
2171301.0,0,0,0,60,68
2171337.0,0,0,0,60,68
2171407.0,0,0,0,60,68
2171415.0,0,0,0,60,68
2171546.0,0,0,0,60,68
2171741.0,0,0,0,60,68
2171809.0,0,0,0,60,68
2171809.0,0,0,0,59,69
2171827.0,0,0,0,60,68
2171832.0,0,0,0,60,68
2171832.0,0,0,0,56,72
2171855.0,0,0,0,56,72
2171855.0,0,0,0,54,74
2171933.0,0,0,0,54,74
2171961.0,0,0,0,54,74
2171961.0,0,0,0,22,106
2172063.0,0,0,0,26,102
2172066.0,0,0,0,28,100
2172138.0,0,0,0,60,68
2172497.0,0,0,0,60,68
2172896.0,0,0,0,92,36
2172902.0,0,0,0,92,36
2172902.0,0,0,0,60,68
2172923.0,0,0,0,60,68
2173104.0,0,0,0,60,68
2173341.0,0,0,0,60,68
2173341.0,0,0,0,56,72
2173523.0,0,0,0,60,68
2173613.0,0,0,0,60,68
2173613.0,0,0,0,59,69
2173664.0,0,0,0,59,69
2173664.0,0,0,0,58,70
2173672.0,0,0,0,59,69
2173681.0,0,0,0,60,68
2173700.0,0,0,0,60,68
2173700.0,0,0,0,56,72
2173721.0,0,0,0,56,72
2173721.0,0,0,0,54,74
2173926.0,0,0,0,58,70
2173929.0,0,0,0,60,68
2174029.0,0,0,0,60,68
2174029.0,0,0,0,59,69
2174044.0,0,0,0,60,68
2174157.0,0,0,0,60,68
2174157.0,0,0,0,58,70
2174186.0,0,0,0,58,70
2174186.0,0,0,0,56,72
2174215.0,0,0,0,56,72
2174215.0,0,0,0,54,74
2174243.0,0,0,0,54,74
2174243.0,0,0,0,52,76
2174283.0,0,0,0,52,76
2174283.0,0,0,0,50,78
2174304.0,0,0,0,50,78
2174304.0,0,0,0,49,79
2174319.0,0,0,0,51,77
2174320.0,0,0,0,55,73
2174321.0,0,0,0,59,69
2174330.0,0,0,0,60,68
2174362.0,0,0,0,60,68
2174362.0,0,0,0,59,69
2174383.0,0,0,0,60,68
2174388.0,0,0,0,60,68
2174388.0,0,0,0,56,72
2174400.0,0,0,0,56,72
2174400.0,0,0,0,52,76
2174414.0,0,0,0,52,76
2174414.0,0,0,0,50,78
2174477.0,0,0,0,54,74
2174508.0,0,0,0,54,74
2174508.0,0,0,0,52,76
2174538.0,0,0,0,52,76
2174538.0,0,0,0,50,78
2174587.0,0,0,0,52,76
2174589.0,0,0,0,54,74
2174596.0,0,0,0,58,70
2174598.0,0,0,0,60,68
2174621.0,0,0,0,60,68
2174621.0,0,0,0,59,69
2174640.0,0,0,0,60,68
2174838.0,0,0,0,60,68
2175060.0,0,0,0,60,68
2175060.0,0,0,0,59,69
2175082.0,0,0,0,60,68
2175088.0,0,0,0,60,68
2175088.0,0,0,0,56,72
2175109.0,0,0,0,56,72
2175109.0,0,0,0,54,74
2175251.0,0,0,0,86,42
2175259.0,0,0,0,86,42
2175259.0,0,0,0,54,74
2175301.0,0,0,0,58,70
2175303.0,0,0,0,60,68
2175421.0,0,0,0,60,68
2175421.0,0,0,0,59,69
2175442.0,0,0,0,60,68
2175452.0,0,0,0,60,68
2175452.0,0,0,0,56,72
2175510.0,0,0,0,60,68
2175596.0,0,0,0,60,68
2175748.0,0,0,0,60,68
2175748.0,0,0,0,59,69
2175767.0,0,0,0,60,68
2175773.0,0,0,0,60,68
2175773.0,0,0,0,56,72
2175795.0,0,0,0,56,72
2175795.0,0,0,0,54,74
2175876.0,0,0,0,54,74
2175876.0,0,0,0,50,78
2175989.0,0,0,0,54,74
2175991.0,0,0,0,56,72
2176137.0,0,0,0,60,68
2176266.0,0,0,0,60,68
2176266.0,0,0,0,56,72
2176294.0,0,0,0,60,68
2176327.0,0,0,0,60,68
2176327.0,0,0,0,56,72
2176358.0,0,0,0,60,68
2176406.0,0,0,0,60,68
2176406.0,0,0,0,56,72
2176437.0,0,0,0,60,68
2176455.0,0,0,0,60,68
2176455.0,0,0,0,58,70
2176468.0,0,0,0,90,38
2176475.0,0,0,0,90,38
2176475.0,0,0,0,58,70
2176487.0,0,0,0,58,70
2176487.0,0,0,0,56,72
2176522.0,0,0,0,56,72
2176522.0,0,0,0,54,74
2176558.0,0,0,0,54,74
2176558.0,0,0,0,52,76
2176648.0,0,0,0,54,74
2176649.0,0,0,0,56,72
2176652.0,0,0,0,58,70
2176658.0,0,0,0,60,68
2176815.0,0,0,0,60,68
2176815.0,0,0,0,28,100
2176877.0,0,0,0,28,100
2176877.0,0,0,0,24,104
2176928.0,0,0,0,28,100
2177021.0,0,0,0,28,100
2177029.0,0,0,0,60,68
2177059.0,0,0,0,60,68
2177059.0,0,0,0,28,100
2177083.0,0,0,0,28,100
2177177.0,0,0,0,28,100
2177277.0,0,0,0,60,68
2177287.0,0,0,0,60,68
2177289.0,0,0,0,60,68
2177296.0,0,0,0,60,68
2177340.0,0,0,0,60,68
2177504.0,0,0,0,60,68
2177504.0,0,0,0,56,72
2177557.0,0,0,0,60,68
2177683.0,0,0,0,60,68
2177683.0,0,0,0,56,72
2177730.0,0,0,0,60,68
2177843.0,0,0,0,60,68
2177843.0,0,0,0,59,69
2177859.0,0,0,0,60,68
2177932.0,0,0,0,60,68
2177932.0,0,0,0,59,69
2177951.0,0,0,0,60,68
2177960.0,0,0,0,60,68
2177960.0,0,0,0,56,72
2177981.0,0,0,0,56,72
2177981.0,0,0,0,54,74
2178004.0,0,0,0,60,68
2178161.0,0,0,0,60,68
2178161.0,0,0,0,59,69
2178209.0,0,0,0,60,68
2178210.0,0,0,0,60,68
2178226.0,0,0,0,60,68
2178226.0,0,0,0,59,69
2178255.0,0,0,0,60,68
2178261.0,0,0,0,60,68
2178261.0,0,0,0,56,72
2178286.0,0,0,0,56,72
2178286.0,0,0,0,54,74
2178535.0,0,0,0,86,42
2178541.0,0,0,0,86,42
2178541.0,0,0,0,54,74
2178599.0,0,0,0,58,70
2178602.0,0,0,0,60,68
2178689.0,0,0,0,60,68
2178731.0,0,0,0,64,64
2179168.0,0,0,0,64,64
2179729.0,0,0,0,64,64
2179977.0,0,0,0,64,64
2179977.0,0,0,4,60,64
2180058.0,0,0,4,92,32
2180065.0,0,0,4,92,32
2180065.0,0,0,4,60,64
2180257.0,0,0,4,60,64
2181235.0,0,0,4,60,64
2181235.0,0,0,22,42,64
2181299.0,0,0,22,42,64
2181299.0,0,0,26,38,64
2181302.0,0,0,26,38,64
2181302.0,0,0,28,36,64
2181431.0,0,0,28,36,64
2181431.0,0,0,32,32,64
2181861.0,0,0,32,64,32
2181865.0,0,0,32,64,32
2181865.0,0,0,32,32,64
2182677.0,4,0,28,32,64
2182753.0,4,0,28,32,64
2182753.0,4,0,28,31,65
2182758.0,4,0,28,31,65
2182770.0,4,0,28,32,64
2183640.0,4,0,28,64,32
2183644.0,4,0,28,64,32
2183644.0,4,0,28,32,64
2183935.0,22,0,10,32,64
2183999.0,26,0,6,32,64
2184002.0,28,0,4,32,64
2184131.0,32,0,0,32,64
2184275.0,32,0,0,32,64
2184275.0,32,0,0,31,65
2184283.0,32,0,0,32,64
2184286.0,32,0,0,32,64
2184286.0,32,0,0,31,65
2184293.0,32,0,0,32,64
2184561.0,32,0,0,32,64
2184929.0,32,0,0,32,64
2184929.0,32,0,0,31,65
2185011.0,32,0,0,32,64
2185107.0,32,0,0,32,64
2185107.0,32,0,0,16,80
2185122.0,32,0,0,32,64
2185129.0,32,0,0,32,64
2185129.0,32,0,0,28,68
2185148.0,32,0,0,60,36
2185152.0,32,0,0,60,36
2185152.0,32,0,0,58,38
2185156.0,32,0,0,58,38
2185156.0,32,0,0,26,70
2185198.0,32,0,0,26,70
2185198.0,32,0,0,10,86
2185458.0,32,0,0,14,82
2185460.0,32,0,0,16,80
2186340.0,32,0,0,16,80
2186384.0,32,0,0,32,64
2186416.0,32,0,0,32,64
2186416.0,32,0,0,16,80
2186508.0,32,0,0,32,64
2186643.0,32,0,0,32,64
2186643.0,32,0,0,28,68
2186664.0,32,0,0,28,68
2186664.0,32,0,0,26,70
2186698.0,32,0,0,28,68
2186705.0,32,0,0,32,64
2187215.0,32,0,0,64,32
2187221.0,32,0,0,64,32
2187221.0,32,0,0,32,64
2187454.0,32,0,0,32,64
2187454.0,32,0,0,30,66
2187489.0,32,0,0,32,64
2187665.0,32,0,0,32,64
2187665.0,32,0,0,30,66
2187708.0,32,0,0,32,64
2187848.0,32,0,0,32,64
2188437.0,32,0,0,64,32
2188523.0,32,0,0,64,32
2188523.0,32,0,0,32,64
2188532.0,32,0,0,64,32
2188545.0,32,0,0,64,32
2188545.0,32,0,0,32,64
2188548.0,32,0,0,64,32
2188569.0,32,0,0,64,32
2188569.0,32,0,0,62,34
2188609.0,32,0,0,64,32
2189084.0,32,0,0,64,32
2189212.0,32,0,0,96,0
2189518.0,32,0,0,96,0
2189518.0,32,0,0,94,2
2189542.0,32,0,0,96,0
2189561.0,32,0,0,96,0
2189561.0,32,0,0,94,2
2189587.0,32,0,0,96,0
2189632.0,32,0,0,96,0
2189632.0,32,0,0,94,2
2189656.0,32,0,0,96,0
2189666.0,32,0,0,96,0
2189666.0,32,0,0,64,32
2189669.0,32,0,0,96,0
2189915.0,32,0,0,96,0
2190207.0,32,0,0,96,0
2190207.0,32,0,0,94,2
2190210.0,32,0,0,96,0
2190259.0,32,0,0,96,0
2190259.0,32,0,0,94,2
2190262.0,32,0,0,96,0
2190292.0,32,0,0,96,0
2190292.0,32,0,0,94,2
2190295.0,32,0,0,96,0
2190348.0,32,0,0,96,0
2190348.0,32,0,0,94,2
2190351.0,32,0,0,96,0
2190376.0,32,0,0,96,0
2190376.0,32,0,0,94,2
2190379.0,32,0,0,96,0
2190405.0,32,0,0,96,0
2190405.0,32,0,0,94,2
2190409.0,32,0,0,96,0
2190440.0,32,0,0,96,0
2190440.0,32,0,0,94,2
2190443.0,32,0,0,96,0
2190485.0,32,0,0,96,0
2190485.0,32,0,0,94,2
2190488.0,32,0,0,96,0
2190525.0,32,0,0,96,0
2190525.0,32,0,0,94,2
2190528.0,32,0,0,96,0
2191137.0,32,0,0,96,0
2191232.0,32,0,0,96,0
2191248.0,32,0,0,96,0
2191248.0,32,0,6,90,0
2191309.0,32,0,6,90,0
2191309.0,32,0,8,88,0
2191912.0,32,0,8,88,0
2191912.0,32,0,40,56,0
2192242.0,32,0,40,56,0
2192242.0,32,0,42,54,0
2192287.0,32,0,42,54,0
2192287.0,32,0,44,52,0
2192356.0,32,0,44,52,0
2192356.0,32,0,46,50,0
2192369.0,32,0,46,50,0
2192369.0,32,0,78,18,0
2192910.0,32,0,78,18,0
2192910.0,32,0,80,16,0
2192962.0,32,0,80,16,0
2192962.0,32,0,82,14,0
2192995.0,32,0,82,14,0
2192995.0,32,0,84,12,0
2193051.0,32,0,84,12,0
2193051.0,32,0,86,10,0
2193079.0,32,0,86,10,0
2193079.0,32,0,88,8,0
2193109.0,32,0,88,8,0
2193109.0,32,0,90,6,0
2193143.0,32,0,90,6,0
2193143.0,32,0,92,4,0
2193188.0,32,0,92,4,0
2193188.0,32,0,94,2,0
2193228.0,32,0,94,2,0
2193228.0,32,0,96,0,0
2193948.0,38,0,90,0,0
2194009.0,40,0,88,0,0
2194069.0,40,0,88,0,0
2194069.0,39,1,88,0,0
2194194.0,39,1,88,0,0
2194194.0,7,33,88,0,0
2194196.0,7,33,88,0,0
2194199.0,7,33,88,0,0
2194612.0,39,33,56,0,0
2194942.0,41,33,54,0,0
2194987.0,43,33,52,0,0
2195056.0,45,33,50,0,0
2195069.0,77,33,18,0,0
2195069.0,13,97,18,0,0
2195610.0,15,97,16,0,0
2195662.0,17,97,14,0,0
2195695.0,19,97,12,0,0
2195751.0,21,97,10,0,0
2195779.0,23,97,8,0,0
2195809.0,25,97,6,0,0
2195843.0,27,97,4,0,0
2195869.0,27,96,4,1,0
2195869.0,27,96,4,0,1
2195872.0,27,96,4,1,0
2195888.0,29,96,2,1,0
2195928.0,31,96,0,1,0
2195928.0,0,127,0,1,0
2195994.0,0,95,0,33,0
2195994.0,0,95,0,1,32
2196869.0,0,31,0,65,32
2196869.0,0,31,0,1,96
2197728.0,0,0,0,32,96
2197728.0,0,0,0,0,128
2198036.0,0,0,0,0,128
2198572.0,0,0,0,0,128
2198654.0,0,0,0,0,128
2198678.0,0,0,0,0,128
2199300.0,0,0,0,0,128
2199714.0,0,0,0,32,96
2199714.0,0,0,0,23,105
2199717.0,0,0,0,24,104
2199755.0,0,0,0,26,102
2200118.0,0,0,0,28,100
2200139.0,0,0,0,32,96
2202414.0,0,0,0,32,96
2202414.0,0,0,23,9,96
2202417.0,0,0,23,9,96
2202417.0,0,0,24,8,96
2202455.0,0,0,24,8,96
2202455.0,0,0,26,6,96
2202818.0,0,0,26,6,96
2202818.0,0,0,28,4,96
2202839.0,0,0,28,4,96
2202839.0,0,0,32,0,96
2205114.0,23,0,9,0,96
2205117.0,24,0,8,0,96
2205129.0,24,0,8,0,96
2205155.0,26,0,6,0,96
2205518.0,28,0,4,0,96
2205539.0,32,0,0,0,96
2207705.0,32,0,0,64,32
2208653.0,32,0,0,96,0
2208653.0,0,32,0,96,0
2210405.0,0,32,0,96,0
2210453.0,0,0,0,128,0
2210453.0,0,0,0,0,128
2214686.0,0,0,0,0,128
2220006.0,0,0,0,128,0
2220006.0,0,0,0,64,64
2221433.0,0,0,0,64,64
2221433.0,0,0,0,0,128
2222706.0,0,0,0,0,128
2225156.0,0,0,0,64,64
2227856.0,0,0,0,64,64
2227856.0,0,0,64,0,64
2230335.0,0,0,64,0,64
2230556.0,64,0,0,0,64
2230556.0,63,1,0,0,64
2230568.0,63,1,0,0,64
2230568.0,62,2,0,0,64
2230713.0,62,2,0,64,0
2230922.0,62,2,0,64,0
2230922.0,62,2,0,63,1
2230931.0,62,2,0,64,0
2231190.0,62,2,0,64,0
2231190.0,62,2,0,63,1
2231203.0,62,2,0,64,0
2231303.0,62,2,0,64,0
2231303.0,62,2,0,63,1
2231316.0,62,2,0,64,0
2231511.0,62,2,0,64,0
2231511.0,62,2,0,63,1
2231522.0,62,2,0,64,0
2231729.0,62,2,0,64,0
2231729.0,62,2,0,63,1
2231736.0,62,2,0,64,0
2232151.0,62,2,0,64,0
2232151.0,62,2,0,63,1
2232268.0,62,2,0,64,0
2232356.0,62,1,0,65,0
2232356.0,62,1,0,64,1
2232368.0,62,0,0,65,1
2232368.0,62,0,0,64,2
2232376.0,62,0,0,65,1
2232381.0,62,0,0,66,0
2232436.0,62,0,0,66,0
2232436.0,62,0,0,65,1
2232483.0,62,0,0,66,0
2232619.0,62,0,0,66,0
2232619.0,62,0,0,65,1
2232630.0,62,0,0,66,0
2232826.0,62,0,0,66,0
2232826.0,62,0,0,65,1
2232863.0,62,0,0,66,0
2232868.0,62,0,0,66,0
2232868.0,62,0,0,65,1
2232883.0,62,0,0,66,0
2232887.0,62,0,0,66,0
2232887.0,62,0,0,65,1
2232912.0,62,0,0,66,0
2232918.0,62,0,0,66,0
2232918.0,62,0,0,65,1
2232940.0,62,0,0,66,0
2232947.0,62,0,0,66,0
2232947.0,62,0,0,65,1
2232967.0,62,0,0,66,0
2232975.0,62,0,0,66,0
2232975.0,62,0,0,65,1
2232993.0,62,0,0,66,0
2233011.0,62,0,0,66,0
2233011.0,62,0,0,65,1
2233026.0,62,0,0,66,0
2233029.0,62,0,0,66,0
2233029.0,62,0,0,65,1
2233045.0,62,0,0,66,0
2233413.0,62,0,0,66,0
2233413.0,62,0,48,18,0
2233531.0,62,0,48,18,0
2233531.0,30,32,48,18,0
2233631.0,30,32,48,18,0
2233631.0,30,32,49,17,0
2233666.0,30,32,49,17,0
2233666.0,0,62,49,17,0
2233903.0,0,62,49,17,0
2234222.0,0,62,49,17,0
2234222.0,0,62,50,16,0
2234436.0,0,62,50,16,0
2234436.0,0,62,51,15,0
2234968.0,0,62,51,15,0
2234968.0,0,62,52,14,0
2235076.0,0,62,52,14,0
2235076.0,0,62,53,13,0
2235081.0,0,62,53,13,0
2235081.0,0,62,54,12,0
2235183.0,0,62,54,12,0
2235183.0,0,62,55,11,0
2235330.0,0,62,55,11,0
2235330.0,0,62,56,10,0
2235331.0,0,30,56,42,0
2235331.0,0,30,56,10,32
2235408.0,0,30,56,42,0
2235466.0,0,0,56,72,0
2235466.0,0,0,56,40,32
2235551.0,0,0,56,72,0
2235563.0,0,0,56,72,0
2235563.0,0,0,57,71,0
2235583.0,0,0,57,71,0
2235583.0,0,0,58,70,0
2235612.0,0,0,58,70,0
2235612.0,0,0,59,69,0
2235640.0,0,0,59,69,0
2235640.0,0,0,60,68,0
2235667.0,0,0,60,68,0
2235667.0,0,0,61,67,0
2235693.0,0,0,61,67,0
2235693.0,0,0,62,66,0
2235726.0,0,0,62,66,0
2235726.0,0,0,63,65,0
2235745.0,0,0,63,65,0
2235745.0,0,0,64,64,0
2236113.0,48,0,16,64,0
2236331.0,49,0,15,64,0
2236610.0,49,0,15,64,0
2236610.0,49,0,15,0,64
2236754.0,49,0,15,0,64
2236754.0,48,1,15,0,64
2236795.0,48,1,15,64,0
2236922.0,49,1,14,64,0
2237022.0,49,1,14,64,0
2237022.0,49,1,14,63,1
2237056.0,49,1,14,64,0
2237136.0,50,1,13,64,0
2237241.0,50,1,13,64,0
2237241.0,50,1,13,32,32
2237668.0,51,1,12,32,32
2237776.0,52,1,11,32,32
2237781.0,53,1,10,32,32
2237883.0,54,1,9,32,32
2238030.0,55,1,8,32,32
2238108.0,55,1,8,32,32
2238263.0,56,1,7,32,32
2238283.0,57,1,6,32,32
2238312.0,58,1,5,32,32
2238340.0,59,1,4,32,32
2238367.0,60,1,3,32,32
2238393.0,61,1,2,32,32
2238426.0,62,1,1,32,32
2238445.0,63,1,0,32,32
2238554.0,63,0,0,33,32
2238554.0,63,0,0,32,33
2238575.0,63,0,0,33,32
2239478.0,63,0,0,33,32
2239478.0,63,0,0,1,64
2239495.0,63,0,0,1,64
2239528.0,63,0,0,1,64
2239528.0,0,63,0,1,64
2239700.0,0,63,0,33,32
2241275.0,0,63,0,33,32
2241309.0,0,63,0,33,32
2241328.0,0,0,0,96,32
2241328.0,0,0,0,32,96
2241490.0,0,0,0,96,32
2241490.0,0,0,0,32,96
2242113.0,0,0,0,32,96
2242113.0,0,0,0,31,97
2242382.0,0,0,0,32,96
2242400.0,0,0,0,32,96
2242406.0,0,0,0,32,96
2242406.0,0,0,0,0,128
2242767.0,0,0,0,32,96
2242947.0,0,0,0,32,96
2242947.0,0,0,0,0,128
2243296.0,0,0,0,32,96
2243669.0,0,0,0,32,96
2243669.0,0,0,0,0,128
2243732.0,0,0,0,32,96
2243802.0,0,0,0,32,96
2243802.0,0,0,0,0,128
2243881.0,0,0,0,32,96
2244077.0,0,0,0,32,96
2244077.0,0,0,0,0,128
2244161.0,0,0,0,32,96
2244190.0,0,0,0,32,96
2245467.0,0,0,0,32,96
2245996.0,0,0,0,32,96
2246284.0,0,0,0,32,96
2246284.0,0,0,0,31,97
2246356.0,0,0,0,32,96
2246432.0,0,0,0,32,96
2246581.0,0,0,0,32,96
2246861.0,0,0,0,32,96
2246861.0,0,0,31,1,96
2246877.0,0,0,31,1,96
2246877.0,0,0,31,0,97
2246944.0,0,0,31,1,96
2249056.0,0,0,31,1,96
2249561.0,31,0,0,1,96
2249644.0,31,0,0,1,96
2249644.0,31,0,1,0,96
2250912.0,31,0,1,64,32
2250939.0,31,0,1,64,32
2250939.0,31,0,1,0,96
2251038.0,31,0,1,64,32
2251125.0,31,0,1,64,32
2251125.0,31,0,1,0,96
2251209.0,31,0,1,64,32
2251875.0,31,0,1,96,0
2251876.0,31,0,1,96,0
2251876.0,31,0,1,32,64
2251885.0,31,0,1,32,64
2251885.0,31,0,1,31,65
2251906.0,31,0,1,95,1
2251910.0,31,0,1,95,1
2251910.0,31,0,1,31,65
2252066.0,31,0,1,95,1
2252168.0,31,0,1,95,1
2252168.0,31,0,1,94,2
2252184.0,31,0,1,95,1
2252344.0,32,0,0,95,1
2253612.0,32,0,0,95,1
2253738.0,32,0,0,95,1
2253909.0,32,0,0,95,1
2254575.0,32,0,0,95,1
2254606.0,32,0,0,95,1
2254606.0,32,0,30,65,1
2254766.0,32,0,30,65,1
2254766.0,32,0,94,1,1
2254884.0,32,0,94,1,1
2254884.0,32,0,95,0,1
2255034.0,32,0,95,0,1
2255034.0,31,1,95,0,1
2255238.0,31,1,95,0,1
2255238.0,30,2,95,0,1
2256834.0,30,1,95,1,1
2256834.0,30,1,95,0,2
2256919.0,30,1,95,1,1
2257038.0,30,0,95,2,1
2257038.0,30,0,95,1,2
2257123.0,30,0,95,2,1
2257200.0,30,0,95,2,1
2257200.0,30,0,95,1,2
2257239.0,30,0,95,2,1
2257250.0,30,0,95,2,1
2257250.0,30,0,95,1,2
2257266.0,30,0,95,2,1
2257272.0,30,0,95,2,1
2257272.0,26,4,95,2,1
2257293.0,26,4,95,2,1
2257293.0,26,4,95,0,3
2257306.0,56,4,65,0,3
2257356.0,56,4,65,0,3
2257356.0,55,5,65,0,3
2257417.0,55,5,65,0,3
2257417.0,47,13,65,0,3
2257466.0,111,13,1,0,3
2257577.0,111,13,1,2,1
2257581.0,111,13,1,2,1
2257581.0,103,21,1,2,1
2257584.0,104,21,0,2,1
2257683.0,104,21,0,2,1
2257683.0,96,29,0,2,1
2257779.0,96,29,0,2,1
2257779.0,88,37,0,2,1
2257947.0,88,37,0,2,1
2257947.0,88,37,0,1,2
2257988.0,88,37,0,2,1
2257997.0,88,37,0,2,1
2257997.0,88,37,0,1,2
2258015.0,88,37,0,2,1
2258018.0,88,37,0,2,1
2258018.0,84,41,0,2,1
2258039.0,84,41,0,2,1
2258039.0,84,41,0,0,3
2259015.0,84,41,0,1,2
2259018.0,84,41,0,1,2
2259018.0,84,41,0,0,3
2259036.0,84,41,0,1,2
2259061.0,84,41,0,1,2
2259061.0,52,73,0,1,2
2259072.0,52,69,0,5,2
2259072.0,52,69,0,1,6
2259156.0,52,68,0,2,6
2259156.0,52,68,0,1,7
2259197.0,52,68,0,2,6
2259217.0,52,60,0,10,6
2259217.0,52,60,0,2,14
2259241.0,52,60,0,10,6
2259376.0,52,60,0,14,2
2259381.0,52,52,0,22,2
2259381.0,52,52,0,14,10
2259405.0,52,52,0,22,2
2259483.0,52,44,0,30,2
2259483.0,52,44,0,22,10
2259506.0,52,44,0,30,2
2259579.0,52,36,0,38,2
2259579.0,52,36,0,30,10
2259603.0,52,36,0,38,2
2259619.0,52,36,0,38,2
2259818.0,52,32,0,42,2
2259818.0,52,32,0,38,6
2259823.0,52,32,0,38,6
2259939.0,52,32,0,38,6
2260277.0,52,32,0,38,6
2260688.0,52,32,0,38,6
2260861.0,52,0,0,70,6
2260861.0,52,0,0,38,38
2261037.0,52,0,0,40,36
2261715.0,52,0,0,40,36
2261736.0,52,0,0,40,36
2261736.0,52,0,1,39,36
2261897.0,52,0,1,39,36
2261897.0,52,0,2,38,36
2261941.0,52,0,2,38,36
2261941.0,52,0,10,30,36
2262076.0,52,0,10,30,36
2262076.0,52,0,14,26,36
2262105.0,52,0,14,26,36
2262105.0,52,0,22,18,36
2262206.0,52,0,22,18,36
2262206.0,52,0,30,10,36
2262303.0,52,0,30,10,36
2262303.0,52,0,38,2,36
2262834.0,52,0,38,6,32
2263054.0,52,0,38,6,32
2263054.0,52,0,38,5,33
2263069.0,52,0,38,6,32
2263737.0,52,0,38,6,32
2263737.0,52,0,39,5,32
2264436.0,53,0,38,5,32
2264597.0,54,0,37,5,32
2264641.0,62,0,29,5,32
2264646.0,62,0,29,5,32
2264646.0,62,0,29,4,33
2264651.0,62,0,29,5,32
2264656.0,62,0,29,5,32
2264656.0,62,0,29,4,33
2264664.0,62,0,29,5,32
2264776.0,66,0,25,5,32
2264805.0,74,0,17,5,32
2264906.0,82,0,9,5,32
2264930.0,82,0,9,5,32
2264930.0,82,0,9,4,33
2264944.0,82,0,9,5,32
2265003.0,90,0,1,5,32
2265534.0,90,0,1,5,32
2265534.0,90,0,2,4,32
2265769.0,90,0,2,4,32
2265769.0,90,0,3,3,32
2266437.0,91,0,2,3,32
2267351.0,91,0,2,3,32
2267351.0,91,0,3,2,32
2267364.0,91,0,3,2,32
2267364.0,91,0,4,1,32
2267644.0,91,0,4,1,32
2267644.0,91,0,5,0,32
2268162.0,91,0,5,0,32
2268162.0,59,32,5,0,32
2268234.0,60,32,4,0,32
2268289.0,60,32,4,0,32
2268289.0,28,64,4,0,32
2268306.0,28,64,4,0,32
2268469.0,29,64,3,0,32
2268655.0,29,64,3,0,32
2268669.0,29,64,3,0,32
2268727.0,29,64,3,0,32
2268893.0,29,64,3,0,32
2269155.0,29,64,3,0,32
2269197.0,29,64,3,0,32
2269880.0,29,64,3,0,32
2269962.0,29,32,3,32,32
2269962.0,29,32,3,0,64
2269964.0,29,32,3,32,32
2269964.0,17,44,3,0,64
2269967.0,17,44,3,32,32
2269967.0,16,45,3,0,64
2269982.0,16,45,3,32,32
2270009.0,16,45,3,32,32
2270051.0,17,45,2,32,32
2270064.0,18,45,1,32,32
2270089.0,18,13,1,64,32
2270089.0,18,13,1,32,64
2270091.0,18,13,1,64,32
2270344.0,19,13,0,64,32
2271676.0,19,13,0,96,0
2271764.0,19,1,0,108,0
2271764.0,19,1,0,96,12
2271767.0,19,0,0,97,12
2271767.0,19,0,0,96,13
2271769.0,19,0,0,98,11
2271771.0,19,0,0,102,7
2271774.0,19,0,0,106,3
2271777.0,19,0,0,107,2
2271785.0,19,0,0,108,1
2271786.0,19,0,0,109,0
2271786.0,0,19,0,109,0
2272322.0,0,19,0,109,0
2272594.0,0,19,0,109,0
2272682.0,0,19,0,109,0
2273244.0,0,19,0,109,0
2273434.0,0,19,0,109,0
2273462.0,0,19,0,109,0
2273542.0,0,19,0,109,0
2273567.0,0,19,0,109,0
2273586.0,0,0,0,128,0
2273586.0,0,0,0,0,128
2273881.0,0,0,0,0,128
2273934.0,0,0,0,0,128
2273963.0,0,0,0,0,128
2273974.0,0,0,0,0,128
2274014.0,0,0,0,0,128
2274040.0,0,0,0,0,128
2274666.0,0,0,0,0,128
2274911.0,0,0,0,128,0
2274911.0,0,0,0,0,128
2274922.0,0,0,0,32,96
2274922.0,0,0,0,0,128
2274923.0,0,0,0,32,96
2274923.0,0,0,0,0,128
2274924.0,0,0,0,32,96
2274924.0,0,0,0,0,128
2274926.0,0,0,0,32,96
2274926.0,0,0,0,0,128
2274935.0,0,0,0,32,96
2274935.0,0,0,0,11,117
2274937.0,0,0,0,13,115
2274961.0,0,0,0,15,113
2274963.0,0,0,0,16,112
2274965.0,0,0,0,32,96
2274965.0,0,0,0,0,128
2274967.0,0,0,0,32,96
2274979.0,0,0,0,64,64
2275158.0,0,0,0,96,32
2275740.0,0,0,0,96,32
2275740.0,0,0,0,64,64
2275985.0,0,0,0,96,32
2276059.0,0,0,0,96,32
2276059.0,0,0,0,32,96
2276185.0,0,0,0,64,64
2277635.0,0,0,0,64,64
2277667.0,0,0,0,64,64
2277679.0,0,0,0,64,64
2278685.0,0,0,0,64,64
2278685.0,0,0,32,32,64
2278885.0,0,0,32,32,64
2278885.0,0,0,64,0,64
2279920.0,0,0,64,0,64
2280177.0,0,0,64,0,64
2281385.0,32,0,32,0,64
2281385.0,23,9,32,0,64
2281585.0,55,9,0,0,64
2283185.0,55,0,0,9,64
2283185.0,55,0,0,0,73
2283234.0,55,0,0,1,72
2283695.0,55,0,0,9,64
2285934.0,55,0,0,9,64
2285934.0,55,0,1,8,64
2286395.0,55,0,1,8,64
2286395.0,55,0,9,0,64
2286678.0,55,0,9,0,64
2286678.0,39,16,9,0,64
2286787.0,39,16,9,64,0
2286801.0,39,16,9,64,0
2288478.0,39,0,9,80,0
2288478.0,39,0,9,64,16
2288596.0,39,0,9,80,0
2288634.0,40,0,8,80,0
2289095.0,48,0,0,80,0
2289095.0,0,48,0,80,0
2289487.0,0,48,0,80,0
2290895.0,0,0,0,128,0
2290895.0,0,0,0,0,128
2296538.0,0,0,0,0,128
2296635.0,0,0,0,0,128
2300628.0,0,0,0,128,0
2300628.0,0,0,0,0,128
2300718.0,0,0,0,128,0
2300718.0,0,0,0,64,64
2303418.0,0,0,0,64,64
2303418.0,0,0,64,0,64
2306118.0,64,0,0,0,64
2311444.0,64,0,0,64,0
2314144.0,64,0,0,64,0
2314144.0,64,0,64,0,0
2316844.0,128,0,0,0,0
2317268.0,128,0,0,0,0
2317268.0,96,32,0,0,0
2319068.0,96,0,0,32,0
2319068.0,96,0,0,0,32
2319451.0,96,0,0,0,32
2319451.0,95,1,0,0,32
2319531.0,95,1,0,0,32
2319531.0,94,2,0,0,32
2319809.0,94,2,0,0,32
2319809.0,93,3,0,0,32
2320239.0,93,3,0,0,32
2320239.0,61,35,0,0,32
2320334.0,61,35,0,0,32
2320334.0,60,36,0,0,32
2320488.0,60,36,0,0,32
2320488.0,59,37,0,0,32
2320748.0,59,37,0,0,32
2320748.0,58,38,0,0,32
2320835.0,58,38,0,0,32
2320835.0,57,39,0,0,32
2321054.0,57,39,0,0,32
2321054.0,56,40,0,0,32
2321251.0,56,39,0,1,32
2321251.0,56,39,0,0,33
2321322.0,56,39,0,1,32
2321331.0,56,38,0,2,32
2321331.0,56,38,0,1,33
2321373.0,56,38,0,2,32
2321502.0,56,38,0,2,32
2321502.0,56,38,0,1,33
2321572.0,56,38,0,2,32
2321609.0,56,37,0,3,32
2321609.0,56,37,0,2,33
2321667.0,56,37,0,2,33
2321667.0,56,37,0,1,34
2321671.0,56,37,0,2,33
2321682.0,56,37,0,3,32
2322039.0,56,5,0,35,32
2322039.0,56,5,0,3,64
2322134.0,56,4,0,4,64
2322134.0,56,4,0,3,65
2322167.0,56,4,0,4,64
2322260.0,56,4,0,36,32
2322288.0,56,3,0,37,32
2322288.0,56,3,0,36,33
2322295.0,56,3,0,37,32
2322363.0,56,3,0,37,32
2322363.0,56,3,0,35,34
2322377.0,56,3,0,37,32
2322548.0,56,2,0,38,32
2322548.0,56,2,0,37,33
2322559.0,56,2,0,38,32
2322635.0,56,1,0,39,32
2322635.0,56,1,0,38,33
2322641.0,56,1,0,39,32
2322703.0,56,1,0,39,32
2322703.0,56,1,0,7,64
2322795.0,56,1,0,39,32
2322854.0,56,0,0,40,32
2322854.0,56,0,0,39,33
2322864.0,56,0,0,40,32
2323153.0,56,0,0,40,32
2323153.0,56,0,0,39,33
2323166.0,56,0,0,40,32
2323205.0,56,0,0,40,32
2323205.0,56,0,0,8,64
2323274.0,56,0,0,40,32
2323628.0,56,0,0,40,32
2323628.0,0,56,0,40,32
2324022.0,0,56,0,40,32
2324073.0,0,56,0,40,32
2324272.0,0,56,0,40,32
2324382.0,0,56,0,40,32
2324960.0,0,56,0,40,32
2325428.0,0,0,0,96,32
2325428.0,0,0,0,32,96
2325495.0,0,0,0,32,96
2325528.0,0,0,0,96,32
2325974.0,0,0,0,96,32
2325974.0,0,0,32,64,32
2326578.0,0,0,32,64,32
2326578.0,0,0,32,32,64
2326932.0,0,0,32,64,32
2327622.0,0,0,32,64,32
2327622.0,0,0,32,32,64
2327840.0,0,0,32,64,32
2328017.0,0,0,32,64,32
2328017.0,0,0,32,32,64
2328037.0,0,0,32,64,32
2328059.0,0,0,32,64,32
2328059.0,0,0,32,32,64
2328228.0,0,0,32,32,64
2328417.0,0,0,32,64,32
2328674.0,32,0,0,64,32
2328916.0,32,0,0,64,32
2328916.0,32,0,0,32,64
2329272.0,32,0,0,64,32
2329632.0,32,0,0,64,32
2329640.0,32,0,0,64,32
2329640.0,32,0,0,0,96
2329757.0,32,0,0,64,32
2329829.0,32,0,0,64,32
2329829.0,32,0,0,0,96
2330197.0,32,0,0,64,32
2330322.0,32,0,0,64,32
2330322.0,32,0,0,0,96
2330446.0,32,0,0,64,32
2330484.0,32,0,0,64,32
2330484.0,32,0,0,0,96
2330540.0,32,0,0,0,96
2330583.0,32,0,0,64,32
2330660.0,32,0,0,64,32
2330660.0,32,0,0,0,96
2330737.0,32,0,0,0,96
2330752.0,32,0,0,64,32
2330888.0,32,0,0,64,32
2330888.0,32,0,0,0,96
2330987.0,32,0,0,64,32
2331117.0,32,0,0,64,32
2331232.0,32,0,0,64,32
2331232.0,32,0,0,63,33
2331251.0,32,0,0,64,32
2331356.0,32,0,0,64,32
2332337.0,32,0,0,64,32
2332457.0,32,0,0,64,32
2332669.0,32,0,0,64,32
2332897.0,32,0,0,64,32
2333026.0,32,0,0,96,0
2333026.0,0,32,0,96,0
2333062.0,0,32,0,96,0
2333146.0,0,32,0,96,0
2333283.0,0,32,0,96,0
2333452.0,0,32,0,96,0
2333653.0,0,32,0,96,0
2333687.0,0,32,0,96,0
2334056.0,0,32,0,96,0
2334593.0,0,32,0,96,0
2334692.0,0,32,0,96,0
2334826.0,0,0,0,128,0
2334826.0,0,0,0,0,128
2334963.0,0,0,0,0,128
2335142.0,0,0,0,0,128
2335294.0,0,0,0,0,128
2335433.0,0,0,0,0,128
2335515.0,0,0,0,128,0
2335515.0,0,0,0,0,128
2335576.0,0,0,0,0,128
2335597.0,0,0,0,0,128
2335704.0,0,0,0,0,128
2335840.0,0,0,0,128,0
2335840.0,0,0,0,0,128
2335878.0,0,0,0,0,128
2335893.0,0,0,0,0,128
2335996.0,0,0,0,0,128
2336108.0,0,0,0,0,128
2336168.0,0,0,0,128,0
2336168.0,0,0,0,0,128
2336213.0,0,0,0,0,128
2336314.0,0,0,0,0,128
2336384.0,0,0,0,128,0
2336384.0,0,0,0,0,128
2336422.0,0,0,0,0,128
2336534.0,0,0,0,0,128
2336572.0,0,0,0,128,0
2336572.0,0,0,0,0,128
2336615.0,0,0,0,0,128
2336643.0,0,0,0,0,128
2336708.0,0,0,0,0,128
2336766.0,0,0,0,0,128
2336821.0,0,0,0,0,128
2336847.0,0,0,0,128,0
2336847.0,0,0,0,61,67
2336856.0,0,0,0,62,66
2336859.0,0,0,0,63,65
2336867.0,0,0,0,64,64
2336867.0,0,0,0,0,128
2336879.0,0,0,0,0,128
2336937.0,0,0,0,0,128
2336997.0,0,0,0,0,128
2337059.0,0,0,0,0,128
2337117.0,0,0,0,0,128
2337153.0,0,0,0,0,128
2337163.0,0,0,0,0,128
2337182.0,0,0,0,64,64
2337182.0,0,0,0,0,128
2337208.0,0,0,0,0,128
2337222.0,0,0,0,0,128
2337237.0,0,0,0,0,128
2337253.0,0,0,0,0,128
2337267.0,0,0,0,0,128
2337279.0,0,0,0,0,128
2337292.0,0,0,0,0,128
2337305.0,0,0,0,32,96
2337305.0,0,0,0,0,128
2337306.0,0,0,0,16,112
2337306.0,0,0,0,0,128
2337319.0,0,0,0,16,112
2337319.0,0,0,0,0,128
2337321.0,0,0,0,0,128
2337346.0,0,0,0,0,128
2337360.0,0,0,0,0,128
2337377.0,0,0,0,0,128
2337389.0,0,0,0,0,128
2337403.0,0,0,0,0,128
2337413.0,0,0,0,0,128
2337421.0,0,0,0,16,112
2337421.0,0,0,0,0,128
2337424.0,0,0,0,16,112
2337424.0,0,0,0,0,128
2337517.0,0,0,0,16,112
2337517.0,0,0,0,0,128
2337522.0,0,0,0,16,112
2337522.0,0,0,0,0,128
2337618.0,0,0,0,16,112
2337618.0,0,0,0,0,128
2337621.0,0,0,0,16,112
2337621.0,0,0,0,0,128
2337628.0,0,0,0,1,127
2337628.0,0,0,0,0,128
2337630.0,0,0,0,4,124
2337630.0,0,0,0,2,126
2337631.0,0,0,0,5,123
2337632.0,0,0,0,7,121
2337633.0,0,0,0,8,120
2337636.0,0,0,0,10,118
2337638.0,0,0,0,11,117
2337641.0,0,0,0,12,116
2337643.0,0,0,0,14,114
2337646.0,0,0,0,16,112
2337646.0,0,0,0,0,128
2337707.0,0,0,0,16,112
2337707.0,0,0,0,0,128
2337721.0,0,0,0,16,112
2337721.0,0,0,0,0,128
2337763.0,0,0,0,16,112
2337763.0,0,0,0,0,128
2337774.0,0,0,0,16,112
2337774.0,0,0,0,0,128
2337814.0,0,0,0,16,112
2337814.0,0,0,0,0,128
2337828.0,0,0,0,16,112
2337828.0,0,0,0,0,128
2337870.0,0,0,0,16,112
2337870.0,0,0,0,0,128
2337886.0,0,0,0,16,112
2337886.0,0,0,0,15,113
2337918.0,0,0,0,16,112
2337921.0,0,0,0,32,96
2338920.0,0,0,0,64,64
2339356.0,0,0,0,128,0
2339547.0,0,0,0,128,0
2340330.0,0,0,0,128,0
2340586.0,0,0,0,128,0
2340586.0,0,0,15,113,0
2340618.0,0,0,15,113,0
2340618.0,0,0,16,112,0
2340621.0,0,0,16,112,0
2340621.0,0,0,32,96,0
2341620.0,0,0,32,96,0
2341620.0,0,0,64,64,0
2342056.0,0,0,64,64,0
2342056.0,0,0,128,0,0
2343286.0,15,0,113,0,0
2343318.0,16,0,112,0,0
2343321.0,32,0,96,0,0
2343962.0,32,0,96,0,0
2344167.0,32,0,96,0,0
2344320.0,64,0,64,0,0
2344501.0,64,0,64,0,0
2344682.0,64,0,64,0,0
2344756.0,128,0,0,0,0
2344756.0,0,128,0,0,0
2345964.0,0,128,0,0,0
2346556.0,0,0,0,128,0
2346556.0,0,0,0,0,128
2346753.0,0,0,0,128,0
2346753.0,0,0,0,0,128
2346951.0,0,0,0,128,0
2346951.0,0,0,0,64,64
2347054.0,0,0,0,128,0
2347054.0,0,0,0,0,128
2347143.0,0,0,0,128,0
2347143.0,0,0,0,127,1
2347166.0,0,0,0,128,0
2349651.0,0,0,0,128,0
2349843.0,0,0,0,128,0
2349843.0,0,0,127,1,0
2349866.0,0,0,127,1,0
2349866.0,0,0,128,0,0
2352543.0,127,0,1,0,0
2352566.0,128,0,0,0,0
2353205.0,128,0,0,0,0
2353205.0,96,32,0,0,0
2353291.0,96,32,0,0,0
2353291.0,95,33,0,0,0
2355005.0,95,1,0,32,0
2355005.0,95,1,0,0,32
2355091.0,95,0,0,1,32
2355091.0,95,0,0,0,33
2355122.0,95,0,0,1,32
2355555.0,95,0,0,1,32
2355555.0,95,0,0,0,33
2355568.0,95,0,0,1,32
2357082.0,95,0,0,1,32
2357082.0,31,64,0,1,32
2357264.0,31,64,0,1,32
2357264.0,0,95,0,1,32
2357477.0,0,95,0,1,32
2357611.0,0,95,0,1,32
2357737.0,0,95,0,1,32
2357822.0,0,95,0,1,32
2357887.0,0,95,0,1,32
2358022.0,0,95,0,1,32
2358145.0,0,95,0,1,32
2358268.0,0,95,0,1,32
2358368.0,0,95,0,1,32
2358494.0,0,95,0,1,32
2358582.0,0,95,0,1,32
2358732.0,0,95,0,1,32
2358871.0,0,95,0,1,32
2358882.0,0,31,0,65,32
2358882.0,0,31,0,1,96
2358900.0,0,31,0,1,96
2358913.0,0,31,0,1,96
2358925.0,0,31,0,1,96
2358935.0,0,31,0,1,96
2358947.0,0,31,0,1,96
2358957.0,0,31,0,65,32
2358957.0,0,31,0,1,96
2358974.0,0,31,0,1,96
2358990.0,0,31,0,1,96
2359002.0,0,31,0,1,96
2359016.0,0,31,0,1,96
2359026.0,0,31,0,1,96
2359040.0,0,31,0,1,96
2359064.0,0,0,0,32,96
2359064.0,0,0,0,0,128
2359079.0,0,0,0,32,96
2359079.0,0,0,0,0,128
2359087.0,0,0,0,32,96
2359087.0,0,0,0,0,128
2359197.0,0,0,0,32,96
2359197.0,0,0,0,0,128
2359206.0,0,0,0,32,96
2359206.0,0,0,0,0,128
2359215.0,0,0,0,32,96
2359215.0,0,0,0,0,128
2359319.0,0,0,0,32,96
2359319.0,0,0,0,0,128
2359328.0,0,0,0,32,96
2359328.0,0,0,0,0,128
2359334.0,0,0,0,32,96
2359334.0,0,0,0,0,128
2359401.0,0,0,0,32,96
2359401.0,0,0,0,20,108
2359405.0,0,0,0,21,107
2359407.0,0,0,0,23,105
2359408.0,0,0,0,25,103
2359409.0,0,0,0,27,101
2359410.0,0,0,0,28,100
2359411.0,0,0,0,29,99
2359412.0,0,0,0,30,98
2359413.0,0,0,0,31,97
2359426.0,0,0,0,32,96
2359450.0,0,0,0,64,64
2359456.0,0,0,0,64,64
2359456.0,0,0,0,63,65
2359462.0,0,0,0,95,33
2359484.0,0,0,0,96,32
2359490.0,0,0,0,96,32
2359490.0,0,0,0,95,33
2359506.0,0,0,0,96,32
2359515.0,0,0,0,96,32
2359515.0,0,0,0,95,33
2359522.0,0,0,0,96,32
2359542.0,0,0,0,96,32
2359542.0,0,0,0,80,48
2361392.0,0,0,0,96,32
2361415.0,0,0,0,96,32
2361415.0,0,0,0,95,33
2362039.0,0,0,0,96,32
2362101.0,0,0,0,96,32
2362105.0,0,0,0,96,32
2362105.0,0,0,1,95,32
2362107.0,0,0,1,95,32
2362107.0,0,0,3,93,32
2362108.0,0,0,3,93,32
2362108.0,0,0,5,91,32
2362109.0,0,0,5,91,32
2362109.0,0,0,7,89,32
2362110.0,0,0,7,89,32
2362110.0,0,0,8,88,32
2362111.0,0,0,8,88,32
2362111.0,0,0,9,87,32
2362112.0,0,0,9,87,32
2362112.0,0,0,10,86,32
2362113.0,0,0,10,86,32
2362113.0,0,0,11,85,32
2362126.0,0,0,11,85,32
2362126.0,0,0,12,84,32
2362150.0,0,0,12,84,32
2362150.0,0,0,44,52,32
2362162.0,0,0,44,52,32
2362162.0,0,0,76,20,32
2362184.0,0,0,76,20,32
2362184.0,0,0,77,19,32
2362206.0,0,0,77,19,32
2362206.0,0,0,78,18,32
2362222.0,0,0,78,18,32
2362222.0,0,0,79,17,32
2362324.0,0,0,79,17,32
2362324.0,0,0,79,16,33
2362380.0,0,0,79,16,33
2362380.0,0,0,79,15,34
2362395.0,0,0,79,16,33
2362412.0,0,0,79,17,32
2362455.0,0,0,79,17,32
2362523.0,0,0,79,17,32
2362525.0,0,0,79,17,32
2364092.0,0,0,79,17,32
2364092.0,0,0,93,3,32
2364176.0,0,0,93,35,0
2364739.0,0,0,93,35,0
2364739.0,0,0,94,34,0
2364805.0,1,0,93,34,0
2364807.0,3,0,91,34,0
2364808.0,5,0,89,34,0
2364809.0,7,0,87,34,0
2364810.0,8,0,86,34,0
2364811.0,9,0,85,34,0
2364812.0,10,0,84,34,0
2364813.0,11,0,83,34,0
2364826.0,12,0,82,34,0
2364850.0,44,0,50,34,0
2364862.0,76,0,18,34,0
2364884.0,77,0,17,34,0
2364906.0,78,0,16,34,0
2364922.0,79,0,15,34,0
2365095.0,79,0,15,34,0
2365095.0,79,0,16,33,0
2365112.0,79,0,16,33,0
2365112.0,79,0,17,32,0
2366792.0,93,0,3,32,0
2366876.0,93,0,3,32,0
2366876.0,93,0,35,0,0
2367439.0,94,0,34,0,0
2367795.0,95,0,33,0,0
2367812.0,96,0,32,0,0
2369576.0,128,0,0,0,0
2369576.0,0,128,0,0,0
2371376.0,0,0,0,128,0
2371376.0,0,0,0,0,128
2371436.0,0,0,0,128,0
2371436.0,0,0,0,0,128
2373451.0,0,0,0,0,128
2373583.0,0,0,0,0,128
2382235.0,0,0,0,64,64
2382361.0,0,0,0,128,0
2382361.0,0,0,0,0,128
2382488.0,0,0,0,128,0
2382488.0,0,0,0,0,128
2383300.0,0,0,0,0,128
2383399.0,0,0,0,0,128
2384935.0,0,0,0,0,128
2392203.0,0,0,0,128,0
2392203.0,0,0,0,0,128
2392295.0,0,0,0,128,0
2392295.0,0,0,0,64,64
2394995.0,0,0,0,64,64
2394995.0,0,0,64,0,64
2395636.0,0,0,64,0,64
2397695.0,64,0,0,0,64
2397695.0,63,1,0,0,64
2399495.0,63,0,0,1,64
2399495.0,63,0,0,0,65
2399505.0,63,0,0,1,64
2400696.0,63,0,0,1,64
2400696.0,31,32,0,1,64
2401507.0,31,32,0,1,64
2401507.0,0,63,0,1,64
2402205.0,0,63,0,1,64
2402279.0,0,63,0,1,64
2402377.0,0,63,0,1,64
2402496.0,0,31,0,33,64
2402496.0,0,31,0,1,96
2402964.0,0,31,0,65,32
2402964.0,0,31,0,1,96
2403149.0,0,31,0,1,96
2403307.0,0,0,0,32,96
2403307.0,0,0,0,0,128
2403315.0,0,0,0,32,96
2403315.0,0,0,0,31,97
2403327.0,0,0,0,63,65
2403340.0,0,0,0,64,64
2403466.0,0,0,0,64,64
2403466.0,0,0,0,63,65
2403480.0,0,0,0,64,64
2403576.0,0,0,0,64,64
2403576.0,0,0,0,32,96
2404084.0,0,0,0,32,96
2404084.0,0,0,0,0,128
2404109.0,0,0,0,32,96
2404160.0,0,0,0,32,96
2404160.0,0,0,0,0,128
2404184.0,0,0,0,32,96
2404249.0,0,0,0,32,96
2404249.0,0,0,0,0,128
2404273.0,0,0,0,32,96
2404276.0,0,0,0,32,96
2404276.0,0,0,0,0,128
2404300.0,0,0,0,32,96
2404314.0,0,0,0,32,96
2404314.0,0,0,0,0,128
2404415.0,0,0,0,32,96
2404424.0,0,0,0,32,96
2404424.0,0,0,0,31,97
2404531.0,0,0,0,32,96
2404944.0,0,0,0,32,96
2404944.0,0,0,0,31,97
2404965.0,0,0,0,32,96
2405264.0,0,0,0,64,64
2405491.0,0,0,0,64,64
2405491.0,0,0,0,63,65
2405502.0,0,0,0,64,64
2405566.0,0,0,0,64,64
2405566.0,0,0,0,63,65
2405611.0,0,0,0,64,64
2405616.0,0,0,0,64,64
2405616.0,0,0,0,63,65
2405751.0,0,0,0,64,64
2405777.0,0,0,0,64,64
2405777.0,0,0,0,63,65
2405797.0,0,0,0,64,64
2405848.0,0,0,0,96,32
2406015.0,0,0,0,96,32
2406027.0,0,0,0,96,32
2406467.0,0,0,0,128,0
2406809.0,0,0,0,128,0
2406884.0,0,0,0,128,0
2406973.0,0,0,0,128,0
2407000.0,0,0,0,128,0
2407115.0,0,0,0,128,0
2407115.0,0,0,26,102,0
2407231.0,0,0,26,102,0
2407231.0,0,0,27,101,0
2407242.0,0,0,27,101,0
2407242.0,0,0,27,100,1
2407245.0,0,0,27,101,0
2407256.0,0,0,27,101,0
2407256.0,0,0,27,69,32
2407353.0,0,0,27,69,32
2407353.0,0,0,27,37,64
2407513.0,0,0,27,69,32
2407640.0,0,0,27,69,32
2407640.0,0,0,27,37,64
2407665.0,0,0,27,37,64
2407676.0,0,0,27,37,64
2407676.0,0,0,27,5,96
2407744.0,0,0,27,5,96
2407744.0,0,0,27,1,100
2407785.0,0,0,27,5,96
2407964.0,0,0,27,5,96
2407965.0,0,0,27,37,64
2408202.0,0,0,27,37,64
2408242.0,0,0,27,37,64
2408242.0,0,0,27,36,65
2408262.0,0,0,27,37,64
2408515.0,0,0,27,37,64
2408515.0,0,0,27,29,72
2408540.0,0,0,27,29,72
2408548.0,0,0,27,29,72
2408792.0,0,0,27,29,72
2408811.0,0,0,27,29,72
2408811.0,0,0,27,27,74
2408817.0,0,0,27,28,73
2408828.0,0,0,27,29,72
2408839.0,0,0,27,29,72
2408881.0,0,0,27,37,64
2408881.0,0,0,27,5,96
2408896.0,0,0,27,5,96
2408986.0,0,0,27,5,96
2408986.0,0,0,27,0,101
2409005.0,0,0,27,1,100
2409027.0,0,0,27,5,96
2409092.0,0,0,27,5,96
2409119.0,0,0,27,37,64
2409119.0,0,0,27,5,96
2409167.0,0,0,27,5,96
2409209.0,0,0,27,5,96
2409252.0,0,0,27,5,96
2409252.0,0,0,27,0,101
2409265.0,0,0,27,0,101
2409270.0,0,0,27,1,100
2409296.0,0,0,27,5,96
2409424.0,0,0,27,37,64
2409424.0,0,0,27,5,96
2409451.0,0,0,27,21,80
2409521.0,0,0,27,21,80
2409521.0,0,0,27,5,96
2409553.0,0,0,27,5,96
2409553.0,0,0,27,4,97
2409568.0,0,0,27,5,96
2409592.0,0,0,27,21,80
2409633.0,0,0,27,21,80
2409633.0,0,0,27,5,96
2409650.0,0,0,27,21,80
2409815.0,26,0,1,21,80
2409909.0,26,0,1,21,80
2409909.0,26,0,1,17,84
2409931.0,27,0,0,17,84
2409952.0,27,0,0,21,80
2409972.0,27,0,0,37,64
2410010.0,27,0,0,37,64
2410010.0,27,0,0,21,80
2410213.0,27,0,0,21,80
2410419.0,27,0,0,21,80
2410419.0,27,0,0,17,84
2410463.0,27,0,0,21,80
2410485.0,27,0,0,21,80
2410665.0,27,0,0,21,80
2410684.0,27,0,0,37,64
2410752.0,27,0,0,37,64
2410752.0,27,0,0,33,68
2410795.0,27,0,0,37,64
2410984.0,27,0,0,37,64
2410984.0,27,0,0,33,68
2411027.0,27,0,0,37,64
2411156.0,27,0,0,37,64
2411156.0,27,0,0,5,96
2411177.0,27,0,0,37,64
2411185.0,27,0,0,37,64
2411185.0,27,0,0,36,65
2411248.0,27,0,0,37,64
2411288.0,27,0,0,37,64
2411288.0,27,0,0,5,96
2411362.0,27,0,0,37,64
2411481.0,27,0,0,37,64
2411481.0,27,0,0,36,65
2411545.0,27,0,0,37,64
2411581.0,27,0,0,37,64
2411705.0,27,0,0,37,64
2411737.0,27,0,0,69,32
2411819.0,27,0,0,69,32
2411970.0,27,0,0,69,32
2412124.0,27,0,0,69,32
2412151.0,27,0,0,69,32
2412292.0,27,0,0,69,32
2412350.0,27,0,0,69,32
2412567.0,27,0,0,69,32
2412567.0,27,0,0,68,33
2412652.0,27,0,0,69,32
2412672.0,27,0,0,69,32
2412681.0,27,0,0,69,32
2412681.0,27,0,0,37,64
2412785.0,27,0,0,37,64
2412785.0,27,0,0,36,65
2412858.0,27,0,0,37,64
2413336.0,27,0,0,37,64
2413336.0,27,0,0,36,65
2413411.0,27,0,0,37,64
2413480.0,27,0,0,37,64
2413480.0,27,0,0,36,65
2413495.0,27,0,0,36,65
2413509.0,27,0,0,37,64
2413588.0,27,0,0,37,64
2413588.0,27,0,0,36,65
2413651.0,27,0,0,37,64
2413727.0,27,0,0,37,64
2413760.0,27,0,0,37,64
2413760.0,27,0,0,36,65
2413809.0,27,0,0,36,65
2413809.0,27,0,0,4,97
2413830.0,27,0,0,5,96
2413843.0,27,0,0,5,96
2413843.0,19,8,0,5,96
2413877.0,19,8,0,5,96
2414062.0,19,8,0,5,96
2414091.0,19,8,0,37,64
2414097.0,19,8,0,37,64
2414097.0,19,8,0,36,65
2414134.0,19,8,0,37,64
2414203.0,19,8,0,37,64
2414203.0,19,8,0,5,96
2414214.0,19,8,0,5,96
2414214.0,19,8,0,4,97
2414231.0,19,8,0,36,65
2414245.0,19,8,0,36,65
2414248.0,19,8,0,36,65
2414248.0,19,8,0,35,66
2414319.0,19,8,0,36,65
2414331.0,19,8,0,36,65
2414331.0,19,8,0,35,66
2414338.0,19,8,0,36,65
2414352.0,19,8,0,37,64
2414357.0,19,8,0,37,64
2414357.0,19,8,0,33,68
2414378.0,19,8,0,37,64
2414437.0,19,8,0,37,64
2414676.0,19,8,0,37,64
2414676.0,19,8,0,5,96
2414693.0,19,8,0,5,96
2414693.0,3,24,0,5,96
2414753.0,3,24,0,5,96
2414753.0,3,24,0,1,100
2414775.0,3,24,0,5,96
2414912.0,3,24,0,5,96
2414912.0,3,24,0,1,100
2414934.0,3,24,0,1,100
2414934.0,1,26,0,1,100
2415558.0,1,26,0,1,100
2415643.0,1,18,0,9,100
2415643.0,1,18,0,1,108
2416111.0,1,18,0,1,108
2416403.0,1,18,0,33,76
2416410.0,1,18,0,33,76
2416410.0,1,18,0,1,108
2416493.0,1,2,0,17,108
2416493.0,1,2,0,1,124
2416599.0,1,2,0,17,108
2416734.0,1,0,0,19,108
2416734.0,1,0,0,17,110
2416791.0,1,0,0,17,110
2416931.0,1,0,0,17,110
2416999.0,1,0,0,21,106
2417052.0,1,0,0,21,106
2417078.0,1,0,0,21,106
2417475.0,1,0,0,21,106
2417630.0,1,0,0,21,106
2417630.0,1,0,0,5,122
2417721.0,1,0,0,21,106
2418061.0,1,0,0,21,106
2418061.0,1,0,0,5,122
2418091.0,1,0,0,21,106
2418125.0,1,0,0,21,106
2418125.0,1,0,0,5,122
2418131.0,1,0,0,37,90
2418219.0,1,0,0,37,90
2418219.0,1,0,0,21,106
2418284.0,1,0,0,53,74
2418290.0,1,0,0,53,74
2418290.0,1,0,0,21,106
2418303.0,1,0,0,37,90
2418452.0,1,0,0,69,58
2418462.0,1,0,0,69,58
2418462.0,1,0,0,37,90
2418587.0,1,0,0,53,74
2418623.0,1,0,0,85,42
2418652.0,1,0,0,85,42
2418652.0,1,0,0,53,74
2418803.0,1,0,0,55,72
2418843.0,1,0,0,87,40
2418880.0,1,0,0,87,40
2418880.0,1,0,0,86,41
2418897.0,1,0,0,87,40
2418986.0,1,0,0,87,40
2418986.0,1,0,0,71,56
2419103.0,1,0,0,71,56
2419176.0,1,0,0,87,40
2419261.0,1,0,0,87,40
2419261.0,1,0,0,71,56
2419282.0,1,0,0,87,40
2419299.0,1,0,0,87,40
2419313.0,1,0,0,87,40
2419313.0,1,0,0,71,56
2419334.0,1,0,0,87,40
2419428.0,1,0,0,87,40
2419428.0,1,0,0,71,56
2419622.0,1,0,0,87,40
2419644.0,1,0,0,87,40
2419644.0,1,0,0,83,44
2419672.0,1,0,0,83,44
2419672.0,1,0,0,67,60
2419691.0,1,0,0,99,28
2419697.0,1,0,0,103,24
2419708.0,1,0,0,103,24
2419708.0,1,0,0,71,56
2419817.0,1,0,0,87,40
2419840.0,1,0,0,87,40
2419840.0,1,0,0,71,56
2419932.0,1,0,0,79,48
2420057.0,1,0,0,95,32
2420421.0,1,0,0,95,32
2420791.0,1,0,0,95,32
2420831.0,1,0,0,95,32
2420910.0,1,0,0,95,32
2420910.0,1,0,0,94,33
2420984.0,1,0,0,94,33
2421003.0,1,0,0,94,33
2421103.0,1,0,0,95,32
2421105.0,1,0,0,95,32
2421105.0,1,0,0,87,40
2421152.0,1,0,0,87,40
2421219.0,1,0,0,119,8
2421231.0,1,0,0,119,8
2421231.0,1,0,0,87,40
2421287.0,1,0,0,87,40
2421304.0,1,0,0,87,40
2421304.0,1,0,0,86,41
2421323.0,1,0,0,86,41
2421331.0,1,0,0,118,9
2421334.0,1,0,0,119,8
2421341.0,1,0,0,119,8
2421341.0,1,0,0,118,9
2421364.0,1,0,0,119,8
2421427.0,1,0,0,127,0
2421543.0,1,0,0,127,0
2421982.0,1,0,0,127,0
2422034.0,1,0,0,127,0
2422322.0,1,0,0,127,0
2422391.0,1,0,0,127,0
2422391.0,1,0,8,119,0
2422397.0,1,0,8,119,0
2422397.0,1,0,12,115,0
2422517.0,1,0,12,115,0
2422517.0,1,0,28,99,0
2422632.0,1,0,28,99,0
2422632.0,1,0,36,91,0
2422757.0,1,0,36,91,0
2422757.0,1,0,52,75,0
2423359.0,1,0,52,75,0
2423359.0,1,0,52,43,32
2423369.0,1,0,52,43,32
2423369.0,1,0,52,27,48
2423400.0,1,0,52,27,48
2423452.0,1,0,52,27,48
2423489.0,1,0,52,27,48
2423489.0,0,1,52,26,49
2423499.0,0,1,52,26,49
2423527.0,0,1,52,27,48
2423578.0,0,1,52,27,48
2423578.0,0,1,52,26,49
2423579.0,0,1,52,42,33
2423579.0,0,1,52,10,65
2423673.0,0,1,52,11,64
2423697.0,0,1,52,11,64
2423740.0,0,1,52,11,64
2423740.0,0,1,52,10,65
2423746.0,0,1,52,10,65
2423768.0,0,1,52,10,65
2423768.0,0,1,52,8,67
2423776.0,0,1,52,9,66
2423803.0,0,1,52,9,66
2423911.0,0,1,52,11,64
2423911.0,0,1,52,7,68
2423919.0,0,1,52,7,68
2424031.0,0,1,52,7,68
2424076.0,0,1,52,11,64
2424215.0,0,1,52,11,64
2424215.0,0,1,52,10,65
2424279.0,0,1,52,10,65
2424279.0,0,1,52,9,66
2424345.0,0,1,52,9,66
2424458.0,0,1,52,9,66
2424458.0,0,1,52,8,67
2424480.0,0,1,52,9,66
2424500.0,0,1,52,10,65
2424579.0,0,1,52,10,65
2424637.0,0,1,52,10,65
2424637.0,0,1,52,9,66
2424648.0,0,1,52,9,66
2424736.0,0,1,52,9,66
2424957.0,0,1,52,9,66
2425021.0,0,1,52,9,66
2425021.0,0,1,52,8,67
2425051.0,0,1,52,9,66
2425085.0,0,1,52,10,65
2425087.0,0,1,52,10,65
2425091.0,8,1,44,10,65
2425097.0,12,1,40,10,65
2425121.0,12,1,40,10,65
2425121.0,11,2,40,10,65
2425125.0,11,2,40,10,65
2425125.0,10,3,40,10,65
2425181.0,10,3,40,10,65
2425181.0,9,4,40,10,65
2425217.0,25,4,24,10,65
2425240.0,25,4,24,10,65
2425240.0,24,5,24,10,65
2425289.0,24,4,24,11,65
2425289.0,24,4,24,3,73
2425316.0,24,4,24,3,73
2425316.0,23,5,24,3,73
2425332.0,31,5,16,3,73
2425332.0,0,36,16,3,73
2425344.0,0,36,16,3,73
2425387.0,0,36,16,3,73
2425392.0,0,36,16,3,73
2425448.0,0,36,16,3,73
2425457.0,16,36,0,3,73
2425500.0,16,36,0,3,73
2425522.0,16,36,0,3,73
2425522.0,14,38,0,3,73
2425629.0,14,38,0,3,73
2426279.0,14,38,0,3,73
2426373.0,14,38,0,3,73
2426728.0,14,38,0,3,73
2426776.0,14,38,0,3,73
2426836.0,14,38,0,3,73
2426921.0,14,37,0,4,73
2426921.0,14,37,0,3,74
2426925.0,14,36,0,4,74
2426925.0,14,36,0,3,75
2426981.0,14,35,0,4,75
2426981.0,14,35,0,3,76
2426999.0,14,35,0,4,75
2427006.0,14,35,0,36,43
2427006.0,14,35,0,4,75
2427040.0,14,34,0,5,75
2427040.0,14,34,0,4,76
2427057.0,14,34,0,36,44
2427057.0,6,42,0,4,76
2427066.0,6,42,0,5,75
2427066.0,0,48,0,5,75
2427092.0,0,48,0,6,74
2427115.0,0,48,0,7,73
2427115.0,0,48,0,3,77
2427116.0,0,47,0,4,77
2427116.0,0,47,0,3,78
2427120.0,0,47,0,7,74
2427120.0,0,47,0,3,78
2427132.0,0,16,0,34,78
2427132.0,0,16,0,2,110
2427139.0,0,16,0,3,109
2427180.0,0,16,0,3,109
2427200.0,0,16,0,3,109
2427214.0,0,16,0,3,109
2427224.0,0,16,0,35,77
2427224.0,0,16,0,3,109
2427230.0,0,16,0,3,109
2427232.0,0,16,0,35,77
2427232.0,0,16,0,3,109
2427322.0,0,14,0,5,109
2427322.0,0,14,0,3,111
2427365.0,0,14,0,35,79
2427365.0,0,14,0,27,87
2427406.0,0,14,0,59,55
2427406.0,0,14,0,23,91
2427407.0,0,14,0,55,59
2427407.0,0,14,0,23,91
2427598.0,0,14,0,55,59
2427598.0,0,14,0,23,91
2427628.0,0,14,0,55,59
2427628.0,0,14,0,15,99
2427751.0,0,14,0,15,99
2428011.0,0,14,0,23,91
2428480.0,0,14,0,23,91
2428665.0,0,14,0,31,83
2428673.0,0,14,0,31,83
2428766.0,0,14,0,31,83
2428832.0,0,14,0,31,83
2428857.0,0,6,0,39,83
2428857.0,0,6,0,27,95
2428866.0,0,0,0,33,95
2428866.0,0,0,0,21,107
2428894.0,0,0,0,25,103
2428900.0,0,0,0,29,99
2428900.0,0,0,0,25,103
2428906.0,0,0,0,29,99
2428909.0,0,0,0,33,95
2428909.0,0,0,0,1,127
2428916.0,0,0,0,5,123
2428924.0,0,0,0,9,119
2428953.0,0,0,0,9,119
2428958.0,0,0,0,13,115
2428994.0,0,0,0,13,115
2428994.0,0,0,0,12,116
2429009.0,0,0,0,13,115
2429106.0,0,0,0,45,83
2429106.0,0,0,0,13,115
2429145.0,0,0,0,13,115
2429289.0,0,0,0,45,83
2429289.0,0,0,0,13,115
2429341.0,0,0,0,13,115
2429398.0,0,0,0,29,99
2429398.0,0,0,0,13,115
2429404.0,0,0,0,29,99
2429527.0,0,0,0,45,83
2429579.0,0,0,0,45,83
2429579.0,0,0,0,29,99
2429696.0,0,0,0,45,83
2429706.0,0,0,0,45,83
2429732.0,0,0,0,45,83
2429732.0,0,0,0,29,99
2429757.0,0,0,0,29,99
2429763.0,0,0,0,29,99
2429763.0,0,0,0,28,100
2429839.0,0,0,0,28,100
2429853.0,0,0,0,44,84
2429863.0,0,0,0,44,84
2429863.0,0,0,0,28,100
2429924.0,0,0,0,28,100
2429932.0,0,0,0,28,100
2429935.0,0,0,0,29,99
2429988.0,0,0,0,45,83
2430038.0,0,0,0,45,83
2430038.0,0,0,0,13,115
2430065.0,0,0,0,13,115
2430089.0,0,0,0,13,115
2430089.0,0,0,0,9,119
2430106.0,0,0,0,9,119
2430107.0,0,0,0,9,119
2430110.0,0,0,0,13,115
2430176.0,0,0,0,13,115
2430224.0,0,0,0,13,115
2430230.0,0,0,0,13,115
2430230.0,0,0,0,8,120
2430249.0,0,0,0,9,119
2430256.0,0,0,0,9,119
2430268.0,0,0,0,13,115
2430278.0,0,0,0,13,115
2430278.0,0,0,0,12,116
2430284.0,0,0,0,12,116
2430284.0,0,0,0,11,117
2430295.0,0,0,0,12,116
2430298.0,0,0,0,12,116
2430308.0,0,0,0,13,115
2430321.0,0,0,0,13,115
2430321.0,0,0,0,12,116
2430328.0,0,0,0,12,116
2430332.0,0,0,0,44,84
2430332.0,0,0,0,12,116
2430353.0,0,0,0,13,115
2430371.0,0,0,0,13,115
2430384.0,0,0,0,13,115
2430384.0,0,0,0,8,120
2430387.0,0,0,0,8,120
2430408.0,0,0,0,9,119
2430425.0,0,0,0,9,119
2430425.0,0,0,0,8,120
2430450.0,0,0,0,12,116
2430458.0,0,0,0,13,115
2430506.0,0,0,0,13,115
2430506.0,0,0,0,9,119
2430545.0,0,0,0,13,115
2430585.0,0,0,0,21,107
2430618.0,0,0,0,53,75
2430618.0,0,0,0,21,107
2430778.0,0,0,0,21,107
2430826.0,0,0,0,53,75
2430826.0,0,0,0,21,107
2430930.0,0,0,0,53,75
2430930.0,0,0,0,21,107
2430958.0,0,0,0,53,75
2430993.0,0,0,0,53,75
2430993.0,0,0,0,37,91
2431038.0,0,0,0,69,59
2431056.0,0,0,0,69,59
2431056.0,0,0,0,65,63
2431090.0,0,0,0,65,63
2431090.0,0,0,0,64,64
2431096.0,0,0,0,80,48
2431108.0,0,0,0,84,44
2431198.0,0,0,0,85,43
2431237.0,0,0,0,85,43
2431237.0,0,0,0,53,75
2431269.0,0,0,0,53,75
2431269.0,0,0,0,21,107
2431287.0,0,0,0,21,107
2431313.0,0,0,0,21,107
2431350.0,0,0,0,53,75
2431350.0,0,0,0,13,115
2431460.0,0,0,0,45,83
2431515.0,0,0,0,45,83
2431515.0,0,0,0,29,99
2431537.0,0,0,0,45,83
2431546.0,0,0,0,77,51
2431557.0,0,0,0,77,51
2431557.0,0,0,0,45,83
2431584.0,0,0,0,45,83
2431584.0,0,0,0,29,99
2431605.0,0,0,0,45,83
2431609.0,0,0,0,45,83
2431616.0,0,0,0,45,83
2431671.0,0,0,0,77,51
2431677.0,0,0,0,77,51
2431677.0,0,0,0,45,83
2431705.0,0,0,0,77,51
2431733.0,0,0,0,77,51
2431733.0,0,0,0,13,115
2431746.0,0,0,0,13,115
2431806.0,0,0,0,13,115
2431835.0,0,0,0,13,115
2431989.0,0,0,0,13,115
2432028.0,0,0,0,13,115
2432079.0,0,0,0,13,115
2432098.0,0,0,0,13,115
2432104.0,0,0,0,13,115
2432125.0,0,0,0,13,115
2432180.0,0,0,0,13,115
2432207.0,0,0,0,13,115
2432227.0,0,0,0,13,115
2432238.0,0,0,0,13,115
2432332.0,0,0,0,13,115
2432396.0,0,0,0,13,115
2432574.0,0,0,0,77,51
2432574.0,0,0,0,13,115
2432595.0,0,0,0,61,67
2432595.0,0,0,0,13,115
2432607.0,0,0,0,13,115
2432616.0,0,0,0,45,83
2432616.0,0,0,0,13,115
2432621.0,0,0,0,29,99
2432621.0,0,0,0,13,115
2432638.0,0,0,0,45,83
2432642.0,0,0,0,61,67
2432688.0,0,0,0,61,67
2432745.0,0,0,0,61,67
2432745.0,0,0,0,45,83
2432756.0,0,0,0,61,67
2432763.0,0,0,0,65,63
2432766.0,0,0,0,81,47
2432804.0,0,0,0,81,47
2432804.0,0,0,0,65,63
2432825.0,0,0,0,81,47
2432859.0,0,0,0,81,47
2432859.0,0,0,0,17,111
2432892.0,0,0,0,17,111
2432892.0,0,0,0,1,127
2432915.0,0,0,0,17,111
2432954.0,0,0,0,25,103
2432979.0,0,0,0,57,71
2432980.0,0,0,0,57,71
2432980.0,0,0,0,41,87
2433032.0,0,0,0,41,87
2433064.0,0,0,0,57,71
2433318.0,0,0,0,57,71
2433384.0,0,0,0,57,71
2433384.0,0,0,0,41,87
2433465.0,0,0,0,57,71
2433487.0,0,0,0,57,71
2433487.0,0,0,0,41,87
2433519.0,0,0,0,105,23
2433526.0,0,0,0,105,23
2433534.0,0,0,0,121,7
2433536.0,0,0,0,121,7
2433536.0,0,0,0,105,23
2433551.0,0,0,0,105,23
2433551.0,0,0,0,41,87
2433552.0,0,0,0,105,23
2433569.0,0,0,0,105,23
2433569.0,0,0,0,73,55
2433574.0,0,0,0,105,23
2433579.0,0,0,0,105,23
2433579.0,0,0,0,41,87
2433586.0,0,0,0,41,87
2433586.0,0,0,0,25,103
2433592.0,0,0,0,41,87
2433593.0,0,0,0,41,87
2433593.0,0,0,0,25,103
2433608.0,0,0,0,41,87
2433621.0,0,0,0,57,71
2433630.0,0,0,0,57,71
2433658.0,0,0,0,57,71
2433660.0,0,0,0,57,71
2433660.0,0,0,0,41,87
2433667.0,0,0,0,57,71
2433679.0,0,0,0,57,71
2433679.0,0,0,0,41,87
2433695.0,0,0,0,41,87
2433695.0,0,0,0,25,103
2433700.0,0,0,0,41,87
2433738.0,0,0,0,41,87
2433756.0,0,0,0,41,87
2433756.0,0,0,0,25,103
2433778.0,0,0,0,41,87
2433796.0,0,0,0,41,87
2433822.0,0,0,0,41,87
2433822.0,0,0,0,40,88
2433824.0,0,0,0,41,87
2433870.0,0,0,0,41,87
2433870.0,0,0,0,33,95
2433885.0,0,0,0,33,95
2433885.0,0,0,0,32,96
2433892.0,0,0,0,40,88
2433920.0,0,0,0,40,88
2433920.0,0,0,0,32,96
2433926.0,0,0,0,96,32
2433942.0,0,0,0,104,24
2433947.0,0,0,0,104,24
2433947.0,0,0,0,96,32
2433954.0,0,0,0,96,32
2433954.0,0,0,0,32,96
2433978.0,0,0,0,40,88
2433989.0,0,0,0,40,88
2433989.0,0,0,0,32,96
2434014.0,0,0,0,104,24
2434022.0,0,0,0,120,8
2434028.0,0,0,0,120,8
2434028.0,0,0,0,112,16
2434034.0,0,0,0,112,16
2434034.0,0,0,0,80,48
2434050.0,0,0,0,88,40
2434053.0,0,0,0,89,39
2434088.0,0,0,0,89,39
2434088.0,0,0,0,73,55
2434110.0,0,0,0,89,39
2434130.0,0,0,0,89,39
2434130.0,0,0,0,73,55
2434136.0,0,0,0,73,55
2434136.0,0,0,0,65,63
2434159.0,0,0,0,73,55
2434160.0,0,0,0,73,55
2434180.0,0,0,0,89,39
2434209.0,0,0,0,121,7
2434221.0,0,0,0,121,7
2434221.0,0,0,0,89,39
2434237.0,0,0,0,89,39
2434246.0,0,0,0,89,39
2434293.0,0,0,0,89,39
2434293.0,0,0,0,73,55
2434305.0,0,0,0,73,55
2434334.0,0,0,0,73,55
2434334.0,0,0,0,57,71
2434348.0,0,0,0,73,55
2434366.0,0,0,0,89,39
2434378.0,0,0,0,89,39
2434378.0,0,0,0,88,40
2434396.0,0,0,0,89,39
2434405.0,0,0,0,89,39
2434415.0,0,0,0,89,39
2434415.0,0,0,0,88,40
2434430.0,0,0,0,89,39
2434431.0,0,0,0,89,39
2434431.0,0,0,0,73,55
2434522.0,0,0,0,105,23
2434614.0,0,0,0,105,23
2434614.0,0,0,0,89,39
2434736.0,0,0,0,105,23
2434758.0,0,0,0,121,7
2434774.0,0,0,0,121,7
2434774.0,0,0,0,105,23
2434844.0,0,0,0,105,23
2434844.0,0,0,0,89,39
2434868.0,0,0,0,105,23
2434895.0,0,0,0,105,23
2434895.0,0,0,0,89,39
2434899.0,0,0,0,89,39
2434899.0,0,0,0,57,71
2434935.0,0,0,0,57,71
2434935.0,0,0,0,49,79
2435274.0,0,0,0,49,79
2435295.0,0,0,0,49,79
2435316.0,0,0,0,49,79
2435321.0,0,0,0,49,79
2435338.0,0,0,0,49,79
2435427.0,0,0,0,49,79
2435427.0,0,0,0,17,111
2435466.0,0,0,0,17,111
2435481.0,0,0,0,17,111
2435481.0,0,0,0,13,115
2435504.0,0,0,0,17,111
2435525.0,0,0,0,17,111
2435542.0,0,0,0,17,111
2435542.0,0,0,0,16,112
2435565.0,0,0,0,17,111
2435586.0,0,0,0,17,111
2435586.0,0,0,0,9,119
2435592.0,0,0,0,25,103
2435610.0,0,0,0,25,103
2435610.0,0,0,0,9,119
2435615.0,0,0,0,9,119
2435634.0,0,0,0,25,103
2435642.0,0,0,0,41,87
2435679.0,0,0,0,41,87
2435764.0,0,0,0,41,87
2435863.0,0,0,0,49,79
2435974.0,0,0,0,49,79
2435974.0,0,0,0,17,111
2436219.0,0,0,0,17,111
2436233.0,0,0,0,49,79
2436234.0,0,0,0,49,79
2436252.0,0,0,0,49,79
2436274.0,0,0,0,49,79
2436292.0,0,0,0,49,79
2436300.0,0,0,0,49,79
2436300.0,0,0,0,48,80
2436303.0,0,0,0,48,80
2436303.0,0,0,0,16,112
2436308.0,0,0,0,16,112
2436321.0,0,0,0,16,112
2436329.0,0,0,0,48,80
2436359.0,0,0,0,48,80
2436359.0,0,0,0,16,112
2436367.0,0,0,0,16,112
2436400.0,0,0,0,16,112
2436478.0,0,0,0,16,112
2436546.0,0,0,0,48,80
2436577.0,0,0,0,48,80
2436577.0,0,0,0,32,96
2436580.0,0,0,0,48,80
2436626.0,0,0,0,48,80
2436695.0,0,0,0,48,80
2436695.0,0,0,0,32,96
2436714.0,0,0,0,32,96
2436722.0,0,0,0,32,96
2436753.0,0,0,0,32,96
2436810.0,0,0,0,32,96
2436859.0,0,0,0,32,96
2436867.0,0,0,0,48,80
2436880.0,0,0,0,48,80
2436907.0,0,0,0,48,80
2436907.0,0,0,0,32,96
2436909.0,0,0,0,32,96
2437048.0,0,0,0,32,96
2437066.0,0,0,0,32,96
2437082.0,0,0,0,48,80
2437149.0,0,0,0,48,80
2437149.0,0,0,0,32,96
2437209.0,0,0,0,48,80
2437209.0,0,0,0,40,88
2437222.0,0,0,0,40,88
2437251.0,0,0,0,40,88
2437251.0,0,0,0,24,104
2437285.0,0,0,0,32,96
2437286.0,0,0,0,48,80
2437332.0,0,0,0,48,80
2437332.0,0,0,0,32,96
2437374.0,0,0,0,32,96
2437374.0,0,0,0,16,112
2437436.0,0,0,0,32,96
2437458.0,0,0,0,32,96
2437458.0,0,0,0,16,112
2437466.0,0,0,0,32,96
2437502.0,0,0,0,32,96
2437502.0,0,0,0,16,112
2437520.0,0,0,0,32,96
2437541.0,0,0,0,32,96
2437541.0,0,0,0,16,112
2437568.0,0,0,0,16,112
2437607.0,0,0,0,32,96
2437633.0,0,0,0,32,96
2437633.0,0,0,0,16,112
2437667.0,0,0,0,32,96
2437703.0,0,0,0,48,80
2437704.0,0,0,0,48,80
2437704.0,0,0,0,32,96
2437755.0,0,0,0,48,80
2437771.0,0,0,0,48,80
2437771.0,0,0,0,32,96
2437835.0,0,0,0,48,80
2437843.0,0,0,0,48,80
2437843.0,0,0,0,32,96
2437853.0,0,0,0,32,96
2437853.0,0,0,0,16,112
2437937.0,0,0,0,32,96
2437977.0,0,0,0,32,96
2437977.0,0,0,0,16,112
2438128.0,0,0,0,32,96
2438152.0,0,0,0,32,96
2438152.0,0,0,0,16,112
2438242.0,0,0,0,32,96
2438267.0,0,0,0,32,96
2438267.0,0,0,0,16,112
2438292.0,0,0,0,16,112
2438306.0,0,0,0,32,96
2438330.0,0,0,0,32,96
2438330.0,0,0,0,16,112
2438342.0,0,0,0,16,112
2438416.0,0,0,0,32,96
2438425.0,0,0,0,32,96
2438425.0,0,0,0,16,112
2438593.0,0,0,0,32,96
2438604.0,0,0,0,32,96
2438604.0,0,0,0,16,112
2438673.0,0,0,0,32,96
2438712.0,0,0,0,48,80
2438724.0,0,0,0,48,80
2438724.0,0,0,0,32,96
2438752.0,0,0,0,64,64
2438756.0,0,0,0,64,64
2438756.0,0,0,0,32,96
2438923.0,0,0,0,32,96
2438923.0,0,0,0,31,97
2438933.0,0,0,0,31,97
2438963.0,0,0,0,32,96
2438977.0,0,0,0,32,96
2438977.0,0,0,0,28,100
2439014.0,0,0,0,32,96
2439027.0,0,0,0,32,96
2439027.0,0,0,0,31,97
2439029.0,0,0,0,31,97
2439064.0,0,0,0,32,96
2439065.0,0,0,0,32,96
2439065.0,0,0,0,16,112
2439088.0,0,0,0,32,96
2439099.0,0,0,0,32,96
2439099.0,0,0,0,16,112
2439165.0,0,0,0,32,96
2439218.0,0,0,0,48,80
2439246.0,0,0,0,48,80
2439280.0,0,0,0,48,80
2439307.0,0,0,0,48,80
2439307.0,0,0,0,32,96
2439354.0,0,0,0,32,96
2439354.0,0,0,0,16,112
2439365.0,0,0,0,48,80
2439366.0,0,0,0,56,72
2439466.0,0,0,0,72,56
2439472.0,0,0,0,72,56
2439472.0,0,0,0,56,72
2439567.0,0,0,0,56,72
2439590.0,0,0,0,58,70
2439602.0,0,0,0,58,70
2439602.0,0,0,0,57,71
2439721.0,0,0,0,73,55
2439725.0,0,0,0,89,39
2439741.0,0,0,0,89,39
2439741.0,0,0,0,73,55
2439782.0,0,0,0,73,55
2439791.0,0,0,0,74,54
2439847.0,0,0,0,90,38
2439870.0,0,0,0,90,38
2439870.0,0,0,0,74,54
2439886.0,0,0,0,74,54
2439886.0,0,0,0,73,55
2439909.0,0,0,0,73,55
2439915.0,0,0,0,73,55
2439915.0,0,0,0,57,71
2439981.0,0,0,0,73,55
2439983.0,0,0,0,73,55
2439983.0,0,0,0,57,71
2439986.0,0,0,0,57,71
2440136.0,0,0,0,57,71
2440166.0,0,0,0,57,71
2440220.0,0,0,0,57,71
2440307.0,0,0,0,57,71
2440367.0,0,0,0,57,71
2440403.0,0,0,0,57,71
2440455.0,0,0,0,57,71
2440535.0,0,0,0,57,71
2440637.0,0,0,0,57,71
2440828.0,0,0,0,57,71
2440942.0,0,0,0,57,71
2441006.0,0,0,0,57,71
2441116.0,0,0,0,57,71
2441293.0,0,0,0,57,71
2441373.0,0,0,0,57,71
2441452.0,0,0,0,57,71
2441788.0,0,0,0,57,71
2441865.0,0,0,0,57,71
2441918.0,0,0,0,57,71
2441954.0,0,0,0,57,71
2441954.0,0,0,0,56,72
2441968.0,0,0,0,57,71
2442065.0,0,0,0,57,71
2442066.0,0,0,0,57,71
2442068.0,0,0,0,73,55
2442072.0,0,0,0,105,23
2442077.0,0,0,0,105,23
2442077.0,0,0,0,73,55
2442166.0,0,0,0,73,55
2442421.0,0,0,0,73,55
2442547.0,0,0,0,73,55
2442547.0,0,0,8,65,55
2442681.0,0,0,8,65,55
2442681.0,0,0,24,49,55
2444668.0,0,0,24,49,55
2444668.0,0,0,25,48,55
2444768.0,0,0,25,48,55
2444768.0,0,0,41,32,55
2444772.0,0,0,41,32,55
2444772.0,0,0,73,0,55
2444971.0,0,0,73,0,55
2445127.0,0,0,73,0,55
2445247.0,8,0,65,0,55
2445247.0,5,3,65,0,55
2445361.0,5,3,65,32,23
2445364.0,5,3,65,32,23
2445364.0,5,3,65,0,55
2445381.0,21,3,49,0,55
2446302.0,21,3,49,0,55
2446302.0,5,19,49,0,55
2446380.0,5,19,49,0,55
2446431.0,5,19,49,0,55
2446467.0,5,19,49,0,55
2446506.0,5,19,49,0,55
2446546.0,5,19,49,0,55
2446591.0,5,19,49,0,55
2446634.0,5,19,49,0,55
2446670.0,5,19,49,0,55
2446710.0,5,19,49,0,55
2446754.0,5,19,49,0,55
2446794.0,5,19,49,0,55
2446834.0,5,19,49,0,55
2446879.0,5,19,49,0,55
2446925.0,5,19,49,0,55
2446971.0,5,19,49,0,55
2447019.0,5,19,49,0,55
2447047.0,5,16,49,3,55
2447047.0,5,16,49,0,58
2447093.0,5,16,49,0,58
2447118.0,5,16,49,0,58
2447128.0,5,16,49,0,58
2447140.0,5,16,49,0,58
2447153.0,5,16,49,0,58
2447161.0,5,16,49,1,57
2447161.0,0,21,49,1,57
2447164.0,0,21,49,1,57
2447164.0,0,21,49,0,58
2447171.0,0,21,49,1,57
2447192.0,0,21,49,3,55
2447193.0,0,21,49,3,55
2447193.0,0,21,49,2,56
2447222.0,0,21,49,3,55
2447225.0,0,21,49,3,55
2447225.0,0,21,49,2,56
2447232.0,0,21,49,3,55
2447242.0,0,21,49,3,55
2447242.0,0,21,49,2,56
2447251.0,0,21,49,3,55
2447255.0,0,21,49,3,55
2447255.0,0,21,49,2,56
2447261.0,0,21,49,3,55
2447266.0,0,21,49,3,55
2447266.0,0,21,49,2,56
2447277.0,0,21,49,3,55
2447285.0,0,21,49,3,55
2447285.0,0,21,49,2,56
2447294.0,0,21,49,3,55
2447297.0,0,21,49,3,55
2447297.0,0,21,49,2,56
2447318.0,0,21,49,3,55
2447325.0,0,21,49,3,55
2447325.0,0,21,49,2,56
2447341.0,0,21,49,3,55
2447345.0,0,21,49,3,55
2447345.0,0,21,49,2,56
2447352.0,0,21,49,3,55
2447360.0,0,21,49,3,55
2447360.0,0,21,49,2,56
2447365.0,0,21,49,3,55
2447368.0,1,21,48,3,55
2447374.0,1,21,48,3,55
2447374.0,0,22,48,3,55
2447381.0,0,22,48,3,55
2447381.0,0,22,48,2,56
2447392.0,0,22,48,3,55
2447397.0,0,22,48,3,55
2447397.0,0,22,48,2,56
2447408.0,0,22,48,3,55
2447411.0,0,22,48,3,55
2447411.0,0,22,48,2,56
2447421.0,0,22,48,3,55
2447468.0,16,22,32,3,55
2447468.0,0,38,32,3,55
2447472.0,32,38,0,3,55
2447472.0,0,70,0,3,55
2447725.0,0,70,0,3,55
2447851.0,0,70,0,3,55
2447923.0,0,70,0,3,55
2447939.0,0,70,0,3,55
2448061.0,0,70,0,3,55
2448102.0,0,54,0,19,55
2448102.0,0,54,0,3,71
2448176.0,0,54,0,19,55
2448176.0,0,54,0,3,71
2448215.0,0,54,0,19,55
2448215.0,0,54,0,3,71
2448256.0,0,54,0,19,55
2448256.0,0,54,0,3,71
2448266.0,0,54,0,3,71
2448266.0,0,54,0,2,72
2448292.0,0,54,0,18,56
2448292.0,0,54,0,2,72
2448309.0,0,54,0,3,71
2448322.0,0,54,0,3,71
2448322.0,0,54,0,2,72
2448327.0,0,54,0,18,56
2448327.0,0,54,0,2,72
2448342.0,0,54,0,3,71
2448346.0,0,54,0,3,71
2448361.0,0,54,0,3,71
2448362.0,0,54,0,19,55
2448362.0,0,54,0,3,71
2448368.0,0,54,0,3,71
2448368.0,0,54,0,1,73
2448401.0,0,54,0,17,57
2448401.0,0,54,0,1,73
2448438.0,0,54,0,17,57
2448438.0,0,54,0,1,73
2448475.0,0,54,0,17,57
2448475.0,0,54,0,1,73
2448514.0,0,54,0,17,57
2448514.0,0,54,0,1,73
2448556.0,0,54,0,17,57
2448556.0,0,54,0,1,73
2448599.0,0,54,0,17,57
2448599.0,0,54,0,1,73
2448644.0,0,54,0,17,57
2448644.0,0,54,0,1,73
2448664.0,0,54,0,33,41
2448664.0,0,54,0,1,73
2448668.0,0,54,0,17,57
2448673.0,0,54,0,17,57
2448683.0,0,54,0,33,41
2448683.0,0,54,0,1,73
2448715.0,0,54,0,33,41
2448715.0,0,54,0,1,73
2448741.0,0,54,0,33,41
2448741.0,0,54,0,13,61
2448961.0,0,49,0,18,61
2448961.0,0,49,0,13,66
2448967.0,0,49,0,14,65
2448968.0,0,49,0,15,64
2448970.0,0,49,0,16,63
2448970.0,0,49,0,0,79
2448971.0,0,49,0,1,78
2448982.0,0,49,0,2,77
2449062.0,0,49,0,2,77
2449064.0,0,49,0,18,61
2449174.0,0,48,0,19,61
2449174.0,0,48,0,18,62
2449178.0,0,48,0,19,61
2449268.0,0,32,0,35,61
2449268.0,0,32,0,19,77
2449272.0,0,0,0,51,77
2449272.0,0,0,0,19,109
2449306.0,0,0,0,35,93
2449306.0,0,0,0,3,125
2449308.0,0,0,0,19,109
2449308.0,0,0,0,3,125
2449316.0,0,0,0,19,109
2449470.0,0,0,0,35,93
2449689.0,0,0,0,39,89
2449861.0,0,0,0,39,89
2449869.0,0,0,0,41,87
2449871.0,0,0,0,41,87
2449892.0,0,0,0,41,87
2449922.0,0,0,0,41,87
2449932.0,0,0,0,41,87
2449951.0,0,0,0,41,87
2449961.0,0,0,0,41,87
2449977.0,0,0,0,41,87
2449994.0,0,0,0,41,87
2450018.0,0,0,0,41,87
2450041.0,0,0,0,41,87
2450052.0,0,0,0,41,87
2450065.0,0,0,0,41,87
2450092.0,0,0,0,41,87
2450339.0,0,0,0,41,87
2450339.0,0,0,0,39,89
2450420.0,0,0,0,41,87
2450590.0,0,0,0,41,87
2450590.0,0,0,0,37,91
2450632.0,0,0,0,41,87
2450689.0,0,0,0,41,87
2450689.0,0,0,0,33,95
2450726.0,0,0,0,49,79
2450876.0,0,0,0,49,79
2450915.0,0,0,0,49,79
2450956.0,0,0,0,49,79
2450992.0,0,0,0,49,79
2451011.0,0,0,0,49,79
2451011.0,0,0,0,45,83
2451027.0,0,0,0,45,83
2451036.0,0,0,0,49,79
2451062.0,0,0,0,49,79
2451101.0,0,0,0,49,79
2451138.0,0,0,0,49,79
2451175.0,0,0,0,49,79
2451197.0,0,0,0,57,71
2451214.0,0,0,0,57,71
2451256.0,0,0,0,57,71
2451299.0,0,0,0,57,71
2451344.0,0,0,0,57,71
2451364.0,0,0,0,57,71
2451383.0,0,0,0,57,71
2451415.0,0,0,0,57,71
2451441.0,0,0,0,57,71
2451671.0,0,0,0,57,71
2451724.0,0,0,0,57,71
2451724.0,0,0,0,53,75
2451751.0,0,0,0,57,71
2452006.0,0,0,0,57,71
2452008.0,0,0,0,57,71
2452016.0,0,0,0,57,71
2452108.0,0,0,0,57,71
2452108.0,0,0,0,25,103
2452116.0,0,0,0,25,103
2452170.0,0,0,0,25,103
2452734.0,0,0,0,57,71
2452902.0,0,0,0,89,39
2452902.0,0,0,0,25,103
2453426.0,0,0,0,25,103
2455602.0,0,0,0,25,103
2455602.0,0,0,25,0,103
2456873.0,0,0,25,2,101
2457266.0,0,0,25,6,97
2458302.0,25,0,0,6,97
2459573.0,25,0,0,6,97
2459573.0,25,0,2,4,97
2459966.0,25,0,2,4,97
2459966.0,25,0,6,0,97
2462273.0,27,0,4,0,97
2462666.0,31,0,0,0,97
2463030.0,31,0,0,32,65
2463038.0,31,0,0,33,64
2463822.0,31,0,0,97,0
2465730.0,31,0,0,97,0
2465730.0,31,0,32,65,0
2465738.0,31,0,32,65,0
2465738.0,31,0,33,64,0
2466522.0,31,0,33,64,0
2466522.0,31,0,97,0,0
2468430.0,63,0,65,0,0
2468438.0,64,0,64,0,0
2469222.0,128,0,0,0,0
2471270.0,128,0,0,0,0
2471270.0,0,128,0,0,0
2473070.0,0,0,0,128,0
2473070.0,0,0,0,0,128
2483989.0,0,0,0,128,0
2486689.0,0,0,0,128,0
2486689.0,0,0,128,0,0
2487619.0,0,0,128,0,0
2488293.0,0,0,128,0,0
2488308.0,0,0,128,0,0
2488501.0,0,0,128,0,0
2489389.0,128,0,0,0,0
2489389.0,47,81,0,0,0
2489544.0,47,81,0,0,0
2489544.0,46,82,0,0,0
2489570.0,46,82,0,0,0
2489570.0,42,86,0,0,0
2489593.0,42,86,0,0,0
2489593.0,40,88,0,0,0
2489746.0,40,88,0,0,0
2489746.0,24,104,0,0,0
2489959.0,24,104,0,0,0
2489959.0,8,120,0,0,0
2490367.0,8,120,0,0,0
2490824.0,8,120,0,0,0
2490868.0,8,120,0,0,0
2490887.0,8,120,0,0,0
2490908.0,8,120,0,0,0
2490968.0,8,120,0,0,0
2491080.0,8,120,0,0,0
2491093.0,8,120,0,0,0
2491120.0,8,120,0,0,0
2491189.0,8,39,0,81,0
2491189.0,8,39,0,0,81
2491205.0,8,39,0,1,80
2491209.0,8,39,0,1,80
2491235.0,8,39,0,1,80
2491344.0,8,38,0,2,80
2491344.0,8,38,0,1,81
2491366.0,8,38,0,2,80
2491370.0,8,34,0,22,64
2491370.0,8,34,0,18,68
2491393.0,8,32,0,20,68
2491393.0,8,32,0,18,70
2491424.0,8,32,0,18,70
2491447.0,8,32,0,18,70
2491478.0,8,32,0,18,70
2491546.0,8,16,0,34,70
2491546.0,0,24,0,13,91
2491574.0,0,24,0,29,75
2491602.0,0,24,0,29,75
2491744.0,0,24,0,30,74
2491744.0,0,24,0,29,75
2491747.0,0,24,0,29,75
2491759.0,0,8,0,45,75
2491759.0,0,8,0,28,92
2491887.0,0,8,0,29,91
2491936.0,0,8,0,30,90
2491959.0,0,8,0,46,74
2492003.0,0,8,0,46,74
2492003.0,0,8,0,45,75
2492006.0,0,8,0,45,75
2492068.0,0,8,0,46,74
2492102.0,0,8,0,78,42
2492102.0,0,8,0,14,106
2492312.0,0,8,0,78,42
2492312.0,0,8,0,14,106
2492353.0,0,8,0,78,42
2492353.0,0,8,0,14,106
2492399.0,0,8,0,78,42
2492399.0,0,8,0,14,106
2492400.0,0,8,0,78,42
2492400.0,0,8,0,14,106
2492431.0,0,8,0,14,106
2492471.0,0,8,0,78,42
2492471.0,0,8,0,14,106
2492476.0,0,8,0,78,42
2492476.0,0,8,0,14,106
2492521.0,0,8,0,20,100
2492521.0,0,8,0,4,116
2492692.0,0,8,0,4,116
2492692.0,0,8,0,3,117
2492775.0,0,8,0,4,116
2492810.0,0,8,0,4,116
2492830.0,0,8,0,68,52
2492830.0,0,8,0,4,116
2492913.0,0,8,0,20,100
2493007.0,0,8,0,84,36
2493007.0,0,8,0,20,100
2493071.0,0,8,0,84,36
2493071.0,0,8,0,20,100
2493087.0,0,8,0,20,100
2493111.0,0,8,0,84,36
2493111.0,0,8,0,20,100
2493278.0,0,8,0,20,100
2493346.0,0,0,0,28,100
2493346.0,0,0,0,17,111
2493361.0,0,0,0,18,110
2493366.0,0,0,0,22,106
2493426.0,0,0,0,86,42
2493426.0,0,0,0,54,74
2493432.0,0,0,0,58,70
2493450.0,0,0,0,58,70
2493450.0,0,0,0,57,71
2493464.0,0,0,0,57,71
2493464.0,0,0,0,53,75
2493532.0,0,0,0,53,75
2493532.0,0,0,0,21,107
2493557.0,0,0,0,21,107
2493557.0,0,0,0,17,111
2493596.0,0,0,0,18,110
2493637.0,0,0,0,22,106
2493649.0,0,0,0,22,106
2493649.0,0,0,0,14,114
2493688.0,0,0,0,18,110
2493705.0,0,0,0,18,110
2493705.0,0,0,0,14,114
2493717.0,0,0,0,46,82
2493718.0,0,0,0,46,82
2493718.0,0,0,0,42,86
2493764.0,0,0,0,50,78
2493797.0,0,0,0,50,78
2493797.0,0,0,0,42,86
2493820.0,0,0,0,46,82
2493896.0,0,0,0,54,74
2493903.0,0,0,0,54,74
2493903.0,0,0,0,38,90
2493905.0,0,0,0,38,90
2493908.0,0,0,0,38,90
2493908.0,0,0,0,34,94
2493937.0,0,0,0,38,90
2493976.0,0,0,0,38,90
2493976.0,0,0,0,6,122
2493991.0,0,0,0,22,106
2493995.0,0,0,0,22,106
2493995.0,0,0,0,14,114
2494066.0,0,0,0,14,114
2494088.0,0,0,0,46,82
2494139.0,0,0,0,50,78
2494273.0,0,0,0,50,78
2494273.0,0,0,0,49,79
2494300.0,0,0,0,57,71
2494323.0,0,0,0,57,71
2494323.0,0,0,0,49,79
2494341.0,0,0,0,50,78
2494344.0,0,0,0,50,78
2494344.0,0,0,0,42,86
2494398.0,0,0,0,50,78
2494534.0,0,0,0,50,78
2494534.0,0,0,0,34,94
2494554.0,0,0,0,42,86
2494601.0,0,0,0,58,70
2494606.0,0,0,0,58,70
2494606.0,0,0,0,42,86
2494644.0,0,0,0,42,86
2494644.0,0,0,0,26,102
2494701.0,0,0,0,42,86
2494729.0,0,0,0,42,86
2494729.0,0,0,0,38,90
2494733.0,0,0,0,38,90
2494733.0,0,0,0,22,106
2494802.0,0,0,0,22,106
2494804.0,0,0,0,22,106
2494804.0,0,0,0,21,107
2494806.0,0,0,0,37,91
2494849.0,0,0,0,53,75
2494853.0,0,0,0,53,75
2494853.0,0,0,0,37,91
2494856.0,0,0,0,37,91
2494856.0,0,0,0,29,99
2494883.0,0,0,0,30,98
2494912.0,0,0,0,62,66
2494934.0,0,0,0,78,50
2494996.0,0,0,0,78,50
2494996.0,0,0,0,62,66
2495007.0,0,0,0,70,58
2495012.0,0,0,0,70,58
2495018.0,0,0,0,70,58
2495018.0,0,0,0,62,66
2495053.0,0,0,0,62,66
2495064.0,0,0,0,62,66
2495064.0,0,0,0,54,74
2495070.0,0,0,0,70,58
2495084.0,0,0,0,70,58
2495084.0,0,0,0,54,74
2495099.0,0,0,0,54,74
2495100.0,0,0,0,54,74
2495171.0,0,0,0,54,74
2495176.0,0,0,0,54,74
2495196.0,0,0,0,70,58
2495221.0,0,0,0,70,58
2495222.0,0,0,0,70,58
2495222.0,0,0,0,69,59
2495227.0,0,0,0,70,58
2495236.0,0,0,0,78,50
2495249.0,0,0,0,82,46
2495274.0,0,0,0,82,46
2495274.0,0,0,0,50,78
2495383.0,0,0,0,82,46
2495385.0,0,0,0,82,46
2495385.0,0,0,0,81,47
2495389.0,0,0,0,81,47
2495389.0,0,0,0,49,79
2495475.0,0,0,0,49,79
2495510.0,0,0,0,49,79
2495510.0,0,0,0,33,95
2495512.0,0,0,0,33,95
2495512.0,0,0,0,29,99
2495523.0,0,0,0,29,99
2495523.0,0,0,0,13,115
2495530.0,0,0,0,13,115
2495538.0,0,0,0,14,114
2495563.0,0,0,0,22,106
2495595.0,0,0,0,38,90
2495610.0,0,0,0,38,90
2495610.0,0,0,0,22,106
2495707.0,0,0,0,22,106
2495771.0,0,0,0,22,106
2495782.0,0,0,0,38,90
2495811.0,0,0,0,38,90
2495837.0,0,0,0,38,90
2495837.0,0,0,0,37,91
2495843.0,0,0,0,53,75
2495885.0,0,0,0,53,75
2495885.0,0,0,0,37,91
2495957.0,0,0,0,37,91
2495957.0,0,0,0,36,92
2495971.0,0,0,0,37,91
2496005.0,0,0,0,38,90
2496111.0,0,0,0,70,58
2496126.0,0,0,0,70,58
2496132.0,0,0,0,70,58
2496153.0,0,0,0,70,58
2496153.0,0,0,0,38,90
2496191.0,0,0,0,70,58
2496253.0,0,0,0,70,58
2496253.0,0,0,0,38,90
2496278.0,0,0,0,38,90
2496278.0,0,0,0,22,106
2496308.0,0,0,0,54,74
2496388.0,0,0,0,54,74
2496417.0,0,0,0,54,74
2496596.0,0,0,0,54,74
2496686.0,0,0,0,54,74
2496686.0,0,0,0,22,106
2496687.0,0,0,0,54,74
2496691.0,0,0,0,54,74
2496705.0,0,0,0,54,74
2496705.0,0,0,0,22,106
2496740.0,0,0,0,38,90
2496744.0,0,0,0,38,90
2496744.0,0,0,0,22,106
2496788.0,0,0,0,22,106
2496797.0,0,0,0,54,74
2496804.0,0,0,0,54,74
2496804.0,0,0,0,22,106
2496810.0,0,0,0,54,74
2496811.0,0,0,0,70,58
2496833.0,0,0,0,70,58
2496833.0,0,0,0,38,90
2496839.0,0,0,0,38,90
2496849.0,0,0,0,38,90
2496849.0,0,0,0,22,106
2496861.0,0,0,0,22,106
2496861.0,0,0,0,6,122
2496862.0,0,0,0,22,106
2496875.0,0,0,0,54,74
2496883.0,0,0,0,54,74
2496883.0,0,0,0,38,90
2496979.0,0,0,0,54,74
2496980.0,0,0,0,70,58
2496996.0,0,0,0,70,58
2496996.0,0,0,0,54,74
2497098.0,0,0,0,54,74
2497121.0,0,0,0,54,74
2497121.0,0,0,0,38,90
2497135.0,0,0,0,54,74
2497138.0,0,0,0,54,74
2497138.0,0,0,0,38,90
2497166.0,0,0,0,38,90
2497166.0,0,0,0,6,122
2497207.0,0,0,0,22,106
2497215.0,0,0,0,54,74
2497228.0,0,0,0,54,74
2497228.0,0,0,0,38,90
2497230.0,0,0,0,54,74
2497237.0,0,0,0,54,74
2497237.0,0,0,0,22,106
2497254.0,0,0,0,22,106
2497256.0,0,0,0,54,74
2497271.0,0,0,0,86,42
2497301.0,0,0,0,86,42
2497306.0,0,0,0,102,26
2497314.0,0,0,0,102,26
2497314.0,0,0,0,86,42
2497325.0,0,0,0,102,26
2497360.0,0,0,0,102,26
2497360.0,0,0,0,86,42
2497384.0,0,0,0,90,38
2497401.0,0,0,0,90,38
2497414.0,0,0,0,106,22
2497444.0,0,0,0,122,6
2497446.0,0,0,0,122,6
2497446.0,0,0,0,106,22
2497458.0,0,0,0,106,22
2497458.0,0,0,0,90,38
2497481.0,0,0,0,106,22
2497506.0,0,0,0,106,22
2497549.0,0,0,0,106,22
2497577.0,0,0,0,106,22
2497577.0,0,0,0,102,26
2497612.0,0,0,0,102,26
2497673.0,0,0,0,118,10
2497678.0,0,0,0,118,10
2497678.0,0,0,0,102,26
2497689.0,0,0,0,102,26
2497689.0,0,0,0,86,42
2497692.0,0,0,0,86,42
2497692.0,0,0,0,70,58
2497707.0,0,0,0,70,58
2497769.0,0,0,0,86,42
2497789.0,0,0,0,102,26
2497797.0,0,0,0,102,26
2497797.0,0,0,0,86,42
2497801.0,0,0,0,86,42
2497801.0,0,0,0,70,58
2497802.0,0,0,0,86,42
2497834.0,0,0,0,102,26
2497856.0,0,0,0,102,26
2497856.0,0,0,0,70,58
2497880.0,0,0,0,70,58
2497880.0,0,0,0,54,74
2497891.0,0,0,0,58,70
2497896.0,0,0,0,58,70
2497898.0,0,0,0,74,54
2497921.0,0,0,0,74,54
2497921.0,0,0,0,58,70
2497936.0,0,0,0,90,38
2497949.0,0,0,0,90,38
2498012.0,0,0,0,106,22
2498031.0,0,0,0,122,6
2498083.0,0,0,0,122,6
2498126.0,0,0,0,122,6
2498126.0,0,0,0,106,22
2498147.0,0,0,0,106,22
2498147.0,0,0,0,74,54
2498154.0,0,0,0,90,38
2498155.0,0,0,0,122,6
2498165.0,0,0,0,122,6
2498165.0,0,0,0,106,22
2498168.0,0,0,0,122,6
2498176.0,0,0,0,122,6
2498176.0,0,0,0,90,38
2498181.0,0,0,0,122,6
2498212.0,0,0,0,122,6
2498212.0,0,0,0,106,22
2498237.0,0,0,0,106,22
2498237.0,0,0,0,74,54
2498243.0,0,0,0,106,22
2498263.0,0,0,0,106,22
2498295.0,0,0,0,106,22
2498308.0,0,0,0,122,6
2498335.0,0,0,0,122,6
2498335.0,0,0,0,106,22
2498348.0,0,0,0,106,22
2498348.0,0,0,0,74,54
2498364.0,0,0,0,74,54
2498364.0,0,0,0,42,86
2498396.0,0,0,0,42,86
2498396.0,0,0,0,34,94
2498442.0,0,0,0,66,62
2498459.0,0,0,0,82,46
2498477.0,0,0,0,82,46
2498477.0,0,0,0,66,62
2498498.0,0,0,0,66,62
2498498.0,0,0,0,50,78
2498532.0,0,0,0,66,62
2498543.0,0,0,0,66,62
2498566.0,0,0,0,66,62
2498566.0,0,0,0,50,78
2498579.0,0,0,0,66,62
2498585.0,0,0,0,66,62
2498585.0,0,0,0,50,78
2498670.0,0,0,0,66,62
2498672.0,0,0,0,66,62
2498672.0,0,0,0,34,94
2498678.0,0,0,0,50,78
2498681.0,0,0,0,50,78
2498681.0,0,0,0,34,94
2498685.0,0,0,0,34,94
2498685.0,0,0,0,18,110
2498784.0,0,0,0,34,94
2498789.0,0,0,0,66,62
2498795.0,0,0,0,82,46
2498796.0,0,0,0,82,46
2498796.0,0,0,0,66,62
2498811.0,0,0,0,66,62
2498835.0,0,0,0,66,62
2498835.0,0,0,0,50,78
2498888.0,0,0,0,66,62
2498891.0,0,0,0,66,62
2498919.0,0,0,0,66,62
2498919.0,0,0,0,50,78
2498988.0,0,0,0,66,62
2499008.0,0,0,0,66,62
2499013.0,0,0,0,66,62
2499013.0,0,0,0,50,78
2499051.0,0,0,0,66,62
2499101.0,0,0,0,66,62
2499101.0,0,0,0,50,78
2499211.0,0,0,0,66,62
2499262.0,0,0,0,82,46
2499263.0,0,0,0,82,46
2499263.0,0,0,0,66,62
2499265.0,0,0,0,66,62
2499265.0,0,0,0,50,78
2499290.0,0,0,0,66,62
2499335.0,0,0,0,66,62
2499335.0,0,0,0,50,78
2499353.0,0,0,0,66,62
2499355.0,0,0,0,66,62
2499355.0,0,0,0,50,78
2499362.0,0,0,0,66,62
2499387.0,0,0,0,66,62
2499404.0,0,0,0,66,62
2499404.0,0,0,0,50,78
2499419.0,0,0,0,50,78
2499419.0,0,0,0,34,94
2499432.0,0,0,0,50,78
2499447.0,0,0,0,66,62
2499454.0,0,0,0,82,46
2499456.0,0,0,0,82,46
2499456.0,0,0,0,66,62
2499472.0,0,0,0,66,62
2499472.0,0,0,0,50,78
2499497.0,0,0,0,50,78
2499499.0,0,0,0,66,62
2499501.0,0,0,0,66,62
2499501.0,0,0,0,50,78
2499507.0,0,0,0,50,78
2499507.0,0,0,0,34,94
2499510.0,0,0,0,34,94
2499511.0,0,0,0,34,94
2499557.0,0,0,0,50,78
2499562.0,0,0,0,50,78
2499575.0,0,0,0,50,78
2499584.0,0,0,0,66,62
2499599.0,0,0,0,66,62
2499599.0,0,0,0,50,78
2499679.0,0,0,0,50,78
2499738.0,0,0,0,66,62
2499749.0,0,0,0,66,62
2499749.0,0,0,0,50,78
2499794.0,0,0,0,66,62
2499807.0,0,0,0,66,62
2499807.0,0,0,0,50,78
2499835.0,0,0,0,50,78
2499842.0,0,0,0,50,78
2499842.0,0,0,0,34,94
2499878.0,0,0,0,34,94
2499878.0,0,0,0,18,110
2499900.0,0,0,0,34,94
2499907.0,0,0,0,34,94
2499915.0,0,0,0,34,94
2499922.0,0,0,0,50,78
2499925.0,0,0,0,50,78
2499925.0,0,0,0,34,94
2499930.0,0,0,0,34,94
2499949.0,0,0,0,50,78
2499952.0,0,0,0,66,62
2499955.0,0,0,0,66,62
2499955.0,0,0,0,50,78
2499956.0,0,0,0,50,78
2499964.0,0,0,0,50,78
2499964.0,0,0,0,34,94
2499971.0,0,0,0,34,94
2499992.0,0,0,0,50,78
2500006.0,0,0,0,50,78
2500016.0,0,0,0,50,78
2500016.0,0,0,0,34,94
2500025.0,0,0,0,34,94
2500043.0,0,0,0,50,78
2500053.0,0,0,0,66,62
2500098.0,0,0,0,66,62
2500098.0,0,0,0,65,63
2500114.0,0,0,0,65,63
2500117.0,0,0,0,82,46
2500143.0,0,0,0,82,46
2500143.0,0,0,0,66,62
2500144.0,0,0,0,66,62
2500199.0,0,0,0,66,62
2500199.0,0,0,0,50,78
2500202.0,0,0,0,50,78
2500202.0,0,0,0,34,94
2500231.0,0,0,0,34,94
2500231.0,0,0,0,33,95
2500248.0,0,0,0,49,79
2500256.0,0,0,0,49,79
2500256.0,0,0,0,33,95
2500262.0,0,0,0,34,94
2500292.0,0,0,0,50,78
2500299.0,0,0,0,50,78
2500299.0,0,0,0,34,94
2500308.0,0,0,0,34,94
2500308.0,0,0,0,18,110
2500323.0,0,0,0,34,94
2500330.0,0,0,0,50,78
2500336.0,0,0,0,66,62
2500337.0,0,0,0,66,62
2500337.0,0,0,0,50,78
2500373.0,0,0,0,50,78
2500376.0,0,0,0,66,62
2500380.0,0,0,0,66,62
2500380.0,0,0,0,50,78
2500407.0,0,0,0,66,62
2500412.0,0,0,0,82,46
2500424.0,0,0,0,82,46
2500424.0,0,0,0,66,62
2500469.0,0,0,0,82,46
2500480.0,0,0,0,82,46
2500480.0,0,0,0,66,62
2500489.0,0,0,0,66,62
2500498.0,0,0,0,66,62
2500498.0,0,0,0,50,78
2500502.0,0,0,0,50,78
2500561.0,0,0,0,66,62
2500570.0,0,0,0,66,62
2500570.0,0,0,0,50,78
2500582.0,0,0,0,66,62
2500598.0,0,0,0,66,62
2500636.0,0,0,0,66,62
2500712.0,0,0,0,66,62
2500731.0,0,0,0,66,62
2500793.0,0,0,0,66,62
2500793.0,0,0,0,50,78
2500822.0,0,0,0,66,62
2500829.0,0,0,0,66,62
2500829.0,0,0,0,50,78
2500855.0,0,0,0,50,78
2500869.0,0,0,0,66,62
2500881.0,0,0,0,66,62
2500915.0,0,0,0,66,62
2500915.0,0,0,0,50,78
2500943.0,0,0,0,50,78
2501008.0,0,0,0,50,78
2501011.0,0,0,0,66,62
2501142.0,0,0,0,66,62
2501143.0,0,0,0,66,62
2501143.0,0,0,0,50,78
2501206.0,0,0,0,50,78
2501206.0,0,0,0,18,110
2501232.0,0,0,0,18,110
2501241.0,0,0,0,34,94
2501262.0,0,0,0,34,94
2501262.0,0,0,0,18,110
2501279.0,0,0,0,18,110
2501348.0,0,0,0,34,94
2501370.0,0,0,0,34,94
2501378.0,0,0,0,34,94
2501433.0,0,0,0,34,94
2501433.0,0,0,0,18,110
2501463.0,0,0,0,50,78
2501465.0,0,0,0,50,78
2501465.0,0,0,0,42,86
2501473.0,0,0,0,50,78
2501478.0,0,0,0,50,78
2501478.0,0,0,0,42,86
2501484.0,0,0,0,42,86
2501489.0,0,0,0,42,86
2501495.0,0,0,0,42,86
2501516.0,0,0,0,58,70
2501558.0,0,0,0,58,70
2501558.0,0,0,0,50,78
2501569.0,0,0,0,50,78
2501569.0,0,0,0,34,94
2501588.0,0,0,0,34,94
2501600.0,0,0,0,34,94
2501600.0,0,0,0,2,126
2501645.0,0,0,0,34,94
2501672.0,0,0,0,42,86
2501677.0,0,0,0,58,70
2501688.0,0,0,0,58,70
2501690.0,0,0,0,58,70
2501690.0,0,0,0,57,71
2501716.0,0,0,0,57,71
2501716.0,0,0,0,41,87
2501751.0,0,0,0,41,87
2501755.0,0,0,0,42,86
2501760.0,0,0,0,42,86
2501760.0,0,0,0,34,94
2501797.0,0,0,0,34,94
2501797.0,0,0,0,33,95
2501805.0,0,0,0,34,94
2501820.0,0,0,0,34,94
2501820.0,0,0,0,18,110
2501860.0,0,0,0,34,94
2501911.0,0,0,0,34,94
2501915.0,0,0,0,34,94
2501915.0,0,0,0,33,95
2501946.0,0,0,0,34,94
2501956.0,0,0,0,34,94
2501956.0,0,0,0,30,98
2501962.0,0,0,0,30,98
2501978.0,0,0,0,38,90
2501979.0,0,0,0,38,90
2501979.0,0,0,0,6,122
2501980.0,0,0,0,6,122
2501980.0,0,0,0,4,124
2501987.0,0,0,0,4,124
2501987.0,0,0,0,3,125
2501990.0,0,0,0,3,125
2501992.0,0,0,0,11,117
2502023.0,0,0,0,11,117
2502023.0,0,0,0,10,118
2502041.0,0,0,0,42,86
2502045.0,0,0,0,43,85
2502053.0,0,0,0,43,85
2502057.0,0,0,0,43,85
2502057.0,0,0,0,42,86
2502062.0,0,0,0,42,86
2502078.0,0,0,0,43,85
2502096.0,0,0,0,43,85
2502096.0,0,0,0,27,101
2502099.0,0,0,0,27,101
2502099.0,0,0,0,26,102
2502112.0,0,0,0,27,101
2502117.0,0,0,0,27,101
2502117.0,0,0,0,26,102
2502128.0,0,0,0,27,101
2502132.0,0,0,0,27,101
2502136.0,0,0,0,27,101
2502136.0,0,0,0,26,102
2502141.0,0,0,0,27,101
2502147.0,0,0,0,27,101
2502154.0,0,0,0,27,101
2502157.0,0,0,0,28,100
2502160.0,0,0,0,44,84
2502162.0,0,0,0,44,84
2502162.0,0,0,0,43,85
2502171.0,0,0,0,44,84
2502175.0,0,0,0,44,84
2502175.0,0,0,0,43,85
2502184.0,0,0,0,44,84
2502189.0,0,0,0,44,84
2502189.0,0,0,0,43,85
2502195.0,0,0,0,59,69
2502199.0,0,0,0,59,69
2502200.0,0,0,0,60,68
2502205.0,0,0,0,60,68
2502205.0,0,0,0,59,69
2502214.0,0,0,0,60,68
2502224.0,0,0,0,60,68
2502224.0,0,0,0,59,69
2502246.0,0,0,0,59,69
2502246.0,0,0,0,51,77
2502257.0,0,0,0,51,77
2502280.0,0,0,0,51,77
2502280.0,0,0,0,35,93
2502284.0,0,0,0,35,93
2502291.0,0,0,0,43,85
2502295.0,0,0,0,45,83
2502296.0,0,0,0,49,79
2502310.0,0,0,0,49,79
2502310.0,0,0,0,41,87
2502362.0,0,0,0,41,87
2502362.0,0,0,0,9,119
2502382.0,0,0,0,25,103
2502396.0,0,0,0,25,103
2502396.0,0,0,0,9,119
2502438.0,0,0,0,9,119
2502453.0,0,0,0,41,87
2502464.0,0,0,0,49,79
2502479.0,0,0,0,49,79
2502479.0,0,0,0,33,95
2502487.0,0,0,0,49,79
2502494.0,0,0,0,49,79
2502505.0,0,0,0,50,78
2502519.0,0,0,0,50,78
2502519.0,0,0,0,49,79
2502548.0,0,0,0,50,78
2502556.0,0,0,0,50,78
2502556.0,0,0,0,42,86
2502562.0,0,0,0,50,78
2502563.0,0,0,0,50,78
2502563.0,0,0,0,42,86
2502575.0,0,0,0,42,86
2502575.0,0,0,0,41,87
2502600.0,0,0,0,41,87
2502610.0,0,0,0,41,87
2502610.0,0,0,0,40,88
2502619.0,0,0,0,41,87
2502622.0,0,0,0,41,87
2502626.0,0,0,0,41,87
2502626.0,0,0,0,25,103
2502646.0,0,0,0,25,103
2502646.0,0,0,0,17,111
2502649.0,0,0,0,17,111
2502652.0,0,0,0,17,111
2502654.0,0,0,0,33,95
2502687.0,0,0,0,34,94
2502692.0,0,0,0,34,94
2502706.0,0,0,0,50,78
2502726.0,0,0,0,58,70
2502743.0,0,0,0,58,70
2502753.0,0,0,0,58,70
2502754.0,0,0,0,58,70
2502754.0,0,0,0,26,102
2502763.0,0,0,0,26,102
2502763.0,0,0,0,10,118
2502806.0,0,0,0,10,118
2502806.0,0,0,0,2,126
2502810.0,0,0,0,18,110
2502814.0,0,0,0,26,102
2502816.0,0,0,0,58,70
2502817.0,0,0,0,58,70
2502820.0,0,0,0,74,54
2502844.0,0,0,0,74,54
2502844.0,0,0,0,58,70
2502846.0,0,0,0,58,70
2502846.0,0,0,0,50,78
2502885.0,0,0,0,50,78
2502885.0,0,0,0,34,94
2502925.0,0,0,0,34,94
2502925.0,0,0,0,26,102
2502948.0,0,0,0,26,102
2502970.0,0,0,0,42,86
2502992.0,0,0,0,42,86
2502999.0,0,0,0,50,78
2503023.0,0,0,0,50,78
2503030.0,0,0,0,50,78
2503036.0,0,0,0,50,78
2503037.0,0,0,0,50,78
2503037.0,0,0,0,18,110
2503039.0,0,0,0,18,110
2503039.0,0,0,0,10,118
2503062.0,0,0,0,10,118
2503062.0,0,0,0,9,119
2503076.0,0,0,0,9,119
2503100.0,0,0,0,41,87
2503105.0,0,0,0,49,79
2503107.0,0,0,0,49,79
2503108.0,0,0,0,51,77
2503112.0,0,0,0,51,77
2503117.0,0,0,0,51,77
2503117.0,0,0,0,35,93
2503129.0,0,0,0,39,89
2503169.0,0,0,0,39,89
2503179.0,0,0,0,47,81
2503195.0,0,0,0,55,73
2503196.0,0,0,0,55,73
2503196.0,0,0,0,39,89
2503231.0,0,0,0,40,88
2503246.0,0,0,0,56,72
2503258.0,0,0,0,56,72
2503258.0,0,0,0,40,88
2503261.0,0,0,0,40,88
2503278.0,0,0,0,40,88
2503278.0,0,0,0,8,120
2503282.0,0,0,0,8,120
2503321.0,0,0,0,40,88
2503345.0,0,0,0,56,72
2503350.0,0,0,0,56,72
2503350.0,0,0,0,55,73
2503377.0,0,0,0,56,72
2503428.0,0,0,0,56,72
2503428.0,0,0,0,55,73
2503442.0,0,0,0,55,73
2503442.0,0,0,0,39,89
2503452.0,0,0,0,40,88
2503486.0,0,0,0,40,88
2503486.0,0,0,0,39,89
2503508.0,0,0,0,40,88
2503528.0,0,0,0,40,88
2503528.0,0,0,0,39,89
2503543.0,0,0,0,39,89
2503543.0,0,0,0,23,105
2503549.0,0,0,0,24,104
2503569.0,0,0,0,24,104
2503569.0,0,0,0,23,105
2503576.0,0,0,0,39,89
2503594.0,0,0,0,40,88
2503606.0,0,0,0,56,72
2503622.0,0,0,0,56,72
2503622.0,0,0,0,40,88
2503658.0,0,0,0,40,88
2503658.0,0,0,0,24,104
2503674.0,0,0,0,24,104
2503674.0,0,0,0,23,105
2503711.0,0,0,0,23,105
2503759.0,0,0,0,39,89
2503764.0,0,0,0,40,88
2503767.0,0,0,0,40,88
2503767.0,0,0,0,24,104
2503785.0,0,0,0,24,104
2503785.0,0,0,0,23,105
2503799.0,0,0,0,39,89
2503815.0,0,0,0,55,73
2503820.0,0,0,0,56,72
2503825.0,0,0,0,56,72
2503825.0,0,0,0,52,76
2503845.0,0,0,0,52,76
2503845.0,0,0,0,51,77
2503846.0,0,0,0,51,77
2503846.0,0,0,0,49,79
2503887.0,0,0,0,49,79
2503887.0,0,0,0,33,95
2503920.0,0,0,0,33,95
2503920.0,0,0,0,17,111
2503927.0,0,0,0,49,79
2503929.0,0,0,0,57,71
2503941.0,0,0,0,57,71
2503974.0,0,0,0,73,55
2504021.0,0,0,0,79,49
2504048.0,0,0,0,79,49
2504072.0,0,0,0,79,49
2504072.0,0,0,0,71,57
2504076.0,0,0,0,87,41
2504079.0,0,0,0,87,41
2504079.0,0,0,0,83,45
2504105.0,0,0,0,83,45
2504105.0,0,0,0,81,47
2504122.0,0,0,0,85,43
2504126.0,0,0,0,101,27
2504145.0,0,0,0,103,25
2504163.0,0,0,0,103,25
2504191.0,0,0,0,103,25
2504191.0,0,0,0,99,29
2504213.0,0,0,0,99,29
2504213.0,0,0,0,97,31
2504216.0,0,0,0,97,31
2504272.0,0,0,0,98,30
2504345.0,0,0,0,98,30
2504377.0,0,0,0,98,30
2504413.0,0,0,0,106,22
2504485.0,0,0,0,106,22
2504485.0,0,0,0,105,23
2504492.0,0,0,0,109,19
2504493.0,0,0,0,111,17
2504507.0,0,0,0,112,16
2504563.0,0,0,0,112,16
2504563.0,0,0,0,108,20
2504584.0,0,0,0,108,20
2504584.0,0,0,0,106,22
2504678.0,0,0,0,106,22
2504738.0,0,0,0,108,20
2504739.0,0,0,0,112,16
2504741.0,0,0,0,112,16
2504841.0,0,0,0,112,16
2504841.0,0,0,0,80,48
2504853.0,0,0,0,80,48
2504853.0,0,0,0,78,50
2504860.0,0,0,0,78,50
2504880.0,0,0,0,80,48
2504941.0,0,0,0,80,48
2504941.0,0,0,0,76,52
2504988.0,0,0,0,80,48
2504991.0,0,0,0,80,48
2504991.0,0,0,0,78,50
2505003.0,0,0,0,80,48
2505032.0,0,0,0,80,48
2505032.0,0,0,0,79,49
2505036.0,0,0,0,80,48
2505065.0,0,0,0,80,48
2505065.0,0,0,0,79,49
2505071.0,0,0,0,80,48
2505072.0,0,0,0,80,48
2505072.0,0,0,0,79,49
2505082.0,0,0,0,79,49
2505092.0,0,0,0,79,49
2505092.0,0,0,0,77,51
2505106.0,0,0,0,77,51
2505106.0,0,0,0,69,59
2505113.0,0,0,0,70,58
2505130.0,0,0,0,72,56
2505153.0,0,0,0,72,56
2505163.0,0,0,0,72,56
2505163.0,0,0,0,70,58
2505187.0,0,0,0,70,58
2505207.0,0,0,0,72,56
2505354.0,0,0,0,72,56
2505406.0,0,0,0,72,56
2505426.0,0,0,0,72,56
2505439.0,0,0,0,80,48
2505470.0,0,0,0,96,32
2505476.0,0,0,0,96,32
2505476.0,0,0,0,80,48
2505510.0,0,0,0,80,48
2505514.0,0,0,0,80,48
2505515.0,0,0,0,80,48
2505515.0,0,0,0,76,52
2505516.0,0,0,0,76,52
2505537.0,0,0,0,76,52
2505537.0,0,0,0,74,54
2505565.0,0,0,0,90,38
2505580.0,0,0,0,90,38
2505580.0,0,0,0,89,39
2505634.0,0,0,0,89,39
2505634.0,0,0,0,73,55
2505670.0,0,0,0,73,55
2505711.0,0,0,0,74,54
2505757.0,0,0,0,90,38
2505762.0,0,0,0,90,38
2505762.0,0,0,0,88,40
2505768.0,0,0,0,90,38
2505771.0,0,0,0,90,38
2505771.0,0,0,0,74,54
2505782.0,0,0,0,74,54
2505782.0,0,0,0,73,55
2505800.0,0,0,0,73,55
2505805.0,0,0,0,73,55
2505810.0,0,0,0,74,54
2505832.0,0,0,0,74,54
2505832.0,0,0,0,73,55
2505874.0,0,0,0,89,39
2505902.0,0,0,0,93,35
2505904.0,0,0,0,95,33
2505927.0,0,0,0,95,33
2505927.0,0,0,0,79,49
2505946.0,0,0,0,79,49
2506019.0,0,0,0,95,33
2506019.0,0,0,0,91,37
2506021.0,0,0,0,91,37
2506043.0,0,0,0,92,36
2506045.0,0,0,0,92,36
2506048.0,0,0,0,96,32
2506087.0,0,0,0,96,32
2506087.0,0,0,0,92,36
2506108.0,0,0,0,92,36
2506108.0,0,0,0,90,38
2506276.0,0,0,0,90,38
2506306.0,0,0,0,90,38
2506459.0,0,0,0,90,38
2506461.0,0,0,0,94,34
2506463.0,0,0,0,96,32
2506466.0,0,0,0,96,32
2506466.0,0,0,0,95,33
2506499.0,0,0,0,95,33
2506515.0,0,0,0,95,33
2506591.0,0,0,0,96,32
2506627.0,0,0,0,96,32
2506668.0,0,0,0,96,32
2506668.0,0,0,0,92,36
2506674.0,0,0,0,92,36
2506689.0,0,0,0,92,36
2506689.0,0,0,0,90,38
2506776.0,0,0,0,90,38
2506822.0,0,0,0,90,38
2506826.0,0,0,0,90,38
2506845.0,0,0,0,96,32
2506884.0,0,0,0,96,32
2506884.0,0,0,0,92,36
2506911.0,0,0,0,92,36
2506911.0,0,0,0,90,38
2507086.0,0,0,0,90,38
2507086.0,0,0,0,82,46
2507113.0,0,0,0,82,46
2507135.0,0,0,0,90,38
2507142.0,0,0,0,90,38
2507142.0,0,0,0,74,54
2507202.0,0,0,0,78,50
2507205.0,0,0,0,80,48
2507213.0,0,0,0,96,32
2507493.0,0,0,0,96,32
2507493.0,0,0,0,95,33
2507509.0,0,0,0,96,32
2507521.0,0,0,0,96,32
2507521.0,0,0,0,94,34
2507543.0,0,0,0,94,34
2507543.0,0,0,0,93,35
2507573.0,0,0,0,95,33
2507580.0,0,0,0,95,33
2507594.0,0,0,0,96,32
2507608.0,0,0,0,96,32
2507608.0,0,0,0,92,36
2507630.0,0,0,0,92,36
2507630.0,0,0,0,90,38
2507688.0,0,0,0,90,38
2507743.0,0,0,0,90,38
2507743.0,0,0,0,89,39
2507784.0,0,0,0,89,39
2507784.0,0,0,0,87,41
2507841.0,0,0,0,89,39
2507899.0,0,0,0,89,39
2507899.0,0,0,0,87,41
2507918.0,0,0,0,89,39
2507919.0,0,0,0,93,35
2507922.0,0,0,0,95,33
2507952.0,0,0,0,95,33
2507952.0,0,0,0,91,37
2507974.0,0,0,0,91,37
2507974.0,0,0,0,89,39
2507982.0,0,0,0,90,38
2507997.0,0,0,0,90,38
2507997.0,0,0,0,89,39
2508139.0,0,0,0,89,39
2508163.0,0,0,0,121,7
2508170.0,0,0,0,121,7
2508265.0,0,0,0,121,7
2508276.0,0,0,0,127,1
2508291.0,0,0,0,128,0
2508306.0,0,0,0,128,0
2508306.0,0,0,0,127,1
2508457.0,0,0,0,127,1
2508468.0,0,0,0,127,1
2508567.0,0,0,0,127,1
2508567.0,0,0,0,123,5
2508574.0,0,0,0,123,5
2508588.0,0,0,0,123,5
2508588.0,0,0,0,121,7
2508602.0,0,0,0,121,7
2508602.0,0,0,1,120,7
2508604.0,0,0,1,120,7
2508604.0,0,0,3,118,7
2508695.0,0,0,3,119,6
2508712.0,0,0,3,119,6
2508712.0,0,0,3,118,7
2508719.0,0,0,3,118,7
2508719.0,0,0,18,103,7
2508743.0,0,0,18,103,7
2508743.0,0,0,19,102,7
2508748.0,0,0,19,102,7
2508748.0,0,0,23,98,7
2508823.0,0,0,23,99,6
2508876.0,0,0,23,103,2
2508901.0,0,0,23,103,2
2508901.0,0,0,23,87,18
2508903.0,0,0,23,89,16
2508922.0,0,0,23,89,16
2508922.0,0,0,23,88,17
2508947.0,0,0,23,88,17
2508947.0,0,0,23,56,49
2508983.0,0,0,23,56,49
2508983.0,0,0,23,55,50
2508986.0,0,0,23,87,18
2509011.0,0,0,23,88,17
2509036.0,0,0,23,104,1
2509057.0,0,0,23,104,1
2509057.0,0,0,23,88,17
2509088.0,0,0,23,89,16
2509135.0,0,0,23,105,0
2509161.0,0,0,23,105,0
2509185.0,0,0,23,105,0
2509185.0,0,0,23,73,32
2509353.0,0,0,23,105,0
2509414.0,0,0,23,105,0
2509414.0,0,0,23,104,1
2509463.0,0,0,23,105,0
2509835.0,0,0,23,105,0
2510126.0,0,0,23,105,0
2510126.0,0,0,23,104,1
2510128.0,0,0,23,104,1
2510128.0,0,0,23,100,5
2510157.0,0,0,23,100,5
2510157.0,0,0,23,98,7
2510189.0,0,0,23,98,7
2510189.0,0,0,23,97,8
2510254.0,0,0,23,98,7
2510263.0,0,0,23,98,7
2510263.0,0,0,23,97,8
2510268.0,0,0,23,97,8
2510268.0,0,0,23,81,24
2510310.0,0,0,23,82,23
2510330.0,0,0,23,84,21
2510331.0,0,0,23,88,17
2510385.0,0,0,23,88,17
2510385.0,0,0,23,84,21
2510406.0,0,0,23,84,21
2510406.0,0,0,23,82,23
2510544.0,0,0,23,82,23
2510544.0,0,0,23,81,24
2510547.0,0,0,23,81,24
2510547.0,0,0,23,80,25
2510618.0,0,0,23,80,25
2510635.0,0,0,23,80,25
2510635.0,0,0,23,79,26
2510663.0,0,0,23,80,25
2510682.0,0,0,23,81,24
2510698.0,0,0,23,81,24
2510698.0,0,0,23,80,25
2510731.0,0,0,23,81,24
2510732.0,0,0,23,81,24
2510732.0,0,0,23,73,32
2510735.0,0,0,23,89,16
2510758.0,0,0,23,90,15
2510785.0,0,0,23,90,15
2510785.0,0,0,23,89,16
2510812.0,0,0,23,93,12
2510815.0,0,0,23,95,10
2510817.0,0,0,23,96,9
2510833.0,0,0,23,96,9
2510833.0,0,0,23,95,10
2510856.0,0,0,23,95,10
2510856.0,0,0,23,94,11
2510863.0,0,0,23,94,11
2510903.0,0,0,23,94,11
2510903.0,0,0,23,78,27
2510942.0,0,0,23,79,26
2511009.0,0,0,23,87,18
2511021.0,0,0,23,87,18
2511021.0,0,0,23,86,19
2511037.0,0,0,23,87,18
2511041.0,0,0,23,87,18
2511041.0,0,0,23,83,22
2511050.0,0,0,23,84,21
2511063.0,0,0,23,84,21
2511063.0,0,0,23,82,23
2511104.0,0,0,23,82,23
2511104.0,0,0,23,81,24
2511133.0,0,0,23,82,23
2511181.0,0,0,23,82,23
2511181.0,0,0,23,80,25
2511217.0,0,0,23,80,25
2511217.0,0,0,23,79,26
2511242.0,0,0,23,80,25
2511302.0,1,0,22,80,25
2511304.0,3,0,20,80,25
2511319.0,3,0,20,82,23
2511322.0,3,0,20,82,23
2511322.0,3,0,20,81,24
2511378.0,3,0,20,81,24
2511378.0,3,0,20,49,56
2511403.0,3,0,20,49,56
2511403.0,3,0,20,41,64
2511419.0,18,0,5,41,64
2511427.0,18,0,5,42,63
2511443.0,19,0,4,42,63
2511448.0,23,0,0,42,63
2511469.0,23,0,0,42,63
2511469.0,23,0,0,41,64
2511478.0,23,0,0,42,63
2511509.0,23,0,0,42,63
2511509.0,23,0,0,10,95
2511523.0,23,0,0,10,95
2511576.0,23,0,0,10,95
2511603.0,23,0,0,10,95
2511637.0,23,0,0,14,91
2511640.0,23,0,0,16,89
2511686.0,23,0,0,16,89
2511727.0,23,0,0,16,89
2511727.0,23,0,0,0,105
2511736.0,23,0,0,0,105
2511741.0,23,0,0,0,105
2511741.0,21,2,0,0,105
2511762.0,21,2,0,32,73
2511772.0,21,2,0,32,73
2511772.0,21,2,0,24,81
2511811.0,21,2,0,40,65
2511835.0,21,2,0,40,65
2511844.0,21,2,0,40,65
2511844.0,21,2,0,24,81
2511868.0,21,2,0,24,81
2511868.0,21,2,0,23,82
2511971.0,21,2,0,39,66
2511990.0,21,2,0,55,50
2512037.0,21,2,0,56,49
2512037.0,21,2,0,40,65
2512053.0,21,2,0,40,65
2512095.0,21,2,0,40,65
2512095.0,21,2,0,39,66
2512139.0,21,2,0,39,66
2512139.0,21,2,0,37,68
2512190.0,21,2,0,38,67
2512194.0,21,2,0,46,59
2512207.0,21,2,0,46,59
2512207.0,21,2,0,45,60
2512219.0,21,2,0,45,60
2512219.0,21,2,0,13,92
2512237.0,21,2,0,14,91
2512242.0,21,2,0,14,91
2512242.0,21,2,0,10,95
2512259.0,21,2,0,10,95
2512259.0,21,2,0,9,96
2512288.0,21,2,0,13,92
2512292.0,21,2,0,13,92
2512292.0,21,2,0,5,100
2512299.0,21,2,0,6,99
2512323.0,21,2,0,38,67
2512332.0,21,2,0,38,67
2512332.0,21,2,0,34,71
2512340.0,21,2,0,34,71
2512340.0,21,2,0,33,72
2512363.0,21,2,0,33,72
2512363.0,21,2,0,31,74
2512371.0,21,2,0,32,73
2512474.0,21,2,0,48,57
2512506.0,21,2,0,48,57
2512506.0,21,2,0,32,73
2512514.0,21,2,0,48,57
2512524.0,21,2,0,48,57
2512524.0,21,2,0,47,58
2512528.0,21,2,0,47,58
2512528.0,21,2,0,31,74
2512548.0,21,2,0,32,73
2512569.0,21,2,0,32,73
2512569.0,21,2,0,31,74
2512594.0,21,2,0,32,73
2512613.0,21,2,0,32,73
2512613.0,21,2,0,31,74
2512651.0,21,2,0,32,73
2512668.0,21,2,0,32,73
2512668.0,21,2,0,31,74
2512698.0,21,2,0,32,73
2512716.0,21,2,0,32,73
2512716.0,21,2,0,31,74
2512736.0,21,2,0,33,72
2512740.0,21,2,0,34,71
2512761.0,21,2,0,35,70
2512765.0,21,2,0,35,70
2512765.0,21,2,0,34,71
2512791.0,21,2,0,35,70
2512814.0,21,2,0,35,70
2512814.0,21,2,0,34,71
2512851.0,21,2,0,35,70
2512895.0,21,2,0,43,62
2512904.0,21,2,0,43,62
2512904.0,21,2,0,11,94
2512939.0,21,2,0,15,90
2512941.0,21,2,0,17,88
2512949.0,21,2,0,49,56
2513010.0,21,2,0,49,56
2513179.0,21,2,0,49,56
2513179.0,21,2,0,17,88
2513223.0,21,2,0,49,56
2513368.0,21,2,0,49,56
2513368.0,21,2,0,17,88
2513382.0,21,2,0,17,88
2513396.0,21,2,0,49,56
2513431.0,21,2,0,49,56
2513439.0,21,2,0,49,56
2513439.0,21,2,0,48,57
2513490.0,21,2,0,49,56
2513506.0,21,2,0,49,56
2513506.0,21,2,0,48,57
2513525.0,21,2,0,49,56
2513533.0,21,2,0,49,56
2513533.0,21,2,0,45,60
2513541.0,21,0,0,47,60
2513541.0,21,0,0,45,62
2513547.0,21,0,0,45,62
2513547.0,21,0,0,44,63
2513554.0,21,0,0,44,63
2513554.0,21,0,0,12,95
2513557.0,21,0,0,12,95
2513557.0,21,0,0,10,97
2513609.0,21,0,0,11,96
2513705.0,21,0,0,43,64
2513709.0,21,0,0,43,64
2513739.0,21,0,0,43,64
2513739.0,21,0,0,35,72
2513803.0,21,0,0,43,64
2513888.0,21,0,0,47,60
2513889.0,21,0,0,49,58
2513895.0,21,0,0,51,56
2513905.0,21,0,0,51,56
2513905.0,21,0,0,43,64
2513982.0,21,0,0,43,64
2513982.0,21,0,0,42,65
2514039.0,21,0,0,42,65
2514039.0,21,0,0,10,97
2514062.0,21,0,0,26,81
2514087.0,21,0,0,58,49
2514244.0,21,0,0,58,49
2514244.0,21,0,0,26,81
2514267.0,21,0,0,26,81
2514267.0,21,0,0,25,82
2514292.0,21,0,0,57,50
2514326.0,21,0,0,58,49
2514367.0,21,0,0,58,49
2514367.0,21,0,0,57,50
2514387.0,21,0,0,57,50
2514387.0,21,0,0,56,51
2514398.0,21,0,0,57,50
2514432.0,21,0,0,57,50
2514432.0,21,0,0,56,51
2514462.0,21,0,0,56,51
2514473.0,21,0,0,57,50
2514478.0,21,0,0,57,50
2514478.0,21,0,0,53,54
2514480.0,21,0,0,53,54
2514480.0,21,0,0,21,86
2514499.0,21,0,0,21,86
2514499.0,21,0,0,19,88
2514511.0,21,0,0,27,80
2514538.0,21,0,0,28,79
2514572.0,21,0,0,60,47
2514652.0,21,0,0,60,47
2514652.0,21,0,0,28,79
2514684.0,21,0,0,28,79
2514684.0,21,0,0,20,87
2514690.0,21,0,0,20,87
2514749.0,21,0,0,28,79
2514754.0,21,0,0,28,79
2514754.0,21,0,0,27,80
2514775.0,21,0,0,28,79
2514788.0,21,0,0,60,47
2514796.0,21,0,0,60,47
2514796.0,21,0,0,59,48
2514819.0,21,0,0,63,44
2514825.0,21,0,0,65,42
2514831.0,21,0,0,66,41
2514833.0,21,0,0,66,41
2514833.0,21,0,0,50,57
2514843.0,21,0,0,50,57
2514843.0,21,0,0,49,58
2514884.0,21,0,0,49,58
2514884.0,21,0,0,33,74
2514890.0,21,0,0,33,74
2514894.0,21,0,0,33,74
2514897.0,21,0,0,33,74
2514897.0,21,0,0,32,75
2514905.0,21,0,0,33,74
2514937.0,21,0,0,33,74
2514960.0,21,0,0,33,74
2514960.0,21,0,0,32,75
2514971.0,21,0,0,32,75
2514971.0,21,0,0,16,91
2514980.0,21,0,0,17,90
2514984.0,21,0,0,18,89
2514985.0,21,0,0,18,89
2514985.0,21,0,0,17,90
2514988.0,21,0,0,17,90
2514990.0,21,0,0,33,74
2514991.0,21,0,0,33,74
2514991.0,21,0,0,32,75
2514999.0,21,0,0,32,75
2515016.0,21,0,0,33,74
2515023.0,21,0,0,33,74
2515029.0,21,0,0,49,58
2515051.0,21,0,0,49,58
2515051.0,21,0,0,48,59
2515075.0,21,0,0,49,58
2515096.0,21,0,0,49,58
2515096.0,21,0,0,48,59
2515116.0,21,0,0,49,58
2515131.0,21,0,0,49,58
2515131.0,21,0,0,48,59
2515149.0,21,0,0,49,58
2515155.0,21,0,0,50,57
2515174.0,21,0,0,50,57
2515174.0,21,0,0,49,58
2515177.0,21,0,0,49,58
2515177.0,21,0,0,33,74
2515191.0,21,0,0,34,73
2515202.0,21,0,0,34,73
2515202.0,21,0,0,18,89
2515206.0,21,0,0,34,73
2515207.0,21,0,0,34,73
2515207.0,21,0,0,33,74
2515233.0,21,0,0,34,73
2515241.0,21,0,0,34,73
2515241.0,21,0,0,18,89
2515262.0,21,0,0,18,89
2515262.0,21,0,0,17,90
2515273.0,21,0,0,18,89
2515273.0,21,0,0,2,105
2515274.0,21,0,0,18,89
2515280.0,21,0,0,18,89
2515280.0,21,0,0,2,105
2515295.0,21,0,0,18,89
2515301.0,21,0,0,18,89
2515301.0,21,0,0,2,105
2515310.0,21,0,0,18,89
2515316.0,21,0,0,34,73
2515339.0,21,0,0,35,72
2515356.0,21,0,0,51,56
2515359.0,21,0,0,51,56
2515359.0,21,0,0,35,72
2515364.0,21,0,0,51,56
2515384.0,21,0,0,51,56
2515384.0,21,0,0,35,72
2515387.0,21,0,0,35,72
2515387.0,21,0,0,34,73
2515395.0,21,0,0,34,73
2515395.0,21,0,0,18,89
2515408.0,21,0,0,18,89
2515408.0,21,0,0,2,105
2515434.0,21,0,0,34,73
2515435.0,21,0,0,42,65
2515455.0,21,0,0,58,49
2515461.0,21,0,0,58,49
2515489.0,21,0,0,58,49
2515489.0,21,0,0,57,50
2515494.0,21,0,0,57,50
2515494.0,21,0,0,56,51
2515500.0,21,0,0,56,51
2515500.0,21,0,0,40,67
2515512.0,21,0,0,56,51
2515533.0,21,0,0,72,35
2515565.0,21,0,0,88,19
2515567.0,21,0,0,89,18
2515580.0,21,0,0,105,2
2515589.0,21,0,0,105,2
2515589.0,21,0,0,104,3
2515592.0,21,0,0,104,3
2515592.0,21,0,0,88,19
2515615.0,21,0,0,89,18
2515636.0,21,0,0,89,18
2515636.0,21,0,0,88,19
2515649.0,21,0,0,88,19
2515663.0,21,0,0,89,18
2515668.0,21,0,0,105,2
2515671.0,21,0,0,105,2
2515671.0,21,0,0,89,18
2515677.0,21,0,0,90,17
2515698.0,21,0,0,90,17
2515698.0,21,0,0,89,18
2515732.0,21,0,0,106,1
2515742.0,21,0,0,106,1
2515742.0,21,0,0,90,17
2515745.0,21,0,0,90,17
2515745.0,21,0,0,89,18
2515779.0,21,0,0,90,17
2515793.0,21,0,0,90,17
2515793.0,21,0,0,89,18
2515810.0,21,0,0,90,17
2515822.0,21,0,0,90,17
2515822.0,21,0,0,89,18
2515837.0,21,0,0,90,17
2515848.0,21,0,0,90,17
2515848.0,21,0,0,89,18
2515863.0,21,0,0,90,17
2515872.0,21,0,0,90,17
2515872.0,21,0,0,89,18
2515890.0,21,0,0,90,17
2515898.0,21,0,0,90,17
2515898.0,21,0,0,89,18
2515916.0,21,0,0,90,17
2515923.0,21,0,0,90,17
2515926.0,21,0,0,90,17
2515926.0,21,0,0,89,18
2515950.0,21,0,0,89,18
2515950.0,21,0,0,88,19
2515953.0,21,0,0,104,3
2515956.0,21,0,0,104,3
2515956.0,21,0,0,88,19
2515962.0,21,0,0,104,3
2515967.0,21,0,0,105,2
2515969.0,21,0,0,106,1
2515974.0,21,0,0,106,1
2515974.0,21,0,0,90,17
2515989.0,21,0,0,91,16
2516005.0,21,0,0,91,16
2516005.0,21,0,0,90,17
2516058.0,21,0,0,90,17
2516058.0,21,0,0,89,18
2516096.0,21,0,0,90,17
2516113.0,21,0,0,106,1
2516141.0,21,0,0,106,1
2516141.0,21,0,0,90,17
2516190.0,21,0,0,90,17
2516213.0,21,0,0,106,1
2516215.0,21,0,0,107,0
2516239.0,21,0,0,107,0
2516239.0,21,0,0,106,1
2516312.0,21,0,0,106,1
2516312.0,21,0,0,90,17
2516316.0,21,0,0,90,17
2516316.0,21,0,0,89,18
2516405.0,21,0,0,89,18
2516429.0,21,0,0,90,17
2516503.0,21,0,0,90,17
2516536.0,21,0,0,106,1
2516559.0,21,0,0,106,1
2516559.0,21,0,0,105,2
2516562.0,21,0,0,106,1
2516569.0,21,0,0,107,0
2516580.0,21,0,0,107,0
2516580.0,21,0,0,106,1
2516583.0,21,0,0,107,0
2516612.0,21,0,0,107,0
2516612.0,21,0,0,91,16
2516615.0,21,0,0,107,0
2516627.0,21,0,0,107,0
2516627.0,21,0,0,106,1
2516630.0,21,0,0,107,0
2516632.0,21,0,0,107,0
2516632.0,21,0,0,91,16
2516635.0,21,0,0,107,0
2516653.0,21,0,0,107,0
2516653.0,21,0,0,91,16
2516657.0,21,0,0,107,0
2516785.0,21,0,0,107,0
2516785.0,21,0,0,106,1
2516787.0,21,0,0,106,1
2516788.0,21,0,0,107,0
2516954.0,21,0,0,107,0
2516954.0,21,0,0,106,1
2516957.0,21,0,0,107,0
2516992.0,21,0,0,107,0
2517272.0,21,0,0,107,0
2517488.0,21,0,0,107,0
2517596.0,21,0,0,107,0
2517596.0,21,0,0,106,1
2517612.0,21,0,0,106,1
2517612.0,21,0,0,105,2
2517639.0,21,0,0,105,2
2517639.0,21,0,0,73,34
2517682.0,21,0,0,74,33
2517690.0,21,0,0,74,33
2517692.0,21,0,0,74,33
2517692.0,21,0,0,66,41
2517702.0,21,0,0,66,41
2517702.0,21,0,0,50,57
2517711.0,21,0,0,66,41
2517711.0,21,0,0,65,42
2517721.0,21,0,0,65,42
2517721.0,21,0,0,49,58
2517729.0,21,0,0,49,58
2517741.0,21,0,0,50,57
2517746.0,21,0,0,50,57
2517746.0,21,0,0,46,61
2517768.0,21,0,0,46,61
2517768.0,21,0,0,44,63
2517840.0,21,0,0,45,62
2517891.0,21,0,0,45,62
2517906.0,21,0,0,45,62
2517917.0,21,0,0,45,62
2517917.0,21,0,0,44,63
2517933.0,21,0,0,44,63
2517950.0,21,0,0,60,47
2517974.0,21,0,0,60,47
2517995.0,21,0,0,60,47
2517999.0,21,0,0,60,47
2517999.0,21,0,0,44,63
2518010.0,21,0,0,44,63
2518016.0,21,0,0,44,63
2518052.0,21,0,0,45,62
2518056.0,21,0,0,45,62
2518060.0,21,0,0,49,58
2518063.0,21,0,0,51,56
2518064.0,21,0,0,51,56
2518134.0,21,0,0,51,56
2518135.0,21,0,0,51,56
2518155.0,21,0,0,51,56
2518212.0,21,0,0,51,56
2518218.0,21,0,0,67,40
2518226.0,21,0,0,67,40
2518226.0,21,0,0,51,56
2518233.0,21,0,0,51,56
2518257.0,21,0,0,67,40
2518265.0,21,0,0,67,40
2518280.0,21,0,0,67,40
2518304.0,21,0,0,67,40
2518304.0,21,0,0,51,56
2518310.0,21,0,0,67,40
2518332.0,21,0,0,67,40
2518332.0,21,0,0,51,56
2518368.0,21,0,0,51,56
2518432.0,21,0,0,51,56
2518590.0,21,0,0,51,56
2518616.0,21,0,0,51,56
2518653.0,21,0,0,51,56
2518662.0,21,0,0,51,56
2518667.0,21,0,0,51,56
2518669.0,21,0,0,51,56
2518682.0,21,0,0,51,56
2518682.0,21,0,0,35,72
2518689.0,21,0,0,35,72
2518780.0,21,0,0,51,56
2518785.0,21,0,0,51,56
2518785.0,21,0,0,35,72
2518796.0,21,0,0,35,72
2518886.0,21,0,0,51,56
2518900.0,21,0,0,51,56
2518900.0,21,0,0,35,72
2518913.0,21,0,0,35,72
2518919.0,21,0,0,35,72
2518919.0,21,0,0,34,73
2519003.0,21,0,0,35,72
2519023.0,21,0,0,35,72
2519023.0,21,0,0,34,73
2519047.0,21,0,0,35,72
2519053.0,21,0,0,35,72
2519053.0,21,0,0,31,76
2519076.0,21,0,0,31,76
2519076.0,21,0,0,29,78
2519121.0,21,0,0,45,62
2519236.0,21,0,0,45,62
2519274.0,21,0,0,45,62
2519274.0,21,0,0,29,78
2519315.0,21,0,0,29,78
2519334.0,21,0,0,29,78
2519334.0,21,0,0,28,79
2519335.0,21,0,0,28,79
2519357.0,21,0,0,28,79
2519406.0,21,0,0,28,79
2519406.0,21,0,0,27,80
2519446.0,21,0,0,28,79
2519459.0,21,0,0,28,79
2519459.0,21,0,0,27,80
2519652.0,21,0,0,43,64
2519664.0,21,0,0,43,64
2519664.0,21,0,0,27,80
2519669.0,21,0,0,28,79
2519670.0,21,0,0,44,63
2519690.0,21,0,0,44,63
2519690.0,21,0,0,28,79
2519723.0,21,0,0,28,79
2519723.0,21,0,0,20,87
2519753.0,21,0,0,28,79
2519762.0,21,0,0,29,78
2519779.0,21,0,0,29,78
2519779.0,21,0,0,21,86
2519785.0,21,0,0,21,86
2519785.0,21,0,0,20,87
2519814.0,21,0,0,28,79
2519832.0,21,0,0,28,79
2519832.0,21,0,0,20,87
2519862.0,21,0,0,28,79
2519870.0,21,0,0,29,78
2519882.0,21,0,0,29,78
2519882.0,21,0,0,21,86
2519895.0,21,0,0,27,80
2519914.0,21,0,0,27,80
2519914.0,21,0,0,23,84
2519916.0,21,0,0,31,76
2519930.0,21,0,0,47,60
2519935.0,21,0,0,47,60
2519935.0,21,0,0,45,62
2519945.0,21,0,0,45,62
2519945.0,21,0,0,29,78
2519967.0,21,0,0,29,78
2519967.0,21,0,0,21,86
2519996.0,21,0,0,29,78
2520015.0,21,0,0,45,62
2520018.0,21,0,0,45,62
2520018.0,21,0,0,29,78
2520023.0,21,0,0,45,62
2520032.0,21,0,0,45,62
2520032.0,21,0,0,44,63
2520035.0,21,0,0,44,63
2520035.0,21,0,0,28,79
2520061.0,21,0,0,29,78
2520161.0,21,0,0,29,78
2520161.0,21,0,0,28,79
2520190.0,21,0,0,44,63
2520229.0,21,0,0,60,47
2520247.0,21,0,0,60,47
2520247.0,21,0,0,44,63
2520282.0,21,0,0,44,63
2520282.0,21,0,0,28,79
2520303.0,21,0,0,44,63
2520365.0,21,0,0,46,61
2520366.0,21,0,0,50,57
2520399.0,21,0,0,50,57
2520399.0,21,0,0,46,61
2520411.0,21,0,0,46,61
2520421.0,21,0,0,46,61
2520421.0,21,0,0,44,63
2520444.0,21,0,0,44,63
2520444.0,21,0,0,28,79
2520475.0,21,0,0,28,79
2520475.0,0,21,0,28,79
2520574.0,0,21,0,44,63
2520579.0,0,21,0,44,63
2520579.0,0,21,0,28,79
2520630.0,0,21,0,34,73
2520650.0,0,21,0,34,73
2520666.0,0,21,0,34,73
2520666.0,0,21,0,30,77
2520684.0,0,21,0,46,61
2520685.0,0,21,0,46,61
2520685.0,0,21,0,30,77
2520689.0,0,21,0,30,77
2520689.0,0,21,0,28,79
2520742.0,0,21,0,44,63
2520760.0,0,21,0,44,63
2520800.0,0,21,0,44,63
2520800.0,0,21,0,28,79
2520866.0,0,21,0,44,63
2520918.0,0,21,0,44,63
2520957.0,0,21,0,44,63
2521010.0,0,21,0,44,63
2521025.0,0,21,0,44,63
2521025.0,0,21,0,28,79
2521033.0,0,21,0,44,63
2521185.0,0,21,0,44,63
2521185.0,0,21,0,28,79
2521191.0,0,21,0,29,78
2521210.0,0,21,0,29,78
2521210.0,0,21,0,28,79
2521214.0,0,21,0,32,75
2521215.0,0,21,0,34,73
2521252.0,0,21,0,34,73
2521252.0,0,21,0,30,77
2521273.0,0,21,0,46,61
2521276.0,0,21,0,50,57
2521288.0,0,21,0,50,57
2521288.0,0,21,0,49,58
2521468.0,0,21,0,49,58
2521468.0,0,21,0,45,62
2521480.0,0,21,0,45,62
2521489.0,0,21,0,45,62
2521489.0,0,21,0,43,64
2521586.0,0,21,0,43,64
2521607.0,0,21,0,47,60
2521609.0,0,21,0,49,58
2521690.0,0,21,0,65,42
2521821.0,0,21,0,65,42
2521854.0,0,21,0,65,42
2521854.0,0,21,0,49,58
2521998.0,0,21,0,65,42
2522026.0,0,21,0,65,42
2522026.0,0,21,0,49,58
2522079.0,0,21,0,65,42
2522084.0,0,21,0,65,42
2522084.0,0,21,0,49,58
2522141.0,0,21,0,49,58
2522141.0,0,21,0,45,62
2522163.0,0,21,0,45,62
2522163.0,0,21,0,43,64
2522263.0,0,21,0,43,64
2522263.0,0,21,0,27,80
2522275.0,0,0,0,48,80
2522275.0,0,0,0,16,112
2522302.0,0,0,0,17,111
2522344.0,0,0,0,17,111
2522344.0,0,0,0,16,112
2522352.0,0,0,0,16,112
2522370.0,0,0,0,16,112
2522433.0,0,0,0,48,80
2522434.0,0,0,0,56,72
2522453.0,0,0,0,56,72
2522514.0,0,0,0,56,72
2522595.0,0,0,0,56,72
2522616.0,0,0,0,56,72
2522630.0,0,0,0,56,72
2522635.0,0,0,0,56,72
2522635.0,0,0,0,24,104
2522662.0,0,0,0,26,102
2522665.0,0,0,0,30,98
2522666.0,0,0,0,46,82
2522684.0,0,0,0,46,82
2522684.0,0,0,0,38,90
2522705.0,0,0,0,38,90
2522705.0,0,0,0,30,98
2522715.0,0,0,0,30,98
2522723.0,0,0,0,30,98
2522818.0,0,0,0,30,98
2522818.0,0,0,0,14,114
2522890.0,0,0,0,14,114
2522929.0,0,0,0,14,114
2522976.0,0,0,0,30,98
2522996.0,0,0,0,30,98
2522996.0,0,0,0,26,102
2523003.0,0,0,0,26,102
2523019.0,0,0,0,30,98
2523063.0,0,0,0,30,98
2523063.0,0,0,0,26,102
2523066.0,0,0,0,42,86
2523068.0,0,0,0,42,86
2523068.0,0,0,0,26,102
2523084.0,0,0,0,26,102
2523084.0,0,0,0,24,104
2523086.0,0,0,0,26,102
2523107.0,0,0,0,30,98
2523134.0,0,0,0,30,98
2523134.0,0,0,0,26,102
2523162.0,0,0,0,30,98
2523173.0,0,0,0,38,90
2523185.0,0,0,0,38,90
2523185.0,0,0,0,34,94
2523202.0,0,0,0,34,94
2523202.0,0,0,0,2,126
2523206.0,0,0,0,2,126
2523206.0,0,0,0,0,128
2523230.0,0,0,0,1,127
2523248.0,0,0,0,17,111
2523274.0,0,0,0,17,111
2523278.0,0,0,0,17,111
2523278.0,0,0,0,1,127
2523325.0,0,0,0,17,111
2523330.0,0,0,0,17,111
2523339.0,0,0,0,17,111
2523339.0,0,0,0,16,112
2523384.0,0,0,0,16,112
2523442.0,0,0,0,16,112
2523458.0,0,0,0,16,112
2523458.0,0,0,0,15,113
2523477.0,0,0,0,16,112
2523478.0,0,0,0,21,107
2523480.0,0,0,0,23,105
2523481.0,0,0,0,23,105
2523481.0,0,0,0,19,109
2523495.0,0,0,0,19,109
2523495.0,0,0,0,3,125
2523503.0,0,0,0,3,125
2523503.0,0,0,0,1,127
2523566.0,0,0,0,1,127
2523733.0,0,0,0,1,127
2523735.0,0,0,0,3,125
2523736.0,0,0,0,7,121
2523764.0,0,0,0,7,121
2523764.0,0,0,0,6,122
2523781.0,0,0,0,7,121
2523787.0,0,0,0,7,121
2523787.0,0,0,0,3,125
2523809.0,0,0,0,3,125
2523809.0,0,0,0,1,127
2523814.0,0,0,0,1,127
2523869.0,0,0,0,33,95
2523869.0,0,0,0,1,127
2523895.0,0,0,0,1,127
2523973.0,0,0,0,1,127
2523989.0,0,0,0,5,123
2523990.0,0,0,0,7,121
2524009.0,0,0,0,23,105
2524041.0,0,0,0,23,105
2524067.0,0,0,0,23,105
2524067.0,0,0,0,22,106
2524075.0,0,0,0,22,106
2524094.0,0,0,0,23,105
2524104.0,0,0,0,23,105
2524104.0,0,0,0,19,109
2524123.0,0,0,0,19,109
2524123.0,0,0,0,18,110
2524127.0,0,0,0,18,110
2524127.0,0,0,0,16,112
2524197.0,0,0,0,48,80
2524197.0,0,0,0,16,112
2524198.0,0,0,0,24,104
2524280.0,0,0,0,25,103
2524286.0,0,0,0,29,99
2524287.0,0,0,0,31,97
2524307.0,0,0,0,31,97
2524319.0,0,0,0,63,65
2524319.0,0,0,0,15,113
2524390.0,0,0,0,15,113
2524405.0,0,0,0,15,113
2524405.0,0,0,0,14,114
2524433.0,0,0,0,14,114
2524433.0,0,0,0,10,118
2524460.0,0,0,0,10,118
2524460.0,0,0,0,8,120
2524483.0,0,0,0,24,104
2524591.0,0,0,0,24,104
2524591.0,0,0,0,8,120
2524598.0,0,0,0,12,116
2524600.0,0,0,0,14,114
2524665.0,0,0,0,30,98
2524676.0,0,0,0,30,98
2524676.0,0,0,0,14,114
2524698.0,0,0,0,14,114
2524731.0,0,0,0,14,114
2524731.0,0,0,0,13,115
2524747.0,0,0,0,14,114
2524751.0,0,0,0,14,114
2524751.0,0,0,0,10,118
2524761.0,0,0,0,26,102
2524772.0,0,0,0,26,102
2524772.0,0,0,0,24,104
2524779.0,0,0,0,24,104
2524892.0,0,0,0,28,100
2524895.0,0,0,0,30,98
2524954.0,0,0,0,31,97
2524957.0,0,0,0,31,97
2524957.0,0,0,0,15,113
2524969.0,0,0,0,15,113
2524969.0,0,0,0,14,114
2525090.0,0,0,0,14,114
2525090.0,0,0,0,13,115
2525124.0,0,0,0,29,99
2525126.0,0,0,0,30,98
2525133.0,0,0,0,30,98
2525134.0,0,0,0,30,98
2525135.0,0,0,0,31,97
2525144.0,0,0,0,31,97
2525144.0,0,0,0,30,98
2525146.0,0,0,0,31,97
2525252.0,0,0,0,31,97
2525252.0,0,0,0,30,98
2525254.0,0,0,0,30,98
2525261.0,0,0,0,30,98
2525296.0,0,0,0,30,98
2525296.0,0,0,0,14,114
2525366.0,0,0,0,14,114
2525446.0,0,0,0,15,113
2525473.0,0,0,0,15,113
2525473.0,0,0,0,14,114
2525500.0,0,0,0,15,113
2525504.0,0,0,0,15,113
2525511.0,0,0,0,15,113
2525521.0,0,0,0,31,97
2525521.0,0,0,0,19,109
2525533.0,0,0,0,19,109
2525533.0,0,0,0,17,111
2525607.0,0,0,0,49,79
2525607.0,0,0,0,1,127
2525660.0,0,0,0,1,127
2525660.0,0,0,0,0,128
2525676.0,0,0,0,0,128
2525698.0,0,0,0,2,126
2525713.0,0,0,0,6,122
2525719.0,0,0,0,6,122
2525724.0,0,0,0,22,106
2525741.0,0,0,0,22,106
2525766.0,0,0,0,22,106
2525848.0,0,0,0,23,105
2525873.0,0,0,0,23,105
2525930.0,0,0,0,23,105
2525948.0,0,0,0,23,105
2525966.0,0,0,0,55,73
2525966.0,0,0,0,23,105
2526025.0,0,0,0,23,105
2526178.0,0,0,0,23,105
2526180.0,0,0,0,23,105
2526385.0,0,0,0,23,105
2526385.0,0,0,0,22,106
2526435.0,0,0,0,22,106
2526436.0,0,0,0,22,106
2526481.0,0,0,0,22,106
2526569.0,0,0,0,22,106
2526897.0,0,0,0,22,106
2527019.0,0,0,0,22,106
2527140.0,0,0,0,22,106
2527140.0,0,0,0,21,107
2527167.0,0,0,0,21,107
2527183.0,0,0,0,21,107
2527187.0,0,0,0,22,106
2527206.0,0,0,0,22,106
2527215.0,0,0,0,54,74
2527215.0,0,0,0,21,107
2527228.0,0,0,0,21,107
2527228.0,0,0,0,17,111
2527233.0,0,0,0,18,110
2527249.0,0,0,0,18,110
2527249.0,0,0,0,16,112
2527365.0,0,0,0,16,112
2527389.0,0,0,0,24,104
2527396.0,0,0,0,25,103
2527408.0,0,0,0,25,103
2527408.0,0,0,0,24,104
2527461.0,0,0,0,24,104
2527467.0,0,0,0,25,103
2527516.0,0,0,0,57,71
2527547.0,0,0,0,61,67
2527549.0,0,0,0,63,65
2527768.0,0,0,0,63,65
2527768.0,0,0,0,62,66
2527803.0,0,0,0,63,65
2527816.0,0,0,0,63,65
2527816.0,0,0,0,62,66
2527833.0,0,0,0,63,65
2527837.0,0,0,0,63,65
2527837.0,0,0,0,59,69
2527858.0,0,0,0,59,69
2527858.0,0,0,0,57,71
2527860.0,0,0,0,58,70
2527874.0,0,0,0,58,70
2527874.0,0,0,0,42,86
2527953.0,0,0,0,74,54
2527958.0,0,0,0,90,38
2528160.0,0,0,0,90,38
2528160.0,0,0,0,58,70
2528243.0,0,0,0,58,70
2528243.0,0,0,0,57,71
2528276.0,0,0,0,61,67
2528282.0,0,0,0,63,65
2528307.0,0,0,0,64,64
2528354.0,0,0,0,64,64
2528354.0,0,0,0,63,65
2528376.0,0,0,0,64,64
2528398.0,0,0,0,64,64
2528666.0,0,0,0,64,64
2528818.0,0,0,0,64,64
2528818.0,0,0,0,63,65
2528855.0,0,0,0,64,64
2528864.0,0,0,0,64,64
2528864.0,0,0,0,63,65
2528876.0,0,0,0,63,65
2528876.0,0,0,0,62,66
2528883.0,0,0,0,63,65
2528886.0,0,0,0,63,65
2528886.0,0,0,0,59,69
2528915.0,0,0,0,59,69
2528915.0,0,0,0,57,71
2528985.0,0,0,0,58,70
2529026.0,0,0,0,58,70
2529026.0,0,0,0,57,71
2529068.0,0,0,0,57,71
2529068.0,0,0,0,56,72
2529137.0,0,0,0,88,40
2529158.0,0,0,0,94,34
2529169.0,0,0,0,95,33
2529188.0,0,0,0,96,32
2529381.0,0,0,0,96,32
2529381.0,0,0,0,95,33
2529409.0,0,0,0,96,32
2529435.0,0,0,0,96,32
2529435.0,0,0,0,95,33
2529580.0,0,0,0,95,33
2529580.0,0,0,0,94,34
2529669.0,0,0,0,95,33
2529686.0,0,0,0,96,32
2529705.0,0,0,0,96,32
2529705.0,0,0,0,95,33
2529796.0,0,0,0,96,32
2529798.0,0,0,0,96,32
2529798.0,0,0,0,95,33
2529865.0,0,0,0,96,32
2529915.0,0,0,0,96,32
2530167.0,0,0,0,96,32
2530216.0,0,0,0,96,32
2530246.0,0,0,0,96,32
2530246.0,0,0,0,95,33
2530247.0,0,0,0,95,33
2530249.0,0,0,0,95,33
2530281.0,0,0,0,96,32
2530293.0,0,0,0,96,32
2530293.0,0,0,0,95,33
2530309.0,0,0,0,96,32
2530313.0,0,0,0,96,32
2530313.0,0,0,0,92,36
2530321.0,0,0,0,92,36
2530321.0,0,0,0,91,37
2530344.0,0,0,0,91,37
2530344.0,0,0,0,89,39
2530519.0,0,0,0,121,7
2530560.0,0,0,0,121,7
2530623.0,0,0,0,122,6
2530639.0,0,0,0,122,6
2530639.0,0,0,0,121,7
2530653.0,0,0,0,121,7
2530653.0,0,0,14,107,7
2530658.0,0,0,14,107,7
2530658.0,0,0,30,91,7
2530733.0,0,0,30,92,6
2530976.0,0,0,30,92,6
2530976.0,0,0,34,88,6
2530982.0,0,0,34,88,6
2530982.0,0,0,36,86,6
2531003.0,0,0,36,92,0
2531004.0,0,0,36,92,0
2531004.0,0,0,36,88,4
2531007.0,0,0,36,88,4
2531026.0,0,0,36,88,4
2531026.0,0,0,36,86,6
2531649.0,0,0,36,92,0
2531652.0,0,0,36,92,0
2531652.0,0,0,36,88,4
2531668.0,0,0,36,88,4
2531668.0,0,0,36,87,5
2531685.0,0,0,36,87,5
2531688.0,0,0,36,87,5
2531688.0,0,0,36,85,7
2531750.0,0,0,36,86,6
2531837.0,0,0,36,86,6
2531837.0,0,0,60,62,6
2531858.0,0,0,60,62,6
2531858.0,0,0,66,56,6
2531869.0,0,0,66,56,6
2531869.0,0,0,67,55,6
2531888.0,0,0,67,55,6
2531888.0,0,0,68,54,6
2532109.0,0,0,68,54,6
2532109.0,0,0,69,53,6
2532125.0,0,0,69,53,6
2532125.0,0,0,69,52,7
2532213.0,0,0,69,52,7
2532213.0,0,0,69,51,8
2532284.0,0,0,69,52,7
2532369.0,0,0,69,52,7
2532386.0,0,0,69,52,7
2532478.0,0,0,69,53,6
2532496.0,0,0,69,53,6
2532496.0,0,0,70,52,6
2532517.0,0,0,70,52,6
2532517.0,0,0,70,51,7
2532565.0,0,0,70,51,7
2532573.0,0,0,70,51,7
2532573.0,0,0,70,50,8
2532617.0,0,0,70,51,7
2532699.0,0,0,70,52,6
2532981.0,0,0,70,52,6
2533009.0,0,0,70,52,6
2533009.0,0,0,71,51,6
2533015.0,0,0,71,51,6
2533015.0,0,0,71,50,7
2533129.0,0,0,71,51,6
2533219.0,0,0,71,51,6
2533219.0,0,0,102,20,6
2533305.0,0,0,102,20,6
2533305.0,0,0,102,19,7
2533323.0,0,0,102,19,7
2533353.0,14,0,88,19,7
2533358.0,30,0,72,19,7
2533394.0,30,0,72,20,6
2533433.0,30,0,72,20,6
2533433.0,30,0,73,19,6
2533676.0,34,0,69,19,6
2533682.0,36,0,67,19,6
2533703.0,36,0,67,19,6
2533703.0,36,0,73,13,6
2533922.0,36,0,73,13,6
2533922.0,36,0,73,12,7
2533988.0,36,0,73,13,6
2533989.0,36,0,73,13,6
2533989.0,36,0,73,12,7
2534031.0,36,0,73,13,6
2534040.0,36,0,73,13,6
2534040.0,36,0,73,12,7
2534067.0,36,0,73,13,6
2534068.0,36,0,73,19,0
2534071.0,36,0,73,19,0
2534071.0,36,0,73,15,4
2534087.0,36,0,73,15,4
2534087.0,36,0,73,14,5
2534092.0,36,0,73,14,5
2534092.0,36,0,73,12,7
2534206.0,36,0,73,13,6
2534335.0,36,0,73,17,2
2534337.0,36,0,73,19,0
2534349.0,36,0,73,19,0
2534537.0,60,0,49,19,0
2534558.0,66,0,43,19,0
2534569.0,67,0,42,19,0
2534588.0,68,0,41,19,0
2534607.0,68,0,41,19,0
2534607.0,68,0,41,18,1
2534709.0,68,0,41,19,0
2534809.0,69,0,40,19,0
2534984.0,69,0,40,19,0
2535178.0,69,0,40,19,0
2535196.0,70,0,39,19,0
2535399.0,70,0,39,19,0
2535461.0,70,0,39,19,0
2535461.0,70,0,39,18,1
2535538.0,70,0,39,19,0
2535709.0,71,0,38,19,0
2535829.0,71,0,38,19,0
2535919.0,102,0,7,19,0
2536094.0,102,0,7,19,0
2536094.0,102,0,8,18,0
2536133.0,103,0,7,18,0
2536401.0,103,0,7,18,0
2536401.0,103,0,7,17,1
2536403.0,109,0,1,17,1
2536472.0,109,0,1,18,0
2536522.0,109,0,1,18,0
2536522.0,109,0,1,17,1
2536586.0,109,0,1,18,0
2536590.0,109,0,1,18,0
2536590.0,109,0,1,17,1
2536599.0,109,0,1,17,1
2536599.0,109,0,1,1,17
2536661.0,109,0,1,1,17
2536661.0,109,0,1,0,18
2536663.0,109,0,1,16,2
2536688.0,109,0,1,16,2
2536712.0,109,0,1,17,1
2536731.0,109,0,1,17,1
2536767.0,109,0,1,17,1
2536768.0,109,0,1,17,1
2536776.0,109,0,1,17,1
2536776.0,109,0,1,16,2
2536810.0,109,0,1,16,2
2536810.0,109,0,1,0,18
2536839.0,109,0,1,1,17
2536871.0,109,0,1,17,1
2536892.0,109,0,1,18,0
2537196.0,109,0,1,18,0
2537196.0,45,64,1,18,0
2537197.0,45,64,1,18,0
2538794.0,46,64,0,18,0
2538794.0,0,110,0,18,0
2538996.0,0,46,0,82,0
2538996.0,0,46,0,18,64
2539286.0,0,46,0,18,64
2539363.0,0,46,0,18,64
2539539.0,0,46,0,18,64
2540594.0,0,0,0,64,64
2540594.0,0,0,0,0,128
2548126.0,0,0,0,0,128
2549922.0,0,0,0,64,64
2551514.0,0,0,0,128,0
2551514.0,0,0,0,0,128
2552622.0,0,0,0,0,128
2557862.0,0,0,0,0,128
2557863.0,0,0,0,0,128
2561246.0,0,0,0,128,0
2561246.0,0,0,0,0,128
2568553.0,0,0,0,64,64
2568799.0,0,0,0,64,64
2570733.0,0,0,0,64,64
2570868.0,0,0,0,64,64
2570868.0,0,0,0,48,80
2570896.0,0,0,0,48,80
2570896.0,0,0,0,47,81
2570913.0,0,0,0,48,80
2571046.0,0,0,0,64,64
2571253.0,0,0,0,64,64
2571253.0,0,0,47,17,64
2572177.0,0,0,47,81,0
2572655.0,0,0,47,81,0
2572655.0,0,0,47,80,1
2572784.0,0,0,47,81,0
2573613.0,0,0,47,81,0
2573613.0,0,0,48,80,0
2573746.0,0,0,48,80,0
2573746.0,0,0,64,64,0
2573953.0,47,0,17,64,0
2574877.0,47,0,17,64,0
2574877.0,47,0,80,1,0
2575484.0,47,0,80,1,0
2575484.0,47,0,81,0,0
2576313.0,48,0,80,0,0
2576446.0,64,0,64,0,0
2576540.0,64,0,64,0,0
2576763.0,64,0,64,0,0
2576886.0,64,0,64,0,0
2577007.0,64,0,64,0,0
2577336.0,64,0,64,0,0
2577385.0,64,0,64,0,0
2577392.0,64,0,64,0,0
2577395.0,64,0,64,0,0
2577418.0,64,0,64,0,0
2577441.0,64,0,64,0,0
2577577.0,127,0,1,0,0
2577803.0,127,0,1,0,0
2577846.0,127,0,1,0,0
2577916.0,127,0,1,0,0
2577965.0,127,0,1,0,0
2577985.0,127,0,1,0,0
2578006.0,127,0,1,0,0
2578060.0,127,0,1,0,0
2578084.0,127,0,1,0,0
2578125.0,127,0,1,0,0
2578184.0,128,0,0,0,0
2578184.0,0,128,0,0,0
2578200.0,0,128,0,0,0
2578373.0,0,128,0,0,0
2578589.0,0,128,0,0,0
2579984.0,0,0,0,128,0
2579984.0,0,0,0,0,128
2580070.0,0,0,0,128,0
2580070.0,0,0,0,0,128
2580168.0,0,0,0,128,0
2580168.0,0,0,0,0,128
2580201.0,0,0,0,64,64
2580201.0,0,0,0,0,128
2580238.0,0,0,0,64,64
2580238.0,0,0,0,6,122
2580239.0,0,0,0,8,120
2580255.0,0,0,0,9,119
2580256.0,0,0,0,10,118
2580258.0,0,0,0,11,117
2580272.0,0,0,0,12,116
2580275.0,0,0,0,16,112
2580278.0,0,0,0,17,111
2580285.0,0,0,0,18,110
2580322.0,0,0,0,20,108
2580343.0,0,0,0,24,104
2580361.0,0,0,0,25,103
2580379.0,0,0,0,89,39
2580379.0,0,0,0,25,103
2580380.0,0,0,0,89,39
2580380.0,0,0,0,57,71
2580443.0,0,0,0,89,39
2580443.0,0,0,0,25,103
2580466.0,0,0,0,27,101
2580488.0,0,0,0,31,97
2580506.0,0,0,0,32,96
2580612.0,0,0,0,96,32
2580612.0,0,0,0,32,96
2580724.0,0,0,0,96,32
2580798.0,0,0,0,128,0
2582227.0,0,0,0,128,0
2582227.0,0,0,0,127,1
2582248.0,0,0,0,128,0
2582263.0,0,0,0,128,0
2582263.0,0,0,0,127,1
2582270.0,0,0,0,127,1
2582270.0,0,0,0,95,33
2582286.0,0,0,0,95,33
2582286.0,0,0,0,93,35
2582330.0,0,0,0,125,3
2582356.0,0,0,0,125,3
2582356.0,0,0,0,124,4
2582374.0,0,0,0,125,3
2582502.0,0,0,0,126,2
2582586.0,0,0,0,126,2
2582586.0,0,0,0,94,34
2582633.0,0,0,0,94,34
2582633.0,0,0,0,93,35
2582652.0,0,0,0,125,3
2582680.0,0,0,0,125,3
2582680.0,0,0,0,124,4
2582806.0,0,0,0,125,3
2582857.0,0,0,0,126,2
2582925.0,0,0,0,126,2
2582925.0,0,0,0,62,66
2582928.0,0,0,0,62,66
2582928.0,0,0,0,30,98
2582935.0,0,0,0,94,34
2582938.0,0,0,0,94,34
2583049.0,0,0,0,126,2
2583079.0,0,0,0,126,2
2583080.0,0,0,0,126,2
2583090.0,0,0,0,126,2
2583090.0,0,0,0,62,66
2583143.0,0,0,0,62,66
2583200.0,0,0,0,126,2
2583210.0,0,0,0,126,2
2583210.0,0,0,0,62,66
2583239.0,0,0,0,62,66
2583239.0,0,0,0,46,82
2583312.0,0,0,0,46,82
2583317.0,0,0,0,110,18
2583394.0,0,0,0,110,18
2583394.0,0,0,0,78,50
2583398.0,0,0,0,78,50
2583398.0,0,0,0,62,66
2583420.0,0,0,0,62,66
2583420.0,0,0,0,54,74
2583424.0,0,0,0,54,74
2583434.0,0,0,0,70,58
2583457.0,0,0,0,70,58
2583457.0,0,0,0,54,74
2583556.0,0,0,0,70,58
2583565.0,0,0,0,70,58
2583565.0,0,0,0,54,74
2583633.0,0,0,0,70,58
2583654.0,0,0,0,70,58
2583654.0,0,0,0,54,74
2583714.0,0,0,0,70,58
2583873.0,0,0,0,86,42
2583955.0,0,0,0,86,42
2583955.0,0,0,0,70,58
2584087.0,0,0,0,86,42
2584148.0,0,0,0,86,42
2584148.0,0,0,0,70,58
2584169.0,0,0,0,86,42
2584172.0,0,0,0,86,42
2584172.0,0,0,0,70,58
2584477.0,0,0,0,86,42
2584717.0,0,0,0,86,42
2584717.0,0,0,0,70,58
2584841.0,0,0,0,86,42
2584921.0,0,0,0,86,42
2584921.0,0,0,0,70,58
2585030.0,0,0,0,70,58
2585077.0,0,0,0,86,42
2585149.0,0,0,0,86,42
2585149.0,0,0,0,70,58
2585263.0,0,0,0,70,58
2585263.0,0,0,0,54,74
2585352.0,0,0,0,54,74
2585367.0,0,0,0,70,58
2585390.0,0,0,0,86,42
2585588.0,0,0,0,86,42
2585588.0,0,0,0,70,58
2585635.0,0,0,0,70,58
2585678.0,0,0,0,86,42
2585762.0,0,0,0,86,42
2585762.0,0,0,0,70,58
2585862.0,0,0,0,86,42
2585900.0,0,0,0,86,42
2585933.0,0,0,0,86,42
2585933.0,0,0,0,70,58
2585954.0,0,0,0,86,42
2585963.0,0,0,0,86,42
2585963.0,0,0,0,70,58
2586017.0,0,0,0,70,58
2586080.0,0,0,0,86,42
2586134.0,0,0,0,86,42
2586138.0,0,0,0,86,42
2586138.0,0,0,0,70,58
2586170.0,0,0,0,70,58
2586170.0,0,0,0,38,90
2586202.0,0,0,0,70,58
2586256.0,0,0,0,70,58
2586333.0,0,0,0,70,58
2586414.0,0,0,0,70,58
2586573.0,0,0,0,70,58
2586787.0,0,0,0,70,58
2586869.0,0,0,0,70,58
2587018.0,0,0,0,70,58
2587018.0,0,0,0,69,59
2587036.0,0,0,0,70,58
2587087.0,0,0,0,86,42
2587097.0,0,0,0,86,42
2587097.0,0,0,0,70,58
2587126.0,0,0,0,70,58
2587126.0,0,0,0,54,74
2587148.0,0,0,0,54,74
2587148.0,0,0,0,53,75
2587177.0,0,0,0,53,75
2587199.0,0,0,0,54,74
2587206.0,0,0,0,54,74
2587206.0,0,0,0,50,78
2587228.0,0,0,0,50,78
2587228.0,0,0,0,48,80
2587318.0,0,0,0,64,64
2587416.0,0,0,0,80,48
2587442.0,0,0,0,84,44
2587444.0,0,0,0,86,42
2587459.0,0,0,0,86,42
2587459.0,0,0,0,70,58
2587464.0,0,0,0,86,42
2587492.0,0,0,0,86,42
2587492.0,0,0,0,70,58
2587535.0,0,0,0,70,58
2587535.0,0,0,0,6,122
2587541.0,0,0,0,6,122
2587646.0,0,0,0,22,106
2587700.0,0,0,0,86,42
2587777.0,0,0,0,86,42
2587849.0,0,0,0,86,42
2587849.0,0,0,0,85,43
2587866.0,0,0,0,85,43
2587866.0,0,0,0,53,75
2587911.0,0,0,0,53,75
2587911.0,0,0,0,21,107
2587966.0,0,0,0,53,75
2587988.0,0,0,0,53,75
2587988.0,0,0,0,21,107
2588040.0,0,0,0,22,106
2588064.0,0,0,0,54,74
2588067.0,0,0,0,86,42
2588068.0,0,0,0,86,42
2588068.0,0,0,0,70,58
2588090.0,0,0,0,70,58
2588132.0,0,0,0,70,58
2588132.0,0,0,0,54,74
2588139.0,0,0,0,54,74
2588139.0,0,0,0,22,106
2588190.0,0,0,0,54,74
2588206.0,0,0,0,54,74
2588206.0,0,0,0,52,76
2588214.0,0,0,0,68,60
2588306.0,0,0,0,70,58
2588357.0,0,0,0,70,58
2588357.0,0,0,0,69,59
2588364.0,0,0,0,69,59
2588364.0,0,0,0,53,75
2588390.0,0,0,0,69,59
2588409.0,0,0,0,69,59
2588409.0,0,0,0,53,75
2588414.0,0,0,0,54,74
2588434.0,0,0,0,54,74
2588434.0,0,0,0,53,75
2588447.0,0,0,0,53,75
2588447.0,0,0,0,52,76
2588453.0,0,0,0,53,75
2588462.0,0,0,0,53,75
2588462.0,0,0,0,52,76
2588471.0,0,0,0,53,75
2588476.0,0,0,0,53,75
2588476.0,0,0,0,49,79
2588503.0,0,0,0,49,79
2588503.0,0,0,0,47,81
2588514.0,0,0,0,48,80
2588562.0,0,0,0,48,80
2588593.0,0,0,0,48,80
2588593.0,0,0,0,16,112
2588622.0,0,0,0,32,96
2588646.0,0,0,0,64,64
2588654.0,0,0,0,64,64
2588699.0,0,0,0,80,48
2588703.0,0,0,0,80,48
2588703.0,0,0,0,76,52
2588726.0,0,0,0,76,52
2588726.0,0,0,0,60,68
2588733.0,0,0,0,64,64
2588735.0,0,0,0,64,64
2588735.0,0,0,0,62,66
2588780.0,0,0,0,62,66
2588876.0,0,0,0,64,64
2588902.0,0,0,0,64,64
2588912.0,0,0,0,80,48
2588920.0,0,0,0,86,42
2588929.0,0,0,0,86,42
2588929.0,0,0,0,84,44
2588953.0,0,0,0,86,42
2588977.0,0,0,0,86,42
2588977.0,0,0,0,82,46
2588999.0,0,0,0,86,42
2589001.0,0,0,0,86,42
2589001.0,0,0,0,85,43
2589051.0,0,0,0,86,42
2589064.0,0,0,0,86,42
2589064.0,0,0,0,85,43
2589070.0,0,0,0,86,42
2589084.0,0,0,0,118,10
2589085.0,0,0,0,126,2
2589126.0,0,0,0,126,2
2589126.0,0,0,0,125,3
2589151.0,0,0,0,125,3
2589151.0,0,0,0,124,4
2589187.0,0,0,0,124,4
2589187.0,0,0,0,92,36
2589201.0,0,0,0,93,35
2589206.0,0,0,0,93,35
2589206.0,0,0,0,89,39
2589229.0,0,0,0,89,39
2589229.0,0,0,0,88,40
2589232.0,0,0,0,88,40
2589232.0,0,0,0,80,48
2589246.0,0,0,0,84,44
2589255.0,0,0,0,85,43
2589261.0,0,0,0,85,43
2589261.0,0,0,0,81,47
2589283.0,0,0,0,81,47
2589283.0,0,0,0,79,49
2589336.0,0,0,0,80,48
2589452.0,0,0,0,80,48
2589452.0,0,0,0,16,112
2589518.0,0,0,0,16,112
2589518.0,0,0,0,14,114
2589562.0,0,0,0,16,112
2589580.0,0,0,0,80,48
2589588.0,0,0,0,80,48
2589588.0,0,0,0,76,52
2589590.0,0,0,0,80,48
2589594.0,0,0,0,82,46
2589619.0,0,0,0,86,42
2589627.0,0,0,0,86,42
2589627.0,0,0,0,84,44
2589695.0,0,0,0,84,44
2589695.0,0,0,0,20,108
2589757.0,0,0,0,20,108
2589757.0,0,0,0,4,124
2589773.0,0,0,0,6,122
2589787.0,0,0,0,6,122
2589809.0,0,0,0,70,58
2589816.0,0,0,0,70,58
2589816.0,0,0,0,6,122
2589845.0,0,0,0,22,106
2589929.0,0,0,0,86,42
2589944.0,0,0,0,86,42
2589944.0,0,0,0,22,106
2590005.0,0,0,0,86,42
2590037.0,0,0,0,86,42
2590037.0,0,0,0,22,106
2590066.0,0,0,0,22,106
2590066.0,0,0,0,21,107
2590095.0,0,0,0,22,106
2590110.0,0,0,0,86,42
2590161.0,0,0,0,86,42
2590161.0,0,0,0,85,43
2590164.0,0,0,0,85,43
2590205.0,0,0,0,86,42
2590232.0,0,0,0,86,42
2590232.0,0,0,0,85,43
2590237.0,0,0,0,85,43
2590237.0,0,0,0,69,59
2590250.0,0,0,0,69,59
2590250.0,0,0,0,37,91
2590269.0,0,0,0,37,91
2590269.0,0,0,0,36,92
2590273.0,0,0,0,37,91
2590280.0,0,0,0,37,91
2590280.0,0,0,0,21,107
2590308.0,0,0,0,21,107
2590308.0,0,0,0,17,111
2590326.0,0,0,0,21,107
2590368.0,0,0,0,22,106
2590371.0,0,0,0,22,106
2590371.0,0,0,0,18,110
2590386.0,0,0,0,50,78
2590399.0,0,0,0,50,78
2590399.0,0,0,0,48,80
2590400.0,0,0,0,48,80
2590402.0,0,0,0,48,80
2590402.0,0,0,0,46,82
2590439.0,0,0,0,62,66
2590505.0,0,0,0,62,66
2590505.0,0,0,0,30,98
2590510.0,0,0,0,30,98
2590510.0,0,0,0,29,99
2590517.0,0,0,0,31,97
2590524.0,0,0,0,63,65
2590568.0,0,0,0,79,49
2590591.0,0,0,0,79,49
2590591.0,0,0,0,47,81
2590645.0,0,0,0,47,81
2590645.0,0,0,0,46,82
2590666.0,0,0,0,46,82
2590677.0,0,0,0,50,78
2590681.0,0,0,0,52,76
2590682.0,0,0,0,53,75
2590721.0,0,0,0,54,74
2590748.0,0,0,0,54,74
2590748.0,0,0,0,22,106
2590764.0,0,0,0,22,106
2590767.0,0,0,0,22,106
2590862.0,0,0,0,54,74
2590890.0,0,0,0,54,74
2590891.0,0,0,0,54,74
2590891.0,0,0,0,22,106
2591054.0,0,0,0,54,74
2591065.0,0,0,0,54,74
2591065.0,0,0,0,38,90
2591090.0,0,0,0,38,90
2591215.0,0,0,0,54,74
2591218.0,0,0,0,54,74
2591218.0,0,0,0,22,106
2591232.0,0,0,0,54,74
2591234.0,0,0,0,62,66
2591235.0,0,0,0,64,64
2591241.0,0,0,0,96,32
2591246.0,0,0,0,96,32
2591246.0,0,0,0,92,36
2591315.0,0,0,0,92,36
2591315.0,0,0,0,91,37
2591322.0,0,0,0,91,37
2591346.0,0,0,0,91,37
2591358.0,0,0,0,91,37
2591358.0,0,0,0,75,53
2591363.0,0,0,0,76,52
2591374.0,0,0,0,108,20
2591378.0,0,0,0,108,20
2591378.0,0,0,0,107,21
2591399.0,0,0,0,107,21
2591401.0,0,0,0,108,20
2591407.0,0,0,0,108,20
2591407.0,0,0,0,104,24
2591430.0,0,0,0,104,24
2591430.0,0,0,0,100,28
2591433.0,0,0,0,100,28
2591434.0,0,0,0,100,28
2591434.0,0,0,0,98,30
2591439.0,0,0,0,98,30
2591439.0,0,0,0,82,46
2591454.0,0,0,0,82,46
2591454.0,0,0,0,50,78
2591475.0,0,0,0,66,62
2591664.0,0,0,0,70,58
2591667.0,0,0,0,72,56
2591695.0,0,0,0,88,40
2591703.0,0,0,0,88,40
2591703.0,0,0,0,87,41
2591714.0,0,0,0,87,41
2591714.0,0,0,0,71,57
2591784.0,0,0,0,71,57
2591785.0,0,0,0,71,57
2591829.0,0,0,0,103,25
2591867.0,0,0,0,103,25
2591867.0,0,0,0,87,41
2591943.0,0,0,0,103,25
2591962.0,0,0,0,103,25
2591962.0,0,0,0,71,57
2592002.0,0,0,0,72,56
2592084.0,0,0,0,104,24
2592146.0,0,0,0,120,8
2592227.0,0,0,0,120,8
2592227.0,0,0,0,104,24
2592241.0,0,0,0,104,24
2592241.0,0,0,0,88,40
2592280.0,0,0,0,88,40
2592301.0,0,0,0,104,24
2592319.0,0,0,0,104,24
2592427.0,0,0,0,104,24
2592427.0,0,0,0,88,40
2592457.0,0,0,0,104,24
2592476.0,0,0,0,120,8
2592509.0,0,0,0,120,8
2592531.0,0,0,0,120,8
2592531.0,0,0,0,104,24
2592549.0,0,0,0,120,8
2592558.0,0,0,0,120,8
2592558.0,0,0,0,104,24
2592597.0,0,0,0,104,24
2592597.0,0,0,0,72,56
2592627.0,0,0,0,88,40
2592629.0,0,0,0,88,40
2592642.0,0,0,0,88,40
2592642.0,0,0,0,72,56
2592656.0,0,0,0,72,56
2592656.0,0,0,0,40,88
2592705.0,0,0,0,40,88
2592761.0,0,0,0,56,72
2592792.0,0,0,0,88,40
2592801.0,0,0,0,120,8
2592810.0,0,0,0,120,8
2592822.0,0,0,0,120,8
2592822.0,0,0,0,119,9
2592857.0,0,0,0,120,8
2593065.0,0,0,0,120,8
2593065.0,0,0,0,119,9
2593086.0,0,0,0,119,9
2593141.0,0,0,0,119,9
2593141.0,0,0,0,87,41
2593171.0,0,0,0,91,37
2593174.0,0,0,0,91,37
2593174.0,0,0,0,87,41
2593191.0,0,0,0,87,41
2593191.0,0,0,0,86,42
2593224.0,0,0,0,86,42
2593235.0,0,0,0,87,41
2593253.0,0,0,0,88,40
2593268.0,0,0,0,120,8
2593319.0,0,0,0,120,8
2593319.0,0,0,0,119,9
2593328.0,0,0,0,120,8
2593366.0,0,0,0,120,8
2593366.0,0,0,0,88,40
2593416.0,0,0,0,88,40
2593416.0,0,0,0,87,41
2593421.0,0,0,0,88,40
2593433.0,0,0,0,92,36
2593492.0,0,0,0,92,36
2593492.0,0,0,0,91,37
2593562.0,0,0,0,91,37
2593591.0,0,0,0,92,36
2593639.0,0,0,0,92,36
2593639.0,0,0,0,90,38
2593751.0,0,0,0,92,36
2593754.0,0,0,0,92,36
2593915.0,0,0,0,92,36
2593932.0,0,0,0,92,36
2593941.0,0,0,0,92,36
2594020.0,0,0,0,124,4
2594074.0,0,0,0,124,4
2594175.0,0,0,0,124,4
2594327.0,0,0,0,124,4
2594327.0,0,0,0,92,36
2594395.0,0,0,0,92,36
2594514.0,0,0,0,124,4
2594529.0,0,0,0,124,4
2594550.0,0,0,0,124,4
2594550.0,0,0,0,123,5
2594583.0,0,0,0,127,1
2594585.0,0,0,0,127,1
2594585.0,0,0,0,119,9
2594629.0,0,0,0,119,9
2594629.0,0,0,0,87,41
2594643.0,0,0,0,87,41
2594735.0,0,0,0,87,41
2594735.0,0,0,0,79,49
2594757.0,0,0,0,79,49
2594757.0,0,0,0,78,50
2594781.0,0,0,0,87,41
2594784.0,0,0,0,87,41
2594787.0,0,0,0,88,40
2594788.0,0,0,0,120,8
2594815.0,0,0,0,120,8
2594815.0,0,0,0,119,9
2594818.0,0,0,0,119,9
2594818.0,0,0,0,118,10
2594824.0,0,0,0,118,10
2594824.0,0,0,0,86,42
2594846.0,0,0,0,87,41
2594850.0,0,0,0,87,41
2594850.0,0,0,0,86,42
2594858.0,0,0,0,87,41
2594868.0,0,0,0,95,33
2594877.0,0,0,0,95,33
2594877.0,0,0,0,94,34
2594900.0,0,0,0,95,33
2594917.0,0,0,0,95,33
2594917.0,0,0,0,91,37
2594925.0,0,0,0,91,37
2594925.0,0,0,0,59,69
2594959.0,0,0,0,91,37
2594965.0,0,0,0,123,5
2594995.0,0,0,0,123,5
2594995.0,0,0,0,122,6
2595001.0,0,0,0,122,6
2595028.0,0,0,0,122,6
2595028.0,0,0,0,121,7
2595072.0,0,0,0,122,6
2595090.0,0,0,0,122,6
2595090.0,0,0,0,90,38
2595107.0,0,0,0,90,38
2595107.0,0,0,0,86,42
2595116.0,0,0,0,118,10
2595140.0,0,0,0,118,10
2595140.0,0,0,0,86,42
2595176.0,0,0,0,86,42
2595240.0,0,0,0,87,41
2595266.0,0,0,0,91,37
2595282.0,0,0,0,91,37
2595282.0,0,0,0,90,38
2595327.0,0,0,0,90,38
2595372.0,0,0,0,122,6
2595377.0,0,0,0,122,6
2595377.0,0,0,0,90,38
2595378.0,0,0,0,122,6
2595418.0,0,0,0,122,6
2595418.0,0,0,0,90,38
2595441.0,0,0,0,122,6
2595460.0,0,0,0,123,5
2595461.0,0,0,0,123,5
2595492.0,0,0,0,123,5
2595501.0,0,0,0,123,5
2595523.0,0,0,0,123,5
2595523.0,0,0,0,122,6
2595549.0,0,0,0,122,6
2595549.0,0,0,0,90,38
2595583.0,0,0,0,122,6
2595638.0,0,0,0,123,5
2595647.0,0,0,0,123,5
2595647.0,0,0,0,59,69
2595656.0,0,0,0,59,69
2595656.0,0,0,0,27,101
2595678.0,0,0,0,59,69
2595724.0,0,0,0,59,69
2595724.0,0,0,0,58,70
2595736.0,0,0,0,122,6
2595739.0,0,0,0,126,2
2595777.0,0,0,0,127,1
2595827.0,0,0,0,127,1
2595827.0,0,0,0,126,2
2595880.0,0,0,0,127,1
2595883.0,0,0,0,127,1
2595883.0,0,0,0,95,33
2595912.0,0,0,0,127,1
2595968.0,0,0,0,127,1
2596028.0,0,0,0,127,1
2596063.0,0,0,0,127,1
2596063.0,0,0,0,95,33
2596085.0,0,0,0,127,1
2596121.0,0,0,0,127,1
2596121.0,0,0,0,123,5
2596177.0,0,0,0,123,5
2596177.0,0,0,0,119,9
2596179.0,0,0,0,119,9
2596179.0,0,0,0,118,10
2596185.0,0,0,0,118,10
2596185.0,0,0,0,117,11
2596212.0,0,0,0,118,10
2596228.0,0,0,0,122,6
2596250.0,0,0,0,123,5
2596323.0,0,0,0,123,5
2596323.0,0,0,0,91,37
2596365.0,0,0,0,91,37
2596365.0,0,0,0,83,45
2596368.0,0,0,0,84,44
2596368.0,0,0,0,83,45
2596449.0,0,0,0,83,45
2596449.0,0,0,0,51,77
2596483.0,0,0,0,51,77
2596483.0,0,0,0,50,78
2596523.0,0,0,0,51,77
2596544.0,0,0,0,51,77
2596544.0,0,0,0,50,78
2596577.0,0,0,0,51,77
2596590.0,0,0,0,51,77
2596590.0,0,0,0,50,78
2596629.0,0,0,0,50,78
2596629.0,0,0,0,49,79
2596648.0,0,0,0,50,78
2596655.0,0,0,0,82,46
2596669.0,0,0,0,82,46
2596669.0,0,0,0,81,47
2596677.0,0,0,0,81,47
2596677.0,0,0,0,49,79
2596711.0,0,0,0,50,78
2596712.0,0,0,0,54,74
2596720.0,0,0,0,54,74
2596727.0,0,0,0,86,42
2596773.0,0,0,0,87,41
2596848.0,0,0,0,87,41
2596848.0,0,0,0,86,42
2596867.0,0,0,0,87,41
2596877.0,0,0,0,87,41
2596877.0,0,0,0,86,42
2596881.0,0,0,0,86,42
2596881.0,0,0,0,82,46
2596951.0,0,0,0,86,42
2597047.0,0,0,0,87,41
2597056.0,0,0,0,87,41
2597056.0,0,0,0,55,73
2597130.0,0,0,0,55,73
2597130.0,0,0,0,23,105
2597214.0,0,0,0,23,105
2597221.0,0,0,0,55,73
2597283.0,0,0,0,55,73
2597357.0,0,0,0,55,73
2597357.0,0,0,0,54,74
2597365.0,0,0,0,86,42
2597466.0,0,0,0,87,41
2597488.0,0,0,0,87,41
2597492.0,0,0,0,87,41
2597492.0,0,0,0,86,42
2597545.0,0,0,0,86,42
2597545.0,0,0,0,85,43
2597584.0,0,0,0,86,42
2597625.0,0,0,0,86,42
2597625.0,0,0,0,85,43
2597659.0,0,0,0,85,43
2597665.0,0,0,0,85,43
2597672.0,0,0,0,85,43
2597672.0,0,0,0,53,75
2597770.0,0,0,0,53,75
2597770.0,0,0,0,52,76
2597786.0,0,0,0,53,75
2597816.0,0,0,0,53,75
2597924.0,0,0,0,54,74
2597925.0,0,0,0,86,42
2597927.0,0,0,0,87,41
2597962.0,0,0,0,87,41
2597962.0,0,0,0,86,42
2598044.0,0,0,0,87,41
2598072.0,0,0,0,87,41
2598073.0,0,0,0,87,41
2598073.0,0,0,0,86,42
2598098.0,0,0,0,87,41
2598121.0,0,0,0,87,41
2598121.0,0,0,0,71,57
2598141.0,0,0,0,71,57
2598194.0,0,0,0,71,57
2598194.0,0,0,0,39,89
2598283.0,0,0,0,39,89
2598355.0,0,0,0,71,57
2598359.0,0,0,0,71,57
2598359.0,0,0,0,70,58
2598378.0,0,0,0,70,58
2598384.0,0,0,0,70,58
2598384.0,0,0,0,54,74
2598436.0,0,0,0,54,74
2598531.0,0,0,0,55,73
2598543.0,0,0,0,56,72
2598574.0,0,0,0,56,72
2598574.0,0,0,0,55,73
2598575.0,0,0,0,71,57
2598581.0,0,0,0,71,57
2598581.0,0,0,0,55,73
2598612.0,0,0,0,55,73
2598687.0,0,0,0,55,73
2598687.0,0,0,0,54,74
2598727.0,0,0,0,70,58
2598729.0,0,0,0,70,58
2598729.0,0,0,0,38,90
2598785.0,0,0,0,38,90
2598818.0,0,0,0,54,74
2598826.0,0,0,0,54,74
2598826.0,0,0,0,38,90
2598839.0,0,0,0,38,90
2598839.0,0,0,0,37,91
2598896.0,0,0,0,69,59
2598906.0,0,0,0,69,59
2598906.0,0,0,0,37,91
2598948.0,0,0,0,69,59
2598951.0,0,0,0,69,59
2598951.0,0,0,0,53,75
2598986.0,0,0,0,54,74
2599056.0,0,0,0,55,73
2599089.0,0,0,0,55,73
2599089.0,0,0,0,54,74
2599133.0,0,0,0,54,74
2599133.0,0,0,0,22,106
2599173.0,0,0,0,54,74
2599239.0,0,0,0,70,58
2599251.0,0,0,0,70,58
2599251.0,0,0,0,54,74
2599293.0,0,0,0,54,74
2599293.0,0,0,0,22,106
2599326.0,0,0,0,54,74
2599341.0,0,0,0,54,74
2599341.0,0,0,0,22,106
2599355.0,0,0,0,22,106
2599377.0,0,0,0,38,90
2599396.0,0,0,0,38,90
2599396.0,0,0,0,22,106
2599427.0,0,0,0,22,106
2599452.0,0,0,0,38,90
2599455.0,0,0,0,54,74
2599455.0,0,0,0,53,75
2599461.0,0,0,0,53,75
2599461.0,0,0,0,37,91
2599514.0,0,0,0,69,59
2599525.0,0,0,0,69,59
2599525.0,0,0,0,37,91
2599557.0,0,0,0,38,90
2599614.0,0,0,0,54,74
2599622.0,0,0,0,54,74
2599622.0,0,0,0,53,75
2599650.0,0,0,0,54,74
2599670.0,0,0,0,54,74
2599670.0,0,0,0,38,90
2599733.0,0,0,0,54,74
2599790.0,0,0,0,86,42
2599808.0,0,0,0,86,42
2599808.0,0,0,0,70,58
2599848.0,0,0,0,86,42
2599878.0,0,0,0,86,42
2599878.0,0,0,0,70,58
2599892.0,0,0,0,70,58
2599892.0,0,0,0,54,74
2599921.0,0,0,0,54,74
2599923.0,0,0,0,70,58
2599941.0,0,0,0,70,58
2599941.0,0,0,0,69,59
2599968.0,0,0,0,70,58
2599972.0,0,0,0,70,58
2599972.0,0,0,0,54,74
2600003.0,0,0,0,70,58
2600065.0,0,0,0,70,58
2600080.0,0,0,0,86,42
2600090.0,0,0,0,86,42
2600090.0,0,0,0,70,58
2600093.0,0,0,0,71,57
2600127.0,0,0,0,72,56
2600166.0,0,0,0,72,56
2600176.0,0,0,0,72,56
2600176.0,0,0,0,71,57
2600182.0,0,0,0,71,57
2600182.0,0,0,0,39,89
2600284.0,0,0,0,39,89
2600314.0,0,0,0,40,88
2600376.0,0,0,0,72,56
2600397.0,0,0,0,72,56
2600397.0,0,0,0,71,57
2600462.0,0,0,0,72,56
2600536.0,0,0,0,72,56
2600536.0,0,0,0,68,60
2600566.0,0,0,0,68,60
2600566.0,0,0,0,66,62
2600567.0,0,0,0,66,62
2600567.0,0,0,0,65,63
2600625.0,0,0,0,65,63
2600724.0,0,0,0,65,63
2600724.0,0,0,0,64,64
2600729.0,0,0,0,65,63
2600831.0,0,0,0,66,62
2601054.0,0,0,0,66,62
2601054.0,0,0,0,65,63
2601055.0,0,0,0,65,63
2601061.0,0,0,0,65,63
2601061.0,0,0,0,64,64
2601064.0,0,0,0,65,63
2601138.0,0,0,0,66,62
2601156.0,0,0,0,66,62
2601156.0,0,0,0,65,63
2601186.0,0,0,0,66,62
2601201.0,0,0,0,66,62
2601201.0,0,0,0,65,63
2601231.0,0,0,0,66,62
2601257.0,0,0,0,68,60
2601266.0,0,0,0,68,60
2601266.0,0,0,0,67,61
2601275.0,0,0,0,67,61
2601277.0,0,0,0,83,45
2601299.0,0,0,0,87,41
2601303.0,0,0,0,87,41
2601303.0,0,0,0,86,42
2601338.0,0,0,0,87,41
2601360.0,0,0,0,87,41
2601360.0,0,0,0,86,42
2601366.0,0,0,0,87,41
2601395.0,0,0,0,88,40
2601423.0,0,0,0,88,40
2601423.0,0,0,0,87,41
2601483.0,0,0,0,88,40
2601495.0,0,0,0,88,40
2601495.0,0,0,0,87,41
2601514.0,0,0,0,128,0
2601518.0,0,0,0,128,0
2601596.0,0,0,0,128,0
2601648.0,0,0,0,128,0
2601873.0,0,0,0,128,0
2602026.0,0,0,0,128,0
2602077.0,0,0,0,128,0
2602155.0,0,0,0,128,0
2602214.0,0,0,0,128,0
2602218.0,0,0,0,128,0
2602218.0,0,0,0,96,32
2602249.0,0,0,0,96,32
2602249.0,0,0,0,64,64
2602276.0,0,0,0,96,32
2602294.0,0,0,0,96,32
2602294.0,0,0,0,32,96
2602314.0,0,0,0,32,96
2602332.0,0,0,0,96,32
2602429.0,0,0,0,96,32
2602429.0,0,0,0,64,64
2602433.0,0,0,0,64,64
2602443.0,0,0,0,64,64
2602443.0,0,0,0,63,65
2602455.0,0,0,0,95,33
2602464.0,0,0,0,95,33
2602464.0,0,0,0,63,65
2602483.0,0,0,0,64,64
2602490.0,0,0,0,64,64
2602491.0,0,0,0,96,32
2602500.0,0,0,0,96,32
2602500.0,0,0,0,32,96
2602515.0,0,0,0,64,64
2602519.0,0,0,0,64,64
2602519.0,0,0,0,32,96
2602534.0,0,0,0,96,32
2602541.0,0,0,0,96,32
2602541.0,0,0,0,32,96
2602591.0,0,0,0,96,32
2602599.0,0,0,0,96,32
2602599.0,0,0,0,64,64
2602623.0,0,0,0,64,64
2602626.0,0,0,0,96,32
2602636.0,0,0,0,128,0
2602703.0,0,0,0,128,0
2602814.0,0,0,0,128,0
2602814.0,0,0,0,127,1
2602829.0,0,0,0,128,0
2602858.0,0,0,0,128,0
2602858.0,0,0,0,96,32
2603076.0,0,0,0,96,32
2603087.0,0,0,0,128,0
2603158.0,0,0,0,128,0
2603158.0,0,0,0,127,1
2603174.0,0,0,0,128,0
2603223.0,0,0,0,128,0
2603223.0,0,0,0,127,1
2603249.0,0,0,0,128,0
2603315.0,0,0,0,128,0
2603315.0,0,0,0,96,32
2603442.0,0,0,0,128,0
2603525.0,0,0,0,128,0
2603525.0,0,0,0,96,32
2603639.0,0,0,0,128,0
2603951.0,0,0,0,128,0
2603951.0,0,0,0,96,32
2603977.0,0,0,0,96,32
2604080.0,0,0,0,128,0
2604832.0,0,0,0,128,0
2604832.0,0,0,0,112,16
2604976.0,0,0,0,112,16
2605032.0,0,0,0,112,16
2605109.0,0,0,0,128,0
2605124.0,0,0,0,128,0
2605124.0,0,0,0,112,16
2605191.0,0,0,0,112,16
2605215.0,0,0,0,112,16
2605234.0,0,0,0,112,16
2605291.0,0,0,0,112,16
2605326.0,0,0,0,112,16
2605336.0,0,0,0,112,16
2605548.0,0,0,0,112,16
2605548.0,0,0,0,111,17
2605568.0,0,0,0,112,16
2605656.0,0,0,0,112,16
2605656.0,0,0,0,96,32
2605668.0,0,0,0,112,16
2605673.0,0,0,0,112,16
2605673.0,0,0,0,96,32
2605691.0,0,0,0,96,32
2605691.0,0,0,0,95,33
2605774.0,0,0,0,111,17
2605787.0,0,0,0,111,17
2605800.0,0,0,0,127,1
2605804.0,0,0,0,127,1
2605804.0,0,0,0,111,17
2605818.0,0,0,0,111,17
2605818.0,0,0,0,95,33
2605822.0,0,0,0,111,17
2605825.0,0,0,0,112,16
2605830.0,0,0,0,112,16
2605830.0,0,0,0,96,32
2605900.0,0,0,0,112,16
2605917.0,0,0,0,128,0
2606123.0,0,0,0,128,0
2606123.0,0,0,0,112,16
2606142.0,0,0,0,112,16
2606246.0,0,0,0,128,0
2606259.0,0,0,0,128,0
2606259.0,0,0,0,96,32
2606281.0,0,0,0,128,0
2606339.0,0,0,0,128,0
2606365.0,0,0,0,128,0
2606365.0,0,0,0,96,32
2606386.0,0,0,0,128,0
2606479.0,0,0,0,128,0
2606479.0,0,0,0,96,32
2606512.0,0,0,0,128,0
2606536.0,0,0,0,128,0
2606536.0,0,0,0,112,16
2606545.0,0,0,0,112,16
2606545.0,0,0,0,96,32
2606681.0,0,0,0,112,16
2606704.0,0,0,0,112,16
2606704.0,0,0,0,96,32
2606780.0,0,0,0,96,32
2606783.0,0,0,0,96,32
2606783.0,0,0,0,80,48
2606825.0,0,0,0,96,32
2606875.0,0,0,0,96,32
2606875.0,0,0,0,80,48
2606885.0,0,0,0,96,32
2607001.0,0,0,0,112,16
2607058.0,0,0,0,112,16
2607058.0,0,0,0,96,32
2607072.0,0,0,0,96,32
2607072.0,0,0,0,80,48
2607144.0,0,0,0,80,48
2607144.0,0,0,0,48,80
2607153.0,0,0,0,64,64
2607218.0,0,0,0,80,48
2607271.0,0,0,0,80,48
2607271.0,0,0,0,64,64
2607359.0,0,0,0,96,32
2607395.0,0,0,0,112,16
2607466.0,0,0,0,112,16
2607466.0,0,0,0,80,48
2607567.0,0,0,0,80,48
2607567.0,0,0,0,64,64
2607586.0,0,0,0,96,32
2607606.0,0,0,0,112,16
2607674.0,0,0,0,128,0
2607728.0,0,0,0,128,0
2607728.0,0,0,0,112,16
2607809.0,0,0,0,112,16
2607818.0,0,0,0,112,16
2607818.0,0,0,0,80,48
2607868.0,0,0,0,96,32
2608125.0,0,0,0,96,32
2608125.0,0,0,0,95,33
2608151.0,0,0,0,96,32
2608155.0,0,0,0,128,0
2608252.0,0,0,0,128,0
2608252.0,0,0,0,96,32
2608273.0,0,0,0,128,0
2608282.0,0,0,0,128,0
2608282.0,0,0,0,96,32
2608335.0,0,0,0,128,0
2608377.0,0,0,0,128,0
2608377.0,0,0,0,127,1
2608458.0,0,0,0,128,0
2608474.0,0,0,0,128,0
2608522.0,0,0,0,128,0
2608547.0,0,0,0,128,0
2608547.0,0,0,0,126,2
2608617.0,0,0,0,126,2
2608635.0,0,0,0,128,0
2608941.0,0,0,0,128,0
2608941.0,0,0,0,96,32
2608946.0,0,0,0,96,32
2608979.0,0,0,0,96,32
2608979.0,0,0,0,94,34
2608981.0,0,0,0,94,34
2609078.0,0,0,0,96,32
2609086.0,0,0,0,96,32
2609211.0,0,0,0,96,32
2609211.0,0,0,0,64,64
2609212.0,0,0,0,64,64
2609262.0,0,0,0,64,64
2609262.0,0,0,0,32,96
2609346.0,0,0,0,32,96
2609346.0,0,0,0,0,128
2609377.0,0,0,0,32,96
2609403.0,0,0,0,64,64
2609411.0,0,0,0,96,32
2609525.0,0,0,0,96,32
2609585.0,0,0,0,96,32
2609670.0,0,0,0,96,32
2609670.0,0,0,0,94,34
2609688.0,0,0,0,94,34
2609688.0,0,0,0,62,66
2609692.0,0,0,0,62,66
2609692.0,0,0,0,30,98
2609704.0,0,0,0,62,66
2609706.0,0,0,0,62,66
2609706.0,0,0,0,54,74
2609719.0,0,0,0,54,74
2609719.0,0,0,0,46,82
2609823.0,0,0,0,48,80
2609846.0,0,0,0,48,80
2609846.0,0,0,0,47,81
2609853.0,0,0,0,47,81
2609918.0,0,0,0,47,81
2609933.0,0,0,0,48,80
2610059.0,0,0,0,48,80
2610095.0,0,0,0,48,80
2610223.0,0,0,0,56,72
2610229.0,0,0,0,56,72
2610229.0,0,0,0,48,80
2610286.0,0,0,0,48,80
2610374.0,0,0,0,48,80
2610600.0,0,0,0,56,72
2610607.0,0,0,0,56,72
2610607.0,0,0,0,24,104
2610613.0,0,0,0,56,72
2610615.0,0,0,0,56,72
2610615.0,0,0,0,48,80
2610725.0,0,0,0,56,72
2610731.0,0,0,0,56,72
2610731.0,0,0,0,48,80
2610855.0,0,0,0,48,80
2610935.0,0,0,0,56,72
2610951.0,0,0,0,56,72
2610951.0,0,0,0,48,80
2610973.0,0,0,0,48,80
2611035.0,0,0,0,48,80
2611126.0,0,0,0,56,72
2611246.0,0,0,0,56,72
2611246.0,0,0,0,48,80
2611439.0,0,0,0,56,72
2611546.0,0,0,0,56,72
2611546.0,0,0,0,48,80
2611629.0,0,0,0,48,80
2611629.0,0,0,0,16,112
2611642.0,0,0,0,16,112
2611642.0,0,0,0,14,114
2611686.0,0,0,0,16,112
2611757.0,0,0,0,24,104
2611783.0,0,0,0,56,72
2611833.0,0,0,0,56,72
2611833.0,0,0,0,48,80
2611969.0,0,0,0,56,72
2612066.0,0,0,0,56,72
2612066.0,0,0,0,54,74
2612077.0,0,0,0,54,74
2612102.0,0,0,0,56,72
2612103.0,0,0,0,56,72
2612111.0,0,0,0,56,72
2612244.0,0,0,0,56,72
2612244.0,0,0,0,48,80
2612250.0,0,0,0,48,80
2612250.0,0,0,0,32,96
2612376.0,0,0,0,48,80
2612404.0,0,0,0,48,80
2612429.0,0,0,0,56,72
2612476.0,0,0,0,56,72
2612476.0,0,0,0,24,104
2612482.0,0,0,0,56,72
2612483.0,0,0,0,56,72
2612483.0,0,0,0,48,80
2612607.0,0,0,0,48,80
2612607.0,0,0,0,46,82
2612658.0,0,0,0,48,80
2612673.0,0,0,0,56,72
2612698.0,0,0,0,56,72
2612698.0,0,0,0,24,104
2612826.0,0,0,0,56,72
2612847.0,0,0,0,56,72
2612847.0,0,0,0,54,74
2612923.0,0,0,0,54,74
2613047.0,0,0,0,56,72
2613300.0,0,0,0,56,72
2613313.0,0,0,0,56,72
2613595.0,0,0,0,56,72
2613595.0,0,0,0,54,74
2613646.0,0,0,0,56,72
2613826.0,0,0,0,56,72
2614048.0,0,0,0,56,72
2614048.0,0,0,0,55,73
2614086.0,0,0,0,55,73
2614086.0,0,0,0,53,75
2614091.0,0,0,0,55,73
2614100.0,0,0,0,56,72
2614139.0,0,0,0,56,72
2614160.0,0,0,0,56,72
2614160.0,0,0,0,54,74
2614183.0,0,0,0,54,74
2614183.0,0,0,0,53,75
2614213.0,0,0,0,55,73
2614215.0,0,0,0,56,72
2614324.0,0,0,0,56,72
2614324.0,0,0,0,55,73
2614407.0,0,0,0,56,72
2614419.0,0,0,0,56,72
2614419.0,0,0,0,52,76
2614442.0,0,0,0,52,76
2614442.0,0,0,0,50,78
2614457.0,0,0,0,50,78
2614483.0,0,0,0,50,78
2614528.0,0,0,0,50,78
2614528.0,0,0,0,48,80
2614617.0,0,0,0,50,78
2614755.0,0,0,0,50,78
2614755.0,0,0,0,49,79
2614774.0,0,0,0,50,78
2614976.0,0,0,0,54,74
2614980.0,0,0,0,56,72
2615076.0,0,0,0,56,72
2615182.0,0,0,0,56,72
2615214.0,0,0,0,88,40
2615216.0,0,0,0,96,32
2615358.0,0,0,0,96,32
2615373.0,0,0,0,96,32
2615373.0,0,0,4,92,32
2615526.0,0,0,4,92,32
2615526.0,0,0,36,60,32
2615747.0,0,0,36,60,32
2615747.0,0,0,38,58,32
2616031.0,0,0,38,58,32
2616031.0,0,0,38,56,34
2616080.0,0,0,38,58,32
2616346.0,0,0,38,58,32
2616406.0,0,0,38,58,32
2616406.0,0,0,38,56,34
2616493.0,0,0,38,58,32
2616692.0,0,0,38,58,32
2616692.0,0,0,38,56,34
2616744.0,0,0,38,58,32
2616791.0,0,0,38,58,32
2616800.0,0,0,38,58,32
2616803.0,0,0,38,58,32
2616913.0,0,0,38,58,32
2616913.0,0,0,39,57,32
2616915.0,0,0,39,57,32
2616915.0,0,0,40,56,32
2617024.0,0,0,40,56,32
2617107.0,0,0,40,56,32
2617107.0,0,0,41,55,32
2617163.0,0,0,41,55,32
2617163.0,0,0,41,53,34
2617214.0,0,0,41,55,32
2617317.0,0,0,41,55,32
2617329.0,0,0,41,55,32
2617329.0,0,0,41,54,33
2617356.0,0,0,41,55,32
2617366.0,0,0,41,87,0
2617366.0,0,0,41,23,64
2617474.0,0,0,41,23,64
2617526.0,0,0,41,87,0
2617526.0,0,0,41,55,32
2617676.0,0,0,41,55,32
2617744.0,0,0,41,87,0
2617764.0,0,0,41,87,0
2617764.0,0,0,41,85,2
2617807.0,0,0,41,87,0
2618073.0,4,0,37,87,0
2618226.0,36,0,5,87,0
2618447.0,38,0,3,87,0
2619613.0,39,0,2,87,0
2619615.0,40,0,1,87,0
2619807.0,41,0,0,87,0
2620066.0,41,0,0,87,0
2620226.0,41,0,0,87,0
2620226.0,41,0,53,34,0
2620444.0,41,0,53,34,0
2620444.0,41,0,85,2,0
2620507.0,41,0,85,2,0
2620507.0,41,0,87,0,0
2622926.0,94,0,34,0,0
2623144.0,126,0,2,0,0
2623207.0,128,0,0,0,0
2624875.0,128,0,0,0,0
2624875.0,0,128,0,0,0
2624974.0,0,128,0,0,0
2626675.0,0,0,0,128,0
2626675.0,0,0,0,0,128
2626764.0,0,0,0,128,0
2626764.0,0,0,0,0,128
2635904.0,0,0,0,0,128
2637690.0,0,0,0,128,0
2637690.0,0,0,0,0,128
2648248.0,0,0,0,0,128
2648322.0,0,0,0,0,128
2648406.0,0,0,0,0,128
2648615.0,0,0,0,128,0
2648615.0,0,0,0,122,6
2648654.0,0,0,0,123,5
2648678.0,0,0,0,124,4
2648734.0,0,0,0,128,0
2648857.0,0,0,0,128,0
2648857.0,0,0,0,124,4
2648878.0,0,0,0,128,0
2649057.0,0,0,0,128,0
2649057.0,0,0,0,120,8
2649208.0,0,0,0,128,0
2649471.0,0,0,0,128,0
2649471.0,0,0,0,120,8
2649768.0,0,0,0,128,0
2649963.0,0,0,0,128,0
2649963.0,0,0,0,120,8
2650304.0,0,0,0,128,0
2651315.0,0,0,0,128,0
2651315.0,0,0,94,34,0
2651354.0,0,0,94,34,0
2651354.0,0,0,95,33,0
2651378.0,0,0,95,33,0
2651378.0,0,0,96,32,0
2651434.0,0,0,96,32,0
2651434.0,0,0,100,28,0
2651578.0,0,0,100,28,0
2651578.0,0,0,104,24,0
2651614.0,0,0,104,24,0
2651614.0,0,0,104,23,1
2651628.0,0,0,104,24,0
2651638.0,0,0,104,24,0
2651697.0,0,0,104,24,0
2651886.0,0,0,104,24,0
2651908.0,0,0,104,24,0
2651908.0,0,0,111,17,0
2652041.0,0,0,111,17,0
2652183.0,0,0,111,17,0
2652468.0,0,0,111,17,0
2652468.0,0,0,119,9,0
2652474.0,0,0,119,9,0
2652614.0,0,0,119,9,0
2652883.0,0,0,119,9,0
2652995.0,0,0,119,9,0
2653004.0,0,0,119,9,0
2653004.0,0,0,127,1,0
2653092.0,0,0,127,1,0
2653224.0,0,0,127,1,0
2653448.0,0,0,127,1,0
2653597.0,0,0,127,1,0
2653829.0,0,0,127,1,0
2653939.0,0,0,127,1,0
2654015.0,94,0,33,1,0
2654015.0,30,64,33,1,0
2654054.0,31,64,32,1,0
2654054.0,0,95,32,1,0
2654078.0,1,95,31,1,0
2654134.0,5,95,27,1,0
2654250.0,5,95,27,1,0
2654278.0,9,95,23,1,0
2654328.0,9,95,23,1,0
2654608.0,16,95,16,1,0
2655168.0,24,95,8,1,0
2655455.0,24,95,8,1,0
2655692.0,24,95,8,1,0
2655704.0,32,95,0,1,0
2655704.0,0,127,0,1,0
2655815.0,0,63,0,65,0
2655815.0,0,63,0,1,64
2655853.0,0,63,0,33,32
2655853.0,0,63,0,1,64
2655854.0,0,32,0,32,64
2655854.0,0,32,0,0,96
2655855.0,0,32,0,32,64
2655855.0,0,32,0,0,96
2655882.0,0,32,0,32,64
2655882.0,0,32,0,0,96
2655897.0,0,32,0,32,64
2655897.0,0,32,0,0,96
2655920.0,0,32,0,32,64
2655920.0,0,32,0,0,96
2655945.0,0,32,0,32,64
2655945.0,0,32,0,0,96
2655959.0,0,32,0,32,64
2655959.0,0,32,0,0,96
2655963.0,0,32,0,32,64
2655963.0,0,32,0,0,96
2656014.0,0,32,0,32,64
2656014.0,0,32,0,0,96
2656040.0,0,32,0,32,64
2656040.0,0,32,0,0,96
2656070.0,0,32,0,32,64
2656070.0,0,32,0,0,96
2656108.0,0,32,0,32,64
2656108.0,0,32,0,24,72
2656133.0,0,32,0,56,40
2656137.0,0,32,0,62,34
2656140.0,0,32,0,94,2
2656167.0,0,32,0,96,0
2656240.0,0,32,0,96,0
2656240.0,0,32,0,94,2
2656290.0,0,32,0,96,0
2656591.0,0,32,0,96,0
2656591.0,0,32,0,94,2
2656629.0,0,32,0,96,0
2656737.0,0,32,0,96,0
2656737.0,0,32,0,94,2
2656798.0,0,32,0,96,0
2657135.0,0,32,0,96,0
2657135.0,0,32,0,94,2
2657296.0,0,32,0,96,0
2657381.0,0,32,0,96,0
2657381.0,0,32,0,92,4
2657402.0,0,32,0,96,0
2657495.0,0,32,0,96,0
2657495.0,0,32,0,92,4
2657504.0,0,0,0,124,4
2657504.0,0,0,0,92,36
2657528.0,0,0,0,92,36
2657528.0,0,0,0,90,38
2657546.0,0,0,0,94,34
2657624.0,0,0,0,96,32
2657627.0,0,0,0,96,32
2657627.0,0,0,0,92,36
2657633.0,0,0,0,124,4
2657665.0,0,0,0,128,0
2658059.0,0,0,0,128,0
2658059.0,0,0,0,126,2
2658085.0,0,0,0,126,2
2658085.0,0,0,0,122,6
2658124.0,0,0,0,124,4
2658131.0,0,0,0,128,0
2658351.0,0,0,0,128,0
2658351.0,0,0,0,124,4
2658384.0,0,0,0,128,0
2658431.0,0,0,0,128,0
2658431.0,0,0,0,126,2
2658487.0,0,0,0,126,2
2658487.0,0,0,0,122,6
2658554.0,0,0,0,126,2
2658575.0,0,0,0,128,0
2658800.0,0,0,0,128,0
2658800.0,0,0,0,126,2
2658806.0,0,0,0,126,2
2658806.0,0,0,0,94,34
2658808.0,0,0,0,94,34
2658833.0,0,0,0,94,34
2658840.0,0,0,0,94,34
2658840.0,0,0,22,72,34
2658867.0,0,0,22,72,34
2658867.0,0,0,24,70,34
2658907.0,0,0,24,102,2
2658909.0,0,0,24,104,0
2658990.0,0,0,24,104,0
2658990.0,0,0,26,102,0
2659086.0,0,0,26,102,0
2659086.0,0,0,26,100,2
2659141.0,0,0,26,102,0
2659258.0,0,0,26,102,0
2659258.0,0,0,26,100,2
2659329.0,0,0,26,100,2
2659381.0,0,0,26,102,0
2659498.0,0,0,26,102,0
2659720.0,0,0,26,102,0
2659720.0,0,0,26,70,32
2659766.0,0,0,26,70,32
2659766.0,0,0,26,68,34
2659847.0,0,0,26,100,2
2659882.0,0,0,26,102,0
2659976.0,0,0,26,102,0
2659976.0,0,0,26,100,2
2659996.0,0,0,26,100,2
2660168.0,0,0,26,102,0
2660333.0,0,0,26,102,0
2660333.0,0,0,34,94,0
2660365.0,0,0,34,94,0
2660365.0,0,0,38,90,0
2660371.0,0,0,38,90,0
2660371.0,0,0,38,58,32
2660433.0,0,0,38,58,32
2660433.0,0,0,38,56,34
2660473.0,0,0,38,88,2
2660478.0,0,0,38,90,0
2660517.0,0,0,38,90,0
2660517.0,0,0,38,58,32
2660801.0,0,0,38,90,0
2660824.0,0,0,38,90,0
2660831.0,0,0,38,90,0
2660831.0,0,0,38,89,1
2660849.0,0,0,38,90,0
2660973.0,0,0,38,90,0
2661540.0,22,0,16,90,0
2661567.0,24,0,14,90,0
2661607.0,24,0,14,90,0
2661690.0,26,0,12,90,0
2661931.0,26,0,12,90,0
2662050.0,26,0,12,90,0
2662050.0,26,0,12,86,4
2662094.0,26,0,12,88,2
2662103.0,26,0,12,90,0
2662547.0,26,0,12,90,0
2662547.0,26,0,29,73,0
2662555.0,26,0,29,73,0
2662582.0,26,0,29,73,0
2662582.0,26,0,31,71,0
2662868.0,26,0,31,71,0
2662868.0,26,0,33,69,0
2663033.0,34,0,25,69,0
2663065.0,38,0,21,69,0
2663161.0,38,0,21,69,0
2663161.0,38,0,21,67,2
2663173.0,38,0,21,67,2
2663173.0,38,0,51,37,2
2663178.0,38,0,51,37,2
2663178.0,38,0,53,35,2
2663191.0,38,0,53,37,0
2663288.0,38,0,53,37,0
2663288.0,38,0,53,5,32
2663311.0,38,0,53,37,0
2663358.0,38,0,53,37,0
2663358.0,38,0,53,5,32
2663359.0,38,0,53,37,0
2663381.0,38,0,53,37,0
2663381.0,38,0,53,5,32
2663405.0,38,0,53,37,0
2663428.0,38,0,53,37,0
2663428.0,38,0,53,5,32
2663430.0,38,0,53,37,0
2663445.0,38,0,53,37,0
2663445.0,38,0,53,5,32
2663477.0,38,0,53,37,0
2663501.0,38,0,53,37,0
2663501.0,38,0,58,32,0
2663540.0,38,0,58,32,0
2663540.0,38,0,58,0,32
2663562.0,38,0,58,32,0
2663582.0,38,0,58,32,0
2663582.0,38,0,58,0,32
2663605.0,38,0,58,32,0
2663620.0,38,0,58,32,0
2663620.0,38,0,58,0,32
2663677.0,38,0,58,32,0
2663701.0,38,0,58,32,0
2663701.0,38,0,58,0,32
2663704.0,38,0,58,32,0
2663717.0,38,0,58,32,0
2663717.0,38,0,58,0,32
2663831.0,38,0,58,0,32
2663898.0,38,0,58,32,0
2663898.0,38,0,58,30,2
2663922.0,38,0,58,32,0
2663952.0,38,0,58,32,0
2663952.0,38,0,58,0,32
2664080.0,38,0,58,0,32
2664129.0,38,0,58,32,0
2664129.0,38,0,58,30,2
2664136.0,38,0,58,30,2
2664152.0,38,0,58,32,0
2664259.0,38,0,58,32,0
2664339.0,38,0,58,32,0
2664339.0,38,0,58,30,2
2664348.0,38,0,58,30,2
2664391.0,38,0,58,30,2
2664406.0,38,0,58,32,0
2664546.0,38,0,58,32,0
2664546.0,38,0,58,0,32
2664579.0,38,0,58,32,0
2665247.0,55,0,41,32,0
2665282.0,57,0,39,32,0
2665568.0,59,0,37,32,0
2665645.0,59,0,37,32,0
2665645.0,59,0,37,30,2
2665680.0,59,0,37,32,0
2665873.0,89,0,7,32,0
2665878.0,91,0,5,32,0
2666177.0,91,0,5,32,0
2666201.0,96,0,0,32,0
2666201.0,0,96,0,32,0
2666223.0,0,96,0,32,0
2666262.0,0,96,0,32,0
2666305.0,0,96,0,32,0
2666344.0,0,96,0,32,0
2666377.0,0,96,0,32,0
2666378.0,0,96,0,32,0
2666404.0,0,96,0,32,0
2666433.0,0,96,0,32,0
2666598.0,0,96,0,32,0
2666663.0,0,96,0,32,0
2666742.0,0,96,0,32,0
2666777.0,0,96,0,32,0
2666802.0,0,96,0,32,0
2666829.0,0,96,0,32,0
2666908.0,0,96,0,32,0
2667079.0,0,96,0,32,0
2667129.0,0,96,0,32,0
2667136.0,0,96,0,32,0
2667247.0,0,96,0,32,0
2667279.0,0,96,0,32,0
2667290.0,0,96,0,32,0
2667367.0,0,96,0,32,0
2667550.0,0,96,0,32,0
2667564.0,0,96,0,32,0
2667734.0,0,96,0,32,0
2667792.0,0,96,0,32,0
2667808.0,0,96,0,32,0
2668001.0,0,0,0,128,0
2668001.0,0,0,0,0,128
2668013.0,0,0,0,0,128
2668115.0,0,0,0,0,128
2668135.0,0,0,0,0,128
2668166.0,0,0,0,0,128
2668173.0,0,0,0,0,128
2668188.0,0,0,0,0,128
2668449.0,0,0,0,0,128
2668458.0,0,0,0,128,0
2668458.0,0,0,0,0,128
2668463.0,0,0,0,8,120
2668463.0,0,0,0,0,128
2668491.0,0,0,0,8,120
2668491.0,0,0,0,0,128
2668506.0,0,0,0,2,126
2668506.0,0,0,0,0,128
2668511.0,0,0,0,8,120
2668511.0,0,0,0,0,128
2668567.0,0,0,0,64,64
2668567.0,0,0,0,0,128
2668583.0,0,0,0,2,126
2668583.0,0,0,0,0,128
2668600.0,0,0,0,8,120
2668600.0,0,0,0,0,128
2668617.0,0,0,0,1,127
2668617.0,0,0,0,0,128
2668656.0,0,0,0,1,127
2668668.0,0,0,0,3,125
2668668.0,0,0,0,1,127
2668669.0,0,0,0,2,126
2668669.0,0,0,0,0,128
2668677.0,0,0,0,8,120
2668677.0,0,0,0,0,128
2668703.0,0,0,0,64,64
2668703.0,0,0,0,0,128
2668704.0,0,0,0,2,126
2668742.0,0,0,0,10,118
2668783.0,0,0,0,18,110
2668791.0,0,0,0,26,102
2668803.0,0,0,0,34,94
2668803.0,0,0,0,2,126
2668840.0,0,0,0,10,118
2668840.0,0,0,0,2,126
2668902.0,0,0,0,10,118
2668902.0,0,0,0,2,126
2668939.0,0,0,0,34,94
2668939.0,0,0,0,2,126
2668964.0,0,0,0,2,126
2668964.0,0,0,0,1,127
2668980.0,0,0,0,9,119
2668980.0,0,0,0,5,123
2668984.0,0,0,0,37,91
2668984.0,0,0,0,21,107
2668994.0,0,0,0,22,106
2668995.0,0,0,0,30,98
2669028.0,0,0,0,30,98
2669028.0,0,0,0,29,99
2669042.0,0,0,0,29,99
2669042.0,0,0,0,28,100
2669094.0,0,0,0,30,98
2669150.0,0,0,0,31,97
2669168.0,0,0,0,31,97
2669168.0,0,0,0,30,98
2669173.0,0,0,0,38,90
2669191.0,0,0,0,46,82
2669197.0,0,0,0,48,80
2669204.0,0,0,0,48,80
2669204.0,0,0,0,44,84
2669226.0,0,0,0,44,84
2669226.0,0,0,0,42,86
2669421.0,0,0,0,46,82
2669463.0,0,0,0,46,82
2669463.0,0,0,0,45,83
2669483.0,0,0,0,49,79
2669486.0,0,0,0,51,77
2669487.0,0,0,0,52,76
2669491.0,0,0,0,52,76
2669491.0,0,0,0,20,108
2669495.0,0,0,0,20,108
2669495.0,0,0,0,16,112
2669564.0,0,0,0,20,108
2669744.0,0,0,0,20,108
2669744.0,0,0,0,19,109
2669766.0,0,0,0,20,108
2669832.0,0,0,0,52,76
2669840.0,0,0,0,52,76
2669840.0,0,0,0,48,80
2670250.0,0,0,0,80,48
2670449.0,0,0,0,80,48
2670449.0,0,0,0,79,49
2670507.0,0,0,0,80,48
2670523.0,0,0,0,80,48
2670523.0,0,0,0,79,49
2670546.0,0,0,0,80,48
2670554.0,0,0,0,80,48
2670554.0,0,0,0,76,52
2670580.0,0,0,0,76,52
2670580.0,0,0,0,74,54
2670775.0,0,0,0,78,50
2670778.0,0,0,0,80,48
2670802.0,0,0,0,80,48
2670802.0,0,0,0,72,56
2670957.0,0,0,0,80,48
2670961.0,0,0,0,84,44
2670966.0,0,0,0,84,44
2670966.0,0,0,0,80,48
2671036.0,0,0,0,80,48
2671036.0,0,0,0,79,49
2671105.0,0,0,0,80,48
2671160.0,0,0,0,80,48
2671160.0,0,0,0,79,49
2671168.0,0,0,0,79,49
2671168.0,0,0,0,47,81
2671196.0,0,0,0,48,80
2671297.0,0,0,0,48,80
2671297.0,0,0,0,47,81
2671356.0,0,0,0,47,81
2671368.0,0,0,0,47,81
2671404.0,0,0,0,47,81
2671420.0,0,0,0,51,77
2671496.0,0,0,0,52,76
2671503.0,0,0,0,52,76
2671540.0,0,0,0,52,76
2671553.0,0,0,0,52,76
2671553.0,0,0,0,51,77
2671560.0,0,0,0,51,77
2671560.0,0,0,0,19,109
2671593.0,0,0,0,19,109
2671593.0,0,0,0,11,117
2671602.0,0,0,0,11,117
2671639.0,0,0,0,11,117
2671667.0,0,0,0,11,117
2671667.0,0,0,0,10,118
2671670.0,0,0,0,11,117
2671676.0,0,0,0,11,117
2671676.0,0,0,0,10,118
2671680.0,0,0,0,10,118
2671684.0,0,0,0,10,118
2671709.0,0,0,0,11,117
2671720.0,0,0,0,11,117
2671720.0,0,0,0,7,121
2671744.0,0,0,0,11,117
2671756.0,0,0,0,11,117
2671756.0,0,0,0,7,121
2671794.0,0,0,0,11,117
2671800.0,0,0,0,12,116
2671891.0,0,0,0,12,116
2671953.0,0,0,0,12,116
2671953.0,0,0,0,8,120
2672057.0,0,0,0,8,120
2672057.0,0,0,0,7,121
2672121.0,0,0,0,7,121
2672179.0,0,0,0,8,120
2672183.0,0,0,0,8,120
2672186.0,0,0,0,8,120
2672280.0,0,0,0,8,120
2672280.0,0,0,0,7,121
2672320.0,0,0,0,39,89
2672334.0,0,0,0,43,85
2672343.0,0,0,0,43,85
2672343.0,0,0,0,42,86
2672354.0,0,0,0,43,85
2672378.0,0,0,0,44,84
2672383.0,0,0,0,44,84
2672383.0,0,0,0,40,88
2672458.0,0,0,0,44,84
2672532.0,0,0,0,44,84
2672826.0,0,0,0,44,84
2672826.0,0,0,0,36,92
2672950.0,0,0,0,36,92
2672963.0,0,0,0,44,84
2672973.0,0,0,0,44,84
2672973.0,0,0,0,36,92
2673031.0,0,0,0,36,92
2673031.0,0,0,0,35,93
2673150.0,0,0,0,36,92
2673386.0,0,0,0,44,84
2673527.0,0,0,0,44,84
2673527.0,0,0,0,36,92
2673552.0,0,0,0,44,84
2673602.0,0,0,0,44,84
2673602.0,0,0,0,36,92
2673633.0,0,0,0,44,84
2673657.0,0,0,0,44,84
2673661.0,0,0,0,44,84
2673895.0,0,0,0,44,84
2673895.0,0,0,0,43,85
2673899.0,0,0,0,44,84
2673961.0,0,0,0,52,76
2673978.0,0,0,0,52,76
2673978.0,0,0,0,51,77
2673981.0,0,0,0,51,77
2673981.0,0,0,0,35,93
2673983.0,0,0,0,35,93
2673983.0,0,0,0,3,125
2673998.0,0,0,0,35,93
2674023.0,0,0,0,36,92
2674108.0,0,0,0,36,92
2674108.0,0,0,0,28,100
2674120.0,0,0,0,28,100
2674129.0,0,0,0,36,92
2674170.0,0,0,0,36,92
2674170.0,0,0,0,35,93
2674179.0,0,0,0,51,77
2674196.0,0,0,0,51,77
2674223.0,0,0,0,52,76
2674240.0,0,0,0,52,76
2674240.0,0,0,0,51,77
2674264.0,0,0,0,52,76
2674269.0,0,0,0,52,76
2674269.0,0,0,0,48,80
2674293.0,0,0,0,48,80
2674293.0,0,0,0,46,82
2674298.0,0,0,0,46,82
2674298.0,0,0,0,42,86
2674373.0,0,0,0,46,82
2674385.0,0,0,0,46,82
2674385.0,0,0,0,38,90
2674444.0,0,0,0,38,90
2674482.0,0,0,0,38,90
2674482.0,0,0,0,37,91
2674485.0,0,0,0,41,87
2674487.0,0,0,0,42,86
2674488.0,0,0,0,44,84
2674494.0,0,0,0,44,84
2674500.0,0,0,0,44,84
2674746.0,0,0,0,52,76
2674788.0,0,0,0,52,76
2674788.0,0,0,0,51,77
2674801.0,0,0,0,51,77
2674801.0,0,0,0,47,81
2674838.0,0,0,0,48,80
2674855.0,0,0,0,48,80
2674855.0,0,0,0,47,81
2674884.0,0,0,0,48,80
2674896.0,0,0,0,48,80
2674896.0,0,0,0,44,84
2674925.0,0,0,0,44,84
2674925.0,0,0,0,42,86
2675020.0,0,0,0,42,86
2675034.0,0,0,0,42,86
2675102.0,0,0,0,46,82
2675105.0,0,0,0,50,78
2675107.0,0,0,0,52,76
2675138.0,0,0,0,84,44
2675254.0,0,0,0,84,44
2675254.0,0,0,0,80,48
2675265.0,0,0,0,80,48
2675265.0,0,0,0,78,50
2675310.0,0,0,0,80,48
2675314.0,0,0,0,84,44
2675663.0,0,0,0,84,44
2675713.0,0,0,0,84,44
2675713.0,0,0,0,80,48
2675906.0,0,0,0,84,44
2675964.0,0,0,0,84,44
2675964.0,0,0,0,80,48
2675984.0,0,0,0,84,44
2676428.0,0,0,0,84,44
2676428.0,0,0,0,80,48
2676566.0,0,0,0,84,44
2676569.0,0,0,0,84,44
2676569.0,0,0,0,80,48
2676661.0,0,0,0,80,48
2676698.0,0,0,0,80,48
2676723.0,0,0,0,80,48
2676829.0,0,0,0,80,48
2676879.0,0,0,0,80,48
2677022.0,0,0,0,84,44
2677025.0,0,0,0,84,44
2677025.0,0,0,0,80,48
2677044.0,0,0,0,80,48
2677044.0,0,0,0,78,50
2677071.0,0,0,0,80,48
2677073.0,0,0,0,80,48
2677080.0,0,0,0,84,44
2677108.0,0,0,0,116,12
2677109.0,0,0,0,124,4
2677136.0,0,0,0,124,4
2677136.0,0,0,0,120,8
2677185.0,0,0,0,120,8
2677352.0,0,0,0,120,8
2677352.0,0,0,0,118,10
2677387.0,0,0,0,120,8
2677446.0,0,0,0,120,8
2677446.0,0,0,6,114,8
2677538.0,0,0,6,114,8
2677538.0,0,0,7,113,8
2677581.0,0,0,7,117,4
2677583.0,0,0,7,117,4
2677583.0,0,0,7,113,8
2677584.0,0,0,7,113,8
2677617.0,0,0,7,113,8
2677617.0,0,0,7,111,10
2677639.0,0,0,7,115,6
2677650.0,0,0,7,117,4
2677725.0,0,0,7,117,4
2677725.0,0,0,7,109,12
2677802.0,0,0,7,109,12
2677805.0,0,0,7,109,12
2677837.0,0,0,7,117,4
2677838.0,0,0,7,117,4
2677838.0,0,0,36,88,4
2677864.0,0,0,36,88,4
2677864.0,0,0,36,87,5
2677883.0,0,0,36,88,4
2677892.0,0,0,36,88,4
2677892.0,0,0,36,84,8
2677943.0,0,0,36,84,8
2677943.0,0,0,36,76,16
2677951.0,0,0,36,80,12
2677959.0,0,0,36,80,12
2677959.0,0,0,36,48,44
2678004.0,0,0,36,56,36
2678010.0,0,0,36,56,36
2678014.0,0,0,36,56,36
2678044.0,0,0,36,88,4
2678066.0,0,0,36,88,4
2678066.0,0,0,36,86,6
2678110.0,0,0,36,88,4
2678381.0,0,0,36,88,4
2678381.0,0,0,36,87,5
2678396.0,0,0,36,88,4
2678399.0,0,0,36,88,4
2678399.0,0,0,36,84,8
2678429.0,0,0,36,84,8
2678429.0,0,0,36,82,10
2678481.0,0,0,36,84,8
2678559.0,0,0,36,88,4
2678581.0,0,0,36,88,4
2678581.0,0,0,36,87,5
2678600.0,0,0,36,88,4
2678684.0,0,0,36,88,4
2678687.0,0,0,36,88,4
2678687.0,0,0,36,84,8
2678745.0,0,0,36,88,4
2678802.0,0,0,36,88,4
2678802.0,0,0,36,86,6
2678836.0,0,0,36,88,4
2679053.0,0,0,36,88,4
2679053.0,0,0,36,86,6
2679086.0,0,0,36,88,4
2679109.0,0,0,36,88,4
2679109.0,0,0,36,84,8
2679131.0,0,0,36,84,8
2679131.0,0,0,36,82,10
2679227.0,0,0,36,82,10
2679227.0,0,0,36,81,11
2679297.0,0,0,36,82,10
2679337.0,0,0,36,82,10
2679337.0,0,0,36,80,12
2679377.0,0,0,36,82,10
2679386.0,0,0,36,88,4
2679403.0,0,0,36,88,4
2679403.0,0,0,36,84,8
2679424.0,0,0,36,84,8
2679424.0,0,0,36,82,10
2679545.0,0,0,36,82,10
2679545.0,0,0,36,80,12
2679595.0,0,0,36,80,12
2679595.0,0,0,36,79,13
2679608.0,0,0,36,80,12
2679619.0,0,0,36,80,12
2679619.0,0,0,36,76,16
2679630.0,0,0,36,78,14
2679724.0,0,0,36,82,10
2679808.0,0,0,36,82,10
2679809.0,0,0,36,82,10
2679822.0,0,0,36,88,4
2679908.0,0,0,36,88,4
2679908.0,0,0,36,84,8
2679973.0,0,0,36,84,8
2679973.0,0,0,36,80,12
2679979.0,0,0,36,84,8
2680047.0,0,0,36,84,8
2680047.0,0,0,36,82,10
2680049.0,0,0,36,82,10
2680049.0,0,0,36,78,14
2680074.0,0,0,36,78,14
2680074.0,0,0,36,76,16
2680087.0,0,0,36,76,16
2680108.0,0,0,36,78,14
2680146.0,6,0,30,78,14
2680218.0,6,0,30,82,10
2680222.0,6,0,30,82,10
2680222.0,6,0,30,78,14
2680238.0,7,0,29,78,14
2680261.0,7,0,29,78,14
2680261.0,7,0,29,46,46
2680281.0,7,0,29,46,46
2680296.0,7,0,29,46,46
2680296.0,7,0,29,44,48
2680332.0,7,0,29,48,44
2680339.0,7,0,29,52,40
2680340.0,7,0,29,54,38
2680350.0,7,0,29,54,38
2680384.0,7,0,29,56,36
2680462.0,7,0,29,56,36
2680462.0,7,0,29,55,37
2680500.0,7,0,29,56,36
2680517.0,7,0,29,56,36
2680517.0,7,0,29,55,37
2680535.0,7,0,29,56,36
2680537.0,7,0,29,56,36
2680538.0,36,0,0,56,36
2680540.0,36,0,0,56,36
2680540.0,36,0,0,52,40
2680551.0,36,0,0,84,8
2680561.0,36,0,0,84,8
2680561.0,36,0,0,82,10
2680640.0,36,0,0,86,6
2680642.0,36,0,0,88,4
2680651.0,36,0,0,88,4
2680704.0,36,0,0,88,4
2680744.0,36,0,0,88,4
2681050.0,36,0,0,88,4
2681050.0,36,0,0,84,8
2681056.0,36,0,0,84,8
2681056.0,36,0,0,68,24
2681115.0,36,0,0,72,20
2681141.0,36,0,0,88,4
2681181.0,36,0,0,88,4
2681212.0,36,0,0,88,4
2681212.0,36,0,0,80,12
2681242.0,36,0,0,88,4
2681259.0,36,0,0,88,4
2681283.0,36,0,0,88,4
2681283.0,36,0,0,80,12
2681316.0,36,0,0,88,4
2681322.0,36,0,0,88,4
2681322.0,36,0,0,80,12
2681393.0,36,0,0,80,12
2681393.0,36,0,0,72,20
2681429.0,36,0,0,80,12
2681441.0,36,0,0,80,12
2681441.0,36,0,0,79,13
2681445.0,36,0,0,79,13
2681456.0,36,0,0,80,12
2681473.0,36,0,0,80,12
2681473.0,36,0,0,72,20
2681514.0,36,0,0,80,12
2681519.0,36,0,0,80,12
2681519.0,36,0,0,79,13
2681526.0,36,0,0,79,13
2681526.0,36,0,0,71,21
2681536.0,36,0,0,71,21
2681544.0,36,0,0,72,20
2681603.0,36,0,0,80,12
2681614.0,36,0,0,88,4
2681648.0,36,0,0,88,4
2681648.0,36,0,0,56,36
2681664.0,36,0,0,56,36
2681664.0,36,0,0,52,40
2681672.0,36,0,0,52,40
2681672.0,36,0,0,44,48
2681725.0,36,0,0,52,40
2681732.0,36,0,0,56,36
2681792.0,36,0,0,60,32
2681839.0,36,0,0,60,32
2681839.0,0,36,0,60,32
2681856.0,0,36,0,92,0
2681957.0,0,36,0,92,0
2681957.0,0,36,0,91,1
2681965.0,0,36,0,91,1
2681965.0,0,36,0,59,33
2681997.0,0,36,0,59,33
2681998.0,0,36,0,60,32
2682056.0,0,36,0,60,32
2682056.0,0,36,0,59,33
2682108.0,0,36,0,60,32
2682116.0,0,36,0,60,32
2682116.0,0,36,0,56,36
2682134.0,0,36,0,88,4
2682138.0,0,36,0,88,4
2682138.0,0,36,0,86,6
2682201.0,0,36,0,86,6
2682201.0,0,36,0,78,14
2682279.0,0,36,0,86,6
2682446.0,0,36,0,86,6
2682446.0,0,36,0,78,14
2682522.0,0,36,0,78,14
2682568.0,0,36,0,86,6
2682585.0,0,36,0,86,6
2682585.0,0,36,0,78,14
2682679.0,0,36,0,78,14
2682716.0,0,36,0,86,6
2682881.0,0,36,0,86,6
2682881.0,0,36,0,78,14
2682896.0,0,36,0,86,6
2682897.0,0,36,0,86,6
2682897.0,0,36,0,78,14
2682938.0,0,36,0,78,14
2682938.0,0,36,0,76,16
2682980.0,0,36,0,78,14
2683024.0,0,36,0,86,6
2683032.0,0,36,0,86,6
2683040.0,0,36,0,86,6
2683111.0,0,36,0,86,6
2683111.0,0,36,0,54,38
2683131.0,0,36,0,86,6
2683240.0,0,36,0,86,6
2683240.0,0,36,0,84,8
2683251.0,0,36,0,84,8
2683280.0,0,36,0,86,6
2683574.0,0,36,0,86,6
2683574.0,0,36,0,84,8
2683639.0,0,0,0,120,8
2683639.0,0,0,0,56,72
2683641.0,0,0,0,58,70
2683841.0,0,0,0,58,70
2683942.0,0,0,0,58,70
2684031.0,0,0,0,58,70
2684031.0,0,0,0,50,78
2684245.0,0,0,0,50,78
2684245.0,0,0,0,48,80
2684290.0,0,0,0,50,78
2684303.0,0,0,0,50,78
2684406.0,0,0,0,58,70
2684433.0,0,0,0,58,70
2684433.0,0,0,0,50,78
2684461.0,0,0,0,50,78
2684461.0,0,0,0,48,80
2684493.0,0,0,0,48,80
2684493.0,0,0,0,32,96
2684513.0,0,0,0,34,94
2684521.0,0,0,0,50,78
2684556.0,0,0,0,50,78
2684629.0,0,0,0,58,70
2684646.0,0,0,0,58,70
2684646.0,0,0,0,50,78
2684698.0,0,0,0,50,78
2684768.0,0,0,0,50,78
2684768.0,0,0,0,48,80
2684778.0,0,0,0,48,80
2684778.0,0,0,0,32,96
2684834.0,0,0,0,32,96
2684849.0,0,0,0,32,96
2684849.0,0,0,0,0,128
2684851.0,0,0,0,2,126
2684947.0,0,0,0,10,118
2684987.0,0,0,0,42,86
2685024.0,0,0,0,42,86
2685024.0,0,0,0,41,87
2685044.0,0,0,0,42,86
2685064.0,0,0,0,42,86
2685064.0,0,0,0,40,88
2685068.0,0,0,0,40,88
2685068.0,0,0,0,8,120
2685146.0,0,0,0,10,118
2685165.0,0,0,0,26,102
2685211.0,0,0,0,26,102
2685211.0,0,0,0,18,110
2685219.0,0,0,0,50,78
2685254.0,0,0,0,58,70
2685288.0,0,0,0,58,70
2685288.0,0,0,0,50,78
2685294.0,0,0,0,50,78
2685294.0,0,0,0,34,94
2685326.0,0,0,0,50,78
2685331.0,0,0,0,54,74
2685333.0,0,0,0,56,72
2685416.0,0,0,0,56,72
2685543.0,0,0,0,56,72
2685543.0,0,0,0,54,74
2685564.0,0,0,0,56,72
2685596.0,0,0,0,56,72
2685621.0,0,0,0,56,72
2685621.0,0,0,0,54,74
2685642.0,0,0,0,56,72
2685699.0,0,0,0,56,72
2685699.0,0,0,0,40,88
2685710.0,0,0,0,56,72
2685724.0,0,0,0,56,72
2685768.0,0,0,0,56,72
2685768.0,0,0,0,40,88
2685780.0,0,0,0,56,72
2685811.0,0,0,0,56,72
2685811.0,0,0,0,54,74
2685831.0,0,0,0,54,74
2685832.0,0,0,0,56,72
2685861.0,0,0,0,56,72
2685861.0,0,0,0,40,88
2685863.0,0,0,0,56,72
2685873.0,0,0,0,56,72
2685873.0,0,0,0,40,88
2685874.0,0,0,0,40,88
2685874.0,0,0,0,8,120
2685893.0,0,0,0,24,104
2685915.0,0,0,0,24,104
2685915.0,0,0,0,16,112
2686019.0,0,0,0,16,112
2686027.0,0,0,0,16,112
2686131.0,0,0,0,16,112
2686131.0,0,0,0,14,114
2686160.0,0,0,0,16,112
2686161.0,0,0,0,16,112
2686161.0,0,0,0,0,128
2686218.0,0,0,0,16,112
2686273.0,0,0,0,80,48
2686273.0,0,0,0,46,82
2686311.0,0,0,0,48,80
2686352.0,0,0,0,48,80
2686352.0,0,0,0,32,96
2686373.0,0,0,0,48,80
2686387.0,0,0,0,48,80
2686387.0,0,0,0,32,96
2686411.0,0,0,0,48,80
2686420.0,0,0,0,48,80
2686420.0,0,0,0,16,112
2686456.0,0,0,0,48,80
2686487.0,0,0,0,48,80
2686487.0,0,0,0,16,112
2686525.0,0,0,0,48,80
2686544.0,0,0,0,80,48
2686559.0,0,0,0,80,48
2686559.0,0,0,0,48,80
2686601.0,0,0,0,80,48
2686637.0,0,0,0,80,48
2686637.0,0,0,0,48,80
2686655.0,0,0,0,48,80
2686655.0,0,0,0,32,96
2686687.0,0,0,0,64,64
2686785.0,0,0,0,64,64
2686785.0,0,0,0,32,96
2686793.0,0,0,0,64,64
2686809.0,0,0,0,80,48
2686823.0,0,0,0,80,48
2686823.0,0,0,0,48,80
2686885.0,0,0,0,48,80
2686885.0,0,0,0,47,81
2686891.0,0,0,0,79,49
2686975.0,0,0,0,79,49
2686975.0,0,0,0,15,113
2686978.0,0,0,0,16,112
2687015.0,0,0,0,16,112
2687015.0,0,0,0,15,113
2687046.0,0,0,0,16,112
2687056.0,0,0,0,16,112
2687056.0,0,0,0,12,116
2687057.0,0,0,0,76,52
2687086.0,0,0,0,76,52
2687086.0,0,0,0,74,54
2687101.0,0,0,0,74,54
2687101.0,0,0,0,42,86
2687106.0,0,0,0,42,86
2687511.0,0,0,0,50,78
2687551.0,0,0,0,50,78
2687558.0,0,0,0,50,78
2687558.0,0,0,0,42,86
2687620.0,0,0,0,50,78
2687647.0,0,0,0,50,78
2687687.0,0,0,0,50,78
2687687.0,0,0,0,42,86
2687744.0,0,0,0,50,78
2687846.0,0,0,0,50,78
2687865.0,0,0,0,50,78
2687866.0,0,0,0,82,46
2687919.0,0,0,0,82,46
2687964.0,0,0,0,82,46
2687964.0,0,0,0,80,48
2687985.0,0,0,0,82,46
2688025.0,0,0,0,82,46
2688025.0,0,0,0,80,48
2688026.0,0,0,0,80,48
2688033.0,0,0,0,80,48
2688101.0,0,0,0,80,48
2688101.0,0,0,0,79,49
2688103.0,0,0,0,79,49
2688103.0,0,0,0,63,65
2688264.0,0,0,0,79,49
2688302.0,0,0,0,81,47
2688410.0,0,0,0,81,47
2688453.0,0,0,0,81,47
2688453.0,0,0,0,73,55
2688495.0,0,0,0,81,47
2688563.0,0,0,0,81,47
2688593.0,0,0,0,81,47
2688747.0,0,0,0,81,47
2688747.0,0,0,0,17,111
2688779.0,0,0,0,81,47
2688788.0,0,0,0,81,47
2688788.0,0,0,0,17,111
2688828.0,0,0,0,17,111
2688828.0,0,0,0,15,113
2688832.0,0,0,0,79,49
2688918.0,0,0,0,79,49
2688937.0,0,0,0,81,47
2688973.0,0,0,0,81,47
2689051.0,0,0,0,81,47
2689051.0,0,0,0,49,79
2689091.0,0,0,0,81,47
2689103.0,0,0,0,81,47
2689103.0,0,0,0,80,48
2689111.0,0,0,0,80,48
2689133.0,0,0,0,86,42
2689156.0,0,0,0,86,42
2689206.0,0,0,0,87,41
2689225.0,0,0,0,87,41
2689244.0,0,0,0,87,41
2689301.0,0,0,0,87,41
2689326.0,0,0,0,87,41
2689326.0,0,0,0,85,43
2689381.0,0,0,0,87,41
2689387.0,0,0,0,87,41
2689466.0,0,0,0,87,41
2689466.0,0,0,0,86,42
2689476.0,0,0,0,86,42
2689476.0,0,0,0,70,58
2689493.0,0,0,0,70,58
2689548.0,0,0,0,71,57
2689591.0,0,0,0,71,57
2689592.0,0,0,0,87,41
2689614.0,0,0,0,87,41
2689614.0,0,0,0,71,57
2689654.0,0,0,0,71,57
2689654.0,0,0,0,63,65
2689690.0,0,0,0,79,49
2689701.0,0,0,0,79,49
2689701.0,0,0,0,77,51
2689708.0,0,0,0,77,51
2689708.0,0,0,0,61,67
2689757.0,0,0,0,61,67
2689831.0,0,0,0,77,51
2689843.0,0,0,0,77,51
2689843.0,0,0,0,61,67
2689901.0,0,0,0,77,51
2689918.0,0,0,0,77,51
2689918.0,0,0,0,61,67
2689940.0,0,0,0,63,65
2690043.0,0,0,0,79,49
2690045.0,0,0,0,79,49
2690045.0,0,0,0,77,51
2690080.0,0,0,0,77,51
2690080.0,0,0,0,76,52
2690085.0,0,0,0,78,50
2690119.0,0,0,0,79,49
2690131.0,0,0,0,79,49
2690131.0,0,0,0,78,50
2690150.0,0,0,0,79,49
2690157.0,0,0,0,79,49
2690157.0,0,0,0,75,53
2690178.0,0,0,0,75,53
2690178.0,0,0,0,73,55
2690211.0,0,0,0,73,55
2690272.0,0,0,0,81,47
2690324.0,0,0,0,81,47
2690324.0,0,0,0,79,49
2690384.0,0,0,0,79,49
2690384.0,0,0,0,71,57
2690422.0,0,0,0,79,49
2690473.0,0,0,0,79,49
2690473.0,0,0,0,71,57
2690482.0,0,0,0,79,49
2690544.0,0,0,0,81,47
2690545.0,0,0,0,81,47
2690545.0,0,0,0,79,49
2690572.0,0,0,0,81,47
2690573.0,0,0,0,81,47
2690573.0,0,0,0,73,55
2690611.0,0,0,0,73,55
2690611.0,0,0,0,71,57
2690689.0,0,0,0,79,49
2690804.0,0,0,0,79,49
2690804.0,0,0,0,71,57
2690829.0,0,0,0,73,55
2690883.0,0,0,0,73,55
2690883.0,0,0,0,71,57
2690964.0,0,0,0,71,57
2691161.0,0,0,0,79,49
2691178.0,0,0,0,83,45
2691181.0,0,0,0,85,43
2691385.0,0,0,0,85,43
2691385.0,0,0,0,77,51
2691400.0,0,0,0,109,19
2691403.0,0,0,0,117,11
2691479.0,0,0,0,117,11
2691524.0,0,0,0,125,3
2691532.0,0,0,0,125,3
2691536.0,0,0,0,125,3
2691536.0,0,0,0,117,11
2691579.0,0,0,0,117,11
2691579.0,0,0,0,116,12
2691596.0,0,0,0,117,11
2691605.0,0,0,0,125,3
2691628.0,0,0,0,127,1
2691636.0,0,0,0,127,1
2691636.0,0,0,0,111,17
2691682.0,0,0,0,111,17
2691682.0,0,0,0,109,19
2691704.0,0,0,0,109,19
2691704.0,0,0,0,108,20
2691711.0,0,0,0,110,18
2691743.0,0,0,0,110,18
2691743.0,0,0,0,108,20
2691785.0,0,0,0,108,20
2691785.0,0,0,0,100,28
2691791.0,0,0,0,100,28
2691814.0,0,0,0,108,20
2691868.0,0,0,0,108,20
2691868.0,0,0,0,100,28
2691873.0,0,0,0,102,26
2691896.0,0,0,0,110,18
2691919.0,0,0,0,110,18
2691919.0,0,0,0,108,20
2691933.0,0,0,0,108,20
2691933.0,0,0,0,100,28
2691947.0,0,0,0,102,26
2691962.0,0,0,0,110,18
2692038.0,0,0,0,110,18
2692038.0,0,0,0,108,20
2692115.0,0,0,0,110,18
2692292.0,0,0,0,110,18
2692320.0,0,0,0,126,2
2692336.0,0,0,0,126,2
2692336.0,0,0,0,124,4
2692379.0,0,0,0,126,2
2692390.0,0,0,0,126,2
2692531.0,0,0,0,126,2
2692601.0,0,0,0,126,2
2692743.0,0,0,0,126,2
2692822.0,0,0,0,126,2
2692822.0,0,0,0,124,4
2692972.0,0,0,0,124,4
2693080.0,0,0,0,126,2
2693116.0,0,0,0,127,1
2693122.0,0,0,0,127,1
2693124.0,0,0,0,127,1
2693124.0,0,0,0,125,3
2693131.0,0,0,0,125,3
2693131.0,0,0,0,124,4
2693182.0,0,0,0,124,4
2693204.0,0,0,0,125,3
2693205.0,0,0,0,127,1
2693206.0,0,0,0,127,1
2693206.0,0,0,0,126,2
2693247.0,0,0,0,126,2
2693247.0,0,0,0,124,4
2693251.0,0,0,0,124,4
2693251.0,0,0,0,60,68
2693299.0,0,0,0,62,66
2693320.0,0,0,0,62,66
2693320.0,0,0,0,60,68
2693336.0,0,0,0,62,66
2693365.0,0,0,0,62,66
2693365.0,0,0,0,60,68
2693389.0,0,0,0,60,68
2693426.0,0,0,0,124,4
2693439.0,0,0,0,126,2
2693464.0,0,0,0,126,2
2693464.0,0,0,0,124,4
2693486.0,0,0,0,125,3
2693509.0,0,0,0,127,1
2693529.0,0,0,0,127,1
2693529.0,0,0,0,126,2
2693607.0,0,0,0,126,2
2693607.0,0,0,0,124,4
2693650.0,0,0,0,126,2
2693672.0,0,0,0,128,0
2693861.0,0,0,0,128,0
2694088.0,0,0,0,128,0
2694088.0,0,0,0,120,8
2694248.0,0,0,0,120,8
2694248.0,0,0,0,112,16
2694305.0,0,0,0,112,16
2694328.0,0,0,0,112,16
2694411.0,0,0,0,112,16
2694450.0,0,0,0,112,16
2694450.0,0,0,0,104,24
2694479.0,0,0,0,104,24
2694479.0,0,0,0,103,25
2694514.0,0,0,0,103,25
2694596.0,0,0,0,103,25
2694643.0,0,0,0,103,25
2694643.0,0,0,0,87,41
2694647.0,0,0,0,87,41
2694662.0,0,0,0,87,41
2694696.0,0,0,0,87,41
2694696.0,0,0,0,71,57
2694768.0,0,0,0,71,57
2694768.0,0,0,0,55,73
2694815.0,0,0,0,55,73
2695020.0,0,0,0,55,73
2695061.0,0,0,0,63,65
2695067.0,0,0,0,71,57
2695090.0,0,0,0,71,57
2695090.0,0,0,0,63,65
2695128.0,0,0,0,79,49
2695142.0,0,0,0,95,33
2695165.0,0,0,0,95,33
2695165.0,0,0,0,79,49
2695168.0,0,0,0,95,33
2695194.0,0,0,0,95,33
2695194.0,0,0,0,79,49
2695197.0,0,0,0,95,33
2695225.0,0,0,0,95,33
2695225.0,0,0,0,91,37
2695237.0,0,0,0,91,37
2695237.0,0,0,0,75,53
2695240.0,0,0,0,91,37
2695448.0,0,0,0,91,37
2695448.0,0,0,0,75,53
2695451.0,0,0,0,91,37
2695578.0,0,0,0,91,37
2695578.0,0,0,0,75,53
2695581.0,0,0,0,91,37
2695704.0,0,0,0,91,37
2695704.0,0,0,0,75,53
2695705.0,0,0,0,128,0
2696126.0,0,0,0,128,0
2696741.0,0,0,0,128,0
2696741.0,0,0,0,112,16
2696746.0,0,0,0,112,16
2696746.0,0,0,0,96,32
2696791.0,0,0,0,112,16
2696823.0,0,0,0,112,16
2696823.0,0,0,0,96,32
2696885.0,0,0,0,112,16
2696927.0,0,0,0,128,0
2697128.0,0,0,0,128,0
2697128.0,0,0,0,127,1
2697210.0,0,0,0,128,0
2697281.0,0,0,0,128,0
2697281.0,0,0,0,127,1
2697361.0,0,0,0,128,0
2697688.0,0,0,0,128,0
2697688.0,0,0,0,127,1
2697691.0,0,0,0,128,0
2697703.0,0,0,0,128,0
2697703.0,0,0,0,64,64
2697761.0,0,0,0,64,64
2697777.0,0,0,0,64,64
2697777.0,0,0,0,63,65
2697805.0,0,0,0,64,64
2697828.0,0,0,0,64,64
2697842.0,0,0,0,64,64
2697864.0,0,0,0,128,0
2697868.0,0,0,0,128,0
2697897.0,0,0,0,128,0
2697940.0,0,0,0,128,0
2697963.0,0,0,0,128,0
2697963.0,0,0,0,64,64
2698028.0,0,0,0,64,64
2698028.0,0,0,0,63,65
2698076.0,0,0,0,64,64
2698123.0,0,0,0,128,0
2698151.0,0,0,0,128,0
2698166.0,0,0,0,128,0
2698166.0,0,0,0,127,1
2698210.0,0,0,0,128,0
2698234.0,0,0,0,128,0
2698234.0,0,0,0,127,1
2698283.0,0,0,0,128,0
2698317.0,0,0,0,128,0
2698317.0,0,0,0,127,1
2698396.0,0,0,0,128,0
2698405.0,0,0,0,128,0
2698432.0,0,0,0,128,0
2698432.0,0,0,0,127,1
2698502.0,0,0,0,128,0
2698880.0,0,0,0,128,0
2698880.0,0,0,0,126,2
2698927.0,0,0,0,128,0
2698975.0,0,0,0,128,0
2698975.0,0,0,0,127,1
2698995.0,0,0,0,128,0
2699032.0,0,0,0,128,0
2699032.0,0,0,0,127,1
2699082.0,0,0,0,127,1
2699082.0,0,0,0,126,2
2699106.0,0,0,0,127,1
2699110.0,0,0,0,127,1
2699110.0,0,0,0,111,17
2699128.0,0,0,0,112,16
2699140.0,0,0,0,112,16
2699140.0,0,0,0,108,20
2699161.0,0,0,0,108,20
2699161.0,0,0,0,106,22
2699288.0,0,0,0,106,22
2699288.0,0,0,0,74,54
2699312.0,0,0,0,74,54
2699312.0,0,0,0,66,62
2700155.0,0,0,0,66,62
2700155.0,0,0,0,65,63
2700203.0,0,0,0,69,59
2700206.0,0,0,0,71,57
2700240.0,0,0,0,72,56
2700340.0,0,0,0,72,56
2700340.0,0,0,0,71,57
2700423.0,0,0,0,72,56
2700452.0,0,0,0,72,56
2700452.0,0,0,0,70,58
2700505.0,0,0,0,72,56
2700524.0,0,0,0,72,56
2700524.0,0,0,0,71,57
2700564.0,0,0,0,71,57
2700574.0,0,0,0,71,57
2700574.0,0,0,0,69,59
2700632.0,0,0,0,71,57
2700642.0,0,0,0,72,56
2700665.0,0,0,0,72,56
2700665.0,0,0,0,71,57
2700700.0,0,0,0,71,57
2700700.0,0,0,0,69,59
2700757.0,0,0,0,70,58
2700771.0,0,0,0,72,56
2700776.0,0,0,0,72,56
2700783.0,0,0,0,72,56
2700783.0,0,0,0,71,57
2700805.0,0,0,0,72,56
2700812.0,0,0,0,72,56
2700812.0,0,0,0,68,60
2700820.0,0,0,0,84,44
2700823.0,0,0,0,84,44
2700823.0,0,0,42,42,44
2700824.0,0,0,42,42,44
2700824.0,0,0,42,26,60
2700834.0,0,0,42,26,60
2700834.0,0,0,42,24,62
2700835.0,0,0,42,24,62
2700835.0,0,0,42,22,64
2700898.0,0,0,42,24,62
2700910.0,0,0,42,24,62
2700925.0,0,0,42,24,62
2700925.0,0,0,42,23,63
2700938.0,0,0,42,24,62
2700951.0,0,0,42,40,46
2700964.0,0,0,42,40,46
2700964.0,0,0,42,24,62
2701002.0,0,0,42,24,62
2701002.0,0,0,42,22,64
2701021.0,0,0,42,24,62
2701051.0,0,0,42,24,62
2701051.0,0,0,42,20,66
2701057.0,0,0,42,24,62
2701087.0,0,0,42,24,62
2701087.0,0,0,42,16,70
2701096.0,0,0,42,24,62
2701155.0,0,0,42,24,62
2701155.0,0,0,42,23,63
2701159.0,0,0,42,23,63
2701159.0,0,0,42,19,67
2701177.0,0,0,42,20,66
2701217.0,0,0,42,24,62
2702889.0,0,0,42,28,58
2702893.0,0,0,42,30,56
2703081.0,0,0,42,30,56
2703081.0,0,0,42,29,57
2703119.0,0,0,42,30,56
2703123.0,0,0,42,30,56
2703142.0,0,0,42,30,56
2703142.0,0,0,42,26,60
2703205.0,0,0,42,26,60
2703273.0,0,0,42,30,56
2703332.0,0,0,42,30,56
2703342.0,0,0,42,30,56
2703492.0,0,0,42,30,56
2703492.0,0,0,42,26,60
2703520.0,0,0,42,26,60
2703523.0,42,0,0,26,60
2703533.0,42,0,0,26,60
2703533.0,42,0,0,25,61
2703598.0,42,0,0,25,61
2703651.0,42,0,0,25,61
2703660.0,42,0,0,26,60
2703721.0,42,0,0,26,60
2703738.0,42,0,0,30,56
2703757.0,42,0,0,30,56
2703757.0,42,0,1,29,56
2703781.0,42,0,1,29,56
2703781.0,42,0,1,21,64
2703796.0,42,0,1,21,64
2703877.0,42,0,1,21,64
2703877.0,42,0,2,20,64
2703917.0,42,0,2,20,64
2703917.0,42,0,6,16,64
2704214.0,42,0,6,24,56
2704409.0,42,0,6,24,56
2704409.0,42,0,6,16,64
2704768.0,42,0,6,24,56
2705589.0,42,0,6,24,56
2705973.0,42,0,6,24,56
2705973.0,42,0,9,21,56
2706360.0,42,0,9,21,56
2706360.0,42,0,10,20,56
2706438.0,42,0,10,20,56
2706438.0,42,0,14,16,56
2706457.0,43,0,13,16,56
2706577.0,44,0,12,16,56
2706617.0,48,0,8,16,56
2706914.0,48,0,8,16,56
2706914.0,48,0,16,8,56
2707468.0,48,0,16,8,56
2707468.0,48,0,24,0,56
2708061.0,48,0,24,0,56
2708223.0,48,0,24,40,16
2708223.0,0,48,24,40,16
2708227.0,0,48,24,56,0
2708236.0,0,48,24,56,0
2708673.0,3,48,21,56,0
2709060.0,4,48,20,56,0
2709138.0,8,48,16,56,0
2709614.0,16,48,8,56,0
2710023.0,16,0,8,104,0
2710023.0,16,0,8,40,64
2710168.0,24,0,0,40,64
2710180.0,24,0,0,104,0
2710180.0,0,24,0,104,0
2710923.0,0,24,0,104,0
2711980.0,0,0,0,128,0
2711980.0,0,0,0,0,128
2712077.0,0,0,0,128,0
2714777.0,0,0,0,128,0
2714777.0,0,0,128,0,0
2717477.0,128,0,0,0,0
2731473.0,128,0,0,0,0
2731473.0,0,128,0,0,0
2732573.0,0,128,0,0,0
2732790.0,0,128,0,0,0
2733273.0,0,0,0,128,0
2733273.0,0,0,0,0,128
2733344.0,0,0,0,128,0
2733344.0,0,0,0,126,2
2733401.0,0,0,0,126,2
2733401.0,0,0,0,118,10
2733426.0,0,0,0,119,9
2733444.0,0,0,0,119,9
2733444.0,0,0,0,118,10
2733536.0,0,0,0,119,9
2733579.0,0,0,0,120,8
2733699.0,0,0,0,120,8
2733699.0,0,0,0,119,9
2733839.0,0,0,0,120,8
2733880.0,0,0,0,128,0
2734596.0,0,0,0,128,0
2734596.0,0,0,0,127,1
2734679.0,0,0,0,128,0
2736044.0,0,0,0,128,0
2736044.0,0,0,115,13,0
2736126.0,0,0,115,13,0
2736126.0,0,0,116,12,0
2736236.0,0,0,116,12,0
2736236.0,0,0,117,11,0
2736279.0,0,0,117,11,0
2736279.0,0,0,118,10,0
2736539.0,0,0,118,10,0
2736539.0,0,0,119,9,0
2736580.0,0,0,119,9,0
2736580.0,0,0,127,1,0
2737379.0,0,0,127,1,0
2737379.0,0,0,128,0,0
2738176.0,0,0,128,0,0
2738624.0,0,0,128,0,0
2738744.0,115,0,13,0,0
2738826.0,116,0,12,0,0
2738936.0,117,0,11,0,0
2738979.0,118,0,10,0,0
2739078.0,118,0,10,0,0
2739239.0,119,0,9,0,0
2739280.0,127,0,1,0,0
2739497.0,127,0,1,0,0
2740079.0,128,0,0,0,0
2740079.0,0,128,0,0,0
2740080.0,0,128,0,0,0
2741406.0,0,128,0,0,0
2741608.0,0,128,0,0,0
2741879.0,0,0,0,128,0
2741879.0,0,0,0,0,128
2742307.0,0,0,0,128,0
2742307.0,0,0,0,0,128
2742573.0,0,0,0,0,128
2742746.0,0,0,0,128,0
2742746.0,0,0,0,0,128
2743098.0,0,0,0,128,0
2743098.0,0,0,0,0,128
2743650.0,0,0,0,128,0
2743650.0,0,0,0,0,128
2743939.0,0,0,0,128,0
2743939.0,0,0,0,0,128
2744045.0,0,0,0,0,128
2744055.0,0,0,0,128,0
2744055.0,0,0,0,0,128
2744176.0,0,0,0,128,0
2744176.0,0,0,0,124,4
2744249.0,0,0,0,126,2
2744334.0,0,0,0,128,0
2744401.0,0,0,0,128,0
2744401.0,0,0,0,126,2
2744435.0,0,0,0,128,0
2744639.0,0,0,0,128,0
2744639.0,0,0,0,126,2
2744739.0,0,0,0,128,0
2744813.0,0,0,0,128,0
2744813.0,0,0,0,126,2
2744846.0,0,0,0,128,0
2744911.0,0,0,0,128,0
2744911.0,0,0,0,126,2
2744945.0,0,0,0,128,0
2745033.0,0,0,0,128,0
2745033.0,0,0,0,126,2
2745133.0,0,0,0,128,0
2745320.0,0,0,0,128,0
2745320.0,0,0,0,126,2
2745326.0,0,0,0,128,0
2745346.0,0,0,0,128,0
2745346.0,0,0,0,126,2
2745406.0,0,0,0,128,0
2745500.0,0,0,0,128,0
2745500.0,0,0,0,126,2
2745599.0,0,0,0,128,0
2746104.0,0,0,0,128,0
2746104.0,0,0,0,126,2
2746207.0,0,0,0,128,0
2746246.0,0,0,0,128,0
2746246.0,0,0,0,126,2
2746304.0,0,0,0,128,0
2746770.0,0,0,0,128,0
2746770.0,0,0,0,126,2
2746803.0,0,0,0,128,0
2746876.0,0,0,0,128,0
2746876.0,0,0,102,26,0
2746945.0,0,0,102,26,0
2746945.0,0,0,102,24,2
2746949.0,0,0,102,24,2
2747034.0,0,0,102,24,2
2747034.0,0,0,104,22,2
2747053.0,0,0,104,24,0
2747102.0,0,0,104,24,0
2747102.0,0,0,104,16,8
2747105.0,0,0,104,24,0
2747135.0,0,0,104,24,0
2747198.0,0,0,104,24,0
2747198.0,0,0,104,22,2
2747225.0,0,0,104,24,0
2747521.0,0,0,104,24,0
2747521.0,0,0,104,22,2
2747647.0,0,0,104,24,0
2747694.0,0,0,104,24,0
2747694.0,0,0,104,22,2
2747754.0,0,0,104,24,0
2747760.0,0,0,104,24,0
2747760.0,0,0,104,16,8
2747765.0,0,0,104,24,0
2747833.0,0,0,104,24,0
2748026.0,0,0,104,24,0
2748106.0,0,0,104,24,0
2748299.0,0,0,104,24,0
2748300.0,0,0,104,24,0
2748300.0,0,0,104,16,8
2748305.0,0,0,104,24,0
2748325.0,0,0,104,24,0
2749004.0,0,0,104,24,0
2749180.0,0,0,104,24,0
2749424.0,0,0,104,24,0
2749576.0,102,0,2,24,0
2749734.0,104,0,0,24,0
2749734.0,0,104,0,24,0
2749753.0,0,104,0,24,0
2749805.0,0,104,0,24,0
2749844.0,0,104,0,24,0
2749950.0,0,104,0,24,0
2749973.0,0,104,0,24,0
2750008.0,0,104,0,24,0
2750042.0,0,104,0,24,0
2750134.0,0,104,0,24,0
2750201.0,0,104,0,24,0
2750375.0,0,104,0,24,0
2750383.0,0,104,0,24,0
2750979.0,0,104,0,24,0
2751344.0,0,104,0,24,0
2751488.0,0,104,0,24,0
2751534.0,0,0,0,128,0
2751534.0,0,0,0,0,128
2751585.0,0,0,0,0,128
2751634.0,0,0,0,0,128
2751830.0,0,0,0,0,128
2751855.0,0,0,0,0,128
2751958.0,0,0,0,0,128
2752121.0,0,0,0,0,128
2752200.0,0,0,0,128,0
2752200.0,0,0,0,0,128
2752257.0,0,0,0,0,128
2752366.0,0,0,0,128,0
2752366.0,0,0,0,0,128
2752483.0,0,0,0,0,128
2752518.0,0,0,0,0,128
2752566.0,0,0,0,0,128
2752593.0,0,0,0,128,0
2752593.0,0,0,0,0,128
2752677.0,0,0,0,0,128
2752749.0,0,0,0,0,128
2752774.0,0,0,0,0,128
2752867.0,0,0,0,0,128
2752873.0,0,0,0,0,128
2752931.0,0,0,0,128,0
2752931.0,0,0,0,3,125
2752940.0,0,0,0,4,124
2752940.0,0,0,0,0,128
2752946.0,0,0,0,1,127
2752949.0,0,0,0,3,125
2752951.0,0,0,0,3,125
2752954.0,0,0,0,7,121
2752956.0,0,0,0,12,116
2752956.0,0,0,0,4,124
2752980.0,0,0,0,16,112
2752982.0,0,0,0,16,112
2752991.0,0,0,0,18,110
2752998.0,0,0,0,20,108
2753005.0,0,0,0,22,106
2753010.0,0,0,0,30,98
2753017.0,0,0,0,32,96
2753017.0,0,0,0,0,128
2753020.0,0,0,0,2,126
2753020.0,0,0,0,0,128
2753028.0,0,0,0,2,126
2753028.0,0,0,0,0,128
2753033.0,0,0,0,2,126
2753033.0,0,0,0,0,128
2753044.0,0,0,0,2,126
2753077.0,0,0,0,2,126
2753122.0,0,0,0,4,124
2753146.0,0,0,0,4,124
2753149.0,0,0,0,36,92
2753149.0,0,0,0,4,124
2753207.0,0,0,0,6,122
2753213.0,0,0,0,6,122
2753224.0,0,0,0,8,120
2753224.0,0,0,0,0,128
2753268.0,0,0,0,8,120
2753428.0,0,0,0,8,120
2753437.0,0,0,0,8,120
2753437.0,0,0,0,0,128
2753523.0,0,0,0,0,128
2753592.0,0,0,0,0,128
2753629.0,0,0,0,8,120
2753629.0,0,0,0,6,122
2753775.0,0,0,0,8,120
2753777.0,0,0,0,8,120
2753777.0,0,0,0,0,128
2753824.0,0,0,0,0,128
2753840.0,0,0,0,8,120
2753870.0,0,0,0,8,120
2754230.0,0,0,0,8,120
2754230.0,0,0,0,6,122
2754382.0,0,0,0,38,90
2754382.0,0,0,0,6,122
2754392.0,0,0,0,8,120
2754421.0,0,0,0,8,120
2754421.0,0,0,0,0,128
2754453.0,0,0,0,16,112
2754466.0,0,0,0,32,96
2754466.0,0,0,0,0,128
2754504.0,0,0,0,0,128
2754551.0,0,0,0,0,128
2754561.0,0,0,0,8,120
2754561.0,0,0,0,5,123
2754589.0,0,0,0,6,122
2754605.0,0,0,0,6,122
2754611.0,0,0,0,6,122
2754611.0,0,0,0,5,123
2754628.0,0,0,0,7,121
2754642.0,0,0,0,23,105
2754642.0,0,0,0,15,113
2754665.0,0,0,0,16,112
2754679.0,0,0,0,16,112
2754679.0,0,0,0,15,113
2754694.0,0,0,0,16,112
2754700.0,0,0,0,16,112
2754700.0,0,0,0,12,116
2754726.0,0,0,0,12,116
2754726.0,0,0,0,10,118
2754758.0,0,0,0,42,86
2754758.0,0,0,0,10,118
2754783.0,0,0,0,18,110
2754829.0,0,0,0,18,110
2754829.0,0,0,0,10,118
2754952.0,0,0,0,10,118
2754952.0,0,0,0,8,120
2754956.0,0,0,0,10,118
2755024.0,0,0,0,18,110
2755132.0,0,0,0,50,78
2755132.0,0,0,0,18,110
2755156.0,0,0,0,18,110
2755156.0,0,0,0,17,111
2755172.0,0,0,0,18,110
2755278.0,0,0,0,50,78
2755278.0,0,0,0,18,110
2755280.0,0,0,0,18,110
2755280.0,0,0,0,16,112
2755356.0,0,0,0,16,112
2755377.0,0,0,0,18,110
2755400.0,0,0,0,18,110
2755400.0,0,0,0,17,111
2755410.0,0,0,0,17,111
2755410.0,0,0,0,9,119
2755433.0,0,0,0,42,86
2755433.0,0,0,0,10,118
2755530.0,0,0,0,10,118
2755558.0,0,0,0,10,118
2755558.0,0,0,0,2,126
2755631.0,0,0,0,2,126
2755646.0,0,0,0,2,126
2755744.0,0,0,0,2,126
2755814.0,0,0,0,10,118
2755849.0,0,0,0,10,118
2755850.0,0,0,0,10,118
2755889.0,0,0,0,10,118
2755889.0,0,0,0,2,126
2755961.0,0,0,0,10,118
2755968.0,0,0,0,10,118
2755983.0,0,0,0,42,86
2755983.0,0,0,0,10,118
2756007.0,0,0,0,10,118
2756007.0,0,0,0,9,119
2756017.0,0,0,0,17,111
2756017.0,0,0,0,1,127
2756027.0,0,0,0,33,95
2756027.0,0,0,0,1,127
2756050.0,0,0,0,2,126
2756062.0,0,0,0,34,94
2756062.0,0,0,0,2,126
2756293.0,0,0,0,34,94
2756293.0,0,0,0,2,126
2756329.0,0,0,0,2,126
2756360.0,0,0,0,6,122
2756362.0,0,0,0,8,120
2756378.0,0,0,0,40,88
2756540.0,0,0,0,40,88
2757082.0,0,0,0,40,88
2757101.0,0,0,0,40,88
2757101.0,0,0,0,8,120
2757140.0,0,0,0,40,88
2757148.0,0,0,0,40,88
2757148.0,0,0,0,8,120
2757153.0,0,0,0,8,120
2757167.0,0,0,0,8,120
2757167.0,0,0,0,7,121
2757216.0,0,0,0,8,120
2757223.0,0,0,0,40,88
2757236.0,0,0,0,40,88
2757236.0,0,0,0,39,89
2757260.0,0,0,0,55,73
2757261.0,0,0,0,55,73
2757263.0,0,0,0,56,72
2757270.0,0,0,0,56,72
2757270.0,0,0,0,52,76
2757280.0,0,0,0,52,76
2757280.0,0,0,0,20,108
2757293.0,0,0,0,20,108
2757293.0,0,0,0,18,110
2757342.0,0,0,0,18,110
2757370.0,0,0,0,50,78
2757458.0,0,0,0,50,78
2757483.0,0,0,0,50,78
2757496.0,0,0,0,50,78
2757496.0,0,0,0,42,86
2757502.0,0,0,0,42,86
2757502.0,0,0,0,10,118
2757613.0,0,0,0,18,110
2757758.0,0,0,0,18,110
2757758.0,0,0,0,10,118
2757832.0,0,0,0,10,118
2757978.0,0,0,0,10,118
2758023.0,0,0,0,18,110
2758066.0,0,0,0,18,110
2758066.0,0,0,0,2,126
2758133.0,0,0,0,2,126
2758163.0,0,0,0,18,110
2758514.0,0,0,0,18,110
2758557.0,0,0,0,18,110
2758557.0,0,0,0,2,126
2758670.0,0,0,0,18,110
2758683.0,0,0,0,18,110
2758717.0,0,0,0,18,110
2758727.0,0,0,0,18,110
2758762.0,0,0,0,18,110
2758862.0,0,0,0,18,110
2758862.0,0,0,0,17,111
2758954.0,0,0,0,18,110
2758993.0,0,0,0,18,110
2759040.0,0,0,0,22,106
2759041.0,0,0,0,24,104
2759078.0,0,0,0,24,104
2759259.0,0,0,0,24,104
2759480.0,0,0,0,24,104
2759675.0,0,0,0,24,104
2759675.0,0,0,0,19,109
2759779.0,0,0,0,20,108
2759840.0,0,0,0,20,108
2759843.0,0,0,0,24,104
2759912.0,0,0,0,24,104
2759923.0,0,0,0,24,104
2759960.0,0,0,0,24,104
2759967.0,0,0,0,24,104
2759967.0,0,0,0,16,112
2760003.0,0,0,0,16,112
2760026.0,0,0,0,20,108
2760070.0,0,0,0,20,108
2760119.0,0,0,0,24,104
2760388.0,0,0,0,24,104
2760388.0,0,0,0,8,120
2760439.0,0,0,0,8,120
2760513.0,0,0,0,16,112
2760615.0,0,0,0,16,112
2760615.0,0,0,0,4,124
2760630.0,0,0,0,4,124
2760676.0,0,0,0,8,120
2760690.0,0,0,0,8,120
2760690.0,0,0,0,3,125
2760705.0,0,0,0,11,117
2760723.0,0,0,0,11,117
2760778.0,0,0,0,12,116
2760794.0,0,0,0,12,116
2760799.0,0,0,0,16,112
2760800.0,0,0,0,24,104
2760863.0,0,0,0,24,104
2760933.0,0,0,0,56,72
2760933.0,0,0,0,20,108
2760935.0,0,0,0,20,108
2760944.0,0,0,0,20,108
2760991.0,0,0,0,20,108
2760991.0,0,0,0,8,120
2761011.0,0,0,0,12,116
2761117.0,0,0,0,12,116
2761158.0,0,0,0,16,112
2761167.0,0,0,0,48,80
2761167.0,0,0,0,12,116
2761319.0,0,0,0,12,116
2761319.0,0,0,0,11,117
2761370.0,0,0,0,11,117
2761399.0,0,0,0,11,117
2761399.0,0,0,0,7,121
2761441.0,0,0,0,11,117
2761465.0,0,0,0,11,117
2761465.0,0,0,0,10,118
2761474.0,0,0,0,14,114
2761478.0,0,0,0,15,113
2761521.0,0,0,0,16,112
2761529.0,0,0,0,24,104
2761536.0,0,0,0,56,72
2761540.0,0,0,0,56,72
2761540.0,0,0,0,55,73
2761544.0,0,0,0,55,73
2761544.0,0,0,0,51,77
2761563.0,0,0,0,52,76
2761568.0,0,0,0,52,76
2761568.0,0,0,0,48,80
2761593.0,0,0,0,48,80
2761593.0,0,0,0,46,82
2761683.0,0,0,0,52,76
2761773.0,0,0,0,52,76
2761773.0,0,0,0,51,77
2761831.0,0,0,0,51,77
2761831.0,0,0,0,35,93
2761869.0,0,0,0,39,89
2761873.0,0,0,0,39,89
2761873.0,0,0,0,35,93
2761886.0,0,0,0,51,77
2761896.0,0,0,0,52,76
2762094.0,0,0,0,52,76
2762094.0,0,0,0,48,80
2762118.0,0,0,0,48,80
2762118.0,0,0,0,46,82
2762227.0,0,0,0,46,82
2762227.0,0,0,0,38,90
2762257.0,0,0,0,38,90
2762257.0,0,0,0,34,94
2762260.0,0,0,0,42,86
2762284.0,0,0,0,46,82
2762294.0,0,0,0,50,78
2762300.0,0,0,0,50,78
2762300.0,0,0,0,46,82
2762367.0,0,0,0,46,82
2762367.0,0,0,0,42,86
2762390.0,0,0,0,46,82
2762436.0,0,0,0,46,82
2762436.0,0,0,0,14,114
2762472.0,0,0,0,18,110
2762493.0,0,0,0,18,110
2762493.0,0,0,0,14,114
2762573.0,0,0,0,18,110
2762638.0,0,0,0,18,110
2762638.0,0,0,0,17,111
2762706.0,0,0,0,49,79
2762726.0,0,0,0,50,78
2762730.0,0,0,0,50,78
2762730.0,0,0,0,18,110
2762731.0,0,0,0,18,110
2762731.0,0,0,0,14,114
2762863.0,0,0,0,18,110
2762987.0,0,0,0,18,110
2762987.0,0,0,0,17,111
2763028.0,0,0,0,17,111
2763028.0,0,0,0,13,115
2763052.0,0,0,0,17,111
2763059.0,0,0,0,17,111
2763059.0,0,0,0,16,112
2763068.0,0,0,0,17,111
2763098.0,0,0,0,18,110
2763161.0,0,0,0,22,106
2763164.0,0,0,0,24,104
2763177.0,0,0,0,56,72
2763186.0,0,0,0,56,72
2763186.0,0,0,0,55,73
2763213.0,0,0,0,55,73
2763221.0,0,0,0,55,73
2763221.0,0,0,0,39,89
2763225.0,0,0,0,39,89
2763225.0,0,0,0,7,121
2763302.0,0,0,0,8,120
2763307.0,0,0,0,8,120
2763307.0,0,0,0,0,128
2763376.0,0,0,0,0,128
2763460.0,0,0,0,8,120
2763602.0,0,0,0,8,120
2763602.0,0,0,0,0,128
2763633.0,0,0,0,0,128
2763747.0,0,0,0,8,120
2763867.0,0,0,0,8,120
2763980.0,0,0,0,40,88
2764031.0,0,0,0,40,88
2764031.0,0,0,0,36,92
2764038.0,0,0,0,36,92
2764038.0,0,0,0,35,93
2764047.0,0,0,0,35,93
2764047.0,0,0,0,19,109
2764057.0,0,0,0,19,109
2764057.0,0,0,0,18,110
2764074.0,0,0,0,18,110
2764074.0,0,0,0,16,112
2764091.0,0,0,0,17,111
2764106.0,0,0,0,18,110
2764141.0,0,0,0,18,110
2764174.0,0,0,0,18,110
2764231.0,0,0,0,22,106
2764236.0,0,0,0,22,106
2764237.0,0,0,0,38,90
2764266.0,0,0,0,38,90
2764266.0,0,0,0,6,122
2764342.0,0,0,0,22,106
2764366.0,0,0,0,30,98
2764382.0,0,0,0,30,98
2764383.0,0,0,0,30,98
2764412.0,0,0,0,32,96
2764412.0,0,0,0,0,128
2764526.0,0,0,0,0,128
2764548.0,0,0,0,0,128
2764595.0,0,0,0,32,96
2764595.0,0,0,0,26,102
2764606.0,0,0,0,58,70
2764623.0,0,0,0,60,68
2764633.0,0,0,0,64,64
2764637.0,0,0,0,64,64
2764637.0,0,0,0,60,68
2764655.0,0,0,0,60,68
2764655.0,0,0,0,28,100
2764658.0,0,0,0,28,100
2764658.0,0,0,0,26,102
2764761.0,0,0,0,26,102
2764761.0,0,0,0,25,103
2764915.0,0,0,0,26,102
2764960.0,0,0,0,26,102
2764984.0,0,0,0,26,102
2765047.0,0,0,0,58,70
2765080.0,0,0,0,58,70
2765080.0,0,0,0,57,71
2765128.0,0,0,0,89,39
2765157.0,0,0,0,90,38
2765406.0,0,0,0,90,38
2765531.0,0,0,0,90,38
2765531.0,0,0,0,58,70
2765577.0,0,0,0,58,70
2765577.0,0,0,0,50,78
2765620.0,0,0,0,50,78
2765620.0,0,0,0,18,110
2765665.0,0,0,0,22,106
2765669.0,0,0,0,24,104
2765684.0,0,0,0,24,104
2765684.0,0,0,0,23,105
2765703.0,0,0,0,24,104
2765798.0,0,0,0,24,104
2765877.0,0,0,0,24,104
2765899.0,0,0,0,56,72
2765970.0,0,0,0,56,72
2765970.0,0,0,0,24,104
2765983.0,0,0,0,24,104
2765983.0,0,0,0,8,120
2765991.0,0,0,0,24,104
2765998.0,0,0,0,24,104
2765998.0,0,0,0,8,120
2766160.0,0,0,0,8,120
2766447.0,0,0,0,8,120
2766678.0,0,0,0,40,88
2766680.0,0,0,0,40,88
2766699.0,0,0,0,40,88
2766699.0,0,0,0,24,104
2766785.0,0,0,0,40,88
2766881.0,0,0,0,40,88
2766881.0,0,0,0,38,90
2766892.0,0,0,0,38,90
2766892.0,0,0,0,6,122
2766906.0,0,0,0,8,120
2766937.0,0,0,0,8,120
2767028.0,0,0,0,8,120
2767028.0,0,0,0,4,124
2767069.0,0,0,0,8,120
2767124.0,0,0,0,24,104
2767295.0,0,0,0,24,104
2767306.0,0,0,0,24,104
2767747.0,0,0,0,24,104
2767768.0,0,0,0,56,72
2767775.0,0,0,0,56,72
2767775.0,0,0,0,24,104
2767828.0,0,0,0,24,104
2767838.0,0,0,0,56,72
2767844.0,0,0,0,64,64
2767845.0,0,0,0,64,64
2767845.0,0,0,0,32,96
2767865.0,0,0,0,64,64
2767906.0,0,0,0,64,64
2767906.0,0,0,0,56,72
2767984.0,0,0,0,64,64
2768001.0,0,0,0,96,32
2768005.0,0,0,0,96,32
2768005.0,0,0,0,88,40
2768081.0,0,0,0,96,32
2768181.0,0,0,0,96,32
2768181.0,0,0,0,88,40
2768250.0,0,0,0,96,32
2768318.0,0,0,0,96,32
2768318.0,0,0,0,88,40
2768360.0,0,0,0,96,32
2768462.0,0,0,0,96,32
2768462.0,0,0,0,88,40
2768546.0,0,0,0,88,40
2768546.0,0,0,0,56,72
2768549.0,0,0,0,64,64
2768599.0,0,0,0,64,64
2768691.0,0,0,0,64,64
2768772.0,0,0,0,96,32
2768924.0,0,0,0,96,32
2768924.0,0,0,0,92,36
2768969.0,0,0,0,96,32
2769378.0,0,0,0,96,32
2769406.0,0,0,0,96,32
2769406.0,0,0,0,64,64
2769485.0,0,0,0,64,64
2769522.0,0,0,0,96,32
2769659.0,0,0,0,96,32
2769659.0,0,0,0,88,40
2769666.0,0,0,0,88,40
2769666.0,0,0,0,56,72
2769738.0,0,0,0,56,72
2769738.0,0,0,0,48,80
2769745.0,0,0,0,56,72
2769798.0,0,0,0,56,72
2769798.0,0,0,0,48,80
2769830.0,0,0,0,56,72
2769856.0,0,0,0,56,72
2769856.0,0,0,0,24,104
2769892.0,0,0,0,24,104
2769892.0,0,0,0,16,112
2769899.0,0,0,0,16,112
2769899.0,0,0,0,8,120
2769927.0,0,0,0,16,112
2769948.0,0,0,0,48,80
2769955.0,0,0,0,48,80
2769955.0,0,0,0,40,88
2769965.0,0,0,0,48,80
2769998.0,0,0,0,48,80
2769998.0,0,0,0,40,88
2770052.0,0,0,0,48,80
2770057.0,0,0,0,56,72
2770116.0,0,0,0,56,72
2770116.0,0,0,0,48,80
2770119.0,0,0,0,48,80
2770119.0,0,0,0,40,88
2770135.0,0,0,0,48,80
2770182.0,0,0,0,48,80
2770182.0,0,0,0,40,88
2770206.0,0,0,0,48,80
2770234.0,0,0,0,56,72
2770287.0,0,0,0,56,72
2770287.0,0,0,0,48,80
2770289.0,0,0,0,48,80
2770289.0,0,0,0,40,88
2770350.0,0,0,0,48,80
2770395.0,0,0,0,56,72
2770429.0,0,0,0,56,72
2770429.0,0,0,0,48,80
2770468.0,0,0,0,48,80
2770528.0,0,0,0,56,72
2770538.0,0,0,0,56,72
2770544.0,0,0,0,56,72
2770553.0,0,0,0,56,72
2770553.0,0,0,0,55,73
2770565.0,0,0,0,55,73
2770608.0,0,0,0,56,72
2770623.0,0,0,0,56,72
2770623.0,0,0,0,55,73
2770648.0,0,0,0,56,72
2770654.0,0,0,0,56,72
2770654.0,0,0,0,52,76
2770676.0,0,0,0,52,76
2770676.0,0,0,0,50,78
2770701.0,0,0,0,50,78
2770741.0,0,0,0,50,78
2770741.0,0,0,0,49,79
2770744.0,0,0,0,50,78
2770776.0,0,0,0,54,74
2770778.0,0,0,0,56,72
2770781.0,0,0,0,56,72
2770950.0,0,0,0,56,72
2771197.0,0,0,0,56,72
2771197.0,0,0,0,48,80
2771280.0,0,0,0,56,72
2771382.0,0,0,0,88,40
2771472.0,0,0,0,88,40
2771503.0,0,0,0,88,40
2771503.0,0,0,0,84,44
2771526.0,0,0,0,84,44
2771526.0,0,0,0,82,46
2771542.0,0,0,0,88,40
2771562.0,0,0,0,88,40
2771562.0,0,0,0,84,44
2771583.0,0,0,0,84,44
2771583.0,0,0,0,82,46
2771659.0,0,0,0,88,40
2771734.0,0,0,0,88,40
2771734.0,0,0,0,86,42
2771754.0,0,0,0,88,40
2771778.0,0,0,0,88,40
2771778.0,0,0,0,84,44
2771816.0,0,0,0,88,40
2771829.0,0,0,0,88,40
2771829.0,0,0,0,84,44
2771852.0,0,0,0,84,44
2771852.0,0,0,0,82,46
2771868.0,0,0,0,82,46
2771868.0,0,0,0,74,54
2771875.0,0,0,0,80,48
2771913.0,0,0,0,88,40
2771927.0,0,0,0,88,40
2771927.0,0,0,0,86,42
2771939.0,0,0,0,86,42
2771939.0,0,0,0,82,46
2771964.0,0,0,0,82,46
2771964.0,0,0,0,80,48
2771971.0,0,0,0,80,48
2771971.0,0,0,0,72,56
2771996.0,0,0,0,74,54
2772058.0,0,0,0,82,46
2772112.0,0,0,0,82,46
2772112.0,0,0,0,74,54
2772152.0,0,0,0,82,46
2772182.0,0,0,0,82,46
2772182.0,0,0,0,74,54
2772222.0,0,0,0,74,54
2772261.0,0,0,0,82,46
2772272.0,0,0,0,82,46
2772272.0,0,0,0,81,47
2772276.0,0,0,0,82,46
2772296.0,0,0,0,82,46
2772296.0,0,0,0,74,54
2772300.0,0,0,0,74,54
2772300.0,0,0,0,58,70
2772303.0,0,0,0,58,70
2772303.0,0,0,0,57,71
2772312.0,0,0,0,61,67
2772319.0,0,0,0,63,65
2772325.0,0,0,0,63,65
2772325.0,0,0,0,59,69
2772345.0,0,0,0,60,68
2772363.0,0,0,0,60,68
2772363.0,0,0,0,58,70
2772367.0,0,0,0,62,66
2772392.0,0,0,0,64,64
2772399.0,0,0,0,72,56
2772445.0,0,0,0,72,56
2772481.0,0,0,0,72,56
2772481.0,0,0,0,68,60
2772489.0,0,0,0,68,60
2772489.0,0,0,0,67,61
2772506.0,0,0,0,68,60
2772511.0,0,0,0,68,60
2772511.0,0,0,0,66,62
2772530.0,0,0,0,66,62
2772550.0,0,0,0,82,46
2772618.0,0,0,0,86,42
2772623.0,0,0,0,86,42
2772623.0,0,0,0,78,50
2772627.0,0,0,0,78,50
2772628.0,0,0,0,88,40
2772630.0,0,0,0,88,40
2772630.0,0,0,0,72,56
2772648.0,0,0,0,72,56
2772665.0,0,0,0,72,56
2772726.0,0,0,0,88,40
2772752.0,0,0,0,88,40
2772757.0,0,0,0,88,40
2772835.0,0,0,0,88,40
2772877.0,0,0,0,88,40
2772877.0,0,0,0,80,48
2772906.0,0,0,0,80,48
2772906.0,0,0,0,79,49
2772934.0,0,0,0,79,49
2772947.0,0,0,0,80,48
2772958.0,0,0,0,88,40
2772962.0,0,0,0,88,40
2772962.0,0,0,0,87,41
2772986.0,0,0,0,88,40
2772996.0,0,0,0,88,40
2772996.0,0,0,0,84,44
2773021.0,0,0,0,84,44
2773021.0,0,0,0,82,46
2773050.0,0,0,0,82,46
2773095.0,0,0,0,82,46
2773098.0,0,0,0,84,44
2773099.0,0,0,0,88,40
2773100.0,0,0,0,88,40
2773100.0,0,0,0,80,48
2773193.0,0,0,0,88,40
2773228.0,0,0,0,88,40
2773240.0,0,0,0,88,40
2773240.0,0,0,0,80,48
2773324.0,0,0,0,88,40
2773348.0,0,0,0,88,40
2773557.0,0,0,0,88,40
2773557.0,0,0,0,84,44
2773578.0,0,0,0,84,44
2773578.0,0,0,0,82,46
2773682.0,0,0,0,88,40
2773759.0,0,0,0,88,40
2773759.0,0,0,0,84,44
2773781.0,0,0,0,84,44
2773781.0,0,0,0,82,46
2773867.0,0,0,0,82,46
2773867.0,0,0,0,74,54
2773980.0,0,0,0,74,54
2774058.0,0,0,0,74,54
2774058.0,0,0,0,70,58
2774082.0,0,0,0,70,58
2774107.0,0,0,0,74,54
2774172.0,0,0,0,74,54
2774172.0,0,0,0,72,56
2774189.0,0,0,0,74,54
2774210.0,0,0,0,74,54
2774210.0,0,0,0,70,58
2774242.0,0,0,0,70,58
2774247.0,0,0,0,74,54
2774267.0,0,0,0,74,54
2774267.0,0,0,0,66,62
2774286.0,0,0,0,74,54
2774310.0,0,0,0,82,46
2774329.0,0,0,0,82,46
2774329.0,0,0,0,66,62
2774359.0,0,0,0,66,62
2774391.0,0,0,0,82,46
2774423.0,0,0,0,82,46
2774423.0,0,0,0,50,78
2774454.0,0,0,0,50,78
2774470.0,0,0,0,50,78
2774470.0,0,0,0,18,110
2774516.0,0,0,0,18,110
2774573.0,0,0,0,50,78
2774575.0,0,0,0,50,78
2774593.0,0,0,0,82,46
2774614.0,0,0,0,82,46
2774614.0,0,0,0,78,50
2774669.0,0,0,0,82,46
2774741.0,0,0,0,88,40
2774758.0,0,0,0,88,40
2774841.0,0,0,0,88,40
2774841.0,0,0,0,84,44
2774852.0,0,0,0,84,44
2774866.0,0,0,0,84,44
2774866.0,0,0,0,82,46
2774939.0,0,0,0,82,46
2774939.0,0,0,0,50,78
2774961.0,0,0,0,50,78
2774989.0,0,0,0,82,46
2775008.0,0,0,0,82,46
2775008.0,0,0,0,18,110
2775019.0,0,0,0,18,110
2775066.0,0,0,0,82,46
2775092.0,0,0,0,82,46
2775099.0,0,0,0,82,46
2775250.0,0,0,0,82,46
2775285.0,0,0,0,82,46
2775285.0,0,0,0,81,47
2775288.0,0,0,0,82,46
2775318.0,0,0,0,82,46
2775328.0,0,0,0,82,46
2775404.0,0,0,0,86,42
2775405.0,0,0,0,88,40
2775426.0,0,0,0,88,40
2775639.0,0,0,0,88,40
2775639.0,0,0,0,87,41
2775696.0,0,0,0,88,40
2775714.0,0,0,0,88,40
2775714.0,0,0,0,87,41
2775732.0,0,0,0,88,40
2775740.0,0,0,0,88,40
2775740.0,0,0,0,84,44
2775763.0,0,0,0,84,44
2775763.0,0,0,0,82,46
2776024.0,0,0,0,82,46
2776279.0,0,0,0,82,46
2776279.0,0,0,0,74,54
2776663.0,0,0,0,82,46
2776678.0,0,0,0,82,46
2776678.0,0,0,0,66,62
2776703.0,0,0,0,70,58
2776706.0,0,0,0,72,56
2776860.0,0,0,0,72,56
2776860.0,0,0,0,70,58
2777010.0,0,0,0,70,58
2777038.0,0,0,0,72,56
2777091.0,0,0,0,72,56
2777123.0,0,0,0,72,56
2777123.0,0,0,0,70,58
2777222.0,0,0,0,72,56
2777273.0,0,0,0,72,56
2777370.0,0,0,0,72,56
2777370.0,0,0,0,70,58
2777375.0,0,0,0,72,56
2777418.0,0,0,0,72,56
2777418.0,0,0,0,70,58
2777478.0,0,0,0,72,56
2777689.0,0,0,0,72,56
2777766.0,0,0,0,72,56
2777766.0,0,0,41,31,56
2777891.0,0,0,41,47,40
2777966.0,0,0,41,47,40
2777966.0,0,0,41,31,56
2777988.0,0,0,41,31,56
2778004.0,0,0,41,31,56
2778004.0,0,0,41,29,58
2778012.0,0,0,41,29,58
2778065.0,0,0,41,31,56
2778087.0,0,0,41,31,56
2778176.0,0,0,41,31,56
2778176.0,0,0,41,29,58
2778231.0,0,0,41,29,58
2778237.0,0,0,41,31,56
2778259.0,0,0,41,31,56
2778303.0,0,0,41,31,56
2778327.0,0,0,41,31,56
2778327.0,0,0,41,15,72
2778338.0,0,0,41,31,56
2778625.0,0,0,41,31,56
2778625.0,0,0,41,29,58
2778651.0,0,0,41,29,58
2778651.0,0,0,41,13,74
2778664.0,0,0,41,29,58
2778679.0,0,0,41,29,58
2778686.0,0,0,41,31,56
2778693.0,0,0,41,31,56
2778693.0,0,0,41,30,57
2778711.0,0,0,41,31,56
2778912.0,0,0,41,47,40
2778912.0,0,0,41,15,72
2778919.0,0,0,41,47,40
2778919.0,0,0,41,15,72
2778929.0,0,0,41,47,40
2779357.0,0,0,41,47,40
2779357.0,0,0,41,15,72
2779363.0,0,0,41,15,72
2779403.0,0,0,41,15,72
2779415.0,0,0,41,15,72
2779415.0,0,0,41,13,74
2779500.0,0,0,41,15,72
2779529.0,0,0,41,15,72
2779529.0,0,0,41,14,73
2779559.0,0,0,41,15,72
2779609.0,0,0,41,47,40
2779692.0,0,0,41,47,40
2779692.0,0,0,41,15,72
2779716.0,0,0,41,15,72
2779716.0,0,0,41,13,74
2779801.0,0,0,41,13,74
2779814.0,0,0,41,13,74
2779891.0,0,0,41,15,72
2779935.0,0,0,41,47,40
2779935.0,0,0,41,15,72
2779987.0,0,0,41,15,72
2779989.0,0,0,41,31,56
2780007.0,0,0,41,31,56
2780007.0,0,0,41,15,72
2780092.0,0,0,41,31,56
2780269.0,0,0,41,31,56
2780280.0,0,0,41,47,40
2780306.0,0,0,41,47,40
2780306.0,0,0,41,45,42
2780466.0,41,0,0,45,42
2780466.0,0,41,0,45,42
2780504.0,0,41,0,47,40
2780565.0,0,41,0,47,40
2780565.0,0,41,0,45,42
2780591.0,0,41,0,45,42
2780624.0,0,41,0,47,40
2780703.0,0,41,0,47,40
2780846.0,0,41,0,47,40
2780863.0,0,41,0,79,8
2780866.0,0,41,0,87,0
2780866.0,0,41,0,23,64
2780883.0,0,41,0,87,0
2780883.0,0,41,0,23,64
2780895.0,0,41,0,87,0
2780895.0,0,41,0,23,64
2780914.0,0,41,0,87,0
2780914.0,0,41,0,23,64
2781125.0,0,41,0,23,64
2781214.0,0,41,0,39,48
2781214.0,0,41,0,23,64
2781273.0,0,41,0,23,64
2781278.0,0,41,0,23,64
2781401.0,0,41,0,39,48
2781412.0,0,41,0,39,48
2781467.0,0,41,0,39,48
2781473.0,0,41,0,39,48
2781577.0,0,41,0,39,48
2781603.0,0,41,0,39,48
2781675.0,0,41,0,39,48
2781681.0,0,41,0,39,48
2781842.0,0,41,0,55,32
2781842.0,0,41,0,23,64
2781972.0,0,41,0,23,64
2781983.0,0,41,0,23,64
2782024.0,0,41,0,23,64
2782036.0,0,41,0,55,32
2782036.0,0,41,0,23,64
2782150.0,0,41,0,23,64
2782208.0,0,41,0,39,48
2782261.0,0,41,0,39,48
2782266.0,0,0,0,80,48
2782266.0,0,0,0,12,116
2782274.0,0,0,0,13,115
2782280.0,0,0,0,14,114
2782285.0,0,0,0,15,113
2782291.0,0,0,0,79,49
2782291.0,0,0,0,7,121
2782302.0,0,0,0,8,120
2782302.0,0,0,0,0,128
2782309.0,0,0,0,0,128
2782311.0,0,0,0,16,112
2782311.0,0,0,0,0,128
2782372.0,0,0,0,8,120
2782388.0,0,0,0,8,120
2782388.0,0,0,0,7,121
2782415.0,0,0,0,7,121
2782415.0,0,0,0,6,122
2782474.0,0,0,0,7,121
2782492.0,0,0,0,8,120
2782497.0,0,0,0,8,120
2782497.0,0,0,0,4,124
2782508.0,0,0,0,20,108
2782508.0,0,0,0,4,124
2782519.0,0,0,0,4,124
2782519.0,0,0,0,2,126
2782533.0,0,0,0,2,126
2782546.0,0,0,0,34,94
2782546.0,0,0,0,2,126
2782626.0,0,0,0,2,126
2782626.0,0,0,0,0,128
2782649.0,0,0,0,2,126
2782659.0,0,0,0,18,110
2782659.0,0,0,0,2,126
2782692.0,0,0,0,2,126
2782726.0,0,0,0,18,110
2782726.0,0,0,0,2,126
2782727.0,0,0,0,2,126
2782792.0,0,0,0,2,126
2782836.0,0,0,0,18,110
2782836.0,0,0,0,9,119
2782839.0,0,0,0,9,119
2782839.0,0,0,0,1,127
2782857.0,0,0,0,2,126
2782859.0,0,0,0,2,126
2782880.0,0,0,0,10,118
2782882.0,0,0,0,18,110
2782905.0,0,0,0,18,110
2782935.0,0,0,0,34,94
2782935.0,0,0,0,2,126
2782982.0,0,0,0,18,110
2782982.0,0,0,0,2,126
2783048.0,0,0,0,18,110
2783117.0,0,0,0,18,110
2783117.0,0,0,0,2,126
2783142.0,0,0,0,34,94
2783183.0,0,0,0,50,78
2783198.0,0,0,0,50,78
2783198.0,0,0,0,18,110
2783212.0,0,0,0,18,110
2783212.0,0,0,0,16,112
2783287.0,0,0,0,16,112
2783287.0,0,0,0,0,128
2783291.0,0,0,0,2,126
2783308.0,0,0,0,18,110
2783504.0,0,0,0,50,78
2783614.0,0,0,0,50,78
2783614.0,0,0,0,42,86
2783626.0,0,0,0,42,86
2783626.0,0,0,0,38,90
2783676.0,0,0,0,42,86
2783739.0,0,0,0,56,72
2784017.0,0,0,0,64,64
2784101.0,0,0,0,64,64
2784302.0,0,0,0,96,32
2784377.0,0,0,0,128,0
2784819.0,0,0,0,128,0
2784819.0,0,0,0,127,1
2784832.0,0,0,0,127,1
2784832.0,0,0,0,95,33
2784867.0,0,0,0,96,32
2784882.0,0,0,0,96,32
2784882.0,0,0,0,95,33
2784908.0,0,0,0,95,33
2784942.0,0,0,0,96,32
2784947.0,0,0,0,96,32
2784947.0,0,0,0,92,36
2784969.0,0,0,0,92,36
2784969.0,0,0,0,90,38
2784991.0,0,0,0,90,38
2785055.0,0,0,0,122,6
2785058.0,0,0,0,122,6
2785058.0,0,0,0,121,7
2785072.0,0,0,0,121,7
2785079.0,0,0,0,125,3
2785088.0,0,0,0,127,1
2785105.0,0,0,0,127,1
2785105.0,0,0,0,95,33
2785127.0,0,0,0,96,32
2785144.0,0,0,0,96,32
2785144.0,0,0,0,94,34
2785208.0,0,0,0,94,34
2785226.0,0,0,0,96,32
2785234.0,0,0,0,96,32
2785234.0,0,0,0,95,33
2785240.0,0,0,0,96,32
2785246.0,0,0,0,96,32
2785246.0,0,0,0,88,40
2785280.0,0,0,0,120,8
2785285.0,0,0,0,120,8
2785285.0,0,0,0,119,9
2785288.0,0,0,0,119,9
2785288.0,0,0,0,118,10
2785299.0,0,0,0,119,9
2785318.0,0,0,0,120,8
2785324.0,0,0,0,128,0
2785349.0,0,0,0,128,0
2785357.0,0,0,0,128,0
2785357.0,0,0,0,127,1
2785359.0,0,0,0,127,1
2785420.0,0,0,0,128,0
2785426.0,0,0,0,128,0
2785434.0,0,0,0,128,0
2785434.0,0,0,0,120,8
2785455.0,0,0,0,120,8
2785455.0,0,0,0,118,10
2785494.0,0,0,0,118,10
2785494.0,0,0,0,117,11
2785536.0,0,0,0,117,11
2785552.0,0,0,0,119,9
2785566.0,0,0,0,120,8
2785571.0,0,0,0,120,8
2785571.0,0,0,0,88,40
2785588.0,0,0,0,88,40
2785588.0,0,0,0,87,41
2785612.0,0,0,0,88,40
2785617.0,0,0,0,88,40
2785617.0,0,0,0,84,44
2785635.0,0,0,0,84,44
2785639.0,0,0,0,84,44
2785639.0,0,0,0,82,46
2785682.0,0,0,0,82,46
2785722.0,0,0,0,114,14
2785748.0,0,0,0,114,14
2785798.0,0,0,0,114,14
2785798.0,0,0,0,82,46
2785842.0,0,0,0,82,46
2785869.0,0,0,0,114,14
2785883.0,0,0,0,114,14
2785925.0,0,0,0,114,14
2785925.0,0,0,0,82,46
2785991.0,0,0,0,82,46
2786008.0,0,0,0,82,46
2786026.0,0,0,0,82,46
2786026.0,0,0,0,81,47
2786087.0,0,0,0,82,46
2786160.0,0,0,0,82,46
2786160.0,0,0,0,81,47
2786204.0,0,0,0,81,47
2786230.0,0,0,0,89,39
2786244.0,0,0,0,121,7
2786248.0,0,0,0,122,6
2786252.0,0,0,0,122,6
2786252.0,0,0,0,114,14
2786304.0,0,0,0,114,14
2786304.0,0,0,0,113,15
2786376.0,0,0,0,113,15
2786424.0,0,0,0,114,14
2786588.0,0,0,0,122,6
2786596.0,0,0,0,122,6
2786596.0,0,0,0,114,14
2786677.0,0,0,0,122,6
2786820.0,0,0,0,122,6
2786820.0,0,0,0,58,70
2786848.0,0,0,0,122,6
2786925.0,0,0,0,122,6
2786925.0,0,0,0,58,70
2787002.0,0,0,0,58,70
2787077.0,0,0,0,58,70
2787120.0,0,0,0,122,6
2787266.0,0,0,0,122,6
2787266.0,0,0,0,90,38
2787478.0,0,0,0,122,6
2787553.0,0,0,0,122,6
2787553.0,0,0,0,121,7
2787566.0,0,0,0,122,6
2787685.0,0,0,0,122,6
2787685.0,0,0,0,90,38
2787726.0,0,0,0,122,6
2787755.0,0,0,0,122,6
2787826.0,0,0,0,122,6
2787826.0,0,0,0,90,38
2787866.0,0,0,0,122,6
2787926.0,0,0,0,122,6
2787980.0,0,0,0,122,6
2787981.0,0,0,0,122,6
2787981.0,0,0,0,90,38
2788024.0,0,0,0,90,38
2788077.0,0,0,0,122,6
2788155.0,0,0,0,122,6
2788155.0,0,0,0,90,38
2788422.0,0,0,0,90,38
2788433.0,0,0,0,122,6
2788539.0,0,0,0,122,6
2788539.0,0,0,0,121,7
2788557.0,0,0,0,122,6
2788694.0,0,0,0,126,2
2788698.0,0,0,0,128,0
2788823.0,0,0,0,128,0
2788823.0,0,0,0,0,128
2788930.0,0,0,0,0,128
2789269.0,0,0,0,128,0
2789548.0,0,0,0,128,0
2789820.0,0,0,0,128,0
2789833.0,0,0,0,128,0
2789833.0,0,0,0,126,2
2789856.0,0,0,0,128,0
2790105.0,0,0,0,128,0
2790105.0,0,0,0,126,2
2790124.0,0,0,0,128,0
2790178.0,0,0,0,128,0
2790178.0,0,0,0,126,2
2790197.0,0,0,0,128,0
2790258.0,0,0,0,128,0
2790258.0,0,0,0,126,2
2790279.0,0,0,0,128,0
2790286.0,0,0,0,128,0
2790286.0,0,0,0,124,4
2790309.0,0,0,0,128,0
2790330.0,0,0,0,128,0
2790330.0,0,0,0,96,32
2790426.0,0,0,0,96,32
2790434.0,0,0,0,128,0
2790481.0,0,0,0,128,0
2790481.0,0,0,0,0,128
2790941.0,0,0,0,128,0
2791087.0,0,0,0,128,0
2791087.0,0,0,0,0,128
2791556.0,0,0,0,128,0
2791969.0,0,0,0,128,0
2793299.0,0,0,0,128,0
2793299.0,0,0,0,96,32
2793518.0,0,0,0,128,0
2793641.0,0,0,0,128,0
2794256.0,0,0,0,128,0
2794256.0,0,0,96,32,0
2794458.0,0,0,96,32,0
2796218.0,0,0,96,32,0
2796218.0,0,0,128,0,0
2796956.0,96,0,32,0,0
2798918.0,128,0,0,0,0
2798918.0,0,128,0,0,0
2800718.0,0,0,0,128,0
2800718.0,0,0,0,0,128
2805389.0,0,0,0,0,128
2806855.0,0,0,0,0,128
2810721.0,0,0,0,0,128
2810815.0,0,0,0,0,128
2811172.0,0,0,0,0,128
2811390.0,0,0,0,0,128
2811515.0,0,0,0,0,128
2811644.0,0,0,0,128,0
2811644.0,0,0,0,0,128
2811654.0,0,0,0,0,128
2811729.0,0,0,0,128,0
2811729.0,0,0,0,121,7
2811746.0,0,0,0,125,3
2811753.0,0,0,0,126,2
2811777.0,0,0,0,127,1
2811812.0,0,0,0,128,0
2811812.0,0,0,0,0,128
2812168.0,0,0,0,128,0
2812168.0,0,0,0,127,1
2812285.0,0,0,0,128,0
2812285.0,0,0,0,0,128
2812375.0,0,0,0,128,0
2813911.0,0,0,0,128,0
2813911.0,0,0,0,127,1
2814082.0,0,0,0,128,0
2814429.0,0,0,0,128,0
2814868.0,0,0,0,128,0
2815034.0,0,0,0,128,0
2815034.0,0,0,0,127,1
2815075.0,0,0,0,127,1
2815075.0,0,0,126,1,1
2815320.0,0,0,126,2,0
2815770.0,0,0,126,2,0
2815770.0,0,0,126,1,1
2815891.0,0,0,126,2,0
2816107.0,0,0,126,2,0
2816107.0,0,0,126,1,1
2816247.0,0,0,126,2,0
2816782.0,0,0,126,2,0
2817284.0,0,0,126,2,0
2817284.0,0,0,126,1,1
2817568.0,0,0,126,2,0
2817658.0,0,0,126,2,0
2817658.0,0,0,126,1,1
2817775.0,126,0,0,1,1
2817910.0,126,0,0,2,0
2818020.0,126,0,0,2,0
2818591.0,126,0,0,2,0
2818683.0,126,0,0,2,0
2818683.0,126,0,0,1,1
2818947.0,126,0,0,1,1
2820268.0,126,0,0,1,1
2820600.0,126,0,0,2,0
2820610.0,126,0,0,2,0
2820610.0,126,0,1,1,0
2820626.0,126,0,1,1,0
2820626.0,126,0,1,0,1
2821569.0,126,0,1,1,0
2821578.0,126,0,1,1,0
2821578.0,126,0,1,0,1
2822306.0,126,0,1,1,0
2822362.0,126,0,1,1,0
2822362.0,126,0,1,0,1
2822489.0,126,0,1,1,0
2822976.0,126,0,1,1,0
2822976.0,126,0,1,0,1
2823300.0,126,0,1,0,1
2823310.0,127,0,0,0,1
2823386.0,127,0,0,1,0
2823394.0,127,0,0,1,0
2823394.0,127,0,0,0,1
2823497.0,127,0,0,1,0
2823509.0,127,0,0,1,0
2823509.0,127,0,0,0,1
2823623.0,127,0,0,1,0
2823859.0,127,0,0,1,0
2823859.0,127,0,0,0,1
2823982.0,127,0,0,1,0
2824107.0,127,0,0,1,0
2824107.0,127,0,0,0,1
2824195.0,127,0,0,1,0
2824269.0,127,0,0,1,0
2824323.0,127,0,0,1,0
2824323.0,127,0,0,0,1
2824449.0,127,0,0,1,0
2825006.0,127,0,0,1,0
2825189.0,127,0,0,1,0
2825220.0,127,0,0,1,0
2825220.0,127,0,0,0,1
2825336.0,127,0,0,1,0
2825496.0,127,0,0,1,0
2825496.0,127,0,0,0,1
2825608.0,127,0,0,1,0
2826086.0,127,0,0,1,0
2826197.0,127,0,0,1,0
2826323.0,127,0,0,1,0
2826682.0,127,0,0,1,0
2826685.0,127,0,0,1,0
2826685.0,127,0,0,0,1
2826895.0,127,0,0,0,1
2826901.0,127,0,0,1,0
2826976.0,127,0,0,1,0
2826976.0,127,0,0,0,1
2827099.0,127,0,0,1,0
2827134.0,127,0,0,1,0
2827134.0,127,0,0,0,1
2827149.0,127,0,0,0,1
2827241.0,127,0,0,1,0
2827290.0,127,0,0,1,0
2827290.0,127,0,0,0,1
2827410.0,127,0,0,1,0
2828036.0,127,0,0,1,0
2828308.0,127,0,0,1,0
2829601.0,127,0,0,1,0
2829799.0,127,0,0,1,0
2829941.0,127,0,0,1,0
2830110.0,127,0,0,1,0
2830110.0,127,0,1,0,0
2832739.0,127,0,1,0,0
2832739.0,125,2,1,0,0
2832810.0,126,2,0,0,0
2832872.0,126,2,0,0,0
2832872.0,124,4,0,0,0
2833071.0,124,4,0,0,0
2833071.0,122,6,0,0,0
2833161.0,122,6,0,0,0
2833161.0,120,8,0,0,0
2833562.0,120,8,0,0,0
2833562.0,118,10,0,0,0
2833830.0,118,10,0,0,0
2833830.0,116,12,0,0,0
2834175.0,116,12,0,0,0
2834175.0,114,14,0,0,0
2834539.0,114,12,0,2,0
2834539.0,114,12,0,0,2
2834560.0,114,12,0,2,0
2834577.0,114,12,0,2,0
2834577.0,114,12,0,0,2
2834647.0,114,12,0,2,0
2834672.0,114,10,0,4,0
2834672.0,114,10,0,1,3
2834689.0,114,10,0,2,2
2834692.0,114,10,0,4,0
2834695.0,114,10,0,4,0
2834695.0,114,10,0,2,2
2834703.0,114,10,0,2,2
2834703.0,114,10,0,0,4
2834748.0,114,10,0,2,2
2834764.0,114,10,0,2,2
2834764.0,114,10,0,1,3
2834778.0,114,10,0,3,1
2834784.0,114,10,0,4,0
2834793.0,114,10,0,4,0
2834793.0,114,10,0,2,2
2834809.0,114,10,0,4,0
2834837.0,114,10,0,4,0
2834837.0,114,10,0,2,2
2834860.0,114,10,0,4,0
2834871.0,114,8,0,6,0
2834871.0,114,8,0,4,2
2834874.0,114,8,0,4,2
2834874.0,106,16,0,4,2
2834911.0,106,16,0,6,0
2834932.0,106,16,0,6,0
2834932.0,74,48,0,6,0
2834961.0,74,46,0,8,0
2834961.0,74,46,0,6,2
2835015.0,74,46,0,8,0
2835100.0,74,46,0,8,0
2835100.0,74,46,0,6,2
2835168.0,74,46,0,6,2
2835168.0,42,78,0,6,2
2835266.0,42,78,0,8,0
2835362.0,42,76,0,10,0
2835362.0,42,76,0,8,2
2835424.0,42,76,0,10,0
2835583.0,42,76,0,10,0
2835583.0,42,76,0,6,4
2835618.0,42,76,0,10,0
2835630.0,42,74,0,12,0
2835630.0,42,74,0,10,2
2835680.0,42,74,0,10,2
2835680.0,42,74,0,8,4
2835765.0,42,74,0,10,2
2835776.0,42,74,0,12,0
2835860.0,42,74,0,12,0
2835860.0,42,74,0,8,4
2835901.0,42,74,0,12,0
2835965.0,42,74,0,12,0
2835965.0,42,74,0,8,4
2835975.0,42,72,0,10,4
2835975.0,42,72,0,8,6
2836006.0,42,72,0,12,2
2836039.0,42,72,0,12,2
2836039.0,42,72,0,8,6
2836040.0,42,72,0,10,4
2836059.0,42,72,0,10,4
2836059.0,42,72,0,8,6
2836108.0,42,72,0,12,2
2836179.0,42,72,0,14,0
2836437.0,42,72,0,14,0
2836437.0,10,104,0,14,0
2836589.0,10,104,0,14,0
2836652.0,10,104,0,14,0
2836674.0,10,96,0,22,0
2836674.0,10,96,0,14,8
2836712.0,10,96,0,22,0
2836712.0,0,106,0,22,0
2836732.0,0,74,0,54,0
2836732.0,0,74,0,22,32
2836762.0,0,74,0,22,32
2836829.0,0,74,0,54,0
2836829.0,0,74,0,52,2
2836930.0,0,74,0,54,0
2836930.0,0,74,0,22,32
2836968.0,0,42,0,54,32
2836968.0,0,42,0,22,64
2836970.0,0,42,0,22,64
2837022.0,0,42,0,54,32
2837022.0,0,42,0,52,34
2837085.0,0,42,0,84,2
2837105.0,0,42,0,86,0
2837260.0,0,42,0,86,0
2837347.0,0,42,0,86,0
2837392.0,0,42,0,86,0
2837421.0,0,42,0,86,0
2837421.0,0,42,0,84,2
2837448.0,0,42,0,84,2
2837478.0,0,42,0,84,2
2837509.0,0,42,0,84,2
2837560.0,0,42,0,84,2
2837561.0,0,42,0,86,0
2837660.0,0,42,0,86,0
2837660.0,0,42,0,84,2
2837715.0,0,42,0,84,2
2837737.0,0,42,0,86,0
2837966.0,0,42,0,86,0
2837985.0,0,42,0,86,0
2837985.0,0,42,0,84,2
2838063.0,0,42,0,86,0
2838237.0,0,10,0,118,0
2838237.0,0,10,0,86,32
2838271.0,0,10,0,86,32
2838271.0,0,10,0,84,34
2838318.0,0,10,0,84,34
2838340.0,0,10,0,116,2
2838414.0,0,10,0,118,0
2838465.0,0,10,0,118,0
2838512.0,0,0,0,128,0
2838512.0,0,0,0,96,32
2838601.0,0,0,0,96,32
2838649.0,0,0,0,128,0
2838985.0,0,0,0,128,0
2838985.0,0,0,0,126,2
2839054.0,0,0,0,126,2
2839054.0,0,0,0,125,3
2839071.0,0,0,0,126,2
2839118.0,0,0,0,128,0
2839175.0,0,0,0,128,0
2839175.0,0,0,0,0,128
2839272.0,0,0,0,128,0
2839277.0,0,0,0,128,0
2839277.0,0,0,0,96,32
2839290.0,0,0,0,96,32
2839290.0,0,0,0,94,34
2839370.0,0,0,0,96,32
2839498.0,0,0,0,128,0
2839502.0,0,0,0,128,0
2839502.0,0,0,0,0,128
2839529.0,0,0,0,0,128
2839596.0,0,0,0,128,0
2839623.0,0,0,0,128,0
2839623.0,0,0,0,126,2
2839692.0,0,0,0,128,0
2839722.0,0,0,0,128,0
2839878.0,0,0,0,128,0
2839878.0,0,0,0,126,2
2840019.0,0,0,0,128,0
2841289.0,0,0,0,128,0
2841289.0,0,0,0,126,2
2841398.0,0,0,0,128,0
2841555.0,0,0,0,128,0
2841555.0,0,0,0,127,1
2841568.0,0,0,0,128,0
2841680.0,0,0,0,128,0
2841680.0,0,0,0,126,2
2841774.0,0,0,0,128,0
2841972.0,0,0,0,128,0
2842010.0,0,0,0,128,0
2842010.0,0,0,0,126,2
2842187.0,0,0,0,128,0
2842207.0,0,0,0,128,0
2842207.0,0,0,0,126,2
2842296.0,0,0,0,126,2
2842296.0,0,0,115,11,2
2842357.0,0,0,115,13,0
2842392.0,0,0,115,13,0
2842392.0,0,0,117,11,0
2842719.0,0,0,117,11,0
2842719.0,0,0,119,9,0
2842758.0,0,0,119,9,0
2842758.0,0,0,119,7,2
2843236.0,0,0,119,9,0
2843262.0,0,0,119,9,0
2843262.0,0,0,119,7,2
2843420.0,0,0,119,9,0
2843558.0,0,0,119,9,0
2843558.0,0,0,119,7,2
2843701.0,0,0,119,9,0
2844098.0,0,0,119,9,0
2844268.0,0,0,119,9,0
2844474.0,0,0,119,9,0
2844567.0,0,0,119,9,0
2844567.0,0,0,119,8,1
2844602.0,0,0,119,9,0
2844615.0,0,0,119,9,0
2844615.0,0,0,119,8,1
2844633.0,0,0,119,9,0
2844638.0,0,0,119,9,0
2844638.0,0,0,119,5,4
2844660.0,0,0,119,5,4
2844660.0,0,0,119,3,6
2844887.0,0,0,119,3,6
2844996.0,115,0,4,3,6
2845057.0,115,0,4,3,6
2845092.0,117,0,2,3,6
2845419.0,119,0,0,3,6
2846120.0,119,0,0,3,6
2846401.0,119,0,0,3,6
2846401.0,119,0,1,2,6
2846655.0,119,0,1,6,2
2846658.0,119,0,1,8,0
2847302.0,119,0,1,8,0
2847302.0,119,0,2,7,0
2847333.0,119,0,2,7,0
2847333.0,119,0,3,6,0
2849101.0,120,0,2,6,0
2849355.0,120,0,2,6,0
2849355.0,120,0,6,2,0
2849358.0,120,0,6,2,0
2849358.0,120,0,8,0,0
2850002.0,121,0,7,0,0
2850033.0,122,0,6,0,0
2851730.0,122,0,6,0,0
2851730.0,120,2,6,0,0
2851854.0,120,2,6,0,0
2851854.0,88,34,6,0,0
2852055.0,92,34,2,0,0
2852058.0,94,34,0,0,0
2852189.0,94,34,0,0,0
2852189.0,62,66,0,0,0
2852497.0,62,66,0,0,0
2852497.0,30,98,0,0,0
2853275.0,30,98,0,0,0
2853511.0,30,98,0,0,0
2853530.0,30,96,0,2,0
2853530.0,30,96,0,0,2
2853624.0,30,96,0,2,0
2853624.0,0,126,0,2,0
2853654.0,0,94,0,34,0
2853654.0,0,94,0,2,32
2853737.0,0,94,0,34,0
2853737.0,0,94,0,2,32
2853804.0,0,94,0,34,0
2853842.0,0,94,0,34,0
2853842.0,0,94,0,32,2
2853882.0,0,94,0,34,0
2853989.0,0,62,0,66,0
2853989.0,0,62,0,34,32
2854124.0,0,62,0,34,32
2854124.0,0,62,0,2,64
2854288.0,0,62,0,34,32
2854297.0,0,30,0,66,32
2854297.0,0,30,0,34,64
2854413.0,0,30,0,34,64
2854413.0,0,30,0,2,96
2854444.0,0,30,0,2,96
2854503.0,0,30,0,34,64
2854503.0,0,30,0,32,66
2854568.0,0,30,0,34,64
2854594.0,0,30,0,66,32
2854919.0,0,30,0,98,0
2854958.0,0,30,0,98,0
2854958.0,0,30,0,96,2
2855035.0,0,30,0,98,0
2855124.0,0,30,0,98,0
2855124.0,0,30,0,66,32
2855177.0,0,30,0,66,32
2855177.0,0,30,0,64,34
2855301.0,0,30,0,66,32
2855327.0,0,30,0,98,0
2855424.0,0,0,0,128,0
2855424.0,0,0,0,96,32
2855507.0,0,0,0,96,32
2855507.0,0,0,0,94,34
2855582.0,0,0,0,126,2
2855610.0,0,0,0,128,0
2855962.0,0,0,0,128,0
2855962.0,0,0,0,126,2
2856003.0,0,0,0,128,0
2856094.0,0,0,0,128,0
2856094.0,0,0,0,126,2
2856134.0,0,0,0,128,0
2856177.0,0,0,0,128,0
2856177.0,0,0,0,126,2
2856218.0,0,0,0,128,0
2856222.0,0,0,0,128,0
2856222.0,0,0,0,96,32
2856361.0,0,0,0,96,32
2856361.0,0,0,0,94,34
2856410.0,0,0,0,96,32
2856418.0,0,0,0,96,32
2856418.0,0,0,0,94,34
2856449.0,0,0,0,96,32
2856499.0,0,0,0,96,32
2856499.0,0,0,0,94,34
2856504.0,0,0,0,94,34
2856524.0,0,0,0,96,32
2856539.0,0,0,0,96,32
2856539.0,0,0,0,94,34
2856573.0,0,0,0,96,32
2856579.0,0,0,0,96,32
2856579.0,0,0,0,94,34
2856608.0,0,0,0,96,32
2856692.0,0,0,0,96,32
2856692.0,0,0,0,94,34
2856728.0,0,0,0,96,32
2856780.0,0,0,0,96,32
2856780.0,0,0,0,94,34
2856808.0,0,0,0,126,2
2856838.0,0,0,0,128,0
2856946.0,0,0,0,128,0
2856946.0,0,0,0,126,2
2856988.0,0,0,0,126,2
2857019.0,0,0,0,126,2
2857019.0,0,0,0,125,3
2857021.0,0,0,0,126,2
2857030.0,0,0,0,128,0
2857046.0,0,0,0,128,0
2857046.0,0,0,0,126,2
2857066.0,0,0,0,128,0
2857074.0,0,0,0,128,0
2857074.0,0,0,0,126,2
2857109.0,0,0,0,128,0
2857203.0,0,0,0,128,0
2857294.0,0,0,0,128,0
2857619.0,0,0,0,128,0
2857735.0,0,0,0,128,0
2857735.0,0,0,1,127,0
2857801.0,0,0,1,127,0
2857801.0,0,0,1,126,1
2857805.0,0,0,1,127,0
2857810.0,0,0,1,127,0
2857810.0,0,0,1,111,16
2857820.0,0,0,1,127,0
2857873.0,0,0,1,127,0
2857873.0,0,0,1,95,32
2858001.0,0,0,1,95,32
2858027.0,0,0,1,95,32
2858035.0,0,0,1,127,0
2858066.0,0,0,1,127,0
2858066.0,0,0,1,125,2
2858097.0,0,0,1,127,0
2858158.0,0,0,1,127,0
2858158.0,0,0,1,125,2
2858188.0,0,0,1,127,0
2858193.0,0,0,1,127,0
2858193.0,0,0,1,125,2
2858225.0,0,0,1,127,0
2858240.0,0,0,1,127,0
2858240.0,0,0,1,125,2
2858282.0,0,0,1,125,2
2858282.0,0,0,10,116,2
2858301.0,0,0,10,116,2
2858301.0,0,0,10,114,4
2858310.0,0,0,10,114,4
2858326.0,0,0,10,116,2
2858332.0,0,0,10,116,2
2858332.0,0,0,10,114,4
2858364.0,0,0,10,116,2
2858586.0,0,0,10,118,0
2858667.0,0,0,10,118,0
2858667.0,0,0,10,116,2
2858682.0,0,0,10,118,0
2858703.0,0,0,10,118,0
2858726.0,0,0,10,118,0
2858726.0,0,0,10,116,2
2858747.0,0,0,10,118,0
2858832.0,0,0,10,118,0
2858832.0,0,0,10,117,1
2858834.0,0,0,10,117,1
2858838.0,0,0,10,118,0
2858847.0,0,0,10,118,0
2858918.0,0,0,10,118,0
2858973.0,0,0,10,118,0
2858973.0,0,0,10,113,5
2858976.0,0,0,10,117,1
2858987.0,0,0,10,118,0
2859033.0,0,0,10,118,0
2859064.0,0,0,10,118,0
2859064.0,0,0,10,112,6
2859067.0,0,0,10,118,0
2859110.0,0,0,10,118,0
2859110.0,0,0,11,117,0
2859149.0,0,0,11,117,0
2859149.0,0,0,13,115,0
2859182.0,0,0,13,115,0
2859224.0,0,0,13,115,0
2859224.0,0,0,15,113,0
2859273.0,0,0,15,113,0
2859273.0,0,0,17,111,0
2859279.0,0,0,17,111,0
2859279.0,0,0,17,93,18
2859282.0,0,0,17,111,0
2859308.0,0,0,17,111,0
2859308.0,0,0,19,109,0
2859341.0,0,0,19,109,0
2859428.0,0,0,19,109,0
2859428.0,0,0,21,107,0
2859508.0,0,0,21,107,0
2859508.0,0,0,53,75,0
2859536.0,0,0,53,75,0
2859536.0,0,0,53,72,3
2859538.0,0,0,53,72,3
2859538.0,0,0,55,70,3
2859539.0,0,0,55,73,0
2859596.0,0,0,55,73,0
2859721.0,0,0,55,73,0
2859721.0,0,0,56,72,0
2859730.0,0,0,56,72,0
2859730.0,0,0,58,70,0
2859766.0,0,0,58,70,0
2859766.0,0,0,60,68,0
2859809.0,0,0,60,68,0
2859809.0,0,0,62,66,0
2860264.0,0,0,62,66,0
2860264.0,0,0,62,64,2
2860267.0,0,0,62,65,1
2860268.0,0,0,62,66,0
2860357.0,0,0,62,66,0
2860435.0,1,0,61,66,0
2860505.0,1,0,61,66,0
2860505.0,1,0,62,65,0
2860520.0,1,0,62,65,0
2860520.0,1,0,78,49,0
2860709.0,1,0,78,49,0
2860709.0,1,0,78,48,1
2860714.0,1,0,78,49,0
2860735.0,1,0,78,49,0
2860735.0,1,0,100,27,0
2860743.0,1,0,100,27,0
2860970.0,1,0,100,27,0
2860982.0,10,0,91,27,0
2861026.0,10,0,91,27,0
2861026.0,10,0,93,25,0
2861064.0,10,0,93,25,0
2861064.0,10,0,95,23,0
2861247.0,10,0,95,23,0
2861382.0,10,0,95,23,0
2861382.0,10,0,97,21,0
2861447.0,10,0,97,21,0
2861447.0,10,0,99,19,0
2861480.0,10,0,99,19,0
2861538.0,10,0,99,19,0
2861538.0,10,0,100,18,0
2861723.0,10,0,100,18,0
2861810.0,11,0,99,18,0
2861849.0,13,0,97,18,0
2861924.0,15,0,95,18,0
2861973.0,17,0,93,18,0
2861982.0,17,0,93,18,0
2861982.0,17,0,108,3,0
2862008.0,19,0,106,3,0
2862055.0,19,0,106,3,0
2862055.0,19,0,106,2,1
2862076.0,19,0,106,2,1
2862078.0,19,0,106,3,0
2862128.0,21,0,104,3,0
2862195.0,21,0,104,3,0
2862208.0,53,0,72,3,0
2862238.0,55,0,70,3,0
2862239.0,55,0,70,3,0
2862239.0,55,0,71,2,0
2862421.0,56,0,70,2,0
2862430.0,58,0,68,2,0
2862448.0,58,0,68,2,0
2862448.0,58,0,68,1,1
2862466.0,60,0,66,1,1
2862472.0,60,0,66,2,0
2862475.0,60,0,66,2,0
2862509.0,62,0,64,2,0
2862833.0,62,0,64,2,0
2862833.0,62,0,64,1,1
2862847.0,62,0,64,2,0
2862962.0,62,0,64,2,0
2862968.0,62,0,64,2,0
2862968.0,62,0,65,1,0
2863192.0,62,0,65,1,0
2863205.0,63,0,64,1,0
2863220.0,79,0,48,1,0
2863435.0,101,0,26,1,0
2863726.0,103,0,24,1,0
2863764.0,105,0,22,1,0
2863791.0,105,0,22,1,0
2864082.0,107,0,20,1,0
2864147.0,109,0,18,1,0
2864238.0,110,0,17,1,0
2864375.0,110,0,17,1,0
2864375.0,110,0,17,0,1
2864392.0,110,0,17,1,0
2864421.0,110,0,17,1,0
2864682.0,125,0,2,1,0
2864778.0,125,0,2,1,0
2864920.0,125,0,2,1,0
2864920.0,125,0,2,0,1
2864923.0,125,0,2,0,1
2864939.0,126,0,1,0,1
2864944.0,126,0,1,1,0
2864944.0,126,0,1,0,1
2864953.0,126,0,1,1,0
2865409.0,126,0,1,1,0
2865409.0,126,0,1,0,1
2865489.0,126,0,1,1,0
2865547.0,126,0,1,1,0
2865668.0,127,0,0,1,0
2865668.0,0,127,0,1,0
2865689.0,0,127,0,1,0
2865960.0,0,127,0,1,0
2866159.0,0,127,0,1,0
2866687.0,0,127,0,1,0
2866764.0,0,127,0,1,0
2866981.0,0,127,0,1,0
2867092.0,0,127,0,1,0
2867419.0,0,127,0,1,0
2867423.0,0,127,0,1,0
2867468.0,0,0,0,128,0
2867468.0,0,0,0,0,128
2867473.0,0,0,0,128,0
2867473.0,0,0,0,0,128
2867525.0,0,0,0,0,128
2867653.0,0,0,0,0,128
2867793.0,0,0,0,0,128
2867797.0,0,0,0,128,0
2867797.0,0,0,0,0,128
2867991.0,0,0,0,128,0
2867991.0,0,0,0,11,117
2867998.0,0,0,0,28,100
2868010.0,0,0,0,29,99
2868077.0,0,0,0,30,98
2868117.0,0,0,0,31,97
2868120.0,0,0,0,63,65
2868169.0,0,0,0,95,33
2868189.0,0,0,0,95,33
2868241.0,0,0,0,96,32
2868256.0,0,0,0,128,0
2868256.0,0,0,0,0,128
2868409.0,0,0,0,0,128
2868494.0,0,0,0,128,0
2868494.0,0,0,0,0,128
2868543.0,0,0,0,0,128
2868775.0,0,0,0,32,96
2868785.0,0,0,0,32,96
2868805.0,0,0,0,64,64
2868851.0,0,0,0,96,32
2868863.0,0,0,0,128,0
2868863.0,0,0,0,0,128
2869030.0,0,0,0,128,0
2869030.0,0,0,0,28,100
2869041.0,0,0,0,28,100
2869173.0,0,0,0,29,99
2869203.0,0,0,0,30,98
2869230.0,0,0,0,30,98
2869230.0,0,0,0,29,99
2869375.0,0,0,0,30,98
2869417.0,0,0,0,31,97
2869525.0,0,0,0,63,65
2869525.0,0,0,0,31,97
2869551.0,0,0,0,31,97
2869551.0,0,0,0,30,98
2869576.0,0,0,0,62,66
2869576.0,0,0,0,30,98
2869613.0,0,0,0,62,66
2869613.0,0,0,0,30,98
2869703.0,0,0,0,31,97
2869718.0,0,0,0,31,97
2869744.0,0,0,0,31,97
2869746.0,0,0,0,32,96
2869746.0,0,0,0,0,128
2869755.0,0,0,0,0,128
2869784.0,0,0,0,32,96
2869784.0,0,0,0,29,99
2869789.0,0,0,0,30,98
2869791.0,0,0,0,31,97
2869806.0,0,0,0,32,96
2869961.0,0,0,0,64,64
2870234.0,0,0,0,64,64
2870234.0,0,0,0,32,96
2870418.0,0,0,0,64,64
2870432.0,0,0,0,96,32
2870543.0,0,0,0,128,0
2870691.0,0,0,0,128,0
2870710.0,0,0,0,128,0
2870710.0,0,0,0,127,1
2870792.0,0,0,0,127,1
2870792.0,0,0,0,95,33
2870949.0,0,0,0,96,32
2871309.0,0,0,0,128,0
2871311.0,0,0,0,128,0
2871311.0,0,0,0,127,1
2871319.0,0,0,0,127,1
2871319.0,0,0,0,126,2
2871325.0,0,0,0,127,1
2871328.0,0,0,0,127,1
2871328.0,0,0,0,126,2
2871333.0,0,0,0,127,1
2871337.0,0,0,0,128,0
2871359.0,0,0,0,128,0
2871359.0,0,0,0,127,1
2871447.0,0,0,0,127,1
2871447.0,0,0,0,63,65
2871475.0,0,0,0,63,65
2871601.0,0,0,0,63,65
2871601.0,0,0,0,31,97
2871620.0,0,0,0,32,96
2871730.0,0,0,0,32,96
2871833.0,0,0,0,64,64
2871902.0,0,0,0,128,0
2872068.0,0,0,0,128,0
2872068.0,0,0,0,64,64
2872225.0,0,0,0,64,64
2872276.0,0,0,0,64,64
2872297.0,0,0,0,64,64
2872297.0,0,0,0,63,65
2872313.0,0,0,0,63,65
2872351.0,0,0,0,127,1
2872399.0,0,0,0,128,0
2872484.0,0,0,0,128,0
2872546.0,0,0,0,128,0
2872546.0,0,0,0,64,64
2872661.0,0,0,0,64,64
2873006.0,0,0,0,128,0
2873118.0,0,0,0,128,0
2873243.0,0,0,0,128,0
2873456.0,0,0,0,128,0
2873456.0,0,0,0,64,64
2873874.0,0,0,0,128,0
2873955.0,0,0,0,128,0
2873955.0,0,0,0,127,1
2873966.0,0,0,0,127,1
2873966.0,0,0,0,63,65
2873973.0,0,0,0,64,64
2874009.0,0,0,0,64,64
2874167.0,0,0,0,128,0
2874281.0,0,0,0,128,0
2874281.0,0,0,0,127,1
2874418.0,0,0,0,128,0
2874602.0,0,0,0,128,0
2875051.0,0,0,0,128,0
2875149.0,0,0,0,128,0
2875149.0,0,0,0,127,1
2875209.0,0,0,0,128,0
2875497.0,0,0,0,128,0
2875497.0,0,0,0,126,2
2875590.0,0,0,0,128,0
2875706.0,0,0,0,128,0
2875767.0,0,0,0,128,0
2875767.0,0,0,0,96,32
2875984.0,0,0,0,128,0
2876178.0,0,0,0,128,0
2876178.0,0,0,0,96,32
2876574.0,0,0,0,96,32
2876586.0,0,0,0,128,0
2876867.0,0,0,0,128,0
2876867.0,0,0,60,68,0
2877118.0,0,0,60,68,0
2877118.0,0,0,61,67,0
2877909.0,0,0,61,67,0
2877909.0,0,0,62,66,0
2878061.0,0,0,62,66,0
2878185.0,0,0,62,66,0
2878290.0,0,0,62,66,0
2878290.0,0,0,64,64,0
2878684.0,0,0,64,64,0
2878684.0,0,0,96,32,0
2879286.0,0,0,96,32,0
2879286.0,0,0,128,0,0
2879567.0,60,0,68,0,0
2879607.0,60,0,68,0,0
2879818.0,61,0,67,0,0
2880000.0,61,0,67,0,0
2880205.0,61,0,67,0,0
2880394.0,61,0,67,0,0
2880609.0,62,0,66,0,0
2880681.0,62,0,66,0,0
2880797.0,62,0,66,0,0
2880858.0,62,0,66,0,0
2880861.0,62,0,66,0,0
2880990.0,64,0,64,0,0
2881384.0,96,0,32,0,0
2881882.0,96,0,32,0,0
2881986.0,128,0,0,0,0
2881986.0,0,128,0,0,0
2883786.0,0,0,0,128,0
2883786.0,0,0,0,0,128
2883842.0,0,0,0,128,0
2883842.0,0,0,0,0,128
2884609.0,0,0,0,128,0
2884609.0,0,0,0,0,128
2884881.0,0,0,0,64,64
2884881.0,0,0,0,29,99
2884889.0,0,0,0,30,98
2884897.0,0,0,0,31,97
2884900.0,0,0,0,32,96
2884900.0,0,0,0,0,128
2884904.0,0,0,0,32,96
2884904.0,0,0,0,0,128
2884970.0,0,0,0,32,96
2885000.0,0,0,0,96,32
2885000.0,0,0,0,0,128
2885393.0,0,0,0,32,96
2885418.0,0,0,0,64,64
2887581.0,0,0,0,64,64
2887670.0,0,0,0,64,64
2888093.0,0,0,0,64,64
2888093.0,0,0,32,32,64
2888118.0,0,0,32,32,64
2888118.0,0,0,64,0,64
2889706.0,0,0,64,0,64
2889789.0,0,0,64,0,64
2890070.0,0,0,64,0,64
2890793.0,32,0,32,0,64
2890793.0,23,9,32,0,64
2890818.0,55,9,0,0,64
2892593.0,55,0,0,9,64
2892593.0,55,0,0,0,73
2892643.0,55,0,0,1,72
2892867.0,55,0,0,9,64
2894196.0,55,0,0,73,0
2894196.0,0,55,0,73,0
2895343.0,0,55,0,73,0
2895996.0,0,0,0,128,0
2895996.0,0,0,0,0,128
2901004.0,0,0,0,0,128
2906926.0,0,0,0,128,0
2906926.0,0,0,0,64,64
2909626.0,0,0,0,64,64
2909626.0,0,0,64,0,64
2912326.0,64,0,0,0,64
2913584.0,64,0,0,0,64
2913584.0,48,16,0,0,64
2914232.0,48,16,0,0,64
2914232.0,32,32,0,0,64
2915384.0,32,16,0,16,64
2915384.0,32,16,0,0,80
2915512.0,32,16,0,0,80
2915512.0,16,32,0,0,80
2915570.0,16,32,0,16,64
2915836.0,16,32,0,16,64
2915836.0,16,32,0,0,80
2916032.0,16,16,0,16,80
2916032.0,16,16,0,0,96
2916058.0,16,16,0,16,80
2916099.0,16,16,0,32,64
2916156.0,16,16,0,32,64
2916156.0,16,16,0,16,80
2916281.0,16,16,0,32,64
2916896.0,16,16,0,32,64
2916896.0,16,16,0,16,80
2917102.0,16,16,0,32,64
2917312.0,16,0,0,48,64
2917312.0,16,0,0,32,80
2917339.0,16,0,0,32,80
2917339.0,16,0,0,16,96
2917509.0,16,0,0,32,80
2917512.0,16,0,0,48,64
2917778.0,16,0,0,48,64
2917778.0,16,0,0,16,96
2917850.0,16,0,0,80,32
2918174.0,16,0,0,112,0
2918270.0,16,0,0,112,0
2918758.0,16,0,0,112,0
2918799.0,16,0,0,112,0
2918981.0,16,0,0,112,0
2919802.0,16,0,0,112,0
2920212.0,16,0,0,112,0
2920212.0,16,0,16,96,0
2920550.0,16,0,16,96,0
2920550.0,16,0,80,32,0
2920562.0,16,0,80,32,0
2920562.0,16,0,80,0,32
2920874.0,16,0,80,0,32
2920982.0,16,0,80,32,0
2921681.0,16,0,80,32,0
2922912.0,32,0,64,32,0
2922912.0,0,32,64,32,0
2923250.0,64,32,0,32,0
2923682.0,64,32,0,32,0
2924209.0,64,32,0,32,0
2924209.0,32,64,0,32,0
2924581.0,32,64,0,32,0
2924581.0,16,80,0,32,0
2924712.0,16,48,0,64,0
2924712.0,16,48,0,0,64
2924742.0,16,48,0,0,64
2924742.0,0,64,0,0,64
2924820.0,0,64,0,0,64
2925396.0,0,64,0,0,64
2925504.0,0,64,0,0,64
2925996.0,0,64,0,0,64
2926009.0,0,32,0,32,64
2926009.0,0,32,0,0,96
2926106.0,0,32,0,32,64
2926106.0,0,32,0,15,81
2926124.0,0,32,0,16,80
2926179.0,0,32,0,16,80
2926179.0,0,32,0,0,96
2926379.0,0,32,0,0,96
2926381.0,0,16,0,16,96
2926381.0,0,16,0,0,112
2926417.0,0,16,0,16,96
2926417.0,0,16,0,15,97
2926438.0,0,16,0,16,96
2926458.0,0,16,0,32,80
2926458.0,0,16,0,0,112
2926542.0,0,0,0,16,112
2926542.0,0,0,0,0,128
2926559.0,0,0,0,16,112
2926662.0,0,0,0,16,112
2926677.0,0,0,0,48,80
2926677.0,0,0,0,15,113
2926690.0,0,0,0,16,112
2926711.0,0,0,0,16,112
2926711.0,0,0,0,15,113
2926719.0,0,0,0,16,112
2926900.0,0,0,0,16,112
2927013.0,0,0,0,32,96
2927013.0,0,0,0,0,128
2927031.0,0,0,0,32,96
2927191.0,0,0,0,32,96
2927406.0,0,0,0,64,64
2927406.0,0,0,0,0,128
2927474.0,0,0,0,0,128
2927481.0,0,0,0,0,128
2927634.0,0,0,0,0,128
2927692.0,0,0,0,64,64
2927692.0,0,0,0,62,66
2927707.0,0,0,0,63,65
2927715.0,0,0,0,64,64
2927715.0,0,0,0,0,128
2927911.0,0,0,0,0,128
2927939.0,0,0,0,0,128
2927957.0,0,0,0,0,128
2927990.0,0,0,0,64,64
2927990.0,0,0,0,61,67
2928002.0,0,0,0,62,66
2928007.0,0,0,0,63,65
2928010.0,0,0,0,64,64
2928016.0,0,0,0,64,64
2928016.0,0,0,0,0,128
2928223.0,0,0,0,64,64
2928806.0,0,0,0,64,64
2929117.0,0,0,0,64,64
2929259.0,0,0,0,64,64
2929377.0,0,0,0,64,64
2929690.0,0,0,0,128,0
2929731.0,0,0,0,128,0
2930392.0,0,0,0,128,0
2930576.0,0,0,0,128,0
2930576.0,0,0,0,64,64
2930690.0,0,0,0,64,64
2930785.0,0,0,0,128,0
2930808.0,0,0,0,128,0
2930808.0,0,0,0,64,64
2930923.0,0,0,0,64,64
2931103.0,0,0,0,64,64
2931103.0,0,0,0,63,65
2931106.0,0,0,0,127,1
2931108.0,0,0,0,127,1
2931108.0,0,0,0,126,2
2931115.0,0,0,0,127,1
2931123.0,0,0,0,128,0
2931163.0,0,0,0,128,0
2931163.0,0,0,0,64,64
2931450.0,0,0,0,128,0
2931587.0,0,0,0,128,0
2931587.0,0,0,0,64,64
2932132.0,0,0,0,128,0
2932267.0,0,0,0,128,0
2932267.0,0,0,0,64,64
2932390.0,0,0,0,64,64
2932615.0,0,0,0,64,64
2932615.0,0,0,0,32,96
2932672.0,0,0,0,32,96
2932672.0,0,0,0,31,97
2932675.0,0,0,0,95,33
2932676.0,0,0,0,95,33
2932676.0,0,0,0,94,34
2932683.0,0,0,0,95,33
2932698.0,0,0,0,96,32
2932758.0,0,0,0,96,32
2932758.0,0,0,0,32,96
2932849.0,0,0,0,64,64
2932916.0,0,0,0,128,0
2932938.0,0,0,0,128,0
2932938.0,0,0,0,96,32
2933086.0,0,0,0,96,32
2933086.0,0,0,0,32,96
2933409.0,0,0,0,96,32
2933413.0,0,0,0,128,0
2933485.0,0,0,0,128,0
2933664.0,0,0,0,128,0
2933664.0,0,0,0,64,64
2933709.0,0,0,0,64,64
2933709.0,0,0,0,32,96
2933806.0,0,0,0,32,96
2934114.0,0,0,0,64,64
2934124.0,0,0,0,128,0
2934150.0,0,0,0,128,0
2934323.0,0,0,0,128,0
2934323.0,0,0,0,64,64
2934581.0,0,0,0,128,0
2934583.0,0,0,0,128,0
2934583.0,0,0,0,127,1
2934593.0,0,0,0,127,1
2934593.0,0,0,0,95,33
2934606.0,0,0,0,96,32
2934716.0,0,0,0,128,0
2934832.0,0,0,0,128,0
2935375.0,0,0,0,128,0
2935549.0,0,0,0,128,0
2935616.0,0,0,0,128,0
2936109.0,0,0,0,128,0
2936113.0,0,0,0,128,0
2936824.0,0,0,0,128,0
2936824.0,0,0,31,97,0
2937281.0,0,0,31,97,0
2937281.0,0,0,95,33,0
2937306.0,0,0,95,33,0
2937306.0,0,0,96,32,0
2937416.0,0,0,96,32,0
2937416.0,0,0,128,0,0
2939524.0,31,0,97,0,0
2939981.0,95,0,33,0,0
2940006.0,96,0,32,0,0
2940116.0,128,0,0,0,0
2941826.0,128,0,0,0,0
2941826.0,96,32,0,0,0
2942151.0,96,32,0,0,0
2942151.0,32,96,0,0,0
2942525.0,32,96,0,0,0
2943046.0,32,96,0,0,0
2943428.0,32,96,0,0,0
2943440.0,32,96,0,0,0
2943497.0,32,96,0,0,0
2943626.0,32,64,0,32,0
2943626.0,32,64,0,0,32
2943841.0,32,64,0,32,0
2943841.0,0,96,0,32,0
2943951.0,0,32,0,96,0
2943951.0,0,32,0,32,64
2944261.0,0,32,0,96,0
2944261.0,0,32,0,32,64
2944641.0,0,32,0,96,0
2944641.0,0,32,0,94,2
2944653.0,0,32,0,95,1
2944664.0,0,32,0,96,0
2944664.0,0,32,0,32,64
2944718.0,0,32,0,32,64
2944943.0,0,32,0,96,0
2944943.0,0,32,0,32,64
2945100.0,0,32,0,32,64
2945248.0,0,32,0,32,64
2945304.0,0,32,0,32,64
2945324.0,0,32,0,96,0
2945324.0,0,32,0,94,2
2945339.0,0,32,0,95,1
2945424.0,0,32,0,96,0
2945424.0,0,32,0,32,64
2945463.0,0,32,0,32,64
2945600.0,0,32,0,32,64
2945641.0,0,0,0,64,64
2945641.0,0,0,0,0,128
2945718.0,0,0,0,64,64
2945718.0,0,0,0,62,66
2945742.0,0,0,0,63,65
2945862.0,0,0,0,64,64
2945866.0,0,0,0,64,64
2945866.0,0,0,0,63,65
2945874.0,0,0,0,64,64
2945935.0,0,0,0,128,0
2945943.0,0,0,0,128,0
2945943.0,0,0,0,64,64
2946765.0,0,0,0,64,64
2946765.0,0,0,0,32,96
2946851.0,0,0,0,64,64
2946882.0,0,0,0,64,64
2946882.0,0,0,0,32,96
2947341.0,0,0,0,32,96
2947829.0,0,0,0,64,64
2948024.0,0,0,0,64,64
2948418.0,0,0,0,64,64
2948635.0,0,0,0,64,64
2949551.0,0,0,0,64,64
2949551.0,0,0,32,32,64
2949798.0,0,0,32,32,64
2949798.0,0,0,32,31,65
2949922.0,0,0,32,32,64
2950079.0,0,0,32,32,64
2950079.0,0,0,32,31,65
2950178.0,0,0,32,32,64
2950529.0,0,0,32,32,64
2950529.0,0,0,62,2,64
2952251.0,32,0,30,2,64
2952622.0,32,0,30,2,64
2952622.0,32,0,31,1,64
2952878.0,32,0,31,1,64
2952878.0,32,0,32,0,64
2953229.0,62,0,2,0,64
2955322.0,63,0,1,0,64
2955578.0,64,0,0,0,64
2957296.0,64,0,0,0,64
2957296.0,32,32,0,0,64
2957753.0,32,32,0,0,64
2958284.0,32,32,0,0,64
2958932.0,32,32,0,0,64
2959096.0,32,0,0,32,64
2959096.0,32,0,0,0,96
2959433.0,32,0,0,0,96
2959517.0,32,0,0,32,64
2959517.0,0,32,0,32,64
2959849.0,0,32,0,32,64
2960354.0,0,32,0,32,64
2960926.0,0,32,0,96,0
2960926.0,0,32,0,80,16
2961317.0,0,0,0,112,16
2961317.0,0,0,0,32,96
2961376.0,0,0,0,48,80
2961376.0,0,0,0,47,81
2961392.0,0,0,0,48,80
2961793.0,0,0,0,112,16
2961793.0,0,0,0,16,112
2961904.0,0,0,0,32,96
2962165.0,0,0,0,64,64
2962246.0,0,0,0,128,0
2963626.0,0,0,0,128,0
2964493.0,0,0,0,128,0
2964493.0,0,0,16,112,0
2964604.0,0,0,16,112,0
2964604.0,0,0,32,96,0
2964865.0,0,0,32,96,0
2964865.0,0,0,64,64,0
2964946.0,0,0,64,64,0
2964946.0,0,0,128,0,0
2967193.0,16,0,112,0,0
2967258.0,16,0,112,0,0
2967304.0,32,0,96,0,0
2967565.0,64,0,64,0,0
2967646.0,128,0,0,0,0
2967646.0,0,128,0,0,0
2969446.0,0,0,0,128,0
2969446.0,0,0,0,0,128
2978189.0,0,0,0,0,128
2980371.0,0,0,0,128,0
2980371.0,0,0,0,0,128
2980458.0,0,0,0,128,0
2981207.0,0,0,0,128,0
2981207.0,0,0,0,64,64
2981602.0,0,0,0,128,0
2981604.0,0,0,0,128,0
2981604.0,0,0,0,127,1
2981630.0,0,0,0,128,0
2981679.0,0,0,0,128,0
2981679.0,0,0,0,64,64
2981681.0,0,0,0,64,64
2981681.0,0,0,0,63,65
2981697.0,0,0,0,64,64
2983158.0,0,0,0,64,64
2983896.0,0,0,0,64,64
2983896.0,0,0,0,63,65
2983992.0,0,0,0,64,64
2984043.0,0,0,0,64,64
2984043.0,0,0,0,63,65
2984189.0,0,0,0,64,64
2984276.0,0,0,0,64,64
2984276.0,0,0,0,63,65
2984302.0,0,0,0,63,65
2984302.0,0,0,59,4,65
2984330.0,0,0,59,4,65
2984330.0,0,0,60,3,65
2984397.0,0,0,60,3,65
2984397.0,0,0,61,2,65
2984403.0,0,0,61,3,64
2986692.0,0,0,61,3,64
2986692.0,0,0,62,2,64
2986889.0,0,0,62,2,64
2986889.0,0,0,63,1,64
2987002.0,59,0,4,1,64
2987030.0,60,0,3,1,64
2987097.0,61,0,2,1,64
2987103.0,61,0,2,1,64
2987103.0,61,0,3,0,64
2987553.0,61,0,3,0,64
2987553.0,60,1,3,0,64
2987705.0,60,1,3,0,64
2987705.0,59,2,3,0,64
2989353.0,59,1,3,1,64
2989353.0,59,1,3,0,65
2989392.0,60,1,2,0,65
2989475.0,60,1,2,1,64
2989505.0,60,0,2,2,64
2989505.0,60,0,2,1,65
2989589.0,61,0,1,1,65
2989610.0,61,0,1,2,64
2989803.0,62,0,0,2,64
2992175.0,62,0,0,2,64
2992175.0,62,0,1,1,64
2992310.0,62,0,1,1,64
2992310.0,62,0,2,0,64
2992606.0,62,0,2,64,0
2993501.0,62,0,2,64,0
2993501.0,62,0,2,63,1
2993628.0,62,0,2,64,0
2993699.0,62,0,2,64,0
2993699.0,62,0,2,63,1
2993817.0,62,0,2,64,0
2994070.0,62,0,2,64,0
2994070.0,62,0,2,63,1
2994168.0,62,0,2,64,0
2994203.0,62,0,2,64,0
2994203.0,62,0,2,63,1
2994314.0,62,0,2,64,0
2994875.0,63,0,1,64,0
2995010.0,64,0,0,64,0
2995306.0,64,0,0,64,0
2995306.0,64,0,60,4,0
2996328.0,64,0,60,4,0
2996328.0,64,0,61,3,0
2996517.0,64,0,61,3,0
2996517.0,64,0,62,2,0
2996868.0,64,0,62,2,0
2996868.0,64,0,63,1,0
2997014.0,64,0,63,1,0
2997014.0,64,0,64,0,0
2998006.0,124,0,4,0,0
2999028.0,125,0,3,0,0
2999217.0,126,0,2,0,0
2999568.0,127,0,1,0,0
2999614.0,127,0,1,0,0
2999614.0,126,1,1,0,0
2999714.0,127,1,0,0,0
2999859.0,127,1,0,0,0
2999859.0,126,2,0,0,0
3000134.0,126,2,0,0,0
3000134.0,125,3,0,0,0
3000771.0,125,3,0,0,0
3000771.0,124,4,0,0,0
3001414.0,124,3,0,1,0
3001414.0,124,3,0,0,1
3001573.0,124,3,0,1,0
3001659.0,124,2,0,2,0
3001659.0,124,2,0,1,1
3001755.0,124,2,0,2,0
3001934.0,124,1,0,3,0
3001934.0,124,1,0,2,1
3002051.0,124,1,0,3,0
3002571.0,124,0,0,4,0
3002571.0,124,0,0,3,1
3002681.0,124,0,0,4,0
3004273.0,124,0,0,4,0
3004273.0,124,0,1,3,0
3004455.0,124,0,1,3,0
3004455.0,124,0,2,2,0
3004751.0,124,0,2,2,0
3004751.0,124,0,3,1,0
3005381.0,124,0,3,1,0
3005381.0,124,0,4,0,0
3006973.0,125,0,3,0,0
3007155.0,126,0,2,0,0
3007371.0,126,0,2,0,0
3007371.0,62,64,2,0,0
3007451.0,63,64,1,0,0
3008081.0,64,64,0,0,0
3009087.0,64,64,0,0,0
3009087.0,0,128,0,0,0
3009171.0,0,64,0,64,0
3009171.0,0,64,0,0,64
3009304.0,0,64,0,0,64
3009504.0,0,64,0,0,64
3009694.0,0,64,0,0,64
3009878.0,0,64,0,0,64
3010082.0,0,64,0,0,64
3010094.0,0,64,0,0,64
3010219.0,0,64,0,0,64
3010309.0,0,64,0,0,64
3010478.0,0,64,0,0,64
3010575.0,0,64,0,0,64
3010776.0,0,64,0,0,64
3010887.0,0,0,0,64,64
3010887.0,0,0,0,0,128
3010998.0,0,0,0,64,64
3010998.0,0,0,0,0,128
3010999.0,0,0,0,0,128
3011104.0,0,0,0,64,64
3011104.0,0,0,0,0,128
3011176.0,0,0,0,0,128
3011210.0,0,0,0,64,64
3011210.0,0,0,0,0,128
3011261.0,0,0,0,0,128
3011317.0,0,0,0,64,64
3011317.0,0,0,0,0,128
3011412.0,0,0,0,0,128
3011428.0,0,0,0,64,64
3011428.0,0,0,0,0,128
3011429.0,0,0,0,64,64
3011429.0,0,0,0,0,128
3011536.0,0,0,0,64,64
3011536.0,0,0,0,60,68
3011555.0,0,0,0,60,68
3011592.0,0,0,0,64,64
3011592.0,0,0,0,0,128
3011695.0,0,0,0,0,128
3011697.0,0,0,0,64,64
3011697.0,0,0,0,60,68
3011749.0,0,0,0,60,68
3011753.0,0,0,0,64,64
3011753.0,0,0,0,0,128
3011876.0,0,0,0,64,64
3011876.0,0,0,0,0,128
3011925.0,0,0,0,0,128
3011983.0,0,0,0,64,64
3011983.0,0,0,0,0,128
3012090.0,0,0,0,64,64
3012090.0,0,0,0,60,68
3012146.0,0,0,0,64,64
3012146.0,0,0,0,0,128
3012252.0,0,0,0,64,64
3012252.0,0,0,0,0,128
3012360.0,0,0,0,64,64
3012360.0,0,0,0,12,116
3012381.0,0,0,0,20,108
3012416.0,0,0,0,24,104
3012455.0,0,0,0,24,104
3012583.0,0,0,0,56,72
3012619.0,0,0,0,56,72
3012723.0,0,0,0,56,72
3012805.0,0,0,0,56,72
3012978.0,0,0,0,56,72
3012986.0,0,0,0,56,72
3013025.0,0,0,0,64,64
3013025.0,0,0,0,0,128
3013075.0,0,0,0,0,128
3013143.0,0,0,0,64,64
3013143.0,0,0,0,0,128
3013144.0,0,0,0,0,128
3013259.0,0,0,0,0,128
3013264.0,0,0,0,64,64
3013264.0,0,0,0,0,128
3013284.0,0,0,0,0,128
3013312.0,0,0,0,0,128
3013399.0,0,0,0,0,128
3013405.0,0,0,0,0,128
3013457.0,0,0,0,64,64
3013457.0,0,0,0,0,128
3013491.0,0,0,0,0,128
3013517.0,0,0,0,0,128
3013579.0,0,0,0,64,64
3013579.0,0,0,0,0,128
3013616.0,0,0,0,0,128
3013675.0,0,0,0,0,128
3013700.0,0,0,0,64,64
3013700.0,0,0,0,44,84
3013791.0,0,0,0,44,84
3013796.0,0,0,0,44,84
3013851.0,0,0,0,48,80
3013872.0,0,0,0,48,80
3013904.0,0,0,0,48,80
3013956.0,0,0,0,48,80
3013974.0,0,0,0,64,64
3013974.0,0,0,0,0,128
3014018.0,0,0,0,0,128
3014084.0,0,0,0,0,128
3014104.0,0,0,0,64,64
3014104.0,0,0,0,31,97
3014127.0,0,0,0,32,96
3014151.0,0,0,0,32,96
3014202.0,0,0,0,32,96
3014236.0,0,0,0,32,96
3014242.0,0,0,0,32,96
3014281.0,0,0,0,64,64
3014281.0,0,0,0,0,128
3014329.0,0,0,0,0,128
3014333.0,0,0,0,64,64
3014333.0,0,0,0,0,128
3014355.0,0,0,0,0,128
3014392.0,0,0,0,0,128
3014397.0,0,0,0,0,128
3014408.0,0,0,0,64,64
3014408.0,0,0,0,0,128
3014457.0,0,0,0,0,128
3014505.0,0,0,0,4,124
3014505.0,0,0,0,3,125
3014530.0,0,0,0,67,61
3014530.0,0,0,0,3,125
3014532.0,0,0,0,4,124
3014532.0,0,0,0,0,128
3014540.0,0,0,0,0,128
3014541.0,0,0,0,0,128
3014605.0,0,0,0,64,64
3014605.0,0,0,0,0,128
3014606.0,0,0,0,4,124
3014615.0,0,0,0,8,120
3014643.0,0,0,0,8,120
3014645.0,0,0,0,72,56
3014645.0,0,0,0,8,120
3014659.0,0,0,0,24,104
3014659.0,0,0,0,8,120
3014684.0,0,0,0,72,56
3014684.0,0,0,0,8,120
3014711.0,0,0,0,8,120
3014715.0,0,0,0,72,56
3014715.0,0,0,0,8,120
3014747.0,0,0,0,72,56
3014747.0,0,0,0,8,120
3014783.0,0,0,0,72,56
3014783.0,0,0,0,8,120
3014790.0,0,0,0,8,120
3014795.0,0,0,0,16,112
3014795.0,0,0,0,0,128
3014801.0,0,0,0,0,128
3014819.0,0,0,0,0,128
3014820.0,0,0,0,64,64
3014820.0,0,0,0,0,128
3014861.0,0,0,0,64,64
3014861.0,0,0,0,0,128
3014863.0,0,0,0,0,128
3014884.0,0,0,0,64,64
3014884.0,0,0,0,28,100
3014902.0,0,0,0,28,100
3014904.0,0,0,0,28,100
3014904.0,0,0,0,27,101
3014925.0,0,0,0,43,85
3014932.0,0,0,0,44,84
3014947.0,0,0,0,44,84
3014947.0,0,0,0,40,88
3015004.0,0,0,0,40,88
3015009.0,0,0,0,44,84
3015023.0,0,0,0,48,80
3015060.0,0,0,0,48,80
3015074.0,0,0,0,64,64
3015074.0,0,0,0,0,128
3015081.0,0,0,0,0,128
3015089.0,0,0,0,32,96
3015089.0,0,0,0,0,128
3015111.0,0,0,0,64,64
3015111.0,0,0,0,0,128
3015141.0,0,0,0,0,128
3015149.0,0,0,0,0,128
3015160.0,0,0,0,64,64
3015160.0,0,0,0,0,128
3015201.0,0,0,0,64,64
3015201.0,0,0,0,0,128
3015207.0,0,0,0,0,128
3015220.0,0,0,0,0,128
3015240.0,0,0,0,64,64
3015240.0,0,0,0,0,128
3015296.0,0,0,0,0,128
3015300.0,0,0,0,64,64
3015300.0,0,0,0,0,128
3015318.0,0,0,0,32,96
3015318.0,0,0,0,16,112
3015336.0,0,0,0,80,48
3015336.0,0,0,0,16,112
3015338.0,0,0,0,16,112
3015338.0,0,0,0,15,113
3015348.0,0,0,0,16,112
3015362.0,0,0,0,32,96
3015363.0,0,0,0,48,80
3015364.0,0,0,0,48,80
3015373.0,0,0,0,112,16
3015373.0,0,0,0,48,80
3015374.0,0,0,0,112,16
3015374.0,0,0,0,48,80
3015405.0,0,0,0,112,16
3015405.0,0,0,0,48,80
3015451.0,0,0,0,112,16
3015451.0,0,0,0,48,80
3015452.0,0,0,0,48,80
3015452.0,0,0,0,16,112
3015485.0,0,0,0,80,48
3015485.0,0,0,0,16,112
3015526.0,0,0,0,80,48
3015526.0,0,0,0,16,112
3015537.0,0,0,0,16,112
3015537.0,0,0,0,0,128
3015579.0,0,0,0,64,64
3015589.0,0,0,0,64,64
3015589.0,0,0,0,0,128
3015594.0,0,0,0,16,112
3015628.0,0,0,0,16,112
3015628.0,0,0,0,12,116
3015650.0,0,0,0,76,52
3015656.0,0,0,0,108,20
3015700.0,0,0,0,112,16
3015784.0,0,0,0,112,16
3015784.0,0,0,0,80,48
3015822.0,0,0,0,96,32
3016195.0,0,0,0,128,0
3016196.0,0,0,0,128,0
3016196.0,0,0,0,127,1
3016210.0,0,0,0,128,0
3016298.0,0,0,0,128,0
3016298.0,0,0,0,124,4
3016364.0,0,0,0,124,4
3016364.0,0,0,0,123,5
3016372.0,0,0,0,124,4
3016400.0,0,0,0,124,4
3016425.0,0,0,0,124,4
3016425.0,0,0,0,92,36
3016487.0,0,0,0,96,32
3016496.0,0,0,0,96,32
3016496.0,0,0,0,80,48
3016584.0,0,0,0,96,32
3016681.0,0,0,0,128,0
3016804.0,0,0,0,128,0
3016807.0,0,0,0,128,0
3016807.0,0,0,0,96,32
3017010.0,0,0,0,96,32
3017010.0,0,0,0,32,96
3017095.0,0,0,0,32,96
3017095.0,0,0,0,28,100
3017126.0,0,0,0,92,36
3017181.0,0,0,0,96,32
3017198.0,0,0,0,96,32
3017198.0,0,0,0,95,33
3017205.0,0,0,0,95,33
3017219.0,0,0,0,96,32
3017230.0,0,0,0,96,32
3017244.0,0,0,0,96,32
3017244.0,0,0,0,92,36
3017263.0,0,0,0,124,4
3017265.0,0,0,0,124,4
3017265.0,0,0,0,123,5
3017272.0,0,0,0,127,1
3017283.0,0,0,0,128,0
3017285.0,0,0,0,128,0
3017285.0,0,0,0,120,8
3017306.0,0,0,0,120,8
3017320.0,0,0,0,128,0
3017345.0,0,0,0,128,0
3017359.0,0,0,0,128,0
3017384.0,0,0,0,128,0
3017415.0,0,0,0,128,0
3017442.0,0,0,0,128,0
3017442.0,0,0,0,124,4
3017447.0,0,0,0,124,4
3017465.0,0,0,0,128,0
3017483.0,0,0,0,128,0
3017584.0,0,0,0,128,0
3017637.0,0,0,0,128,0
3017637.0,0,0,0,124,4
3017791.0,0,0,0,124,4
3017791.0,0,0,0,123,5
3017799.0,0,0,0,124,4
3017867.0,0,0,0,124,4
3017867.0,0,0,0,123,5
3017868.0,0,0,0,127,1
3017874.0,0,0,0,128,0
3018018.0,0,0,0,128,0
3018036.0,0,0,0,128,0
3018073.0,0,0,0,128,0
3018074.0,0,0,0,128,0
3018105.0,0,0,0,128,0
3018122.0,0,0,0,128,0
3018122.0,0,0,0,120,8
3018124.0,0,0,0,128,0
3018150.0,0,0,0,128,0
3018150.0,0,0,0,120,8
3018151.0,0,0,0,120,8
3018178.0,0,0,0,128,0
3018178.0,0,0,0,120,8
3018185.0,0,0,0,120,8
3018226.0,0,0,0,120,8
3018248.0,0,0,0,128,0
3018279.0,0,0,0,128,0
3018294.0,0,0,0,128,0
3018350.0,0,0,0,128,0
3018356.0,0,0,0,128,0
3018455.0,0,0,0,128,0
3018455.0,0,0,0,96,32
3018484.0,0,0,0,128,0
3018504.0,0,0,0,128,0
3018504.0,0,0,0,96,32
3018522.0,0,0,0,96,32
3018529.0,0,0,0,128,0
3018537.0,0,0,0,128,0
3018537.0,0,0,0,96,32
3018563.0,0,0,0,128,0
3018615.0,0,0,0,128,0
3018615.0,0,0,0,96,32
3018641.0,0,0,0,128,0
3018671.0,0,0,0,128,0
3018671.0,0,0,0,124,4
3018698.0,0,0,0,128,0
3019103.0,0,0,0,128,0
3019103.0,0,0,0,96,32
3019129.0,0,0,0,128,0
3019307.0,0,0,0,128,0
3019307.0,0,0,0,96,32
3019345.0,0,0,0,96,32
3019345.0,0,0,0,88,40
3019348.0,0,0,0,88,40
3019348.0,0,0,0,56,72
3019376.0,0,0,0,88,40
3019381.0,0,0,0,88,40
3019408.0,0,0,0,88,40
3019408.0,0,0,0,56,72
3019434.0,0,0,0,88,40
3019475.0,0,0,0,88,40
3019475.0,0,0,0,72,56
3019500.0,0,0,0,88,40
3019649.0,0,0,0,88,40
3019649.0,0,0,0,56,72
3019675.0,0,0,0,88,40
3019826.0,0,0,0,88,40
3019846.0,0,0,0,88,40
3019846.0,0,0,0,56,72
3019877.0,0,0,0,88,40
3019946.0,0,0,0,88,40
3019946.0,0,0,0,72,56
3019963.0,0,0,0,72,56
3019972.0,0,0,0,88,40
3020163.0,0,0,0,88,40
3020163.0,0,0,0,72,56
3020165.0,0,0,0,72,56
3020190.0,0,0,0,88,40
3020299.0,0,0,0,88,40
3020299.0,0,0,0,72,56
3020325.0,0,0,0,88,40
3020379.0,0,0,0,88,40
3020379.0,0,0,0,80,48
3020395.0,0,0,0,80,48
3020395.0,0,0,0,76,52
3020435.0,0,0,0,76,52
3020435.0,0,0,0,68,60
3020438.0,0,0,0,76,52
3020461.0,0,0,0,84,44
3020529.0,0,0,0,84,44
3020529.0,0,0,0,20,108
3020544.0,0,0,0,24,104
3020549.0,0,0,0,24,104
3020549.0,0,0,0,16,112
3020579.0,0,0,0,24,104
3020707.0,0,0,0,88,40
3020744.0,0,0,0,88,40
3020744.0,0,0,0,80,48
3020787.0,0,0,0,88,40
3020797.0,0,0,0,88,40
3020797.0,0,0,0,56,72
3020800.0,0,0,0,56,72
3020800.0,0,0,0,48,80
3020831.0,0,0,0,56,72
3020924.0,0,0,0,88,40
3020960.0,0,0,0,88,40
3020960.0,0,0,0,80,48
3021009.0,0,0,0,80,48
3021009.0,0,0,0,72,56
3021014.0,0,0,0,80,48
3021036.0,0,0,0,88,40
3021061.0,0,0,0,88,40
3021061.0,0,0,0,80,48
3021109.0,0,0,0,80,48
3021109.0,0,0,0,16,112
3021114.0,0,0,0,16,112
3021114.0,0,0,0,12,116
3021138.0,0,0,0,76,52
3021154.0,0,0,0,76,52
3021154.0,0,0,0,44,84
3021161.0,0,0,0,44,84
3021161.0,0,0,0,28,100
3021182.0,0,0,0,44,84
3021184.0,0,0,0,44,84
3021188.0,0,0,0,44,84
3021188.0,0,0,0,12,116
3021199.0,0,0,0,16,112
3021229.0,0,0,0,48,80
3021263.0,0,0,0,48,80
3021271.0,0,0,0,48,80
3021271.0,0,0,0,32,96
3021288.0,0,0,0,48,80
3021341.0,0,0,0,48,80
3021385.0,0,0,0,56,72
3021393.0,0,0,0,88,40
3021441.0,0,0,0,88,40
3021441.0,0,0,0,24,104
3021453.0,0,0,0,88,40
3021464.0,0,0,0,88,40
3021464.0,0,0,0,56,72
3021473.0,0,0,0,56,72
3021473.0,0,0,0,24,104
3021474.0,0,0,0,56,72
3021481.0,0,0,0,56,72
3021481.0,0,0,0,40,88
3021495.0,0,0,0,88,40
3021536.0,0,0,0,88,40
3021536.0,0,0,0,56,72
3021655.0,0,0,0,56,72
3021655.0,0,0,0,40,88
3021687.0,0,0,0,56,72
3021705.0,0,0,0,56,72
3021705.0,0,0,0,24,104
3021750.0,0,0,0,56,72
3021829.0,0,0,0,56,72
3022040.0,0,0,0,56,72
3022040.0,0,0,0,48,80
3022076.0,0,0,0,48,80
3022127.0,0,0,0,56,72
3022134.0,0,0,0,56,72
3022200.0,0,0,0,56,72
3022375.0,0,0,0,56,72
3022577.0,0,0,0,56,72
3022582.0,0,0,0,88,40
3022586.0,0,0,0,88,40
3022586.0,0,0,0,56,72
3022734.0,0,0,0,56,72
3022734.0,0,0,0,24,104
3022826.0,0,0,0,24,104
3022826.0,0,0,0,23,105
3022850.0,0,0,0,24,104
3022852.0,0,0,0,56,72
3022920.0,0,0,0,56,72
3022920.0,0,0,0,24,104
3023003.0,0,0,0,24,104
3023003.0,0,0,0,8,120
3023025.0,0,0,0,8,120
3023090.0,0,0,0,24,104
3023138.0,0,0,0,24,104
3023161.0,0,0,0,24,104
3023205.0,0,0,0,24,104
3023205.0,0,0,0,16,112
3023294.0,0,0,0,24,104
3023389.0,0,0,0,56,72
3023391.0,0,0,0,56,72
3023391.0,0,0,0,55,73
3023406.0,0,0,0,56,72
3023407.0,0,0,0,56,72
3023469.0,0,0,0,56,72
3023469.0,0,0,0,55,73
3023491.0,0,0,0,56,72
3023494.0,0,0,0,56,72
3023494.0,0,0,0,55,73
3023503.0,0,0,0,56,72
3023540.0,0,0,0,56,72
3023540.0,0,0,0,24,104
3023647.0,0,0,0,24,104
3023647.0,0,0,0,23,105
3023668.0,0,0,0,24,104
3023671.0,0,0,0,56,72
3023685.0,0,0,0,88,40
3023698.0,0,0,0,88,40
3023698.0,0,0,0,56,72
3023714.0,0,0,0,56,72
3023774.0,0,0,0,56,72
3023774.0,0,0,0,55,73
3023803.0,0,0,0,56,72
3023838.0,0,0,0,56,72
3023841.0,0,0,0,56,72
3023841.0,0,0,0,55,73
3023873.0,0,0,0,56,72
3023882.0,0,0,0,56,72
3023904.0,0,0,0,56,72
3023904.0,0,0,0,24,104
3023919.0,0,0,0,24,104
3023919.0,0,0,0,23,105
3023929.0,0,0,0,23,105
3024047.0,0,0,0,23,105
3024047.0,0,0,0,22,106
3024093.0,0,0,0,22,106
3024122.0,0,0,0,23,105
3024146.0,0,0,0,23,105
3024146.0,0,0,0,22,106
3024153.0,0,0,0,22,106
3024174.0,0,0,0,23,105
3024182.0,0,0,0,23,105
3024182.0,0,0,0,19,109
3024195.0,0,0,0,19,109
3024204.0,0,0,0,19,109
3024204.0,0,0,0,17,111
3024303.0,0,0,0,18,110
3024319.0,0,0,0,22,106
3024366.0,0,0,0,54,74
3024387.0,0,0,0,54,74
3024450.0,0,0,0,54,74
3024452.0,0,0,0,54,74
3024452.0,0,0,0,50,78
3024466.0,0,0,0,50,78
3024466.0,0,0,0,42,86
3024488.0,0,0,0,50,78
3024826.0,0,0,0,54,74
3024856.0,0,0,0,54,74
3024856.0,0,0,0,50,78
3024924.0,0,0,0,54,74
3024938.0,0,0,0,54,74
3024938.0,0,0,0,22,106
3025282.0,0,0,0,22,106
3025386.0,0,0,0,24,104
3025488.0,0,0,0,24,104
3025488.0,0,0,0,20,108
3025509.0,0,0,0,20,108
3025509.0,0,0,0,18,110
3025552.0,0,0,0,18,110
3025610.0,0,0,0,50,78
3025613.0,0,0,0,50,78
3025613.0,0,0,0,18,110
3025638.0,0,0,0,22,106
3025641.0,0,0,0,24,104
3025790.0,0,0,0,24,104
3025798.0,0,0,0,56,72
3026089.0,0,0,0,56,72
3026371.0,0,0,0,56,72
3026385.0,0,0,0,56,72
3026498.0,0,0,0,56,72
3026498.0,0,0,0,52,76
3026519.0,0,0,0,52,76
3026519.0,0,0,0,50,78
3026595.0,0,0,0,50,78
3026595.0,0,0,0,46,82
3026639.0,0,0,0,50,78
3026673.0,0,0,0,54,74
3026754.0,0,0,0,54,74
3026754.0,0,0,0,50,78
3026799.0,0,0,0,50,78
3026799.0,0,0,0,49,79
3026829.0,0,0,0,50,78
3026837.0,0,0,0,50,78
3026837.0,0,0,0,49,79
3026864.0,0,0,0,49,79
3026864.0,0,0,0,48,80
3026874.0,0,0,0,48,80
3026881.0,0,0,0,49,79
3026895.0,0,0,0,50,78
3026909.0,0,0,0,50,78
3026909.0,0,0,0,49,79
3026939.0,0,0,0,49,79
3026939.0,0,0,0,17,111
3026945.0,0,0,0,18,110
3026947.0,0,0,0,20,108
3026949.0,0,0,0,20,108
3026949.0,0,0,0,16,112
3026952.0,0,0,0,20,108
3026979.0,0,0,0,20,108
3026979.0,0,0,0,18,110
3026998.0,0,0,0,18,110
3026998.0,0,0,0,14,114
3027053.0,0,0,0,14,114
3027053.0,0,0,0,13,115
3027065.0,0,0,0,17,111
3027066.0,0,0,0,17,111
3027080.0,0,0,0,18,110
3027118.0,0,0,0,20,108
3027119.0,0,0,0,24,104
3027188.0,0,0,0,24,104
3027335.0,0,0,0,24,104
3027335.0,0,0,0,20,108
3027356.0,0,0,0,20,108
3027356.0,0,0,0,18,110
3027451.0,0,0,0,22,106
3027454.0,0,0,0,24,104
3027532.0,0,0,0,24,104
3027532.0,0,0,0,16,112
3027554.0,0,0,0,24,104
3027687.0,0,0,0,24,104
3027687.0,0,0,0,23,105
3027709.0,0,0,0,24,104
3027714.0,0,0,0,24,104
3027714.0,0,0,0,23,105
3027722.0,0,0,0,24,104
3027762.0,0,0,0,24,104
3027762.0,0,0,0,20,108
3027782.0,0,0,0,24,104
3027837.0,0,0,0,24,104
3027837.0,0,0,0,20,108
3027858.0,0,0,0,24,104
3027896.0,0,0,0,24,104
3027896.0,0,0,0,20,108
3027916.0,0,0,0,24,104
3027942.0,0,0,0,24,104
3027942.0,0,0,0,23,105
3027959.0,0,0,0,24,104
3027961.0,0,0,0,24,104
3027961.0,0,0,0,23,105
3027983.0,0,0,0,24,104
3028015.0,0,0,0,24,104
3028015.0,0,0,0,16,112
3028086.0,0,0,0,16,112
3028086.0,0,0,0,15,113
3028093.0,0,0,0,16,112
3028100.0,0,0,0,24,104
3028310.0,0,0,0,24,104
3028338.0,0,0,0,24,104
3028434.0,0,0,0,56,72
3028498.0,0,0,0,56,72
3028563.0,0,0,0,56,72
3028563.0,0,0,0,24,104
3028837.0,0,0,0,56,72
3028859.0,0,0,0,56,72
3028859.0,0,0,0,48,80
3028947.0,0,0,0,56,72
3029008.0,0,0,0,56,72
3029008.0,0,0,0,48,80
3029113.0,0,0,0,56,72
3029189.0,0,0,0,56,72
3029189.0,0,0,0,55,73
3029190.0,0,0,0,55,73
3029190.0,0,0,0,23,105
3029201.0,0,0,0,24,104
3029245.0,0,0,0,24,104
3029245.0,0,0,0,23,105
3029260.0,0,0,0,23,105
3029260.0,0,0,0,22,106
3029273.0,0,0,0,23,105
3029322.0,0,0,0,24,104
3029339.0,0,0,0,24,104
3029373.0,0,0,0,24,104
3029379.0,0,0,0,24,104
3029379.0,0,0,0,23,105
3029400.0,0,0,0,24,104
3029424.0,0,0,0,24,104
3029424.0,0,0,0,23,105
3029439.0,0,0,0,24,104
3029457.0,0,0,0,24,104
3029457.0,0,0,0,23,105
3029472.0,0,0,0,24,104
3029507.0,0,0,0,24,104
3029507.0,0,0,0,23,105
3029522.0,0,0,0,24,104
3029581.0,0,0,0,24,104
3029645.0,0,0,0,24,104
3029765.0,0,0,0,24,104
3029819.0,0,0,0,24,104
3030151.0,0,0,0,24,104
3030154.0,0,0,0,24,104
3030254.0,0,0,0,24,104
3030279.0,0,0,0,56,72
3030281.0,0,0,0,64,64
3030409.0,0,0,0,64,64
3030422.0,0,0,0,64,64
3030699.0,0,0,0,64,64
3030699.0,0,0,0,0,128
3030720.0,0,0,0,64,64
3030732.0,0,0,0,64,64
3030732.0,0,0,0,0,128
3030757.0,0,0,0,32,96
3030779.0,0,0,0,96,32
3030785.0,0,0,0,96,32
3030785.0,0,0,0,64,64
3030786.0,0,0,0,64,64
3030786.0,0,0,0,32,96
3030837.0,0,0,0,64,64
3031134.0,0,0,0,64,64
3031366.0,0,0,0,64,64
3031366.0,0,0,0,32,96
3031450.0,0,0,0,64,64
3031523.0,0,0,0,96,32
3031537.0,0,0,0,96,32
3031539.0,0,0,0,96,32
3031539.0,0,0,0,64,64
3031621.0,0,0,0,64,64
3031621.0,0,0,0,56,72
3031636.0,0,0,0,56,72
3031636.0,0,0,0,24,104
3031720.0,0,0,0,56,72
3031766.0,0,0,0,64,64
3031834.0,0,0,0,64,64
3031834.0,0,0,0,0,128
3031868.0,0,0,0,64,64
3032181.0,0,0,0,64,64
3032181.0,0,0,0,48,80
3032271.0,0,0,0,64,64
3032358.0,0,0,0,64,64
3032358.0,0,0,0,56,72
3032391.0,0,0,0,56,72
3032391.0,0,0,0,24,104
3032392.0,0,0,0,24,104
3032392.0,0,0,0,23,105
3032442.0,0,0,0,23,105
3032442.0,0,0,0,15,113
3032470.0,0,0,0,23,105
3032489.0,0,0,0,24,104
3032563.0,0,0,0,24,104
3032563.0,0,0,0,22,106
3032636.0,0,0,0,24,104
3032785.0,0,0,0,24,104
3032785.0,0,0,0,20,108
3032855.0,0,0,0,24,104
3032923.0,0,0,0,24,104
3032923.0,0,0,0,16,112
3033002.0,0,0,0,24,104
3033122.0,0,0,0,24,104
3033122.0,0,0,0,8,120
3033150.0,0,0,0,8,120
3033150.0,0,0,0,0,128
3033172.0,0,0,0,16,112
3033180.0,0,0,0,16,112
3033180.0,0,0,0,0,128
3033274.0,0,0,0,16,112
3033405.0,0,0,0,16,112
3033405.0,0,0,0,8,120
3033420.0,0,0,0,8,120
3033456.0,0,0,0,16,112
3033457.0,0,0,0,16,112
3033469.0,0,0,0,48,80
3033473.0,0,0,0,48,80
3033473.0,0,0,0,47,81
3033479.0,0,0,0,47,81
3033482.0,0,0,0,47,81
3033482.0,0,0,0,31,97
3033493.0,0,0,0,32,96
3033537.0,0,0,0,32,96
3033582.0,0,0,0,48,80
3034077.0,0,0,0,48,80
3034077.0,0,0,0,32,96
3034118.0,0,0,0,32,96
3034118.0,0,0,0,16,112
3034150.0,0,0,0,16,112
3034188.0,0,0,0,32,96
3034189.0,0,0,0,48,80
3034209.0,0,0,0,48,80
3034209.0,0,0,0,32,96
3034218.0,0,0,0,64,64
3034223.0,0,0,0,64,64
3034312.0,0,0,0,64,64
3034312.0,0,0,0,0,128
3034323.0,0,0,0,64,64
3034339.0,0,0,0,64,64
3034339.0,0,0,0,32,96
3034347.0,0,0,0,64,64
3034416.0,0,0,0,80,48
3034472.0,0,0,0,80,48
3034472.0,0,0,0,64,64
3034568.0,0,0,0,64,64
3034711.0,0,0,0,80,48
3034749.0,0,0,0,80,48
3034749.0,0,0,0,64,64
3034824.0,0,0,0,72,56
3034971.0,0,0,0,72,56
3034977.0,0,0,0,72,56
3034977.0,0,0,0,71,57
3035041.0,0,0,0,87,41
3035309.0,0,0,0,87,41
3035309.0,0,0,0,71,57
3035368.0,0,0,0,71,57
3035368.0,0,0,0,39,89
3035386.0,0,0,0,71,57
3035401.0,0,0,0,71,57
3035401.0,0,0,0,39,89
3035422.0,0,0,0,71,57
3035437.0,0,0,0,87,41
3035580.0,0,0,0,87,41
3035580.0,0,0,0,55,73
3035702.0,0,0,0,55,73
3035736.0,0,0,0,87,41
3035740.0,0,0,0,87,41
3035740.0,0,0,0,55,73
3035872.0,0,0,0,55,73
3035974.0,0,0,0,55,73
3036169.0,0,0,0,55,73
3036229.0,0,0,0,87,41
3036239.0,0,0,0,87,41
3036239.0,0,0,0,83,45
3036282.0,0,0,0,83,45
3036294.0,0,0,0,87,41
3036529.0,0,0,0,87,41
3036529.0,0,0,0,23,105
3036549.0,0,0,0,23,105
3036549.0,0,0,0,22,106
3036587.0,0,0,0,23,105
3036619.0,0,0,0,24,104
3036734.0,0,0,0,88,40
3036746.0,0,0,0,88,40
3036746.0,0,0,0,55,73
3036778.0,0,0,0,55,73
3036778.0,0,0,0,23,105
3036788.0,0,0,0,55,73
3036866.0,0,0,0,56,72
3036888.0,0,0,0,56,72
3036919.0,0,0,0,56,72
3036919.0,0,0,0,48,80
3036923.0,0,0,0,48,80
3036923.0,0,0,0,47,81
3036925.0,0,0,0,79,49
3036936.0,0,0,0,79,49
3036936.0,0,0,0,47,81
3036940.0,0,0,0,48,80
3036946.0,0,0,0,80,48
3036956.0,0,0,0,80,48
3036956.0,0,0,0,79,49
3036968.0,0,0,0,79,49
3036968.0,0,0,0,47,81
3037011.0,0,0,0,79,49
3037023.0,0,0,0,79,49
3037047.0,0,0,0,79,49
3037056.0,0,0,0,79,49
3037056.0,0,0,0,47,81
3037060.0,0,0,0,55,73
3037079.0,0,0,0,87,41
3037093.0,0,0,0,88,40
3037100.0,0,0,0,88,40
3037100.0,0,0,0,56,72
3037101.0,0,0,0,88,40
3037109.0,0,0,0,88,40
3037109.0,0,0,0,56,72
3037129.0,0,0,0,88,40
3037182.0,0,0,0,88,40
3037182.0,0,0,0,84,44
3037228.0,0,0,0,88,40
3037267.0,0,0,0,88,40
3037267.0,0,0,0,24,104
3037331.0,0,0,0,88,40
3037402.0,0,0,0,88,40
3037402.0,0,0,0,56,72
3037411.0,0,0,0,56,72
3037413.0,0,0,0,56,72
3037413.0,0,0,0,52,76
3037426.0,0,0,0,84,44
3037452.0,0,0,0,88,40
3037528.0,0,0,0,88,40
3037528.0,0,0,0,87,41
3037557.0,0,0,0,87,41
3037557.0,0,0,0,83,45
3037599.0,0,0,0,87,41
3037741.0,0,0,0,87,41
3037749.0,0,0,0,87,41
3037749.0,0,0,0,71,57
3037800.0,0,0,0,72,56
3037816.0,0,0,0,88,40
3037965.0,0,0,0,88,40
3037965.0,0,0,0,87,41
3037997.0,0,0,0,88,40
3038086.0,0,0,0,88,40
3038122.0,0,0,0,88,40
3038216.0,0,0,0,88,40
3038216.0,0,0,0,84,44
3038254.0,0,0,0,88,40
3038275.0,0,0,0,88,40
3038275.0,0,0,0,87,41
3038365.0,0,0,0,87,41
3038365.0,0,0,0,86,42
3038406.0,0,0,0,87,41
3038420.0,0,0,0,87,41
3038420.0,0,0,0,86,42
3038456.0,0,0,0,86,42
3038456.0,0,0,0,82,46
3038465.0,0,0,0,83,45
3038472.0,0,0,0,83,45
3038472.0,0,0,0,79,49
3038494.0,0,0,0,83,45
3038495.0,0,0,0,83,45
3038495.0,0,0,0,81,47
3038623.0,0,0,0,87,41
3038697.0,0,0,0,87,41
3038697.0,0,0,0,83,45
3038738.0,0,0,0,87,41
3038929.0,0,0,0,87,41
3038963.0,0,0,0,87,41
3038963.0,0,0,0,83,45
3039000.0,0,0,0,87,41
3039026.0,0,0,0,87,41
3039026.0,0,0,0,83,45
3039066.0,0,0,0,87,41
3039289.0,0,0,0,87,41
3039289.0,0,0,0,86,42
3039327.0,0,0,0,87,41
3039343.0,0,0,0,87,41
3039343.0,0,0,0,86,42
3039376.0,0,0,0,87,41
3039380.0,0,0,0,87,41
3039380.0,0,0,0,83,45
3039402.0,0,0,0,83,45
3039402.0,0,0,0,81,47
3039434.0,0,0,0,81,47
3039488.0,0,0,0,81,47
3039518.0,0,0,0,81,47
3039518.0,0,0,0,65,63
3039599.0,0,0,0,81,47
3039625.0,0,0,0,81,47
3039646.0,0,0,0,81,47
3039689.0,0,0,0,87,41
3039711.0,0,0,0,87,41
3039779.0,0,0,0,87,41
3039799.0,0,0,0,87,41
3039799.0,0,0,0,83,45
3039820.0,0,0,0,87,41
3039829.0,0,0,0,87,41
3039829.0,0,0,0,83,45
3039861.0,0,0,0,83,45
3039861.0,0,0,0,79,49
3039883.0,0,0,0,79,49
3039883.0,0,0,0,77,51
3039890.0,0,0,0,77,51
3039890.0,0,0,0,45,83
3039892.0,0,0,0,49,79
3039949.0,0,0,0,49,79
3039949.0,0,0,0,45,83
3039967.0,0,0,0,51,77
3039990.0,0,0,0,55,73
3040026.0,0,0,0,87,41
3040031.0,0,0,0,87,41
3040126.0,0,0,0,87,41
3040152.0,0,0,0,87,41
3040160.0,0,0,0,87,41
3040160.0,0,0,0,23,105
3040293.0,0,0,0,23,105
3040293.0,0,0,0,19,109
3040299.0,0,0,0,19,109
3040315.0,0,0,0,19,109
3040315.0,0,0,0,17,111
3040383.0,0,0,0,81,47
3040389.0,0,0,0,81,47
3040389.0,0,0,0,77,51
3040427.0,0,0,0,81,47
3040441.0,0,0,0,81,47
3040441.0,0,0,0,77,51
3040479.0,0,0,0,81,47
3040522.0,0,0,0,81,47
3040522.0,0,0,0,77,51
3040574.0,0,0,0,81,47
3040622.0,0,0,0,81,47
3040622.0,0,0,0,77,51
3040659.0,0,0,0,81,47
3040677.0,0,0,0,83,45
3040678.0,0,0,0,87,41
3040713.0,0,0,0,87,41
3040713.0,0,0,0,79,49
3040761.0,0,0,0,87,41
3040846.0,0,0,0,87,41
3040846.0,0,0,0,71,57
3041046.0,0,0,0,71,57
3041046.0,0,0,0,39,89
3041136.0,0,0,0,40,88
3041267.0,0,0,0,56,72
3041272.0,0,0,0,56,72
3041272.0,0,0,0,52,76
3041277.0,0,0,0,84,44
3041310.0,0,0,0,88,40
3041323.0,0,0,0,88,40
3041325.0,0,0,0,88,40
3041325.0,0,0,0,72,56
3041384.0,0,0,0,88,40
3041417.0,0,0,0,88,40
3041417.0,0,0,0,72,56
3041423.0,0,0,0,88,40
3041424.0,0,0,0,88,40
3041424.0,0,0,0,72,56
3041499.0,0,0,0,72,56
3041499.0,0,0,0,56,72
3041512.0,0,0,0,72,56
3041939.0,0,0,0,88,40
3041953.0,0,0,0,88,40
3041953.0,0,0,0,72,56
3041997.0,0,0,0,72,56
3041997.0,0,0,0,64,64
3042021.0,0,0,0,80,48
3042026.0,0,0,0,88,40
3042026.0,0,0,0,72,56
3042074.0,0,0,0,88,40
3042076.0,0,0,0,88,40
3042076.0,0,0,0,84,44
3042080.0,0,0,0,84,44
3042080.0,0,0,0,68,60
3042086.0,0,0,0,84,44
3042088.0,0,0,0,84,44
3042088.0,0,0,0,68,60
3042094.0,0,0,0,84,44
3042095.0,0,0,0,84,44
3042095.0,0,0,0,68,60
3042103.0,0,0,0,68,60
3042103.0,0,0,0,67,61
3042106.0,0,0,0,68,60
3042114.0,0,0,0,72,56
3042169.0,0,0,0,88,40
3042332.0,0,0,0,88,40
3042332.0,0,0,0,56,72
3042342.0,0,0,0,56,72
3042342.0,0,0,0,48,80
3042426.0,0,0,0,48,80
3042426.0,0,0,0,44,84
3042493.0,0,0,0,48,80
3042587.0,0,0,0,48,80
3042587.0,0,0,0,44,84
3042660.0,0,0,0,48,80
3042665.0,0,0,0,48,80
3042665.0,0,0,0,44,84
3042726.0,0,0,0,44,84
3042838.0,0,0,0,52,76
3042888.0,0,0,0,56,72
3042892.0,0,0,0,56,72
3042892.0,0,0,0,24,104
3042959.0,0,0,0,24,104
3042959.0,0,0,0,20,108
3042978.0,0,0,0,52,76
3043002.0,0,0,0,56,72
3043003.0,0,0,0,56,72
3043003.0,0,0,0,24,104
3043068.0,0,0,0,24,104
3043068.0,0,0,0,20,108
3043083.0,0,0,0,20,108
3043167.0,0,0,0,20,108
3043167.0,0,0,0,4,124
3043214.0,0,0,0,20,108
3043219.0,0,0,0,20,108
3043219.0,0,0,0,4,124
3043274.0,0,0,0,4,124
3043311.0,0,0,0,20,108
3043315.0,0,0,0,20,108
3043315.0,0,0,0,4,124
3043380.0,0,0,0,36,92
3043381.0,0,0,0,44,84
3043397.0,0,0,0,44,84
3043397.0,0,0,0,36,92
3043427.0,0,0,0,52,76
3043461.0,0,0,0,52,76
3043877.0,0,0,0,52,76
3043877.0,0,0,0,44,84
3043967.0,0,0,0,44,84
3043977.0,0,0,0,44,84
3043990.0,0,0,0,52,76
3043996.0,0,0,0,52,76
3043996.0,0,0,0,20,108
3044084.0,0,0,0,20,108
3044120.0,0,0,0,52,76
3044123.0,0,0,0,52,76
3044212.0,0,0,0,52,76
3044505.0,0,0,0,60,68
3044639.0,0,0,0,60,68
3044721.0,0,0,0,60,68
3044774.0,0,0,0,60,68
3044786.0,0,0,0,60,68
3044794.0,0,0,0,60,68
3044869.0,0,0,0,60,68
3045193.0,0,0,0,60,68
3045495.0,0,0,0,60,68
3045495.0,0,0,0,59,69
3045526.0,0,0,0,91,37
3045536.0,0,0,0,91,37
3045536.0,0,0,0,59,69
3045618.0,0,0,0,91,37
3045623.0,0,0,0,91,37
3045623.0,0,0,0,59,69
3045678.0,0,0,0,59,69
3045702.0,0,0,0,59,69
3045739.0,0,0,0,91,37
3045914.0,0,0,0,91,37
3046011.0,0,0,0,91,37
3046056.0,0,0,0,91,37
3046056.0,0,0,0,75,53
3046062.0,0,0,0,91,37
3046080.0,0,0,0,91,37
3046127.0,0,0,0,91,37
3046177.0,0,0,0,91,37
3046177.0,0,0,0,59,69
3046539.0,0,0,0,60,68
3046566.0,0,0,0,60,68
3046566.0,0,0,0,59,69
3046674.0,0,0,0,60,68
3046757.0,0,0,0,60,68
3046757.0,0,0,0,59,69
3046770.0,0,0,0,60,68
3046820.0,0,0,0,60,68
3047322.0,0,0,0,92,36
3047348.0,0,0,0,92,36
3047348.0,0,0,0,60,68
3047733.0,0,0,0,60,68
3047733.0,0,0,0,59,69
3047828.0,0,0,0,60,68
3047851.0,0,0,0,60,68
3047851.0,0,0,0,59,69
3047977.0,0,0,0,60,68
3048171.0,0,0,0,60,68
3048171.0,0,0,0,59,69
3048226.0,0,0,0,59,69
3048280.0,0,0,0,60,68
3048318.0,0,0,0,60,68
3048412.0,0,0,0,60,68
3048412.0,0,0,0,59,69
3048439.0,0,0,0,59,69
3048439.0,0,0,5,54,69
3048517.0,0,0,5,55,68
3048762.0,0,0,5,55,68
3048762.0,0,0,21,39,68
3048915.0,0,0,21,39,68
3048915.0,0,0,21,38,69
3049021.0,0,0,21,39,68
3049239.0,0,0,21,39,68
3049374.0,0,0,21,39,68
3049374.0,0,0,22,38,68
3049470.0,0,0,22,38,68
3049470.0,0,0,23,37,68
3049573.0,0,0,23,37,68
3049573.0,0,0,23,36,69
3049713.0,0,0,23,37,68
3049905.0,0,0,23,37,68
3049905.0,0,0,23,36,69
3050022.0,0,0,23,36,69
3050022.0,0,0,53,6,69
3050152.0,0,0,53,7,68
3050178.0,0,0,53,7,68
3050178.0,0,0,53,6,69
3050269.0,0,0,53,38,37
3050270.0,0,0,53,71,4
3050271.0,0,0,53,75,0
3050277.0,0,0,53,75,0
3050277.0,0,0,53,74,1
3050297.0,0,0,53,75,0
3050528.0,0,0,53,75,0
3050677.0,0,0,53,75,0
3050980.0,0,0,53,75,0
3050980.0,0,0,54,74,0
3051139.0,5,0,49,74,0
3051180.0,5,0,49,74,0
3051180.0,5,0,49,42,32
3051217.0,5,0,49,42,32
3051235.0,5,0,49,42,32
3051235.0,5,0,49,38,36
3051241.0,5,0,49,38,36
3051241.0,5,0,49,34,40
3051260.0,5,0,49,34,40
3051260.0,5,0,49,33,41
3051267.0,5,0,49,34,40
3051314.0,5,0,49,38,36
3051319.0,5,0,49,38,36
3051319.0,5,0,49,37,37
3051358.0,5,0,49,69,5
3051367.0,5,0,49,73,1
3051382.0,5,0,49,73,1
3051382.0,5,0,49,69,5
3051402.0,5,0,49,70,4
3051410.0,5,0,49,74,0
3051419.0,5,0,49,74,0
3051419.0,5,0,49,73,1
3051440.0,5,0,49,73,1
3051440.0,5,0,49,69,5
3051453.0,5,0,49,70,4
3051462.0,21,0,33,70,4
3051464.0,21,0,33,74,0
3051659.0,21,0,33,74,0
3051659.0,21,0,33,42,32
3051716.0,21,0,33,42,32
3051716.0,21,0,33,38,36
3051777.0,21,0,33,38,36
3051777.0,21,0,33,37,37
3051782.0,21,0,33,38,36
3051793.0,21,0,33,38,36
3051793.0,21,0,33,37,37
3051799.0,21,0,33,38,36
3051878.0,21,0,33,70,4
3051883.0,21,0,33,74,0
3052074.0,22,0,32,74,0
3052170.0,23,0,31,74,0
3052722.0,53,0,1,74,0
3052969.0,53,0,1,74,0
3052970.0,53,0,1,74,0
3053680.0,54,0,0,74,0
3054058.0,54,0,0,74,0
3054058.0,54,0,22,52,0
3054067.0,54,0,22,52,0
3054067.0,54,0,26,48,0
3054102.0,54,0,26,48,0
3054102.0,54,0,27,47,0
3054110.0,54,0,27,47,0
3054110.0,54,0,31,43,0
3054153.0,54,0,31,43,0
3054153.0,54,0,32,42,0
3054164.0,54,0,32,42,0
3054164.0,54,0,36,38,0
3054482.0,54,0,36,38,0
3054482.0,54,0,37,37,0
3054499.0,54,0,37,37,0
3054499.0,54,0,38,36,0
3054578.0,54,0,38,36,0
3054578.0,54,0,70,4,0
3054583.0,54,0,70,4,0
3054583.0,54,0,74,0,0
3055143.0,54,0,74,0,0
3055143.0,50,4,74,0,0
3055473.0,50,4,74,0,0
3055473.0,46,8,74,0,0
3055505.0,46,8,74,0,0
3055505.0,38,16,74,0,0
3055514.0,38,16,74,0,0
3055514.0,30,24,74,0,0
3055676.0,30,24,74,0,0
3055681.0,30,24,74,0,0
3055699.0,30,24,74,0,0
3055733.0,30,24,74,0,0
3055759.0,30,24,74,0,0
3055772.0,30,24,74,0,0
3055789.0,30,24,74,0,0
3056035.0,30,24,74,0,0
3056758.0,52,24,52,0,0
3056758.0,3,73,52,0,0
3056767.0,7,73,48,0,0
3056802.0,8,73,47,0,0
3056810.0,12,73,43,0,0
3056853.0,13,73,42,0,0
3056864.0,17,73,38,0,0
3056943.0,17,69,38,4,0
3056943.0,17,69,38,0,4
3056978.0,17,69,38,4,0
3057182.0,18,69,37,4,0
3057199.0,19,69,36,4,0
3057273.0,19,65,36,8,0
3057273.0,19,65,36,4,4
3057278.0,51,65,4,4,4
3057283.0,55,65,0,4,4
3057298.0,55,65,0,8,0
3057305.0,55,57,0,16,0
3057305.0,55,57,0,8,8
3057314.0,55,49,0,16,8
3057314.0,55,49,0,8,16
3057411.0,55,49,0,16,8
3057412.0,55,49,0,24,0
3058306.0,55,49,0,24,0
3058558.0,55,0,0,73,0
3058558.0,55,0,0,24,49
3058561.0,55,0,0,26,47
3058562.0,55,0,0,28,45
3058564.0,55,0,0,29,44
3058600.0,55,0,0,37,36
3058609.0,55,0,0,41,32
3058658.0,55,0,0,73,0
3058658.0,0,55,0,73,0
3059339.0,0,55,0,73,0
3059678.0,0,55,0,73,0
3059843.0,0,55,0,73,0
3060236.0,0,55,0,73,0
3060458.0,0,0,0,128,0
3060458.0,0,0,0,0,128
3060862.0,0,0,0,0,128
3060907.0,0,0,0,0,128
3061051.0,0,0,0,0,128
3061201.0,0,0,0,128,0
3061201.0,0,0,0,0,128
3061221.0,0,0,0,0,128
3061358.0,0,0,0,0,128
3061380.0,0,0,0,0,128
3061493.0,0,0,0,0,128
3061701.0,0,0,0,128,0
3061701.0,0,0,0,0,128
3061837.0,0,0,0,0,128
3062173.0,0,0,0,64,64
3062173.0,0,0,0,23,105
3062237.0,0,0,0,24,104
3062296.0,0,0,0,32,96
3062296.0,0,0,0,0,128
3062368.0,0,0,0,32,96
3062368.0,0,0,0,16,112
3062546.0,0,0,0,48,80
3062546.0,0,0,0,16,112
3062598.0,0,0,0,48,80
3062598.0,0,0,0,16,112
3062879.0,0,0,0,48,80
3062879.0,0,0,0,16,112
3062884.0,0,0,0,48,80
3063228.0,0,0,0,64,64
3064873.0,0,0,0,64,64
3065068.0,0,0,0,64,64
3065246.0,0,0,0,64,64
3065298.0,0,0,0,64,64
3065579.0,0,0,0,64,64
3065579.0,0,0,16,48,64
3065584.0,0,0,16,48,64
3065584.0,0,0,48,16,64
3065928.0,0,0,48,16,64
3065928.0,0,0,64,0,64
3066033.0,0,0,64,0,64
3066128.0,0,0,64,0,64
3067327.0,0,0,64,0,64
3067384.0,0,0,64,0,64
3067553.0,0,0,64,0,64
3067588.0,0,0,64,0,64
3067757.0,0,0,64,0,64
3067886.0,0,0,64,64,0
3067886.0,0,0,64,59,5
3067896.0,0,0,64,60,4
3067909.0,0,0,64,60,4
3067909.0,0,0,64,59,5
3067914.0,0,0,64,60,4
3067982.0,0,0,64,61,3
3067984.0,0,0,64,62,2
3067985.0,0,0,64,63,1
3068021.0,0,0,64,64,0
3068173.0,0,0,64,64,0
3068173.0,0,0,64,63,1
3068261.0,0,0,64,64,0
3068279.0,16,0,48,64,0
3068284.0,48,0,16,64,0
3068628.0,64,0,0,64,0
3068628.0,0,64,0,64,0
3069168.0,0,64,0,64,0
3069380.0,0,64,0,64,0
3069539.0,0,64,0,64,0
3069744.0,0,64,0,64,0
3070428.0,0,0,0,128,0
3070428.0,0,0,0,0,128
3070519.0,0,0,0,128,0
3070519.0,0,0,0,60,68
3070586.0,0,0,0,60,68
3070607.0,0,0,0,61,67
3070609.0,0,0,0,62,66
3070614.0,0,0,0,63,65
3070626.0,0,0,0,64,64
3072971.0,0,0,0,64,64
3072971.0,0,0,0,63,65
3073206.0,0,0,0,64,64
3073219.0,0,0,0,64,64
3073219.0,0,0,59,5,64
3073235.0,0,0,59,5,64
3073235.0,0,0,59,4,65
3073307.0,0,0,59,4,65
3073309.0,0,0,59,4,65
3073309.0,0,0,60,3,65
3073314.0,0,0,60,3,65
3073314.0,0,0,61,2,65
3073326.0,0,0,61,2,65
3073326.0,0,0,62,1,65
3073483.0,0,0,62,2,64
3073516.0,0,0,62,2,64
3073516.0,0,0,62,1,65
3073597.0,0,0,62,2,64
3073731.0,0,0,62,2,64
3073731.0,0,0,62,1,65
3073852.0,0,0,62,2,64
3075906.0,0,0,62,2,64
3075919.0,59,0,3,2,64
3076009.0,60,0,2,2,64
3076014.0,61,0,1,2,64
3076026.0,62,0,0,2,64
3076183.0,62,0,0,2,64
3076297.0,62,0,0,2,64
3076297.0,62,0,1,1,64
3076552.0,62,0,1,1,64
3076552.0,62,0,2,0,64
3076807.0,62,0,2,0,64
3076807.0,61,1,2,0,64
3078607.0,61,0,2,1,64
3078607.0,61,0,2,0,65
3078719.0,61,0,2,1,64
3078997.0,62,0,1,1,64
3079252.0,63,0,0,1,64
3081419.0,63,0,0,1,64
3081419.0,63,0,1,0,64
3081444.0,63,0,1,64,0
3081827.0,63,0,1,64,0
3081827.0,63,0,1,63,1
3081932.0,63,0,1,64,0
3081997.0,63,0,1,64,0
3081997.0,63,0,1,63,1
3082081.0,63,0,1,64,0
3082221.0,63,0,1,64,0
3082221.0,63,0,1,63,1
3082248.0,63,0,1,64,0
3082257.0,63,0,1,64,0
3082257.0,63,0,1,63,1
3082354.0,63,0,1,64,0
3084119.0,64,0,0,64,0
3084144.0,64,0,0,64,0
3084144.0,64,0,60,4,0
3084254.0,64,0,60,4,0
3084254.0,64,0,60,3,1
3084393.0,64,0,60,4,0
3084551.0,64,0,60,4,0
3084551.0,64,0,60,3,1
3084632.0,64,0,60,3,1
3084659.0,64,0,60,4,0
3084781.0,64,0,60,4,0
3084948.0,64,0,60,4,0
3084948.0,64,0,61,3,0
3084977.0,64,0,61,3,0
3084977.0,64,0,61,2,1
3085054.0,64,0,61,2,1
3085094.0,64,0,61,3,0
3085180.0,64,0,61,3,0
3085180.0,64,0,61,2,1
3085290.0,64,0,61,3,0
3085359.0,64,0,61,3,0
3085359.0,64,0,61,2,1
3085460.0,64,0,61,3,0
3085548.0,64,0,61,3,0
3085548.0,64,0,61,2,1
3085651.0,64,0,61,3,0
3085748.0,64,0,61,3,0
3085748.0,64,0,61,2,1
3085844.0,64,0,61,3,0
3085967.0,64,0,61,3,0
3085967.0,64,0,61,2,1
3086085.0,64,0,61,3,0
3086844.0,124,0,1,3,0
3087093.0,124,0,1,3,0
3087255.0,124,0,1,3,0
3087255.0,124,0,1,2,1
3087355.0,124,0,1,3,0
3087359.0,124,0,1,3,0
3087416.0,124,0,1,3,0
3087648.0,125,0,0,3,0
3087648.0,0,125,0,3,0
3087794.0,0,125,0,3,0
3087990.0,0,125,0,3,0
3088160.0,0,125,0,3,0
3088351.0,0,125,0,3,0
3088544.0,0,125,0,3,0
3088625.0,0,125,0,3,0
3088646.0,0,125,0,3,0
3089010.0,0,125,0,3,0
3089330.0,0,125,0,3,0
3089389.0,0,125,0,3,0
3089448.0,0,0,0,128,0
3089448.0,0,0,0,0,128
3089719.0,0,0,0,0,128
3089738.0,0,0,0,0,128
3090086.0,0,0,0,0,128
3090140.0,0,0,0,0,128
3090168.0,0,0,0,0,128
3090195.0,0,0,0,128,0
3090195.0,0,0,0,98,30
3090199.0,0,0,0,99,29
3090201.0,0,0,0,100,28
3090202.0,0,0,0,101,27
3090203.0,0,0,0,102,26
3090206.0,0,0,0,110,18
3090208.0,0,0,0,111,17
3090210.0,0,0,0,119,9
3090217.0,0,0,0,127,1
3090243.0,0,0,0,127,1
3090915.0,0,0,0,127,1
3091296.0,0,0,0,128,0
3091296.0,0,0,0,0,128
3091324.0,0,0,0,128,0
3091324.0,0,0,0,0,128
3091668.0,0,0,0,128,0
3091668.0,0,0,0,0,128
3091807.0,0,0,0,0,128
3092409.0,0,0,0,128,0
3092409.0,0,0,0,96,32
3092895.0,0,0,0,96,32
3093745.0,0,0,0,96,32
3093745.0,0,0,0,95,33
3093750.0,0,0,0,96,32
3093799.0,0,0,0,96,32
3093799.0,0,0,0,95,33
3093804.0,0,0,0,96,32
3094166.0,0,0,0,96,32
3094166.0,0,0,0,95,33
3094177.0,0,0,0,96,32
3094252.0,0,0,0,96,32
3094252.0,0,0,0,95,33
3094257.0,0,0,0,96,32
3094282.0,0,0,0,96,32
3094282.0,0,0,0,95,33
3094298.0,0,0,0,96,32
3094354.0,0,0,0,96,32
3094354.0,0,0,0,95,33
3094358.0,0,0,0,96,32
3094540.0,0,0,0,96,32
3094540.0,0,0,0,95,33
3094559.0,0,0,0,96,32
3094772.0,0,0,0,96,32
3094772.0,0,0,0,95,33
3094777.0,0,0,0,96,32
3095030.0,0,0,0,96,32
3095030.0,0,0,0,95,33
3095038.0,0,0,0,96,32
3095109.0,0,0,0,96,32
3095109.0,0,0,87,9,32
3095274.0,0,0,87,9,32
3095411.0,0,0,87,9,32
3095530.0,0,0,87,9,32
3095530.0,0,0,87,8,33
3095579.0,0,0,87,9,32
3095787.0,0,0,87,9,32
3095856.0,0,0,87,9,32
3095948.0,0,0,87,9,32
3095948.0,0,0,87,5,36
3096065.0,0,0,87,5,36
3096111.0,0,0,87,5,36
3096111.0,0,0,87,4,37
3096123.0,0,0,87,5,36
3096130.0,0,0,87,37,4
3096130.0,0,0,87,5,36
3096133.0,0,0,87,9,32
3096188.0,0,0,87,9,32
3096188.0,0,0,87,8,33
3096200.0,0,0,87,8,33
3096200.0,0,0,87,7,34
3096205.0,0,0,87,7,34
3096205.0,0,0,87,3,38
3096269.0,0,0,87,4,37
3096339.0,0,0,87,8,33
3096368.0,0,0,87,9,32
3096450.0,0,0,87,9,32
3096504.0,0,0,87,9,32
3096627.0,0,0,87,9,32
3096627.0,0,0,87,8,33
3096640.0,0,0,87,9,32
3096692.0,0,0,87,9,32
3096692.0,0,0,87,8,33
3096704.0,0,0,87,9,32
3096836.0,0,0,87,9,32
3096861.0,0,0,87,9,32
3096861.0,0,0,87,8,33
3096874.0,0,0,87,8,33
3096874.0,0,0,87,0,41
3096880.0,0,0,87,1,40
3096934.0,0,0,87,1,40
3096997.0,0,0,87,1,40
3096997.0,0,0,87,0,41
3097001.0,0,0,87,0,41
3097011.0,0,0,87,1,40
3097033.0,0,0,87,33,8
3097033.0,0,0,87,1,40
3097058.0,0,0,87,1,40
3097109.0,0,0,87,1,40
3097123.0,0,0,87,9,32
3097123.0,0,0,87,5,36
3097177.0,0,0,87,9,32
3097202.0,0,0,87,9,32
3097202.0,0,0,87,8,33
3097215.0,0,0,87,9,32
3097259.0,0,0,87,9,32
3097343.0,0,0,87,9,32
3097388.0,0,0,87,9,32
3097403.0,0,0,87,9,32
3097403.0,0,0,87,8,33
3097429.0,0,0,87,9,32
3097445.0,0,0,87,9,32
3097505.0,0,0,87,9,32
3097505.0,0,0,87,8,33
3097510.0,0,0,87,9,32
3097548.0,0,0,87,9,32
3097548.0,0,0,87,5,36
3097598.0,0,0,87,9,32
3097620.0,0,0,87,9,32
3097689.0,0,0,87,9,32
3097809.0,87,0,0,9,32
3097809.0,0,87,0,9,32
3097950.0,0,87,0,9,32
3097962.0,0,87,0,9,32
3098131.0,0,87,0,9,32
3098235.0,0,87,0,9,32
3098271.0,0,87,0,9,32
3098421.0,0,87,0,9,32
3098448.0,0,87,0,9,32
3098567.0,0,87,0,9,32
3098630.0,0,87,0,9,32
3098646.0,0,87,0,9,32
3098679.0,0,87,0,9,32
3098820.0,0,87,0,9,32
3098830.0,0,87,0,9,32
3098833.0,0,87,0,9,32
3098884.0,0,87,0,9,32
3098967.0,0,87,0,9,32
3098969.0,0,87,0,9,32
3099303.0,0,87,0,9,32
3099420.0,0,87,0,9,32
3099580.0,0,87,0,9,32
3099609.0,0,0,0,96,32
3099609.0,0,0,0,0,128
3099631.0,0,0,0,32,96
3099631.0,0,0,0,0,128
3099640.0,0,0,0,32,96
3099640.0,0,0,0,0,128
3099644.0,0,0,0,32,96
3099644.0,0,0,0,0,128
3099648.0,0,0,0,0,128
3099666.0,0,0,0,32,96
3099666.0,0,0,0,0,128
3099670.0,0,0,0,32,96
3099670.0,0,0,0,0,128
3099674.0,0,0,0,0,128
3099691.0,0,0,0,0,128
3099705.0,0,0,0,32,96
3099705.0,0,0,0,0,128
3099711.0,0,0,0,0,128
3099733.0,0,0,0,0,128
3099734.0,0,0,0,32,96
3099734.0,0,0,0,0,128
3099739.0,0,0,0,1,127
3099739.0,0,0,0,0,128
3099745.0,0,0,0,1,127
3099745.0,0,0,0,0,128
3099746.0,0,0,0,1,127
3099748.0,0,0,0,2,126
3099749.0,0,0,0,3,125
3099761.0,0,0,0,7,121
3099761.0,0,0,0,3,125
3099767.0,0,0,0,4,124
3099780.0,0,0,0,12,116
3099781.0,0,0,0,16,112
3099782.0,0,0,0,20,108
3099795.0,0,0,0,24,104
3099823.0,0,0,0,24,104
3099874.0,0,0,0,28,100
3099877.0,0,0,0,28,100
3099887.0,0,0,0,32,96
3099888.0,0,0,0,64,64
3099888.0,0,0,0,0,128
3099918.0,0,0,0,32,96
3099918.0,0,0,0,0,128
3099928.0,0,0,0,64,64
3099928.0,0,0,0,0,128
3100070.0,0,0,0,0,128
3100156.0,0,0,0,64,64
3100156.0,0,0,0,0,128
3100250.0,0,0,0,0,128
3100267.0,0,0,0,0,128
3100300.0,0,0,0,0,128
3100301.0,0,0,0,64,64
3100301.0,0,0,0,0,128
3100352.0,0,0,0,0,128
3100428.0,0,0,0,64,64
3100428.0,0,0,0,43,85
3100444.0,0,0,0,44,84
3100470.0,0,0,0,48,80
3100481.0,0,0,0,52,76
3100524.0,0,0,0,56,72
3100581.0,0,0,0,88,40
3100581.0,0,0,0,24,104
3100603.0,0,0,0,24,104
3100603.0,0,0,0,20,108
3100731.0,0,0,0,20,108
3100731.0,0,0,0,19,109
3100749.0,0,0,0,23,105
3100761.0,0,0,0,55,73
3100761.0,0,0,0,23,105
3100769.0,0,0,0,23,105
3100836.0,0,0,0,87,41
3100836.0,0,0,0,22,106
3100868.0,0,0,0,23,105
3101060.0,0,0,0,31,97
3101061.0,0,0,0,95,33
3101540.0,0,0,0,95,33
3101540.0,0,0,0,31,97
3101608.0,0,0,0,31,97
3101608.0,0,0,0,15,113
3101667.0,0,0,0,79,49
3101676.0,0,0,0,79,49
3101676.0,0,0,0,15,113
3101682.0,0,0,0,31,97
3101689.0,0,0,0,31,97
3101689.0,0,0,0,15,113
3101746.0,0,0,0,31,97
3101797.0,0,0,0,95,33
3101910.0,0,0,0,95,33
3101910.0,0,0,0,94,34
3101938.0,0,0,0,95,33
3101986.0,0,0,0,96,32
3102120.0,0,0,0,96,32
3102120.0,0,0,0,32,96
3102128.0,0,0,0,32,96
3102128.0,0,0,0,0,128
3102197.0,0,0,0,32,96
3102233.0,0,0,0,96,32
3102239.0,0,0,0,96,32
3102239.0,0,0,0,32,96
3102331.0,0,0,0,32,96
3102331.0,0,0,0,31,97
3102347.0,0,0,0,95,33
3102351.0,0,0,0,96,32
3102383.0,0,0,0,96,32
3102383.0,0,0,0,64,64
3102446.0,0,0,0,64,64
3102461.0,0,0,0,64,64
3102534.0,0,0,0,64,64
3102534.0,0,0,0,0,128
3102552.0,0,0,0,32,96
3102571.0,0,0,0,96,32
3102594.0,0,0,0,96,32
3102594.0,0,0,0,32,96
3102630.0,0,0,0,32,96
3102630.0,0,0,0,0,128
3102633.0,0,0,0,64,64
3102922.0,0,0,0,64,64
3102922.0,0,0,0,48,80
3103068.0,0,0,0,80,48
3103070.0,0,0,0,80,48
3103070.0,0,0,0,79,49
3103087.0,0,0,0,80,48
3103103.0,0,0,0,80,48
3103103.0,0,0,0,79,49
3103114.0,0,0,0,80,48
3103128.0,0,0,0,80,48
3103149.0,0,0,0,96,32
3103179.0,0,0,0,96,32
3103179.0,0,0,0,80,48
3103243.0,0,0,0,80,48
3103243.0,0,0,0,48,80
3103281.0,0,0,0,48,80
3103390.0,0,0,0,80,48
3103407.0,0,0,0,96,32
3103461.0,0,0,0,96,32
3103536.0,0,0,0,96,32
3103761.0,0,0,0,96,32
3103966.0,0,0,0,96,32
3103966.0,0,0,0,80,48
3104031.0,0,0,0,112,16
3104033.0,0,0,0,112,16
3104033.0,0,0,0,111,17
3104048.0,0,0,0,127,1
3104049.0,0,0,0,128,0
3104059.0,0,0,0,128,0
3104059.0,0,0,0,127,1
3104069.0,0,0,0,128,0
3104113.0,0,0,0,128,0
3104113.0,0,0,0,96,32
3104367.0,0,0,0,96,32
3104382.0,0,0,0,96,32
3104497.0,0,0,0,96,32
3104666.0,0,0,0,96,32
3104666.0,0,0,0,80,48
3104740.0,0,0,0,96,32
3104836.0,0,0,0,96,32
3104836.0,0,0,0,95,33
3104876.0,0,0,0,96,32
3104897.0,0,0,0,96,32
3104901.0,0,0,0,96,32
3104901.0,0,0,0,80,48
3104904.0,0,0,0,112,16
3104909.0,0,0,0,112,16
3104909.0,0,0,0,111,17
3104911.0,0,0,0,111,17
3104911.0,0,0,0,110,18
3104924.0,0,0,0,111,17
3104933.0,0,0,0,111,17
3104934.0,0,0,0,112,16
3104949.0,0,0,0,128,0
3104962.0,0,0,0,128,0
3104962.0,0,0,0,127,1
3104974.0,0,0,0,127,1
3104974.0,0,0,0,111,17
3105026.0,0,0,0,111,17
3105026.0,0,0,0,79,49
3105027.0,0,0,0,95,33
3105047.0,0,0,0,95,33
3105106.0,0,0,0,95,33
3105106.0,0,0,0,94,34
3105122.0,0,0,0,95,33
3105151.0,0,0,0,96,32
3105171.0,0,0,0,96,32
3105171.0,0,0,0,95,33
3105180.0,0,0,0,95,33
3105180.0,0,0,0,94,34
3105187.0,0,0,0,95,33
3105195.0,0,0,0,96,32
3105202.0,0,0,0,96,32
3105202.0,0,0,0,91,37
3105219.0,0,0,0,92,36
3105225.0,0,0,0,92,36
3105225.0,0,0,0,60,68
3105229.0,0,0,0,60,68
3105229.0,0,0,0,58,70
3105252.0,0,0,0,58,70
3105271.0,0,0,0,58,70
3105333.0,0,0,0,58,70
3105415.0,0,0,0,64,64
3105512.0,0,0,0,64,64
3105512.0,0,0,0,63,65
3105572.0,0,0,0,64,64
3105629.0,0,0,0,64,64
3105629.0,0,0,0,63,65
3105677.0,0,0,0,64,64
3105768.0,0,0,0,64,64
3105864.0,0,0,0,64,64
3105864.0,0,0,0,63,65
3105904.0,0,0,0,64,64
3105921.0,0,0,0,64,64
3105921.0,0,0,0,63,65
3105940.0,0,0,0,64,64
3105944.0,0,0,0,64,64
3105944.0,0,0,0,60,68
3105966.0,0,0,0,60,68
3105966.0,0,0,0,58,70
3105975.0,0,0,0,90,38
3106040.0,0,0,0,90,38
3106040.0,0,0,0,88,40
3106063.0,0,0,0,88,40
3106063.0,0,0,0,56,72
3106074.0,0,0,0,58,70
3106088.0,0,0,0,62,66
3106090.0,0,0,0,64,64
3106107.0,0,0,0,64,64
3106162.0,0,0,0,64,64
3106162.0,0,0,0,63,65
3106206.0,0,0,0,64,64
3106223.0,0,0,0,64,64
3106223.0,0,0,0,63,65
3106231.0,0,0,0,63,65
3106231.0,0,0,0,61,67
3106248.0,0,0,0,63,65
3106250.0,0,0,0,64,64
3106253.0,0,0,0,64,64
3106253.0,0,0,0,60,68
3106276.0,0,0,0,60,68
3106276.0,0,0,0,58,70
3106386.0,0,0,0,62,66
3106389.0,0,0,0,64,64
3106408.0,0,0,0,64,64
3106408.0,0,0,0,0,128
3106461.0,0,0,0,32,96
3106537.0,0,0,0,32,96
3106537.0,0,0,0,0,128
3106542.0,0,0,0,64,64
3106559.0,0,0,0,64,64
3106559.0,0,0,0,63,65
3106605.0,0,0,0,64,64
3106657.0,0,0,0,96,32
3106672.0,0,0,0,96,32
3106672.0,0,0,0,94,34
3106686.0,0,0,0,94,34
3106686.0,0,0,0,93,35
3106688.0,0,0,0,93,35
3106688.0,0,0,0,92,36
3106719.0,0,0,0,94,34
3106728.0,0,0,0,95,33
3106731.0,0,0,0,95,33
3106741.0,0,0,0,96,32
3106748.0,0,0,0,96,32
3106818.0,0,0,0,96,32
3106818.0,0,0,0,92,36
3106847.0,0,0,0,92,36
3106847.0,0,0,0,90,38
3106858.0,0,0,0,90,38
3106858.0,0,0,0,58,70
3106987.0,0,0,0,58,70
3106987.0,0,0,0,56,72
3107012.0,0,0,0,58,70
3107048.0,0,0,0,58,70
3107048.0,0,0,0,57,71
3107088.0,0,0,0,58,70
3107278.0,0,0,0,62,66
3107280.0,0,0,0,64,64
3107464.0,0,0,0,64,64
3107464.0,0,0,0,60,68
3107487.0,0,0,0,60,68
3107487.0,0,0,0,58,70
3107571.0,0,0,0,58,70
3107571.0,0,0,0,56,72
3107600.0,0,0,0,60,68
3107604.0,0,0,0,60,68
3107609.0,0,0,0,62,66
3107610.0,0,0,0,94,34
3107617.0,0,0,0,94,34
3107617.0,0,0,0,93,35
3107621.0,0,0,0,93,35
3107621.0,0,0,0,92,36
3107639.0,0,0,0,93,35
3107649.0,0,0,0,94,34
3107727.0,0,0,0,94,34
3107727.0,0,0,0,92,36
3107757.0,0,0,0,94,34
3107826.0,0,0,0,94,34
3107826.0,0,0,0,92,36
3107828.0,0,0,0,92,36
3107828.0,0,0,0,91,37
3107850.0,0,0,0,93,35
3107851.0,0,0,0,93,35
3107859.0,0,0,0,94,34
3107861.0,0,0,0,96,32
3107863.0,0,0,0,96,32
3107863.0,0,0,0,92,36
3107888.0,0,0,0,92,36
3107888.0,0,0,0,90,38
3107986.0,0,0,0,96,32
3108041.0,0,0,0,96,32
3108041.0,0,0,0,92,36
3108063.0,0,0,0,92,36
3108063.0,0,0,0,90,38
3108174.0,0,0,0,90,38
3108174.0,0,0,0,88,40
3108218.0,0,0,0,90,38
3108238.0,0,0,0,94,34
3108280.0,0,0,0,94,34
3108280.0,0,0,0,92,36
3108323.0,0,0,0,124,4
3108325.0,0,0,0,126,2
3108326.0,0,0,0,126,2
3108326.0,0,0,0,94,34
3108597.0,0,0,0,94,34
3108597.0,0,0,0,92,36
3108631.0,0,0,0,94,34
3108651.0,0,0,0,94,34
3108651.0,0,0,0,92,36
3108669.0,0,0,0,94,34
3108712.0,0,0,0,94,34
3108712.0,0,0,0,92,36
3108749.0,0,0,0,94,34
3108878.0,0,0,0,94,34
3108878.0,0,0,0,92,36
3108895.0,0,0,0,94,34
3108922.0,0,0,0,94,34
3108922.0,0,0,0,92,36
3108942.0,0,0,0,94,34
3108994.0,0,0,0,94,34
3108994.0,0,0,0,92,36
3109017.0,0,0,0,94,34
3109060.0,0,0,0,94,34
3109060.0,0,0,0,92,36
3109068.0,0,0,0,92,36
3109068.0,0,0,0,60,68
3109161.0,0,0,0,62,66
3109178.0,0,0,0,62,66
3109178.0,0,0,0,60,68
3109182.0,0,0,0,92,36
3109184.0,0,0,0,92,36
3109184.0,0,0,0,91,37
3109203.0,0,0,0,92,36
3109242.0,0,0,0,92,36
3109281.0,0,0,0,94,34
3109342.0,0,0,0,94,34
3109342.0,0,0,0,92,36
3109357.0,0,0,0,92,36
3109372.0,0,0,0,92,36
3109372.0,0,0,0,60,68
3109448.0,0,0,0,62,66
3109477.0,0,0,0,94,34
3109484.0,0,0,0,94,34
3109484.0,0,0,0,92,36
3109589.0,0,0,0,92,36
3109589.0,0,0,0,60,68
3109594.0,0,0,0,62,66
3109686.0,0,0,0,94,34
3109688.0,0,0,0,94,34
3109688.0,0,0,0,93,35
3109708.0,0,0,0,94,34
3109715.0,0,0,0,94,34
3109715.0,0,0,0,92,36
3109812.0,0,0,0,94,34
3109957.0,0,0,0,94,34
3109957.0,0,0,0,92,36
3109980.0,0,0,0,92,36
3110060.0,0,0,0,94,34
3110127.0,0,0,0,126,2
3110140.0,0,0,0,126,2
3110140.0,0,0,0,94,34
3110211.0,0,0,0,94,34
3110211.0,0,0,0,62,66
3110272.0,0,0,0,62,66
3110272.0,0,0,0,61,67
3110300.0,0,0,0,61,67
3110306.0,0,0,0,62,66
3110309.0,0,0,0,62,66
3110310.0,0,0,0,62,66
3110335.0,0,0,0,94,34
3110341.0,0,0,0,94,34
3110341.0,0,0,0,62,66
3110490.0,0,0,0,62,66
3110490.0,0,0,0,30,98
3110561.0,0,0,0,30,98
3110579.0,0,0,0,30,98
3110579.0,0,0,0,22,106
3110628.0,0,0,0,22,106
3110628.0,0,0,0,21,107
3110659.0,0,0,0,22,106
3110662.0,0,0,0,24,104
3110672.0,0,0,0,24,104
3110672.0,0,0,0,20,108
3110686.0,0,0,0,20,108
3110704.0,0,0,0,24,104
3110719.0,0,0,0,56,72
3110726.0,0,0,0,64,64
3110825.0,0,0,0,96,32
3110829.0,0,0,0,96,32
3110829.0,0,0,0,95,33
3110849.0,0,0,0,96,32
3111023.0,0,0,0,96,32
3111581.0,0,0,0,96,32
3111581.0,0,0,0,92,36
3111602.0,0,0,0,92,36
3111602.0,0,0,0,90,38
3111745.0,0,0,0,94,34
3111882.0,0,0,0,94,34
3111934.0,0,0,0,94,34
3111934.0,0,0,0,62,66
3112037.0,0,0,0,94,34
3112040.0,0,0,0,94,34
3112040.0,0,0,0,93,35
3112058.0,0,0,0,94,34
3112177.0,0,0,0,94,34
3112261.0,0,0,0,94,34
3112261.0,0,0,0,62,66
3112360.0,0,0,0,94,34
3112363.0,0,0,0,94,34
3112363.0,0,0,0,93,35
3112380.0,0,0,0,94,34
3112386.0,0,0,0,94,34
3112827.0,0,0,0,94,34
3112860.0,0,0,0,94,34
3112860.0,0,0,0,62,66
3112972.0,0,0,0,94,34
3112974.0,0,0,0,94,34
3112974.0,0,0,0,93,35
3112993.0,0,0,0,94,34
3113035.0,0,0,0,94,34
3113272.0,0,0,0,94,34
3113272.0,0,0,0,93,35
3113274.0,0,0,0,94,34
3113310.0,0,0,0,94,34
3113310.0,0,0,0,78,50
3113316.0,0,0,0,78,50
3113316.0,0,0,0,77,51
3113339.0,0,0,0,78,50
3113419.0,0,0,0,78,50
3113525.0,0,0,0,78,50
3113686.0,0,0,0,94,34
3113902.0,0,0,0,94,34
3113902.0,0,0,0,93,35
3113927.0,0,0,0,94,34
3113928.0,0,0,0,96,32
3113929.0,0,0,0,96,32
3113929.0,0,0,0,92,36
3113953.0,0,0,0,92,36
3113953.0,0,0,0,90,38
3114098.0,0,0,0,94,34
3114117.0,0,0,0,94,34
3114117.0,0,0,0,93,35
3114127.0,0,0,0,93,35
3114127.0,0,0,0,77,51
3114158.0,0,0,0,78,50
3114186.0,0,0,0,94,34
3114323.0,0,0,0,94,34
3114323.0,0,0,0,93,35
3114345.0,0,0,0,94,34
3114347.0,0,0,0,96,32
3114348.0,0,0,0,96,32
3114348.0,0,0,0,92,36
3114371.0,0,0,0,92,36
3114371.0,0,0,0,90,38
3114521.0,0,0,0,94,34
3114585.0,0,0,0,96,32
3114587.0,0,0,0,96,32
3114587.0,0,0,0,92,36
3114613.0,0,0,0,92,36
3114613.0,0,0,0,90,38
3114650.0,0,0,0,90,38
3114650.0,0,0,0,58,70
3114702.0,0,0,0,58,70
3114702.0,0,0,0,57,71
3114736.0,0,0,0,58,70
3114737.0,0,0,0,58,70
3114766.0,0,0,0,58,70
3114766.0,0,0,0,57,71
3114799.0,0,0,0,58,70
3114815.0,0,0,0,62,66
3114845.0,0,0,0,62,66
3114845.0,0,0,0,61,67
3114846.0,0,0,0,61,67
3114846.0,0,0,0,60,68
3114887.0,0,0,0,61,67
3114913.0,0,0,0,62,66
3114992.0,0,0,0,62,66
3114992.0,0,0,0,61,67
3115014.0,0,0,0,62,66
3115016.0,0,0,0,64,64
3115017.0,0,0,0,64,64
3115017.0,0,0,0,60,68
3115038.0,0,0,0,60,68
3115038.0,0,0,0,58,70
3115053.0,0,0,0,58,70
3115053.0,0,0,0,57,71
3115060.0,0,0,0,57,71
3115163.0,0,0,0,58,70
3115179.0,0,0,0,62,66
3115202.0,0,0,0,62,66
3115202.0,0,0,0,61,67
3115232.0,0,0,0,93,35
3115233.0,0,0,0,94,34
3115236.0,0,0,0,94,34
3115236.0,0,0,0,93,35
3115237.0,0,0,0,93,35
3115237.0,0,0,0,92,36
3115246.0,0,0,0,93,35
3115256.0,0,0,0,93,35
3115256.0,0,0,0,92,36
3115257.0,0,0,0,93,35
3115264.0,0,0,0,94,34
3115345.0,0,0,0,94,34
3115345.0,0,0,0,62,66
3115672.0,0,0,0,62,66
3115674.0,0,0,0,62,66
3115674.0,0,0,0,61,67
3115684.0,0,0,0,62,66
3115783.0,0,0,0,94,34
3115865.0,0,0,0,126,2
3115879.0,0,0,0,126,2
3115879.0,0,0,0,125,3
3115882.0,0,0,0,126,2
3115911.0,0,0,0,126,2
3115911.0,0,0,0,94,34
3116193.0,0,0,0,94,34
3116193.0,0,0,0,93,35
3116204.0,0,0,0,94,34
3116250.0,0,0,0,94,34
3116250.0,0,0,0,93,35
3116263.0,0,0,0,94,34
3116386.0,0,0,0,94,34
3116552.0,0,0,0,94,34
3116552.0,0,0,0,62,66
3116773.0,0,0,0,62,66
3116773.0,0,0,0,46,82
3116886.0,0,0,0,46,82
3117045.0,0,0,0,46,82
3117047.0,0,0,0,46,82
3117168.0,0,0,0,46,82
3117168.0,0,0,0,45,83
3117254.0,0,0,0,77,51
3117263.0,0,0,0,77,51
3117263.0,0,0,0,61,67
3117267.0,0,0,0,61,67
3117267.0,0,0,0,57,71
3117316.0,0,0,0,58,70
3117330.0,0,0,0,74,54
3117332.0,0,0,0,74,54
3117332.0,0,0,0,73,55
3117335.0,0,0,0,77,51
3117354.0,0,0,0,93,35
3117459.0,0,0,0,94,34
3117507.0,0,0,0,94,34
3117507.0,0,0,0,93,35
3117558.0,0,0,0,93,35
3117558.0,0,0,0,77,51
3117569.0,0,0,0,77,51
3117569.0,0,0,0,61,67
3117628.0,0,0,0,93,35
3117651.0,0,0,0,109,19
3117661.0,0,0,0,109,19
3117661.0,0,0,0,45,83
3117687.0,0,0,0,61,67
3117688.0,0,0,0,61,67
3117688.0,0,0,0,45,83
3117696.0,0,0,0,46,82
3117704.0,0,0,0,46,82
3117704.0,0,0,0,30,98
3117883.0,0,0,0,46,82
3117916.0,0,0,0,62,66
3117932.0,0,0,0,62,66
3117933.0,0,0,0,62,66
3117933.0,0,0,0,30,98
3117942.0,0,0,0,30,98
3117942.0,0,0,0,14,114
3118166.0,0,0,0,30,98
3118483.0,0,0,0,30,98
3118565.0,0,0,0,30,98
3119113.0,0,0,0,62,66
3119122.0,0,0,0,62,66
3119122.0,0,0,0,30,98
3119316.0,0,0,0,94,34
3119326.0,0,0,0,94,34
3119326.0,0,0,0,93,35
3119335.0,0,0,0,94,34
3119337.0,0,0,0,94,34
3119337.0,0,0,0,30,98
3119511.0,0,0,0,94,34
3119562.0,0,0,0,126,2
3119886.0,0,0,0,126,2
3119886.0,0,0,0,94,34
3119954.0,0,0,0,94,34
3120011.0,0,0,0,94,34
3120011.0,0,0,0,93,35
3120049.0,0,0,0,94,34
3120080.0,0,0,0,94,34
3120080.0,0,0,0,90,38
3120112.0,0,0,0,94,34
3120273.0,0,0,0,94,34
3120273.0,0,0,0,86,42
3120328.0,0,0,0,94,34
3120351.0,0,0,0,94,34
3120356.0,0,0,0,94,34
3120356.0,0,0,0,30,98
3120455.0,0,0,0,94,34
3120485.0,0,0,0,126,2
3120583.0,0,0,0,126,2
3120616.0,0,0,0,126,2
3120711.0,0,0,0,126,2
3120711.0,0,0,0,62,66
3120836.0,0,0,0,62,66
3120836.0,0,0,0,30,98
3120886.0,0,0,0,94,34
3120931.0,0,0,0,94,34
3120931.0,0,0,0,90,38
3120967.0,0,0,0,90,38
3120967.0,0,0,0,26,102
3121173.0,0,0,0,90,38
3121186.0,0,0,0,90,38
3121186.0,0,0,0,26,102
3121197.0,0,0,0,30,98
3121309.0,0,0,0,30,98
3121309.0,0,0,0,26,102
3121330.0,0,0,0,30,98
3121367.0,0,0,0,94,34
3121378.0,0,0,0,94,34
3121378.0,0,0,0,30,98
3121510.0,0,0,0,30,98
3121510.0,0,0,0,26,102
3121541.0,0,0,0,30,98
3121580.0,0,0,0,94,34
3121688.0,0,0,0,94,34
3121688.0,0,0,0,90,38
3121813.0,0,0,0,90,38
3121830.0,0,0,0,94,34
3122016.0,0,0,0,94,34
3122038.0,0,0,0,126,2
3122047.0,0,0,0,126,2
3122047.0,0,0,0,94,34
3122211.0,0,0,0,94,34
3122262.0,0,0,0,94,34
3122446.0,0,0,0,94,34
3122446.0,0,0,0,90,38
3122515.0,0,0,0,94,34
3123155.0,0,0,0,94,34
3123185.0,0,0,0,94,34
3123586.0,0,0,0,94,34
3123873.0,0,0,0,94,34
3123916.0,0,0,0,94,34
3123916.0,0,0,0,30,98
3124067.0,0,0,0,30,98
3124108.0,0,0,0,94,34
3124123.0,0,0,0,94,34
3124123.0,0,0,0,30,98
3124280.0,0,0,0,30,98
3124322.0,0,0,0,94,34
3124738.0,0,0,0,94,34
3124775.0,0,0,0,94,34
3124775.0,0,0,0,30,98
3125941.0,0,0,0,94,34
3125943.0,0,0,0,94,34
3125943.0,0,0,0,93,35
3125953.0,0,0,0,94,34
3125960.0,0,0,0,94,34
3125960.0,0,0,0,93,35
3125963.0,0,0,0,94,34
3125965.0,0,0,0,94,34
3125965.0,0,0,0,93,35
3125979.0,0,0,0,94,34
3126334.0,0,0,0,94,34
3126334.0,0,0,0,62,66
3126804.0,0,0,0,62,66
3126804.0,0,0,0,61,67
3126808.0,0,0,0,61,67
3126969.0,0,0,0,62,66
3127022.0,0,0,0,62,66
3127125.0,0,0,0,62,66
3127125.0,0,0,0,30,98
3127144.0,0,0,0,30,98
3127144.0,0,0,0,22,106
3127275.0,0,0,0,54,74
3127279.0,0,0,0,62,66
3127453.0,0,0,0,94,34
3127539.0,0,0,0,94,34
3127539.0,0,0,0,62,66
3127698.0,0,0,0,94,34
3127785.0,0,0,0,94,34
3127785.0,0,0,0,62,66
3127966.0,0,0,0,94,34
3127992.0,0,0,0,94,34
3127992.0,0,0,0,62,66
3128381.0,0,0,0,94,34
3128515.0,0,0,0,94,34
3128515.0,0,0,0,62,66
3128614.0,0,0,0,62,66
3128614.0,0,0,0,61,67
3128641.0,0,0,0,61,67
3128643.0,0,0,0,62,66
3128771.0,0,0,0,94,34
3129438.0,0,0,0,94,34
3129438.0,0,0,0,93,35
3129547.0,0,0,0,94,34
3129643.0,0,0,0,94,34
3129643.0,0,0,0,93,35
3129645.0,0,0,0,93,35
3129645.0,0,0,0,61,67
3129771.0,0,0,0,62,66
3129847.0,0,0,0,94,34
3129975.0,0,0,0,94,34
3130153.0,0,0,0,94,34
3130197.0,0,0,0,94,34
3130197.0,0,0,0,62,66
3130398.0,0,0,0,62,66
3130400.0,0,0,0,94,34
3130407.0,0,0,0,94,34
3130407.0,0,0,0,93,35
3130462.0,0,0,0,93,35
3130462.0,0,0,0,61,67
3130565.0,0,0,0,62,66
3130644.0,0,0,0,94,34
3130646.0,0,0,0,94,34
3130646.0,0,0,0,93,35
3130665.0,0,0,0,94,34
3130666.0,0,0,0,94,34
3130678.0,0,0,0,94,34
3130678.0,0,0,0,93,35
3130771.0,0,0,0,94,34
3130904.0,0,0,0,94,34
3130904.0,0,0,0,62,66
3131081.0,0,0,0,62,66
3131112.0,0,0,0,62,66
3131112.0,0,0,0,61,67
3131215.0,0,0,0,62,66
3131237.0,0,0,0,94,34
3131239.0,0,0,0,94,34
3131239.0,0,0,0,93,35
3131241.0,0,0,0,93,35
3131241.0,0,0,0,92,36
3131250.0,0,0,0,93,35
3131260.0,0,0,0,94,34
3131324.0,0,0,0,94,34
3131324.0,0,0,0,62,66
3131361.0,0,0,0,62,66
3131361.0,0,0,0,61,67
3131372.0,0,0,0,61,67
3131372.0,0,0,0,29,99
3131438.0,0,0,0,29,99
3131438.0,0,0,0,21,107
3131471.0,0,0,0,21,107
3131510.0,0,0,0,22,106
3131526.0,0,0,0,54,74
3131531.0,0,0,0,62,66
3131589.0,0,0,0,62,66
3131589.0,0,0,0,61,67
3131699.0,0,0,0,62,66
3132547.0,0,0,0,62,66
3132650.0,0,0,0,62,66
3132650.0,0,0,0,58,70
3132728.0,0,0,0,62,66
3132787.0,0,0,0,62,66
3132787.0,0,0,0,61,67
3132812.0,0,0,0,61,67
3132812.0,0,0,0,57,71
3132888.0,0,0,0,61,67
3133039.0,0,0,0,62,66
3133067.0,0,0,0,62,66
3133067.0,0,0,0,61,67
3133100.0,0,0,0,61,67
3133128.0,0,0,0,61,67
3133128.0,0,0,0,53,75
3133159.0,0,0,0,53,75
3133159.0,0,0,0,52,76
3133180.0,0,0,0,53,75
3133194.0,0,0,0,61,67
3133206.0,0,0,0,62,66
3133344.0,0,0,0,62,66
3133649.0,0,0,0,62,66
3133649.0,0,0,0,61,67
3133775.0,0,0,0,62,66
3133874.0,0,0,0,62,66
3133874.0,0,0,0,46,82
3133890.0,0,0,0,62,66
3133903.0,0,0,0,62,66
3133903.0,0,0,0,46,82
3133937.0,0,0,0,46,82
3133950.0,0,0,0,46,82
3133960.0,0,0,0,46,82
3134009.0,0,0,0,62,66
3134130.0,0,0,0,62,66
3134130.0,0,0,0,46,82
3134210.0,0,0,0,46,82
3134226.0,0,0,0,46,82
3134259.0,0,0,0,62,66
3134278.0,0,0,0,62,66
3134278.0,0,0,0,54,74
3134336.0,0,0,0,62,66
3134385.0,0,0,0,62,66
3134385.0,0,0,0,58,70
3134455.0,0,0,0,62,66
3134456.0,0,0,0,62,66
3134456.0,0,0,0,61,67
3134560.0,0,0,0,61,67
3134560.0,0,0,0,57,71
3134580.0,0,0,0,58,70
3134638.0,0,0,0,62,66
3134649.0,0,0,0,62,66
3134649.0,0,0,0,54,74
3134716.0,0,0,0,62,66
3134741.0,0,0,0,62,66
3134741.0,0,0,0,46,82
3134837.0,0,0,0,62,66
3135015.0,0,0,0,62,66
3135015.0,0,0,0,54,74
3135072.0,0,0,0,62,66
3135077.0,0,0,0,62,66
3135077.0,0,0,0,46,82
3135104.0,0,0,0,46,82
3135104.0,0,0,0,45,83
3135141.0,0,0,0,61,67
3135248.0,0,0,0,62,66
3135354.0,0,0,0,62,66
3135354.0,0,0,0,61,67
3135475.0,0,0,0,62,66
3135588.0,0,0,0,62,66
3135599.0,0,0,0,62,66
3135599.0,0,0,0,61,67
3135713.0,0,0,0,62,66
3135817.0,0,0,0,94,34
3135894.0,0,0,0,94,34
3135894.0,0,0,0,93,35
3135906.0,0,0,0,93,35
3135996.0,0,0,0,93,35
3135996.0,0,0,0,89,39
3136008.0,0,0,0,90,38
3136065.0,0,0,0,94,34
3136085.0,0,0,0,94,34
3136085.0,0,0,0,86,42
3136147.0,0,0,0,94,34
3136201.0,0,0,0,94,34
3136201.0,0,0,0,78,50
3136261.0,0,0,0,94,34
3136270.0,0,0,0,94,34
3136270.0,0,0,0,93,35
3136381.0,0,0,0,94,34
3136475.0,0,0,0,94,34
3136531.0,0,0,0,94,34
3136531.0,0,0,0,93,35
3136590.0,0,0,0,93,35
3136647.0,0,0,0,94,34
3136659.0,0,0,0,94,34
3136659.0,0,0,0,93,35
3136709.0,0,0,0,93,35
3136788.0,0,0,0,94,34
3136959.0,0,0,0,94,34
3137036.0,0,0,0,94,34
3137087.0,0,0,0,94,34
3137087.0,0,0,0,62,66
3137125.0,0,0,0,62,66
3137125.0,0,0,0,61,67
3137155.0,0,0,0,61,67
3137299.0,0,0,0,62,66
3137398.0,0,0,0,62,66
3137398.0,0,0,0,61,67
3137416.0,0,0,0,61,67
3137507.0,0,0,0,62,66
3137537.0,0,0,0,62,66
3137585.0,0,0,0,94,34
3137668.0,0,0,0,94,34
3137668.0,0,0,0,62,66
3137692.0,0,0,0,62,66
3137692.0,0,0,0,61,67
3137860.0,0,0,0,62,66
3137872.0,0,0,0,62,66
3137872.0,0,0,0,54,74
3137966.0,0,0,0,86,42
3137977.0,0,0,0,86,42
3137977.0,0,0,0,85,43
3138131.0,0,0,0,86,42
3138267.0,0,0,0,86,42
3138267.0,0,0,0,85,43
3138395.0,0,0,0,86,42
3138517.0,0,0,0,86,42
3138546.0,0,0,0,86,42
3138546.0,0,0,0,85,43
3138660.0,0,0,0,86,42
3138763.0,0,0,0,86,42
3138763.0,0,0,0,85,43
3138765.0,0,0,0,85,43
3138847.0,0,0,0,85,43
3138890.0,0,0,0,86,42
3138935.0,0,0,0,118,10
3138937.0,0,0,0,118,10
3138937.0,0,0,0,117,11
3138950.0,0,0,0,118,10
3138957.0,0,0,0,118,10
3138957.0,0,0,0,117,11
3138961.0,0,0,0,117,11
3138961.0,0,0,10,107,11
3139081.0,0,0,10,107,11
3139081.0,0,0,11,106,11
3139083.0,0,0,11,107,10
3139347.0,0,0,11,107,10
3139347.0,0,0,12,106,10
3139488.0,0,0,12,106,10
3139488.0,0,0,13,105,10
3139999.0,0,0,13,105,10
3139999.0,0,0,14,104,10
3140062.0,0,0,14,104,10
3140062.0,0,0,14,40,74
3140091.0,0,0,14,40,74
3140091.0,0,0,14,39,75
3140098.0,0,0,14,40,74
3140102.0,0,0,14,40,74
3140102.0,0,0,14,39,75
3140111.0,0,0,14,40,74
3140207.0,0,0,14,40,74
3140246.0,0,0,14,42,72
3140251.0,0,0,14,50,64
3140258.0,0,0,14,50,64
3140666.0,0,0,14,50,64
3140831.0,0,0,14,50,64
3140831.0,0,0,15,49,64
3141095.0,0,0,15,49,64
3141095.0,0,0,16,48,64
3141360.0,0,0,16,48,64
3141360.0,0,0,17,47,64
3141590.0,0,0,17,47,64
3141590.0,0,0,18,46,64
3141635.0,0,0,18,46,64
3141635.0,0,0,50,14,64
3141650.0,0,0,50,14,64
3141650.0,0,0,51,13,64
3141661.0,10,0,41,13,64
3141781.0,11,0,40,13,64
3141783.0,11,0,40,13,64
3141783.0,11,0,41,12,64
3142047.0,12,0,40,12,64
3142188.0,13,0,39,12,64
3142699.0,14,0,38,12,64
3142798.0,14,0,38,12,64
3142798.0,14,0,39,11,64
3142811.0,14,0,39,11,64
3142811.0,14,0,40,10,64
3142946.0,14,0,40,10,64
3142946.0,14,0,42,8,64
3142951.0,14,0,42,8,64
3142951.0,14,0,50,0,64
3143531.0,15,0,49,0,64
3143795.0,16,0,48,0,64
3144060.0,17,0,47,0,64
3144290.0,18,0,46,0,64
3144335.0,50,0,14,0,64
3144350.0,51,0,13,0,64
3144483.0,52,0,12,0,64
3145498.0,53,0,11,0,64
3145511.0,54,0,10,0,64
3145646.0,56,0,8,0,64
3145651.0,64,0,0,0,64
3145651.0,0,64,0,0,64
3146640.0,0,64,0,64,0
3147135.0,0,64,0,64,0
3147244.0,0,64,0,64,0
3147449.0,0,64,0,64,0
3147449.0,0,64,0,0,64
3147451.0,0,0,0,64,64
3147451.0,0,0,0,0,128
3147605.0,0,0,0,64,64
3149340.0,0,0,0,64,64
3150305.0,0,0,0,64,64
3150305.0,0,0,64,0,64
3153005.0,64,0,0,0,64
3154319.0,64,0,0,64,0
3154319.0,0,64,0,64,0
3156119.0,0,0,0,128,0
3156119.0,0,0,0,0,128
3156224.0,0,0,0,128,0
3156224.0,0,0,0,64,64
3158176.0,0,0,0,64,64
3158269.0,0,0,0,64,64
3158924.0,0,0,0,64,64
3158924.0,0,0,64,0,64
3161624.0,64,0,0,0,64
3167148.0,64,0,0,64,0
3167148.0,0,64,0,64,0
3168948.0,0,0,0,128,0
3168948.0,0,0,0,0,128
3169037.0,0,0,0,128,0
3169037.0,0,0,0,0,128
3172843.0,0,0,0,0,128
3172937.0,0,0,0,0,128
3173001.0,0,0,0,0,128
3173022.0,0,0,0,0,128
3173082.0,0,0,0,0,128
3173686.0,0,0,0,0,128
3173711.0,0,0,0,0,128
3173741.0,0,0,0,0,128
3173783.0,0,0,0,0,128
3173832.0,0,0,0,0,128
3173854.0,0,0,0,0,128
3173872.0,0,0,0,0,128
3174169.0,0,0,0,0,128
3174727.0,0,0,0,0,128
3174837.0,0,0,0,0,128
3176001.0,0,0,0,0,128
3176060.0,0,0,0,0,128
3176145.0,0,0,0,0,128
3176153.0,0,0,0,0,128
3176392.0,0,0,0,0,128
3176669.0,0,0,0,0,128
3176834.0,0,0,0,0,128
3176857.0,0,0,0,0,128
3177247.0,0,0,0,0,128
3177275.0,0,0,0,0,128
3177442.0,0,0,0,0,128
3177588.0,0,0,0,0,128
3178259.0,0,0,0,0,128
3178283.0,0,0,0,0,128
3178542.0,0,0,0,0,128
3178832.0,0,0,0,0,128
3178851.0,0,0,0,0,128
3179619.0,0,0,0,0,128
3179638.0,0,0,0,0,128
3179961.0,0,0,0,128,0
3179961.0,0,0,0,2,126
3179964.0,0,0,0,3,125
3179975.0,0,0,0,4,124
3179977.0,0,0,0,5,123
3179978.0,0,0,0,10,118
3179978.0,0,0,0,2,126
3179979.0,0,0,0,4,124
3179983.0,0,0,0,8,120
3179983.0,0,0,0,0,128
3179991.0,0,0,0,2,126
3179996.0,0,0,0,4,124
3179998.0,0,0,0,12,116
3179998.0,0,0,0,4,124
3180004.0,0,0,0,4,124
3180015.0,0,0,0,6,122
3180017.0,0,0,0,22,106
3180017.0,0,0,0,6,122
3180032.0,0,0,0,8,120
3180032.0,0,0,0,0,128
3180034.0,0,0,0,0,128
3180044.0,0,0,0,8,120
3180044.0,0,0,0,0,128
3180048.0,0,0,0,8,120
3180048.0,0,0,0,0,128
3180065.0,0,0,0,16,112
3180069.0,0,0,0,32,96
3180069.0,0,0,0,0,128
3180072.0,0,0,0,8,120
3180077.0,0,0,0,24,104
3180101.0,0,0,0,32,96
3180101.0,0,0,0,0,128
3180117.0,0,0,0,8,120
3180118.0,0,0,0,24,104
3180130.0,0,0,0,32,96
3180130.0,0,0,0,0,128
3180161.0,0,0,0,32,96
3180188.0,0,0,0,64,64
3180226.0,0,0,0,96,32
3180243.0,0,0,0,128,0
3180243.0,0,0,0,0,128
3180271.0,0,0,0,128,0
3180271.0,0,0,0,0,128
3180333.0,0,0,0,0,128
3180381.0,0,0,0,0,128
3180428.0,0,0,0,0,128
3180471.0,0,0,0,0,128
3180494.0,0,0,0,0,128
3180500.0,0,0,0,0,128
3180503.0,0,0,0,0,128
3180578.0,0,0,0,0,128
3180617.0,0,0,0,0,128
3180639.0,0,0,0,0,128
3180658.0,0,0,0,0,128
3180702.0,0,0,0,0,128
3180723.0,0,0,0,128,0
3180723.0,0,0,0,0,128
3180809.0,0,0,0,32,96
3180809.0,0,0,0,0,128
3180812.0,0,0,0,32,96
3180812.0,0,0,0,10,118
3180828.0,0,0,0,14,114
3180833.0,0,0,0,15,113
3180848.0,0,0,0,16,112
3180849.0,0,0,0,17,111
3180851.0,0,0,0,18,110
3180892.0,0,0,0,20,108
3180916.0,0,0,0,24,104
3180919.0,0,0,0,56,72
3180971.0,0,0,0,64,64
3180997.0,0,0,0,128,0
3180997.0,0,0,0,0,128
3181075.0,0,0,0,128,0
3181075.0,0,0,0,0,128
3181161.0,0,0,0,128,0
3181161.0,0,0,0,58,70
3181200.0,0,0,0,58,70
3181200.0,0,0,0,54,74
3181261.0,0,0,0,58,70
3181290.0,0,0,0,58,70
3181290.0,0,0,0,26,102
3181300.0,0,0,0,58,70
3181351.0,0,0,0,90,38
3181359.0,0,0,0,122,6
3181799.0,0,0,0,122,6
3181799.0,0,0,0,121,7
3181833.0,0,0,0,122,6
3181842.0,0,0,0,122,6
3181842.0,0,0,0,118,10
3181863.0,0,0,0,118,10
3181863.0,0,0,0,116,12
3181957.0,0,0,0,120,8
3181958.0,0,0,0,122,6
3181959.0,0,0,0,122,6
3181959.0,0,0,0,118,10
3181964.0,0,0,0,122,6
3181992.0,0,0,0,124,4
3182003.0,0,0,0,124,4
3182003.0,0,0,0,123,5
3182011.0,0,0,0,127,1
3182022.0,0,0,0,128,0
3182057.0,0,0,0,128,0
3182057.0,0,0,0,124,4
3182079.0,0,0,0,124,4
3182079.0,0,0,0,122,6
3182160.0,0,0,0,122,6
3182160.0,0,0,0,90,38
3182195.0,0,0,0,122,6
3182259.0,0,0,0,122,6
3182259.0,0,0,0,121,7
3182268.0,0,0,0,122,6
3182318.0,0,0,0,122,6
3182318.0,0,0,0,121,7
3182328.0,0,0,0,122,6
3182382.0,0,0,0,122,6
3182382.0,0,0,0,58,70
3182404.0,0,0,0,58,70
3182404.0,0,0,0,26,102
3182466.0,0,0,0,58,70
3182558.0,0,0,0,58,70
3182558.0,0,0,0,26,102
3182606.0,0,0,0,90,38
3182610.0,0,0,0,90,38
3182610.0,0,0,0,89,39
3182635.0,0,0,0,90,38
3182661.0,0,0,0,90,38
3182664.0,0,0,0,90,38
3182691.0,0,0,0,90,38
3182696.0,0,0,0,90,38
3182716.0,0,0,0,90,38
3182716.0,0,0,0,89,39
3182726.0,0,0,0,90,38
3182730.0,0,0,0,90,38
3182730.0,0,0,0,89,39
3182741.0,0,0,0,90,38
3182765.0,0,0,0,90,38
3182772.0,0,0,0,90,38
3182792.0,0,0,0,90,38
3182792.0,0,0,0,26,102
3182816.0,0,0,0,58,70
3182817.0,0,0,0,58,70
3182861.0,0,0,0,58,70
3182893.0,0,0,0,62,66
3182896.0,0,0,0,64,64
3182966.0,0,0,0,64,64
3182966.0,0,0,0,32,96
3183035.0,0,0,0,96,32
3183040.0,0,0,0,96,32
3183040.0,0,0,0,95,33
3183061.0,0,0,0,96,32
3183089.0,0,0,0,96,32
3183089.0,0,0,0,64,64
3183126.0,0,0,0,64,64
3183126.0,0,0,0,56,72
3183282.0,0,0,0,88,40
3183284.0,0,0,0,96,32
3183303.0,0,0,0,96,32
3183303.0,0,0,0,95,33
3183318.0,0,0,0,96,32
3183398.0,0,0,0,96,32
3183398.0,0,0,0,32,96
3183498.0,0,0,0,32,96
3183498.0,0,0,0,28,100
3183512.0,0,0,0,28,100
3183523.0,0,0,0,28,100
3183523.0,0,0,0,26,102
3183609.0,0,0,0,90,38
3183615.0,0,0,0,90,38
3183615.0,0,0,0,89,39
3183627.0,0,0,0,89,39
3183627.0,0,0,0,25,103
3183645.0,0,0,0,26,102
3183683.0,0,0,0,26,102
3183683.0,0,0,0,25,103
3183693.0,0,0,0,26,102
3183741.0,0,0,0,90,38
3183747.0,0,0,0,90,38
3183747.0,0,0,0,26,102
3183861.0,0,0,0,26,102
3183953.0,0,0,0,90,38
3183955.0,0,0,0,90,38
3183955.0,0,0,0,89,39
3183956.0,0,0,0,89,39
3183956.0,0,0,0,88,40
3183966.0,0,0,0,89,39
3183978.0,0,0,0,90,38
3184000.0,0,0,0,90,38
3184006.0,0,0,0,90,38
3184006.0,0,0,0,26,102
3184029.0,0,0,0,26,102
3184029.0,0,0,0,25,103
3184050.0,0,0,0,89,39
3184058.0,0,0,0,90,38
3184059.0,0,0,0,90,38
3184081.0,0,0,0,90,38
3184081.0,0,0,0,26,102
3184184.0,0,0,0,90,38
3184211.0,0,0,0,90,38
3184211.0,0,0,0,26,102
3184236.0,0,0,0,26,102
3184236.0,0,0,0,25,103
3184250.0,0,0,0,26,102
3184319.0,0,0,0,90,38
3184335.0,0,0,0,94,34
3184336.0,0,0,0,96,32
3184352.0,0,0,0,96,32
3184352.0,0,0,0,64,64
3184504.0,0,0,0,96,32
3184507.0,0,0,0,96,32
3184507.0,0,0,0,95,33
3184532.0,0,0,0,95,33
3184532.0,0,0,0,31,97
3184555.0,0,0,0,31,97
3184555.0,0,0,0,30,98
3184578.0,0,0,0,94,34
3184584.0,0,0,0,95,33
3184607.0,0,0,0,95,33
3184607.0,0,0,0,31,97
3184645.0,0,0,0,95,33
3184668.0,0,0,0,95,33
3184668.0,0,0,0,31,97
3184744.0,0,0,0,31,97
3184744.0,0,0,0,30,98
3184763.0,0,0,0,31,97
3184775.0,0,0,0,95,33
3184800.0,0,0,0,95,33
3184800.0,0,0,0,31,97
3184895.0,0,0,0,31,97
3184906.0,0,0,0,95,33
3184934.0,0,0,0,95,33
3184934.0,0,0,0,31,97
3184970.0,0,0,0,63,65
3184981.0,0,0,0,63,65
3184981.0,0,0,0,31,97
3185004.0,0,0,0,95,33
3185093.0,0,0,0,95,33
3185093.0,0,0,0,31,97
3185138.0,0,0,0,32,96
3185161.0,0,0,0,64,64
3185166.0,0,0,0,64,64
3185175.0,0,0,0,64,64
3185175.0,0,0,0,63,65
3185220.0,0,0,0,127,1
3185222.0,0,0,0,127,1
3185222.0,0,0,0,63,65
3185236.0,0,0,0,64,64
3185256.0,0,0,0,64,64
3185256.0,0,0,0,63,65
3185306.0,0,0,0,63,65
3185473.0,0,0,0,127,1
3185476.0,0,0,0,127,1
3185476.0,0,0,0,126,2
3185500.0,0,0,0,127,1
3185516.0,0,0,0,127,1
3185531.0,0,0,0,127,1
3185531.0,0,0,0,63,65
3185611.0,0,0,0,64,64
3185624.0,0,0,0,64,64
3185624.0,0,0,0,0,128
3185683.0,0,0,0,64,64
3185697.0,0,0,0,64,64
3185697.0,0,0,0,0,128
3185735.0,0,0,0,0,128
3185749.0,0,0,0,64,64
3185767.0,0,0,0,64,64
3185767.0,0,0,0,0,128
3185813.0,0,0,0,64,64
3185827.0,0,0,0,64,64
3185827.0,0,0,0,0,128
3185863.0,0,0,0,64,64
3185877.0,0,0,0,64,64
3185877.0,0,0,0,0,128
3185910.0,0,0,0,64,64
3185921.0,0,0,0,64,64
3185921.0,0,0,0,0,128
3185952.0,0,0,0,64,64
3185959.0,0,0,0,128,0
3185963.0,0,0,0,128,0
3185963.0,0,0,0,127,1
3185974.0,0,0,0,128,0
3185975.0,0,0,0,128,0
3185975.0,0,0,0,64,64
3185976.0,0,0,0,64,64
3185976.0,0,0,0,63,65
3185982.0,0,0,0,63,65
3186005.0,0,0,0,64,64
3186009.0,0,0,0,128,0
3186011.0,0,0,0,128,0
3186011.0,0,0,0,124,4
3186026.0,0,0,0,124,4
3186026.0,0,0,0,60,68
3186033.0,0,0,0,60,68
3186033.0,0,0,0,58,70
3186064.0,0,0,0,122,6
3186081.0,0,0,0,122,6
3186081.0,0,0,0,58,70
3186105.0,0,0,0,58,70
3186105.0,0,0,0,57,71
3186127.0,0,0,0,121,7
3186131.0,0,0,0,122,6
3186140.0,0,0,0,122,6
3186140.0,0,0,0,58,70
3186181.0,0,0,0,122,6
3186188.0,0,0,0,122,6
3186188.0,0,0,0,90,38
3186205.0,0,0,0,90,38
3186205.0,0,0,0,26,102
3186251.0,0,0,0,90,38
3186268.0,0,0,0,90,38
3186268.0,0,0,0,26,102
3186309.0,0,0,0,26,102
3186317.0,0,0,0,90,38
3186329.0,0,0,0,90,38
3186329.0,0,0,0,26,102
3186366.0,0,0,0,90,38
3186382.0,0,0,0,90,38
3186382.0,0,0,0,26,102
3186413.0,0,0,0,90,38
3186423.0,0,0,0,90,38
3186423.0,0,0,0,26,102
3186435.0,0,0,0,32,96
3186441.0,0,0,0,32,96
3186456.0,0,0,0,96,32
3186475.0,0,0,0,96,32
3186475.0,0,0,0,32,96
3186508.0,0,0,0,96,32
3186533.0,0,0,0,96,32
3186533.0,0,0,0,92,36
3186555.0,0,0,0,92,36
3186555.0,0,0,0,90,38
3186563.0,0,0,0,122,6
3186564.0,0,0,0,122,6
3186564.0,0,0,0,121,7
3186577.0,0,0,0,121,7
3186577.0,0,0,0,57,71
3186584.0,0,0,0,58,70
3186641.0,0,0,0,58,70
3186641.0,0,0,0,57,71
3186651.0,0,0,0,58,70
3186653.0,0,0,0,58,70
3186691.0,0,0,0,122,6
3186713.0,0,0,0,122,6
3186713.0,0,0,0,58,70
3186723.0,0,0,0,58,70
3186723.0,0,0,0,26,102
3186750.0,0,0,0,26,102
3186830.0,0,0,0,90,38
3186846.0,0,0,0,90,38
3186846.0,0,0,0,26,102
3186884.0,0,0,0,26,102
3186957.0,0,0,0,90,38
3186970.0,0,0,0,90,38
3186970.0,0,0,0,26,102
3187019.0,0,0,0,26,102
3187081.0,0,0,0,90,38
3187100.0,0,0,0,90,38
3187100.0,0,0,0,26,102
3187155.0,0,0,0,26,102
3187155.0,0,0,0,25,103
3187170.0,0,0,0,26,102
3187204.0,0,0,0,26,102
3187206.0,0,0,0,90,38
3187224.0,0,0,0,90,38
3187224.0,0,0,0,26,102
3187278.0,0,0,0,26,102
3187308.0,0,0,0,58,70
3187311.0,0,0,0,58,70
3187311.0,0,0,0,57,71
3187312.0,0,0,0,57,71
3187312.0,0,0,0,56,72
3187327.0,0,0,0,57,71
3187336.0,0,0,0,57,71
3187336.0,0,0,0,25,103
3187345.0,0,0,0,25,103
3187355.0,0,0,0,26,102
3187357.0,0,0,0,90,38
3187380.0,0,0,0,90,38
3187380.0,0,0,0,82,46
3187399.0,0,0,0,82,46
3187399.0,0,0,0,18,110
3187431.0,0,0,0,18,110
3187431.0,0,0,0,17,111
3187453.0,0,0,0,18,110
3187475.0,0,0,0,18,110
3187493.0,0,0,0,50,78
3187495.0,0,0,0,58,70
3187510.0,0,0,0,58,70
3187510.0,0,0,0,26,102
3187529.0,0,0,0,90,38
3187544.0,0,0,0,90,38
3187544.0,0,0,0,26,102
3187606.0,0,0,0,26,102
3187667.0,0,0,0,90,38
3187670.0,0,0,0,90,38
3187687.0,0,0,0,90,38
3187687.0,0,0,0,26,102
3187704.0,0,0,0,26,102
3187802.0,0,0,0,90,38
3187835.0,0,0,0,90,38
3187835.0,0,0,0,26,102
3187920.0,0,0,0,26,102
3187946.0,0,0,0,90,38
3187959.0,0,0,0,90,38
3187959.0,0,0,0,26,102
3188064.0,0,0,0,90,38
3188085.0,0,0,0,90,38
3188085.0,0,0,0,26,102
3188173.0,0,0,0,26,102
3188192.0,0,0,0,90,38
3188214.0,0,0,0,90,38
3188214.0,0,0,0,26,102
3188320.0,0,0,0,90,38
3188383.0,0,0,0,90,38
3188449.0,0,0,0,90,38
3188513.0,0,0,0,90,38
3188522.0,0,0,0,122,6
3188542.0,0,0,0,122,6
3188542.0,0,0,0,121,7
3188551.0,0,0,0,122,6
3188555.0,0,0,0,122,6
3188555.0,0,0,0,121,7
3188563.0,0,0,0,121,7
3188571.0,0,0,0,122,6
3188610.0,0,0,0,122,6
3188638.0,0,0,0,122,6
3188638.0,0,0,0,90,38
3188652.0,0,0,0,90,38
3188659.0,0,0,0,90,38
3188667.0,0,0,0,90,38
3188667.0,0,0,0,58,70
3188709.0,0,0,0,58,70
3188764.0,0,0,0,58,70
3188827.0,0,0,0,58,70
3188881.0,0,0,0,58,70
3188904.0,0,0,0,90,38
3188951.0,0,0,0,90,38
3189017.0,0,0,0,90,38
3189066.0,0,0,0,90,38
3189113.0,0,0,0,90,38
3189134.0,0,0,0,94,34
3189135.0,0,0,0,96,32
3189136.0,0,0,0,96,32
3189136.0,0,0,0,92,36
3189156.0,0,0,0,92,36
3189164.0,0,0,0,92,36
3189164.0,0,0,0,90,38
3189208.0,0,0,0,90,38
3189391.0,0,0,0,90,38
3189530.0,0,0,0,90,38
3189657.0,0,0,0,90,38
3189691.0,0,0,0,122,6
3189693.0,0,0,0,122,6
3189693.0,0,0,0,121,7
3189710.0,0,0,0,122,6
3189781.0,0,0,0,122,6
3189853.0,0,0,0,122,6
3189853.0,0,0,0,121,7
3189863.0,0,0,0,122,6
3189906.0,0,0,0,122,6
3189907.0,0,0,0,122,6
3189907.0,0,0,0,90,38
3190008.0,0,0,0,90,38
3190052.0,0,0,0,90,38
3190052.0,0,0,0,86,42
3190057.0,0,0,0,86,42
3190128.0,0,0,0,90,38
3190129.0,0,0,0,90,38
3190129.0,0,0,0,82,46
3190193.0,0,0,0,82,46
3190194.0,0,0,0,82,46
3190194.0,0,0,0,81,47
3190196.0,0,0,0,89,39
3190198.0,0,0,0,89,39
3190198.0,0,0,0,73,55
3190229.0,0,0,0,73,55
3190237.0,0,0,0,74,54
3190251.0,0,0,0,74,54
3190251.0,0,0,0,73,55
3190269.0,0,0,0,74,54
3190271.0,0,0,0,78,50
3190272.0,0,0,0,80,48
3190275.0,0,0,0,80,48
3190275.0,0,0,0,76,52
3190280.0,0,0,0,92,36
3190296.0,0,0,0,92,36
3190296.0,0,0,0,90,38
3190365.0,0,0,0,90,38
3190365.0,0,0,0,86,42
3190367.0,0,0,0,86,42
3190449.0,0,0,0,90,38
3190453.0,0,0,0,90,38
3190453.0,0,0,0,82,46
3190502.0,0,0,0,82,46
3190520.0,0,0,0,90,38
3190522.0,0,0,0,90,38
3190522.0,0,0,0,74,54
3190590.0,0,0,0,90,38
3190646.0,0,0,0,90,38
3190677.0,0,0,0,90,38
3190677.0,0,0,0,86,42
3190722.0,0,0,0,90,38
3190722.0,0,0,0,58,70
3190732.0,0,0,0,90,38
3190764.0,0,0,0,90,38
3190764.0,0,0,0,74,54
3190833.0,0,0,0,90,38
3190840.0,0,0,0,90,38
3190840.0,0,0,0,74,54
3190892.0,0,0,0,74,54
3190898.0,0,0,0,90,38
3190946.0,0,0,0,90,38
3190946.0,0,0,0,74,54
3190984.0,0,0,0,106,22
3190989.0,0,0,0,106,22
3190989.0,0,0,0,105,23
3190991.0,0,0,0,105,23
3190991.0,0,0,0,104,24
3191007.0,0,0,0,105,23
3191020.0,0,0,0,106,22
3191023.0,0,0,0,122,6
3191098.0,0,0,0,122,6
3191098.0,0,0,0,90,38
3191210.0,0,0,0,90,38
3191210.0,0,0,0,58,70
3191222.0,0,0,0,58,70
3191244.0,0,0,0,58,70
3191244.0,0,0,0,50,78
3191257.0,0,0,0,54,74
3191260.0,0,0,0,56,72
3191319.0,0,0,0,88,40
3191320.0,0,0,0,96,32
3191444.0,0,0,0,96,32
3191444.0,0,0,0,80,48
3191507.0,0,0,0,96,32
3191580.0,0,0,0,96,32
3191580.0,0,0,0,80,48
3191604.0,0,0,0,80,48
3191636.0,0,0,0,96,32
3191826.0,0,0,0,128,0
3191856.0,0,0,0,128,0
3191856.0,0,0,0,96,32
3192334.0,0,0,0,128,0
3192336.0,0,0,0,128,0
3192336.0,0,0,0,127,1
3192353.0,0,0,0,128,0
3192391.0,0,0,0,128,0
3192399.0,0,0,0,128,0
3192399.0,0,0,0,127,1
3192408.0,0,0,0,128,0
3192539.0,0,0,0,128,0
3192539.0,0,0,0,124,4
3192560.0,0,0,0,124,4
3192560.0,0,0,0,122,6
3192567.0,0,0,0,126,2
3192581.0,0,0,0,128,0
3192896.0,0,0,0,128,0
3192979.0,0,0,0,128,0
3192979.0,0,0,0,96,32
3192980.0,0,0,0,96,32
3193004.0,0,0,0,96,32
3193004.0,0,0,0,88,40
3193111.0,0,0,0,88,40
3193111.0,0,0,0,72,56
3193209.0,0,0,0,104,24
3193212.0,0,0,0,112,16
3193220.0,0,0,0,112,16
3193264.0,0,0,0,128,0
3193284.0,0,0,0,128,0
3193284.0,0,0,0,112,16
3193290.0,0,0,0,112,16
3193323.0,0,0,0,112,16
3193323.0,0,0,0,80,48
3193432.0,0,0,0,80,48
3193527.0,0,0,0,80,48
3193527.0,0,0,0,64,64
3193530.0,0,0,0,80,48
3193549.0,0,0,0,96,32
3193576.0,0,0,0,96,32
3193576.0,0,0,0,95,33
3193588.0,0,0,0,95,33
3193588.0,0,0,0,91,37
3193598.0,0,0,0,91,37
3193622.0,0,0,0,91,37
3193622.0,0,0,0,89,39
3193684.0,0,0,0,89,39
3193696.0,0,0,0,89,39
3193696.0,0,0,0,73,55
3193707.0,0,0,0,73,55
3193736.0,0,0,0,74,54
3193770.0,0,0,0,90,38
3193943.0,0,0,0,90,38
3193943.0,0,0,0,74,54
3193999.0,0,0,0,90,38
3194019.0,0,0,0,90,38
3194078.0,0,0,0,90,38
3194078.0,0,0,0,74,54
3194089.0,0,0,0,106,22
3194146.0,0,0,0,122,6
3194207.0,0,0,0,122,6
3194336.0,0,0,0,122,6
3194477.0,0,0,0,122,6
3194477.0,0,0,0,121,7
3194526.0,0,0,0,121,7
3194594.0,0,0,0,125,3
3194596.0,0,0,0,127,1
3194623.0,0,0,0,128,0
3194894.0,0,0,0,128,0
3194894.0,0,0,0,127,1
3194976.0,0,0,0,128,0
3195034.0,0,0,0,128,0
3195053.0,0,0,0,128,0
3195108.0,0,0,0,128,0
3195130.0,0,0,0,128,0
3195130.0,0,0,0,127,1
3195239.0,0,0,0,127,1
3195239.0,0,0,0,111,17
3195267.0,0,0,0,111,17
3195281.0,0,0,0,111,17
3195299.0,0,0,0,127,1
3195304.0,0,0,0,128,0
3195454.0,0,0,0,128,0
3195454.0,0,0,0,127,1
3195597.0,0,0,0,127,1
3195597.0,0,0,0,95,33
3195855.0,0,0,0,95,33
3195855.0,0,0,0,91,37
3195878.0,0,0,0,91,37
3195878.0,0,0,0,89,39
3195909.0,0,0,0,89,39
3195964.0,0,0,0,89,39
3195999.0,0,0,0,89,39
3195999.0,0,0,0,88,40
3196063.0,0,0,0,120,8
3196068.0,0,0,0,120,8
3196068.0,0,0,0,119,9
3196072.0,0,0,0,119,9
3196072.0,0,0,0,118,10
3196086.0,0,0,0,119,9
3196091.0,0,0,0,120,8
3196178.0,0,0,0,120,8
3196178.0,0,0,0,88,40
3196230.0,0,0,0,88,40
3196470.0,0,0,0,88,40
3196671.0,0,0,0,120,8
3196699.0,0,0,0,120,8
3196714.0,0,0,0,121,7
3196715.0,0,0,0,122,6
3196716.0,0,0,0,122,6
3196716.0,0,0,0,90,38
3196789.0,0,0,0,90,38
3196803.0,0,0,0,90,38
3196803.0,0,0,0,89,39
3196830.0,0,0,0,93,35
3196832.0,0,0,0,95,33
3196904.0,0,0,0,96,32
3197032.0,0,0,0,96,32
3197032.0,0,0,0,92,36
3197055.0,0,0,0,92,36
3197055.0,0,0,0,90,38
3197277.0,0,0,0,122,6
3197294.0,0,0,0,122,6
3197295.0,0,0,0,122,6
3197295.0,0,0,0,121,7
3197296.0,0,0,0,121,7
3197300.0,0,0,0,121,7
3197300.0,0,0,0,120,8
3197324.0,0,0,0,121,7
3197330.0,0,0,0,122,6
3197389.0,0,0,0,122,6
3197389.0,0,0,0,90,38
3197457.0,0,0,0,90,38
3197457.0,0,0,0,58,70
3197695.0,0,0,0,58,70
3197695.0,0,0,0,57,71
3197716.0,0,0,0,58,70
3197720.0,0,0,0,90,38
3197745.0,0,0,0,90,38
3197745.0,0,0,0,89,39
3197752.0,0,0,0,90,38
3197759.0,0,0,0,90,38
3197759.0,0,0,0,89,39
3197883.0,0,0,0,90,38
3197992.0,0,0,0,94,34
3197994.0,0,0,0,96,32
3197999.0,0,0,0,96,32
3198314.0,0,0,0,96,32
3198314.0,0,0,0,88,40
3198362.0,0,0,0,88,40
3198362.0,0,0,0,87,41
3198411.0,0,0,0,88,40
3198426.0,0,0,0,88,40
3198426.0,0,0,0,87,41
3198440.0,0,0,0,95,33
3198444.0,0,0,0,96,32
3198449.0,0,0,0,96,32
3198449.0,0,0,0,92,36
3198470.0,0,0,0,92,36
3198470.0,0,0,0,90,38
3198474.0,0,0,0,96,32
3198505.0,0,0,0,96,32
3198505.0,0,0,0,92,36
3198527.0,0,0,0,92,36
3198527.0,0,0,0,90,38
3198530.0,0,0,0,92,36
3198531.0,0,0,0,96,32
3198531.0,0,0,0,92,36
3198557.0,0,0,0,96,32
3198564.0,0,0,0,96,32
3198564.0,0,0,0,80,48
3198580.0,0,0,0,80,48
3198580.0,0,0,0,76,52
3198583.0,0,0,0,80,48
3198590.0,0,0,0,80,48
3198590.0,0,0,0,76,52
3198618.0,0,0,0,76,52
3198618.0,0,0,0,74,54
3198621.0,0,0,0,80,48
3198646.0,0,0,0,80,48
3198646.0,0,0,0,72,56
3198649.0,0,0,0,80,48
3198659.0,0,0,0,80,48
3198659.0,0,0,0,48,80
3198662.0,0,0,0,80,48
3198666.0,0,0,0,80,48
3198666.0,0,0,0,76,52
3198670.0,0,0,0,80,48
3198671.0,0,0,0,80,48
3198671.0,0,0,0,72,56
3198674.0,0,0,0,80,48
3198681.0,0,0,0,80,48
3198681.0,0,0,0,76,52
3198684.0,0,0,0,80,48
3198713.0,0,0,0,80,48
3198713.0,0,0,0,72,56
3198716.0,0,0,0,80,48
3198726.0,0,0,0,80,48
3198726.0,0,0,0,78,50
3198729.0,0,0,0,80,48
3198763.0,0,0,0,80,48
3198793.0,0,0,0,112,16
3198795.0,0,0,0,112,16
3198795.0,0,0,0,80,48
3198798.0,0,0,0,112,16
3198799.0,0,0,0,128,0
3198801.0,0,0,0,128,0
3198801.0,0,0,0,112,16
3198804.0,0,0,0,128,0
3198996.0,0,0,0,128,0
3198996.0,0,0,0,127,1
3198999.0,0,0,0,128,0
3199371.0,0,0,0,128,0
3199530.0,0,0,0,128,0
3199604.0,0,0,0,128,0
3199977.0,0,0,0,128,0
3200420.0,0,0,0,128,0
3200692.0,0,0,0,128,0
3200834.0,0,0,0,128,0
3200834.0,0,0,0,124,4
3200863.0,0,0,0,124,4
3200863.0,0,0,0,122,6
3200866.0,0,0,0,122,6
3200866.0,0,0,0,118,10
3200888.0,0,0,0,120,8
3200889.0,0,0,0,124,4
3200893.0,0,0,0,124,4
3200893.0,0,0,0,60,68
3200913.0,0,0,0,60,68
3200913.0,0,0,0,56,72
3200925.0,0,0,0,60,68
3200942.0,0,0,0,64,64
3200972.0,0,0,0,64,64
3200972.0,0,0,0,60,68
3200985.0,0,0,0,60,68
3200985.0,0,0,0,56,72
3201030.0,0,0,0,56,72
3201030.0,0,0,0,54,74
3201041.0,0,0,0,58,70
3201073.0,0,0,0,60,68
3201084.0,0,0,0,64,64
3201111.0,0,0,0,64,64
3201121.0,0,0,0,64,64
3201121.0,0,0,0,32,96
3201140.0,0,0,0,32,96
3201174.0,0,0,0,32,96
3201181.0,0,0,0,32,96
3201181.0,0,0,0,24,104
3201221.0,0,0,0,24,104
3201221.0,0,0,0,20,108
3201231.0,0,0,0,20,108
3201243.0,0,0,0,20,108
3201243.0,0,0,0,16,112
3201257.0,0,0,0,16,112
3201271.0,0,0,0,16,112
3201271.0,0,0,0,14,114
3201362.0,0,0,0,14,114
3201370.0,0,0,0,14,114
3201374.0,0,0,0,14,114
3201421.0,0,0,0,46,82
3201423.0,0,0,0,54,74
3201498.0,0,0,0,54,74
3201504.0,0,0,0,54,74
3201567.0,0,0,0,58,70
3202074.0,0,0,0,58,70
3202074.0,0,0,0,57,71
3202089.0,0,0,0,58,70
3202175.0,0,0,0,58,70
3202175.0,0,0,0,57,71
3202217.0,0,0,0,57,71
3202217.0,0,0,0,53,75
3202436.0,0,0,0,54,74
3202507.0,0,0,0,58,70
3202560.0,0,0,0,58,70
3202560.0,0,0,0,57,71
3202624.0,0,0,0,57,71
3202624.0,0,0,0,25,103
3202654.0,0,0,0,25,103
3202654.0,0,0,0,17,111
3202690.0,0,0,0,18,110
3203026.0,0,0,0,18,110
3203026.0,0,0,0,17,111
3203153.0,0,0,0,18,110
3203243.0,0,0,0,82,46
3203247.0,0,0,0,82,46
3203247.0,0,0,0,81,47
3203248.0,0,0,0,81,47
3203248.0,0,0,0,80,48
3203263.0,0,0,0,81,47
3203310.0,0,0,0,81,47
3203310.0,0,0,0,80,48
3203333.0,0,0,0,81,47
3203449.0,0,0,0,81,47
3203449.0,0,0,0,17,111
3203460.0,0,0,0,18,110
3203588.0,0,0,0,18,110
3203589.0,0,0,0,18,110
3203615.0,0,0,0,18,110
3203615.0,0,0,0,14,114
3203625.0,0,0,0,14,114
3203642.0,0,0,0,14,114
3203681.0,0,0,0,18,110
3203682.0,0,0,0,18,110
3203682.0,0,0,0,17,111
3203724.0,0,0,0,17,111
3203724.0,0,0,0,9,119
3203741.0,0,0,0,9,119
3203841.0,0,0,0,10,118
3203918.0,0,0,0,10,118
3203918.0,0,0,0,9,119
3204073.0,0,0,0,10,118
3204083.0,0,0,0,18,110
3204121.0,0,0,0,18,110
3204123.0,0,0,0,18,110
3204415.0,0,0,0,18,110
3204415.0,0,0,0,10,118
3204700.0,0,0,0,18,110
3204930.0,0,0,0,18,110
3204930.0,0,0,0,10,118
3205075.0,0,0,0,10,118
3205075.0,0,0,0,9,119
3205124.0,0,0,0,17,111
3205192.0,0,0,0,18,110
3205436.0,0,0,0,18,110
3205436.0,0,0,0,17,111
3205438.0,0,0,0,81,47
3205442.0,0,0,0,81,47
3205442.0,0,0,0,80,48
3205467.0,0,0,0,81,47
3205470.0,0,0,0,82,46
3205545.0,0,0,0,82,46
3205545.0,0,0,0,18,110
3205645.0,0,0,0,18,110
3205645.0,0,0,0,10,118
3205733.0,0,0,0,10,118
3205733.0,0,0,0,9,119
3205854.0,0,0,0,17,111
3205901.0,0,0,0,18,110
3205943.0,0,0,0,18,110
3205961.0,0,0,0,82,46
3205968.0,0,0,0,82,46
3205968.0,0,0,0,81,47
3206039.0,0,0,0,82,46
3206042.0,0,0,0,82,46
3206042.0,0,0,0,50,78
3206088.0,0,0,0,50,78
3206088.0,0,0,0,46,82
3206090.0,0,0,0,50,78
3206385.0,0,0,0,50,78
3206385.0,0,0,0,42,86
3206436.0,0,0,0,74,54
3206440.0,0,0,0,74,54
3206440.0,0,0,0,73,55
3206441.0,0,0,0,73,55
3206441.0,0,0,0,72,56
3206455.0,0,0,0,73,55
3206463.0,0,0,0,74,54
3206518.0,0,0,0,74,54
3206518.0,0,0,0,42,86
3206541.0,0,0,0,42,86
3206566.0,0,0,0,50,78
3206603.0,0,0,0,50,78
3206603.0,0,0,0,42,86
3206739.0,0,0,0,42,86
3206739.0,0,0,0,41,87
3206779.0,0,0,0,42,86
3206783.0,0,0,0,42,86
3206868.0,0,0,0,50,78
3207026.0,0,0,0,82,46
3207028.0,0,0,0,82,46
3207028.0,0,0,0,81,47
3207038.0,0,0,0,81,47
3207038.0,0,0,0,80,48
3207044.0,0,0,0,81,47
3207047.0,0,0,0,82,46
3207147.0,0,0,0,82,46
3207147.0,0,0,0,18,110
3207328.0,0,0,0,18,110
3207328.0,0,0,0,10,118
3207400.0,0,0,0,10,118
3207434.0,0,0,0,10,118
3207434.0,0,0,0,6,122
3207477.0,0,0,0,10,118
3207480.0,0,0,0,18,110
3207621.0,0,0,0,18,110
3207621.0,0,0,0,14,114
3207663.0,0,0,0,14,114
3207663.0,0,0,0,6,122
3207696.0,0,0,0,10,118
3207783.0,0,0,0,18,110
3207861.0,0,0,0,18,110
3207861.0,0,0,0,10,118
3207934.0,0,0,0,10,118
3207934.0,0,0,0,6,122
3207942.0,0,0,0,14,114
3207980.0,0,0,0,18,110
3208019.0,0,0,0,82,46
3208117.0,0,0,0,82,46
3208117.0,0,0,0,18,110
3208138.0,0,0,0,18,110
3208164.0,0,0,0,18,110
3208164.0,0,0,0,14,114
3208196.0,0,0,0,14,114
3208196.0,0,0,0,6,122
3208338.0,0,0,0,14,114
3208357.0,0,0,0,20,108
3208414.0,0,0,0,20,108
3208414.0,0,0,0,16,112
3208437.0,0,0,0,16,112
3208437.0,0,0,0,14,114
3208602.0,0,0,0,46,82
3208603.0,0,0,0,54,74
3208661.0,0,0,0,54,74
3208788.0,0,0,0,56,72
3208789.0,0,0,0,60,68
3208792.0,0,0,0,60,68
3208792.0,0,0,0,28,100
3208817.0,0,0,0,28,100
3208817.0,0,0,0,24,104
3208824.0,0,0,0,24,104
3208824.0,0,0,0,16,112
3208853.0,0,0,0,16,112
3208853.0,0,0,0,14,114
3208913.0,0,0,0,78,50
3208924.0,0,0,0,78,50
3208924.0,0,0,0,77,51
3208927.0,0,0,0,77,51
3208927.0,0,0,0,76,52
3208944.0,0,0,0,80,48
3208946.0,0,0,0,81,47
3208948.0,0,0,0,82,46
3208955.0,0,0,0,82,46
3208955.0,0,0,0,78,50
3209019.0,0,0,0,82,46
3209025.0,0,0,0,88,40
3209038.0,0,0,0,88,40
3209038.0,0,0,0,72,56
3209074.0,0,0,0,72,56
3209074.0,0,0,0,68,60
3209098.0,0,0,0,68,60
3209098.0,0,0,0,4,124
3209100.0,0,0,0,4,124
3209100.0,0,0,0,2,126
3209136.0,0,0,0,2,126
3209488.0,0,0,0,6,122
3209491.0,0,0,0,6,122
3209491.0,0,0,0,2,126
3209513.0,0,0,0,6,122
3209537.0,0,0,0,22,106
3209555.0,0,0,0,22,106
3209555.0,0,0,0,21,107
3209558.0,0,0,0,21,107
3209558.0,0,0,0,13,115
3209585.0,0,0,0,15,113
3209594.0,0,0,0,15,113
3209594.0,0,0,0,11,117
3209616.0,0,0,0,12,116
3209620.0,0,0,0,12,116
3209620.0,0,0,0,10,118
3209642.0,0,0,0,10,118
3209642.0,0,0,0,6,122
3209726.0,0,0,0,6,122
3209729.0,0,0,0,10,118
3209744.0,0,0,0,10,118
3209760.0,0,0,0,10,118
3209760.0,0,0,0,2,126
3209820.0,0,0,0,10,118
3209864.0,0,0,0,74,54
3209876.0,0,0,0,74,54
3209876.0,0,0,0,73,55
3209878.0,0,0,0,73,55
3209878.0,0,0,0,72,56
3209904.0,0,0,0,73,55
3209914.0,0,0,0,74,54
3209917.0,0,0,0,74,54
3209917.0,0,0,0,58,70
3210029.0,0,0,0,74,54
3210038.0,0,0,0,74,54
3210038.0,0,0,0,10,118
3210085.0,0,0,0,18,110
3210166.0,0,0,0,24,104
3210180.0,0,0,0,24,104
3210216.0,0,0,0,24,104
3210216.0,0,0,0,8,120
3210233.0,0,0,0,24,104
3210255.0,0,0,0,24,104
3210255.0,0,0,0,20,108
3210279.0,0,0,0,20,108
3210279.0,0,0,0,18,110
3210284.0,0,0,0,18,110
3210284.0,0,0,0,2,126
3210298.0,0,0,0,66,62
3210311.0,0,0,0,82,46
3210343.0,0,0,0,82,46
3210343.0,0,0,0,81,47
3210396.0,0,0,0,81,47
3210396.0,0,0,0,17,111
3210448.0,0,0,0,17,111
3210448.0,0,0,0,16,112
3210455.0,0,0,0,17,111
3210482.0,0,0,0,17,111
3210482.0,0,0,0,15,113
3210483.0,0,0,0,15,113
3210501.0,0,0,0,16,112
3210601.0,0,0,0,18,110
3210624.0,0,0,0,18,110
3210624.0,0,0,0,14,114
3210662.0,0,0,0,14,114
3210662.0,0,0,0,13,115
3210677.0,0,0,0,14,114
3210706.0,0,0,0,18,110
3210719.0,0,0,0,18,110
3210722.0,0,0,0,18,110
3210722.0,0,0,0,10,118
3210803.0,0,0,0,18,110
3210817.0,0,0,0,18,110
3210817.0,0,0,0,2,126
3210896.0,0,0,0,18,110
3210905.0,0,0,0,82,46
3210907.0,0,0,0,82,46
3210907.0,0,0,0,50,78
3211038.0,0,0,0,50,78
3211085.0,0,0,0,50,78
3211085.0,0,0,0,48,80
3211100.0,0,0,0,48,80
3211100.0,0,0,0,47,81
3211121.0,0,0,0,48,80
3211201.0,0,0,0,50,78
3211202.0,0,0,0,50,78
3211202.0,0,0,0,18,110
3211233.0,0,0,0,18,110
3211233.0,0,0,0,17,111
3211274.0,0,0,0,18,110
3211302.0,0,0,0,18,110
3211303.0,0,0,0,18,110
3211305.0,0,0,0,24,104
3211314.0,0,0,0,56,72
3211317.0,0,0,0,56,72
3211317.0,0,0,0,52,76
3211319.0,0,0,0,52,76
3211319.0,0,0,0,20,108
3211340.0,0,0,0,20,108
3211340.0,0,0,0,18,110
3211359.0,0,0,0,18,110
3211359.0,0,0,0,14,114
3211371.0,0,0,0,46,82
3211392.0,0,0,0,50,78
3211447.0,0,0,0,50,78
3211447.0,0,0,0,46,82
3211482.0,0,0,0,50,78
3211488.0,0,0,0,50,78
3211488.0,0,0,0,42,86
3211561.0,0,0,0,42,86
3211561.0,0,0,0,41,87
3211585.0,0,0,0,42,86
3211612.0,0,0,0,50,78
3211613.0,0,0,0,50,78
3211621.0,0,0,0,50,78
3211621.0,0,0,0,18,110
3211649.0,0,0,0,18,110
3211649.0,0,0,0,2,126
3211725.0,0,0,0,2,126
3211750.0,0,0,0,34,94
3211762.0,0,0,0,34,94
3211762.0,0,0,0,2,126
3211821.0,0,0,0,18,110
3211843.0,0,0,0,18,110
3211843.0,0,0,0,2,126
3211872.0,0,0,0,34,94
3211878.0,0,0,0,34,94
3211878.0,0,0,0,33,95
3211900.0,0,0,0,34,94
3211906.0,0,0,0,34,94
3211906.0,0,0,0,33,95
3211913.0,0,0,0,34,94
3211919.0,0,0,0,34,94
3211919.0,0,0,0,33,95
3211927.0,0,0,0,34,94
3212034.0,0,0,0,34,94
3212034.0,0,0,0,2,126
3212117.0,0,0,0,34,94
3212132.0,0,0,0,34,94
3212132.0,0,0,0,2,126
3212188.0,0,0,0,2,126
3212199.0,0,0,0,34,94
3212237.0,0,0,0,34,94
3212429.0,0,0,0,34,94
3212520.0,0,0,0,34,94
3212564.0,0,0,0,34,94
3212729.0,0,0,0,34,94
3212785.0,0,0,0,34,94
3212866.0,0,0,0,34,94
3212933.0,0,0,0,34,94
3212998.0,0,0,0,34,94
3213011.0,0,0,0,34,94
3213179.0,0,0,0,34,94
3213179.0,0,0,0,2,126
3213403.0,0,0,0,34,94
3213503.0,0,0,0,34,94
3213605.0,0,0,0,34,94
3213846.0,0,0,0,38,90
3213858.0,0,0,0,40,88
3214013.0,0,0,0,40,88
3214013.0,0,0,0,8,120
3214014.0,0,0,0,8,120
3214071.0,0,0,0,8,120
3214312.0,0,0,0,8,120
3214450.0,0,0,0,8,120
3214521.0,0,0,0,8,120
3214572.0,0,0,0,8,120
3214613.0,0,0,0,8,120
3214817.0,0,0,0,8,120
3214899.0,0,0,0,8,120
3215072.0,0,0,0,8,120
3215072.0,0,0,0,7,121
3215091.0,0,0,0,8,120
3215421.0,0,0,0,40,88
3215426.0,0,0,0,40,88
3215426.0,0,0,0,39,89
3215427.0,0,0,0,39,89
3215427.0,0,0,0,38,90
3215438.0,0,0,0,39,89
3215449.0,0,0,0,40,88
3215566.0,0,0,0,40,88
3215566.0,0,0,0,8,120
3215893.0,0,0,0,40,88
3216103.0,0,0,0,40,88
3216185.0,0,0,0,40,88
3216185.0,0,0,0,8,120
3216546.0,0,0,0,8,120
3217506.0,0,0,0,40,88
3217507.0,0,0,0,40,88
3217507.0,0,0,0,39,89
3217525.0,0,0,0,40,88
3218121.0,0,0,0,40,88
3218593.0,0,0,0,40,88
3218593.0,0,0,7,33,88
3218692.0,0,0,7,33,88
3218692.0,0,0,7,1,120
3218740.0,0,0,7,33,88
3218769.0,0,0,7,33,88
3218769.0,0,0,7,1,120
3218911.0,0,0,7,33,88
3219374.0,0,0,7,33,88
3219374.0,0,0,7,32,89
3219422.0,0,0,7,33,88
3219474.0,0,0,7,33,88
3219474.0,0,0,7,17,104
3219553.0,0,0,7,17,104
3219553.0,0,0,7,16,105
3219573.0,0,0,7,17,104
3219660.0,0,0,7,33,88
3219844.0,0,0,7,65,56
3219846.0,0,0,7,73,48
3220206.0,0,0,7,73,48
3220225.0,0,0,7,73,48
3220366.0,0,0,7,73,48
3220366.0,0,0,7,72,49
3220458.0,0,0,7,73,48
3220482.0,0,0,7,73,48
3220482.0,0,0,7,72,49
3220587.0,0,0,7,73,48
3220743.0,0,0,7,73,48
3220743.0,0,0,7,71,50
3220834.0,0,0,7,73,48
3221293.0,7,0,0,73,48
3221359.0,7,0,0,73,48
3221359.0,7,0,0,41,80
3221440.0,7,0,0,41,80
3221575.0,7,0,0,73,48
3221611.0,7,0,0,73,48
3222544.0,7,0,0,73,48
3222544.0,7,0,29,44,48
3222546.0,7,0,29,44,48
3222546.0,7,0,37,36,48
3223009.0,7,0,37,84,0
3223158.0,7,0,37,84,0
3223158.0,7,0,38,83,0
3223287.0,7,0,38,83,0
3223287.0,7,0,39,82,0
3223534.0,7,0,39,82,0
3223534.0,7,0,41,80,0
3224275.0,7,0,41,80,0
3224275.0,7,0,73,48,0
3225244.0,36,0,44,48,0
3225246.0,44,0,36,48,0
3225709.0,44,0,36,48,0
3225709.0,44,0,84,0,0
3225858.0,45,0,83,0,0
3225987.0,46,0,82,0,0
3226234.0,48,0,80,0,0
3226975.0,80,0,48,0,0
3228409.0,128,0,0,0,0
3229773.0,128,0,0,0,0
3229773.0,64,64,0,0,0
3230658.0,64,64,0,0,0
3230658.0,60,68,0,0,0
3230680.0,60,68,0,0,0
3230680.0,58,70,0,0,0
3231573.0,58,6,0,64,0
3231573.0,58,6,0,0,64
3232458.0,58,2,0,4,64
3232458.0,58,2,0,0,68
3232480.0,58,0,0,2,68
3232480.0,58,0,0,0,70
3232772.0,58,0,0,0,70
3232772.0,54,4,0,0,70
3232793.0,54,4,0,0,70
3232793.0,52,6,0,0,70
3234400.0,52,6,0,0,70
3234495.0,52,6,0,4,66
3234496.0,52,6,0,4,66
3234497.0,52,6,0,6,64
3234572.0,52,2,0,10,64
3234572.0,52,2,0,6,68
3234593.0,52,0,0,8,68
3234593.0,52,0,0,6,70
3236188.0,52,0,0,70,6
3236194.0,52,0,0,72,4
3236197.0,52,0,0,76,0
3236197.0,0,52,0,76,0
3237195.0,0,52,0,76,0
3237997.0,0,0,0,128,0
3237997.0,0,0,0,0,128
3238083.0,0,0,0,128,0
3238083.0,0,0,0,0,128
3245437.0,0,0,0,0,128
3249018.0,0,0,0,128,0
3249018.0,0,0,0,64,64
3251718.0,0,0,0,64,64
3251718.0,0,0,64,0,64
3254418.0,64,0,0,0,64
3259942.0,64,0,0,64,0
3262032.0,64,0,0,64,0
3262032.0,64,0,0,32,32
3262120.0,64,0,0,64,0
3262642.0,64,0,0,64,0
3262642.0,64,0,32,32,0
3262899.0,64,0,32,32,0
3262899.0,64,0,32,0,32
3262919.0,64,0,32,32,0
3263451.0,64,0,32,32,0
3263451.0,64,0,32,16,16
3263523.0,64,0,32,32,0
3263678.0,64,0,32,32,0
3263678.0,64,0,32,0,32
3263756.0,64,0,32,32,0
3263802.0,64,0,32,32,0
3263802.0,64,0,32,24,8
3263864.0,64,0,32,32,0
3263942.0,64,0,32,32,0
3263942.0,64,0,32,28,4
3263986.0,64,0,32,32,0
3264026.0,64,0,32,32,0
3264026.0,64,0,32,24,8
3264078.0,64,0,32,32,0
3264131.0,64,0,32,32,0
3264131.0,64,0,32,0,32
3264243.0,64,0,32,32,0
3264296.0,64,0,32,32,0
3264296.0,64,0,32,0,32
3264316.0,64,0,32,32,0
3264439.0,64,0,32,32,0
3264439.0,64,0,32,0,32
3264480.0,64,0,32,32,0
3264696.0,64,0,32,32,0
3264696.0,64,0,32,0,32
3264787.0,64,0,32,32,0
3264810.0,64,0,32,32,0
3264810.0,64,0,32,0,32
3264820.0,64,0,32,0,32
3265103.0,64,0,32,32,0
3265278.0,64,0,32,32,0
3265278.0,64,0,32,31,1
3265318.0,64,0,32,32,0
3265342.0,96,0,0,32,0
3265415.0,96,0,0,32,0
3265415.0,96,0,0,0,32
3265421.0,96,0,0,32,0
3265460.0,96,0,0,32,0
3265460.0,96,0,0,0,32
3265504.0,96,0,0,0,32
3265504.0,95,1,0,0,32
3265603.0,95,1,0,32,0
3265619.0,95,1,0,32,0
3265895.0,95,1,0,32,0
3265895.0,95,1,0,0,32
3265917.0,95,1,0,0,32
3265917.0,87,9,0,0,32
3266005.0,87,9,0,0,32
3266005.0,86,10,0,0,32
3266009.0,86,10,0,0,32
3266009.0,85,11,0,0,32
3266068.0,85,11,0,0,32
3266068.0,84,12,0,0,32
3266148.0,84,12,0,0,32
3266148.0,83,13,0,0,32
3266380.0,83,13,0,0,32
3266380.0,19,77,0,0,32
3266456.0,19,77,0,0,32
3266520.0,19,77,0,0,32
3266520.0,18,78,0,0,32
3266943.0,18,78,0,0,32
3267016.0,18,78,0,0,32
3267180.0,18,78,0,0,32
3267304.0,18,77,0,1,32
3267304.0,18,77,0,0,33
3267331.0,18,77,0,1,32
3267368.0,18,77,0,1,32
3267368.0,18,77,0,0,33
3267391.0,18,77,0,1,32
3267436.0,18,77,0,1,32
3267436.0,14,81,0,1,32
3267487.0,14,81,0,1,32
3267717.0,14,73,0,9,32
3267717.0,14,73,0,1,40
3267803.0,14,73,0,1,40
3267805.0,14,72,0,2,40
3267805.0,14,72,0,1,41
3267807.0,14,72,0,1,41
3267809.0,14,71,0,3,40
3267809.0,0,85,0,2,41
3267830.0,0,85,0,3,40
3267868.0,0,84,0,4,40
3267868.0,0,84,0,3,41
3267888.0,0,84,0,4,40
3267948.0,0,83,0,5,40
3267948.0,0,83,0,4,41
3267972.0,0,83,0,5,40
3268121.0,0,83,0,5,40
3268180.0,0,19,0,69,40
3268180.0,0,19,0,5,104
3268230.0,0,19,0,5,104
3268303.0,0,19,0,5,104
3268320.0,0,18,0,6,104
3268320.0,0,18,0,5,105
3268376.0,0,18,0,37,73
3268376.0,0,18,0,29,81
3268455.0,0,18,0,30,80
3268599.0,0,18,0,30,80
3268621.0,0,18,0,30,80
3268841.0,0,18,0,38,72
3268841.0,0,18,0,6,104
3268843.0,0,18,0,6,104
3268979.0,0,18,0,6,104
3268979.0,0,18,0,5,105
3268980.0,0,18,0,5,105
3268993.0,0,18,0,5,105
3268993.0,0,18,0,4,106
3269022.0,0,18,0,5,105
3269032.0,0,18,0,6,104
3269064.0,0,18,0,6,104
3269064.0,0,18,0,5,105
3269082.0,0,18,0,6,104
3269106.0,0,18,0,6,104
3269106.0,0,18,0,5,105
3269124.0,0,18,0,6,104
3269236.0,0,14,0,10,104
3269236.0,0,14,0,6,108
3269304.0,0,14,0,6,108
3269308.0,0,14,0,10,104
3269308.0,0,14,0,2,112
3269313.0,0,14,0,34,80
3269313.0,0,14,0,18,96
3269334.0,0,14,0,18,96
3269334.0,0,14,0,10,104
3269345.0,0,14,0,10,104
3269345.0,0,14,0,9,105
3269390.0,0,14,0,10,104
3269457.0,0,14,0,10,104
3269609.0,0,0,0,24,104
3269609.0,0,0,0,8,120
3269729.0,0,0,0,24,104
3269758.0,0,0,0,32,96
3269758.0,0,0,0,0,128
3269904.0,0,0,0,8,120
3270003.0,0,0,0,40,88
3270003.0,0,0,0,8,120
3270015.0,0,0,0,24,104
3270031.0,0,0,0,24,104
3270091.0,0,0,0,24,104
3270176.0,0,0,0,32,96
3270285.0,0,0,0,32,96
3270351.0,0,0,0,32,96
3270487.0,0,0,0,32,96
3270525.0,0,0,0,32,96
3270525.0,0,0,0,24,104
3270530.0,0,0,0,24,104
3270602.0,0,0,0,56,72
3270602.0,0,0,0,40,88
3270743.0,0,0,0,40,88
3270743.0,0,0,0,24,104
3270757.0,0,0,0,40,88
3270774.0,0,0,0,104,24
3270774.0,0,0,0,8,120
3270791.0,0,0,0,16,112
3270806.0,0,0,0,48,80
3270806.0,0,0,0,16,112
3270882.0,0,0,0,32,96
3270890.0,0,0,0,32,96
3270890.0,0,0,0,31,97
3270904.0,0,0,0,32,96
3271015.0,0,0,0,32,96
3271015.0,0,0,0,16,112
3271055.0,0,0,0,16,112
3271076.0,0,0,0,16,112
3271083.0,0,0,0,16,112
3271108.0,0,0,0,48,80
3271108.0,0,0,0,8,120
3271253.0,0,0,0,8,120
3271308.0,0,0,0,16,112
3271334.0,0,0,0,48,80
3271341.0,0,0,0,48,80
3271351.0,0,0,0,48,80
3271351.0,0,0,0,46,82
3271358.0,0,0,0,47,81
3271363.0,0,0,0,48,80
3271364.0,0,0,0,64,64
3271364.0,0,0,0,0,128
3271442.0,0,0,0,0,128
3271447.0,0,0,0,0,128
3271490.0,0,0,0,64,64
3271490.0,0,0,0,0,128
3271541.0,0,0,0,0,128
3271616.0,0,0,0,0,128
3271722.0,0,0,0,0,128
3271758.0,0,0,0,0,128
3271885.0,0,0,0,0,128
3272000.0,0,0,0,0,128
3272013.0,0,0,0,0,128
3272063.0,0,0,0,0,128
3272070.0,0,0,0,0,128
3272122.0,0,0,0,0,128
3272203.0,0,0,0,64,64
3272203.0,0,0,0,0,128
3272311.0,0,0,0,0,128
3272334.0,0,0,0,0,128
3272348.0,0,0,0,64,64
3272348.0,0,0,0,0,128
3272461.0,0,0,0,64,64
3272461.0,0,0,0,0,128
3272554.0,0,0,0,0,128
3272568.0,0,0,0,64,64
3272568.0,0,0,0,0,128
3272604.0,0,0,0,0,128
3272673.0,0,0,0,64,64
3272673.0,0,0,0,2,126
3272676.0,0,0,0,2,126
3272703.0,0,0,0,2,126
3272760.0,0,0,0,10,118
3272760.0,0,0,0,6,122
3272765.0,0,0,0,14,114
3272815.0,0,0,0,46,82
3272865.0,0,0,0,46,82
3272865.0,0,0,0,14,114
3272879.0,0,0,0,14,114
3272879.0,0,0,0,13,115
3272886.0,0,0,0,45,83
3272893.0,0,0,0,45,83
3272903.0,0,0,0,46,82
3272925.0,0,0,0,110,18
3272925.0,0,0,0,46,82
3272947.0,0,0,0,46,82
3272947.0,0,0,0,45,83
3272949.0,0,0,0,45,83
3272968.0,0,0,0,46,82
3272969.0,0,0,0,110,18
3272969.0,0,0,0,46,82
3272988.0,0,0,0,46,82
3272988.0,0,0,0,14,114
3273022.0,0,0,0,14,114
3273026.0,0,0,0,78,50
3273026.0,0,0,0,14,114
3273048.0,0,0,0,14,114
3273048.0,0,0,0,13,115
3273074.0,0,0,0,17,111
3273080.0,0,0,0,17,111
3273080.0,0,0,0,16,112
3273093.0,0,0,0,80,48
3273103.0,0,0,0,80,48
3273103.0,0,0,0,16,112
3273106.0,0,0,0,17,111
3273111.0,0,0,0,17,111
3273111.0,0,0,0,16,112
3273148.0,0,0,0,48,80
3273149.0,0,0,0,53,75
3273157.0,0,0,0,54,74
3273165.0,0,0,0,54,74
3273165.0,0,0,0,46,82
3273170.0,0,0,0,110,18
3273190.0,0,0,0,110,18
3273190.0,0,0,0,46,82
3273226.0,0,0,0,110,18
3273238.0,0,0,0,110,18
3273238.0,0,0,0,46,82
3273269.0,0,0,0,110,18
3273278.0,0,0,0,110,18
3273278.0,0,0,0,46,82
3273308.0,0,0,0,110,18
3273322.0,0,0,0,110,18
3273322.0,0,0,0,46,82
3273351.0,0,0,0,46,82
3273351.0,0,0,0,14,114
3273358.0,0,0,0,18,110
3273361.0,0,0,0,82,46
3273383.0,0,0,0,82,46
3273383.0,0,0,0,18,110
3273453.0,0,0,0,82,46
3273465.0,0,0,0,82,46
3273465.0,0,0,0,18,110
3273474.0,0,0,0,18,110
3273487.0,0,0,0,18,110
3273487.0,0,0,0,17,111
3273506.0,0,0,0,17,111
3273509.0,0,0,0,81,47
3273523.0,0,0,0,82,46
3273526.0,0,0,0,82,46
3273526.0,0,0,0,18,110
3273554.0,0,0,0,18,110
3273554.0,0,0,0,17,111
3273579.0,0,0,0,18,110
3273582.0,0,0,0,18,110
3273609.0,0,0,0,26,102
3273635.0,0,0,0,90,38
3273646.0,0,0,0,90,38
3273646.0,0,0,0,26,102
3273683.0,0,0,0,26,102
3273683.0,0,0,0,10,118
3273749.0,0,0,0,42,86
3273752.0,0,0,0,106,22
3273765.0,0,0,0,106,22
3273765.0,0,0,0,42,86
3273808.0,0,0,0,42,86
3273867.0,0,0,0,106,22
3273875.0,0,0,0,106,22
3273875.0,0,0,0,74,54
3273885.0,0,0,0,74,54
3273885.0,0,0,0,10,118
3273995.0,0,0,0,74,54
3274184.0,0,0,0,90,38
3274292.0,0,0,0,90,38
3274292.0,0,0,0,89,39
3274528.0,0,0,0,89,39
3274528.0,0,0,0,25,103
3274560.0,0,0,0,89,39
3274591.0,0,0,0,89,39
3274591.0,0,0,0,25,103
3274592.0,0,0,0,89,39
3274598.0,0,0,0,89,39
3274598.0,0,0,0,25,103
3274612.0,0,0,0,26,102
3274632.0,0,0,0,90,38
3274674.0,0,0,0,90,38
3274674.0,0,0,0,26,102
3274717.0,0,0,0,90,38
3274738.0,0,0,0,90,38
3274738.0,0,0,0,26,102
3274768.0,0,0,0,90,38
3274796.0,0,0,0,90,38
3274796.0,0,0,0,26,102
3274828.0,0,0,0,90,38
3274844.0,0,0,0,90,38
3274844.0,0,0,0,26,102
3274848.0,0,0,0,28,100
3274868.0,0,0,0,32,96
3274876.0,0,0,0,96,32
3274883.0,0,0,0,96,32
3274883.0,0,0,0,92,36
3274891.0,0,0,0,92,36
3274891.0,0,0,0,28,100
3274904.0,0,0,0,28,100
3274904.0,0,0,0,26,102
3274920.0,0,0,0,30,98
3274922.0,0,0,0,94,34
3274933.0,0,0,0,96,32
3274937.0,0,0,0,96,32
3274937.0,0,0,0,32,96
3274968.0,0,0,0,96,32
3274983.0,0,0,0,96,32
3274983.0,0,0,0,32,96
3275093.0,0,0,0,96,32
3275103.0,0,0,0,96,32
3275103.0,0,0,0,32,96
3275208.0,0,0,0,96,32
3275222.0,0,0,0,96,32
3275222.0,0,0,0,32,96
3275327.0,0,0,0,96,32
3275342.0,0,0,0,96,32
3275342.0,0,0,0,32,96
3275373.0,0,0,0,32,96
3275442.0,0,0,0,96,32
3275456.0,0,0,0,96,32
3275456.0,0,0,0,32,96
3275460.0,0,0,0,32,96
3275475.0,0,0,0,32,96
3275475.0,0,0,0,31,97
3275490.0,0,0,0,32,96
3275515.0,0,0,0,32,96
3275556.0,0,0,0,96,32
3275568.0,0,0,0,96,32
3275568.0,0,0,0,32,96
3275625.0,0,0,0,32,96
3275669.0,0,0,0,96,32
3275679.0,0,0,0,96,32
3275679.0,0,0,0,32,96
3275721.0,0,0,0,96,32
3275726.0,0,0,0,96,32
3275726.0,0,0,0,32,96
3275793.0,0,0,0,32,96
3275827.0,0,0,0,96,32
3275843.0,0,0,0,96,32
3275843.0,0,0,0,32,96
3275870.0,0,0,0,32,96
3275926.0,0,0,0,32,96
3275944.0,0,0,0,96,32
3275969.0,0,0,0,96,32
3276008.0,0,0,0,96,32
3276061.0,0,0,0,96,32
3276153.0,0,0,0,96,32
3276209.0,0,0,0,96,32
3276335.0,0,0,0,96,32
3276391.0,0,0,0,96,32
3276391.0,0,0,0,95,33
3276399.0,0,0,0,96,32
3276410.0,0,0,0,128,0
3276452.0,0,0,0,128,0
3276459.0,0,0,0,128,0
3276459.0,0,0,0,96,32
3276535.0,0,0,0,96,32
3276535.0,0,0,0,92,36
3276562.0,0,0,0,92,36
3276562.0,0,0,0,90,38
3276567.0,0,0,0,90,38
3276695.0,0,0,0,90,38
3276782.0,0,0,0,90,38
3276782.0,0,0,0,58,70
3276806.0,0,0,0,90,38
3276869.0,0,0,0,90,38
3276869.0,0,0,0,58,70
3276895.0,0,0,0,90,38
3277112.0,0,0,0,90,38
3277112.0,0,0,0,58,70
3277260.0,0,0,0,58,70
3277292.0,0,0,0,58,70
3277332.0,0,0,0,58,70
3277417.0,0,0,0,58,70
3277430.0,0,0,0,90,38
3277456.0,0,0,0,90,38
3277456.0,0,0,0,82,46
3277468.0,0,0,0,82,46
3277472.0,0,0,0,82,46
3277472.0,0,0,0,18,110
3277514.0,0,0,0,82,46
3277528.0,0,0,0,82,46
3277529.0,0,0,0,90,38
3277576.0,0,0,0,90,38
3277622.0,0,0,0,90,38
3277668.0,0,0,0,90,38
3277793.0,0,0,0,90,38
3277821.0,0,0,0,90,38
3277821.0,0,0,0,26,102
3277841.0,0,0,0,26,102
3277841.0,0,0,0,25,103
3277844.0,0,0,0,25,103
3277844.0,0,0,0,17,111
3277858.0,0,0,0,18,110
3277893.0,0,0,0,26,102
3277908.0,0,0,0,26,102
3277923.0,0,0,0,90,38
3277942.0,0,0,0,90,38
3277942.0,0,0,0,82,46
3278012.0,0,0,0,82,46
3278012.0,0,0,0,18,110
3278027.0,0,0,0,18,110
3278098.0,0,0,0,82,46
3278142.0,0,0,0,82,46
3278256.0,0,0,0,82,46
3278369.0,0,0,0,82,46
3278405.0,0,0,0,90,38
3278421.0,0,0,0,90,38
3278456.0,0,0,0,90,38
3278456.0,0,0,0,82,46
3278527.0,0,0,0,82,46
3278600.0,0,0,0,82,46
3278600.0,0,0,0,74,54
3278608.0,0,0,0,78,50
3278610.0,0,0,0,80,48
3278644.0,0,0,0,80,48
3278709.0,0,0,0,88,40
3278933.0,0,0,0,96,32
3278991.0,0,0,0,128,0
3278993.0,0,0,0,128,0
3278993.0,0,0,0,127,1
3279002.0,0,0,0,128,0
3279045.0,0,0,0,128,0
3279045.0,0,0,0,96,32
3279110.0,0,0,0,96,32
3279276.0,0,0,0,96,32
3279276.0,0,0,0,92,36
3279313.0,0,0,0,96,32
3279326.0,0,0,0,96,32
3279326.0,0,0,0,64,64
3279353.0,0,0,0,96,32
3279460.0,0,0,0,128,0
3279506.0,0,0,0,128,0
3279516.0,0,0,0,128,0
3279516.0,0,0,0,120,8
3279517.0,0,0,0,120,8
3279517.0,0,0,0,56,72
3280002.0,0,0,0,64,64
3280130.0,0,0,0,64,64
3280159.0,0,0,0,64,64
3280159.0,0,0,0,56,72
3280194.0,0,0,0,64,64
3280214.0,0,0,0,64,64
3280478.0,0,0,0,64,64
3280478.0,0,0,0,32,96
3280551.0,0,0,0,32,96
3280551.0,0,0,0,31,97
3280623.0,0,0,0,31,97
3280798.0,0,0,0,31,97
3281105.0,0,0,0,31,97
3281263.0,0,0,0,31,97
3281263.0,0,0,0,15,113
3281308.0,0,0,0,15,113
3281310.0,0,0,0,15,113
3281310.0,0,0,0,7,121
3281354.0,0,0,0,15,113
3281467.0,0,0,0,15,113
3281467.0,0,0,0,7,121
3281508.0,0,0,0,15,113
3281619.0,0,0,0,31,97
3282053.0,0,0,0,31,97
3282111.0,0,0,0,64,64
3282160.0,0,0,0,64,64
3282180.0,0,0,0,64,64
3282180.0,0,0,0,32,96
3282250.0,0,0,0,32,96
3282250.0,0,0,0,31,97
3282337.0,0,0,0,63,65
3282339.0,0,0,0,64,64
3282702.0,0,0,0,64,64
3282772.0,0,0,0,64,64
3282772.0,0,0,0,63,65
3282800.0,0,0,0,64,64
3282803.0,0,0,0,64,64
3282803.0,0,0,0,48,80
3282843.0,0,0,0,112,16
3282894.0,0,0,0,112,16
3283023.0,0,0,0,112,16
3283023.0,0,0,0,48,80
3283148.0,0,0,0,64,64
3283382.0,0,0,0,128,0
3283383.0,0,0,0,128,0
3283383.0,0,0,0,127,1
3283405.0,0,0,0,128,0
3283544.0,0,0,0,128,0
3283544.0,0,0,0,64,64
3283797.0,0,0,0,64,64
3283797.0,0,0,0,48,80
3283942.0,0,0,0,64,64
3284054.0,0,0,0,64,64
3284279.0,0,0,0,64,64
3284279.0,0,0,0,48,80
3284474.0,0,0,0,48,80
3284474.0,0,0,0,16,112
3284553.0,0,0,0,48,80
3284716.0,0,0,0,48,80
3284716.0,0,0,0,44,84
3284738.0,0,0,0,44,84
3284738.0,0,0,0,42,86
3284784.0,0,0,0,58,70
3284811.0,0,0,0,58,70
3284862.0,0,0,0,58,70
3284862.0,0,0,0,26,102
3284883.0,0,0,0,26,102
3284883.0,0,0,0,18,110
3284981.0,0,0,0,82,46
3284985.0,0,0,0,82,46
3284985.0,0,0,0,81,47
3284994.0,0,0,0,113,15
3284996.0,0,0,0,121,7
3285011.0,0,0,0,122,6
3285037.0,0,0,0,122,6
3285037.0,0,0,0,58,70
3285543.0,0,0,0,58,70
3285612.0,0,0,0,58,70
3285612.0,0,0,0,42,86
3285666.0,0,0,0,42,86
3285666.0,0,0,0,41,87
3285684.0,0,0,0,42,86
3285792.0,0,0,0,58,70
3285814.0,0,0,0,58,70
3285814.0,0,0,0,42,86
3286040.0,0,0,0,42,86
3286040.0,0,0,0,10,118
3286061.0,0,0,0,10,118
3286061.0,0,0,0,2,126
3286082.0,0,0,0,2,126
3286115.0,0,0,0,18,110
3286155.0,0,0,0,50,78
3286157.0,0,0,0,58,70
3286467.0,0,0,0,122,6
3286471.0,0,0,0,122,6
3286471.0,0,0,0,121,7
3286485.0,0,0,0,122,6
3286555.0,0,0,0,122,6
3286555.0,0,0,0,90,38
3286581.0,0,0,0,90,38
3286581.0,0,0,0,82,46
3286642.0,0,0,0,82,46
3286671.0,0,0,0,114,14
3286673.0,0,0,0,122,6
3286812.0,0,0,0,126,2
3286814.0,0,0,0,128,0
3286938.0,0,0,0,128,0
3286938.0,0,0,0,120,8
3286966.0,0,0,0,128,0
3286975.0,0,0,0,128,0
3286975.0,0,0,0,120,8
3287057.0,0,0,0,128,0
3287057.0,0,0,0,127,1
3287066.0,0,0,0,128,0
3287252.0,0,0,0,128,0
3287252.0,0,0,0,64,64
3287253.0,0,0,0,64,64
3287313.0,0,0,0,64,64
3287313.0,0,0,0,56,72
3287434.0,0,0,0,64,64
3287442.0,0,0,0,64,64
3287442.0,0,0,0,48,80
3287528.0,0,0,0,48,80
3287528.0,0,0,0,44,84
3287560.0,0,0,0,48,80
3287568.0,0,0,0,48,80
3287568.0,0,0,0,44,84
3287639.0,0,0,0,48,80
3287681.0,0,0,0,48,80
3287694.0,0,0,0,48,80
3287724.0,0,0,0,48,80
3287724.0,0,0,0,44,84
3287787.0,0,0,0,48,80
3287976.0,0,0,0,48,80
3287976.0,0,0,0,47,81
3288018.0,0,0,0,48,80
3288030.0,0,0,0,48,80
3288030.0,0,0,0,47,81
3288048.0,0,0,0,48,80
3288052.0,0,0,0,48,80
3288052.0,0,0,0,44,84
3288075.0,0,0,0,44,84
3288075.0,0,0,0,42,86
3288099.0,0,0,0,58,70
3288145.0,0,0,0,58,70
3288145.0,0,0,0,42,86
3288331.0,0,0,0,58,70
3288380.0,0,0,0,58,70
3288380.0,0,0,0,54,74
3288476.0,0,0,0,54,74
3288476.0,0,0,0,38,90
3288480.0,0,0,0,42,86
3288492.0,0,0,0,42,86
3288842.0,0,0,0,58,70
3288849.0,0,0,0,58,70
3288849.0,0,0,0,42,86
3288855.0,0,0,0,42,86
3288857.0,0,0,0,42,86
3288871.0,0,0,0,106,22
3288878.0,0,0,0,106,22
3288878.0,0,0,0,105,23
3288894.0,0,0,0,106,22
3288897.0,0,0,0,106,22
3288897.0,0,0,0,105,23
3288908.0,0,0,0,106,22
3288940.0,0,0,0,106,22
3288940.0,0,0,0,42,86
3289167.0,0,0,0,42,86
3289185.0,0,0,0,42,86
3289248.0,0,0,0,58,70
3289371.0,0,0,0,58,70
3289373.0,0,0,0,58,70
3289512.0,0,0,0,58,70
3289558.0,0,0,0,58,70
3289558.0,0,0,0,42,86
3289665.0,0,0,0,58,70
3289757.0,0,0,0,58,70
3289809.0,0,0,0,58,70
3289809.0,0,0,0,42,86
3289945.0,0,0,0,58,70
3290134.0,0,0,0,58,70
3290208.0,0,0,0,58,70
3290208.0,0,0,0,42,86
3290301.0,0,0,0,58,70
3290360.0,0,0,0,122,6
3290364.0,0,0,0,122,6
3290364.0,0,0,0,121,7
3290379.0,0,0,0,122,6
3290396.0,0,0,0,122,6
3290396.0,0,0,0,121,7
3290402.0,0,0,0,122,6
3290405.0,0,0,0,122,6
3290405.0,0,0,0,58,70
3290414.0,0,0,0,58,70
3290414.0,0,0,0,57,71
3290428.0,0,0,0,58,70
3290487.0,0,0,0,58,70
3290552.0,0,0,0,58,70
3290552.0,0,0,0,42,86
3290610.0,0,0,0,58,70
3290615.0,0,0,0,58,70
3290615.0,0,0,0,42,86
3290751.0,0,0,0,58,70
3290799.0,0,0,0,58,70
3291031.0,0,0,0,58,70
3291031.0,0,0,0,42,86
3291108.0,0,0,0,58,70
3291180.0,0,0,0,62,66
3291183.0,0,0,0,64,64
3291571.0,0,0,0,64,64
3291584.0,0,0,0,64,64
3291584.0,0,0,0,32,96
3291690.0,0,0,0,32,96
3291690.0,0,0,0,31,97
3291736.0,0,0,0,32,96
3291749.0,0,0,0,32,96
3291749.0,0,0,0,31,97
3291758.0,0,0,0,63,65
3291768.0,0,0,0,64,64
3291774.0,0,0,0,64,64
3291774.0,0,0,0,60,68
3291797.0,0,0,0,60,68
3291797.0,0,0,0,58,70
3291842.0,0,0,0,122,6
3291860.0,0,0,0,122,6
3291860.0,0,0,0,121,7
3291863.0,0,0,0,121,7
3291863.0,0,0,0,120,8
3291889.0,0,0,0,121,7
3291896.0,0,0,0,122,6
3291940.0,0,0,0,122,6
3291940.0,0,0,0,58,70
3291948.0,0,0,0,58,70
3292089.0,0,0,0,58,70
3292089.0,0,0,0,57,71
3292113.0,0,0,0,58,70
3292206.0,0,0,0,58,70
3292206.0,0,0,0,26,102
3292210.0,0,0,0,26,102
3292210.0,0,0,0,10,118
3292293.0,0,0,0,26,102
3292361.0,0,0,0,58,70
3292657.0,0,0,0,122,6
3292678.0,0,0,0,122,6
3292678.0,0,0,0,58,70
3292832.0,0,0,0,58,70
3292832.0,0,0,0,26,102
3292857.0,0,0,0,26,102
3292857.0,0,0,0,18,110
3292889.0,0,0,0,18,110
3292889.0,0,0,0,2,126
3292954.0,0,0,0,34,94
3292956.0,0,0,0,42,86
3293060.0,0,0,0,42,86
3293224.0,0,0,0,42,86
3293224.0,0,0,0,38,90
3293275.0,0,0,0,42,86
3293363.0,0,0,0,58,70
3293451.0,0,0,0,58,70
3293808.0,0,0,0,58,70
3293880.0,0,0,0,58,70
3293880.0,0,0,0,26,102
3293906.0,0,0,0,26,102
3293906.0,0,0,0,18,110
3293998.0,0,0,0,50,78
3294000.0,0,0,0,58,70
3294088.0,0,0,0,122,6
3294092.0,0,0,0,122,6
3294092.0,0,0,0,121,7
3294105.0,0,0,0,122,6
3294119.0,0,0,0,122,6
3294119.0,0,0,0,121,7
3294128.0,0,0,0,122,6
3294174.0,0,0,0,122,6
3294174.0,0,0,0,58,70
3294542.0,0,0,0,58,70
3294610.0,0,0,0,58,70
3294610.0,0,0,0,42,86
3294663.0,0,0,0,58,70
3294748.0,0,0,0,58,70
3294748.0,0,0,0,26,102
3294773.0,0,0,0,26,102
3294773.0,0,0,0,18,110
3294861.0,0,0,0,50,78
3294863.0,0,0,0,58,70
3294887.0,0,0,0,62,66
3294889.0,0,0,0,64,64
3295357.0,0,0,0,64,64
3295615.0,0,0,0,128,0
3295618.0,0,0,0,128,0
3295618.0,0,0,0,127,1
3295632.0,0,0,0,128,0
3295650.0,0,0,0,128,0
3295650.0,0,0,0,127,1
3295654.0,0,0,0,127,1
3295656.0,0,0,0,127,1
3295657.0,0,0,0,128,0
3295659.0,0,0,0,128,0
3295659.0,0,0,0,127,1
3295670.0,0,0,0,128,0
3295705.0,0,0,0,128,0
3295705.0,0,0,0,64,64
3295861.0,0,0,0,64,64
3295861.0,0,0,0,60,68
3295907.0,0,0,0,64,64
3295975.0,0,0,0,64,64
3296063.0,0,0,0,64,64
3296283.0,0,0,0,64,64
3296283.0,0,0,0,32,96
3296311.0,0,0,0,32,96
3296311.0,0,0,0,24,104
3296399.0,0,0,0,56,72
3296401.0,0,0,0,64,64
3296512.0,0,0,0,64,64
3296512.0,0,0,0,63,65
3296526.0,0,0,0,64,64
3296648.0,0,0,0,64,64
3296648.0,0,0,0,0,128
3296788.0,0,0,0,0,128
3296805.0,0,0,0,0,128
3296813.0,0,0,0,64,64
3296819.0,0,0,0,64,64
3296819.0,0,0,0,63,65
3296828.0,0,0,0,63,65
3296837.0,0,0,0,64,64
3296855.0,0,0,0,64,64
3296855.0,0,0,0,63,65
3296871.0,0,0,0,64,64
3297114.0,0,0,0,128,0
3297117.0,0,0,0,128,0
3297117.0,0,0,0,127,1
3297132.0,0,0,0,128,0
3297158.0,0,0,0,128,0
3297158.0,0,0,0,127,1
3297167.0,0,0,0,128,0
3297211.0,0,0,0,128,0
3297211.0,0,0,0,64,64
3297322.0,0,0,0,64,64
3297322.0,0,0,0,63,65
3297342.0,0,0,0,64,64
3297363.0,0,0,0,64,64
3297406.0,0,0,0,64,64
3297406.0,0,0,0,32,96
3297472.0,0,0,0,32,96
3297472.0,0,0,0,31,97
3297562.0,0,0,0,63,65
3297564.0,0,0,0,64,64
3298278.0,0,0,0,64,64
3298278.0,0,0,0,63,65
3298315.0,0,0,0,63,65
3298318.0,0,0,0,64,64
3298331.0,0,0,0,64,64
3298331.0,0,0,0,63,65
3298351.0,0,0,0,64,64
3298356.0,0,0,0,64,64
3298356.0,0,0,0,60,68
3298377.0,0,0,0,60,68
3298377.0,0,0,0,58,70
3298622.0,0,0,0,122,6
3298625.0,0,0,0,122,6
3298625.0,0,0,0,121,7
3298626.0,0,0,0,121,7
3298626.0,0,0,0,120,8
3298638.0,0,0,0,121,7
3298648.0,0,0,0,122,6
3298682.0,0,0,0,122,6
3298682.0,0,0,0,58,70
3298738.0,0,0,0,58,70
3298738.0,0,0,0,50,78
3299165.0,0,0,0,50,78
3299165.0,0,0,0,49,79
3299167.0,0,0,0,53,75
3299170.0,0,0,0,55,73
3299171.0,0,0,0,56,72
3299267.0,0,0,0,64,64
3299513.0,0,0,0,64,64
3299564.0,0,0,0,64,64
3299564.0,0,0,0,32,96
3299630.0,0,0,0,32,96
3299630.0,0,0,0,24,104
3299683.0,0,0,0,24,104
3299683.0,0,0,0,23,105
3299714.0,0,0,0,24,104
3299775.0,0,0,0,56,72
3299777.0,0,0,0,64,64
3299814.0,0,0,0,64,64
3300161.0,0,0,0,128,0
3300165.0,0,0,0,128,0
3300165.0,0,0,0,127,1
3300178.0,0,0,0,128,0
3300355.0,0,0,0,128,0
3300355.0,0,0,0,64,64
3300777.0,0,0,0,128,0
3300801.0,0,0,0,128,0
3300801.0,0,0,0,64,64
3300825.0,0,0,0,64,64
3300825.0,0,0,0,63,65
3300846.0,0,0,0,64,64
3300984.0,0,0,0,64,64
3300984.0,0,0,0,32,96
3301201.0,0,0,0,64,64
3301322.0,0,0,0,64,64
3301615.0,0,0,0,64,64
3301615.0,0,0,0,32,96
3301667.0,0,0,0,32,96
3301667.0,0,0,0,31,97
3301676.0,0,0,0,31,97
3301676.0,0,0,0,30,98
3301698.0,0,0,0,31,97
3301712.0,0,0,0,32,96
3301724.0,0,0,0,32,96
3301724.0,0,0,0,31,97
3301745.0,0,0,0,32,96
3301747.0,0,0,0,64,64
3301750.0,0,0,0,64,64
3301750.0,0,0,0,60,68
3301772.0,0,0,0,128,0
3302861.0,0,0,0,128,0
3302987.0,0,0,0,128,0
3302987.0,0,0,0,127,1
3302993.0,0,0,0,128,0
3303055.0,0,0,0,128,0
3303055.0,0,0,0,64,64
3303145.0,0,0,0,64,64
3303145.0,0,0,0,63,65
3303165.0,0,0,0,64,64
3303450.0,0,0,0,64,64
3303450.0,0,0,0,56,72
3303477.0,0,0,0,56,72
3303491.0,0,0,0,64,64
3303500.0,0,0,0,64,64
3303500.0,0,0,0,56,72
3303542.0,0,0,0,64,64
3303637.0,0,0,0,64,64
3303637.0,0,0,0,62,66
3303645.0,0,0,0,62,66
3303645.0,0,0,0,60,68
3303653.0,0,0,0,60,68
3303653.0,0,0,0,58,70
3303661.0,0,0,0,58,70
3303661.0,0,0,0,56,72
3303671.0,0,0,0,56,72
3303671.0,0,0,0,55,73
3303729.0,0,0,0,57,71
3303732.0,0,0,0,59,69
3303735.0,0,0,0,61,67
3303738.0,0,0,0,63,65
3303834.0,0,0,0,64,64
3303884.0,0,0,0,64,64
3303884.0,0,0,0,0,128
3303901.0,0,0,0,0,128
3304472.0,0,0,0,0,128
3304714.0,0,0,0,64,64
3304832.0,0,0,0,128,0
3304920.0,0,0,0,128,0
3304920.0,0,0,0,64,64
3305266.0,0,0,0,64,64
3305266.0,0,0,0,48,80
3305329.0,0,0,0,64,64
3305524.0,0,0,0,64,64
3305524.0,0,0,0,48,80
3305582.0,0,0,0,64,64
3305953.0,0,0,0,64,64
3305953.0,0,0,0,63,65
3305977.0,0,0,0,64,64
3306002.0,0,0,0,64,64
3306002.0,0,0,0,56,72
3306027.0,0,0,0,56,72
3306027.0,0,0,0,48,80
3306099.0,0,0,0,56,72
3306102.0,0,0,0,56,72
3306102.0,0,0,0,55,73
3306108.0,0,0,0,64,64
3306111.0,0,0,0,64,64
3306111.0,0,0,0,63,65
3306123.0,0,0,0,63,65
3306123.0,0,0,0,59,69
3306199.0,0,0,0,63,65
3306223.0,0,0,0,64,64
3306679.0,0,0,0,128,0
3306681.0,0,0,0,128,0
3306681.0,0,0,0,127,1
3306697.0,0,0,0,128,0
3306706.0,0,0,0,128,0
3306706.0,0,0,0,124,4
3306742.0,0,0,0,124,4
3306742.0,0,0,0,123,5
3306784.0,0,0,0,123,5
3306784.0,0,0,0,59,69
3306879.0,0,0,0,60,68
3306965.0,0,0,0,60,68
3306965.0,0,0,0,59,69
3307039.0,0,0,0,60,68
3307040.0,0,0,0,64,64
3307142.0,0,0,0,64,64
3307142.0,0,0,0,63,65
3307414.0,0,0,0,63,65
3307532.0,0,0,0,63,65
3308580.0,0,0,0,64,64
3308596.0,0,0,0,64,64
3308596.0,0,0,0,63,65
3308617.0,0,0,0,63,65
3308617.0,0,0,0,31,97
3308655.0,0,0,0,63,65
3308672.0,0,0,0,63,65
3308672.0,0,0,0,47,81
3308704.0,0,0,0,48,80
3308708.0,0,0,0,64,64
3308756.0,0,0,0,64,64
3308756.0,0,0,0,63,65
3308882.0,0,0,0,64,64
3308988.0,0,0,0,64,64
3308988.0,0,0,0,63,65
3309050.0,0,0,0,63,65
3309050.0,0,0,0,31,97
3309054.0,0,0,0,32,96
3309069.0,0,0,0,32,96
3309069.0,0,0,0,31,97
3309086.0,0,0,0,63,65
3309159.0,0,0,0,63,65
3309159.0,0,0,0,47,81
3309200.0,0,0,0,63,65
3309205.0,0,0,0,63,65
3309205.0,0,0,0,47,81
3309240.0,0,0,0,63,65
3309369.0,0,0,0,127,1
3309370.0,0,0,0,128,0
3309379.0,0,0,0,128,0
3309381.0,0,0,0,128,0
3309381.0,0,0,0,127,1
3309397.0,0,0,0,128,0
3309985.0,0,0,0,128,0
3309985.0,0,0,0,0,128
3310107.0,0,0,0,128,0
3310118.0,0,0,0,128,0
3310118.0,0,0,0,112,16
3310154.0,0,0,0,128,0
3310157.0,0,0,0,128,0
3310157.0,0,0,0,124,4
3310189.0,0,0,0,128,0
3310192.0,0,0,0,128,0
3310192.0,0,0,0,124,4
3310268.0,0,0,0,128,0
3310306.0,0,0,0,128,0
3310306.0,0,0,0,120,8
3310422.0,0,0,0,120,8
3310422.0,0,0,0,112,16
3310457.0,0,0,0,120,8
3310474.0,0,0,0,120,8
3310474.0,0,0,0,116,12
3310532.0,0,0,0,120,8
3310537.0,0,0,0,120,8
3310537.0,0,0,0,116,12
3310821.0,0,0,0,116,12
3310821.0,0,0,0,115,13
3310835.0,0,0,0,116,12
3310989.0,0,0,0,116,12
3310989.0,0,0,0,108,20
3311177.0,0,0,0,108,20
3311177.0,0,0,0,104,24
3311224.0,0,0,0,108,20
3311264.0,0,0,0,116,12
3311280.0,0,0,0,120,8
3311308.0,0,0,0,128,0
3311334.0,0,0,0,128,0
3311334.0,0,0,0,124,4
3311355.0,0,0,0,124,4
3311408.0,0,0,0,124,4
3311435.0,0,0,0,124,4
3311435.0,0,0,0,60,68
3311471.0,0,0,0,124,4
3311475.0,0,0,0,124,4
3311475.0,0,0,0,120,8
3311508.0,0,0,0,124,4
3311514.0,0,0,0,124,4
3311514.0,0,0,0,120,8
3311546.0,0,0,0,124,4
3311550.0,0,0,0,124,4
3311550.0,0,0,0,120,8
3311585.0,0,0,0,124,4
3311587.0,0,0,0,124,4
3311587.0,0,0,0,116,12
3311619.0,0,0,0,124,4
3311641.0,0,0,0,128,0
3311786.0,0,0,0,128,0
3312807.0,0,0,0,128,0
3312854.0,0,0,0,128,0
3312968.0,0,0,0,128,0
3312968.0,0,0,3,125,0
3313157.0,0,0,3,125,0
3313157.0,0,0,11,117,0
3313232.0,0,0,11,117,0
3313232.0,0,0,15,113,0
3313535.0,0,0,15,113,0
3313535.0,0,0,16,112,0
3313924.0,0,0,16,112,0
3313924.0,0,0,20,108,0
3313964.0,0,0,20,108,0
3313964.0,0,0,28,100,0
3313980.0,0,0,28,100,0
3313980.0,0,0,32,96,0
3314008.0,0,0,32,96,0
3314008.0,0,0,40,88,0
3314171.0,0,0,40,88,0
3314171.0,0,0,104,24,0
3314208.0,0,0,104,24,0
3314208.0,0,0,108,20,0
3314246.0,0,0,108,20,0
3314246.0,0,0,112,16,0
3314285.0,0,0,112,16,0
3314285.0,0,0,116,12,0
3314319.0,0,0,116,12,0
3314319.0,0,0,124,4,0
3314341.0,0,0,124,4,0
3314341.0,0,0,128,0,0
3314399.0,0,0,128,0,0
3314441.0,0,0,128,0,0
3315668.0,3,0,125,0,0
3315668.0,1,2,125,0,0
3315857.0,9,2,117,0,0
3315932.0,13,2,113,0,0
3316235.0,14,2,112,0,0
3316624.0,18,2,108,0,0
3316664.0,26,2,100,0,0
3316680.0,30,2,96,0,0
3316708.0,38,2,88,0,0
3316871.0,102,2,24,0,0
3316908.0,106,2,20,0,0
3316946.0,110,2,16,0,0
3316985.0,114,2,12,0,0
3317019.0,122,2,4,0,0
3317041.0,126,2,0,0,0
3317468.0,126,0,0,2,0
3317468.0,126,0,0,0,2
3317499.0,126,0,0,1,1
3317522.0,126,0,0,2,0
3317528.0,126,0,0,2,0
3317528.0,0,126,0,2,0
3317709.0,0,126,0,2,0
3319328.0,0,0,0,128,0
3319328.0,0,0,0,0,128
3319499.0,0,0,0,128,0
3319499.0,0,0,0,0,128
3320199.0,0,0,0,0,128
3328662.0,0,0,0,0,128
3328748.0,0,0,0,0,128
3330431.0,0,0,0,128,0
3330431.0,0,0,0,0,128
3330514.0,0,0,0,128,0
3330514.0,0,0,0,64,64
3333214.0,0,0,0,64,64
3333214.0,0,0,64,0,64
3335914.0,64,0,0,0,64
3341441.0,64,0,0,64,0
3344141.0,64,0,0,64,0
3344141.0,64,0,64,0,0
3346841.0,128,0,0,0,0
3347428.0,128,0,0,0,0
3347428.0,120,8,0,0,0
3347465.0,120,8,0,0,0
3347465.0,119,9,0,0,0
3347526.0,119,9,0,0,0
3347526.0,118,10,0,0,0
3347904.0,118,10,0,0,0
3347904.0,117,11,0,0,0
3349228.0,117,3,0,8,0
3349228.0,117,3,0,0,8
3349265.0,117,2,0,1,8
3349265.0,117,2,0,0,9
3349314.0,117,2,0,1,8
3349326.0,117,1,0,2,8
3349326.0,117,1,0,1,9
3349340.0,117,1,0,9,1
3349369.0,117,1,0,10,0
3349521.0,117,1,0,10,0
3349521.0,117,1,0,6,4
3349524.0,117,1,0,10,0
3349704.0,117,0,0,11,0
3349704.0,117,0,0,10,1
3349754.0,117,0,0,11,0
3349838.0,117,0,0,11,0
3349838.0,117,0,0,7,4
3349841.0,117,0,0,11,0
3349853.0,117,0,0,11,0
3349853.0,117,0,0,7,4
3349856.0,117,0,0,11,0
3350695.0,117,0,0,11,0
3350695.0,117,0,0,7,4
3350698.0,117,0,0,11,0
3351951.0,117,0,0,11,0
3351951.0,85,32,0,11,0
3351993.0,85,32,0,11,0
3351993.0,53,64,0,11,0
3352014.0,53,64,0,11,0
3352014.0,21,96,0,11,0
3352040.0,21,96,0,11,0
3352224.0,21,96,0,11,0
3352541.0,21,96,0,11,0
3352541.0,21,96,3,8,0
3352556.0,21,96,3,8,0
3352556.0,21,96,7,4,0
3353398.0,21,96,7,4,0
3353398.0,21,96,11,0,0
3353553.0,21,96,11,0,0
3353553.0,17,100,11,0,0
3353684.0,17,100,11,0,0
3353684.0,16,101,11,0,0
3353751.0,16,69,11,32,0
3353751.0,16,69,11,0,32
3353754.0,16,69,11,32,0
3353763.0,16,69,11,32,0
3353763.0,16,69,11,24,8
3353793.0,16,37,11,56,8
3353793.0,16,37,11,24,40
3353796.0,16,37,11,56,8
3353814.0,16,5,11,88,8
3353814.0,16,5,11,56,40
3353817.0,16,5,11,88,8
3353827.0,16,5,11,96,0
3353860.0,16,5,11,96,0
3353860.0,16,5,11,92,4
3353901.0,16,5,11,96,0
3353913.0,16,5,11,96,0
3353913.0,16,5,11,95,1
3353918.0,16,5,11,96,0
3354365.0,16,5,11,96,0
3354365.0,16,5,11,64,32
3354387.0,16,5,11,64,32
3354387.0,16,5,11,56,40
3354444.0,16,5,11,88,8
3354445.0,16,5,11,96,0
3354506.0,16,5,11,96,0
3354506.0,16,5,11,64,32
3354526.0,16,5,11,64,32
3354526.0,16,5,11,56,40
3354614.0,16,5,11,56,40
3354614.0,16,5,11,40,56
3354631.0,16,5,11,80,16
3354765.0,16,5,11,80,16
3354765.0,16,5,11,48,48
3354782.0,16,5,11,64,32
3354788.0,16,5,11,64,32
3354788.0,16,5,11,56,40
3354840.0,16,5,11,56,40
3354840.0,16,5,11,40,56
3354976.0,16,5,11,56,40
3355128.0,16,5,11,88,8
3355129.0,16,5,11,96,0
3355241.0,19,5,8,96,0
3355256.0,23,5,4,96,0
3355343.0,23,5,4,96,0
3355343.0,23,5,4,80,16
3355345.0,23,5,4,80,16
3355345.0,23,5,4,48,48
3355353.0,23,1,4,52,48
3355353.0,23,1,4,48,52
3355390.0,23,1,4,48,52
3355390.0,23,1,4,40,60
3355431.0,23,1,4,80,20
3355484.0,23,0,4,81,20
3355484.0,23,0,4,80,21
3355488.0,23,0,4,81,20
3355520.0,23,0,4,97,4
3355535.0,23,0,4,101,0
3355569.0,23,0,4,101,0
3355694.0,23,0,4,101,0
3355842.0,23,0,4,101,0
3355842.0,23,0,4,68,33
3355859.0,23,0,4,69,32
3355915.0,23,0,4,69,32
3355927.0,23,0,4,69,32
3355927.0,23,0,4,45,56
3356023.0,23,0,4,45,56
3356047.0,23,0,4,77,24
3356061.0,23,0,4,85,16
3356098.0,27,0,0,85,16
3356115.0,27,0,0,101,0
3356115.0,0,27,0,101,0
3356171.0,0,27,0,101,0
3356219.0,0,27,0,101,0
3356245.0,0,27,0,101,0
3356454.0,0,27,0,101,0
3356496.0,0,27,0,101,0
3356517.0,0,27,0,101,0
3356735.0,0,27,0,101,0
3356957.0,0,27,0,101,0
3357039.0,0,27,0,101,0
3357144.0,0,27,0,101,0
3357145.0,0,27,0,101,0
3357331.0,0,27,0,101,0
3357527.0,0,27,0,101,0
3357676.0,0,27,0,101,0
3357828.0,0,27,0,101,0
3357915.0,0,0,0,128,0
3357915.0,0,0,0,0,128
3357956.0,0,0,0,0,128
3358015.0,0,0,0,128,0
3358015.0,0,0,0,5,123
3358021.0,0,0,0,6,122
3358035.0,0,0,0,7,121
3358040.0,0,0,0,8,120
3358074.0,0,0,0,8,120
3358074.0,0,0,0,7,121
3358076.0,0,0,0,8,120
3358095.0,0,0,0,8,120
3358155.0,0,0,0,24,104
3358188.0,0,0,0,40,88
3358188.0,0,0,0,8,120
3358390.0,0,0,0,24,104
3358604.0,0,0,0,28,100
3358900.0,0,0,0,28,100
3358900.0,0,0,0,12,116
3358913.0,0,0,0,28,100
3358940.0,0,0,0,28,100
3358940.0,0,0,0,12,116
3358953.0,0,0,0,28,100
3359186.0,0,0,0,28,100
3359186.0,0,0,0,12,116
3359187.0,0,0,0,28,100
3359192.0,0,0,0,28,100
3359192.0,0,0,0,20,108
3359201.0,0,0,0,28,100
3359240.0,0,0,0,28,100
3359240.0,0,0,0,20,108
3359250.0,0,0,0,28,100
3359361.0,0,0,0,28,100
3359361.0,0,0,0,12,116
3359374.0,0,0,0,28,100
3359444.0,0,0,0,28,100
3359444.0,0,0,0,12,116
3359455.0,0,0,0,28,100
3359880.0,0,0,0,28,100
3359880.0,0,0,0,12,116
3359896.0,0,0,0,28,100
3359907.0,0,0,0,28,100
3359907.0,0,0,0,12,116
3359909.0,0,0,0,28,100
3359915.0,0,0,0,28,100
3359915.0,0,0,0,12,116
3359930.0,0,0,0,28,100
3359965.0,0,0,0,28,100
3359965.0,0,0,0,27,101
3359984.0,0,0,0,28,100
3360313.0,0,0,0,28,100
3360313.0,0,0,0,24,104
3360362.0,0,0,0,28,100
3360715.0,0,0,0,28,100
3360734.0,0,0,0,28,100
3360734.0,0,0,0,24,104
3360753.0,0,0,0,28,100
3360888.0,0,0,0,28,100
3361090.0,0,0,0,28,100
3361444.0,0,0,0,32,96
3361594.0,0,0,0,32,96
3361594.0,0,0,0,31,97
3361601.0,0,0,0,31,97
3361611.0,0,0,0,32,96
3361611.0,0,0,0,0,128
3361613.0,0,0,0,0,128
3361653.0,0,0,0,0,128
3361671.0,0,0,0,0,128
3361716.0,0,0,0,0,128
3361728.0,0,0,0,0,128
3361887.0,0,0,0,0,128
3361901.0,0,0,0,0,128
3362074.0,0,0,0,0,128
3362106.0,0,0,0,32,96
3362106.0,0,0,0,0,128
3362113.0,0,0,0,16,112
3362113.0,0,0,0,0,128
3362127.0,0,0,0,16,112
3362128.0,0,0,0,32,96
3362155.0,0,0,0,32,96
3362168.0,0,0,0,32,96
3362168.0,0,0,0,31,97
3362190.0,0,0,0,31,97
3362320.0,0,0,0,32,96
3362444.0,0,0,0,32,96
3362493.0,0,0,0,32,96
3362493.0,0,0,0,28,100
3362506.0,0,0,0,32,96
3362575.0,0,0,0,64,64
3362575.0,0,0,0,0,128
3362596.0,0,0,0,0,128
3362609.0,0,0,0,0,128
3363104.0,0,0,0,0,128
3363164.0,0,0,0,0,128
3363361.0,0,0,0,64,64
3363361.0,0,0,0,24,104
3363373.0,0,0,0,28,100
3363376.0,0,0,0,32,96
3363429.0,0,0,0,64,64
3363941.0,0,0,0,64,64
3363941.0,0,0,0,32,96
3364065.0,0,0,0,64,64
3364255.0,0,0,0,64,64
3364255.0,0,0,0,60,68
3364286.0,0,0,0,64,64
3364290.0,0,0,0,64,64
3364290.0,0,0,0,32,96
3364435.0,0,0,0,64,64
3364578.0,0,0,0,64,64
3364578.0,0,0,0,60,68
3364634.0,0,0,0,64,64
3364668.0,0,0,0,64,64
3364668.0,0,0,0,32,96
3364714.0,0,0,0,32,96
3364714.0,0,0,0,28,100
3364742.0,0,0,0,28,100
3364742.0,0,0,0,24,104
3364749.0,0,0,0,28,100
3364776.0,0,0,0,32,96
3364778.0,0,0,0,32,96
3364778.0,0,0,0,31,97
3364801.0,0,0,0,31,97
3364801.0,0,0,0,27,101
3364827.0,0,0,0,27,101
3364840.0,0,0,0,28,100
3364847.0,0,0,0,32,96
3364851.0,0,0,0,32,96
3364851.0,0,0,0,31,97
3364866.0,0,0,0,31,97
3364866.0,0,0,0,27,101
3364873.0,0,0,0,28,100
3364878.0,0,0,0,28,100
3364878.0,0,0,0,24,104
3364901.0,0,0,0,24,104
3364901.0,0,0,0,22,106
3364912.0,0,0,0,26,102
3364967.0,0,0,0,26,102
3364967.0,0,0,0,22,106
3364991.0,0,0,0,22,106
3364991.0,0,0,0,21,107
3364995.0,0,0,0,21,107
3365035.0,0,0,0,22,106
3365048.0,0,0,0,26,102
3365126.0,0,0,0,58,70
3365126.0,0,0,0,26,102
3365128.0,0,0,0,26,102
3365280.0,0,0,0,26,102
3365329.0,0,0,0,26,102
3365329.0,0,0,0,22,106
3365343.0,0,0,0,26,102
3365346.0,0,0,0,58,70
3365346.0,0,0,0,26,102
3365366.0,0,0,0,90,38
3365366.0,0,0,0,58,70
3365398.0,0,0,0,90,38
3365419.0,0,0,0,90,38
3365419.0,0,0,0,86,42
3365465.0,0,0,0,90,38
3365557.0,0,0,0,90,38
3365557.0,0,0,0,86,42
3365719.0,0,0,0,86,42
3365719.0,0,0,0,85,43
3365753.0,0,0,0,86,42
3365832.0,0,0,0,90,38
3365874.0,0,0,0,90,38
3365874.0,0,0,0,58,70
3365885.0,0,0,0,90,38
3365899.0,0,0,0,90,38
3365899.0,0,0,0,86,42
3365966.0,0,0,0,86,42
3365966.0,0,0,0,82,46
3366025.0,0,0,0,86,42
3366029.0,0,0,0,86,42
3366029.0,0,0,0,54,74
3366044.0,0,0,0,86,42
3366061.0,0,0,0,86,42
3366080.0,0,0,0,86,42
3366080.0,0,0,0,82,46
3366117.0,0,0,0,82,46
3366117.0,0,0,0,81,47
3366124.0,0,0,0,85,43
3366129.0,0,0,0,85,43
3366137.0,0,0,0,86,42
3366198.0,0,0,0,86,42
3366198.0,0,0,0,54,74
3366208.0,0,0,0,58,70
3366348.0,0,0,0,58,70
3366348.0,0,0,0,57,71
3366388.0,0,0,0,58,70
3366427.0,0,0,0,58,70
3366427.0,0,0,0,54,74
3366475.0,0,0,0,58,70
3366503.0,0,0,0,62,66
3366506.0,0,0,0,64,64
3366569.0,0,0,0,64,64
3366569.0,0,0,0,63,65
3366595.0,0,0,0,64,64
3366765.0,0,0,0,64,64
3366873.0,0,0,0,64,64
3366873.0,0,0,0,63,65
3366911.0,0,0,0,63,65
3366911.0,0,0,0,31,97
3366972.0,0,0,0,32,96
3367083.0,0,0,0,64,64
3367098.0,0,0,0,64,64
3367098.0,0,0,0,63,65
3367135.0,0,0,0,63,65
3367139.0,0,0,0,64,64
3367172.0,0,0,0,64,64
3367172.0,0,0,0,59,69
3367198.0,0,0,0,63,65
3367334.0,0,0,0,63,65
3367340.0,0,0,0,64,64
3367374.0,0,0,0,64,64
3367374.0,0,0,0,56,72
3367423.0,0,0,0,56,72
3367423.0,0,0,0,55,73
3367448.0,0,0,0,56,72
3367587.0,0,0,0,88,40
3367826.0,0,0,0,88,40
3367975.0,0,0,0,88,40
3367975.0,0,0,0,56,72
3367983.0,0,0,0,64,64
3368033.0,0,0,0,64,64
3368033.0,0,0,0,56,72
3368046.0,0,0,0,56,72
3368066.0,0,0,0,56,72
3368098.0,0,0,0,56,72
3368514.0,0,0,0,56,72
3368514.0,0,0,0,24,104
3368585.0,0,0,0,24,104
3368617.0,0,0,0,24,104
3368617.0,0,0,0,20,108
3368635.0,0,0,0,24,104
3368669.0,0,0,0,24,104
3368669.0,0,0,0,20,108
3368695.0,0,0,0,24,104
3368703.0,0,0,0,56,72
3368705.0,0,0,0,64,64
3368718.0,0,0,0,64,64
3368718.0,0,0,0,60,68
3368742.0,0,0,0,64,64
3368744.0,0,0,0,64,64
3368805.0,0,0,0,64,64
3368805.0,0,0,0,60,68
3368837.0,0,0,0,60,68
3368841.0,0,0,0,60,68
3368841.0,0,0,0,52,76
3368857.0,0,0,0,56,72
3368898.0,0,0,0,56,72
3368898.0,0,0,0,52,76
3368908.0,0,0,0,52,76
3368940.0,0,0,0,56,72
3368976.0,0,0,0,56,72
3368976.0,0,0,0,52,76
3368988.0,0,0,0,56,72
3369108.0,0,0,0,64,64
3369156.0,0,0,0,64,64
3369156.0,0,0,0,56,72
3369271.0,0,0,0,56,72
3369271.0,0,0,0,52,76
3369287.0,0,0,0,56,72
3369564.0,0,0,0,56,72
3369564.0,0,0,0,40,88
3369624.0,0,0,0,56,72
3369759.0,0,0,0,64,64
3369783.0,0,0,0,64,64
3369792.0,0,0,0,64,64
3369792.0,0,0,0,48,80
3369842.0,0,0,0,48,80
3369842.0,0,0,0,40,88
3370051.0,0,0,0,56,72
3370287.0,0,0,0,56,72
3370458.0,0,0,0,64,64
3370538.0,0,0,0,64,64
3370538.0,0,0,0,32,96
3370683.0,0,0,0,64,64
3370742.0,0,0,0,64,64
3370742.0,0,0,0,32,96
3370878.0,0,0,0,64,64
3371000.0,0,0,0,96,32
3371016.0,0,0,0,96,32
3371016.0,0,0,0,64,64
3371155.0,0,0,0,96,32
3371171.0,0,0,0,96,32
3371171.0,0,0,0,64,64
3371313.0,0,0,0,96,32
3371335.0,0,0,0,96,32
3371395.0,0,0,0,96,32
3371403.0,0,0,0,96,32
3371557.0,0,0,0,96,32
3371575.0,0,0,0,96,32
3371575.0,0,0,0,64,64
3371688.0,0,0,0,64,64
3371710.0,0,0,0,96,32
3371730.0,0,0,0,96,32
3371730.0,0,0,0,64,64
3371863.0,0,0,0,96,32
3371946.0,0,0,0,96,32
3371946.0,0,0,0,92,36
3372063.0,0,0,0,92,36
3372063.0,0,0,0,60,68
3372065.0,0,0,0,60,68
3372065.0,0,0,0,59,69
3372081.0,0,0,0,60,68
3372243.0,0,0,0,64,64
3372264.0,0,0,0,64,64
3372264.0,0,0,0,60,68
3372459.0,0,0,0,60,68
3372561.0,0,0,0,64,64
3372635.0,0,0,0,64,64
3372635.0,0,0,0,60,68
3372941.0,0,0,0,64,64
3373017.0,0,0,0,64,64
3373017.0,0,0,0,60,68
3373287.0,0,0,0,64,64
3373383.0,0,0,0,64,64
3373498.0,0,0,0,64,64
3373498.0,0,0,0,62,66
3373578.0,0,0,0,62,66
3373595.0,0,0,0,64,64
3373619.0,0,0,0,64,64
3373619.0,0,0,0,60,68
3373641.0,0,0,0,60,68
3373641.0,0,0,0,28,100
3373680.0,0,0,0,60,68
3373695.0,0,0,0,60,68
3373695.0,0,0,0,28,100
3373700.0,0,0,0,28,100
3373713.0,0,0,0,28,100
3373713.0,0,0,0,24,104
3373717.0,0,0,0,28,100
3373725.0,0,0,0,28,100
3373725.0,0,0,0,20,108
3373731.0,0,0,0,20,108
3373731.0,0,0,0,12,116
3373773.0,0,0,0,16,112
3373803.0,0,0,0,24,104
3373849.0,0,0,0,24,104
3373849.0,0,0,0,20,108
3373855.0,0,0,0,20,108
3373892.0,0,0,0,24,104
3374013.0,0,0,0,24,104
3374026.0,0,0,0,24,104
3374026.0,0,0,0,20,108
3374053.0,0,0,0,20,108
3374053.0,0,0,0,18,110
3374114.0,0,0,0,18,110
3374114.0,0,0,0,10,118
3374204.0,0,0,0,18,110
3374227.0,0,0,0,18,110
3374227.0,0,0,0,10,118
3374297.0,0,0,0,18,110
3374410.0,0,0,0,18,110
3374442.0,0,0,0,18,110
3374442.0,0,0,0,14,114
3374460.0,0,0,0,18,110
3374563.0,0,0,0,18,110
3374570.0,0,0,0,18,110
3374570.0,0,0,0,14,114
3374618.0,0,0,0,18,110
3374882.0,0,0,0,18,110
3374882.0,0,0,0,14,114
3374927.0,0,0,0,18,110
3375078.0,0,0,0,50,78
3375079.0,0,0,0,82,46
3375086.0,0,0,0,82,46
3375086.0,0,0,0,50,78
3375328.0,0,0,0,82,46
3375330.0,0,0,0,82,46
3375330.0,0,0,0,50,78
3375499.0,0,0,0,82,46
3375500.0,0,0,0,82,46
3375500.0,0,0,0,50,78
3375570.0,0,0,0,50,78
3375570.0,0,0,0,42,86
3375691.0,0,0,0,46,82
3375694.0,0,0,0,48,80
3375738.0,0,0,0,80,48
3375743.0,0,0,0,80,48
3375743.0,0,0,0,48,80
3375859.0,0,0,0,48,80
3375859.0,0,0,0,16,112
3375895.0,0,0,0,48,80
3375920.0,0,0,0,48,80
3375920.0,0,0,0,16,112
3375921.0,0,0,0,48,80
3375944.0,0,0,0,80,48
3375947.0,0,0,0,80,48
3375947.0,0,0,0,48,80
3375976.0,0,0,0,48,80
3375976.0,0,0,0,16,112
3376008.0,0,0,0,16,112
3376008.0,0,0,0,12,116
3376013.0,0,0,0,44,84
3376029.0,0,0,0,44,84
3376029.0,0,0,0,42,86
3376147.0,0,0,0,50,78
3376240.0,0,0,0,82,46
3376241.0,0,0,0,82,46
3376241.0,0,0,0,50,78
3376380.0,0,0,0,50,78
3376417.0,0,0,0,50,78
3376449.0,0,0,0,82,46
3376453.0,0,0,0,82,46
3376453.0,0,0,0,50,78
3376503.0,0,0,0,50,78
3376592.0,0,0,0,50,78
3376623.0,0,0,0,82,46
3376625.0,0,0,0,82,46
3376625.0,0,0,0,50,78
3376777.0,0,0,0,82,46
3376778.0,0,0,0,82,46
3376778.0,0,0,0,50,78
3376904.0,0,0,0,50,78
3376962.0,0,0,0,82,46
3376964.0,0,0,0,82,46
3376964.0,0,0,0,50,78
3376997.0,0,0,0,50,78
3377145.0,0,0,0,82,46
3377148.0,0,0,0,82,46
3377148.0,0,0,0,50,78
3377203.0,0,0,0,82,46
3377388.0,0,0,0,82,46
3377388.0,0,0,0,74,54
3377441.0,0,0,0,82,46
3377589.0,0,0,0,82,46
3377589.0,0,0,0,74,54
3377666.0,0,0,0,78,50
3377669.0,0,0,0,80,48
3377778.0,0,0,0,80,48
3377779.0,0,0,0,80,48
3377781.0,0,0,0,80,48
3377781.0,0,0,0,76,52
3377839.0,0,0,0,80,48
3378028.0,0,0,0,80,48
3378199.0,0,0,0,80,48
3378438.0,0,0,0,80,48
3378595.0,0,0,0,80,48
3378621.0,0,0,0,80,48
3378644.0,0,0,0,80,48
3378713.0,0,0,0,80,48
3378732.0,0,0,0,88,40
3378940.0,0,0,0,88,40
3379074.0,0,0,0,88,40
3379074.0,0,0,0,87,41
3379149.0,0,0,0,87,41
3379161.0,0,0,0,88,40
3379256.0,0,0,0,88,40
3379256.0,0,0,0,56,72
3379323.0,0,0,0,56,72
3379342.0,0,0,0,56,72
3379342.0,0,0,0,52,76
3379380.0,0,0,0,52,76
3379380.0,0,0,0,50,78
3379477.0,0,0,0,50,78
3379512.0,0,0,0,82,46
3379519.0,0,0,0,90,38
3379662.0,0,0,0,90,38
3379845.0,0,0,0,90,38
3379903.0,0,0,0,90,38
3379903.0,0,0,23,67,38
3380099.0,0,0,23,67,38
3380099.0,0,0,23,59,46
3380141.0,0,0,23,59,46
3380146.0,0,0,23,67,38
3380346.0,0,0,23,67,38
3380346.0,0,0,23,59,46
3380366.0,0,0,23,59,46
3380392.0,0,0,23,67,38
3380539.0,0,0,23,67,38
3380539.0,0,0,25,65,38
3380640.0,0,0,25,65,38
3380640.0,0,0,25,57,46
3380646.0,0,0,25,103,0
3381256.0,0,0,25,103,0
3381256.0,0,0,25,99,4
3381269.0,0,0,25,99,4
3381269.0,0,0,25,67,36
3381277.0,0,0,25,67,36
3381277.0,0,0,25,59,44
3381329.0,0,0,25,63,40
3381389.0,0,0,25,71,32
3381432.0,0,0,25,71,32
3381497.0,0,0,25,71,32
3381497.0,0,0,25,39,64
3381529.0,0,0,25,39,64
3381529.0,0,0,25,31,72
3381530.0,0,0,25,31,72
3381530.0,0,0,25,23,80
3381585.0,0,0,25,23,80
3381585.0,0,0,25,19,84
3381593.0,0,0,25,19,84
3381593.0,0,0,25,15,88
3381641.0,0,0,25,19,84
3381662.0,0,0,25,27,76
3381694.0,0,0,25,27,76
3381694.0,0,0,25,19,84
3381716.0,0,0,25,23,80
3381837.0,0,0,25,23,80
3381837.0,0,0,25,22,81
3381859.0,0,0,25,22,81
3381859.0,0,0,25,18,85
3381861.0,0,0,25,19,84
3381867.0,0,0,25,19,84
3381867.0,0,0,25,18,85
3381880.0,0,0,25,19,84
3381933.0,0,0,25,23,80
3381934.0,0,0,25,23,80
3382171.0,0,0,25,55,48
3382171.0,0,0,25,23,80
3382212.0,0,0,25,23,80
3382219.0,0,0,25,23,80
3382375.0,0,0,25,23,80
3382375.0,0,0,25,19,84
3382406.0,0,0,25,51,52
3382419.0,0,0,25,51,52
3382419.0,0,0,25,50,53
3382443.0,0,0,25,54,49
3382453.0,0,0,25,55,48
3382466.0,0,0,25,55,48
3382466.0,0,0,25,23,80
3382531.0,0,0,25,23,80
3382531.0,0,0,25,22,81
3382603.0,23,0,2,22,81
3382727.0,23,0,2,30,73
3382734.0,23,0,2,30,73
3382734.0,23,0,2,26,77
3382758.0,23,0,2,26,77
3382758.0,23,0,2,24,79
3382777.0,23,0,2,56,47
3382846.0,23,0,2,56,47
3383093.0,23,0,2,56,47
3383093.0,23,0,2,52,51
3383137.0,23,0,2,56,47
3383239.0,25,0,0,56,47
3383252.0,25,0,0,56,47
3383252.0,25,0,0,48,55
3383346.0,25,0,0,48,55
3383373.0,25,0,0,48,55
3383373.0,25,0,0,16,87
3383393.0,25,0,0,17,86
3383444.0,25,0,0,17,86
3383444.0,25,0,0,13,90
3383523.0,25,0,0,13,90
3383523.0,0,25,0,13,90
3383534.0,0,25,0,17,86
3384058.0,0,25,0,25,78
3384089.0,0,25,0,25,78
3384475.0,0,25,0,25,78
3384475.0,0,25,0,17,86
3384796.0,0,25,0,25,78
3384799.0,0,25,0,25,78
3384799.0,0,25,0,24,79
3384844.0,0,25,0,24,79
3384844.0,0,25,0,16,87
3384871.0,0,25,0,16,87
3385106.0,0,25,0,16,87
3385143.0,0,25,0,16,87
3385275.0,0,25,0,16,87
3385323.0,0,0,0,41,87
3385323.0,0,0,0,9,119
3385355.0,0,0,0,10,118
3385372.0,0,0,0,10,118
3385477.0,0,0,0,10,118
3385580.0,0,0,0,10,118
3385654.0,0,0,0,42,86
3385654.0,0,0,0,2,126
3385663.0,0,0,0,2,126
3385701.0,0,0,0,6,122
3385725.0,0,0,0,6,122
3385733.0,0,0,0,6,122
3385800.0,0,0,0,10,118
3385800.0,0,0,0,6,122
3385899.0,0,0,0,38,90
3385899.0,0,0,0,6,122
3385901.0,0,0,0,6,122
3385913.0,0,0,0,10,118
3385995.0,0,0,0,10,118
3385995.0,0,0,0,6,122
3386004.0,0,0,0,6,122
3386050.0,0,0,0,10,118
3386050.0,0,0,0,2,126
3386082.0,0,0,0,34,94
3386082.0,0,0,0,18,110
3386115.0,0,0,0,26,102
3386122.0,0,0,0,26,102
3386167.0,0,0,0,42,86
3386167.0,0,0,0,9,119
3386181.0,0,0,0,9,119
3386181.0,0,0,0,1,127
3386186.0,0,0,0,2,126
3386233.0,0,0,0,34,94
3386234.0,0,0,0,34,94
3386246.0,0,0,0,42,86
3386283.0,0,0,0,74,54
3386372.0,0,0,0,74,54
3386372.0,0,0,0,73,55
3386758.0,0,0,0,73,55
3386999.0,0,0,0,73,55
3386999.0,0,0,0,65,63
3387062.0,0,0,0,73,55
3387078.0,0,0,0,73,55
3387078.0,0,0,0,65,63
3387162.0,0,0,0,73,55
3387229.0,0,0,0,73,55
3387229.0,0,0,0,41,87
3387878.0,0,0,0,41,87
3387878.0,0,0,0,9,119
3387947.0,0,0,0,41,87
3387973.0,0,0,0,41,87
3387973.0,0,0,0,9,119
3388039.0,0,0,0,41,87
3388212.0,0,0,0,41,87
3388212.0,0,0,0,9,119
3388277.0,0,0,0,41,87
3388325.0,0,0,0,41,87
3388325.0,0,0,0,9,119
3388354.0,0,0,0,9,119
3388371.0,0,0,0,41,87
3388372.0,0,0,0,49,79
3388392.0,0,0,0,49,79
3388392.0,0,0,0,45,83
3388514.0,0,0,0,77,51
3388517.0,0,0,0,81,47
3388584.0,0,0,0,87,41
3388599.0,0,0,0,87,41
3388701.0,0,0,0,87,41
3388701.0,0,0,0,86,42
3388718.0,0,0,0,87,41
3388782.0,0,0,0,87,41
3388867.0,0,0,0,87,41
3388886.0,0,0,0,87,41
3388933.0,0,0,0,87,41
3388983.0,0,0,0,87,41
3389023.0,0,0,0,87,41
3389023.0,0,0,0,83,45
3389044.0,0,0,0,83,45
3389044.0,0,0,0,81,47
3389060.0,0,0,0,81,47
3389060.0,0,0,0,49,79
3389152.0,0,0,0,81,47
3389156.0,0,0,0,81,47
3389156.0,0,0,0,77,51
3389173.0,0,0,0,81,47
3389180.0,0,0,0,81,47
3389180.0,0,0,0,49,79
3389252.0,0,0,0,49,79
3389252.0,0,0,0,45,83
3389360.0,0,0,0,81,47
3389762.0,0,0,0,81,47
3389854.0,0,0,0,81,47
3389854.0,0,0,0,49,79
3389880.0,0,0,0,49,79
3389880.0,0,0,0,41,87
3389945.0,0,0,0,41,87
3389945.0,0,0,0,40,88
3389971.0,0,0,0,41,87
3390172.0,0,0,0,73,55
3390175.0,0,0,0,81,47
3390243.0,0,0,0,81,47
3390243.0,0,0,0,49,79
3390279.0,0,0,0,81,47
3390292.0,0,0,0,81,47
3390292.0,0,0,0,80,48
3390293.0,0,0,0,80,48
3390293.0,0,0,0,72,56
3390332.0,0,0,0,73,55
3390357.0,0,0,0,81,47
3390358.0,0,0,0,113,15
3390647.0,0,0,0,117,11
3390650.0,0,0,0,119,9
3390739.0,0,0,0,119,9
3390921.0,0,0,0,119,9
3390921.0,0,0,0,118,10
3390937.0,0,0,0,119,9
3390977.0,0,0,0,119,9
3391071.0,0,0,0,119,9
3391072.0,0,0,0,119,9
3391214.0,0,0,0,119,9
3391217.0,0,0,0,119,9
3391262.0,0,0,0,119,9
3391262.0,0,0,0,87,41
3391418.0,0,0,0,119,9
3391423.0,0,0,0,119,9
3391423.0,0,0,0,87,41
3391427.0,0,0,0,87,41
3391427.0,0,0,0,86,42
3391466.0,0,0,0,87,41
3391478.0,0,0,0,87,41
3391478.0,0,0,0,79,49
3391535.0,0,0,0,119,9
3391578.0,0,0,0,119,9
3391578.0,0,0,0,87,41
3391624.0,0,0,0,87,41
3391624.0,0,0,0,83,45
3391648.0,0,0,0,83,45
3391648.0,0,0,0,81,47
3391852.0,0,0,0,81,47
3391863.0,0,0,0,113,15
3391873.0,0,0,0,113,15
3391874.0,0,0,0,113,15
3391874.0,0,0,0,81,47
3392049.0,0,0,0,113,15
3392060.0,0,0,0,113,15
3392268.0,0,0,0,113,15
3392268.0,0,0,0,81,47
3392359.0,0,0,0,81,47
3392359.0,0,0,0,80,48
3392382.0,0,0,0,112,16
3392389.0,0,0,0,113,15
3392472.0,0,0,0,113,15
3392472.0,0,0,0,81,47
3392831.0,0,0,0,113,15
3392869.0,0,0,0,113,15
3392869.0,0,0,0,81,47
3392872.0,0,0,0,81,47
3392875.0,0,0,0,81,47
3392979.0,0,0,0,81,47
3393057.0,0,0,0,81,47
3393058.0,0,0,0,81,47
3393270.0,0,0,0,85,43
3393275.0,0,0,0,87,41
3393545.0,0,0,0,87,41
3393545.0,0,0,0,86,42
3393593.0,0,0,0,87,41
3393619.0,0,0,0,87,41
3393619.0,0,0,0,86,42
3393637.0,0,0,0,87,41
3393641.0,0,0,0,87,41
3393641.0,0,0,0,83,45
3393662.0,0,0,0,83,45
3393662.0,0,0,0,81,47
3393686.0,0,0,0,81,47
3393686.0,0,0,0,49,79
3393743.0,0,0,0,49,79
3393743.0,0,0,0,41,87
3393815.0,0,0,0,81,47
3393972.0,0,0,0,89,39
3394118.0,0,0,0,89,39
3394235.0,0,0,0,89,39
3394563.0,0,0,0,89,39
3394749.0,0,0,0,89,39
3395082.0,0,0,0,89,39
3395089.0,0,0,0,89,39
3395089.0,0,0,1,88,39
3395353.0,0,0,1,92,35
3395355.0,0,0,1,94,33
3395388.0,0,0,1,94,33
3395388.0,0,0,1,93,34
3395404.0,0,0,1,94,33
3395482.0,0,0,1,94,33
3395482.0,0,0,1,92,35
3395491.0,0,0,1,92,35
3395491.0,0,0,1,90,37
3395500.0,0,0,1,90,37
3395500.0,0,0,1,88,39
3395513.0,0,0,1,88,39
3395513.0,0,0,1,86,41
3395524.0,0,0,1,86,41
3395524.0,0,0,1,84,43
3395531.0,0,0,1,84,43
3395531.0,0,0,22,63,43
3395597.0,0,0,22,65,41
3395600.0,0,0,22,67,39
3395601.0,0,0,22,69,37
3395603.0,0,0,22,71,35
3395604.0,0,0,22,106,0
3395970.0,0,0,22,106,0
3395970.0,0,0,26,102,0
3395975.0,0,0,26,102,0
3395975.0,0,0,28,100,0
3396293.0,0,0,28,100,0
3396293.0,0,0,29,99,0
3396337.0,0,0,29,99,0
3396337.0,0,0,30,98,0
3396515.0,0,0,30,98,0
3396515.0,0,0,70,58,0
3396672.0,0,0,70,58,0
3396672.0,0,0,78,50,0
3397789.0,1,0,77,50,0
3398053.0,1,0,77,50,0
3398053.0,1,0,81,46,0
3398055.0,1,0,81,46,0
3398055.0,1,0,83,44,0
3398104.0,1,0,83,44,0
3398104.0,1,0,84,43,0
3398231.0,22,0,63,43,0
3398297.0,22,0,63,43,0
3398297.0,22,0,65,41,0
3398300.0,22,0,65,41,0
3398300.0,22,0,67,39,0
3398301.0,22,0,67,39,0
3398301.0,22,0,69,37,0
3398303.0,22,0,69,37,0
3398303.0,22,0,71,35,0
3398304.0,22,0,71,35,0
3398304.0,22,0,106,0,0
3398670.0,26,0,102,0,0
3398675.0,28,0,100,0,0
3398993.0,29,0,99,0,0
3399037.0,30,0,98,0,0
3399215.0,70,0,58,0,0
3399372.0,78,0,50,0,0
3400753.0,82,0,46,0,0
3400755.0,84,0,44,0,0
3400804.0,85,0,43,0,0
3400997.0,87,0,41,0,0
3401000.0,89,0,39,0,0
3401001.0,91,0,37,0,0
3401003.0,93,0,35,0,0
3401004.0,128,0,0,0,0
3402873.0,128,0,0,0,0
3402873.0,64,64,0,0,0
3402900.0,64,64,0,0,0
3402900.0,0,128,0,0,0
3403135.0,0,128,0,0,0
3403143.0,0,128,0,0,0
3403152.0,0,128,0,0,0
3403160.0,0,128,0,0,0
3403171.0,0,128,0,0,0
3403179.0,0,128,0,0,0
3403187.0,0,128,0,0,0
3403195.0,0,128,0,0,0
3403425.0,0,128,0,0,0
3404673.0,0,64,0,64,0
3404673.0,0,64,0,0,64
3404700.0,0,0,0,64,64
3404700.0,0,0,0,0,128
3404867.0,0,0,0,64,64
3404867.0,0,0,0,16,112
3404972.0,0,0,0,18,110
3404978.0,0,0,0,20,108
3404991.0,0,0,0,22,106
3405001.0,0,0,0,24,104
3405007.0,0,0,0,26,102
3405015.0,0,0,0,28,100
3405021.0,0,0,0,30,98
3405070.0,0,0,0,32,96
3405083.0,0,0,0,64,64
3406425.0,0,0,0,64,64
3406425.0,0,0,0,0,128
3406945.0,0,0,0,0,128
3407551.0,0,0,0,0,128
3407567.0,0,0,0,0,128
3408297.0,0,0,0,64,64
3408297.0,0,0,0,0,128
3408827.0,0,0,0,32,96
3408831.0,0,0,0,32,96
3408831.0,0,0,0,31,97
3408843.0,0,0,0,32,96
3408894.0,0,0,0,32,96
3408894.0,0,0,0,31,97
3408906.0,0,0,0,32,96
3409575.0,0,0,0,64,64
3411527.0,0,0,0,64,64
3411527.0,0,0,30,34,64
3411543.0,0,0,30,34,64
3411543.0,0,0,31,33,64
3411606.0,0,0,31,33,64
3411606.0,0,0,32,32,64
3412275.0,0,0,32,32,64
3412275.0,0,0,64,0,64
3414227.0,30,0,34,0,64
3414243.0,31,0,33,0,64
3414306.0,32,0,32,0,64
3414975.0,64,0,0,0,64
3416639.0,64,0,0,64,0
3416643.0,64,0,0,64,0
3416643.0,0,64,0,64,0
3418443.0,0,0,0,128,0
3418443.0,0,0,0,0,128
3418541.0,0,0,0,128,0
3419339.0,0,0,0,128,0
3421241.0,0,0,0,128,0
3421241.0,0,0,128,0,0
3423941.0,128,0,0,0,0
3429214.0,128,0,0,0,0
3429214.0,127,1,0,0,0
3431014.0,127,0,0,1,0
3431014.0,127,0,0,0,1
3431017.0,127,0,0,1,0
3433717.0,127,0,0,1,0
3433717.0,127,0,1,0,0
3436417.0,128,0,0,0,0
3440860.0,128,0,0,0,0
3440860.0,127,1,0,0,0
3441092.0,127,1,0,0,0
3441092.0,63,65,0,0,0
3442660.0,63,64,0,1,0
3442660.0,63,64,0,0,1
3442676.0,63,64,0,1,0
3442892.0,63,0,0,65,0
3442892.0,63,0,0,1,64
3445376.0,63,0,0,1,64
3445376.0,63,0,1,0,64
3446353.0,63,0,1,0,64
3446353.0,62,1,1,0,64
3448076.0,63,1,0,0,64
3448153.0,63,0,0,1,64
3448153.0,63,0,0,0,65
3448176.0,63,0,0,1,64
3450876.0,63,0,0,1,64
3450876.0,63,0,1,0,64
3451223.0,63,0,1,0,64
3451223.0,62,1,1,0,64
3452835.0,62,1,1,0,64
3452999.0,62,1,1,0,64
3453020.0,62,1,1,64,0
3453023.0,62,0,1,65,0
3453023.0,62,0,1,64,1
3453039.0,62,0,1,65,0
3453140.0,62,0,1,65,0
3453140.0,62,0,1,64,1
3453156.0,62,0,1,65,0
3453576.0,63,0,0,65,0
3453576.0,0,63,0,65,0
3454907.0,0,63,0,65,0
3454957.0,0,63,0,65,0
3455376.0,0,0,0,128,0
3455376.0,0,0,0,0,128
3455462.0,0,0,0,0,128
3455471.0,0,0,0,128,0
3455471.0,0,0,0,0,128
3455517.0,0,0,0,0,128
3455563.0,0,0,0,128,0
3455563.0,0,0,0,62,66
3455575.0,0,0,0,63,65
3455585.0,0,0,0,64,64
3455585.0,0,0,0,0,128
3455720.0,0,0,0,0,128
3456060.0,0,0,0,64,64
3457053.0,0,0,0,64,64
3457053.0,0,0,0,0,128
3457099.0,0,0,0,64,64
3458263.0,0,0,0,64,64
3458760.0,0,0,0,64,64
3459799.0,0,0,0,64,64
3459799.0,0,0,64,0,64
3462499.0,64,0,0,0,64
3463654.0,64,0,0,0,64
3463654.0,63,1,0,0,64
3465454.0,63,0,0,1,64
3465454.0,63,0,0,0,65
3465457.0,63,0,0,1,64
3466024.0,63,0,0,1,64
3466024.0,31,32,0,1,64
3466052.0,31,32,0,1,64
3466052.0,23,40,0,1,64
3466423.0,23,40,0,1,64
3466423.0,23,40,0,0,65
3466445.0,23,40,0,1,64
3467154.0,23,40,0,65,0
3467156.0,23,40,0,65,0
3467156.0,23,40,0,64,1
3467173.0,23,40,0,65,0
3467238.0,23,40,0,65,0
3467238.0,23,40,0,1,64
3467824.0,23,8,0,33,64
3467824.0,23,8,0,1,96
3467852.0,23,0,0,9,96
3467852.0,23,0,0,1,104
3467921.0,23,0,0,33,72
3467922.0,23,0,0,41,64
3468157.0,23,0,0,41,64
3468366.0,23,0,0,41,64
3468366.0,23,0,0,40,65
3468370.0,23,0,0,41,64
3469145.0,23,0,0,41,64
3469253.0,23,0,0,41,64
3469253.0,23,0,0,40,65
3469257.0,23,0,0,41,64
3469854.0,23,0,0,41,64
3469873.0,23,0,0,41,64
3470621.0,23,0,0,41,64
3470621.0,23,0,31,10,64
3470622.0,23,0,31,10,64
3470622.0,23,0,39,2,64
3471070.0,23,0,39,2,64
3471070.0,23,0,40,1,64
3471957.0,23,0,40,1,64
3471957.0,23,0,41,0,64
3472760.0,23,0,41,0,64
3472760.0,7,16,41,0,64
3472762.0,7,16,41,0,64
3472762.0,3,20,41,0,64
3472763.0,3,20,41,0,64
3472766.0,3,20,41,0,64
3472767.0,3,20,41,0,64
3472769.0,3,20,41,0,64
3472787.0,3,20,41,0,64
3473013.0,3,20,41,0,64
3473014.0,3,20,41,0,64
3473016.0,3,20,41,0,64
3473018.0,3,20,41,0,64
3473021.0,3,20,41,0,64
3473023.0,3,20,41,0,64
3473321.0,34,20,10,0,64
3473321.0,1,53,10,0,64
3473322.0,9,53,2,0,64
3473770.0,10,53,1,0,64
3473821.0,10,53,1,0,64
3473850.0,10,53,1,0,64
3474420.0,10,53,1,0,64
3474465.0,10,53,1,0,64
3474560.0,10,37,1,16,64
3474560.0,10,37,1,0,80
3474562.0,10,33,1,4,80
3474562.0,10,33,1,0,84
3474573.0,10,33,1,20,64
3474573.0,2,41,1,0,84
3474622.0,2,41,1,20,64
3474622.0,2,41,1,4,80
3474657.0,3,41,0,4,80
3474665.0,3,41,0,20,64
3474665.0,0,44,0,12,72
3474706.0,0,44,0,20,64
3474706.0,0,44,0,12,72
3474804.0,0,44,0,20,64
3475121.0,0,11,0,53,64
3475121.0,0,11,0,20,97
3475125.0,0,11,0,21,96
3475127.0,0,11,0,29,88
3475128.0,0,11,0,45,72
3475128.0,0,11,0,13,104
3475129.0,0,11,0,17,100
3475131.0,0,11,0,21,96
3475705.0,0,11,0,53,64
3475705.0,0,11,0,21,96
3475849.0,0,11,0,53,64
3476373.0,0,3,0,61,64
3476373.0,0,3,0,53,72
3476418.0,0,3,0,57,68
3476420.0,0,3,0,61,64
3476465.0,0,0,0,64,64
3476465.0,0,0,0,56,72
3476564.0,0,0,0,56,72
3476564.0,0,0,0,24,104
3476621.0,0,0,0,24,104
3476621.0,0,0,0,16,112
3476726.0,0,0,0,48,80
3476727.0,0,0,0,56,72
3477014.0,0,0,0,64,64
3477322.0,0,0,0,64,64
3477365.0,0,0,0,64,64
3477680.0,0,0,0,64,64
3477680.0,0,0,0,48,80
3477681.0,0,0,0,48,80
3477681.0,0,0,0,44,84
3477683.0,0,0,0,44,84
3477683.0,0,0,0,40,88
3477685.0,0,0,0,40,88
3477685.0,0,0,0,36,92
3477686.0,0,0,0,36,92
3477686.0,0,0,0,20,108
3477688.0,0,0,0,20,108
3477688.0,0,0,0,12,116
3477691.0,0,0,0,20,108
3477692.0,0,0,0,60,68
3477693.0,0,0,0,64,64
3477828.0,0,0,0,64,64
3477975.0,0,0,0,64,64
3477975.0,0,0,0,48,80
3477977.0,0,0,0,48,80
3477977.0,0,0,0,44,84
3477978.0,0,0,0,44,84
3477978.0,0,0,0,40,88
3477980.0,0,0,0,40,88
3477980.0,0,0,0,36,92
3477982.0,0,0,0,36,92
3477982.0,0,0,0,20,108
3477983.0,0,0,0,20,108
3477983.0,0,0,0,12,116
3478071.0,0,0,0,16,112
3478072.0,0,0,0,20,108
3478073.0,0,0,0,40,88
3478074.0,0,0,0,64,64
3478091.0,0,0,0,64,64
3478091.0,0,0,0,32,96
3478116.0,0,0,0,32,96
3478116.0,0,0,0,24,104
3478226.0,0,0,0,64,64
3478405.0,0,0,0,64,64
3478549.0,0,0,0,64,64
3478753.0,0,0,0,64,64
3478753.0,0,0,0,63,65
3478767.0,0,0,0,64,64
3479426.0,0,0,0,64,64
3479427.0,0,0,0,64,64
3480003.0,0,0,0,64,64
3480003.0,0,0,0,32,96
3480033.0,0,0,0,32,96
3480033.0,0,0,0,24,104
3480141.0,0,0,0,32,96
3480142.0,0,0,0,64,64
3480391.0,0,0,0,64,64
3480392.0,0,0,0,64,64
3480773.0,0,0,0,64,64
3480774.0,0,0,0,64,64
3480926.0,0,0,0,64,64
3480926.0,0,0,23,41,64
3481007.0,0,0,23,41,64
3481007.0,0,0,23,9,96
3481036.0,0,0,23,9,96
3481036.0,0,0,23,1,104
3481158.0,0,0,23,33,72
3481159.0,0,0,23,41,64
3481308.0,0,0,23,41,64
3481308.0,0,0,23,9,96
3481341.0,0,0,23,9,96
3481341.0,0,0,23,1,104
3481467.0,0,0,23,1,104
3481631.0,0,0,23,33,72
3481632.0,0,0,23,41,64
3482297.0,0,0,23,105,0
3482300.0,0,0,23,105,0
3482300.0,0,0,23,104,1
3482314.0,0,0,23,105,0
3482842.0,0,0,23,105,0
3483626.0,23,0,0,105,0
3483858.0,23,0,0,105,0
3483859.0,23,0,0,105,0
3484331.0,23,0,0,105,0
3484331.0,23,0,32,73,0
3484332.0,23,0,32,73,0
3484332.0,23,0,40,65,0
3484997.0,23,0,40,65,0
3484997.0,23,0,104,1,0
3485014.0,23,0,104,1,0
3485014.0,23,0,105,0,0
3485660.0,23,0,105,0,0
3485660.0,7,16,105,0,0
3485662.0,7,16,105,0,0
3487031.0,39,16,73,0,0
3487032.0,47,16,65,0,0
3487460.0,47,0,65,16,0
3487460.0,47,0,65,0,16
3487697.0,111,0,1,0,16
3487697.0,47,64,1,0,16
3487714.0,48,64,0,0,16
3489497.0,48,0,0,64,16
3489497.0,48,0,0,0,80
3489693.0,48,0,0,0,80
3489693.0,47,1,0,0,80
3491493.0,47,0,0,1,80
3491493.0,47,0,0,0,81
3491508.0,47,0,0,1,80
3492005.0,47,0,0,17,64
3494208.0,47,0,0,17,64
3494208.0,47,0,1,16,64
3494705.0,47,0,1,16,64
3494705.0,47,0,17,0,64
3495861.0,47,0,17,0,64
3496908.0,48,0,16,0,64
3497405.0,64,0,0,0,64
3497405.0,0,64,0,0,64
3499205.0,0,0,0,64,64
3499205.0,0,0,0,0,128
3499695.0,0,0,0,64,64
3500580.0,0,0,0,64,64
3500580.0,0,0,0,63,65
3500592.0,0,0,0,64,64
3500705.0,0,0,0,64,64
3500705.0,0,0,0,0,128
3502012.0,0,0,0,0,128
3502190.0,0,0,0,0,128
3502395.0,0,0,0,0,128
3504040.0,0,0,0,64,64
3504040.0,0,0,0,62,66
3504141.0,0,0,0,63,65
3504179.0,0,0,0,64,64
3506740.0,0,0,0,64,64
3506740.0,0,0,62,2,64
3506841.0,0,0,62,2,64
3506841.0,0,0,63,1,64
3506879.0,0,0,63,1,64
3506879.0,0,0,64,0,64
3509440.0,62,0,2,0,64
3509541.0,63,0,1,0,64
3509579.0,64,0,0,0,64
3510881.0,64,0,0,64,0
3513581.0,64,0,0,64,0
3513581.0,64,0,64,0,0
3516281.0,128,0,0,0,0
3521936.0,128,0,0,0,0
3521936.0,64,64,0,0,0
3522072.0,64,64,0,0,0
3522072.0,32,96,0,0,0
3522101.0,32,96,0,0,0
3522101.0,24,104,0,0,0
3522315.0,24,104,0,0,0
3522338.0,24,104,0,0,0
3523138.0,24,104,0,0,0
3523170.0,24,104,0,0,0
3523686.0,24,104,0,0,0
3523712.0,24,104,0,0,0
3523736.0,24,40,0,64,0
3523736.0,24,40,0,0,64
3523872.0,24,8,0,32,64
3523872.0,24,8,0,0,96
3523901.0,24,0,0,8,96
3523901.0,24,0,0,0,104
3524005.0,24,0,0,32,72
3524005.0,16,8,0,0,104
3524006.0,16,8,0,8,96
3524126.0,16,8,0,40,64
3524126.0,16,8,0,0,104
3524275.0,16,8,0,8,96
3524307.0,16,8,0,40,64
3524307.0,16,8,0,0,104
3524406.0,16,8,0,8,96
3524431.0,16,8,0,40,64
3525805.0,16,0,0,48,64
3525805.0,16,0,0,40,72
3525903.0,16,0,0,48,64
3526706.0,16,0,0,48,64
3526975.0,16,0,0,48,64
3527106.0,16,0,0,48,64
3527106.0,16,0,8,40,64
3527131.0,16,0,8,40,64
3527131.0,16,0,40,8,64
3528603.0,16,0,40,8,64
3528603.0,16,0,48,0,64
3529806.0,24,0,40,0,64
3529831.0,56,0,8,0,64
3531303.0,64,0,0,0,64
3531323.0,64,0,0,0,64
3531323.0,63,1,0,0,64
3532752.0,63,1,0,0,64
3532752.0,62,2,0,0,64
3533123.0,62,1,0,1,64
3533123.0,62,1,0,0,65
3533139.0,62,1,0,1,64
3534552.0,62,0,0,2,64
3534552.0,62,0,0,1,65
3534567.0,62,0,0,2,64
3534979.0,62,0,0,2,64
3534979.0,62,0,0,1,65
3535086.0,62,0,0,2,64
3535138.0,62,0,0,2,64
3535138.0,62,0,0,1,65
3535159.0,62,0,0,2,64
3535227.0,62,0,0,2,64
3535227.0,62,0,0,1,65
3535245.0,62,0,0,2,64
3535311.0,62,0,0,2,64
3535311.0,54,8,0,2,64
3535839.0,54,8,0,2,64
3535844.0,54,8,0,2,64
3535844.0,46,16,0,2,64
3535914.0,46,16,0,2,64
3535914.0,46,16,0,1,65
3535934.0,46,16,0,2,64
3536087.0,46,16,0,2,64
3536087.0,38,24,0,2,64
3536220.0,38,24,0,2,64
3536220.0,38,24,0,1,65
3536254.0,38,24,0,2,64
3536490.0,38,24,0,2,64
3536490.0,30,32,0,2,64
3536621.0,30,32,0,2,64
3536621.0,22,40,0,2,64
3536915.0,22,40,0,2,64
3536915.0,22,40,0,1,65
3536947.0,22,40,0,2,64
3536997.0,22,40,0,2,64
3536997.0,22,40,0,1,65
3537022.0,22,40,0,1,65
3537022.0,22,40,0,0,66
3537023.0,22,40,0,1,65
3537038.0,22,40,0,2,64
3537051.0,22,40,0,2,64
3537051.0,22,40,0,1,65
3537093.0,22,40,0,2,64
3537111.0,22,32,0,10,64
3537111.0,22,32,0,2,72
3537131.0,22,32,0,10,64
3537159.0,22,32,0,10,64
3537159.0,22,32,0,2,72
3537180.0,22,32,0,10,64
3537246.0,22,32,0,10,64
3537246.0,22,32,0,2,72
3537267.0,22,32,0,2,72
3537270.0,22,32,0,10,64
3537355.0,22,32,0,10,64
3537355.0,22,32,0,9,65
3537360.0,22,32,0,10,64
3537378.0,22,32,0,10,64
3537378.0,22,32,0,2,72
3537408.0,22,32,0,10,64
3537644.0,22,24,0,18,64
3537644.0,22,24,0,10,72
3537682.0,22,24,0,10,72
3537682.0,22,24,0,9,73
3537683.0,22,24,0,17,65
3537685.0,22,24,0,18,64
3537693.0,22,24,0,18,64
3537693.0,22,24,0,17,65
3537697.0,22,24,0,18,64
3537737.0,22,24,0,18,64
3537737.0,22,24,0,17,65
3537740.0,22,24,0,18,64
3537786.0,22,24,0,18,64
3537786.0,22,24,0,10,72
3537849.0,22,24,0,18,64
3537859.0,22,24,0,18,64
3537871.0,22,24,0,18,64
3537871.0,22,24,0,10,72
3537887.0,22,16,0,18,72
3537887.0,22,16,0,10,80
3537945.0,22,16,0,10,80
3537964.0,22,16,0,18,72
3537989.0,22,16,0,26,64
3538214.0,22,16,0,26,64
3538214.0,22,16,0,25,65
3538221.0,22,16,0,26,64
3538290.0,22,8,0,34,64
3538290.0,22,8,0,26,72
3538293.0,22,8,0,26,72
3538293.0,22,8,0,25,73
3538297.0,22,8,0,26,72
3538336.0,22,8,0,34,64
3538421.0,22,0,0,42,64
3538421.0,22,0,0,34,72
3538561.0,22,0,0,42,64
3538634.0,22,0,0,42,64
3538813.0,22,0,0,106,0
3538954.0,22,0,0,106,0
3539647.0,22,0,0,106,0
3539723.0,22,0,0,106,0
3539738.0,22,0,0,106,0
3539831.0,22,0,0,106,0
3539880.0,22,0,0,106,0
3539970.0,22,0,0,106,0
3540060.0,22,0,0,106,0
3540108.0,22,0,0,106,0
3540383.0,22,0,0,106,0
3540397.0,22,0,0,106,0
3540440.0,22,0,0,106,0
3540549.0,22,0,0,106,0
3540549.0,22,0,8,98,0
3540664.0,22,0,8,98,0
3540664.0,22,0,16,90,0
3540667.0,22,0,16,90,0
3540667.0,22,0,16,89,1
3540689.0,22,0,16,89,1
3540689.0,22,0,23,82,1
3540692.0,22,0,23,82,1
3540692.0,22,0,23,18,65
3540694.0,22,0,23,19,64
3540795.0,22,0,23,19,64
3540795.0,22,0,23,18,65
3540812.0,22,0,23,19,64
3540921.0,22,0,23,19,64
3541513.0,22,0,23,19,64
3541513.0,22,0,40,2,64
3543249.0,30,0,32,2,64
3543364.0,38,0,24,2,64
3543388.0,38,0,24,66,0
3543389.0,45,0,17,66,0
3543390.0,45,0,17,66,0
3543390.0,45,0,17,65,1
3543394.0,45,0,17,65,1
3543404.0,45,0,17,66,0
3543512.0,45,0,17,66,0
3543512.0,45,0,18,65,0
3544213.0,62,0,1,65,0
3546088.0,62,0,1,65,0
3546088.0,62,0,65,1,0
3546099.0,62,0,65,1,0
3546104.0,62,0,65,1,0
3546104.0,62,0,66,0,0
3546212.0,63,0,65,0,0
3546779.0,63,0,65,0,0
3548134.0,63,0,65,0,0
3548788.0,127,0,1,0,0
3548804.0,128,0,0,0,0
3548804.0,0,128,0,0,0
3549539.0,0,128,0,0,0
3550455.0,0,128,0,0,0
3550604.0,0,0,0,128,0
3550604.0,0,0,0,0,128
3550700.0,0,0,0,128,0
3550700.0,0,0,0,0,128
3550896.0,0,0,0,0,128
3551998.0,0,0,0,0,128
3552028.0,0,0,0,64,64
3552028.0,0,0,0,62,66
3552043.0,0,0,0,63,65
3552088.0,0,0,0,64,64
3552103.0,0,0,0,128,0
3552103.0,0,0,0,0,128
3552194.0,0,0,0,128,0
3552194.0,0,0,0,64,64
3553323.0,0,0,0,64,64
3553323.0,0,0,0,0,128
3553877.0,0,0,0,64,64
3554594.0,0,0,0,128,0
3554728.0,0,0,0,128,0
3554747.0,0,0,0,128,0
3554747.0,0,0,0,64,64
3554894.0,0,0,0,64,64
3556577.0,0,0,0,64,64
3557294.0,0,0,0,64,64
3557294.0,0,0,64,0,64
3559049.0,0,0,64,64,0
3559050.0,0,0,64,64,0
3559050.0,0,0,64,63,1
3559065.0,0,0,64,64,0
3559131.0,0,0,64,64,0
3559131.0,0,0,64,0,64
3559994.0,64,0,0,0,64
3561749.0,64,0,0,0,64
3565153.0,64,0,0,0,64
3565153.0,63,1,0,0,64
3566953.0,63,0,0,1,64
3566953.0,63,0,0,0,65
3566977.0,63,0,0,1,64
3569677.0,63,0,0,1,64
3569677.0,63,0,1,0,64
3570899.0,63,0,1,0,64
3570899.0,62,1,1,0,64
3571030.0,62,1,1,64,0
3571033.0,62,1,1,64,0
3571033.0,62,1,1,63,1
3571052.0,62,1,1,64,0
3572059.0,62,1,1,64,0
3572059.0,62,1,1,48,16
3572060.0,62,1,1,48,16
3572060.0,0,63,1,48,16
3572377.0,1,63,0,48,16
3572699.0,1,62,0,49,16
3572699.0,1,62,0,48,17
3572714.0,1,62,0,49,16
3573650.0,1,62,0,49,16
3573650.0,1,62,0,48,17
3573655.0,1,62,0,49,16
3573730.0,1,62,0,49,16
3573730.0,1,62,44,5,16
3573752.0,1,62,44,5,16
3573752.0,1,62,45,4,16
3573860.0,1,0,45,66,16
3573860.0,1,0,45,2,80
3575414.0,1,0,45,2,80
3575414.0,1,0,46,1,80
3576355.0,1,0,46,1,80
3576355.0,1,0,47,0,80
3576430.0,45,0,3,0,80
3576452.0,46,0,2,0,80
3578114.0,47,0,1,0,80
3579055.0,48,0,0,0,80
3582983.0,48,0,0,16,64
3584784.0,48,0,0,80,0
3585297.0,48,0,0,80,0
3585297.0,0,48,0,80,0
3585683.0,0,48,0,80,0
3587097.0,0,0,0,128,0
3587097.0,0,0,0,0,128
3587184.0,0,0,0,128,0
3589884.0,0,0,0,128,0
3589884.0,0,0,128,0,0
3592584.0,128,0,0,0,0
3614191.0,128,0,0,0,0
3614191.0,124,4,0,0,0
3614491.0,124,4,0,0,0
3614491.0,116,12,0,0,0
3614676.0,116,12,0,0,0
3614676.0,114,14,0,0,0
3615054.0,114,14,0,0,0
3615054.0,98,30,0,0,0
3615510.0,98,30,0,0,0
3615510.0,66,62,0,0,0
3615868.0,66,62,0,0,0
3615868.0,34,94,0,0,0
3615891.0,34,94,0,0,0
3615891.0,26,102,0,0,0
3615991.0,26,98,0,4,0
3615991.0,26,98,0,0,4
3616018.0,26,98,0,0,4
3616018.0,22,102,0,0,4
3616041.0,22,102,0,4,0
3616291.0,22,94,0,12,0
3616291.0,22,94,0,4,8
3616352.0,22,94,0,12,0
3616425.0,22,94,0,12,0
3616425.0,22,94,0,8,4
3616476.0,22,92,0,10,4
3616476.0,22,92,0,8,6
3616523.0,22,92,0,10,4
3616854.0,22,76,0,26,4
3616854.0,22,76,0,10,20
3616930.0,22,76,0,10,20
3616930.0,0,98,0,10,20
3616989.0,0,98,0,10,20
3617065.0,0,98,0,10,20
3617212.0,0,98,0,26,4
3617310.0,0,66,0,58,4
3617310.0,0,66,0,26,36
3617604.0,0,66,0,26,36
3617604.0,0,66,0,18,44
3617605.0,0,66,0,18,44
3617605.0,0,66,0,14,48
3617608.0,0,66,0,14,48
3617608.0,0,66,0,10,52
3617610.0,0,66,0,10,52
3617612.0,0,66,0,10,52
3617616.0,0,66,0,14,48
3617616.0,0,66,0,10,52
3617617.0,0,66,0,14,48
3617620.0,0,66,0,18,44
3617668.0,0,34,0,50,44
3617668.0,0,34,0,18,76
3617691.0,0,26,0,26,76
3617691.0,0,26,0,18,84
3617698.0,0,26,0,18,84
3617818.0,0,22,0,22,84
3617818.0,0,22,0,18,88
3617975.0,0,22,0,18,88
3617977.0,0,22,0,18,88
3617977.0,0,22,0,14,92
3617978.0,0,22,0,14,92
3617978.0,0,22,0,10,96
3617980.0,0,22,0,10,96
3617981.0,0,22,0,10,96
3617983.0,0,22,0,14,92
3617983.0,0,22,0,10,96
3617984.0,0,22,0,14,92
3617988.0,0,22,0,18,88
3618040.0,0,22,0,22,84
3618090.0,0,22,0,22,84
3618091.0,0,22,0,22,84
3618091.0,0,22,0,18,88
3618093.0,0,22,0,18,88
3618093.0,0,22,0,14,92
3618094.0,0,22,0,14,92
3618094.0,0,22,0,10,96
3618096.0,0,22,0,10,96
3618097.0,0,22,0,10,96
3618120.0,0,22,0,22,84
3618120.0,0,22,0,14,92
3618144.0,0,22,0,22,84
3618192.0,0,22,0,26,80
3618276.0,0,22,0,58,48
3618276.0,0,22,0,10,96
3618277.0,0,22,0,18,88
3618287.0,0,22,0,34,72
3618287.0,0,22,0,18,88
3618289.0,0,22,0,34,72
3618338.0,0,22,0,34,72
3618340.0,0,22,0,34,72
3618342.0,0,22,0,34,72
3618344.0,0,22,0,34,72
3618346.0,0,22,0,34,72
3618348.0,0,22,0,34,72
3618450.0,0,22,0,34,72
3618510.0,0,22,0,34,72
3618511.0,0,22,0,34,72
3618513.0,0,22,0,34,72
3618514.0,0,22,0,34,72
3618516.0,0,22,0,34,72
3618539.0,0,22,0,34,72
3618561.0,0,22,0,66,40
3618561.0,0,22,0,18,88
3618573.0,0,22,0,34,72
3618573.0,0,22,0,18,88
3618578.0,0,22,0,34,72
3618578.0,0,22,0,18,88
3618610.0,0,22,0,34,72
3618610.0,0,22,0,18,88
3618635.0,0,22,0,34,72
3618635.0,0,22,0,10,96
3618638.0,0,22,0,10,96
3618641.0,0,22,0,10,96
3618643.0,0,22,0,10,96
3618646.0,0,22,0,10,96
3618703.0,0,22,0,14,92
3618703.0,0,22,0,10,96
3618705.0,0,22,0,14,92
3618705.0,0,22,0,13,93
3618710.0,0,22,0,29,77
3618710.0,0,22,0,13,93
3618727.0,0,22,0,13,93
3618730.0,0,0,0,36,92
3618730.0,0,0,0,4,124
3618741.0,0,0,0,4,124
3618770.0,0,0,0,8,120
3618770.0,0,0,0,0,128
3618776.0,0,0,0,16,112
3618834.0,0,0,0,24,104
3618834.0,0,0,0,16,112
3618841.0,0,0,0,24,104
3618841.0,0,0,0,16,112
3618847.0,0,0,0,24,104
3618847.0,0,0,0,16,112
3618853.0,0,0,0,24,104
3618853.0,0,0,0,16,112
3618861.0,0,0,0,24,104
3618861.0,0,0,0,16,112
3618868.0,0,0,0,24,104
3618868.0,0,0,0,16,112
3618873.0,0,0,0,24,104
3619052.0,0,0,0,24,104
3619158.0,0,0,0,24,104
3619158.0,0,0,0,23,105
3619184.0,0,0,0,24,104
3619302.0,0,0,0,56,72
3619302.0,0,0,0,24,104
3619310.0,0,0,0,56,72
3619310.0,0,0,0,24,104
3619315.0,0,0,0,56,72
3619315.0,0,0,0,24,104
3619420.0,0,0,0,56,72
3619420.0,0,0,0,24,104
3619431.0,0,0,0,56,72
3619431.0,0,0,0,24,104
3619543.0,0,0,0,24,104
3619545.0,0,0,0,24,104
3619547.0,0,0,0,24,104
3619547.0,0,0,0,12,116
3619549.0,0,0,0,12,116
3619553.0,0,0,0,20,108
3619609.0,0,0,0,24,104
3619788.0,0,0,0,24,104
3619788.0,0,0,0,12,116
3619793.0,0,0,0,20,108
3619837.0,0,0,0,24,104
3619861.0,0,0,0,24,104
3619863.0,0,0,0,24,104
3619863.0,0,0,0,16,112
3619864.0,0,0,0,16,112
3619864.0,0,0,0,8,120
3619866.0,0,0,0,8,120
3619866.0,0,0,0,0,128
3619868.0,0,0,0,8,120
3619869.0,0,0,0,16,112
3619870.0,0,0,0,24,104
3619912.0,0,0,0,24,104
3620162.0,0,0,0,56,72
3620162.0,0,0,0,24,104
3620171.0,0,0,0,56,72
3620171.0,0,0,0,24,104
3620178.0,0,0,0,56,72
3620182.0,0,0,0,56,72
3620182.0,0,0,0,24,104
3620183.0,0,0,0,24,104
3620183.0,0,0,0,16,112
3620185.0,0,0,0,16,112
3620185.0,0,0,0,8,120
3620187.0,0,0,0,8,120
3620187.0,0,0,0,0,128
3620189.0,0,0,0,8,120
3620190.0,0,0,0,16,112
3620191.0,0,0,0,56,72
3620317.0,0,0,0,56,72
3620320.0,0,0,0,56,72
3620479.0,0,0,0,56,72
3620479.0,0,0,0,55,73
3620523.0,0,0,0,56,72
3620543.0,0,0,0,56,72
3620543.0,0,0,0,55,73
3620564.0,0,0,0,56,72
3620569.0,0,0,0,56,72
3620569.0,0,0,0,52,76
3620592.0,0,0,0,52,76
3620592.0,0,0,0,50,78
3620613.0,0,0,0,50,78
3620613.0,0,0,0,18,110
3620684.0,0,0,0,18,110
3620688.0,0,0,0,18,110
3620740.0,0,0,0,18,110
3620820.0,0,0,0,18,110
3620977.0,0,0,0,18,110
3620987.0,0,0,0,18,110
3621035.0,0,0,0,50,78
3621261.0,0,0,0,50,78
3621273.0,0,0,0,50,78
3621278.0,0,0,0,50,78
3621310.0,0,0,0,50,78
3621405.0,0,0,0,50,78
3621410.0,0,0,0,50,78
3621476.0,0,0,0,50,78
3622002.0,0,0,0,50,78
3622010.0,0,0,0,50,78
3622015.0,0,0,0,50,78
3622120.0,0,0,0,50,78
3622131.0,0,0,0,50,78
3622165.0,0,0,0,56,72
3622253.0,0,0,0,56,72
3622309.0,0,0,0,56,72
3622493.0,0,0,0,56,72
3622568.0,0,0,0,56,72
3622704.0,0,0,0,64,64
3622862.0,0,0,0,64,64
3622871.0,0,0,0,64,64
3622878.0,0,0,0,64,64
3622889.0,0,0,0,64,64
3622890.0,0,0,0,64,64
3622891.0,0,0,0,64,64
3622891.0,0,0,16,48,64
3622941.0,0,0,16,80,32
3623223.0,0,0,16,80,32
3623223.0,0,0,17,79,32
3623264.0,0,0,17,79,32
3623264.0,0,0,18,78,32
3623452.0,0,0,18,110,0
3623735.0,0,0,18,110,0
3623735.0,0,0,50,78,0
3624865.0,0,0,50,78,0
3624865.0,0,0,56,72,0
3625404.0,0,0,56,72,0
3625404.0,0,0,64,64,0
3625591.0,16,0,48,64,0
3625641.0,16,0,48,64,0
3625641.0,16,0,80,32,0
3625919.0,16,0,80,32,0
3625919.0,16,0,80,31,1
3625923.0,17,0,79,31,1
3625933.0,17,0,79,31,1
3625933.0,0,17,79,31,1
3625949.0,0,17,79,31,1
3625951.0,0,17,79,32,0
3625964.0,1,17,78,32,0
3626020.0,1,17,78,32,0
3626152.0,1,17,78,32,0
3626152.0,1,17,94,16,0
3626340.0,1,17,94,16,0
3626346.0,1,17,94,16,0
3626363.0,1,17,94,16,0
3626370.0,1,17,94,16,0
3626375.0,1,17,94,16,0
3626378.0,1,17,94,16,0
3626435.0,33,17,62,16,0
3626435.0,1,49,62,16,0
3626562.0,1,49,62,16,0
3627470.0,1,49,62,16,0
3627565.0,7,49,56,16,0
3627604.0,7,49,56,16,0
3627606.0,7,49,56,16,0
3627612.0,7,49,56,16,0
3627614.0,7,49,56,16,0
3627642.0,7,49,56,16,0
3627654.0,7,49,56,16,0
3627733.0,7,32,56,33,0
3627733.0,7,32,56,1,32
3627735.0,7,32,56,33,0
3627735.0,7,32,56,1,32
3627860.0,7,32,56,1,32
3627862.0,7,32,56,1,32
3627864.0,7,32,56,1,32
3627866.0,7,32,56,1,32
3628104.0,15,32,48,1,32
3628104.0,0,47,48,1,32
3628235.0,0,15,48,33,32
3628235.0,0,15,48,1,64
3628341.0,32,15,16,1,64
3628341.0,4,43,16,1,64
3628387.0,4,43,16,1,64
3628416.0,4,43,16,1,64
3628516.0,4,43,16,1,64
3628541.0,4,43,16,1,64
3628651.0,4,43,16,1,64
3628736.0,4,43,16,33,32
3628736.0,4,43,16,1,64
3628852.0,20,43,0,1,64
3628888.0,20,43,0,17,48
3628888.0,0,63,0,17,48
3628902.0,0,63,0,17,48
3628928.0,0,63,0,25,40
3628928.0,0,63,0,17,48
3628969.0,0,63,0,25,40
3628969.0,0,63,0,17,48
3628982.0,0,63,0,17,48
3628982.0,0,63,0,16,49
3628987.0,0,63,0,17,48
3629005.0,0,63,0,25,40
3629005.0,0,63,0,17,48
3629039.0,0,63,0,25,40
3629039.0,0,63,0,17,48
3629125.0,0,63,0,25,40
3629125.0,0,63,0,17,48
3629182.0,0,63,0,25,40
3629182.0,0,63,0,17,48
3629209.0,0,63,0,25,40
3629209.0,0,63,0,17,48
3629263.0,0,63,0,25,40
3629263.0,0,63,0,17,48
3629265.0,0,63,0,25,40
3629429.0,0,63,0,25,40
3629702.0,0,63,0,25,40
3629731.0,0,63,0,25,40
3629904.0,0,48,0,40,40
3629904.0,0,48,0,24,56
3630111.0,0,48,0,24,56
3630141.0,0,20,0,52,56
3630141.0,0,20,0,24,84
3630389.0,0,20,0,40,68
3630389.0,0,20,0,24,84
3630396.0,0,20,0,40,68
3630396.0,0,20,0,24,84
3630419.0,0,20,0,24,84
3630419.0,0,20,0,23,85
3630435.0,0,20,0,23,85
3630524.0,0,20,0,24,84
3630588.0,0,20,0,24,84
3630590.0,0,20,0,40,68
3630590.0,0,20,0,24,84
3630594.0,0,20,0,28,80
3630601.0,0,20,0,32,76
3630601.0,0,20,0,16,92
3630620.0,0,20,0,20,88
3630688.0,0,0,0,40,88
3630688.0,0,0,0,8,120
3630731.0,0,0,0,40,88
3630731.0,0,0,0,8,120
3630820.0,0,0,0,40,88
3630820.0,0,0,0,8,120
3630902.0,0,0,0,40,88
3630902.0,0,0,0,8,120
3630944.0,0,0,0,8,120
3630950.0,0,0,0,8,120
3630964.0,0,0,0,8,120
3630990.0,0,0,0,24,104
3630990.0,0,0,0,22,106
3631009.0,0,0,0,23,105
3631013.0,0,0,0,39,89
3631013.0,0,0,0,7,121
3631015.0,0,0,0,7,121
3631074.0,0,0,0,39,89
3631074.0,0,0,0,7,121
3631079.0,0,0,0,7,121
3631084.0,0,0,0,8,120
3631112.0,0,0,0,8,120
3631118.0,0,0,0,40,88
3631118.0,0,0,0,8,120
3631137.0,0,0,0,8,120
3631242.0,0,0,0,40,88
3631242.0,0,0,0,8,120
3631357.0,0,0,0,40,88
3631357.0,0,0,0,3,125
3631380.0,0,0,0,3,125
3631380.0,0,0,0,1,127
3631383.0,0,0,0,2,126
3631588.0,0,0,0,2,126
3631628.0,0,0,0,2,126
3631669.0,0,0,0,2,126
3631705.0,0,0,0,2,126
3631714.0,0,0,0,6,122
3631714.0,0,0,0,2,126
3631739.0,0,0,0,2,126
3631768.0,0,0,0,2,126
3631784.0,0,0,0,34,94
3631784.0,0,0,0,2,126
3631814.0,0,0,0,34,94
3631814.0,0,0,0,2,126
3631918.0,0,0,0,34,94
3631956.0,0,0,0,66,62
3632344.0,0,0,0,66,62
3632344.0,0,0,0,34,94
3632387.0,0,0,0,66,62
3632420.0,0,0,0,82,46
3632557.0,0,0,0,82,46
3632557.0,0,0,0,66,62
3632809.0,0,0,0,82,46
3632930.0,0,0,0,82,46
3632930.0,0,0,0,66,62
3632977.0,0,0,0,68,60
3633089.0,0,0,0,68,60
3633096.0,0,0,0,68,60
3633334.0,0,0,0,72,56
3633420.0,0,0,0,88,40
3633431.0,0,0,0,88,40
3633520.0,0,0,0,88,40
3633602.0,0,0,0,88,40
3633634.0,0,0,0,88,40
3633634.0,0,0,0,72,56
3633713.0,0,0,0,72,56
3633774.0,0,0,0,72,56
3633818.0,0,0,0,72,56
3633882.0,0,0,0,88,40
3633942.0,0,0,0,88,40
3634057.0,0,0,0,88,40
3634357.0,0,0,0,88,40
3634357.0,0,0,0,87,41
3634401.0,0,0,0,88,40
3634413.0,0,0,0,88,40
3634413.0,0,0,0,87,41
3634414.0,0,0,0,87,41
3634431.0,0,0,0,88,40
3634437.0,0,0,0,88,40
3634437.0,0,0,0,84,44
3634459.0,0,0,0,84,44
3634459.0,0,0,0,82,46
3634466.0,0,0,0,86,42
3634479.0,0,0,0,88,40
3634484.0,0,0,0,88,40
3634514.0,0,0,0,88,40
3634618.0,0,0,0,88,40
3634656.0,0,0,0,88,40
3634746.0,0,0,0,88,40
3634746.0,0,0,0,84,44
3634767.0,0,0,0,84,44
3634767.0,0,0,0,82,46
3635087.0,0,0,0,82,46
3635087.0,0,0,4,78,46
3635120.0,0,0,4,78,46
3635120.0,0,0,20,62,46
3635346.0,0,0,20,62,46
3635346.0,0,0,20,46,62
3635509.0,0,0,20,46,62
3635573.0,0,0,20,46,62
3635573.0,0,0,20,45,63
3635637.0,0,0,20,46,62
3635657.0,0,0,20,46,62
3635657.0,0,0,20,45,63
3635677.0,0,0,20,45,63
3635678.0,0,0,20,46,62
3635679.0,0,0,20,50,58
3635680.0,0,0,20,52,56
3635682.0,0,0,20,52,56
3635682.0,0,0,20,48,60
3635709.0,0,0,20,48,60
3635709.0,0,0,20,46,62
3635727.0,0,0,20,62,46
3636034.0,0,0,20,62,46
3636120.0,0,0,20,62,46
3636120.0,0,0,34,48,46
3636522.0,0,0,34,52,42
3636523.0,0,0,34,54,40
3636524.0,0,0,34,54,40
3636524.0,0,0,34,50,44
3636545.0,0,0,34,50,44
3636545.0,0,0,34,48,46
3636582.0,0,0,34,48,46
3636582.0,0,0,44,38,46
3636602.0,0,0,44,38,46
3636602.0,0,0,44,34,50
3636647.0,0,0,44,38,46
3636750.0,0,0,44,38,46
3636750.0,0,0,44,37,47
3636781.0,0,0,44,38,46
3636787.0,0,0,44,38,46
3636787.0,0,0,44,34,50
3636804.0,0,0,44,34,50
3636804.0,0,0,44,33,51
3636833.0,0,0,44,34,50
3636841.0,0,0,44,34,50
3636841.0,0,0,44,33,51
3636901.0,0,0,44,37,47
3636966.0,0,0,44,38,46
3637034.0,0,0,44,38,46
3637034.0,0,0,44,37,47
3637044.0,0,0,44,37,47
3637066.0,0,0,44,38,46
3637101.0,0,0,44,38,46
3637109.0,0,0,44,38,46
3637118.0,0,0,44,42,42
3637119.0,0,0,44,44,40
3637166.0,0,0,44,44,40
3637231.0,0,0,44,44,40
3637231.0,0,0,44,27,57
3637239.0,0,0,44,27,57
3637263.0,0,0,44,28,56
3637269.0,0,0,44,28,56
3637269.0,0,0,44,27,57
3637318.0,0,0,44,28,56
3637408.0,0,0,44,28,56
3637408.0,0,0,44,27,57
3637440.0,0,0,44,28,56
3637532.0,0,0,44,28,56
3637534.0,0,0,44,28,56
3637534.0,0,0,44,27,57
3637537.0,0,0,44,27,57
3637537.0,0,0,44,23,61
3637562.0,0,0,44,23,61
3637562.0,0,0,44,21,63
3637568.0,0,0,44,22,62
3637604.0,0,0,44,38,46
3637604.0,0,0,44,6,78
3637608.0,0,0,44,6,78
3637635.0,0,0,44,6,78
3637635.0,0,0,44,2,82
3637654.0,0,0,44,6,78
3637660.0,0,0,44,6,78
3637660.0,0,0,44,5,79
3637691.0,0,0,44,6,78
3637744.0,0,0,44,6,78
3637744.0,0,0,44,2,82
3637749.0,0,0,44,2,82
3637787.0,4,0,40,2,82
3637794.0,4,0,40,6,78
3637820.0,20,0,24,6,78
3637920.0,20,0,24,14,70
3637993.0,20,0,24,14,70
3637993.0,16,4,24,14,70
3638032.0,16,4,24,14,70
3638071.0,16,4,24,14,70
3638319.0,16,4,24,14,70
3638358.0,16,4,24,18,66
3638358.0,0,20,24,2,82
3638361.0,0,20,24,4,80
3638362.0,0,20,24,4,80
3638362.0,0,20,24,0,84
3638378.0,0,20,24,0,84
3638379.0,0,20,24,0,84
3638380.0,0,20,24,0,84
3638428.0,0,20,24,4,80
3638467.0,0,20,24,4,80
3638467.0,0,20,24,3,81
3638471.0,0,20,24,3,81
3638500.0,0,20,24,3,81
3638521.0,0,20,24,3,81
3638521.0,0,20,24,1,83
3638578.0,0,20,24,2,82
3638613.0,0,20,24,18,66
3638613.0,0,20,24,2,82
3638616.0,0,20,24,2,82
3638616.0,0,20,24,1,83
3638630.0,0,20,24,1,83
3638630.0,0,20,24,0,84
3638641.0,0,20,24,1,83
3638714.0,0,20,24,2,82
3638753.0,0,20,24,2,82
3638798.0,0,20,24,2,82
3638820.0,14,20,10,2,82
3638994.0,14,20,10,2,82
3639000.0,14,20,10,18,66
3639000.0,0,34,10,14,70
3639035.0,0,34,10,14,70
3639035.0,0,34,10,13,71
3639081.0,0,34,10,13,71
3639081.0,0,34,10,12,72
3639101.0,0,34,10,13,71
3639135.0,0,34,10,13,71
3639168.0,0,34,10,13,71
3639282.0,10,34,0,13,71
3639285.0,10,34,0,13,71
3639348.0,10,34,0,13,71
3639348.0,9,35,0,13,71
3639420.0,9,35,0,13,71
3639441.0,9,35,0,45,39
3639441.0,9,35,0,13,71
3639449.0,9,35,0,13,71
3639449.0,8,36,0,13,71
3639499.0,8,36,0,45,39
3639539.0,8,36,0,45,39
3639540.0,8,36,0,45,39
3639583.0,8,36,0,77,7
3639583.0,8,36,0,13,71
3639764.0,8,36,0,77,7
3639764.0,8,36,0,13,71
3639793.0,8,32,0,17,71
3639793.0,8,32,0,13,75
3639907.0,8,32,0,13,75
3639908.0,8,32,0,77,11
3639908.0,8,32,0,13,75
3639925.0,8,32,0,17,71
3639963.0,8,32,0,17,71
3640037.0,8,32,0,17,71
3640038.0,8,32,0,81,7
3640038.0,0,40,0,17,71
3640158.0,0,24,0,33,71
3640158.0,0,24,0,17,87
3640174.0,0,24,0,81,23
3640174.0,0,24,0,17,87
3640240.0,0,24,0,17,87
3640247.0,0,24,0,17,87
3640304.0,0,24,0,17,87
3640320.0,0,24,0,81,23
3640320.0,0,24,0,17,87
3640344.0,0,24,0,17,87
3640354.0,0,24,0,17,87
3640401.0,0,24,0,17,87
3640422.0,0,24,0,19,85
3640424.0,0,24,0,19,85
3640445.0,0,24,0,19,85
3640503.0,0,24,0,35,69
3640503.0,0,24,0,33,71
3640522.0,0,24,0,34,70
3640522.0,0,24,0,32,72
3640541.0,0,24,0,33,71
3640604.0,0,24,0,33,71
3640604.0,0,24,0,32,72
3640610.0,0,24,0,48,56
3640610.0,0,24,0,16,88
3640620.0,0,24,0,17,87
3640721.0,0,24,0,33,71
3640721.0,0,24,0,17,87
3640770.0,0,24,0,17,87
3640773.0,0,24,0,49,55
3640773.0,0,24,0,17,87
3640800.0,0,10,0,31,87
3640800.0,0,10,0,15,103
3640878.0,0,10,0,15,103
3640922.0,0,10,0,19,99
3641005.0,0,10,0,35,83
3641005.0,0,10,0,31,87
3641058.0,0,10,0,31,87
3641085.0,0,10,0,47,71
3641085.0,0,10,0,15,103
3641097.0,0,10,0,31,87
3641097.0,0,10,0,15,103
3641106.0,0,10,0,31,87
3641106.0,0,10,0,15,103
3641124.0,0,10,0,15,103
3641128.0,0,10,0,15,103
3641148.0,0,9,0,16,103
3641148.0,0,9,0,15,104
3641158.0,0,9,0,16,103
3641239.0,0,9,0,16,103
3641249.0,0,8,0,17,103
3641249.0,0,8,0,16,104
3641257.0,0,8,0,17,103
3641265.0,0,8,0,33,87
3641265.0,0,8,0,17,103
3641269.0,0,8,0,17,103
3641313.0,0,8,0,17,103
3641341.0,0,8,0,17,103
3641364.0,0,8,0,49,71
3641364.0,0,8,0,33,87
3641398.0,0,8,0,49,71
3641398.0,0,8,0,17,103
3641452.0,0,8,0,17,103
3641452.0,0,8,0,13,107
3641474.0,0,8,0,13,107
3641474.0,0,8,0,11,109
3641527.0,0,8,0,13,107
3641529.0,0,8,0,45,75
3641529.0,0,8,0,13,107
3641565.0,0,8,0,13,107
3641583.0,0,8,0,29,91
3641583.0,0,8,0,13,107
3641700.0,0,8,0,13,107
3641724.0,0,8,0,29,91
3641724.0,0,8,0,13,107
3641763.0,0,8,0,13,107
3641801.0,0,8,0,13,107
3641813.0,0,8,0,29,91
3641831.0,0,8,0,29,91
3641838.0,0,0,0,37,91
3641838.0,0,0,0,21,107
3641987.0,0,0,0,37,91
3641987.0,0,0,0,1,127
3641988.0,0,0,0,1,127
3642031.0,0,0,0,5,123
3642212.0,0,0,0,21,107
3642283.0,0,0,0,21,107
3642314.0,0,0,0,21,107
3642377.0,0,0,0,53,75
3642377.0,0,0,0,5,123
3642447.0,0,0,0,9,119
3642464.0,0,0,0,9,119
3642515.0,0,0,0,41,87
3642526.0,0,0,0,41,87
3642526.0,0,0,0,25,103
3642532.0,0,0,0,31,97
3642534.0,0,0,0,31,97
3642534.0,0,0,0,27,101
3642550.0,0,0,0,43,85
3642554.0,0,0,0,75,53
3642557.0,0,0,0,75,53
3642557.0,0,0,0,73,55
3642608.0,0,0,0,73,55
3642639.0,0,0,0,73,55
3642639.0,0,0,0,69,59
3642653.0,0,0,0,69,59
3642653.0,0,0,0,68,60
3642674.0,0,0,0,69,59
3642738.0,0,0,0,69,59
3642743.0,0,0,0,69,59
3642743.0,0,0,0,37,91
3642744.0,0,0,0,41,87
3642782.0,0,0,0,41,87
3642782.0,0,0,0,33,95
3642808.0,0,0,0,49,79
3642874.0,0,0,0,49,79
3643020.0,0,0,0,49,79
3643027.0,0,0,0,49,79
3643027.0,0,0,0,17,111
3643085.0,0,0,0,17,111
3643085.0,0,0,0,1,127
3643110.0,0,0,0,33,95
3643302.0,0,0,0,33,95
3643302.0,0,0,0,1,127
3643310.0,0,0,0,1,127
3643372.0,0,0,0,17,111
3643379.0,0,0,0,17,111
3643379.0,0,0,0,16,112
3643391.0,0,0,0,16,112
3643391.0,0,0,0,12,116
3643421.0,0,0,0,12,116
3643432.0,0,0,0,13,115
3643435.0,0,0,0,17,111
3643441.0,0,0,0,19,109
3643464.0,0,0,0,23,105
3643473.0,0,0,0,23,105
3643578.0,0,0,0,55,73
3643785.0,0,0,0,55,73
3643797.0,0,0,0,55,73
3643806.0,0,0,0,55,73
3643880.0,0,0,0,55,73
3643880.0,0,0,0,51,77
3643890.0,0,0,0,51,77
3643890.0,0,0,0,35,93
3643901.0,0,0,0,35,93
3643901.0,0,0,0,33,95
3643965.0,0,0,0,33,95
3644064.0,0,0,0,33,95
3644098.0,0,0,0,33,95
3644179.0,0,0,0,49,79
3644229.0,0,0,0,49,79
3644283.0,0,0,0,49,79
3644424.0,0,0,0,49,79
3644575.0,0,0,0,49,79
3644575.0,0,0,0,33,95
3644687.0,0,0,0,33,95
3644730.0,0,0,0,33,95
3644730.0,0,0,0,1,127
3644741.0,0,0,0,1,127
3644741.0,0,0,0,0,128
3644772.0,0,0,0,1,127
3644804.0,0,0,0,33,95
3644865.0,0,0,0,49,79
3645020.0,0,0,0,49,79
3645020.0,0,0,0,48,80
3645037.0,0,0,0,48,80
3645037.0,0,0,0,32,96
3645077.0,0,0,0,32,96
3645086.0,0,0,0,33,95
3645126.0,0,0,0,33,95
3645126.0,0,0,0,32,96
3645158.0,0,0,0,33,95
3645159.0,0,0,0,39,89
3645161.0,0,0,0,39,89
3645161.0,0,0,0,35,93
3645182.0,0,0,0,35,93
3645182.0,0,0,0,33,95
3645215.0,0,0,0,33,95
3645250.0,0,0,0,33,95
3645254.0,0,0,0,33,95
3645284.0,0,0,0,33,95
3645284.0,0,0,0,1,127
3645285.0,0,0,0,33,95
3645362.0,0,0,0,33,95
3645362.0,0,0,0,1,127
3645377.0,0,0,0,17,111
3645444.0,0,0,0,17,111
3645486.0,0,0,0,49,79
3645508.0,0,0,0,49,79
3645521.0,0,0,0,49,79
3645521.0,0,0,0,33,95
3645736.0,0,0,0,33,95
3645736.0,0,0,0,1,127
3645810.0,0,0,0,33,95
3645835.0,0,0,0,33,95
3645835.0,0,0,0,32,96
3645865.0,0,0,0,33,95
3645889.0,0,0,0,49,79
3645953.0,0,0,0,81,47
3646024.0,0,0,0,81,47
3646024.0,0,0,0,49,79
3646072.0,0,0,0,49,79
3646124.0,0,0,0,53,75
3646126.0,0,0,0,55,73
3646131.0,0,0,0,55,73
3646131.0,0,0,0,23,105
3646164.0,0,0,0,23,105
3646168.0,0,0,0,55,73
3646169.0,0,0,0,63,65
3646204.0,0,0,0,63,65
3646204.0,0,0,0,59,69
3646272.0,0,0,0,91,37
3646273.0,0,0,0,95,33
3646278.0,0,0,0,95,33
3646295.0,0,0,0,95,33
3646295.0,0,0,0,63,65
3646354.0,0,0,0,63,65
3646354.0,0,0,0,59,69
3646496.0,0,0,0,59,69
3646496.0,0,0,0,43,85
3646670.0,0,0,0,47,81
3646671.0,0,0,0,79,49
3646690.0,0,0,0,79,49
3646690.0,0,0,0,47,81
3646722.0,0,0,0,47,81
3646722.0,0,0,0,39,89
3646814.0,0,0,0,39,89
3646814.0,0,0,0,35,93
3646836.0,0,0,0,35,93
3646836.0,0,0,0,33,95
3646848.0,0,0,0,49,79
3646879.0,0,0,0,49,79
3647031.0,0,0,0,49,79
3647031.0,0,0,0,17,111
3647097.0,0,0,0,17,111
3647097.0,0,0,0,13,115
3647118.0,0,0,0,45,83
3647119.0,0,0,0,49,79
3647171.0,0,0,0,49,79
3647171.0,0,0,0,17,111
3647230.0,0,0,0,17,111
3647230.0,0,0,0,13,115
3647254.0,0,0,0,45,83
3647255.0,0,0,0,49,79
3647395.0,0,0,0,49,79
3647395.0,0,0,0,48,80
3647414.0,0,0,0,49,79
3647472.0,0,0,0,49,79
3647504.0,0,0,0,49,79
3647554.0,0,0,0,49,79
3647554.0,0,0,0,17,111
3647627.0,0,0,0,17,111
3647627.0,0,0,0,13,115
3647747.0,0,0,0,17,111
3647749.0,0,0,0,19,109
3647859.0,0,0,0,19,109
3647985.0,0,0,0,19,109
3648077.0,0,0,0,19,109
3648186.0,0,0,0,19,109
3648289.0,0,0,0,51,77
3648292.0,0,0,0,51,77
3648292.0,0,0,0,50,78
3648312.0,0,0,0,51,77
3648333.0,0,0,0,51,77
3648333.0,0,0,0,47,81
3648354.0,0,0,0,47,81
3648354.0,0,0,0,45,83
3648510.0,0,0,0,45,83
3648565.0,0,0,0,45,83
3648653.0,0,0,0,45,83
3648687.0,0,0,0,45,83
3648687.0,0,0,0,41,87
3648734.0,0,0,0,45,83
3648736.0,0,0,0,77,51
3648759.0,0,0,0,77,51
3648759.0,0,0,0,45,83
3648822.0,0,0,0,45,83
3648822.0,0,0,0,41,87
3648868.0,0,0,0,41,87
3648869.0,0,0,0,41,87
3648972.0,0,0,0,41,87
3648973.0,0,0,0,41,87
3649056.0,0,0,0,45,83
3649069.0,0,0,0,45,83
3649069.0,0,0,0,41,87
3649105.0,0,0,0,41,87
3649105.0,0,0,0,9,119
3649236.0,0,0,0,13,115
3649256.0,0,0,0,17,111
3649258.0,0,0,0,19,109
3649370.0,0,0,0,19,109
3649371.0,0,0,0,19,109
3649548.0,0,0,0,19,109
3649818.0,0,0,0,19,109
3649954.0,0,0,0,19,109
3649955.0,0,0,0,19,109
3650989.0,0,0,0,19,109
3651012.0,0,0,0,19,109
3651045.0,0,0,0,20,108
3651436.0,0,0,0,20,108
3651436.0,0,0,5,15,108
3651554.0,0,0,5,15,108
3651554.0,0,0,5,14,109
3651570.0,0,0,5,15,108
3651587.0,0,0,5,15,108
3651587.0,0,0,5,14,109
3651604.0,0,0,5,15,108
3651637.0,0,0,5,15,108
3651637.0,0,0,5,14,109
3651756.0,0,0,5,14,109
3651756.0,0,0,6,13,109
3651861.0,0,0,6,14,108
3651936.0,0,0,6,14,108
3651936.0,0,0,10,10,108
3651953.0,0,0,10,10,108
3651953.0,0,0,10,9,109
3651956.0,0,0,10,9,109
3651956.0,0,0,13,6,109
3651958.0,0,0,13,6,109
3651958.0,0,0,15,4,109
3652049.0,0,0,15,5,108
3652400.0,0,0,15,5,108
3652400.0,0,0,15,4,109
3652480.0,0,0,15,5,108
3653589.0,0,0,15,5,108
3653672.0,0,0,15,5,108
3653725.0,0,0,15,5,108
3653745.0,0,0,15,5,108
3653790.0,0,0,15,5,108
3654136.0,5,0,10,5,108
3654136.0,0,5,10,5,108
3654270.0,0,5,10,5,108
3654456.0,1,5,9,5,108
3654636.0,5,5,5,5,108
3654656.0,8,5,2,5,108
3654656.0,0,13,2,5,108
3654658.0,2,13,0,5,108
3654749.0,2,13,0,5,108
3654749.0,2,13,1,4,108
3654887.0,2,13,1,36,76
3654887.0,2,13,1,20,92
3654888.0,2,13,1,88,24
3654889.0,2,13,1,96,16
3654921.0,2,13,1,104,8
3654933.0,2,13,1,112,0
3655180.0,2,13,1,112,0
3655490.0,2,13,1,112,0
3655490.0,2,13,1,80,32
3655520.0,2,13,1,80,32
3655520.0,2,13,1,76,36
3655563.0,2,13,1,80,32
3655563.0,2,13,1,76,36
3655608.0,2,13,1,76,36
3655608.0,2,13,1,72,40
3655644.0,2,13,1,76,36
3655647.0,2,13,1,76,36
3655647.0,2,13,1,68,44
3655786.0,2,13,1,76,36
3655794.0,2,13,1,76,36
3655794.0,2,13,1,68,44
3655828.0,2,13,1,76,36
3655886.0,2,13,1,76,36
3655886.0,2,13,1,75,37
3655905.0,2,13,1,76,36
3655936.0,2,8,1,81,36
3655936.0,2,8,1,73,44
3655996.0,2,8,1,73,44
3655996.0,2,8,1,65,52
3656015.0,2,8,1,73,44
3656031.0,2,8,1,81,36
3656035.0,2,8,1,81,36
3656035.0,2,8,1,73,44
3656068.0,2,8,1,81,36
3656082.0,2,8,1,81,36
3656082.0,2,8,1,49,68
3656105.0,2,8,1,49,68
3656105.0,2,8,1,17,100
3656123.0,2,8,1,49,68
3656134.0,2,8,1,49,68
3656134.0,2,8,1,17,100
3656160.0,2,8,1,49,68
3656456.0,2,0,1,57,68
3656456.0,2,0,1,49,76
3656490.0,2,0,1,57,68
3657249.0,2,0,1,89,36
3657378.0,2,0,1,89,36
3657378.0,2,0,1,88,37
3657407.0,2,0,1,89,36
3657449.0,3,0,0,89,36
3657587.0,3,0,0,89,36
3657588.0,3,0,0,89,36
3657874.0,3,0,0,125,0
3658263.0,3,0,0,125,0
3658461.0,3,0,0,125,0
3658461.0,3,0,0,61,64
3658476.0,3,0,0,61,64
3658476.0,3,0,0,29,96
3658575.0,3,0,0,29,96
3658575.0,3,0,0,25,100
3658715.0,3,0,0,25,100
3658823.0,3,0,0,25,100
3659949.0,3,0,0,25,100
3660574.0,3,0,0,25,100
3660574.0,3,0,25,0,100
3663274.0,28,0,0,0,100
3668739.0,28,0,0,64,36
3668746.0,28,0,0,96,4
3668750.0,28,0,0,100,0
3668755.0,28,0,0,100,0
3668755.0,0,28,0,100,0
3668862.0,0,28,0,100,0
3669048.0,0,28,0,100,0
3669113.0,0,28,0,100,0
3670555.0,0,0,0,128,0
3670555.0,0,0,0,0,128
3670658.0,0,0,0,128,0
3670658.0,0,0,0,28,100
3671439.0,0,0,0,28,100
3671534.0,0,0,0,28,100
3671609.0,0,0,0,28,100
3672636.0,0,0,0,32,96
3672636.0,0,0,0,0,128
3672701.0,0,0,0,32,96
3672701.0,0,0,0,28,100
3673358.0,0,0,0,28,100
3675401.0,0,0,0,28,100
3675401.0,0,0,28,0,100
3676070.0,0,0,28,0,100
3676248.0,0,0,28,0,100
3676404.0,0,0,28,0,100
3678101.0,28,0,0,0,100
3678101.0,25,3,0,0,100
3679050.0,25,3,0,0,100
3679170.0,25,3,0,0,100
3679350.0,25,3,0,0,100
3679419.0,25,3,0,0,100
3679901.0,25,0,0,3,100
3679901.0,25,0,0,0,103
3680005.0,25,0,0,1,102
3680033.0,25,0,0,2,101
3680139.0,25,0,0,6,97
3680146.0,25,0,0,38,65
3680167.0,25,0,0,39,64
3680835.0,25,0,0,103,0
3680835.0,0,25,0,103,0
3682635.0,0,0,0,128,0
3682635.0,0,0,0,0,128
3682705.0,0,0,0,0,128
3682750.0,0,0,0,128,0
3682750.0,0,0,0,28,100
3685450.0,0,0,0,28,100
3685450.0,0,0,28,0,100
3688150.0,28,0,0,0,100
3690443.0,28,0,0,0,100
3690466.0,28,0,0,0,100
3692405.0,28,0,0,0,100
3692585.0,28,0,0,0,100
3692916.0,28,0,0,64,36
3692916.0,0,28,0,23,77
3692939.0,0,28,0,24,76
3693558.0,0,28,0,24,76
3694716.0,0,0,0,52,76
3694716.0,0,0,0,20,108
3695616.0,0,0,0,20,108
3695616.0,0,0,19,1,108
3695639.0,0,0,19,1,108
3695639.0,0,0,20,0,108
3695654.0,0,0,20,32,76
3695654.0,0,0,20,0,108
3696299.0,0,0,20,0,108
3697029.0,0,0,20,0,108
3697802.0,0,0,20,0,108
3698316.0,19,0,1,0,108
3698316.0,11,8,1,0,108
3698339.0,12,8,0,0,108
3698629.0,12,8,0,0,108
3699101.0,12,8,0,32,76
3699101.0,7,13,0,0,108
3699241.0,7,13,0,0,108
3699241.0,3,17,0,0,108
3699771.0,3,17,0,0,108
3699771.0,2,18,0,0,108
3700116.0,2,10,0,8,108
3700116.0,2,10,0,0,116
3700209.0,2,10,0,0,116
3700677.0,2,10,0,8,108
3700901.0,2,5,0,13,108
3700901.0,2,5,0,8,113
3700926.0,2,5,0,9,112
3701008.0,2,5,0,13,108
3701041.0,2,1,0,17,108
3701041.0,2,1,0,13,112
3701099.0,2,1,0,17,108
3701258.0,2,1,0,17,108
3701571.0,2,0,0,18,108
3701571.0,2,0,0,17,109
3701592.0,2,0,0,18,108
3701613.0,2,0,0,18,108
3701613.0,0,2,0,18,108
3701635.0,0,2,0,18,108
3701746.0,0,2,0,18,108
3702244.0,0,2,0,50,76
3702244.0,0,2,0,18,108
3703322.0,0,2,0,18,108
3703322.0,0,2,0,14,112
3703344.0,0,2,0,18,108
3703361.0,0,2,0,18,108
3703361.0,0,2,0,14,112
3703377.0,0,2,0,14,112
3703382.0,0,2,0,18,108
3703413.0,0,0,0,20,108
3703413.0,0,0,0,4,124
3703441.0,0,0,0,4,124
3703495.0,0,0,0,4,124
3703495.0,0,0,0,0,128
3703516.0,0,0,0,4,124
3703605.0,0,0,0,20,108
3703605.0,0,0,0,4,124
3703611.0,0,0,0,36,92
3703611.0,0,0,0,4,124
3703660.0,0,0,0,20,108
3703660.0,0,0,0,4,124
3703695.0,0,0,0,20,108
3703695.0,0,0,0,12,116
3703710.0,0,0,0,12,116
3703710.0,0,0,0,8,120
3703739.0,0,0,0,8,120
3703739.0,0,0,0,4,124
3703741.0,0,0,0,12,116
3703761.0,0,0,0,16,112
3703765.0,0,0,0,20,108
3703799.0,0,0,0,20,108
3703801.0,0,0,0,20,108
3703801.0,0,0,0,16,112
3703833.0,0,0,0,16,112
3703833.0,0,0,0,15,113
3703855.0,0,0,0,16,112
3703857.0,0,0,0,20,108
3703876.0,0,0,0,20,108
3703876.0,0,0,0,16,112
3703900.0,0,0,0,20,108
3703902.0,0,0,0,20,108
3703902.0,0,0,0,16,112
3703972.0,0,0,0,20,108
3703975.0,0,0,0,20,108
3703975.0,0,0,0,16,112
3703997.0,0,0,0,16,112
3703997.0,0,0,0,12,116
3704018.0,0,0,0,16,112
3704054.0,0,0,0,20,108
3704132.0,0,0,0,20,108
3704132.0,0,0,0,16,112
3704177.0,0,0,0,16,112
3704177.0,0,0,0,8,120
3704184.0,0,0,0,12,116
3704193.0,0,0,0,12,116
3704193.0,0,0,0,8,120
3704248.0,0,0,0,12,116
3704262.0,0,0,0,12,116
3704262.0,0,0,0,11,117
3704280.0,0,0,0,11,117
3704280.0,0,0,0,7,121
3704282.0,0,0,0,8,120
3704301.0,0,0,0,12,116
3704355.0,0,0,0,20,108
3704364.0,0,0,0,20,108
3704364.0,0,0,0,16,112
3704408.0,0,0,0,20,108
3704409.0,0,0,0,20,108
3704409.0,0,0,0,16,112
3704484.0,0,0,0,16,112
3704484.0,0,0,0,12,116
3704506.0,0,0,0,16,112
3704696.0,0,0,0,16,112
3704696.0,0,0,0,0,128
3704727.0,0,0,0,4,124
3704739.0,0,0,0,4,124
3704739.0,0,0,0,0,128
3704758.0,0,0,0,16,112
3704761.0,0,0,0,20,108
3704797.0,0,0,0,20,108
3704797.0,0,0,0,16,112
3704803.0,0,0,0,16,112
3704803.0,0,0,0,12,116
3704850.0,0,0,0,16,112
3704858.0,0,0,0,20,108
3704944.0,0,0,0,20,108
3704949.0,0,0,0,20,108
3704949.0,0,0,0,16,112
3705287.0,0,0,0,16,112
3705287.0,0,0,0,12,116
3705332.0,0,0,0,16,112
3705383.0,0,0,0,16,112
3705383.0,0,0,0,15,113
3705401.0,0,0,0,16,112
3705443.0,0,0,0,16,112
3705443.0,0,0,0,8,120
3705444.0,0,0,0,16,112
3705455.0,0,0,0,16,112
3705455.0,0,0,0,8,120
3705485.0,0,0,0,12,116
3705504.0,0,0,0,20,108
3705556.0,0,0,0,20,108
3705556.0,0,0,0,19,109
3705577.0,0,0,0,20,108
3705609.0,0,0,0,20,108
3705609.0,0,0,0,16,112
3705690.0,0,0,0,16,112
3705690.0,0,0,0,12,116
3705736.0,0,0,0,16,112
3705753.0,0,0,0,20,108
3706044.0,0,0,0,20,108
3706082.0,0,0,0,20,108
3706216.0,0,0,0,20,108
3706305.0,0,0,0,20,108
3706311.0,0,0,0,20,108
3706360.0,0,0,0,20,108
3706395.0,0,0,0,20,108
3706441.0,0,0,0,20,108
3706461.0,0,0,0,20,108
3706465.0,0,0,0,20,108
3706510.0,0,0,0,20,108
3706510.0,0,0,0,19,109
3706514.0,0,0,0,19,109
3706514.0,0,0,0,15,113
3706531.0,0,0,0,16,112
3706556.0,0,0,0,20,108
3706557.0,0,0,0,20,108
3706580.0,0,0,0,20,108
3706580.0,0,0,0,16,112
3706600.0,0,0,0,16,112
3706622.0,0,0,0,20,108
3706627.0,0,0,0,20,108
3706627.0,0,0,0,16,112
3706674.0,0,0,0,20,108
3706718.0,0,0,0,20,108
3706721.0,0,0,0,20,108
3706754.0,0,0,0,20,108
3706776.0,0,0,0,20,108
3706884.0,0,0,0,20,108
3706915.0,0,0,0,20,108
3706915.0,0,0,0,0,128
3706948.0,0,0,0,0,128
3707001.0,0,0,0,0,128
3707006.0,0,0,0,0,128
3707048.0,0,0,0,4,124
3707055.0,0,0,0,4,124
3707073.0,0,0,0,20,108
3707187.0,0,0,0,20,108
3707187.0,0,0,0,4,124
3707244.0,0,0,0,4,124
3707244.0,0,0,0,0,128
3707314.0,0,0,0,4,124
3707329.0,0,0,0,20,108
3707427.0,0,0,0,20,108
3707458.0,0,0,0,20,108
3707461.0,0,0,0,20,108
3707558.0,0,0,0,20,108
3707698.0,0,0,0,20,108
3707698.0,0,0,0,3,125
3707699.0,0,0,0,3,125
3707721.0,0,0,0,4,124
3707744.0,0,0,0,4,124
3708079.0,0,0,0,20,108
3708079.0,0,0,0,12,116
3708144.0,0,0,0,12,116
3708144.0,0,0,0,8,120
3708172.0,0,0,0,8,120
3708185.0,0,0,0,8,120
3708189.0,0,0,0,12,116
3708204.0,0,0,0,12,116
3708245.0,0,0,0,12,116
3708245.0,0,0,0,8,120
3708390.0,0,0,0,8,120
3708390.0,0,0,0,4,124
3708429.0,0,0,0,8,120
3708436.0,0,0,0,8,120
3708485.0,0,0,0,8,120
3708485.0,0,0,0,7,121
3708511.0,0,0,0,15,113
3708517.0,0,0,0,15,113
3708531.0,0,0,0,16,112
3708533.0,0,0,0,48,80
3708533.0,0,0,0,16,112
3708601.0,0,0,0,16,112
3708601.0,0,0,0,12,116
3708646.0,0,0,0,16,112
3708655.0,0,0,0,48,80
3708655.0,0,0,0,16,112
3709217.0,0,0,0,24,104
3709292.0,0,0,0,24,104
3709413.0,0,0,0,24,104
3709521.0,0,0,0,24,104
3709521.0,0,0,0,20,108
3709543.0,0,0,0,20,108
3709543.0,0,0,0,18,110
3709748.0,0,0,0,18,110
3709773.0,0,0,0,18,110
3709836.0,0,0,0,50,78
3709836.0,0,0,0,18,110
3710014.0,0,0,0,18,110
3710029.0,0,0,0,18,110
3710068.0,0,0,0,18,110
3710360.0,0,0,0,22,106
3710416.0,0,0,0,26,102
3710419.0,0,0,0,28,100
3710478.0,0,0,0,60,68
3710478.0,0,0,0,28,100
3710544.0,0,0,0,60,68
3710544.0,0,0,0,28,100
3710550.0,0,0,0,28,100
3710779.0,0,0,0,28,100
3710869.0,0,0,0,28,100
3710869.0,0,0,0,27,101
3710884.0,0,0,0,28,100
3710889.0,0,0,0,28,100
3711233.0,0,0,0,28,100
3711288.0,0,0,0,32,96
3711288.0,0,0,0,0,128
3711345.0,0,0,0,32,96
3711345.0,0,0,0,0,128
3711355.0,0,0,0,0,128
3711356.0,0,0,0,32,96
3711356.0,0,0,0,0,128
3711409.0,0,0,0,32,96
3711411.0,0,0,0,64,64
3711621.0,0,0,0,64,64
3711621.0,0,0,0,63,65
3711661.0,0,0,0,64,64
3711683.0,0,0,0,64,64
3711683.0,0,0,0,63,65
3711705.0,0,0,0,64,64
3711711.0,0,0,0,64,64
3711711.0,0,0,0,60,68
3711733.0,0,0,0,60,68
3711733.0,0,0,0,58,70
3711763.0,0,0,0,60,68
3711766.0,0,0,0,64,64
3711830.0,0,0,0,64,64
3711830.0,0,0,0,63,65
3711847.0,0,0,0,64,64
3712025.0,0,0,0,96,32
3712078.0,0,0,0,96,32
3712078.0,0,0,0,95,33
3712083.0,0,0,0,96,32
3712160.0,0,0,0,96,32
3712160.0,0,0,0,95,33
3712170.0,0,0,0,96,32
3712207.0,0,0,0,96,32
3712207.0,0,0,0,95,33
3712216.0,0,0,0,96,32
3712352.0,0,0,0,96,32
3712352.0,0,0,0,92,36
3712447.0,0,0,0,92,36
3712447.0,0,0,0,91,37
3712483.0,0,0,0,92,36
3712488.0,0,0,0,92,36
3712488.0,0,0,0,91,37
3712515.0,0,0,0,92,36
3712536.0,0,0,0,92,36
3712608.0,0,0,0,96,32
3712627.0,0,0,0,96,32
3712627.0,0,0,0,92,36
3712649.0,0,0,0,92,36
3712649.0,0,0,0,90,38
3712668.0,0,0,0,90,38
3712668.0,0,0,0,89,39
3712669.0,0,0,0,90,38
3712898.0,0,0,0,90,38
3712898.0,0,0,0,89,39
3712926.0,0,0,0,90,38
3713138.0,0,0,0,90,38
3713138.0,0,0,0,89,39
3713178.0,0,0,0,89,39
3713189.0,0,0,0,89,39
3713189.0,0,0,0,81,47
3713244.0,0,0,0,81,47
3713277.0,0,0,0,82,46
3713352.0,0,0,0,82,46
3713352.0,0,0,0,81,47
3713353.0,0,0,0,90,38
3713360.0,0,0,0,90,38
3713360.0,0,0,0,89,39
3713735.0,0,0,0,90,38
3714036.0,0,0,0,90,38
3714036.0,0,0,0,89,39
3714057.0,0,0,0,90,38
3714109.0,0,0,0,90,38
3714111.0,0,0,0,90,38
3714111.0,0,0,26,64,38
3714269.0,0,0,26,96,6
3714361.0,0,0,26,96,6
3714361.0,0,0,27,95,6
3714405.0,0,0,27,95,6
3714405.0,0,0,27,94,7
3714426.0,0,0,27,95,6
3714463.0,0,0,27,95,6
3714463.0,0,0,29,93,6
3714466.0,0,0,29,93,6
3714466.0,0,0,33,89,6
3714498.0,0,0,33,89,6
3714498.0,0,0,33,88,7
3714545.0,0,0,33,89,6
3714547.0,0,0,33,89,6
3714565.0,0,0,33,89,6
3714565.0,0,0,33,88,7
3714654.0,0,0,33,89,6
3714725.0,0,0,33,89,6
3714725.0,0,0,64,58,6
3714783.0,0,0,64,58,6
3714783.0,0,0,65,57,6
3714837.0,0,0,65,57,6
3714837.0,0,0,65,56,7
3714857.0,0,0,65,56,7
3714857.0,0,0,65,40,23
3714870.0,0,0,65,40,23
3714902.0,0,0,65,56,7
3714916.0,0,0,65,56,7
3714972.0,0,0,65,60,3
3714973.0,0,0,65,62,1
3715045.0,0,0,65,63,0
3716053.0,0,0,65,63,0
3716053.0,0,0,68,60,0
3716435.0,0,0,68,60,0
3716435.0,0,0,69,59,0
3716757.0,0,0,69,59,0
3716757.0,0,0,70,58,0
3716811.0,26,0,44,58,0
3716969.0,26,0,44,58,0
3716969.0,26,0,76,26,0
3717061.0,27,0,75,26,0
3717126.0,27,0,75,26,0
3717126.0,27,0,76,25,0
3717163.0,29,0,74,25,0
3717166.0,33,0,70,25,0
3717245.0,33,0,70,25,0
3717245.0,33,0,71,24,0
3717354.0,33,0,71,24,0
3717354.0,33,0,72,23,0
3717425.0,64,0,41,23,0
3717483.0,65,0,40,23,0
3717602.0,65,0,40,23,0
3717602.0,65,0,56,7,0
3717672.0,65,0,56,7,0
3717672.0,65,0,60,3,0
3717673.0,65,0,60,3,0
3717673.0,65,0,62,1,0
3717745.0,65,0,62,1,0
3717745.0,65,0,63,0,0
3717773.0,65,0,63,0,0
3717773.0,61,4,63,0,0
3717791.0,61,4,63,0,0
3717791.0,29,36,63,0,0
3717796.0,29,36,63,0,0
3717796.0,27,38,63,0,0
3717850.0,27,38,63,0,0
3717919.0,27,38,63,0,0
3717920.0,27,38,63,0,0
3717940.0,27,38,63,0,0
3718120.0,27,38,63,0,0
3718190.0,27,38,63,0,0
3718238.0,27,38,63,0,0
3718300.0,27,38,63,0,0
3718521.0,27,38,63,0,0
3718753.0,30,38,60,0,0
3719135.0,31,38,59,0,0
3719457.0,32,38,58,0,0
3719457.0,0,70,58,0,0
3719562.0,0,70,58,0,0
3719573.0,0,66,58,4,0
3719573.0,0,66,58,0,4
3719591.0,0,34,58,32,4
3719591.0,0,34,58,0,36
3719596.0,0,32,58,2,36
3719596.0,0,32,58,0,38
3719669.0,32,32,26,0,38
3719669.0,24,40,26,0,38
3719826.0,25,40,25,0,38
3719945.0,26,40,24,0,38
3720054.0,27,40,23,0,38
3720075.0,27,40,23,0,38
3720249.0,27,40,23,0,38
3720290.0,27,40,23,0,38
3720301.0,27,40,23,0,38
3720302.0,43,40,7,0,38
3720302.0,8,75,7,0,38
3720326.0,8,75,7,0,38
3720349.0,8,75,7,0,38
3720372.0,12,75,3,0,38
3720373.0,14,75,1,0,38
3720445.0,15,75,0,0,38
3720582.0,15,75,0,4,34
3720582.0,2,88,0,4,34
3720583.0,2,88,0,6,32
3720935.0,2,88,0,6,32
3720935.0,0,90,0,6,32
3721166.0,0,90,0,6,32
3721166.0,0,90,0,5,33
3721209.0,0,90,0,6,32
3721222.0,0,90,0,6,32
3721222.0,0,90,0,5,33
3721242.0,0,90,0,6,32
3721245.0,0,90,0,6,32
3721257.0,0,58,0,38,32
3721257.0,0,58,0,6,64
3721267.0,0,58,0,6,64
3721267.0,0,58,0,4,66
3721469.0,0,50,0,12,66
3721469.0,0,50,0,4,74
3721550.0,0,50,0,4,74
3721643.0,0,50,0,4,74
3721970.0,0,50,0,36,42
3721970.0,0,50,0,3,75
3721988.0,0,50,0,4,74
3722055.0,0,50,0,4,74
3722084.0,0,50,0,4,74
3722102.0,0,15,0,39,74
3722102.0,0,15,0,4,109
3722112.0,0,15,0,5,108
3722133.0,0,15,0,37,76
3722133.0,0,15,0,17,96
3722145.0,0,15,0,18,95
3722151.0,0,15,0,19,94
3722169.0,0,15,0,27,86
3722240.0,0,15,0,29,84
3722382.0,0,2,0,42,84
3722382.0,0,2,0,29,97
3722403.0,0,2,0,30,96
3722410.0,0,2,0,31,95
3722419.0,0,2,0,32,94
3722563.0,0,2,0,40,86
3722563.0,0,2,0,8,118
3722612.0,0,2,0,40,86
3722612.0,0,2,0,8,118
3722735.0,0,0,0,10,118
3722735.0,0,0,0,6,122
3722770.0,0,0,0,6,122
3722777.0,0,0,0,10,118
3722777.0,0,0,0,9,119
3722783.0,0,0,0,9,119
3722797.0,0,0,0,9,119
3722798.0,0,0,0,10,118
3722805.0,0,0,0,10,118
3722805.0,0,0,0,8,120
3722809.0,0,0,0,10,118
3722952.0,0,0,0,42,86
3722952.0,0,0,0,6,122
3722990.0,0,0,0,10,118
3723096.0,0,0,0,18,110
3723125.0,0,0,0,22,106
3723277.0,0,0,0,24,104
3723282.0,0,0,0,24,104
3723283.0,0,0,0,24,104
3723288.0,0,0,0,24,104
3723299.0,0,0,0,28,100
3723474.0,0,0,0,28,100
3723498.0,0,0,0,28,100
3723558.0,0,0,0,28,100
3723603.0,0,0,0,28,100
3723818.0,0,0,0,28,100
3723834.0,0,0,0,28,100
3723873.0,0,0,0,28,100
3723911.0,0,0,0,60,68
3723911.0,0,0,0,28,100
3723919.0,0,0,0,28,100
3724076.0,0,0,0,60,68
3724076.0,0,0,0,28,100
3724101.0,0,0,0,28,100
3724127.0,0,0,0,28,100
3724221.0,0,0,0,28,100
3724357.0,0,0,0,28,100
3724370.0,0,0,0,60,68
3724370.0,0,0,0,1,127
3724377.0,0,0,0,1,127
3724388.0,0,0,0,2,126
3724480.0,0,0,0,2,126
3724487.0,0,0,0,10,118
3724487.0,0,0,0,2,126
3724520.0,0,0,0,34,94
3724520.0,0,0,0,2,126
3724564.0,0,0,0,10,118
3724564.0,0,0,0,2,126
3724583.0,0,0,0,6,122
3724583.0,0,0,0,2,126
3724604.0,0,0,0,2,126
3724625.0,0,0,0,2,126
3724625.0,0,0,0,0,128
3724645.0,0,0,0,4,124
3724645.0,0,0,0,0,128
3724651.0,0,0,0,4,124
3724651.0,0,0,0,0,128
3724670.0,0,0,0,0,128
3724733.0,0,0,0,4,124
3724758.0,0,0,0,36,92
3724758.0,0,0,0,4,124
3724805.0,0,0,0,8,120
3724805.0,0,0,0,0,128
3724826.0,0,0,0,0,128
3724833.0,0,0,0,0,128
3724874.0,0,0,0,8,120
3724874.0,0,0,0,0,128
3724914.0,0,0,0,0,128
3724950.0,0,0,0,8,120
3724950.0,0,0,0,0,128
3725018.0,0,0,0,8,120
3725033.0,0,0,0,8,120
3725033.0,0,0,0,0,128
3725091.0,0,0,0,8,120
3725098.0,0,0,0,8,120
3725098.0,0,0,0,0,128
3725160.0,0,0,0,8,120
3725169.0,0,0,0,8,120
3725169.0,0,0,0,0,128
3725190.0,0,0,0,8,120
3725231.0,0,0,0,16,112
3725240.0,0,0,0,16,112
3725240.0,0,0,0,8,120
3725263.0,0,0,0,8,120
3725312.0,0,0,0,8,120
3725313.0,0,0,0,16,112
3725349.0,0,0,0,18,110
3725358.0,0,0,0,18,110
3725358.0,0,0,0,10,118
3725371.0,0,0,0,14,114
3725420.0,0,0,0,22,106
3725463.0,0,0,0,22,106
3725463.0,0,0,0,21,107
3725478.0,0,0,0,22,106
3725514.0,0,0,0,54,74
3725526.0,0,0,0,54,74
3725526.0,0,0,0,46,82
3725551.0,0,0,0,48,80
3725586.0,0,0,0,56,72
3725592.0,0,0,0,56,72
3725592.0,0,0,0,48,80
3725596.0,0,0,0,52,76
3725633.0,0,0,0,52,76
3725633.0,0,0,0,20,108
3725652.0,0,0,0,20,108
3725661.0,0,0,0,28,100
3725669.0,0,0,0,28,100
3725669.0,0,0,0,20,108
3725693.0,0,0,0,20,108
3725693.0,0,0,0,12,116
3725750.0,0,0,0,20,108
3725847.0,0,0,0,20,108
3725847.0,0,0,0,12,116
3725867.0,0,0,0,12,116
3725867.0,0,0,0,4,124
3725935.0,0,0,0,12,116
3725962.0,0,0,0,12,116
3725962.0,0,0,0,4,124
3726032.0,0,0,0,12,116
3726209.0,0,0,0,12,116
3726209.0,0,0,0,4,124
3726233.0,0,0,0,4,124
3726233.0,0,0,0,3,125
3726251.0,0,0,0,4,124
3726267.0,0,0,0,4,124
3726274.0,0,0,0,12,116
3726276.0,0,0,0,20,108
3726277.0,0,0,0,52,76
3726277.0,0,0,0,20,108
3726337.0,0,0,0,28,100
3726406.0,0,0,0,28,100
3726406.0,0,0,0,27,101
3726449.0,0,0,0,28,100
3726462.0,0,0,0,28,100
3726462.0,0,0,0,27,101
3726501.0,0,0,0,28,100
3726566.0,0,0,0,28,100
3726597.0,0,0,0,28,100
3726611.0,0,0,0,28,100
3726776.0,0,0,0,28,100
3726781.0,0,0,0,28,100
3726816.0,0,0,0,28,100
3726838.0,0,0,0,28,100
3727070.0,0,0,0,28,100
3727187.0,0,0,0,28,100
3727220.0,0,0,0,28,100
3727264.0,0,0,0,28,100
3727283.0,0,0,0,28,100
3727312.0,0,0,0,60,68
3727312.0,0,0,0,13,115
3727340.0,0,0,0,14,114
3727433.0,0,0,0,14,114
3727458.0,0,0,0,14,114
3727529.0,0,0,0,46,82
3727538.0,0,0,0,46,82
3727538.0,0,0,0,45,83
3727558.0,0,0,0,46,82
3727607.0,0,0,0,46,82
3727607.0,0,0,0,14,114
3727718.0,0,0,0,14,114
3727788.0,0,0,0,14,114
3727788.0,0,0,0,6,122
3727791.0,0,0,0,6,122
3727860.0,0,0,0,6,122
3727863.0,0,0,0,14,114
3727890.0,0,0,0,14,114
3727931.0,0,0,0,14,114
3727979.0,0,0,0,22,106
3728008.0,0,0,0,54,74
3728013.0,0,0,0,54,74
3728049.0,0,0,0,54,74
3728107.0,0,0,0,54,74
3728107.0,0,0,0,46,82
3728119.0,0,0,0,46,82
3728119.0,0,0,0,38,90
3728120.0,0,0,0,38,90
3728173.0,0,0,0,46,82
3728174.0,0,0,0,54,74
3728208.0,0,0,0,54,74
3728208.0,0,0,0,46,82
3728214.0,0,0,0,46,82
3728270.0,0,0,0,54,74
3728279.0,0,0,0,54,74
3728279.0,0,0,0,22,106
3728283.0,0,0,0,22,106
3728283.0,0,0,0,14,114
3728286.0,0,0,0,14,114
3728296.0,0,0,0,14,114
3728314.0,0,0,0,14,114
3728314.0,0,0,0,6,122
3728332.0,0,0,0,6,122
3728340.0,0,0,0,14,114
3728340.0,0,0,0,6,122
3728361.0,0,0,0,6,122
3728390.0,0,0,0,8,120
3728396.0,0,0,0,8,120
3728396.0,0,0,0,0,128
3728400.0,0,0,0,8,120
3728403.0,0,0,0,8,120
3728403.0,0,0,0,0,128
3728410.0,0,0,0,4,124
3728450.0,0,0,0,12,116
3728451.0,0,0,0,20,108
3728452.0,0,0,0,52,76
3728452.0,0,0,0,44,84
3728455.0,0,0,0,52,76
3728479.0,0,0,0,52,76
3728479.0,0,0,0,20,108
3728546.0,0,0,0,28,100
3728561.0,0,0,0,28,100
3728561.0,0,0,0,24,104
3728571.0,0,0,0,24,104
3728571.0,0,0,0,16,112
3728635.0,0,0,0,16,112
3728664.0,0,0,0,16,112
3728664.0,0,0,0,8,120
3728673.0,0,0,0,16,112
3728676.0,0,0,0,16,112
3728676.0,0,0,0,8,120
3728732.0,0,0,0,8,120
3728735.0,0,0,0,16,112
3728746.0,0,0,0,16,112
3728746.0,0,0,0,8,120
3728766.0,0,0,0,16,112
3728781.0,0,0,0,16,112
3728781.0,0,0,0,8,120
3728812.0,0,0,0,16,112
3728838.0,0,0,0,16,112
3728838.0,0,0,0,8,120
3728861.0,0,0,0,16,112
3728877.0,0,0,0,16,112
3728877.0,0,0,0,8,120
3728885.0,0,0,0,16,112
3728896.0,0,0,0,24,104
3728905.0,0,0,0,24,104
3728905.0,0,0,0,16,112
3728911.0,0,0,0,24,104
3728925.0,0,0,0,24,104
3728925.0,0,0,0,16,112
3728977.0,0,0,0,16,112
3728979.0,0,0,0,24,104
3729182.0,0,0,0,24,104
3729222.0,0,0,0,24,104
3729430.0,0,0,0,24,104
3729430.0,0,0,0,12,116
3729455.0,0,0,0,12,116
3729663.0,0,0,0,12,116
3729663.0,0,0,0,2,126
3729726.0,0,0,0,10,118
3729744.0,0,0,0,10,118
3729959.0,0,0,0,10,118
3729959.0,0,0,0,2,126
3730012.0,0,0,0,2,126
3730065.0,0,0,0,10,118
3730083.0,0,0,0,18,110
3730229.0,0,0,0,18,110
3730444.0,0,0,0,18,110
3730444.0,0,0,0,6,122
3730469.0,0,0,0,38,90
3730469.0,0,0,0,6,122
3730474.0,0,0,0,6,122
3730474.0,0,0,0,5,123
3730494.0,0,0,0,6,122
3730498.0,0,0,0,10,118
3730537.0,0,0,0,14,114
3730563.0,0,0,0,14,114
3730605.0,0,0,0,14,114
3730605.0,0,0,0,6,122
3730667.0,0,0,0,14,114
3730679.0,0,0,0,14,114
3730708.0,0,0,0,14,114
3730747.0,0,0,0,16,112
3730750.0,0,0,0,24,104
3730752.0,0,0,0,60,68
3730781.0,0,0,0,60,68
3730781.0,0,0,0,52,76
3730782.0,0,0,0,52,76
3730782.0,0,0,0,20,108
3730859.0,0,0,0,20,108
3730859.0,0,0,0,16,112
3730873.0,0,0,0,16,112
3730874.0,0,0,0,16,112
3730897.0,0,0,0,24,104
3730967.0,0,0,0,24,104
3730970.0,0,0,0,24,104
3731040.0,0,0,0,24,104
3731100.0,0,0,0,24,104
3731109.0,0,0,0,24,104
3731110.0,0,0,0,24,104
3731150.0,0,0,0,24,104
3731152.0,0,0,0,24,104
3731155.0,0,0,0,24,104
3731159.0,0,0,0,56,72
3731159.0,0,0,0,20,108
3731246.0,0,0,0,20,108
3731373.0,0,0,0,20,108
3731435.0,0,0,0,20,108
3731466.0,0,0,0,20,108
3731512.0,0,0,0,20,108
3731514.0,0,0,0,24,104
3731561.0,0,0,0,24,104
3731585.0,0,0,0,24,104
3731596.0,0,0,0,24,104
3731611.0,0,0,0,24,104
3731679.0,0,0,0,24,104
3731708.0,0,0,0,24,104
3731708.0,0,0,0,20,108
3731898.0,0,0,0,24,104
3732061.0,0,0,0,24,104
3732061.0,0,0,0,23,105
3732082.0,0,0,0,24,104
3732145.0,0,0,0,56,72
3732426.0,0,0,0,56,72
3732493.0,0,0,0,60,68
3732783.0,0,0,0,60,68
3733169.0,0,0,0,60,68
3733198.0,0,0,0,60,68
3733328.0,0,0,0,60,68
3733328.0,0,0,0,28,100
3733359.0,0,0,0,28,100
3733359.0,0,0,0,20,108
3733367.0,0,0,0,20,108
3733452.0,0,0,0,20,108
3733463.0,0,0,0,20,108
3733463.0,0,0,0,19,109
3733483.0,0,0,0,20,108
3733780.0,0,0,0,20,108
3733780.0,0,0,0,19,109
3733797.0,0,0,0,20,108
3733817.0,0,0,0,20,108
3733817.0,0,0,0,16,112
3733857.0,0,0,0,20,108
3733859.0,0,0,0,20,108
3733875.0,0,0,0,60,68
3733970.0,0,0,0,92,36
3733971.0,0,0,0,92,36
3733971.0,0,0,0,91,37
3733978.0,0,0,0,92,36
3734045.0,0,0,0,92,36
3734045.0,0,0,0,60,68
3734240.0,0,0,0,60,68
3734240.0,0,0,0,56,72
3734262.0,0,0,0,56,72
3734262.0,0,0,0,54,74
3734661.0,0,0,0,54,74
3734661.0,0,0,0,22,106
3734693.0,0,0,0,22,106
3734693.0,0,0,0,14,114
3734845.0,0,0,0,14,114
3735179.0,0,0,0,46,82
3735180.0,0,0,0,54,74
3735190.0,0,0,0,54,74
3735190.0,0,0,0,22,106
3735196.0,0,0,0,54,74
3735202.0,0,0,0,54,74
3735202.0,0,0,0,22,106
3735237.0,0,0,0,22,106
3735237.0,0,0,0,14,114
3735300.0,0,0,0,18,110
3735303.0,0,0,0,20,108
3735482.0,0,0,0,52,76
3735483.0,0,0,0,60,68
3735888.0,0,0,0,60,68
3735888.0,0,0,0,28,100
3736114.0,0,0,0,60,68
3736157.0,0,0,0,60,68
3736157.0,0,0,0,44,84
3736200.0,0,0,0,44,84
3736200.0,0,0,0,43,85
3736217.0,0,0,0,44,84
3736336.0,0,0,0,60,68
3736575.0,0,0,0,60,68
3736593.0,0,0,0,60,68
3736593.0,0,0,0,28,100
3736617.0,0,0,0,28,100
3736617.0,0,0,0,20,108
3736670.0,0,0,0,20,108
3736890.0,0,0,0,52,76
3736891.0,0,0,0,60,68
3736926.0,0,0,0,92,36
3736929.0,0,0,0,92,36
3736929.0,0,0,0,91,37
3736952.0,0,0,0,92,36
3737006.0,0,0,0,92,36
3737006.0,0,0,0,60,68
3737048.0,0,0,0,60,68
3737048.0,0,0,0,52,76
3737083.0,0,0,0,52,76
3737083.0,0,0,0,20,108
3737093.0,0,0,0,20,108
3737093.0,0,0,0,19,109
3737114.0,0,0,0,20,108
3737173.0,0,0,0,28,100
3737175.0,0,0,0,60,68
3737862.0,0,0,0,60,68
3737862.0,0,0,0,28,100
3737879.0,0,0,0,28,100
3737896.0,0,0,0,28,100
3737909.0,0,0,0,28,100
3737909.0,0,0,0,20,108
3737954.0,0,0,0,20,108
3737954.0,0,0,0,19,109
3737957.0,0,0,0,19,109
3737957.0,0,0,0,18,110
3737973.0,0,0,0,19,109
3737987.0,0,0,0,20,108
3738182.0,0,0,0,20,108
3738183.0,0,0,0,20,108
3738183.0,0,0,0,19,109
3738206.0,0,0,0,20,108
3738365.0,0,0,0,20,108
3738365.0,0,0,0,16,112
3738386.0,0,0,0,16,112
3738386.0,0,0,0,14,114
3738504.0,0,0,0,46,82
3738506.0,0,0,0,54,74
3738814.0,0,0,0,54,74
3738872.0,0,0,0,54,74
3738872.0,0,0,0,53,75
3738892.0,0,0,0,54,74
3739171.0,0,0,0,54,74
3739171.0,0,0,0,22,106
3739197.0,0,0,0,22,106
3739197.0,0,0,0,14,114
3739339.0,0,0,0,14,114
3739339.0,0,0,0,13,115
3739357.0,0,0,0,14,114
3739424.0,0,0,0,18,110
3739426.0,0,0,0,20,108
3739590.0,0,0,0,20,108
3739626.0,0,0,0,20,108
3739875.0,0,0,0,20,108
3739979.0,0,0,0,52,76
3739982.0,0,0,0,52,76
3739982.0,0,0,0,51,77
3739999.0,0,0,0,52,76
3741204.0,0,0,0,52,76
3741204.0,0,0,3,49,76
3741206.0,0,0,3,49,76
3741206.0,0,0,11,41,76
3741592.0,0,0,11,41,76
3741592.0,0,0,12,40,76
3742057.0,0,0,12,40,76
3742057.0,0,0,13,39,76
3742124.0,0,0,13,39,76
3742124.0,0,0,17,35,76
3742126.0,0,0,17,35,76
3742126.0,0,0,19,33,76
3742231.0,0,0,19,33,76
3742231.0,0,0,19,32,77
3742245.0,0,0,19,33,76
3742358.0,0,0,19,69,40
3742452.0,0,0,19,69,40
3742452.0,0,0,19,37,72
3742516.0,0,0,19,37,72
3742516.0,0,0,19,33,76
3742533.0,0,0,19,33,76
3742533.0,0,0,19,32,77
3742576.0,0,0,19,33,76
3742588.0,0,0,19,33,76
3742588.0,0,0,19,32,77
3742607.0,0,0,19,33,76
3742612.0,0,0,19,33,76
3742612.0,0,0,19,29,80
3742634.0,0,0,19,29,80
3742634.0,0,0,19,27,82
3742679.0,0,0,19,27,82
3742690.0,0,0,19,59,50
3742692.0,0,0,19,63,46
3742719.0,0,0,19,63,46
3742719.0,0,0,19,31,78
3742795.0,0,0,19,31,78
3742795.0,0,0,19,27,82
3743314.0,0,0,19,59,50
3743315.0,0,0,19,63,46
3743342.0,0,0,19,63,46
3743342.0,0,0,19,31,78
3743407.0,0,0,19,31,78
3743407.0,0,0,19,27,82
3743904.0,3,0,16,27,82
3743906.0,11,0,8,27,82
3744292.0,12,0,7,27,82
3744709.0,12,0,7,31,78
3744711.0,12,0,7,33,76
3744757.0,13,0,6,33,76
3744801.0,13,0,6,33,76
3744801.0,13,0,6,29,80
3744823.0,13,0,6,29,80
3744823.0,13,0,6,27,82
3744824.0,17,0,2,27,82
3744826.0,19,0,0,27,82
3744870.0,19,0,0,67,42
3744875.0,19,0,0,69,40
3744879.0,19,0,0,69,40
3744879.0,19,0,0,5,104
3744881.0,19,0,0,9,100
3744892.0,19,0,0,13,96
3744903.0,19,0,0,45,64
3744926.0,19,0,0,45,64
3744926.0,0,19,0,45,64
3744945.0,0,19,0,45,64
3745058.0,0,19,0,45,64
3745390.0,0,19,0,45,64
3746014.0,0,19,0,45,64
3746726.0,0,0,0,64,64
3746726.0,0,0,0,0,128
3747570.0,0,0,0,0,128
3750672.0,0,0,0,0,128
3750696.0,0,0,0,0,128
3750934.0,0,0,0,0,128
3750988.0,0,0,0,0,128
3752459.0,0,0,0,64,64
3752459.0,0,0,0,22,106
3753397.0,0,0,0,22,106
3753397.0,0,0,0,21,107
3753406.0,0,0,0,22,106
3754437.0,0,0,0,24,104
3754458.0,0,0,0,28,100
3754778.0,0,0,0,92,36
3754790.0,0,0,0,92,36
3754902.0,0,0,0,92,36
3755085.0,0,0,0,92,36
3755148.0,0,0,0,92,36
3755159.0,0,0,0,92,36
3755159.0,0,0,21,71,36
3756106.0,0,0,21,71,36
3756106.0,0,0,22,70,36
3756257.0,0,0,22,74,32
3756308.0,0,0,22,106,0
3757137.0,0,0,22,106,0
3757137.0,0,0,24,104,0
3757158.0,0,0,24,104,0
3757158.0,0,0,28,100,0
3757478.0,0,0,28,100,0
3757478.0,0,0,92,36,0
3757859.0,21,0,71,36,0
3758806.0,22,0,70,36,0
3758957.0,22,0,70,36,0
3758957.0,22,0,74,32,0
3759008.0,22,0,74,32,0
3759008.0,22,0,106,0,0
3759837.0,24,0,104,0,0
3759858.0,28,0,100,0,0
3760178.0,92,0,36,0,0
3761657.0,96,0,32,0,0
3761708.0,128,0,0,0,0
3761708.0,0,128,0,0,0
3763508.0,0,0,0,128,0
3763508.0,0,0,0,0,128
3763614.0,0,0,0,128,0
3763614.0,0,0,0,28,100
3764754.0,0,0,0,28,100
3765040.0,0,0,0,28,100
3765105.0,0,0,0,28,100
3766314.0,0,0,0,28,100
3766314.0,0,0,28,0,100
3769014.0,28,0,0,0,100
3773209.0,28,0,0,4,96
3773209.0,24,4,0,4,96
3773267.0,24,4,0,36,64
3773449.0,24,4,0,100,0
3773449.0,24,4,0,4,96
3775009.0,24,0,0,8,96
3775009.0,24,0,0,4,100
3775909.0,24,0,0,4,100
3776149.0,24,0,0,4,100
3776149.0,24,0,4,0,100
3777215.0,24,0,4,0,100
3778801.0,24,0,4,0,100
3778849.0,28,0,0,0,100
3779697.0,28,0,0,0,100
3782192.0,28,0,0,0,100
3782216.0,28,0,0,0,100
3783276.0,28,0,0,64,36
3783276.0,0,28,0,22,78
3783306.0,0,28,0,55,45
3784146.0,0,28,0,56,44
3785076.0,0,0,0,84,44
3785076.0,0,0,0,52,76
3785693.0,0,0,0,52,76
3785693.0,0,0,0,36,92
3785750.0,0,0,0,52,76
3785959.0,0,0,0,52,76
3785959.0,0,0,0,36,92
3785976.0,0,0,0,36,92
3786006.0,0,0,0,36,92
3786006.0,0,0,19,17,92
3786033.0,0,0,19,33,76
3786051.0,0,0,19,33,76
3786051.0,0,0,19,1,108
3786134.0,0,0,19,33,76
3786846.0,0,0,19,33,76
3787589.0,0,0,19,33,76
3787589.0,0,0,19,17,92
3787607.0,0,0,19,17,92
3787607.0,0,0,19,16,93
3787623.0,0,0,19,17,92
3787773.0,0,0,19,17,92
3787773.0,0,0,19,13,96
3787780.0,0,0,19,29,80
3787835.0,0,0,19,33,76
3787873.0,0,0,19,33,76
3787873.0,0,0,19,1,108
3787945.0,0,0,19,33,76
3788070.0,0,0,19,33,76
3788070.0,0,0,19,1,108
3788099.0,0,0,19,33,76
3788531.0,0,0,19,33,76
3788531.0,0,0,19,32,77
3788550.0,0,0,19,33,76
3788706.0,19,0,0,33,76
3788733.0,19,0,0,33,76
3788757.0,19,0,0,33,76
3788757.0,19,0,0,1,108
3788834.0,19,0,0,1,108
3790281.0,19,0,0,1,108
3790281.0,11,8,0,1,108
3790400.0,11,8,0,1,108
3790400.0,7,12,0,1,108
3790535.0,7,12,0,1,108
3790645.0,7,12,0,1,108
3790799.0,7,12,0,1,108
3791098.0,7,12,0,1,108
3791098.0,3,16,0,1,108
3791250.0,3,16,0,1,108
3791250.0,3,16,1,0,108
3791719.0,3,16,1,0,108
3791719.0,2,17,1,0,108
3791868.0,2,17,1,0,108
3791868.0,1,18,1,0,108
3791933.0,1,18,1,0,108
3791933.0,0,19,1,0,108
3791953.0,0,19,1,0,108
3792081.0,0,11,1,8,108
3792081.0,0,11,1,0,116
3792133.0,0,11,1,8,108
3792133.0,0,11,1,7,109
3792154.0,0,11,1,8,108
3792200.0,0,7,1,12,108
3792200.0,0,7,1,8,112
3792242.0,0,7,1,12,108
3792399.0,0,7,1,12,108
3792399.0,0,7,1,11,109
3792420.0,0,7,1,12,108
3792466.0,0,7,1,12,108
3792466.0,0,7,1,11,109
3792470.0,0,7,1,12,108
3792698.0,0,7,1,12,108
3792698.0,0,7,1,11,109
3792703.0,0,7,1,12,108
3792739.0,0,7,1,12,108
3792739.0,0,7,1,11,109
3792742.0,0,7,1,11,109
3792742.0,0,7,1,10,110
3792755.0,0,7,1,11,109
3792763.0,0,7,1,12,108
3792772.0,0,7,1,12,108
3792772.0,0,7,1,11,109
3792794.0,0,7,1,12,108
3792898.0,0,3,1,16,108
3792898.0,0,3,1,12,112
3792936.0,0,3,1,12,112
3792936.0,0,3,1,4,120
3792952.0,0,3,1,8,116
3793171.0,0,3,1,8,116
3793171.0,0,3,1,7,117
3793180.0,0,3,1,8,116
3793376.0,0,3,1,8,116
3793376.0,0,3,1,4,120
3793420.0,0,3,1,8,116
3793519.0,0,2,1,9,116
3793519.0,0,2,1,8,117
3793527.0,0,2,1,8,117
3793527.0,0,2,1,4,121
3793543.0,0,2,1,5,120
3793553.0,0,2,1,9,116
3793611.0,0,2,1,17,108
3793650.0,0,2,1,17,108
3793650.0,0,2,1,13,112
3793661.0,0,2,1,13,112
3793661.0,0,2,1,5,120
3793668.0,0,1,1,6,120
3793668.0,0,1,1,5,121
3793689.0,0,1,1,6,120
3793697.0,0,1,1,10,116
3793733.0,0,0,1,11,116
3793733.0,0,0,1,10,117
3793759.0,0,0,1,11,116
3793826.0,0,0,1,11,116
3793826.0,0,0,1,7,120
3793855.0,0,0,1,11,116
3793950.0,1,0,0,11,116
3794257.0,1,0,0,11,116
3794257.0,1,0,0,10,117
3794273.0,1,0,0,11,116
3794294.0,1,0,0,11,116
3794294.0,1,0,0,10,117
3794297.0,1,0,0,18,109
3794313.0,1,0,0,19,108
3794355.0,1,0,0,19,108
3794355.0,1,0,0,11,116
3794486.0,1,0,0,11,116
3794486.0,1,0,0,7,120
3794522.0,1,0,0,11,116
3794598.0,1,0,0,11,116
3794598.0,1,0,0,7,120
3794624.0,1,0,0,11,116
3794632.0,1,0,0,11,116
3794632.0,1,0,0,7,120
3794658.0,1,0,0,11,116
3794703.0,1,0,0,11,116
3794703.0,1,0,0,7,120
3794741.0,1,0,0,11,116
3794757.0,1,0,0,11,116
3794757.0,1,0,0,7,120
3794795.0,1,0,0,11,116
3794833.0,1,0,0,11,116
3795008.0,1,0,0,19,108
3795230.0,1,0,0,19,108
3795230.0,1,0,0,11,116
3795392.0,1,0,0,11,116
3795392.0,1,0,0,3,124
3795403.0,1,0,0,3,124
3795427.0,1,0,0,3,124
3795427.0,1,0,0,2,125
3795444.0,1,0,0,3,124
3795455.0,1,0,0,3,124
3795477.0,1,0,0,3,124
3795477.0,0,1,0,3,124
3795480.0,0,1,0,11,116
3795652.0,0,1,0,11,116
3795822.0,0,1,0,11,116
3795822.0,0,1,0,10,117
3795828.0,0,1,0,11,116
3795867.0,0,1,0,19,108
3796120.0,0,1,0,19,108
3796243.0,0,1,0,19,108
3796306.0,0,1,0,19,108
3796306.0,0,1,0,15,112
3796311.0,0,1,0,15,112
3796311.0,0,1,0,11,116
3796325.0,0,1,0,15,112
3796389.0,0,1,0,15,112
3796397.0,0,1,0,15,112
3796455.0,0,1,0,15,112
3796455.0,0,1,0,11,116
3796498.0,0,1,0,15,112
3796555.0,0,1,0,15,112
3796558.0,0,1,0,15,112
3796558.0,0,1,0,11,116
3796609.0,0,1,0,15,112
3796657.0,0,1,0,19,108
3796708.0,0,1,0,19,108
3796708.0,0,1,0,15,112
3796882.0,0,1,0,15,112
3796882.0,0,1,0,11,116
3796935.0,0,1,0,15,112
3796944.0,0,1,0,15,112
3796944.0,0,1,0,11,116
3796948.0,0,1,0,11,116
3796948.0,0,1,0,10,117
3796975.0,0,1,0,11,116
3796996.0,0,1,0,15,112
3796997.0,0,1,0,15,112
3797070.0,0,1,0,19,108
3797124.0,0,1,0,19,108
3797210.0,0,1,0,19,108
3797216.0,0,1,0,19,108
3797216.0,0,1,0,11,116
3797222.0,0,1,0,11,116
3797236.0,0,1,0,15,112
3797277.0,0,0,0,16,112
3797277.0,0,0,0,12,116
3797307.0,0,0,0,12,116
3797317.0,0,0,0,12,116
3797317.0,0,0,0,7,121
3797318.0,0,0,0,11,117
3797321.0,0,0,0,15,113
3797324.0,0,0,0,15,113
3797338.0,0,0,0,16,112
3797349.0,0,0,0,16,112
3797358.0,0,0,0,16,112
3797495.0,0,0,0,16,112
3797539.0,0,0,0,16,112
3797539.0,0,0,0,11,117
3797546.0,0,0,0,12,116
3797697.0,0,0,0,12,116
3797708.0,0,0,0,12,116
3797851.0,0,0,0,16,112
3797875.0,0,0,0,16,112
3797875.0,0,0,0,8,120
3797878.0,0,0,0,12,116
3797995.0,0,0,0,44,84
3797995.0,0,0,0,12,116
3797998.0,0,0,0,12,116
3797998.0,0,0,0,11,117
3798007.0,0,0,0,11,117
3798007.0,0,0,0,10,118
3798023.0,0,0,0,11,117
3798025.0,0,0,0,12,116
3798180.0,0,0,0,12,116
3798218.0,0,0,0,16,112
3798239.0,0,0,0,16,112
3798567.0,0,0,0,16,112
3798593.0,0,0,0,16,112
3798849.0,0,0,0,16,112
3798849.0,0,0,0,11,117
3798858.0,0,0,0,12,116
3798889.0,0,0,0,16,112
3798909.0,0,0,0,16,112
3798997.0,0,0,0,20,108
3799003.0,0,0,0,20,108
3799003.0,0,0,0,16,112
3799025.0,0,0,0,16,112
3799042.0,0,0,0,16,112
3799042.0,0,0,0,12,116
3799083.0,0,0,0,16,112
3799121.0,0,0,0,16,112
3799121.0,0,0,0,12,116
3799166.0,0,0,0,16,112
3799198.0,0,0,0,16,112
3799239.0,0,0,0,16,112
3799239.0,0,0,0,12,116
3799250.0,0,0,0,12,116
3799250.0,0,0,0,8,120
3799301.0,0,0,0,12,116
3799309.0,0,0,0,12,116
3799337.0,0,0,0,16,112
3799357.0,0,0,0,16,112
3799465.0,0,0,0,16,112
3799465.0,0,0,0,8,120
3799533.0,0,0,0,16,112
3799585.0,0,0,0,16,112
3799659.0,0,0,0,16,112
3799659.0,0,0,0,15,113
3799675.0,0,0,0,16,112
3799696.0,0,0,0,16,112
3799737.0,0,0,0,16,112
3799759.0,0,0,0,48,80
3799759.0,0,0,0,16,112
3799770.0,0,0,0,16,112
3799810.0,0,0,0,16,112
3799810.0,0,0,0,15,113
3799832.0,0,0,0,15,113
3799832.0,0,0,0,14,114
3799838.0,0,0,0,15,113
3799851.0,0,0,0,16,112
3799893.0,0,0,0,16,112
3799936.0,0,0,0,16,112
3799973.0,0,0,0,16,112
3799973.0,0,0,0,12,116
3800012.0,0,0,0,12,116
3800012.0,0,0,0,4,124
3800018.0,0,0,0,8,120
3800071.0,0,0,0,16,112
3800122.0,0,0,0,16,112
3800122.0,0,0,0,8,120
3800143.0,0,0,0,8,120
3800143.0,0,0,0,4,124
3800188.0,0,0,0,12,116
3800202.0,0,0,0,16,112
3800241.0,0,0,0,16,112
3800241.0,0,0,0,8,120
3800296.0,0,0,0,16,112
3800383.0,0,0,0,16,112
3800383.0,0,0,0,8,120
3800446.0,0,0,0,8,120
3800449.0,0,0,0,8,120
3800449.0,0,0,0,4,124
3800455.0,0,0,0,12,116
3800455.0,0,0,0,4,124
3800511.0,0,0,0,8,120
3800527.0,0,0,0,16,112
3800695.0,0,0,0,16,112
3800697.0,0,0,0,16,112
3800697.0,0,0,0,15,113
3800703.0,0,0,0,16,112
3800738.0,0,0,0,16,112
3800738.0,0,0,0,14,114
3800880.0,0,0,0,16,112
3800929.0,0,0,0,16,112
3801074.0,0,0,0,16,112
3801082.0,0,0,0,16,112
3801082.0,0,0,0,15,113
3801099.0,0,0,0,16,112
3801122.0,0,0,0,16,112
3801122.0,0,0,0,8,120
3801228.0,0,0,0,16,112
3801266.0,0,0,0,16,112
3801266.0,0,0,0,15,113
3801288.0,0,0,0,16,112
3801314.0,0,0,0,16,112
3801314.0,0,0,0,8,120
3801326.0,0,0,0,40,88
3801326.0,0,0,0,8,120
3801386.0,0,0,0,16,112
3801386.0,0,0,0,0,128
3801429.0,0,0,0,0,128
3801458.0,0,0,0,16,112
3801458.0,0,0,0,0,128
3801610.0,0,0,0,16,112
3801610.0,0,0,0,14,114
3801635.0,0,0,0,18,110
3801640.0,0,0,0,18,110
3801758.0,0,0,0,18,110
3801758.0,0,0,0,14,114
3801769.0,0,0,0,14,114
3801769.0,0,0,0,10,118
3801777.0,0,0,0,10,118
3801777.0,0,0,0,6,122
3801788.0,0,0,0,10,118
3801792.0,0,0,0,14,114
3801803.0,0,0,0,16,112
3801957.0,0,0,0,16,112
3801957.0,0,0,0,8,120
3801995.0,0,0,0,12,116
3802015.0,0,0,0,12,116
3802015.0,0,0,0,4,124
3802060.0,0,0,0,4,124
3802101.0,0,0,0,4,124
3802156.0,0,0,0,4,124
3802229.0,0,0,0,12,116
3802229.0,0,0,0,8,120
3802268.0,0,0,0,12,116
3802302.0,0,0,0,12,116
3802302.0,0,0,0,8,120
3802345.0,0,0,0,12,116
3802459.0,0,0,0,12,116
3802482.0,0,0,0,12,116
3802553.0,0,0,0,44,84
3802553.0,0,0,0,12,116
3802582.0,0,0,0,12,116
3802582.0,0,0,0,8,120
3802609.0,0,0,0,12,116
3802734.0,0,0,0,12,116
3802734.0,0,0,0,8,120
3802782.0,0,0,0,12,116
3802863.0,0,0,0,20,108
3803048.0,0,0,0,52,76
3803048.0,0,0,0,20,108
3803126.0,0,0,0,20,108
3803126.0,0,0,0,12,116
3803129.0,0,0,0,12,116
3803129.0,0,0,0,8,120
3803158.0,0,0,0,8,120
3803158.0,0,0,0,6,122
3803167.0,0,0,0,38,90
3803167.0,0,0,0,6,122
3803331.0,0,0,0,14,114
3803347.0,0,0,0,14,114
3803347.0,0,0,0,13,115
3803366.0,0,0,0,13,115
3803366.0,0,0,0,5,123
3803392.0,0,0,0,6,122
3803403.0,0,0,0,14,114
3803444.0,0,0,0,14,114
3803444.0,0,0,0,6,122
3803574.0,0,0,0,14,114
3803731.0,0,0,0,14,114
3803731.0,0,0,0,6,122
3803751.0,0,0,0,38,90
3803751.0,0,0,0,6,122
3803779.0,0,0,0,14,114
3803792.0,0,0,0,14,114
3803792.0,0,0,0,6,122
3803871.0,0,0,0,38,90
3803871.0,0,0,0,6,122
3803918.0,0,0,0,14,114
3803973.0,0,0,0,14,114
3803973.0,0,0,0,6,122
3803996.0,0,0,0,38,90
3803996.0,0,0,0,6,122
3804026.0,0,0,0,6,122
3804049.0,0,0,0,10,118
3804074.0,0,0,0,10,118
3804106.0,0,0,0,10,118
3804106.0,0,0,0,9,119
3804132.0,0,0,0,10,118
3804189.0,0,0,0,18,110
3804310.0,0,0,0,18,110
3804745.0,0,0,0,50,78
3804745.0,0,0,0,18,110
3805125.0,0,0,0,50,78
3805125.0,0,0,0,18,110
3805242.0,0,0,0,18,110
3805242.0,0,0,0,10,118
3805253.0,0,0,0,10,118
3805333.0,0,0,0,14,114
3805338.0,0,0,0,16,112
3805664.0,0,0,0,16,112
3805664.0,0,0,0,15,113
3805671.0,0,0,0,16,112
3805744.0,0,0,0,16,112
3805744.0,0,0,0,12,116
3805748.0,0,0,0,12,116
3805749.0,0,0,0,12,116
3805749.0,0,0,0,11,117
3805780.0,0,0,0,11,117
3805780.0,0,0,0,10,118
3805791.0,0,0,0,11,117
3805802.0,0,0,0,15,113
3805824.0,0,0,0,15,113
3805824.0,0,0,0,11,117
3805856.0,0,0,0,12,116
3805867.0,0,0,0,12,116
3805869.0,0,0,0,16,112
3805885.0,0,0,0,16,112
3805951.0,0,0,0,16,112
3805961.0,0,0,0,16,112
3805961.0,0,0,0,11,117
3805964.0,0,0,0,43,85
3805964.0,0,0,0,11,117
3806031.0,0,0,0,11,117
3806082.0,0,0,0,11,117
3806082.0,0,0,0,7,121
3806103.0,0,0,0,7,121
3806108.0,0,0,0,8,120
3806128.0,0,0,0,8,120
3806128.0,0,0,0,4,124
3806135.0,0,0,0,4,124
3806135.0,0,0,0,3,125
3806156.0,0,0,0,11,117
3806160.0,0,0,0,11,117
3806160.0,0,0,0,9,119
3806166.0,0,0,0,13,115
3806168.0,0,0,0,13,115
3806209.0,0,0,0,14,114
3806258.0,0,0,0,14,114
3806274.0,0,0,0,14,114
3806333.0,0,0,0,14,114
3806333.0,0,0,0,12,116
3806364.0,0,0,0,13,115
3806444.0,0,0,0,14,114
3806449.0,0,0,0,14,114
3806451.0,0,0,0,14,114
3806479.0,0,0,0,14,114
3806571.0,0,0,0,14,114
3806618.0,0,0,0,14,114
3806664.0,0,0,0,14,114
3806664.0,0,0,0,2,126
3806696.0,0,0,0,2,126
3806714.0,0,0,0,6,122
3806732.0,0,0,0,14,114
3806736.0,0,0,0,14,114
3806806.0,0,0,0,14,114
3806806.0,0,0,0,2,126
3806866.0,0,0,0,6,122
3806884.0,0,0,0,14,114
3806888.0,0,0,0,14,114
3807149.0,0,0,0,46,82
3807149.0,0,0,0,10,118
3807197.0,0,0,0,10,118
3807197.0,0,0,0,9,119
3807206.0,0,0,0,10,118
3807227.0,0,0,0,10,118
3807227.0,0,0,0,6,122
3807289.0,0,0,0,10,118
3807328.0,0,0,0,10,118
3807328.0,0,0,0,6,122
3807337.0,0,0,0,10,118
3807413.0,0,0,0,14,114
3807419.0,0,0,0,14,114
3807419.0,0,0,0,10,118
3807445.0,0,0,0,10,118
3807482.0,0,0,0,14,114
3807553.0,0,0,0,22,106
3807580.0,0,0,0,22,106
3807580.0,0,0,0,21,107
3807601.0,0,0,0,21,107
3807601.0,0,0,0,19,109
3807652.0,0,0,0,19,109
3807652.0,0,0,0,18,110
3807678.0,0,0,0,19,109
3807743.0,0,0,0,21,107
3807798.0,0,0,0,21,107
3807798.0,0,0,0,20,108
3807805.0,0,0,0,21,107
3807825.0,0,0,0,21,107
3807837.0,0,0,0,21,107
3807837.0,0,0,0,5,123
3807931.0,0,0,0,21,107
3807994.0,0,0,0,21,107
3808026.0,0,0,0,21,107
3808033.0,0,0,0,21,107
3808074.0,0,0,0,22,106
3808094.0,0,0,0,22,106
3808094.0,0,0,0,21,107
3808110.0,0,0,0,21,107
3808110.0,0,0,0,20,108
3808118.0,0,0,0,21,107
3808129.0,0,0,0,22,106
3808144.0,0,0,0,22,106
3808144.0,0,0,0,14,114
3808153.0,0,0,0,14,114
3808153.0,0,0,0,13,115
3808227.0,0,0,0,14,114
3808371.0,0,0,0,14,114
3808381.0,0,0,0,14,114
3808381.0,0,0,0,6,122
3808419.0,0,0,0,14,114
3808439.0,0,0,0,14,114
3808474.0,0,0,0,14,114
3808474.0,0,0,0,6,122
3808499.0,0,0,0,6,122
3808502.0,0,0,0,10,118
3808505.0,0,0,0,12,116
3808575.0,0,0,0,12,116
3808624.0,0,0,0,44,84
3808624.0,0,0,0,12,116
3808628.0,0,0,0,12,116
3808664.0,0,0,0,12,116
3808679.0,0,0,0,12,116
3808679.0,0,0,0,11,117
3808767.0,0,0,0,43,85
3808767.0,0,0,0,11,117
3808778.0,0,0,0,12,116
3808782.0,0,0,0,12,116
3808782.0,0,0,0,10,118
3808808.0,0,0,0,10,118
3808828.0,0,0,0,18,110
3808856.0,0,0,0,18,110
3808869.0,0,0,0,18,110
3808869.0,0,0,0,17,111
3808873.0,0,0,0,18,110
3808907.0,0,0,0,18,110
3808907.0,0,0,0,17,111
3808966.0,0,0,0,17,111
3808966.0,0,0,0,9,119
3809038.0,0,0,0,17,111
3809064.0,0,0,0,17,111
3809073.0,0,0,0,18,110
3809081.0,0,0,0,20,108
3809222.0,0,0,0,20,108
3809222.0,0,0,0,12,116
3809226.0,0,0,0,12,116
3809226.0,0,0,0,4,124
3809277.0,0,0,0,4,124
3809277.0,0,0,0,3,125
3809346.0,0,0,0,11,117
3809348.0,0,0,0,12,116
3809400.0,0,0,0,12,116
3809400.0,0,0,0,11,117
3809428.0,0,0,0,12,116
3809432.0,0,0,0,12,116
3809482.0,0,0,0,12,116
3809482.0,0,0,0,11,117
3809484.0,0,0,0,11,117
3809484.0,0,0,0,7,121
3809496.0,0,0,0,11,117
3809533.0,0,0,0,12,116
3809644.0,0,0,0,44,84
3809644.0,0,0,0,12,116
3809685.0,0,0,0,44,84
3809685.0,0,0,0,12,116
3809688.0,0,0,0,12,116
3809688.0,0,0,0,11,117
3809696.0,0,0,0,12,116
3809700.0,0,0,0,12,116
3809700.0,0,0,0,8,120
3809717.0,0,0,0,40,88
3809717.0,0,0,0,8,120
3809723.0,0,0,0,8,120
3809766.0,0,0,0,40,88
3809766.0,0,0,0,6,122
3809809.0,0,0,0,10,118
3809849.0,0,0,0,10,118
3809854.0,0,0,0,12,116
3809989.0,0,0,0,12,116
3810026.0,0,0,0,12,116
3810026.0,0,0,0,11,117
3810037.0,0,0,0,11,117
3810078.0,0,0,0,12,116
3810147.0,0,0,0,12,116
3810147.0,0,0,0,4,124
3810158.0,0,0,0,4,124
3810158.0,0,0,0,3,125
3810223.0,0,0,0,4,124
3810240.0,0,0,0,12,116
3810253.0,0,0,0,12,116
3810259.0,0,0,0,12,116
3810259.0,0,0,0,8,120
3810280.0,0,0,0,8,120
3810280.0,0,0,0,6,122
3810378.0,0,0,0,6,122
3810443.0,0,0,0,6,122
3810538.0,0,0,0,10,118
3810568.0,0,0,0,10,118
3810568.0,0,0,0,9,119
3810597.0,0,0,0,9,119
3810597.0,0,0,0,1,127
3810601.0,0,0,0,2,126
3810606.0,0,0,0,34,94
3810631.0,0,0,0,34,94
3810675.0,0,0,0,42,86
3810764.0,0,0,0,42,86
3810764.0,0,0,0,10,118
3810786.0,0,0,0,10,118
3810808.0,0,0,0,42,86
3810808.0,0,0,0,10,118
3810830.0,0,0,0,10,118
3810931.0,0,0,0,10,118
3811044.0,0,0,0,10,118
3811116.0,0,0,0,10,118
3811116.0,0,0,0,6,122
3811119.0,0,0,0,6,122
3811127.0,0,0,0,14,114
3811277.0,0,0,0,14,114
3811324.0,0,0,0,14,114
3811467.0,0,0,0,14,114
3811472.0,0,0,0,22,106
3811485.0,0,0,0,22,106
3811526.0,0,0,0,22,106
3811526.0,0,0,0,14,114
3811528.0,0,0,0,14,114
3811573.0,0,0,0,14,114
3811587.0,0,0,0,14,114
3811587.0,0,0,0,6,122
3811704.0,0,0,0,38,90
3811704.0,0,0,0,6,122
3811708.0,0,0,0,38,90
3811708.0,0,0,0,6,122
3811738.0,0,0,0,6,122
3811773.0,0,0,0,6,122
3811780.0,0,0,0,38,90
3811780.0,0,0,0,6,122
3811781.0,0,0,0,6,122
3811799.0,0,0,0,38,90
3811799.0,0,0,0,6,122
3811836.0,0,0,0,38,90
3811836.0,0,0,0,6,122
3812046.0,0,0,0,6,122
3812344.0,0,0,0,6,122
3812385.0,0,0,0,6,122
3812408.0,0,0,0,10,118
3812411.0,0,0,0,12,116
3812417.0,0,0,0,12,116
3812466.0,0,0,0,12,116
3812509.0,0,0,0,12,116
3812554.0,0,0,0,12,116
3812940.0,0,0,0,12,116
3812993.0,0,0,0,12,116
3812993.0,0,0,0,11,117
3813029.0,0,0,0,12,116
3813101.0,0,0,0,12,116
3813101.0,0,0,0,11,117
3813138.0,0,0,0,12,116
3813238.0,0,0,0,12,116
3813268.0,0,0,0,12,116
3813268.0,0,0,0,11,117
3813286.0,0,0,0,43,85
3813306.0,0,0,0,43,85
3813315.0,0,0,0,44,84
3813325.0,0,0,0,44,84
3813325.0,0,0,0,43,85
3813343.0,0,0,0,44,84
3813348.0,0,0,0,44,84
3813348.0,0,0,0,43,85
3813394.0,0,0,0,44,84
3813418.0,0,0,0,44,84
3813418.0,0,0,0,12,116
3813474.0,0,0,0,12,116
3813474.0,0,0,0,11,117
3813508.0,0,0,0,11,117
3813516.0,0,0,0,12,116
3813645.0,0,0,0,12,116
3813645.0,0,0,0,11,117
3813683.0,0,0,0,12,116
3813771.0,0,0,0,12,116
3813771.0,0,0,0,11,117
3813810.0,0,0,0,12,116
3813827.0,0,0,0,12,116
3813846.0,0,0,0,20,108
3813972.0,0,0,0,20,108
3813972.0,0,0,0,19,109
3814012.0,0,0,0,20,108
3814056.0,0,0,0,20,108
3814056.0,0,0,0,19,109
3814150.0,0,0,0,20,108
3814172.0,0,0,0,20,108
3814193.0,0,0,0,20,108
3814193.0,0,0,0,18,110
3814337.0,0,0,0,20,108
3814385.0,0,0,0,20,108
3814385.0,0,0,0,19,109
3814404.0,0,0,0,19,109
3814408.0,0,0,0,19,109
3814432.0,0,0,0,20,108
3814480.0,0,0,0,20,108
3814499.0,0,0,0,20,108
3814536.0,0,0,0,20,108
3814667.0,0,0,0,20,108
3814667.0,0,0,0,19,109
3814705.0,0,0,0,20,108
3814758.0,0,0,0,24,104
3814777.0,0,0,0,24,104
3814777.0,0,0,0,20,108
3814784.0,0,0,0,20,108
3814859.0,0,0,0,20,108
3815405.0,0,0,0,20,108
3815405.0,0,0,0,8,120
3815436.0,0,0,0,16,112
3815440.0,0,0,0,16,112
3815494.0,0,0,0,48,80
3815494.0,0,0,0,8,120
3815531.0,0,0,0,16,112
3815600.0,0,0,0,16,112
3815600.0,0,0,0,12,116
3815621.0,0,0,0,12,116
3815621.0,0,0,0,10,118
3815696.0,0,0,0,14,114
3815697.0,0,0,0,16,112
3815884.0,0,0,0,48,80
3815887.0,0,0,0,48,80
3815887.0,0,0,0,47,81
3815909.0,0,0,0,48,80
3815986.0,0,0,0,48,80
3816015.0,0,0,0,48,80
3816039.0,0,0,0,48,80
3816039.0,0,0,0,44,84
3816065.0,0,0,0,44,84
3816065.0,0,0,0,42,86
3816383.0,0,0,0,42,86
3816878.0,0,0,0,42,86
3816878.0,0,0,0,10,118
3817037.0,0,0,0,10,118
3817328.0,0,0,0,42,86
3817358.0,0,0,0,42,86
3817358.0,0,0,0,10,118
3817535.0,0,0,0,10,118
3817600.0,0,0,0,10,118
3817919.0,0,0,0,14,114
3818082.0,0,0,0,46,82
3818082.0,0,0,0,10,118
3818194.0,0,0,0,10,118
3818231.0,0,0,0,10,118
3818584.0,0,0,0,10,118
3818612.0,0,0,0,14,114
3818616.0,0,0,0,16,112
3818706.0,0,0,0,48,80
3818749.0,0,0,0,48,80
3818749.0,0,0,0,16,112
3818882.0,0,0,0,16,112
3818945.0,0,0,0,16,112
3819035.0,0,0,0,16,112
3819035.0,0,0,0,8,120
3819057.0,0,0,0,8,120
3819359.0,0,0,0,12,116
3819424.0,0,0,0,44,84
3819424.0,0,0,0,10,118
3820028.0,0,0,0,10,118
3820782.0,0,0,0,10,118
3821093.0,0,0,0,14,114
3821129.0,0,0,0,18,110
3821137.0,0,0,0,50,78
3821142.0,0,0,0,50,78
3821142.0,0,0,0,49,79
3821158.0,0,0,0,49,79
3821158.0,0,0,0,45,83
3821164.0,0,0,0,46,82
3821357.0,0,0,0,46,82
3821357.0,0,0,0,14,114
3821406.0,0,0,0,14,114
3821463.0,0,0,0,16,112
3821484.0,0,0,0,20,108
3821514.0,0,0,0,20,108
3821514.0,0,0,0,19,109
3821523.0,0,0,0,20,108
3821750.0,0,0,0,20,108
3821750.0,0,0,0,19,109
3821755.0,0,0,0,20,108
3821808.0,0,0,0,20,108
3821808.0,0,0,0,16,112
3822096.0,0,0,0,48,80
3822121.0,0,0,0,48,80
3822121.0,0,0,0,16,112
3822124.0,0,0,0,16,112
3822529.0,0,0,0,20,108
3822627.0,0,0,0,20,108
3822627.0,0,0,0,19,109
3822680.0,0,0,0,20,108
3822712.0,0,0,0,20,108
3822712.0,0,0,0,19,109
3822746.0,0,0,0,20,108
3822767.0,0,0,0,52,76
3822794.0,0,0,0,52,76
3822794.0,0,0,0,20,108
3822795.0,0,0,0,20,108
3822795.0,0,0,0,19,109
3822838.0,0,0,0,20,108
3822865.0,0,0,0,20,108
3822865.0,0,0,0,19,109
3822903.0,0,0,0,20,108
3823837.0,0,0,0,20,108
3824032.0,0,0,0,28,100
3824058.0,0,0,0,28,100
3824060.0,0,0,0,32,96
3824060.0,0,0,0,0,128
3824118.0,0,0,0,0,128
3824263.0,0,0,0,0,128
3824289.0,0,0,0,0,128
3824357.0,0,0,0,0,128
3824382.0,0,0,0,32,96
3824382.0,0,0,0,19,109
3824401.0,0,0,0,20,108
3824512.0,0,0,0,52,76
3824512.0,0,0,0,20,108
3824610.0,0,0,0,28,100
3824764.0,0,0,0,60,68
3824796.0,0,0,0,60,68
3824946.0,0,0,0,92,36
3824953.0,0,0,0,92,36
3824953.0,0,0,0,60,68
3825025.0,0,0,0,60,68
3825025.0,0,0,0,56,72
3825209.0,0,0,0,60,68
3825243.0,0,0,0,60,68
3825243.0,0,0,0,28,100
3825467.0,0,0,0,28,100
3825613.0,0,0,0,60,68
3825627.0,0,0,0,60,68
3825627.0,0,0,0,28,100
3825651.0,0,0,0,28,100
3825651.0,0,0,0,20,108
3827082.0,0,0,0,20,108
3827212.0,0,0,0,20,108
3827464.0,0,0,0,20,108
3827646.0,0,0,0,20,108
3828313.0,0,0,0,20,108
3828313.0,0,0,20,0,108
3831013.0,20,0,0,0,108
3831261.0,20,0,0,32,76
3831267.0,20,0,0,64,44
3831270.0,20,0,0,64,44
3831270.0,20,0,0,63,45
3831272.0,20,0,0,63,45
3831272.0,0,20,0,63,45
3831311.0,0,20,0,64,44
3831567.0,0,20,0,68,40
3833072.0,0,0,0,88,40
3833072.0,0,0,0,24,104
3833961.0,0,0,0,24,104
3833967.0,0,0,0,24,104
3833967.0,0,0,19,5,104
3834011.0,0,0,19,5,104
3834011.0,0,0,20,4,104
3834267.0,0,0,20,4,104
3834267.0,0,0,24,0,104
3835244.0,0,0,24,40,64
3835275.0,0,0,24,40,64
3835275.0,0,0,24,8,96
3835304.0,0,0,24,8,96
3835304.0,0,0,24,0,104
3836667.0,19,0,5,0,104
3836711.0,20,0,4,0,104
3836967.0,24,0,0,0,104
3837944.0,24,0,0,0,104
3842422.0,24,0,0,0,104
3842485.0,24,0,0,0,104
3842884.0,24,0,0,40,64
3842884.0,24,0,0,4,100
3843223.0,24,0,0,4,100
3843223.0,24,0,0,3,101
3843233.0,24,0,0,4,100
3843438.0,24,0,0,4,100
3843438.0,24,0,0,3,101
3843443.0,24,0,0,4,100
3844007.0,24,0,0,68,36
3845584.0,24,0,0,68,36
3845584.0,24,0,2,66,36
3845933.0,24,0,2,66,36
3845933.0,24,0,3,65,36
3846143.0,24,0,3,65,36
3846143.0,24,0,4,64,36
3846707.0,24,0,4,64,36
3846707.0,24,0,68,0,36
3848284.0,26,0,66,0,36
3848633.0,27,0,65,0,36
3848843.0,28,0,64,0,36
3849277.0,28,0,64,0,36
3849277.0,27,1,64,0,36
3849306.0,27,1,64,0,36
3849407.0,91,1,0,0,36
3849407.0,27,65,0,0,36
3849593.0,27,65,0,0,36
3849661.0,27,65,0,0,36
3849693.0,27,65,0,4,32
3849753.0,27,65,0,36,0
3849753.0,27,65,0,0,36
3851077.0,27,64,0,1,36
3851077.0,27,64,0,0,37
3851086.0,27,64,0,1,36
3851207.0,27,0,0,65,36
3851207.0,27,0,0,1,100
3852393.0,27,0,0,1,100
3853786.0,27,0,0,1,100
3853786.0,27,0,1,0,100
3856486.0,28,0,0,0,100
3862146.0,28,0,0,64,36
3864237.0,28,0,0,64,36
3864237.0,28,0,0,56,44
3864306.0,28,0,0,64,36
3864313.0,28,0,0,64,36
3864313.0,28,0,0,32,68
3864604.0,28,0,0,64,36
3864763.0,28,0,0,64,36
3864763.0,28,0,0,32,68
3864846.0,28,0,0,32,68
3865217.0,28,0,0,64,36
3866942.0,28,0,0,64,36
3866942.0,28,0,0,0,100
3866989.0,28,0,0,64,36
3867056.0,28,0,0,64,36
3867056.0,28,0,0,0,100
3867241.0,28,0,0,64,36
3867304.0,28,0,0,64,36
3867883.0,28,0,0,64,36
3867883.0,28,0,0,48,52
3867975.0,28,0,0,64,36
3868025.0,28,0,0,64,36
3868025.0,28,0,0,48,52
3868095.0,28,0,0,64,36
3868121.0,28,0,0,64,36
3868121.0,28,0,0,48,52
3868177.0,28,0,0,64,36
3868286.0,28,0,0,64,36
3868286.0,28,0,0,48,52
3868348.0,28,0,0,64,36
3868358.0,28,0,0,64,36
3868358.0,28,0,0,48,52
3868428.0,28,0,0,64,36
3868489.0,28,0,0,64,36
3868489.0,28,0,0,48,52
3868570.0,28,0,0,64,36
3868586.0,28,0,0,64,36
3868586.0,28,0,0,63,37
3868595.0,28,0,0,63,37
3868595.0,28,0,0,47,53
3868610.0,28,0,0,48,52
3868612.0,28,0,0,48,52
3868612.0,28,0,0,16,84
3868668.0,28,0,0,32,68
3868780.0,28,0,0,32,68
3868780.0,28,0,0,16,84
3868852.0,28,0,0,32,68
3868879.0,28,0,0,32,68
3868879.0,28,0,0,16,84
3868952.0,28,0,0,32,68
3869034.0,28,0,0,32,68
3869034.0,28,0,0,16,84
3869046.0,28,0,0,32,68
3869144.0,28,0,0,32,68
3869144.0,28,0,0,16,84
3869179.0,28,0,0,32,68
3869242.0,28,0,0,32,68
3869242.0,28,0,0,16,84
3869302.0,28,0,0,32,68
3869303.0,28,0,0,32,68
3869303.0,28,0,0,16,84
3869689.0,28,0,0,16,84
3869941.0,28,0,0,16,84
3869964.0,28,0,0,32,68
3869999.0,28,0,0,32,68
3869999.0,28,0,0,31,69
3870003.0,28,0,0,32,68
3870103.0,28,0,0,32,68
3870103.0,28,0,0,0,100
3870143.0,28,0,0,0,100
3870143.0,20,8,0,0,100
3870675.0,20,8,0,0,100
3870748.0,20,8,0,0,100
3870748.0,4,24,0,0,100
3870795.0,4,24,0,0,100
3870877.0,4,24,0,0,100
3871048.0,4,24,0,0,100
3871223.0,4,24,0,0,100
3871258.0,4,24,0,0,100
3871270.0,4,24,0,0,100
3871368.0,4,24,0,0,100
3871552.0,4,24,0,0,100
3871652.0,4,24,0,0,100
3871746.0,4,24,0,0,100
3871879.0,4,24,0,0,100
3871943.0,4,16,0,8,100
3871943.0,4,16,0,0,108
3872002.0,4,16,0,0,108
3872049.0,4,16,0,32,76
3872049.0,4,16,0,0,108
3872069.0,4,16,0,16,92
3872222.0,4,16,0,16,92
3872400.0,4,16,0,32,76
3872400.0,4,16,0,0,108
3872536.0,4,16,0,32,76
3872548.0,4,0,0,48,76
3872548.0,4,0,0,32,92
3872612.0,4,0,0,48,76
3873141.0,4,0,0,48,76
3873141.0,4,0,0,16,108
3873173.0,4,0,0,48,76
3873227.0,4,0,0,48,76
3873227.0,4,0,0,16,108
3873417.0,4,0,0,48,76
3873843.0,4,0,0,48,76
3873843.0,4,0,0,16,108
3873851.0,4,0,0,24,100
3874309.0,4,0,0,56,68
3874676.0,4,0,0,56,68
3874676.0,4,0,0,40,84
3874739.0,4,0,0,56,68
3874769.0,4,0,0,56,68
3874962.0,4,0,0,56,68
3874962.0,4,0,0,40,84
3874983.0,4,0,0,40,84
3874983.0,4,0,0,8,116
3875224.0,4,0,0,24,100
3875236.0,4,0,0,24,100
3875285.0,4,0,0,56,68
3875312.0,4,0,0,56,68
3875469.0,4,0,0,56,68
3875469.0,4,0,0,24,100
3875527.0,4,0,0,24,100
3875527.0,4,0,0,8,116
3875776.0,4,0,0,24,100
3875781.0,4,0,0,56,68
3875846.0,4,0,0,88,36
3875873.0,4,0,0,88,36
3875959.0,4,0,0,88,36
3875959.0,4,0,0,87,37
3875981.0,4,0,0,88,36
3876026.0,4,0,0,88,36
3876026.0,4,0,0,87,37
3876041.0,4,0,0,88,36
3876042.0,4,0,0,88,36
3876042.0,4,0,0,56,68
3876117.0,4,0,0,56,68
3876120.0,4,0,0,56,68
3876120.0,4,0,0,40,84
3876216.0,4,0,0,56,68
3876299.0,4,0,0,56,68
3876299.0,4,0,0,24,100
3876532.0,4,0,0,24,100
3876532.0,4,0,0,8,116
3876551.0,4,0,0,8,116
3876630.0,4,0,0,40,84
3876640.0,4,0,0,40,84
3876640.0,4,0,0,24,100
3876697.0,4,0,0,40,84
3876778.0,4,0,0,40,84
3876778.0,4,0,0,24,100
3876791.0,4,0,0,56,68
3876834.0,4,0,0,72,52
3876855.0,4,0,0,88,36
3876864.0,4,0,0,88,36
3876864.0,4,0,0,87,37
3876883.0,4,0,0,88,36
3876886.0,4,0,0,88,36
3876886.0,4,0,0,56,68
3876951.0,4,0,0,56,68
3876951.0,4,0,0,40,84
3876980.0,4,0,0,56,68
3877009.0,4,0,0,56,68
3877035.0,4,0,0,56,68
3877035.0,4,0,0,55,69
3877041.0,4,0,0,56,68
3877439.0,4,0,0,56,68
3877985.0,4,0,0,56,68
3878197.0,4,0,0,56,68
3878197.0,4,0,0,40,84
3878226.0,4,0,0,56,68
3878275.0,4,0,0,56,68
3878275.0,4,0,0,40,84
3878367.0,4,0,0,40,84
3878367.0,4,0,0,39,85
3878386.0,4,0,0,40,84
3878403.0,4,0,0,56,68
3878481.0,4,0,0,56,68
3878546.0,4,0,0,56,68
3878916.0,4,0,0,56,68
3879330.0,4,0,0,56,68
3879491.0,4,0,0,56,68
3879532.0,4,0,0,60,64
3879534.0,4,0,0,60,64
3879555.0,4,0,0,60,64
3879555.0,4,0,5,55,64
3879583.0,4,0,5,55,64
3879583.0,4,0,6,54,64
3879601.0,4,0,6,86,32
3879646.0,4,0,6,86,32
3879646.0,4,0,6,54,64
3879671.0,4,0,6,86,32
3879675.0,4,0,6,86,32
3879675.0,4,0,6,82,36
3879680.0,4,0,6,82,36
3879747.0,4,0,6,86,32
3879826.0,4,0,6,86,32
3879826.0,4,0,6,54,64
3879882.0,4,0,6,86,32
3879915.0,4,0,6,86,32
3879915.0,4,0,6,85,33
3879959.0,4,0,6,86,32
3880029.0,4,0,6,86,32
3880029.0,4,0,6,85,33
3880049.0,4,0,6,86,32
3880050.0,4,0,6,86,32
3880050.0,4,0,6,54,64
3880152.0,4,0,6,86,32
3880798.0,4,0,6,86,32
3880798.0,4,0,6,78,40
3880851.0,4,0,6,86,32
3880879.0,4,0,6,86,32
3880879.0,4,0,6,85,33
3880897.0,4,0,6,86,32
3880926.0,4,0,6,86,32
3880946.0,4,0,6,86,32
3880946.0,4,0,6,54,64
3881017.0,4,0,6,54,64
3881017.0,4,0,6,46,72
3881033.0,4,0,6,46,72
3881033.0,4,0,6,42,76
3881080.0,4,0,6,50,68
3881103.0,4,0,6,50,68
3881142.0,4,0,6,50,68
3881142.0,4,0,6,18,100
3881266.0,4,0,6,50,68
3881296.0,4,0,6,50,68
3881296.0,4,0,6,42,76
3881349.0,4,0,6,50,68
3881562.0,4,0,6,50,68
3881562.0,4,0,6,48,70
3881692.0,4,0,6,50,68
3881707.0,4,0,6,50,68
3881707.0,4,0,6,42,76
3881773.0,4,0,6,50,68
3881784.0,4,0,6,82,36
3881814.0,4,0,6,82,36
3881814.0,4,0,6,81,37
3881827.0,4,0,6,82,36
3881829.0,4,0,6,82,36
3881829.0,4,0,6,50,68
3881863.0,4,0,6,50,68
3881863.0,4,0,6,48,70
3882056.0,4,0,6,50,68
3882085.0,4,0,6,50,68
3882085.0,4,0,6,18,100
3882122.0,4,0,6,18,100
3882122.0,4,0,6,14,104
3882223.0,4,0,6,46,72
3882255.0,9,0,1,46,72
3882283.0,10,0,0,46,72
3882290.0,10,0,0,46,72
3882290.0,10,0,0,14,104
3882301.0,10,0,0,14,104
3882345.0,10,0,0,18,100
3882371.0,10,0,0,18,100
3882420.0,10,0,0,18,100
3882420.0,10,0,0,10,108
3882427.0,10,0,0,10,108
3882427.0,10,0,0,6,112
3882476.0,10,0,0,14,104
3882500.0,10,0,0,14,104
3882500.0,10,0,0,6,112
3882561.0,10,0,0,14,104
3882582.0,10,0,0,14,104
3882584.0,10,0,0,46,72
3882632.0,10,0,0,46,72
3882632.0,10,0,0,45,73
3882637.0,10,0,0,45,73
3882637.0,10,0,0,37,81
3882669.0,10,0,0,38,80
3882687.0,10,0,0,46,72
3882715.0,10,0,0,50,68
3882740.0,10,0,0,50,68
3882740.0,10,0,0,42,76
3882749.0,10,0,0,42,76
3882756.0,10,0,0,42,76
3882756.0,10,0,0,10,108
3882798.0,10,0,0,18,100
3882841.0,10,0,0,50,68
3882852.0,10,0,0,50,68
3882969.0,10,0,0,50,68
3882969.0,10,0,0,42,76
3883051.0,10,0,0,50,68
3883225.0,10,0,0,50,68
3883225.0,10,0,0,42,76
3883311.0,10,0,0,50,68
3883346.0,10,0,0,50,68
3883346.0,10,0,0,42,76
3883404.0,10,0,0,50,68
3883544.0,10,0,0,50,68
3883544.0,10,0,0,42,76
3883551.0,10,0,0,42,76
3883607.0,10,0,0,50,68
3883622.0,10,0,0,50,68
3883622.0,10,0,0,46,72
3883780.0,10,0,0,46,72
3883901.0,10,0,0,46,72
3883901.0,10,0,0,14,104
3883925.0,10,0,0,14,104
3883925.0,10,0,0,6,112
3883966.0,10,0,0,6,112
3884049.0,10,0,0,6,112
3884066.0,10,0,0,38,80
3884067.0,10,0,0,46,72
3884068.0,10,0,0,50,68
3884136.0,10,0,0,50,68
3884136.0,10,0,0,18,100
3884234.0,10,0,0,18,100
3884234.0,10,0,0,2,116
3884424.0,10,0,0,18,100
3884437.0,10,0,0,18,100
3884437.0,10,0,0,14,104
3884476.0,10,0,0,46,72
3884484.0,10,0,0,46,72
3884487.0,10,0,0,46,72
3884487.0,10,0,0,14,104
3884498.0,10,0,0,46,72
3884522.0,10,0,0,46,72
3884522.0,10,0,0,14,104
3884552.0,10,0,0,14,104
3884552.0,10,0,0,6,112
3884720.0,10,0,0,10,108
3884923.0,10,0,0,10,108
3884949.0,10,0,0,10,108
3884949.0,10,0,0,6,112
3885114.0,10,0,0,10,108
3885176.0,10,0,0,10,108
3885261.0,10,0,0,10,108
3885284.0,10,0,0,10,108
3885356.0,10,0,0,10,108
3885356.0,10,0,0,2,116
3885387.0,10,0,0,2,116
3885396.0,10,0,0,10,108
3885415.0,10,0,0,10,108
3885498.0,10,0,0,10,108
3885541.0,10,0,0,10,108
3885622.0,10,0,0,10,108
3885622.0,10,0,0,2,116
3885662.0,10,0,0,10,108
3885778.0,10,0,0,10,108
3885778.0,10,0,0,2,116
3885837.0,10,0,0,10,108
3886104.0,10,0,0,10,108
3886151.0,10,0,0,10,108
3886151.0,10,0,0,6,112
3886174.0,10,0,0,10,108
3886186.0,10,0,0,10,108
3886186.0,10,0,0,6,112
3886195.0,10,0,0,6,112
3886195.0,10,0,0,5,113
3886202.0,10,0,0,6,112
3886206.0,10,0,0,10,108
3886210.0,10,0,0,10,108
3886210.0,10,0,0,9,109
3886231.0,10,0,0,10,108
3886238.0,10,0,0,10,108
3886238.0,10,0,0,2,116
3886291.0,10,0,0,2,116
3886291.0,6,4,0,2,116
3886307.0,6,4,0,2,116
3886313.0,6,4,0,10,108
3886346.0,6,4,0,10,108
3886346.0,6,4,0,6,112
3886389.0,6,4,0,10,108
3886594.0,6,4,0,10,108
3886594.0,6,4,0,6,112
3886671.0,6,4,0,6,112
3886671.0,0,10,0,6,112
3886688.0,0,10,0,10,108
3886727.0,0,10,0,10,108
3886727.0,0,10,0,2,116
3886766.0,0,10,0,2,116
3886768.0,0,10,0,2,116
3886789.0,0,10,0,10,108
3886815.0,0,10,0,46,72
3886829.0,0,10,0,46,72
3886829.0,0,10,0,44,74
3886849.0,0,10,0,44,74
3886849.0,0,10,0,12,106
3886920.0,0,10,0,12,106
3886920.0,0,10,0,8,110
3886998.0,0,10,0,10,108
3887124.0,0,10,0,10,108
3887164.0,0,10,0,10,108
3887164.0,0,10,0,2,116
3887176.0,0,10,0,2,116
3887198.0,0,10,0,2,116
3887814.0,0,10,0,2,116
3887862.0,0,10,0,10,108
3888091.0,0,6,0,14,108
3888091.0,0,6,0,10,112
3888096.0,0,6,0,10,112
3888115.0,0,6,0,14,108
3888362.0,0,6,0,14,108
3888379.0,0,6,0,14,108
3888379.0,0,6,0,10,112
3888387.0,0,6,0,10,112
3888387.0,0,6,0,6,116
3888471.0,0,0,0,12,116
3888471.0,0,0,0,4,124
3888512.0,0,0,0,12,116
3888537.0,0,0,0,12,116
3888874.0,0,0,0,12,116
3888887.0,0,0,0,16,112
3888906.0,0,0,0,16,112
3889013.0,0,0,0,16,112
3889089.0,0,0,0,16,112
3889416.0,0,0,0,20,108
3889463.0,0,0,0,20,108
3889463.0,0,0,0,16,112
3889489.0,0,0,0,16,112
3889515.0,0,0,0,16,112
3889794.0,0,0,0,16,112
3889794.0,0,0,0,12,116
3889816.0,0,0,0,16,112
3889909.0,0,0,0,20,108
3889942.0,0,0,0,20,108
3889942.0,0,0,0,16,112
3889979.0,0,0,0,48,80
3889981.0,0,0,0,48,80
3889981.0,0,0,0,47,81
3890037.0,0,0,0,48,80
3890106.0,0,0,0,48,80
3890106.0,0,0,0,16,112
3890562.0,0,0,0,16,112
3890625.0,0,0,0,16,112
3890625.0,0,0,0,15,113
3890651.0,0,0,0,16,112
3890815.0,0,0,0,16,112
3891023.0,0,0,0,20,108
3891197.0,0,0,0,52,76
3891212.0,0,0,0,52,76
3891237.0,0,0,0,52,76
3891237.0,0,0,0,20,108
3891587.0,0,0,0,20,108
3891604.0,0,0,0,20,108
3891604.0,0,0,0,19,109
3891625.0,0,0,0,20,108
3891807.0,0,0,0,20,108
3891807.0,0,0,0,16,112
3891815.0,0,0,0,128,0
3892497.0,0,0,0,128,0
3892497.0,0,0,0,96,32
3892520.0,0,0,0,96,32
3892520.0,0,0,0,64,64
3892585.0,0,0,0,64,64
3892585.0,0,0,0,56,72
3892595.0,0,0,0,56,72
3892595.0,0,0,0,52,76
3892616.0,0,0,0,52,76
3892616.0,0,0,0,48,80
3892618.0,0,0,0,52,76
3892638.0,0,0,0,52,76
3892638.0,0,0,0,48,80
3892641.0,0,0,0,48,80
3892641.0,0,0,0,16,112
3892674.0,0,0,0,20,108
3892679.0,0,0,0,20,108
3892772.0,0,0,0,20,108
3892772.0,0,0,0,16,112
3892889.0,0,0,0,20,108
3892904.0,0,0,0,20,108
3892904.0,0,0,0,16,112
3892925.0,0,0,0,20,108
3892957.0,0,0,0,20,108
3892957.0,0,0,0,16,112
3892975.0,0,0,0,16,112
3892975.0,0,0,0,15,113
3892978.0,0,0,0,15,113
3892978.0,0,0,0,11,117
3893004.0,0,0,0,12,116
3893017.0,0,0,0,52,76
3893047.0,0,0,0,52,76
3893047.0,0,0,0,20,108
3893055.0,0,0,0,24,104
3893084.0,0,0,0,24,104
3893084.0,0,0,0,16,112
3893133.0,0,0,0,20,108
3893634.0,0,0,0,20,108
3893634.0,0,0,0,16,112
3893709.0,0,0,0,20,108
3893897.0,0,0,0,20,108
3894297.0,0,0,0,20,108
3894297.0,0,0,0,19,109
3894319.0,0,0,0,20,108
3894515.0,0,0,0,20,108
3895098.0,0,0,0,52,76
3895100.0,0,0,0,52,76
3895100.0,0,0,0,51,77
3895119.0,0,0,0,52,76
3895177.0,0,0,0,52,76
3895177.0,0,0,0,20,108
3895318.0,0,0,0,20,108
3895374.0,0,0,0,20,108
3895717.0,0,0,0,20,108
3895953.0,0,0,0,52,76
3896077.0,0,0,0,52,76
3896077.0,0,0,0,20,108
3896991.0,0,0,0,20,108
3896991.0,0,0,0,19,109
3897105.0,0,0,0,20,108
3897462.0,0,0,0,20,108
3897462.0,0,0,0,19,109
3897484.0,0,0,0,20,108
3897740.0,0,0,0,20,108
3897740.0,0,0,0,19,109
3897756.0,0,0,0,51,77
3897757.0,0,0,0,55,73
3897765.0,0,0,0,56,72
3897797.0,0,0,0,56,72
3897797.0,0,0,0,24,104
3897798.0,0,0,0,24,104
3897806.0,0,0,0,24,104
3897806.0,0,0,0,23,105
3897866.0,0,0,0,23,105
3897866.0,0,0,0,19,109
3897921.0,0,0,0,20,108
3898392.0,0,0,0,52,76
3898393.0,0,0,0,56,72
3898413.0,0,0,0,56,72
3898413.0,0,0,0,24,104
3898479.0,0,0,0,24,104
3898479.0,0,0,0,20,108
3898653.0,0,0,0,20,108
3898658.0,0,0,0,20,108
3898658.0,0,0,0,19,109
3898678.0,0,0,0,20,108
3899670.0,0,0,0,20,108
3899670.0,0,0,0,19,109
3899675.0,0,0,0,20,108
3899689.0,0,0,0,52,76
3899691.0,0,0,0,52,76
3899691.0,0,0,0,51,77
3899719.0,0,0,0,52,76
3899747.0,0,0,0,52,76
3899747.0,0,0,0,51,77
3899764.0,0,0,0,52,76
3899781.0,0,0,0,52,76
3899781.0,0,0,0,51,77
3899810.0,0,0,0,51,77
3899810.0,0,0,0,19,109
3899880.0,0,0,0,20,108
3899928.0,0,0,0,52,76
3899931.0,0,0,0,60,68
3900456.0,0,0,0,60,68
3901092.0,0,0,0,60,68
3901337.0,0,0,0,60,68
3901337.0,0,0,0,59,69
3901354.0,0,0,0,60,68
3901413.0,0,0,0,92,36
3901414.0,0,0,0,92,36
3901414.0,0,0,0,91,37
3901431.0,0,0,0,92,36
3901460.0,0,0,0,92,36
3901460.0,0,0,0,60,68
3902335.0,0,0,0,92,36
3902379.0,0,0,0,92,36
3902379.0,0,0,0,60,68
3902389.0,0,0,0,60,68
3902628.0,0,0,0,60,68
3902725.0,0,0,0,60,68
3902725.0,0,0,0,28,100
3902737.0,0,0,0,60,68
3903077.0,0,0,0,92,36
3903078.0,0,0,0,96,32
3903094.0,0,0,0,96,32
3903094.0,0,0,0,64,64
3903159.0,0,0,0,64,64
3903159.0,0,0,0,60,68
3903438.0,0,0,0,60,68
3903438.0,0,0,0,28,100
3903470.0,0,0,0,28,100
3903470.0,0,0,0,20,108
3904113.0,0,0,0,20,108
3904755.0,0,0,0,52,76
3904760.0,0,0,0,52,76
3904760.0,0,0,0,51,77
3904766.0,0,0,0,51,77
3904766.0,0,0,0,50,78
3904776.0,0,0,0,51,77
3904781.0,0,0,0,52,76
3904810.0,0,0,0,52,76
3904810.0,0,0,0,20,108
3905035.0,0,0,0,20,108
3905437.0,0,0,0,20,108
3905777.0,0,0,0,20,108
3907190.0,0,0,0,52,76
3907192.0,0,0,0,52,76
3907192.0,0,0,0,51,77
3907196.0,0,0,0,51,77
3907196.0,0,0,0,50,78
3907204.0,0,0,0,51,77
3907212.0,0,0,0,52,76
3907241.0,0,0,0,52,76
3907241.0,0,0,0,20,108
3907455.0,0,0,0,20,108
3909634.0,0,0,0,52,76
3909636.0,0,0,0,52,76
3909636.0,0,0,0,51,77
3909662.0,0,0,0,52,76
3909890.0,0,0,0,52,76
3909890.0,0,0,17,35,76
3909904.0,0,0,17,35,76
3909904.0,0,0,18,34,76
3909912.0,0,0,18,34,76
3909912.0,0,0,19,33,76
3909958.0,0,0,19,33,76
3909958.0,0,0,19,1,108
3910754.0,0,0,19,1,108
3910754.0,0,0,19,0,109
3910771.0,0,0,19,1,108
3912289.0,0,0,19,33,76
3912291.0,0,0,19,33,76
3912291.0,0,0,19,32,77
3912316.0,0,0,19,33,76
3912334.0,0,0,19,33,76
3912362.0,0,0,19,33,76
3912590.0,17,0,2,33,76
3912604.0,18,0,1,33,76
3912612.0,19,0,0,33,76
3913410.0,19,0,0,33,76
3913410.0,19,0,0,32,77
3913419.0,19,0,0,33,76
3913471.0,19,0,0,33,76
3913521.0,19,0,0,33,76
3913521.0,19,0,0,1,108
3914355.0,19,0,0,33,76
3914989.0,19,0,0,33,76
3916119.0,19,0,0,33,76
3916119.0,19,0,1,32,76
3917055.0,19,0,1,32,76
3917055.0,19,0,33,0,76
3917656.0,19,0,33,32,44
3917662.0,19,0,33,32,44
3918819.0,20,0,32,32,44
3919755.0,52,0,0,32,44
3919755.0,0,52,0,32,44
3920356.0,0,52,0,32,44
3920356.0,0,52,20,12,44
3921555.0,0,0,20,64,44
3921555.0,0,0,20,0,108
3923056.0,20,0,0,0,108
3923871.0,20,0,0,0,108
3923871.0,16,4,0,0,108
3924732.0,16,4,0,0,108
3924732.0,12,8,0,0,108
3925488.0,12,8,0,0,108
3925488.0,8,12,0,0,108
3925666.0,8,12,0,0,108
3925666.0,4,16,0,0,108
3925671.0,4,12,0,4,108
3925671.0,4,12,0,0,112
3925752.0,4,12,0,0,112
3925752.0,0,16,0,0,112
3925846.0,0,16,0,4,108
3925929.0,0,16,0,4,108
3925929.0,0,16,0,2,110
3925951.0,0,16,0,4,108
3926532.0,0,12,0,8,108
3926532.0,0,12,0,4,112
3926970.0,0,12,0,8,108
3927260.0,0,12,0,48,68
3927265.0,0,12,0,52,64
3927269.0,0,12,0,52,64
3927288.0,0,8,0,56,64
3927288.0,0,8,0,52,68
3927426.0,0,8,0,56,64
3927466.0,0,4,0,60,64
3927466.0,0,4,0,56,68
3927491.0,0,4,0,60,64
3927552.0,0,0,0,64,64
3927552.0,0,0,0,60,68
3927575.0,0,0,0,64,64
3927575.0,0,0,0,0,128
3928546.0,0,0,0,0,128
3931151.0,0,0,0,64,64
3932712.0,0,0,0,128,0
3933851.0,0,0,0,128,0
3933851.0,0,0,64,64,0
3935412.0,0,0,64,64,0
3935412.0,0,0,128,0,0
3936551.0,64,0,64,0,0
3938112.0,128,0,0,0,0
4445517.0,128,0,0,0,0
4445517.0,64,64,0,0,0
4445838.0,64,64,0,0,0
4445838.0,0,128,0,0,0
4447317.0,0,64,0,64,0
4447317.0,0,64,0,0,64
4447623.0,0,64,0,64,0
4447638.0,0,0,0,128,0
4447638.0,0,0,0,64,64
4450323.0,0,0,0,64,64
4450323.0,0,0,64,0,64
4453023.0,64,0,0,0,64
4453448.0,64,0,0,0,64
4453448.0,56,8,0,0,64
4455248.0,56,0,0,8,64
4455248.0,56,0,0,0,72
4455406.0,56,0,0,0,72
4456549.0,56,0,0,8,64
4456549.0,0,56,0,8,64
4457207.0,0,56,0,72,0
4458349.0,0,0,0,128,0
4458349.0,0,0,0,64,64
4459907.0,0,0,0,64,64
4459907.0,0,0,64,0,64
4462607.0,64,0,0,0,64
4468002.0,64,0,0,64,0
4470702.0,64,0,0,64,0
4470702.0,64,0,64,0,0
4471968.0,64,0,64,0,0
4471968.0,32,32,64,0,0
4473402.0,96,32,0,0,0
4473768.0,96,0,0,32,0
4473768.0,96,0,0,0,32
4475003.0,96,0,0,0,32
4475003.0,95,1,0,0,32
4475618.0,95,1,0,0,32
4475618.0,94,2,0,0,32
4475781.0,94,2,0,0,32
4475781.0,86,10,0,0,32
4476798.0,86,10,0,0,32
4476798.0,78,18,0,0,32
4476803.0,78,17,0,1,32
4476803.0,78,17,0,0,33
4476806.0,78,17,0,1,32
4477418.0,78,16,0,2,32
4477418.0,78,16,0,1,33
4477435.0,78,16,0,2,32
4477581.0,78,8,0,10,32
4477581.0,78,8,0,2,40
4477649.0,78,8,0,10,32
4477761.0,78,8,0,10,32
4477761.0,78,8,0,2,40
4477813.0,78,8,0,10,32
4478598.0,78,0,0,18,32
4478598.0,78,0,0,10,40
4478668.0,78,0,0,18,32
4478879.0,78,0,0,18,32
4478879.0,78,0,0,10,40
4478962.0,78,0,0,18,32
4479506.0,78,0,0,18,32
4480349.0,78,0,0,18,32
4480513.0,78,0,0,18,32
4480513.0,78,0,2,16,32
4480640.0,78,0,2,16,32
4480640.0,46,32,2,16,32
4480667.0,46,32,2,16,32
4480667.0,46,32,2,8,40
4480688.0,46,32,2,16,32
4480733.0,46,32,2,16,32
4480744.0,46,32,2,16,32
4480826.0,46,32,2,16,32
4480858.0,46,32,2,16,32
4480858.0,38,40,2,16,32
4481368.0,38,40,2,16,32
4481413.0,38,40,2,16,32
4481476.0,38,40,2,16,32
4481476.0,30,48,2,16,32
4481662.0,30,48,2,16,32
4481662.0,30,48,10,8,32
4482440.0,30,16,10,40,32
4482440.0,30,16,10,8,64
4482487.0,30,16,10,40,32
4482487.0,0,46,10,40,32
4482618.0,0,46,10,72,0
4482618.0,0,46,10,40,32
4482652.0,0,46,10,72,0
4482652.0,0,46,10,40,32
4482658.0,0,38,10,48,32
4482658.0,0,38,10,40,40
4483154.0,0,38,10,40,40
4483213.0,2,38,8,40,40
4483276.0,2,30,8,48,40
4483276.0,2,30,8,40,48
4483337.0,2,30,8,48,40
4483388.0,2,30,8,48,40
4483780.0,2,30,8,48,40
4483780.0,2,30,8,46,42
4483793.0,2,30,8,47,41
4483802.0,2,30,8,48,40
4483900.0,2,30,8,48,40
4484194.0,2,30,8,48,40
4484287.0,2,0,8,78,40
4484287.0,2,0,8,14,104
4484362.0,10,0,0,14,104
4484388.0,10,0,0,78,40
4484388.0,10,0,0,14,104
4484412.0,10,0,0,78,40
4484412.0,10,0,0,14,104
4484601.0,10,0,0,46,72
4484893.0,10,0,0,46,72
4484893.0,10,0,0,38,80
4484952.0,10,0,0,46,72
4485187.0,10,0,0,46,72
4485318.0,10,0,0,46,72
4485352.0,10,0,0,46,72
4485393.0,10,0,0,46,72
4485393.0,10,0,0,14,104
4485562.0,10,0,0,14,104
4485562.0,10,0,0,6,112
4485600.0,10,0,0,14,104
4485618.0,10,0,0,46,72
4486062.0,10,0,0,46,72
4486062.0,10,0,0,38,80
4486086.0,10,0,0,46,72
4487088.0,10,0,0,46,72
4487112.0,10,0,0,46,72
4487301.0,10,0,0,46,72
4487652.0,10,0,0,46,72
4488300.0,10,0,0,46,72
4488300.0,10,0,6,40,72
4488318.0,10,0,6,40,72
4488318.0,10,0,38,8,72
4488786.0,10,0,38,8,72
4488786.0,10,0,46,0,72
4488918.0,10,0,46,0,72
4488918.0,9,1,46,0,72
4489122.0,9,1,46,0,72
4489176.0,9,1,46,32,40
4489176.0,9,1,46,0,72
4489194.0,9,1,46,0,72
4489194.0,8,2,46,0,72
4489302.0,8,2,46,0,72
4489302.0,6,4,46,0,72
4489377.0,6,4,46,0,72
4489377.0,2,8,46,0,72
4489440.0,2,8,46,32,40
4489469.0,2,8,46,32,40
4489469.0,2,8,46,0,72
4489494.0,2,8,46,0,72
4489615.0,2,8,46,0,72
4489721.0,2,8,46,0,72
4490016.0,2,8,46,0,72
4490034.0,2,8,46,0,72
4490097.0,2,8,46,0,72
4490151.0,2,8,46,0,72
4490194.0,2,8,46,0,72
4490236.0,2,8,46,0,72
4490267.0,2,8,46,0,72
4490277.0,2,8,46,0,72
4490347.0,2,8,46,0,72
4490445.0,2,8,46,0,72
4490486.0,2,8,46,32,40
4490486.0,2,8,46,0,72
4490495.0,2,8,46,1,71
4490495.0,2,8,46,0,72
4490507.0,2,8,46,1,71
4490513.0,2,8,46,2,70
4490515.0,2,8,46,4,68
4490520.0,2,8,46,8,64
4490543.0,2,8,46,8,64
4490576.0,2,8,46,24,48
4490596.0,2,8,46,32,40
4490596.0,2,8,46,0,72
4490706.0,2,8,46,32,40
4490706.0,2,8,46,8,64
4490718.0,2,7,46,9,64
4490718.0,2,7,46,8,65
4490734.0,2,7,46,9,64
4490786.0,2,7,46,17,56
4490786.0,2,7,46,1,72
4490802.0,2,7,46,5,68
4490824.0,2,7,46,13,60
4490825.0,2,7,46,17,56
4490873.0,2,7,46,33,40
4490873.0,2,7,46,1,72
4490988.0,2,7,46,33,40
4490994.0,2,6,46,34,40
4490994.0,2,6,46,33,41
4491000.0,8,6,40,33,41
4491018.0,40,6,8,33,41
4491074.0,40,6,8,34,40
4491102.0,40,4,8,36,40
4491102.0,40,4,8,34,42
4491165.0,40,4,8,36,40
4491177.0,40,0,8,40,40
4491177.0,40,0,8,36,44
4491282.0,40,0,8,40,40
4491445.0,40,0,8,40,40
4491445.0,40,0,8,39,41
4491471.0,40,0,8,40,40
4491484.0,40,0,8,40,40
4491484.0,40,0,8,38,42
4491486.0,48,0,0,38,42
4491516.0,48,0,0,40,40
4491526.0,48,0,0,40,40
4491526.0,48,0,0,36,44
4491615.0,48,0,0,40,40
4491627.0,48,0,0,40,40
4491627.0,48,0,0,32,48
4491703.0,48,0,0,40,40
4491722.0,48,0,0,40,40
4491722.0,48,0,0,24,56
4491830.0,48,0,0,40,40
4491844.0,48,0,0,40,40
4491844.0,48,0,0,8,72
4491965.0,48,0,0,8,72
4491965.0,16,32,0,8,72
4491976.0,16,32,0,40,40
4492140.0,16,32,0,40,40
4492376.0,16,32,0,40,40
4492376.0,16,32,0,8,72
4492477.0,16,32,0,8,72
4492477.0,16,32,0,4,76
4492584.0,16,32,0,8,72
4492590.0,16,32,0,8,72
4492590.0,16,32,0,0,80
4492681.0,16,32,0,8,72
4492761.0,16,32,0,8,72
4492779.0,16,32,0,40,40
4492779.0,16,32,0,8,72
4492986.0,16,32,0,8,72
4492998.0,16,32,0,40,40
4493207.0,16,32,0,40,40
4493219.0,16,32,0,40,40
4493236.0,16,32,0,40,40
4493236.0,0,48,0,32,48
4493406.0,0,48,0,32,48
4493486.0,0,48,0,32,48
4493570.0,0,48,0,32,48
4493573.0,0,48,0,32,48
4493579.0,0,48,0,32,48
4493579.0,0,48,0,31,49
4493582.0,0,48,0,39,41
4493633.0,0,48,0,40,40
4493639.0,0,48,0,40,40
4493639.0,0,48,0,6,74
4493688.0,0,48,0,6,74
4493702.0,0,48,0,8,72
4493729.0,0,48,0,8,72
4493765.0,0,16,0,40,72
4493765.0,0,16,0,8,104
4493883.0,0,16,0,8,104
4493883.0,0,16,0,4,108
4493975.0,0,16,0,4,108
4493982.0,0,16,0,4,108
4493994.0,0,16,0,36,76
4494015.0,0,16,0,40,72
4494015.0,0,16,0,32,80
4494084.0,0,16,0,32,80
4494098.0,0,16,0,40,72
4494134.0,0,16,0,72,40
4494134.0,0,16,0,8,104
4494296.0,0,16,0,72,40
4494296.0,0,16,0,24,88
4494388.0,0,16,0,40,72
4494388.0,0,16,0,8,104
4494493.0,0,16,0,40,72
4494502.0,0,16,0,40,72
4494502.0,0,16,0,36,76
4494530.0,0,16,0,40,72
4494676.0,0,16,0,40,72
4494713.0,0,16,0,40,72
4494713.0,0,16,0,8,104
4494722.0,0,16,0,40,72
4494756.0,0,16,0,40,72
4494756.0,0,16,0,36,76
4494891.0,0,16,0,40,72
4494903.0,0,16,0,40,72
4494903.0,0,16,0,32,80
4495036.0,0,0,0,48,80
4495036.0,0,0,0,32,96
4495118.0,0,0,0,32,96
4495118.0,0,0,0,31,97
4495129.0,0,0,0,39,89
4495146.0,0,0,0,40,88
4495166.0,0,0,0,40,88
4495166.0,0,0,0,38,90
4495193.0,0,0,0,40,88
4495204.0,0,0,0,40,88
4495204.0,0,0,0,36,92
4495214.0,0,0,0,52,76
4495281.0,0,0,0,84,44
4495283.0,0,0,0,84,44
4495283.0,0,0,0,83,45
4495298.0,0,0,0,87,41
4495299.0,0,0,0,88,40
4495302.0,0,0,0,88,40
4495302.0,0,0,0,87,41
4495313.0,0,0,0,87,41
4495313.0,0,0,0,79,49
4495315.0,0,0,0,80,48
4495374.0,0,0,0,80,48
4495374.0,0,0,0,48,80
4495381.0,0,0,0,48,80
4495402.0,0,0,0,56,72
4495415.0,0,0,0,56,72
4495415.0,0,0,0,40,88
4495479.0,0,0,0,40,88
4495539.0,0,0,0,56,72
4495555.0,0,0,0,56,72
4495555.0,0,0,0,24,104
4495584.0,0,0,0,56,72
4495643.0,0,0,0,56,72
4495643.0,0,0,0,24,104
4495675.0,0,0,0,56,72
4495764.0,0,0,0,56,72
4495764.0,0,0,0,24,104
4495867.0,0,0,0,56,72
4496122.0,0,0,0,56,72
4496122.0,0,0,0,48,80
4496126.0,0,0,0,48,80
4496126.0,0,0,0,47,81
4496180.0,0,0,0,48,80
4496197.0,0,0,0,48,80
4496197.0,0,0,0,46,82
4496203.0,0,0,0,48,80
4496240.0,0,0,0,56,72
4496280.0,0,0,0,56,72
4496280.0,0,0,0,55,73
4496282.0,0,0,0,55,73
4496337.0,0,0,0,56,72
4496348.0,0,0,0,56,72
4496348.0,0,0,0,54,74
4496388.0,0,0,0,56,72
4496399.0,0,0,0,56,72
4496399.0,0,0,0,52,76
4496442.0,0,0,0,56,72
4496452.0,0,0,0,56,72
4496452.0,0,0,0,48,80
4496490.0,0,0,0,56,72
4496501.0,0,0,0,56,72
4496501.0,0,0,0,40,88
4496553.0,0,0,0,56,72
4496568.0,0,0,0,56,72
4496568.0,0,0,0,24,104
4496658.0,0,0,0,56,72
4496694.0,0,0,0,56,72
4496834.0,0,0,0,56,72
4496918.0,0,0,0,56,72
4496918.0,0,0,0,55,73
4496923.0,0,0,0,55,73
4496923.0,0,0,0,23,105
4496966.0,0,0,0,55,73
4496973.0,0,0,0,56,72
4496996.0,0,0,0,56,72
4497088.0,0,0,0,56,72
4497193.0,0,0,0,56,72
4497230.0,0,0,0,56,72
4497422.0,0,0,0,56,72
4497487.0,0,0,0,56,72
4497487.0,0,0,0,55,73
4497642.0,0,0,0,55,73
4497642.0,0,0,0,23,105
4497678.0,0,0,0,55,73
4497914.0,0,0,0,55,73
4497981.0,0,0,0,55,73
4497996.0,0,0,0,56,72
4498067.0,0,0,0,56,72
4498067.0,0,0,0,55,73
4498102.0,0,0,0,55,73
4498137.0,0,0,0,56,72
4498146.0,0,0,0,56,72
4498146.0,0,0,0,54,74
4498284.0,0,0,0,54,74
4498303.0,0,0,0,56,72
4498313.0,0,0,0,56,72
4498313.0,0,0,0,52,76
4498344.0,0,0,0,56,72
4498375.0,0,0,0,56,72
4498527.0,0,0,0,56,72
4498527.0,0,0,0,55,73
4498547.0,0,0,0,56,72
4498567.0,0,0,0,56,72
4499032.0,0,0,0,56,72
4499032.0,0,0,0,55,73
4499101.0,0,0,0,55,73
4499101.0,0,0,0,51,77
4499120.0,0,0,0,52,76
4499137.0,0,0,0,52,76
4499137.0,0,0,0,50,78
4499190.0,0,0,0,50,78
4499204.0,0,0,0,50,78
4499204.0,0,0,0,46,82
4499214.0,0,0,0,50,78
4499217.0,0,0,0,52,76
4499226.0,0,0,0,52,76
4499226.0,0,0,0,48,80
4499282.0,0,0,0,52,76
4499298.0,0,0,0,52,76
4499298.0,0,0,0,44,84
4499358.0,0,0,0,44,84
4499364.0,0,0,0,52,76
4499381.0,0,0,0,52,76
4499381.0,0,0,0,36,92
4499446.0,0,0,0,52,76
4499462.0,0,0,0,52,76
4499462.0,0,0,0,20,108
4499553.0,0,0,0,24,104
4499562.0,0,0,0,56,72
4499666.0,0,0,0,56,72
4499803.0,0,0,0,56,72
4499803.0,0,0,0,55,73
4499885.0,0,0,0,56,72
4500139.0,0,0,0,56,72
4500139.0,0,0,0,55,73
4500140.0,0,0,0,55,73
4500140.0,0,0,0,54,74
4500160.0,0,0,0,55,73
4500167.0,0,0,0,56,72
4500177.0,0,0,0,56,72
4500177.0,0,0,0,54,74
4500230.0,0,0,0,56,72
4500241.0,0,0,0,56,72
4500241.0,0,0,0,52,76
4500300.0,0,0,0,56,72
4500310.0,0,0,0,56,72
4500310.0,0,0,0,48,80
4500372.0,0,0,0,56,72
4500378.0,0,0,0,56,72
4500386.0,0,0,0,56,72
4500386.0,0,0,0,40,88
4500454.0,0,0,0,56,72
4500473.0,0,0,0,56,72
4500473.0,0,0,0,24,104
4500509.0,0,0,0,56,72
4501211.0,0,0,0,56,72
4501211.0,0,0,0,55,73
4501231.0,0,0,0,56,72
4501322.0,0,0,0,56,72
4501322.0,0,0,0,55,73
4501343.0,0,0,0,56,72
4501464.0,0,0,0,56,72
4501464.0,0,0,0,55,73
4501496.0,0,0,0,56,72
4501658.0,0,0,0,56,72
4501658.0,0,0,0,55,73
4501687.0,0,0,0,56,72
4501703.0,0,0,0,56,72
4501703.0,0,0,0,54,74
4501749.0,0,0,0,56,72
4501765.0,0,0,0,56,72
4501765.0,0,0,0,52,76
4501816.0,0,0,0,56,72
4501827.0,0,0,0,56,72
4501827.0,0,0,0,48,80
4501878.0,0,0,0,56,72
4501888.0,0,0,0,56,72
4501888.0,0,0,0,40,88
4501956.0,0,0,0,56,72
4501967.0,0,0,0,56,72
4501967.0,0,0,0,24,104
4502062.0,0,0,0,56,72
4502064.0,0,0,0,56,72
4502146.0,0,0,0,56,72
4502239.0,0,0,0,88,40
4502241.0,0,0,0,88,40
4502241.0,0,0,0,87,41
4502255.0,0,0,0,88,40
4502262.0,0,0,0,88,40
4502697.0,0,0,0,88,40
4502697.0,0,0,0,87,41
4502707.0,0,0,0,87,41
4502707.0,0,0,0,55,73
4502751.0,0,0,0,56,72
4502765.0,0,0,0,56,72
4502765.0,0,0,0,54,74
4502828.0,0,0,0,56,72
4502847.0,0,0,0,56,72
4502847.0,0,0,0,52,76
4502883.0,0,0,0,56,72
4502898.0,0,0,0,56,72
4502898.0,0,0,0,48,80
4502941.0,0,0,0,56,72
4502953.0,0,0,0,56,72
4502953.0,0,0,0,40,88
4503013.0,0,0,0,56,72
4503026.0,0,0,0,56,72
4503026.0,0,0,0,24,104
4503072.0,0,0,0,24,104
4503104.0,0,0,0,24,104
4503104.0,0,0,0,23,105
4503114.0,0,0,0,55,73
4503115.0,0,0,0,56,72
4503154.0,0,0,0,56,72
4503209.0,0,0,0,56,72
4503691.0,0,0,0,56,72
4503691.0,0,0,0,55,73
4503732.0,0,0,0,56,72
4503755.0,0,0,0,56,72
4503755.0,0,0,0,24,104
4503757.0,0,0,0,24,104
4503757.0,0,0,0,22,106
4503759.0,0,0,0,24,104
4503818.0,0,0,0,24,104
4503818.0,0,0,0,20,108
4503825.0,0,0,0,20,108
4503825.0,0,0,0,16,112
4503830.0,0,0,0,20,108
4503841.0,0,0,0,24,104
4503842.0,0,0,0,56,72
4503851.0,0,0,0,56,72
4503851.0,0,0,0,40,88
4503937.0,0,0,0,56,72
4503954.0,0,0,0,56,72
4503954.0,0,0,0,24,104
4503999.0,0,0,0,56,72
4504001.0,0,0,0,56,72
4504001.0,0,0,0,55,73
4504019.0,0,0,0,56,72
4504090.0,0,0,0,88,40
4504141.0,0,0,0,88,40
4504141.0,0,0,0,86,42
4504144.0,0,0,0,86,42
4504144.0,0,0,0,54,74
4504152.0,0,0,0,54,74
4504152.0,0,0,0,53,75
4504167.0,0,0,0,55,73
4504188.0,0,0,0,56,72
4504219.0,0,0,0,56,72
4504219.0,0,0,0,52,76
4504237.0,0,0,0,52,76
4504237.0,0,0,0,48,80
4504251.0,0,0,0,52,76
4504263.0,0,0,0,52,76
4504263.0,0,0,0,44,84
4504289.0,0,0,0,52,76
4504343.0,0,0,0,52,76
4504343.0,0,0,0,44,84
4504364.0,0,0,0,52,76
4504385.0,0,0,0,52,76
4504385.0,0,0,0,20,108
4504476.0,0,0,0,20,108
4504476.0,0,0,0,16,112
4504497.0,0,0,0,20,108
4504572.0,0,0,0,52,76
4504578.0,0,0,0,52,76
4504607.0,0,0,0,52,76
4504607.0,0,0,0,20,108
4504737.0,0,0,0,52,76
4504758.0,0,0,0,52,76
4504758.0,0,0,0,20,108
4504762.0,0,0,0,20,108
4504828.0,0,0,0,20,108
4504846.0,0,0,0,52,76
4504846.0,0,0,0,20,108
4504868.0,0,0,0,20,108
4504868.0,0,0,0,16,112
4504890.0,0,0,0,20,108
4504939.0,0,0,0,20,108
4505005.0,0,0,0,20,108
4505005.0,0,0,0,16,112
4505026.0,0,0,0,20,108
4505044.0,0,0,0,20,108
4505044.0,0,0,0,4,124
4505066.0,0,0,0,20,108
4505610.0,0,0,0,20,108
4505610.0,0,0,0,16,112
4505641.0,0,0,0,16,112
4505668.0,0,0,0,16,112
4505814.0,0,0,0,16,112
4505917.0,0,0,0,16,112
4505952.0,0,0,0,16,112
4505952.0,0,0,0,12,116
4506017.0,0,0,0,14,114
4506046.0,0,0,0,14,114
4506049.0,0,0,0,16,112
4506142.0,0,0,0,16,112
4506142.0,0,0,0,14,114
4506157.0,0,0,0,16,112
4506530.0,0,0,0,16,112
4506542.0,0,0,0,16,112
4506609.0,0,0,0,16,112
4506617.0,0,0,0,24,104
4506643.0,0,0,0,56,72
4506643.0,0,0,0,16,112
4506673.0,0,0,0,48,80
4506699.0,0,0,0,48,80
4506790.0,0,0,0,48,80
4506951.0,0,0,0,48,80
4506989.0,0,0,0,48,80
4507154.0,0,0,0,56,72
4507172.0,0,0,0,56,72
4507172.0,0,0,0,48,80
4507209.0,0,0,0,56,72
4507227.0,0,0,0,56,72
4507227.0,0,0,0,48,80
4507272.0,0,0,0,48,80
4507437.0,0,0,0,48,80
4507546.0,0,0,0,48,80
4507726.0,0,0,0,48,80
4507766.0,0,0,0,48,80
4508128.0,0,0,0,48,80
4508128.0,0,0,0,16,112
4508159.0,0,0,0,48,80
4508370.0,0,0,0,56,72
4508473.0,0,0,0,56,72
4508473.0,0,0,0,55,73
4508491.0,0,0,0,59,69
4508497.0,0,0,0,60,68
4508666.0,0,0,0,60,68
4508666.0,0,0,0,52,76
4509289.0,0,0,0,52,76
4509289.0,0,0,0,20,108
4509325.0,0,0,0,52,76
4509343.0,0,0,0,52,76
4509373.0,0,0,0,52,76
4509409.0,0,0,0,60,68
4509506.0,0,0,0,60,68
4509506.0,0,0,0,52,76
4509681.0,0,0,0,60,68
4509697.0,0,0,0,60,68
4509697.0,0,0,0,28,100
4509699.0,0,0,0,28,100
4509699.0,0,0,0,20,108
4509741.0,0,0,0,52,76
4509744.0,0,0,0,60,68
4509766.0,0,0,0,60,68
4509766.0,0,0,0,52,76
4509854.0,0,0,0,52,76
4509909.0,0,0,0,52,76
4510156.0,0,0,0,60,68
4510446.0,0,0,0,60,68
4510446.0,0,0,0,28,100
4510626.0,0,0,0,28,100
4510626.0,0,0,0,20,108
4510668.0,0,0,0,52,76
4510678.0,0,0,0,52,76
4510678.0,0,0,0,36,92
4510755.0,0,0,0,44,84
4510859.0,0,0,0,44,84
4510860.0,0,0,0,60,68
4510896.0,0,0,0,60,68
4510896.0,0,0,0,52,76
4511070.0,0,0,0,52,76
4512025.0,0,0,0,52,76
4512109.0,0,0,0,52,76
4512441.0,0,0,0,52,76
4512606.0,0,0,0,52,76
4512606.0,0,0,0,20,108
4512634.0,0,0,0,20,108
4512634.0,0,0,0,12,116
4512856.0,0,0,0,12,116
4513278.0,0,0,0,12,116
4513278.0,0,0,0,11,117
4513283.0,0,0,0,12,116
4513326.0,0,0,0,44,84
4513347.0,0,0,0,44,84
4513347.0,0,0,0,12,116
4513368.0,0,0,0,12,116
4513378.0,0,0,0,44,84
4513455.0,0,0,0,44,84
4513560.0,0,0,0,44,84
4513614.0,0,0,0,44,84
4513614.0,0,0,0,12,116
4513627.0,0,0,0,16,112
4514031.0,0,0,0,48,80
4514232.0,0,0,0,48,80
4514232.0,0,0,0,16,112
4514288.0,0,0,0,16,112
4514288.0,0,0,0,12,116
4514775.0,0,0,0,20,108
4514906.0,0,0,0,20,108
4514906.0,0,0,0,19,109
4514920.0,0,0,0,52,76
4515169.0,0,0,0,52,76
4515169.0,0,0,0,20,108
4515554.0,0,0,0,20,108
4515554.0,0,0,0,19,109
4515571.0,0,0,0,20,108
4516026.0,0,0,0,20,108
4516078.0,0,0,0,20,108
4516731.0,0,0,0,20,108
4517620.0,0,0,0,20,108
4517620.0,0,0,19,1,108
4518271.0,0,0,19,1,108
4518271.0,0,0,20,0,108
4520320.0,19,0,1,0,108
4520971.0,20,0,0,0,108
4522461.0,20,0,0,40,68
4522465.0,20,0,0,72,36
4522468.0,20,0,0,72,36
4522468.0,20,0,0,8,100
4522765.0,20,0,0,12,96
4522767.0,20,0,0,12,96
4522767.0,0,20,0,12,96
4523131.0,0,20,0,12,96
4523495.0,0,20,0,12,96
4523857.0,0,20,0,12,96
4524219.0,0,20,0,12,96
4524567.0,0,0,0,32,96
4524567.0,0,0,0,0,128
4524586.0,0,0,0,0,128
4524629.0,0,0,0,32,96
4524629.0,0,0,0,0,128
4524692.0,0,0,0,32,96
4524692.0,0,0,0,0,128
4524751.0,0,0,0,32,96
4524751.0,0,0,0,0,128
4524812.0,0,0,0,32,96
4524812.0,0,0,0,0,128
4524878.0,0,0,0,32,96
4524878.0,0,0,0,0,128
4524936.0,0,0,0,32,96
4524945.0,0,0,0,32,96
4524945.0,0,0,0,0,128
4525002.0,0,0,0,32,96
4525161.0,0,0,0,32,96
4525165.0,0,0,0,32,96
4525218.0,0,0,0,64,64
4525220.0,0,0,0,64,64
4525220.0,0,0,0,63,65
4525233.0,0,0,0,64,64
4525303.0,0,0,0,64,64
4525303.0,0,0,0,32,96
4525366.0,0,0,0,32,96
4525366.0,0,0,0,28,100
4527636.0,0,0,0,28,100
4527702.0,0,0,0,28,100
4527918.0,0,0,0,28,100
4527918.0,0,0,27,1,100
4527933.0,0,0,27,1,100
4527933.0,0,0,28,0,100
4530618.0,27,0,1,0,100
4530633.0,28,0,0,0,100
4533401.0,28,0,0,64,36
4533406.0,28,0,0,96,4
4533409.0,28,0,0,100,0
4533414.0,28,0,0,100,0
4533414.0,0,28,0,100,0
4533708.0,0,28,0,100,0
4533770.0,0,28,0,100,0
4535214.0,0,0,0,128,0
4535214.0,0,0,0,0,128
4535318.0,0,0,0,128,0
4535318.0,0,0,0,92,36
4536101.0,0,0,0,92,36
4538018.0,0,0,0,92,36
4538018.0,0,0,92,0,36
4540718.0,92,0,0,0,36
4540807.0,92,0,0,0,36
4540807.0,60,32,0,0,36
4540837.0,60,32,0,0,36
4540837.0,52,40,0,0,36
4542607.0,52,8,0,32,36
4542607.0,52,8,0,0,68
4542637.0,52,0,0,8,68
4542637.0,52,0,0,0,76
4558380.0,52,0,0,0,76
4558380.0,20,32,0,0,76
4560180.0,20,0,0,32,76
4560180.0,20,0,0,0,108
4567736.0,20,0,0,0,108
4567736.0,18,2,0,0,108
4567796.0,18,2,0,0,108
4567796.0,16,4,0,0,108
4568485.0,16,4,0,0,108
4568485.0,15,5,0,0,108
4569172.0,15,5,0,0,108
4569536.0,15,3,0,2,108
4569536.0,15,3,0,0,110
4569554.0,15,3,0,0,110
4569556.0,15,3,0,2,108
4569596.0,15,1,0,4,108
4569596.0,15,1,0,2,110
4569624.0,15,1,0,4,108
4570283.0,15,1,0,36,76
4570283.0,15,1,0,3,109
4570285.0,15,0,0,4,109
4570285.0,15,0,0,3,110
4570302.0,15,0,0,4,109
4570309.0,15,0,0,5,108
4572256.0,15,0,0,5,108
4572983.0,15,0,0,5,108
4572983.0,15,0,3,2,108
4573002.0,15,0,3,2,108
4573002.0,15,0,4,1,108
4573009.0,15,0,4,1,108
4573009.0,15,0,5,0,108
4575301.0,15,0,5,32,76
4575303.0,15,0,5,40,68
4575683.0,18,0,2,40,68
4575702.0,19,0,1,40,68
4575709.0,20,0,0,40,68
4578001.0,20,0,0,40,68
4578001.0,20,0,32,8,68
4578003.0,20,0,32,8,68
4578003.0,20,0,40,0,68
4579254.0,20,0,40,0,68
4579254.0,19,1,40,0,68
4579965.0,19,1,40,0,68
4580363.0,19,1,40,32,36
4580363.0,19,1,40,0,68
4580701.0,51,1,8,0,68
4580703.0,59,1,0,0,68
4581054.0,59,0,0,1,68
4581054.0,59,0,0,0,69
4581067.0,59,0,0,1,68
4581436.0,59,0,0,1,68
4581436.0,55,4,0,1,68
4581560.0,55,4,0,1,68
4581560.0,47,12,0,1,68
4581768.0,47,12,0,1,68
4581768.0,43,16,0,1,68
4583236.0,43,12,0,5,68
4583236.0,43,12,0,1,72
4583350.0,43,12,0,5,68
4583360.0,43,4,0,13,68
4583360.0,43,4,0,5,76
4583518.0,43,4,0,13,68
4583568.0,43,0,0,17,68
4583568.0,43,0,0,13,72
4583626.0,43,0,0,17,68
4583767.0,43,0,0,17,68
4583767.0,43,0,1,16,68
4586050.0,43,0,1,16,68
4586050.0,43,0,5,12,68
4586218.0,43,0,5,12,68
4586218.0,43,0,13,4,68
4586326.0,43,0,13,4,68
4586326.0,43,0,17,0,68
4586467.0,44,0,16,0,68
4588750.0,48,0,12,0,68
4588918.0,56,0,4,0,68
4589026.0,60,0,0,0,68
4590037.0,60,0,0,0,68
4590037.0,59,1,0,0,68
4590434.0,59,1,0,32,36
4590764.0,59,1,0,32,36
4590764.0,59,1,0,0,68
4591837.0,59,0,0,1,68
4591837.0,59,0,0,0,69
4591851.0,59,0,0,1,68
4593134.0,59,0,0,1,68
4594551.0,59,0,0,1,68
4594551.0,59,0,1,0,68
4597251.0,60,0,0,0,68
4597899.0,60,0,0,4,64
4597961.0,60,0,0,36,32
4600599.0,60,0,0,36,32
4600599.0,60,0,4,32,32
4600661.0,60,0,4,32,32
4600661.0,60,0,36,0,32
4600833.0,60,0,36,32,0
4600835.0,60,0,36,32,0
4600835.0,60,0,36,31,1
4600848.0,60,0,36,32,0
4601565.0,60,0,36,32,0
4601565.0,60,0,36,0,32
4601954.0,60,0,36,0,32
4601954.0,59,1,36,0,32
4602877.0,59,1,36,0,32
4602893.0,59,1,36,0,32
4603063.0,59,1,36,0,32
4603299.0,63,1,32,0,32
4603361.0,95,1,0,0,32
4603361.0,31,65,0,0,32
4603533.0,31,65,0,0,32
4603754.0,31,64,0,1,32
4603754.0,31,64,0,0,33
4603768.0,31,64,0,1,32
4603768.0,0,95,0,1,32
4605161.0,0,31,0,65,32
4605161.0,0,31,0,1,96
4605321.0,0,31,0,65,32
4605321.0,0,31,0,64,33
4605338.0,0,31,0,65,32
4605568.0,0,0,0,96,32
4605568.0,0,0,0,64,64
4605785.0,0,0,0,96,32
4608021.0,0,0,0,96,32
4608021.0,0,0,63,33,32
4608038.0,0,0,63,33,32
4608038.0,0,0,64,32,32
4608282.0,0,0,64,64,0
4608284.0,0,0,64,64,0
4608284.0,0,0,64,63,1
4608297.0,0,0,64,64,0
4608485.0,0,0,64,64,0
4608485.0,0,0,95,33,0
4608859.0,0,0,95,33,0
4610721.0,63,0,32,33,0
4610721.0,0,63,32,33,0
4610738.0,1,63,31,33,0
4610982.0,1,63,31,33,0
4610982.0,1,63,62,2,0
4610997.0,1,63,62,2,0
4610997.0,1,63,63,1,0
4611185.0,32,63,32,1,0
4612521.0,32,0,32,64,0
4612521.0,32,0,32,0,64
4613682.0,63,0,1,0,64
4613697.0,64,0,0,0,64
4619789.0,64,0,0,0,64
4623444.0,64,0,0,64,0
4623444.0,0,64,0,64,0
4625244.0,0,0,0,128,0
4625244.0,0,0,0,0,128
4625330.0,0,0,0,128,0
